# Blender 4.4.0
# www.blender.org
mtllib locker.mtl
o Meshy_AI_Tall_steel_storage_ca_0731081450_texture
v -0.161133 -0.498047 -0.142578
v -0.161133 -0.500000 -0.142578
v -0.160156 -0.500000 -0.142578
v -0.162109 -0.500000 -0.141602
v 0.154297 -0.486328 0.126953
v 0.160156 -0.490234 0.128906
v 0.155273 -0.488281 0.125000
v 0.157227 -0.496094 -0.139648
v 0.156250 -0.498047 -0.140625
v 0.157227 -0.494141 -0.139648
v 0.154297 -0.496094 -0.139648
v 0.157227 -0.496094 -0.138672
v 0.035156 0.201172 0.143555
v 0.036865 0.200195 0.143555
v 0.035645 0.195312 0.144531
v 0.036865 0.193359 0.142578
v 0.036865 0.195312 0.142578
v 0.036377 0.192383 0.145508
v 0.036133 0.195312 0.144531
v -0.152344 -0.490234 0.125977
v -0.154297 -0.490234 0.124512
v -0.153320 -0.488281 0.125977
v -0.152344 -0.490234 0.128906
v -0.155273 -0.490234 0.124512
v 0.156250 -0.500000 0.131836
v 0.156250 -0.500000 0.132812
v 0.157227 -0.500000 0.132812
v 0.156250 -0.498047 0.132812
v 0.158203 -0.498047 0.132812
v -0.164062 -0.417969 -0.129883
v -0.153320 -0.417969 -0.129883
v -0.165039 -0.417969 -0.145508
v -0.165039 -0.484375 -0.145508
v -0.159180 -0.492188 0.131836
v -0.160156 -0.492188 0.129883
v -0.158203 -0.492188 0.131836
v 0.088379 0.291016 0.140625
v 0.095703 0.296875 0.141602
v 0.096680 0.296875 0.143555
v 0.088379 0.291016 0.143555
v 0.078613 0.289062 0.143555
v 0.079102 0.287109 0.140625
v 0.161133 -0.500000 0.124023
v 0.161133 -0.500000 0.124512
v 0.162109 -0.500000 0.125977
v 0.163086 -0.500000 0.125000
v 0.164062 -0.500000 0.127930
v 0.163086 -0.500000 0.125977
v 0.163086 -0.500000 0.128906
v -0.154297 -0.482422 -0.140625
v -0.153320 -0.488281 -0.140625
v -0.154297 -0.482422 -0.142578
v -0.158203 -0.492188 -0.137695
v -0.158203 -0.494141 -0.136719
v -0.159180 -0.496094 -0.137695
v -0.156250 -0.496094 -0.134766
v -0.157227 -0.494141 -0.137695
v -0.158203 -0.496094 -0.134766
v 0.007233 -0.114258 0.134766
v 0.154297 -0.118164 0.143555
v 0.155273 -0.115234 0.132812
v 0.155273 -0.116699 0.142578
v 0.004761 -0.115723 0.141602
v 0.004303 -0.117676 0.144531
v 0.156250 -0.490234 -0.142578
v 0.157227 -0.488281 -0.139648
v 0.157227 -0.488281 -0.140625
v 0.158203 -0.488281 -0.143555
v 0.155273 -0.490234 -0.141602
v 0.156250 -0.490234 -0.143555
v -0.166992 0.468750 0.071289
v -0.167969 0.470703 0.077148
v -0.154297 -0.419922 0.119141
v -0.165039 -0.482422 0.134766
v -0.164062 -0.417969 0.120117
v -0.164062 -0.484375 0.119141
v -0.153320 -0.484375 0.119629
v 0.079590 0.330078 0.144531
v 0.071289 0.330078 0.143555
v 0.070801 0.328125 0.143555
v 0.078613 0.308594 0.143555
v 0.088867 0.328125 0.144531
v 0.088867 0.328125 0.143555
v 0.080078 0.332031 0.143555
v 0.160156 -0.494141 -0.139648
v 0.164062 -0.494141 -0.139648
v 0.164062 -0.494141 -0.140625
v 0.160156 -0.496094 -0.139648
v 0.161133 -0.492188 -0.139648
v 0.160156 -0.494141 -0.140625
v 0.041992 0.189453 0.145508
v 0.039307 0.190430 0.146484
v 0.041260 0.187500 0.146484
v 0.042236 0.188477 0.145508
v -0.153320 -0.498047 0.130859
v -0.154297 -0.498047 0.133789
v -0.155273 -0.500000 0.131836
v -0.154297 -0.500000 0.130859
v -0.152344 -0.498047 0.127930
v -0.152344 -0.496094 0.129883
v -0.153320 -0.496094 0.133789
v 0.166016 -0.482422 -0.129883
v 0.165039 -0.419922 -0.129883
v 0.154297 -0.419922 -0.129883
v 0.154297 -0.484375 -0.129883
v 0.166016 -0.482422 -0.145508
v 0.157227 -0.492188 0.125000
v 0.156250 -0.492188 0.125977
v 0.155273 -0.492188 0.124512
v 0.157227 -0.494141 0.127930
v 0.157227 -0.492188 0.124023
v 0.159180 -0.492188 0.125000
v 0.158203 -0.492188 0.126953
v -0.160156 0.337891 -0.149414
v 0.158203 0.339844 -0.150391
v -0.160156 0.337891 0.136719
v -0.161133 0.349609 0.136719
v -0.161133 0.349609 -0.149414
v 0.160156 0.351562 -0.150391
v -0.163086 -0.496094 0.125000
v -0.159180 -0.496094 0.123047
v -0.159180 -0.494141 0.121582
v -0.159180 -0.498047 0.121582
v -0.162109 -0.498047 0.123047
v -0.157227 -0.496094 0.122070
v -0.162109 -0.494141 0.122559
v 0.162109 -0.486328 0.127930
v 0.163086 -0.490234 0.126953
v 0.161133 -0.486328 0.126953
v 0.163086 -0.488281 0.128906
v 0.161133 -0.486328 0.128906
v -0.155273 -0.492188 -0.137695
v -0.158203 -0.494141 -0.138672
v -0.156250 -0.492188 -0.140625
v -0.159180 -0.492188 -0.139648
v -0.158203 -0.492188 -0.138672
v -0.155273 -0.492188 -0.139648
v -0.159180 -0.490234 -0.139648
v -0.159180 -0.492188 -0.141602
v -0.157227 -0.490234 -0.141602
v 0.111816 0.202148 0.145508
v 0.111816 0.201172 0.148438
v 0.112793 0.255859 0.147461
v 0.112793 0.202148 0.144531
v 0.111328 0.197266 0.143555
v 0.111328 0.196289 0.145508
v 0.112793 0.255859 0.145508
v 0.155273 -0.500000 -0.136719
v 0.155273 -0.500000 -0.135742
v 0.154297 -0.500000 -0.137695
v 0.159180 -0.500000 -0.139648
v -0.162109 -0.480469 0.133789
v -0.164062 -0.482422 0.131836
v -0.164062 -0.488281 0.131836
v -0.161133 -0.484375 0.134766
v -0.162109 -0.486328 0.133789
v -0.161133 -0.490234 0.126953
v -0.160156 -0.488281 0.127930
v -0.161133 -0.488281 0.124512
v -0.162109 -0.490234 0.128906
v -0.161133 -0.492188 0.126953
v -0.162109 -0.492188 0.128906
v -0.160156 -0.492188 0.124512
v -0.163086 -0.490234 0.127930
v -0.163086 -0.492188 0.125977
v 0.160156 -0.500000 0.132812
v 0.162109 -0.500000 0.131836
v 0.161133 -0.498047 0.133789
v 0.161133 -0.498047 0.131836
v 0.158203 -0.496094 0.133789
v -0.156250 -0.480469 0.122559
v -0.158203 -0.480469 0.122559
v -0.159180 -0.482422 0.128906
v -0.157227 -0.488281 0.122559
v -0.154297 -0.480469 0.124023
v -0.154297 -0.486328 0.124023
v -0.154297 -0.496094 -0.143555
v -0.153320 -0.498047 -0.141602
v -0.156250 -0.498047 -0.143555
v -0.156250 -0.498047 -0.144531
v -0.157227 -0.496094 -0.144531
v -0.155273 -0.496094 -0.143555
v -0.153320 -0.496094 -0.140625
v 0.157227 -0.250000 0.134766
v 0.158203 -0.250000 0.136719
v 0.006561 -0.249023 0.136719
v 0.006714 -0.250000 0.134766
v 0.158203 -0.494141 -0.136719
v 0.159180 -0.494141 -0.133789
v 0.159180 -0.494141 -0.137695
v 0.162109 -0.496094 -0.135742
v 0.158203 -0.494141 -0.138672
v 0.158203 -0.496094 -0.137695
v 0.159180 -0.492188 -0.137695
v 0.160156 -0.494141 -0.137695
v 0.036621 0.259766 0.144531
v 0.036377 0.259766 0.145508
v 0.036865 0.259766 0.147461
v 0.036865 0.259766 0.146484
v 0.037354 0.261719 0.145508
v 0.037109 0.259766 0.143555
v -0.164062 -0.498047 -0.135742
v -0.163086 -0.500000 -0.139648
v -0.163086 -0.500000 -0.136719
v -0.162109 -0.500000 -0.137695
v -0.161133 -0.498047 -0.134766
v -0.162109 -0.498047 -0.133789
v -0.162109 -0.500000 -0.134766
v 0.157227 -0.396484 0.134766
v 0.157227 -0.253906 0.125977
v 0.157227 -0.255859 0.134766
v -0.157227 -0.396484 0.134766
v 0.163086 -0.492188 -0.143555
v 0.163086 -0.492188 -0.141602
v 0.161133 -0.492188 -0.142578
v 0.165039 -0.490234 -0.141602
v 0.165039 -0.492188 -0.141602
v 0.161133 -0.492188 -0.144531
v 0.042480 0.261719 0.144531
v 0.043701 0.261719 0.145508
v 0.040771 0.261719 0.143555
v 0.039062 0.261719 0.143555
v 0.043457 0.263672 0.144531
v 0.110352 0.263672 0.145508
v -0.156250 -0.488281 0.129883
v -0.155273 -0.490234 0.132812
v -0.156250 -0.488281 0.128906
v -0.157227 -0.490234 0.132812
v -0.157227 -0.486328 0.131836
v 0.164062 0.470703 0.077148
v 0.165039 0.470703 0.071289
v 0.165039 0.472656 0.065918
v 0.155273 -0.494141 0.126953
v 0.156250 -0.496094 0.125000
v 0.154297 -0.494141 0.125977
v -0.163086 -0.496094 0.127930
v -0.164062 -0.494141 0.128906
v -0.160156 -0.494141 0.128906
v -0.162109 -0.494141 0.126953
v 0.163086 -0.486328 0.124023
v 0.161133 -0.488281 0.122559
v 0.159180 -0.486328 0.122559
v 0.159180 -0.480469 0.122070
v 0.160156 -0.482422 0.122070
v -0.154297 -0.490234 -0.136719
v -0.155273 -0.490234 -0.132812
v -0.155273 -0.492188 -0.134766
v -0.155273 -0.490234 -0.135742
v -0.153320 -0.490234 -0.138672
v 0.114258 0.259766 0.148438
v 0.113281 0.259766 0.148438
v 0.113281 0.257812 0.149414
v 0.114746 0.259766 0.147461
v 0.115234 0.261719 0.147461
v 0.113281 0.255859 0.148438
v 0.114258 0.255859 0.148438
v 0.159180 -0.500000 -0.143555
v 0.161133 -0.500000 -0.143555
v 0.158203 -0.500000 -0.144531
v 0.156250 -0.498047 -0.143555
v 0.158203 -0.500000 -0.145508
v 0.161133 -0.500000 -0.145508
v 0.157227 -0.398438 0.134766
v -0.156250 -0.398438 0.133789
v 0.158203 -0.396484 -0.147461
v -0.161133 -0.488281 -0.138672
v -0.161133 -0.488281 -0.139648
v -0.164062 -0.490234 -0.138672
v -0.161133 -0.488281 -0.137695
v 0.079102 0.308594 0.142578
v 0.059815 0.318359 0.142578
v 0.057617 0.310547 0.142578
v 0.074219 0.291016 0.142578
v 0.082031 0.291016 0.142578
v 0.058350 0.304688 0.142578
v 0.101562 0.312500 0.142578
v 0.099121 0.320312 0.142578
v 0.089844 0.292969 0.142578
v 0.087402 0.328125 0.142578
v 0.079590 0.330078 0.141602
v 0.071289 0.328125 0.142578
v 0.063965 0.324219 0.142578
v 0.099609 0.302734 0.142578
v 0.101074 0.306641 0.142578
v 0.062500 0.296875 0.143555
v 0.093262 0.324219 0.142578
v 0.066406 0.294922 0.143555
v 0.162109 -0.498047 -0.133789
v 0.162109 -0.500000 -0.135742
v 0.164062 -0.500000 -0.135742
v 0.159180 -0.496094 -0.133789
v 0.160156 -0.500000 -0.133789
v 0.163086 -0.498047 -0.133789
v 0.164062 -0.496094 -0.135742
v 0.160156 -0.498047 -0.131836
v 0.003967 -0.121094 0.145508
v 0.003876 -0.126953 0.146484
v 0.154297 -0.121582 0.145508
v -0.158203 -0.498047 0.124023
v -0.159180 -0.496094 0.122070
v -0.157227 -0.498047 0.122559
v -0.158203 -0.500000 0.123535
v -0.159180 -0.498047 0.124512
v -0.156250 -0.500000 0.124023
v 0.162109 -0.482422 -0.144531
v 0.163086 -0.488281 -0.144531
v 0.161133 -0.482422 -0.144531
v 0.164062 -0.480469 -0.143555
v 0.164062 -0.490234 -0.142578
v 0.159180 -0.482422 -0.138672
v 0.154297 -0.490234 0.127930
v 0.154297 -0.492188 0.129883
v 0.156250 -0.492188 0.132812
v 0.154297 -0.490234 0.130859
v 0.154297 -0.492188 0.128906
v 0.156250 -0.492188 0.128906
v 0.155273 -0.490234 0.128906
v -0.153320 0.279297 -0.001678
v -0.008118 0.279297 -0.000618
v -0.008057 0.279297 0.002289
v -0.160156 -0.488281 0.130859
v -0.161133 -0.488281 0.129883
v -0.162109 -0.488281 0.130859
v -0.163086 -0.492188 0.127930
v -0.164062 -0.492188 0.129883
v -0.161133 -0.488281 0.131836
v 0.160156 -0.494141 0.123047
v 0.160156 -0.496094 0.124512
v 0.161133 -0.494141 0.125000
v 0.162109 -0.494141 0.124512
v 0.157227 -0.496094 0.122070
v 0.157227 -0.496094 0.123047
v -0.156250 -0.500000 -0.133789
v -0.154297 -0.500000 -0.136719
v -0.156250 -0.498047 -0.133789
v -0.160156 -0.500000 -0.139648
v -0.154297 -0.500000 -0.135742
v -0.158203 -0.500000 -0.132812
v 0.161133 -0.482422 0.133789
v 0.160156 -0.488281 0.134766
v 0.162109 -0.486328 0.133789
v 0.159180 -0.480469 0.127930
v 0.160156 -0.480469 0.133789
v 0.164062 -0.482422 0.132812
v 0.158203 -0.492188 -0.139648
v 0.157227 -0.494141 -0.140625
v 0.157227 -0.492188 -0.138672
v 0.156250 -0.492188 -0.139648
v 0.158203 -0.492188 -0.140625
v 0.036377 0.255859 0.143555
v 0.034912 0.201172 0.145508
v -0.158203 -0.496094 -0.139648
v -0.159180 -0.496094 -0.141602
v -0.160156 -0.496094 -0.139648
v -0.159180 -0.492188 -0.138672
v 0.108887 0.188477 0.146484
v 0.108887 0.187500 0.148438
v 0.111328 0.190430 0.147461
v 0.107422 0.189453 0.145508
v 0.111328 0.192383 0.146484
v 0.109375 0.187500 0.144531
v 0.107422 0.188477 0.143555
v 0.164062 -0.490234 -0.137695
v 0.161133 -0.488281 -0.138672
v 0.162109 -0.490234 -0.134766
v 0.164062 -0.490234 -0.138672
v 0.162109 -0.486328 -0.139648
v 0.064941 0.322266 0.137695
v 0.060303 0.316406 0.137695
v -0.157227 -0.490234 0.122070
v -0.157227 -0.492188 0.123535
v -0.156250 -0.488281 0.123535
v -0.158203 -0.486328 0.123535
v -0.158203 -0.490234 0.123047
v 0.154297 -0.500000 0.127930
v 0.155273 -0.500000 0.125977
v 0.155273 -0.500000 0.128906
v 0.154297 -0.498047 0.125977
v -0.164062 -0.482422 -0.135742
v -0.165039 -0.482422 -0.137695
v -0.164062 -0.488281 -0.137695
v -0.164062 -0.488281 -0.134766
v -0.163086 -0.480469 -0.133789
v -0.163086 -0.500000 0.125977
v -0.162109 -0.498047 0.123535
v -0.161133 -0.500000 0.125000
v -0.162109 -0.500000 0.125977
v -0.163086 -0.498047 0.128906
v -0.163086 -0.496094 0.124512
v 0.155273 -0.417969 -0.145508
v 0.165039 -0.417969 -0.145508
v 0.162109 -0.492188 0.128906
v 0.162109 -0.490234 0.130859
v 0.163086 -0.492188 0.131836
v 0.161133 -0.494141 0.132812
v 0.164062 -0.490234 0.129883
v 0.153320 -0.488281 -0.140625
v 0.154297 -0.488281 -0.138672
v 0.153320 -0.482422 -0.138672
v 0.154297 -0.480469 -0.140625
v 0.155273 -0.488281 -0.143555
v 0.160156 0.482422 0.136719
v 0.162109 0.494141 0.136719
v 0.158203 -0.494141 -0.133789
v 0.037109 0.189453 0.145508
v 0.040771 0.186523 0.146484
v 0.037842 0.189453 0.147461
v 0.037842 0.187500 0.144531
v -0.161133 -0.492188 -0.135742
v -0.161133 -0.492188 -0.136719
v -0.162109 -0.492188 -0.138672
v -0.160156 -0.492188 -0.137695
v -0.160156 -0.494141 -0.138672
v -0.160156 -0.496094 -0.136719
v -0.161133 -0.492188 -0.139648
v -0.160156 -0.492188 -0.136719
v 0.108887 0.261719 0.149414
v 0.109863 0.261719 0.146484
v 0.110840 0.261719 0.146484
v 0.109863 0.259766 0.147461
v 0.110352 0.261719 0.148438
v 0.111328 0.259766 0.147461
v 0.165039 -0.500000 -0.142578
v 0.165039 -0.498047 -0.142578
v 0.166992 -0.498047 -0.139648
v -0.000336 -0.246094 0.134766
v -0.156250 -0.498047 0.134766
v -0.157227 -0.494141 0.133789
v -0.159180 -0.496094 0.133789
v -0.159180 -0.496094 0.134766
v -0.157227 -0.498047 0.134766
v -0.154297 -0.496094 0.132812
v 0.000275 -0.110840 0.134766
v 0.155273 -0.115234 0.134766
v 0.156250 -0.117188 -0.149414
v 0.154297 -0.488281 0.128906
v 0.154297 -0.488281 0.126953
v 0.154297 -0.490234 0.125977
v -0.154297 0.296875 -0.011963
v -0.154297 0.300781 -0.009277
v -0.153320 0.296875 -0.011902
v -0.154297 0.294922 -0.013611
v -0.154297 0.292969 -0.013977
v -0.163086 -0.496094 -0.136719
v -0.162109 -0.496094 -0.133789
v -0.162109 -0.494141 -0.133789
v -0.161133 -0.494141 -0.133789
v -0.163086 -0.496094 -0.135742
v 0.022705 -0.159180 0.134766
v 0.023193 -0.161133 0.134766
v 0.022095 -0.156250 0.133789
v 0.159180 -0.488281 -0.140625
v 0.160156 -0.488281 -0.140625
v 0.160156 -0.490234 -0.144531
v 0.037842 0.259766 0.144531
v 0.038818 0.259766 0.145508
v 0.038330 0.259766 0.145508
v 0.037354 0.259766 0.144531
v 0.038086 0.257812 0.144531
v 0.038818 0.259766 0.144531
v -0.155273 -0.492188 0.128906
v -0.153320 -0.490234 0.127930
v -0.153320 -0.492188 0.130859
v -0.154297 -0.490234 0.125977
v -0.155273 -0.490234 0.129883
v -0.157227 -0.492188 0.128906
v 0.114258 0.197266 0.144531
v 0.113770 0.196289 0.146484
v 0.113281 0.192383 0.146484
v 0.113770 0.201172 0.144531
v 0.113281 0.193359 0.144531
v 0.157227 -0.498047 0.122559
v 0.159180 -0.498047 0.121582
v 0.160156 -0.498047 0.122559
v 0.158203 -0.500000 0.123535
v 0.156250 -0.498047 0.124512
v 0.155273 -0.498047 0.124023
v 0.157227 -0.498047 0.121582
v -0.162109 -0.488281 -0.143555
v -0.160156 -0.488281 -0.143555
v -0.159180 -0.488281 -0.138672
v -0.161133 -0.482422 -0.143555
v -0.163086 -0.488281 -0.142578
v -0.163086 -0.482422 -0.142578
v -0.160156 -0.490234 0.123535
v -0.159180 -0.492188 0.124023
v -0.162109 -0.490234 0.124023
v 0.155273 0.498047 -0.148438
v 0.156250 0.500000 -0.140625
v -0.155273 -0.408203 -0.147461
v -0.158203 0.500000 -0.149414
v 0.157227 -0.408203 -0.148438
v 0.157227 -0.408203 -0.136719
v 0.164062 -0.494141 0.129883
v 0.162109 -0.496094 0.131836
v 0.164062 -0.496094 0.129883
v 0.042725 0.186523 0.143555
v 0.040283 0.186523 0.143555
v 0.041016 0.189453 0.143555
v 0.043945 0.188477 0.143555
v 0.107422 0.186523 0.143555
v 0.043945 0.185547 0.145508
v -0.154297 -0.500000 -0.138672
v -0.152344 -0.498047 -0.137695
v -0.153320 -0.500000 -0.138672
v -0.154297 -0.498047 -0.141602
v -0.157227 -0.384766 0.134766
v 0.157227 -0.380859 0.134766
v -0.157227 -0.382812 -0.148438
v 0.159180 -0.492188 -0.135742
v 0.158203 -0.490234 -0.135742
v 0.159180 -0.492188 -0.133789
v -0.159180 -0.488281 -0.143555
v -0.160156 -0.492188 -0.142578
v -0.162109 -0.490234 -0.142578
v -0.161133 -0.492188 -0.141602
v -0.163086 -0.490234 -0.140625
v -0.160156 -0.488281 -0.141602
v 0.074219 0.291016 0.138672
v 0.163086 -0.498047 -0.136719
v 0.162109 -0.500000 -0.133789
v 0.159180 -0.500000 -0.133789
v 0.004517 -0.132812 0.143555
v 0.154297 -0.130859 0.147461
v 0.004150 -0.129883 0.146484
v 0.153320 -0.132812 0.145508
v -0.152344 -0.496094 0.128906
v -0.151367 -0.498047 0.128906
v -0.152344 -0.496094 0.125000
v -0.152344 -0.494141 0.125977
v -0.154297 -0.494141 0.125000
v -0.153320 -0.494141 0.128906
v -0.152344 -0.496094 0.130859
v 0.157227 -0.482422 0.133789
v 0.157227 -0.488281 0.133789
v -0.166992 0.474609 0.063965
v 0.165039 0.474609 0.063965
v -0.167969 0.478516 0.063965
v -0.167969 0.482422 0.072754
v -0.160156 -0.498047 0.134766
v -0.161133 -0.498047 0.133789
v -0.163086 -0.498047 0.132812
v -0.161133 -0.500000 0.132812
v -0.160156 -0.498047 0.132812
v 0.156250 -0.480469 0.122070
v 0.156250 -0.486328 0.123047
v 0.155273 -0.480469 0.124023
v 0.160156 -0.492188 0.126953
v 0.161133 -0.492188 0.125977
v 0.163086 -0.490234 0.124512
v 0.162109 -0.492188 0.125977
v 0.163086 -0.494141 0.127930
v 0.163086 -0.490234 0.125977
v 0.160156 -0.492188 0.127930
v -0.158203 -0.488281 -0.135742
v -0.160156 -0.488281 -0.135742
v -0.160156 -0.488281 -0.133789
v -0.158203 -0.488281 -0.132812
v -0.157227 -0.488281 -0.133789
v 0.099121 0.302734 0.143555
v 0.101074 0.302734 0.143555
v 0.101074 0.310547 0.144531
v 0.153320 -0.498047 -0.139648
v 0.152344 -0.496094 -0.139648
v 0.154297 -0.498047 -0.142578
v 0.154297 -0.498047 -0.141602
v 0.153320 -0.496094 -0.139648
v 0.153320 -0.496094 -0.142578
v -0.164062 -0.492188 -0.138672
v -0.163086 -0.492188 -0.135742
v -0.163086 -0.492188 -0.139648
v 0.042969 0.263672 0.146484
v 0.043701 0.261719 0.148438
v 0.041504 0.263672 0.147461
v 0.039795 0.261719 0.146484
v 0.162109 -0.500000 -0.142578
v 0.163086 -0.500000 -0.142578
v 0.163086 -0.500000 -0.144531
v -0.155273 -0.494141 0.131836
v -0.157227 -0.496094 0.132812
v 0.002991 0.085449 0.136719
v 0.004028 0.085938 0.123535
v 0.160156 0.345703 0.124023
v 0.158203 -0.486328 0.125977
v 0.157227 -0.486328 0.126953
v 0.157227 -0.488281 0.123535
v 0.158203 -0.488281 0.125977
v -0.168945 0.500000 -0.149414
v -0.167969 0.498047 0.137695
v -0.157227 0.498047 -0.148438
v -0.168945 -0.406250 -0.149414
v -0.167969 -0.406250 0.135742
v -0.162109 -0.500000 0.128906
v -0.162109 -0.500000 0.130859
v -0.163086 -0.500000 0.130859
v -0.163086 -0.500000 0.128906
v -0.161133 -0.500000 0.125977
v -0.158203 -0.500000 0.128906
v 0.159180 -0.488281 -0.135742
v 0.157227 -0.488281 -0.134766
v 0.159180 -0.488281 -0.133789
v 0.160156 -0.486328 -0.136719
v 0.157227 -0.486328 -0.135742
v 0.160156 -0.496094 0.133789
v 0.163086 -0.496094 0.132812
v 0.160156 -0.496094 0.129883
v 0.160156 -0.496094 0.132812
v 0.038330 0.196289 0.144531
v 0.038086 0.194336 0.143555
v 0.038574 0.202148 0.144531
v -0.158203 -0.490234 -0.142578
v -0.158203 -0.490234 -0.143555
v -0.156250 -0.492188 -0.143555
v 0.099609 0.304688 0.140625
v 0.103027 0.312500 0.143555
v 0.101074 0.310547 0.140625
v 0.153320 -0.496094 -0.136719
v 0.156250 -0.496094 -0.136719
v 0.154297 -0.498047 -0.135742
v 0.154297 -0.496094 -0.133789
v -0.157227 -0.275391 0.143555
v -0.157227 -0.255859 0.142578
v -0.156250 -0.259766 0.132812
v -0.156250 -0.269531 0.145508
v 0.157227 -0.275391 0.144531
v -0.163086 -0.496094 -0.139648
v -0.163086 -0.494141 -0.139648
v -0.161133 -0.496094 -0.141602
v -0.162109 -0.496094 -0.142578
v 0.161133 -0.490234 -0.133789
v 0.163086 -0.492188 -0.134766
v 0.160156 -0.488281 -0.133789
v 0.161133 -0.494141 -0.133789
v 0.163086 -0.490234 -0.134766
v 0.055664 0.310547 0.144531
v 0.062988 0.326172 0.143555
v 0.058350 0.318359 0.143555
v 0.056641 0.316406 0.144531
v 0.054688 0.312500 0.143555
v 0.056641 0.302734 0.143555
v 0.062012 0.296875 0.144531
v -0.153320 -0.490234 0.125977
v -0.156250 -0.492188 0.126953
v 0.155273 -0.500000 0.129883
v -0.159180 -0.490234 -0.130859
v -0.157227 -0.488281 -0.130859
v -0.157227 -0.480469 -0.131836
v -0.160156 -0.490234 -0.131836
v -0.159180 -0.486328 0.130859
v 0.164062 0.480469 0.064453
v -0.166992 0.482422 0.064941
v 0.164062 0.476562 0.064453
v 0.163086 -0.496094 0.123535
v 0.164062 -0.496094 0.125000
v -0.158203 -0.500000 -0.134766
v -0.154297 -0.498047 -0.132812
v -0.156250 -0.496094 -0.132812
v -0.159180 -0.500000 -0.133789
v -0.159180 -0.500000 -0.132812
v 0.156250 -0.255859 0.142578
v 0.156250 -0.253906 0.132812
v 0.156250 -0.253906 0.139648
v 0.156250 -0.257812 0.143555
v -0.157227 -0.253906 0.140625
v 0.155273 -0.492188 -0.141602
v 0.156250 -0.492188 -0.142578
v -0.154297 0.292969 0.008301
v -0.154297 0.296875 0.007111
v -0.155273 0.296875 0.006348
v -0.153320 0.294922 0.008667
v -0.154297 0.289062 0.009399
v -0.161133 -0.496094 0.132812
v 0.156250 -0.417969 0.119629
v 0.154297 -0.484375 0.119629
v 0.154297 -0.484375 0.134766
v 0.165039 -0.417969 0.119629
v 0.160156 -0.494141 0.127930
v 0.160156 -0.492188 0.128906
v 0.160156 -0.494141 0.129883
v 0.160156 -0.496094 0.128906
v 0.159180 -0.492188 0.129883
v 0.159180 -0.494141 0.128906
v -0.153320 0.289062 -0.014710
v -0.153320 0.283203 -0.013733
v -0.154297 0.287109 -0.014282
v -0.153320 0.289062 -0.003082
v -0.157227 -0.486328 -0.135742
v -0.153320 -0.488281 -0.137695
v -0.154297 -0.488281 -0.135742
v -0.156250 -0.488281 -0.136719
v -0.156250 -0.488281 -0.133789
v -0.153320 -0.482422 -0.134766
v 0.003418 0.339844 0.135742
v 0.003479 0.088379 0.138672
v 0.155273 0.337891 0.136719
v 0.152344 0.087402 0.134766
v 0.153320 0.087402 0.137695
v 0.159180 -0.496094 -0.142578
v 0.158203 -0.496094 -0.144531
v 0.156250 -0.496094 -0.143555
v 0.156250 -0.498047 -0.141602
v 0.160156 -0.496094 -0.141602
v 0.161133 -0.496094 -0.143555
v 0.159180 -0.496094 -0.141602
v -0.157227 -0.251953 0.134766
v -0.158203 -0.251953 0.131836
v -0.156250 -0.251953 0.137695
v 0.156250 -0.253906 0.134766
v -0.160156 -0.494141 -0.144531
v 0.112305 0.194336 0.143555
v 0.111816 0.192383 0.143555
v 0.110840 0.195312 0.145508
v 0.110840 0.194336 0.147461
v 0.111328 0.197266 0.147461
v 0.164062 -0.500000 -0.138672
v 0.163086 -0.500000 -0.136719
v 0.163086 -0.500000 -0.141602
v 0.165039 -0.498047 -0.138672
v 0.153320 -0.480469 0.131836
v 0.153320 -0.480469 0.128906
v 0.153320 -0.488281 0.127930
v 0.154297 -0.488281 0.130859
v 0.155273 -0.488281 0.132812
v -0.157227 -0.494141 0.127930
v -0.157227 -0.494141 0.126953
v -0.158203 -0.492188 0.127930
v 0.158203 -0.494141 0.130859
v 0.158203 -0.492188 0.132812
v -0.153320 0.287109 0.003281
v -0.153320 0.292969 -0.003021
v -0.163086 -0.490234 0.125977
v 0.162109 -0.494141 0.125977
v -0.156250 -0.408203 -0.137695
v -0.157227 0.498047 -0.139648
v 0.164062 -0.480469 0.130859
v 0.165039 -0.488281 0.130859
v 0.165039 -0.482422 0.127930
v 0.165039 -0.488281 0.128906
v 0.164062 -0.480469 0.125000
v 0.161133 -0.492188 -0.135742
v 0.160156 -0.492188 -0.137695
v 0.036621 0.201172 0.146484
v 0.037109 0.196289 0.146484
v 0.038574 0.197266 0.147461
v 0.036133 0.257812 0.145508
v 0.038330 0.255859 0.147461
v 0.036865 0.255859 0.146484
v 0.038330 0.202148 0.146484
v -0.159180 -0.496094 -0.131836
v -0.159180 -0.496094 -0.132812
v -0.157227 -0.494141 -0.131836
v 0.107422 0.186523 0.147461
v 0.109375 0.187500 0.147461
v 0.161133 -0.486328 -0.136719
v 0.058350 0.320312 0.142578
v 0.056152 0.316406 0.142578
v 0.063477 0.326172 0.141602
v 0.063477 0.326172 0.140625
v -0.158203 -0.494141 0.128906
v -0.158203 -0.494141 0.129883
v -0.158203 -0.492188 0.129883
v -0.157227 -0.494141 0.129883
v -0.156250 -0.492188 0.131836
v 0.153320 -0.498047 0.125000
v 0.155273 -0.498047 0.122070
v 0.152344 -0.496094 0.127930
v 0.153320 -0.496094 0.128906
v 0.153320 -0.496094 0.125977
v -0.161133 -0.496094 0.125977
v 0.161133 -0.486328 0.129883
v 0.163086 -0.490234 0.129883
v 0.162109 -0.488281 0.132812
v 0.160156 -0.488281 0.130859
v -0.153320 0.300781 -0.001862
v -0.153320 0.300781 -0.006104
v -0.155273 0.302734 -0.001785
v -0.154297 0.300781 0.001511
v -0.153320 0.300781 0.000957
v -0.154297 -0.490234 -0.140625
v -0.153320 -0.490234 -0.139648
v 0.112793 0.257812 0.146484
v 0.113281 0.259766 0.145508
v 0.112793 0.259766 0.149414
v 0.112793 0.259766 0.147461
v 0.113770 0.257812 0.145508
v 0.158203 -0.498047 -0.132812
v 0.155273 -0.494141 -0.133789
v 0.157227 -0.498047 -0.133789
v 0.161133 -0.498047 -0.132812
v 0.159180 -0.496094 -0.132812
v 0.157227 -0.494141 -0.132812
v -0.159180 0.500000 0.136719
v -0.157227 -0.408203 0.135742
v -0.156250 -0.406250 -0.149414
v -0.157227 -0.490234 -0.133789
v -0.157227 -0.490234 -0.131836
v -0.159180 -0.490234 -0.132812
v -0.161133 -0.490234 -0.134766
v -0.159180 -0.492188 -0.132812
v -0.158203 -0.492188 -0.133789
v 0.094238 0.296875 0.144531
v 0.085938 0.291016 0.144531
v 0.163086 -0.498047 -0.145508
v 0.165039 -0.498047 -0.141602
v 0.164062 -0.496094 -0.143555
v 0.019165 -0.155273 0.133789
v 0.022217 -0.156250 0.134766
v 0.016602 -0.159180 0.133789
v 0.017822 -0.157227 0.134766
v -0.153320 -0.500000 0.127930
v -0.154297 -0.500000 0.125000
v -0.154297 -0.500000 0.129883
v 0.154297 -0.492188 0.126953
v 0.157227 -0.492188 0.127930
v 0.155273 -0.492188 0.126953
v -0.161133 -0.492188 0.130859
v -0.163086 -0.490234 0.129883
v -0.162109 -0.492188 0.129883
v 0.066895 0.292969 0.138672
v 0.082031 0.291016 0.137695
v 0.158203 -0.500000 0.128906
v 0.159180 -0.500000 0.123535
v -0.155273 -0.488281 -0.143555
v -0.152344 -0.496094 -0.137695
v -0.153320 -0.496094 -0.134766
v -0.153320 -0.498047 -0.135742
v -0.153320 -0.496094 -0.141602
v 0.153320 -0.132812 0.136719
v 0.007446 -0.128906 0.132812
v 0.154297 -0.129883 0.131836
v 0.006012 -0.131836 0.136719
v 0.155273 -0.121582 0.131836
v 0.154297 -0.133789 0.141602
v 0.005371 -0.133789 0.142578
v 0.159180 -0.492188 -0.144531
v 0.157227 -0.490234 -0.143555
v 0.161133 -0.490234 -0.144531
v 0.162109 -0.488281 -0.142578
v 0.163086 -0.490234 -0.143555
v -0.154297 0.298828 0.004578
v -0.158203 -0.496094 -0.143555
v -0.159180 -0.496094 -0.144531
v -0.160156 -0.496094 -0.145508
v 0.157227 -0.259766 0.132812
v 0.165039 -0.490234 -0.137695
v 0.165039 -0.492188 -0.136719
v 0.165039 -0.492188 -0.139648
v 0.162109 -0.492188 -0.138672
v 0.162109 -0.492188 -0.136719
v 0.043213 0.261719 0.147461
v 0.041748 0.261719 0.147461
v -0.156250 -0.488281 0.127930
v -0.156250 -0.488281 0.126953
v -0.152344 -0.488281 0.128906
v -0.156250 -0.486328 0.128906
v 0.154297 -0.496094 0.129883
v 0.155273 -0.494141 0.130859
v 0.155273 -0.496094 0.128906
v 0.155273 -0.498047 0.133789
v 0.156250 -0.496094 0.131836
v -0.160156 -0.488281 -0.140625
v 0.081055 0.332031 0.140625
v 0.070801 0.330078 0.140625
v 0.040771 0.184570 0.145508
v 0.043701 0.186523 0.146484
v -0.156250 -0.496094 0.121582
v 0.158203 -0.496094 0.129883
v 0.157227 -0.496094 0.129883
v 0.158203 -0.492188 0.128906
v 0.158203 -0.492188 0.129883
v 0.159180 -0.492188 0.131836
v -0.154297 0.291016 -0.006561
v -0.159180 -0.494141 0.133789
v -0.161133 -0.496094 0.131836
v 0.157227 -0.115723 0.123047
v 0.157227 -0.116699 0.134766
v 0.157227 -0.251953 0.122559
v 0.164062 -0.490234 0.125977
v 0.162109 -0.490234 0.124512
v -0.157227 -0.492188 -0.134766
v 0.113281 0.202148 0.148438
v 0.155273 -0.500000 -0.141602
v 0.156250 -0.500000 -0.142578
v 0.156250 -0.498047 -0.142578
v 0.155273 -0.500000 -0.140625
v -0.164062 -0.500000 -0.138672
v 0.157227 -0.402344 0.136719
v -0.157227 -0.394531 0.123047
v 0.157227 -0.392578 0.135742
v 0.160156 -0.492188 -0.141602
v 0.158203 -0.494141 -0.142578
v 0.159180 -0.494141 -0.140625
v 0.038330 0.255859 0.143555
v 0.038086 0.257812 0.146484
v 0.038818 0.255859 0.146484
v -0.153320 -0.488281 0.130859
v -0.153320 -0.490234 0.130859
v 0.158203 0.339844 0.135742
v 0.158203 0.349609 0.134766
v 0.157227 -0.496094 0.126953
v 0.158203 -0.496094 0.126953
v -0.008057 0.291016 -0.003998
v 0.163086 -0.498047 0.131836
v 0.163086 -0.498047 0.133789
v 0.161133 -0.496094 0.134766
v 0.006409 -0.121582 0.133789
v -0.156250 -0.496094 -0.141602
v -0.158203 -0.494141 -0.141602
v 0.112793 0.190430 0.144531
v 0.156250 -0.488281 -0.133789
v 0.154297 -0.488281 -0.135742
v 0.154297 -0.480469 -0.136719
v 0.155273 -0.480469 -0.133789
v -0.165039 -0.488281 0.125977
v -0.164062 -0.482422 0.129883
v -0.164062 -0.482422 0.125977
v -0.162109 -0.488281 0.124512
v -0.165039 -0.488281 0.128906
v 0.158203 -0.498047 0.134766
v 0.157227 -0.496094 0.133789
v 0.158203 -0.494141 0.132812
v -0.152344 0.279297 0.001587
v -0.152344 0.277344 -0.002121
v -0.153320 0.279297 0.004608
v -0.153320 0.275391 -0.002518
v -0.153320 0.277344 0.000805
v -0.159180 -0.498047 -0.144531
v -0.156250 -0.500000 -0.142578
v 0.156250 -0.243164 0.133789
v 0.157227 -0.242188 -0.149414
v -0.157227 -0.242188 -0.148438
v 0.158203 -0.496094 -0.139648
v -0.160156 -0.494141 -0.136719
v -0.159180 -0.492188 -0.136719
v -0.161133 -0.494141 -0.134766
v -0.160156 -0.494141 -0.133789
v 0.163086 -0.490234 -0.140625
v 0.160156 -0.486328 -0.140625
v 0.161133 -0.488281 -0.139648
v 0.059082 0.310547 0.137695
v 0.059326 0.304688 0.137695
v -0.159180 -0.488281 0.132812
v -0.158203 -0.490234 0.133789
v -0.157227 -0.490234 0.133789
v 0.112305 0.259766 0.144531
v 0.113770 0.261719 0.144531
v 0.115234 0.261719 0.145508
v 0.111328 0.261719 0.145508
v 0.157227 -0.500000 0.124023
v -0.165039 -0.482422 -0.140625
v -0.165039 -0.488281 -0.139648
v -0.161133 -0.500000 0.131836
v 0.155273 -0.484375 -0.145508
v 0.157227 -0.494141 0.124512
v 0.159180 -0.494141 0.126953
v 0.112305 0.261719 0.148438
v 0.114258 0.263672 0.147461
v 0.159180 -0.492188 -0.140625
v -0.160156 -0.492188 -0.140625
v -0.162109 -0.492188 -0.139648
v 0.020142 -0.161133 0.135742
v 0.018066 -0.159180 0.135742
v -0.157227 -0.494141 0.122559
v -0.154297 -0.496094 0.123047
v 0.156250 -0.488281 0.128906
v 0.155273 -0.490234 0.130859
v 0.157227 -0.488281 0.129883
v -0.153320 0.298828 -0.009399
v -0.155273 0.300781 -0.005798
v -0.164062 -0.496094 -0.140625
v -0.164062 -0.494141 -0.137695
v 0.161133 -0.486328 -0.131836
v 0.160156 -0.486328 -0.131836
v 0.164062 -0.488281 -0.133789
v 0.163086 -0.480469 -0.134766
v 0.161133 -0.482422 -0.131836
v 0.057617 0.318359 0.141602
v -0.157227 -0.396484 0.125000
v 0.157227 -0.398438 0.125000
v -0.156250 -0.251953 0.133789
v 0.093750 0.322266 0.137695
v 0.098145 0.318359 0.136719
v 0.087891 0.326172 0.137695
v 0.165039 -0.498047 0.127930
v 0.165039 -0.498047 0.128906
v 0.164062 -0.496094 0.127930
v 0.162109 -0.498047 0.124023
v 0.162109 -0.496094 0.122559
v 0.000378 -0.119141 -0.148438
v 0.000076 -0.117676 0.134766
v -0.155273 -0.500000 -0.140625
v -0.153320 0.281250 0.007324
v -0.154297 0.281250 0.007324
v -0.154297 0.279297 0.004974
v -0.153320 0.285156 0.009338
v 0.037109 0.193359 0.147461
v 0.039062 0.194336 0.146484
v -0.156250 -0.488281 0.125977
v -0.153320 -0.496094 0.125977
v 0.167969 -0.417969 -0.149414
v -0.166016 -0.400391 -0.148438
v 0.166016 -0.400391 -0.148438
v 0.158203 -0.490234 0.123047
v 0.159180 -0.488281 0.124023
v 0.160156 -0.490234 0.123047
v 0.156250 -0.490234 0.124512
v 0.157227 -0.482422 -0.144531
v 0.157227 -0.488281 -0.144531
v 0.160156 -0.488281 -0.145508
v 0.155273 -0.482422 -0.143555
v 0.159180 -0.482422 -0.145508
v 0.164062 -0.490234 0.127930
v -0.158203 -0.488281 -0.140625
v -0.156250 -0.490234 -0.141602
v -0.158203 -0.488281 -0.143555
v -0.160156 -0.488281 -0.142578
v -0.157227 -0.488281 -0.139648
v 0.100586 0.308594 0.137695
v 0.100098 0.314453 0.137695
v 0.154297 -0.500000 -0.133789
v 0.022705 -0.161133 0.135742
v 0.021729 -0.163086 0.134766
v 0.160156 -0.492188 -0.139648
v 0.164062 -0.492188 -0.140625
v 0.161133 -0.494141 -0.140625
v 0.039551 0.261719 0.146484
v 0.041016 0.261719 0.146484
v -0.164062 -0.419922 0.133789
v -0.153320 -0.486328 0.134766
v 0.165039 0.472656 0.078613
v 0.161133 0.482422 0.071777
v -0.166992 0.472656 0.078613
v 0.155273 -0.498047 0.124512
v -0.159180 -0.492188 0.125000
v -0.160156 -0.492188 0.125977
v -0.157227 -0.492188 0.126953
v -0.156250 -0.492188 0.125000
v 0.164062 -0.500000 0.130859
v 0.163086 -0.500000 0.129883
v 0.165039 -0.498047 0.130859
v -0.154297 -0.486328 -0.129883
v -0.164062 -0.484375 -0.128906
v -0.153320 -0.484375 -0.144531
v -0.154297 -0.496094 -0.139648
v -0.155273 -0.496094 -0.136719
v -0.158203 -0.494141 -0.139648
v 0.157227 -0.123047 0.135742
v 0.007202 -0.124512 0.133789
v 0.157227 -0.124512 0.134766
v 0.007233 -0.124023 0.135742
v 0.158203 -0.488281 -0.137695
v 0.155273 -0.490234 -0.136719
v 0.156250 -0.490234 -0.134766
v 0.088867 0.292969 0.137695
v -0.155273 -0.500000 0.124023
v -0.153320 -0.498047 0.127930
v 0.165039 -0.488281 -0.140625
v 0.166016 -0.486328 -0.138672
v -0.153320 0.277344 -0.005585
v -0.152344 0.277344 -0.006195
v 0.108887 0.185547 0.143555
v 0.107910 0.185547 0.145508
v 0.109863 0.189453 0.144531
v 0.110840 0.187500 0.143555
v 0.109375 0.185547 0.145508
v 0.161133 -0.488281 0.125000
v 0.157227 -0.498047 -0.146484
v -0.161133 -0.486328 0.123047
v -0.163086 -0.480469 0.124023
v -0.160156 -0.480469 0.123047
v -0.007660 0.283203 0.004333
v -0.155273 -0.496094 -0.133789
v -0.157227 -0.496094 -0.131836
v -0.155273 -0.496094 -0.132812
v -0.157227 -0.496094 -0.132812
v -0.154297 -0.496094 -0.135742
v 0.112793 0.193359 0.147461
v 0.112793 0.197266 0.147461
v 0.156250 -0.486328 -0.137695
v -0.166992 0.478516 0.079590
v 0.165039 0.478516 0.079102
v -0.163086 -0.500000 -0.140625
v 0.157227 -0.494141 0.129883
v -0.164062 -0.496094 0.126953
v -0.164062 -0.496094 0.127930
v -0.163086 -0.498047 0.130859
v 0.168945 -0.408203 0.136719
v 0.155273 -0.408203 0.136719
v 0.156250 -0.408203 -0.149414
v 0.168945 -0.408203 -0.149414
v 0.156250 0.498047 -0.148438
v 0.160156 -0.492188 0.132812
v 0.160156 -0.492188 0.133789
v 0.114258 0.201172 0.147461
v 0.114258 0.255859 0.145508
v 0.115234 0.255859 0.147461
v 0.158203 -0.500000 -0.134766
v 0.158203 -0.500000 -0.133789
v 0.156250 -0.500000 -0.133789
v -0.160156 -0.486328 0.133789
v -0.159180 -0.480469 0.134766
v -0.161133 -0.488281 -0.136719
v 0.163086 -0.496094 -0.143555
v 0.161133 -0.498047 -0.145508
v 0.160156 -0.496094 -0.144531
v 0.162109 -0.496094 -0.141602
v 0.037842 0.190430 0.143555
v 0.039062 0.191406 0.142578
v -0.157227 -0.500000 0.133789
v -0.158203 -0.500000 0.132812
v 0.158203 -0.488281 -0.131836
v 0.159180 -0.480469 -0.132812
v 0.156250 -0.480469 -0.132812
v -0.162109 -0.494141 0.130859
v 0.159180 -0.486328 0.125977
v 0.160156 -0.486328 0.125977
v -0.166992 0.482422 -0.149414
v -0.164062 0.496094 0.136719
v -0.163086 0.496094 -0.148438
v -0.163086 0.480469 0.136719
v 0.162109 0.496094 -0.150391
v 0.161133 0.482422 -0.149414
v -0.156250 -0.492188 -0.136719
v 0.160156 -0.498047 -0.145508
v 0.155273 -0.498047 -0.145508
v 0.155273 -0.496094 -0.143555
v 0.158203 -0.498047 -0.144531
v -0.159180 -0.488281 0.122559
v -0.160156 -0.482422 -0.143555
v -0.157227 -0.486328 -0.143555
v 0.088379 0.330078 0.141602
v 0.097168 0.324219 0.143555
v 0.094727 0.324219 0.140625
v 0.163086 -0.494141 -0.137695
v 0.165039 -0.496094 -0.137695
v 0.166016 -0.482422 -0.138672
v 0.165039 -0.482422 -0.136719
v 0.165039 -0.488281 -0.135742
v 0.165039 -0.482422 -0.141602
v -0.160156 -0.492188 0.127930
v 0.162109 -0.500000 0.130859
v -0.155273 -0.482422 -0.132812
v -0.154297 -0.496094 -0.138672
v 0.154297 0.081055 0.133789
v 0.003693 0.079590 0.134766
v 0.155273 0.082519 -0.148438
v 0.002426 0.088867 0.135742
v 0.038574 0.261719 0.147461
v 0.038086 0.259766 0.147461
v 0.038330 0.259766 0.147461
v -0.160156 -0.498047 -0.132812
v 0.155273 -0.482422 0.132812
v 0.039062 0.194336 0.144531
v -0.157227 -0.492188 0.127930
v -0.154297 -0.492188 0.129883
v 0.098633 0.302734 0.137695
v 0.154297 -0.496094 0.123047
v -0.163086 -0.490234 -0.135742
v -0.160156 -0.486328 -0.136719
v 0.003662 0.080078 -0.147461
v 0.163086 -0.480469 0.124023
v -0.153320 0.279297 -0.011780
v -0.153320 0.285156 -0.013855
v -0.159180 -0.494141 0.127930
v -0.159180 -0.494141 0.124512
v -0.158203 -0.496094 0.127930
v -0.157227 -0.494141 0.124512
v 0.166016 -0.417969 0.133789
v 0.165039 -0.484375 0.134766
v 0.165039 -0.482422 0.119141
v 0.071289 0.328125 0.136719
v -0.156250 -0.490234 -0.143555
v 0.112305 0.261719 0.144531
v 0.154297 -0.500000 -0.135742
v -0.162109 -0.498047 -0.143555
v -0.162109 -0.498047 -0.144531
v -0.164062 -0.498047 -0.141602
v -0.165039 -0.498047 -0.140625
v -0.157227 -0.488281 0.125977
v -0.160156 -0.494141 0.129883
v 0.163086 -0.498047 0.128906
v -0.157227 -0.480469 -0.144531
v 0.154297 -0.126953 0.146484
v 0.154297 -0.492188 -0.138672
v 0.154297 -0.492188 -0.136719
v 0.154297 -0.492188 -0.139648
v 0.155273 -0.488281 -0.140625
v 0.155273 -0.490234 -0.139648
v -0.157227 -0.482422 0.134766
v -0.159180 -0.486328 0.133789
v -0.157227 -0.488281 0.134766
v -0.156250 -0.494141 0.124512
v 0.158203 -0.486328 0.129883
v 0.158203 -0.490234 0.132812
v 0.157227 -0.488281 0.131836
v 0.160156 -0.492188 0.123535
v 0.101074 0.318359 0.144531
v 0.095703 0.322266 0.144531
v 0.101074 0.316406 0.142578
v 0.154297 -0.496094 -0.138672
v -0.154297 0.285156 0.009460
v -0.162109 -0.494141 -0.136719
v -0.163086 -0.496094 -0.138672
v 0.055664 0.310547 0.140625
v 0.114746 0.259766 0.145508
v 0.160156 -0.498047 0.124512
v 0.158203 -0.500000 0.122559
v -0.160156 -0.488281 0.128906
v -0.160156 -0.488281 0.125977
v 0.007233 -0.115234 0.132812
v -0.157227 -0.500000 -0.142578
v -0.156250 -0.500000 -0.141602
v -0.158203 -0.500000 -0.142578
v 0.153320 -0.482422 0.125977
v 0.155273 -0.496094 -0.135742
v 0.157227 -0.494141 -0.134766
v -0.153320 0.279297 -0.009460
v -0.154297 0.277344 -0.008850
v -0.153320 0.281250 -0.011780
v -0.156250 -0.488281 -0.138672
v -0.154297 -0.490234 -0.139648
v 0.100098 0.318359 0.140625
v 0.156250 -0.269531 0.145508
v 0.109863 0.263672 0.148438
v 0.156250 0.090820 -0.149414
v 0.154297 0.090332 0.135742
v 0.156250 -0.486328 0.127930
v 0.080078 0.328125 0.137695
v -0.157227 -0.250000 0.133789
v 0.168945 0.498047 0.136719
v 0.153320 -0.500000 0.128906
v -0.163086 -0.488281 -0.132812
v -0.153320 0.289062 0.009399
v -0.158203 -0.488281 0.125977
v 0.167969 0.498047 -0.148438
v 0.153320 -0.496094 0.131836
v 0.154297 -0.496094 0.128906
v 0.154297 -0.496094 0.131836
v 0.164062 -0.488281 0.131836
v -0.157227 -0.394531 0.137695
v -0.157227 -0.402344 0.136719
v 0.157227 -0.402344 0.123047
v -0.162109 -0.490234 -0.133789
v 0.067871 0.291016 0.143555
v 0.077148 0.291016 0.144531
v 0.166016 -0.498047 -0.136719
v 0.003387 0.337891 0.134766
v -0.152344 0.281250 -0.004974
v 0.001587 -0.251953 0.122559
v 0.001892 -0.118164 0.123047
v 0.158203 -0.251953 0.134766
v 0.002991 0.087891 -0.149414
v 0.156250 -0.486328 -0.138672
v -0.161133 -0.496094 0.129883
v 0.111816 0.261719 0.149414
v 0.159180 -0.492188 -0.138672
v -0.166992 0.470703 0.065918
v -0.161133 -0.488281 -0.133789
v 0.160156 -0.490234 0.133789
v -0.161133 -0.500000 0.124512
v -0.160156 -0.500000 0.123535
v 0.154297 -0.496094 -0.141602
v -0.155273 -0.419922 -0.144531
v 0.165039 -0.490234 -0.139648
v 0.159180 -0.492188 0.126953
v 0.159180 -0.492188 0.125977
v 0.157227 0.500000 0.136719
v 0.157227 0.085938 0.136719
v 0.110352 0.261719 0.144531
v -0.153320 -0.480469 0.131836
v -0.155273 -0.482422 0.133789
v -0.152344 -0.480469 0.129883
v -0.153320 -0.486328 0.131836
v -0.155273 0.300781 0.004333
v 0.001968 -0.251953 0.135742
v 0.001404 -0.117676 0.135742
v 0.167969 -0.417969 0.136719
v 0.164062 -0.488281 0.125977
v 0.061768 0.296875 0.140625
v 0.068848 0.291016 0.139648
v 0.060547 0.296875 0.142578
v -0.159180 -0.498047 0.131836
v 0.112305 0.263672 0.147461
v 0.056641 0.302734 0.140625
v 0.056396 0.302734 0.143555
v 0.157227 -0.492188 -0.137695
v 0.156250 -0.490234 -0.133789
v 0.160156 -0.496094 -0.140625
v -0.160156 -0.490234 0.132812
v -0.159180 -0.490234 0.133789
v 0.112793 0.189453 0.146484
v 0.154297 -0.500000 -0.138672
v 0.157227 -0.492188 0.128906
v -0.159180 -0.492188 0.128906
v -0.160156 -0.482422 -0.131836
v 0.156250 -0.112305 -0.150391
v -0.161133 -0.494141 -0.138672
v -0.158203 -0.488281 0.127930
v -0.166016 0.484375 0.077637
v 0.003265 0.343750 0.135742
v 0.160156 0.345703 0.136719
v 0.002289 0.341797 0.123047
v 0.157227 -0.494141 0.128906
v -0.155273 -0.486328 0.133789
v -0.156250 -0.488281 -0.137695
v 0.109863 0.263672 0.146484
v -0.010193 -0.247070 0.134766
v 0.155273 -0.490234 0.125000
v -0.159180 -0.480469 -0.137695
v -0.152344 -0.480469 -0.137695
v -0.161133 -0.482422 -0.131836
v -0.165039 -0.498047 -0.138672
v -0.157227 -0.402344 0.123535
v -0.153320 -0.480469 0.125977
v -0.153320 -0.486328 0.126953
v -0.152344 -0.486328 0.128906
v -0.160156 -0.492188 0.128906
v 0.062500 0.296875 0.137695
v -0.167969 -0.398438 0.137695
v -0.166992 -0.417969 0.136719
v 0.168945 -0.400391 0.136719
v -0.167969 -0.417969 -0.148438
v -0.158203 -0.275391 0.138672
v 0.157227 -0.275391 0.139648
v 0.162109 -0.492188 0.131836
v 0.154297 -0.498047 0.130859
v 0.156250 -0.251953 0.132812
v -0.157227 -0.242188 0.134766
v 0.004120 0.087891 0.134766
v -0.160156 -0.500000 -0.133789
v 0.157227 -0.271484 0.133789
v 0.039062 0.191406 0.144531
v 0.158203 -0.392578 0.123047
v 0.095215 0.296875 0.143555
v 0.094727 0.296875 0.137695
v -0.157227 -0.398438 -0.147461
v 0.164062 -0.490234 0.130859
v 0.155273 -0.417969 0.132812
v -0.161133 -0.490234 0.131836
v -0.154297 -0.417969 0.133789
v -0.156704 -0.391105 -0.006836
v 0.157981 -0.499473 -0.144055
v 0.082093 -0.187257 0.134277
v -0.157227 -0.273438 0.132812
v -0.000163 -0.261716 0.132863
v 0.161694 0.488734 -0.006591
v 0.079483 -0.184448 0.122801
v 0.159912 -0.418945 -0.137695
v 0.080988 -0.122068 0.132576
v 0.156250 0.337891 0.134766
v 0.079025 0.212769 0.134766
v -0.001791 0.482317 0.071628
v 0.165039 0.484375 0.077637
v -0.159468 -0.418933 -0.137417
v 0.020061 -0.159656 0.134265
v 0.017700 -0.163086 0.133789
v 0.157227 0.085938 0.124023
v 0.080926 0.214844 0.123539
v 0.157227 -0.250000 -0.149414
v -0.158203 -0.250000 -0.147461
v 0.160645 -0.417969 0.126465
v 0.112427 0.259766 0.146240
v 0.000220 -0.325129 0.125491
v 0.000889 -0.113281 -0.150391
v 0.155273 -0.109863 0.134766
v 0.158203 -0.380859 -0.147461
v 0.157715 -0.389160 -0.006348
v -0.009583 -0.246094 -0.148438
v -0.001396 -0.247070 -0.149414
v -0.008728 0.339844 -0.148438
v -0.010315 0.339844 0.134766
v 0.000786 0.339844 0.135742
v 0.001427 0.339844 -0.148438
v 0.159167 0.345168 -0.007567
v -0.153660 0.285718 -0.002445
v -0.153320 0.279297 0.001266
v -0.153320 0.285156 0.003342
v -0.153320 0.291016 0.000973
v -0.153320 0.287109 -0.008911
v -0.152344 0.283203 -0.008057
v -0.007927 0.285160 -0.000879
v -0.007996 0.287109 -0.006622
v -0.008545 0.291016 -0.000664
v -0.008362 0.289062 0.002304
v -0.008118 0.287109 0.004547
v -0.008118 0.281250 -0.004028
v -0.007782 0.283203 -0.006348
vn -0.4472 -0.0000 -0.8944
vn -0.3845 -0.7209 -0.5766
vn -0.0000 -0.0000 -1.0000
vn -0.0000 -1.0000 -0.0000
vn -0.5698 -0.4558 -0.6838
vn -0.6075 -0.6833 -0.4050
vn -0.7540 -0.5052 -0.4198
vn -0.8982 0.1756 -0.4030
vn 0.0046 -0.9958 -0.0916
vn -0.7122 -0.5264 -0.4645
vn -0.5324 0.8458 -0.0355
vn -0.8239 -0.5666 -0.0121
vn 0.3456 -0.9209 -0.1801
vn -0.5449 0.3114 -0.7785
vn 0.1248 0.9913 0.0424
vn -0.4286 0.8571 -0.2857
vn -0.2181 0.8730 0.4363
vn -0.4102 0.9118 0.0176
vn -0.7163 -0.0057 -0.6977
vn 0.1447 -0.0007 -0.9895
vn -0.1154 -0.1992 -0.9731
vn -0.7567 -0.2649 -0.5977
vn -0.5343 0.6145 0.5804
vn -0.9725 -0.1855 0.1408
vn 0.8312 -0.0462 -0.5541
vn -0.0206 -0.9968 0.0768
vn -0.0000 -0.8092 0.5875
vn 0.3396 -0.9062 -0.2520
vn 0.4132 0.7945 -0.4450
vn 0.9573 -0.1944 -0.2139
vn 0.3838 0.8013 -0.4589
vn -0.6202 -0.2481 0.7442
vn -0.5879 -0.5579 0.5857
vn -0.2842 -0.9172 0.2793
vn -0.3241 -0.6889 0.6484
vn -0.7154 -0.4758 0.5117
vn -0.1905 -0.2381 0.9524
vn -0.7930 0.1323 0.5947
vn -0.0597 -0.6444 0.7624
vn 0.2527 0.7474 0.6144
vn -0.8506 0.1392 -0.5070
vn -0.9981 -0.0000 0.0624
vn -0.9983 0.0009 0.0587
vn -0.1988 -0.8447 0.4969
vn -0.4508 -0.6490 0.6129
vn 0.3015 -0.9045 0.3015
vn -0.2329 -0.7152 0.6590
vn -0.5150 -0.4635 0.7211
vn 0.1168 -0.8763 0.4674
vn -0.0000 -0.6585 0.7526
vn 0.4358 -0.8897 0.1361
vn 0.7109 -0.5834 -0.3928
vn 0.5875 -0.6675 0.4575
vn 0.3904 -0.8475 0.3596
vn 0.0810 -0.8198 0.5668
vn -0.0895 -0.9360 0.3404
vn 0.1638 -0.0821 -0.9831
vn 0.4516 -0.4751 -0.7552
vn 0.7129 -0.6830 -0.1587
vn -0.7395 -0.6472 0.1849
vn -0.0000 -0.8742 0.4856
vn 0.8015 0.4560 -0.3869
vn 0.7844 -0.5884 -0.1961
vn 0.8006 0.4778 -0.3616
vn -0.0320 0.9968 -0.0736
vn 0.8948 0.2952 -0.3350
vn 0.7009 -0.6387 0.3175
vn 0.6127 0.6066 0.5066
vn 0.7071 -0.7071 -0.0001
vn 0.9474 -0.0527 0.3157
vn 0.1270 0.9848 0.1183
vn 0.4215 0.9067 0.0132
vn -0.0708 0.9564 0.2833
vn 0.2282 0.5926 0.7725
vn 0.0083 0.9889 0.1484
vn -0.7439 0.6605 0.1019
vn 0.1577 0.4956 0.8541
vn 0.4309 0.3393 -0.8362
vn -0.0496 0.9473 0.3165
vn -0.0414 0.6663 0.7446
vn -0.5025 0.8287 -0.2466
vn 0.1710 0.6187 -0.7668
vn -0.5496 0.8241 -0.1373
vn -0.5639 0.6110 -0.5556
vn -0.1631 0.8566 -0.4895
vn -0.7945 0.2278 -0.5629
vn -0.7658 0.2651 -0.5859
vn 0.3509 -0.9353 -0.0461
vn -0.8959 -0.0919 0.4347
vn -0.6499 -0.7549 -0.0886
vn -0.5417 -0.6172 -0.5707
vn 0.6774 0.1213 -0.7255
vn 0.4990 -0.6091 -0.6164
vn -0.8326 -0.4627 0.3043
vn -0.6716 0.3686 -0.6427
vn -0.0433 0.0228 0.9988
vn -0.2935 0.8437 0.4495
vn -0.0151 0.0321 0.9994
vn -0.0095 0.0102 0.9999
vn 0.0092 0.0194 0.9998
vn 0.3081 0.7348 0.6042
vn 0.0981 0.8486 0.5199
vn 0.5382 0.8234 -0.1795
vn 0.8638 -0.1459 0.4823
vn -0.7885 0.0374 -0.6138
vn 0.6252 0.7294 -0.2778
vn 0.2955 0.9411 -0.1642
vn 0.7286 -0.6830 0.0508
vn -0.3370 0.8271 -0.4498
vn 0.5745 0.7468 0.3351
vn 0.6208 0.2794 0.7325
vn 0.3297 0.2290 0.9159
vn -0.0043 0.7055 0.7087
vn -0.1394 0.7027 -0.6977
vn 0.4174 0.5033 -0.7566
vn 0.9352 0.3536 0.0174
vn 0.8529 -0.4265 0.3010
vn 0.6072 -0.5767 0.5465
vn 0.2952 -0.9349 0.1968
vn 0.7352 -0.6617 0.1470
vn 0.6783 -0.7348 -0.0000
vn 0.7881 -0.3941 0.4729
vn 0.8083 0.1155 0.5774
vn 0.1108 -0.6651 0.7385
vn -0.5218 -0.6645 0.5350
vn 0.1713 -0.9852 0.0054
vn 0.8148 0.1451 0.5613
vn -0.6538 0.2729 0.7057
vn 0.9999 0.0156 -0.0000
vn 0.1170 -0.9652 -0.2340
vn -0.4061 -0.9138 -0.0000
vn -0.6110 -0.4073 -0.6788
vn -0.8422 -0.4211 -0.3368
vn -0.1041 -0.6768 -0.7288
vn -0.2765 -0.4843 -0.8301
vn -0.0668 -0.9945 -0.0812
vn -0.2976 -0.9503 0.0918
vn -0.5588 -0.6118 -0.5598
vn -0.6130 0.5634 0.5539
vn -0.5687 0.5726 -0.5905
vn 0.5917 0.5520 -0.5875
vn 0.1950 0.8962 -0.3985
vn 0.2322 0.9284 0.2901
vn -0.2425 0.9702 -0.0000
vn 0.1220 0.6908 -0.7126
vn -0.0000 -0.2872 -0.9579
vn -0.6101 -0.1342 -0.7809
vn -0.6006 0.7831 -0.1612
vn 0.8571 0.4286 -0.2856
vn 0.6964 0.5472 -0.4643
vn 0.7379 0.4216 -0.5271
vn 0.8071 0.5549 0.2018
vn 0.6860 0.5145 0.5145
vn -0.9280 -0.2862 0.2385
vn 0.4433 -0.8933 -0.0742
vn 0.5232 -0.8222 0.2242
vn 0.3277 0.7489 -0.5760
vn 0.5881 0.5919 -0.5512
vn -0.1228 -0.9215 -0.3686
vn -0.0191 -0.9199 0.3917
vn -0.2981 -0.7454 -0.5962
vn 0.3487 -0.9300 -0.1162
vn -0.2063 -0.9283 -0.3094
vn -0.9109 0.1575 -0.3814
vn -0.9035 0.0201 0.4280
vn -0.9958 0.0188 0.0895
vn -0.7070 -0.0555 -0.7050
vn -0.3747 0.0416 -0.9262
vn -0.3028 0.0825 -0.9495
vn -0.9003 0.3807 -0.2112
vn -0.3424 0.5869 0.7337
vn -0.7548 0.6540 0.0504
vn -0.6214 -0.5404 0.5673
vn -0.1374 0.5494 0.8242
vn -0.0906 0.9896 0.1120
vn -0.1925 -0.6543 0.7313
vn -0.6304 0.7517 0.1939
vn -0.8074 0.5900 -0.0000
vn -0.7503 0.6253 -0.2144
vn -0.8025 0.5668 0.1867
vn -0.7237 0.6235 -0.2957
vn -0.6577 -0.6943 -0.2923
vn -0.6071 -0.7120 -0.3528
vn -0.4151 -0.8992 0.1383
vn -0.3605 -0.9013 -0.2404
vn 0.4423 -0.8847 0.1474
vn -0.1354 -0.9815 0.1354
vn 0.2318 -0.7727 0.5909
vn -0.1367 -0.9589 0.2488
vn 0.2981 -0.5962 0.7454
vn 0.1324 -0.9905 0.0368
vn -0.0001 -1.0000 -0.0000
vn -0.1162 -0.9300 0.3487
vn 0.3326 0.5360 -0.7760
vn -0.0627 0.5441 -0.8367
vn 0.3180 -0.6387 -0.7006
vn 0.6615 0.6511 -0.3721
vn 0.7600 -0.4034 -0.5095
vn 0.7071 -0.0000 -0.7071
vn 0.7956 -0.4284 -0.4284
vn 0.4685 -0.6247 -0.6247
vn 0.3094 -0.2063 -0.9283
vn 0.1617 0.5659 -0.8084
vn -0.0000 1.0000 -0.0001
vn 0.3482 -0.8061 0.4785
vn 0.7174 -0.6640 -0.2109
vn 0.0193 -0.0078 0.9998
vn -0.5878 -0.3302 0.7385
vn 0.5030 -0.6665 -0.5501
vn -0.0261 -0.0235 -0.9994
vn -0.1571 0.7372 0.6572
vn -0.7253 0.6544 -0.2140
vn 0.4875 0.7618 0.4267
vn -0.3022 -0.9331 0.1949
vn -0.3014 -0.7905 0.5333
vn 0.4091 0.6944 0.5920
vn -0.8571 -0.2857 0.4287
vn -0.6131 0.7281 -0.3065
vn 0.5327 -0.3077 0.7884
vn 0.3389 -0.6552 0.6752
vn 0.3180 0.8479 0.4242
vn -0.8616 0.5025 -0.0718
vn -0.9855 -0.0413 0.1643
vn -0.6503 0.0406 0.7586
vn -0.7894 0.4341 0.4341
vn -0.5870 0.8071 -0.0629
vn -0.3261 -0.1223 -0.9374
vn -0.6396 -0.6396 0.4264
vn -0.8589 -0.1797 0.4796
vn 0.2907 -0.8892 0.3534
vn -0.5121 -0.3842 0.7682
vn -0.4082 -0.4083 0.8165
vn -0.3014 -0.9046 0.3015
vn 0.0586 -0.0681 0.9960
vn 0.9761 -0.1258 -0.1773
vn 0.0473 0.0952 -0.9943
vn 0.0282 0.0613 0.9977
vn -0.5593 -0.7661 0.3166
vn 0.5077 -0.6092 -0.6092
vn 0.2859 -0.9535 0.0953
vn -0.0000 -0.8743 -0.4855
vn 0.6473 0.7135 -0.2681
vn 0.8018 -0.5345 -0.2673
vn 0.6351 0.4646 -0.6171
vn 0.2294 -0.6882 -0.6883
vn 0.0141 -0.0026 -0.9999
vn 0.3913 -0.8439 -0.3671
vn -0.2814 0.8529 -0.4397
vn -0.0226 0.8409 -0.5406
vn 0.0222 0.9660 -0.2576
vn -0.2225 -0.5125 -0.8294
vn 0.7276 0.4851 0.4850
vn 0.3290 -0.0274 0.9439
vn -0.3458 0.6340 0.6917
vn 0.3470 0.4544 0.8204
vn 0.4969 0.3480 0.7950
vn 0.0644 -0.9629 0.2622
vn 0.7352 -0.6619 -0.1463
vn 0.5429 -0.6061 0.5813
vn 0.4242 0.7753 -0.4680
vn 0.1961 0.9806 -0.0000
vn 0.0096 0.6867 -0.7268
vn -0.0618 0.9267 -0.3707
vn -0.4766 0.7387 -0.4766
vn -0.1818 0.8182 0.5454
vn -0.2896 0.9453 0.1498
vn -0.9144 0.4028 -0.0399
vn -0.0000 1.0000 -0.0000
vn -0.8179 0.5258 0.2337
vn -0.1921 0.9028 -0.3849
vn -0.5045 0.8575 -0.1009
vn 0.0294 0.9800 0.1971
vn -0.2649 0.9272 -0.2649
vn 0.2511 -0.6983 -0.6704
vn 0.6611 -0.3069 -0.6847
vn -0.1977 -0.4203 -0.8856
vn 0.2428 0.5098 -0.8253
vn 0.0242 0.6313 -0.7752
vn 0.0144 -0.9746 0.2235
vn 0.7300 0.6387 0.2432
vn 0.7276 -0.1934 0.6582
vn 0.4651 -0.8137 0.3486
vn 0.1260 0.8266 0.5486
vn 0.6203 0.7441 -0.2481
vn 0.6094 0.0305 0.7923
vn 0.3913 0.2689 0.8801
vn -0.7045 -0.0881 0.7042
vn 0.9650 -0.0371 0.2598
vn 0.8454 0.3925 0.3623
vn -0.2988 -0.0000 0.9543
vn 0.5579 -0.0070 0.8299
vn -0.2767 -0.9599 0.0446
vn -0.1898 -0.9661 -0.1750
vn -0.4190 -0.9080 -0.0000
vn -0.3468 -0.7804 -0.5203
vn 0.0880 -0.7043 -0.7044
vn -0.4117 -0.6762 0.6110
vn 0.2084 -0.9777 0.0244
vn -0.6293 0.1156 0.7685
vn 0.6411 -0.6372 -0.4278
vn -0.0839 -0.9567 -0.2788
vn -0.5819 0.8001 -0.1455
vn -0.6111 0.7833 -0.1140
vn -0.8315 0.2710 -0.4850
vn -0.8998 0.4246 -0.1006
vn -0.5548 0.8320 -0.0000
vn 0.0026 0.0162 0.9999
vn -0.3060 0.1721 0.9364
vn -0.4226 0.0407 0.9054
vn 0.0064 -0.2186 0.9758
vn 0.0611 -0.4488 0.8915
vn -0.2368 -0.0153 0.9714
vn 0.3830 0.0714 0.9210
vn 0.2704 0.2193 0.9374
vn 0.0223 -0.4639 0.8856
vn 0.0380 0.2495 0.9676
vn 0.0296 0.3622 0.9316
vn -0.0371 0.3723 0.9274
vn -0.2561 0.2911 0.9218
vn 0.3504 -0.0815 0.9331
vn 0.2214 -0.0443 0.9742
vn -0.6195 -0.3896 0.6815
vn 0.0678 -0.6981 0.7128
vn 0.2011 0.3017 0.9320
vn 0.6591 -0.4791 0.5797
vn 0.3333 -0.6667 0.6667
vn -0.0000 -0.7071 0.7071
vn 0.2861 -0.9535 0.0953
vn 0.4559 0.5698 0.6838
vn 0.3814 0.5876 0.7136
vn -0.1736 -0.0000 0.9848
vn 0.1151 -0.6346 0.7642
vn -0.3767 -0.7052 0.6006
vn 0.5991 0.6952 0.3972
vn 0.4437 0.6337 0.6337
vn 0.1952 0.0976 0.9759
vn -0.0772 0.2088 0.9749
vn -0.7425 0.2124 -0.6353
vn -0.0398 0.1595 0.9864
vn 0.0443 0.2607 0.9644
vn -0.4434 -0.4750 -0.7601
vn 0.1026 -0.9734 -0.2049
vn -0.0000 -0.5584 -0.8296
vn -0.0000 -0.8797 -0.4755
vn -0.0424 -0.3600 -0.9320
vn -0.0697 -0.9578 -0.2788
vn 0.0507 0.1765 -0.9830
vn 0.2428 -0.5098 -0.8253
vn 0.2166 0.7694 -0.6010
vn 0.4589 0.7701 -0.4432
vn 0.7201 -0.3979 -0.5685
vn 0.0646 0.9932 -0.0969
vn -0.6315 -0.6179 -0.4684
vn -0.0000 0.9682 0.2501
vn 0.3482 -0.8704 0.3481
vn -0.5911 -0.4030 0.6987
vn -0.6424 0.3567 0.6783
vn -0.4473 -0.8678 -0.2164
vn -0.3467 -0.7805 -0.5202
vn -0.6428 -0.7050 -0.2997
vn -0.5665 -0.6629 -0.4895
vn 0.5644 -0.7961 -0.2182
vn 0.5256 -0.7396 0.4205
vn -0.6431 -0.7271 0.2405
vn -0.6386 0.7596 0.1233
vn -0.3482 0.8703 -0.3483
vn -0.4271 0.7970 -0.4271
vn 0.7149 -0.6308 0.3015
vn 0.4644 0.5782 -0.6709
vn -0.6163 0.3523 0.7043
vn -0.0000 0.7593 -0.6507
vn -0.2882 0.8646 -0.4117
vn -0.0602 0.9909 -0.1201
vn 0.5507 0.6272 -0.5507
vn 0.2866 0.3503 -0.8917
vn 0.0369 0.4616 -0.8863
vn -0.3339 0.9389 0.0834
vn 0.2233 -0.9489 0.2232
vn 0.7553 -0.4196 0.5035
vn 0.6153 -0.4926 0.6155
vn -0.1138 -0.9671 0.2276
vn 0.4689 0.4253 0.7741
vn 0.1333 -0.3334 0.9333
vn 0.4699 -0.4072 0.7832
vn 0.0340 0.9958 0.0851
vn 0.4148 0.6994 0.5820
vn 0.7619 0.2604 0.5930
vn -0.1298 -0.9792 0.1561
vn -0.2493 -0.9357 0.2496
vn 0.0001 -1.0000 -0.0001
vn -0.6709 0.0290 -0.7410
vn -0.9653 -0.0000 0.2613
vn -0.6346 0.5518 -0.5412
vn -0.1660 0.9542 0.2489
vn -0.0026 0.7817 -0.6237
vn 0.0984 -0.1477 -0.9841
vn -0.2187 0.9586 -0.1825
vn -0.5009 0.8588 0.1074
vn -0.3683 0.5157 0.7735
vn -0.2661 -0.1944 0.9441
vn -0.0116 0.9467 0.3218
vn -0.9918 0.0089 -0.1275
vn -0.7843 0.3767 -0.4930
vn 0.6357 -0.6518 0.4137
vn 0.1024 0.3906 -0.9148
vn 0.5346 0.6949 0.4809
vn 0.6741 0.6367 0.3745
vn 0.7011 0.5843 0.4087
vn 0.5025 0.7035 -0.5025
vn 0.7682 0.6402 -0.0000
vn -0.3652 0.8799 -0.3038
vn 0.6151 0.7296 0.2989
vn -0.7177 0.5968 -0.3588
vn -0.8908 0.3674 -0.2672
vn 0.3023 -0.2289 -0.9253
vn 0.3954 -0.8812 -0.2593
vn 0.2567 -0.7446 -0.6162
vn 0.7177 0.6778 -0.1596
vn 0.7783 0.0780 -0.6231
vn -0.4046 -0.2083 -0.8905
vn -0.1808 0.7954 -0.5785
vn -0.4562 -0.8363 -0.3041
vn -0.3200 -0.9016 -0.2909
vn -0.4640 -0.8492 0.2522
vn -0.3917 -0.8325 -0.3918
vn -0.7863 0.5601 0.2609
vn -0.8696 0.4348 0.2341
vn -0.7925 -0.5663 0.2264
vn -0.7248 -0.6803 -0.1093
vn -0.5038 0.7969 0.3333
vn -0.9062 -0.3625 -0.2175
vn 0.3159 -0.8346 -0.4512
vn -0.2249 -0.3748 -0.8994
vn -0.6000 -0.8000 0.0002
vn -0.9655 -0.2548 -0.0536
vn -0.9516 -0.1549 -0.2656
vn -0.8249 0.1243 -0.5515
vn 0.7264 0.2145 -0.6530
vn -0.6165 -0.7790 -0.1143
vn 0.1591 -0.9273 -0.3388
vn 0.7177 -0.6500 0.2500
vn 0.3925 -0.5888 0.7066
vn 0.6536 -0.7549 0.0540
vn -0.0001 -0.8944 -0.4472
vn 0.3015 -0.9045 -0.3017
vn -0.8516 -0.5099 -0.1216
vn 0.0231 -0.9973 0.0693
vn -0.5876 -0.7927 0.1623
vn -0.8631 0.4747 0.1726
vn -0.7555 0.5352 -0.3778
vn -0.6212 -0.5845 -0.5220
vn 0.5761 0.5553 0.5998
vn -0.4636 0.6148 0.6380
vn 0.5133 -0.6254 0.5878
vn -0.4812 0.6652 -0.5710
vn 0.2849 0.6478 -0.7066
vn 0.0001 0.9864 0.1644
vn -0.8924 -0.4338 0.1240
vn -0.4210 -0.4982 0.7580
vn -0.4054 -0.2534 0.8783
vn -0.8120 -0.5685 -0.1320
vn -0.2947 -0.7519 0.5897
vn -0.3486 -0.8138 0.4649
vn -0.0000 0.0427 0.9991
vn 0.1807 0.5167 -0.8369
vn -0.5774 0.5773 -0.5773
vn -1.0000 -0.0000 -0.0000
vn -0.5454 0.8182 0.1818
vn -0.9245 0.0924 0.3698
vn -0.4040 0.6336 -0.6598
vn -0.7807 -0.4879 0.3904
vn -0.5773 -0.5774 -0.5774
vn -0.7806 -0.4880 0.3904
vn -0.0870 -0.9928 -0.0820
vn 0.0028 -0.8258 0.5640
vn -0.0042 -0.7529 -0.6581
vn 0.1633 -0.1573 0.9740
vn -0.6131 -0.4982 -0.6131
vn -0.4260 -0.8578 0.2877
vn -0.1863 -0.5122 0.8384
vn 0.5369 -0.8436 -0.0000
vn 0.8301 0.0692 -0.5533
vn 0.9924 0.0550 -0.1103
vn 0.5425 -0.8401 0.0038
vn 0.4365 -0.8052 -0.4014
vn 0.5195 -0.8446 0.1299
vn 0.9993 -0.0216 0.0309
vn 0.0002 -0.0017 1.0000
vn 0.0433 -0.4367 0.8985
vn 1.0000 -0.0019 0.0023
vn 0.9996 -0.0232 -0.0147
vn 0.3107 0.5064 -0.8044
vn 0.8066 -0.4594 0.3719
vn 0.4134 0.8103 0.4153
vn 0.1615 0.5658 0.8086
vn -0.1030 0.3606 0.9270
vn -0.2405 0.4816 0.8427
vn 0.2140 -0.3448 0.9140
vn -0.1644 0.3772 0.9114
vn -0.0502 0.9982 0.0340
vn 0.0502 -0.9975 0.0499
vn 0.0178 -0.6988 0.7150
vn 0.9963 0.0014 0.0863
vn -0.6871 0.7182 0.1095
vn -0.8566 0.4898 -0.1620
vn -0.8541 -0.0810 -0.5138
vn -0.2886 0.5693 -0.7698
vn 0.7865 0.5617 -0.2568
vn 0.9781 -0.0262 -0.2063
vn 0.9918 0.0485 -0.1179
vn -0.5905 0.0691 -0.8041
vn -0.8166 0.4082 0.4082
vn -0.7395 0.0336 0.6723
vn -0.6064 0.3898 0.6931
vn -0.0000 0.9702 -0.2424
vn -0.5884 0.7844 0.1963
vn 0.1144 0.4634 0.8787
vn 0.9644 0.1929 0.1809
vn 0.4262 -0.1448 0.8929
vn 0.6665 0.6513 -0.3628
vn 0.8112 0.5841 -0.0295
vn 0.8121 -0.1226 0.5706
vn 0.3248 0.9206 -0.2166
vn -0.4558 0.6837 -0.5699
vn 0.1100 -0.3302 -0.9375
vn 0.5068 -0.6972 -0.5070
vn 0.2749 -0.6767 0.6830
vn 0.9025 -0.1469 0.4048
vn -0.4755 0.1189 -0.8717
vn 0.7250 0.1812 -0.6645
vn 0.5597 -0.7978 -0.2239
vn 0.2879 -0.9576 -0.0058
vn 0.2233 -0.9488 0.2233
vn 0.8545 -0.2621 0.4485
vn 0.4924 -0.8616 -0.1231
vn 0.0873 -0.9611 0.2621
vn 0.7679 -0.0349 -0.6397
vn 0.9520 -0.0664 0.2989
vn 0.9329 -0.1895 0.3061
vn 0.7477 0.0058 -0.6640
vn 0.8319 -0.1248 -0.5407
vn -0.2235 -0.8662 -0.4469
vn 0.3023 -0.2253 -0.9262
vn 0.3345 -0.8123 -0.4778
vn -0.2387 -0.5569 -0.7955
vn -0.5205 -0.5530 -0.6506
vn -0.1955 -0.9454 -0.2608
vn -0.2018 -0.2691 -0.9417
vn -0.3287 -0.4656 -0.8217
vn 0.2147 -0.5368 -0.8159
vn -0.0033 -0.9920 -0.1258
vn -0.1885 0.4949 -0.8483
vn -0.6469 -0.5392 -0.5392
vn -0.5120 0.5632 -0.6486
vn -0.3483 -0.0319 -0.9368
vn -0.4961 0.4778 -0.7250
vn -0.2228 -0.5851 -0.7798
vn 0.6569 0.6423 -0.3950
vn 0.7750 0.1351 0.6173
vn 0.7061 0.0030 0.7081
vn -0.6720 -0.0019 -0.7405
vn -0.0281 0.0172 -0.9995
vn 0.0343 0.0022 -0.9994
vn 0.8179 0.5258 0.2336
vn 0.1400 0.9802 0.1400
vn 0.9427 0.0654 0.3272
vn -0.1555 0.4037 -0.9016
vn 0.7413 0.6618 0.1119
vn -0.2822 0.9407 -0.1881
vn -0.0000 -0.3694 -0.9293
vn -0.1719 -0.4842 -0.8579
vn 0.0027 -0.6967 -0.7173
vn 0.0086 -0.9786 -0.2055
vn -0.8614 -0.4424 -0.2493
vn 0.9083 -0.4166 0.0381
vn 0.6082 0.7838 0.1253
vn 0.6281 -0.5758 -0.5234
vn -0.0003 -1.0000 -0.0001
vn -0.0000 -0.0000 1.0000
vn -0.0121 0.9999 0.0068
vn -0.0063 1.0000 0.0004
vn -0.0124 0.9999 0.0069
vn -0.0062 1.0000 -0.0000
vn -0.5455 -0.8181 -0.1818
vn -0.6878 -0.3617 0.6293
vn -0.9608 0.2681 -0.0711
vn -0.6776 0.1159 -0.7262
vn -0.2424 0.0002 -0.9702
vn -0.0425 -0.7379 -0.6735
vn -0.5270 -0.7379 -0.4216
vn -0.5963 0.7454 -0.2981
vn -0.1799 -0.9789 0.0968
vn 0.0795 -0.9937 0.0796
vn -0.0758 -0.7156 0.6944
vn -0.7515 -0.5429 0.3748
vn 0.0475 -0.3226 0.9453
vn -0.1102 -0.4541 0.8841
vn 0.0851 -0.8652 0.4942
vn 0.8646 0.5012 0.0351
vn 0.9117 -0.3418 -0.2280
vn 0.9572 -0.2890 -0.0148
vn 0.6367 0.6376 0.4337
vn -0.8115 0.2705 -0.5179
vn 0.8518 0.4579 -0.2545
vn 0.8421 0.4211 0.3368
vn -0.3388 0.4543 0.8239
vn -0.3415 -0.4813 0.8073
vn -0.0229 -0.3738 -0.9272
vn 0.7310 -0.3514 -0.5850
vn -0.0133 0.1065 -0.9942
vn -0.1532 0.9779 -0.1421
vn -0.1155 -0.5773 0.8083
vn -0.6470 0.5392 0.5391
vn -0.7544 -0.1887 0.6287
vn -0.1154 -0.8083 0.5774
vn 0.2594 -0.9294 0.2626
vn -0.2948 0.4815 -0.8254
vn -0.4840 -0.1367 -0.8643
vn -0.6229 0.7316 -0.2770
vn -0.0727 -0.8106 -0.5810
vn 0.2169 -0.9762 -0.0000
vn 0.2901 -0.9284 -0.2321
vn 0.7336 0.2318 -0.6388
vn 0.5807 -0.7913 -0.1913
vn 0.5270 -0.8433 -0.1053
vn -0.0695 -0.9713 -0.2277
vn 0.4816 0.8427 0.2408
vn -0.2039 0.7645 0.6115
vn -0.1210 0.7868 0.6052
vn 0.3889 0.7131 0.5833
vn 0.2679 -0.1540 0.9511
vn 0.9231 -0.3712 -0.1003
vn 0.0225 -0.0077 0.9997
vn 0.1677 -0.2716 0.9477
vn -0.6062 -0.7713 0.1940
vn -0.8542 -0.4856 -0.1856
vn -0.9918 -0.1063 0.0709
vn -0.3312 -0.8835 -0.3313
vn -0.0988 0.9815 -0.1638
vn -0.8796 0.3688 -0.3004
vn -0.6499 -0.4502 -0.6124
vn -0.6203 -0.7842 0.0180
vn -0.5378 -0.7542 0.3768
vn -0.6622 -0.5299 -0.5298
vn -0.0180 0.9519 0.3059
vn -0.0126 0.4384 0.8987
vn 0.0014 0.8458 0.5335
vn -0.3618 0.5879 0.7235
vn -0.0426 0.9944 0.0966
vn -0.3594 0.9243 -0.1284
vn 0.5105 -0.7353 0.4458
vn 0.5936 0.5137 0.6194
vn -0.2407 0.8427 0.4815
vn -0.1368 0.5052 0.8521
vn 0.2654 0.8688 0.4181
vn 0.0016 -0.9998 -0.0188
vn -0.6945 -0.6950 0.1861
vn -0.6268 -0.7075 -0.3264
vn 0.0277 -0.7018 0.7118
vn 0.9999 -0.0113 -0.0000
vn -0.4684 0.7027 -0.5355
vn -0.3930 -0.6225 -0.6768
vn -0.5773 0.5775 -0.5773
vn -0.3144 0.6026 -0.7335
vn 0.1299 0.8444 -0.5197
vn -0.6356 0.7714 0.0305
vn -0.9992 0.0226 0.0341
vn 0.9991 0.0238 -0.0341
vn -0.9992 -0.0000 -0.0409
vn -0.6670 -0.0008 0.7450
vn 0.7101 0.0007 -0.7041
vn -0.7442 -0.6202 0.2481
vn -0.5389 -0.8296 -0.1462
vn -0.0512 -0.9973 0.0533
vn -0.2183 0.8729 0.4364
vn -0.6388 0.5112 0.5750
vn -0.3427 0.3856 0.8567
vn -0.4082 0.8165 0.4083
vn -0.8729 0.2182 0.4364
vn -0.0000 0.8321 0.5546
vn 0.5747 0.7663 0.2873
vn 0.0688 0.7224 0.6880
vn 0.3369 0.9264 -0.1684
vn 0.8631 0.2387 -0.4451
vn 0.4454 0.1670 -0.8796
vn 0.7907 -0.3359 -0.5118
vn -0.2590 -0.7633 -0.5919
vn -0.4400 -0.1021 -0.8922
vn 0.1302 -0.9112 -0.3907
vn 0.7367 -0.3315 -0.5894
vn 0.9962 0.0277 -0.0830
vn 0.8395 -0.0874 -0.5363
vn -0.5663 0.8023 0.1888
vn -0.2411 0.9630 -0.1204
vn 0.0319 0.9993 0.0199
vn -0.9300 -0.1162 0.3487
vn -0.4970 0.8447 -0.1987
vn -0.1126 -0.7492 0.6527
vn -0.4428 0.7790 0.4440
vn -0.1305 -0.0425 -0.9905
vn -0.5483 0.3248 0.7706
vn 0.8120 -0.5464 0.2051
vn -0.8267 -0.2882 -0.4832
vn 0.3419 0.9117 -0.2279
vn 0.4364 0.8729 -0.2182
vn 0.2732 0.9395 -0.2065
vn -0.0806 0.9670 0.2417
vn -0.5102 0.6924 -0.5102
vn 0.1071 0.3419 0.9336
vn -0.1176 0.9850 -0.1266
vn 0.5031 0.5450 0.6708
vn 0.3840 -0.7683 0.5121
vn -0.3512 -0.8498 -0.3930
vn -0.0000 0.0195 0.9998
vn -0.2338 0.2992 0.9251
vn -0.3927 0.3217 0.8616
vn -0.4979 0.3113 0.8094
vn -0.9987 0.0122 -0.0488
vn -0.2245 0.3112 0.9235
vn -0.0421 -0.1895 0.9810
vn 0.5547 -0.8321 0.0002
vn 0.1242 -0.3934 0.9109
vn 0.6795 -0.4854 0.5501
vn 0.0771 0.7806 0.6202
vn -0.0642 0.5539 0.8301
vn -0.5881 -0.6565 0.4725
vn -0.4851 0.7276 0.4851
vn 0.7457 -0.3379 -0.5743
vn -0.1932 0.1183 -0.9740
vn -0.0039 0.9271 -0.3749
vn 0.0880 0.7043 -0.7044
vn 0.8712 0.2550 -0.4195
vn 0.2794 0.8599 -0.4272
vn -0.1639 -0.0819 0.9831
vn 0.3904 -0.4880 0.7807
vn 0.1153 -0.4898 0.8642
vn -0.3951 -0.7748 -0.4935
vn 0.9452 0.1121 0.3066
vn 0.2454 -0.2835 -0.9270
vn 0.4388 0.7584 0.4820
vn 0.0459 0.2113 0.9764
vn -0.9667 0.0960 0.2373
vn 0.4387 0.7584 0.4820
vn -0.7873 -0.5413 -0.2953
vn -0.5482 -0.4796 -0.6852
vn -0.2746 -0.9230 -0.2697
vn -0.6537 0.2154 0.7255
vn 0.9556 0.2819 0.0861
vn -0.1336 0.5020 0.8545
vn 0.9864 0.1455 0.0769
vn -0.2563 0.1325 0.9575
vn -0.9356 0.1898 0.2978
vn -0.6880 0.3784 0.6192
vn -0.6287 0.4583 -0.6282
vn 0.5511 -0.4953 -0.6715
vn -0.5875 -0.5426 -0.6003
vn -0.5933 -0.5539 0.5840
vn 0.7164 0.5648 -0.4095
vn -0.7106 0.6992 0.0785
vn -0.8934 0.3283 0.3068
vn 0.9536 0.1097 0.2804
vn 0.7070 0.7072 -0.0000
vn 0.0309 -0.8719 0.4888
vn 0.4875 0.8704 0.0696
vn 0.9916 0.0827 -0.0998
vn 1.0000 -0.0031 -0.0095
vn -0.4097 -0.0512 -0.9108
vn 0.9993 0.0374 -0.0021
vn 0.5455 0.8182 0.1818
vn 0.7235 -0.5879 0.3618
vn 0.3658 0.7926 -0.4878
vn 0.6311 -0.6312 0.4508
vn 0.8276 0.1034 0.5517
vn 0.4270 0.5992 0.6772
vn 0.1283 0.1153 -0.9850
vn -0.0074 0.9735 0.2285
vn -0.6696 -0.7407 -0.0548
vn 0.7749 -0.6074 -0.1750
vn 0.0261 -0.0235 0.9994
vn -0.1659 0.9542 0.2489
vn -0.1210 0.7867 -0.6054
vn 0.0857 0.8996 0.4282
vn -0.1726 0.9503 0.2592
vn 0.2120 0.7420 -0.6360
vn -0.5319 0.5763 -0.6204
vn -0.0509 0.9987 0.0011
vn -0.6875 0.7241 0.0550
vn 0.0010 0.9487 0.3162
vn 0.0062 1.0000 -0.0000
vn 0.3525 0.9277 -0.1231
vn -0.8821 0.1035 -0.4595
vn -0.2575 0.0001 -0.9663
vn -0.4429 0.4951 -0.7474
vn -0.6195 -0.0206 0.7847
vn -0.6358 -0.0000 0.7718
vn 0.6936 -0.7157 0.0823
vn 0.3555 -0.9238 0.1422
vn -0.6762 -0.6751 0.2949
vn -0.6776 0.4638 0.5707
vn -0.9126 0.4057 -0.0507
vn -0.6484 -0.4666 0.6016
vn 0.2570 0.7153 -0.6499
vn -0.2592 0.9502 -0.1729
vn 0.8198 -0.3658 -0.4406
vn 0.5132 -0.7520 -0.4137
vn 0.9999 0.0152 0.0019
vn -0.4814 0.6059 0.6334
vn -0.4223 0.7307 0.5364
vn -0.2866 0.1639 0.9439
vn 0.1231 -0.4924 0.8616
vn -0.6042 0.5818 0.5445
vn -0.7563 0.1069 0.6454
vn 0.7255 0.5991 0.3387
vn 0.5662 0.7610 0.3168
vn -0.5730 0.8163 0.0724
vn 0.3804 0.8911 0.2474
vn -0.0343 0.0010 0.9994
vn -0.5594 0.3678 0.7428
vn 0.8968 0.4425 0.0041
vn 0.7623 0.6290 0.1524
vn 0.9165 -0.3350 0.2186
vn 0.8922 -0.3886 -0.2302
vn 0.7881 0.6124 -0.0623
vn 0.3726 -0.8849 -0.2794
vn -0.4573 0.0019 0.8893
vn -0.6053 -0.0101 0.7959
vn 0.7163 0.1074 0.6895
vn -0.8882 0.0250 0.4587
vn -0.0000 -0.0158 0.9999
vn -0.6783 -0.0067 0.7348
vn 0.7965 -0.0062 0.6046
vn -0.3505 -0.0584 0.9347
vn -0.3124 -0.1562 0.9370
vn 0.1301 0.5245 0.8414
vn -0.0171 0.1466 0.9890
vn 0.6092 -0.6092 0.5077
vn 0.8638 0.4321 0.2592
vn -0.8154 0.5740 0.0751
vn -0.8600 0.5039 -0.0807
vn -0.5494 0.8208 0.1568
vn -0.7219 0.6542 -0.2255
vn 0.0791 -0.9532 0.2918
vn -0.0795 0.9142 0.3973
vn -0.6667 0.3333 0.6667
vn 0.4969 -0.8447 0.1988
vn -0.8744 -0.2783 -0.3974
vn -0.6859 -0.5012 -0.5276
vn -0.1335 0.7957 -0.5908
vn -0.6402 0.7682 -0.0000
vn -0.8420 0.3608 -0.4010
vn 0.5528 -0.4682 -0.6894
vn -0.2691 0.8673 -0.4187
vn 0.6883 0.6882 0.2294
vn 0.7929 0.5948 0.1322
vn 0.5518 0.4905 0.6745
vn -0.1961 0.7845 0.5884
vn 0.9840 0.1770 0.0192
vn 0.9735 0.2167 -0.0733
vn 0.5321 0.8437 -0.0711
vn 0.4924 0.8586 0.1426
vn 0.9846 0.0524 0.1670
vn 0.7621 0.4267 -0.4870
vn 0.7179 -0.0250 0.6957
vn -0.9658 0.0992 -0.2395
vn -0.5306 -0.8451 -0.0651
vn -0.3142 -0.3930 -0.8642
vn -0.7581 -0.3791 0.5307
vn -0.2939 0.0367 -0.9551
vn -0.3927 -0.3143 0.8643
vn -0.4435 -0.1266 0.8873
vn -0.0967 -0.4834 0.8701
vn 0.3390 0.5508 0.7627
vn -0.2672 0.5346 0.8017
vn -0.0000 -1.0000 -0.0068
vn 0.9991 0.0070 0.0410
vn 0.7024 0.0684 0.7085
vn -0.1789 -0.9839 0.0006
vn 0.2919 -0.8028 0.5199
vn 0.2741 -0.0687 0.9592
vn -0.4789 -0.0000 0.8779
vn 0.0438 -0.7732 0.6326
vn 0.2649 -0.9272 0.2649
vn 0.5074 -0.2097 0.8358
vn 0.3934 0.1786 -0.9019
vn 0.8406 0.4992 -0.2101
vn 0.6094 0.5593 -0.5620
vn -0.1145 0.3330 -0.9360
vn -0.8905 -0.2046 -0.4063
vn -0.3941 0.4973 0.7729
vn 0.3714 -0.9285 -0.0000
vn 0.7407 -0.6211 -0.2562
vn 0.3329 -0.5265 -0.7823
vn 0.2861 -0.9534 0.0953
vn -0.8700 -0.3987 -0.2900
vn -0.6515 -0.7569 0.0512
vn -0.3657 -0.7927 0.4877
vn 0.2703 -0.9605 -0.0660
vn -0.8509 -0.4469 0.2759
vn -0.7580 -0.6200 -0.2025
vn -0.4470 -0.8451 0.2933
vn 0.1322 -0.9912 -0.0000
vn 0.2279 -0.9116 -0.3420
vn 0.3064 -0.5209 -0.7967
vn 0.7468 0.6650 -0.0055
vn 0.2161 0.9760 0.0253
vn 0.7044 0.6163 0.3522
vn 0.7368 -0.5219 0.4298
vn -0.7040 -0.2218 -0.6746
vn 0.7341 -0.6717 -0.0999
vn -0.1016 -0.3672 -0.9246
vn 0.0089 -0.3070 -0.9517
vn -0.0587 -0.8878 -0.4564
vn 0.3711 0.0395 -0.9278
vn 0.0811 -0.9967 -0.0000
vn 0.0289 0.2163 -0.9759
vn -0.1582 -0.4401 -0.8839
vn -0.1064 -0.0695 -0.9919
vn 0.3042 0.8363 -0.4561
vn 0.9716 0.0668 0.2269
vn 0.1069 0.4582 -0.8824
vn 0.1097 0.5897 -0.8001
vn 0.1510 -0.0468 -0.9874
vn -0.5150 -0.8257 0.2300
vn 0.4083 -0.8165 0.4082
vn 0.3212 -0.9283 0.1874
vn 0.2726 -0.9524 0.1363
vn -0.0322 -0.6890 0.7241
vn 0.1010 0.9091 -0.4041
vn -0.0000 0.8683 -0.4961
vn 0.6506 0.7482 -0.1301
vn 0.1644 0.9864 -0.0000
vn -0.3671 0.8599 0.3547
vn -0.1990 0.8955 0.3980
vn 0.4482 0.8648 0.2266
vn -0.3714 0.5570 0.7429
vn -0.5517 0.7242 0.4138
vn -0.0729 0.9973 0.0122
vn -0.3341 0.9414 0.0456
vn -0.3845 -0.9133 -0.1344
vn -0.0032 -0.4416 0.8972
vn 0.2769 -0.4842 -0.8300
vn 0.5485 0.1848 -0.8155
vn 0.5992 -0.5944 0.5363
vn 0.1054 0.8433 0.5270
vn 0.2481 0.7443 0.6201
vn -0.0074 -0.0602 0.9982
vn 0.4489 0.7863 -0.4245
vn -0.6322 -0.4109 0.6568
vn 0.4112 -0.4010 -0.8186
vn -0.0000 -0.9864 0.1644
vn -0.5291 0.0250 -0.8482
vn 0.5837 -0.3798 -0.7177
vn -0.5409 -0.4690 -0.6981
vn 0.6554 0.1221 -0.7453
vn -0.6729 0.5422 -0.5032
vn -0.1561 0.9753 0.1561
vn 0.3333 0.6667 0.6667
vn -0.2649 0.9272 0.2649
vn 0.0725 0.1808 -0.9808
vn -0.1241 0.7266 0.6758
vn 0.0828 0.0434 0.9956
vn -0.6777 0.6659 0.3119
vn 0.6366 0.3554 -0.6844
vn 0.3234 0.8893 -0.3234
vn 0.5029 0.4386 -0.7448
vn 0.9912 -0.1270 -0.0379
vn 0.0957 -0.8132 0.5740
vn 0.2723 -0.0250 0.9619
vn -0.9217 0.0610 -0.3832
vn -0.3014 -0.9045 -0.3017
vn -0.6748 -0.2400 -0.6979
vn -0.7188 0.4928 -0.4904
vn -0.7522 0.6279 0.2001
vn -0.9699 -0.2321 0.0736
vn -0.7003 -0.5822 0.4131
vn 0.1632 0.6354 0.7547
vn 0.0543 -0.7914 0.6088
vn 0.7734 0.6269 -0.0946
vn -0.6661 0.7318 -0.1442
vn -0.1226 0.9923 0.0191
vn -0.0616 -0.5651 -0.8227
vn 0.1925 -0.9622 -0.1925
vn -0.3054 -0.7723 -0.5570
vn 0.7359 -0.2369 -0.6343
vn 0.6901 0.0106 -0.7236
vn 0.9491 0.0144 -0.3145
vn 0.9934 0.1063 -0.0441
vn 0.8110 0.0291 0.5844
vn 0.1472 0.6617 0.7352
vn 0.0383 -0.9964 0.0751
vn 0.5488 0.6190 0.5619
vn -0.7010 0.6078 -0.3731
vn 0.6387 0.6801 -0.3599
vn 0.1219 -0.6707 0.7317
vn 0.4084 -0.8062 0.4282
vn 0.5241 -0.3276 0.7861
vn 0.2426 -0.0000 0.9701
vn 0.3249 0.9206 -0.2166
vn 0.8370 -0.0069 -0.5472
vn -0.6943 -0.6795 0.2370
vn -0.5345 -0.6548 0.5345
vn -0.6389 0.7546 0.1499
vn -0.8873 0.4601 0.0329
vn -0.8310 -0.4726 -0.2934
vn -0.7926 0.6056 -0.0714
vn -0.4578 -0.4742 -0.7521
vn 0.1298 -0.9909 0.0353
vn -0.8409 -0.5188 0.1539
vn -0.2407 -0.1202 0.9631
vn -0.3516 0.5274 0.7734
vn 0.9896 0.0059 0.1434
vn 0.9994 -0.0282 -0.0179
vn 0.9811 -0.0321 0.1910
vn 0.8755 -0.4745 0.0918
vn 0.6911 -0.6370 0.3415
vn 0.0561 -0.6168 -0.7851
vn 0.5025 -0.5025 -0.7035
vn 0.6443 0.3029 0.7023
vn 0.0248 0.9994 -0.0240
vn -0.6240 0.3167 -0.7144
vn -0.6769 -0.0806 0.7316
vn 0.3322 -0.1565 0.9301
vn 0.0031 1.0000 -0.0000
vn -0.2294 0.6882 0.6883
vn -0.6131 0.7336 0.2931
vn -0.2850 -0.6412 0.7125
vn 0.1291 0.9884 0.0805
vn -0.4150 0.8993 -0.1383
vn 0.6168 0.7851 0.0561
vn 0.6644 0.7474 0.0001
vn 0.6853 0.4796 -0.5481
vn -0.9547 0.0802 -0.2864
vn -0.9435 -0.2796 -0.1779
vn -0.1882 0.4392 0.8784
vn -0.1961 0.5883 0.7845
vn -0.3574 -0.5214 -0.7748
vn 0.3391 0.5086 -0.7914
vn 0.8198 -0.1709 -0.5465
vn -0.4264 -0.6396 -0.6396
vn -0.2490 -0.9213 -0.2988
vn -0.7964 0.4668 -0.3845
vn -0.8039 -0.5862 -0.1005
vn 0.4879 -0.7808 0.3903
vn 0.8541 -0.0887 0.5125
vn -0.3739 0.8933 -0.2493
vn 0.0177 -0.1331 -0.9909
vn 0.4931 0.3390 0.8012
vn 0.4755 0.8322 0.2853
vn 0.8623 -0.2160 0.4580
vn -0.3784 0.1333 0.9160
vn -0.4974 -0.8115 -0.3067
vn -0.0777 -0.1529 0.9852
vn -0.0000 0.7282 -0.6853
vn -0.6582 0.7424 0.1247
vn 0.9906 0.1308 -0.0410
vn 0.2903 0.9098 -0.2966
vn -0.7156 0.4472 -0.5366
vn 0.3755 -0.2381 0.8957
vn 0.3690 -0.6482 0.6661
vn 0.2770 -0.5541 0.7850
vn 0.5505 0.6519 0.5215
vn 0.3426 0.0225 0.9392
vn -0.8461 0.3244 -0.4230
vn -0.7092 0.1250 -0.6939
vn -0.0868 0.1030 -0.9909
vn -0.5293 0.0625 0.8461
vn 0.5506 0.7816 -0.2931
vn 0.8322 0.4871 -0.2648
vn 0.3901 0.8615 -0.3251
vn 0.8938 -0.3352 -0.2978
vn 0.4250 -0.4605 -0.7793
vn -0.7512 -0.4935 -0.4384
vn 0.6554 -0.5735 -0.4915
vn 0.9946 -0.0697 0.0769
vn 0.0416 -0.5536 0.8317
vn 0.1365 -0.8265 0.5461
vn 0.9935 -0.0385 0.1070
vn -0.3674 0.0842 0.9262
vn 0.9452 0.0627 0.3205
vn 0.5298 0.6623 -0.5298
vn 0.5312 -0.8449 0.0632
vn 0.5553 0.5993 -0.5766
vn 0.9988 -0.0489 -0.0099
vn 0.6844 -0.2821 -0.6723
vn -0.5872 0.0358 -0.8087
vn -0.0253 0.9997 0.0008
vn 0.0580 0.9983 -0.0006
vn -0.0322 -0.0329 -0.9989
vn 0.2083 0.0542 -0.9766
vn 0.0404 0.6861 -0.7264
vn -0.6601 -0.0455 -0.7498
vn -0.3145 0.6773 -0.6651
vn -0.3424 -0.4947 -0.7988
vn -0.6020 0.3812 -0.7017
vn -0.0000 -0.4229 -0.9062
vn -0.0321 0.5946 -0.8033
vn 0.3863 0.9173 -0.0966
vn 0.5258 0.8179 -0.2337
vn 0.4083 0.8164 -0.4083
vn 0.0001 0.9806 -0.1961
vn 0.4849 0.7278 -0.4850
vn 0.9672 -0.1539 -0.2022
vn 0.9552 0.2189 -0.1990
vn -0.4800 -0.3600 0.8000
vn 0.4197 -0.8978 -0.1336
vn 0.3522 -0.6164 0.7043
vn 0.8843 -0.4644 0.0484
vn 0.5863 0.6887 -0.4266
vn 0.2315 -0.4920 0.8393
vn 0.3704 -0.9259 -0.0742
vn -0.7250 0.5052 0.4681
vn -0.6980 0.1171 0.7064
vn 0.7097 -0.5494 0.4410
vn -0.3110 0.8552 -0.4146
vn -0.2762 -0.9565 0.0944
vn 0.3693 -0.9233 -0.1055
vn -0.3980 -0.8955 -0.1990
vn 0.4350 -0.6814 0.5886
vn -0.0903 -0.9940 -0.0621
vn 0.7319 -0.6704 -0.1218
vn 0.3127 0.9466 0.0781
vn 0.3974 0.9142 0.0795
vn 0.0573 0.9579 0.2812
vn -0.0097 0.0191 -0.9998
vn -0.3465 0.7403 0.5761
vn -0.6788 0.6110 0.4074
vn -0.7930 0.5657 0.2260
vn -0.3112 0.5450 0.7785
vn 0.3555 -0.9331 -0.0533
vn 0.6337 -0.4436 -0.6337
vn 0.8937 -0.4469 -0.0387
vn 0.8630 0.4824 -0.1502
vn 0.8494 -0.4958 -0.1806
vn 0.5264 -0.8372 -0.1484
vn 0.9906 -0.0136 -0.1359
vn -0.0768 -0.4613 -0.8839
vn -0.0088 -0.9814 0.1917
vn 0.4165 -0.3124 -0.8538
vn 0.6388 -0.7087 0.2994
vn 0.5991 0.5311 -0.5992
vn -0.1882 0.1479 -0.9709
vn -0.6214 0.6848 -0.3808
vn -0.4151 -0.3719 -0.8303
vn -0.1728 0.7938 -0.5831
vn 0.6523 0.3625 0.6656
vn -0.6298 -0.1184 0.7677
vn 0.6992 -0.1568 0.6975
vn -0.5775 0.5776 0.5769
vn 0.1414 0.9900 -0.0000
vn 0.1164 -0.4781 0.8706
vn 0.3714 0.7428 0.5571
vn 0.1162 0.9300 -0.3488
vn 0.4017 -0.0730 0.9128
vn 0.3220 -0.1207 0.9390
vn -0.7684 0.3293 0.5488
vn -0.0029 0.0832 0.9965
vn -0.5405 0.5023 0.6749
vn -0.5546 0.8321 -0.0000
vn -0.7979 -0.5761 -0.1773
vn -0.0000 0.0011 -1.0000
vn -1.0000 -0.0000 -0.0034
vn -0.1425 -0.4987 0.8550
vn -0.0000 -0.3511 0.9363
vn 0.9959 -0.0217 0.0880
vn 0.8506 -0.0074 -0.5258
vn 0.9999 -0.0133 -0.0000
vn -0.3158 -0.0526 0.9474
vn 0.1195 -0.6870 0.7168
vn -0.3568 0.6782 0.6424
vn -0.6727 0.7399 -0.0000
vn -0.0824 0.8653 -0.4945
vn -0.0000 0.5855 -0.8107
vn -0.0000 0.6585 -0.7526
vn -0.2387 0.7956 -0.5568
vn -0.3327 -0.3189 -0.8875
vn 0.3292 0.1235 -0.9362
vn -0.0779 -0.7785 0.6228
vn -0.4456 -0.8908 0.0891
vn -0.1153 -0.9438 0.3098
vn 0.2977 0.8445 0.4452
vn -0.3192 0.6943 0.6451
vn -0.0000 -0.5378 0.8430
vn -0.1849 0.6471 -0.7396
vn 0.3713 0.5572 -0.7427
vn -0.0894 -0.9908 -0.1014
vn -0.0209 -0.9995 0.0240
vn 0.0601 -0.3343 -0.9405
vn 0.5969 -0.7961 -0.0995
vn 0.0744 0.6987 -0.7115
vn -0.0854 0.7255 -0.6829
vn -0.0000 0.6402 -0.7682
vn -0.3947 -0.5240 -0.7547
vn -0.3226 0.3944 -0.8604
vn -0.0915 -0.4575 -0.8845
vn 0.4363 0.8781 0.1964
vn 0.6832 0.7226 0.1052
vn 0.6930 0.6096 -0.3850
vn 0.2950 0.8729 0.3886
vn 0.7796 0.5842 0.2257
vn 0.7023 0.7022 0.1170
vn 0.7658 0.5993 0.2331
vn 0.7661 -0.6325 0.1140
vn -0.2050 -0.9734 -0.1025
vn 0.7835 0.3373 0.5219
vn 0.0706 -0.9957 0.0602
vn -0.0434 -0.9990 0.0126
vn 0.4730 -0.7315 -0.4910
vn -0.0844 0.6265 0.7748
vn -0.0714 0.9955 0.0622
vn -0.4120 0.6180 0.6696
vn 0.8082 -0.3029 0.5050
vn 0.7105 0.2663 0.6513
vn -0.3024 -0.2747 0.9127
vn -0.4474 0.1092 0.8876
vn -0.1322 0.5173 0.8455
vn 0.8910 0.3264 -0.3155
vn 0.8503 -0.5093 -0.1329
vn -0.2154 0.9333 -0.2872
vn -0.8428 0.4814 0.2408
vn -0.6172 0.7715 0.1543
vn -0.1528 -0.7858 -0.5992
vn 0.2239 0.7832 -0.5801
vn 0.9958 -0.0337 0.0853
vn -0.9726 0.0145 0.2322
vn -0.2596 0.9302 -0.2596
vn -0.6667 -0.3333 -0.6667
vn -0.3162 -0.0000 -0.9487
vn -0.5577 0.7874 -0.2625
vn -0.8944 -0.0000 -0.4472
vn -0.6667 -0.3332 -0.6667
vn -0.3588 0.7626 -0.5383
vn 0.3178 0.9082 0.2724
vn 0.7138 -0.6601 0.2339
vn 0.6232 -0.0808 0.7779
vn -0.3908 0.9109 -0.1326
vn 0.4251 0.4216 -0.8010
vn 0.1854 0.6948 -0.6949
vn -0.5411 -0.8358 -0.0930
vn -0.9552 -0.2571 0.1469
vn -0.5305 -0.7031 -0.4735
vn -0.7109 0.4345 -0.5530
vn -0.8988 -0.2082 -0.3857
vn -0.7820 -0.4963 -0.3771
vn 0.5547 0.8321 -0.0000
vn 0.7075 -0.0000 0.7067
vn 0.1240 0.6199 -0.7748
vn 0.0870 0.2052 0.9748
vn -0.8726 0.4804 0.0883
vn -0.3618 -0.8592 0.3617
vn -0.9631 0.1204 -0.2406
vn -0.8946 0.4469 -0.0000
vn -0.3718 0.0830 0.9246
vn 0.2425 0.5821 0.7761
vn -0.4772 -0.4774 0.7378
vn 0.0936 -0.6557 0.7492
vn 0.1618 0.7480 0.6437
vn 0.0716 0.9310 -0.3580
vn -0.0855 0.7256 0.6828
vn 0.3127 -0.7148 -0.6255
vn 0.5281 0.2097 0.8229
vn -0.0139 -0.0000 0.9999
vn 0.8699 0.4760 -0.1292
vn 0.4352 0.8996 -0.0376
vn 0.0817 -0.1788 0.9805
vn -0.3162 0.9487 -0.0000
vn -0.9282 0.0807 -0.3632
vn -0.9071 -0.4063 -0.1097
vn 0.8376 -0.0419 -0.5446
vn 0.4013 -0.4416 -0.8025
vn -0.0001 -0.9806 -0.1962
vn -0.6667 0.6667 -0.3333
vn -0.2115 0.8812 0.4229
vn -0.0130 0.1539 -0.9880
vn -0.0000 -0.7071 -0.7071
vn -0.2264 -0.7926 -0.5662
vn -0.1137 0.9670 -0.2278
vn -0.3703 0.8519 -0.3704
vn 0.9777 0.0022 -0.2102
vn 0.5996 -0.6917 -0.4025
vn -0.8709 -0.3760 -0.3166
vn 0.5382 0.7399 -0.4036
vn 0.4437 0.8321 -0.3328
vn 0.8910 0.3606 -0.2758
vn 0.5425 0.5130 0.6652
vn 0.0354 0.9978 -0.0552
vn -0.1581 0.8427 0.5147
vn -0.6238 0.6862 -0.3741
vn -0.0161 0.9638 -0.2662
vn -0.8532 0.0652 -0.5174
vn 0.5648 -0.5972 -0.5695
vn -0.6014 -0.6266 0.4956
vn 0.9989 -0.0000 0.0477
vn 0.6190 0.5230 0.5859
vn -0.1913 -0.0002 0.9815
vn 1.0000 -0.0004 -0.0094
vn -0.8536 -0.1005 -0.5112
vn -0.7001 -0.4761 0.5321
vn 0.9941 0.0057 0.1084
vn 0.3192 0.7982 0.5108
vn 0.6975 0.6952 -0.1739
vn -0.4979 0.6149 -0.6115
vn -0.6241 0.7594 0.1838
vn 0.4482 0.8647 0.2266
vn -0.8351 -0.4177 0.3579
vn 0.5181 -0.6390 0.5685
vn 0.0243 -0.8143 -0.5799
vn -0.0000 -0.1240 0.9923
vn -0.3579 -0.2684 0.8944
vn -0.1757 -0.3533 0.9189
vn -0.0540 -0.0000 0.9985
vn -0.8745 0.2274 -0.4284
vn 0.6293 -0.6579 -0.4136
vn -0.0829 -0.1821 -0.9798
vn -0.6459 -0.4426 0.6220
vn 0.2567 -0.6929 0.6738
vn -0.8296 0.5185 -0.2074
vn -0.8943 0.4474 -0.0000
vn 0.1233 0.5854 0.8013
vn -0.0464 -0.9989 -0.0000
vn -0.3046 0.3303 0.8934
vn -0.6492 0.6028 0.4638
vn -0.1334 0.2890 0.9480
vn -0.1988 -0.8956 -0.3979
vn 0.8440 0.2515 0.4737
vn 0.7922 0.1390 -0.5942
vn -0.0000 -0.4472 -0.8944
vn -0.5561 0.6204 0.5530
vn 0.3646 0.6685 0.6482
vn 0.7618 -0.2316 0.6049
vn 0.7035 0.7035 0.1005
vn 0.7319 -0.5348 0.4222
vn 0.6557 0.5450 0.5225
vn 0.7275 -0.4851 -0.4851
vn 0.0831 -0.0000 -0.9965
vn -0.6813 -0.6942 -0.2323
vn -0.4872 -0.8648 -0.1218
vn -0.7148 -0.6961 0.0670
vn 0.1707 0.9816 0.0854
vn -0.6905 -0.6456 -0.3260
vn 0.1324 -0.3897 -0.9114
vn -0.3628 0.2445 0.8992
vn -0.0030 0.0068 1.0000
vn 0.9625 0.1536 -0.2236
vn 0.9991 -0.0399 0.0174
vn -0.0000 -1.0000 0.0001
vn 0.7100 -0.7000 -0.0765
vn -1.0000 0.0012 -0.0050
vn -1.0000 -0.0002 -0.0022
vn -1.0000 0.0001 -0.0028
vn -1.0000 0.0015 -0.0056
vn 0.8530 -0.3113 0.4189
vn 0.2119 -0.9020 0.3762
vn -0.6055 0.7958 -0.0100
vn 0.9963 -0.0854 0.0042
vn 0.2841 0.8990 0.3333
vn 0.1838 0.6961 0.6940
vn -0.5818 0.7157 0.3862
vn -0.0528 -0.9967 -0.0622
vn 0.5454 0.8182 -0.1818
vn -0.0876 -0.0000 0.9962
vn -0.0000 0.8320 0.5548
vn 0.5830 0.1003 -0.8063
vn -0.1283 0.6341 -0.7625
vn -0.4540 -0.4217 -0.7849
vn 0.8274 -0.5212 -0.2092
vn 0.6391 0.7279 -0.2485
vn 0.8968 -0.4344 -0.0841
vn -0.4850 -0.4851 -0.7276
vn 0.4815 0.8428 -0.2405
vn -0.7750 -0.6285 0.0662
vn 0.0026 -0.0498 0.9988
vn -0.9987 -0.0501 0.0034
vn 0.0401 -0.9390 -0.3416
vn -0.0527 -0.0548 -0.9971
vn 0.5974 0.2215 -0.7707
vn -0.6528 -0.0698 -0.7543
vn -0.9992 -0.0409 -0.0018
vn 0.5345 0.8018 -0.2673
vn 0.0033 -0.0039 -1.0000
vn 0.0029 -0.0508 -0.9987
vn 0.9928 -0.1192 0.0118
vn -0.0000 0.0036 -1.0000
vn -0.0000 0.9923 0.1240
vn 0.0117 0.0328 -0.9994
vn -0.0152 0.9741 -0.2256
vn 0.0981 0.9925 -0.0734
vn 0.1201 -0.0763 -0.9898
vn 0.0058 -0.0004 -1.0000
vn 0.0036 -0.0017 -1.0000
vn 0.0062 -0.0001 -1.0000
vn 0.0032 -0.0019 -1.0000
vn 0.0042 -0.0012 -1.0000
vn -0.0153 0.0361 -0.9992
vn 0.0020 -0.3163 -0.9486
vn 1.0000 -0.0000 0.0035
vn -0.1188 -0.9929 -0.0037
vn -0.0000 0.7118 -0.7024
vn -0.1184 0.0002 -0.9930
vn 0.9959 -0.0904 0.0031
vn -0.9976 -0.0668 -0.0161
vn 0.9996 0.0277 0.0057
vt 0.148501 0.185744
vt 0.147512 0.185366
vt 0.148707 0.185294
vt 0.202311 0.127675
vt 0.203945 0.127471
vt 0.203128 0.128900
vt 0.202413 0.127164
vt 0.148441 0.186428
vt 0.256996 0.008470
vt 0.257088 0.007189
vt 0.258618 0.009837
vt 0.253254 0.007098
vt 0.255635 0.009363
vt 0.198811 0.038458
vt 0.199895 0.038420
vt 0.199968 0.039023
vt 0.198048 0.039117
vt 0.196861 0.039195
vt 0.257039 0.190362
vt 0.256600 0.188004
vt 0.257872 0.188361
vt 0.258041 0.190291
vt 0.256297 0.190745
vt 0.249991 0.211616
vt 0.250359 0.209057
vt 0.251863 0.209376
vt 0.062123 0.252159
vt 0.064413 0.252247
vt 0.063932 0.252869
vt 0.251046 0.211649
vt 0.249623 0.211816
vt 0.061768 0.253077
vt 0.061724 0.251895
vt 0.160289 0.007871
vt 0.159909 0.007638
vt 0.160321 0.006553
vt 0.159808 0.008973
vt 0.161370 0.007660
vt 0.160614 0.009525
vt 0.160894 0.006239
vt 0.233969 0.074690
vt 0.233583 0.074289
vt 0.233636 0.073707
vt 0.233839 0.075771
vt 0.235302 0.074503
vt 0.235155 0.075893
vt 0.234386 0.073524
vt 0.390232 0.534644
vt 0.362811 0.558615
vt 0.386355 0.530209
vt 0.397099 0.529490
vt 0.418961 0.558615
vt 0.232756 0.198098
vt 0.232756 0.234480
vt 0.224125 0.232445
vt 0.237598 0.017746
vt 0.238441 0.017029
vt 0.238691 0.017444
vt 0.239029 0.018216
vt 0.236490 0.017005
vt 0.237503 0.018242
vt 0.236042 0.018161
vt 0.300601 0.295674
vt 0.300751 0.291016
vt 0.301735 0.290572
vt 0.302046 0.295584
vt 0.302352 0.300497
vt 0.300601 0.300649
vt 0.264365 0.128313
vt 0.263587 0.127731
vt 0.263688 0.127465
vt 0.263899 0.128594
vt 0.264389 0.127874
vt 0.264943 0.129309
vt 0.128941 0.237910
vt 0.127405 0.238266
vt 0.127550 0.237564
vt 0.129309 0.237410
vt 0.250439 0.043392
vt 0.250357 0.038971
vt 0.251047 0.042714
vt 0.254587 0.046551
vt 0.249514 0.044945
vt 0.249514 0.037942
vt 0.085777 0.207291
vt 0.085945 0.205791
vt 0.086797 0.206949
vt 0.085092 0.206598
vt 0.085828 0.208297
vt 0.077747 0.218091
vt 0.077105 0.219893
vt 0.076422 0.218428
vt 0.077911 0.219329
vt 0.703279 0.884400
vt 0.700563 0.885835
vt 0.664860 0.833012
vt 0.703922 0.884710
vt 0.699943 0.886291
vt 0.131332 0.944818
vt 0.165956 0.882914
vt 0.166717 0.884276
vt 0.167195 0.884653
vt 0.759484 0.884320
vt 0.177825 0.016992
vt 0.176948 0.015260
vt 0.177412 0.015491
vt 0.176432 0.016299
vt 0.178986 0.015955
vt 0.177130 0.017225
vt 0.178280 0.017241
vt 0.109837 0.105153
vt 0.109514 0.104702
vt 0.110728 0.105171
vt 0.677114 0.402952
vt 0.680929 0.243969
vt 0.679126 0.404737
vt 0.674910 0.403715
vt 0.018195 0.377189
vt 0.026225 0.343367
vt 0.023909 0.377663
vt 0.046551 0.378680
vt 0.038219 0.377516
vt 0.046551 0.343266
vt 0.166298 0.078011
vt 0.168951 0.113323
vt 0.163656 0.112670
vt 0.024977 0.246773
vt 0.030705 0.247038
vt 0.024447 0.255170
vt 0.282188 0.051903
vt 0.283658 0.047316
vt 0.284727 0.047576
vt 0.292049 0.054587
vt 0.282344 0.056960
vt 0.281862 0.056971
vt 0.281093 0.052102
vt 0.022414 0.024138
vt 0.020436 0.023918
vt 0.021791 0.023246
vt 0.163291 0.075817
vt 0.162235 0.073941
vt 0.162821 0.073641
vt 0.268963 0.097093
vt 0.266976 0.097492
vt 0.267567 0.096665
vt 0.268383 0.097624
vt 0.163791 0.075336
vt 0.162393 0.075861
vt 0.060380 0.256353
vt 0.060842 0.255026
vt 0.061612 0.256293
vt 0.060675 0.256669
vt 0.058864 0.257039
vt 0.059278 0.255959
vt 0.060173 0.255045
vt 0.181834 0.021742
vt 0.183198 0.022751
vt 0.181798 0.023309
vt 0.181259 0.022741
vt 0.180649 0.020609
vt 0.182148 0.020436
vt 0.183488 0.021678
vt 0.109181 0.253734
vt 0.115516 0.253734
vt 0.109181 0.262066
vt 0.089654 0.175188
vt 0.083115 0.204406
vt 0.076963 0.201847
vt 0.279307 0.005295
vt 0.265369 0.036207
vt 0.273481 0.002808
vt 0.215804 0.001150
vt 0.224136 0.001150
vt 0.215804 0.034482
vt 0.249462 0.153311
vt 0.250086 0.153806
vt 0.249259 0.154289
vt 0.251101 0.152714
vt 0.248932 0.153472
vt 0.248958 0.152384
vt 0.250033 0.152386
vt 0.834889 0.365721
vt 0.899991 0.276799
vt 0.899991 0.431767
vt 0.895812 0.434478
vt 0.828916 0.366572
vt 0.895465 0.272783
vt 0.267725 0.109412
vt 0.267680 0.112350
vt 0.266542 0.110182
vt 0.225869 0.084684
vt 0.226971 0.082957
vt 0.227564 0.084106
vt 0.229042 0.085427
vt 0.266189 0.108968
vt 0.268666 0.110885
vt 0.227627 0.086636
vt 0.165633 0.127949
vt 0.167851 0.128098
vt 0.165583 0.128688
vt 0.166673 0.127198
vt 0.165199 0.127348
vt 0.085291 0.205705
vt 0.085172 0.203961
vt 0.086127 0.204470
vt 0.270428 0.180581
vt 0.269691 0.179169
vt 0.270611 0.180030
vt 0.269339 0.177754
vt 0.270063 0.179069
vt 0.270481 0.178489
vt 0.269987 0.177395
vt 0.076213 0.217283
vt 0.075793 0.217853
vt 0.268883 0.180137
vt 0.267699 0.179572
vt 0.268131 0.178353
vt 0.116992 0.232730
vt 0.118190 0.232660
vt 0.118353 0.248582
vt 0.117659 0.248720
vt 0.122413 0.232731
vt 0.121772 0.233064
vt 0.121629 0.231399
vt 0.122322 0.231088
vt 0.117888 0.231133
vt 0.122162 0.248465
vt 0.065404 0.248929
vt 0.065927 0.248889
vt 0.064883 0.249493
vt 0.063410 0.247416
vt 0.066788 0.247891
vt 0.062504 0.296381
vt 0.061589 0.297342
vt 0.059595 0.294914
vt 0.062511 0.294532
vt 0.065517 0.297734
vt 0.061321 0.294182
vt 0.163998 0.002498
vt 0.164048 0.003634
vt 0.162921 0.003304
vt 0.163602 0.001850
vt 0.164865 0.001696
vt 0.172582 0.107648
vt 0.172551 0.106245
vt 0.173450 0.106953
vt 0.174093 0.108454
vt 0.173613 0.105809
vt 0.174848 0.106691
vt 0.233604 0.071736
vt 0.233583 0.070397
vt 0.234995 0.071328
vt 0.125374 0.234777
vt 0.128580 0.234429
vt 0.126503 0.235492
vt 0.235033 0.073187
vt 0.126059 0.236126
vt 0.126671 0.233120
vt 0.218580 0.254621
vt 0.218850 0.253774
vt 0.222256 0.255897
vt 0.215300 0.254721
vt 0.218644 0.255773
vt 0.215925 0.256553
vt 0.148684 0.181028
vt 0.150004 0.181435
vt 0.148810 0.182610
vt 0.148304 0.182374
vt 0.147342 0.181785
vt 0.148229 0.180858
vt 0.149718 0.180122
vt 0.909472 0.703203
vt 0.910084 0.701810
vt 0.951714 0.760337
vt 0.900922 0.660693
vt 0.624131 0.181033
vt 0.584433 0.169720
vt 0.585169 0.169210
vt 0.260970 0.191665
vt 0.260640 0.191064
vt 0.261863 0.190390
vt 0.258729 0.193101
vt 0.258680 0.192092
vt 0.259635 0.191350
vt 0.263069 0.191798
vt 0.258476 0.191317
vt 0.259517 0.190713
vt 0.020886 0.022043
vt 0.020145 0.022595
vt 0.019770 0.022403
vt 0.259925 0.192255
vt 0.021840 0.020484
vt 0.021206 0.022283
vt 0.249330 0.187870
vt 0.249272 0.188261
vt 0.247898 0.188046
vt 0.248237 0.187817
vt 0.248863 0.187067
vt 0.250063 0.187658
vt 0.080427 0.229235
vt 0.080130 0.230417
vt 0.079722 0.228494
vt 0.205170 0.129309
vt 0.203638 0.129003
vt 0.204762 0.128696
vt 0.082159 0.229800
vt 0.081857 0.230327
vt 0.080316 0.228578
vt 0.081651 0.229085
vt 0.179550 0.113097
vt 0.178266 0.107510
vt 0.209283 0.104338
vt 0.210591 0.108279
vt 0.141572 0.220687
vt 0.265586 0.099938
vt 0.266190 0.098952
vt 0.266607 0.100135
vt 0.264189 0.099294
vt 0.265263 0.098616
vt 0.264722 0.100668
vt 0.265951 0.101095
vt 0.250595 0.185032
vt 0.251016 0.184774
vt 0.250551 0.186106
vt 0.250030 0.186454
vt 0.249551 0.184277
vt 0.248990 0.160396
vt 0.251072 0.160583
vt 0.164153 0.010600
vt 0.162243 0.012058
vt 0.164123 0.010037
vt 0.163242 0.012259
vt 0.164816 0.012122
vt 0.303524 0.357523
vt 0.302308 0.357875
vt 0.369513 0.129607
vt 0.304179 0.362089
vt 0.302186 0.362777
vt 0.291150 0.364414
vt 0.258361 0.122018
vt 0.259654 0.121083
vt 0.259959 0.122061
vt 0.258452 0.122601
vt 0.256773 0.122986
vt 0.256910 0.122488
vt 0.257876 0.120901
vt 0.266475 0.114067
vt 0.267523 0.114376
vt 0.265324 0.114311
vt 0.264364 0.113162
vt 0.266166 0.115295
vt 0.266035 0.113086
vt 0.252224 0.010414
vt 0.250709 0.009707
vt 0.230545 0.239450
vt 0.231032 0.240655
vt 0.227978 0.241166
vt 0.228477 0.240335
vt 0.253491 0.010935
vt 0.249441 0.012069
vt 0.020160 0.006587
vt 0.020975 0.007154
vt 0.019870 0.008395
vt 0.087421 0.203142
vt 0.089496 0.203821
vt 0.087846 0.204443
vt 0.086974 0.203767
vt 0.020353 0.005613
vt 0.019849 0.007133
vt 0.119443 0.249634
vt 0.119052 0.249799
vt 0.118795 0.249223
vt 0.119907 0.249537
vt 0.119878 0.250099
vt 0.118812 0.248552
vt 0.119254 0.248571
vt 0.027565 0.262068
vt 0.027277 0.263276
vt 0.026614 0.262321
vt 0.027369 0.260210
vt 0.028728 0.261491
vt 0.028241 0.263238
vt 0.452635 0.028106
vt 0.285537 0.032758
vt 0.452950 0.020785
vt 0.763114 0.940271
vt 0.931314 0.790872
vt 0.930273 0.941370
vt 0.015687 0.589134
vt 0.122365 0.694553
vt 0.003719 0.813785
vt 0.023833 0.012285
vt 0.024138 0.012609
vt 0.023527 0.013793
vt 0.022638 0.013351
vt 0.023538 0.011953
vt 0.299128 0.015129
vt 0.303762 0.025927
vt 0.299404 0.026715
vt 0.222854 0.013243
vt 0.232438 0.012114
vt 0.231805 0.016198
vt 0.296459 0.026258
vt 0.303416 0.003321
vt 0.307259 0.005791
vt 0.230152 0.020124
vt 0.310641 0.012182
vt 0.311610 0.016294
vt 0.309698 0.020474
vt 0.307159 0.023940
vt 0.297967 0.003547
vt 0.300311 0.003446
vt 0.293463 0.024402
vt 0.231026 0.007685
vt 0.308989 0.008958
vt 0.293300 0.006898
vt 0.294774 0.004950
vt 0.293300 0.022606
vt 0.066946 0.244101
vt 0.065713 0.244432
vt 0.065118 0.243353
vt 0.262750 0.189968
vt 0.264226 0.190827
vt 0.066670 0.243440
vt 0.067241 0.244872
vt 0.066573 0.245796
vt 0.264729 0.190487
vt 0.264614 0.191127
vt 0.264272 0.192055
vt 0.265092 0.189950
vt 0.264145 0.188919
vt 0.759240 0.885445
vt 0.763785 0.887290
vt 0.759117 0.887199
vt 0.704478 0.885407
vt 0.229465 0.083039
vt 0.228334 0.083617
vt 0.228763 0.082470
vt 0.230383 0.082748
vt 0.229617 0.083606
vt 0.230113 0.081743
vt 0.241886 0.000569
vt 0.241414 0.003372
vt 0.241100 0.000507
vt 0.244107 0.000835
vt 0.242268 0.004168
vt 0.251722 0.055394
vt 0.251523 0.055892
vt 0.248225 0.055718
vt 0.251589 0.053859
vt 0.251722 0.156574
vt 0.250996 0.156701
vt 0.250716 0.155750
vt 0.245619 0.221245
vt 0.246396 0.219590
vt 0.247078 0.221115
vt 0.245759 0.221698
vt 0.244270 0.221676
vt 0.244576 0.220642
vt 0.251454 0.155369
vt 0.361374 0.105014
vt 0.359982 0.105017
vt 0.361122 0.062391
vt 0.362157 0.062545
vt 0.362523 0.104852
vt 0.165014 0.015498
vt 0.165170 0.014572
vt 0.165515 0.015118
vt 0.175366 0.103415
vt 0.174608 0.105655
vt 0.173983 0.104489
vt 0.164655 0.014777
vt 0.165515 0.001621
vt 0.164893 0.000464
vt 0.165347 0.002304
vt 0.164924 0.017241
vt 0.263271 0.122191
vt 0.262518 0.121452
vt 0.263507 0.120951
vt 0.264135 0.121414
vt 0.263728 0.124113
vt 0.261991 0.123555
vt 0.261758 0.123055
vt 0.076188 0.224502
vt 0.074436 0.223456
vt 0.076474 0.223475
vt 0.076153 0.227584
vt 0.074552 0.224066
vt 0.077388 0.224807
vt 0.251740 0.001620
vt 0.253248 0.004001
vt 0.251919 0.003907
vt 0.221539 0.239835
vt 0.224698 0.241111
vt 0.221678 0.240940
vt 0.252430 0.000516
vt 0.250562 0.002066
vt 0.221646 0.238308
vt 0.112066 0.102162
vt 0.112068 0.103377
vt 0.111219 0.102778
vt 0.257315 0.191503
vt 0.257322 0.192368
vt 0.111616 0.101719
vt 0.250924 0.190268
vt 0.248604 0.209070
vt 0.244208 0.018500
vt 0.244116 0.017493
vt 0.245066 0.017875
vt 0.270687 0.181233
vt 0.268827 0.181051
vt 0.269928 0.182757
vt 0.243288 0.018965
vt 0.243030 0.017937
vt 0.060647 0.284096
vt 0.061904 0.283904
vt 0.061249 0.285359
vt 0.060060 0.283147
vt 0.060786 0.285901
vt 0.059881 0.284972
vt 0.059388 0.284364
vt 0.058864 0.283492
vt 0.179995 0.010411
vt 0.178061 0.010251
vt 0.179731 0.008560
vt 0.179999 0.010930
vt 0.177683 0.011464
vt 0.180757 0.009402
vt 0.180825 0.011271
vt 0.309025 0.025951
vt 0.304368 0.028397
vt 0.175299 0.110534
vt 0.173915 0.111534
vt 0.174059 0.110033
vt 0.160337 0.004291
vt 0.161362 0.005375
vt 0.160241 0.006003
vt 0.160672 0.003300
vt 0.161936 0.004435
vt 0.175147 0.109776
vt 0.159839 0.005603
vt 0.258973 0.127202
vt 0.260211 0.126987
vt 0.259062 0.127992
vt 0.258544 0.128163
vt 0.258096 0.127168
vt 0.259566 0.125882
vt 0.258618 0.043612
vt 0.257803 0.042560
vt 0.257605 0.038791
vt 0.258537 0.038281
vt 0.158619 0.004921
vt 0.156777 0.007487
vt 0.157495 0.003691
vt 0.013793 0.025537
vt 0.012691 0.026644
vt 0.011152 0.024132
vt 0.230774 0.085433
vt 0.229257 0.085186
vt 0.230616 0.084511
vt 0.231108 0.085002
vt 0.231796 0.086913
vt 0.229617 0.086894
vt 0.257646 0.140851
vt 0.262066 0.139217
vt 0.262066 0.181033
vt 0.250513 0.141299
vt 0.018969 0.028531
vt 0.019626 0.026654
vt 0.020051 0.027816
vt 0.020247 0.029310
vt 0.243350 0.215903
vt 0.245220 0.215846
vt 0.244943 0.217006
vt 0.243515 0.217836
vt 0.244008 0.214839
vt 0.237245 0.006647
vt 0.240881 0.006272
vt 0.237897 0.007647
vt 0.247624 0.062068
vt 0.247013 0.058839
vt 0.248378 0.058429
vt 0.238143 0.004858
vt 0.249808 0.061964
vt 0.246454 0.061786
vt 0.010480 0.173872
vt 0.026724 0.000687
vt 0.016801 0.173456
vt 0.341376 0.968956
vt 0.245602 0.859731
vt 0.341376 0.859401
vt 0.244944 0.968952
vt 0.261605 0.189826
vt 0.062276 0.254034
vt 0.062120 0.256015
vt 0.061419 0.254617
vt 0.063068 0.254686
vt 0.158619 0.161365
vt 0.156698 0.162067
vt 0.157758 0.160421
vt 0.158042 0.159877
vt 0.158526 0.158779
vt 0.158619 0.159761
vt 0.158289 0.161646
vt 0.158334 0.160198
vt 0.011578 0.033094
vt 0.012069 0.034482
vt 0.011599 0.034258
vt 0.080836 0.234901
vt 0.079015 0.235746
vt 0.079457 0.234558
vt 0.267771 0.182757
vt 0.267758 0.181586
vt 0.079242 0.236204
vt 0.266945 0.181938
vt 0.254127 0.160955
vt 0.251855 0.185576
vt 0.253049 0.160846
vt 0.255170 0.161436
vt 0.122368 0.250520
vt 0.121863 0.250993
vt 0.121680 0.250786
vt 0.122187 0.250204
vt 0.117774 0.250561
vt 0.118321 0.250803
vt 0.117930 0.251325
vt 0.118081 0.250111
vt 0.161817 0.070283
vt 0.162353 0.071286
vt 0.160652 0.071800
vt 0.159643 0.071195
vt 0.161750 0.069292
vt 0.162809 0.069531
vt 0.161164 0.069368
vt 0.541155 0.456501
vt 0.650855 0.601718
vt 0.538526 0.458100
vt 0.696545 0.186205
vt 0.606457 0.000607
vt 0.696545 0.000458
vt 0.494990 0.381267
vt 0.650855 0.286722
vt 0.184425 0.023111
vt 0.218487 0.098393
vt 0.219215 0.096367
vt 0.220287 0.097391
vt 0.220300 0.098815
vt 0.220019 0.099150
vt 0.218559 0.098976
vt 0.184481 0.023511
vt 0.184041 0.021147
vt 0.464615 0.873343
vt 0.468835 0.820073
vt 0.466970 0.872024
vt 0.471262 0.817320
vt 0.548270 0.920680
vt 0.166321 0.136186
vt 0.164643 0.134931
vt 0.165270 0.134092
vt 0.247540 0.222412
vt 0.249408 0.156895
vt 0.249450 0.155854
vt 0.095802 0.286242
vt 0.096465 0.287684
vt 0.095474 0.286601
vt 0.095042 0.285748
vt 0.094672 0.285166
vt 0.080276 0.232014
vt 0.081884 0.231441
vt 0.081802 0.232580
vt 0.081848 0.233084
vt 0.080407 0.232589
vt 0.079205 0.232373
vt 0.012905 0.008135
vt 0.012368 0.008524
vt 0.012290 0.008193
vt 0.013774 0.007727
vt 0.013793 0.008052
vt 0.178005 0.014640
vt 0.178227 0.014171
vt 0.180324 0.015161
vt 0.250682 0.187926
vt 0.251445 0.187404
vt 0.251367 0.187623
vt 0.250296 0.188090
vt 0.251517 0.188787
vt 0.250941 0.187380
vt 0.238888 0.020669
vt 0.238736 0.022145
vt 0.237218 0.021351
vt 0.171725 0.112618
vt 0.171831 0.111546
vt 0.173083 0.112928
vt 0.237807 0.020201
vt 0.238943 0.019560
vt 0.172367 0.113792
vt 0.120616 0.231436
vt 0.119881 0.231307
vt 0.119984 0.230124
vt 0.121312 0.232972
vt 0.120932 0.230252
vt 0.262081 0.125122
vt 0.263186 0.124632
vt 0.263705 0.125307
vt 0.262434 0.126307
vt 0.261177 0.125983
vt 0.260733 0.125634
vt 0.262153 0.124651
vt 0.255336 0.039311
vt 0.254443 0.039238
vt 0.254858 0.036049
vt 0.254765 0.042369
vt 0.256098 0.039318
vt 0.255719 0.042364
vt 0.162132 0.002698
vt 0.162646 0.001591
vt 0.175498 0.108823
vt 0.174091 0.108988
vt 0.175632 0.107911
vt 0.614888 0.023577
vt 0.616279 0.025738
vt 0.344177 0.119826
vt 0.171503 0.343886
vt 0.362866 0.045204
vt 0.274855 0.347415
vt 0.356031 0.538682
vt 0.078832 0.634339
vt 0.046054 0.538682
vt 0.171535 0.347651
vt 0.080071 0.637924
vt 0.238090 0.068630
vt 0.237834 0.069942
vt 0.236342 0.068605
vt 0.237309 0.067170
vt 0.238657 0.067994
vt 0.238778 0.069128
vt 0.064745 0.256780
vt 0.064469 0.255766
vt 0.065699 0.255701
vt 0.066016 0.256791
vt 0.067241 0.283083
vt 0.065592 0.282998
vt 0.063428 0.257603
vt 0.151695 0.181688
vt 0.151420 0.180169
vt 0.151723 0.182193
vt 0.150043 0.182056
vt 0.073402 0.223375
vt 0.073849 0.222012
vt 0.073581 0.225020
vt 0.073741 0.225376
vt 0.091090 0.251722
vt 0.092329 0.154052
vt 0.096551 0.251722
vt 0.239653 0.817233
vt 0.013987 0.817233
vt 0.115045 0.705007
vt 0.600189 0.831026
vt 0.700515 0.718848
vt 0.825854 0.831026
vt 0.103447 0.129268
vt 0.102749 0.129777
vt 0.102114 0.128268
vt 0.103423 0.130411
vt 0.180787 0.005030
vt 0.179320 0.005066
vt 0.181117 0.003510
vt 0.180457 0.006551
vt 0.023149 0.000386
vt 0.022029 0.001614
vt 0.020221 0.001085
vt 0.265815 0.180433
vt 0.266871 0.180465
vt 0.265697 0.181476
vt 0.024138 0.000484
vt 0.023018 0.001712
vt 0.267008 0.179705
vt 0.234480 0.012430
vt 0.064363 0.244152
vt 0.065360 0.245140
vt 0.066420 0.246295
vt 0.759166 0.889334
vt 0.759049 0.889850
vt 0.704907 0.887499
vt 0.758962 0.888044
vt 0.705186 0.888180
vt 0.181994 0.018817
vt 0.181259 0.019929
vt 0.179610 0.019199
vt 0.180382 0.018498
vt 0.182092 0.017166
vt 0.182782 0.018636
vt 0.182484 0.020119
vt 0.261473 0.107118
vt 0.262768 0.107930
vt 0.262958 0.109077
vt 0.254897 0.001265
vt 0.254738 0.004391
vt 0.674082 0.405487
vt 0.550928 0.465243
vt 0.550089 0.463418
vt 0.674261 0.406456
vt 0.675758 0.408994
vt 0.219823 0.100120
vt 0.220587 0.100317
vt 0.221161 0.101138
vt 0.219956 0.101680
vt 0.219025 0.100915
vt 0.227907 0.242383
vt 0.230776 0.243351
vt 0.226922 0.243110
vt 0.248232 0.151049
vt 0.249140 0.151352
vt 0.248489 0.151408
vt 0.246771 0.151184
vt 0.247058 0.150578
vt 0.022045 0.026465
vt 0.020912 0.027312
vt 0.020225 0.026148
vt 0.022414 0.028043
vt 0.249008 0.150759
vt 0.022099 0.008435
vt 0.022724 0.009066
vt 0.022094 0.009691
vt 0.021153 0.009373
vt 0.021155 0.008745
vt 0.295038 0.065484
vt 0.294428 0.066796
vt 0.291216 0.065245
vt 0.298357 0.063128
vt 0.298636 0.064713
vt 0.256579 0.185630
vt 0.258297 0.185258
vt 0.258387 0.186301
vt 0.026599 0.259408
vt 0.026283 0.259697
vt 0.025540 0.259377
vt 0.026669 0.257425
vt 0.027304 0.258234
vt 0.028269 0.259034
vt 0.257890 0.187059
vt 0.158041 0.157949
vt 0.157264 0.159437
vt 0.266205 0.182595
vt 0.266504 0.181815
vt 0.265509 0.182459
vt 0.157324 0.157265
vt 0.248417 0.184570
vt 0.246820 0.184876
vt 0.245839 0.160907
vt 0.247821 0.185425
vt 0.247991 0.160832
vt 0.248472 0.186221
vt 0.026910 0.263896
vt 0.024856 0.263767
vt 0.027074 0.264272
vt 0.027926 0.264306
vt 0.031880 0.379306
vt 0.034092 0.342914
vt 0.220628 0.095869
vt 0.222838 0.095782
vt 0.221303 0.096879
vt 0.221369 0.094586
vt 0.241218 0.232756
vt 0.237195 0.183863
vt 0.241377 0.184191
vt 0.237195 0.232756
vt 0.098401 0.275859
vt 0.098401 0.137328
vt 0.105171 0.275859
vt 0.164645 0.131812
vt 0.166297 0.133349
vt 0.164310 0.132473
vt 0.166056 0.131689
vt 0.165357 0.131043
vt 0.199086 0.297656
vt 0.101842 0.295121
vt 0.193939 0.291720
vt 0.047344 0.537063
vt 0.347831 0.442512
vt 0.377582 0.537064
vt 0.293353 0.000010
vt 0.000010 0.608378
vt 0.346507 0.438303
vt 0.221229 0.103202
vt 0.220600 0.102408
vt 0.221197 0.102216
vt 0.221776 0.102834
vt 0.232585 0.085120
vt 0.232345 0.085677
vt 0.231350 0.084453
vt 0.232756 0.082809
vt 0.218487 0.103447
vt 0.177327 0.007273
vt 0.177591 0.006144
vt 0.178336 0.007033
vt 0.177092 0.008522
vt 0.176432 0.006111
vt 0.236948 0.071497
vt 0.236948 0.069998
vt 0.238993 0.071003
vt 0.237527 0.071205
vt 0.065709 0.251236
vt 0.065056 0.252889
vt 0.253800 0.209196
vt 0.252967 0.211472
vt 0.021031 0.002046
vt 0.021358 0.002346
vt 0.267378 0.178339
vt 0.267202 0.177807
vt 0.268116 0.177116
vt 0.298444 0.065637
vt 0.293590 0.068965
vt 0.289873 0.066261
vt 0.290693 0.068387
vt 0.259354 0.186954
vt 0.259384 0.188573
vt 0.258215 0.187856
vt 0.260634 0.185891
vt 0.260664 0.187352
vt 0.654681 0.224212
vt 0.669921 0.224801
vt 0.666239 0.226232
vt 0.658800 0.223103
vt 0.533222 0.139032
vt 0.654861 0.228652
vt 0.246365 0.017106
vt 0.246983 0.016510
vt 0.246899 0.017362
vt 0.245127 0.016644
vt 0.245903 0.018822
vt 0.245210 0.015491
vt 0.179731 0.007826
vt 0.180832 0.008927
vt 0.178631 0.007460
vt 0.100535 0.128564
vt 0.101588 0.129391
vt 0.100067 0.129881
vt 0.180889 0.007891
vt 0.293863 0.041678
vt 0.287138 0.043269
vt 0.289949 0.041317
vt 0.291442 0.040630
vt 0.294045 0.039547
vt 0.297899 0.041618
vt 0.299997 0.045307
vt 0.159409 0.007852
vt 0.160045 0.006260
vt 0.173499 0.112861
vt 0.172604 0.111278
vt 0.127042 0.232603
vt 0.129054 0.232773
vt 0.042918 0.302638
vt 0.039281 0.301047
vt 0.043093 0.301190
vt 0.046195 0.299541
vt 0.046551 0.301639
vt 0.042535 0.303445
vt 0.165245 0.013279
vt 0.293530 0.365720
vt 0.298880 0.364372
vt 0.297066 0.365205
vt 0.552024 0.467237
vt 0.673665 0.407698
vt 0.551665 0.466487
vt 0.264794 0.122428
vt 0.265320 0.121623
vt 0.264668 0.123241
vt 0.077739 0.224081
vt 0.076588 0.222296
vt 0.078141 0.221944
vt 0.078362 0.224574
vt 0.077801 0.225024
vt 0.816099 0.366221
vt 0.818340 0.370139
vt 0.816521 0.367465
vt 0.760459 0.337945
vt 0.816580 0.365414
vt 0.753243 0.135174
vt 0.671909 0.226805
vt 0.696572 0.389981
vt 0.110959 0.104179
vt 0.110256 0.103893
vt 0.112063 0.104332
vt 0.091447 0.293100
vt 0.092911 0.292436
vt 0.093134 0.292736
vt 0.091999 0.292538
vt 0.090083 0.292360
vt 0.222348 0.101367
vt 0.221630 0.099669
vt 0.194788 0.000790
vt 0.199717 0.035126
vt 0.193990 0.036207
vt 0.185921 0.036025
vt 0.199475 0.000756
vt 0.187740 0.000642
vt 0.018969 0.025767
vt 0.019287 0.025554
vt 0.241128 0.071010
vt 0.240040 0.070584
vt 0.244101 0.218385
vt 0.240371 0.069522
vt 0.240974 0.071792
vt 0.241377 0.070012
vt 0.093368 0.284624
vt 0.091666 0.284235
vt 0.092815 0.283874
vt 0.091899 0.288212
vt 0.022248 0.008125
vt 0.040096 0.298330
vt 0.041089 0.298953
vt 0.021845 0.006675
vt 0.042023 0.300049
vt 0.043363 0.295735
vt 0.044074 0.297311
vt 0.154125 0.046589
vt 0.155171 0.046077
vt 0.154006 0.127569
vt 0.910335 0.653442
vt 0.840609 0.612249
vt 0.910335 0.497699
vt 0.049295 0.372410
vt 0.049295 0.285240
vt 0.050055 0.372410
vt 0.314561 0.365513
vt 0.329041 0.341288
vt 0.329340 0.341467
vt 0.314561 0.332607
vt 0.197858 0.041145
vt 0.196833 0.041838
vt 0.196092 0.040971
vt 0.196785 0.039713
vt 0.198654 0.041234
vt 0.198105 0.042165
vt 0.198228 0.040747
vt 0.674401 0.231243
vt 0.782751 0.368962
vt 0.673741 0.231395
vt 0.674400 0.229625
vt 0.776288 0.239818
vt 0.027793 0.095733
vt 0.027793 0.193101
vt 0.027188 0.193101
vt 0.029310 0.193101
vt 0.242853 0.016902
vt 0.243698 0.016219
vt 0.122349 0.230779
vt 0.121664 0.230463
vt 0.121848 0.229820
vt 0.122413 0.229910
vt 0.117989 0.230827
vt 0.118735 0.230585
vt 0.118596 0.231533
vt 0.118527 0.229989
vt 0.062770 0.244760
vt 0.063915 0.245057
vt 0.159432 0.070020
vt 0.025177 0.265515
vt 0.026625 0.264487
vt 0.063271 0.243631
vt 0.222249 0.248268
vt 0.222802 0.244669
vt 0.224144 0.244623
vt 0.224541 0.248273
vt 0.256322 0.005806
vt 0.220581 0.246982
vt 0.255761 0.004866
vt 0.183641 0.016867
vt 0.184481 0.017230
vt 0.262164 0.110924
vt 0.262795 0.110911
vt 0.261998 0.111608
vt 0.261778 0.111472
vt 0.261574 0.111313
vt 0.261232 0.109498
vt 0.074706 0.208482
vt 0.089654 0.234480
vt 0.023794 0.209032
vt 0.029310 0.242961
vt 0.023794 0.244825
vt 0.248273 0.218951
vt 0.247478 0.220539
vt 0.247070 0.218224
vt 0.245017 0.219106
vt 0.246074 0.218447
vt 0.367917 0.104639
vt 0.365952 0.104643
vt 0.367139 0.062995
vt 0.368873 0.063040
vt 0.369817 0.104696
vt 0.175860 0.106698
vt 0.240541 0.067393
vt 0.115516 0.251722
vt 0.110329 0.251022
vt 0.115516 0.084461
vt 0.419094 0.122989
vt 0.345164 0.429202
vt 0.415776 0.122195
vt 0.356893 0.368962
vt 0.350644 0.201819
vt 0.356893 0.201800
vt 0.525042 0.148446
vt 0.223943 0.237752
vt 0.222749 0.238401
vt 0.221213 0.234831
vt 0.247572 0.007924
vt 0.250529 0.005889
vt 0.250412 0.006867
vt 0.247542 0.010213
vt 0.225827 0.238499
vt 0.101678 0.130692
vt 0.102961 0.131048
vt 0.246904 0.208951
vt 0.247626 0.211256
vt 0.246564 0.210785
vt 0.249463 0.189529
vt 0.246993 0.189291
vt 0.248666 0.190083
vt 0.245339 0.208938
vt 0.083460 0.232143
vt 0.083658 0.231690
vt 0.084331 0.233561
vt 0.062344 0.283084
vt 0.062437 0.284134
vt 0.177386 0.008949
vt 0.288577 0.041128
vt 0.290800 0.039606
vt 0.285480 0.042901
vt 0.284800 0.042252
vt 0.223714 0.096549
vt 0.223193 0.097257
vt 0.222900 0.096670
vt 0.238622 0.018810
vt 0.239653 0.018934
vt 0.237241 0.019101
vt 0.224099 0.097524
vt 0.259298 0.124952
vt 0.261014 0.124800
vt 0.257325 0.124319
vt 0.257081 0.123814
vt 0.258740 0.123904
vt 0.268350 0.113284
vt 0.266169 0.112118
vt 0.165060 0.126843
vt 0.167319 0.126220
vt 0.165771 0.125016
vt 0.164461 0.125708
vt 0.095324 0.290140
vt 0.095884 0.288866
vt 0.096199 0.290450
vt 0.095169 0.291286
vt 0.094958 0.291013
vt 0.269693 0.176339
vt 0.270308 0.175778
vt 0.085092 0.202707
vt 0.121857 0.249148
vt 0.121977 0.249768
vt 0.121242 0.249703
vt 0.117964 0.249208
vt 0.118708 0.249815
vt 0.118228 0.249800
vt 0.121344 0.248970
vt 0.263502 0.188062
vt 0.261574 0.187917
vt 0.263189 0.187012
vt 0.264655 0.188510
vt 0.262915 0.189484
vt 0.261696 0.189033
vt 0.000132 0.155171
vt 0.000132 0.002985
vt 0.006896 0.003265
vt 0.585350 0.521522
vt 0.292038 0.613787
vt 0.583620 0.518256
vt 0.106251 0.109866
vt 0.112068 0.110108
vt 0.106251 0.262066
vt 0.613787 0.613787
vt 0.019306 0.010464
vt 0.019208 0.009135
vt 0.020065 0.009369
vt 0.020605 0.010202
vt 0.020425 0.011520
vt 0.089654 0.205723
vt 0.088883 0.205697
vt 0.089248 0.204735
vt 0.088309 0.207574
vt 0.156424 0.160672
vt 0.302641 0.291503
vt 0.299997 0.060912
vt 0.302953 0.296515
vt 0.163791 0.070305
vt 0.162087 0.071714
vt 0.163523 0.071833
vt 0.012964 0.018109
vt 0.013380 0.017189
vt 0.013793 0.017591
vt 0.011716 0.018775
vt 0.012201 0.018037
vt 0.180015 0.022269
vt 0.178733 0.022309
vt 0.180212 0.021137
vt 0.180870 0.022761
vt 0.180384 0.024968
vt 0.250155 0.154933
vt 0.251270 0.153736
vt 0.250441 0.154512
vt 0.238007 0.015596
vt 0.238590 0.016383
vt 0.239335 0.016887
vt 0.171732 0.105427
vt 0.172830 0.104991
vt 0.172121 0.105977
vt 0.234144 0.008434
vt 0.234358 0.016594
vt 0.260440 0.128975
vt 0.262939 0.127157
vt 0.251617 0.039366
vt 0.074200 0.220936
vt 0.074573 0.219635
vt 0.075790 0.221201
vt 0.074996 0.222266
vt 0.072897 0.220930
vt 0.150490 0.179544
vt 0.149343 0.180118
vt 0.073408 0.219284
vt 0.703964 0.890141
vt 0.664860 0.937921
vt 0.701549 0.889939
vt 0.241377 0.875541
vt 0.172227 0.879937
vt 0.171432 0.878937
vt 0.700617 0.887914
vt 0.704459 0.889060
vt 0.173283 0.881139
vt 0.265113 0.101644
vt 0.266558 0.101923
vt 0.266185 0.103447
vt 0.180578 0.014709
vt 0.179551 0.013539
vt 0.180821 0.013574
vt 0.265221 0.102152
vt 0.093886 0.291989
vt 0.146398 0.182357
vt 0.146572 0.181630
vt 0.243011 0.015647
vt 0.243432 0.015088
vt 0.146197 0.183091
vt 0.821866 0.369379
vt 0.182757 0.007995
vt 0.020689 0.018965
vt 0.019932 0.018081
vt 0.020689 0.016818
vt 0.264700 0.096665
vt 0.265083 0.097630
vt 0.263810 0.097017
vt 0.100285 0.132757
vt 0.101278 0.131368
vt 0.101480 0.132273
vt 0.266559 0.096896
vt 0.181544 0.006479
vt 0.246143 0.185401
vt 0.246616 0.185927
vt 0.163362 0.007694
vt 0.163180 0.007140
vt 0.161646 0.009220
vt 0.163873 0.008919
vt 0.648269 0.119826
vt 0.279176 0.362812
vt 0.238226 0.075479
vt 0.238781 0.074435
vt 0.239121 0.075643
vt 0.237196 0.075822
vt 0.236336 0.074466
vt 0.256506 0.122930
vt 0.237820 0.074033
vt 0.024006 0.001810
vt 0.023393 0.001949
vt 0.279503 0.051693
vt 0.282738 0.044975
vt 0.063231 0.256213
vt 0.062332 0.257427
vt 0.227548 0.082585
vt 0.227438 0.081286
vt 0.241057 0.072147
vt 0.239176 0.072341
vt 0.239121 0.073074
vt 0.241069 0.072754
vt 0.241170 0.073255
vt 0.243350 0.220544
vt 0.243601 0.219908
vt 0.244117 0.218916
vt 0.243913 0.219509
vt 0.245299 0.218076
vt 0.240859 0.074037
vt 0.373426 0.104976
vt 0.374263 0.062374
vt 0.374863 0.104955
vt 0.372659 0.062638
vt 0.371509 0.104998
vt 0.220970 0.098252
vt 0.223439 0.098554
vt 0.222118 0.099350
vt 0.209972 0.905695
vt 0.228617 0.942585
vt 0.206508 0.907821
vt 0.234480 0.945402
vt 0.170445 0.884676
vt 0.168535 0.127813
vt 0.167978 0.129503
vt 0.168408 0.129203
vt 0.167934 0.126955
vt 0.168964 0.127513
vt 0.087994 0.205492
vt 0.118965 0.233054
vt 0.062770 0.249964
vt 0.025273 0.260592
vt 0.025721 0.261301
vt 0.026483 0.260619
vt 0.063300 0.249997
vt 0.025323 0.260288
vt 0.061249 0.298273
vt 0.078896 0.230189
vt 0.079143 0.229600
vt 0.147538 0.189653
vt 0.147463 0.187986
vt 0.148075 0.187517
vt 0.064861 0.893456
vt 0.067165 0.895454
vt 0.061985 0.896172
vt 0.000370 0.819995
vt 0.474133 0.299478
vt 0.361208 0.423615
vt 0.355646 0.418129
vt 0.129365 0.820112
vt 0.267120 0.100521
vt 0.110151 0.101062
vt 0.110410 0.102289
vt 0.108825 0.102558
vt 0.111213 0.101260
vt 0.268277 0.099866
vt 0.267801 0.100554
vt 0.252483 0.189588
vt 0.252501 0.188051
vt 0.253805 0.189135
vt 0.236186 0.019978
vt 0.236188 0.018853
vt 0.161211 0.010704
vt 0.162171 0.010221
vt 0.236042 0.021559
vt 0.492929 0.689915
vt 0.619591 0.803440
vt 0.390549 0.803440
vt 0.624132 0.799099
vt 0.496402 0.685987
vt 0.251722 0.151700
vt 0.251319 0.151087
vt 0.251607 0.152749
vt 0.260103 0.120705
vt 0.370510 0.062850
vt 0.234685 0.069997
vt 0.234426 0.068753
vt 0.235621 0.069902
vt 0.236267 0.071167
vt 0.169617 0.881444
vt 0.147498 0.180166
vt 0.146094 0.180362
vt 0.120897 0.229446
vt 0.238139 0.009206
vt 0.239399 0.009905
vt 0.244067 0.061474
vt 0.244783 0.056990
vt 0.245999 0.057853
vt 0.238631 0.013502
vt 0.098401 0.290736
vt 0.085203 0.241264
vt 0.084085 0.238100
vt 0.086199 0.238393
vt 0.086864 0.241598
vt 0.086848 0.244146
vt 0.083764 0.241928
vt 0.235923 0.072711
vt 0.236890 0.073210
vt 0.237721 0.072637
vt 0.088194 0.288199
vt 0.088199 0.286862
vt 0.087801 0.289148
vt 0.087488 0.286460
vt 0.087492 0.287804
vt 0.147479 0.183567
vt 0.149571 0.183471
vt 0.127269 0.431030
vt 0.229693 0.380362
vt 0.329307 0.431030
vt 0.877329 0.203704
vt 0.949630 0.138489
vt 0.879163 0.205749
vt 0.683751 0.261107
vt 0.779302 0.367238
vt 0.683423 0.367238
vt 0.258601 0.190622
vt 0.087231 0.207638
vt 0.088026 0.206980
vt 0.086651 0.208619
vt 0.081520 0.234569
vt 0.081437 0.233448
vt 0.082281 0.233533
vt 0.180105 0.012085
vt 0.181307 0.012190
vt 0.177780 0.013234
vt 0.178556 0.012228
vt 0.300555 0.029310
vt 0.296533 0.029270
vt 0.164233 0.013443
vt 0.163443 0.013621
vt 0.163011 0.012670
vt 0.003080 0.001724
vt 0.003080 0.000988
vt 0.003448 0.001356
vt 0.121326 0.250122
vt 0.120743 0.250645
vt 0.120515 0.250153
vt 0.121298 0.250951
vt 0.261741 0.126823
vt 0.256959 0.042221
vt 0.257093 0.039075
vt 0.219727 0.102108
vt 0.115003 0.262066
vt 0.265369 0.000837
vt 0.262022 0.119460
vt 0.261154 0.121798
vt 0.261264 0.120202
vt 0.118979 0.250494
vt 0.119696 0.250607
vt 0.199998 0.039632
vt 0.267698 0.180438
vt 0.267050 0.181500
vt 0.064403 0.242050
vt 0.013580 0.009625
vt 0.012411 0.010345
vt 0.012759 0.009260
vt 0.011703 0.017466
vt 0.013793 0.010330
vt 0.265196 0.109564
vt 0.264538 0.108153
vt 0.163803 0.134304
vt 0.163886 0.136205
vt 0.163436 0.135938
vt 0.163070 0.134409
vt 0.095754 0.287611
vt 0.096551 0.288938
vt 0.246756 0.015416
vt 0.248273 0.016863
vt 0.243021 0.010274
vt 0.244293 0.008493
vt 0.242422 0.010455
vt 0.244067 0.051200
vt 0.246157 0.049226
vt 0.246801 0.053026
vt 0.245026 0.053363
vt 0.243263 0.012317
vt 0.289991 0.039162
vt 0.237538 0.022414
vt 0.736363 0.071070
vt 0.796544 0.227584
vt 0.731502 0.072939
vt 0.704327 0.000815
vt 0.164263 0.015203
vt 0.310917 0.006977
vt 0.309312 0.003419
vt 0.313101 0.010937
vt 0.265515 0.119975
vt 0.126421 0.241377
vt 0.126140 0.239467
vt 0.126343 0.238975
vt 0.125682 0.240549
vt 0.265515 0.127479
vt 0.264333 0.126801
vt 0.264767 0.125961
vt 0.127537 0.239717
vt 0.185651 0.477355
vt 0.162615 0.435369
vt 0.263790 0.435826
vt 0.150598 0.182965
vt 0.205170 0.123998
vt 0.203945 0.124815
vt 0.109042 0.104289
vt 0.088061 0.290261
vt 0.087801 0.290463
vt 0.087488 0.289413
vt 0.088964 0.291427
vt 0.060921 0.253179
vt 0.060259 0.253572
vt 0.163102 0.006578
vt 0.179473 0.020111
vt 0.009615 0.177198
vt 0.018103 0.329307
vt 0.000188 0.177788
vt 0.561630 0.720682
vt 0.691656 0.600510
vt 0.795984 0.711857
vt 0.824129 0.503402
vt 0.824129 0.737923
vt 0.707637 0.601145
vt 0.701607 0.593950
vt 0.018103 0.000354
vt 0.247751 0.153947
vt 0.247141 0.153085
vt 0.167256 0.131715
vt 0.166477 0.130695
vt 0.167756 0.130794
vt 0.166603 0.132850
vt 0.248192 0.155139
vt 0.238372 0.001241
vt 0.238959 0.004261
vt 0.237245 0.001787
vt 0.240101 0.003541
vt 0.239713 0.000770
vt 0.250865 0.057859
vt 0.250095 0.058587
vt 0.251681 0.057077
vt 0.021278 0.028970
vt 0.022666 0.004755
vt 0.021221 0.003982
vt 0.022147 0.002753
vt 0.022603 0.001871
vt 0.022293 0.005260
vt 0.023280 0.004113
vt 0.302770 0.000760
vt 0.306571 0.002014
vt 0.262037 0.185161
vt 0.013793 0.020689
vt 0.013350 0.020503
vt 0.013713 0.020287
vt 0.011962 0.009143
vt 0.267419 0.097848
vt 0.265827 0.097916
vt 0.267794 0.098807
vt 0.268887 0.098085
vt 0.246426 0.187312
vt 0.247127 0.186623
vt 0.246542 0.187464
vt 0.251489 0.186221
vt 0.251846 0.186095
vt 0.039246 0.344196
vt 0.031034 0.255170
vt 0.768390 0.407910
vt 0.679124 0.405999
vt 0.017702 0.338289
vt 0.029310 0.340602
vt 0.016260 0.340121
vt 0.001374 0.210259
vt 0.260092 0.122933
vt 0.173519 0.108905
vt 0.173150 0.108273
vt 0.172219 0.110155
vt 0.171997 0.109280
vt 0.173297 0.110704
vt 0.126194 0.237119
vt 0.126986 0.237031
vt 0.125599 0.238132
vt 0.226697 0.029096
vt 0.221365 0.029310
vt 0.221365 0.020442
vt 0.043360 0.333814
vt 0.035491 0.298218
vt 0.048275 0.331737
vt 0.227584 0.021248
vt 0.035491 0.334479
vt 0.074341 0.219241
vt 0.075908 0.219763
vt 0.146077 0.179397
vt 0.145964 0.178929
vt 0.148392 0.179220
vt 0.624023 0.122327
vt 0.582986 0.136725
vt 0.582262 0.136324
vt 0.901836 0.659792
vt 0.624131 0.123036
vt 0.951714 0.638484
vt 0.176937 0.004639
vt 0.178540 0.004282
vt 0.178908 0.005381
vt 0.232730 0.020666
vt 0.230426 0.080819
vt 0.229900 0.081313
vt 0.228672 0.079557
vt 0.230102 0.079116
vt 0.243409 0.004732
vt 0.244825 0.002674
vt 0.244471 0.005456
vt 0.088340 0.285563
vt 0.088730 0.285655
vt 0.064987 0.283658
vt 0.063908 0.283265
vt 0.066280 0.284050
vt 0.066499 0.284686
vt 0.065084 0.284732
vt 0.063732 0.284020
vt 0.166779 0.129563
vt 0.029310 0.260300
vt 0.087861 0.238100
vt 0.088252 0.241303
vt 0.089408 0.238548
vt 0.221277 0.252437
vt 0.219756 0.253008
vt 0.222859 0.253173
vt 0.175777 0.105150
vt 0.365735 0.062872
vt 0.365011 0.104673
vt 0.363975 0.062685
vt 0.011796 0.029193
vt 0.012069 0.029877
vt 0.011158 0.031034
vt 0.077133 0.220852
vt 0.078861 0.221882
vt 0.077490 0.221481
vt 0.078133 0.220158
vt 0.079018 0.220863
vt 0.075892 0.220484
vt 0.119526 0.230395
vt 0.119279 0.231587
vt 0.119094 0.229479
vt 0.176602 0.003238
vt 0.678525 0.408968
vt 0.786199 0.467237
vt 0.676274 0.411475
vt 0.148350 0.187093
vt 0.019932 0.015934
vt 0.243973 0.161285
vt 0.239772 0.073948
vt 0.268963 0.115516
vt 0.230059 0.087930
vt 0.230680 0.087707
vt 0.232756 0.087862
vt 0.146677 0.023280
vt 0.153447 0.175860
vt 0.146156 0.175860
vt 0.034687 0.294825
vt 0.034687 0.001587
vt 0.038793 0.294825
vt 0.574132 0.618015
vt 0.574132 0.706889
vt 0.292647 0.618318
vt 0.006896 0.358617
vt 0.000127 0.358617
vt 0.000127 0.206040
vt 0.245956 0.217389
vt 0.246244 0.217110
vt 0.119724 0.232871
vt 0.121261 0.248346
vt 0.120018 0.248469
vt 0.264099 0.186382
vt 0.264454 0.186124
vt 0.264930 0.187266
vt 0.263910 0.185076
vt 0.061969 0.293250
vt 0.064185 0.294227
vt 0.023821 0.009968
vt 0.198512 0.043805
vt 0.197080 0.043820
vt 0.197634 0.042471
vt 0.199049 0.042619
vt 0.199998 0.043651
vt 0.198703 0.044313
vt 0.063985 0.253903
vt 0.065145 0.254348
vt 0.182996 0.024292
vt 0.182470 0.024706
vt 0.182547 0.025862
vt 0.183815 0.025573
vt 0.242272 0.013505
vt 0.239503 0.013793
vt 0.240809 0.010424
vt 0.244938 0.054891
vt 0.244485 0.056352
vt 0.223174 0.099699
vt 0.165239 0.129877
vt 0.165503 0.129425
vt 0.656938 0.931567
vt 0.651827 0.835983
vt 0.663786 0.937053
vt 0.643657 0.842261
vt 0.560731 0.952185
vt 0.558280 0.947036
vt 0.086805 0.205058
vt 0.029272 0.262522
vt 0.195034 0.042865
vt 0.194407 0.041960
vt 0.195570 0.040994
vt 0.196248 0.042743
vt 0.196654 0.043826
vt 0.215062 0.252966
vt 0.254340 0.042405
vt 0.252719 0.039706
vt 0.280585 0.056773
vt 0.283041 0.061339
vt 0.281500 0.061758
vt 0.161105 0.074669
vt 0.160508 0.073426
vt 0.263728 0.192726
vt 0.264589 0.193101
vt 0.022414 0.021451
vt 0.249146 0.052146
vt 0.248147 0.052236
vt 0.247810 0.049379
vt 0.250326 0.052999
vt 0.249829 0.050330
vt 0.172107 0.108208
vt 0.126899 0.236254
vt 0.044897 0.298635
vt 0.017685 0.039828
vt 0.020689 0.038045
vt 0.018900 0.040810
vt 0.046551 0.296254
vt 0.148194 0.178740
vt 0.208870 0.850059
vt 0.310677 0.814873
vt 0.380493 0.855164
vt 0.177912 0.855164
vt 0.301546 0.815059
vt 0.247771 0.186776
vt 0.247046 0.187646
vt 0.247143 0.187804
vt 0.083080 0.230293
vt 0.082999 0.228793
vt 0.083471 0.229150
vt 0.221501 0.242762
vt 0.221840 0.243798
vt 0.256213 0.001565
vt 0.245072 0.211296
vt 0.243973 0.209349
vt 0.245462 0.212064
vt 0.065668 0.253330
vt 0.223041 0.095067
vt 0.172103 0.111041
vt 0.184186 0.018668
vt 0.297699 0.001150
vt 0.260482 0.123923
vt 0.023356 0.011217
vt 0.023714 0.008981
vt 0.197512 0.044827
vt 0.381030 0.743665
vt 0.226391 0.238875
vt 0.247845 0.010924
vt 0.090371 0.284311
vt 0.091983 0.283819
vt 0.264411 0.112272
vt 0.263302 0.113243
vt 0.263062 0.112658
vt 0.265319 0.110765
vt 0.263617 0.113528
vt 0.263629 0.111553
vt 0.264443 0.110192
vt 0.208063 0.036045
vt 0.207043 0.000642
vt 0.213791 0.035965
vt 0.258062 0.027810
vt 0.263790 0.035882
vt 0.257972 0.036206
vt 0.263790 0.027810
vt 0.312670 0.021455
vt 0.020951 0.003135
vt 0.267561 0.176251
vt 0.120838 0.251062
vt 0.259468 0.184253
vt 0.260916 0.184839
vt 0.258474 0.183749
vt 0.244980 0.013377
vt 0.244971 0.014529
vt 0.244525 0.014421
vt 0.146630 0.186628
vt 0.145964 0.187918
vt 0.145994 0.187033
vt 0.146400 0.184629
vt 0.163199 0.006019
vt 0.012069 0.012943
vt 0.011468 0.013793
vt 0.011468 0.012518
vt 0.122219 0.228876
vt 0.066394 0.286204
vt 0.064387 0.285952
vt 0.127832 0.236770
vt 0.252702 0.042581
vt 0.079310 0.223627
vt 0.084482 0.231775
vt 0.705026 0.886474
vt 0.021967 0.032295
vt 0.020849 0.032703
vt 0.020952 0.031542
vt 0.011125 0.024138
vt 0.011125 0.021751
vt 0.012069 0.022433
vt 0.018654 0.020689
vt 0.018654 0.018741
vt 0.018965 0.020272
vt 0.180132 0.003198
vt 0.178934 0.002776
vt 0.178092 0.001978
vt 0.022414 0.031084
vt 0.064948 0.293221
vt 0.062380 0.292792
vt 0.063136 0.291548
vt 0.065517 0.292393
vt 0.227674 0.079926
vt 0.263698 0.109804
vt 0.263607 0.107118
vt 0.162817 0.125002
vt 0.163129 0.126543
vt 0.162190 0.125842
vt 0.163566 0.123960
vt 0.162190 0.134979
vt 0.246740 0.151634
vt 0.247974 0.152483
vt 0.286655 0.064266
vt 0.284463 0.061190
vt 0.286892 0.065675
vt 0.195293 0.039653
vt 0.195385 0.038259
vt 0.088794 0.291771
vt 0.080283 0.233741
vt 0.078896 0.233244
vt 0.244423 0.007368
vt 0.294692 0.038029
vt 0.298478 0.039796
vt 0.120779 0.249576
vt 0.263595 0.126440
vt 0.262479 0.126744
vt 0.164586 0.002890
vt 0.163470 0.004146
vt 0.166440 0.882320
vt 0.149300 0.183925
vt 0.202719 0.125632
vt 0.203332 0.125224
vt 0.202821 0.125122
vt 0.148989 0.184337
vt 0.225715 0.244477
vt 0.259348 0.189496
vt 0.260870 0.189442
vt 0.089637 0.284627
vt 0.088525 0.284534
vt 0.090502 0.283758
vt 0.020547 0.004639
vt 0.021963 0.005795
vt 0.020791 0.005162
vt 0.285093 0.066019
vt 0.820019 0.361808
vt 0.653783 0.112809
vt 0.118591 0.251269
vt 0.159364 0.072606
vt 0.386278 0.405617
vt 0.425858 0.378461
vt 0.425858 0.489650
vt 0.164011 0.133151
vt 0.313790 0.015982
vt 0.020058 0.025499
vt 0.263288 0.119317
vt 0.264149 0.120596
vt 0.800696 0.240386
vt 0.803440 0.349996
vt 0.702958 0.242567
vt 0.209924 0.681954
vt 0.491374 0.686200
vt 0.209860 0.686200
vt 0.211265 0.593090
vt 0.247033 0.014164
vt 0.262547 0.111890
vt 0.171831 0.110304
vt 0.129309 0.232987
vt 0.233942 0.076692
vt 0.155937 0.010345
vt 0.155653 0.006998
vt 0.153807 0.007640
vt 0.090140 0.292026
vt 0.163435 0.005473
vt 0.049263 0.002389
vt 0.139654 0.003461
vt 0.045548 0.289652
vt 0.365429 0.325837
vt 0.359179 0.325859
vt 0.359179 0.173801
vt 0.045548 0.002337
vt 0.365514 0.173782
vt 0.236520 0.075862
vt 0.013272 0.013793
vt 0.013272 0.012230
vt 0.013793 0.012230
vt 0.235971 0.077585
vt 0.255586 0.123690
vt 0.220581 0.235022
vt 0.251040 0.005397
vt 0.020236 0.005184
vt 0.134481 0.966221
vt 0.064087 0.898380
vt 0.021665 0.206789
vt 0.025862 0.039159
vt 0.025862 0.206894
vt 0.139654 0.199253
vt 0.136258 0.201722
vt 0.136258 0.193098
vt 0.124137 0.224136
vt 0.117113 0.223830
vt 0.124137 0.056291
vt 0.021682 0.011104
vt 0.312066 0.299265
vt 0.304061 0.305615
vt 0.303521 0.301063
vt 0.307307 0.308160
vt 0.265515 0.192849
vt 0.131332 0.821819
vt 0.080498 0.227350
vt 0.155171 0.127585
vt 0.375338 0.062240
vt 0.375858 0.105171
vt 0.359982 0.062109
vt 0.370575 0.156325
vt 0.364542 0.153790
vt 0.399996 0.130587
vt 0.387432 0.199998
vt 0.393046 0.197232
vt 0.376163 0.740840
vt 0.176733 0.002736
vt 0.177035 0.001502
vt 0.060216 0.252516
vt 0.224136 0.099150
vt 0.023617 0.006897
vt 0.023617 0.005732
vt 0.024138 0.005732
vt 0.118699 0.250574
vt 0.224136 0.254521
vt 0.058383 0.295320
vt 0.103341 0.131633
vt 0.155396 0.003834
vt 0.426854 0.568564
vt 0.835623 0.290445
vt 0.822361 0.361205
vt 0.020856 0.034377
vt 0.020098 0.034482
vt 0.022406 0.010007
vt 0.021130 0.012651
vt 0.164731 0.123838
vt 0.230776 0.084299
vt 0.230586 0.083638
vt 0.245668 0.215703
vt 0.257131 0.187106
vt 0.194395 0.039124
vt 0.194741 0.040382
vt 0.377474 0.493989
vt 0.393162 0.525681
vt 0.246798 0.212067
vt 0.263938 0.098272
vt 0.262066 0.011377
vt 0.249403 0.150867
vt 0.250114 0.150975
vt 0.249414 0.151946
vt 0.508678 0.175084
vt 0.512791 0.175503
vt 0.430033 0.480506
vt 0.897538 0.509774
vt 0.826790 0.391591
vt 0.903439 0.505906
vt 0.826790 0.551719
vt 0.121459 0.251424
vt 0.220910 0.259395
vt 0.222090 0.260108
vt 0.220152 0.261770
vt 0.220170 0.258417
vt 0.218504 0.260601
vt 0.820272 0.270687
vt 0.951714 0.270687
vt 0.094552 0.292261
vt 0.012069 0.032920
vt 0.029310 0.264151
vt 0.166955 0.962059
vt 0.169639 0.890291
vt 0.399951 0.126964
vt 0.166426 0.133902
vt 0.162067 0.154584
vt 0.156631 0.155171
vt 0.156631 0.050686
vt 0.264687 0.803440
vt 0.128875 0.687426
vt 0.363789 0.687426
vt 0.199202 0.040438
vt 0.250872 0.008289
vt 0.134481 0.024382
vt 0.134481 0.060344
vt 0.128307 0.059251
vt 0.303991 0.310041
vt 0.302090 0.305887
vt 0.305123 0.310153
vt 0.246998 0.217007
vt 0.218602 0.101505
vt 0.255010 0.010789
vt 0.119662 0.251068
vt 0.656187 0.229805
vt 0.503390 0.368962
vt 0.306288 0.313541
vt 0.304856 0.313790
vt 0.298045 0.041482
vt 0.306864 0.313206
vt 0.089231 0.242507
vt 0.272359 0.179308
vt 0.271753 0.073172
vt 0.320686 0.073172
vt 0.019411 0.033458
vt 0.019176 0.031084
vt 0.199638 0.040839
vt 0.199060 0.041422
vt 0.167571 0.125425
vt 0.066575 0.246820
vt 0.102523 0.131650
vt 0.101894 0.132757
vt 0.020441 0.023208
vt 0.246019 0.189087
vt 0.023905 0.017241
vt 0.023905 0.016076
vt 0.024138 0.016542
vt 0.231378 0.024138
vt 0.875853 0.837923
vt 0.796523 0.799916
vt 0.875853 0.635783
vt 0.848265 0.234480
vt 0.758488 0.048733
vt 0.848267 0.048733
vt 0.119837 0.229237
vt 0.062344 0.285773
vt 0.263587 0.183816
vt 0.263051 0.185123
vt 0.064542 0.249867
vt 0.251651 0.154049
vt 0.171758 0.106808
vt 0.020689 0.041379
vt 0.402109 0.806142
vt 0.372342 0.881695
vt 0.840693 0.611088
vt 0.246458 0.018696
vt 0.059451 0.290115
vt 0.021431 0.341696
vt 0.001374 0.468961
vt 0.441375 0.692970
vt 0.382508 0.779302
vt 0.386919 0.689013
vt 0.879639 0.171836
vt 0.879639 0.088166
vt 0.886484 0.172412
vt 0.494822 0.524132
vt 0.488088 0.522773
vt 0.494822 0.386501
vt 0.120342 0.251722
vt 0.240057 0.074294
vt 0.698498 0.594019
vt 0.561629 0.478445
vt 0.608377 0.202144
vt 0.064167 0.290428
vt 0.241211 0.074355
vt 0.089654 0.243459
vt 0.089529 0.245492
vt 0.178778 0.017096
vt 0.021895 0.006234
vt 0.119630 0.251678
vt 0.033620 0.313790
vt 0.027678 0.000826
vt 0.033620 0.000825
vt 0.248663 0.155616
vt 0.153807 0.000944
vt 0.154953 0.003775
vt 0.012819 0.005172
vt 0.011845 0.001660
vt 0.013793 0.001660
vt 0.011152 0.027586
vt 0.382508 0.688798
vt 0.258193 0.012069
vt 0.531136 0.835983
vt 0.026774 0.261941
vt 0.248273 0.014394
vt 0.000370 0.972404
vt 0.246377 0.188245
vt 0.216357 0.258292
vt 0.219094 0.256656
vt 0.088048 0.246549
vt 0.217198 0.259222
vt 0.215062 0.262066
vt 0.263876 0.113832
vt 0.079310 0.218439
vt 0.234385 0.005291
vt 0.231286 0.005225
vt 0.264662 0.113746
vt 0.136205 0.231032
vt 0.125765 0.231032
vt 0.126180 0.051651
vt 0.349996 0.240166
vt 0.349996 0.393099
vt 0.339628 0.241394
vt 0.889646 0.277329
vt 0.824515 0.362108
vt 0.167618 0.123854
vt 0.263932 0.114838
vt 0.263578 0.114757
vt 0.256604 0.126984
vt 0.134811 0.100965
vt 0.141378 0.206894
vt 0.132151 0.101113
vt 0.342015 0.330593
vt 0.336517 0.302967
vt 0.059764 0.253723
vt 0.078303 0.225328
vt 0.825628 0.365694
vt 0.796544 0.477789
vt 0.066133 0.254393
vt 0.474133 0.548270
vt 0.358098 0.426398
vt 0.228407 0.023218
vt 0.295215 0.001640
vt 0.452231 0.043103
vt 0.284200 0.035425
vt 0.452663 0.034782
vt 0.244777 0.214522
vt 0.234480 0.000831
vt 0.175860 0.021515
vt 0.172511 0.021491
vt 0.172414 0.000854
vt 0.886409 0.088203
vt 0.172441 0.103667
vt 0.199968 0.041558
vt 0.999990 0.380737
vt 0.903886 0.381031
vt 0.904215 0.273775
vt 0.999990 0.272824
vt 0.128593 0.688993
vt 0.241377 0.813785
vt 0.163656 0.120550
vt 0.168964 0.120688
vt 0.071775 0.639063
vt 0.527581 0.032758
vt 0.020456 0.583569
vt 0.027023 0.261805
vt 0.877841 0.687195
vt 0.610237 0.152088
vt 0.857297 0.426728
vt 0.886913 0.477581
vt 0.889646 0.476731
vt 0.662994 0.242247
vt 0.018366 0.249943
vt 0.019462 0.326721
vt 0.026724 0.325723
vt 0.518802 0.982749
vt 0.224534 0.884676
vt 0.399996 0.164578
vt 0.255886 0.136844
vt 0.075626 0.205164
vt 0.681584 0.912277
vt 0.151007 0.851575
vt 0.931025 0.001408
vt 0.889650 0.068008
vt 0.849511 0.001170
vt 0.075861 0.328230
vt 0.344824 0.346757
vt 0.849511 0.134481
vt 0.143081 0.386754
vt 0.613047 0.441393
vt 0.580335 0.464481
vt 0.290113 0.361868
vt 0.391710 0.530006
vt 0.013148 0.019463
vt 0.012571 0.007181
vt 0.011801 0.019996
vt 0.069495 0.223393
vt 0.096551 0.267947
vt 0.069495 0.313790
vt 0.498659 0.458047
vt 0.568960 0.499661
vt 0.498659 0.537926
vt 0.450023 0.452828
vt 0.955163 0.132103
vt 0.229051 0.376186
vt 0.141378 0.005972
vt 0.801051 0.142247
vt 0.803440 0.240659
vt 0.172414 0.025595
vt 0.173980 0.023617
vt 0.175129 0.025862
vt 0.121690 0.249933
vt 0.421357 0.375930
vt 0.382652 0.404697
vt 0.141572 0.001309
vt 0.196821 0.047988
vt 0.796544 0.001248
vt 0.186899 0.479305
vt 0.085139 0.479305
vt 0.367647 0.920680
vt 0.008356 0.001236
vt 0.010345 0.001491
vt 0.008356 0.051724
vt 0.939646 0.941370
vt 0.935219 0.866121
vt 0.939646 0.790872
vt 0.527581 0.043103
vt 0.036800 0.001599
vt 0.039655 0.001171
vt 0.039655 0.099999
vt 0.043645 0.197663
vt 0.043965 0.292782
vt 0.040235 0.293100
vt 0.040235 0.197654
vt 0.041624 0.000531
vt 0.144826 0.018021
vt 0.142269 0.199998
vt 0.142269 0.017687
vt 0.439504 0.744837
vt 0.385835 0.799189
vt 0.120688 0.081812
vt 0.118864 0.080648
vt 0.120688 0.080594
vt 0.120159 0.082758
vt 0.118092 0.082467
vt 0.117569 0.082157
vt 0.116745 0.080930
vt 0.116796 0.079397
vt 0.117996 0.078531
vt 0.119452 0.078503
vt 0.120589 0.079468
vt 0.005935 0.072406
vt 0.006926 0.070450
vt 0.007544 0.072413
vt 0.005218 0.071448
vt 0.005218 0.070327
vt 0.005355 0.069342
vt 0.006433 0.068623
vt 0.007909 0.068446
vt 0.008526 0.069310
vt 0.008621 0.070531
vt 0.008540 0.071513
s 1
usemtl furn_locker
f 2/1/1 1/2/2 3/3/3
f 2/4/4 336/5/4 1082/6/4
f 2/4/4 3/7/4 336/5/4
f 2/1/1 4/8/5 1/2/2
f 5/9/6 721/10/7 1214/11/8
f 5/9/6 6/12/9 721/10/7
f 5/9/6 7/13/10 6/12/9
f 5/9/6 1214/11/8 7/13/10
f 10/14/11 345/15/12 349/16/13
f 10/14/11 8/17/14 9/18/15
f 10/19/11 9/20/15 11/21/16
f 10/19/11 12/22/17 345/23/12
f 10/14/11 349/16/13 8/17/14
f 10/19/11 11/21/16 12/22/17
f 15/24/18 13/25/19 14/26/20
f 15/27/18 17/28/21 16/29/22
f 15/24/18 14/26/20 17/30/21
f 15/24/18 19/31/23 13/25/19
f 15/27/18 18/32/24 19/33/23
f 15/27/18 16/29/22 18/32/24
f 20/34/25 642/35/26 21/36/27
f 20/34/25 462/37/28 642/35/26
f 20/34/25 22/38/29 23/39/30
f 20/34/25 24/40/31 22/38/29
f 20/34/25 23/39/30 462/37/28
f 20/34/25 21/36/27 24/40/31
f 25/41/32 26/42/4 27/43/33
f 25/41/32 644/44/34 26/42/4
f 25/41/32 28/45/35 1326/46/36
f 25/41/32 27/43/33 29/47/37
f 25/41/32 29/47/37 28/45/35
f 25/41/32 1326/46/36 644/44/34
f 30/48/38 1042/49/39 31/50/40
f 30/48/38 32/51/41 33/52/42
f 30/53/43 33/54/43 1042/55/43
f 34/56/44 816/57/45 35/58/46
f 34/56/44 35/58/46 1294/59/47
f 34/56/44 1289/60/48 816/57/45
f 34/56/44 1294/59/47 36/61/49
f 34/56/44 36/61/49 943/62/50
f 34/56/44 943/62/50 1289/60/48
f 37/63/51 38/64/52 39/65/53
f 37/63/51 40/66/54 41/67/55
f 37/63/51 39/65/53 40/66/54
f 37/63/51 41/67/55 42/68/56
f 48/69/4 43/70/4 44/71/57
f 48/69/4 45/72/4 43/70/4
f 48/69/4 46/73/58 47/74/59
f 48/69/4 44/71/57 46/73/58
f 48/75/4 47/76/59 49/77/60
f 48/75/4 49/77/60 45/78/61
f 50/79/62 51/80/63 52/81/64
f 50/79/62 1309/82/65 1310/83/66
f 50/79/62 52/81/64 1309/82/65
f 50/79/62 688/84/67 51/80/63
f 50/79/62 1310/83/66 688/84/67
f 55/85/68 53/86/69 54/87/70
f 55/85/68 57/88/71 53/86/69
f 55/85/68 54/87/70 58/89/72
f 55/90/68 56/91/73 57/92/71
f 55/90/68 58/93/72 56/91/73
f 62/94/74 434/95/75 59/96/76
f 62/94/74 60/97/77 61/98/78
f 62/99/74 59/100/76 63/101/79
f 62/99/74 63/101/79 64/102/80
f 62/94/74 64/103/80 60/97/77
f 62/94/74 61/98/78 434/95/75
f 65/104/81 66/105/82 67/106/83
f 65/104/81 1187/107/84 66/105/82
f 65/104/81 67/106/83 68/108/85
f 65/104/81 69/109/86 1187/107/84
f 65/104/81 68/108/85 70/110/87
f 65/111/81 70/112/87 69/113/86
f 71/114/4 231/115/88 72/116/89
f 71/114/4 72/116/89 1257/117/90
f 71/114/4 1257/117/90 231/115/88
f 76/118/91 73/119/92 77/120/93
f 76/121/91 74/122/94 75/123/95
f 76/124/91 75/125/95 73/126/92
f 76/127/91 77/128/93 74/129/94
f 78/130/96 79/131/97 80/132/98
f 78/130/96 80/132/98 81/133/99
f 78/130/96 81/133/99 82/134/100
f 78/130/96 83/135/101 84/136/102
f 78/130/96 84/136/102 79/131/97
f 78/130/96 82/134/100 83/135/101
f 88/137/103 741/138/104 85/139/105
f 88/140/103 86/141/106 87/142/107
f 88/143/103 89/144/108 741/145/104
f 88/143/103 90/146/109 89/144/108
f 88/140/103 87/142/107 90/147/109
f 88/140/103 85/148/105 86/141/106
f 91/149/110 92/150/111 93/151/112
f 91/149/110 93/151/112 94/152/113
f 91/149/110 500/153/114 499/154/115
f 91/149/110 94/152/113 500/153/114
f 91/149/110 499/154/115 1332/155/116
f 91/149/110 1332/155/116 92/150/111
f 95/156/117 96/157/118 97/158/119
f 95/156/117 98/159/120 99/160/121
f 95/156/117 97/158/119 98/159/120
f 95/156/117 99/160/121 100/161/122
f 95/156/117 100/161/122 101/162/123
f 95/156/117 101/162/123 96/157/118
f 102/163/124 105/164/125 106/165/126
f 102/166/124 103/167/127 104/168/128
f 102/169/124 104/170/128 105/171/125
f 102/172/129 106/173/129 103/174/129
f 107/175/130 108/176/131 109/177/132
f 107/175/130 110/178/133 108/176/131
f 107/175/130 111/179/134 112/180/4
f 107/175/130 113/181/135 110/178/133
f 107/175/130 112/180/4 113/181/135
f 107/175/130 109/177/132 111/179/134
f 114/182/136 115/183/137 116/184/138
f 114/182/136 116/184/138 117/185/139
f 114/182/136 118/186/140 119/187/141
f 114/182/136 117/185/139 118/186/140
f 114/182/136 119/187/141 115/183/137
f 122/188/142 120/189/143 121/190/144
f 122/191/142 125/192/145 123/193/146
f 122/191/142 123/193/146 124/194/147
f 122/188/142 121/190/144 125/195/145
f 122/188/142 126/196/148 120/189/143
f 122/191/142 124/194/147 126/197/148
f 127/198/149 128/199/150 129/200/151
f 127/198/149 130/201/152 128/199/150
f 127/198/149 131/202/153 130/201/152
f 136/203/154 137/204/155 132/205/156
f 1046/206/157 136/207/154 133/208/158
f 134/209/159 135/210/160 136/207/154
f 136/203/154 53/86/69 57/88/71
f 136/211/154 135/210/160 137/212/155
f 136/213/154 57/92/71 133/214/158
f 1046/206/157 138/215/161 136/207/154
f 139/216/162 140/217/163 136/207/154
f 139/216/162 136/207/154 138/215/161
f 136/203/154 132/205/156 53/86/69
f 134/209/159 136/207/154 140/217/163
f 141/218/164 142/219/165 143/220/166
f 141/218/164 143/220/166 147/221/167
f 141/222/164 144/223/168 145/224/169
f 141/222/164 145/224/169 146/225/170
f 141/218/164 146/226/170 142/219/165
f 141/222/164 147/227/167 144/223/168
f 148/228/4 149/229/4 150/230/4
f 148/228/4 151/231/4 1099/232/4
f 148/228/4 150/230/4 151/231/4
f 152/233/171 153/234/172 154/235/173
f 152/233/171 155/236/174 173/237/175
f 152/233/171 156/238/176 155/236/174
f 152/233/171 173/237/175 153/234/172
f 152/233/171 154/235/173 156/238/176
f 157/239/177 158/240/178 159/241/179
f 157/239/177 731/242/180 160/243/181
f 161/244/182 162/245/183 157/246/184
f 161/244/182 157/246/184 163/247/185
f 157/239/177 160/243/181 158/240/178
f 164/248/186 165/249/187 157/246/184
f 157/239/177 159/241/179 731/242/180
f 164/248/186 157/246/184 162/245/183
f 163/247/185 157/246/184 165/249/187
f 166/250/188 167/251/189 168/252/190
f 166/253/188 821/254/191 169/255/192
f 166/250/188 170/256/193 29/47/37
f 166/253/188 169/255/192 167/257/189
f 166/253/188 27/258/33 821/254/191
f 166/250/188 29/47/37 27/43/33
f 166/250/188 168/252/190 170/256/193
f 171/259/194 172/260/195 173/261/175
f 171/259/194 174/262/196 172/260/195
f 171/259/194 173/261/175 175/263/197
f 171/259/194 175/263/197 176/264/198
f 171/259/194 176/264/198 174/262/196
f 177/265/199 178/266/200 179/267/201
f 177/265/199 179/267/201 180/268/202
f 177/265/199 181/269/203 182/270/204
f 177/265/199 182/270/204 183/271/205
f 177/265/199 183/271/205 178/266/200
f 177/265/199 180/268/202 181/269/203
f 184/272/206 185/273/207 186/274/208
f 184/272/206 1049/275/209 185/273/207
f 184/276/206 186/277/208 187/278/210
f 190/279/211 188/280/212 189/281/213
f 511/282/214 1286/283/215 190/284/211
f 190/279/211 189/281/213 191/285/216
f 192/286/217 193/287/218 190/284/211
f 188/280/212 190/284/211 193/287/218
f 190/288/211 741/289/219 194/290/220
f 511/282/214 190/284/211 194/291/220
f 190/288/211 191/292/216 195/293/221
f 190/288/211 195/293/221 741/289/219
f 192/286/217 190/284/211 1286/283/215
f 196/294/222 197/295/223 198/296/224
f 196/294/222 199/297/225 200/298/226
f 196/294/222 198/296/224 199/297/225
f 196/294/222 200/298/226 201/299/227
f 196/294/222 201/299/227 197/295/223
f 204/300/228 202/301/229 203/302/230
f 204/303/4 203/304/4 205/305/4
f 204/300/228 206/306/231 207/307/232
f 204/300/228 205/308/4 208/309/233
f 204/300/228 207/307/232 202/301/229
f 204/300/228 208/309/233 206/306/231
f 209/310/234 979/311/235 210/312/236
f 209/310/234 210/312/236 211/313/237
f 209/310/234 211/313/237 212/314/238
f 209/310/234 212/314/238 979/311/235
f 213/315/239 214/316/240 215/317/241
f 213/315/239 216/318/242 217/319/243
f 213/315/239 839/320/244 216/318/242
f 213/315/239 215/317/241 218/321/245
f 213/315/239 217/319/243 214/316/240
f 213/315/239 218/321/245 839/320/244
f 219/322/246 220/323/4 221/324/247
f 219/322/246 221/324/247 222/325/248
f 219/322/246 222/325/248 223/326/249
f 219/322/246 224/327/250 1269/328/251
f 219/322/246 1269/328/251 220/323/4
f 219/322/246 223/326/249 224/327/250
f 225/329/252 226/330/253 227/331/254
f 225/329/252 228/332/255 226/330/253
f 225/329/252 229/333/256 228/332/255
f 230/334/257 1030/335/258 72/336/89
f 230/334/257 231/337/88 232/338/259
f 230/334/257 72/336/89 231/337/88
f 230/334/257 1031/339/260 1030/335/258
f 230/334/257 232/338/259 1031/339/260
f 233/340/261 900/341/262 234/342/263
f 233/340/261 234/342/263 235/343/264
f 233/340/261 235/343/264 1237/344/265
f 233/340/261 1237/344/265 858/345/266
f 233/340/261 858/345/266 1303/346/267
f 233/340/261 1303/346/267 900/341/262
f 236/347/268 120/189/143 237/348/269
f 236/347/268 1254/349/270 238/350/271
f 236/347/268 1114/351/272 1254/349/270
f 236/347/268 238/350/271 239/352/273
f 236/347/268 239/352/273 120/189/143
f 241/353/274 240/354/275 6/12/9
f 241/355/274 242/356/276 243/357/277
f 241/355/274 243/357/277 244/358/278
f 241/353/274 6/12/9 242/359/276
f 241/353/274 244/360/278 240/354/275
f 245/361/279 689/362/280 246/363/281
f 245/364/279 246/365/281 247/366/282
f 245/364/279 247/366/282 248/367/283
f 245/361/279 249/368/284 689/362/280
f 245/361/279 248/369/283 249/368/284
f 250/370/285 251/371/286 252/372/287
f 250/370/285 253/373/288 254/374/289
f 250/370/285 252/372/287 255/375/290
f 250/370/285 254/374/289 251/371/286
f 250/370/285 255/375/290 256/376/291
f 250/370/285 256/376/291 253/373/288
f 257/377/292 258/378/4 259/379/293
f 257/377/292 260/380/294 261/381/295
f 257/377/292 262/382/296 258/378/4
f 257/377/292 261/381/295 262/382/296
f 264/383/297 263/384/298 507/385/299
f 264/386/297 265/387/300 263/388/298
f 264/389/297 1336/390/301 265/391/300
f 266/392/302 267/393/303 517/394/304
f 266/392/302 268/395/305 269/396/306
f 266/392/302 517/394/304 268/395/305
f 270/397/307 271/398/308 272/399/309
f 270/400/307 273/401/310 274/402/311
f 270/397/307 272/399/309 275/403/312
f 270/397/307 276/404/313 277/405/314
f 270/400/307 274/402/311 278/406/315
f 270/397/307 279/407/316 280/408/317
f 270/397/307 280/408/317 281/409/318
f 270/397/307 282/410/319 271/398/308
f 270/397/307 283/411/320 284/412/321
f 270/397/307 275/403/312 285/413/322
f 270/400/307 287/414/323 273/401/310
f 270/397/307 277/405/314 286/415/324
f 270/397/307 286/415/324 279/407/316
f 270/397/307 278/416/315 1334/417/325
f 270/397/307 281/409/318 282/410/319
f 270/397/307 284/412/321 276/404/313
f 270/397/307 1334/417/325 283/411/320
f 270/397/307 285/413/322 287/418/323
f 288/419/326 289/420/327 290/421/328
f 189/281/213 291/422/329 288/423/330
f 288/419/326 290/421/328 293/424/331
f 288/419/326 789/425/332 292/426/333
f 291/422/329 293/427/334 288/423/330
f 293/428/331 294/429/335 288/423/330
f 288/430/4 293/427/334 295/431/336
f 294/429/335 191/285/216 288/423/330
f 288/419/326 292/426/333 289/420/327
f 189/281/213 288/423/330 191/285/216
f 296/432/337 906/433/338 297/434/339
f 296/432/337 298/435/340 64/103/80
f 296/432/337 64/103/80 906/433/338
f 296/432/337 297/434/339 298/435/340
f 299/436/341 300/437/342 301/438/343
f 299/436/341 302/439/344 303/440/345
f 299/436/341 304/441/346 302/439/344
f 299/436/341 301/438/343 304/441/346
f 299/436/341 303/440/345 300/437/342
f 305/442/347 306/443/348 307/444/349
f 305/442/347 308/445/350 309/446/351
f 305/442/347 309/446/351 306/443/348
f 305/447/347 307/448/349 310/449/352
f 305/447/347 310/449/352 308/450/350
f 312/451/353 315/452/354 311/453/355
f 312/454/353 313/455/356 314/456/357
f 312/454/353 314/456/357 315/457/354
f 312/454/353 317/458/358 316/459/359
f 312/451/353 311/453/355 317/460/358
f 312/454/353 316/459/359 313/455/356
f 318/461/360 1248/462/361 319/463/362
f 318/461/360 319/463/362 320/464/363
f 318/461/360 320/464/363 1376/465/364
f 323/466/365 321/467/366 322/468/367
f 323/469/365 324/470/368 325/471/369
f 323/466/365 326/472/370 321/467/366
f 323/473/365 160/243/181 324/474/368
f 323/473/365 322/475/367 160/243/181
f 323/466/365 325/476/369 326/472/370
f 327/477/371 328/478/372 329/479/373
f 327/477/371 330/480/374 474/481/375
f 327/477/371 474/481/375 331/482/376
f 327/477/371 332/483/377 328/478/372
f 327/477/371 329/479/373 330/480/374
f 327/477/371 331/482/376 332/483/377
f 333/484/378 334/485/379 335/486/380
f 333/484/378 336/487/4 337/488/4
f 333/484/378 338/489/381 336/487/4
f 333/484/378 335/486/380 338/489/381
f 333/484/378 337/488/4 334/485/379
f 339/490/382 340/491/383 341/492/384
f 339/493/382 342/494/385 343/495/386
f 339/490/382 343/496/386 340/491/383
f 339/490/382 341/492/384 344/497/387
f 339/493/382 344/498/387 342/494/385
f 345/499/12 348/500/388 346/501/389
f 345/23/12 12/22/17 347/502/390
f 345/23/12 347/502/390 348/503/388
f 345/499/12 346/501/389 349/504/13
f 13/25/19 350/505/391 14/26/20
f 13/25/19 19/31/23 351/506/392
f 13/25/19 351/506/392 350/505/391
f 352/507/393 353/508/394 354/509/395
f 352/510/393 355/511/396 138/215/161
f 352/510/393 354/512/395 355/511/396
f 352/507/393 1046/513/157 908/514/397
f 352/510/393 138/215/161 1046/206/157
f 352/507/393 908/514/397 353/508/394
f 356/515/398 357/516/399 358/517/400
f 356/515/398 359/518/401 357/516/399
f 356/515/398 360/519/402 1063/520/403
f 356/515/398 361/521/404 362/522/405
f 356/515/398 1063/520/403 361/521/404
f 356/515/398 362/522/405 359/518/401
f 356/515/398 358/517/400 360/519/402
f 363/523/406 364/524/407 365/525/408
f 363/523/406 366/526/409 367/527/410
f 363/523/406 846/528/411 1264/529/412
f 363/523/406 365/525/408 846/528/411
f 363/523/406 367/527/410 364/524/407
f 363/523/406 1264/529/412 366/526/409
f 271/398/308 368/530/413 369/531/414
f 271/398/308 282/410/319 368/530/413
f 271/398/308 369/531/414 272/399/309
f 370/532/415 24/533/416 371/534/417
f 370/535/415 372/536/418 21/537/419
f 370/535/415 374/538/420 373/539/421
f 370/532/415 371/534/417 374/540/420
f 370/535/415 373/539/421 372/536/418
f 370/535/415 21/537/419 24/541/416
f 375/542/422 376/543/423 377/544/4
f 375/542/422 644/545/34 1231/546/424
f 375/542/422 377/544/4 644/545/34
f 375/542/422 1231/546/424 378/547/425
f 375/542/422 378/547/425 376/543/423
f 379/548/426 380/549/427 381/550/428
f 379/548/426 381/550/428 382/551/429
f 379/548/426 1309/82/65 380/549/427
f 379/552/426 382/553/429 383/554/430
f 379/555/426 383/556/430 1309/557/65
f 384/558/431 385/559/432 386/560/433
f 384/558/431 386/560/433 387/561/434
f 384/558/431 388/562/435 389/563/436
f 384/558/431 387/561/434 388/562/435
f 384/558/431 124/194/147 385/559/432
f 384/558/431 389/563/436 124/194/147
f 390/564/437 391/565/438 953/566/439
f 390/564/437 953/566/439 104/567/128
f 393/568/440 678/569/441 392/570/442
f 393/568/440 392/570/442 396/571/443
f 393/572/440 394/573/444 395/574/445
f 393/572/440 395/574/445 678/575/441
f 393/572/440 396/576/443 394/573/444
f 397/577/446 453/578/447 398/579/448
f 397/580/446 399/581/449 400/582/450
f 397/577/446 401/583/451 453/578/447
f 397/580/446 400/582/450 401/584/451
f 397/580/446 398/585/448 399/581/449
f 403/586/452 1118/587/453 402/588/454
f 403/589/452 1119/590/455 1118/591/453
f 403/589/452 1121/592/456 1119/590/455
f 188/280/212 193/287/218 404/593/457
f 188/280/212 404/593/457 189/281/213
f 405/594/458 406/595/459 407/596/460
f 405/594/458 407/596/460 18/32/24
f 405/594/458 408/597/461 406/595/459
f 405/594/458 18/32/24 16/29/22
f 405/594/458 16/29/22 408/597/461
f 412/598/4 799/599/462 409/600/463
f 410/601/4 411/602/4 412/603/4
f 412/598/4 416/604/464 799/599/462
f 410/601/4 412/603/4 416/605/4
f 413/606/465 416/607/466 412/608/467
f 414/609/468 412/610/469 1297/611/470
f 354/512/395 412/612/471 415/613/472
f 416/614/467 412/610/469 414/609/468
f 415/613/472 412/612/473 411/615/4
f 420/616/474 850/617/475 418/618/476
f 420/616/474 417/619/477 850/617/475
f 420/620/474 418/621/476 419/622/478
f 420/620/474 419/622/478 422/623/479
f 420/624/474 421/625/480 417/626/477
f 420/624/474 422/627/479 421/625/480
f 423/628/481 424/629/482 425/630/483
f 423/628/481 425/630/483 718/631/484
f 423/628/481 577/632/4 578/633/485
f 423/628/481 578/633/485 424/629/482
f 423/628/481 717/634/486 577/632/4
f 423/628/481 718/631/484 717/634/486
f 426/635/487 1372/636/488 1307/637/489
f 426/638/490 1373/639/490 1372/640/490
f 426/635/487 1369/641/491 1373/642/492
f 427/643/493 96/157/118 101/162/123
f 427/644/493 432/645/494 428/646/495
f 427/644/493 428/646/495 429/647/496
f 427/644/493 430/648/497 431/649/498
f 427/644/493 429/647/496 430/648/497
f 427/643/493 431/650/498 96/157/118
f 427/643/493 101/162/123 432/651/494
f 1365/652/499 433/653/500 434/654/501
f 433/653/500 990/655/502 434/654/501
f 435/656/503 434/654/501 990/655/502
f 434/95/75 61/98/78 59/96/76
f 315/657/354 436/658/504 437/659/505
f 315/457/354 314/456/357 436/660/504
f 315/452/354 437/661/505 438/662/506
f 315/452/354 438/662/506 311/453/355
f 439/663/507 440/664/508 441/665/509
f 439/663/507 442/666/510 443/667/511
f 439/663/507 441/665/509 442/666/510
f 444/668/512 202/301/229 445/669/513
f 444/668/512 445/669/513 446/670/514
f 444/668/512 446/670/514 447/671/515
f 444/668/512 448/672/516 971/673/517
f 444/668/512 447/671/515 448/672/516
f 444/668/512 971/673/517 202/301/229
f 449/674/518 1021/675/519 450/676/520
f 449/674/518 451/677/521 807/678/522
f 449/674/518 807/678/522 1021/675/519
f 449/674/518 450/676/520 451/677/521
f 452/679/523 453/680/524 454/681/525
f 452/679/523 68/108/85 67/106/83
f 452/679/523 454/681/525 68/108/85
f 455/682/526 456/683/527 457/684/528
f 455/682/526 458/685/529 201/299/227
f 455/682/526 457/684/528 459/686/530
f 455/682/526 459/686/530 458/685/529
f 455/682/526 201/299/227 460/687/531
f 455/682/526 460/687/531 456/683/527
f 461/688/532 462/689/28 463/690/533
f 461/691/532 466/692/534 464/693/535
f 461/688/532 465/694/536 466/695/534
f 461/691/532 464/693/535 462/696/28
f 461/688/532 463/690/533 465/694/536
f 467/697/537 468/698/538 469/699/539
f 467/697/537 470/700/540 468/698/538
f 467/697/537 144/223/168 470/700/540
f 467/697/537 469/699/539 471/701/541
f 467/697/537 145/224/169 144/223/168
f 467/697/537 471/701/541 145/224/169
f 472/702/542 473/703/543 474/704/544
f 472/702/542 475/705/545 476/706/546
f 472/702/542 477/707/547 478/708/548
f 472/702/542 478/708/548 473/703/543
f 472/702/542 474/704/544 475/705/545
f 472/702/542 476/706/546 477/707/547
f 479/709/549 480/710/550 481/711/551
f 479/709/549 482/712/552 480/710/550
f 479/709/549 481/711/551 483/713/553
f 479/709/549 483/713/553 484/714/554
f 479/709/549 484/714/554 482/712/552
f 485/715/555 487/716/556 731/242/180
f 485/715/555 731/242/180 159/241/179
f 485/717/555 374/540/420 486/718/557
f 485/715/555 159/241/179 373/539/421
f 485/717/555 486/718/557 487/719/556
f 485/715/555 373/539/421 374/538/420
f 488/720/558 489/721/559 493/722/560
f 488/723/558 490/724/561 491/725/562
f 488/726/558 492/727/563 490/728/561
f 488/723/558 491/725/562 489/729/559
f 488/726/558 493/730/560 492/727/563
f 494/731/564 495/732/565 1040/733/566
f 494/731/564 1040/733/566 984/734/567
f 494/731/564 984/734/567 986/735/568
f 494/731/564 986/735/568 496/736/569
f 494/731/564 496/736/569 495/732/565
f 497/737/570 498/738/571 499/739/115
f 497/737/570 500/740/114 362/741/405
f 497/737/570 501/742/572 502/743/573
f 497/737/570 499/739/115 500/740/114
f 497/737/570 362/741/405 501/742/572
f 497/737/570 502/743/573 498/738/571
f 503/744/574 178/266/200 504/745/575
f 503/744/574 505/746/576 506/747/577
f 503/748/574 504/749/575 334/485/379
f 503/744/574 506/747/577 178/266/200
f 503/750/574 337/488/578 505/751/576
f 508/752/579 507/753/579 263/754/579
f 508/755/580 509/756/581 507/757/582
f 508/758/580 1366/759/583 509/760/581
f 511/761/214 510/762/584 512/763/585
f 511/761/214 194/764/220 510/762/584
f 511/765/214 1287/766/586 1286/767/215
f 511/765/214 512/768/585 1287/766/586
f 515/769/587 513/770/588 514/771/589
f 515/772/587 516/773/590 517/774/304
f 515/769/587 517/775/304 518/776/591
f 515/772/587 514/777/589 516/773/590
f 515/769/587 518/776/591 513/770/588
f 273/401/310 519/778/592 274/402/311
f 273/401/310 287/414/323 519/778/592
f 289/420/327 520/779/69 290/421/328
f 289/420/327 521/780/593 520/779/69
f 289/420/327 522/781/4 521/780/593
f 289/420/327 292/426/333 522/781/4
f 523/782/594 906/433/338 834/783/595
f 523/782/594 524/784/596 525/785/597
f 523/782/594 526/786/598 524/784/596
f 523/782/594 834/783/595 526/786/598
f 523/782/594 525/785/597 906/433/338
f 527/787/599 528/788/600 529/789/601
f 527/787/599 529/789/601 530/790/602
f 527/787/599 531/791/603 532/792/604
f 527/787/599 533/793/605 528/788/600
f 527/787/599 532/792/604 533/793/605
f 527/794/599 530/795/602 531/796/603
f 340/491/383 534/797/606 535/798/607
f 340/491/383 343/496/386 534/797/606
f 340/491/383 6/12/9 341/492/384
f 340/491/383 535/798/607 6/12/9
f 536/799/608 537/800/609 232/801/259
f 536/799/608 538/802/610 537/800/609
f 536/799/608 1257/117/90 539/803/611
f 536/799/608 232/801/259 1257/117/90
f 536/799/608 539/803/611 538/802/610
f 540/804/612 541/805/613 542/806/614
f 540/804/612 543/807/615 544/808/616
f 540/804/612 430/648/497 541/805/613
f 540/804/612 544/808/616 431/649/498
f 540/804/612 542/806/614 543/807/615
f 540/804/612 431/649/498 430/648/497
f 545/809/617 342/494/385 243/357/277
f 545/809/617 242/356/276 546/810/618
f 545/809/617 243/357/277 242/356/276
f 545/809/617 546/810/618 547/811/619
f 545/809/617 547/811/619 342/494/385
f 551/812/620 548/813/621 549/814/622
f 551/812/620 550/815/623 553/816/624
f 551/817/620 552/818/625 554/819/626
f 551/817/620 553/820/624 552/818/625
f 551/812/620 554/821/626 548/813/621
f 551/812/620 549/814/622 550/815/623
f 555/822/268 556/823/627 557/824/628
f 555/822/268 558/825/629 559/826/630
f 555/822/268 557/824/628 558/825/629
f 560/827/631 561/828/632 562/829/633
f 560/827/631 801/830/634 39/831/53
f 560/827/631 562/829/633 801/830/634
f 560/827/631 39/831/53 561/828/632
f 565/832/635 563/833/636 564/834/637
f 565/835/635 566/836/638 563/837/636
f 565/835/635 567/838/639 568/839/640
f 565/835/635 1125/840/641 566/836/638
f 565/832/635 564/834/637 567/841/639
f 565/835/635 568/839/640 1125/840/641
f 569/842/642 410/601/4 570/843/643
f 569/844/642 571/845/644 411/615/4
f 569/844/642 268/846/305 571/845/644
f 569/842/642 570/843/643 268/847/305
f 569/842/642 411/602/4 410/601/4
f 572/848/645 573/849/646 1224/850/647
f 572/848/645 574/851/648 573/849/646
f 572/848/645 1224/850/647 1306/852/649
f 572/848/645 1306/852/649 223/326/249
f 572/848/645 575/853/650 574/851/648
f 572/848/645 223/326/249 575/853/650
f 258/378/4 576/854/4 151/855/4
f 258/378/4 577/856/4 576/854/4
f 258/378/4 578/857/485 577/856/4
f 258/378/4 151/855/4 259/379/293
f 258/378/4 262/382/296 578/857/485
f 73/119/92 1029/858/651 77/120/93
f 73/119/92 1340/859/652 1029/858/651
f 579/860/653 762/861/654 580/862/268
f 579/860/653 432/645/494 1155/863/655
f 579/860/653 428/646/495 432/645/494
f 579/860/653 580/862/268 428/646/495
f 579/860/653 1155/863/655 762/861/654
f 1357/864/656 581/865/657 582/866/658
f 1357/864/656 1268/867/659 581/865/657
f 1357/868/660 583/869/660 1268/870/660
f 584/871/661 1308/872/662 585/873/663
f 584/871/661 586/874/664 1308/872/662
f 584/871/661 587/875/665 586/874/664
f 588/876/666 589/877/667 590/878/668
f 588/879/666 591/880/669 592/881/670
f 588/876/666 590/878/668 794/882/671
f 588/876/666 592/883/670 589/877/667
f 588/879/666 794/884/671 591/880/669
f 593/885/4 594/886/4 595/887/672
f 593/885/4 595/887/672 596/888/673
f 593/889/4 596/890/673 597/891/4
f 593/889/4 597/891/4 598/892/4
f 593/885/4 598/893/674 594/886/4
f 599/894/675 600/895/676 601/896/677
f 599/894/675 601/896/677 602/897/678
f 599/894/675 603/898/679 600/895/676
f 495/732/565 604/899/680 605/900/681
f 495/732/565 606/901/682 607/902/683
f 495/732/565 496/736/569 606/901/682
f 495/732/565 607/902/683 604/899/680
f 495/732/565 605/900/681 1040/733/566
f 17/28/21 608/903/684 609/904/685
f 17/28/21 609/904/685 16/29/22
f 17/30/21 14/26/20 610/905/686
f 17/30/21 610/905/686 608/906/684
f 611/907/687 513/770/588 612/908/688
f 611/909/687 612/910/688 613/911/689
f 611/909/687 139/216/162 514/777/589
f 611/909/687 613/911/689 140/217/163
f 611/907/687 514/771/589 513/770/588
f 611/909/687 140/217/163 139/216/162
f 561/828/632 38/912/52 614/913/690
f 561/828/632 615/914/691 562/829/633
f 561/828/632 616/915/692 615/914/691
f 561/828/632 39/831/53 38/912/52
f 561/828/632 614/913/690 616/915/692
f 617/916/693 567/841/639 564/834/637
f 617/916/693 618/917/694 1200/918/695
f 617/916/693 1200/918/695 567/841/639
f 617/916/693 619/919/696 620/920/697
f 617/916/693 564/834/637 619/919/696
f 617/916/693 620/920/697 618/917/694
f 621/921/698 622/922/699 623/923/700
f 621/921/698 624/924/701 622/922/699
f 621/921/698 625/925/702 624/924/701
f 621/921/698 1323/926/703 625/925/702
f 621/921/698 623/923/700 1323/926/703
f 626/927/704 627/928/705 1203/929/706
f 626/927/704 354/509/395 628/930/707
f 626/927/704 413/931/465 354/509/395
f 626/927/704 629/932/708 627/928/705
f 626/927/704 628/930/707 629/932/708
f 626/927/704 1203/929/706 413/931/465
f 630/933/709 631/934/710 632/935/711
f 630/933/709 601/896/677 512/768/585
f 630/936/709 633/937/712 634/938/713
f 630/933/709 632/935/711 601/896/677
f 630/936/709 512/763/585 633/937/712
f 630/933/709 634/939/713 631/934/710
f 635/940/714 80/132/98 636/941/715
f 635/940/714 81/133/99 80/132/98
f 635/940/714 637/942/716 638/943/717
f 635/940/714 636/941/715 637/942/716
f 635/940/714 639/944/718 640/945/719
f 635/940/714 641/946/720 81/133/99
f 635/940/714 640/945/719 641/946/720
f 635/940/714 638/943/717 639/944/718
f 642/35/4 462/37/4 464/947/4
f 642/35/26 24/948/416 21/36/27
f 642/949/26 464/693/535 643/950/721
f 642/949/26 643/950/721 24/533/416
f 26/951/4 644/952/34 821/254/191
f 26/951/4 821/254/191 27/258/33
f 645/953/722 481/954/551 646/955/723
f 645/953/722 647/956/724 1295/957/725
f 645/953/722 1295/957/725 648/958/726
f 645/953/722 648/958/726 481/954/551
f 645/953/722 646/955/723 647/956/724
f 321/467/366 326/472/370 649/959/727
f 650/960/728 537/961/609 652/962/729
f 650/960/728 1031/339/260 232/338/259
f 650/963/728 538/802/610 651/964/730
f 650/960/728 232/338/259 537/961/609
f 650/963/728 652/965/729 538/802/610
f 653/966/731 654/967/732 988/968/733
f 653/966/731 330/480/374 654/967/732
f 653/966/731 474/481/375 330/480/374
f 653/966/731 988/968/733 474/481/375
f 655/969/734 656/970/735 657/971/736
f 655/969/734 657/971/736 658/972/737
f 655/969/734 659/973/4 338/489/381
f 655/969/734 338/489/381 335/486/380
f 655/969/734 335/486/380 656/970/735
f 655/969/734 658/972/737 659/973/4
f 660/974/738 661/975/739 662/976/740
f 660/974/738 622/977/699 663/978/741
f 660/979/738 664/980/742 622/922/699
f 660/974/738 662/976/743 664/981/742
f 660/974/738 663/978/741 661/975/739
f 665/982/744 666/983/745 346/501/389
f 665/982/744 1186/984/746 69/113/86
f 665/982/744 348/500/388 1186/984/746
f 665/982/744 69/113/86 70/112/87
f 665/982/744 70/112/87 666/983/745
f 665/982/744 346/501/389 348/500/388
f 667/985/747 668/986/748 669/987/749
f 667/985/747 670/988/750 668/986/748
f 667/985/747 671/989/751 670/988/750
f 541/805/613 1086/990/752 542/806/614
f 541/805/613 672/991/753 1086/990/752
f 541/805/613 430/648/497 672/991/753
f 673/992/754 1170/993/755 674/994/756
f 673/992/754 674/994/756 675/995/757
f 673/992/754 676/996/758 1170/993/755
f 673/992/754 675/995/757 1338/997/759
f 678/569/441 682/998/760 677/999/761
f 678/569/441 677/999/761 554/819/626
f 678/1000/441 606/901/682 679/1001/762
f 678/575/441 395/574/445 681/1002/763
f 678/1000/441 679/1001/762 680/1003/764
f 678/569/441 552/818/625 392/570/442
f 678/1000/441 681/1004/763 606/901/682
f 678/1000/441 680/1003/764 682/1005/760
f 678/569/441 554/819/626 552/818/625
f 683/1006/765 684/1007/766 685/1008/767
f 683/1006/765 686/1009/768 684/1007/766
f 683/1006/765 442/666/510 686/1009/768
f 683/1006/765 443/667/511 442/666/510
f 683/1006/765 685/1008/767 443/667/511
f 689/362/280 687/1010/769 559/826/630
f 481/954/551 688/1011/67 689/1012/770
f 689/362/280 249/368/284 690/1013/771
f 481/954/551 689/1012/770 691/1014/772
f 689/362/280 559/826/630 246/363/281
f 689/362/280 690/1013/771 687/1010/769
f 688/1011/67 1310/1015/66 689/1012/770
f 691/1014/772 689/1012/770 692/1016/773
f 692/1016/773 689/1012/770 1310/1015/66
f 695/1017/774 1350/1018/775 693/1019/776
f 695/1020/774 693/1021/776 694/1022/777
f 695/1023/774 696/1024/778 1350/1025/775
f 695/1026/774 697/1027/779 696/1028/778
f 695/1026/774 694/1029/777 697/1027/779
f 698/1030/780 699/1031/781 700/1032/782
f 698/1030/780 700/1032/782 701/1033/783
f 698/1030/780 702/1034/784 703/1035/268
f 698/1030/780 701/1033/783 704/1036/785
f 698/1030/780 704/1036/785 702/1034/784
f 698/1030/780 703/1035/268 699/1031/781
f 705/1037/786 661/1038/739 706/1039/787
f 705/1037/786 707/1040/788 662/1041/743
f 705/1042/789 708/1043/789 661/1044/789
f 705/1037/786 622/922/699 664/980/742
f 705/1037/786 706/1039/787 623/923/700
f 705/1037/786 664/980/742 707/1040/788
f 705/1037/786 623/923/700 622/922/699
f 705/1042/789 662/1045/789 708/1043/789
f 353/508/394 841/1046/790 709/1047/268
f 353/508/394 628/930/707 354/509/395
f 353/508/394 709/1047/268 628/930/707
f 353/508/394 908/514/397 841/1046/790
f 712/1048/791 710/1049/792 711/1050/793
f 712/1048/791 711/1050/793 360/1051/402
f 712/1052/791 713/1053/794 714/1054/795
f 712/1052/791 360/1055/402 713/1053/794
f 712/1052/791 714/1054/795 146/226/170
f 712/1048/791 146/225/170 710/1049/792
f 715/1056/796 716/1057/797 151/231/4
f 715/1056/796 520/779/69 716/1057/797
f 715/1058/796 717/634/486 718/631/484
f 715/1059/4 151/855/4 717/1060/4
f 715/1056/796 718/1061/484 520/779/69
f 722/1062/798 719/1063/799 720/1064/800
f 722/1062/798 720/1064/800 721/1065/7
f 722/1066/798 721/10/7 6/12/9
f 722/1062/798 723/1067/801 719/1063/799
f 722/1066/798 6/12/9 723/1068/801
f 724/1069/802 466/1070/534 532/792/604
f 724/1071/802 725/1072/803 726/1073/804
f 724/1071/802 531/796/603 725/1072/803
f 724/1071/802 1154/1074/805 466/1075/534
f 724/1071/802 726/1073/804 1154/1074/805
f 724/1071/802 532/1076/604 531/796/603
f 391/1077/438 103/167/127 106/1078/806
f 391/1079/3 106/1080/3 953/1081/3
f 313/455/356 1195/1082/807 966/1083/808
f 313/455/356 1194/1084/809 1195/1082/807
f 313/455/356 727/1085/4 728/1086/810
f 313/455/356 316/459/359 727/1085/4
f 313/455/356 966/1083/808 314/456/357
f 313/455/356 728/1086/810 1194/1084/809
f 1378/1087/811 729/1088/812 1384/1089/813
f 1378/1087/811 1383/1090/814 730/1091/815
f 1378/1087/811 1384/1089/813 1383/1090/814
f 487/719/556 163/247/185 165/249/187
f 487/719/556 486/718/557 163/247/185
f 487/719/556 165/249/187 731/1092/180
f 682/1005/760 680/1003/764 732/1093/816
f 733/1094/4 490/1095/4 492/1096/4
f 733/1097/817 734/1098/818 490/1099/561
f 733/1100/4 492/1101/4 493/1102/4
f 733/1097/817 493/1103/560 734/1098/818
f 178/266/200 183/271/205 504/745/575
f 178/266/200 506/747/577 179/267/201
f 737/1104/819 735/1105/820 736/1106/821
f 737/1104/819 342/494/385 735/1105/820
f 737/1107/819 736/1108/821 738/1109/822
f 737/1107/819 738/1109/822 739/1110/823
f 737/1104/819 739/1111/823 342/494/385
f 510/762/584 633/937/712 512/763/585
f 510/762/584 740/1112/824 633/937/712
f 510/762/584 741/1113/219 740/1112/824
f 510/762/584 194/764/220 741/1113/219
f 742/1114/825 743/1115/826 744/1116/827
f 742/1114/825 745/1117/828 351/506/392
f 742/1114/825 746/1118/829 747/1119/830
f 742/1114/825 744/1116/827 748/1120/831
f 742/1114/825 747/1119/830 745/1117/828
f 742/1114/825 351/506/392 743/1115/826
f 742/1114/825 748/1120/831 746/1118/829
f 749/1121/832 445/669/513 750/1122/833
f 749/1121/832 446/670/514 445/669/513
f 749/1121/832 751/1123/834 446/670/514
f 749/1121/832 750/1122/833 751/1123/834
f 357/516/399 359/518/401 752/1124/835
f 357/516/399 753/1125/836 358/517/400
f 357/516/399 752/1124/835 753/1125/836
f 364/524/407 754/1126/837 365/525/408
f 755/1127/838 756/1128/839 637/942/716
f 755/1127/838 637/942/716 636/941/715
f 755/1127/838 636/941/715 757/1129/840
f 755/1127/838 758/1130/841 756/1128/839
f 755/1127/838 757/1129/840 758/1130/841
f 761/1131/842 759/1132/843 760/1133/844
f 761/1134/842 466/695/534 465/694/536
f 761/1134/842 762/1135/654 466/695/534
f 761/1134/842 465/694/536 763/1136/845
f 761/1131/842 1294/1137/47 759/1132/843
f 761/1134/842 36/61/49 1294/59/47
f 761/1134/842 763/1136/845 36/61/49
f 761/1131/842 760/1133/844 762/861/654
f 764/1138/846 765/1139/847 378/547/425
f 764/1138/846 766/1140/848 767/1141/849
f 764/1138/846 768/1142/850 765/1139/847
f 764/1138/846 1231/546/424 766/1140/848
f 764/1138/846 378/547/425 1231/546/424
f 764/1138/846 767/1141/849 768/1142/850
f 120/189/143 1084/1143/851 237/348/269
f 120/189/143 769/1144/852 121/190/144
f 120/189/143 239/352/273 769/1144/852
f 120/189/143 126/196/148 1084/1143/851
f 770/1145/853 771/1146/854 131/202/153
f 770/1145/853 772/1147/855 771/1146/854
f 770/1145/853 773/1148/856 772/1147/855
f 774/1149/857 775/1150/858 776/1151/859
f 774/1149/857 686/1009/768 775/1150/858
f 774/1149/857 777/1152/860 778/1153/861
f 774/1149/857 776/1151/859 777/1152/860
f 774/1149/857 778/1153/861 686/1009/768
f 137/212/155 134/209/159 779/1154/862
f 137/212/155 779/1154/862 780/1155/863
f 137/212/155 135/210/160 134/209/159
f 137/204/155 780/1156/863 132/205/156
f 781/1157/864 784/1158/865 782/1159/866
f 781/1160/864 143/220/166 252/372/287
f 781/1160/864 783/1161/867 784/1162/865
f 781/1157/864 782/1159/866 785/1163/868
f 781/1160/864 252/372/287 783/1161/867
f 781/1157/864 785/1163/868 147/227/167
f 781/1160/864 147/221/167 143/220/166
f 786/1164/869 787/1165/870 788/1166/871
f 786/1164/869 789/1167/332 295/431/336
f 786/1164/869 788/1166/871 789/1167/332
f 786/1164/869 790/1168/872 791/1169/873
f 786/1164/869 791/1169/873 787/1165/870
f 786/1164/869 295/431/336 790/1168/872
f 793/1170/874 591/1171/874 794/1172/874
f 793/1173/875 792/1174/876 592/1175/670
f 793/1176/877 592/1177/877 591/1178/877
f 793/1173/875 794/1179/671 792/1174/876
f 799/1180/462 795/1181/878 796/1182/879
f 799/1180/462 797/1183/880 798/1184/881
f 799/1185/462 800/1186/882 795/1187/878
f 799/1185/462 416/1188/464 800/1186/882
f 799/599/462 798/1189/881 409/600/463
f 799/1180/462 796/1182/879 797/1183/880
f 801/1190/634 40/66/54 39/65/53
f 801/830/634 81/133/99 802/1191/883
f 801/1190/634 802/1192/883 40/66/54
f 801/830/634 562/829/633 81/133/99
f 424/629/482 578/633/485 803/1193/884
f 424/629/482 804/1194/885 425/630/483
f 424/629/482 803/1193/884 805/1195/886
f 424/629/482 805/1195/886 804/1194/885
f 806/1196/887 807/1197/522 451/1198/521
f 806/1196/887 808/1199/888 809/1200/889
f 806/1196/887 809/1200/889 807/1197/522
f 810/1201/890 811/1202/891 1056/1203/892
f 810/1201/890 1056/1203/892 812/1204/893
f 810/1201/890 812/1204/893 598/1205/674
f 810/1201/890 598/1205/674 811/1202/891
f 754/1126/837 632/935/711 365/525/408
f 754/1126/837 602/897/678 632/935/711
f 108/176/131 813/1206/894 109/177/132
f 108/176/131 110/178/133 814/1207/895
f 108/176/131 814/1207/895 815/1208/896
f 108/176/131 815/1208/896 813/1206/894
f 816/57/45 1289/60/48 817/1209/897
f 816/57/45 818/1210/898 1180/1211/899
f 816/57/45 1180/1211/899 35/58/46
f 816/1212/45 817/1213/897 818/1214/898
f 519/778/592 287/414/323 819/1215/900
f 519/778/592 820/1216/901 274/402/311
f 43/70/4 45/72/4 821/1217/4
f 43/70/4 821/1217/191 822/1218/902
f 43/70/4 822/1218/902 44/71/57
f 51/80/63 823/1219/903 52/81/64
f 51/80/63 481/711/551 823/1219/903
f 51/80/63 688/84/67 481/711/551
f 824/1220/904 1143/1221/905 825/1222/906
f 824/1220/904 826/1223/907 504/749/575
f 824/1220/904 504/749/575 183/1224/205
f 824/1225/904 183/271/205 827/1226/908
f 824/1220/904 827/1227/908 1143/1221/905
f 824/1220/904 825/1222/906 826/1223/907
f 828/1228/909 829/1229/910 830/1230/911
f 828/1231/909 831/1232/912 829/1233/910
f 828/1228/909 830/1230/911 832/1234/913
f 828/1228/909 833/1235/914 834/783/595
f 828/1231/909 834/1236/595 831/1232/912
f 828/1228/909 832/1234/913 833/1235/914
f 837/1237/915 835/1238/916 836/1239/917
f 837/1240/915 838/1241/918 839/1242/244
f 837/1237/915 836/1239/917 454/1243/525
f 837/1237/915 839/320/244 218/321/245
f 837/1240/915 454/681/525 838/1241/918
f 837/1237/915 218/321/245 835/1238/916
f 668/986/748 670/988/750 686/1009/768
f 668/986/748 686/1009/768 840/1244/919
f 668/986/748 840/1244/919 669/987/749
f 842/1245/920 841/1246/790 181/269/203
f 842/1247/920 843/1248/921 629/932/708
f 842/1245/920 181/269/203 180/268/202
f 842/1247/920 629/932/708 709/1047/268
f 842/1245/920 180/268/202 843/1249/921
f 842/1247/920 709/1047/268 841/1046/790
f 661/975/739 663/978/741 844/1250/922
f 845/1251/923 631/934/710 634/939/713
f 845/1252/923 846/1253/411 631/1254/710
f 845/1255/923 847/1256/924 846/1257/411
f 845/1258/923 849/1259/925 848/1260/926
f 845/1255/923 848/1261/926 847/1256/924
f 845/1251/923 634/939/713 849/1262/925
f 573/849/646 850/1263/475 1224/850/647
f 573/849/646 574/851/648 851/1264/927
f 573/849/646 851/1264/927 850/1263/475
f 852/1265/928 22/38/29 853/1266/929
f 852/1265/928 854/1267/930 22/38/29
f 852/1265/928 855/1268/931 854/1267/930
f 489/721/559 734/1269/818 493/722/560
f 489/729/559 491/725/562 734/1270/818
f 856/1271/932 857/1272/933 858/1273/266
f 856/1271/932 1238/1274/934 859/1275/935
f 856/1276/932 858/345/266 1237/344/265
f 856/1271/932 859/1275/935 860/1277/936
f 856/1271/932 860/1277/936 857/1272/933
f 267/1278/303 861/1279/268 518/776/591
f 267/1278/303 518/776/591 517/775/304
f 79/131/97 862/1280/937 863/1281/938
f 79/131/97 863/1281/938 757/1129/840
f 79/131/97 84/136/102 862/1280/937
f 79/131/97 757/1129/840 80/132/98
f 189/281/213 404/593/457 291/422/329
f 406/595/459 93/151/112 407/596/460
f 406/595/459 864/1282/939 865/1283/940
f 406/595/459 865/1283/940 93/151/112
f 406/595/459 408/597/461 864/1282/939
f 866/1284/941 125/192/145 964/1285/942
f 866/1284/941 300/437/342 123/193/146
f 866/1284/941 964/1285/942 301/438/343
f 866/1284/941 123/193/146 125/192/145
f 866/1284/941 301/438/343 300/437/342
f 870/1286/943 867/1287/944 681/1004/763
f 868/1288/945 869/1289/946 870/1290/947
f 317/458/358 1293/1291/948 870/1292/947
f 870/1293/943 727/1085/4 869/1294/949
f 870/1293/943 871/1295/950 727/1085/4
f 317/458/358 870/1292/947 316/459/359
f 870/1293/943 681/1002/763 871/1295/950
f 868/1288/945 870/1290/947 1293/1296/948
f 870/1286/943 869/1289/946 867/1287/944
f 316/459/359 870/1292/947 869/1294/949
f 1379/1297/951 1387/1298/952 1380/1299/953
f 1379/1297/951 1382/1300/954 1387/1298/952
f 1379/1297/951 872/1301/955 1382/1300/954
f 759/1132/843 873/1302/956 580/862/268
f 759/1132/843 1294/1137/47 1180/1303/957
f 759/1132/843 874/1304/958 873/1302/956
f 759/1132/843 580/862/268 760/1133/844
f 759/1132/843 1180/1303/957 874/1304/958
f 875/1305/959 1276/1306/960 876/1307/961
f 875/1305/959 1250/1308/962 1276/1306/960
f 875/1305/959 876/1307/961 877/1309/963
f 878/1310/964 128/199/150 130/201/152
f 878/1310/964 879/1311/965 128/199/150
f 878/1310/964 550/1312/623 879/1311/965
f 878/1310/964 1012/1313/966 553/1314/624
f 878/1310/964 130/201/152 1012/1313/966
f 878/1310/964 553/1314/624 550/1312/623
f 795/1181/878 246/363/281 796/1182/879
f 795/1187/878 800/1186/882 880/1315/967
f 795/1187/878 247/366/282 246/365/281
f 795/1187/878 880/1315/967 247/366/282
f 142/219/165 714/1054/795 881/1316/968
f 142/219/165 881/1316/968 255/375/290
f 142/219/165 255/375/290 143/220/166
f 142/219/165 146/226/170 714/1054/795
f 882/1317/4 151/231/4 150/230/4
f 882/1318/969 883/1319/970 151/855/4
f 882/1318/969 884/1320/971 883/1319/970
f 882/1317/969 150/230/4 885/1321/972
f 882/1318/969 885/1322/972 884/1320/971
f 153/234/172 915/1323/973 154/235/173
f 153/234/172 173/237/175 915/1323/973
f 202/301/229 1312/1324/974 886/1325/975
f 202/301/229 207/307/232 445/669/513
f 202/301/229 971/673/517 1312/1324/974
f 202/1326/229 886/1327/975 203/1328/230
f 889/1329/976 887/1330/977 1333/1331/978
f 889/1329/976 1333/1331/978 888/1332/979
f 889/1333/976 888/1334/979 1240/1335/980
f 889/1329/976 1240/1336/980 887/1330/977
f 890/1337/981 835/1238/916 218/321/245
f 890/1338/981 891/1339/982 835/1340/916
f 890/1338/981 958/1341/983 891/1339/982
f 890/1337/981 215/317/241 892/1342/984
f 890/1337/981 892/1342/984 958/1343/983
f 890/1337/981 218/321/245 215/317/241
f 893/1344/985 350/505/391 459/686/530
f 893/1344/985 14/26/20 350/505/391
f 893/1344/985 610/905/686 14/26/20
f 893/1344/985 894/1345/986 895/1346/987
f 893/1344/985 895/1346/987 610/905/686
f 893/1344/985 459/686/530 894/1345/986
f 226/1347/253 228/1348/255 763/1136/845
f 226/330/253 897/1349/988 896/1350/989
f 226/1347/253 465/694/536 463/690/533
f 226/1347/253 463/690/533 897/1351/988
f 226/1347/253 763/1136/845 465/694/536
f 226/330/253 896/1350/989 227/331/254
f 898/1352/990 116/1353/138 115/1354/137
f 898/1352/990 117/1355/139 116/1353/138
f 898/1352/990 899/1356/991 117/1355/139
f 900/1357/262 110/178/133 113/181/135
f 900/1357/262 113/181/135 901/1358/992
f 900/1357/262 1303/1359/267 110/178/133
f 900/341/262 901/1360/992 234/342/263
f 902/1361/993 1382/1300/954 872/1301/955
f 902/1361/993 730/1091/815 1383/1090/814
f 902/1361/993 872/1301/955 730/1091/815
f 903/1362/994 1038/1363/995 904/1364/996
f 903/1362/994 167/251/189 1038/1363/995
f 903/1362/994 904/1364/996 905/1365/997
f 903/1362/994 905/1365/997 168/252/190
f 903/1362/994 168/252/190 167/251/189
f 829/1233/910 831/1232/912 906/1366/338
f 841/1246/790 182/270/204 181/269/203
f 841/1246/790 907/1367/998 182/270/204
f 841/1246/790 908/1368/397 907/1367/998
f 710/1049/792 145/224/169 471/701/541
f 710/1049/792 471/701/541 909/1369/999
f 710/1049/792 146/225/170 145/224/169
f 710/1049/792 909/1369/999 711/1050/793
f 911/1370/1000 453/578/447 910/1371/1001
f 911/1372/1000 913/1373/1002 912/1374/1003
f 911/1372/1000 912/1374/1003 398/585/448
f 911/1370/1000 398/579/448 453/578/447
f 911/1370/1000 910/1371/1001 913/1375/1002
f 589/877/667 792/1376/876 590/878/668
f 589/877/667 592/883/670 792/1376/876
f 914/1377/1004 915/1378/973 916/1379/1005
f 914/1377/1004 917/1380/1006 1298/1381/1007
f 914/1377/1004 918/1382/1008 915/1378/973
f 914/1377/1004 1298/1381/1007 918/1382/1008
f 914/1377/1004 916/1379/1005 917/1380/1006
f 604/899/680 919/1383/1009 905/1365/997
f 604/899/680 920/1384/1010 919/1383/1009
f 604/899/680 921/1385/268 920/1384/1010
f 604/899/680 905/1365/997 605/900/681
f 604/899/680 607/902/683 921/1385/268
f 922/1386/1011 923/1387/1012 686/1009/768
f 922/1386/1011 686/1009/768 924/1388/1013
f 922/1386/1011 925/1389/1014 923/1387/1012
f 922/1386/1011 924/1388/1013 926/1390/1015
f 922/1386/1011 926/1390/1015 925/1389/1014
f 179/267/201 927/1391/1016 180/268/202
f 179/267/201 506/747/577 928/1392/1017
f 179/267/201 928/1392/1017 927/1391/1016
f 929/1393/1018 930/1394/1019 931/1395/1020
f 929/1396/1018 1328/1397/1021 1327/1398/1022
f 929/1399/1023 931/1400/1023 1328/1401/1023
f 192/286/217 348/503/388 347/502/390
f 192/286/217 932/1402/1024 193/287/218
f 192/286/217 347/502/390 932/1402/1024
f 192/286/217 1286/283/215 348/503/388
f 197/295/223 458/685/529 745/1117/828
f 197/295/223 745/1117/828 747/1119/830
f 197/295/223 747/1119/830 198/296/224
f 197/295/223 201/299/227 458/685/529
f 933/1403/1025 934/1404/1026 416/1188/464
f 933/1403/1025 936/1405/1027 54/87/70
f 933/1403/1025 54/87/70 934/1404/1026
f 933/1406/1025 414/609/468 935/1407/1028
f 933/1406/1025 935/1407/1028 936/1408/1027
f 60/97/77 298/435/340 832/1234/913
f 60/97/77 64/103/80 298/435/340
f 60/97/77 832/1234/913 61/98/78
f 937/1409/1029 366/526/409 216/1410/242
f 937/1409/1029 216/1410/242 839/1242/244
f 937/1409/1029 938/1411/1030 939/1412/1031
f 937/1409/1029 838/1241/918 938/1411/1030
f 937/1409/1029 839/1242/244 838/1241/918
f 937/1409/1029 939/1412/1031 366/526/409
f 272/399/309 369/531/414 940/1413/1032
f 272/399/309 941/1414/1033 275/403/312
f 272/399/309 940/1413/1032 941/1414/1033
f 228/332/255 942/1415/1034 1290/1416/1035
f 228/332/255 229/333/256 942/1415/1034
f 36/61/49 763/1136/845 228/1348/255
f 228/332/255 1290/1416/1035 944/1417/268
f 36/61/49 228/1348/255 943/62/50
f 943/1418/4 228/1419/4 944/1420/4
f 945/1421/1036 946/1422/1037 947/1423/1038
f 945/1421/1036 419/622/478 948/1424/1039
f 945/1421/1036 947/1423/1038 782/1159/866
f 945/1421/1036 422/623/479 419/622/478
f 945/1421/1036 948/1424/1039 946/1422/1037
f 376/543/423 821/1217/191 377/544/4
f 376/543/423 477/707/547 476/706/546
f 376/543/423 949/1425/1040 821/1217/191
f 376/543/423 378/547/425 477/707/547
f 376/543/423 476/706/546 949/1425/1040
f 380/549/427 1309/82/65 950/1426/1041
f 380/549/427 951/1427/1042 381/550/428
f 380/549/427 950/1426/1041 951/1427/1042
f 594/886/4 543/807/615 595/887/672
f 594/886/4 598/893/674 952/1428/1043
f 594/886/4 952/1428/1043 543/807/615
f 105/164/125 953/1429/439 106/165/126
f 105/171/125 104/170/128 953/1430/439
f 328/478/372 1265/1431/1044 329/479/373
f 328/478/372 332/483/377 954/1432/1045
f 328/478/372 954/1432/1045 955/1433/1046
f 328/478/372 955/1433/1046 1265/1431/1044
f 246/363/281 559/826/630 796/1182/879
f 251/371/286 783/1161/867 252/372/287
f 251/371/286 956/1434/1047 783/1161/867
f 251/371/286 254/374/289 957/1435/1048
f 251/371/286 957/1435/1048 956/1434/1047
f 8/17/14 958/1436/983 704/1036/785
f 8/17/14 701/1033/783 9/18/15
f 8/17/14 704/1036/785 701/1033/783
f 8/17/14 349/16/13 958/1436/983
f 707/1040/788 664/980/742 662/1041/743
f 355/511/396 959/1437/890 138/215/161
f 355/511/396 354/512/395 415/613/472
f 355/511/396 960/1438/4 959/1437/890
f 355/511/396 415/613/472 960/1438/4
f 40/66/54 802/1192/883 41/67/55
f 290/421/328 520/779/69 718/1061/484
f 290/421/328 1246/1439/1049 293/424/331
f 290/421/328 718/1061/484 1246/1439/1049
f 962/1440/1050 1356/1441/1051 961/1442/1052
f 962/1443/1050 807/1197/522 809/1200/889
f 962/1440/1050 961/1442/1052 807/678/522
f 962/1440/1050 808/1444/888 1356/1441/1051
f 962/1443/1050 809/1200/889 808/1199/888
f 125/195/145 121/190/144 963/1445/1053
f 125/195/145 963/1445/1053 964/1446/942
f 436/658/504 965/1447/678 437/659/505
f 436/658/504 314/1448/357 966/1449/808
f 436/658/504 967/1450/1054 965/1447/678
f 436/658/504 966/1449/808 967/1450/1054
f 440/664/508 968/1451/1055 441/665/509
f 440/664/508 969/1452/1056 968/1451/1055
f 627/928/705 970/1453/1057 971/1454/517
f 627/928/705 629/932/708 970/1453/1057
f 627/928/705 971/1454/517 1203/929/706
f 359/518/401 500/153/114 94/152/113
f 359/518/401 94/152/113 752/1124/835
f 359/518/401 362/522/405 500/153/114
f 972/1455/1058 453/578/447 974/1456/1059
f 972/1455/1058 973/1457/1060 453/578/447
f 972/1458/1058 974/1459/1059 975/1460/1061
f 972/1458/1058 975/1460/1061 976/1461/1062
f 972/1455/1058 976/1462/1062 973/1457/1060
f 756/1128/839 639/944/718 638/943/717
f 756/1128/839 977/1463/1063 639/944/718
f 756/1128/839 638/943/717 637/942/716
f 756/1128/839 758/1130/841 977/1463/1063
f 462/689/28 23/1464/30 463/690/533
f 919/1383/1009 920/1384/1010 859/1275/935
f 919/1383/1009 170/256/193 168/252/190
f 919/1383/1009 859/1275/935 170/256/193
f 919/1383/1009 168/252/190 905/1365/997
f 978/1465/1064 979/1466/235 212/1467/238
f 978/1465/1064 212/1467/238 980/1468/1065
f 942/1415/1034 326/472/370 1339/1469/1066
f 942/1415/1034 649/959/727 326/472/370
f 942/1415/1034 229/333/256 649/959/727
f 942/1415/1034 1339/1469/1066 1290/1416/1035
f 981/1470/1067 277/405/314 982/1471/1068
f 981/1470/1067 286/415/324 277/405/314
f 981/1470/1067 983/1472/1069 286/415/324
f 654/967/732 330/480/374 986/1473/568
f 654/1474/732 984/1475/567 985/1476/1070
f 654/1474/732 986/1477/568 984/1475/567
f 654/1478/732 46/73/58 987/1479/1071
f 654/1478/732 987/1479/1071 988/1480/733
f 654/1474/732 985/1476/1070 46/1481/58
f 989/1482/1072 435/1483/503 990/1484/502
f 505/746/576 991/1485/1073 506/747/577
f 505/1486/4 336/5/4 991/1487/4
f 505/751/4 337/488/4 336/487/4
f 735/1105/820 342/494/385 344/498/387
f 735/1105/820 344/498/387 736/1106/821
f 835/1340/916 891/1339/982 666/983/745
f 835/1340/916 666/983/745 836/1488/917
f 992/1489/1074 993/1490/1075 994/1491/1076
f 992/1489/1074 686/1009/768 995/1492/1077
f 992/1489/1074 924/1388/1013 686/1009/768
f 992/1489/1074 994/1491/1076 924/1388/1013
f 992/1489/1074 995/1492/1077 993/1490/1075
f 410/601/4 416/605/4 409/600/463
f 410/601/4 409/600/463 570/843/643
f 92/150/111 996/1493/1078 407/596/460
f 92/150/111 407/596/460 93/151/112
f 92/150/111 997/1494/1079 996/1493/1078
f 92/150/111 1332/155/116 997/1494/1079
f 576/854/4 577/856/4 717/1060/4
f 576/854/4 717/1060/4 151/855/4
f 853/1266/929 22/38/29 24/40/31
f 853/1266/929 24/40/31 998/1495/1080
f 528/788/600 533/793/605 100/161/122
f 528/788/600 99/160/121 999/1496/1081
f 528/788/600 100/161/122 99/160/121
f 528/788/600 999/1496/1081 529/789/601
f 1002/1497/1082 1277/1498/1083 1000/1499/1084
f 1002/1500/1082 1001/1501/1085 1319/1502/1086
f 1002/1503/1082 1319/1504/1086 1321/1505/1087
f 1002/1503/1082 1321/1505/1087 1277/1506/1083
f 1002/1497/1082 1000/1499/1084 1001/1507/1085
f 1003/1508/1088 1005/1509/1089 111/179/134
f 1003/1508/1088 111/179/134 109/177/132
f 1003/1510/1088 586/874/664 1004/1511/1090
f 1003/1510/1088 1004/1511/1090 1005/1512/1089
f 1003/1510/1088 1006/1513/1091 586/874/664
f 1003/1508/1088 109/177/132 1006/1514/1091
f 300/437/342 385/559/432 123/193/146
f 300/437/342 303/440/345 385/559/432
f 1007/1515/1092 1008/1516/1093 1010/1517/1094
f 1007/1515/1092 1009/1518/1095 1008/1516/1093
f 1007/1515/1092 1011/1519/1096 1009/1518/1095
f 1007/1520/1092 1010/1521/1094 310/449/352
f 1007/1520/1092 310/449/352 1011/1522/1096
f 392/570/442 552/818/625 1012/1523/966
f 392/570/442 1012/1523/966 396/571/443
f 1013/1524/1097 1014/1525/1098 1015/1526/1099
f 1013/1524/1097 1015/1526/1099 1016/1527/1100
f 1013/1524/1097 1017/1528/1101 1014/1525/1098
f 1013/1524/1097 1016/1527/1100 861/1529/268
f 276/404/313 1018/1530/1102 1019/1531/1103
f 276/404/313 1019/1531/1103 982/1471/1068
f 276/404/313 982/1471/1068 277/405/314
f 276/404/313 284/412/321 1018/1530/1102
f 787/1165/870 791/1169/873 620/920/697
f 787/1165/870 619/919/696 1020/1532/1104
f 787/1165/870 1020/1532/1104 788/1166/871
f 787/1165/870 620/920/697 619/919/696
f 445/669/513 207/307/232 750/1122/833
f 1021/1533/519 1022/1534/1105 450/1535/520
f 1021/675/519 807/678/522 961/1442/1052
f 1021/675/519 961/1442/1052 1022/1536/1105
f 1023/1537/1106 214/316/240 1024/1538/4
f 1023/1537/1106 1024/1538/4 89/144/108
f 1023/1537/1106 1025/1539/1107 214/316/240
f 1023/1537/1106 89/144/108 90/146/109
f 1023/1537/1106 1288/1540/1108 1025/1539/1107
f 1023/1537/1106 90/146/109 1288/1540/1108
f 456/1541/527 1026/1542/1109 457/1543/528
f 456/683/527 1027/1544/1110 851/1545/927
f 456/1541/527 851/1264/927 1026/1542/1109
f 456/683/527 460/687/531 1027/1544/1110
f 1029/858/651 1340/859/652 1028/1546/1111
f 1029/1547/651 74/129/94 77/128/93
f 1029/858/651 1028/1546/1111 74/122/94
f 1030/1548/258 1032/1549/1112 72/116/89
f 1030/1550/258 1031/1551/260 1081/1552/1113
f 1030/1550/258 1081/1552/1113 1032/1553/1112
f 234/342/263 954/1432/1045 1033/1554/1114
f 234/342/263 1033/1554/1114 235/343/264
f 234/342/263 901/1360/992 954/1432/1045
f 1034/1555/4 1035/1556/4 486/718/557
f 1034/1555/4 1036/1557/1115 726/1558/4
f 1034/1555/4 1037/1559/1116 1036/1557/1115
f 1034/1555/4 726/1558/4 1035/1556/4
f 1034/1555/4 371/534/417 1037/1559/1116
f 1034/1555/4 486/718/557 371/534/417
f 1038/1560/995 167/257/189 1039/1561/1117
f 1038/1363/995 1040/733/566 904/1364/996
f 1038/1560/995 1039/1561/1117 47/76/59
f 1038/1560/995 47/76/59 1040/1562/566
f 1041/1563/1118 1042/1564/39 33/1565/1119
f 1041/1566/1118 31/1567/40 1042/1568/39
f 1041/1563/1118 33/1565/1119 1043/1569/1120
f 1041/1566/1118 1043/1570/1120 31/1567/40
f 1143/1221/905 1044/1571/1121 133/214/158
f 57/92/71 1045/1572/1122 133/214/158
f 1046/1573/157 133/1574/158 1044/1575/1121
f 1143/1221/905 133/214/158 1045/1572/1122
f 1047/1576/1123 1048/1577/1124 1050/1578/1125
f 1047/1579/1123 185/273/207 1049/275/209
f 1047/1576/1123 1049/1580/209 1048/1577/1124
f 1047/1579/1123 186/274/208 185/273/207
f 1047/1579/1123 1050/1581/1125 186/274/208
f 600/895/676 1051/1582/1126 1052/1583/1127
f 600/895/676 1053/1584/1128 512/768/585
f 600/895/676 512/768/585 601/896/677
f 600/895/676 1052/1583/1127 1053/1584/1128
f 600/895/676 603/898/679 1051/1582/1126
f 513/770/588 1016/1527/1100 612/908/688
f 513/770/588 518/776/591 1016/1527/1100
f 274/402/311 1054/1585/1129 278/406/315
f 274/402/311 820/1216/901 1054/1585/1129
f 831/1232/912 834/1236/595 906/1366/338
f 811/1586/891 304/441/346 1055/1587/1130
f 811/1586/891 1055/1587/1130 999/1588/1081
f 811/1586/891 999/1588/1081 1056/1589/892
f 811/1586/891 598/892/674 304/441/346
f 1057/1590/1131 453/578/447 309/446/351
f 1057/1590/1131 1139/1591/1132 1058/1592/1133
f 1057/1590/1131 1058/1592/1133 453/578/447
f 1057/1590/1131 308/445/350 1139/1591/1132
f 1057/1590/1131 309/446/351 308/445/350
f 867/1287/944 868/1288/945 921/1385/268
f 867/1287/944 606/901/682 681/1004/763
f 867/1287/944 921/1385/268 607/902/683
f 867/1287/944 607/902/683 606/901/682
f 867/1287/944 869/1289/946 868/1288/945
f 923/1387/1012 925/1389/1014 1059/1593/1134
f 923/1387/1012 1060/1594/1135 686/1009/768
f 923/1387/1012 1059/1593/1134 1060/1594/1135
f 873/1302/956 672/991/753 429/647/496
f 873/1302/956 428/646/495 580/862/268
f 873/1302/956 874/1304/958 672/991/753
f 873/1302/956 429/647/496 428/646/495
f 1061/1595/1136 1062/1596/1137 501/742/572
f 1061/1595/1136 361/1597/404 1063/1598/403
f 1061/1595/1136 501/742/572 361/1597/404
f 1061/1595/1136 1063/1598/403 1064/1599/1138
f 1061/1595/1136 1065/1600/1139 1062/1596/1137
f 1061/1595/1136 1064/1599/1138 1065/1600/1139
f 128/199/150 879/1311/965 1066/1601/1140
f 128/199/150 1066/1601/1140 129/200/151
f 934/1404/1026 800/1186/882 416/1188/464
f 934/1404/1026 54/87/70 880/1315/967
f 934/1404/1026 880/1315/967 800/1186/882
f 784/1162/865 783/1161/867 421/625/480
f 784/1162/865 421/625/480 422/627/479
f 260/380/294 1067/1602/1141 261/381/295
f 260/380/294 566/836/638 1125/840/641
f 260/380/294 1125/840/641 1067/1602/1141
f 260/380/294 884/1320/971 566/836/638
f 1069/1603/1142 1068/1604/1143 917/1380/1006
f 1069/1603/1142 1070/1605/1144 1068/1604/1143
f 1069/1606/1142 173/261/175 1070/1607/1144
f 1069/1603/1142 917/1380/1006 916/1379/1005
f 1069/1606/1142 916/1608/1005 173/261/175
f 324/470/368 731/1092/180 165/249/187
f 324/470/368 160/1609/181 731/1092/180
f 324/470/368 164/248/186 325/471/369
f 324/470/368 165/249/187 164/248/186
f 1385/1610/1145 729/1088/812 1377/1611/1146
f 1385/1610/1145 1384/1089/813 729/1088/812
f 1385/1610/1145 1377/1611/1146 1071/1612/1147
f 473/703/543 478/708/548 331/482/376
f 473/1613/1148 474/1614/1148 988/1615/1148
f 473/703/543 331/482/376 474/481/375
f 490/724/561 734/1270/818 491/725/562
f 1072/1616/1149 1073/1617/1150 1074/1618/1151
f 1072/1616/1149 1075/1619/1152 751/1620/834
f 1072/1616/1149 751/1620/834 1073/1617/1150
f 1072/1616/1149 56/91/73 1075/1619/1152
f 1072/1616/1149 1074/1618/1151 1076/1621/268
f 1072/1616/1149 1045/1572/1122 56/91/73
f 1072/1616/1149 1076/1621/268 1045/1572/1122
f 1077/1622/1153 468/698/538 1078/1623/1154
f 1077/1622/1153 713/1053/794 358/1624/400
f 1077/1622/1153 1078/1623/1154 713/1053/794
f 1077/1622/1153 469/699/539 468/698/538
f 1077/1622/1153 358/1624/400 469/699/539
f 1051/1582/1126 1079/1625/1155 1052/1583/1127
f 1080/1626/1156 1032/1549/1112 1081/1627/1113
f 1080/1626/1156 1299/1628/1157 1032/1549/1112
f 1080/1626/1156 1081/1627/1113 1299/1628/1157
f 203/304/4 1082/6/4 205/305/4
f 203/1328/230 4/8/5 1082/1629/268
f 203/1328/230 886/1327/975 4/8/5
f 631/1254/710 846/1253/411 365/1630/408
f 631/934/710 365/525/408 632/935/711
f 850/617/475 220/323/4 418/618/476
f 850/1263/475 417/1631/477 1224/850/647
f 850/617/475 1027/1544/1110 220/323/4
f 850/617/475 851/1545/927 1027/1544/1110
f 22/38/29 854/1267/930 23/39/30
f 857/1272/933 868/1288/945 1083/1632/1158
f 857/1272/933 1083/1632/1158 858/1273/266
f 857/1272/933 860/1277/936 868/1288/945
f 1084/1143/851 1086/1633/752 237/348/269
f 1084/1634/851 1085/1635/1159 1086/1636/752
f 1084/1634/851 126/197/148 389/563/436
f 1084/1634/851 389/563/436 1085/1635/1159
f 1089/1637/4 1087/1638/4 1088/1639/4
f 1089/1640/1160 1091/1641/1160 1090/1642/1160
f 1089/1643/1161 1088/1644/1161 1091/1645/1161
f 1089/1646/4 1090/1647/4 1087/1648/4
f 1092/1649/1162 394/573/444 1093/1650/1163
f 1092/1649/1162 395/574/445 394/573/444
f 1092/1649/1162 1194/1084/809 728/1086/810
f 1092/1649/1162 1093/1650/1163 1194/1084/809
f 1092/1649/1162 871/1295/950 395/574/445
f 1092/1649/1162 728/1086/810 871/1295/950
f 134/209/159 613/911/689 779/1154/862
f 134/209/159 140/217/163 613/911/689
f 1094/1651/1164 468/698/538 470/700/540
f 1094/1651/1164 470/700/540 1095/1652/1165
f 1094/1651/1164 1078/1623/1154 468/698/538
f 1094/1651/1164 1095/1652/1165 1096/1653/1166
f 1094/1651/1164 881/1316/968 1078/1623/1154
f 1094/1651/1164 1096/1653/1166 256/376/291
f 1094/1651/1164 256/376/291 881/1316/968
f 1097/1654/1167 789/1167/332 788/1166/871
f 1097/1654/1167 1098/1655/268 292/1656/333
f 1097/1654/1167 292/1656/333 789/1167/332
f 1097/1654/1167 1099/1657/268 1098/1655/268
f 155/236/174 156/238/176 1100/1658/1168
f 155/236/174 1101/1659/1169 173/237/175
f 155/236/174 1100/1658/1168 1101/1659/1169
f 269/396/306 268/395/305 1102/1660/1170
f 279/407/316 286/415/324 983/1472/1069
f 279/407/316 983/1472/1069 280/408/317
f 1103/1661/1171 1104/1662/1172 1105/1663/1173
f 1103/1661/1171 1105/1663/1173 1106/1664/1174
f 1103/1661/1171 1106/1664/1174 87/1665/107
f 1103/1661/1171 805/1666/886 1104/1662/1172
f 1103/1661/1171 87/1665/107 805/1666/886
f 498/738/571 864/1282/939 1107/1667/1175
f 498/738/571 1107/1667/1175 1108/1668/1176
f 498/738/571 1108/1668/1176 499/739/115
f 498/738/571 502/743/573 864/1282/939
f 1109/1669/1177 96/157/118 431/650/498
f 1109/1669/1177 1110/1670/1178 97/158/119
f 1109/1669/1177 1282/1671/1179 1110/1670/1178
f 1109/1669/1177 97/158/119 96/157/118
f 1109/1669/1177 544/1672/616 1282/1671/1179
f 1109/1669/1177 431/650/498 544/1672/616
f 1112/1673/1180 1113/1674/1181 1111/1675/1182
f 1112/1673/1180 973/1457/1060 976/1462/1062
f 1112/1673/1180 1111/1675/1182 973/1457/1060
f 1112/1676/1180 976/1461/1062 310/449/352
f 1112/1676/1180 310/449/352 1113/1677/1181
f 813/1206/894 311/453/355 438/662/506
f 813/1206/894 1006/1514/1091 109/177/132
f 813/1206/894 815/1208/896 311/453/355
f 813/1206/894 438/662/506 1006/1514/1091
f 1086/990/752 595/887/672 542/806/614
f 1086/990/752 672/991/753 1114/1678/272
f 1086/1636/752 388/562/435 596/890/673
f 1086/990/752 596/888/673 595/887/672
f 1086/1636/752 1085/1635/1159 388/562/435
f 1048/1577/1124 187/278/210 1050/1578/1125
f 1115/1679/1183 1116/1680/1184 1066/1601/1140
f 1115/1679/1183 1004/1511/1090 587/875/665
f 1115/1679/1183 1066/1601/1140 1004/1511/1090
f 1117/1681/1185 1118/1682/453 1119/1683/455
f 1117/1681/1185 1120/1684/1186 1118/1682/453
f 1117/1681/1185 1119/1683/455 1121/1685/456
f 1117/1681/1185 1121/1685/456 1122/1686/1187
f 1117/1681/1185 1122/1686/1187 1120/1684/1186
f 53/86/69 1123/1687/1188 54/87/70
f 53/86/69 132/205/156 1123/1687/1188
f 143/220/166 255/375/290 252/372/287
f 1067/1602/1141 1124/1688/1189 261/381/295
f 1067/1689/1141 1125/1690/641 1126/1691/1190
f 1067/1689/1141 1126/1691/1190 1127/1692/1191
f 1067/1689/1141 1127/1692/1191 1124/1693/1189
f 172/260/195 174/262/196 1128/1694/1192
f 172/260/195 1070/1607/1144 173/261/175
f 172/260/195 1128/1694/1192 1070/1607/1144
f 480/710/550 482/712/552 1129/1695/1193
f 480/710/550 1129/1695/1193 1130/1696/1194
f 480/710/550 1130/1696/1194 481/711/551
f 1131/1697/1195 862/1280/937 84/136/102
f 1131/1697/1195 1132/1698/1196 1133/1699/1197
f 1131/1697/1195 83/135/101 1132/1698/1196
f 1131/1697/1195 84/136/102 83/135/101
f 1134/1700/1198 1135/1701/1199 86/141/106
f 1134/1700/1198 86/141/106 85/148/105
f 1134/1702/1198 294/429/335 1135/1703/1199
f 1134/1702/1198 191/285/216 294/429/335
f 1134/1704/1198 195/293/221 191/292/216
f 1134/1704/1198 85/139/105 195/293/221
f 93/151/112 865/1283/940 94/152/113
f 1136/1705/1200 1137/1706/1201 1138/1707/1202
f 1136/1705/1200 1139/1708/1132 310/449/352
f 1136/1705/1200 1058/1709/1133 1139/1708/1132
f 1136/1705/1200 1138/1707/1202 1058/1709/1133
f 1136/1705/1200 310/449/352 1137/1706/1201
f 1035/1556/4 1140/1710/4 161/244/182
f 1035/1556/4 161/244/182 163/247/185
f 1035/1556/4 163/247/185 486/718/557
f 1035/1556/4 726/1558/4 1140/1710/4
f 167/257/189 1141/1711/1203 1039/1561/1117
f 167/257/189 169/255/192 1141/1711/1203
f 1142/1712/1204 647/956/724 646/955/723
f 1142/1713/1204 1309/1714/65 647/1715/724
f 1142/1712/1204 691/1014/772 692/1016/773
f 1142/1712/1204 692/1016/773 1309/1716/65
f 1142/1712/1204 646/955/723 691/1014/772
f 1143/1717/905 827/1226/908 1044/1575/1121
f 1143/1221/905 1045/1572/1122 1076/1621/268
f 1143/1221/905 1076/1621/268 825/1222/906
f 1144/1718/1205 1145/1719/1206 1146/1720/1207
f 1144/1718/1205 1226/1721/1208 1147/1722/1209
f 1144/1718/1205 1147/1722/1209 1145/1719/1206
f 601/896/677 632/935/711 602/897/678
f 199/297/225 1148/1723/1210 200/298/226
f 199/297/225 1149/1724/1211 1148/1723/1210
f 199/297/225 198/296/224 1150/1725/1212
f 199/297/225 1150/1725/1212 1149/1724/1211
f 206/306/231 1151/1726/1213 207/307/232
f 206/306/231 208/309/233 1330/1727/1214
f 206/306/231 1330/1727/1214 658/1728/737
f 206/306/231 658/1728/737 1151/1726/1213
f 534/1729/606 342/494/385 1152/1730/1215
f 534/797/606 1152/1731/1215 535/798/607
f 534/1729/606 343/495/386 342/494/385
f 214/316/240 1025/1539/1107 215/317/241
f 214/316/240 217/319/243 1024/1538/4
f 608/1732/684 610/1733/686 748/1120/831
f 608/1732/684 744/1116/827 1153/1734/1216
f 608/903/684 1153/1735/1216 609/904/685
f 608/1732/684 748/1120/831 744/1116/827
f 466/1736/534 762/861/654 1155/863/655
f 466/692/534 1154/1737/805 464/693/535
f 466/1070/534 1155/1738/655 532/792/604
f 1018/1530/1102 283/411/320 1156/1739/1217
f 1018/1530/1102 284/412/321 283/411/320
f 765/1139/847 477/707/547 378/547/425
f 765/1139/847 478/708/548 477/707/547
f 765/1139/847 1157/1740/1218 478/708/548
f 765/1139/847 768/1142/850 1157/1740/1218
f 1102/1660/1170 1158/1741/1219 1159/1742/1220
f 1102/1660/1170 268/395/305 1158/1741/1219
f 80/132/98 757/1129/840 636/941/715
f 1104/1662/1172 1124/1693/1189 1127/1692/1191
f 1104/1662/1172 1127/1692/1191 1105/1663/1173
f 1104/1662/1172 805/1666/886 803/1743/884
f 1145/1719/1206 1160/1744/1221 1146/1720/1207
f 1161/1745/1222 342/494/385 739/1111/823
f 1161/1746/1222 240/354/275 244/360/278
f 1161/1746/1222 739/1110/823 240/354/275
f 1161/1745/1222 244/358/278 342/494/385
f 110/178/133 1303/1359/267 814/1207/895
f 684/1007/766 686/1009/768 1162/1747/1223
f 684/1007/766 1163/1748/1224 685/1008/767
f 684/1007/766 1162/1747/1223 1163/1748/1224
f 1164/1749/1225 769/1144/852 238/350/271
f 1164/1749/1225 1140/1750/1226 726/1751/1227
f 1164/1749/1225 1165/1752/1228 769/1144/852
f 1164/1749/1225 1294/1753/1229 1140/1750/1230
f 1164/1749/1225 238/350/271 1294/1753/1229
f 1164/1749/1225 726/1751/1227 1166/1754/1231
f 1164/1749/1225 1167/1755/1232 1165/1752/1228
f 1164/1749/1225 1166/1754/1231 1167/1755/1232
f 1169/1756/1233 1170/993/755 676/996/758
f 1169/1756/1233 1168/1757/1234 675/1758/757
f 1169/1759/1233 674/1760/756 1170/1761/755
f 1169/1756/1233 676/996/758 1168/1757/1234
f 1169/1759/1233 675/1762/757 674/1760/756
f 368/530/413 282/410/319 1171/1763/1235
f 612/908/688 1015/1526/1099 1172/1764/1236
f 612/908/688 1016/1527/1100 1015/1526/1099
f 612/910/688 1172/1765/1236 613/911/689
f 946/1422/1037 1173/1766/1237 957/1435/1048
f 946/1422/1037 254/374/289 947/1423/1038
f 946/1422/1037 948/1424/1039 1173/1766/1237
f 946/1422/1037 957/1435/1048 254/374/289
f 563/837/636 566/836/638 885/1322/972
f 563/833/636 1292/1767/1238 1174/1768/1239
f 563/833/636 1174/1768/1239 564/834/637
f 563/833/636 885/1769/972 1292/1767/1238
f 1177/1770/1240 1175/1771/1241 1176/1772/1242
f 1177/1773/1240 1/2/2 4/8/5
f 1177/1773/1240 1312/1774/974 1178/1775/1243
f 1177/1773/1240 1176/1776/1242 1/2/2
f 1177/1773/1240 4/8/5 886/1327/975
f 1177/1773/1240 886/1327/975 1312/1774/974
f 633/937/712 740/1112/824 634/938/713
f 1026/1542/1109 574/851/648 1148/1723/1210
f 1026/1542/1109 1148/1723/1210 1149/1724/1211
f 1026/1542/1109 1149/1724/1211 457/1543/528
f 1026/1542/1109 851/1264/927 574/851/648
f 24/40/31 372/536/418 1179/1777/1244
f 1037/1559/1116 371/534/417 24/533/416
f 24/40/31 1179/1777/1244 998/1495/1080
f 24/40/31 21/537/419 372/536/418
f 1037/1559/1116 24/533/416 643/950/721
f 868/1288/945 1293/1296/948 1083/1632/1158
f 868/1288/945 860/1277/936 921/1385/268
f 35/1778/1245 1180/1779/1245 1294/1780/1245
f 711/1050/793 1063/1781/403 360/1051/402
f 711/1782/793 1064/1599/1138 1063/1598/403
f 711/1782/793 909/1783/999 1064/1599/1138
f 45/78/61 1181/1784/4 821/254/191
f 45/78/61 49/77/60 1181/1784/4
f 823/1219/903 481/711/551 1130/1696/1194
f 823/1219/903 1130/1696/1194 1182/1785/1246
f 823/1219/903 1182/1785/1246 52/81/64
f 1073/1617/1150 657/971/736 1074/1618/1151
f 1073/1617/1150 1151/1786/1213 657/971/736
f 1073/1787/1150 751/1123/834 750/1122/833
f 1073/1787/1150 750/1122/833 1151/1726/1213
f 1183/1788/1247 298/435/340 297/434/339
f 1183/1788/1247 524/784/596 832/1234/913
f 1183/1788/1247 297/434/339 524/784/596
f 1183/1788/1247 832/1234/913 298/435/340
f 1184/1789/1248 1185/1790/1249 1052/1791/1127
f 1184/1792/1250 1187/1793/1250 69/1794/1250
f 1184/1795/1251 69/1796/1251 1186/1797/1251
f 1184/1798/1248 1188/1799/1252 1187/1800/84
f 1184/1789/1248 1052/1791/1127 1188/1801/1252
f 1032/1549/1112 1299/1628/1157 539/803/611
f 1032/1549/1112 539/803/611 72/116/89
f 571/845/644 516/773/590 960/1438/4
f 571/845/644 960/1438/4 411/615/4
f 571/845/644 268/846/305 517/774/304
f 571/845/644 517/774/304 516/773/590
f 220/323/4 1027/1544/1110 221/324/247
f 220/323/4 1269/328/251 418/618/476
f 1189/1802/1253 1190/1803/1254 1191/1804/1255
f 1189/1802/1253 1271/1805/1256 173/237/175
f 1189/1802/1253 173/237/175 1101/1659/1169
f 1189/1802/1253 1191/1804/1255 1271/1805/1256
f 1189/1802/1253 1101/1659/1169 1190/1803/1254
f 964/1285/942 529/1806/601 1055/1587/1130
f 964/1446/942 1192/1807/1257 530/795/602
f 964/1285/942 1055/1587/1130 301/438/343
f 964/1446/942 963/1445/1053 1192/1807/1257
f 964/1446/942 530/795/602 529/1808/601
f 1195/1809/807 1193/1810/1258 967/1811/1054
f 1195/1809/807 1194/1812/809 1193/1810/1258
f 1195/1813/807 967/1450/1054 966/1449/808
f 775/1150/858 686/1009/768 968/1451/1055
f 775/1150/858 968/1451/1055 969/1452/1056
f 775/1150/858 969/1452/1056 776/1151/859
f 595/887/672 543/807/615 542/806/614
f 1113/1674/1181 913/1375/1002 910/1371/1001
f 1113/1674/1181 910/1371/1001 1111/1675/1182
f 1113/1677/1181 310/449/352 913/1373/1002
f 879/1311/965 1005/1512/1089 1066/1601/1140
f 879/1814/965 550/815/623 1196/1815/1259
f 879/1814/965 1196/1815/1259 1005/1509/1089
f 1197/1816/1260 1198/1817/1261 562/829/633
f 1197/1816/1260 1132/1698/1196 1198/1817/1261
f 1197/1816/1260 562/829/633 1199/1818/1262
f 1197/1816/1260 1199/1818/1262 1132/1698/1196
f 9/20/15 1200/918/695 11/21/16
f 9/18/15 701/1033/783 1262/1819/1263
f 9/18/15 1262/1819/1263 1200/1820/695
f 993/1490/1075 995/1492/1077 1201/1821/1264
f 1202/1822/1265 448/672/516 935/1407/1028
f 1202/1822/1265 1297/611/470 1203/1823/706
f 1202/1822/1265 1203/1823/706 448/672/516
f 1202/1822/1265 414/609/468 1297/611/470
f 1202/1822/1265 935/1407/1028 414/609/468
f 1062/1596/1137 865/1283/940 502/743/573
f 1062/1596/1137 752/1124/835 865/1283/940
f 1062/1596/1137 1065/1600/1139 752/1124/835
f 1062/1596/1137 502/743/573 501/742/572
f 453/578/447 973/1457/1060 1111/1675/1182
f 938/1411/1030 838/1241/918 453/680/524
f 453/578/447 1008/1516/1093 1009/1518/1095
f 453/578/447 306/443/348 309/446/351
f 838/1241/918 454/681/525 453/680/524
f 453/578/447 1009/1518/1095 306/443/348
f 453/578/447 401/583/451 1008/1516/1093
f 453/578/447 1058/1592/1133 1138/1824/1202
f 453/578/447 1111/1675/1182 910/1371/1001
f 453/578/447 1138/1824/1202 974/1456/1059
f 1204/1825/1266 1284/1826/1267 639/944/718
f 1204/1825/1266 639/944/718 977/1463/1063
f 897/1349/988 23/39/30 854/1267/930
f 897/1349/988 854/1267/930 896/1350/989
f 897/1351/988 463/690/533 23/1464/30
f 1205/1827/1268 253/373/288 1096/1653/1166
f 1205/1827/1268 782/1159/866 947/1423/1038
f 1205/1827/1268 785/1163/868 782/1159/866
f 1205/1827/1268 1095/1652/1165 785/1163/868
f 1205/1827/1268 947/1423/1038 253/373/288
f 1205/1827/1268 1096/1653/1166 1095/1652/1165
f 475/705/545 474/704/544 1206/1828/1269
f 475/705/545 1207/1829/1270 949/1425/1040
f 475/705/545 949/1425/1040 476/706/546
f 475/705/545 1206/1828/1269 1207/1829/1270
f 482/712/552 1309/82/65 1129/1695/1193
f 482/712/552 484/714/554 1309/82/65
f 158/240/178 160/243/181 1208/1830/1271
f 158/240/178 1209/1831/1272 159/241/179
f 904/1364/996 1040/733/566 605/900/681
f 904/1364/996 605/900/681 905/1365/997
f 906/1366/338 59/100/76 1210/1832/1273
f 906/1366/338 63/101/79 59/100/76
f 906/1366/338 64/102/80 63/101/79
f 906/433/338 525/785/597 297/434/339
f 1211/1833/1274 927/1391/1016 928/1392/1017
f 1211/1834/4 336/5/4 3/7/4
f 1211/1834/4 1212/1835/4 336/5/4
f 1211/1834/4 928/1836/4 1212/1835/4
f 1211/1833/1274 1213/1837/1275 927/1391/1016
f 342/494/385 719/1063/799 1152/1730/1215
f 342/494/385 720/1064/800 719/1063/799
f 342/494/385 547/811/619 1214/1838/8
f 342/494/385 244/358/278 243/357/277
f 342/494/385 1214/1838/8 720/1064/800
f 1215/1839/1276 193/287/218 932/1402/1024
f 1215/1839/1276 618/917/694 1216/1840/1277
f 1215/1839/1276 1216/1840/1277 193/287/218
f 1215/1839/1276 12/22/17 11/21/16
f 1215/1839/1276 11/21/16 618/917/694
f 1215/1839/1276 932/1402/1024 12/22/17
f 385/559/432 124/194/147 123/193/146
f 385/559/432 303/440/345 386/560/433
f 1217/1841/1278 686/1009/768 1060/1594/1135
f 1217/1841/1278 1218/1842/1279 1219/1843/1280
f 1217/1841/1278 1219/1843/1280 1162/1747/1223
f 1217/1841/1278 1060/1594/1135 1218/1842/1279
f 1217/1841/1278 1162/1747/1223 686/1009/768
f 1014/1525/1098 779/1844/862 1172/1764/1236
f 1014/1525/1098 1017/1528/1101 1220/1845/1281
f 1014/1525/1098 1172/1764/1236 1015/1526/1099
f 1014/1525/1098 1220/1845/1281 1221/1846/1282
f 1014/1525/1098 1221/1846/1282 779/1844/862
f 615/914/691 616/915/692 1222/1847/1283
f 615/914/691 1222/1847/1283 1199/1818/1262
f 615/914/691 1199/1818/1262 562/829/633
f 193/287/218 1216/1840/1277 404/593/457
f 622/977/699 1223/1848/1284 663/978/741
f 622/922/699 624/924/701 1223/1849/1284
f 417/626/477 421/625/480 1224/1850/647
f 425/630/483 1135/1701/1199 1246/1851/1049
f 425/630/483 1246/1851/1049 718/631/484
f 425/630/483 804/1194/885 1135/1701/1199
f 1022/1536/1105 961/1442/1052 1356/1441/1051
f 762/861/654 760/1133/844 580/862/268
f 1225/1852/1285 1252/1853/1286 1226/1854/1208
f 965/1447/678 1227/1855/1287 437/659/505
f 326/472/370 325/476/369 1339/1469/1066
f 1228/1856/1288 280/408/317 983/1472/1069
f 1228/1856/1288 1171/1763/1235 281/409/318
f 1228/1856/1288 281/409/318 280/408/317
f 677/999/761 1265/1857/1044 554/819/626
f 677/1858/761 329/479/373 1265/1431/1044
f 677/1858/761 732/1859/816 329/479/373
f 1360/1860/1289 1359/1861/1290 1229/1862/1291
f 334/485/379 826/1223/907 335/486/380
f 334/485/379 504/749/575 826/1223/907
f 1087/1863/1292 1230/1864/1293 1088/1865/1294
f 1087/1863/1292 1090/1866/1295 1230/1864/1293
f 891/1339/982 958/1341/983 349/504/13
f 891/1339/982 349/504/13 346/501/389
f 891/1339/982 346/501/389 666/983/745
f 350/505/391 458/685/529 459/686/530
f 350/505/391 745/1117/828 458/685/529
f 350/505/391 351/506/392 745/1117/828
f 1175/1771/1241 843/1248/921 1176/1772/1242
f 1175/1771/1241 970/1453/1057 629/932/708
f 1175/1771/1241 629/932/708 843/1248/921
f 1175/1771/1241 1178/1867/1243 970/1453/1057
f 366/526/409 939/1412/1031 367/527/410
f 366/526/409 1264/529/412 216/1410/242
f 574/851/648 575/853/650 1148/1723/1210
f 725/1072/803 1166/1754/1231 1036/1868/1296
f 1036/1557/1115 1037/1559/1116 726/1869/804
f 725/1072/803 1036/1868/1296 726/1073/804
f 1166/1754/1231 726/1751/1227 1036/1868/1296
f 644/952/34 377/1870/4 821/254/191
f 644/44/34 1326/46/36 1231/1871/424
f 672/991/753 430/648/497 429/647/496
f 672/991/753 874/1304/958 1114/1678/272
f 609/904/685 1107/1667/1175 16/29/22
f 609/904/685 1108/1668/1176 1107/1667/1175
f 609/904/685 1153/1735/1216 1108/1668/1176
f 821/1217/191 1207/1829/1270 822/1218/902
f 821/254/191 1141/1711/1203 169/255/192
f 821/254/191 1181/1784/4 1141/1711/1203
f 821/1217/191 949/1425/1040 1207/1829/1270
f 481/711/551 381/550/428 951/1427/1042
f 481/1872/551 1232/1873/1297 382/553/429
f 481/954/551 691/1014/772 646/955/723
f 481/711/551 951/1427/1042 483/713/553
f 481/711/551 382/551/429 381/550/428
f 481/1872/551 648/1874/726 1232/1873/1297
f 656/970/735 826/1223/907 825/1222/906
f 656/970/735 1074/1618/1151 657/971/736
f 656/970/735 335/486/380 826/1223/907
f 656/970/735 825/1222/906 1074/1618/1151
f 666/983/745 70/112/87 836/1488/917
f 670/988/750 671/989/751 1233/1875/1298
f 670/988/750 1233/1875/1298 686/1009/768
f 843/1249/921 927/1391/1016 1176/1776/1242
f 843/1249/921 180/268/202 927/1391/1016
f 1024/1538/4 847/1256/924 848/1261/926
f 1024/1538/4 848/1261/926 89/144/108
f 1024/1538/4 217/319/243 847/1256/924
f 1027/1544/1110 460/687/531 221/324/247
f 372/536/418 1234/1876/1299 1179/1777/1244
f 372/536/418 373/539/421 1234/1876/1299
f 1235/1877/1300 1230/1878/1293 1090/1879/1295
f 1235/1880/1300 1091/1881/1301 1267/1882/1302
f 1235/1877/1300 1090/1879/1295 1091/1883/1301
f 1235/1880/1300 1267/1882/1302 1230/1884/1293
f 1238/1274/1303 1236/1885/1304 859/1275/935
f 1238/1886/268 1237/1887/268 767/1888/268
f 1238/1274/1303 766/1889/848 1236/1885/1304
f 1238/1890/1303 767/1141/849 766/1140/848
f 769/1144/852 1165/1752/1228 121/190/144
f 769/1144/852 239/352/273 238/350/271
f 1239/1891/1305 736/1106/821 344/498/387
f 1239/1892/1305 6/12/9 736/1108/821
f 1239/1892/1305 341/492/384 6/12/9
f 1239/1892/1305 344/497/387 341/492/384
f 779/1844/862 249/368/284 780/1893/863
f 779/1154/862 613/911/689 1172/1765/1236
f 779/1844/862 1221/1846/1282 249/368/284
f 253/373/288 947/1423/1038 254/374/289
f 253/373/288 256/376/291 1096/1653/1166
f 1241/1894/4 1242/1895/1306 887/1330/977
f 1241/1896/1307 887/1897/1307 1240/1898/1307
f 1241/1899/467 1240/1900/467 1313/1901/467
f 1241/1902/4 1313/1903/4 1242/1904/4
f 797/1183/880 796/1182/879 558/825/629
f 797/1183/880 1243/1905/1308 798/1184/881
f 797/1183/880 558/825/629 557/824/628
f 797/1183/880 557/824/628 1243/1905/1308
f 81/1906/99 1244/1907/1309 1245/1908/1310
f 81/133/99 1198/1817/1261 82/134/100
f 81/133/99 562/829/633 1198/1817/1261
f 81/1906/99 641/1909/720 1244/1907/1309
f 81/1906/99 1245/1908/1310 802/1192/883
f 1135/1701/1199 804/1194/885 86/141/106
f 1135/1703/1199 294/429/335 1246/1910/1049
f 59/100/76 61/1911/78 1210/1832/1273
f 1110/1670/1178 1282/1671/1179 598/1205/674
f 1110/1670/1178 598/1205/674 97/158/119
f 235/343/264 768/1142/850 767/1141/849
f 235/343/264 767/1141/849 1237/344/265
f 235/343/264 1033/1554/1114 768/1142/850
f 205/305/4 1082/6/4 336/5/4
f 205/308/4 336/1912/4 208/309/233
f 719/1063/799 723/1067/801 1152/1730/1215
f 1105/1663/1173 699/1031/781 703/1035/268
f 1105/1663/1173 1127/1692/1191 699/1031/781
f 1105/1663/1173 703/1035/268 1106/1664/1174
f 227/331/254 896/1350/989 855/1268/931
f 1350/1018/775 1247/1913/1311 693/1019/776
f 1386/1914/1312 1248/1915/361 1380/1299/953
f 1386/1916/1312 319/463/362 1248/462/361
f 1386/1914/1312 1380/1299/953 1387/1298/952
f 1040/1562/566 47/76/59 985/1476/1070
f 1249/1917/1313 1275/1918/1314 1250/1919/962
f 1249/1917/1313 1251/1920/1315 1275/1918/1314
f 1249/1917/1313 877/1921/963 1251/1920/1315
f 1226/1721/1208 1252/1922/1286 1147/1722/1209
f 1253/1923/1316 66/1924/82 1187/1800/84
f 1253/1923/1316 1187/1800/84 1188/1799/1252
f 1253/1923/1316 1188/1799/1252 1079/1625/1155
f 792/1376/876 794/882/671 590/878/668
f 790/1168/872 291/422/329 404/593/457
f 790/1168/872 293/427/334 291/422/329
f 790/1168/872 295/431/336 293/427/334
f 790/1168/872 404/593/457 791/1169/873
f 996/1493/1078 743/1925/826 19/33/23
f 996/1493/1078 997/1494/1079 743/1925/826
f 996/1493/1078 19/33/23 18/32/24
f 996/1493/1078 18/32/24 407/596/460
f 529/1806/601 999/1588/1081 1055/1587/1130
f 686/1009/768 442/666/510 441/665/509
f 686/1009/768 1233/1875/1298 995/1492/1077
f 686/1009/768 778/1153/861 840/1244/919
f 686/1009/768 441/665/509 968/1451/1055
f 1254/1926/270 1114/1678/272 1180/1303/957
f 1254/1927/1317 1180/1928/1317 238/1929/1317
f 1005/1509/1089 1196/1815/1259 111/179/134
f 1005/1512/1089 1004/1511/1090 1066/1601/1140
f 783/1161/867 956/1434/1047 1255/1930/1318
f 783/1161/867 1255/1930/1318 421/625/480
f 566/836/638 884/1320/971 885/1322/972
f 915/1931/973 173/261/175 916/1608/1005
f 915/1323/973 918/1932/1008 154/235/173
f 970/1453/1057 1178/1867/1243 971/1454/517
f 740/1112/824 741/1113/219 1256/1933/1319
f 740/1112/824 849/1259/925 634/938/713
f 740/1112/824 1256/1933/1319 849/1259/925
f 1148/1723/1210 575/853/650 200/298/226
f 1192/1807/1257 725/1072/803 531/796/603
f 1192/1807/1257 531/796/603 530/795/602
f 1192/1807/1257 1167/1755/1232 1166/1754/1231
f 1192/1807/1257 1166/1754/1231 725/1072/803
f 1192/1807/1257 963/1445/1053 1167/1755/1232
f 1232/1873/1297 1311/1934/1320 383/554/430
f 1232/1873/1297 648/1874/726 1311/1934/1320
f 1232/1873/1297 383/554/430 382/553/429
f 231/337/88 1257/1935/90 232/338/259
f 330/480/374 329/479/373 732/1859/816
f 330/480/374 732/1859/816 986/1473/568
f 657/971/736 1151/1786/1213 658/972/737
f 1223/1848/1284 624/1936/701 625/1937/702
f 1223/1848/1284 625/1937/702 844/1250/922
f 1223/1848/1284 844/1250/922 663/978/741
f 1186/1938/746 348/1939/388 1185/1790/1249
f 671/989/751 1201/1821/1264 1233/1875/1298
f 1258/1940/1321 1158/1741/1219 570/1941/643
f 1258/1940/1321 570/1941/643 1243/1905/1308
f 1258/1940/1321 1243/1905/1308 557/824/628
f 1258/1940/1321 556/823/627 1159/1742/1220
f 1258/1940/1321 1159/1742/1220 1158/1741/1219
f 1258/1940/1321 557/824/628 556/823/627
f 802/1192/883 1245/1908/1310 41/67/55
f 432/651/494 533/793/605 1155/1738/655
f 432/651/494 100/161/122 533/793/605
f 432/651/494 101/162/123 100/161/122
f 1193/1810/1258 1194/1812/809 1259/1942/1322
f 1193/1810/1258 1259/1942/1322 773/1148/856
f 386/560/433 1260/1943/4 387/561/434
f 386/560/433 1261/1944/1323 1260/1943/4
f 386/560/433 303/440/345 1261/1944/1323
f 394/573/444 1325/1945/1324 1093/1650/1163
f 394/573/444 396/576/443 1325/1945/1324
f 221/324/247 201/299/227 222/325/248
f 221/324/247 460/687/531 201/299/227
f 567/841/639 1200/918/695 1262/1946/1263
f 567/1947/639 1262/1819/1263 568/1948/640
f 606/901/682 496/736/569 679/1001/762
f 31/50/40 1043/1949/1120 1263/1950/1325
f 991/1487/4 336/5/4 1212/1835/4
f 991/1487/4 1212/1835/4 928/1836/4
f 991/1485/1073 928/1392/1017 506/747/577
f 736/1108/821 6/12/9 738/1109/822
f 743/1115/826 997/1951/1079 744/1116/827
f 743/1115/826 351/506/392 19/31/23
f 936/1408/1027 447/671/515 751/1123/834
f 936/1405/1027 58/89/72 54/87/70
f 936/1408/1027 935/1407/1028 447/671/515
f 753/1125/836 752/1124/835 1065/1600/1139
f 753/1125/836 1065/1600/1139 358/517/400
f 216/318/242 1264/1952/412 217/319/243
f 282/410/319 281/409/318 1171/1763/1235
f 478/708/548 1157/1740/1218 331/482/376
f 210/312/236 980/1953/1065 211/313/237
f 548/813/621 1265/1954/1044 955/1955/1046
f 548/813/621 554/821/626 1265/1954/1044
f 548/813/621 112/180/4 549/814/622
f 548/813/621 1266/1956/1326 112/180/4
f 548/813/621 955/1955/1046 1266/1956/1326
f 1230/1957/1293 1267/1958/1302 1088/1959/1294
f 699/1031/781 1126/1691/1190 700/1032/782
f 699/1031/781 1127/1692/1191 1126/1691/1190
f 581/1960/657 1300/1961/1327 582/1962/658
f 581/1960/657 1268/1963/659 1300/1961/1327
f 959/1437/890 516/773/590 514/777/589
f 959/1437/890 960/1438/4 516/773/590
f 959/1437/890 139/216/162 138/215/161
f 959/1437/890 514/777/589 139/216/162
f 418/621/476 1269/1964/251 948/1424/1039
f 418/621/476 948/1424/1039 419/622/478
f 716/1057/797 520/779/69 521/780/593
f 716/1057/797 521/780/593 151/231/4
f 1270/1965/1328 1271/1966/1256 1304/1967/1329
f 1270/1965/1328 173/261/175 1271/1966/1256
f 1270/1965/1328 1272/1968/1330 173/261/175
f 1270/1965/1328 1304/1967/1329 1273/1969/1331
f 1270/1965/1328 1273/1969/1331 1272/1968/1330
f 1359/1970/1290 1327/1398/1022 1229/1971/1291
f 1274/1972/1332 669/987/749 840/1244/919
f 1274/1972/1332 840/1244/919 778/1153/861
f 1274/1972/1332 778/1153/861 777/1152/860
f 388/562/435 1085/1635/1159 389/563/436
f 388/562/435 387/561/434 596/890/673
f 399/581/449 912/1374/1003 310/449/352
f 399/581/449 398/585/448 912/1374/1003
f 399/581/449 310/449/352 400/582/450
f 395/574/445 871/1295/950 681/1002/763
f 1222/1847/1283 1133/1699/1197 1199/1818/1262
f 618/917/694 11/21/16 1200/918/695
f 618/917/694 620/920/697 1216/1840/1277
f 413/606/465 1297/1973/470 416/607/466
f 713/1053/794 360/1055/402 358/1624/400
f 713/1053/794 1078/1623/1154 714/1054/795
f 578/857/485 262/382/296 803/1974/884
f 1275/1975/1314 1251/1976/1315 876/1307/961
f 1275/1918/1314 1276/1977/960 1250/1919/962
f 1275/1975/1314 876/1307/961 1276/1306/960
f 437/659/505 1308/872/662 438/1978/506
f 437/659/505 1227/1855/1287 1308/872/662
f 1208/1830/1271 160/243/181 322/475/367
f 987/1479/1071 1206/1828/1269 474/704/544
f 987/1479/1071 474/704/544 988/1480/733
f 1277/1979/579 1321/1980/579 1320/1981/579
f 1277/1982/4 1320/1983/4 1000/1984/4
f 958/1436/983 892/1985/984 704/1036/785
f 240/354/275 1278/1986/1333 6/12/9
f 240/354/275 739/1110/823 1278/1986/1333
f 1037/1559/1116 643/950/721 726/1869/804
f 1236/1885/1304 28/45/35 859/1275/935
f 1236/1885/1304 766/1889/848 1326/46/36
f 1236/1885/1304 1326/46/36 28/45/35
f 32/51/41 1263/1950/1325 1043/1949/1120
f 32/1987/1334 1043/1988/1334 33/1989/1334
f 1244/1907/1309 42/68/56 41/67/55
f 1244/1907/1309 1279/1990/1335 1280/1991/1336
f 1244/1907/1309 641/1909/720 1281/1992/1337
f 1244/1907/1309 41/67/55 1245/1908/1310
f 1244/1907/1309 1281/1992/1337 1279/1990/1335
f 1244/1907/1309 1280/1991/1336 42/68/56
f 1194/1084/809 1093/1650/1163 1259/1993/1322
f 1282/1994/1179 544/808/616 952/1428/1043
f 1282/1994/1179 952/1428/1043 598/893/674
f 242/359/276 6/12/9 546/1995/618
f 1123/1687/1188 247/366/282 880/1315/967
f 1123/1687/1188 248/367/283 247/366/282
f 1123/1687/1188 132/205/156 248/367/283
f 1123/1687/1188 880/1315/967 54/87/70
f 956/1434/1047 1283/1996/1338 1255/1930/1318
f 956/1434/1047 957/1435/1048 1283/1996/1338
f 700/1032/782 1262/1819/1263 701/1033/783
f 700/1032/782 1126/1691/1190 568/1948/640
f 700/1032/782 568/1948/640 1262/1819/1263
f 1344/1997/1339 1323/926/703 623/923/700
f 1344/1997/1339 1331/1998/1340 1323/926/703
f 446/670/514 751/1123/834 447/671/515
f 1285/1999/1341 1279/1990/1335 1281/1992/1337
f 1285/1999/1341 1284/2000/1267 1279/1990/1335
f 1285/2001/1341 639/944/718 1284/1826/1267
f 1285/2001/1341 640/945/719 639/944/718
f 1285/1999/1341 1281/1992/1337 640/2002/719
f 470/700/540 144/223/168 147/227/167
f 470/700/540 147/227/167 1095/1652/1165
f 1207/1829/1270 1206/1828/1269 822/1218/902
f 1129/1695/1193 1309/82/65 1182/1785/1246
f 1129/1695/1193 1182/1785/1246 1130/1696/1194
f 1068/1604/1143 1070/1605/1144 1128/2003/1192
f 1068/1604/1143 1128/2003/1192 1298/1381/1007
f 1068/1604/1143 1298/1381/1007 917/1380/1006
f 986/735/568 680/1003/764 496/736/569
f 986/735/568 732/1093/816 680/1003/764
f 211/2004/1342 980/2005/1342 212/2006/1342
f 1185/1790/1249 348/1939/388 1286/2007/215
f 1185/1790/1249 1287/2008/586 1052/1791/1127
f 1185/1790/1249 1286/2007/215 1287/2008/586
f 1158/1741/1219 268/395/305 570/1941/643
f 702/1034/784 1025/2009/1107 1288/2010/1108
f 702/1034/784 704/1036/785 892/1985/984
f 702/1034/784 892/1985/984 1025/2009/1107
f 702/1034/784 1288/2010/1108 703/1035/268
f 98/159/120 97/158/119 812/1204/893
f 98/159/120 1056/1203/892 99/160/121
f 98/159/120 812/1204/893 1056/1203/892
f 1137/1706/1201 974/1459/1059 1138/1707/1202
f 1137/1706/1201 975/1460/1061 974/1459/1059
f 1137/1706/1201 310/449/352 975/1460/1061
f 111/179/134 1196/1815/1259 112/180/4
f 1165/1752/1228 1167/1755/1232 963/1445/1053
f 1165/1752/1228 963/1445/1053 121/190/144
f 771/1146/854 1012/1313/966 130/201/152
f 771/1146/854 130/201/152 131/202/153
f 771/1146/854 772/1147/855 1337/2011/1343
f 771/1146/854 1337/2011/1343 1012/1313/966
f 714/1054/795 1078/1623/1154 881/1316/968
f 1098/2012/4 151/231/4 522/781/4
f 1098/2012/4 1099/232/4 151/231/4
f 74/122/94 1028/1546/1111 75/123/95
f 1/2/2 1176/1776/1242 1213/1837/1275
f 1/2/2 1213/1837/1275 3/3/3
f 720/1064/800 1214/1838/8 721/1065/7
f 741/2013/104 849/1259/925 1256/1933/1319
f 741/2013/104 89/2014/108 848/1260/926
f 741/2013/104 848/1260/926 849/1259/925
f 741/138/104 1256/2015/1344 85/139/105
f 195/293/221 1256/2015/1344 741/289/219
f 746/1118/829 198/296/224 747/1119/830
f 746/1118/829 895/2016/987 1150/1725/1212
f 746/1118/829 1150/1725/1212 198/296/224
f 746/1118/829 748/1120/831 895/2016/987
f 920/1384/1010 921/1385/268 860/1277/936
f 920/1384/1010 860/1277/936 859/1275/935
f 1289/2017/1345 943/2018/1345 1290/2019/1345
f 1054/1585/1129 1335/2020/1346 278/406/315
f 46/73/58 44/71/57 987/1479/1071
f 46/1481/58 985/1476/1070 47/76/59
f 1368/2021/1347 1307/2022/1348 1371/2023/1349
f 1368/2024/1347 1371/2025/1349 1370/2026/1350
f 57/92/71 56/91/73 1045/1572/1122
f 1291/2027/1351 469/699/539 358/1624/400
f 1291/2028/1351 1065/1600/1139 909/1783/999
f 1291/2027/1351 471/701/541 469/699/539
f 1291/2028/1351 358/517/400 1065/1600/1139
f 1291/2027/1351 909/1369/999 471/701/541
f 1008/1516/1093 401/583/451 1010/1517/1094
f 651/964/730 538/802/610 539/803/611
f 1114/1678/272 874/1304/958 1180/1303/957
f 1116/1680/1184 129/200/151 1066/1601/1140
f 1292/2029/1238 149/2030/1352 1020/1532/1104
f 1292/2031/1238 150/230/4 149/229/1352
f 1292/2031/1238 885/1321/972 150/230/4
f 283/411/320 1334/417/325 1156/1739/1217
f 1246/1910/1049 294/429/335 293/428/331
f 302/439/344 304/441/346 598/892/674
f 302/439/344 1261/1944/1323 303/440/345
f 302/439/344 598/892/674 1261/1944/1323
f 306/443/348 1009/1518/1095 307/444/349
f 317/460/358 311/453/355 815/1208/896
f 317/460/358 815/1208/896 1293/2032/948
f 1218/1842/1279 1060/1594/1135 1059/1593/1134
f 161/244/182 1294/2033/4 162/245/183
f 647/1715/724 1309/1714/65 1295/2034/725
f 182/270/204 827/1226/908 183/271/205
f 182/270/204 907/1367/998 827/1226/908
f 1365/652/499 1364/2035/1353 433/653/500
f 1365/652/499 1296/2036/1354 1364/2035/1353
f 693/1021/776 1247/2037/1311 694/1022/777
f 413/931/465 1203/929/706 1297/2038/470
f 222/325/248 200/298/226 575/853/650
f 222/325/248 575/853/650 223/326/249
f 222/325/248 201/299/227 200/298/226
f 1190/1803/1254 1101/1659/1169 1100/1658/1168
f 1190/1803/1254 1298/2039/1007 1191/1804/1255
f 1190/1803/1254 1100/1658/1168 1298/2039/1007
f 1353/2040/1355 1299/2041/1157 1081/1552/1113
f 1353/2040/1355 1081/1552/1113 1031/1551/260
f 448/672/516 447/671/515 935/1407/1028
f 448/672/516 1203/1823/706 971/673/517
f 1009/1518/1095 1011/1519/1096 307/444/349
f 1300/2042/1327 1268/2043/659 1301/2044/1356
f 1300/2045/1327 1301/2046/1356 1302/2047/1357
f 1300/2048/1327 1302/2049/1357 582/2050/658
f 1173/1766/1237 224/2051/250 1283/1996/1338
f 1173/1766/1237 1283/1996/1338 957/1435/1048
f 1173/1766/1237 1269/1964/251 224/2051/250
f 1173/1766/1237 948/1424/1039 1269/1964/251
f 858/1273/266 1083/1632/1158 1303/2052/267
f 1001/1501/1085 1322/2053/1358 1319/1502/1086
f 1001/1501/1085 1000/2054/1084 1322/2053/1358
f 1234/1876/1299 373/539/421 1209/1831/1272
f 1091/2055/1301 1088/1959/1294 1267/1958/1302
f 927/1391/1016 1213/1837/1275 1176/1776/1242
f 960/1438/4 415/613/472 411/615/4
f 521/780/593 522/781/4 151/231/4
f 1271/1805/1256 1191/1804/1255 1304/2056/1329
f 814/2057/895 1083/1632/1158 1293/1296/948
f 814/1207/895 1293/2032/948 815/1208/896
f 814/2057/895 1303/2052/267 1083/1632/1158
f 543/807/615 952/1428/1043 544/808/616
f 913/1373/1002 310/449/352 912/1374/1003
f 550/815/623 549/814/622 1196/1815/1259
f 174/2058/196 176/2059/198 1298/1381/1007
f 174/2058/196 1298/1381/1007 1128/2003/1192
f 1198/1817/1261 1132/1698/1196 82/134/100
f 156/238/176 154/235/173 1298/2039/1007
f 156/238/176 1298/2039/1007 1100/1658/1168
f 1251/1976/1315 877/1309/963 876/1307/961
f 836/2060/917 68/108/85 454/681/525
f 836/2060/917 70/110/87 68/108/85
f 1233/1875/1298 1201/1821/1264 995/1492/1077
f 1046/1573/157 1044/1575/1121 907/1367/998
f 1046/1573/157 907/1367/998 908/1368/397
f 846/1257/411 847/1256/924 1264/1952/412
f 275/403/312 941/1414/1033 285/413/322
f 1154/1737/805 726/1869/804 643/950/721
f 1154/1737/805 643/950/721 464/693/535
f 785/1163/868 1095/1652/1165 147/227/167
f 28/45/35 170/256/193 859/1275/935
f 28/45/35 29/47/37 170/256/193
f 1260/1943/4 597/891/4 387/561/434
f 1260/1943/4 1261/1944/1323 598/892/674
f 1260/1943/4 598/892/4 597/891/4
f 401/584/451 400/582/450 1010/1521/1094
f 679/1001/762 496/736/569 680/1003/764
f 249/368/284 248/369/283 780/1893/863
f 249/368/284 1305/2061/1359 690/1013/771
f 249/368/284 1221/1846/1282 1305/2061/1359
f 791/1169/873 1216/1840/1277 620/920/697
f 791/1169/873 404/593/457 1216/1840/1277
f 409/600/463 798/1189/881 570/843/643
f 1224/1850/647 421/625/480 1255/1930/1318
f 1224/1850/647 1255/1930/1318 1306/2062/649
f 1307/2063/1360 1372/2064/1360 1371/2065/1360
f 1308/872/662 586/874/664 1006/1513/1091
f 1308/872/662 1227/1855/1287 585/873/663
f 1308/2066/662 1006/1514/1091 438/662/506
f 1039/1561/1117 1141/1711/1203 1181/1784/4
f 1039/1561/1117 1181/1784/4 49/77/60
f 1039/1561/1117 49/77/60 47/76/59
f 1309/82/65 52/81/64 1182/1785/1246
f 1309/2067/65 1311/1934/1320 1295/2068/725
f 1309/2069/1361 692/2070/1361 1310/2071/1361
f 1309/82/65 484/714/554 950/1426/1041
f 1309/557/65 383/556/430 1311/2072/1320
f 1044/1575/1121 827/1226/908 907/1367/998
f 1268/2043/659 583/2073/1362 1301/2044/1356
f 546/1995/618 6/12/9 7/13/10
f 546/1995/618 7/13/10 547/2074/619
f 1118/1682/453 1120/1684/1186 402/2075/454
f 1151/1726/1213 750/1122/833 207/307/232
f 847/1256/924 217/319/243 1264/1952/412
f 610/1733/686 895/2016/987 748/1120/831
f 1157/1740/1218 332/483/377 331/482/376
f 1157/1740/1218 768/1142/850 1033/1554/1114
f 1157/1740/1218 1033/1554/1114 332/483/377
f 552/818/625 553/820/624 1012/1523/966
f 248/367/283 132/205/156 780/1156/863
f 259/379/293 151/855/4 883/1319/970
f 259/379/293 883/1319/970 884/1320/971
f 259/379/293 884/1320/971 261/2076/1363
f 86/141/106 804/1194/885 87/142/107
f 864/1282/939 408/597/461 1107/1667/1175
f 864/1282/939 502/743/573 865/1283/940
f 304/441/346 301/438/343 1055/1587/1130
f 1139/1708/1132 308/450/350 310/449/352
f 727/1085/4 871/1295/950 728/1086/810
f 727/1085/4 316/459/359 869/1294/949
f 1376/465/364 1071/1612/1147 1377/1611/1146
f 1376/465/364 320/464/363 1071/1612/1147
f 1312/2077/974 971/1454/517 1178/1867/1243
f 1242/1895/1306 1333/1331/978 887/1330/977
f 1242/1895/1306 1313/2078/1364 1333/1331/978
f 1149/1724/1211 894/2079/986 457/1543/528
f 1149/1724/1211 1150/1725/1212 894/2079/986
f 1315/2080/1365 175/263/197 1314/2081/1366
f 1315/2080/1365 176/264/198 175/263/197
f 1315/2082/1365 1298/1381/1007 176/2059/198
f 1315/2080/1365 1316/2083/1367 1298/2084/1007
f 1315/2080/1365 1314/2081/1366 1316/2083/1367
f 238/350/271 1317/2085/1368 1294/1753/1229
f 224/2051/250 1306/2062/649 1283/1996/1338
f 224/327/250 223/326/249 1306/852/649
f 987/1479/1071 44/71/57 1206/1828/1269
f 400/582/450 310/449/352 1010/1521/1094
f 1075/1619/1152 56/91/73 58/93/72
f 1075/1619/1152 58/93/72 447/2086/1369
f 72/116/89 539/803/611 1257/117/90
f 287/414/323 1318/2087/1370 819/1215/900
f 287/414/323 285/2088/322 1318/2087/1370
f 1124/1688/1189 803/1974/884 262/382/296
f 1124/1688/1189 262/382/296 261/381/295
f 97/158/119 598/1205/674 812/1204/893
f 113/181/135 112/180/4 1266/1956/1326
f 113/181/135 1266/1956/1326 901/1358/992
f 1219/1843/1280 1163/1748/1224 1162/1747/1223
f 238/350/271 1180/2089/899 1317/2085/1368
f 1093/1650/1163 1325/1945/1324 1259/1993/1322
f 619/919/696 564/834/637 1174/1768/1239
f 619/919/696 1174/1768/1239 1020/1532/1104
f 1319/2090/1371 1320/2091/1371 1321/2092/1371
f 1319/2093/1372 1322/2094/1372 1320/2095/1372
f 1056/1203/892 999/1496/1081 99/160/121
f 924/1388/1013 994/1491/1076 926/1390/1015
f 361/1597/404 501/742/572 362/741/405
f 738/1109/822 6/12/9 1278/1986/1333
f 738/1109/822 1278/1986/1333 739/1110/823
f 1283/1996/1338 1306/2062/649 1255/1930/1318
f 1125/1690/641 568/1948/640 1126/1691/1190
f 625/1937/702 1323/2096/703 1324/2097/1373
f 625/1937/702 1324/2097/1373 844/1250/922
f 1025/1539/1107 892/1342/984 215/317/241
f 894/1345/986 459/686/530 457/684/528
f 894/2079/986 1150/1725/1212 895/2016/987
f 854/1267/930 855/1268/931 896/1350/989
f 537/800/609 538/802/610 652/965/729
f 332/483/377 1033/1554/1114 954/1432/1045
f 1053/1584/1128 1287/766/586 512/768/585
f 1053/1584/1128 1052/1583/1127 1287/766/586
f 1259/1942/1322 1325/2098/1324 772/1147/855
f 1259/1942/1322 772/1147/855 773/1148/856
f 173/261/175 1272/1968/1330 1314/2081/1366
f 173/261/175 1314/2081/1366 175/263/197
f 1132/1698/1196 1199/1818/1262 1133/1699/1197
f 1132/1698/1196 83/135/101 82/134/100
f 804/1194/885 805/1195/886 87/142/107
f 1107/1667/1175 408/597/461 16/29/22
f 818/1214/898 164/248/186 162/245/183
f 818/1214/898 817/1213/897 164/248/186
f 818/2099/898 162/2100/183 1317/2085/1368
f 818/2099/898 1317/2085/1368 1180/2089/899
f 44/71/57 822/1218/902 1206/1828/1269
f 744/1116/827 997/1951/1079 1153/1734/1216
f 374/540/420 371/534/417 486/718/557
f 766/1140/848 1231/546/424 1326/2101/36
f 596/890/673 387/561/434 597/891/4
f 1196/1815/1259 549/814/622 112/180/4
f 559/826/630 558/825/629 796/1182/879
f 1229/2102/1291 1327/2103/1022 1328/2104/1021
f 1329/2105/1374 696/1028/778 697/1027/779
f 1329/2105/1374 697/1027/779 694/1029/777
f 1329/2105/1374 694/1029/777 1247/2106/1311
f 951/1427/1042 950/1426/1041 483/713/553
f 798/1184/881 1243/1905/1308 570/1941/643
f 997/1494/1079 1332/155/116 1153/2107/1216
f 1272/1968/1330 1273/1969/1331 1316/2083/1367
f 1272/1968/1330 1316/2083/1367 1314/2081/1366
f 533/793/605 532/792/604 1155/1738/655
f 586/874/664 587/875/665 1004/1511/1090
f 1011/1522/1096 310/449/352 307/448/349
f 629/932/708 628/930/707 709/1047/268
f 1295/2068/725 1311/1934/1320 648/1874/726
f 659/973/4 336/487/4 338/489/381
f 659/973/4 1330/2108/4 336/487/4
f 659/973/4 658/972/737 1330/2108/1214
f 641/1909/720 640/2002/719 1281/1992/1337
f 1323/2096/703 1331/2109/1340 1324/2097/1373
f 954/1432/1045 901/1360/992 955/1433/1046
f 1320/2110/4 1322/2053/1358 1000/2054/1084
f 844/1250/922 1324/2097/1373 1331/2109/1340
f 833/1235/914 526/786/598 834/783/595
f 833/1235/914 832/1234/913 526/786/598
f 881/1316/968 256/376/291 255/375/290
f 865/1283/940 752/1124/835 94/152/113
f 164/248/186 817/1213/897 325/471/369
f 208/309/233 336/1912/4 1330/1727/1214
f 12/22/17 932/1402/1024 347/502/390
f 187/278/210 186/277/208 1050/1578/1125
f 154/235/173 918/1932/1008 1298/2039/1007
f 1074/1618/1151 825/1222/906 1076/1621/268
f 1108/1668/1176 1153/1735/1216 1332/2111/116
f 1108/1668/1176 1332/2111/116 499/739/115
f 1191/1804/1255 1298/2039/1007 1304/2056/1329
f 1333/2112/978 1313/2113/1364 888/1334/979
f 1305/2061/1359 1221/1846/1282 1220/1845/1281
f 1209/1831/1272 373/539/421 159/241/179
f 1152/1731/1215 723/1068/801 535/798/607
f 1335/2020/1346 1334/2114/325 278/406/315
f 1335/2115/1346 1156/1739/1217 1334/417/325
f 265/2116/300 1336/2117/301 1366/2118/1375
f 1325/1945/1324 396/576/443 1337/2119/1343
f 1325/2098/1324 1337/2011/1343 772/1147/855
f 941/2120/1033 1318/2087/1370 285/2088/322
f 1168/2121/1234 1338/2122/759 675/2123/757
f 524/784/596 526/786/598 832/1234/913
f 524/784/596 297/434/339 525/785/597
f 483/713/553 950/1426/1041 484/714/554
f 547/2074/619 7/13/10 1214/11/8
f 1301/2046/1356 583/2124/1362 1302/2047/1357
f 723/1068/801 6/12/9 535/798/607
f 817/1213/897 1339/2125/1066 325/471/369
f 888/1334/979 1313/2113/1364 1240/1335/980
f 126/197/148 124/194/147 389/563/436
f 1106/1664/1174 1288/2010/1108 90/2126/109
f 1106/1664/1174 90/2126/109 87/1665/107
f 1106/1664/1174 703/1035/268 1288/2010/1108
f 975/1460/1061 310/449/352 976/1461/1062
f 1304/1967/1329 1298/2084/1007 1273/1969/1331
f 402/2075/454 1120/1684/1186 1122/1686/1187
f 1188/1799/1252 1052/1583/1127 1079/1625/1155
f 118/2127/140 117/2128/139 899/2129/991
f 118/2127/140 899/2129/991 119/2130/141
f 1065/1600/1139 1064/1599/1138 909/1783/999
f 758/1130/841 757/1129/840 863/1281/938
f 195/293/221 85/139/105 1256/2015/1344
f 1336/390/301 509/2131/1376 1366/2132/1375
f 1273/1969/1331 1298/2084/1007 1316/2083/1367
f 1266/1956/1326 955/1955/1046 901/1358/992
f 1340/2133/652 75/125/95 1028/2134/1111
f 73/126/92 75/125/95 1340/2133/652
f 1086/1633/752 1114/351/272 237/348/269
f 236/347/268 237/348/269 1114/351/272
f 264/389/297 1341/2135/1377 1336/390/301
f 264/383/297 507/385/299 1341/2136/1377
f 507/2137/299 509/2131/1376 1341/2135/1377
f 1336/390/301 1341/2135/1377 509/2131/1376
f 257/377/292 884/1320/971 260/380/294
f 257/377/292 1342/2138/1378 884/1320/971
f 257/377/292 259/379/293 1342/2138/1378
f 259/379/293 261/2076/1363 1342/2138/1378
f 884/1320/971 1342/2138/1378 261/2076/1363
f 184/272/206 1343/2139/1379 1049/275/209
f 184/276/206 187/278/210 1343/2140/1379
f 1048/1577/1124 1343/2140/1379 187/278/210
f 1048/1577/1124 1049/1580/209 1343/2140/1379
f 661/975/739 1345/2141/1380 706/2142/787
f 661/975/739 844/1250/922 1345/2141/1380
f 844/1250/922 1331/2109/1340 1345/2141/1380
f 1344/2143/1339 1345/2141/1380 1331/2109/1340
f 1344/1997/1339 623/923/700 1345/2144/1380
f 706/1039/787 1345/2144/1380 623/923/700
f 403/586/452 1346/2145/1381 1121/2146/456
f 403/586/452 402/588/454 1346/2145/1381
f 402/588/454 1122/2147/1187 1346/2145/1381
f 1121/1685/456 1346/2148/1381 1122/1686/1187
f 788/1166/871 1020/1532/1104 149/2030/1352
f 1097/1654/1167 788/1166/871 149/2030/1352
f 1097/1654/1167 149/2030/1352 1099/1657/268
f 148/228/4 1099/232/4 149/229/4
f 875/1305/959 1347/2149/1382 1250/1308/962
f 875/1305/959 877/1309/963 1347/2149/1382
f 1249/1917/1313 1347/2150/1382 877/1921/963
f 1249/1917/1313 1250/1919/962 1347/2150/1382
f 390/564/437 1348/2151/1383 391/565/438
f 390/564/437 104/567/128 1348/2151/1383
f 103/167/127 1348/2152/1383 104/168/128
f 391/1077/438 1348/2152/1383 103/167/127
f 829/1229/910 1349/2153/1384 830/1230/911
f 829/1233/910 906/1366/338 1349/2154/1384
f 906/1366/338 1210/1832/1273 1349/2154/1384
f 1210/1832/1273 61/1911/78 1349/2154/1384
f 61/98/78 832/1234/913 1349/2153/1384
f 830/1230/911 1349/2153/1384 832/1234/913
f 1350/2155/3 1351/2156/3 1247/2157/3
f 1350/1025/775 696/1024/778 1351/2158/3
f 1329/2105/1374 1351/2159/3 696/1028/778
f 1329/2160/3 1247/2157/3 1351/2156/3
f 650/960/728 1352/2161/1385 1031/339/260
f 650/963/728 651/964/730 1352/2162/1385
f 651/964/730 539/803/611 1352/2162/1385
f 1299/1628/1157 1352/2162/1385 539/803/611
f 1353/2163/1355 1352/2162/1385 1299/1628/1157
f 1353/2164/1355 1031/339/260 1352/2161/1385
f 30/48/38 1354/2165/1386 32/51/41
f 30/48/38 31/50/40 1354/2165/1386
f 31/50/40 1263/1950/1325 1354/2165/1386
f 32/51/41 1354/2165/1386 1263/1950/1325
f 806/1196/887 1355/2166/1387 808/1199/888
f 806/1196/887 451/1198/521 1355/2166/1387
f 451/677/521 450/676/520 1355/2167/1387
f 1022/1534/1105 1355/2166/1387 450/1535/520
f 1022/1534/1105 1356/2168/1051 1355/2166/1387
f 1356/2168/1051 808/1199/888 1355/2166/1387
f 1357/2169/1388 1358/2170/1389 583/2171/1390
f 1357/2172/1388 582/2173/1391 1358/2174/1389
f 582/2050/658 1302/2049/1357 1358/2175/1392
f 583/2124/1362 1358/2176/1392 1302/2047/1357
f 929/1396/1018 1327/1398/1022 1359/1970/1290
f 929/1393/1018 1359/2177/1290 930/1394/1019
f 1360/2178/1289 1229/2102/1291 1328/2104/1021
f 1360/1860/1289 1328/2179/1021 931/2180/1020
f 1360/1860/1289 931/2180/1020 1359/1861/1290
f 930/1394/1019 1359/2177/1290 931/1395/1020
f 673/2181/268 1361/2182/268 676/2183/268
f 673/2181/754 1338/2122/759 1361/2182/268
f 1168/2121/1234 1361/2182/268 1338/2122/759
f 1168/2121/1234 676/2183/758 1361/2182/268
f 945/1421/1036 1362/2184/4 422/623/479
f 945/1421/1036 782/1159/866 1362/2184/4
f 784/1158/865 1362/2184/4 782/1159/866
f 784/1158/865 422/623/479 1362/2184/4
f 1145/1719/1206 1147/1722/1209 1252/1922/1286
f 1145/1719/1206 1252/1922/1286 1160/1744/1221
f 1225/1852/1285 1160/2185/1221 1252/1853/1286
f 1225/1852/1285 1146/2186/1207 1160/2185/1221
f 1225/1852/1285 1226/1854/1208 1146/2186/1207
f 1144/1718/1205 1146/1720/1207 1226/1721/1208
f 978/2187/1064 1363/2188/1393 979/311/235
f 978/1465/1064 980/1468/1065 1363/2189/1393
f 210/312/236 1363/2188/1393 980/1953/1065
f 979/311/235 1363/2188/1393 210/312/236
f 1365/652/499 434/654/501 435/656/503
f 433/653/500 1364/2035/1353 990/655/502
f 989/1482/1072 990/1484/502 1364/2190/1353
f 989/1482/1072 1365/2191/499 435/1483/503
f 989/2192/1072 1296/2036/1354 1365/652/499
f 989/2193/1394 1364/2194/1394 1296/2195/1394
f 508/2196/1395 1367/2197/1395 1366/2198/1395
f 508/2196/1395 263/388/298 1367/2197/1395
f 263/388/298 265/387/300 1367/2197/1395
f 265/2116/300 1366/2118/1375 1367/2199/1395
f 426/635/487 1307/637/489 1369/641/491
f 1368/2200/1396 1369/2201/1396 1307/2202/1396
f 1370/2203/1397 1371/2204/268 1372/2205/268
f 1370/2203/1397 1372/2205/268 1373/2206/492
f 1370/2203/1397 1373/2206/492 1369/2207/491
f 1368/2208/1398 1370/2209/1398 1369/2210/1398
f 898/1352/990 1374/2211/1399 899/1356/991
f 898/1352/990 115/1354/137 1374/2211/1399
f 115/1354/137 119/2212/141 1374/2211/1399
f 119/2212/141 899/1356/991 1374/2211/1399
f 318/2213/360 1375/2214/1400 1248/2215/361
f 318/2213/360 1376/2216/364 1375/2214/1400
f 1376/2216/364 1377/2217/1146 1375/2214/1400
f 729/2218/812 1375/2214/1400 1377/2217/1146
f 1378/2219/811 1375/2214/1400 729/2218/812
f 1378/2219/811 730/2220/815 1375/2214/1400
f 730/2220/815 872/2221/955 1375/2214/1400
f 1379/2222/951 1375/2214/1400 872/2221/955
f 1379/2222/951 1380/2223/953 1375/2214/1400
f 1248/2215/361 1375/2214/1400 1380/2223/953
f 902/2224/993 1381/2225/1401 1382/2226/954
f 902/2224/993 1383/2227/814 1381/2225/1401
f 1383/2227/814 1384/2228/813 1381/2225/1401
f 1385/2229/1145 1381/2225/1401 1384/2228/813
f 1385/2229/1145 1071/2230/1147 1381/2225/1401
f 1071/2230/1147 320/2231/363 1381/2225/1401
f 319/2232/362 1381/2225/1401 320/2231/363
f 1386/2233/1312 1381/2225/1401 319/2232/362
f 1386/2233/1312 1387/2234/952 1381/2225/1401
f 1387/2234/952 1382/2226/954 1381/2225/1401
