# 보일러실 · 정비고 — 블록아웃 (예산 22,000 tris)
# 삼각형 21564 · 조각 29
# 생성: tools/blockout — 손으로 고치지 말 것, 생성기를 고칠 것
g 바닥_0
v -6.0000 -0.1000 -3.0000
v -6.0000 -0.0750 -3.0000
v -6.0000 -0.0500 -3.0000
v -6.0000 -0.0250 -3.0000
v -6.0000 0.0000 -3.0000
v -6.0000 0.0250 -3.0000
v -6.0000 0.0500 -3.0000
v -6.0000 0.0750 -3.0000
v -6.0000 0.1000 -3.0000
v -5.6250 -0.1000 -3.0000
v -5.6250 -0.0750 -3.0000
v -5.6250 -0.0500 -3.0000
v -5.6250 -0.0250 -3.0000
v -5.6250 0.0000 -3.0000
v -5.6250 0.0250 -3.0000
v -5.6250 0.0500 -3.0000
v -5.6250 0.0750 -3.0000
v -5.6250 0.1000 -3.0000
v -5.2500 -0.1000 -3.0000
v -5.2500 -0.0750 -3.0000
v -5.2500 -0.0500 -3.0000
v -5.2500 -0.0250 -3.0000
v -5.2500 0.0000 -3.0000
v -5.2500 0.0250 -3.0000
v -5.2500 0.0500 -3.0000
v -5.2500 0.0750 -3.0000
v -5.2500 0.1000 -3.0000
v -4.8750 -0.1000 -3.0000
v -4.8750 -0.0750 -3.0000
v -4.8750 -0.0500 -3.0000
v -4.8750 -0.0250 -3.0000
v -4.8750 0.0000 -3.0000
v -4.8750 0.0250 -3.0000
v -4.8750 0.0500 -3.0000
v -4.8750 0.0750 -3.0000
v -4.8750 0.1000 -3.0000
v -4.5000 -0.1000 -3.0000
v -4.5000 -0.0750 -3.0000
v -4.5000 -0.0500 -3.0000
v -4.5000 -0.0250 -3.0000
v -4.5000 0.0000 -3.0000
v -4.5000 0.0250 -3.0000
v -4.5000 0.0500 -3.0000
v -4.5000 0.0750 -3.0000
v -4.5000 0.1000 -3.0000
v -4.1250 -0.1000 -3.0000
v -4.1250 -0.0750 -3.0000
v -4.1250 -0.0500 -3.0000
v -4.1250 -0.0250 -3.0000
v -4.1250 0.0000 -3.0000
v -4.1250 0.0250 -3.0000
v -4.1250 0.0500 -3.0000
v -4.1250 0.0750 -3.0000
v -4.1250 0.1000 -3.0000
v -3.7500 -0.1000 -3.0000
v -3.7500 -0.0750 -3.0000
v -3.7500 -0.0500 -3.0000
v -3.7500 -0.0250 -3.0000
v -3.7500 0.0000 -3.0000
v -3.7500 0.0250 -3.0000
v -3.7500 0.0500 -3.0000
v -3.7500 0.0750 -3.0000
v -3.7500 0.1000 -3.0000
v -3.3750 -0.1000 -3.0000
v -3.3750 -0.0750 -3.0000
v -3.3750 -0.0500 -3.0000
v -3.3750 -0.0250 -3.0000
v -3.3750 0.0000 -3.0000
v -3.3750 0.0250 -3.0000
v -3.3750 0.0500 -3.0000
v -3.3750 0.0750 -3.0000
v -3.3750 0.1000 -3.0000
v -3.0000 -0.1000 -3.0000
v -3.0000 -0.0750 -3.0000
v -3.0000 -0.0500 -3.0000
v -3.0000 -0.0250 -3.0000
v -3.0000 0.0000 -3.0000
v -3.0000 0.0250 -3.0000
v -3.0000 0.0500 -3.0000
v -3.0000 0.0750 -3.0000
v -3.0000 0.1000 -3.0000
v -3.0000 -0.1000 -6.0000
v -3.0000 -0.0750 -6.0000
v -3.0000 -0.0500 -6.0000
v -3.0000 -0.0250 -6.0000
v -3.0000 0.0000 -6.0000
v -3.0000 0.0250 -6.0000
v -3.0000 0.0500 -6.0000
v -3.0000 0.0750 -6.0000
v -3.0000 0.1000 -6.0000
v -3.3750 -0.1000 -6.0000
v -3.3750 -0.0750 -6.0000
v -3.3750 -0.0500 -6.0000
v -3.3750 -0.0250 -6.0000
v -3.3750 0.0000 -6.0000
v -3.3750 0.0250 -6.0000
v -3.3750 0.0500 -6.0000
v -3.3750 0.0750 -6.0000
v -3.3750 0.1000 -6.0000
v -3.7500 -0.1000 -6.0000
v -3.7500 -0.0750 -6.0000
v -3.7500 -0.0500 -6.0000
v -3.7500 -0.0250 -6.0000
v -3.7500 0.0000 -6.0000
v -3.7500 0.0250 -6.0000
v -3.7500 0.0500 -6.0000
v -3.7500 0.0750 -6.0000
v -3.7500 0.1000 -6.0000
v -4.1250 -0.1000 -6.0000
v -4.1250 -0.0750 -6.0000
v -4.1250 -0.0500 -6.0000
v -4.1250 -0.0250 -6.0000
v -4.1250 0.0000 -6.0000
v -4.1250 0.0250 -6.0000
v -4.1250 0.0500 -6.0000
v -4.1250 0.0750 -6.0000
v -4.1250 0.1000 -6.0000
v -4.5000 -0.1000 -6.0000
v -4.5000 -0.0750 -6.0000
v -4.5000 -0.0500 -6.0000
v -4.5000 -0.0250 -6.0000
v -4.5000 0.0000 -6.0000
v -4.5000 0.0250 -6.0000
v -4.5000 0.0500 -6.0000
v -4.5000 0.0750 -6.0000
v -4.5000 0.1000 -6.0000
v -4.8750 -0.1000 -6.0000
v -4.8750 -0.0750 -6.0000
v -4.8750 -0.0500 -6.0000
v -4.8750 -0.0250 -6.0000
v -4.8750 0.0000 -6.0000
v -4.8750 0.0250 -6.0000
v -4.8750 0.0500 -6.0000
v -4.8750 0.0750 -6.0000
v -4.8750 0.1000 -6.0000
v -5.2500 -0.1000 -6.0000
v -5.2500 -0.0750 -6.0000
v -5.2500 -0.0500 -6.0000
v -5.2500 -0.0250 -6.0000
v -5.2500 0.0000 -6.0000
v -5.2500 0.0250 -6.0000
v -5.2500 0.0500 -6.0000
v -5.2500 0.0750 -6.0000
v -5.2500 0.1000 -6.0000
v -5.6250 -0.1000 -6.0000
v -5.6250 -0.0750 -6.0000
v -5.6250 -0.0500 -6.0000
v -5.6250 -0.0250 -6.0000
v -5.6250 0.0000 -6.0000
v -5.6250 0.0250 -6.0000
v -5.6250 0.0500 -6.0000
v -5.6250 0.0750 -6.0000
v -5.6250 0.1000 -6.0000
v -6.0000 -0.1000 -6.0000
v -6.0000 -0.0750 -6.0000
v -6.0000 -0.0500 -6.0000
v -6.0000 -0.0250 -6.0000
v -6.0000 0.0000 -6.0000
v -6.0000 0.0250 -6.0000
v -6.0000 0.0500 -6.0000
v -6.0000 0.0750 -6.0000
v -6.0000 0.1000 -6.0000
v -6.0000 -0.1000 -6.0000
v -6.0000 -0.0750 -6.0000
v -6.0000 -0.0500 -6.0000
v -6.0000 -0.0250 -6.0000
v -6.0000 0.0000 -6.0000
v -6.0000 0.0250 -6.0000
v -6.0000 0.0500 -6.0000
v -6.0000 0.0750 -6.0000
v -6.0000 0.1000 -6.0000
v -6.0000 -0.1000 -5.6250
v -6.0000 -0.0750 -5.6250
v -6.0000 -0.0500 -5.6250
v -6.0000 -0.0250 -5.6250
v -6.0000 0.0000 -5.6250
v -6.0000 0.0250 -5.6250
v -6.0000 0.0500 -5.6250
v -6.0000 0.0750 -5.6250
v -6.0000 0.1000 -5.6250
v -6.0000 -0.1000 -5.2500
v -6.0000 -0.0750 -5.2500
v -6.0000 -0.0500 -5.2500
v -6.0000 -0.0250 -5.2500
v -6.0000 0.0000 -5.2500
v -6.0000 0.0250 -5.2500
v -6.0000 0.0500 -5.2500
v -6.0000 0.0750 -5.2500
v -6.0000 0.1000 -5.2500
v -6.0000 -0.1000 -4.8750
v -6.0000 -0.0750 -4.8750
v -6.0000 -0.0500 -4.8750
v -6.0000 -0.0250 -4.8750
v -6.0000 0.0000 -4.8750
v -6.0000 0.0250 -4.8750
v -6.0000 0.0500 -4.8750
v -6.0000 0.0750 -4.8750
v -6.0000 0.1000 -4.8750
v -6.0000 -0.1000 -4.5000
v -6.0000 -0.0750 -4.5000
v -6.0000 -0.0500 -4.5000
v -6.0000 -0.0250 -4.5000
v -6.0000 0.0000 -4.5000
v -6.0000 0.0250 -4.5000
v -6.0000 0.0500 -4.5000
v -6.0000 0.0750 -4.5000
v -6.0000 0.1000 -4.5000
v -6.0000 -0.1000 -4.1250
v -6.0000 -0.0750 -4.1250
v -6.0000 -0.0500 -4.1250
v -6.0000 -0.0250 -4.1250
v -6.0000 0.0000 -4.1250
v -6.0000 0.0250 -4.1250
v -6.0000 0.0500 -4.1250
v -6.0000 0.0750 -4.1250
v -6.0000 0.1000 -4.1250
v -6.0000 -0.1000 -3.7500
v -6.0000 -0.0750 -3.7500
v -6.0000 -0.0500 -3.7500
v -6.0000 -0.0250 -3.7500
v -6.0000 0.0000 -3.7500
v -6.0000 0.0250 -3.7500
v -6.0000 0.0500 -3.7500
v -6.0000 0.0750 -3.7500
v -6.0000 0.1000 -3.7500
v -6.0000 -0.1000 -3.3750
v -6.0000 -0.0750 -3.3750
v -6.0000 -0.0500 -3.3750
v -6.0000 -0.0250 -3.3750
v -6.0000 0.0000 -3.3750
v -6.0000 0.0250 -3.3750
v -6.0000 0.0500 -3.3750
v -6.0000 0.0750 -3.3750
v -6.0000 0.1000 -3.3750
v -6.0000 -0.1000 -3.0000
v -6.0000 -0.0750 -3.0000
v -6.0000 -0.0500 -3.0000
v -6.0000 -0.0250 -3.0000
v -6.0000 0.0000 -3.0000
v -6.0000 0.0250 -3.0000
v -6.0000 0.0500 -3.0000
v -6.0000 0.0750 -3.0000
v -6.0000 0.1000 -3.0000
v -3.0000 -0.1000 -3.0000
v -3.0000 -0.0750 -3.0000
v -3.0000 -0.0500 -3.0000
v -3.0000 -0.0250 -3.0000
v -3.0000 0.0000 -3.0000
v -3.0000 0.0250 -3.0000
v -3.0000 0.0500 -3.0000
v -3.0000 0.0750 -3.0000
v -3.0000 0.1000 -3.0000
v -3.0000 -0.1000 -3.3750
v -3.0000 -0.0750 -3.3750
v -3.0000 -0.0500 -3.3750
v -3.0000 -0.0250 -3.3750
v -3.0000 0.0000 -3.3750
v -3.0000 0.0250 -3.3750
v -3.0000 0.0500 -3.3750
v -3.0000 0.0750 -3.3750
v -3.0000 0.1000 -3.3750
v -3.0000 -0.1000 -3.7500
v -3.0000 -0.0750 -3.7500
v -3.0000 -0.0500 -3.7500
v -3.0000 -0.0250 -3.7500
v -3.0000 0.0000 -3.7500
v -3.0000 0.0250 -3.7500
v -3.0000 0.0500 -3.7500
v -3.0000 0.0750 -3.7500
v -3.0000 0.1000 -3.7500
v -3.0000 -0.1000 -4.1250
v -3.0000 -0.0750 -4.1250
v -3.0000 -0.0500 -4.1250
v -3.0000 -0.0250 -4.1250
v -3.0000 0.0000 -4.1250
v -3.0000 0.0250 -4.1250
v -3.0000 0.0500 -4.1250
v -3.0000 0.0750 -4.1250
v -3.0000 0.1000 -4.1250
v -3.0000 -0.1000 -4.5000
v -3.0000 -0.0750 -4.5000
v -3.0000 -0.0500 -4.5000
v -3.0000 -0.0250 -4.5000
v -3.0000 0.0000 -4.5000
v -3.0000 0.0250 -4.5000
v -3.0000 0.0500 -4.5000
v -3.0000 0.0750 -4.5000
v -3.0000 0.1000 -4.5000
v -3.0000 -0.1000 -4.8750
v -3.0000 -0.0750 -4.8750
v -3.0000 -0.0500 -4.8750
v -3.0000 -0.0250 -4.8750
v -3.0000 0.0000 -4.8750
v -3.0000 0.0250 -4.8750
v -3.0000 0.0500 -4.8750
v -3.0000 0.0750 -4.8750
v -3.0000 0.1000 -4.8750
v -3.0000 -0.1000 -5.2500
v -3.0000 -0.0750 -5.2500
v -3.0000 -0.0500 -5.2500
v -3.0000 -0.0250 -5.2500
v -3.0000 0.0000 -5.2500
v -3.0000 0.0250 -5.2500
v -3.0000 0.0500 -5.2500
v -3.0000 0.0750 -5.2500
v -3.0000 0.1000 -5.2500
v -3.0000 -0.1000 -5.6250
v -3.0000 -0.0750 -5.6250
v -3.0000 -0.0500 -5.6250
v -3.0000 -0.0250 -5.6250
v -3.0000 0.0000 -5.6250
v -3.0000 0.0250 -5.6250
v -3.0000 0.0500 -5.6250
v -3.0000 0.0750 -5.6250
v -3.0000 0.1000 -5.6250
v -3.0000 -0.1000 -6.0000
v -3.0000 -0.0750 -6.0000
v -3.0000 -0.0500 -6.0000
v -3.0000 -0.0250 -6.0000
v -3.0000 0.0000 -6.0000
v -3.0000 0.0250 -6.0000
v -3.0000 0.0500 -6.0000
v -3.0000 0.0750 -6.0000
v -3.0000 0.1000 -6.0000
v -6.0000 0.1000 -6.0000
v -6.0000 0.1000 -5.6250
v -6.0000 0.1000 -5.2500
v -6.0000 0.1000 -4.8750
v -6.0000 0.1000 -4.5000
v -6.0000 0.1000 -4.1250
v -6.0000 0.1000 -3.7500
v -6.0000 0.1000 -3.3750
v -6.0000 0.1000 -3.0000
v -5.6250 0.1000 -6.0000
v -5.6250 0.1000 -5.6250
v -5.6250 0.1000 -5.2500
v -5.6250 0.1000 -4.8750
v -5.6250 0.1000 -4.5000
v -5.6250 0.1000 -4.1250
v -5.6250 0.1000 -3.7500
v -5.6250 0.1000 -3.3750
v -5.6250 0.1000 -3.0000
v -5.2500 0.1000 -6.0000
v -5.2500 0.1000 -5.6250
v -5.2500 0.1000 -5.2500
v -5.2500 0.1000 -4.8750
v -5.2500 0.1000 -4.5000
v -5.2500 0.1000 -4.1250
v -5.2500 0.1000 -3.7500
v -5.2500 0.1000 -3.3750
v -5.2500 0.1000 -3.0000
v -4.8750 0.1000 -6.0000
v -4.8750 0.1000 -5.6250
v -4.8750 0.1000 -5.2500
v -4.8750 0.1000 -4.8750
v -4.8750 0.1000 -4.5000
v -4.8750 0.1000 -4.1250
v -4.8750 0.1000 -3.7500
v -4.8750 0.1000 -3.3750
v -4.8750 0.1000 -3.0000
v -4.5000 0.1000 -6.0000
v -4.5000 0.1000 -5.6250
v -4.5000 0.1000 -5.2500
v -4.5000 0.1000 -4.8750
v -4.5000 0.1000 -4.5000
v -4.5000 0.1000 -4.1250
v -4.5000 0.1000 -3.7500
v -4.5000 0.1000 -3.3750
v -4.5000 0.1000 -3.0000
v -4.1250 0.1000 -6.0000
v -4.1250 0.1000 -5.6250
v -4.1250 0.1000 -5.2500
v -4.1250 0.1000 -4.8750
v -4.1250 0.1000 -4.5000
v -4.1250 0.1000 -4.1250
v -4.1250 0.1000 -3.7500
v -4.1250 0.1000 -3.3750
v -4.1250 0.1000 -3.0000
v -3.7500 0.1000 -6.0000
v -3.7500 0.1000 -5.6250
v -3.7500 0.1000 -5.2500
v -3.7500 0.1000 -4.8750
v -3.7500 0.1000 -4.5000
v -3.7500 0.1000 -4.1250
v -3.7500 0.1000 -3.7500
v -3.7500 0.1000 -3.3750
v -3.7500 0.1000 -3.0000
v -3.3750 0.1000 -6.0000
v -3.3750 0.1000 -5.6250
v -3.3750 0.1000 -5.2500
v -3.3750 0.1000 -4.8750
v -3.3750 0.1000 -4.5000
v -3.3750 0.1000 -4.1250
v -3.3750 0.1000 -3.7500
v -3.3750 0.1000 -3.3750
v -3.3750 0.1000 -3.0000
v -3.0000 0.1000 -6.0000
v -3.0000 0.1000 -5.6250
v -3.0000 0.1000 -5.2500
v -3.0000 0.1000 -4.8750
v -3.0000 0.1000 -4.5000
v -3.0000 0.1000 -4.1250
v -3.0000 0.1000 -3.7500
v -3.0000 0.1000 -3.3750
v -3.0000 0.1000 -3.0000
v -6.0000 -0.1000 -3.0000
v -6.0000 -0.1000 -3.3750
v -6.0000 -0.1000 -3.7500
v -6.0000 -0.1000 -4.1250
v -6.0000 -0.1000 -4.5000
v -6.0000 -0.1000 -4.8750
v -6.0000 -0.1000 -5.2500
v -6.0000 -0.1000 -5.6250
v -6.0000 -0.1000 -6.0000
v -5.6250 -0.1000 -3.0000
v -5.6250 -0.1000 -3.3750
v -5.6250 -0.1000 -3.7500
v -5.6250 -0.1000 -4.1250
v -5.6250 -0.1000 -4.5000
v -5.6250 -0.1000 -4.8750
v -5.6250 -0.1000 -5.2500
v -5.6250 -0.1000 -5.6250
v -5.6250 -0.1000 -6.0000
v -5.2500 -0.1000 -3.0000
v -5.2500 -0.1000 -3.3750
v -5.2500 -0.1000 -3.7500
v -5.2500 -0.1000 -4.1250
v -5.2500 -0.1000 -4.5000
v -5.2500 -0.1000 -4.8750
v -5.2500 -0.1000 -5.2500
v -5.2500 -0.1000 -5.6250
v -5.2500 -0.1000 -6.0000
v -4.8750 -0.1000 -3.0000
v -4.8750 -0.1000 -3.3750
v -4.8750 -0.1000 -3.7500
v -4.8750 -0.1000 -4.1250
v -4.8750 -0.1000 -4.5000
v -4.8750 -0.1000 -4.8750
v -4.8750 -0.1000 -5.2500
v -4.8750 -0.1000 -5.6250
v -4.8750 -0.1000 -6.0000
v -4.5000 -0.1000 -3.0000
v -4.5000 -0.1000 -3.3750
v -4.5000 -0.1000 -3.7500
v -4.5000 -0.1000 -4.1250
v -4.5000 -0.1000 -4.5000
v -4.5000 -0.1000 -4.8750
v -4.5000 -0.1000 -5.2500
v -4.5000 -0.1000 -5.6250
v -4.5000 -0.1000 -6.0000
v -4.1250 -0.1000 -3.0000
v -4.1250 -0.1000 -3.3750
v -4.1250 -0.1000 -3.7500
v -4.1250 -0.1000 -4.1250
v -4.1250 -0.1000 -4.5000
v -4.1250 -0.1000 -4.8750
v -4.1250 -0.1000 -5.2500
v -4.1250 -0.1000 -5.6250
v -4.1250 -0.1000 -6.0000
v -3.7500 -0.1000 -3.0000
v -3.7500 -0.1000 -3.3750
v -3.7500 -0.1000 -3.7500
v -3.7500 -0.1000 -4.1250
v -3.7500 -0.1000 -4.5000
v -3.7500 -0.1000 -4.8750
v -3.7500 -0.1000 -5.2500
v -3.7500 -0.1000 -5.6250
v -3.7500 -0.1000 -6.0000
v -3.3750 -0.1000 -3.0000
v -3.3750 -0.1000 -3.3750
v -3.3750 -0.1000 -3.7500
v -3.3750 -0.1000 -4.1250
v -3.3750 -0.1000 -4.5000
v -3.3750 -0.1000 -4.8750
v -3.3750 -0.1000 -5.2500
v -3.3750 -0.1000 -5.6250
v -3.3750 -0.1000 -6.0000
v -3.0000 -0.1000 -3.0000
v -3.0000 -0.1000 -3.3750
v -3.0000 -0.1000 -3.7500
v -3.0000 -0.1000 -4.1250
v -3.0000 -0.1000 -4.5000
v -3.0000 -0.1000 -4.8750
v -3.0000 -0.1000 -5.2500
v -3.0000 -0.1000 -5.6250
v -3.0000 -0.1000 -6.0000
f 1 2 11
f 1 11 10
f 2 3 12
f 2 12 11
f 3 4 13
f 3 13 12
f 4 5 14
f 4 14 13
f 5 6 15
f 5 15 14
f 6 7 16
f 6 16 15
f 7 8 17
f 7 17 16
f 8 9 18
f 8 18 17
f 10 11 20
f 10 20 19
f 11 12 21
f 11 21 20
f 12 13 22
f 12 22 21
f 13 14 23
f 13 23 22
f 14 15 24
f 14 24 23
f 15 16 25
f 15 25 24
f 16 17 26
f 16 26 25
f 17 18 27
f 17 27 26
f 19 20 29
f 19 29 28
f 20 21 30
f 20 30 29
f 21 22 31
f 21 31 30
f 22 23 32
f 22 32 31
f 23 24 33
f 23 33 32
f 24 25 34
f 24 34 33
f 25 26 35
f 25 35 34
f 26 27 36
f 26 36 35
f 28 29 38
f 28 38 37
f 29 30 39
f 29 39 38
f 30 31 40
f 30 40 39
f 31 32 41
f 31 41 40
f 32 33 42
f 32 42 41
f 33 34 43
f 33 43 42
f 34 35 44
f 34 44 43
f 35 36 45
f 35 45 44
f 37 38 47
f 37 47 46
f 38 39 48
f 38 48 47
f 39 40 49
f 39 49 48
f 40 41 50
f 40 50 49
f 41 42 51
f 41 51 50
f 42 43 52
f 42 52 51
f 43 44 53
f 43 53 52
f 44 45 54
f 44 54 53
f 46 47 56
f 46 56 55
f 47 48 57
f 47 57 56
f 48 49 58
f 48 58 57
f 49 50 59
f 49 59 58
f 50 51 60
f 50 60 59
f 51 52 61
f 51 61 60
f 52 53 62
f 52 62 61
f 53 54 63
f 53 63 62
f 55 56 65
f 55 65 64
f 56 57 66
f 56 66 65
f 57 58 67
f 57 67 66
f 58 59 68
f 58 68 67
f 59 60 69
f 59 69 68
f 60 61 70
f 60 70 69
f 61 62 71
f 61 71 70
f 62 63 72
f 62 72 71
f 64 65 74
f 64 74 73
f 65 66 75
f 65 75 74
f 66 67 76
f 66 76 75
f 67 68 77
f 67 77 76
f 68 69 78
f 68 78 77
f 69 70 79
f 69 79 78
f 70 71 80
f 70 80 79
f 71 72 81
f 71 81 80
f 82 83 92
f 82 92 91
f 83 84 93
f 83 93 92
f 84 85 94
f 84 94 93
f 85 86 95
f 85 95 94
f 86 87 96
f 86 96 95
f 87 88 97
f 87 97 96
f 88 89 98
f 88 98 97
f 89 90 99
f 89 99 98
f 91 92 101
f 91 101 100
f 92 93 102
f 92 102 101
f 93 94 103
f 93 103 102
f 94 95 104
f 94 104 103
f 95 96 105
f 95 105 104
f 96 97 106
f 96 106 105
f 97 98 107
f 97 107 106
f 98 99 108
f 98 108 107
f 100 101 110
f 100 110 109
f 101 102 111
f 101 111 110
f 102 103 112
f 102 112 111
f 103 104 113
f 103 113 112
f 104 105 114
f 104 114 113
f 105 106 115
f 105 115 114
f 106 107 116
f 106 116 115
f 107 108 117
f 107 117 116
f 109 110 119
f 109 119 118
f 110 111 120
f 110 120 119
f 111 112 121
f 111 121 120
f 112 113 122
f 112 122 121
f 113 114 123
f 113 123 122
f 114 115 124
f 114 124 123
f 115 116 125
f 115 125 124
f 116 117 126
f 116 126 125
f 118 119 128
f 118 128 127
f 119 120 129
f 119 129 128
f 120 121 130
f 120 130 129
f 121 122 131
f 121 131 130
f 122 123 132
f 122 132 131
f 123 124 133
f 123 133 132
f 124 125 134
f 124 134 133
f 125 126 135
f 125 135 134
f 127 128 137
f 127 137 136
f 128 129 138
f 128 138 137
f 129 130 139
f 129 139 138
f 130 131 140
f 130 140 139
f 131 132 141
f 131 141 140
f 132 133 142
f 132 142 141
f 133 134 143
f 133 143 142
f 134 135 144
f 134 144 143
f 136 137 146
f 136 146 145
f 137 138 147
f 137 147 146
f 138 139 148
f 138 148 147
f 139 140 149
f 139 149 148
f 140 141 150
f 140 150 149
f 141 142 151
f 141 151 150
f 142 143 152
f 142 152 151
f 143 144 153
f 143 153 152
f 145 146 155
f 145 155 154
f 146 147 156
f 146 156 155
f 147 148 157
f 147 157 156
f 148 149 158
f 148 158 157
f 149 150 159
f 149 159 158
f 150 151 160
f 150 160 159
f 151 152 161
f 151 161 160
f 152 153 162
f 152 162 161
f 163 164 173
f 163 173 172
f 164 165 174
f 164 174 173
f 165 166 175
f 165 175 174
f 166 167 176
f 166 176 175
f 167 168 177
f 167 177 176
f 168 169 178
f 168 178 177
f 169 170 179
f 169 179 178
f 170 171 180
f 170 180 179
f 172 173 182
f 172 182 181
f 173 174 183
f 173 183 182
f 174 175 184
f 174 184 183
f 175 176 185
f 175 185 184
f 176 177 186
f 176 186 185
f 177 178 187
f 177 187 186
f 178 179 188
f 178 188 187
f 179 180 189
f 179 189 188
f 181 182 191
f 181 191 190
f 182 183 192
f 182 192 191
f 183 184 193
f 183 193 192
f 184 185 194
f 184 194 193
f 185 186 195
f 185 195 194
f 186 187 196
f 186 196 195
f 187 188 197
f 187 197 196
f 188 189 198
f 188 198 197
f 190 191 200
f 190 200 199
f 191 192 201
f 191 201 200
f 192 193 202
f 192 202 201
f 193 194 203
f 193 203 202
f 194 195 204
f 194 204 203
f 195 196 205
f 195 205 204
f 196 197 206
f 196 206 205
f 197 198 207
f 197 207 206
f 199 200 209
f 199 209 208
f 200 201 210
f 200 210 209
f 201 202 211
f 201 211 210
f 202 203 212
f 202 212 211
f 203 204 213
f 203 213 212
f 204 205 214
f 204 214 213
f 205 206 215
f 205 215 214
f 206 207 216
f 206 216 215
f 208 209 218
f 208 218 217
f 209 210 219
f 209 219 218
f 210 211 220
f 210 220 219
f 211 212 221
f 211 221 220
f 212 213 222
f 212 222 221
f 213 214 223
f 213 223 222
f 214 215 224
f 214 224 223
f 215 216 225
f 215 225 224
f 217 218 227
f 217 227 226
f 218 219 228
f 218 228 227
f 219 220 229
f 219 229 228
f 220 221 230
f 220 230 229
f 221 222 231
f 221 231 230
f 222 223 232
f 222 232 231
f 223 224 233
f 223 233 232
f 224 225 234
f 224 234 233
f 226 227 236
f 226 236 235
f 227 228 237
f 227 237 236
f 228 229 238
f 228 238 237
f 229 230 239
f 229 239 238
f 230 231 240
f 230 240 239
f 231 232 241
f 231 241 240
f 232 233 242
f 232 242 241
f 233 234 243
f 233 243 242
f 244 245 254
f 244 254 253
f 245 246 255
f 245 255 254
f 246 247 256
f 246 256 255
f 247 248 257
f 247 257 256
f 248 249 258
f 248 258 257
f 249 250 259
f 249 259 258
f 250 251 260
f 250 260 259
f 251 252 261
f 251 261 260
f 253 254 263
f 253 263 262
f 254 255 264
f 254 264 263
f 255 256 265
f 255 265 264
f 256 257 266
f 256 266 265
f 257 258 267
f 257 267 266
f 258 259 268
f 258 268 267
f 259 260 269
f 259 269 268
f 260 261 270
f 260 270 269
f 262 263 272
f 262 272 271
f 263 264 273
f 263 273 272
f 264 265 274
f 264 274 273
f 265 266 275
f 265 275 274
f 266 267 276
f 266 276 275
f 267 268 277
f 267 277 276
f 268 269 278
f 268 278 277
f 269 270 279
f 269 279 278
f 271 272 281
f 271 281 280
f 272 273 282
f 272 282 281
f 273 274 283
f 273 283 282
f 274 275 284
f 274 284 283
f 275 276 285
f 275 285 284
f 276 277 286
f 276 286 285
f 277 278 287
f 277 287 286
f 278 279 288
f 278 288 287
f 280 281 290
f 280 290 289
f 281 282 291
f 281 291 290
f 282 283 292
f 282 292 291
f 283 284 293
f 283 293 292
f 284 285 294
f 284 294 293
f 285 286 295
f 285 295 294
f 286 287 296
f 286 296 295
f 287 288 297
f 287 297 296
f 289 290 299
f 289 299 298
f 290 291 300
f 290 300 299
f 291 292 301
f 291 301 300
f 292 293 302
f 292 302 301
f 293 294 303
f 293 303 302
f 294 295 304
f 294 304 303
f 295 296 305
f 295 305 304
f 296 297 306
f 296 306 305
f 298 299 308
f 298 308 307
f 299 300 309
f 299 309 308
f 300 301 310
f 300 310 309
f 301 302 311
f 301 311 310
f 302 303 312
f 302 312 311
f 303 304 313
f 303 313 312
f 304 305 314
f 304 314 313
f 305 306 315
f 305 315 314
f 307 308 317
f 307 317 316
f 308 309 318
f 308 318 317
f 309 310 319
f 309 319 318
f 310 311 320
f 310 320 319
f 311 312 321
f 311 321 320
f 312 313 322
f 312 322 321
f 313 314 323
f 313 323 322
f 314 315 324
f 314 324 323
f 325 326 335
f 325 335 334
f 326 327 336
f 326 336 335
f 327 328 337
f 327 337 336
f 328 329 338
f 328 338 337
f 329 330 339
f 329 339 338
f 330 331 340
f 330 340 339
f 331 332 341
f 331 341 340
f 332 333 342
f 332 342 341
f 334 335 344
f 334 344 343
f 335 336 345
f 335 345 344
f 336 337 346
f 336 346 345
f 337 338 347
f 337 347 346
f 338 339 348
f 338 348 347
f 339 340 349
f 339 349 348
f 340 341 350
f 340 350 349
f 341 342 351
f 341 351 350
f 343 344 353
f 343 353 352
f 344 345 354
f 344 354 353
f 345 346 355
f 345 355 354
f 346 347 356
f 346 356 355
f 347 348 357
f 347 357 356
f 348 349 358
f 348 358 357
f 349 350 359
f 349 359 358
f 350 351 360
f 350 360 359
f 352 353 362
f 352 362 361
f 353 354 363
f 353 363 362
f 354 355 364
f 354 364 363
f 355 356 365
f 355 365 364
f 356 357 366
f 356 366 365
f 357 358 367
f 357 367 366
f 358 359 368
f 358 368 367
f 359 360 369
f 359 369 368
f 361 362 371
f 361 371 370
f 362 363 372
f 362 372 371
f 363 364 373
f 363 373 372
f 364 365 374
f 364 374 373
f 365 366 375
f 365 375 374
f 366 367 376
f 366 376 375
f 367 368 377
f 367 377 376
f 368 369 378
f 368 378 377
f 370 371 380
f 370 380 379
f 371 372 381
f 371 381 380
f 372 373 382
f 372 382 381
f 373 374 383
f 373 383 382
f 374 375 384
f 374 384 383
f 375 376 385
f 375 385 384
f 376 377 386
f 376 386 385
f 377 378 387
f 377 387 386
f 379 380 389
f 379 389 388
f 380 381 390
f 380 390 389
f 381 382 391
f 381 391 390
f 382 383 392
f 382 392 391
f 383 384 393
f 383 393 392
f 384 385 394
f 384 394 393
f 385 386 395
f 385 395 394
f 386 387 396
f 386 396 395
f 388 389 398
f 388 398 397
f 389 390 399
f 389 399 398
f 390 391 400
f 390 400 399
f 391 392 401
f 391 401 400
f 392 393 402
f 392 402 401
f 393 394 403
f 393 403 402
f 394 395 404
f 394 404 403
f 395 396 405
f 395 405 404
f 406 407 416
f 406 416 415
f 407 408 417
f 407 417 416
f 408 409 418
f 408 418 417
f 409 410 419
f 409 419 418
f 410 411 420
f 410 420 419
f 411 412 421
f 411 421 420
f 412 413 422
f 412 422 421
f 413 414 423
f 413 423 422
f 415 416 425
f 415 425 424
f 416 417 426
f 416 426 425
f 417 418 427
f 417 427 426
f 418 419 428
f 418 428 427
f 419 420 429
f 419 429 428
f 420 421 430
f 420 430 429
f 421 422 431
f 421 431 430
f 422 423 432
f 422 432 431
f 424 425 434
f 424 434 433
f 425 426 435
f 425 435 434
f 426 427 436
f 426 436 435
f 427 428 437
f 427 437 436
f 428 429 438
f 428 438 437
f 429 430 439
f 429 439 438
f 430 431 440
f 430 440 439
f 431 432 441
f 431 441 440
f 433 434 443
f 433 443 442
f 434 435 444
f 434 444 443
f 435 436 445
f 435 445 444
f 436 437 446
f 436 446 445
f 437 438 447
f 437 447 446
f 438 439 448
f 438 448 447
f 439 440 449
f 439 449 448
f 440 441 450
f 440 450 449
f 442 443 452
f 442 452 451
f 443 444 453
f 443 453 452
f 444 445 454
f 444 454 453
f 445 446 455
f 445 455 454
f 446 447 456
f 446 456 455
f 447 448 457
f 447 457 456
f 448 449 458
f 448 458 457
f 449 450 459
f 449 459 458
f 451 452 461
f 451 461 460
f 452 453 462
f 452 462 461
f 453 454 463
f 453 463 462
f 454 455 464
f 454 464 463
f 455 456 465
f 455 465 464
f 456 457 466
f 456 466 465
f 457 458 467
f 457 467 466
f 458 459 468
f 458 468 467
f 460 461 470
f 460 470 469
f 461 462 471
f 461 471 470
f 462 463 472
f 462 472 471
f 463 464 473
f 463 473 472
f 464 465 474
f 464 474 473
f 465 466 475
f 465 475 474
f 466 467 476
f 466 476 475
f 467 468 477
f 467 477 476
f 469 470 479
f 469 479 478
f 470 471 480
f 470 480 479
f 471 472 481
f 471 481 480
f 472 473 482
f 472 482 481
f 473 474 483
f 473 483 482
f 474 475 484
f 474 484 483
f 475 476 485
f 475 485 484
f 476 477 486
f 476 486 485
g 바닥_1
v -6.0000 -0.1000 0.0000
v -6.0000 -0.0750 0.0000
v -6.0000 -0.0500 0.0000
v -6.0000 -0.0250 0.0000
v -6.0000 0.0000 0.0000
v -6.0000 0.0250 0.0000
v -6.0000 0.0500 0.0000
v -6.0000 0.0750 0.0000
v -6.0000 0.1000 0.0000
v -5.6250 -0.1000 0.0000
v -5.6250 -0.0750 0.0000
v -5.6250 -0.0500 0.0000
v -5.6250 -0.0250 0.0000
v -5.6250 0.0000 0.0000
v -5.6250 0.0250 0.0000
v -5.6250 0.0500 0.0000
v -5.6250 0.0750 0.0000
v -5.6250 0.1000 0.0000
v -5.2500 -0.1000 0.0000
v -5.2500 -0.0750 0.0000
v -5.2500 -0.0500 0.0000
v -5.2500 -0.0250 0.0000
v -5.2500 0.0000 0.0000
v -5.2500 0.0250 0.0000
v -5.2500 0.0500 0.0000
v -5.2500 0.0750 0.0000
v -5.2500 0.1000 0.0000
v -4.8750 -0.1000 0.0000
v -4.8750 -0.0750 0.0000
v -4.8750 -0.0500 0.0000
v -4.8750 -0.0250 0.0000
v -4.8750 0.0000 0.0000
v -4.8750 0.0250 0.0000
v -4.8750 0.0500 0.0000
v -4.8750 0.0750 0.0000
v -4.8750 0.1000 0.0000
v -4.5000 -0.1000 0.0000
v -4.5000 -0.0750 0.0000
v -4.5000 -0.0500 0.0000
v -4.5000 -0.0250 0.0000
v -4.5000 0.0000 0.0000
v -4.5000 0.0250 0.0000
v -4.5000 0.0500 0.0000
v -4.5000 0.0750 0.0000
v -4.5000 0.1000 0.0000
v -4.1250 -0.1000 0.0000
v -4.1250 -0.0750 0.0000
v -4.1250 -0.0500 0.0000
v -4.1250 -0.0250 0.0000
v -4.1250 0.0000 0.0000
v -4.1250 0.0250 0.0000
v -4.1250 0.0500 0.0000
v -4.1250 0.0750 0.0000
v -4.1250 0.1000 0.0000
v -3.7500 -0.1000 0.0000
v -3.7500 -0.0750 0.0000
v -3.7500 -0.0500 0.0000
v -3.7500 -0.0250 0.0000
v -3.7500 0.0000 0.0000
v -3.7500 0.0250 0.0000
v -3.7500 0.0500 0.0000
v -3.7500 0.0750 0.0000
v -3.7500 0.1000 0.0000
v -3.3750 -0.1000 0.0000
v -3.3750 -0.0750 0.0000
v -3.3750 -0.0500 0.0000
v -3.3750 -0.0250 0.0000
v -3.3750 0.0000 0.0000
v -3.3750 0.0250 0.0000
v -3.3750 0.0500 0.0000
v -3.3750 0.0750 0.0000
v -3.3750 0.1000 0.0000
v -3.0000 -0.1000 0.0000
v -3.0000 -0.0750 0.0000
v -3.0000 -0.0500 0.0000
v -3.0000 -0.0250 0.0000
v -3.0000 0.0000 0.0000
v -3.0000 0.0250 0.0000
v -3.0000 0.0500 0.0000
v -3.0000 0.0750 0.0000
v -3.0000 0.1000 0.0000
v -3.0000 -0.1000 -3.0000
v -3.0000 -0.0750 -3.0000
v -3.0000 -0.0500 -3.0000
v -3.0000 -0.0250 -3.0000
v -3.0000 0.0000 -3.0000
v -3.0000 0.0250 -3.0000
v -3.0000 0.0500 -3.0000
v -3.0000 0.0750 -3.0000
v -3.0000 0.1000 -3.0000
v -3.3750 -0.1000 -3.0000
v -3.3750 -0.0750 -3.0000
v -3.3750 -0.0500 -3.0000
v -3.3750 -0.0250 -3.0000
v -3.3750 0.0000 -3.0000
v -3.3750 0.0250 -3.0000
v -3.3750 0.0500 -3.0000
v -3.3750 0.0750 -3.0000
v -3.3750 0.1000 -3.0000
v -3.7500 -0.1000 -3.0000
v -3.7500 -0.0750 -3.0000
v -3.7500 -0.0500 -3.0000
v -3.7500 -0.0250 -3.0000
v -3.7500 0.0000 -3.0000
v -3.7500 0.0250 -3.0000
v -3.7500 0.0500 -3.0000
v -3.7500 0.0750 -3.0000
v -3.7500 0.1000 -3.0000
v -4.1250 -0.1000 -3.0000
v -4.1250 -0.0750 -3.0000
v -4.1250 -0.0500 -3.0000
v -4.1250 -0.0250 -3.0000
v -4.1250 0.0000 -3.0000
v -4.1250 0.0250 -3.0000
v -4.1250 0.0500 -3.0000
v -4.1250 0.0750 -3.0000
v -4.1250 0.1000 -3.0000
v -4.5000 -0.1000 -3.0000
v -4.5000 -0.0750 -3.0000
v -4.5000 -0.0500 -3.0000
v -4.5000 -0.0250 -3.0000
v -4.5000 0.0000 -3.0000
v -4.5000 0.0250 -3.0000
v -4.5000 0.0500 -3.0000
v -4.5000 0.0750 -3.0000
v -4.5000 0.1000 -3.0000
v -4.8750 -0.1000 -3.0000
v -4.8750 -0.0750 -3.0000
v -4.8750 -0.0500 -3.0000
v -4.8750 -0.0250 -3.0000
v -4.8750 0.0000 -3.0000
v -4.8750 0.0250 -3.0000
v -4.8750 0.0500 -3.0000
v -4.8750 0.0750 -3.0000
v -4.8750 0.1000 -3.0000
v -5.2500 -0.1000 -3.0000
v -5.2500 -0.0750 -3.0000
v -5.2500 -0.0500 -3.0000
v -5.2500 -0.0250 -3.0000
v -5.2500 0.0000 -3.0000
v -5.2500 0.0250 -3.0000
v -5.2500 0.0500 -3.0000
v -5.2500 0.0750 -3.0000
v -5.2500 0.1000 -3.0000
v -5.6250 -0.1000 -3.0000
v -5.6250 -0.0750 -3.0000
v -5.6250 -0.0500 -3.0000
v -5.6250 -0.0250 -3.0000
v -5.6250 0.0000 -3.0000
v -5.6250 0.0250 -3.0000
v -5.6250 0.0500 -3.0000
v -5.6250 0.0750 -3.0000
v -5.6250 0.1000 -3.0000
v -6.0000 -0.1000 -3.0000
v -6.0000 -0.0750 -3.0000
v -6.0000 -0.0500 -3.0000
v -6.0000 -0.0250 -3.0000
v -6.0000 0.0000 -3.0000
v -6.0000 0.0250 -3.0000
v -6.0000 0.0500 -3.0000
v -6.0000 0.0750 -3.0000
v -6.0000 0.1000 -3.0000
v -6.0000 -0.1000 -3.0000
v -6.0000 -0.0750 -3.0000
v -6.0000 -0.0500 -3.0000
v -6.0000 -0.0250 -3.0000
v -6.0000 0.0000 -3.0000
v -6.0000 0.0250 -3.0000
v -6.0000 0.0500 -3.0000
v -6.0000 0.0750 -3.0000
v -6.0000 0.1000 -3.0000
v -6.0000 -0.1000 -2.6250
v -6.0000 -0.0750 -2.6250
v -6.0000 -0.0500 -2.6250
v -6.0000 -0.0250 -2.6250
v -6.0000 0.0000 -2.6250
v -6.0000 0.0250 -2.6250
v -6.0000 0.0500 -2.6250
v -6.0000 0.0750 -2.6250
v -6.0000 0.1000 -2.6250
v -6.0000 -0.1000 -2.2500
v -6.0000 -0.0750 -2.2500
v -6.0000 -0.0500 -2.2500
v -6.0000 -0.0250 -2.2500
v -6.0000 0.0000 -2.2500
v -6.0000 0.0250 -2.2500
v -6.0000 0.0500 -2.2500
v -6.0000 0.0750 -2.2500
v -6.0000 0.1000 -2.2500
v -6.0000 -0.1000 -1.8750
v -6.0000 -0.0750 -1.8750
v -6.0000 -0.0500 -1.8750
v -6.0000 -0.0250 -1.8750
v -6.0000 0.0000 -1.8750
v -6.0000 0.0250 -1.8750
v -6.0000 0.0500 -1.8750
v -6.0000 0.0750 -1.8750
v -6.0000 0.1000 -1.8750
v -6.0000 -0.1000 -1.5000
v -6.0000 -0.0750 -1.5000
v -6.0000 -0.0500 -1.5000
v -6.0000 -0.0250 -1.5000
v -6.0000 0.0000 -1.5000
v -6.0000 0.0250 -1.5000
v -6.0000 0.0500 -1.5000
v -6.0000 0.0750 -1.5000
v -6.0000 0.1000 -1.5000
v -6.0000 -0.1000 -1.1250
v -6.0000 -0.0750 -1.1250
v -6.0000 -0.0500 -1.1250
v -6.0000 -0.0250 -1.1250
v -6.0000 0.0000 -1.1250
v -6.0000 0.0250 -1.1250
v -6.0000 0.0500 -1.1250
v -6.0000 0.0750 -1.1250
v -6.0000 0.1000 -1.1250
v -6.0000 -0.1000 -0.7500
v -6.0000 -0.0750 -0.7500
v -6.0000 -0.0500 -0.7500
v -6.0000 -0.0250 -0.7500
v -6.0000 0.0000 -0.7500
v -6.0000 0.0250 -0.7500
v -6.0000 0.0500 -0.7500
v -6.0000 0.0750 -0.7500
v -6.0000 0.1000 -0.7500
v -6.0000 -0.1000 -0.3750
v -6.0000 -0.0750 -0.3750
v -6.0000 -0.0500 -0.3750
v -6.0000 -0.0250 -0.3750
v -6.0000 0.0000 -0.3750
v -6.0000 0.0250 -0.3750
v -6.0000 0.0500 -0.3750
v -6.0000 0.0750 -0.3750
v -6.0000 0.1000 -0.3750
v -6.0000 -0.1000 0.0000
v -6.0000 -0.0750 0.0000
v -6.0000 -0.0500 0.0000
v -6.0000 -0.0250 0.0000
v -6.0000 0.0000 0.0000
v -6.0000 0.0250 0.0000
v -6.0000 0.0500 0.0000
v -6.0000 0.0750 0.0000
v -6.0000 0.1000 0.0000
v -3.0000 -0.1000 0.0000
v -3.0000 -0.0750 0.0000
v -3.0000 -0.0500 0.0000
v -3.0000 -0.0250 0.0000
v -3.0000 0.0000 0.0000
v -3.0000 0.0250 0.0000
v -3.0000 0.0500 0.0000
v -3.0000 0.0750 0.0000
v -3.0000 0.1000 0.0000
v -3.0000 -0.1000 -0.3750
v -3.0000 -0.0750 -0.3750
v -3.0000 -0.0500 -0.3750
v -3.0000 -0.0250 -0.3750
v -3.0000 0.0000 -0.3750
v -3.0000 0.0250 -0.3750
v -3.0000 0.0500 -0.3750
v -3.0000 0.0750 -0.3750
v -3.0000 0.1000 -0.3750
v -3.0000 -0.1000 -0.7500
v -3.0000 -0.0750 -0.7500
v -3.0000 -0.0500 -0.7500
v -3.0000 -0.0250 -0.7500
v -3.0000 0.0000 -0.7500
v -3.0000 0.0250 -0.7500
v -3.0000 0.0500 -0.7500
v -3.0000 0.0750 -0.7500
v -3.0000 0.1000 -0.7500
v -3.0000 -0.1000 -1.1250
v -3.0000 -0.0750 -1.1250
v -3.0000 -0.0500 -1.1250
v -3.0000 -0.0250 -1.1250
v -3.0000 0.0000 -1.1250
v -3.0000 0.0250 -1.1250
v -3.0000 0.0500 -1.1250
v -3.0000 0.0750 -1.1250
v -3.0000 0.1000 -1.1250
v -3.0000 -0.1000 -1.5000
v -3.0000 -0.0750 -1.5000
v -3.0000 -0.0500 -1.5000
v -3.0000 -0.0250 -1.5000
v -3.0000 0.0000 -1.5000
v -3.0000 0.0250 -1.5000
v -3.0000 0.0500 -1.5000
v -3.0000 0.0750 -1.5000
v -3.0000 0.1000 -1.5000
v -3.0000 -0.1000 -1.8750
v -3.0000 -0.0750 -1.8750
v -3.0000 -0.0500 -1.8750
v -3.0000 -0.0250 -1.8750
v -3.0000 0.0000 -1.8750
v -3.0000 0.0250 -1.8750
v -3.0000 0.0500 -1.8750
v -3.0000 0.0750 -1.8750
v -3.0000 0.1000 -1.8750
v -3.0000 -0.1000 -2.2500
v -3.0000 -0.0750 -2.2500
v -3.0000 -0.0500 -2.2500
v -3.0000 -0.0250 -2.2500
v -3.0000 0.0000 -2.2500
v -3.0000 0.0250 -2.2500
v -3.0000 0.0500 -2.2500
v -3.0000 0.0750 -2.2500
v -3.0000 0.1000 -2.2500
v -3.0000 -0.1000 -2.6250
v -3.0000 -0.0750 -2.6250
v -3.0000 -0.0500 -2.6250
v -3.0000 -0.0250 -2.6250
v -3.0000 0.0000 -2.6250
v -3.0000 0.0250 -2.6250
v -3.0000 0.0500 -2.6250
v -3.0000 0.0750 -2.6250
v -3.0000 0.1000 -2.6250
v -3.0000 -0.1000 -3.0000
v -3.0000 -0.0750 -3.0000
v -3.0000 -0.0500 -3.0000
v -3.0000 -0.0250 -3.0000
v -3.0000 0.0000 -3.0000
v -3.0000 0.0250 -3.0000
v -3.0000 0.0500 -3.0000
v -3.0000 0.0750 -3.0000
v -3.0000 0.1000 -3.0000
v -6.0000 0.1000 -3.0000
v -6.0000 0.1000 -2.6250
v -6.0000 0.1000 -2.2500
v -6.0000 0.1000 -1.8750
v -6.0000 0.1000 -1.5000
v -6.0000 0.1000 -1.1250
v -6.0000 0.1000 -0.7500
v -6.0000 0.1000 -0.3750
v -6.0000 0.1000 0.0000
v -5.6250 0.1000 -3.0000
v -5.6250 0.1000 -2.6250
v -5.6250 0.1000 -2.2500
v -5.6250 0.1000 -1.8750
v -5.6250 0.1000 -1.5000
v -5.6250 0.1000 -1.1250
v -5.6250 0.1000 -0.7500
v -5.6250 0.1000 -0.3750
v -5.6250 0.1000 0.0000
v -5.2500 0.1000 -3.0000
v -5.2500 0.1000 -2.6250
v -5.2500 0.1000 -2.2500
v -5.2500 0.1000 -1.8750
v -5.2500 0.1000 -1.5000
v -5.2500 0.1000 -1.1250
v -5.2500 0.1000 -0.7500
v -5.2500 0.1000 -0.3750
v -5.2500 0.1000 0.0000
v -4.8750 0.1000 -3.0000
v -4.8750 0.1000 -2.6250
v -4.8750 0.1000 -2.2500
v -4.8750 0.1000 -1.8750
v -4.8750 0.1000 -1.5000
v -4.8750 0.1000 -1.1250
v -4.8750 0.1000 -0.7500
v -4.8750 0.1000 -0.3750
v -4.8750 0.1000 0.0000
v -4.5000 0.1000 -3.0000
v -4.5000 0.1000 -2.6250
v -4.5000 0.1000 -2.2500
v -4.5000 0.1000 -1.8750
v -4.5000 0.1000 -1.5000
v -4.5000 0.1000 -1.1250
v -4.5000 0.1000 -0.7500
v -4.5000 0.1000 -0.3750
v -4.5000 0.1000 0.0000
v -4.1250 0.1000 -3.0000
v -4.1250 0.1000 -2.6250
v -4.1250 0.1000 -2.2500
v -4.1250 0.1000 -1.8750
v -4.1250 0.1000 -1.5000
v -4.1250 0.1000 -1.1250
v -4.1250 0.1000 -0.7500
v -4.1250 0.1000 -0.3750
v -4.1250 0.1000 0.0000
v -3.7500 0.1000 -3.0000
v -3.7500 0.1000 -2.6250
v -3.7500 0.1000 -2.2500
v -3.7500 0.1000 -1.8750
v -3.7500 0.1000 -1.5000
v -3.7500 0.1000 -1.1250
v -3.7500 0.1000 -0.7500
v -3.7500 0.1000 -0.3750
v -3.7500 0.1000 0.0000
v -3.3750 0.1000 -3.0000
v -3.3750 0.1000 -2.6250
v -3.3750 0.1000 -2.2500
v -3.3750 0.1000 -1.8750
v -3.3750 0.1000 -1.5000
v -3.3750 0.1000 -1.1250
v -3.3750 0.1000 -0.7500
v -3.3750 0.1000 -0.3750
v -3.3750 0.1000 0.0000
v -3.0000 0.1000 -3.0000
v -3.0000 0.1000 -2.6250
v -3.0000 0.1000 -2.2500
v -3.0000 0.1000 -1.8750
v -3.0000 0.1000 -1.5000
v -3.0000 0.1000 -1.1250
v -3.0000 0.1000 -0.7500
v -3.0000 0.1000 -0.3750
v -3.0000 0.1000 0.0000
v -6.0000 -0.1000 0.0000
v -6.0000 -0.1000 -0.3750
v -6.0000 -0.1000 -0.7500
v -6.0000 -0.1000 -1.1250
v -6.0000 -0.1000 -1.5000
v -6.0000 -0.1000 -1.8750
v -6.0000 -0.1000 -2.2500
v -6.0000 -0.1000 -2.6250
v -6.0000 -0.1000 -3.0000
v -5.6250 -0.1000 0.0000
v -5.6250 -0.1000 -0.3750
v -5.6250 -0.1000 -0.7500
v -5.6250 -0.1000 -1.1250
v -5.6250 -0.1000 -1.5000
v -5.6250 -0.1000 -1.8750
v -5.6250 -0.1000 -2.2500
v -5.6250 -0.1000 -2.6250
v -5.6250 -0.1000 -3.0000
v -5.2500 -0.1000 0.0000
v -5.2500 -0.1000 -0.3750
v -5.2500 -0.1000 -0.7500
v -5.2500 -0.1000 -1.1250
v -5.2500 -0.1000 -1.5000
v -5.2500 -0.1000 -1.8750
v -5.2500 -0.1000 -2.2500
v -5.2500 -0.1000 -2.6250
v -5.2500 -0.1000 -3.0000
v -4.8750 -0.1000 0.0000
v -4.8750 -0.1000 -0.3750
v -4.8750 -0.1000 -0.7500
v -4.8750 -0.1000 -1.1250
v -4.8750 -0.1000 -1.5000
v -4.8750 -0.1000 -1.8750
v -4.8750 -0.1000 -2.2500
v -4.8750 -0.1000 -2.6250
v -4.8750 -0.1000 -3.0000
v -4.5000 -0.1000 0.0000
v -4.5000 -0.1000 -0.3750
v -4.5000 -0.1000 -0.7500
v -4.5000 -0.1000 -1.1250
v -4.5000 -0.1000 -1.5000
v -4.5000 -0.1000 -1.8750
v -4.5000 -0.1000 -2.2500
v -4.5000 -0.1000 -2.6250
v -4.5000 -0.1000 -3.0000
v -4.1250 -0.1000 0.0000
v -4.1250 -0.1000 -0.3750
v -4.1250 -0.1000 -0.7500
v -4.1250 -0.1000 -1.1250
v -4.1250 -0.1000 -1.5000
v -4.1250 -0.1000 -1.8750
v -4.1250 -0.1000 -2.2500
v -4.1250 -0.1000 -2.6250
v -4.1250 -0.1000 -3.0000
v -3.7500 -0.1000 0.0000
v -3.7500 -0.1000 -0.3750
v -3.7500 -0.1000 -0.7500
v -3.7500 -0.1000 -1.1250
v -3.7500 -0.1000 -1.5000
v -3.7500 -0.1000 -1.8750
v -3.7500 -0.1000 -2.2500
v -3.7500 -0.1000 -2.6250
v -3.7500 -0.1000 -3.0000
v -3.3750 -0.1000 0.0000
v -3.3750 -0.1000 -0.3750
v -3.3750 -0.1000 -0.7500
v -3.3750 -0.1000 -1.1250
v -3.3750 -0.1000 -1.5000
v -3.3750 -0.1000 -1.8750
v -3.3750 -0.1000 -2.2500
v -3.3750 -0.1000 -2.6250
v -3.3750 -0.1000 -3.0000
v -3.0000 -0.1000 0.0000
v -3.0000 -0.1000 -0.3750
v -3.0000 -0.1000 -0.7500
v -3.0000 -0.1000 -1.1250
v -3.0000 -0.1000 -1.5000
v -3.0000 -0.1000 -1.8750
v -3.0000 -0.1000 -2.2500
v -3.0000 -0.1000 -2.6250
v -3.0000 -0.1000 -3.0000
f 487 488 497
f 487 497 496
f 488 489 498
f 488 498 497
f 489 490 499
f 489 499 498
f 490 491 500
f 490 500 499
f 491 492 501
f 491 501 500
f 492 493 502
f 492 502 501
f 493 494 503
f 493 503 502
f 494 495 504
f 494 504 503
f 496 497 506
f 496 506 505
f 497 498 507
f 497 507 506
f 498 499 508
f 498 508 507
f 499 500 509
f 499 509 508
f 500 501 510
f 500 510 509
f 501 502 511
f 501 511 510
f 502 503 512
f 502 512 511
f 503 504 513
f 503 513 512
f 505 506 515
f 505 515 514
f 506 507 516
f 506 516 515
f 507 508 517
f 507 517 516
f 508 509 518
f 508 518 517
f 509 510 519
f 509 519 518
f 510 511 520
f 510 520 519
f 511 512 521
f 511 521 520
f 512 513 522
f 512 522 521
f 514 515 524
f 514 524 523
f 515 516 525
f 515 525 524
f 516 517 526
f 516 526 525
f 517 518 527
f 517 527 526
f 518 519 528
f 518 528 527
f 519 520 529
f 519 529 528
f 520 521 530
f 520 530 529
f 521 522 531
f 521 531 530
f 523 524 533
f 523 533 532
f 524 525 534
f 524 534 533
f 525 526 535
f 525 535 534
f 526 527 536
f 526 536 535
f 527 528 537
f 527 537 536
f 528 529 538
f 528 538 537
f 529 530 539
f 529 539 538
f 530 531 540
f 530 540 539
f 532 533 542
f 532 542 541
f 533 534 543
f 533 543 542
f 534 535 544
f 534 544 543
f 535 536 545
f 535 545 544
f 536 537 546
f 536 546 545
f 537 538 547
f 537 547 546
f 538 539 548
f 538 548 547
f 539 540 549
f 539 549 548
f 541 542 551
f 541 551 550
f 542 543 552
f 542 552 551
f 543 544 553
f 543 553 552
f 544 545 554
f 544 554 553
f 545 546 555
f 545 555 554
f 546 547 556
f 546 556 555
f 547 548 557
f 547 557 556
f 548 549 558
f 548 558 557
f 550 551 560
f 550 560 559
f 551 552 561
f 551 561 560
f 552 553 562
f 552 562 561
f 553 554 563
f 553 563 562
f 554 555 564
f 554 564 563
f 555 556 565
f 555 565 564
f 556 557 566
f 556 566 565
f 557 558 567
f 557 567 566
f 568 569 578
f 568 578 577
f 569 570 579
f 569 579 578
f 570 571 580
f 570 580 579
f 571 572 581
f 571 581 580
f 572 573 582
f 572 582 581
f 573 574 583
f 573 583 582
f 574 575 584
f 574 584 583
f 575 576 585
f 575 585 584
f 577 578 587
f 577 587 586
f 578 579 588
f 578 588 587
f 579 580 589
f 579 589 588
f 580 581 590
f 580 590 589
f 581 582 591
f 581 591 590
f 582 583 592
f 582 592 591
f 583 584 593
f 583 593 592
f 584 585 594
f 584 594 593
f 586 587 596
f 586 596 595
f 587 588 597
f 587 597 596
f 588 589 598
f 588 598 597
f 589 590 599
f 589 599 598
f 590 591 600
f 590 600 599
f 591 592 601
f 591 601 600
f 592 593 602
f 592 602 601
f 593 594 603
f 593 603 602
f 595 596 605
f 595 605 604
f 596 597 606
f 596 606 605
f 597 598 607
f 597 607 606
f 598 599 608
f 598 608 607
f 599 600 609
f 599 609 608
f 600 601 610
f 600 610 609
f 601 602 611
f 601 611 610
f 602 603 612
f 602 612 611
f 604 605 614
f 604 614 613
f 605 606 615
f 605 615 614
f 606 607 616
f 606 616 615
f 607 608 617
f 607 617 616
f 608 609 618
f 608 618 617
f 609 610 619
f 609 619 618
f 610 611 620
f 610 620 619
f 611 612 621
f 611 621 620
f 613 614 623
f 613 623 622
f 614 615 624
f 614 624 623
f 615 616 625
f 615 625 624
f 616 617 626
f 616 626 625
f 617 618 627
f 617 627 626
f 618 619 628
f 618 628 627
f 619 620 629
f 619 629 628
f 620 621 630
f 620 630 629
f 622 623 632
f 622 632 631
f 623 624 633
f 623 633 632
f 624 625 634
f 624 634 633
f 625 626 635
f 625 635 634
f 626 627 636
f 626 636 635
f 627 628 637
f 627 637 636
f 628 629 638
f 628 638 637
f 629 630 639
f 629 639 638
f 631 632 641
f 631 641 640
f 632 633 642
f 632 642 641
f 633 634 643
f 633 643 642
f 634 635 644
f 634 644 643
f 635 636 645
f 635 645 644
f 636 637 646
f 636 646 645
f 637 638 647
f 637 647 646
f 638 639 648
f 638 648 647
f 649 650 659
f 649 659 658
f 650 651 660
f 650 660 659
f 651 652 661
f 651 661 660
f 652 653 662
f 652 662 661
f 653 654 663
f 653 663 662
f 654 655 664
f 654 664 663
f 655 656 665
f 655 665 664
f 656 657 666
f 656 666 665
f 658 659 668
f 658 668 667
f 659 660 669
f 659 669 668
f 660 661 670
f 660 670 669
f 661 662 671
f 661 671 670
f 662 663 672
f 662 672 671
f 663 664 673
f 663 673 672
f 664 665 674
f 664 674 673
f 665 666 675
f 665 675 674
f 667 668 677
f 667 677 676
f 668 669 678
f 668 678 677
f 669 670 679
f 669 679 678
f 670 671 680
f 670 680 679
f 671 672 681
f 671 681 680
f 672 673 682
f 672 682 681
f 673 674 683
f 673 683 682
f 674 675 684
f 674 684 683
f 676 677 686
f 676 686 685
f 677 678 687
f 677 687 686
f 678 679 688
f 678 688 687
f 679 680 689
f 679 689 688
f 680 681 690
f 680 690 689
f 681 682 691
f 681 691 690
f 682 683 692
f 682 692 691
f 683 684 693
f 683 693 692
f 685 686 695
f 685 695 694
f 686 687 696
f 686 696 695
f 687 688 697
f 687 697 696
f 688 689 698
f 688 698 697
f 689 690 699
f 689 699 698
f 690 691 700
f 690 700 699
f 691 692 701
f 691 701 700
f 692 693 702
f 692 702 701
f 694 695 704
f 694 704 703
f 695 696 705
f 695 705 704
f 696 697 706
f 696 706 705
f 697 698 707
f 697 707 706
f 698 699 708
f 698 708 707
f 699 700 709
f 699 709 708
f 700 701 710
f 700 710 709
f 701 702 711
f 701 711 710
f 703 704 713
f 703 713 712
f 704 705 714
f 704 714 713
f 705 706 715
f 705 715 714
f 706 707 716
f 706 716 715
f 707 708 717
f 707 717 716
f 708 709 718
f 708 718 717
f 709 710 719
f 709 719 718
f 710 711 720
f 710 720 719
f 712 713 722
f 712 722 721
f 713 714 723
f 713 723 722
f 714 715 724
f 714 724 723
f 715 716 725
f 715 725 724
f 716 717 726
f 716 726 725
f 717 718 727
f 717 727 726
f 718 719 728
f 718 728 727
f 719 720 729
f 719 729 728
f 730 731 740
f 730 740 739
f 731 732 741
f 731 741 740
f 732 733 742
f 732 742 741
f 733 734 743
f 733 743 742
f 734 735 744
f 734 744 743
f 735 736 745
f 735 745 744
f 736 737 746
f 736 746 745
f 737 738 747
f 737 747 746
f 739 740 749
f 739 749 748
f 740 741 750
f 740 750 749
f 741 742 751
f 741 751 750
f 742 743 752
f 742 752 751
f 743 744 753
f 743 753 752
f 744 745 754
f 744 754 753
f 745 746 755
f 745 755 754
f 746 747 756
f 746 756 755
f 748 749 758
f 748 758 757
f 749 750 759
f 749 759 758
f 750 751 760
f 750 760 759
f 751 752 761
f 751 761 760
f 752 753 762
f 752 762 761
f 753 754 763
f 753 763 762
f 754 755 764
f 754 764 763
f 755 756 765
f 755 765 764
f 757 758 767
f 757 767 766
f 758 759 768
f 758 768 767
f 759 760 769
f 759 769 768
f 760 761 770
f 760 770 769
f 761 762 771
f 761 771 770
f 762 763 772
f 762 772 771
f 763 764 773
f 763 773 772
f 764 765 774
f 764 774 773
f 766 767 776
f 766 776 775
f 767 768 777
f 767 777 776
f 768 769 778
f 768 778 777
f 769 770 779
f 769 779 778
f 770 771 780
f 770 780 779
f 771 772 781
f 771 781 780
f 772 773 782
f 772 782 781
f 773 774 783
f 773 783 782
f 775 776 785
f 775 785 784
f 776 777 786
f 776 786 785
f 777 778 787
f 777 787 786
f 778 779 788
f 778 788 787
f 779 780 789
f 779 789 788
f 780 781 790
f 780 790 789
f 781 782 791
f 781 791 790
f 782 783 792
f 782 792 791
f 784 785 794
f 784 794 793
f 785 786 795
f 785 795 794
f 786 787 796
f 786 796 795
f 787 788 797
f 787 797 796
f 788 789 798
f 788 798 797
f 789 790 799
f 789 799 798
f 790 791 800
f 790 800 799
f 791 792 801
f 791 801 800
f 793 794 803
f 793 803 802
f 794 795 804
f 794 804 803
f 795 796 805
f 795 805 804
f 796 797 806
f 796 806 805
f 797 798 807
f 797 807 806
f 798 799 808
f 798 808 807
f 799 800 809
f 799 809 808
f 800 801 810
f 800 810 809
f 811 812 821
f 811 821 820
f 812 813 822
f 812 822 821
f 813 814 823
f 813 823 822
f 814 815 824
f 814 824 823
f 815 816 825
f 815 825 824
f 816 817 826
f 816 826 825
f 817 818 827
f 817 827 826
f 818 819 828
f 818 828 827
f 820 821 830
f 820 830 829
f 821 822 831
f 821 831 830
f 822 823 832
f 822 832 831
f 823 824 833
f 823 833 832
f 824 825 834
f 824 834 833
f 825 826 835
f 825 835 834
f 826 827 836
f 826 836 835
f 827 828 837
f 827 837 836
f 829 830 839
f 829 839 838
f 830 831 840
f 830 840 839
f 831 832 841
f 831 841 840
f 832 833 842
f 832 842 841
f 833 834 843
f 833 843 842
f 834 835 844
f 834 844 843
f 835 836 845
f 835 845 844
f 836 837 846
f 836 846 845
f 838 839 848
f 838 848 847
f 839 840 849
f 839 849 848
f 840 841 850
f 840 850 849
f 841 842 851
f 841 851 850
f 842 843 852
f 842 852 851
f 843 844 853
f 843 853 852
f 844 845 854
f 844 854 853
f 845 846 855
f 845 855 854
f 847 848 857
f 847 857 856
f 848 849 858
f 848 858 857
f 849 850 859
f 849 859 858
f 850 851 860
f 850 860 859
f 851 852 861
f 851 861 860
f 852 853 862
f 852 862 861
f 853 854 863
f 853 863 862
f 854 855 864
f 854 864 863
f 856 857 866
f 856 866 865
f 857 858 867
f 857 867 866
f 858 859 868
f 858 868 867
f 859 860 869
f 859 869 868
f 860 861 870
f 860 870 869
f 861 862 871
f 861 871 870
f 862 863 872
f 862 872 871
f 863 864 873
f 863 873 872
f 865 866 875
f 865 875 874
f 866 867 876
f 866 876 875
f 867 868 877
f 867 877 876
f 868 869 878
f 868 878 877
f 869 870 879
f 869 879 878
f 870 871 880
f 870 880 879
f 871 872 881
f 871 881 880
f 872 873 882
f 872 882 881
f 874 875 884
f 874 884 883
f 875 876 885
f 875 885 884
f 876 877 886
f 876 886 885
f 877 878 887
f 877 887 886
f 878 879 888
f 878 888 887
f 879 880 889
f 879 889 888
f 880 881 890
f 880 890 889
f 881 882 891
f 881 891 890
f 892 893 902
f 892 902 901
f 893 894 903
f 893 903 902
f 894 895 904
f 894 904 903
f 895 896 905
f 895 905 904
f 896 897 906
f 896 906 905
f 897 898 907
f 897 907 906
f 898 899 908
f 898 908 907
f 899 900 909
f 899 909 908
f 901 902 911
f 901 911 910
f 902 903 912
f 902 912 911
f 903 904 913
f 903 913 912
f 904 905 914
f 904 914 913
f 905 906 915
f 905 915 914
f 906 907 916
f 906 916 915
f 907 908 917
f 907 917 916
f 908 909 918
f 908 918 917
f 910 911 920
f 910 920 919
f 911 912 921
f 911 921 920
f 912 913 922
f 912 922 921
f 913 914 923
f 913 923 922
f 914 915 924
f 914 924 923
f 915 916 925
f 915 925 924
f 916 917 926
f 916 926 925
f 917 918 927
f 917 927 926
f 919 920 929
f 919 929 928
f 920 921 930
f 920 930 929
f 921 922 931
f 921 931 930
f 922 923 932
f 922 932 931
f 923 924 933
f 923 933 932
f 924 925 934
f 924 934 933
f 925 926 935
f 925 935 934
f 926 927 936
f 926 936 935
f 928 929 938
f 928 938 937
f 929 930 939
f 929 939 938
f 930 931 940
f 930 940 939
f 931 932 941
f 931 941 940
f 932 933 942
f 932 942 941
f 933 934 943
f 933 943 942
f 934 935 944
f 934 944 943
f 935 936 945
f 935 945 944
f 937 938 947
f 937 947 946
f 938 939 948
f 938 948 947
f 939 940 949
f 939 949 948
f 940 941 950
f 940 950 949
f 941 942 951
f 941 951 950
f 942 943 952
f 942 952 951
f 943 944 953
f 943 953 952
f 944 945 954
f 944 954 953
f 946 947 956
f 946 956 955
f 947 948 957
f 947 957 956
f 948 949 958
f 948 958 957
f 949 950 959
f 949 959 958
f 950 951 960
f 950 960 959
f 951 952 961
f 951 961 960
f 952 953 962
f 952 962 961
f 953 954 963
f 953 963 962
f 955 956 965
f 955 965 964
f 956 957 966
f 956 966 965
f 957 958 967
f 957 967 966
f 958 959 968
f 958 968 967
f 959 960 969
f 959 969 968
f 960 961 970
f 960 970 969
f 961 962 971
f 961 971 970
f 962 963 972
f 962 972 971
g 바닥_2
v -6.0000 -0.1000 3.0000
v -6.0000 -0.0750 3.0000
v -6.0000 -0.0500 3.0000
v -6.0000 -0.0250 3.0000
v -6.0000 0.0000 3.0000
v -6.0000 0.0250 3.0000
v -6.0000 0.0500 3.0000
v -6.0000 0.0750 3.0000
v -6.0000 0.1000 3.0000
v -5.6250 -0.1000 3.0000
v -5.6250 -0.0750 3.0000
v -5.6250 -0.0500 3.0000
v -5.6250 -0.0250 3.0000
v -5.6250 0.0000 3.0000
v -5.6250 0.0250 3.0000
v -5.6250 0.0500 3.0000
v -5.6250 0.0750 3.0000
v -5.6250 0.1000 3.0000
v -5.2500 -0.1000 3.0000
v -5.2500 -0.0750 3.0000
v -5.2500 -0.0500 3.0000
v -5.2500 -0.0250 3.0000
v -5.2500 0.0000 3.0000
v -5.2500 0.0250 3.0000
v -5.2500 0.0500 3.0000
v -5.2500 0.0750 3.0000
v -5.2500 0.1000 3.0000
v -4.8750 -0.1000 3.0000
v -4.8750 -0.0750 3.0000
v -4.8750 -0.0500 3.0000
v -4.8750 -0.0250 3.0000
v -4.8750 0.0000 3.0000
v -4.8750 0.0250 3.0000
v -4.8750 0.0500 3.0000
v -4.8750 0.0750 3.0000
v -4.8750 0.1000 3.0000
v -4.5000 -0.1000 3.0000
v -4.5000 -0.0750 3.0000
v -4.5000 -0.0500 3.0000
v -4.5000 -0.0250 3.0000
v -4.5000 0.0000 3.0000
v -4.5000 0.0250 3.0000
v -4.5000 0.0500 3.0000
v -4.5000 0.0750 3.0000
v -4.5000 0.1000 3.0000
v -4.1250 -0.1000 3.0000
v -4.1250 -0.0750 3.0000
v -4.1250 -0.0500 3.0000
v -4.1250 -0.0250 3.0000
v -4.1250 0.0000 3.0000
v -4.1250 0.0250 3.0000
v -4.1250 0.0500 3.0000
v -4.1250 0.0750 3.0000
v -4.1250 0.1000 3.0000
v -3.7500 -0.1000 3.0000
v -3.7500 -0.0750 3.0000
v -3.7500 -0.0500 3.0000
v -3.7500 -0.0250 3.0000
v -3.7500 0.0000 3.0000
v -3.7500 0.0250 3.0000
v -3.7500 0.0500 3.0000
v -3.7500 0.0750 3.0000
v -3.7500 0.1000 3.0000
v -3.3750 -0.1000 3.0000
v -3.3750 -0.0750 3.0000
v -3.3750 -0.0500 3.0000
v -3.3750 -0.0250 3.0000
v -3.3750 0.0000 3.0000
v -3.3750 0.0250 3.0000
v -3.3750 0.0500 3.0000
v -3.3750 0.0750 3.0000
v -3.3750 0.1000 3.0000
v -3.0000 -0.1000 3.0000
v -3.0000 -0.0750 3.0000
v -3.0000 -0.0500 3.0000
v -3.0000 -0.0250 3.0000
v -3.0000 0.0000 3.0000
v -3.0000 0.0250 3.0000
v -3.0000 0.0500 3.0000
v -3.0000 0.0750 3.0000
v -3.0000 0.1000 3.0000
v -3.0000 -0.1000 0.0000
v -3.0000 -0.0750 0.0000
v -3.0000 -0.0500 0.0000
v -3.0000 -0.0250 0.0000
v -3.0000 0.0000 0.0000
v -3.0000 0.0250 0.0000
v -3.0000 0.0500 0.0000
v -3.0000 0.0750 0.0000
v -3.0000 0.1000 0.0000
v -3.3750 -0.1000 0.0000
v -3.3750 -0.0750 0.0000
v -3.3750 -0.0500 0.0000
v -3.3750 -0.0250 0.0000
v -3.3750 0.0000 0.0000
v -3.3750 0.0250 0.0000
v -3.3750 0.0500 0.0000
v -3.3750 0.0750 0.0000
v -3.3750 0.1000 0.0000
v -3.7500 -0.1000 0.0000
v -3.7500 -0.0750 0.0000
v -3.7500 -0.0500 0.0000
v -3.7500 -0.0250 0.0000
v -3.7500 0.0000 0.0000
v -3.7500 0.0250 0.0000
v -3.7500 0.0500 0.0000
v -3.7500 0.0750 0.0000
v -3.7500 0.1000 0.0000
v -4.1250 -0.1000 0.0000
v -4.1250 -0.0750 0.0000
v -4.1250 -0.0500 0.0000
v -4.1250 -0.0250 0.0000
v -4.1250 0.0000 0.0000
v -4.1250 0.0250 0.0000
v -4.1250 0.0500 0.0000
v -4.1250 0.0750 0.0000
v -4.1250 0.1000 0.0000
v -4.5000 -0.1000 0.0000
v -4.5000 -0.0750 0.0000
v -4.5000 -0.0500 0.0000
v -4.5000 -0.0250 0.0000
v -4.5000 0.0000 0.0000
v -4.5000 0.0250 0.0000
v -4.5000 0.0500 0.0000
v -4.5000 0.0750 0.0000
v -4.5000 0.1000 0.0000
v -4.8750 -0.1000 0.0000
v -4.8750 -0.0750 0.0000
v -4.8750 -0.0500 0.0000
v -4.8750 -0.0250 0.0000
v -4.8750 0.0000 0.0000
v -4.8750 0.0250 0.0000
v -4.8750 0.0500 0.0000
v -4.8750 0.0750 0.0000
v -4.8750 0.1000 0.0000
v -5.2500 -0.1000 0.0000
v -5.2500 -0.0750 0.0000
v -5.2500 -0.0500 0.0000
v -5.2500 -0.0250 0.0000
v -5.2500 0.0000 0.0000
v -5.2500 0.0250 0.0000
v -5.2500 0.0500 0.0000
v -5.2500 0.0750 0.0000
v -5.2500 0.1000 0.0000
v -5.6250 -0.1000 0.0000
v -5.6250 -0.0750 0.0000
v -5.6250 -0.0500 0.0000
v -5.6250 -0.0250 0.0000
v -5.6250 0.0000 0.0000
v -5.6250 0.0250 0.0000
v -5.6250 0.0500 0.0000
v -5.6250 0.0750 0.0000
v -5.6250 0.1000 0.0000
v -6.0000 -0.1000 0.0000
v -6.0000 -0.0750 0.0000
v -6.0000 -0.0500 0.0000
v -6.0000 -0.0250 0.0000
v -6.0000 0.0000 0.0000
v -6.0000 0.0250 0.0000
v -6.0000 0.0500 0.0000
v -6.0000 0.0750 0.0000
v -6.0000 0.1000 0.0000
v -6.0000 -0.1000 0.0000
v -6.0000 -0.0750 0.0000
v -6.0000 -0.0500 0.0000
v -6.0000 -0.0250 0.0000
v -6.0000 0.0000 0.0000
v -6.0000 0.0250 0.0000
v -6.0000 0.0500 0.0000
v -6.0000 0.0750 0.0000
v -6.0000 0.1000 0.0000
v -6.0000 -0.1000 0.3750
v -6.0000 -0.0750 0.3750
v -6.0000 -0.0500 0.3750
v -6.0000 -0.0250 0.3750
v -6.0000 0.0000 0.3750
v -6.0000 0.0250 0.3750
v -6.0000 0.0500 0.3750
v -6.0000 0.0750 0.3750
v -6.0000 0.1000 0.3750
v -6.0000 -0.1000 0.7500
v -6.0000 -0.0750 0.7500
v -6.0000 -0.0500 0.7500
v -6.0000 -0.0250 0.7500
v -6.0000 0.0000 0.7500
v -6.0000 0.0250 0.7500
v -6.0000 0.0500 0.7500
v -6.0000 0.0750 0.7500
v -6.0000 0.1000 0.7500
v -6.0000 -0.1000 1.1250
v -6.0000 -0.0750 1.1250
v -6.0000 -0.0500 1.1250
v -6.0000 -0.0250 1.1250
v -6.0000 0.0000 1.1250
v -6.0000 0.0250 1.1250
v -6.0000 0.0500 1.1250
v -6.0000 0.0750 1.1250
v -6.0000 0.1000 1.1250
v -6.0000 -0.1000 1.5000
v -6.0000 -0.0750 1.5000
v -6.0000 -0.0500 1.5000
v -6.0000 -0.0250 1.5000
v -6.0000 0.0000 1.5000
v -6.0000 0.0250 1.5000
v -6.0000 0.0500 1.5000
v -6.0000 0.0750 1.5000
v -6.0000 0.1000 1.5000
v -6.0000 -0.1000 1.8750
v -6.0000 -0.0750 1.8750
v -6.0000 -0.0500 1.8750
v -6.0000 -0.0250 1.8750
v -6.0000 0.0000 1.8750
v -6.0000 0.0250 1.8750
v -6.0000 0.0500 1.8750
v -6.0000 0.0750 1.8750
v -6.0000 0.1000 1.8750
v -6.0000 -0.1000 2.2500
v -6.0000 -0.0750 2.2500
v -6.0000 -0.0500 2.2500
v -6.0000 -0.0250 2.2500
v -6.0000 0.0000 2.2500
v -6.0000 0.0250 2.2500
v -6.0000 0.0500 2.2500
v -6.0000 0.0750 2.2500
v -6.0000 0.1000 2.2500
v -6.0000 -0.1000 2.6250
v -6.0000 -0.0750 2.6250
v -6.0000 -0.0500 2.6250
v -6.0000 -0.0250 2.6250
v -6.0000 0.0000 2.6250
v -6.0000 0.0250 2.6250
v -6.0000 0.0500 2.6250
v -6.0000 0.0750 2.6250
v -6.0000 0.1000 2.6250
v -6.0000 -0.1000 3.0000
v -6.0000 -0.0750 3.0000
v -6.0000 -0.0500 3.0000
v -6.0000 -0.0250 3.0000
v -6.0000 0.0000 3.0000
v -6.0000 0.0250 3.0000
v -6.0000 0.0500 3.0000
v -6.0000 0.0750 3.0000
v -6.0000 0.1000 3.0000
v -3.0000 -0.1000 3.0000
v -3.0000 -0.0750 3.0000
v -3.0000 -0.0500 3.0000
v -3.0000 -0.0250 3.0000
v -3.0000 0.0000 3.0000
v -3.0000 0.0250 3.0000
v -3.0000 0.0500 3.0000
v -3.0000 0.0750 3.0000
v -3.0000 0.1000 3.0000
v -3.0000 -0.1000 2.6250
v -3.0000 -0.0750 2.6250
v -3.0000 -0.0500 2.6250
v -3.0000 -0.0250 2.6250
v -3.0000 0.0000 2.6250
v -3.0000 0.0250 2.6250
v -3.0000 0.0500 2.6250
v -3.0000 0.0750 2.6250
v -3.0000 0.1000 2.6250
v -3.0000 -0.1000 2.2500
v -3.0000 -0.0750 2.2500
v -3.0000 -0.0500 2.2500
v -3.0000 -0.0250 2.2500
v -3.0000 0.0000 2.2500
v -3.0000 0.0250 2.2500
v -3.0000 0.0500 2.2500
v -3.0000 0.0750 2.2500
v -3.0000 0.1000 2.2500
v -3.0000 -0.1000 1.8750
v -3.0000 -0.0750 1.8750
v -3.0000 -0.0500 1.8750
v -3.0000 -0.0250 1.8750
v -3.0000 0.0000 1.8750
v -3.0000 0.0250 1.8750
v -3.0000 0.0500 1.8750
v -3.0000 0.0750 1.8750
v -3.0000 0.1000 1.8750
v -3.0000 -0.1000 1.5000
v -3.0000 -0.0750 1.5000
v -3.0000 -0.0500 1.5000
v -3.0000 -0.0250 1.5000
v -3.0000 0.0000 1.5000
v -3.0000 0.0250 1.5000
v -3.0000 0.0500 1.5000
v -3.0000 0.0750 1.5000
v -3.0000 0.1000 1.5000
v -3.0000 -0.1000 1.1250
v -3.0000 -0.0750 1.1250
v -3.0000 -0.0500 1.1250
v -3.0000 -0.0250 1.1250
v -3.0000 0.0000 1.1250
v -3.0000 0.0250 1.1250
v -3.0000 0.0500 1.1250
v -3.0000 0.0750 1.1250
v -3.0000 0.1000 1.1250
v -3.0000 -0.1000 0.7500
v -3.0000 -0.0750 0.7500
v -3.0000 -0.0500 0.7500
v -3.0000 -0.0250 0.7500
v -3.0000 0.0000 0.7500
v -3.0000 0.0250 0.7500
v -3.0000 0.0500 0.7500
v -3.0000 0.0750 0.7500
v -3.0000 0.1000 0.7500
v -3.0000 -0.1000 0.3750
v -3.0000 -0.0750 0.3750
v -3.0000 -0.0500 0.3750
v -3.0000 -0.0250 0.3750
v -3.0000 0.0000 0.3750
v -3.0000 0.0250 0.3750
v -3.0000 0.0500 0.3750
v -3.0000 0.0750 0.3750
v -3.0000 0.1000 0.3750
v -3.0000 -0.1000 0.0000
v -3.0000 -0.0750 0.0000
v -3.0000 -0.0500 0.0000
v -3.0000 -0.0250 0.0000
v -3.0000 0.0000 0.0000
v -3.0000 0.0250 0.0000
v -3.0000 0.0500 0.0000
v -3.0000 0.0750 0.0000
v -3.0000 0.1000 0.0000
v -6.0000 0.1000 0.0000
v -6.0000 0.1000 0.3750
v -6.0000 0.1000 0.7500
v -6.0000 0.1000 1.1250
v -6.0000 0.1000 1.5000
v -6.0000 0.1000 1.8750
v -6.0000 0.1000 2.2500
v -6.0000 0.1000 2.6250
v -6.0000 0.1000 3.0000
v -5.6250 0.1000 0.0000
v -5.6250 0.1000 0.3750
v -5.6250 0.1000 0.7500
v -5.6250 0.1000 1.1250
v -5.6250 0.1000 1.5000
v -5.6250 0.1000 1.8750
v -5.6250 0.1000 2.2500
v -5.6250 0.1000 2.6250
v -5.6250 0.1000 3.0000
v -5.2500 0.1000 0.0000
v -5.2500 0.1000 0.3750
v -5.2500 0.1000 0.7500
v -5.2500 0.1000 1.1250
v -5.2500 0.1000 1.5000
v -5.2500 0.1000 1.8750
v -5.2500 0.1000 2.2500
v -5.2500 0.1000 2.6250
v -5.2500 0.1000 3.0000
v -4.8750 0.1000 0.0000
v -4.8750 0.1000 0.3750
v -4.8750 0.1000 0.7500
v -4.8750 0.1000 1.1250
v -4.8750 0.1000 1.5000
v -4.8750 0.1000 1.8750
v -4.8750 0.1000 2.2500
v -4.8750 0.1000 2.6250
v -4.8750 0.1000 3.0000
v -4.5000 0.1000 0.0000
v -4.5000 0.1000 0.3750
v -4.5000 0.1000 0.7500
v -4.5000 0.1000 1.1250
v -4.5000 0.1000 1.5000
v -4.5000 0.1000 1.8750
v -4.5000 0.1000 2.2500
v -4.5000 0.1000 2.6250
v -4.5000 0.1000 3.0000
v -4.1250 0.1000 0.0000
v -4.1250 0.1000 0.3750
v -4.1250 0.1000 0.7500
v -4.1250 0.1000 1.1250
v -4.1250 0.1000 1.5000
v -4.1250 0.1000 1.8750
v -4.1250 0.1000 2.2500
v -4.1250 0.1000 2.6250
v -4.1250 0.1000 3.0000
v -3.7500 0.1000 0.0000
v -3.7500 0.1000 0.3750
v -3.7500 0.1000 0.7500
v -3.7500 0.1000 1.1250
v -3.7500 0.1000 1.5000
v -3.7500 0.1000 1.8750
v -3.7500 0.1000 2.2500
v -3.7500 0.1000 2.6250
v -3.7500 0.1000 3.0000
v -3.3750 0.1000 0.0000
v -3.3750 0.1000 0.3750
v -3.3750 0.1000 0.7500
v -3.3750 0.1000 1.1250
v -3.3750 0.1000 1.5000
v -3.3750 0.1000 1.8750
v -3.3750 0.1000 2.2500
v -3.3750 0.1000 2.6250
v -3.3750 0.1000 3.0000
v -3.0000 0.1000 0.0000
v -3.0000 0.1000 0.3750
v -3.0000 0.1000 0.7500
v -3.0000 0.1000 1.1250
v -3.0000 0.1000 1.5000
v -3.0000 0.1000 1.8750
v -3.0000 0.1000 2.2500
v -3.0000 0.1000 2.6250
v -3.0000 0.1000 3.0000
v -6.0000 -0.1000 3.0000
v -6.0000 -0.1000 2.6250
v -6.0000 -0.1000 2.2500
v -6.0000 -0.1000 1.8750
v -6.0000 -0.1000 1.5000
v -6.0000 -0.1000 1.1250
v -6.0000 -0.1000 0.7500
v -6.0000 -0.1000 0.3750
v -6.0000 -0.1000 0.0000
v -5.6250 -0.1000 3.0000
v -5.6250 -0.1000 2.6250
v -5.6250 -0.1000 2.2500
v -5.6250 -0.1000 1.8750
v -5.6250 -0.1000 1.5000
v -5.6250 -0.1000 1.1250
v -5.6250 -0.1000 0.7500
v -5.6250 -0.1000 0.3750
v -5.6250 -0.1000 0.0000
v -5.2500 -0.1000 3.0000
v -5.2500 -0.1000 2.6250
v -5.2500 -0.1000 2.2500
v -5.2500 -0.1000 1.8750
v -5.2500 -0.1000 1.5000
v -5.2500 -0.1000 1.1250
v -5.2500 -0.1000 0.7500
v -5.2500 -0.1000 0.3750
v -5.2500 -0.1000 0.0000
v -4.8750 -0.1000 3.0000
v -4.8750 -0.1000 2.6250
v -4.8750 -0.1000 2.2500
v -4.8750 -0.1000 1.8750
v -4.8750 -0.1000 1.5000
v -4.8750 -0.1000 1.1250
v -4.8750 -0.1000 0.7500
v -4.8750 -0.1000 0.3750
v -4.8750 -0.1000 0.0000
v -4.5000 -0.1000 3.0000
v -4.5000 -0.1000 2.6250
v -4.5000 -0.1000 2.2500
v -4.5000 -0.1000 1.8750
v -4.5000 -0.1000 1.5000
v -4.5000 -0.1000 1.1250
v -4.5000 -0.1000 0.7500
v -4.5000 -0.1000 0.3750
v -4.5000 -0.1000 0.0000
v -4.1250 -0.1000 3.0000
v -4.1250 -0.1000 2.6250
v -4.1250 -0.1000 2.2500
v -4.1250 -0.1000 1.8750
v -4.1250 -0.1000 1.5000
v -4.1250 -0.1000 1.1250
v -4.1250 -0.1000 0.7500
v -4.1250 -0.1000 0.3750
v -4.1250 -0.1000 0.0000
v -3.7500 -0.1000 3.0000
v -3.7500 -0.1000 2.6250
v -3.7500 -0.1000 2.2500
v -3.7500 -0.1000 1.8750
v -3.7500 -0.1000 1.5000
v -3.7500 -0.1000 1.1250
v -3.7500 -0.1000 0.7500
v -3.7500 -0.1000 0.3750
v -3.7500 -0.1000 0.0000
v -3.3750 -0.1000 3.0000
v -3.3750 -0.1000 2.6250
v -3.3750 -0.1000 2.2500
v -3.3750 -0.1000 1.8750
v -3.3750 -0.1000 1.5000
v -3.3750 -0.1000 1.1250
v -3.3750 -0.1000 0.7500
v -3.3750 -0.1000 0.3750
v -3.3750 -0.1000 0.0000
v -3.0000 -0.1000 3.0000
v -3.0000 -0.1000 2.6250
v -3.0000 -0.1000 2.2500
v -3.0000 -0.1000 1.8750
v -3.0000 -0.1000 1.5000
v -3.0000 -0.1000 1.1250
v -3.0000 -0.1000 0.7500
v -3.0000 -0.1000 0.3750
v -3.0000 -0.1000 0.0000
f 973 974 983
f 973 983 982
f 974 975 984
f 974 984 983
f 975 976 985
f 975 985 984
f 976 977 986
f 976 986 985
f 977 978 987
f 977 987 986
f 978 979 988
f 978 988 987
f 979 980 989
f 979 989 988
f 980 981 990
f 980 990 989
f 982 983 992
f 982 992 991
f 983 984 993
f 983 993 992
f 984 985 994
f 984 994 993
f 985 986 995
f 985 995 994
f 986 987 996
f 986 996 995
f 987 988 997
f 987 997 996
f 988 989 998
f 988 998 997
f 989 990 999
f 989 999 998
f 991 992 1001
f 991 1001 1000
f 992 993 1002
f 992 1002 1001
f 993 994 1003
f 993 1003 1002
f 994 995 1004
f 994 1004 1003
f 995 996 1005
f 995 1005 1004
f 996 997 1006
f 996 1006 1005
f 997 998 1007
f 997 1007 1006
f 998 999 1008
f 998 1008 1007
f 1000 1001 1010
f 1000 1010 1009
f 1001 1002 1011
f 1001 1011 1010
f 1002 1003 1012
f 1002 1012 1011
f 1003 1004 1013
f 1003 1013 1012
f 1004 1005 1014
f 1004 1014 1013
f 1005 1006 1015
f 1005 1015 1014
f 1006 1007 1016
f 1006 1016 1015
f 1007 1008 1017
f 1007 1017 1016
f 1009 1010 1019
f 1009 1019 1018
f 1010 1011 1020
f 1010 1020 1019
f 1011 1012 1021
f 1011 1021 1020
f 1012 1013 1022
f 1012 1022 1021
f 1013 1014 1023
f 1013 1023 1022
f 1014 1015 1024
f 1014 1024 1023
f 1015 1016 1025
f 1015 1025 1024
f 1016 1017 1026
f 1016 1026 1025
f 1018 1019 1028
f 1018 1028 1027
f 1019 1020 1029
f 1019 1029 1028
f 1020 1021 1030
f 1020 1030 1029
f 1021 1022 1031
f 1021 1031 1030
f 1022 1023 1032
f 1022 1032 1031
f 1023 1024 1033
f 1023 1033 1032
f 1024 1025 1034
f 1024 1034 1033
f 1025 1026 1035
f 1025 1035 1034
f 1027 1028 1037
f 1027 1037 1036
f 1028 1029 1038
f 1028 1038 1037
f 1029 1030 1039
f 1029 1039 1038
f 1030 1031 1040
f 1030 1040 1039
f 1031 1032 1041
f 1031 1041 1040
f 1032 1033 1042
f 1032 1042 1041
f 1033 1034 1043
f 1033 1043 1042
f 1034 1035 1044
f 1034 1044 1043
f 1036 1037 1046
f 1036 1046 1045
f 1037 1038 1047
f 1037 1047 1046
f 1038 1039 1048
f 1038 1048 1047
f 1039 1040 1049
f 1039 1049 1048
f 1040 1041 1050
f 1040 1050 1049
f 1041 1042 1051
f 1041 1051 1050
f 1042 1043 1052
f 1042 1052 1051
f 1043 1044 1053
f 1043 1053 1052
f 1054 1055 1064
f 1054 1064 1063
f 1055 1056 1065
f 1055 1065 1064
f 1056 1057 1066
f 1056 1066 1065
f 1057 1058 1067
f 1057 1067 1066
f 1058 1059 1068
f 1058 1068 1067
f 1059 1060 1069
f 1059 1069 1068
f 1060 1061 1070
f 1060 1070 1069
f 1061 1062 1071
f 1061 1071 1070
f 1063 1064 1073
f 1063 1073 1072
f 1064 1065 1074
f 1064 1074 1073
f 1065 1066 1075
f 1065 1075 1074
f 1066 1067 1076
f 1066 1076 1075
f 1067 1068 1077
f 1067 1077 1076
f 1068 1069 1078
f 1068 1078 1077
f 1069 1070 1079
f 1069 1079 1078
f 1070 1071 1080
f 1070 1080 1079
f 1072 1073 1082
f 1072 1082 1081
f 1073 1074 1083
f 1073 1083 1082
f 1074 1075 1084
f 1074 1084 1083
f 1075 1076 1085
f 1075 1085 1084
f 1076 1077 1086
f 1076 1086 1085
f 1077 1078 1087
f 1077 1087 1086
f 1078 1079 1088
f 1078 1088 1087
f 1079 1080 1089
f 1079 1089 1088
f 1081 1082 1091
f 1081 1091 1090
f 1082 1083 1092
f 1082 1092 1091
f 1083 1084 1093
f 1083 1093 1092
f 1084 1085 1094
f 1084 1094 1093
f 1085 1086 1095
f 1085 1095 1094
f 1086 1087 1096
f 1086 1096 1095
f 1087 1088 1097
f 1087 1097 1096
f 1088 1089 1098
f 1088 1098 1097
f 1090 1091 1100
f 1090 1100 1099
f 1091 1092 1101
f 1091 1101 1100
f 1092 1093 1102
f 1092 1102 1101
f 1093 1094 1103
f 1093 1103 1102
f 1094 1095 1104
f 1094 1104 1103
f 1095 1096 1105
f 1095 1105 1104
f 1096 1097 1106
f 1096 1106 1105
f 1097 1098 1107
f 1097 1107 1106
f 1099 1100 1109
f 1099 1109 1108
f 1100 1101 1110
f 1100 1110 1109
f 1101 1102 1111
f 1101 1111 1110
f 1102 1103 1112
f 1102 1112 1111
f 1103 1104 1113
f 1103 1113 1112
f 1104 1105 1114
f 1104 1114 1113
f 1105 1106 1115
f 1105 1115 1114
f 1106 1107 1116
f 1106 1116 1115
f 1108 1109 1118
f 1108 1118 1117
f 1109 1110 1119
f 1109 1119 1118
f 1110 1111 1120
f 1110 1120 1119
f 1111 1112 1121
f 1111 1121 1120
f 1112 1113 1122
f 1112 1122 1121
f 1113 1114 1123
f 1113 1123 1122
f 1114 1115 1124
f 1114 1124 1123
f 1115 1116 1125
f 1115 1125 1124
f 1117 1118 1127
f 1117 1127 1126
f 1118 1119 1128
f 1118 1128 1127
f 1119 1120 1129
f 1119 1129 1128
f 1120 1121 1130
f 1120 1130 1129
f 1121 1122 1131
f 1121 1131 1130
f 1122 1123 1132
f 1122 1132 1131
f 1123 1124 1133
f 1123 1133 1132
f 1124 1125 1134
f 1124 1134 1133
f 1135 1136 1145
f 1135 1145 1144
f 1136 1137 1146
f 1136 1146 1145
f 1137 1138 1147
f 1137 1147 1146
f 1138 1139 1148
f 1138 1148 1147
f 1139 1140 1149
f 1139 1149 1148
f 1140 1141 1150
f 1140 1150 1149
f 1141 1142 1151
f 1141 1151 1150
f 1142 1143 1152
f 1142 1152 1151
f 1144 1145 1154
f 1144 1154 1153
f 1145 1146 1155
f 1145 1155 1154
f 1146 1147 1156
f 1146 1156 1155
f 1147 1148 1157
f 1147 1157 1156
f 1148 1149 1158
f 1148 1158 1157
f 1149 1150 1159
f 1149 1159 1158
f 1150 1151 1160
f 1150 1160 1159
f 1151 1152 1161
f 1151 1161 1160
f 1153 1154 1163
f 1153 1163 1162
f 1154 1155 1164
f 1154 1164 1163
f 1155 1156 1165
f 1155 1165 1164
f 1156 1157 1166
f 1156 1166 1165
f 1157 1158 1167
f 1157 1167 1166
f 1158 1159 1168
f 1158 1168 1167
f 1159 1160 1169
f 1159 1169 1168
f 1160 1161 1170
f 1160 1170 1169
f 1162 1163 1172
f 1162 1172 1171
f 1163 1164 1173
f 1163 1173 1172
f 1164 1165 1174
f 1164 1174 1173
f 1165 1166 1175
f 1165 1175 1174
f 1166 1167 1176
f 1166 1176 1175
f 1167 1168 1177
f 1167 1177 1176
f 1168 1169 1178
f 1168 1178 1177
f 1169 1170 1179
f 1169 1179 1178
f 1171 1172 1181
f 1171 1181 1180
f 1172 1173 1182
f 1172 1182 1181
f 1173 1174 1183
f 1173 1183 1182
f 1174 1175 1184
f 1174 1184 1183
f 1175 1176 1185
f 1175 1185 1184
f 1176 1177 1186
f 1176 1186 1185
f 1177 1178 1187
f 1177 1187 1186
f 1178 1179 1188
f 1178 1188 1187
f 1180 1181 1190
f 1180 1190 1189
f 1181 1182 1191
f 1181 1191 1190
f 1182 1183 1192
f 1182 1192 1191
f 1183 1184 1193
f 1183 1193 1192
f 1184 1185 1194
f 1184 1194 1193
f 1185 1186 1195
f 1185 1195 1194
f 1186 1187 1196
f 1186 1196 1195
f 1187 1188 1197
f 1187 1197 1196
f 1189 1190 1199
f 1189 1199 1198
f 1190 1191 1200
f 1190 1200 1199
f 1191 1192 1201
f 1191 1201 1200
f 1192 1193 1202
f 1192 1202 1201
f 1193 1194 1203
f 1193 1203 1202
f 1194 1195 1204
f 1194 1204 1203
f 1195 1196 1205
f 1195 1205 1204
f 1196 1197 1206
f 1196 1206 1205
f 1198 1199 1208
f 1198 1208 1207
f 1199 1200 1209
f 1199 1209 1208
f 1200 1201 1210
f 1200 1210 1209
f 1201 1202 1211
f 1201 1211 1210
f 1202 1203 1212
f 1202 1212 1211
f 1203 1204 1213
f 1203 1213 1212
f 1204 1205 1214
f 1204 1214 1213
f 1205 1206 1215
f 1205 1215 1214
f 1216 1217 1226
f 1216 1226 1225
f 1217 1218 1227
f 1217 1227 1226
f 1218 1219 1228
f 1218 1228 1227
f 1219 1220 1229
f 1219 1229 1228
f 1220 1221 1230
f 1220 1230 1229
f 1221 1222 1231
f 1221 1231 1230
f 1222 1223 1232
f 1222 1232 1231
f 1223 1224 1233
f 1223 1233 1232
f 1225 1226 1235
f 1225 1235 1234
f 1226 1227 1236
f 1226 1236 1235
f 1227 1228 1237
f 1227 1237 1236
f 1228 1229 1238
f 1228 1238 1237
f 1229 1230 1239
f 1229 1239 1238
f 1230 1231 1240
f 1230 1240 1239
f 1231 1232 1241
f 1231 1241 1240
f 1232 1233 1242
f 1232 1242 1241
f 1234 1235 1244
f 1234 1244 1243
f 1235 1236 1245
f 1235 1245 1244
f 1236 1237 1246
f 1236 1246 1245
f 1237 1238 1247
f 1237 1247 1246
f 1238 1239 1248
f 1238 1248 1247
f 1239 1240 1249
f 1239 1249 1248
f 1240 1241 1250
f 1240 1250 1249
f 1241 1242 1251
f 1241 1251 1250
f 1243 1244 1253
f 1243 1253 1252
f 1244 1245 1254
f 1244 1254 1253
f 1245 1246 1255
f 1245 1255 1254
f 1246 1247 1256
f 1246 1256 1255
f 1247 1248 1257
f 1247 1257 1256
f 1248 1249 1258
f 1248 1258 1257
f 1249 1250 1259
f 1249 1259 1258
f 1250 1251 1260
f 1250 1260 1259
f 1252 1253 1262
f 1252 1262 1261
f 1253 1254 1263
f 1253 1263 1262
f 1254 1255 1264
f 1254 1264 1263
f 1255 1256 1265
f 1255 1265 1264
f 1256 1257 1266
f 1256 1266 1265
f 1257 1258 1267
f 1257 1267 1266
f 1258 1259 1268
f 1258 1268 1267
f 1259 1260 1269
f 1259 1269 1268
f 1261 1262 1271
f 1261 1271 1270
f 1262 1263 1272
f 1262 1272 1271
f 1263 1264 1273
f 1263 1273 1272
f 1264 1265 1274
f 1264 1274 1273
f 1265 1266 1275
f 1265 1275 1274
f 1266 1267 1276
f 1266 1276 1275
f 1267 1268 1277
f 1267 1277 1276
f 1268 1269 1278
f 1268 1278 1277
f 1270 1271 1280
f 1270 1280 1279
f 1271 1272 1281
f 1271 1281 1280
f 1272 1273 1282
f 1272 1282 1281
f 1273 1274 1283
f 1273 1283 1282
f 1274 1275 1284
f 1274 1284 1283
f 1275 1276 1285
f 1275 1285 1284
f 1276 1277 1286
f 1276 1286 1285
f 1277 1278 1287
f 1277 1287 1286
f 1279 1280 1289
f 1279 1289 1288
f 1280 1281 1290
f 1280 1290 1289
f 1281 1282 1291
f 1281 1291 1290
f 1282 1283 1292
f 1282 1292 1291
f 1283 1284 1293
f 1283 1293 1292
f 1284 1285 1294
f 1284 1294 1293
f 1285 1286 1295
f 1285 1295 1294
f 1286 1287 1296
f 1286 1296 1295
f 1297 1298 1307
f 1297 1307 1306
f 1298 1299 1308
f 1298 1308 1307
f 1299 1300 1309
f 1299 1309 1308
f 1300 1301 1310
f 1300 1310 1309
f 1301 1302 1311
f 1301 1311 1310
f 1302 1303 1312
f 1302 1312 1311
f 1303 1304 1313
f 1303 1313 1312
f 1304 1305 1314
f 1304 1314 1313
f 1306 1307 1316
f 1306 1316 1315
f 1307 1308 1317
f 1307 1317 1316
f 1308 1309 1318
f 1308 1318 1317
f 1309 1310 1319
f 1309 1319 1318
f 1310 1311 1320
f 1310 1320 1319
f 1311 1312 1321
f 1311 1321 1320
f 1312 1313 1322
f 1312 1322 1321
f 1313 1314 1323
f 1313 1323 1322
f 1315 1316 1325
f 1315 1325 1324
f 1316 1317 1326
f 1316 1326 1325
f 1317 1318 1327
f 1317 1327 1326
f 1318 1319 1328
f 1318 1328 1327
f 1319 1320 1329
f 1319 1329 1328
f 1320 1321 1330
f 1320 1330 1329
f 1321 1322 1331
f 1321 1331 1330
f 1322 1323 1332
f 1322 1332 1331
f 1324 1325 1334
f 1324 1334 1333
f 1325 1326 1335
f 1325 1335 1334
f 1326 1327 1336
f 1326 1336 1335
f 1327 1328 1337
f 1327 1337 1336
f 1328 1329 1338
f 1328 1338 1337
f 1329 1330 1339
f 1329 1339 1338
f 1330 1331 1340
f 1330 1340 1339
f 1331 1332 1341
f 1331 1341 1340
f 1333 1334 1343
f 1333 1343 1342
f 1334 1335 1344
f 1334 1344 1343
f 1335 1336 1345
f 1335 1345 1344
f 1336 1337 1346
f 1336 1346 1345
f 1337 1338 1347
f 1337 1347 1346
f 1338 1339 1348
f 1338 1348 1347
f 1339 1340 1349
f 1339 1349 1348
f 1340 1341 1350
f 1340 1350 1349
f 1342 1343 1352
f 1342 1352 1351
f 1343 1344 1353
f 1343 1353 1352
f 1344 1345 1354
f 1344 1354 1353
f 1345 1346 1355
f 1345 1355 1354
f 1346 1347 1356
f 1346 1356 1355
f 1347 1348 1357
f 1347 1357 1356
f 1348 1349 1358
f 1348 1358 1357
f 1349 1350 1359
f 1349 1359 1358
f 1351 1352 1361
f 1351 1361 1360
f 1352 1353 1362
f 1352 1362 1361
f 1353 1354 1363
f 1353 1363 1362
f 1354 1355 1364
f 1354 1364 1363
f 1355 1356 1365
f 1355 1365 1364
f 1356 1357 1366
f 1356 1366 1365
f 1357 1358 1367
f 1357 1367 1366
f 1358 1359 1368
f 1358 1368 1367
f 1360 1361 1370
f 1360 1370 1369
f 1361 1362 1371
f 1361 1371 1370
f 1362 1363 1372
f 1362 1372 1371
f 1363 1364 1373
f 1363 1373 1372
f 1364 1365 1374
f 1364 1374 1373
f 1365 1366 1375
f 1365 1375 1374
f 1366 1367 1376
f 1366 1376 1375
f 1367 1368 1377
f 1367 1377 1376
f 1378 1379 1388
f 1378 1388 1387
f 1379 1380 1389
f 1379 1389 1388
f 1380 1381 1390
f 1380 1390 1389
f 1381 1382 1391
f 1381 1391 1390
f 1382 1383 1392
f 1382 1392 1391
f 1383 1384 1393
f 1383 1393 1392
f 1384 1385 1394
f 1384 1394 1393
f 1385 1386 1395
f 1385 1395 1394
f 1387 1388 1397
f 1387 1397 1396
f 1388 1389 1398
f 1388 1398 1397
f 1389 1390 1399
f 1389 1399 1398
f 1390 1391 1400
f 1390 1400 1399
f 1391 1392 1401
f 1391 1401 1400
f 1392 1393 1402
f 1392 1402 1401
f 1393 1394 1403
f 1393 1403 1402
f 1394 1395 1404
f 1394 1404 1403
f 1396 1397 1406
f 1396 1406 1405
f 1397 1398 1407
f 1397 1407 1406
f 1398 1399 1408
f 1398 1408 1407
f 1399 1400 1409
f 1399 1409 1408
f 1400 1401 1410
f 1400 1410 1409
f 1401 1402 1411
f 1401 1411 1410
f 1402 1403 1412
f 1402 1412 1411
f 1403 1404 1413
f 1403 1413 1412
f 1405 1406 1415
f 1405 1415 1414
f 1406 1407 1416
f 1406 1416 1415
f 1407 1408 1417
f 1407 1417 1416
f 1408 1409 1418
f 1408 1418 1417
f 1409 1410 1419
f 1409 1419 1418
f 1410 1411 1420
f 1410 1420 1419
f 1411 1412 1421
f 1411 1421 1420
f 1412 1413 1422
f 1412 1422 1421
f 1414 1415 1424
f 1414 1424 1423
f 1415 1416 1425
f 1415 1425 1424
f 1416 1417 1426
f 1416 1426 1425
f 1417 1418 1427
f 1417 1427 1426
f 1418 1419 1428
f 1418 1428 1427
f 1419 1420 1429
f 1419 1429 1428
f 1420 1421 1430
f 1420 1430 1429
f 1421 1422 1431
f 1421 1431 1430
f 1423 1424 1433
f 1423 1433 1432
f 1424 1425 1434
f 1424 1434 1433
f 1425 1426 1435
f 1425 1435 1434
f 1426 1427 1436
f 1426 1436 1435
f 1427 1428 1437
f 1427 1437 1436
f 1428 1429 1438
f 1428 1438 1437
f 1429 1430 1439
f 1429 1439 1438
f 1430 1431 1440
f 1430 1440 1439
f 1432 1433 1442
f 1432 1442 1441
f 1433 1434 1443
f 1433 1443 1442
f 1434 1435 1444
f 1434 1444 1443
f 1435 1436 1445
f 1435 1445 1444
f 1436 1437 1446
f 1436 1446 1445
f 1437 1438 1447
f 1437 1447 1446
f 1438 1439 1448
f 1438 1448 1447
f 1439 1440 1449
f 1439 1449 1448
f 1441 1442 1451
f 1441 1451 1450
f 1442 1443 1452
f 1442 1452 1451
f 1443 1444 1453
f 1443 1453 1452
f 1444 1445 1454
f 1444 1454 1453
f 1445 1446 1455
f 1445 1455 1454
f 1446 1447 1456
f 1446 1456 1455
f 1447 1448 1457
f 1447 1457 1456
f 1448 1449 1458
f 1448 1458 1457
g 바닥_3
v -6.0000 -0.1000 6.0000
v -6.0000 -0.0750 6.0000
v -6.0000 -0.0500 6.0000
v -6.0000 -0.0250 6.0000
v -6.0000 0.0000 6.0000
v -6.0000 0.0250 6.0000
v -6.0000 0.0500 6.0000
v -6.0000 0.0750 6.0000
v -6.0000 0.1000 6.0000
v -5.6250 -0.1000 6.0000
v -5.6250 -0.0750 6.0000
v -5.6250 -0.0500 6.0000
v -5.6250 -0.0250 6.0000
v -5.6250 0.0000 6.0000
v -5.6250 0.0250 6.0000
v -5.6250 0.0500 6.0000
v -5.6250 0.0750 6.0000
v -5.6250 0.1000 6.0000
v -5.2500 -0.1000 6.0000
v -5.2500 -0.0750 6.0000
v -5.2500 -0.0500 6.0000
v -5.2500 -0.0250 6.0000
v -5.2500 0.0000 6.0000
v -5.2500 0.0250 6.0000
v -5.2500 0.0500 6.0000
v -5.2500 0.0750 6.0000
v -5.2500 0.1000 6.0000
v -4.8750 -0.1000 6.0000
v -4.8750 -0.0750 6.0000
v -4.8750 -0.0500 6.0000
v -4.8750 -0.0250 6.0000
v -4.8750 0.0000 6.0000
v -4.8750 0.0250 6.0000
v -4.8750 0.0500 6.0000
v -4.8750 0.0750 6.0000
v -4.8750 0.1000 6.0000
v -4.5000 -0.1000 6.0000
v -4.5000 -0.0750 6.0000
v -4.5000 -0.0500 6.0000
v -4.5000 -0.0250 6.0000
v -4.5000 0.0000 6.0000
v -4.5000 0.0250 6.0000
v -4.5000 0.0500 6.0000
v -4.5000 0.0750 6.0000
v -4.5000 0.1000 6.0000
v -4.1250 -0.1000 6.0000
v -4.1250 -0.0750 6.0000
v -4.1250 -0.0500 6.0000
v -4.1250 -0.0250 6.0000
v -4.1250 0.0000 6.0000
v -4.1250 0.0250 6.0000
v -4.1250 0.0500 6.0000
v -4.1250 0.0750 6.0000
v -4.1250 0.1000 6.0000
v -3.7500 -0.1000 6.0000
v -3.7500 -0.0750 6.0000
v -3.7500 -0.0500 6.0000
v -3.7500 -0.0250 6.0000
v -3.7500 0.0000 6.0000
v -3.7500 0.0250 6.0000
v -3.7500 0.0500 6.0000
v -3.7500 0.0750 6.0000
v -3.7500 0.1000 6.0000
v -3.3750 -0.1000 6.0000
v -3.3750 -0.0750 6.0000
v -3.3750 -0.0500 6.0000
v -3.3750 -0.0250 6.0000
v -3.3750 0.0000 6.0000
v -3.3750 0.0250 6.0000
v -3.3750 0.0500 6.0000
v -3.3750 0.0750 6.0000
v -3.3750 0.1000 6.0000
v -3.0000 -0.1000 6.0000
v -3.0000 -0.0750 6.0000
v -3.0000 -0.0500 6.0000
v -3.0000 -0.0250 6.0000
v -3.0000 0.0000 6.0000
v -3.0000 0.0250 6.0000
v -3.0000 0.0500 6.0000
v -3.0000 0.0750 6.0000
v -3.0000 0.1000 6.0000
v -3.0000 -0.1000 3.0000
v -3.0000 -0.0750 3.0000
v -3.0000 -0.0500 3.0000
v -3.0000 -0.0250 3.0000
v -3.0000 0.0000 3.0000
v -3.0000 0.0250 3.0000
v -3.0000 0.0500 3.0000
v -3.0000 0.0750 3.0000
v -3.0000 0.1000 3.0000
v -3.3750 -0.1000 3.0000
v -3.3750 -0.0750 3.0000
v -3.3750 -0.0500 3.0000
v -3.3750 -0.0250 3.0000
v -3.3750 0.0000 3.0000
v -3.3750 0.0250 3.0000
v -3.3750 0.0500 3.0000
v -3.3750 0.0750 3.0000
v -3.3750 0.1000 3.0000
v -3.7500 -0.1000 3.0000
v -3.7500 -0.0750 3.0000
v -3.7500 -0.0500 3.0000
v -3.7500 -0.0250 3.0000
v -3.7500 0.0000 3.0000
v -3.7500 0.0250 3.0000
v -3.7500 0.0500 3.0000
v -3.7500 0.0750 3.0000
v -3.7500 0.1000 3.0000
v -4.1250 -0.1000 3.0000
v -4.1250 -0.0750 3.0000
v -4.1250 -0.0500 3.0000
v -4.1250 -0.0250 3.0000
v -4.1250 0.0000 3.0000
v -4.1250 0.0250 3.0000
v -4.1250 0.0500 3.0000
v -4.1250 0.0750 3.0000
v -4.1250 0.1000 3.0000
v -4.5000 -0.1000 3.0000
v -4.5000 -0.0750 3.0000
v -4.5000 -0.0500 3.0000
v -4.5000 -0.0250 3.0000
v -4.5000 0.0000 3.0000
v -4.5000 0.0250 3.0000
v -4.5000 0.0500 3.0000
v -4.5000 0.0750 3.0000
v -4.5000 0.1000 3.0000
v -4.8750 -0.1000 3.0000
v -4.8750 -0.0750 3.0000
v -4.8750 -0.0500 3.0000
v -4.8750 -0.0250 3.0000
v -4.8750 0.0000 3.0000
v -4.8750 0.0250 3.0000
v -4.8750 0.0500 3.0000
v -4.8750 0.0750 3.0000
v -4.8750 0.1000 3.0000
v -5.2500 -0.1000 3.0000
v -5.2500 -0.0750 3.0000
v -5.2500 -0.0500 3.0000
v -5.2500 -0.0250 3.0000
v -5.2500 0.0000 3.0000
v -5.2500 0.0250 3.0000
v -5.2500 0.0500 3.0000
v -5.2500 0.0750 3.0000
v -5.2500 0.1000 3.0000
v -5.6250 -0.1000 3.0000
v -5.6250 -0.0750 3.0000
v -5.6250 -0.0500 3.0000
v -5.6250 -0.0250 3.0000
v -5.6250 0.0000 3.0000
v -5.6250 0.0250 3.0000
v -5.6250 0.0500 3.0000
v -5.6250 0.0750 3.0000
v -5.6250 0.1000 3.0000
v -6.0000 -0.1000 3.0000
v -6.0000 -0.0750 3.0000
v -6.0000 -0.0500 3.0000
v -6.0000 -0.0250 3.0000
v -6.0000 0.0000 3.0000
v -6.0000 0.0250 3.0000
v -6.0000 0.0500 3.0000
v -6.0000 0.0750 3.0000
v -6.0000 0.1000 3.0000
v -6.0000 -0.1000 3.0000
v -6.0000 -0.0750 3.0000
v -6.0000 -0.0500 3.0000
v -6.0000 -0.0250 3.0000
v -6.0000 0.0000 3.0000
v -6.0000 0.0250 3.0000
v -6.0000 0.0500 3.0000
v -6.0000 0.0750 3.0000
v -6.0000 0.1000 3.0000
v -6.0000 -0.1000 3.3750
v -6.0000 -0.0750 3.3750
v -6.0000 -0.0500 3.3750
v -6.0000 -0.0250 3.3750
v -6.0000 0.0000 3.3750
v -6.0000 0.0250 3.3750
v -6.0000 0.0500 3.3750
v -6.0000 0.0750 3.3750
v -6.0000 0.1000 3.3750
v -6.0000 -0.1000 3.7500
v -6.0000 -0.0750 3.7500
v -6.0000 -0.0500 3.7500
v -6.0000 -0.0250 3.7500
v -6.0000 0.0000 3.7500
v -6.0000 0.0250 3.7500
v -6.0000 0.0500 3.7500
v -6.0000 0.0750 3.7500
v -6.0000 0.1000 3.7500
v -6.0000 -0.1000 4.1250
v -6.0000 -0.0750 4.1250
v -6.0000 -0.0500 4.1250
v -6.0000 -0.0250 4.1250
v -6.0000 0.0000 4.1250
v -6.0000 0.0250 4.1250
v -6.0000 0.0500 4.1250
v -6.0000 0.0750 4.1250
v -6.0000 0.1000 4.1250
v -6.0000 -0.1000 4.5000
v -6.0000 -0.0750 4.5000
v -6.0000 -0.0500 4.5000
v -6.0000 -0.0250 4.5000
v -6.0000 0.0000 4.5000
v -6.0000 0.0250 4.5000
v -6.0000 0.0500 4.5000
v -6.0000 0.0750 4.5000
v -6.0000 0.1000 4.5000
v -6.0000 -0.1000 4.8750
v -6.0000 -0.0750 4.8750
v -6.0000 -0.0500 4.8750
v -6.0000 -0.0250 4.8750
v -6.0000 0.0000 4.8750
v -6.0000 0.0250 4.8750
v -6.0000 0.0500 4.8750
v -6.0000 0.0750 4.8750
v -6.0000 0.1000 4.8750
v -6.0000 -0.1000 5.2500
v -6.0000 -0.0750 5.2500
v -6.0000 -0.0500 5.2500
v -6.0000 -0.0250 5.2500
v -6.0000 0.0000 5.2500
v -6.0000 0.0250 5.2500
v -6.0000 0.0500 5.2500
v -6.0000 0.0750 5.2500
v -6.0000 0.1000 5.2500
v -6.0000 -0.1000 5.6250
v -6.0000 -0.0750 5.6250
v -6.0000 -0.0500 5.6250
v -6.0000 -0.0250 5.6250
v -6.0000 0.0000 5.6250
v -6.0000 0.0250 5.6250
v -6.0000 0.0500 5.6250
v -6.0000 0.0750 5.6250
v -6.0000 0.1000 5.6250
v -6.0000 -0.1000 6.0000
v -6.0000 -0.0750 6.0000
v -6.0000 -0.0500 6.0000
v -6.0000 -0.0250 6.0000
v -6.0000 0.0000 6.0000
v -6.0000 0.0250 6.0000
v -6.0000 0.0500 6.0000
v -6.0000 0.0750 6.0000
v -6.0000 0.1000 6.0000
v -3.0000 -0.1000 6.0000
v -3.0000 -0.0750 6.0000
v -3.0000 -0.0500 6.0000
v -3.0000 -0.0250 6.0000
v -3.0000 0.0000 6.0000
v -3.0000 0.0250 6.0000
v -3.0000 0.0500 6.0000
v -3.0000 0.0750 6.0000
v -3.0000 0.1000 6.0000
v -3.0000 -0.1000 5.6250
v -3.0000 -0.0750 5.6250
v -3.0000 -0.0500 5.6250
v -3.0000 -0.0250 5.6250
v -3.0000 0.0000 5.6250
v -3.0000 0.0250 5.6250
v -3.0000 0.0500 5.6250
v -3.0000 0.0750 5.6250
v -3.0000 0.1000 5.6250
v -3.0000 -0.1000 5.2500
v -3.0000 -0.0750 5.2500
v -3.0000 -0.0500 5.2500
v -3.0000 -0.0250 5.2500
v -3.0000 0.0000 5.2500
v -3.0000 0.0250 5.2500
v -3.0000 0.0500 5.2500
v -3.0000 0.0750 5.2500
v -3.0000 0.1000 5.2500
v -3.0000 -0.1000 4.8750
v -3.0000 -0.0750 4.8750
v -3.0000 -0.0500 4.8750
v -3.0000 -0.0250 4.8750
v -3.0000 0.0000 4.8750
v -3.0000 0.0250 4.8750
v -3.0000 0.0500 4.8750
v -3.0000 0.0750 4.8750
v -3.0000 0.1000 4.8750
v -3.0000 -0.1000 4.5000
v -3.0000 -0.0750 4.5000
v -3.0000 -0.0500 4.5000
v -3.0000 -0.0250 4.5000
v -3.0000 0.0000 4.5000
v -3.0000 0.0250 4.5000
v -3.0000 0.0500 4.5000
v -3.0000 0.0750 4.5000
v -3.0000 0.1000 4.5000
v -3.0000 -0.1000 4.1250
v -3.0000 -0.0750 4.1250
v -3.0000 -0.0500 4.1250
v -3.0000 -0.0250 4.1250
v -3.0000 0.0000 4.1250
v -3.0000 0.0250 4.1250
v -3.0000 0.0500 4.1250
v -3.0000 0.0750 4.1250
v -3.0000 0.1000 4.1250
v -3.0000 -0.1000 3.7500
v -3.0000 -0.0750 3.7500
v -3.0000 -0.0500 3.7500
v -3.0000 -0.0250 3.7500
v -3.0000 0.0000 3.7500
v -3.0000 0.0250 3.7500
v -3.0000 0.0500 3.7500
v -3.0000 0.0750 3.7500
v -3.0000 0.1000 3.7500
v -3.0000 -0.1000 3.3750
v -3.0000 -0.0750 3.3750
v -3.0000 -0.0500 3.3750
v -3.0000 -0.0250 3.3750
v -3.0000 0.0000 3.3750
v -3.0000 0.0250 3.3750
v -3.0000 0.0500 3.3750
v -3.0000 0.0750 3.3750
v -3.0000 0.1000 3.3750
v -3.0000 -0.1000 3.0000
v -3.0000 -0.0750 3.0000
v -3.0000 -0.0500 3.0000
v -3.0000 -0.0250 3.0000
v -3.0000 0.0000 3.0000
v -3.0000 0.0250 3.0000
v -3.0000 0.0500 3.0000
v -3.0000 0.0750 3.0000
v -3.0000 0.1000 3.0000
v -6.0000 0.1000 3.0000
v -6.0000 0.1000 3.3750
v -6.0000 0.1000 3.7500
v -6.0000 0.1000 4.1250
v -6.0000 0.1000 4.5000
v -6.0000 0.1000 4.8750
v -6.0000 0.1000 5.2500
v -6.0000 0.1000 5.6250
v -6.0000 0.1000 6.0000
v -5.6250 0.1000 3.0000
v -5.6250 0.1000 3.3750
v -5.6250 0.1000 3.7500
v -5.6250 0.1000 4.1250
v -5.6250 0.1000 4.5000
v -5.6250 0.1000 4.8750
v -5.6250 0.1000 5.2500
v -5.6250 0.1000 5.6250
v -5.6250 0.1000 6.0000
v -5.2500 0.1000 3.0000
v -5.2500 0.1000 3.3750
v -5.2500 0.1000 3.7500
v -5.2500 0.1000 4.1250
v -5.2500 0.1000 4.5000
v -5.2500 0.1000 4.8750
v -5.2500 0.1000 5.2500
v -5.2500 0.1000 5.6250
v -5.2500 0.1000 6.0000
v -4.8750 0.1000 3.0000
v -4.8750 0.1000 3.3750
v -4.8750 0.1000 3.7500
v -4.8750 0.1000 4.1250
v -4.8750 0.1000 4.5000
v -4.8750 0.1000 4.8750
v -4.8750 0.1000 5.2500
v -4.8750 0.1000 5.6250
v -4.8750 0.1000 6.0000
v -4.5000 0.1000 3.0000
v -4.5000 0.1000 3.3750
v -4.5000 0.1000 3.7500
v -4.5000 0.1000 4.1250
v -4.5000 0.1000 4.5000
v -4.5000 0.1000 4.8750
v -4.5000 0.1000 5.2500
v -4.5000 0.1000 5.6250
v -4.5000 0.1000 6.0000
v -4.1250 0.1000 3.0000
v -4.1250 0.1000 3.3750
v -4.1250 0.1000 3.7500
v -4.1250 0.1000 4.1250
v -4.1250 0.1000 4.5000
v -4.1250 0.1000 4.8750
v -4.1250 0.1000 5.2500
v -4.1250 0.1000 5.6250
v -4.1250 0.1000 6.0000
v -3.7500 0.1000 3.0000
v -3.7500 0.1000 3.3750
v -3.7500 0.1000 3.7500
v -3.7500 0.1000 4.1250
v -3.7500 0.1000 4.5000
v -3.7500 0.1000 4.8750
v -3.7500 0.1000 5.2500
v -3.7500 0.1000 5.6250
v -3.7500 0.1000 6.0000
v -3.3750 0.1000 3.0000
v -3.3750 0.1000 3.3750
v -3.3750 0.1000 3.7500
v -3.3750 0.1000 4.1250
v -3.3750 0.1000 4.5000
v -3.3750 0.1000 4.8750
v -3.3750 0.1000 5.2500
v -3.3750 0.1000 5.6250
v -3.3750 0.1000 6.0000
v -3.0000 0.1000 3.0000
v -3.0000 0.1000 3.3750
v -3.0000 0.1000 3.7500
v -3.0000 0.1000 4.1250
v -3.0000 0.1000 4.5000
v -3.0000 0.1000 4.8750
v -3.0000 0.1000 5.2500
v -3.0000 0.1000 5.6250
v -3.0000 0.1000 6.0000
v -6.0000 -0.1000 6.0000
v -6.0000 -0.1000 5.6250
v -6.0000 -0.1000 5.2500
v -6.0000 -0.1000 4.8750
v -6.0000 -0.1000 4.5000
v -6.0000 -0.1000 4.1250
v -6.0000 -0.1000 3.7500
v -6.0000 -0.1000 3.3750
v -6.0000 -0.1000 3.0000
v -5.6250 -0.1000 6.0000
v -5.6250 -0.1000 5.6250
v -5.6250 -0.1000 5.2500
v -5.6250 -0.1000 4.8750
v -5.6250 -0.1000 4.5000
v -5.6250 -0.1000 4.1250
v -5.6250 -0.1000 3.7500
v -5.6250 -0.1000 3.3750
v -5.6250 -0.1000 3.0000
v -5.2500 -0.1000 6.0000
v -5.2500 -0.1000 5.6250
v -5.2500 -0.1000 5.2500
v -5.2500 -0.1000 4.8750
v -5.2500 -0.1000 4.5000
v -5.2500 -0.1000 4.1250
v -5.2500 -0.1000 3.7500
v -5.2500 -0.1000 3.3750
v -5.2500 -0.1000 3.0000
v -4.8750 -0.1000 6.0000
v -4.8750 -0.1000 5.6250
v -4.8750 -0.1000 5.2500
v -4.8750 -0.1000 4.8750
v -4.8750 -0.1000 4.5000
v -4.8750 -0.1000 4.1250
v -4.8750 -0.1000 3.7500
v -4.8750 -0.1000 3.3750
v -4.8750 -0.1000 3.0000
v -4.5000 -0.1000 6.0000
v -4.5000 -0.1000 5.6250
v -4.5000 -0.1000 5.2500
v -4.5000 -0.1000 4.8750
v -4.5000 -0.1000 4.5000
v -4.5000 -0.1000 4.1250
v -4.5000 -0.1000 3.7500
v -4.5000 -0.1000 3.3750
v -4.5000 -0.1000 3.0000
v -4.1250 -0.1000 6.0000
v -4.1250 -0.1000 5.6250
v -4.1250 -0.1000 5.2500
v -4.1250 -0.1000 4.8750
v -4.1250 -0.1000 4.5000
v -4.1250 -0.1000 4.1250
v -4.1250 -0.1000 3.7500
v -4.1250 -0.1000 3.3750
v -4.1250 -0.1000 3.0000
v -3.7500 -0.1000 6.0000
v -3.7500 -0.1000 5.6250
v -3.7500 -0.1000 5.2500
v -3.7500 -0.1000 4.8750
v -3.7500 -0.1000 4.5000
v -3.7500 -0.1000 4.1250
v -3.7500 -0.1000 3.7500
v -3.7500 -0.1000 3.3750
v -3.7500 -0.1000 3.0000
v -3.3750 -0.1000 6.0000
v -3.3750 -0.1000 5.6250
v -3.3750 -0.1000 5.2500
v -3.3750 -0.1000 4.8750
v -3.3750 -0.1000 4.5000
v -3.3750 -0.1000 4.1250
v -3.3750 -0.1000 3.7500
v -3.3750 -0.1000 3.3750
v -3.3750 -0.1000 3.0000
v -3.0000 -0.1000 6.0000
v -3.0000 -0.1000 5.6250
v -3.0000 -0.1000 5.2500
v -3.0000 -0.1000 4.8750
v -3.0000 -0.1000 4.5000
v -3.0000 -0.1000 4.1250
v -3.0000 -0.1000 3.7500
v -3.0000 -0.1000 3.3750
v -3.0000 -0.1000 3.0000
f 1459 1460 1469
f 1459 1469 1468
f 1460 1461 1470
f 1460 1470 1469
f 1461 1462 1471
f 1461 1471 1470
f 1462 1463 1472
f 1462 1472 1471
f 1463 1464 1473
f 1463 1473 1472
f 1464 1465 1474
f 1464 1474 1473
f 1465 1466 1475
f 1465 1475 1474
f 1466 1467 1476
f 1466 1476 1475
f 1468 1469 1478
f 1468 1478 1477
f 1469 1470 1479
f 1469 1479 1478
f 1470 1471 1480
f 1470 1480 1479
f 1471 1472 1481
f 1471 1481 1480
f 1472 1473 1482
f 1472 1482 1481
f 1473 1474 1483
f 1473 1483 1482
f 1474 1475 1484
f 1474 1484 1483
f 1475 1476 1485
f 1475 1485 1484
f 1477 1478 1487
f 1477 1487 1486
f 1478 1479 1488
f 1478 1488 1487
f 1479 1480 1489
f 1479 1489 1488
f 1480 1481 1490
f 1480 1490 1489
f 1481 1482 1491
f 1481 1491 1490
f 1482 1483 1492
f 1482 1492 1491
f 1483 1484 1493
f 1483 1493 1492
f 1484 1485 1494
f 1484 1494 1493
f 1486 1487 1496
f 1486 1496 1495
f 1487 1488 1497
f 1487 1497 1496
f 1488 1489 1498
f 1488 1498 1497
f 1489 1490 1499
f 1489 1499 1498
f 1490 1491 1500
f 1490 1500 1499
f 1491 1492 1501
f 1491 1501 1500
f 1492 1493 1502
f 1492 1502 1501
f 1493 1494 1503
f 1493 1503 1502
f 1495 1496 1505
f 1495 1505 1504
f 1496 1497 1506
f 1496 1506 1505
f 1497 1498 1507
f 1497 1507 1506
f 1498 1499 1508
f 1498 1508 1507
f 1499 1500 1509
f 1499 1509 1508
f 1500 1501 1510
f 1500 1510 1509
f 1501 1502 1511
f 1501 1511 1510
f 1502 1503 1512
f 1502 1512 1511
f 1504 1505 1514
f 1504 1514 1513
f 1505 1506 1515
f 1505 1515 1514
f 1506 1507 1516
f 1506 1516 1515
f 1507 1508 1517
f 1507 1517 1516
f 1508 1509 1518
f 1508 1518 1517
f 1509 1510 1519
f 1509 1519 1518
f 1510 1511 1520
f 1510 1520 1519
f 1511 1512 1521
f 1511 1521 1520
f 1513 1514 1523
f 1513 1523 1522
f 1514 1515 1524
f 1514 1524 1523
f 1515 1516 1525
f 1515 1525 1524
f 1516 1517 1526
f 1516 1526 1525
f 1517 1518 1527
f 1517 1527 1526
f 1518 1519 1528
f 1518 1528 1527
f 1519 1520 1529
f 1519 1529 1528
f 1520 1521 1530
f 1520 1530 1529
f 1522 1523 1532
f 1522 1532 1531
f 1523 1524 1533
f 1523 1533 1532
f 1524 1525 1534
f 1524 1534 1533
f 1525 1526 1535
f 1525 1535 1534
f 1526 1527 1536
f 1526 1536 1535
f 1527 1528 1537
f 1527 1537 1536
f 1528 1529 1538
f 1528 1538 1537
f 1529 1530 1539
f 1529 1539 1538
f 1540 1541 1550
f 1540 1550 1549
f 1541 1542 1551
f 1541 1551 1550
f 1542 1543 1552
f 1542 1552 1551
f 1543 1544 1553
f 1543 1553 1552
f 1544 1545 1554
f 1544 1554 1553
f 1545 1546 1555
f 1545 1555 1554
f 1546 1547 1556
f 1546 1556 1555
f 1547 1548 1557
f 1547 1557 1556
f 1549 1550 1559
f 1549 1559 1558
f 1550 1551 1560
f 1550 1560 1559
f 1551 1552 1561
f 1551 1561 1560
f 1552 1553 1562
f 1552 1562 1561
f 1553 1554 1563
f 1553 1563 1562
f 1554 1555 1564
f 1554 1564 1563
f 1555 1556 1565
f 1555 1565 1564
f 1556 1557 1566
f 1556 1566 1565
f 1558 1559 1568
f 1558 1568 1567
f 1559 1560 1569
f 1559 1569 1568
f 1560 1561 1570
f 1560 1570 1569
f 1561 1562 1571
f 1561 1571 1570
f 1562 1563 1572
f 1562 1572 1571
f 1563 1564 1573
f 1563 1573 1572
f 1564 1565 1574
f 1564 1574 1573
f 1565 1566 1575
f 1565 1575 1574
f 1567 1568 1577
f 1567 1577 1576
f 1568 1569 1578
f 1568 1578 1577
f 1569 1570 1579
f 1569 1579 1578
f 1570 1571 1580
f 1570 1580 1579
f 1571 1572 1581
f 1571 1581 1580
f 1572 1573 1582
f 1572 1582 1581
f 1573 1574 1583
f 1573 1583 1582
f 1574 1575 1584
f 1574 1584 1583
f 1576 1577 1586
f 1576 1586 1585
f 1577 1578 1587
f 1577 1587 1586
f 1578 1579 1588
f 1578 1588 1587
f 1579 1580 1589
f 1579 1589 1588
f 1580 1581 1590
f 1580 1590 1589
f 1581 1582 1591
f 1581 1591 1590
f 1582 1583 1592
f 1582 1592 1591
f 1583 1584 1593
f 1583 1593 1592
f 1585 1586 1595
f 1585 1595 1594
f 1586 1587 1596
f 1586 1596 1595
f 1587 1588 1597
f 1587 1597 1596
f 1588 1589 1598
f 1588 1598 1597
f 1589 1590 1599
f 1589 1599 1598
f 1590 1591 1600
f 1590 1600 1599
f 1591 1592 1601
f 1591 1601 1600
f 1592 1593 1602
f 1592 1602 1601
f 1594 1595 1604
f 1594 1604 1603
f 1595 1596 1605
f 1595 1605 1604
f 1596 1597 1606
f 1596 1606 1605
f 1597 1598 1607
f 1597 1607 1606
f 1598 1599 1608
f 1598 1608 1607
f 1599 1600 1609
f 1599 1609 1608
f 1600 1601 1610
f 1600 1610 1609
f 1601 1602 1611
f 1601 1611 1610
f 1603 1604 1613
f 1603 1613 1612
f 1604 1605 1614
f 1604 1614 1613
f 1605 1606 1615
f 1605 1615 1614
f 1606 1607 1616
f 1606 1616 1615
f 1607 1608 1617
f 1607 1617 1616
f 1608 1609 1618
f 1608 1618 1617
f 1609 1610 1619
f 1609 1619 1618
f 1610 1611 1620
f 1610 1620 1619
f 1621 1622 1631
f 1621 1631 1630
f 1622 1623 1632
f 1622 1632 1631
f 1623 1624 1633
f 1623 1633 1632
f 1624 1625 1634
f 1624 1634 1633
f 1625 1626 1635
f 1625 1635 1634
f 1626 1627 1636
f 1626 1636 1635
f 1627 1628 1637
f 1627 1637 1636
f 1628 1629 1638
f 1628 1638 1637
f 1630 1631 1640
f 1630 1640 1639
f 1631 1632 1641
f 1631 1641 1640
f 1632 1633 1642
f 1632 1642 1641
f 1633 1634 1643
f 1633 1643 1642
f 1634 1635 1644
f 1634 1644 1643
f 1635 1636 1645
f 1635 1645 1644
f 1636 1637 1646
f 1636 1646 1645
f 1637 1638 1647
f 1637 1647 1646
f 1639 1640 1649
f 1639 1649 1648
f 1640 1641 1650
f 1640 1650 1649
f 1641 1642 1651
f 1641 1651 1650
f 1642 1643 1652
f 1642 1652 1651
f 1643 1644 1653
f 1643 1653 1652
f 1644 1645 1654
f 1644 1654 1653
f 1645 1646 1655
f 1645 1655 1654
f 1646 1647 1656
f 1646 1656 1655
f 1648 1649 1658
f 1648 1658 1657
f 1649 1650 1659
f 1649 1659 1658
f 1650 1651 1660
f 1650 1660 1659
f 1651 1652 1661
f 1651 1661 1660
f 1652 1653 1662
f 1652 1662 1661
f 1653 1654 1663
f 1653 1663 1662
f 1654 1655 1664
f 1654 1664 1663
f 1655 1656 1665
f 1655 1665 1664
f 1657 1658 1667
f 1657 1667 1666
f 1658 1659 1668
f 1658 1668 1667
f 1659 1660 1669
f 1659 1669 1668
f 1660 1661 1670
f 1660 1670 1669
f 1661 1662 1671
f 1661 1671 1670
f 1662 1663 1672
f 1662 1672 1671
f 1663 1664 1673
f 1663 1673 1672
f 1664 1665 1674
f 1664 1674 1673
f 1666 1667 1676
f 1666 1676 1675
f 1667 1668 1677
f 1667 1677 1676
f 1668 1669 1678
f 1668 1678 1677
f 1669 1670 1679
f 1669 1679 1678
f 1670 1671 1680
f 1670 1680 1679
f 1671 1672 1681
f 1671 1681 1680
f 1672 1673 1682
f 1672 1682 1681
f 1673 1674 1683
f 1673 1683 1682
f 1675 1676 1685
f 1675 1685 1684
f 1676 1677 1686
f 1676 1686 1685
f 1677 1678 1687
f 1677 1687 1686
f 1678 1679 1688
f 1678 1688 1687
f 1679 1680 1689
f 1679 1689 1688
f 1680 1681 1690
f 1680 1690 1689
f 1681 1682 1691
f 1681 1691 1690
f 1682 1683 1692
f 1682 1692 1691
f 1684 1685 1694
f 1684 1694 1693
f 1685 1686 1695
f 1685 1695 1694
f 1686 1687 1696
f 1686 1696 1695
f 1687 1688 1697
f 1687 1697 1696
f 1688 1689 1698
f 1688 1698 1697
f 1689 1690 1699
f 1689 1699 1698
f 1690 1691 1700
f 1690 1700 1699
f 1691 1692 1701
f 1691 1701 1700
f 1702 1703 1712
f 1702 1712 1711
f 1703 1704 1713
f 1703 1713 1712
f 1704 1705 1714
f 1704 1714 1713
f 1705 1706 1715
f 1705 1715 1714
f 1706 1707 1716
f 1706 1716 1715
f 1707 1708 1717
f 1707 1717 1716
f 1708 1709 1718
f 1708 1718 1717
f 1709 1710 1719
f 1709 1719 1718
f 1711 1712 1721
f 1711 1721 1720
f 1712 1713 1722
f 1712 1722 1721
f 1713 1714 1723
f 1713 1723 1722
f 1714 1715 1724
f 1714 1724 1723
f 1715 1716 1725
f 1715 1725 1724
f 1716 1717 1726
f 1716 1726 1725
f 1717 1718 1727
f 1717 1727 1726
f 1718 1719 1728
f 1718 1728 1727
f 1720 1721 1730
f 1720 1730 1729
f 1721 1722 1731
f 1721 1731 1730
f 1722 1723 1732
f 1722 1732 1731
f 1723 1724 1733
f 1723 1733 1732
f 1724 1725 1734
f 1724 1734 1733
f 1725 1726 1735
f 1725 1735 1734
f 1726 1727 1736
f 1726 1736 1735
f 1727 1728 1737
f 1727 1737 1736
f 1729 1730 1739
f 1729 1739 1738
f 1730 1731 1740
f 1730 1740 1739
f 1731 1732 1741
f 1731 1741 1740
f 1732 1733 1742
f 1732 1742 1741
f 1733 1734 1743
f 1733 1743 1742
f 1734 1735 1744
f 1734 1744 1743
f 1735 1736 1745
f 1735 1745 1744
f 1736 1737 1746
f 1736 1746 1745
f 1738 1739 1748
f 1738 1748 1747
f 1739 1740 1749
f 1739 1749 1748
f 1740 1741 1750
f 1740 1750 1749
f 1741 1742 1751
f 1741 1751 1750
f 1742 1743 1752
f 1742 1752 1751
f 1743 1744 1753
f 1743 1753 1752
f 1744 1745 1754
f 1744 1754 1753
f 1745 1746 1755
f 1745 1755 1754
f 1747 1748 1757
f 1747 1757 1756
f 1748 1749 1758
f 1748 1758 1757
f 1749 1750 1759
f 1749 1759 1758
f 1750 1751 1760
f 1750 1760 1759
f 1751 1752 1761
f 1751 1761 1760
f 1752 1753 1762
f 1752 1762 1761
f 1753 1754 1763
f 1753 1763 1762
f 1754 1755 1764
f 1754 1764 1763
f 1756 1757 1766
f 1756 1766 1765
f 1757 1758 1767
f 1757 1767 1766
f 1758 1759 1768
f 1758 1768 1767
f 1759 1760 1769
f 1759 1769 1768
f 1760 1761 1770
f 1760 1770 1769
f 1761 1762 1771
f 1761 1771 1770
f 1762 1763 1772
f 1762 1772 1771
f 1763 1764 1773
f 1763 1773 1772
f 1765 1766 1775
f 1765 1775 1774
f 1766 1767 1776
f 1766 1776 1775
f 1767 1768 1777
f 1767 1777 1776
f 1768 1769 1778
f 1768 1778 1777
f 1769 1770 1779
f 1769 1779 1778
f 1770 1771 1780
f 1770 1780 1779
f 1771 1772 1781
f 1771 1781 1780
f 1772 1773 1782
f 1772 1782 1781
f 1783 1784 1793
f 1783 1793 1792
f 1784 1785 1794
f 1784 1794 1793
f 1785 1786 1795
f 1785 1795 1794
f 1786 1787 1796
f 1786 1796 1795
f 1787 1788 1797
f 1787 1797 1796
f 1788 1789 1798
f 1788 1798 1797
f 1789 1790 1799
f 1789 1799 1798
f 1790 1791 1800
f 1790 1800 1799
f 1792 1793 1802
f 1792 1802 1801
f 1793 1794 1803
f 1793 1803 1802
f 1794 1795 1804
f 1794 1804 1803
f 1795 1796 1805
f 1795 1805 1804
f 1796 1797 1806
f 1796 1806 1805
f 1797 1798 1807
f 1797 1807 1806
f 1798 1799 1808
f 1798 1808 1807
f 1799 1800 1809
f 1799 1809 1808
f 1801 1802 1811
f 1801 1811 1810
f 1802 1803 1812
f 1802 1812 1811
f 1803 1804 1813
f 1803 1813 1812
f 1804 1805 1814
f 1804 1814 1813
f 1805 1806 1815
f 1805 1815 1814
f 1806 1807 1816
f 1806 1816 1815
f 1807 1808 1817
f 1807 1817 1816
f 1808 1809 1818
f 1808 1818 1817
f 1810 1811 1820
f 1810 1820 1819
f 1811 1812 1821
f 1811 1821 1820
f 1812 1813 1822
f 1812 1822 1821
f 1813 1814 1823
f 1813 1823 1822
f 1814 1815 1824
f 1814 1824 1823
f 1815 1816 1825
f 1815 1825 1824
f 1816 1817 1826
f 1816 1826 1825
f 1817 1818 1827
f 1817 1827 1826
f 1819 1820 1829
f 1819 1829 1828
f 1820 1821 1830
f 1820 1830 1829
f 1821 1822 1831
f 1821 1831 1830
f 1822 1823 1832
f 1822 1832 1831
f 1823 1824 1833
f 1823 1833 1832
f 1824 1825 1834
f 1824 1834 1833
f 1825 1826 1835
f 1825 1835 1834
f 1826 1827 1836
f 1826 1836 1835
f 1828 1829 1838
f 1828 1838 1837
f 1829 1830 1839
f 1829 1839 1838
f 1830 1831 1840
f 1830 1840 1839
f 1831 1832 1841
f 1831 1841 1840
f 1832 1833 1842
f 1832 1842 1841
f 1833 1834 1843
f 1833 1843 1842
f 1834 1835 1844
f 1834 1844 1843
f 1835 1836 1845
f 1835 1845 1844
f 1837 1838 1847
f 1837 1847 1846
f 1838 1839 1848
f 1838 1848 1847
f 1839 1840 1849
f 1839 1849 1848
f 1840 1841 1850
f 1840 1850 1849
f 1841 1842 1851
f 1841 1851 1850
f 1842 1843 1852
f 1842 1852 1851
f 1843 1844 1853
f 1843 1853 1852
f 1844 1845 1854
f 1844 1854 1853
f 1846 1847 1856
f 1846 1856 1855
f 1847 1848 1857
f 1847 1857 1856
f 1848 1849 1858
f 1848 1858 1857
f 1849 1850 1859
f 1849 1859 1858
f 1850 1851 1860
f 1850 1860 1859
f 1851 1852 1861
f 1851 1861 1860
f 1852 1853 1862
f 1852 1862 1861
f 1853 1854 1863
f 1853 1863 1862
f 1864 1865 1874
f 1864 1874 1873
f 1865 1866 1875
f 1865 1875 1874
f 1866 1867 1876
f 1866 1876 1875
f 1867 1868 1877
f 1867 1877 1876
f 1868 1869 1878
f 1868 1878 1877
f 1869 1870 1879
f 1869 1879 1878
f 1870 1871 1880
f 1870 1880 1879
f 1871 1872 1881
f 1871 1881 1880
f 1873 1874 1883
f 1873 1883 1882
f 1874 1875 1884
f 1874 1884 1883
f 1875 1876 1885
f 1875 1885 1884
f 1876 1877 1886
f 1876 1886 1885
f 1877 1878 1887
f 1877 1887 1886
f 1878 1879 1888
f 1878 1888 1887
f 1879 1880 1889
f 1879 1889 1888
f 1880 1881 1890
f 1880 1890 1889
f 1882 1883 1892
f 1882 1892 1891
f 1883 1884 1893
f 1883 1893 1892
f 1884 1885 1894
f 1884 1894 1893
f 1885 1886 1895
f 1885 1895 1894
f 1886 1887 1896
f 1886 1896 1895
f 1887 1888 1897
f 1887 1897 1896
f 1888 1889 1898
f 1888 1898 1897
f 1889 1890 1899
f 1889 1899 1898
f 1891 1892 1901
f 1891 1901 1900
f 1892 1893 1902
f 1892 1902 1901
f 1893 1894 1903
f 1893 1903 1902
f 1894 1895 1904
f 1894 1904 1903
f 1895 1896 1905
f 1895 1905 1904
f 1896 1897 1906
f 1896 1906 1905
f 1897 1898 1907
f 1897 1907 1906
f 1898 1899 1908
f 1898 1908 1907
f 1900 1901 1910
f 1900 1910 1909
f 1901 1902 1911
f 1901 1911 1910
f 1902 1903 1912
f 1902 1912 1911
f 1903 1904 1913
f 1903 1913 1912
f 1904 1905 1914
f 1904 1914 1913
f 1905 1906 1915
f 1905 1915 1914
f 1906 1907 1916
f 1906 1916 1915
f 1907 1908 1917
f 1907 1917 1916
f 1909 1910 1919
f 1909 1919 1918
f 1910 1911 1920
f 1910 1920 1919
f 1911 1912 1921
f 1911 1921 1920
f 1912 1913 1922
f 1912 1922 1921
f 1913 1914 1923
f 1913 1923 1922
f 1914 1915 1924
f 1914 1924 1923
f 1915 1916 1925
f 1915 1925 1924
f 1916 1917 1926
f 1916 1926 1925
f 1918 1919 1928
f 1918 1928 1927
f 1919 1920 1929
f 1919 1929 1928
f 1920 1921 1930
f 1920 1930 1929
f 1921 1922 1931
f 1921 1931 1930
f 1922 1923 1932
f 1922 1932 1931
f 1923 1924 1933
f 1923 1933 1932
f 1924 1925 1934
f 1924 1934 1933
f 1925 1926 1935
f 1925 1935 1934
f 1927 1928 1937
f 1927 1937 1936
f 1928 1929 1938
f 1928 1938 1937
f 1929 1930 1939
f 1929 1939 1938
f 1930 1931 1940
f 1930 1940 1939
f 1931 1932 1941
f 1931 1941 1940
f 1932 1933 1942
f 1932 1942 1941
f 1933 1934 1943
f 1933 1943 1942
f 1934 1935 1944
f 1934 1944 1943
g 바닥_4
v -3.0000 -0.1000 -3.0000
v -3.0000 -0.0750 -3.0000
v -3.0000 -0.0500 -3.0000
v -3.0000 -0.0250 -3.0000
v -3.0000 0.0000 -3.0000
v -3.0000 0.0250 -3.0000
v -3.0000 0.0500 -3.0000
v -3.0000 0.0750 -3.0000
v -3.0000 0.1000 -3.0000
v -2.6250 -0.1000 -3.0000
v -2.6250 -0.0750 -3.0000
v -2.6250 -0.0500 -3.0000
v -2.6250 -0.0250 -3.0000
v -2.6250 0.0000 -3.0000
v -2.6250 0.0250 -3.0000
v -2.6250 0.0500 -3.0000
v -2.6250 0.0750 -3.0000
v -2.6250 0.1000 -3.0000
v -2.2500 -0.1000 -3.0000
v -2.2500 -0.0750 -3.0000
v -2.2500 -0.0500 -3.0000
v -2.2500 -0.0250 -3.0000
v -2.2500 0.0000 -3.0000
v -2.2500 0.0250 -3.0000
v -2.2500 0.0500 -3.0000
v -2.2500 0.0750 -3.0000
v -2.2500 0.1000 -3.0000
v -1.8750 -0.1000 -3.0000
v -1.8750 -0.0750 -3.0000
v -1.8750 -0.0500 -3.0000
v -1.8750 -0.0250 -3.0000
v -1.8750 0.0000 -3.0000
v -1.8750 0.0250 -3.0000
v -1.8750 0.0500 -3.0000
v -1.8750 0.0750 -3.0000
v -1.8750 0.1000 -3.0000
v -1.5000 -0.1000 -3.0000
v -1.5000 -0.0750 -3.0000
v -1.5000 -0.0500 -3.0000
v -1.5000 -0.0250 -3.0000
v -1.5000 0.0000 -3.0000
v -1.5000 0.0250 -3.0000
v -1.5000 0.0500 -3.0000
v -1.5000 0.0750 -3.0000
v -1.5000 0.1000 -3.0000
v -1.1250 -0.1000 -3.0000
v -1.1250 -0.0750 -3.0000
v -1.1250 -0.0500 -3.0000
v -1.1250 -0.0250 -3.0000
v -1.1250 0.0000 -3.0000
v -1.1250 0.0250 -3.0000
v -1.1250 0.0500 -3.0000
v -1.1250 0.0750 -3.0000
v -1.1250 0.1000 -3.0000
v -0.7500 -0.1000 -3.0000
v -0.7500 -0.0750 -3.0000
v -0.7500 -0.0500 -3.0000
v -0.7500 -0.0250 -3.0000
v -0.7500 0.0000 -3.0000
v -0.7500 0.0250 -3.0000
v -0.7500 0.0500 -3.0000
v -0.7500 0.0750 -3.0000
v -0.7500 0.1000 -3.0000
v -0.3750 -0.1000 -3.0000
v -0.3750 -0.0750 -3.0000
v -0.3750 -0.0500 -3.0000
v -0.3750 -0.0250 -3.0000
v -0.3750 0.0000 -3.0000
v -0.3750 0.0250 -3.0000
v -0.3750 0.0500 -3.0000
v -0.3750 0.0750 -3.0000
v -0.3750 0.1000 -3.0000
v 0.0000 -0.1000 -3.0000
v 0.0000 -0.0750 -3.0000
v 0.0000 -0.0500 -3.0000
v 0.0000 -0.0250 -3.0000
v 0.0000 0.0000 -3.0000
v 0.0000 0.0250 -3.0000
v 0.0000 0.0500 -3.0000
v 0.0000 0.0750 -3.0000
v 0.0000 0.1000 -3.0000
v 0.0000 -0.1000 -6.0000
v 0.0000 -0.0750 -6.0000
v 0.0000 -0.0500 -6.0000
v 0.0000 -0.0250 -6.0000
v 0.0000 0.0000 -6.0000
v 0.0000 0.0250 -6.0000
v 0.0000 0.0500 -6.0000
v 0.0000 0.0750 -6.0000
v 0.0000 0.1000 -6.0000
v -0.3750 -0.1000 -6.0000
v -0.3750 -0.0750 -6.0000
v -0.3750 -0.0500 -6.0000
v -0.3750 -0.0250 -6.0000
v -0.3750 0.0000 -6.0000
v -0.3750 0.0250 -6.0000
v -0.3750 0.0500 -6.0000
v -0.3750 0.0750 -6.0000
v -0.3750 0.1000 -6.0000
v -0.7500 -0.1000 -6.0000
v -0.7500 -0.0750 -6.0000
v -0.7500 -0.0500 -6.0000
v -0.7500 -0.0250 -6.0000
v -0.7500 0.0000 -6.0000
v -0.7500 0.0250 -6.0000
v -0.7500 0.0500 -6.0000
v -0.7500 0.0750 -6.0000
v -0.7500 0.1000 -6.0000
v -1.1250 -0.1000 -6.0000
v -1.1250 -0.0750 -6.0000
v -1.1250 -0.0500 -6.0000
v -1.1250 -0.0250 -6.0000
v -1.1250 0.0000 -6.0000
v -1.1250 0.0250 -6.0000
v -1.1250 0.0500 -6.0000
v -1.1250 0.0750 -6.0000
v -1.1250 0.1000 -6.0000
v -1.5000 -0.1000 -6.0000
v -1.5000 -0.0750 -6.0000
v -1.5000 -0.0500 -6.0000
v -1.5000 -0.0250 -6.0000
v -1.5000 0.0000 -6.0000
v -1.5000 0.0250 -6.0000
v -1.5000 0.0500 -6.0000
v -1.5000 0.0750 -6.0000
v -1.5000 0.1000 -6.0000
v -1.8750 -0.1000 -6.0000
v -1.8750 -0.0750 -6.0000
v -1.8750 -0.0500 -6.0000
v -1.8750 -0.0250 -6.0000
v -1.8750 0.0000 -6.0000
v -1.8750 0.0250 -6.0000
v -1.8750 0.0500 -6.0000
v -1.8750 0.0750 -6.0000
v -1.8750 0.1000 -6.0000
v -2.2500 -0.1000 -6.0000
v -2.2500 -0.0750 -6.0000
v -2.2500 -0.0500 -6.0000
v -2.2500 -0.0250 -6.0000
v -2.2500 0.0000 -6.0000
v -2.2500 0.0250 -6.0000
v -2.2500 0.0500 -6.0000
v -2.2500 0.0750 -6.0000
v -2.2500 0.1000 -6.0000
v -2.6250 -0.1000 -6.0000
v -2.6250 -0.0750 -6.0000
v -2.6250 -0.0500 -6.0000
v -2.6250 -0.0250 -6.0000
v -2.6250 0.0000 -6.0000
v -2.6250 0.0250 -6.0000
v -2.6250 0.0500 -6.0000
v -2.6250 0.0750 -6.0000
v -2.6250 0.1000 -6.0000
v -3.0000 -0.1000 -6.0000
v -3.0000 -0.0750 -6.0000
v -3.0000 -0.0500 -6.0000
v -3.0000 -0.0250 -6.0000
v -3.0000 0.0000 -6.0000
v -3.0000 0.0250 -6.0000
v -3.0000 0.0500 -6.0000
v -3.0000 0.0750 -6.0000
v -3.0000 0.1000 -6.0000
v -3.0000 -0.1000 -6.0000
v -3.0000 -0.0750 -6.0000
v -3.0000 -0.0500 -6.0000
v -3.0000 -0.0250 -6.0000
v -3.0000 0.0000 -6.0000
v -3.0000 0.0250 -6.0000
v -3.0000 0.0500 -6.0000
v -3.0000 0.0750 -6.0000
v -3.0000 0.1000 -6.0000
v -3.0000 -0.1000 -5.6250
v -3.0000 -0.0750 -5.6250
v -3.0000 -0.0500 -5.6250
v -3.0000 -0.0250 -5.6250
v -3.0000 0.0000 -5.6250
v -3.0000 0.0250 -5.6250
v -3.0000 0.0500 -5.6250
v -3.0000 0.0750 -5.6250
v -3.0000 0.1000 -5.6250
v -3.0000 -0.1000 -5.2500
v -3.0000 -0.0750 -5.2500
v -3.0000 -0.0500 -5.2500
v -3.0000 -0.0250 -5.2500
v -3.0000 0.0000 -5.2500
v -3.0000 0.0250 -5.2500
v -3.0000 0.0500 -5.2500
v -3.0000 0.0750 -5.2500
v -3.0000 0.1000 -5.2500
v -3.0000 -0.1000 -4.8750
v -3.0000 -0.0750 -4.8750
v -3.0000 -0.0500 -4.8750
v -3.0000 -0.0250 -4.8750
v -3.0000 0.0000 -4.8750
v -3.0000 0.0250 -4.8750
v -3.0000 0.0500 -4.8750
v -3.0000 0.0750 -4.8750
v -3.0000 0.1000 -4.8750
v -3.0000 -0.1000 -4.5000
v -3.0000 -0.0750 -4.5000
v -3.0000 -0.0500 -4.5000
v -3.0000 -0.0250 -4.5000
v -3.0000 0.0000 -4.5000
v -3.0000 0.0250 -4.5000
v -3.0000 0.0500 -4.5000
v -3.0000 0.0750 -4.5000
v -3.0000 0.1000 -4.5000
v -3.0000 -0.1000 -4.1250
v -3.0000 -0.0750 -4.1250
v -3.0000 -0.0500 -4.1250
v -3.0000 -0.0250 -4.1250
v -3.0000 0.0000 -4.1250
v -3.0000 0.0250 -4.1250
v -3.0000 0.0500 -4.1250
v -3.0000 0.0750 -4.1250
v -3.0000 0.1000 -4.1250
v -3.0000 -0.1000 -3.7500
v -3.0000 -0.0750 -3.7500
v -3.0000 -0.0500 -3.7500
v -3.0000 -0.0250 -3.7500
v -3.0000 0.0000 -3.7500
v -3.0000 0.0250 -3.7500
v -3.0000 0.0500 -3.7500
v -3.0000 0.0750 -3.7500
v -3.0000 0.1000 -3.7500
v -3.0000 -0.1000 -3.3750
v -3.0000 -0.0750 -3.3750
v -3.0000 -0.0500 -3.3750
v -3.0000 -0.0250 -3.3750
v -3.0000 0.0000 -3.3750
v -3.0000 0.0250 -3.3750
v -3.0000 0.0500 -3.3750
v -3.0000 0.0750 -3.3750
v -3.0000 0.1000 -3.3750
v -3.0000 -0.1000 -3.0000
v -3.0000 -0.0750 -3.0000
v -3.0000 -0.0500 -3.0000
v -3.0000 -0.0250 -3.0000
v -3.0000 0.0000 -3.0000
v -3.0000 0.0250 -3.0000
v -3.0000 0.0500 -3.0000
v -3.0000 0.0750 -3.0000
v -3.0000 0.1000 -3.0000
v 0.0000 -0.1000 -3.0000
v 0.0000 -0.0750 -3.0000
v 0.0000 -0.0500 -3.0000
v 0.0000 -0.0250 -3.0000
v 0.0000 0.0000 -3.0000
v 0.0000 0.0250 -3.0000
v 0.0000 0.0500 -3.0000
v 0.0000 0.0750 -3.0000
v 0.0000 0.1000 -3.0000
v 0.0000 -0.1000 -3.3750
v 0.0000 -0.0750 -3.3750
v 0.0000 -0.0500 -3.3750
v 0.0000 -0.0250 -3.3750
v 0.0000 0.0000 -3.3750
v 0.0000 0.0250 -3.3750
v 0.0000 0.0500 -3.3750
v 0.0000 0.0750 -3.3750
v 0.0000 0.1000 -3.3750
v 0.0000 -0.1000 -3.7500
v 0.0000 -0.0750 -3.7500
v 0.0000 -0.0500 -3.7500
v 0.0000 -0.0250 -3.7500
v 0.0000 0.0000 -3.7500
v 0.0000 0.0250 -3.7500
v 0.0000 0.0500 -3.7500
v 0.0000 0.0750 -3.7500
v 0.0000 0.1000 -3.7500
v 0.0000 -0.1000 -4.1250
v 0.0000 -0.0750 -4.1250
v 0.0000 -0.0500 -4.1250
v 0.0000 -0.0250 -4.1250
v 0.0000 0.0000 -4.1250
v 0.0000 0.0250 -4.1250
v 0.0000 0.0500 -4.1250
v 0.0000 0.0750 -4.1250
v 0.0000 0.1000 -4.1250
v 0.0000 -0.1000 -4.5000
v 0.0000 -0.0750 -4.5000
v 0.0000 -0.0500 -4.5000
v 0.0000 -0.0250 -4.5000
v 0.0000 0.0000 -4.5000
v 0.0000 0.0250 -4.5000
v 0.0000 0.0500 -4.5000
v 0.0000 0.0750 -4.5000
v 0.0000 0.1000 -4.5000
v 0.0000 -0.1000 -4.8750
v 0.0000 -0.0750 -4.8750
v 0.0000 -0.0500 -4.8750
v 0.0000 -0.0250 -4.8750
v 0.0000 0.0000 -4.8750
v 0.0000 0.0250 -4.8750
v 0.0000 0.0500 -4.8750
v 0.0000 0.0750 -4.8750
v 0.0000 0.1000 -4.8750
v 0.0000 -0.1000 -5.2500
v 0.0000 -0.0750 -5.2500
v 0.0000 -0.0500 -5.2500
v 0.0000 -0.0250 -5.2500
v 0.0000 0.0000 -5.2500
v 0.0000 0.0250 -5.2500
v 0.0000 0.0500 -5.2500
v 0.0000 0.0750 -5.2500
v 0.0000 0.1000 -5.2500
v 0.0000 -0.1000 -5.6250
v 0.0000 -0.0750 -5.6250
v 0.0000 -0.0500 -5.6250
v 0.0000 -0.0250 -5.6250
v 0.0000 0.0000 -5.6250
v 0.0000 0.0250 -5.6250
v 0.0000 0.0500 -5.6250
v 0.0000 0.0750 -5.6250
v 0.0000 0.1000 -5.6250
v 0.0000 -0.1000 -6.0000
v 0.0000 -0.0750 -6.0000
v 0.0000 -0.0500 -6.0000
v 0.0000 -0.0250 -6.0000
v 0.0000 0.0000 -6.0000
v 0.0000 0.0250 -6.0000
v 0.0000 0.0500 -6.0000
v 0.0000 0.0750 -6.0000
v 0.0000 0.1000 -6.0000
v -3.0000 0.1000 -6.0000
v -3.0000 0.1000 -5.6250
v -3.0000 0.1000 -5.2500
v -3.0000 0.1000 -4.8750
v -3.0000 0.1000 -4.5000
v -3.0000 0.1000 -4.1250
v -3.0000 0.1000 -3.7500
v -3.0000 0.1000 -3.3750
v -3.0000 0.1000 -3.0000
v -2.6250 0.1000 -6.0000
v -2.6250 0.1000 -5.6250
v -2.6250 0.1000 -5.2500
v -2.6250 0.1000 -4.8750
v -2.6250 0.1000 -4.5000
v -2.6250 0.1000 -4.1250
v -2.6250 0.1000 -3.7500
v -2.6250 0.1000 -3.3750
v -2.6250 0.1000 -3.0000
v -2.2500 0.1000 -6.0000
v -2.2500 0.1000 -5.6250
v -2.2500 0.1000 -5.2500
v -2.2500 0.1000 -4.8750
v -2.2500 0.1000 -4.5000
v -2.2500 0.1000 -4.1250
v -2.2500 0.1000 -3.7500
v -2.2500 0.1000 -3.3750
v -2.2500 0.1000 -3.0000
v -1.8750 0.1000 -6.0000
v -1.8750 0.1000 -5.6250
v -1.8750 0.1000 -5.2500
v -1.8750 0.1000 -4.8750
v -1.8750 0.1000 -4.5000
v -1.8750 0.1000 -4.1250
v -1.8750 0.1000 -3.7500
v -1.8750 0.1000 -3.3750
v -1.8750 0.1000 -3.0000
v -1.5000 0.1000 -6.0000
v -1.5000 0.1000 -5.6250
v -1.5000 0.1000 -5.2500
v -1.5000 0.1000 -4.8750
v -1.5000 0.1000 -4.5000
v -1.5000 0.1000 -4.1250
v -1.5000 0.1000 -3.7500
v -1.5000 0.1000 -3.3750
v -1.5000 0.1000 -3.0000
v -1.1250 0.1000 -6.0000
v -1.1250 0.1000 -5.6250
v -1.1250 0.1000 -5.2500
v -1.1250 0.1000 -4.8750
v -1.1250 0.1000 -4.5000
v -1.1250 0.1000 -4.1250
v -1.1250 0.1000 -3.7500
v -1.1250 0.1000 -3.3750
v -1.1250 0.1000 -3.0000
v -0.7500 0.1000 -6.0000
v -0.7500 0.1000 -5.6250
v -0.7500 0.1000 -5.2500
v -0.7500 0.1000 -4.8750
v -0.7500 0.1000 -4.5000
v -0.7500 0.1000 -4.1250
v -0.7500 0.1000 -3.7500
v -0.7500 0.1000 -3.3750
v -0.7500 0.1000 -3.0000
v -0.3750 0.1000 -6.0000
v -0.3750 0.1000 -5.6250
v -0.3750 0.1000 -5.2500
v -0.3750 0.1000 -4.8750
v -0.3750 0.1000 -4.5000
v -0.3750 0.1000 -4.1250
v -0.3750 0.1000 -3.7500
v -0.3750 0.1000 -3.3750
v -0.3750 0.1000 -3.0000
v 0.0000 0.1000 -6.0000
v 0.0000 0.1000 -5.6250
v 0.0000 0.1000 -5.2500
v 0.0000 0.1000 -4.8750
v 0.0000 0.1000 -4.5000
v 0.0000 0.1000 -4.1250
v 0.0000 0.1000 -3.7500
v 0.0000 0.1000 -3.3750
v 0.0000 0.1000 -3.0000
v -3.0000 -0.1000 -3.0000
v -3.0000 -0.1000 -3.3750
v -3.0000 -0.1000 -3.7500
v -3.0000 -0.1000 -4.1250
v -3.0000 -0.1000 -4.5000
v -3.0000 -0.1000 -4.8750
v -3.0000 -0.1000 -5.2500
v -3.0000 -0.1000 -5.6250
v -3.0000 -0.1000 -6.0000
v -2.6250 -0.1000 -3.0000
v -2.6250 -0.1000 -3.3750
v -2.6250 -0.1000 -3.7500
v -2.6250 -0.1000 -4.1250
v -2.6250 -0.1000 -4.5000
v -2.6250 -0.1000 -4.8750
v -2.6250 -0.1000 -5.2500
v -2.6250 -0.1000 -5.6250
v -2.6250 -0.1000 -6.0000
v -2.2500 -0.1000 -3.0000
v -2.2500 -0.1000 -3.3750
v -2.2500 -0.1000 -3.7500
v -2.2500 -0.1000 -4.1250
v -2.2500 -0.1000 -4.5000
v -2.2500 -0.1000 -4.8750
v -2.2500 -0.1000 -5.2500
v -2.2500 -0.1000 -5.6250
v -2.2500 -0.1000 -6.0000
v -1.8750 -0.1000 -3.0000
v -1.8750 -0.1000 -3.3750
v -1.8750 -0.1000 -3.7500
v -1.8750 -0.1000 -4.1250
v -1.8750 -0.1000 -4.5000
v -1.8750 -0.1000 -4.8750
v -1.8750 -0.1000 -5.2500
v -1.8750 -0.1000 -5.6250
v -1.8750 -0.1000 -6.0000
v -1.5000 -0.1000 -3.0000
v -1.5000 -0.1000 -3.3750
v -1.5000 -0.1000 -3.7500
v -1.5000 -0.1000 -4.1250
v -1.5000 -0.1000 -4.5000
v -1.5000 -0.1000 -4.8750
v -1.5000 -0.1000 -5.2500
v -1.5000 -0.1000 -5.6250
v -1.5000 -0.1000 -6.0000
v -1.1250 -0.1000 -3.0000
v -1.1250 -0.1000 -3.3750
v -1.1250 -0.1000 -3.7500
v -1.1250 -0.1000 -4.1250
v -1.1250 -0.1000 -4.5000
v -1.1250 -0.1000 -4.8750
v -1.1250 -0.1000 -5.2500
v -1.1250 -0.1000 -5.6250
v -1.1250 -0.1000 -6.0000
v -0.7500 -0.1000 -3.0000
v -0.7500 -0.1000 -3.3750
v -0.7500 -0.1000 -3.7500
v -0.7500 -0.1000 -4.1250
v -0.7500 -0.1000 -4.5000
v -0.7500 -0.1000 -4.8750
v -0.7500 -0.1000 -5.2500
v -0.7500 -0.1000 -5.6250
v -0.7500 -0.1000 -6.0000
v -0.3750 -0.1000 -3.0000
v -0.3750 -0.1000 -3.3750
v -0.3750 -0.1000 -3.7500
v -0.3750 -0.1000 -4.1250
v -0.3750 -0.1000 -4.5000
v -0.3750 -0.1000 -4.8750
v -0.3750 -0.1000 -5.2500
v -0.3750 -0.1000 -5.6250
v -0.3750 -0.1000 -6.0000
v 0.0000 -0.1000 -3.0000
v 0.0000 -0.1000 -3.3750
v 0.0000 -0.1000 -3.7500
v 0.0000 -0.1000 -4.1250
v 0.0000 -0.1000 -4.5000
v 0.0000 -0.1000 -4.8750
v 0.0000 -0.1000 -5.2500
v 0.0000 -0.1000 -5.6250
v 0.0000 -0.1000 -6.0000
f 1945 1946 1955
f 1945 1955 1954
f 1946 1947 1956
f 1946 1956 1955
f 1947 1948 1957
f 1947 1957 1956
f 1948 1949 1958
f 1948 1958 1957
f 1949 1950 1959
f 1949 1959 1958
f 1950 1951 1960
f 1950 1960 1959
f 1951 1952 1961
f 1951 1961 1960
f 1952 1953 1962
f 1952 1962 1961
f 1954 1955 1964
f 1954 1964 1963
f 1955 1956 1965
f 1955 1965 1964
f 1956 1957 1966
f 1956 1966 1965
f 1957 1958 1967
f 1957 1967 1966
f 1958 1959 1968
f 1958 1968 1967
f 1959 1960 1969
f 1959 1969 1968
f 1960 1961 1970
f 1960 1970 1969
f 1961 1962 1971
f 1961 1971 1970
f 1963 1964 1973
f 1963 1973 1972
f 1964 1965 1974
f 1964 1974 1973
f 1965 1966 1975
f 1965 1975 1974
f 1966 1967 1976
f 1966 1976 1975
f 1967 1968 1977
f 1967 1977 1976
f 1968 1969 1978
f 1968 1978 1977
f 1969 1970 1979
f 1969 1979 1978
f 1970 1971 1980
f 1970 1980 1979
f 1972 1973 1982
f 1972 1982 1981
f 1973 1974 1983
f 1973 1983 1982
f 1974 1975 1984
f 1974 1984 1983
f 1975 1976 1985
f 1975 1985 1984
f 1976 1977 1986
f 1976 1986 1985
f 1977 1978 1987
f 1977 1987 1986
f 1978 1979 1988
f 1978 1988 1987
f 1979 1980 1989
f 1979 1989 1988
f 1981 1982 1991
f 1981 1991 1990
f 1982 1983 1992
f 1982 1992 1991
f 1983 1984 1993
f 1983 1993 1992
f 1984 1985 1994
f 1984 1994 1993
f 1985 1986 1995
f 1985 1995 1994
f 1986 1987 1996
f 1986 1996 1995
f 1987 1988 1997
f 1987 1997 1996
f 1988 1989 1998
f 1988 1998 1997
f 1990 1991 2000
f 1990 2000 1999
f 1991 1992 2001
f 1991 2001 2000
f 1992 1993 2002
f 1992 2002 2001
f 1993 1994 2003
f 1993 2003 2002
f 1994 1995 2004
f 1994 2004 2003
f 1995 1996 2005
f 1995 2005 2004
f 1996 1997 2006
f 1996 2006 2005
f 1997 1998 2007
f 1997 2007 2006
f 1999 2000 2009
f 1999 2009 2008
f 2000 2001 2010
f 2000 2010 2009
f 2001 2002 2011
f 2001 2011 2010
f 2002 2003 2012
f 2002 2012 2011
f 2003 2004 2013
f 2003 2013 2012
f 2004 2005 2014
f 2004 2014 2013
f 2005 2006 2015
f 2005 2015 2014
f 2006 2007 2016
f 2006 2016 2015
f 2008 2009 2018
f 2008 2018 2017
f 2009 2010 2019
f 2009 2019 2018
f 2010 2011 2020
f 2010 2020 2019
f 2011 2012 2021
f 2011 2021 2020
f 2012 2013 2022
f 2012 2022 2021
f 2013 2014 2023
f 2013 2023 2022
f 2014 2015 2024
f 2014 2024 2023
f 2015 2016 2025
f 2015 2025 2024
f 2026 2027 2036
f 2026 2036 2035
f 2027 2028 2037
f 2027 2037 2036
f 2028 2029 2038
f 2028 2038 2037
f 2029 2030 2039
f 2029 2039 2038
f 2030 2031 2040
f 2030 2040 2039
f 2031 2032 2041
f 2031 2041 2040
f 2032 2033 2042
f 2032 2042 2041
f 2033 2034 2043
f 2033 2043 2042
f 2035 2036 2045
f 2035 2045 2044
f 2036 2037 2046
f 2036 2046 2045
f 2037 2038 2047
f 2037 2047 2046
f 2038 2039 2048
f 2038 2048 2047
f 2039 2040 2049
f 2039 2049 2048
f 2040 2041 2050
f 2040 2050 2049
f 2041 2042 2051
f 2041 2051 2050
f 2042 2043 2052
f 2042 2052 2051
f 2044 2045 2054
f 2044 2054 2053
f 2045 2046 2055
f 2045 2055 2054
f 2046 2047 2056
f 2046 2056 2055
f 2047 2048 2057
f 2047 2057 2056
f 2048 2049 2058
f 2048 2058 2057
f 2049 2050 2059
f 2049 2059 2058
f 2050 2051 2060
f 2050 2060 2059
f 2051 2052 2061
f 2051 2061 2060
f 2053 2054 2063
f 2053 2063 2062
f 2054 2055 2064
f 2054 2064 2063
f 2055 2056 2065
f 2055 2065 2064
f 2056 2057 2066
f 2056 2066 2065
f 2057 2058 2067
f 2057 2067 2066
f 2058 2059 2068
f 2058 2068 2067
f 2059 2060 2069
f 2059 2069 2068
f 2060 2061 2070
f 2060 2070 2069
f 2062 2063 2072
f 2062 2072 2071
f 2063 2064 2073
f 2063 2073 2072
f 2064 2065 2074
f 2064 2074 2073
f 2065 2066 2075
f 2065 2075 2074
f 2066 2067 2076
f 2066 2076 2075
f 2067 2068 2077
f 2067 2077 2076
f 2068 2069 2078
f 2068 2078 2077
f 2069 2070 2079
f 2069 2079 2078
f 2071 2072 2081
f 2071 2081 2080
f 2072 2073 2082
f 2072 2082 2081
f 2073 2074 2083
f 2073 2083 2082
f 2074 2075 2084
f 2074 2084 2083
f 2075 2076 2085
f 2075 2085 2084
f 2076 2077 2086
f 2076 2086 2085
f 2077 2078 2087
f 2077 2087 2086
f 2078 2079 2088
f 2078 2088 2087
f 2080 2081 2090
f 2080 2090 2089
f 2081 2082 2091
f 2081 2091 2090
f 2082 2083 2092
f 2082 2092 2091
f 2083 2084 2093
f 2083 2093 2092
f 2084 2085 2094
f 2084 2094 2093
f 2085 2086 2095
f 2085 2095 2094
f 2086 2087 2096
f 2086 2096 2095
f 2087 2088 2097
f 2087 2097 2096
f 2089 2090 2099
f 2089 2099 2098
f 2090 2091 2100
f 2090 2100 2099
f 2091 2092 2101
f 2091 2101 2100
f 2092 2093 2102
f 2092 2102 2101
f 2093 2094 2103
f 2093 2103 2102
f 2094 2095 2104
f 2094 2104 2103
f 2095 2096 2105
f 2095 2105 2104
f 2096 2097 2106
f 2096 2106 2105
f 2107 2108 2117
f 2107 2117 2116
f 2108 2109 2118
f 2108 2118 2117
f 2109 2110 2119
f 2109 2119 2118
f 2110 2111 2120
f 2110 2120 2119
f 2111 2112 2121
f 2111 2121 2120
f 2112 2113 2122
f 2112 2122 2121
f 2113 2114 2123
f 2113 2123 2122
f 2114 2115 2124
f 2114 2124 2123
f 2116 2117 2126
f 2116 2126 2125
f 2117 2118 2127
f 2117 2127 2126
f 2118 2119 2128
f 2118 2128 2127
f 2119 2120 2129
f 2119 2129 2128
f 2120 2121 2130
f 2120 2130 2129
f 2121 2122 2131
f 2121 2131 2130
f 2122 2123 2132
f 2122 2132 2131
f 2123 2124 2133
f 2123 2133 2132
f 2125 2126 2135
f 2125 2135 2134
f 2126 2127 2136
f 2126 2136 2135
f 2127 2128 2137
f 2127 2137 2136
f 2128 2129 2138
f 2128 2138 2137
f 2129 2130 2139
f 2129 2139 2138
f 2130 2131 2140
f 2130 2140 2139
f 2131 2132 2141
f 2131 2141 2140
f 2132 2133 2142
f 2132 2142 2141
f 2134 2135 2144
f 2134 2144 2143
f 2135 2136 2145
f 2135 2145 2144
f 2136 2137 2146
f 2136 2146 2145
f 2137 2138 2147
f 2137 2147 2146
f 2138 2139 2148
f 2138 2148 2147
f 2139 2140 2149
f 2139 2149 2148
f 2140 2141 2150
f 2140 2150 2149
f 2141 2142 2151
f 2141 2151 2150
f 2143 2144 2153
f 2143 2153 2152
f 2144 2145 2154
f 2144 2154 2153
f 2145 2146 2155
f 2145 2155 2154
f 2146 2147 2156
f 2146 2156 2155
f 2147 2148 2157
f 2147 2157 2156
f 2148 2149 2158
f 2148 2158 2157
f 2149 2150 2159
f 2149 2159 2158
f 2150 2151 2160
f 2150 2160 2159
f 2152 2153 2162
f 2152 2162 2161
f 2153 2154 2163
f 2153 2163 2162
f 2154 2155 2164
f 2154 2164 2163
f 2155 2156 2165
f 2155 2165 2164
f 2156 2157 2166
f 2156 2166 2165
f 2157 2158 2167
f 2157 2167 2166
f 2158 2159 2168
f 2158 2168 2167
f 2159 2160 2169
f 2159 2169 2168
f 2161 2162 2171
f 2161 2171 2170
f 2162 2163 2172
f 2162 2172 2171
f 2163 2164 2173
f 2163 2173 2172
f 2164 2165 2174
f 2164 2174 2173
f 2165 2166 2175
f 2165 2175 2174
f 2166 2167 2176
f 2166 2176 2175
f 2167 2168 2177
f 2167 2177 2176
f 2168 2169 2178
f 2168 2178 2177
f 2170 2171 2180
f 2170 2180 2179
f 2171 2172 2181
f 2171 2181 2180
f 2172 2173 2182
f 2172 2182 2181
f 2173 2174 2183
f 2173 2183 2182
f 2174 2175 2184
f 2174 2184 2183
f 2175 2176 2185
f 2175 2185 2184
f 2176 2177 2186
f 2176 2186 2185
f 2177 2178 2187
f 2177 2187 2186
f 2188 2189 2198
f 2188 2198 2197
f 2189 2190 2199
f 2189 2199 2198
f 2190 2191 2200
f 2190 2200 2199
f 2191 2192 2201
f 2191 2201 2200
f 2192 2193 2202
f 2192 2202 2201
f 2193 2194 2203
f 2193 2203 2202
f 2194 2195 2204
f 2194 2204 2203
f 2195 2196 2205
f 2195 2205 2204
f 2197 2198 2207
f 2197 2207 2206
f 2198 2199 2208
f 2198 2208 2207
f 2199 2200 2209
f 2199 2209 2208
f 2200 2201 2210
f 2200 2210 2209
f 2201 2202 2211
f 2201 2211 2210
f 2202 2203 2212
f 2202 2212 2211
f 2203 2204 2213
f 2203 2213 2212
f 2204 2205 2214
f 2204 2214 2213
f 2206 2207 2216
f 2206 2216 2215
f 2207 2208 2217
f 2207 2217 2216
f 2208 2209 2218
f 2208 2218 2217
f 2209 2210 2219
f 2209 2219 2218
f 2210 2211 2220
f 2210 2220 2219
f 2211 2212 2221
f 2211 2221 2220
f 2212 2213 2222
f 2212 2222 2221
f 2213 2214 2223
f 2213 2223 2222
f 2215 2216 2225
f 2215 2225 2224
f 2216 2217 2226
f 2216 2226 2225
f 2217 2218 2227
f 2217 2227 2226
f 2218 2219 2228
f 2218 2228 2227
f 2219 2220 2229
f 2219 2229 2228
f 2220 2221 2230
f 2220 2230 2229
f 2221 2222 2231
f 2221 2231 2230
f 2222 2223 2232
f 2222 2232 2231
f 2224 2225 2234
f 2224 2234 2233
f 2225 2226 2235
f 2225 2235 2234
f 2226 2227 2236
f 2226 2236 2235
f 2227 2228 2237
f 2227 2237 2236
f 2228 2229 2238
f 2228 2238 2237
f 2229 2230 2239
f 2229 2239 2238
f 2230 2231 2240
f 2230 2240 2239
f 2231 2232 2241
f 2231 2241 2240
f 2233 2234 2243
f 2233 2243 2242
f 2234 2235 2244
f 2234 2244 2243
f 2235 2236 2245
f 2235 2245 2244
f 2236 2237 2246
f 2236 2246 2245
f 2237 2238 2247
f 2237 2247 2246
f 2238 2239 2248
f 2238 2248 2247
f 2239 2240 2249
f 2239 2249 2248
f 2240 2241 2250
f 2240 2250 2249
f 2242 2243 2252
f 2242 2252 2251
f 2243 2244 2253
f 2243 2253 2252
f 2244 2245 2254
f 2244 2254 2253
f 2245 2246 2255
f 2245 2255 2254
f 2246 2247 2256
f 2246 2256 2255
f 2247 2248 2257
f 2247 2257 2256
f 2248 2249 2258
f 2248 2258 2257
f 2249 2250 2259
f 2249 2259 2258
f 2251 2252 2261
f 2251 2261 2260
f 2252 2253 2262
f 2252 2262 2261
f 2253 2254 2263
f 2253 2263 2262
f 2254 2255 2264
f 2254 2264 2263
f 2255 2256 2265
f 2255 2265 2264
f 2256 2257 2266
f 2256 2266 2265
f 2257 2258 2267
f 2257 2267 2266
f 2258 2259 2268
f 2258 2268 2267
f 2269 2270 2279
f 2269 2279 2278
f 2270 2271 2280
f 2270 2280 2279
f 2271 2272 2281
f 2271 2281 2280
f 2272 2273 2282
f 2272 2282 2281
f 2273 2274 2283
f 2273 2283 2282
f 2274 2275 2284
f 2274 2284 2283
f 2275 2276 2285
f 2275 2285 2284
f 2276 2277 2286
f 2276 2286 2285
f 2278 2279 2288
f 2278 2288 2287
f 2279 2280 2289
f 2279 2289 2288
f 2280 2281 2290
f 2280 2290 2289
f 2281 2282 2291
f 2281 2291 2290
f 2282 2283 2292
f 2282 2292 2291
f 2283 2284 2293
f 2283 2293 2292
f 2284 2285 2294
f 2284 2294 2293
f 2285 2286 2295
f 2285 2295 2294
f 2287 2288 2297
f 2287 2297 2296
f 2288 2289 2298
f 2288 2298 2297
f 2289 2290 2299
f 2289 2299 2298
f 2290 2291 2300
f 2290 2300 2299
f 2291 2292 2301
f 2291 2301 2300
f 2292 2293 2302
f 2292 2302 2301
f 2293 2294 2303
f 2293 2303 2302
f 2294 2295 2304
f 2294 2304 2303
f 2296 2297 2306
f 2296 2306 2305
f 2297 2298 2307
f 2297 2307 2306
f 2298 2299 2308
f 2298 2308 2307
f 2299 2300 2309
f 2299 2309 2308
f 2300 2301 2310
f 2300 2310 2309
f 2301 2302 2311
f 2301 2311 2310
f 2302 2303 2312
f 2302 2312 2311
f 2303 2304 2313
f 2303 2313 2312
f 2305 2306 2315
f 2305 2315 2314
f 2306 2307 2316
f 2306 2316 2315
f 2307 2308 2317
f 2307 2317 2316
f 2308 2309 2318
f 2308 2318 2317
f 2309 2310 2319
f 2309 2319 2318
f 2310 2311 2320
f 2310 2320 2319
f 2311 2312 2321
f 2311 2321 2320
f 2312 2313 2322
f 2312 2322 2321
f 2314 2315 2324
f 2314 2324 2323
f 2315 2316 2325
f 2315 2325 2324
f 2316 2317 2326
f 2316 2326 2325
f 2317 2318 2327
f 2317 2327 2326
f 2318 2319 2328
f 2318 2328 2327
f 2319 2320 2329
f 2319 2329 2328
f 2320 2321 2330
f 2320 2330 2329
f 2321 2322 2331
f 2321 2331 2330
f 2323 2324 2333
f 2323 2333 2332
f 2324 2325 2334
f 2324 2334 2333
f 2325 2326 2335
f 2325 2335 2334
f 2326 2327 2336
f 2326 2336 2335
f 2327 2328 2337
f 2327 2337 2336
f 2328 2329 2338
f 2328 2338 2337
f 2329 2330 2339
f 2329 2339 2338
f 2330 2331 2340
f 2330 2340 2339
f 2332 2333 2342
f 2332 2342 2341
f 2333 2334 2343
f 2333 2343 2342
f 2334 2335 2344
f 2334 2344 2343
f 2335 2336 2345
f 2335 2345 2344
f 2336 2337 2346
f 2336 2346 2345
f 2337 2338 2347
f 2337 2347 2346
f 2338 2339 2348
f 2338 2348 2347
f 2339 2340 2349
f 2339 2349 2348
f 2350 2351 2360
f 2350 2360 2359
f 2351 2352 2361
f 2351 2361 2360
f 2352 2353 2362
f 2352 2362 2361
f 2353 2354 2363
f 2353 2363 2362
f 2354 2355 2364
f 2354 2364 2363
f 2355 2356 2365
f 2355 2365 2364
f 2356 2357 2366
f 2356 2366 2365
f 2357 2358 2367
f 2357 2367 2366
f 2359 2360 2369
f 2359 2369 2368
f 2360 2361 2370
f 2360 2370 2369
f 2361 2362 2371
f 2361 2371 2370
f 2362 2363 2372
f 2362 2372 2371
f 2363 2364 2373
f 2363 2373 2372
f 2364 2365 2374
f 2364 2374 2373
f 2365 2366 2375
f 2365 2375 2374
f 2366 2367 2376
f 2366 2376 2375
f 2368 2369 2378
f 2368 2378 2377
f 2369 2370 2379
f 2369 2379 2378
f 2370 2371 2380
f 2370 2380 2379
f 2371 2372 2381
f 2371 2381 2380
f 2372 2373 2382
f 2372 2382 2381
f 2373 2374 2383
f 2373 2383 2382
f 2374 2375 2384
f 2374 2384 2383
f 2375 2376 2385
f 2375 2385 2384
f 2377 2378 2387
f 2377 2387 2386
f 2378 2379 2388
f 2378 2388 2387
f 2379 2380 2389
f 2379 2389 2388
f 2380 2381 2390
f 2380 2390 2389
f 2381 2382 2391
f 2381 2391 2390
f 2382 2383 2392
f 2382 2392 2391
f 2383 2384 2393
f 2383 2393 2392
f 2384 2385 2394
f 2384 2394 2393
f 2386 2387 2396
f 2386 2396 2395
f 2387 2388 2397
f 2387 2397 2396
f 2388 2389 2398
f 2388 2398 2397
f 2389 2390 2399
f 2389 2399 2398
f 2390 2391 2400
f 2390 2400 2399
f 2391 2392 2401
f 2391 2401 2400
f 2392 2393 2402
f 2392 2402 2401
f 2393 2394 2403
f 2393 2403 2402
f 2395 2396 2405
f 2395 2405 2404
f 2396 2397 2406
f 2396 2406 2405
f 2397 2398 2407
f 2397 2407 2406
f 2398 2399 2408
f 2398 2408 2407
f 2399 2400 2409
f 2399 2409 2408
f 2400 2401 2410
f 2400 2410 2409
f 2401 2402 2411
f 2401 2411 2410
f 2402 2403 2412
f 2402 2412 2411
f 2404 2405 2414
f 2404 2414 2413
f 2405 2406 2415
f 2405 2415 2414
f 2406 2407 2416
f 2406 2416 2415
f 2407 2408 2417
f 2407 2417 2416
f 2408 2409 2418
f 2408 2418 2417
f 2409 2410 2419
f 2409 2419 2418
f 2410 2411 2420
f 2410 2420 2419
f 2411 2412 2421
f 2411 2421 2420
f 2413 2414 2423
f 2413 2423 2422
f 2414 2415 2424
f 2414 2424 2423
f 2415 2416 2425
f 2415 2425 2424
f 2416 2417 2426
f 2416 2426 2425
f 2417 2418 2427
f 2417 2427 2426
f 2418 2419 2428
f 2418 2428 2427
f 2419 2420 2429
f 2419 2429 2428
f 2420 2421 2430
f 2420 2430 2429
g 바닥_5
v -3.0000 -0.1000 0.0000
v -3.0000 -0.0750 0.0000
v -3.0000 -0.0500 0.0000
v -3.0000 -0.0250 0.0000
v -3.0000 0.0000 0.0000
v -3.0000 0.0250 0.0000
v -3.0000 0.0500 0.0000
v -3.0000 0.0750 0.0000
v -3.0000 0.1000 0.0000
v -2.6250 -0.1000 0.0000
v -2.6250 -0.0750 0.0000
v -2.6250 -0.0500 0.0000
v -2.6250 -0.0250 0.0000
v -2.6250 0.0000 0.0000
v -2.6250 0.0250 0.0000
v -2.6250 0.0500 0.0000
v -2.6250 0.0750 0.0000
v -2.6250 0.1000 0.0000
v -2.2500 -0.1000 0.0000
v -2.2500 -0.0750 0.0000
v -2.2500 -0.0500 0.0000
v -2.2500 -0.0250 0.0000
v -2.2500 0.0000 0.0000
v -2.2500 0.0250 0.0000
v -2.2500 0.0500 0.0000
v -2.2500 0.0750 0.0000
v -2.2500 0.1000 0.0000
v -1.8750 -0.1000 0.0000
v -1.8750 -0.0750 0.0000
v -1.8750 -0.0500 0.0000
v -1.8750 -0.0250 0.0000
v -1.8750 0.0000 0.0000
v -1.8750 0.0250 0.0000
v -1.8750 0.0500 0.0000
v -1.8750 0.0750 0.0000
v -1.8750 0.1000 0.0000
v -1.5000 -0.1000 0.0000
v -1.5000 -0.0750 0.0000
v -1.5000 -0.0500 0.0000
v -1.5000 -0.0250 0.0000
v -1.5000 0.0000 0.0000
v -1.5000 0.0250 0.0000
v -1.5000 0.0500 0.0000
v -1.5000 0.0750 0.0000
v -1.5000 0.1000 0.0000
v -1.1250 -0.1000 0.0000
v -1.1250 -0.0750 0.0000
v -1.1250 -0.0500 0.0000
v -1.1250 -0.0250 0.0000
v -1.1250 0.0000 0.0000
v -1.1250 0.0250 0.0000
v -1.1250 0.0500 0.0000
v -1.1250 0.0750 0.0000
v -1.1250 0.1000 0.0000
v -0.7500 -0.1000 0.0000
v -0.7500 -0.0750 0.0000
v -0.7500 -0.0500 0.0000
v -0.7500 -0.0250 0.0000
v -0.7500 0.0000 0.0000
v -0.7500 0.0250 0.0000
v -0.7500 0.0500 0.0000
v -0.7500 0.0750 0.0000
v -0.7500 0.1000 0.0000
v -0.3750 -0.1000 0.0000
v -0.3750 -0.0750 0.0000
v -0.3750 -0.0500 0.0000
v -0.3750 -0.0250 0.0000
v -0.3750 0.0000 0.0000
v -0.3750 0.0250 0.0000
v -0.3750 0.0500 0.0000
v -0.3750 0.0750 0.0000
v -0.3750 0.1000 0.0000
v 0.0000 -0.1000 0.0000
v 0.0000 -0.0750 0.0000
v 0.0000 -0.0500 0.0000
v 0.0000 -0.0250 0.0000
v 0.0000 0.0000 0.0000
v 0.0000 0.0250 0.0000
v 0.0000 0.0500 0.0000
v 0.0000 0.0750 0.0000
v 0.0000 0.1000 0.0000
v 0.0000 -0.1000 -3.0000
v 0.0000 -0.0750 -3.0000
v 0.0000 -0.0500 -3.0000
v 0.0000 -0.0250 -3.0000
v 0.0000 0.0000 -3.0000
v 0.0000 0.0250 -3.0000
v 0.0000 0.0500 -3.0000
v 0.0000 0.0750 -3.0000
v 0.0000 0.1000 -3.0000
v -0.3750 -0.1000 -3.0000
v -0.3750 -0.0750 -3.0000
v -0.3750 -0.0500 -3.0000
v -0.3750 -0.0250 -3.0000
v -0.3750 0.0000 -3.0000
v -0.3750 0.0250 -3.0000
v -0.3750 0.0500 -3.0000
v -0.3750 0.0750 -3.0000
v -0.3750 0.1000 -3.0000
v -0.7500 -0.1000 -3.0000
v -0.7500 -0.0750 -3.0000
v -0.7500 -0.0500 -3.0000
v -0.7500 -0.0250 -3.0000
v -0.7500 0.0000 -3.0000
v -0.7500 0.0250 -3.0000
v -0.7500 0.0500 -3.0000
v -0.7500 0.0750 -3.0000
v -0.7500 0.1000 -3.0000
v -1.1250 -0.1000 -3.0000
v -1.1250 -0.0750 -3.0000
v -1.1250 -0.0500 -3.0000
v -1.1250 -0.0250 -3.0000
v -1.1250 0.0000 -3.0000
v -1.1250 0.0250 -3.0000
v -1.1250 0.0500 -3.0000
v -1.1250 0.0750 -3.0000
v -1.1250 0.1000 -3.0000
v -1.5000 -0.1000 -3.0000
v -1.5000 -0.0750 -3.0000
v -1.5000 -0.0500 -3.0000
v -1.5000 -0.0250 -3.0000
v -1.5000 0.0000 -3.0000
v -1.5000 0.0250 -3.0000
v -1.5000 0.0500 -3.0000
v -1.5000 0.0750 -3.0000
v -1.5000 0.1000 -3.0000
v -1.8750 -0.1000 -3.0000
v -1.8750 -0.0750 -3.0000
v -1.8750 -0.0500 -3.0000
v -1.8750 -0.0250 -3.0000
v -1.8750 0.0000 -3.0000
v -1.8750 0.0250 -3.0000
v -1.8750 0.0500 -3.0000
v -1.8750 0.0750 -3.0000
v -1.8750 0.1000 -3.0000
v -2.2500 -0.1000 -3.0000
v -2.2500 -0.0750 -3.0000
v -2.2500 -0.0500 -3.0000
v -2.2500 -0.0250 -3.0000
v -2.2500 0.0000 -3.0000
v -2.2500 0.0250 -3.0000
v -2.2500 0.0500 -3.0000
v -2.2500 0.0750 -3.0000
v -2.2500 0.1000 -3.0000
v -2.6250 -0.1000 -3.0000
v -2.6250 -0.0750 -3.0000
v -2.6250 -0.0500 -3.0000
v -2.6250 -0.0250 -3.0000
v -2.6250 0.0000 -3.0000
v -2.6250 0.0250 -3.0000
v -2.6250 0.0500 -3.0000
v -2.6250 0.0750 -3.0000
v -2.6250 0.1000 -3.0000
v -3.0000 -0.1000 -3.0000
v -3.0000 -0.0750 -3.0000
v -3.0000 -0.0500 -3.0000
v -3.0000 -0.0250 -3.0000
v -3.0000 0.0000 -3.0000
v -3.0000 0.0250 -3.0000
v -3.0000 0.0500 -3.0000
v -3.0000 0.0750 -3.0000
v -3.0000 0.1000 -3.0000
v -3.0000 -0.1000 -3.0000
v -3.0000 -0.0750 -3.0000
v -3.0000 -0.0500 -3.0000
v -3.0000 -0.0250 -3.0000
v -3.0000 0.0000 -3.0000
v -3.0000 0.0250 -3.0000
v -3.0000 0.0500 -3.0000
v -3.0000 0.0750 -3.0000
v -3.0000 0.1000 -3.0000
v -3.0000 -0.1000 -2.6250
v -3.0000 -0.0750 -2.6250
v -3.0000 -0.0500 -2.6250
v -3.0000 -0.0250 -2.6250
v -3.0000 0.0000 -2.6250
v -3.0000 0.0250 -2.6250
v -3.0000 0.0500 -2.6250
v -3.0000 0.0750 -2.6250
v -3.0000 0.1000 -2.6250
v -3.0000 -0.1000 -2.2500
v -3.0000 -0.0750 -2.2500
v -3.0000 -0.0500 -2.2500
v -3.0000 -0.0250 -2.2500
v -3.0000 0.0000 -2.2500
v -3.0000 0.0250 -2.2500
v -3.0000 0.0500 -2.2500
v -3.0000 0.0750 -2.2500
v -3.0000 0.1000 -2.2500
v -3.0000 -0.1000 -1.8750
v -3.0000 -0.0750 -1.8750
v -3.0000 -0.0500 -1.8750
v -3.0000 -0.0250 -1.8750
v -3.0000 0.0000 -1.8750
v -3.0000 0.0250 -1.8750
v -3.0000 0.0500 -1.8750
v -3.0000 0.0750 -1.8750
v -3.0000 0.1000 -1.8750
v -3.0000 -0.1000 -1.5000
v -3.0000 -0.0750 -1.5000
v -3.0000 -0.0500 -1.5000
v -3.0000 -0.0250 -1.5000
v -3.0000 0.0000 -1.5000
v -3.0000 0.0250 -1.5000
v -3.0000 0.0500 -1.5000
v -3.0000 0.0750 -1.5000
v -3.0000 0.1000 -1.5000
v -3.0000 -0.1000 -1.1250
v -3.0000 -0.0750 -1.1250
v -3.0000 -0.0500 -1.1250
v -3.0000 -0.0250 -1.1250
v -3.0000 0.0000 -1.1250
v -3.0000 0.0250 -1.1250
v -3.0000 0.0500 -1.1250
v -3.0000 0.0750 -1.1250
v -3.0000 0.1000 -1.1250
v -3.0000 -0.1000 -0.7500
v -3.0000 -0.0750 -0.7500
v -3.0000 -0.0500 -0.7500
v -3.0000 -0.0250 -0.7500
v -3.0000 0.0000 -0.7500
v -3.0000 0.0250 -0.7500
v -3.0000 0.0500 -0.7500
v -3.0000 0.0750 -0.7500
v -3.0000 0.1000 -0.7500
v -3.0000 -0.1000 -0.3750
v -3.0000 -0.0750 -0.3750
v -3.0000 -0.0500 -0.3750
v -3.0000 -0.0250 -0.3750
v -3.0000 0.0000 -0.3750
v -3.0000 0.0250 -0.3750
v -3.0000 0.0500 -0.3750
v -3.0000 0.0750 -0.3750
v -3.0000 0.1000 -0.3750
v -3.0000 -0.1000 0.0000
v -3.0000 -0.0750 0.0000
v -3.0000 -0.0500 0.0000
v -3.0000 -0.0250 0.0000
v -3.0000 0.0000 0.0000
v -3.0000 0.0250 0.0000
v -3.0000 0.0500 0.0000
v -3.0000 0.0750 0.0000
v -3.0000 0.1000 0.0000
v 0.0000 -0.1000 0.0000
v 0.0000 -0.0750 0.0000
v 0.0000 -0.0500 0.0000
v 0.0000 -0.0250 0.0000
v 0.0000 0.0000 0.0000
v 0.0000 0.0250 0.0000
v 0.0000 0.0500 0.0000
v 0.0000 0.0750 0.0000
v 0.0000 0.1000 0.0000
v 0.0000 -0.1000 -0.3750
v 0.0000 -0.0750 -0.3750
v 0.0000 -0.0500 -0.3750
v 0.0000 -0.0250 -0.3750
v 0.0000 0.0000 -0.3750
v 0.0000 0.0250 -0.3750
v 0.0000 0.0500 -0.3750
v 0.0000 0.0750 -0.3750
v 0.0000 0.1000 -0.3750
v 0.0000 -0.1000 -0.7500
v 0.0000 -0.0750 -0.7500
v 0.0000 -0.0500 -0.7500
v 0.0000 -0.0250 -0.7500
v 0.0000 0.0000 -0.7500
v 0.0000 0.0250 -0.7500
v 0.0000 0.0500 -0.7500
v 0.0000 0.0750 -0.7500
v 0.0000 0.1000 -0.7500
v 0.0000 -0.1000 -1.1250
v 0.0000 -0.0750 -1.1250
v 0.0000 -0.0500 -1.1250
v 0.0000 -0.0250 -1.1250
v 0.0000 0.0000 -1.1250
v 0.0000 0.0250 -1.1250
v 0.0000 0.0500 -1.1250
v 0.0000 0.0750 -1.1250
v 0.0000 0.1000 -1.1250
v 0.0000 -0.1000 -1.5000
v 0.0000 -0.0750 -1.5000
v 0.0000 -0.0500 -1.5000
v 0.0000 -0.0250 -1.5000
v 0.0000 0.0000 -1.5000
v 0.0000 0.0250 -1.5000
v 0.0000 0.0500 -1.5000
v 0.0000 0.0750 -1.5000
v 0.0000 0.1000 -1.5000
v 0.0000 -0.1000 -1.8750
v 0.0000 -0.0750 -1.8750
v 0.0000 -0.0500 -1.8750
v 0.0000 -0.0250 -1.8750
v 0.0000 0.0000 -1.8750
v 0.0000 0.0250 -1.8750
v 0.0000 0.0500 -1.8750
v 0.0000 0.0750 -1.8750
v 0.0000 0.1000 -1.8750
v 0.0000 -0.1000 -2.2500
v 0.0000 -0.0750 -2.2500
v 0.0000 -0.0500 -2.2500
v 0.0000 -0.0250 -2.2500
v 0.0000 0.0000 -2.2500
v 0.0000 0.0250 -2.2500
v 0.0000 0.0500 -2.2500
v 0.0000 0.0750 -2.2500
v 0.0000 0.1000 -2.2500
v 0.0000 -0.1000 -2.6250
v 0.0000 -0.0750 -2.6250
v 0.0000 -0.0500 -2.6250
v 0.0000 -0.0250 -2.6250
v 0.0000 0.0000 -2.6250
v 0.0000 0.0250 -2.6250
v 0.0000 0.0500 -2.6250
v 0.0000 0.0750 -2.6250
v 0.0000 0.1000 -2.6250
v 0.0000 -0.1000 -3.0000
v 0.0000 -0.0750 -3.0000
v 0.0000 -0.0500 -3.0000
v 0.0000 -0.0250 -3.0000
v 0.0000 0.0000 -3.0000
v 0.0000 0.0250 -3.0000
v 0.0000 0.0500 -3.0000
v 0.0000 0.0750 -3.0000
v 0.0000 0.1000 -3.0000
v -3.0000 0.1000 -3.0000
v -3.0000 0.1000 -2.6250
v -3.0000 0.1000 -2.2500
v -3.0000 0.1000 -1.8750
v -3.0000 0.1000 -1.5000
v -3.0000 0.1000 -1.1250
v -3.0000 0.1000 -0.7500
v -3.0000 0.1000 -0.3750
v -3.0000 0.1000 0.0000
v -2.6250 0.1000 -3.0000
v -2.6250 0.1000 -2.6250
v -2.6250 0.1000 -2.2500
v -2.6250 0.1000 -1.8750
v -2.6250 0.1000 -1.5000
v -2.6250 0.1000 -1.1250
v -2.6250 0.1000 -0.7500
v -2.6250 0.1000 -0.3750
v -2.6250 0.1000 0.0000
v -2.2500 0.1000 -3.0000
v -2.2500 0.1000 -2.6250
v -2.2500 0.1000 -2.2500
v -2.2500 0.1000 -1.8750
v -2.2500 0.1000 -1.5000
v -2.2500 0.1000 -1.1250
v -2.2500 0.1000 -0.7500
v -2.2500 0.1000 -0.3750
v -2.2500 0.1000 0.0000
v -1.8750 0.1000 -3.0000
v -1.8750 0.1000 -2.6250
v -1.8750 0.1000 -2.2500
v -1.8750 0.1000 -1.8750
v -1.8750 0.1000 -1.5000
v -1.8750 0.1000 -1.1250
v -1.8750 0.1000 -0.7500
v -1.8750 0.1000 -0.3750
v -1.8750 0.1000 0.0000
v -1.5000 0.1000 -3.0000
v -1.5000 0.1000 -2.6250
v -1.5000 0.1000 -2.2500
v -1.5000 0.1000 -1.8750
v -1.5000 0.1000 -1.5000
v -1.5000 0.1000 -1.1250
v -1.5000 0.1000 -0.7500
v -1.5000 0.1000 -0.3750
v -1.5000 0.1000 0.0000
v -1.1250 0.1000 -3.0000
v -1.1250 0.1000 -2.6250
v -1.1250 0.1000 -2.2500
v -1.1250 0.1000 -1.8750
v -1.1250 0.1000 -1.5000
v -1.1250 0.1000 -1.1250
v -1.1250 0.1000 -0.7500
v -1.1250 0.1000 -0.3750
v -1.1250 0.1000 0.0000
v -0.7500 0.1000 -3.0000
v -0.7500 0.1000 -2.6250
v -0.7500 0.1000 -2.2500
v -0.7500 0.1000 -1.8750
v -0.7500 0.1000 -1.5000
v -0.7500 0.1000 -1.1250
v -0.7500 0.1000 -0.7500
v -0.7500 0.1000 -0.3750
v -0.7500 0.1000 0.0000
v -0.3750 0.1000 -3.0000
v -0.3750 0.1000 -2.6250
v -0.3750 0.1000 -2.2500
v -0.3750 0.1000 -1.8750
v -0.3750 0.1000 -1.5000
v -0.3750 0.1000 -1.1250
v -0.3750 0.1000 -0.7500
v -0.3750 0.1000 -0.3750
v -0.3750 0.1000 0.0000
v 0.0000 0.1000 -3.0000
v 0.0000 0.1000 -2.6250
v 0.0000 0.1000 -2.2500
v 0.0000 0.1000 -1.8750
v 0.0000 0.1000 -1.5000
v 0.0000 0.1000 -1.1250
v 0.0000 0.1000 -0.7500
v 0.0000 0.1000 -0.3750
v 0.0000 0.1000 0.0000
v -3.0000 -0.1000 0.0000
v -3.0000 -0.1000 -0.3750
v -3.0000 -0.1000 -0.7500
v -3.0000 -0.1000 -1.1250
v -3.0000 -0.1000 -1.5000
v -3.0000 -0.1000 -1.8750
v -3.0000 -0.1000 -2.2500
v -3.0000 -0.1000 -2.6250
v -3.0000 -0.1000 -3.0000
v -2.6250 -0.1000 0.0000
v -2.6250 -0.1000 -0.3750
v -2.6250 -0.1000 -0.7500
v -2.6250 -0.1000 -1.1250
v -2.6250 -0.1000 -1.5000
v -2.6250 -0.1000 -1.8750
v -2.6250 -0.1000 -2.2500
v -2.6250 -0.1000 -2.6250
v -2.6250 -0.1000 -3.0000
v -2.2500 -0.1000 0.0000
v -2.2500 -0.1000 -0.3750
v -2.2500 -0.1000 -0.7500
v -2.2500 -0.1000 -1.1250
v -2.2500 -0.1000 -1.5000
v -2.2500 -0.1000 -1.8750
v -2.2500 -0.1000 -2.2500
v -2.2500 -0.1000 -2.6250
v -2.2500 -0.1000 -3.0000
v -1.8750 -0.1000 0.0000
v -1.8750 -0.1000 -0.3750
v -1.8750 -0.1000 -0.7500
v -1.8750 -0.1000 -1.1250
v -1.8750 -0.1000 -1.5000
v -1.8750 -0.1000 -1.8750
v -1.8750 -0.1000 -2.2500
v -1.8750 -0.1000 -2.6250
v -1.8750 -0.1000 -3.0000
v -1.5000 -0.1000 0.0000
v -1.5000 -0.1000 -0.3750
v -1.5000 -0.1000 -0.7500
v -1.5000 -0.1000 -1.1250
v -1.5000 -0.1000 -1.5000
v -1.5000 -0.1000 -1.8750
v -1.5000 -0.1000 -2.2500
v -1.5000 -0.1000 -2.6250
v -1.5000 -0.1000 -3.0000
v -1.1250 -0.1000 0.0000
v -1.1250 -0.1000 -0.3750
v -1.1250 -0.1000 -0.7500
v -1.1250 -0.1000 -1.1250
v -1.1250 -0.1000 -1.5000
v -1.1250 -0.1000 -1.8750
v -1.1250 -0.1000 -2.2500
v -1.1250 -0.1000 -2.6250
v -1.1250 -0.1000 -3.0000
v -0.7500 -0.1000 0.0000
v -0.7500 -0.1000 -0.3750
v -0.7500 -0.1000 -0.7500
v -0.7500 -0.1000 -1.1250
v -0.7500 -0.1000 -1.5000
v -0.7500 -0.1000 -1.8750
v -0.7500 -0.1000 -2.2500
v -0.7500 -0.1000 -2.6250
v -0.7500 -0.1000 -3.0000
v -0.3750 -0.1000 0.0000
v -0.3750 -0.1000 -0.3750
v -0.3750 -0.1000 -0.7500
v -0.3750 -0.1000 -1.1250
v -0.3750 -0.1000 -1.5000
v -0.3750 -0.1000 -1.8750
v -0.3750 -0.1000 -2.2500
v -0.3750 -0.1000 -2.6250
v -0.3750 -0.1000 -3.0000
v 0.0000 -0.1000 0.0000
v 0.0000 -0.1000 -0.3750
v 0.0000 -0.1000 -0.7500
v 0.0000 -0.1000 -1.1250
v 0.0000 -0.1000 -1.5000
v 0.0000 -0.1000 -1.8750
v 0.0000 -0.1000 -2.2500
v 0.0000 -0.1000 -2.6250
v 0.0000 -0.1000 -3.0000
f 2431 2432 2441
f 2431 2441 2440
f 2432 2433 2442
f 2432 2442 2441
f 2433 2434 2443
f 2433 2443 2442
f 2434 2435 2444
f 2434 2444 2443
f 2435 2436 2445
f 2435 2445 2444
f 2436 2437 2446
f 2436 2446 2445
f 2437 2438 2447
f 2437 2447 2446
f 2438 2439 2448
f 2438 2448 2447
f 2440 2441 2450
f 2440 2450 2449
f 2441 2442 2451
f 2441 2451 2450
f 2442 2443 2452
f 2442 2452 2451
f 2443 2444 2453
f 2443 2453 2452
f 2444 2445 2454
f 2444 2454 2453
f 2445 2446 2455
f 2445 2455 2454
f 2446 2447 2456
f 2446 2456 2455
f 2447 2448 2457
f 2447 2457 2456
f 2449 2450 2459
f 2449 2459 2458
f 2450 2451 2460
f 2450 2460 2459
f 2451 2452 2461
f 2451 2461 2460
f 2452 2453 2462
f 2452 2462 2461
f 2453 2454 2463
f 2453 2463 2462
f 2454 2455 2464
f 2454 2464 2463
f 2455 2456 2465
f 2455 2465 2464
f 2456 2457 2466
f 2456 2466 2465
f 2458 2459 2468
f 2458 2468 2467
f 2459 2460 2469
f 2459 2469 2468
f 2460 2461 2470
f 2460 2470 2469
f 2461 2462 2471
f 2461 2471 2470
f 2462 2463 2472
f 2462 2472 2471
f 2463 2464 2473
f 2463 2473 2472
f 2464 2465 2474
f 2464 2474 2473
f 2465 2466 2475
f 2465 2475 2474
f 2467 2468 2477
f 2467 2477 2476
f 2468 2469 2478
f 2468 2478 2477
f 2469 2470 2479
f 2469 2479 2478
f 2470 2471 2480
f 2470 2480 2479
f 2471 2472 2481
f 2471 2481 2480
f 2472 2473 2482
f 2472 2482 2481
f 2473 2474 2483
f 2473 2483 2482
f 2474 2475 2484
f 2474 2484 2483
f 2476 2477 2486
f 2476 2486 2485
f 2477 2478 2487
f 2477 2487 2486
f 2478 2479 2488
f 2478 2488 2487
f 2479 2480 2489
f 2479 2489 2488
f 2480 2481 2490
f 2480 2490 2489
f 2481 2482 2491
f 2481 2491 2490
f 2482 2483 2492
f 2482 2492 2491
f 2483 2484 2493
f 2483 2493 2492
f 2485 2486 2495
f 2485 2495 2494
f 2486 2487 2496
f 2486 2496 2495
f 2487 2488 2497
f 2487 2497 2496
f 2488 2489 2498
f 2488 2498 2497
f 2489 2490 2499
f 2489 2499 2498
f 2490 2491 2500
f 2490 2500 2499
f 2491 2492 2501
f 2491 2501 2500
f 2492 2493 2502
f 2492 2502 2501
f 2494 2495 2504
f 2494 2504 2503
f 2495 2496 2505
f 2495 2505 2504
f 2496 2497 2506
f 2496 2506 2505
f 2497 2498 2507
f 2497 2507 2506
f 2498 2499 2508
f 2498 2508 2507
f 2499 2500 2509
f 2499 2509 2508
f 2500 2501 2510
f 2500 2510 2509
f 2501 2502 2511
f 2501 2511 2510
f 2512 2513 2522
f 2512 2522 2521
f 2513 2514 2523
f 2513 2523 2522
f 2514 2515 2524
f 2514 2524 2523
f 2515 2516 2525
f 2515 2525 2524
f 2516 2517 2526
f 2516 2526 2525
f 2517 2518 2527
f 2517 2527 2526
f 2518 2519 2528
f 2518 2528 2527
f 2519 2520 2529
f 2519 2529 2528
f 2521 2522 2531
f 2521 2531 2530
f 2522 2523 2532
f 2522 2532 2531
f 2523 2524 2533
f 2523 2533 2532
f 2524 2525 2534
f 2524 2534 2533
f 2525 2526 2535
f 2525 2535 2534
f 2526 2527 2536
f 2526 2536 2535
f 2527 2528 2537
f 2527 2537 2536
f 2528 2529 2538
f 2528 2538 2537
f 2530 2531 2540
f 2530 2540 2539
f 2531 2532 2541
f 2531 2541 2540
f 2532 2533 2542
f 2532 2542 2541
f 2533 2534 2543
f 2533 2543 2542
f 2534 2535 2544
f 2534 2544 2543
f 2535 2536 2545
f 2535 2545 2544
f 2536 2537 2546
f 2536 2546 2545
f 2537 2538 2547
f 2537 2547 2546
f 2539 2540 2549
f 2539 2549 2548
f 2540 2541 2550
f 2540 2550 2549
f 2541 2542 2551
f 2541 2551 2550
f 2542 2543 2552
f 2542 2552 2551
f 2543 2544 2553
f 2543 2553 2552
f 2544 2545 2554
f 2544 2554 2553
f 2545 2546 2555
f 2545 2555 2554
f 2546 2547 2556
f 2546 2556 2555
f 2548 2549 2558
f 2548 2558 2557
f 2549 2550 2559
f 2549 2559 2558
f 2550 2551 2560
f 2550 2560 2559
f 2551 2552 2561
f 2551 2561 2560
f 2552 2553 2562
f 2552 2562 2561
f 2553 2554 2563
f 2553 2563 2562
f 2554 2555 2564
f 2554 2564 2563
f 2555 2556 2565
f 2555 2565 2564
f 2557 2558 2567
f 2557 2567 2566
f 2558 2559 2568
f 2558 2568 2567
f 2559 2560 2569
f 2559 2569 2568
f 2560 2561 2570
f 2560 2570 2569
f 2561 2562 2571
f 2561 2571 2570
f 2562 2563 2572
f 2562 2572 2571
f 2563 2564 2573
f 2563 2573 2572
f 2564 2565 2574
f 2564 2574 2573
f 2566 2567 2576
f 2566 2576 2575
f 2567 2568 2577
f 2567 2577 2576
f 2568 2569 2578
f 2568 2578 2577
f 2569 2570 2579
f 2569 2579 2578
f 2570 2571 2580
f 2570 2580 2579
f 2571 2572 2581
f 2571 2581 2580
f 2572 2573 2582
f 2572 2582 2581
f 2573 2574 2583
f 2573 2583 2582
f 2575 2576 2585
f 2575 2585 2584
f 2576 2577 2586
f 2576 2586 2585
f 2577 2578 2587
f 2577 2587 2586
f 2578 2579 2588
f 2578 2588 2587
f 2579 2580 2589
f 2579 2589 2588
f 2580 2581 2590
f 2580 2590 2589
f 2581 2582 2591
f 2581 2591 2590
f 2582 2583 2592
f 2582 2592 2591
f 2593 2594 2603
f 2593 2603 2602
f 2594 2595 2604
f 2594 2604 2603
f 2595 2596 2605
f 2595 2605 2604
f 2596 2597 2606
f 2596 2606 2605
f 2597 2598 2607
f 2597 2607 2606
f 2598 2599 2608
f 2598 2608 2607
f 2599 2600 2609
f 2599 2609 2608
f 2600 2601 2610
f 2600 2610 2609
f 2602 2603 2612
f 2602 2612 2611
f 2603 2604 2613
f 2603 2613 2612
f 2604 2605 2614
f 2604 2614 2613
f 2605 2606 2615
f 2605 2615 2614
f 2606 2607 2616
f 2606 2616 2615
f 2607 2608 2617
f 2607 2617 2616
f 2608 2609 2618
f 2608 2618 2617
f 2609 2610 2619
f 2609 2619 2618
f 2611 2612 2621
f 2611 2621 2620
f 2612 2613 2622
f 2612 2622 2621
f 2613 2614 2623
f 2613 2623 2622
f 2614 2615 2624
f 2614 2624 2623
f 2615 2616 2625
f 2615 2625 2624
f 2616 2617 2626
f 2616 2626 2625
f 2617 2618 2627
f 2617 2627 2626
f 2618 2619 2628
f 2618 2628 2627
f 2620 2621 2630
f 2620 2630 2629
f 2621 2622 2631
f 2621 2631 2630
f 2622 2623 2632
f 2622 2632 2631
f 2623 2624 2633
f 2623 2633 2632
f 2624 2625 2634
f 2624 2634 2633
f 2625 2626 2635
f 2625 2635 2634
f 2626 2627 2636
f 2626 2636 2635
f 2627 2628 2637
f 2627 2637 2636
f 2629 2630 2639
f 2629 2639 2638
f 2630 2631 2640
f 2630 2640 2639
f 2631 2632 2641
f 2631 2641 2640
f 2632 2633 2642
f 2632 2642 2641
f 2633 2634 2643
f 2633 2643 2642
f 2634 2635 2644
f 2634 2644 2643
f 2635 2636 2645
f 2635 2645 2644
f 2636 2637 2646
f 2636 2646 2645
f 2638 2639 2648
f 2638 2648 2647
f 2639 2640 2649
f 2639 2649 2648
f 2640 2641 2650
f 2640 2650 2649
f 2641 2642 2651
f 2641 2651 2650
f 2642 2643 2652
f 2642 2652 2651
f 2643 2644 2653
f 2643 2653 2652
f 2644 2645 2654
f 2644 2654 2653
f 2645 2646 2655
f 2645 2655 2654
f 2647 2648 2657
f 2647 2657 2656
f 2648 2649 2658
f 2648 2658 2657
f 2649 2650 2659
f 2649 2659 2658
f 2650 2651 2660
f 2650 2660 2659
f 2651 2652 2661
f 2651 2661 2660
f 2652 2653 2662
f 2652 2662 2661
f 2653 2654 2663
f 2653 2663 2662
f 2654 2655 2664
f 2654 2664 2663
f 2656 2657 2666
f 2656 2666 2665
f 2657 2658 2667
f 2657 2667 2666
f 2658 2659 2668
f 2658 2668 2667
f 2659 2660 2669
f 2659 2669 2668
f 2660 2661 2670
f 2660 2670 2669
f 2661 2662 2671
f 2661 2671 2670
f 2662 2663 2672
f 2662 2672 2671
f 2663 2664 2673
f 2663 2673 2672
f 2674 2675 2684
f 2674 2684 2683
f 2675 2676 2685
f 2675 2685 2684
f 2676 2677 2686
f 2676 2686 2685
f 2677 2678 2687
f 2677 2687 2686
f 2678 2679 2688
f 2678 2688 2687
f 2679 2680 2689
f 2679 2689 2688
f 2680 2681 2690
f 2680 2690 2689
f 2681 2682 2691
f 2681 2691 2690
f 2683 2684 2693
f 2683 2693 2692
f 2684 2685 2694
f 2684 2694 2693
f 2685 2686 2695
f 2685 2695 2694
f 2686 2687 2696
f 2686 2696 2695
f 2687 2688 2697
f 2687 2697 2696
f 2688 2689 2698
f 2688 2698 2697
f 2689 2690 2699
f 2689 2699 2698
f 2690 2691 2700
f 2690 2700 2699
f 2692 2693 2702
f 2692 2702 2701
f 2693 2694 2703
f 2693 2703 2702
f 2694 2695 2704
f 2694 2704 2703
f 2695 2696 2705
f 2695 2705 2704
f 2696 2697 2706
f 2696 2706 2705
f 2697 2698 2707
f 2697 2707 2706
f 2698 2699 2708
f 2698 2708 2707
f 2699 2700 2709
f 2699 2709 2708
f 2701 2702 2711
f 2701 2711 2710
f 2702 2703 2712
f 2702 2712 2711
f 2703 2704 2713
f 2703 2713 2712
f 2704 2705 2714
f 2704 2714 2713
f 2705 2706 2715
f 2705 2715 2714
f 2706 2707 2716
f 2706 2716 2715
f 2707 2708 2717
f 2707 2717 2716
f 2708 2709 2718
f 2708 2718 2717
f 2710 2711 2720
f 2710 2720 2719
f 2711 2712 2721
f 2711 2721 2720
f 2712 2713 2722
f 2712 2722 2721
f 2713 2714 2723
f 2713 2723 2722
f 2714 2715 2724
f 2714 2724 2723
f 2715 2716 2725
f 2715 2725 2724
f 2716 2717 2726
f 2716 2726 2725
f 2717 2718 2727
f 2717 2727 2726
f 2719 2720 2729
f 2719 2729 2728
f 2720 2721 2730
f 2720 2730 2729
f 2721 2722 2731
f 2721 2731 2730
f 2722 2723 2732
f 2722 2732 2731
f 2723 2724 2733
f 2723 2733 2732
f 2724 2725 2734
f 2724 2734 2733
f 2725 2726 2735
f 2725 2735 2734
f 2726 2727 2736
f 2726 2736 2735
f 2728 2729 2738
f 2728 2738 2737
f 2729 2730 2739
f 2729 2739 2738
f 2730 2731 2740
f 2730 2740 2739
f 2731 2732 2741
f 2731 2741 2740
f 2732 2733 2742
f 2732 2742 2741
f 2733 2734 2743
f 2733 2743 2742
f 2734 2735 2744
f 2734 2744 2743
f 2735 2736 2745
f 2735 2745 2744
f 2737 2738 2747
f 2737 2747 2746
f 2738 2739 2748
f 2738 2748 2747
f 2739 2740 2749
f 2739 2749 2748
f 2740 2741 2750
f 2740 2750 2749
f 2741 2742 2751
f 2741 2751 2750
f 2742 2743 2752
f 2742 2752 2751
f 2743 2744 2753
f 2743 2753 2752
f 2744 2745 2754
f 2744 2754 2753
f 2755 2756 2765
f 2755 2765 2764
f 2756 2757 2766
f 2756 2766 2765
f 2757 2758 2767
f 2757 2767 2766
f 2758 2759 2768
f 2758 2768 2767
f 2759 2760 2769
f 2759 2769 2768
f 2760 2761 2770
f 2760 2770 2769
f 2761 2762 2771
f 2761 2771 2770
f 2762 2763 2772
f 2762 2772 2771
f 2764 2765 2774
f 2764 2774 2773
f 2765 2766 2775
f 2765 2775 2774
f 2766 2767 2776
f 2766 2776 2775
f 2767 2768 2777
f 2767 2777 2776
f 2768 2769 2778
f 2768 2778 2777
f 2769 2770 2779
f 2769 2779 2778
f 2770 2771 2780
f 2770 2780 2779
f 2771 2772 2781
f 2771 2781 2780
f 2773 2774 2783
f 2773 2783 2782
f 2774 2775 2784
f 2774 2784 2783
f 2775 2776 2785
f 2775 2785 2784
f 2776 2777 2786
f 2776 2786 2785
f 2777 2778 2787
f 2777 2787 2786
f 2778 2779 2788
f 2778 2788 2787
f 2779 2780 2789
f 2779 2789 2788
f 2780 2781 2790
f 2780 2790 2789
f 2782 2783 2792
f 2782 2792 2791
f 2783 2784 2793
f 2783 2793 2792
f 2784 2785 2794
f 2784 2794 2793
f 2785 2786 2795
f 2785 2795 2794
f 2786 2787 2796
f 2786 2796 2795
f 2787 2788 2797
f 2787 2797 2796
f 2788 2789 2798
f 2788 2798 2797
f 2789 2790 2799
f 2789 2799 2798
f 2791 2792 2801
f 2791 2801 2800
f 2792 2793 2802
f 2792 2802 2801
f 2793 2794 2803
f 2793 2803 2802
f 2794 2795 2804
f 2794 2804 2803
f 2795 2796 2805
f 2795 2805 2804
f 2796 2797 2806
f 2796 2806 2805
f 2797 2798 2807
f 2797 2807 2806
f 2798 2799 2808
f 2798 2808 2807
f 2800 2801 2810
f 2800 2810 2809
f 2801 2802 2811
f 2801 2811 2810
f 2802 2803 2812
f 2802 2812 2811
f 2803 2804 2813
f 2803 2813 2812
f 2804 2805 2814
f 2804 2814 2813
f 2805 2806 2815
f 2805 2815 2814
f 2806 2807 2816
f 2806 2816 2815
f 2807 2808 2817
f 2807 2817 2816
f 2809 2810 2819
f 2809 2819 2818
f 2810 2811 2820
f 2810 2820 2819
f 2811 2812 2821
f 2811 2821 2820
f 2812 2813 2822
f 2812 2822 2821
f 2813 2814 2823
f 2813 2823 2822
f 2814 2815 2824
f 2814 2824 2823
f 2815 2816 2825
f 2815 2825 2824
f 2816 2817 2826
f 2816 2826 2825
f 2818 2819 2828
f 2818 2828 2827
f 2819 2820 2829
f 2819 2829 2828
f 2820 2821 2830
f 2820 2830 2829
f 2821 2822 2831
f 2821 2831 2830
f 2822 2823 2832
f 2822 2832 2831
f 2823 2824 2833
f 2823 2833 2832
f 2824 2825 2834
f 2824 2834 2833
f 2825 2826 2835
f 2825 2835 2834
f 2836 2837 2846
f 2836 2846 2845
f 2837 2838 2847
f 2837 2847 2846
f 2838 2839 2848
f 2838 2848 2847
f 2839 2840 2849
f 2839 2849 2848
f 2840 2841 2850
f 2840 2850 2849
f 2841 2842 2851
f 2841 2851 2850
f 2842 2843 2852
f 2842 2852 2851
f 2843 2844 2853
f 2843 2853 2852
f 2845 2846 2855
f 2845 2855 2854
f 2846 2847 2856
f 2846 2856 2855
f 2847 2848 2857
f 2847 2857 2856
f 2848 2849 2858
f 2848 2858 2857
f 2849 2850 2859
f 2849 2859 2858
f 2850 2851 2860
f 2850 2860 2859
f 2851 2852 2861
f 2851 2861 2860
f 2852 2853 2862
f 2852 2862 2861
f 2854 2855 2864
f 2854 2864 2863
f 2855 2856 2865
f 2855 2865 2864
f 2856 2857 2866
f 2856 2866 2865
f 2857 2858 2867
f 2857 2867 2866
f 2858 2859 2868
f 2858 2868 2867
f 2859 2860 2869
f 2859 2869 2868
f 2860 2861 2870
f 2860 2870 2869
f 2861 2862 2871
f 2861 2871 2870
f 2863 2864 2873
f 2863 2873 2872
f 2864 2865 2874
f 2864 2874 2873
f 2865 2866 2875
f 2865 2875 2874
f 2866 2867 2876
f 2866 2876 2875
f 2867 2868 2877
f 2867 2877 2876
f 2868 2869 2878
f 2868 2878 2877
f 2869 2870 2879
f 2869 2879 2878
f 2870 2871 2880
f 2870 2880 2879
f 2872 2873 2882
f 2872 2882 2881
f 2873 2874 2883
f 2873 2883 2882
f 2874 2875 2884
f 2874 2884 2883
f 2875 2876 2885
f 2875 2885 2884
f 2876 2877 2886
f 2876 2886 2885
f 2877 2878 2887
f 2877 2887 2886
f 2878 2879 2888
f 2878 2888 2887
f 2879 2880 2889
f 2879 2889 2888
f 2881 2882 2891
f 2881 2891 2890
f 2882 2883 2892
f 2882 2892 2891
f 2883 2884 2893
f 2883 2893 2892
f 2884 2885 2894
f 2884 2894 2893
f 2885 2886 2895
f 2885 2895 2894
f 2886 2887 2896
f 2886 2896 2895
f 2887 2888 2897
f 2887 2897 2896
f 2888 2889 2898
f 2888 2898 2897
f 2890 2891 2900
f 2890 2900 2899
f 2891 2892 2901
f 2891 2901 2900
f 2892 2893 2902
f 2892 2902 2901
f 2893 2894 2903
f 2893 2903 2902
f 2894 2895 2904
f 2894 2904 2903
f 2895 2896 2905
f 2895 2905 2904
f 2896 2897 2906
f 2896 2906 2905
f 2897 2898 2907
f 2897 2907 2906
f 2899 2900 2909
f 2899 2909 2908
f 2900 2901 2910
f 2900 2910 2909
f 2901 2902 2911
f 2901 2911 2910
f 2902 2903 2912
f 2902 2912 2911
f 2903 2904 2913
f 2903 2913 2912
f 2904 2905 2914
f 2904 2914 2913
f 2905 2906 2915
f 2905 2915 2914
f 2906 2907 2916
f 2906 2916 2915
g 바닥_6
v -3.0000 -0.1000 3.0000
v -3.0000 -0.0750 3.0000
v -3.0000 -0.0500 3.0000
v -3.0000 -0.0250 3.0000
v -3.0000 0.0000 3.0000
v -3.0000 0.0250 3.0000
v -3.0000 0.0500 3.0000
v -3.0000 0.0750 3.0000
v -3.0000 0.1000 3.0000
v -2.6250 -0.1000 3.0000
v -2.6250 -0.0750 3.0000
v -2.6250 -0.0500 3.0000
v -2.6250 -0.0250 3.0000
v -2.6250 0.0000 3.0000
v -2.6250 0.0250 3.0000
v -2.6250 0.0500 3.0000
v -2.6250 0.0750 3.0000
v -2.6250 0.1000 3.0000
v -2.2500 -0.1000 3.0000
v -2.2500 -0.0750 3.0000
v -2.2500 -0.0500 3.0000
v -2.2500 -0.0250 3.0000
v -2.2500 0.0000 3.0000
v -2.2500 0.0250 3.0000
v -2.2500 0.0500 3.0000
v -2.2500 0.0750 3.0000
v -2.2500 0.1000 3.0000
v -1.8750 -0.1000 3.0000
v -1.8750 -0.0750 3.0000
v -1.8750 -0.0500 3.0000
v -1.8750 -0.0250 3.0000
v -1.8750 0.0000 3.0000
v -1.8750 0.0250 3.0000
v -1.8750 0.0500 3.0000
v -1.8750 0.0750 3.0000
v -1.8750 0.1000 3.0000
v -1.5000 -0.1000 3.0000
v -1.5000 -0.0750 3.0000
v -1.5000 -0.0500 3.0000
v -1.5000 -0.0250 3.0000
v -1.5000 0.0000 3.0000
v -1.5000 0.0250 3.0000
v -1.5000 0.0500 3.0000
v -1.5000 0.0750 3.0000
v -1.5000 0.1000 3.0000
v -1.1250 -0.1000 3.0000
v -1.1250 -0.0750 3.0000
v -1.1250 -0.0500 3.0000
v -1.1250 -0.0250 3.0000
v -1.1250 0.0000 3.0000
v -1.1250 0.0250 3.0000
v -1.1250 0.0500 3.0000
v -1.1250 0.0750 3.0000
v -1.1250 0.1000 3.0000
v -0.7500 -0.1000 3.0000
v -0.7500 -0.0750 3.0000
v -0.7500 -0.0500 3.0000
v -0.7500 -0.0250 3.0000
v -0.7500 0.0000 3.0000
v -0.7500 0.0250 3.0000
v -0.7500 0.0500 3.0000
v -0.7500 0.0750 3.0000
v -0.7500 0.1000 3.0000
v -0.3750 -0.1000 3.0000
v -0.3750 -0.0750 3.0000
v -0.3750 -0.0500 3.0000
v -0.3750 -0.0250 3.0000
v -0.3750 0.0000 3.0000
v -0.3750 0.0250 3.0000
v -0.3750 0.0500 3.0000
v -0.3750 0.0750 3.0000
v -0.3750 0.1000 3.0000
v 0.0000 -0.1000 3.0000
v 0.0000 -0.0750 3.0000
v 0.0000 -0.0500 3.0000
v 0.0000 -0.0250 3.0000
v 0.0000 0.0000 3.0000
v 0.0000 0.0250 3.0000
v 0.0000 0.0500 3.0000
v 0.0000 0.0750 3.0000
v 0.0000 0.1000 3.0000
v 0.0000 -0.1000 0.0000
v 0.0000 -0.0750 0.0000
v 0.0000 -0.0500 0.0000
v 0.0000 -0.0250 0.0000
v 0.0000 0.0000 0.0000
v 0.0000 0.0250 0.0000
v 0.0000 0.0500 0.0000
v 0.0000 0.0750 0.0000
v 0.0000 0.1000 0.0000
v -0.3750 -0.1000 0.0000
v -0.3750 -0.0750 0.0000
v -0.3750 -0.0500 0.0000
v -0.3750 -0.0250 0.0000
v -0.3750 0.0000 0.0000
v -0.3750 0.0250 0.0000
v -0.3750 0.0500 0.0000
v -0.3750 0.0750 0.0000
v -0.3750 0.1000 0.0000
v -0.7500 -0.1000 0.0000
v -0.7500 -0.0750 0.0000
v -0.7500 -0.0500 0.0000
v -0.7500 -0.0250 0.0000
v -0.7500 0.0000 0.0000
v -0.7500 0.0250 0.0000
v -0.7500 0.0500 0.0000
v -0.7500 0.0750 0.0000
v -0.7500 0.1000 0.0000
v -1.1250 -0.1000 0.0000
v -1.1250 -0.0750 0.0000
v -1.1250 -0.0500 0.0000
v -1.1250 -0.0250 0.0000
v -1.1250 0.0000 0.0000
v -1.1250 0.0250 0.0000
v -1.1250 0.0500 0.0000
v -1.1250 0.0750 0.0000
v -1.1250 0.1000 0.0000
v -1.5000 -0.1000 0.0000
v -1.5000 -0.0750 0.0000
v -1.5000 -0.0500 0.0000
v -1.5000 -0.0250 0.0000
v -1.5000 0.0000 0.0000
v -1.5000 0.0250 0.0000
v -1.5000 0.0500 0.0000
v -1.5000 0.0750 0.0000
v -1.5000 0.1000 0.0000
v -1.8750 -0.1000 0.0000
v -1.8750 -0.0750 0.0000
v -1.8750 -0.0500 0.0000
v -1.8750 -0.0250 0.0000
v -1.8750 0.0000 0.0000
v -1.8750 0.0250 0.0000
v -1.8750 0.0500 0.0000
v -1.8750 0.0750 0.0000
v -1.8750 0.1000 0.0000
v -2.2500 -0.1000 0.0000
v -2.2500 -0.0750 0.0000
v -2.2500 -0.0500 0.0000
v -2.2500 -0.0250 0.0000
v -2.2500 0.0000 0.0000
v -2.2500 0.0250 0.0000
v -2.2500 0.0500 0.0000
v -2.2500 0.0750 0.0000
v -2.2500 0.1000 0.0000
v -2.6250 -0.1000 0.0000
v -2.6250 -0.0750 0.0000
v -2.6250 -0.0500 0.0000
v -2.6250 -0.0250 0.0000
v -2.6250 0.0000 0.0000
v -2.6250 0.0250 0.0000
v -2.6250 0.0500 0.0000
v -2.6250 0.0750 0.0000
v -2.6250 0.1000 0.0000
v -3.0000 -0.1000 0.0000
v -3.0000 -0.0750 0.0000
v -3.0000 -0.0500 0.0000
v -3.0000 -0.0250 0.0000
v -3.0000 0.0000 0.0000
v -3.0000 0.0250 0.0000
v -3.0000 0.0500 0.0000
v -3.0000 0.0750 0.0000
v -3.0000 0.1000 0.0000
v -3.0000 -0.1000 0.0000
v -3.0000 -0.0750 0.0000
v -3.0000 -0.0500 0.0000
v -3.0000 -0.0250 0.0000
v -3.0000 0.0000 0.0000
v -3.0000 0.0250 0.0000
v -3.0000 0.0500 0.0000
v -3.0000 0.0750 0.0000
v -3.0000 0.1000 0.0000
v -3.0000 -0.1000 0.3750
v -3.0000 -0.0750 0.3750
v -3.0000 -0.0500 0.3750
v -3.0000 -0.0250 0.3750
v -3.0000 0.0000 0.3750
v -3.0000 0.0250 0.3750
v -3.0000 0.0500 0.3750
v -3.0000 0.0750 0.3750
v -3.0000 0.1000 0.3750
v -3.0000 -0.1000 0.7500
v -3.0000 -0.0750 0.7500
v -3.0000 -0.0500 0.7500
v -3.0000 -0.0250 0.7500
v -3.0000 0.0000 0.7500
v -3.0000 0.0250 0.7500
v -3.0000 0.0500 0.7500
v -3.0000 0.0750 0.7500
v -3.0000 0.1000 0.7500
v -3.0000 -0.1000 1.1250
v -3.0000 -0.0750 1.1250
v -3.0000 -0.0500 1.1250
v -3.0000 -0.0250 1.1250
v -3.0000 0.0000 1.1250
v -3.0000 0.0250 1.1250
v -3.0000 0.0500 1.1250
v -3.0000 0.0750 1.1250
v -3.0000 0.1000 1.1250
v -3.0000 -0.1000 1.5000
v -3.0000 -0.0750 1.5000
v -3.0000 -0.0500 1.5000
v -3.0000 -0.0250 1.5000
v -3.0000 0.0000 1.5000
v -3.0000 0.0250 1.5000
v -3.0000 0.0500 1.5000
v -3.0000 0.0750 1.5000
v -3.0000 0.1000 1.5000
v -3.0000 -0.1000 1.8750
v -3.0000 -0.0750 1.8750
v -3.0000 -0.0500 1.8750
v -3.0000 -0.0250 1.8750
v -3.0000 0.0000 1.8750
v -3.0000 0.0250 1.8750
v -3.0000 0.0500 1.8750
v -3.0000 0.0750 1.8750
v -3.0000 0.1000 1.8750
v -3.0000 -0.1000 2.2500
v -3.0000 -0.0750 2.2500
v -3.0000 -0.0500 2.2500
v -3.0000 -0.0250 2.2500
v -3.0000 0.0000 2.2500
v -3.0000 0.0250 2.2500
v -3.0000 0.0500 2.2500
v -3.0000 0.0750 2.2500
v -3.0000 0.1000 2.2500
v -3.0000 -0.1000 2.6250
v -3.0000 -0.0750 2.6250
v -3.0000 -0.0500 2.6250
v -3.0000 -0.0250 2.6250
v -3.0000 0.0000 2.6250
v -3.0000 0.0250 2.6250
v -3.0000 0.0500 2.6250
v -3.0000 0.0750 2.6250
v -3.0000 0.1000 2.6250
v -3.0000 -0.1000 3.0000
v -3.0000 -0.0750 3.0000
v -3.0000 -0.0500 3.0000
v -3.0000 -0.0250 3.0000
v -3.0000 0.0000 3.0000
v -3.0000 0.0250 3.0000
v -3.0000 0.0500 3.0000
v -3.0000 0.0750 3.0000
v -3.0000 0.1000 3.0000
v 0.0000 -0.1000 3.0000
v 0.0000 -0.0750 3.0000
v 0.0000 -0.0500 3.0000
v 0.0000 -0.0250 3.0000
v 0.0000 0.0000 3.0000
v 0.0000 0.0250 3.0000
v 0.0000 0.0500 3.0000
v 0.0000 0.0750 3.0000
v 0.0000 0.1000 3.0000
v 0.0000 -0.1000 2.6250
v 0.0000 -0.0750 2.6250
v 0.0000 -0.0500 2.6250
v 0.0000 -0.0250 2.6250
v 0.0000 0.0000 2.6250
v 0.0000 0.0250 2.6250
v 0.0000 0.0500 2.6250
v 0.0000 0.0750 2.6250
v 0.0000 0.1000 2.6250
v 0.0000 -0.1000 2.2500
v 0.0000 -0.0750 2.2500
v 0.0000 -0.0500 2.2500
v 0.0000 -0.0250 2.2500
v 0.0000 0.0000 2.2500
v 0.0000 0.0250 2.2500
v 0.0000 0.0500 2.2500
v 0.0000 0.0750 2.2500
v 0.0000 0.1000 2.2500
v 0.0000 -0.1000 1.8750
v 0.0000 -0.0750 1.8750
v 0.0000 -0.0500 1.8750
v 0.0000 -0.0250 1.8750
v 0.0000 0.0000 1.8750
v 0.0000 0.0250 1.8750
v 0.0000 0.0500 1.8750
v 0.0000 0.0750 1.8750
v 0.0000 0.1000 1.8750
v 0.0000 -0.1000 1.5000
v 0.0000 -0.0750 1.5000
v 0.0000 -0.0500 1.5000
v 0.0000 -0.0250 1.5000
v 0.0000 0.0000 1.5000
v 0.0000 0.0250 1.5000
v 0.0000 0.0500 1.5000
v 0.0000 0.0750 1.5000
v 0.0000 0.1000 1.5000
v 0.0000 -0.1000 1.1250
v 0.0000 -0.0750 1.1250
v 0.0000 -0.0500 1.1250
v 0.0000 -0.0250 1.1250
v 0.0000 0.0000 1.1250
v 0.0000 0.0250 1.1250
v 0.0000 0.0500 1.1250
v 0.0000 0.0750 1.1250
v 0.0000 0.1000 1.1250
v 0.0000 -0.1000 0.7500
v 0.0000 -0.0750 0.7500
v 0.0000 -0.0500 0.7500
v 0.0000 -0.0250 0.7500
v 0.0000 0.0000 0.7500
v 0.0000 0.0250 0.7500
v 0.0000 0.0500 0.7500
v 0.0000 0.0750 0.7500
v 0.0000 0.1000 0.7500
v 0.0000 -0.1000 0.3750
v 0.0000 -0.0750 0.3750
v 0.0000 -0.0500 0.3750
v 0.0000 -0.0250 0.3750
v 0.0000 0.0000 0.3750
v 0.0000 0.0250 0.3750
v 0.0000 0.0500 0.3750
v 0.0000 0.0750 0.3750
v 0.0000 0.1000 0.3750
v 0.0000 -0.1000 0.0000
v 0.0000 -0.0750 0.0000
v 0.0000 -0.0500 0.0000
v 0.0000 -0.0250 0.0000
v 0.0000 0.0000 0.0000
v 0.0000 0.0250 0.0000
v 0.0000 0.0500 0.0000
v 0.0000 0.0750 0.0000
v 0.0000 0.1000 0.0000
v -3.0000 0.1000 0.0000
v -3.0000 0.1000 0.3750
v -3.0000 0.1000 0.7500
v -3.0000 0.1000 1.1250
v -3.0000 0.1000 1.5000
v -3.0000 0.1000 1.8750
v -3.0000 0.1000 2.2500
v -3.0000 0.1000 2.6250
v -3.0000 0.1000 3.0000
v -2.6250 0.1000 0.0000
v -2.6250 0.1000 0.3750
v -2.6250 0.1000 0.7500
v -2.6250 0.1000 1.1250
v -2.6250 0.1000 1.5000
v -2.6250 0.1000 1.8750
v -2.6250 0.1000 2.2500
v -2.6250 0.1000 2.6250
v -2.6250 0.1000 3.0000
v -2.2500 0.1000 0.0000
v -2.2500 0.1000 0.3750
v -2.2500 0.1000 0.7500
v -2.2500 0.1000 1.1250
v -2.2500 0.1000 1.5000
v -2.2500 0.1000 1.8750
v -2.2500 0.1000 2.2500
v -2.2500 0.1000 2.6250
v -2.2500 0.1000 3.0000
v -1.8750 0.1000 0.0000
v -1.8750 0.1000 0.3750
v -1.8750 0.1000 0.7500
v -1.8750 0.1000 1.1250
v -1.8750 0.1000 1.5000
v -1.8750 0.1000 1.8750
v -1.8750 0.1000 2.2500
v -1.8750 0.1000 2.6250
v -1.8750 0.1000 3.0000
v -1.5000 0.1000 0.0000
v -1.5000 0.1000 0.3750
v -1.5000 0.1000 0.7500
v -1.5000 0.1000 1.1250
v -1.5000 0.1000 1.5000
v -1.5000 0.1000 1.8750
v -1.5000 0.1000 2.2500
v -1.5000 0.1000 2.6250
v -1.5000 0.1000 3.0000
v -1.1250 0.1000 0.0000
v -1.1250 0.1000 0.3750
v -1.1250 0.1000 0.7500
v -1.1250 0.1000 1.1250
v -1.1250 0.1000 1.5000
v -1.1250 0.1000 1.8750
v -1.1250 0.1000 2.2500
v -1.1250 0.1000 2.6250
v -1.1250 0.1000 3.0000
v -0.7500 0.1000 0.0000
v -0.7500 0.1000 0.3750
v -0.7500 0.1000 0.7500
v -0.7500 0.1000 1.1250
v -0.7500 0.1000 1.5000
v -0.7500 0.1000 1.8750
v -0.7500 0.1000 2.2500
v -0.7500 0.1000 2.6250
v -0.7500 0.1000 3.0000
v -0.3750 0.1000 0.0000
v -0.3750 0.1000 0.3750
v -0.3750 0.1000 0.7500
v -0.3750 0.1000 1.1250
v -0.3750 0.1000 1.5000
v -0.3750 0.1000 1.8750
v -0.3750 0.1000 2.2500
v -0.3750 0.1000 2.6250
v -0.3750 0.1000 3.0000
v 0.0000 0.1000 0.0000
v 0.0000 0.1000 0.3750
v 0.0000 0.1000 0.7500
v 0.0000 0.1000 1.1250
v 0.0000 0.1000 1.5000
v 0.0000 0.1000 1.8750
v 0.0000 0.1000 2.2500
v 0.0000 0.1000 2.6250
v 0.0000 0.1000 3.0000
v -3.0000 -0.1000 3.0000
v -3.0000 -0.1000 2.6250
v -3.0000 -0.1000 2.2500
v -3.0000 -0.1000 1.8750
v -3.0000 -0.1000 1.5000
v -3.0000 -0.1000 1.1250
v -3.0000 -0.1000 0.7500
v -3.0000 -0.1000 0.3750
v -3.0000 -0.1000 0.0000
v -2.6250 -0.1000 3.0000
v -2.6250 -0.1000 2.6250
v -2.6250 -0.1000 2.2500
v -2.6250 -0.1000 1.8750
v -2.6250 -0.1000 1.5000
v -2.6250 -0.1000 1.1250
v -2.6250 -0.1000 0.7500
v -2.6250 -0.1000 0.3750
v -2.6250 -0.1000 0.0000
v -2.2500 -0.1000 3.0000
v -2.2500 -0.1000 2.6250
v -2.2500 -0.1000 2.2500
v -2.2500 -0.1000 1.8750
v -2.2500 -0.1000 1.5000
v -2.2500 -0.1000 1.1250
v -2.2500 -0.1000 0.7500
v -2.2500 -0.1000 0.3750
v -2.2500 -0.1000 0.0000
v -1.8750 -0.1000 3.0000
v -1.8750 -0.1000 2.6250
v -1.8750 -0.1000 2.2500
v -1.8750 -0.1000 1.8750
v -1.8750 -0.1000 1.5000
v -1.8750 -0.1000 1.1250
v -1.8750 -0.1000 0.7500
v -1.8750 -0.1000 0.3750
v -1.8750 -0.1000 0.0000
v -1.5000 -0.1000 3.0000
v -1.5000 -0.1000 2.6250
v -1.5000 -0.1000 2.2500
v -1.5000 -0.1000 1.8750
v -1.5000 -0.1000 1.5000
v -1.5000 -0.1000 1.1250
v -1.5000 -0.1000 0.7500
v -1.5000 -0.1000 0.3750
v -1.5000 -0.1000 0.0000
v -1.1250 -0.1000 3.0000
v -1.1250 -0.1000 2.6250
v -1.1250 -0.1000 2.2500
v -1.1250 -0.1000 1.8750
v -1.1250 -0.1000 1.5000
v -1.1250 -0.1000 1.1250
v -1.1250 -0.1000 0.7500
v -1.1250 -0.1000 0.3750
v -1.1250 -0.1000 0.0000
v -0.7500 -0.1000 3.0000
v -0.7500 -0.1000 2.6250
v -0.7500 -0.1000 2.2500
v -0.7500 -0.1000 1.8750
v -0.7500 -0.1000 1.5000
v -0.7500 -0.1000 1.1250
v -0.7500 -0.1000 0.7500
v -0.7500 -0.1000 0.3750
v -0.7500 -0.1000 0.0000
v -0.3750 -0.1000 3.0000
v -0.3750 -0.1000 2.6250
v -0.3750 -0.1000 2.2500
v -0.3750 -0.1000 1.8750
v -0.3750 -0.1000 1.5000
v -0.3750 -0.1000 1.1250
v -0.3750 -0.1000 0.7500
v -0.3750 -0.1000 0.3750
v -0.3750 -0.1000 0.0000
v 0.0000 -0.1000 3.0000
v 0.0000 -0.1000 2.6250
v 0.0000 -0.1000 2.2500
v 0.0000 -0.1000 1.8750
v 0.0000 -0.1000 1.5000
v 0.0000 -0.1000 1.1250
v 0.0000 -0.1000 0.7500
v 0.0000 -0.1000 0.3750
v 0.0000 -0.1000 0.0000
f 2917 2918 2927
f 2917 2927 2926
f 2918 2919 2928
f 2918 2928 2927
f 2919 2920 2929
f 2919 2929 2928
f 2920 2921 2930
f 2920 2930 2929
f 2921 2922 2931
f 2921 2931 2930
f 2922 2923 2932
f 2922 2932 2931
f 2923 2924 2933
f 2923 2933 2932
f 2924 2925 2934
f 2924 2934 2933
f 2926 2927 2936
f 2926 2936 2935
f 2927 2928 2937
f 2927 2937 2936
f 2928 2929 2938
f 2928 2938 2937
f 2929 2930 2939
f 2929 2939 2938
f 2930 2931 2940
f 2930 2940 2939
f 2931 2932 2941
f 2931 2941 2940
f 2932 2933 2942
f 2932 2942 2941
f 2933 2934 2943
f 2933 2943 2942
f 2935 2936 2945
f 2935 2945 2944
f 2936 2937 2946
f 2936 2946 2945
f 2937 2938 2947
f 2937 2947 2946
f 2938 2939 2948
f 2938 2948 2947
f 2939 2940 2949
f 2939 2949 2948
f 2940 2941 2950
f 2940 2950 2949
f 2941 2942 2951
f 2941 2951 2950
f 2942 2943 2952
f 2942 2952 2951
f 2944 2945 2954
f 2944 2954 2953
f 2945 2946 2955
f 2945 2955 2954
f 2946 2947 2956
f 2946 2956 2955
f 2947 2948 2957
f 2947 2957 2956
f 2948 2949 2958
f 2948 2958 2957
f 2949 2950 2959
f 2949 2959 2958
f 2950 2951 2960
f 2950 2960 2959
f 2951 2952 2961
f 2951 2961 2960
f 2953 2954 2963
f 2953 2963 2962
f 2954 2955 2964
f 2954 2964 2963
f 2955 2956 2965
f 2955 2965 2964
f 2956 2957 2966
f 2956 2966 2965
f 2957 2958 2967
f 2957 2967 2966
f 2958 2959 2968
f 2958 2968 2967
f 2959 2960 2969
f 2959 2969 2968
f 2960 2961 2970
f 2960 2970 2969
f 2962 2963 2972
f 2962 2972 2971
f 2963 2964 2973
f 2963 2973 2972
f 2964 2965 2974
f 2964 2974 2973
f 2965 2966 2975
f 2965 2975 2974
f 2966 2967 2976
f 2966 2976 2975
f 2967 2968 2977
f 2967 2977 2976
f 2968 2969 2978
f 2968 2978 2977
f 2969 2970 2979
f 2969 2979 2978
f 2971 2972 2981
f 2971 2981 2980
f 2972 2973 2982
f 2972 2982 2981
f 2973 2974 2983
f 2973 2983 2982
f 2974 2975 2984
f 2974 2984 2983
f 2975 2976 2985
f 2975 2985 2984
f 2976 2977 2986
f 2976 2986 2985
f 2977 2978 2987
f 2977 2987 2986
f 2978 2979 2988
f 2978 2988 2987
f 2980 2981 2990
f 2980 2990 2989
f 2981 2982 2991
f 2981 2991 2990
f 2982 2983 2992
f 2982 2992 2991
f 2983 2984 2993
f 2983 2993 2992
f 2984 2985 2994
f 2984 2994 2993
f 2985 2986 2995
f 2985 2995 2994
f 2986 2987 2996
f 2986 2996 2995
f 2987 2988 2997
f 2987 2997 2996
f 2998 2999 3008
f 2998 3008 3007
f 2999 3000 3009
f 2999 3009 3008
f 3000 3001 3010
f 3000 3010 3009
f 3001 3002 3011
f 3001 3011 3010
f 3002 3003 3012
f 3002 3012 3011
f 3003 3004 3013
f 3003 3013 3012
f 3004 3005 3014
f 3004 3014 3013
f 3005 3006 3015
f 3005 3015 3014
f 3007 3008 3017
f 3007 3017 3016
f 3008 3009 3018
f 3008 3018 3017
f 3009 3010 3019
f 3009 3019 3018
f 3010 3011 3020
f 3010 3020 3019
f 3011 3012 3021
f 3011 3021 3020
f 3012 3013 3022
f 3012 3022 3021
f 3013 3014 3023
f 3013 3023 3022
f 3014 3015 3024
f 3014 3024 3023
f 3016 3017 3026
f 3016 3026 3025
f 3017 3018 3027
f 3017 3027 3026
f 3018 3019 3028
f 3018 3028 3027
f 3019 3020 3029
f 3019 3029 3028
f 3020 3021 3030
f 3020 3030 3029
f 3021 3022 3031
f 3021 3031 3030
f 3022 3023 3032
f 3022 3032 3031
f 3023 3024 3033
f 3023 3033 3032
f 3025 3026 3035
f 3025 3035 3034
f 3026 3027 3036
f 3026 3036 3035
f 3027 3028 3037
f 3027 3037 3036
f 3028 3029 3038
f 3028 3038 3037
f 3029 3030 3039
f 3029 3039 3038
f 3030 3031 3040
f 3030 3040 3039
f 3031 3032 3041
f 3031 3041 3040
f 3032 3033 3042
f 3032 3042 3041
f 3034 3035 3044
f 3034 3044 3043
f 3035 3036 3045
f 3035 3045 3044
f 3036 3037 3046
f 3036 3046 3045
f 3037 3038 3047
f 3037 3047 3046
f 3038 3039 3048
f 3038 3048 3047
f 3039 3040 3049
f 3039 3049 3048
f 3040 3041 3050
f 3040 3050 3049
f 3041 3042 3051
f 3041 3051 3050
f 3043 3044 3053
f 3043 3053 3052
f 3044 3045 3054
f 3044 3054 3053
f 3045 3046 3055
f 3045 3055 3054
f 3046 3047 3056
f 3046 3056 3055
f 3047 3048 3057
f 3047 3057 3056
f 3048 3049 3058
f 3048 3058 3057
f 3049 3050 3059
f 3049 3059 3058
f 3050 3051 3060
f 3050 3060 3059
f 3052 3053 3062
f 3052 3062 3061
f 3053 3054 3063
f 3053 3063 3062
f 3054 3055 3064
f 3054 3064 3063
f 3055 3056 3065
f 3055 3065 3064
f 3056 3057 3066
f 3056 3066 3065
f 3057 3058 3067
f 3057 3067 3066
f 3058 3059 3068
f 3058 3068 3067
f 3059 3060 3069
f 3059 3069 3068
f 3061 3062 3071
f 3061 3071 3070
f 3062 3063 3072
f 3062 3072 3071
f 3063 3064 3073
f 3063 3073 3072
f 3064 3065 3074
f 3064 3074 3073
f 3065 3066 3075
f 3065 3075 3074
f 3066 3067 3076
f 3066 3076 3075
f 3067 3068 3077
f 3067 3077 3076
f 3068 3069 3078
f 3068 3078 3077
f 3079 3080 3089
f 3079 3089 3088
f 3080 3081 3090
f 3080 3090 3089
f 3081 3082 3091
f 3081 3091 3090
f 3082 3083 3092
f 3082 3092 3091
f 3083 3084 3093
f 3083 3093 3092
f 3084 3085 3094
f 3084 3094 3093
f 3085 3086 3095
f 3085 3095 3094
f 3086 3087 3096
f 3086 3096 3095
f 3088 3089 3098
f 3088 3098 3097
f 3089 3090 3099
f 3089 3099 3098
f 3090 3091 3100
f 3090 3100 3099
f 3091 3092 3101
f 3091 3101 3100
f 3092 3093 3102
f 3092 3102 3101
f 3093 3094 3103
f 3093 3103 3102
f 3094 3095 3104
f 3094 3104 3103
f 3095 3096 3105
f 3095 3105 3104
f 3097 3098 3107
f 3097 3107 3106
f 3098 3099 3108
f 3098 3108 3107
f 3099 3100 3109
f 3099 3109 3108
f 3100 3101 3110
f 3100 3110 3109
f 3101 3102 3111
f 3101 3111 3110
f 3102 3103 3112
f 3102 3112 3111
f 3103 3104 3113
f 3103 3113 3112
f 3104 3105 3114
f 3104 3114 3113
f 3106 3107 3116
f 3106 3116 3115
f 3107 3108 3117
f 3107 3117 3116
f 3108 3109 3118
f 3108 3118 3117
f 3109 3110 3119
f 3109 3119 3118
f 3110 3111 3120
f 3110 3120 3119
f 3111 3112 3121
f 3111 3121 3120
f 3112 3113 3122
f 3112 3122 3121
f 3113 3114 3123
f 3113 3123 3122
f 3115 3116 3125
f 3115 3125 3124
f 3116 3117 3126
f 3116 3126 3125
f 3117 3118 3127
f 3117 3127 3126
f 3118 3119 3128
f 3118 3128 3127
f 3119 3120 3129
f 3119 3129 3128
f 3120 3121 3130
f 3120 3130 3129
f 3121 3122 3131
f 3121 3131 3130
f 3122 3123 3132
f 3122 3132 3131
f 3124 3125 3134
f 3124 3134 3133
f 3125 3126 3135
f 3125 3135 3134
f 3126 3127 3136
f 3126 3136 3135
f 3127 3128 3137
f 3127 3137 3136
f 3128 3129 3138
f 3128 3138 3137
f 3129 3130 3139
f 3129 3139 3138
f 3130 3131 3140
f 3130 3140 3139
f 3131 3132 3141
f 3131 3141 3140
f 3133 3134 3143
f 3133 3143 3142
f 3134 3135 3144
f 3134 3144 3143
f 3135 3136 3145
f 3135 3145 3144
f 3136 3137 3146
f 3136 3146 3145
f 3137 3138 3147
f 3137 3147 3146
f 3138 3139 3148
f 3138 3148 3147
f 3139 3140 3149
f 3139 3149 3148
f 3140 3141 3150
f 3140 3150 3149
f 3142 3143 3152
f 3142 3152 3151
f 3143 3144 3153
f 3143 3153 3152
f 3144 3145 3154
f 3144 3154 3153
f 3145 3146 3155
f 3145 3155 3154
f 3146 3147 3156
f 3146 3156 3155
f 3147 3148 3157
f 3147 3157 3156
f 3148 3149 3158
f 3148 3158 3157
f 3149 3150 3159
f 3149 3159 3158
f 3160 3161 3170
f 3160 3170 3169
f 3161 3162 3171
f 3161 3171 3170
f 3162 3163 3172
f 3162 3172 3171
f 3163 3164 3173
f 3163 3173 3172
f 3164 3165 3174
f 3164 3174 3173
f 3165 3166 3175
f 3165 3175 3174
f 3166 3167 3176
f 3166 3176 3175
f 3167 3168 3177
f 3167 3177 3176
f 3169 3170 3179
f 3169 3179 3178
f 3170 3171 3180
f 3170 3180 3179
f 3171 3172 3181
f 3171 3181 3180
f 3172 3173 3182
f 3172 3182 3181
f 3173 3174 3183
f 3173 3183 3182
f 3174 3175 3184
f 3174 3184 3183
f 3175 3176 3185
f 3175 3185 3184
f 3176 3177 3186
f 3176 3186 3185
f 3178 3179 3188
f 3178 3188 3187
f 3179 3180 3189
f 3179 3189 3188
f 3180 3181 3190
f 3180 3190 3189
f 3181 3182 3191
f 3181 3191 3190
f 3182 3183 3192
f 3182 3192 3191
f 3183 3184 3193
f 3183 3193 3192
f 3184 3185 3194
f 3184 3194 3193
f 3185 3186 3195
f 3185 3195 3194
f 3187 3188 3197
f 3187 3197 3196
f 3188 3189 3198
f 3188 3198 3197
f 3189 3190 3199
f 3189 3199 3198
f 3190 3191 3200
f 3190 3200 3199
f 3191 3192 3201
f 3191 3201 3200
f 3192 3193 3202
f 3192 3202 3201
f 3193 3194 3203
f 3193 3203 3202
f 3194 3195 3204
f 3194 3204 3203
f 3196 3197 3206
f 3196 3206 3205
f 3197 3198 3207
f 3197 3207 3206
f 3198 3199 3208
f 3198 3208 3207
f 3199 3200 3209
f 3199 3209 3208
f 3200 3201 3210
f 3200 3210 3209
f 3201 3202 3211
f 3201 3211 3210
f 3202 3203 3212
f 3202 3212 3211
f 3203 3204 3213
f 3203 3213 3212
f 3205 3206 3215
f 3205 3215 3214
f 3206 3207 3216
f 3206 3216 3215
f 3207 3208 3217
f 3207 3217 3216
f 3208 3209 3218
f 3208 3218 3217
f 3209 3210 3219
f 3209 3219 3218
f 3210 3211 3220
f 3210 3220 3219
f 3211 3212 3221
f 3211 3221 3220
f 3212 3213 3222
f 3212 3222 3221
f 3214 3215 3224
f 3214 3224 3223
f 3215 3216 3225
f 3215 3225 3224
f 3216 3217 3226
f 3216 3226 3225
f 3217 3218 3227
f 3217 3227 3226
f 3218 3219 3228
f 3218 3228 3227
f 3219 3220 3229
f 3219 3229 3228
f 3220 3221 3230
f 3220 3230 3229
f 3221 3222 3231
f 3221 3231 3230
f 3223 3224 3233
f 3223 3233 3232
f 3224 3225 3234
f 3224 3234 3233
f 3225 3226 3235
f 3225 3235 3234
f 3226 3227 3236
f 3226 3236 3235
f 3227 3228 3237
f 3227 3237 3236
f 3228 3229 3238
f 3228 3238 3237
f 3229 3230 3239
f 3229 3239 3238
f 3230 3231 3240
f 3230 3240 3239
f 3241 3242 3251
f 3241 3251 3250
f 3242 3243 3252
f 3242 3252 3251
f 3243 3244 3253
f 3243 3253 3252
f 3244 3245 3254
f 3244 3254 3253
f 3245 3246 3255
f 3245 3255 3254
f 3246 3247 3256
f 3246 3256 3255
f 3247 3248 3257
f 3247 3257 3256
f 3248 3249 3258
f 3248 3258 3257
f 3250 3251 3260
f 3250 3260 3259
f 3251 3252 3261
f 3251 3261 3260
f 3252 3253 3262
f 3252 3262 3261
f 3253 3254 3263
f 3253 3263 3262
f 3254 3255 3264
f 3254 3264 3263
f 3255 3256 3265
f 3255 3265 3264
f 3256 3257 3266
f 3256 3266 3265
f 3257 3258 3267
f 3257 3267 3266
f 3259 3260 3269
f 3259 3269 3268
f 3260 3261 3270
f 3260 3270 3269
f 3261 3262 3271
f 3261 3271 3270
f 3262 3263 3272
f 3262 3272 3271
f 3263 3264 3273
f 3263 3273 3272
f 3264 3265 3274
f 3264 3274 3273
f 3265 3266 3275
f 3265 3275 3274
f 3266 3267 3276
f 3266 3276 3275
f 3268 3269 3278
f 3268 3278 3277
f 3269 3270 3279
f 3269 3279 3278
f 3270 3271 3280
f 3270 3280 3279
f 3271 3272 3281
f 3271 3281 3280
f 3272 3273 3282
f 3272 3282 3281
f 3273 3274 3283
f 3273 3283 3282
f 3274 3275 3284
f 3274 3284 3283
f 3275 3276 3285
f 3275 3285 3284
f 3277 3278 3287
f 3277 3287 3286
f 3278 3279 3288
f 3278 3288 3287
f 3279 3280 3289
f 3279 3289 3288
f 3280 3281 3290
f 3280 3290 3289
f 3281 3282 3291
f 3281 3291 3290
f 3282 3283 3292
f 3282 3292 3291
f 3283 3284 3293
f 3283 3293 3292
f 3284 3285 3294
f 3284 3294 3293
f 3286 3287 3296
f 3286 3296 3295
f 3287 3288 3297
f 3287 3297 3296
f 3288 3289 3298
f 3288 3298 3297
f 3289 3290 3299
f 3289 3299 3298
f 3290 3291 3300
f 3290 3300 3299
f 3291 3292 3301
f 3291 3301 3300
f 3292 3293 3302
f 3292 3302 3301
f 3293 3294 3303
f 3293 3303 3302
f 3295 3296 3305
f 3295 3305 3304
f 3296 3297 3306
f 3296 3306 3305
f 3297 3298 3307
f 3297 3307 3306
f 3298 3299 3308
f 3298 3308 3307
f 3299 3300 3309
f 3299 3309 3308
f 3300 3301 3310
f 3300 3310 3309
f 3301 3302 3311
f 3301 3311 3310
f 3302 3303 3312
f 3302 3312 3311
f 3304 3305 3314
f 3304 3314 3313
f 3305 3306 3315
f 3305 3315 3314
f 3306 3307 3316
f 3306 3316 3315
f 3307 3308 3317
f 3307 3317 3316
f 3308 3309 3318
f 3308 3318 3317
f 3309 3310 3319
f 3309 3319 3318
f 3310 3311 3320
f 3310 3320 3319
f 3311 3312 3321
f 3311 3321 3320
f 3322 3323 3332
f 3322 3332 3331
f 3323 3324 3333
f 3323 3333 3332
f 3324 3325 3334
f 3324 3334 3333
f 3325 3326 3335
f 3325 3335 3334
f 3326 3327 3336
f 3326 3336 3335
f 3327 3328 3337
f 3327 3337 3336
f 3328 3329 3338
f 3328 3338 3337
f 3329 3330 3339
f 3329 3339 3338
f 3331 3332 3341
f 3331 3341 3340
f 3332 3333 3342
f 3332 3342 3341
f 3333 3334 3343
f 3333 3343 3342
f 3334 3335 3344
f 3334 3344 3343
f 3335 3336 3345
f 3335 3345 3344
f 3336 3337 3346
f 3336 3346 3345
f 3337 3338 3347
f 3337 3347 3346
f 3338 3339 3348
f 3338 3348 3347
f 3340 3341 3350
f 3340 3350 3349
f 3341 3342 3351
f 3341 3351 3350
f 3342 3343 3352
f 3342 3352 3351
f 3343 3344 3353
f 3343 3353 3352
f 3344 3345 3354
f 3344 3354 3353
f 3345 3346 3355
f 3345 3355 3354
f 3346 3347 3356
f 3346 3356 3355
f 3347 3348 3357
f 3347 3357 3356
f 3349 3350 3359
f 3349 3359 3358
f 3350 3351 3360
f 3350 3360 3359
f 3351 3352 3361
f 3351 3361 3360
f 3352 3353 3362
f 3352 3362 3361
f 3353 3354 3363
f 3353 3363 3362
f 3354 3355 3364
f 3354 3364 3363
f 3355 3356 3365
f 3355 3365 3364
f 3356 3357 3366
f 3356 3366 3365
f 3358 3359 3368
f 3358 3368 3367
f 3359 3360 3369
f 3359 3369 3368
f 3360 3361 3370
f 3360 3370 3369
f 3361 3362 3371
f 3361 3371 3370
f 3362 3363 3372
f 3362 3372 3371
f 3363 3364 3373
f 3363 3373 3372
f 3364 3365 3374
f 3364 3374 3373
f 3365 3366 3375
f 3365 3375 3374
f 3367 3368 3377
f 3367 3377 3376
f 3368 3369 3378
f 3368 3378 3377
f 3369 3370 3379
f 3369 3379 3378
f 3370 3371 3380
f 3370 3380 3379
f 3371 3372 3381
f 3371 3381 3380
f 3372 3373 3382
f 3372 3382 3381
f 3373 3374 3383
f 3373 3383 3382
f 3374 3375 3384
f 3374 3384 3383
f 3376 3377 3386
f 3376 3386 3385
f 3377 3378 3387
f 3377 3387 3386
f 3378 3379 3388
f 3378 3388 3387
f 3379 3380 3389
f 3379 3389 3388
f 3380 3381 3390
f 3380 3390 3389
f 3381 3382 3391
f 3381 3391 3390
f 3382 3383 3392
f 3382 3392 3391
f 3383 3384 3393
f 3383 3393 3392
f 3385 3386 3395
f 3385 3395 3394
f 3386 3387 3396
f 3386 3396 3395
f 3387 3388 3397
f 3387 3397 3396
f 3388 3389 3398
f 3388 3398 3397
f 3389 3390 3399
f 3389 3399 3398
f 3390 3391 3400
f 3390 3400 3399
f 3391 3392 3401
f 3391 3401 3400
f 3392 3393 3402
f 3392 3402 3401
g 바닥_7
v -3.0000 -0.1000 6.0000
v -3.0000 -0.0750 6.0000
v -3.0000 -0.0500 6.0000
v -3.0000 -0.0250 6.0000
v -3.0000 0.0000 6.0000
v -3.0000 0.0250 6.0000
v -3.0000 0.0500 6.0000
v -3.0000 0.0750 6.0000
v -3.0000 0.1000 6.0000
v -2.6250 -0.1000 6.0000
v -2.6250 -0.0750 6.0000
v -2.6250 -0.0500 6.0000
v -2.6250 -0.0250 6.0000
v -2.6250 0.0000 6.0000
v -2.6250 0.0250 6.0000
v -2.6250 0.0500 6.0000
v -2.6250 0.0750 6.0000
v -2.6250 0.1000 6.0000
v -2.2500 -0.1000 6.0000
v -2.2500 -0.0750 6.0000
v -2.2500 -0.0500 6.0000
v -2.2500 -0.0250 6.0000
v -2.2500 0.0000 6.0000
v -2.2500 0.0250 6.0000
v -2.2500 0.0500 6.0000
v -2.2500 0.0750 6.0000
v -2.2500 0.1000 6.0000
v -1.8750 -0.1000 6.0000
v -1.8750 -0.0750 6.0000
v -1.8750 -0.0500 6.0000
v -1.8750 -0.0250 6.0000
v -1.8750 0.0000 6.0000
v -1.8750 0.0250 6.0000
v -1.8750 0.0500 6.0000
v -1.8750 0.0750 6.0000
v -1.8750 0.1000 6.0000
v -1.5000 -0.1000 6.0000
v -1.5000 -0.0750 6.0000
v -1.5000 -0.0500 6.0000
v -1.5000 -0.0250 6.0000
v -1.5000 0.0000 6.0000
v -1.5000 0.0250 6.0000
v -1.5000 0.0500 6.0000
v -1.5000 0.0750 6.0000
v -1.5000 0.1000 6.0000
v -1.1250 -0.1000 6.0000
v -1.1250 -0.0750 6.0000
v -1.1250 -0.0500 6.0000
v -1.1250 -0.0250 6.0000
v -1.1250 0.0000 6.0000
v -1.1250 0.0250 6.0000
v -1.1250 0.0500 6.0000
v -1.1250 0.0750 6.0000
v -1.1250 0.1000 6.0000
v -0.7500 -0.1000 6.0000
v -0.7500 -0.0750 6.0000
v -0.7500 -0.0500 6.0000
v -0.7500 -0.0250 6.0000
v -0.7500 0.0000 6.0000
v -0.7500 0.0250 6.0000
v -0.7500 0.0500 6.0000
v -0.7500 0.0750 6.0000
v -0.7500 0.1000 6.0000
v -0.3750 -0.1000 6.0000
v -0.3750 -0.0750 6.0000
v -0.3750 -0.0500 6.0000
v -0.3750 -0.0250 6.0000
v -0.3750 0.0000 6.0000
v -0.3750 0.0250 6.0000
v -0.3750 0.0500 6.0000
v -0.3750 0.0750 6.0000
v -0.3750 0.1000 6.0000
v 0.0000 -0.1000 6.0000
v 0.0000 -0.0750 6.0000
v 0.0000 -0.0500 6.0000
v 0.0000 -0.0250 6.0000
v 0.0000 0.0000 6.0000
v 0.0000 0.0250 6.0000
v 0.0000 0.0500 6.0000
v 0.0000 0.0750 6.0000
v 0.0000 0.1000 6.0000
v 0.0000 -0.1000 3.0000
v 0.0000 -0.0750 3.0000
v 0.0000 -0.0500 3.0000
v 0.0000 -0.0250 3.0000
v 0.0000 0.0000 3.0000
v 0.0000 0.0250 3.0000
v 0.0000 0.0500 3.0000
v 0.0000 0.0750 3.0000
v 0.0000 0.1000 3.0000
v -0.3750 -0.1000 3.0000
v -0.3750 -0.0750 3.0000
v -0.3750 -0.0500 3.0000
v -0.3750 -0.0250 3.0000
v -0.3750 0.0000 3.0000
v -0.3750 0.0250 3.0000
v -0.3750 0.0500 3.0000
v -0.3750 0.0750 3.0000
v -0.3750 0.1000 3.0000
v -0.7500 -0.1000 3.0000
v -0.7500 -0.0750 3.0000
v -0.7500 -0.0500 3.0000
v -0.7500 -0.0250 3.0000
v -0.7500 0.0000 3.0000
v -0.7500 0.0250 3.0000
v -0.7500 0.0500 3.0000
v -0.7500 0.0750 3.0000
v -0.7500 0.1000 3.0000
v -1.1250 -0.1000 3.0000
v -1.1250 -0.0750 3.0000
v -1.1250 -0.0500 3.0000
v -1.1250 -0.0250 3.0000
v -1.1250 0.0000 3.0000
v -1.1250 0.0250 3.0000
v -1.1250 0.0500 3.0000
v -1.1250 0.0750 3.0000
v -1.1250 0.1000 3.0000
v -1.5000 -0.1000 3.0000
v -1.5000 -0.0750 3.0000
v -1.5000 -0.0500 3.0000
v -1.5000 -0.0250 3.0000
v -1.5000 0.0000 3.0000
v -1.5000 0.0250 3.0000
v -1.5000 0.0500 3.0000
v -1.5000 0.0750 3.0000
v -1.5000 0.1000 3.0000
v -1.8750 -0.1000 3.0000
v -1.8750 -0.0750 3.0000
v -1.8750 -0.0500 3.0000
v -1.8750 -0.0250 3.0000
v -1.8750 0.0000 3.0000
v -1.8750 0.0250 3.0000
v -1.8750 0.0500 3.0000
v -1.8750 0.0750 3.0000
v -1.8750 0.1000 3.0000
v -2.2500 -0.1000 3.0000
v -2.2500 -0.0750 3.0000
v -2.2500 -0.0500 3.0000
v -2.2500 -0.0250 3.0000
v -2.2500 0.0000 3.0000
v -2.2500 0.0250 3.0000
v -2.2500 0.0500 3.0000
v -2.2500 0.0750 3.0000
v -2.2500 0.1000 3.0000
v -2.6250 -0.1000 3.0000
v -2.6250 -0.0750 3.0000
v -2.6250 -0.0500 3.0000
v -2.6250 -0.0250 3.0000
v -2.6250 0.0000 3.0000
v -2.6250 0.0250 3.0000
v -2.6250 0.0500 3.0000
v -2.6250 0.0750 3.0000
v -2.6250 0.1000 3.0000
v -3.0000 -0.1000 3.0000
v -3.0000 -0.0750 3.0000
v -3.0000 -0.0500 3.0000
v -3.0000 -0.0250 3.0000
v -3.0000 0.0000 3.0000
v -3.0000 0.0250 3.0000
v -3.0000 0.0500 3.0000
v -3.0000 0.0750 3.0000
v -3.0000 0.1000 3.0000
v -3.0000 -0.1000 3.0000
v -3.0000 -0.0750 3.0000
v -3.0000 -0.0500 3.0000
v -3.0000 -0.0250 3.0000
v -3.0000 0.0000 3.0000
v -3.0000 0.0250 3.0000
v -3.0000 0.0500 3.0000
v -3.0000 0.0750 3.0000
v -3.0000 0.1000 3.0000
v -3.0000 -0.1000 3.3750
v -3.0000 -0.0750 3.3750
v -3.0000 -0.0500 3.3750
v -3.0000 -0.0250 3.3750
v -3.0000 0.0000 3.3750
v -3.0000 0.0250 3.3750
v -3.0000 0.0500 3.3750
v -3.0000 0.0750 3.3750
v -3.0000 0.1000 3.3750
v -3.0000 -0.1000 3.7500
v -3.0000 -0.0750 3.7500
v -3.0000 -0.0500 3.7500
v -3.0000 -0.0250 3.7500
v -3.0000 0.0000 3.7500
v -3.0000 0.0250 3.7500
v -3.0000 0.0500 3.7500
v -3.0000 0.0750 3.7500
v -3.0000 0.1000 3.7500
v -3.0000 -0.1000 4.1250
v -3.0000 -0.0750 4.1250
v -3.0000 -0.0500 4.1250
v -3.0000 -0.0250 4.1250
v -3.0000 0.0000 4.1250
v -3.0000 0.0250 4.1250
v -3.0000 0.0500 4.1250
v -3.0000 0.0750 4.1250
v -3.0000 0.1000 4.1250
v -3.0000 -0.1000 4.5000
v -3.0000 -0.0750 4.5000
v -3.0000 -0.0500 4.5000
v -3.0000 -0.0250 4.5000
v -3.0000 0.0000 4.5000
v -3.0000 0.0250 4.5000
v -3.0000 0.0500 4.5000
v -3.0000 0.0750 4.5000
v -3.0000 0.1000 4.5000
v -3.0000 -0.1000 4.8750
v -3.0000 -0.0750 4.8750
v -3.0000 -0.0500 4.8750
v -3.0000 -0.0250 4.8750
v -3.0000 0.0000 4.8750
v -3.0000 0.0250 4.8750
v -3.0000 0.0500 4.8750
v -3.0000 0.0750 4.8750
v -3.0000 0.1000 4.8750
v -3.0000 -0.1000 5.2500
v -3.0000 -0.0750 5.2500
v -3.0000 -0.0500 5.2500
v -3.0000 -0.0250 5.2500
v -3.0000 0.0000 5.2500
v -3.0000 0.0250 5.2500
v -3.0000 0.0500 5.2500
v -3.0000 0.0750 5.2500
v -3.0000 0.1000 5.2500
v -3.0000 -0.1000 5.6250
v -3.0000 -0.0750 5.6250
v -3.0000 -0.0500 5.6250
v -3.0000 -0.0250 5.6250
v -3.0000 0.0000 5.6250
v -3.0000 0.0250 5.6250
v -3.0000 0.0500 5.6250
v -3.0000 0.0750 5.6250
v -3.0000 0.1000 5.6250
v -3.0000 -0.1000 6.0000
v -3.0000 -0.0750 6.0000
v -3.0000 -0.0500 6.0000
v -3.0000 -0.0250 6.0000
v -3.0000 0.0000 6.0000
v -3.0000 0.0250 6.0000
v -3.0000 0.0500 6.0000
v -3.0000 0.0750 6.0000
v -3.0000 0.1000 6.0000
v 0.0000 -0.1000 6.0000
v 0.0000 -0.0750 6.0000
v 0.0000 -0.0500 6.0000
v 0.0000 -0.0250 6.0000
v 0.0000 0.0000 6.0000
v 0.0000 0.0250 6.0000
v 0.0000 0.0500 6.0000
v 0.0000 0.0750 6.0000
v 0.0000 0.1000 6.0000
v 0.0000 -0.1000 5.6250
v 0.0000 -0.0750 5.6250
v 0.0000 -0.0500 5.6250
v 0.0000 -0.0250 5.6250
v 0.0000 0.0000 5.6250
v 0.0000 0.0250 5.6250
v 0.0000 0.0500 5.6250
v 0.0000 0.0750 5.6250
v 0.0000 0.1000 5.6250
v 0.0000 -0.1000 5.2500
v 0.0000 -0.0750 5.2500
v 0.0000 -0.0500 5.2500
v 0.0000 -0.0250 5.2500
v 0.0000 0.0000 5.2500
v 0.0000 0.0250 5.2500
v 0.0000 0.0500 5.2500
v 0.0000 0.0750 5.2500
v 0.0000 0.1000 5.2500
v 0.0000 -0.1000 4.8750
v 0.0000 -0.0750 4.8750
v 0.0000 -0.0500 4.8750
v 0.0000 -0.0250 4.8750
v 0.0000 0.0000 4.8750
v 0.0000 0.0250 4.8750
v 0.0000 0.0500 4.8750
v 0.0000 0.0750 4.8750
v 0.0000 0.1000 4.8750
v 0.0000 -0.1000 4.5000
v 0.0000 -0.0750 4.5000
v 0.0000 -0.0500 4.5000
v 0.0000 -0.0250 4.5000
v 0.0000 0.0000 4.5000
v 0.0000 0.0250 4.5000
v 0.0000 0.0500 4.5000
v 0.0000 0.0750 4.5000
v 0.0000 0.1000 4.5000
v 0.0000 -0.1000 4.1250
v 0.0000 -0.0750 4.1250
v 0.0000 -0.0500 4.1250
v 0.0000 -0.0250 4.1250
v 0.0000 0.0000 4.1250
v 0.0000 0.0250 4.1250
v 0.0000 0.0500 4.1250
v 0.0000 0.0750 4.1250
v 0.0000 0.1000 4.1250
v 0.0000 -0.1000 3.7500
v 0.0000 -0.0750 3.7500
v 0.0000 -0.0500 3.7500
v 0.0000 -0.0250 3.7500
v 0.0000 0.0000 3.7500
v 0.0000 0.0250 3.7500
v 0.0000 0.0500 3.7500
v 0.0000 0.0750 3.7500
v 0.0000 0.1000 3.7500
v 0.0000 -0.1000 3.3750
v 0.0000 -0.0750 3.3750
v 0.0000 -0.0500 3.3750
v 0.0000 -0.0250 3.3750
v 0.0000 0.0000 3.3750
v 0.0000 0.0250 3.3750
v 0.0000 0.0500 3.3750
v 0.0000 0.0750 3.3750
v 0.0000 0.1000 3.3750
v 0.0000 -0.1000 3.0000
v 0.0000 -0.0750 3.0000
v 0.0000 -0.0500 3.0000
v 0.0000 -0.0250 3.0000
v 0.0000 0.0000 3.0000
v 0.0000 0.0250 3.0000
v 0.0000 0.0500 3.0000
v 0.0000 0.0750 3.0000
v 0.0000 0.1000 3.0000
v -3.0000 0.1000 3.0000
v -3.0000 0.1000 3.3750
v -3.0000 0.1000 3.7500
v -3.0000 0.1000 4.1250
v -3.0000 0.1000 4.5000
v -3.0000 0.1000 4.8750
v -3.0000 0.1000 5.2500
v -3.0000 0.1000 5.6250
v -3.0000 0.1000 6.0000
v -2.6250 0.1000 3.0000
v -2.6250 0.1000 3.3750
v -2.6250 0.1000 3.7500
v -2.6250 0.1000 4.1250
v -2.6250 0.1000 4.5000
v -2.6250 0.1000 4.8750
v -2.6250 0.1000 5.2500
v -2.6250 0.1000 5.6250
v -2.6250 0.1000 6.0000
v -2.2500 0.1000 3.0000
v -2.2500 0.1000 3.3750
v -2.2500 0.1000 3.7500
v -2.2500 0.1000 4.1250
v -2.2500 0.1000 4.5000
v -2.2500 0.1000 4.8750
v -2.2500 0.1000 5.2500
v -2.2500 0.1000 5.6250
v -2.2500 0.1000 6.0000
v -1.8750 0.1000 3.0000
v -1.8750 0.1000 3.3750
v -1.8750 0.1000 3.7500
v -1.8750 0.1000 4.1250
v -1.8750 0.1000 4.5000
v -1.8750 0.1000 4.8750
v -1.8750 0.1000 5.2500
v -1.8750 0.1000 5.6250
v -1.8750 0.1000 6.0000
v -1.5000 0.1000 3.0000
v -1.5000 0.1000 3.3750
v -1.5000 0.1000 3.7500
v -1.5000 0.1000 4.1250
v -1.5000 0.1000 4.5000
v -1.5000 0.1000 4.8750
v -1.5000 0.1000 5.2500
v -1.5000 0.1000 5.6250
v -1.5000 0.1000 6.0000
v -1.1250 0.1000 3.0000
v -1.1250 0.1000 3.3750
v -1.1250 0.1000 3.7500
v -1.1250 0.1000 4.1250
v -1.1250 0.1000 4.5000
v -1.1250 0.1000 4.8750
v -1.1250 0.1000 5.2500
v -1.1250 0.1000 5.6250
v -1.1250 0.1000 6.0000
v -0.7500 0.1000 3.0000
v -0.7500 0.1000 3.3750
v -0.7500 0.1000 3.7500
v -0.7500 0.1000 4.1250
v -0.7500 0.1000 4.5000
v -0.7500 0.1000 4.8750
v -0.7500 0.1000 5.2500
v -0.7500 0.1000 5.6250
v -0.7500 0.1000 6.0000
v -0.3750 0.1000 3.0000
v -0.3750 0.1000 3.3750
v -0.3750 0.1000 3.7500
v -0.3750 0.1000 4.1250
v -0.3750 0.1000 4.5000
v -0.3750 0.1000 4.8750
v -0.3750 0.1000 5.2500
v -0.3750 0.1000 5.6250
v -0.3750 0.1000 6.0000
v 0.0000 0.1000 3.0000
v 0.0000 0.1000 3.3750
v 0.0000 0.1000 3.7500
v 0.0000 0.1000 4.1250
v 0.0000 0.1000 4.5000
v 0.0000 0.1000 4.8750
v 0.0000 0.1000 5.2500
v 0.0000 0.1000 5.6250
v 0.0000 0.1000 6.0000
v -3.0000 -0.1000 6.0000
v -3.0000 -0.1000 5.6250
v -3.0000 -0.1000 5.2500
v -3.0000 -0.1000 4.8750
v -3.0000 -0.1000 4.5000
v -3.0000 -0.1000 4.1250
v -3.0000 -0.1000 3.7500
v -3.0000 -0.1000 3.3750
v -3.0000 -0.1000 3.0000
v -2.6250 -0.1000 6.0000
v -2.6250 -0.1000 5.6250
v -2.6250 -0.1000 5.2500
v -2.6250 -0.1000 4.8750
v -2.6250 -0.1000 4.5000
v -2.6250 -0.1000 4.1250
v -2.6250 -0.1000 3.7500
v -2.6250 -0.1000 3.3750
v -2.6250 -0.1000 3.0000
v -2.2500 -0.1000 6.0000
v -2.2500 -0.1000 5.6250
v -2.2500 -0.1000 5.2500
v -2.2500 -0.1000 4.8750
v -2.2500 -0.1000 4.5000
v -2.2500 -0.1000 4.1250
v -2.2500 -0.1000 3.7500
v -2.2500 -0.1000 3.3750
v -2.2500 -0.1000 3.0000
v -1.8750 -0.1000 6.0000
v -1.8750 -0.1000 5.6250
v -1.8750 -0.1000 5.2500
v -1.8750 -0.1000 4.8750
v -1.8750 -0.1000 4.5000
v -1.8750 -0.1000 4.1250
v -1.8750 -0.1000 3.7500
v -1.8750 -0.1000 3.3750
v -1.8750 -0.1000 3.0000
v -1.5000 -0.1000 6.0000
v -1.5000 -0.1000 5.6250
v -1.5000 -0.1000 5.2500
v -1.5000 -0.1000 4.8750
v -1.5000 -0.1000 4.5000
v -1.5000 -0.1000 4.1250
v -1.5000 -0.1000 3.7500
v -1.5000 -0.1000 3.3750
v -1.5000 -0.1000 3.0000
v -1.1250 -0.1000 6.0000
v -1.1250 -0.1000 5.6250
v -1.1250 -0.1000 5.2500
v -1.1250 -0.1000 4.8750
v -1.1250 -0.1000 4.5000
v -1.1250 -0.1000 4.1250
v -1.1250 -0.1000 3.7500
v -1.1250 -0.1000 3.3750
v -1.1250 -0.1000 3.0000
v -0.7500 -0.1000 6.0000
v -0.7500 -0.1000 5.6250
v -0.7500 -0.1000 5.2500
v -0.7500 -0.1000 4.8750
v -0.7500 -0.1000 4.5000
v -0.7500 -0.1000 4.1250
v -0.7500 -0.1000 3.7500
v -0.7500 -0.1000 3.3750
v -0.7500 -0.1000 3.0000
v -0.3750 -0.1000 6.0000
v -0.3750 -0.1000 5.6250
v -0.3750 -0.1000 5.2500
v -0.3750 -0.1000 4.8750
v -0.3750 -0.1000 4.5000
v -0.3750 -0.1000 4.1250
v -0.3750 -0.1000 3.7500
v -0.3750 -0.1000 3.3750
v -0.3750 -0.1000 3.0000
v 0.0000 -0.1000 6.0000
v 0.0000 -0.1000 5.6250
v 0.0000 -0.1000 5.2500
v 0.0000 -0.1000 4.8750
v 0.0000 -0.1000 4.5000
v 0.0000 -0.1000 4.1250
v 0.0000 -0.1000 3.7500
v 0.0000 -0.1000 3.3750
v 0.0000 -0.1000 3.0000
f 3403 3404 3413
f 3403 3413 3412
f 3404 3405 3414
f 3404 3414 3413
f 3405 3406 3415
f 3405 3415 3414
f 3406 3407 3416
f 3406 3416 3415
f 3407 3408 3417
f 3407 3417 3416
f 3408 3409 3418
f 3408 3418 3417
f 3409 3410 3419
f 3409 3419 3418
f 3410 3411 3420
f 3410 3420 3419
f 3412 3413 3422
f 3412 3422 3421
f 3413 3414 3423
f 3413 3423 3422
f 3414 3415 3424
f 3414 3424 3423
f 3415 3416 3425
f 3415 3425 3424
f 3416 3417 3426
f 3416 3426 3425
f 3417 3418 3427
f 3417 3427 3426
f 3418 3419 3428
f 3418 3428 3427
f 3419 3420 3429
f 3419 3429 3428
f 3421 3422 3431
f 3421 3431 3430
f 3422 3423 3432
f 3422 3432 3431
f 3423 3424 3433
f 3423 3433 3432
f 3424 3425 3434
f 3424 3434 3433
f 3425 3426 3435
f 3425 3435 3434
f 3426 3427 3436
f 3426 3436 3435
f 3427 3428 3437
f 3427 3437 3436
f 3428 3429 3438
f 3428 3438 3437
f 3430 3431 3440
f 3430 3440 3439
f 3431 3432 3441
f 3431 3441 3440
f 3432 3433 3442
f 3432 3442 3441
f 3433 3434 3443
f 3433 3443 3442
f 3434 3435 3444
f 3434 3444 3443
f 3435 3436 3445
f 3435 3445 3444
f 3436 3437 3446
f 3436 3446 3445
f 3437 3438 3447
f 3437 3447 3446
f 3439 3440 3449
f 3439 3449 3448
f 3440 3441 3450
f 3440 3450 3449
f 3441 3442 3451
f 3441 3451 3450
f 3442 3443 3452
f 3442 3452 3451
f 3443 3444 3453
f 3443 3453 3452
f 3444 3445 3454
f 3444 3454 3453
f 3445 3446 3455
f 3445 3455 3454
f 3446 3447 3456
f 3446 3456 3455
f 3448 3449 3458
f 3448 3458 3457
f 3449 3450 3459
f 3449 3459 3458
f 3450 3451 3460
f 3450 3460 3459
f 3451 3452 3461
f 3451 3461 3460
f 3452 3453 3462
f 3452 3462 3461
f 3453 3454 3463
f 3453 3463 3462
f 3454 3455 3464
f 3454 3464 3463
f 3455 3456 3465
f 3455 3465 3464
f 3457 3458 3467
f 3457 3467 3466
f 3458 3459 3468
f 3458 3468 3467
f 3459 3460 3469
f 3459 3469 3468
f 3460 3461 3470
f 3460 3470 3469
f 3461 3462 3471
f 3461 3471 3470
f 3462 3463 3472
f 3462 3472 3471
f 3463 3464 3473
f 3463 3473 3472
f 3464 3465 3474
f 3464 3474 3473
f 3466 3467 3476
f 3466 3476 3475
f 3467 3468 3477
f 3467 3477 3476
f 3468 3469 3478
f 3468 3478 3477
f 3469 3470 3479
f 3469 3479 3478
f 3470 3471 3480
f 3470 3480 3479
f 3471 3472 3481
f 3471 3481 3480
f 3472 3473 3482
f 3472 3482 3481
f 3473 3474 3483
f 3473 3483 3482
f 3484 3485 3494
f 3484 3494 3493
f 3485 3486 3495
f 3485 3495 3494
f 3486 3487 3496
f 3486 3496 3495
f 3487 3488 3497
f 3487 3497 3496
f 3488 3489 3498
f 3488 3498 3497
f 3489 3490 3499
f 3489 3499 3498
f 3490 3491 3500
f 3490 3500 3499
f 3491 3492 3501
f 3491 3501 3500
f 3493 3494 3503
f 3493 3503 3502
f 3494 3495 3504
f 3494 3504 3503
f 3495 3496 3505
f 3495 3505 3504
f 3496 3497 3506
f 3496 3506 3505
f 3497 3498 3507
f 3497 3507 3506
f 3498 3499 3508
f 3498 3508 3507
f 3499 3500 3509
f 3499 3509 3508
f 3500 3501 3510
f 3500 3510 3509
f 3502 3503 3512
f 3502 3512 3511
f 3503 3504 3513
f 3503 3513 3512
f 3504 3505 3514
f 3504 3514 3513
f 3505 3506 3515
f 3505 3515 3514
f 3506 3507 3516
f 3506 3516 3515
f 3507 3508 3517
f 3507 3517 3516
f 3508 3509 3518
f 3508 3518 3517
f 3509 3510 3519
f 3509 3519 3518
f 3511 3512 3521
f 3511 3521 3520
f 3512 3513 3522
f 3512 3522 3521
f 3513 3514 3523
f 3513 3523 3522
f 3514 3515 3524
f 3514 3524 3523
f 3515 3516 3525
f 3515 3525 3524
f 3516 3517 3526
f 3516 3526 3525
f 3517 3518 3527
f 3517 3527 3526
f 3518 3519 3528
f 3518 3528 3527
f 3520 3521 3530
f 3520 3530 3529
f 3521 3522 3531
f 3521 3531 3530
f 3522 3523 3532
f 3522 3532 3531
f 3523 3524 3533
f 3523 3533 3532
f 3524 3525 3534
f 3524 3534 3533
f 3525 3526 3535
f 3525 3535 3534
f 3526 3527 3536
f 3526 3536 3535
f 3527 3528 3537
f 3527 3537 3536
f 3529 3530 3539
f 3529 3539 3538
f 3530 3531 3540
f 3530 3540 3539
f 3531 3532 3541
f 3531 3541 3540
f 3532 3533 3542
f 3532 3542 3541
f 3533 3534 3543
f 3533 3543 3542
f 3534 3535 3544
f 3534 3544 3543
f 3535 3536 3545
f 3535 3545 3544
f 3536 3537 3546
f 3536 3546 3545
f 3538 3539 3548
f 3538 3548 3547
f 3539 3540 3549
f 3539 3549 3548
f 3540 3541 3550
f 3540 3550 3549
f 3541 3542 3551
f 3541 3551 3550
f 3542 3543 3552
f 3542 3552 3551
f 3543 3544 3553
f 3543 3553 3552
f 3544 3545 3554
f 3544 3554 3553
f 3545 3546 3555
f 3545 3555 3554
f 3547 3548 3557
f 3547 3557 3556
f 3548 3549 3558
f 3548 3558 3557
f 3549 3550 3559
f 3549 3559 3558
f 3550 3551 3560
f 3550 3560 3559
f 3551 3552 3561
f 3551 3561 3560
f 3552 3553 3562
f 3552 3562 3561
f 3553 3554 3563
f 3553 3563 3562
f 3554 3555 3564
f 3554 3564 3563
f 3565 3566 3575
f 3565 3575 3574
f 3566 3567 3576
f 3566 3576 3575
f 3567 3568 3577
f 3567 3577 3576
f 3568 3569 3578
f 3568 3578 3577
f 3569 3570 3579
f 3569 3579 3578
f 3570 3571 3580
f 3570 3580 3579
f 3571 3572 3581
f 3571 3581 3580
f 3572 3573 3582
f 3572 3582 3581
f 3574 3575 3584
f 3574 3584 3583
f 3575 3576 3585
f 3575 3585 3584
f 3576 3577 3586
f 3576 3586 3585
f 3577 3578 3587
f 3577 3587 3586
f 3578 3579 3588
f 3578 3588 3587
f 3579 3580 3589
f 3579 3589 3588
f 3580 3581 3590
f 3580 3590 3589
f 3581 3582 3591
f 3581 3591 3590
f 3583 3584 3593
f 3583 3593 3592
f 3584 3585 3594
f 3584 3594 3593
f 3585 3586 3595
f 3585 3595 3594
f 3586 3587 3596
f 3586 3596 3595
f 3587 3588 3597
f 3587 3597 3596
f 3588 3589 3598
f 3588 3598 3597
f 3589 3590 3599
f 3589 3599 3598
f 3590 3591 3600
f 3590 3600 3599
f 3592 3593 3602
f 3592 3602 3601
f 3593 3594 3603
f 3593 3603 3602
f 3594 3595 3604
f 3594 3604 3603
f 3595 3596 3605
f 3595 3605 3604
f 3596 3597 3606
f 3596 3606 3605
f 3597 3598 3607
f 3597 3607 3606
f 3598 3599 3608
f 3598 3608 3607
f 3599 3600 3609
f 3599 3609 3608
f 3601 3602 3611
f 3601 3611 3610
f 3602 3603 3612
f 3602 3612 3611
f 3603 3604 3613
f 3603 3613 3612
f 3604 3605 3614
f 3604 3614 3613
f 3605 3606 3615
f 3605 3615 3614
f 3606 3607 3616
f 3606 3616 3615
f 3607 3608 3617
f 3607 3617 3616
f 3608 3609 3618
f 3608 3618 3617
f 3610 3611 3620
f 3610 3620 3619
f 3611 3612 3621
f 3611 3621 3620
f 3612 3613 3622
f 3612 3622 3621
f 3613 3614 3623
f 3613 3623 3622
f 3614 3615 3624
f 3614 3624 3623
f 3615 3616 3625
f 3615 3625 3624
f 3616 3617 3626
f 3616 3626 3625
f 3617 3618 3627
f 3617 3627 3626
f 3619 3620 3629
f 3619 3629 3628
f 3620 3621 3630
f 3620 3630 3629
f 3621 3622 3631
f 3621 3631 3630
f 3622 3623 3632
f 3622 3632 3631
f 3623 3624 3633
f 3623 3633 3632
f 3624 3625 3634
f 3624 3634 3633
f 3625 3626 3635
f 3625 3635 3634
f 3626 3627 3636
f 3626 3636 3635
f 3628 3629 3638
f 3628 3638 3637
f 3629 3630 3639
f 3629 3639 3638
f 3630 3631 3640
f 3630 3640 3639
f 3631 3632 3641
f 3631 3641 3640
f 3632 3633 3642
f 3632 3642 3641
f 3633 3634 3643
f 3633 3643 3642
f 3634 3635 3644
f 3634 3644 3643
f 3635 3636 3645
f 3635 3645 3644
f 3646 3647 3656
f 3646 3656 3655
f 3647 3648 3657
f 3647 3657 3656
f 3648 3649 3658
f 3648 3658 3657
f 3649 3650 3659
f 3649 3659 3658
f 3650 3651 3660
f 3650 3660 3659
f 3651 3652 3661
f 3651 3661 3660
f 3652 3653 3662
f 3652 3662 3661
f 3653 3654 3663
f 3653 3663 3662
f 3655 3656 3665
f 3655 3665 3664
f 3656 3657 3666
f 3656 3666 3665
f 3657 3658 3667
f 3657 3667 3666
f 3658 3659 3668
f 3658 3668 3667
f 3659 3660 3669
f 3659 3669 3668
f 3660 3661 3670
f 3660 3670 3669
f 3661 3662 3671
f 3661 3671 3670
f 3662 3663 3672
f 3662 3672 3671
f 3664 3665 3674
f 3664 3674 3673
f 3665 3666 3675
f 3665 3675 3674
f 3666 3667 3676
f 3666 3676 3675
f 3667 3668 3677
f 3667 3677 3676
f 3668 3669 3678
f 3668 3678 3677
f 3669 3670 3679
f 3669 3679 3678
f 3670 3671 3680
f 3670 3680 3679
f 3671 3672 3681
f 3671 3681 3680
f 3673 3674 3683
f 3673 3683 3682
f 3674 3675 3684
f 3674 3684 3683
f 3675 3676 3685
f 3675 3685 3684
f 3676 3677 3686
f 3676 3686 3685
f 3677 3678 3687
f 3677 3687 3686
f 3678 3679 3688
f 3678 3688 3687
f 3679 3680 3689
f 3679 3689 3688
f 3680 3681 3690
f 3680 3690 3689
f 3682 3683 3692
f 3682 3692 3691
f 3683 3684 3693
f 3683 3693 3692
f 3684 3685 3694
f 3684 3694 3693
f 3685 3686 3695
f 3685 3695 3694
f 3686 3687 3696
f 3686 3696 3695
f 3687 3688 3697
f 3687 3697 3696
f 3688 3689 3698
f 3688 3698 3697
f 3689 3690 3699
f 3689 3699 3698
f 3691 3692 3701
f 3691 3701 3700
f 3692 3693 3702
f 3692 3702 3701
f 3693 3694 3703
f 3693 3703 3702
f 3694 3695 3704
f 3694 3704 3703
f 3695 3696 3705
f 3695 3705 3704
f 3696 3697 3706
f 3696 3706 3705
f 3697 3698 3707
f 3697 3707 3706
f 3698 3699 3708
f 3698 3708 3707
f 3700 3701 3710
f 3700 3710 3709
f 3701 3702 3711
f 3701 3711 3710
f 3702 3703 3712
f 3702 3712 3711
f 3703 3704 3713
f 3703 3713 3712
f 3704 3705 3714
f 3704 3714 3713
f 3705 3706 3715
f 3705 3715 3714
f 3706 3707 3716
f 3706 3716 3715
f 3707 3708 3717
f 3707 3717 3716
f 3709 3710 3719
f 3709 3719 3718
f 3710 3711 3720
f 3710 3720 3719
f 3711 3712 3721
f 3711 3721 3720
f 3712 3713 3722
f 3712 3722 3721
f 3713 3714 3723
f 3713 3723 3722
f 3714 3715 3724
f 3714 3724 3723
f 3715 3716 3725
f 3715 3725 3724
f 3716 3717 3726
f 3716 3726 3725
f 3727 3728 3737
f 3727 3737 3736
f 3728 3729 3738
f 3728 3738 3737
f 3729 3730 3739
f 3729 3739 3738
f 3730 3731 3740
f 3730 3740 3739
f 3731 3732 3741
f 3731 3741 3740
f 3732 3733 3742
f 3732 3742 3741
f 3733 3734 3743
f 3733 3743 3742
f 3734 3735 3744
f 3734 3744 3743
f 3736 3737 3746
f 3736 3746 3745
f 3737 3738 3747
f 3737 3747 3746
f 3738 3739 3748
f 3738 3748 3747
f 3739 3740 3749
f 3739 3749 3748
f 3740 3741 3750
f 3740 3750 3749
f 3741 3742 3751
f 3741 3751 3750
f 3742 3743 3752
f 3742 3752 3751
f 3743 3744 3753
f 3743 3753 3752
f 3745 3746 3755
f 3745 3755 3754
f 3746 3747 3756
f 3746 3756 3755
f 3747 3748 3757
f 3747 3757 3756
f 3748 3749 3758
f 3748 3758 3757
f 3749 3750 3759
f 3749 3759 3758
f 3750 3751 3760
f 3750 3760 3759
f 3751 3752 3761
f 3751 3761 3760
f 3752 3753 3762
f 3752 3762 3761
f 3754 3755 3764
f 3754 3764 3763
f 3755 3756 3765
f 3755 3765 3764
f 3756 3757 3766
f 3756 3766 3765
f 3757 3758 3767
f 3757 3767 3766
f 3758 3759 3768
f 3758 3768 3767
f 3759 3760 3769
f 3759 3769 3768
f 3760 3761 3770
f 3760 3770 3769
f 3761 3762 3771
f 3761 3771 3770
f 3763 3764 3773
f 3763 3773 3772
f 3764 3765 3774
f 3764 3774 3773
f 3765 3766 3775
f 3765 3775 3774
f 3766 3767 3776
f 3766 3776 3775
f 3767 3768 3777
f 3767 3777 3776
f 3768 3769 3778
f 3768 3778 3777
f 3769 3770 3779
f 3769 3779 3778
f 3770 3771 3780
f 3770 3780 3779
f 3772 3773 3782
f 3772 3782 3781
f 3773 3774 3783
f 3773 3783 3782
f 3774 3775 3784
f 3774 3784 3783
f 3775 3776 3785
f 3775 3785 3784
f 3776 3777 3786
f 3776 3786 3785
f 3777 3778 3787
f 3777 3787 3786
f 3778 3779 3788
f 3778 3788 3787
f 3779 3780 3789
f 3779 3789 3788
f 3781 3782 3791
f 3781 3791 3790
f 3782 3783 3792
f 3782 3792 3791
f 3783 3784 3793
f 3783 3793 3792
f 3784 3785 3794
f 3784 3794 3793
f 3785 3786 3795
f 3785 3795 3794
f 3786 3787 3796
f 3786 3796 3795
f 3787 3788 3797
f 3787 3797 3796
f 3788 3789 3798
f 3788 3798 3797
f 3790 3791 3800
f 3790 3800 3799
f 3791 3792 3801
f 3791 3801 3800
f 3792 3793 3802
f 3792 3802 3801
f 3793 3794 3803
f 3793 3803 3802
f 3794 3795 3804
f 3794 3804 3803
f 3795 3796 3805
f 3795 3805 3804
f 3796 3797 3806
f 3796 3806 3805
f 3797 3798 3807
f 3797 3807 3806
f 3808 3809 3818
f 3808 3818 3817
f 3809 3810 3819
f 3809 3819 3818
f 3810 3811 3820
f 3810 3820 3819
f 3811 3812 3821
f 3811 3821 3820
f 3812 3813 3822
f 3812 3822 3821
f 3813 3814 3823
f 3813 3823 3822
f 3814 3815 3824
f 3814 3824 3823
f 3815 3816 3825
f 3815 3825 3824
f 3817 3818 3827
f 3817 3827 3826
f 3818 3819 3828
f 3818 3828 3827
f 3819 3820 3829
f 3819 3829 3828
f 3820 3821 3830
f 3820 3830 3829
f 3821 3822 3831
f 3821 3831 3830
f 3822 3823 3832
f 3822 3832 3831
f 3823 3824 3833
f 3823 3833 3832
f 3824 3825 3834
f 3824 3834 3833
f 3826 3827 3836
f 3826 3836 3835
f 3827 3828 3837
f 3827 3837 3836
f 3828 3829 3838
f 3828 3838 3837
f 3829 3830 3839
f 3829 3839 3838
f 3830 3831 3840
f 3830 3840 3839
f 3831 3832 3841
f 3831 3841 3840
f 3832 3833 3842
f 3832 3842 3841
f 3833 3834 3843
f 3833 3843 3842
f 3835 3836 3845
f 3835 3845 3844
f 3836 3837 3846
f 3836 3846 3845
f 3837 3838 3847
f 3837 3847 3846
f 3838 3839 3848
f 3838 3848 3847
f 3839 3840 3849
f 3839 3849 3848
f 3840 3841 3850
f 3840 3850 3849
f 3841 3842 3851
f 3841 3851 3850
f 3842 3843 3852
f 3842 3852 3851
f 3844 3845 3854
f 3844 3854 3853
f 3845 3846 3855
f 3845 3855 3854
f 3846 3847 3856
f 3846 3856 3855
f 3847 3848 3857
f 3847 3857 3856
f 3848 3849 3858
f 3848 3858 3857
f 3849 3850 3859
f 3849 3859 3858
f 3850 3851 3860
f 3850 3860 3859
f 3851 3852 3861
f 3851 3861 3860
f 3853 3854 3863
f 3853 3863 3862
f 3854 3855 3864
f 3854 3864 3863
f 3855 3856 3865
f 3855 3865 3864
f 3856 3857 3866
f 3856 3866 3865
f 3857 3858 3867
f 3857 3867 3866
f 3858 3859 3868
f 3858 3868 3867
f 3859 3860 3869
f 3859 3869 3868
f 3860 3861 3870
f 3860 3870 3869
f 3862 3863 3872
f 3862 3872 3871
f 3863 3864 3873
f 3863 3873 3872
f 3864 3865 3874
f 3864 3874 3873
f 3865 3866 3875
f 3865 3875 3874
f 3866 3867 3876
f 3866 3876 3875
f 3867 3868 3877
f 3867 3877 3876
f 3868 3869 3878
f 3868 3878 3877
f 3869 3870 3879
f 3869 3879 3878
f 3871 3872 3881
f 3871 3881 3880
f 3872 3873 3882
f 3872 3882 3881
f 3873 3874 3883
f 3873 3883 3882
f 3874 3875 3884
f 3874 3884 3883
f 3875 3876 3885
f 3875 3885 3884
f 3876 3877 3886
f 3876 3886 3885
f 3877 3878 3887
f 3877 3887 3886
f 3878 3879 3888
f 3878 3888 3887
g 바닥_8
v 0.0000 -0.1000 -3.0000
v 0.0000 -0.0750 -3.0000
v 0.0000 -0.0500 -3.0000
v 0.0000 -0.0250 -3.0000
v 0.0000 0.0000 -3.0000
v 0.0000 0.0250 -3.0000
v 0.0000 0.0500 -3.0000
v 0.0000 0.0750 -3.0000
v 0.0000 0.1000 -3.0000
v 0.3750 -0.1000 -3.0000
v 0.3750 -0.0750 -3.0000
v 0.3750 -0.0500 -3.0000
v 0.3750 -0.0250 -3.0000
v 0.3750 0.0000 -3.0000
v 0.3750 0.0250 -3.0000
v 0.3750 0.0500 -3.0000
v 0.3750 0.0750 -3.0000
v 0.3750 0.1000 -3.0000
v 0.7500 -0.1000 -3.0000
v 0.7500 -0.0750 -3.0000
v 0.7500 -0.0500 -3.0000
v 0.7500 -0.0250 -3.0000
v 0.7500 0.0000 -3.0000
v 0.7500 0.0250 -3.0000
v 0.7500 0.0500 -3.0000
v 0.7500 0.0750 -3.0000
v 0.7500 0.1000 -3.0000
v 1.1250 -0.1000 -3.0000
v 1.1250 -0.0750 -3.0000
v 1.1250 -0.0500 -3.0000
v 1.1250 -0.0250 -3.0000
v 1.1250 0.0000 -3.0000
v 1.1250 0.0250 -3.0000
v 1.1250 0.0500 -3.0000
v 1.1250 0.0750 -3.0000
v 1.1250 0.1000 -3.0000
v 1.5000 -0.1000 -3.0000
v 1.5000 -0.0750 -3.0000
v 1.5000 -0.0500 -3.0000
v 1.5000 -0.0250 -3.0000
v 1.5000 0.0000 -3.0000
v 1.5000 0.0250 -3.0000
v 1.5000 0.0500 -3.0000
v 1.5000 0.0750 -3.0000
v 1.5000 0.1000 -3.0000
v 1.8750 -0.1000 -3.0000
v 1.8750 -0.0750 -3.0000
v 1.8750 -0.0500 -3.0000
v 1.8750 -0.0250 -3.0000
v 1.8750 0.0000 -3.0000
v 1.8750 0.0250 -3.0000
v 1.8750 0.0500 -3.0000
v 1.8750 0.0750 -3.0000
v 1.8750 0.1000 -3.0000
v 2.2500 -0.1000 -3.0000
v 2.2500 -0.0750 -3.0000
v 2.2500 -0.0500 -3.0000
v 2.2500 -0.0250 -3.0000
v 2.2500 0.0000 -3.0000
v 2.2500 0.0250 -3.0000
v 2.2500 0.0500 -3.0000
v 2.2500 0.0750 -3.0000
v 2.2500 0.1000 -3.0000
v 2.6250 -0.1000 -3.0000
v 2.6250 -0.0750 -3.0000
v 2.6250 -0.0500 -3.0000
v 2.6250 -0.0250 -3.0000
v 2.6250 0.0000 -3.0000
v 2.6250 0.0250 -3.0000
v 2.6250 0.0500 -3.0000
v 2.6250 0.0750 -3.0000
v 2.6250 0.1000 -3.0000
v 3.0000 -0.1000 -3.0000
v 3.0000 -0.0750 -3.0000
v 3.0000 -0.0500 -3.0000
v 3.0000 -0.0250 -3.0000
v 3.0000 0.0000 -3.0000
v 3.0000 0.0250 -3.0000
v 3.0000 0.0500 -3.0000
v 3.0000 0.0750 -3.0000
v 3.0000 0.1000 -3.0000
v 3.0000 -0.1000 -6.0000
v 3.0000 -0.0750 -6.0000
v 3.0000 -0.0500 -6.0000
v 3.0000 -0.0250 -6.0000
v 3.0000 0.0000 -6.0000
v 3.0000 0.0250 -6.0000
v 3.0000 0.0500 -6.0000
v 3.0000 0.0750 -6.0000
v 3.0000 0.1000 -6.0000
v 2.6250 -0.1000 -6.0000
v 2.6250 -0.0750 -6.0000
v 2.6250 -0.0500 -6.0000
v 2.6250 -0.0250 -6.0000
v 2.6250 0.0000 -6.0000
v 2.6250 0.0250 -6.0000
v 2.6250 0.0500 -6.0000
v 2.6250 0.0750 -6.0000
v 2.6250 0.1000 -6.0000
v 2.2500 -0.1000 -6.0000
v 2.2500 -0.0750 -6.0000
v 2.2500 -0.0500 -6.0000
v 2.2500 -0.0250 -6.0000
v 2.2500 0.0000 -6.0000
v 2.2500 0.0250 -6.0000
v 2.2500 0.0500 -6.0000
v 2.2500 0.0750 -6.0000
v 2.2500 0.1000 -6.0000
v 1.8750 -0.1000 -6.0000
v 1.8750 -0.0750 -6.0000
v 1.8750 -0.0500 -6.0000
v 1.8750 -0.0250 -6.0000
v 1.8750 0.0000 -6.0000
v 1.8750 0.0250 -6.0000
v 1.8750 0.0500 -6.0000
v 1.8750 0.0750 -6.0000
v 1.8750 0.1000 -6.0000
v 1.5000 -0.1000 -6.0000
v 1.5000 -0.0750 -6.0000
v 1.5000 -0.0500 -6.0000
v 1.5000 -0.0250 -6.0000
v 1.5000 0.0000 -6.0000
v 1.5000 0.0250 -6.0000
v 1.5000 0.0500 -6.0000
v 1.5000 0.0750 -6.0000
v 1.5000 0.1000 -6.0000
v 1.1250 -0.1000 -6.0000
v 1.1250 -0.0750 -6.0000
v 1.1250 -0.0500 -6.0000
v 1.1250 -0.0250 -6.0000
v 1.1250 0.0000 -6.0000
v 1.1250 0.0250 -6.0000
v 1.1250 0.0500 -6.0000
v 1.1250 0.0750 -6.0000
v 1.1250 0.1000 -6.0000
v 0.7500 -0.1000 -6.0000
v 0.7500 -0.0750 -6.0000
v 0.7500 -0.0500 -6.0000
v 0.7500 -0.0250 -6.0000
v 0.7500 0.0000 -6.0000
v 0.7500 0.0250 -6.0000
v 0.7500 0.0500 -6.0000
v 0.7500 0.0750 -6.0000
v 0.7500 0.1000 -6.0000
v 0.3750 -0.1000 -6.0000
v 0.3750 -0.0750 -6.0000
v 0.3750 -0.0500 -6.0000
v 0.3750 -0.0250 -6.0000
v 0.3750 0.0000 -6.0000
v 0.3750 0.0250 -6.0000
v 0.3750 0.0500 -6.0000
v 0.3750 0.0750 -6.0000
v 0.3750 0.1000 -6.0000
v 0.0000 -0.1000 -6.0000
v 0.0000 -0.0750 -6.0000
v 0.0000 -0.0500 -6.0000
v 0.0000 -0.0250 -6.0000
v 0.0000 0.0000 -6.0000
v 0.0000 0.0250 -6.0000
v 0.0000 0.0500 -6.0000
v 0.0000 0.0750 -6.0000
v 0.0000 0.1000 -6.0000
v 0.0000 -0.1000 -6.0000
v 0.0000 -0.0750 -6.0000
v 0.0000 -0.0500 -6.0000
v 0.0000 -0.0250 -6.0000
v 0.0000 0.0000 -6.0000
v 0.0000 0.0250 -6.0000
v 0.0000 0.0500 -6.0000
v 0.0000 0.0750 -6.0000
v 0.0000 0.1000 -6.0000
v 0.0000 -0.1000 -5.6250
v 0.0000 -0.0750 -5.6250
v 0.0000 -0.0500 -5.6250
v 0.0000 -0.0250 -5.6250
v 0.0000 0.0000 -5.6250
v 0.0000 0.0250 -5.6250
v 0.0000 0.0500 -5.6250
v 0.0000 0.0750 -5.6250
v 0.0000 0.1000 -5.6250
v 0.0000 -0.1000 -5.2500
v 0.0000 -0.0750 -5.2500
v 0.0000 -0.0500 -5.2500
v 0.0000 -0.0250 -5.2500
v 0.0000 0.0000 -5.2500
v 0.0000 0.0250 -5.2500
v 0.0000 0.0500 -5.2500
v 0.0000 0.0750 -5.2500
v 0.0000 0.1000 -5.2500
v 0.0000 -0.1000 -4.8750
v 0.0000 -0.0750 -4.8750
v 0.0000 -0.0500 -4.8750
v 0.0000 -0.0250 -4.8750
v 0.0000 0.0000 -4.8750
v 0.0000 0.0250 -4.8750
v 0.0000 0.0500 -4.8750
v 0.0000 0.0750 -4.8750
v 0.0000 0.1000 -4.8750
v 0.0000 -0.1000 -4.5000
v 0.0000 -0.0750 -4.5000
v 0.0000 -0.0500 -4.5000
v 0.0000 -0.0250 -4.5000
v 0.0000 0.0000 -4.5000
v 0.0000 0.0250 -4.5000
v 0.0000 0.0500 -4.5000
v 0.0000 0.0750 -4.5000
v 0.0000 0.1000 -4.5000
v 0.0000 -0.1000 -4.1250
v 0.0000 -0.0750 -4.1250
v 0.0000 -0.0500 -4.1250
v 0.0000 -0.0250 -4.1250
v 0.0000 0.0000 -4.1250
v 0.0000 0.0250 -4.1250
v 0.0000 0.0500 -4.1250
v 0.0000 0.0750 -4.1250
v 0.0000 0.1000 -4.1250
v 0.0000 -0.1000 -3.7500
v 0.0000 -0.0750 -3.7500
v 0.0000 -0.0500 -3.7500
v 0.0000 -0.0250 -3.7500
v 0.0000 0.0000 -3.7500
v 0.0000 0.0250 -3.7500
v 0.0000 0.0500 -3.7500
v 0.0000 0.0750 -3.7500
v 0.0000 0.1000 -3.7500
v 0.0000 -0.1000 -3.3750
v 0.0000 -0.0750 -3.3750
v 0.0000 -0.0500 -3.3750
v 0.0000 -0.0250 -3.3750
v 0.0000 0.0000 -3.3750
v 0.0000 0.0250 -3.3750
v 0.0000 0.0500 -3.3750
v 0.0000 0.0750 -3.3750
v 0.0000 0.1000 -3.3750
v 0.0000 -0.1000 -3.0000
v 0.0000 -0.0750 -3.0000
v 0.0000 -0.0500 -3.0000
v 0.0000 -0.0250 -3.0000
v 0.0000 0.0000 -3.0000
v 0.0000 0.0250 -3.0000
v 0.0000 0.0500 -3.0000
v 0.0000 0.0750 -3.0000
v 0.0000 0.1000 -3.0000
v 3.0000 -0.1000 -3.0000
v 3.0000 -0.0750 -3.0000
v 3.0000 -0.0500 -3.0000
v 3.0000 -0.0250 -3.0000
v 3.0000 0.0000 -3.0000
v 3.0000 0.0250 -3.0000
v 3.0000 0.0500 -3.0000
v 3.0000 0.0750 -3.0000
v 3.0000 0.1000 -3.0000
v 3.0000 -0.1000 -3.3750
v 3.0000 -0.0750 -3.3750
v 3.0000 -0.0500 -3.3750
v 3.0000 -0.0250 -3.3750
v 3.0000 0.0000 -3.3750
v 3.0000 0.0250 -3.3750
v 3.0000 0.0500 -3.3750
v 3.0000 0.0750 -3.3750
v 3.0000 0.1000 -3.3750
v 3.0000 -0.1000 -3.7500
v 3.0000 -0.0750 -3.7500
v 3.0000 -0.0500 -3.7500
v 3.0000 -0.0250 -3.7500
v 3.0000 0.0000 -3.7500
v 3.0000 0.0250 -3.7500
v 3.0000 0.0500 -3.7500
v 3.0000 0.0750 -3.7500
v 3.0000 0.1000 -3.7500
v 3.0000 -0.1000 -4.1250
v 3.0000 -0.0750 -4.1250
v 3.0000 -0.0500 -4.1250
v 3.0000 -0.0250 -4.1250
v 3.0000 0.0000 -4.1250
v 3.0000 0.0250 -4.1250
v 3.0000 0.0500 -4.1250
v 3.0000 0.0750 -4.1250
v 3.0000 0.1000 -4.1250
v 3.0000 -0.1000 -4.5000
v 3.0000 -0.0750 -4.5000
v 3.0000 -0.0500 -4.5000
v 3.0000 -0.0250 -4.5000
v 3.0000 0.0000 -4.5000
v 3.0000 0.0250 -4.5000
v 3.0000 0.0500 -4.5000
v 3.0000 0.0750 -4.5000
v 3.0000 0.1000 -4.5000
v 3.0000 -0.1000 -4.8750
v 3.0000 -0.0750 -4.8750
v 3.0000 -0.0500 -4.8750
v 3.0000 -0.0250 -4.8750
v 3.0000 0.0000 -4.8750
v 3.0000 0.0250 -4.8750
v 3.0000 0.0500 -4.8750
v 3.0000 0.0750 -4.8750
v 3.0000 0.1000 -4.8750
v 3.0000 -0.1000 -5.2500
v 3.0000 -0.0750 -5.2500
v 3.0000 -0.0500 -5.2500
v 3.0000 -0.0250 -5.2500
v 3.0000 0.0000 -5.2500
v 3.0000 0.0250 -5.2500
v 3.0000 0.0500 -5.2500
v 3.0000 0.0750 -5.2500
v 3.0000 0.1000 -5.2500
v 3.0000 -0.1000 -5.6250
v 3.0000 -0.0750 -5.6250
v 3.0000 -0.0500 -5.6250
v 3.0000 -0.0250 -5.6250
v 3.0000 0.0000 -5.6250
v 3.0000 0.0250 -5.6250
v 3.0000 0.0500 -5.6250
v 3.0000 0.0750 -5.6250
v 3.0000 0.1000 -5.6250
v 3.0000 -0.1000 -6.0000
v 3.0000 -0.0750 -6.0000
v 3.0000 -0.0500 -6.0000
v 3.0000 -0.0250 -6.0000
v 3.0000 0.0000 -6.0000
v 3.0000 0.0250 -6.0000
v 3.0000 0.0500 -6.0000
v 3.0000 0.0750 -6.0000
v 3.0000 0.1000 -6.0000
v 0.0000 0.1000 -6.0000
v 0.0000 0.1000 -5.6250
v 0.0000 0.1000 -5.2500
v 0.0000 0.1000 -4.8750
v 0.0000 0.1000 -4.5000
v 0.0000 0.1000 -4.1250
v 0.0000 0.1000 -3.7500
v 0.0000 0.1000 -3.3750
v 0.0000 0.1000 -3.0000
v 0.3750 0.1000 -6.0000
v 0.3750 0.1000 -5.6250
v 0.3750 0.1000 -5.2500
v 0.3750 0.1000 -4.8750
v 0.3750 0.1000 -4.5000
v 0.3750 0.1000 -4.1250
v 0.3750 0.1000 -3.7500
v 0.3750 0.1000 -3.3750
v 0.3750 0.1000 -3.0000
v 0.7500 0.1000 -6.0000
v 0.7500 0.1000 -5.6250
v 0.7500 0.1000 -5.2500
v 0.7500 0.1000 -4.8750
v 0.7500 0.1000 -4.5000
v 0.7500 0.1000 -4.1250
v 0.7500 0.1000 -3.7500
v 0.7500 0.1000 -3.3750
v 0.7500 0.1000 -3.0000
v 1.1250 0.1000 -6.0000
v 1.1250 0.1000 -5.6250
v 1.1250 0.1000 -5.2500
v 1.1250 0.1000 -4.8750
v 1.1250 0.1000 -4.5000
v 1.1250 0.1000 -4.1250
v 1.1250 0.1000 -3.7500
v 1.1250 0.1000 -3.3750
v 1.1250 0.1000 -3.0000
v 1.5000 0.1000 -6.0000
v 1.5000 0.1000 -5.6250
v 1.5000 0.1000 -5.2500
v 1.5000 0.1000 -4.8750
v 1.5000 0.1000 -4.5000
v 1.5000 0.1000 -4.1250
v 1.5000 0.1000 -3.7500
v 1.5000 0.1000 -3.3750
v 1.5000 0.1000 -3.0000
v 1.8750 0.1000 -6.0000
v 1.8750 0.1000 -5.6250
v 1.8750 0.1000 -5.2500
v 1.8750 0.1000 -4.8750
v 1.8750 0.1000 -4.5000
v 1.8750 0.1000 -4.1250
v 1.8750 0.1000 -3.7500
v 1.8750 0.1000 -3.3750
v 1.8750 0.1000 -3.0000
v 2.2500 0.1000 -6.0000
v 2.2500 0.1000 -5.6250
v 2.2500 0.1000 -5.2500
v 2.2500 0.1000 -4.8750
v 2.2500 0.1000 -4.5000
v 2.2500 0.1000 -4.1250
v 2.2500 0.1000 -3.7500
v 2.2500 0.1000 -3.3750
v 2.2500 0.1000 -3.0000
v 2.6250 0.1000 -6.0000
v 2.6250 0.1000 -5.6250
v 2.6250 0.1000 -5.2500
v 2.6250 0.1000 -4.8750
v 2.6250 0.1000 -4.5000
v 2.6250 0.1000 -4.1250
v 2.6250 0.1000 -3.7500
v 2.6250 0.1000 -3.3750
v 2.6250 0.1000 -3.0000
v 3.0000 0.1000 -6.0000
v 3.0000 0.1000 -5.6250
v 3.0000 0.1000 -5.2500
v 3.0000 0.1000 -4.8750
v 3.0000 0.1000 -4.5000
v 3.0000 0.1000 -4.1250
v 3.0000 0.1000 -3.7500
v 3.0000 0.1000 -3.3750
v 3.0000 0.1000 -3.0000
v 0.0000 -0.1000 -3.0000
v 0.0000 -0.1000 -3.3750
v 0.0000 -0.1000 -3.7500
v 0.0000 -0.1000 -4.1250
v 0.0000 -0.1000 -4.5000
v 0.0000 -0.1000 -4.8750
v 0.0000 -0.1000 -5.2500
v 0.0000 -0.1000 -5.6250
v 0.0000 -0.1000 -6.0000
v 0.3750 -0.1000 -3.0000
v 0.3750 -0.1000 -3.3750
v 0.3750 -0.1000 -3.7500
v 0.3750 -0.1000 -4.1250
v 0.3750 -0.1000 -4.5000
v 0.3750 -0.1000 -4.8750
v 0.3750 -0.1000 -5.2500
v 0.3750 -0.1000 -5.6250
v 0.3750 -0.1000 -6.0000
v 0.7500 -0.1000 -3.0000
v 0.7500 -0.1000 -3.3750
v 0.7500 -0.1000 -3.7500
v 0.7500 -0.1000 -4.1250
v 0.7500 -0.1000 -4.5000
v 0.7500 -0.1000 -4.8750
v 0.7500 -0.1000 -5.2500
v 0.7500 -0.1000 -5.6250
v 0.7500 -0.1000 -6.0000
v 1.1250 -0.1000 -3.0000
v 1.1250 -0.1000 -3.3750
v 1.1250 -0.1000 -3.7500
v 1.1250 -0.1000 -4.1250
v 1.1250 -0.1000 -4.5000
v 1.1250 -0.1000 -4.8750
v 1.1250 -0.1000 -5.2500
v 1.1250 -0.1000 -5.6250
v 1.1250 -0.1000 -6.0000
v 1.5000 -0.1000 -3.0000
v 1.5000 -0.1000 -3.3750
v 1.5000 -0.1000 -3.7500
v 1.5000 -0.1000 -4.1250
v 1.5000 -0.1000 -4.5000
v 1.5000 -0.1000 -4.8750
v 1.5000 -0.1000 -5.2500
v 1.5000 -0.1000 -5.6250
v 1.5000 -0.1000 -6.0000
v 1.8750 -0.1000 -3.0000
v 1.8750 -0.1000 -3.3750
v 1.8750 -0.1000 -3.7500
v 1.8750 -0.1000 -4.1250
v 1.8750 -0.1000 -4.5000
v 1.8750 -0.1000 -4.8750
v 1.8750 -0.1000 -5.2500
v 1.8750 -0.1000 -5.6250
v 1.8750 -0.1000 -6.0000
v 2.2500 -0.1000 -3.0000
v 2.2500 -0.1000 -3.3750
v 2.2500 -0.1000 -3.7500
v 2.2500 -0.1000 -4.1250
v 2.2500 -0.1000 -4.5000
v 2.2500 -0.1000 -4.8750
v 2.2500 -0.1000 -5.2500
v 2.2500 -0.1000 -5.6250
v 2.2500 -0.1000 -6.0000
v 2.6250 -0.1000 -3.0000
v 2.6250 -0.1000 -3.3750
v 2.6250 -0.1000 -3.7500
v 2.6250 -0.1000 -4.1250
v 2.6250 -0.1000 -4.5000
v 2.6250 -0.1000 -4.8750
v 2.6250 -0.1000 -5.2500
v 2.6250 -0.1000 -5.6250
v 2.6250 -0.1000 -6.0000
v 3.0000 -0.1000 -3.0000
v 3.0000 -0.1000 -3.3750
v 3.0000 -0.1000 -3.7500
v 3.0000 -0.1000 -4.1250
v 3.0000 -0.1000 -4.5000
v 3.0000 -0.1000 -4.8750
v 3.0000 -0.1000 -5.2500
v 3.0000 -0.1000 -5.6250
v 3.0000 -0.1000 -6.0000
f 3889 3890 3899
f 3889 3899 3898
f 3890 3891 3900
f 3890 3900 3899
f 3891 3892 3901
f 3891 3901 3900
f 3892 3893 3902
f 3892 3902 3901
f 3893 3894 3903
f 3893 3903 3902
f 3894 3895 3904
f 3894 3904 3903
f 3895 3896 3905
f 3895 3905 3904
f 3896 3897 3906
f 3896 3906 3905
f 3898 3899 3908
f 3898 3908 3907
f 3899 3900 3909
f 3899 3909 3908
f 3900 3901 3910
f 3900 3910 3909
f 3901 3902 3911
f 3901 3911 3910
f 3902 3903 3912
f 3902 3912 3911
f 3903 3904 3913
f 3903 3913 3912
f 3904 3905 3914
f 3904 3914 3913
f 3905 3906 3915
f 3905 3915 3914
f 3907 3908 3917
f 3907 3917 3916
f 3908 3909 3918
f 3908 3918 3917
f 3909 3910 3919
f 3909 3919 3918
f 3910 3911 3920
f 3910 3920 3919
f 3911 3912 3921
f 3911 3921 3920
f 3912 3913 3922
f 3912 3922 3921
f 3913 3914 3923
f 3913 3923 3922
f 3914 3915 3924
f 3914 3924 3923
f 3916 3917 3926
f 3916 3926 3925
f 3917 3918 3927
f 3917 3927 3926
f 3918 3919 3928
f 3918 3928 3927
f 3919 3920 3929
f 3919 3929 3928
f 3920 3921 3930
f 3920 3930 3929
f 3921 3922 3931
f 3921 3931 3930
f 3922 3923 3932
f 3922 3932 3931
f 3923 3924 3933
f 3923 3933 3932
f 3925 3926 3935
f 3925 3935 3934
f 3926 3927 3936
f 3926 3936 3935
f 3927 3928 3937
f 3927 3937 3936
f 3928 3929 3938
f 3928 3938 3937
f 3929 3930 3939
f 3929 3939 3938
f 3930 3931 3940
f 3930 3940 3939
f 3931 3932 3941
f 3931 3941 3940
f 3932 3933 3942
f 3932 3942 3941
f 3934 3935 3944
f 3934 3944 3943
f 3935 3936 3945
f 3935 3945 3944
f 3936 3937 3946
f 3936 3946 3945
f 3937 3938 3947
f 3937 3947 3946
f 3938 3939 3948
f 3938 3948 3947
f 3939 3940 3949
f 3939 3949 3948
f 3940 3941 3950
f 3940 3950 3949
f 3941 3942 3951
f 3941 3951 3950
f 3943 3944 3953
f 3943 3953 3952
f 3944 3945 3954
f 3944 3954 3953
f 3945 3946 3955
f 3945 3955 3954
f 3946 3947 3956
f 3946 3956 3955
f 3947 3948 3957
f 3947 3957 3956
f 3948 3949 3958
f 3948 3958 3957
f 3949 3950 3959
f 3949 3959 3958
f 3950 3951 3960
f 3950 3960 3959
f 3952 3953 3962
f 3952 3962 3961
f 3953 3954 3963
f 3953 3963 3962
f 3954 3955 3964
f 3954 3964 3963
f 3955 3956 3965
f 3955 3965 3964
f 3956 3957 3966
f 3956 3966 3965
f 3957 3958 3967
f 3957 3967 3966
f 3958 3959 3968
f 3958 3968 3967
f 3959 3960 3969
f 3959 3969 3968
f 3970 3971 3980
f 3970 3980 3979
f 3971 3972 3981
f 3971 3981 3980
f 3972 3973 3982
f 3972 3982 3981
f 3973 3974 3983
f 3973 3983 3982
f 3974 3975 3984
f 3974 3984 3983
f 3975 3976 3985
f 3975 3985 3984
f 3976 3977 3986
f 3976 3986 3985
f 3977 3978 3987
f 3977 3987 3986
f 3979 3980 3989
f 3979 3989 3988
f 3980 3981 3990
f 3980 3990 3989
f 3981 3982 3991
f 3981 3991 3990
f 3982 3983 3992
f 3982 3992 3991
f 3983 3984 3993
f 3983 3993 3992
f 3984 3985 3994
f 3984 3994 3993
f 3985 3986 3995
f 3985 3995 3994
f 3986 3987 3996
f 3986 3996 3995
f 3988 3989 3998
f 3988 3998 3997
f 3989 3990 3999
f 3989 3999 3998
f 3990 3991 4000
f 3990 4000 3999
f 3991 3992 4001
f 3991 4001 4000
f 3992 3993 4002
f 3992 4002 4001
f 3993 3994 4003
f 3993 4003 4002
f 3994 3995 4004
f 3994 4004 4003
f 3995 3996 4005
f 3995 4005 4004
f 3997 3998 4007
f 3997 4007 4006
f 3998 3999 4008
f 3998 4008 4007
f 3999 4000 4009
f 3999 4009 4008
f 4000 4001 4010
f 4000 4010 4009
f 4001 4002 4011
f 4001 4011 4010
f 4002 4003 4012
f 4002 4012 4011
f 4003 4004 4013
f 4003 4013 4012
f 4004 4005 4014
f 4004 4014 4013
f 4006 4007 4016
f 4006 4016 4015
f 4007 4008 4017
f 4007 4017 4016
f 4008 4009 4018
f 4008 4018 4017
f 4009 4010 4019
f 4009 4019 4018
f 4010 4011 4020
f 4010 4020 4019
f 4011 4012 4021
f 4011 4021 4020
f 4012 4013 4022
f 4012 4022 4021
f 4013 4014 4023
f 4013 4023 4022
f 4015 4016 4025
f 4015 4025 4024
f 4016 4017 4026
f 4016 4026 4025
f 4017 4018 4027
f 4017 4027 4026
f 4018 4019 4028
f 4018 4028 4027
f 4019 4020 4029
f 4019 4029 4028
f 4020 4021 4030
f 4020 4030 4029
f 4021 4022 4031
f 4021 4031 4030
f 4022 4023 4032
f 4022 4032 4031
f 4024 4025 4034
f 4024 4034 4033
f 4025 4026 4035
f 4025 4035 4034
f 4026 4027 4036
f 4026 4036 4035
f 4027 4028 4037
f 4027 4037 4036
f 4028 4029 4038
f 4028 4038 4037
f 4029 4030 4039
f 4029 4039 4038
f 4030 4031 4040
f 4030 4040 4039
f 4031 4032 4041
f 4031 4041 4040
f 4033 4034 4043
f 4033 4043 4042
f 4034 4035 4044
f 4034 4044 4043
f 4035 4036 4045
f 4035 4045 4044
f 4036 4037 4046
f 4036 4046 4045
f 4037 4038 4047
f 4037 4047 4046
f 4038 4039 4048
f 4038 4048 4047
f 4039 4040 4049
f 4039 4049 4048
f 4040 4041 4050
f 4040 4050 4049
f 4051 4052 4061
f 4051 4061 4060
f 4052 4053 4062
f 4052 4062 4061
f 4053 4054 4063
f 4053 4063 4062
f 4054 4055 4064
f 4054 4064 4063
f 4055 4056 4065
f 4055 4065 4064
f 4056 4057 4066
f 4056 4066 4065
f 4057 4058 4067
f 4057 4067 4066
f 4058 4059 4068
f 4058 4068 4067
f 4060 4061 4070
f 4060 4070 4069
f 4061 4062 4071
f 4061 4071 4070
f 4062 4063 4072
f 4062 4072 4071
f 4063 4064 4073
f 4063 4073 4072
f 4064 4065 4074
f 4064 4074 4073
f 4065 4066 4075
f 4065 4075 4074
f 4066 4067 4076
f 4066 4076 4075
f 4067 4068 4077
f 4067 4077 4076
f 4069 4070 4079
f 4069 4079 4078
f 4070 4071 4080
f 4070 4080 4079
f 4071 4072 4081
f 4071 4081 4080
f 4072 4073 4082
f 4072 4082 4081
f 4073 4074 4083
f 4073 4083 4082
f 4074 4075 4084
f 4074 4084 4083
f 4075 4076 4085
f 4075 4085 4084
f 4076 4077 4086
f 4076 4086 4085
f 4078 4079 4088
f 4078 4088 4087
f 4079 4080 4089
f 4079 4089 4088
f 4080 4081 4090
f 4080 4090 4089
f 4081 4082 4091
f 4081 4091 4090
f 4082 4083 4092
f 4082 4092 4091
f 4083 4084 4093
f 4083 4093 4092
f 4084 4085 4094
f 4084 4094 4093
f 4085 4086 4095
f 4085 4095 4094
f 4087 4088 4097
f 4087 4097 4096
f 4088 4089 4098
f 4088 4098 4097
f 4089 4090 4099
f 4089 4099 4098
f 4090 4091 4100
f 4090 4100 4099
f 4091 4092 4101
f 4091 4101 4100
f 4092 4093 4102
f 4092 4102 4101
f 4093 4094 4103
f 4093 4103 4102
f 4094 4095 4104
f 4094 4104 4103
f 4096 4097 4106
f 4096 4106 4105
f 4097 4098 4107
f 4097 4107 4106
f 4098 4099 4108
f 4098 4108 4107
f 4099 4100 4109
f 4099 4109 4108
f 4100 4101 4110
f 4100 4110 4109
f 4101 4102 4111
f 4101 4111 4110
f 4102 4103 4112
f 4102 4112 4111
f 4103 4104 4113
f 4103 4113 4112
f 4105 4106 4115
f 4105 4115 4114
f 4106 4107 4116
f 4106 4116 4115
f 4107 4108 4117
f 4107 4117 4116
f 4108 4109 4118
f 4108 4118 4117
f 4109 4110 4119
f 4109 4119 4118
f 4110 4111 4120
f 4110 4120 4119
f 4111 4112 4121
f 4111 4121 4120
f 4112 4113 4122
f 4112 4122 4121
f 4114 4115 4124
f 4114 4124 4123
f 4115 4116 4125
f 4115 4125 4124
f 4116 4117 4126
f 4116 4126 4125
f 4117 4118 4127
f 4117 4127 4126
f 4118 4119 4128
f 4118 4128 4127
f 4119 4120 4129
f 4119 4129 4128
f 4120 4121 4130
f 4120 4130 4129
f 4121 4122 4131
f 4121 4131 4130
f 4132 4133 4142
f 4132 4142 4141
f 4133 4134 4143
f 4133 4143 4142
f 4134 4135 4144
f 4134 4144 4143
f 4135 4136 4145
f 4135 4145 4144
f 4136 4137 4146
f 4136 4146 4145
f 4137 4138 4147
f 4137 4147 4146
f 4138 4139 4148
f 4138 4148 4147
f 4139 4140 4149
f 4139 4149 4148
f 4141 4142 4151
f 4141 4151 4150
f 4142 4143 4152
f 4142 4152 4151
f 4143 4144 4153
f 4143 4153 4152
f 4144 4145 4154
f 4144 4154 4153
f 4145 4146 4155
f 4145 4155 4154
f 4146 4147 4156
f 4146 4156 4155
f 4147 4148 4157
f 4147 4157 4156
f 4148 4149 4158
f 4148 4158 4157
f 4150 4151 4160
f 4150 4160 4159
f 4151 4152 4161
f 4151 4161 4160
f 4152 4153 4162
f 4152 4162 4161
f 4153 4154 4163
f 4153 4163 4162
f 4154 4155 4164
f 4154 4164 4163
f 4155 4156 4165
f 4155 4165 4164
f 4156 4157 4166
f 4156 4166 4165
f 4157 4158 4167
f 4157 4167 4166
f 4159 4160 4169
f 4159 4169 4168
f 4160 4161 4170
f 4160 4170 4169
f 4161 4162 4171
f 4161 4171 4170
f 4162 4163 4172
f 4162 4172 4171
f 4163 4164 4173
f 4163 4173 4172
f 4164 4165 4174
f 4164 4174 4173
f 4165 4166 4175
f 4165 4175 4174
f 4166 4167 4176
f 4166 4176 4175
f 4168 4169 4178
f 4168 4178 4177
f 4169 4170 4179
f 4169 4179 4178
f 4170 4171 4180
f 4170 4180 4179
f 4171 4172 4181
f 4171 4181 4180
f 4172 4173 4182
f 4172 4182 4181
f 4173 4174 4183
f 4173 4183 4182
f 4174 4175 4184
f 4174 4184 4183
f 4175 4176 4185
f 4175 4185 4184
f 4177 4178 4187
f 4177 4187 4186
f 4178 4179 4188
f 4178 4188 4187
f 4179 4180 4189
f 4179 4189 4188
f 4180 4181 4190
f 4180 4190 4189
f 4181 4182 4191
f 4181 4191 4190
f 4182 4183 4192
f 4182 4192 4191
f 4183 4184 4193
f 4183 4193 4192
f 4184 4185 4194
f 4184 4194 4193
f 4186 4187 4196
f 4186 4196 4195
f 4187 4188 4197
f 4187 4197 4196
f 4188 4189 4198
f 4188 4198 4197
f 4189 4190 4199
f 4189 4199 4198
f 4190 4191 4200
f 4190 4200 4199
f 4191 4192 4201
f 4191 4201 4200
f 4192 4193 4202
f 4192 4202 4201
f 4193 4194 4203
f 4193 4203 4202
f 4195 4196 4205
f 4195 4205 4204
f 4196 4197 4206
f 4196 4206 4205
f 4197 4198 4207
f 4197 4207 4206
f 4198 4199 4208
f 4198 4208 4207
f 4199 4200 4209
f 4199 4209 4208
f 4200 4201 4210
f 4200 4210 4209
f 4201 4202 4211
f 4201 4211 4210
f 4202 4203 4212
f 4202 4212 4211
f 4213 4214 4223
f 4213 4223 4222
f 4214 4215 4224
f 4214 4224 4223
f 4215 4216 4225
f 4215 4225 4224
f 4216 4217 4226
f 4216 4226 4225
f 4217 4218 4227
f 4217 4227 4226
f 4218 4219 4228
f 4218 4228 4227
f 4219 4220 4229
f 4219 4229 4228
f 4220 4221 4230
f 4220 4230 4229
f 4222 4223 4232
f 4222 4232 4231
f 4223 4224 4233
f 4223 4233 4232
f 4224 4225 4234
f 4224 4234 4233
f 4225 4226 4235
f 4225 4235 4234
f 4226 4227 4236
f 4226 4236 4235
f 4227 4228 4237
f 4227 4237 4236
f 4228 4229 4238
f 4228 4238 4237
f 4229 4230 4239
f 4229 4239 4238
f 4231 4232 4241
f 4231 4241 4240
f 4232 4233 4242
f 4232 4242 4241
f 4233 4234 4243
f 4233 4243 4242
f 4234 4235 4244
f 4234 4244 4243
f 4235 4236 4245
f 4235 4245 4244
f 4236 4237 4246
f 4236 4246 4245
f 4237 4238 4247
f 4237 4247 4246
f 4238 4239 4248
f 4238 4248 4247
f 4240 4241 4250
f 4240 4250 4249
f 4241 4242 4251
f 4241 4251 4250
f 4242 4243 4252
f 4242 4252 4251
f 4243 4244 4253
f 4243 4253 4252
f 4244 4245 4254
f 4244 4254 4253
f 4245 4246 4255
f 4245 4255 4254
f 4246 4247 4256
f 4246 4256 4255
f 4247 4248 4257
f 4247 4257 4256
f 4249 4250 4259
f 4249 4259 4258
f 4250 4251 4260
f 4250 4260 4259
f 4251 4252 4261
f 4251 4261 4260
f 4252 4253 4262
f 4252 4262 4261
f 4253 4254 4263
f 4253 4263 4262
f 4254 4255 4264
f 4254 4264 4263
f 4255 4256 4265
f 4255 4265 4264
f 4256 4257 4266
f 4256 4266 4265
f 4258 4259 4268
f 4258 4268 4267
f 4259 4260 4269
f 4259 4269 4268
f 4260 4261 4270
f 4260 4270 4269
f 4261 4262 4271
f 4261 4271 4270
f 4262 4263 4272
f 4262 4272 4271
f 4263 4264 4273
f 4263 4273 4272
f 4264 4265 4274
f 4264 4274 4273
f 4265 4266 4275
f 4265 4275 4274
f 4267 4268 4277
f 4267 4277 4276
f 4268 4269 4278
f 4268 4278 4277
f 4269 4270 4279
f 4269 4279 4278
f 4270 4271 4280
f 4270 4280 4279
f 4271 4272 4281
f 4271 4281 4280
f 4272 4273 4282
f 4272 4282 4281
f 4273 4274 4283
f 4273 4283 4282
f 4274 4275 4284
f 4274 4284 4283
f 4276 4277 4286
f 4276 4286 4285
f 4277 4278 4287
f 4277 4287 4286
f 4278 4279 4288
f 4278 4288 4287
f 4279 4280 4289
f 4279 4289 4288
f 4280 4281 4290
f 4280 4290 4289
f 4281 4282 4291
f 4281 4291 4290
f 4282 4283 4292
f 4282 4292 4291
f 4283 4284 4293
f 4283 4293 4292
f 4294 4295 4304
f 4294 4304 4303
f 4295 4296 4305
f 4295 4305 4304
f 4296 4297 4306
f 4296 4306 4305
f 4297 4298 4307
f 4297 4307 4306
f 4298 4299 4308
f 4298 4308 4307
f 4299 4300 4309
f 4299 4309 4308
f 4300 4301 4310
f 4300 4310 4309
f 4301 4302 4311
f 4301 4311 4310
f 4303 4304 4313
f 4303 4313 4312
f 4304 4305 4314
f 4304 4314 4313
f 4305 4306 4315
f 4305 4315 4314
f 4306 4307 4316
f 4306 4316 4315
f 4307 4308 4317
f 4307 4317 4316
f 4308 4309 4318
f 4308 4318 4317
f 4309 4310 4319
f 4309 4319 4318
f 4310 4311 4320
f 4310 4320 4319
f 4312 4313 4322
f 4312 4322 4321
f 4313 4314 4323
f 4313 4323 4322
f 4314 4315 4324
f 4314 4324 4323
f 4315 4316 4325
f 4315 4325 4324
f 4316 4317 4326
f 4316 4326 4325
f 4317 4318 4327
f 4317 4327 4326
f 4318 4319 4328
f 4318 4328 4327
f 4319 4320 4329
f 4319 4329 4328
f 4321 4322 4331
f 4321 4331 4330
f 4322 4323 4332
f 4322 4332 4331
f 4323 4324 4333
f 4323 4333 4332
f 4324 4325 4334
f 4324 4334 4333
f 4325 4326 4335
f 4325 4335 4334
f 4326 4327 4336
f 4326 4336 4335
f 4327 4328 4337
f 4327 4337 4336
f 4328 4329 4338
f 4328 4338 4337
f 4330 4331 4340
f 4330 4340 4339
f 4331 4332 4341
f 4331 4341 4340
f 4332 4333 4342
f 4332 4342 4341
f 4333 4334 4343
f 4333 4343 4342
f 4334 4335 4344
f 4334 4344 4343
f 4335 4336 4345
f 4335 4345 4344
f 4336 4337 4346
f 4336 4346 4345
f 4337 4338 4347
f 4337 4347 4346
f 4339 4340 4349
f 4339 4349 4348
f 4340 4341 4350
f 4340 4350 4349
f 4341 4342 4351
f 4341 4351 4350
f 4342 4343 4352
f 4342 4352 4351
f 4343 4344 4353
f 4343 4353 4352
f 4344 4345 4354
f 4344 4354 4353
f 4345 4346 4355
f 4345 4355 4354
f 4346 4347 4356
f 4346 4356 4355
f 4348 4349 4358
f 4348 4358 4357
f 4349 4350 4359
f 4349 4359 4358
f 4350 4351 4360
f 4350 4360 4359
f 4351 4352 4361
f 4351 4361 4360
f 4352 4353 4362
f 4352 4362 4361
f 4353 4354 4363
f 4353 4363 4362
f 4354 4355 4364
f 4354 4364 4363
f 4355 4356 4365
f 4355 4365 4364
f 4357 4358 4367
f 4357 4367 4366
f 4358 4359 4368
f 4358 4368 4367
f 4359 4360 4369
f 4359 4369 4368
f 4360 4361 4370
f 4360 4370 4369
f 4361 4362 4371
f 4361 4371 4370
f 4362 4363 4372
f 4362 4372 4371
f 4363 4364 4373
f 4363 4373 4372
f 4364 4365 4374
f 4364 4374 4373
g 바닥_9
v 0.0000 -0.1000 0.0000
v 0.0000 -0.0750 0.0000
v 0.0000 -0.0500 0.0000
v 0.0000 -0.0250 0.0000
v 0.0000 0.0000 0.0000
v 0.0000 0.0250 0.0000
v 0.0000 0.0500 0.0000
v 0.0000 0.0750 0.0000
v 0.0000 0.1000 0.0000
v 0.3750 -0.1000 0.0000
v 0.3750 -0.0750 0.0000
v 0.3750 -0.0500 0.0000
v 0.3750 -0.0250 0.0000
v 0.3750 0.0000 0.0000
v 0.3750 0.0250 0.0000
v 0.3750 0.0500 0.0000
v 0.3750 0.0750 0.0000
v 0.3750 0.1000 0.0000
v 0.7500 -0.1000 0.0000
v 0.7500 -0.0750 0.0000
v 0.7500 -0.0500 0.0000
v 0.7500 -0.0250 0.0000
v 0.7500 0.0000 0.0000
v 0.7500 0.0250 0.0000
v 0.7500 0.0500 0.0000
v 0.7500 0.0750 0.0000
v 0.7500 0.1000 0.0000
v 1.1250 -0.1000 0.0000
v 1.1250 -0.0750 0.0000
v 1.1250 -0.0500 0.0000
v 1.1250 -0.0250 0.0000
v 1.1250 0.0000 0.0000
v 1.1250 0.0250 0.0000
v 1.1250 0.0500 0.0000
v 1.1250 0.0750 0.0000
v 1.1250 0.1000 0.0000
v 1.5000 -0.1000 0.0000
v 1.5000 -0.0750 0.0000
v 1.5000 -0.0500 0.0000
v 1.5000 -0.0250 0.0000
v 1.5000 0.0000 0.0000
v 1.5000 0.0250 0.0000
v 1.5000 0.0500 0.0000
v 1.5000 0.0750 0.0000
v 1.5000 0.1000 0.0000
v 1.8750 -0.1000 0.0000
v 1.8750 -0.0750 0.0000
v 1.8750 -0.0500 0.0000
v 1.8750 -0.0250 0.0000
v 1.8750 0.0000 0.0000
v 1.8750 0.0250 0.0000
v 1.8750 0.0500 0.0000
v 1.8750 0.0750 0.0000
v 1.8750 0.1000 0.0000
v 2.2500 -0.1000 0.0000
v 2.2500 -0.0750 0.0000
v 2.2500 -0.0500 0.0000
v 2.2500 -0.0250 0.0000
v 2.2500 0.0000 0.0000
v 2.2500 0.0250 0.0000
v 2.2500 0.0500 0.0000
v 2.2500 0.0750 0.0000
v 2.2500 0.1000 0.0000
v 2.6250 -0.1000 0.0000
v 2.6250 -0.0750 0.0000
v 2.6250 -0.0500 0.0000
v 2.6250 -0.0250 0.0000
v 2.6250 0.0000 0.0000
v 2.6250 0.0250 0.0000
v 2.6250 0.0500 0.0000
v 2.6250 0.0750 0.0000
v 2.6250 0.1000 0.0000
v 3.0000 -0.1000 0.0000
v 3.0000 -0.0750 0.0000
v 3.0000 -0.0500 0.0000
v 3.0000 -0.0250 0.0000
v 3.0000 0.0000 0.0000
v 3.0000 0.0250 0.0000
v 3.0000 0.0500 0.0000
v 3.0000 0.0750 0.0000
v 3.0000 0.1000 0.0000
v 3.0000 -0.1000 -3.0000
v 3.0000 -0.0750 -3.0000
v 3.0000 -0.0500 -3.0000
v 3.0000 -0.0250 -3.0000
v 3.0000 0.0000 -3.0000
v 3.0000 0.0250 -3.0000
v 3.0000 0.0500 -3.0000
v 3.0000 0.0750 -3.0000
v 3.0000 0.1000 -3.0000
v 2.6250 -0.1000 -3.0000
v 2.6250 -0.0750 -3.0000
v 2.6250 -0.0500 -3.0000
v 2.6250 -0.0250 -3.0000
v 2.6250 0.0000 -3.0000
v 2.6250 0.0250 -3.0000
v 2.6250 0.0500 -3.0000
v 2.6250 0.0750 -3.0000
v 2.6250 0.1000 -3.0000
v 2.2500 -0.1000 -3.0000
v 2.2500 -0.0750 -3.0000
v 2.2500 -0.0500 -3.0000
v 2.2500 -0.0250 -3.0000
v 2.2500 0.0000 -3.0000
v 2.2500 0.0250 -3.0000
v 2.2500 0.0500 -3.0000
v 2.2500 0.0750 -3.0000
v 2.2500 0.1000 -3.0000
v 1.8750 -0.1000 -3.0000
v 1.8750 -0.0750 -3.0000
v 1.8750 -0.0500 -3.0000
v 1.8750 -0.0250 -3.0000
v 1.8750 0.0000 -3.0000
v 1.8750 0.0250 -3.0000
v 1.8750 0.0500 -3.0000
v 1.8750 0.0750 -3.0000
v 1.8750 0.1000 -3.0000
v 1.5000 -0.1000 -3.0000
v 1.5000 -0.0750 -3.0000
v 1.5000 -0.0500 -3.0000
v 1.5000 -0.0250 -3.0000
v 1.5000 0.0000 -3.0000
v 1.5000 0.0250 -3.0000
v 1.5000 0.0500 -3.0000
v 1.5000 0.0750 -3.0000
v 1.5000 0.1000 -3.0000
v 1.1250 -0.1000 -3.0000
v 1.1250 -0.0750 -3.0000
v 1.1250 -0.0500 -3.0000
v 1.1250 -0.0250 -3.0000
v 1.1250 0.0000 -3.0000
v 1.1250 0.0250 -3.0000
v 1.1250 0.0500 -3.0000
v 1.1250 0.0750 -3.0000
v 1.1250 0.1000 -3.0000
v 0.7500 -0.1000 -3.0000
v 0.7500 -0.0750 -3.0000
v 0.7500 -0.0500 -3.0000
v 0.7500 -0.0250 -3.0000
v 0.7500 0.0000 -3.0000
v 0.7500 0.0250 -3.0000
v 0.7500 0.0500 -3.0000
v 0.7500 0.0750 -3.0000
v 0.7500 0.1000 -3.0000
v 0.3750 -0.1000 -3.0000
v 0.3750 -0.0750 -3.0000
v 0.3750 -0.0500 -3.0000
v 0.3750 -0.0250 -3.0000
v 0.3750 0.0000 -3.0000
v 0.3750 0.0250 -3.0000
v 0.3750 0.0500 -3.0000
v 0.3750 0.0750 -3.0000
v 0.3750 0.1000 -3.0000
v 0.0000 -0.1000 -3.0000
v 0.0000 -0.0750 -3.0000
v 0.0000 -0.0500 -3.0000
v 0.0000 -0.0250 -3.0000
v 0.0000 0.0000 -3.0000
v 0.0000 0.0250 -3.0000
v 0.0000 0.0500 -3.0000
v 0.0000 0.0750 -3.0000
v 0.0000 0.1000 -3.0000
v 0.0000 -0.1000 -3.0000
v 0.0000 -0.0750 -3.0000
v 0.0000 -0.0500 -3.0000
v 0.0000 -0.0250 -3.0000
v 0.0000 0.0000 -3.0000
v 0.0000 0.0250 -3.0000
v 0.0000 0.0500 -3.0000
v 0.0000 0.0750 -3.0000
v 0.0000 0.1000 -3.0000
v 0.0000 -0.1000 -2.6250
v 0.0000 -0.0750 -2.6250
v 0.0000 -0.0500 -2.6250
v 0.0000 -0.0250 -2.6250
v 0.0000 0.0000 -2.6250
v 0.0000 0.0250 -2.6250
v 0.0000 0.0500 -2.6250
v 0.0000 0.0750 -2.6250
v 0.0000 0.1000 -2.6250
v 0.0000 -0.1000 -2.2500
v 0.0000 -0.0750 -2.2500
v 0.0000 -0.0500 -2.2500
v 0.0000 -0.0250 -2.2500
v 0.0000 0.0000 -2.2500
v 0.0000 0.0250 -2.2500
v 0.0000 0.0500 -2.2500
v 0.0000 0.0750 -2.2500
v 0.0000 0.1000 -2.2500
v 0.0000 -0.1000 -1.8750
v 0.0000 -0.0750 -1.8750
v 0.0000 -0.0500 -1.8750
v 0.0000 -0.0250 -1.8750
v 0.0000 0.0000 -1.8750
v 0.0000 0.0250 -1.8750
v 0.0000 0.0500 -1.8750
v 0.0000 0.0750 -1.8750
v 0.0000 0.1000 -1.8750
v 0.0000 -0.1000 -1.5000
v 0.0000 -0.0750 -1.5000
v 0.0000 -0.0500 -1.5000
v 0.0000 -0.0250 -1.5000
v 0.0000 0.0000 -1.5000
v 0.0000 0.0250 -1.5000
v 0.0000 0.0500 -1.5000
v 0.0000 0.0750 -1.5000
v 0.0000 0.1000 -1.5000
v 0.0000 -0.1000 -1.1250
v 0.0000 -0.0750 -1.1250
v 0.0000 -0.0500 -1.1250
v 0.0000 -0.0250 -1.1250
v 0.0000 0.0000 -1.1250
v 0.0000 0.0250 -1.1250
v 0.0000 0.0500 -1.1250
v 0.0000 0.0750 -1.1250
v 0.0000 0.1000 -1.1250
v 0.0000 -0.1000 -0.7500
v 0.0000 -0.0750 -0.7500
v 0.0000 -0.0500 -0.7500
v 0.0000 -0.0250 -0.7500
v 0.0000 0.0000 -0.7500
v 0.0000 0.0250 -0.7500
v 0.0000 0.0500 -0.7500
v 0.0000 0.0750 -0.7500
v 0.0000 0.1000 -0.7500
v 0.0000 -0.1000 -0.3750
v 0.0000 -0.0750 -0.3750
v 0.0000 -0.0500 -0.3750
v 0.0000 -0.0250 -0.3750
v 0.0000 0.0000 -0.3750
v 0.0000 0.0250 -0.3750
v 0.0000 0.0500 -0.3750
v 0.0000 0.0750 -0.3750
v 0.0000 0.1000 -0.3750
v 0.0000 -0.1000 0.0000
v 0.0000 -0.0750 0.0000
v 0.0000 -0.0500 0.0000
v 0.0000 -0.0250 0.0000
v 0.0000 0.0000 0.0000
v 0.0000 0.0250 0.0000
v 0.0000 0.0500 0.0000
v 0.0000 0.0750 0.0000
v 0.0000 0.1000 0.0000
v 3.0000 -0.1000 0.0000
v 3.0000 -0.0750 0.0000
v 3.0000 -0.0500 0.0000
v 3.0000 -0.0250 0.0000
v 3.0000 0.0000 0.0000
v 3.0000 0.0250 0.0000
v 3.0000 0.0500 0.0000
v 3.0000 0.0750 0.0000
v 3.0000 0.1000 0.0000
v 3.0000 -0.1000 -0.3750
v 3.0000 -0.0750 -0.3750
v 3.0000 -0.0500 -0.3750
v 3.0000 -0.0250 -0.3750
v 3.0000 0.0000 -0.3750
v 3.0000 0.0250 -0.3750
v 3.0000 0.0500 -0.3750
v 3.0000 0.0750 -0.3750
v 3.0000 0.1000 -0.3750
v 3.0000 -0.1000 -0.7500
v 3.0000 -0.0750 -0.7500
v 3.0000 -0.0500 -0.7500
v 3.0000 -0.0250 -0.7500
v 3.0000 0.0000 -0.7500
v 3.0000 0.0250 -0.7500
v 3.0000 0.0500 -0.7500
v 3.0000 0.0750 -0.7500
v 3.0000 0.1000 -0.7500
v 3.0000 -0.1000 -1.1250
v 3.0000 -0.0750 -1.1250
v 3.0000 -0.0500 -1.1250
v 3.0000 -0.0250 -1.1250
v 3.0000 0.0000 -1.1250
v 3.0000 0.0250 -1.1250
v 3.0000 0.0500 -1.1250
v 3.0000 0.0750 -1.1250
v 3.0000 0.1000 -1.1250
v 3.0000 -0.1000 -1.5000
v 3.0000 -0.0750 -1.5000
v 3.0000 -0.0500 -1.5000
v 3.0000 -0.0250 -1.5000
v 3.0000 0.0000 -1.5000
v 3.0000 0.0250 -1.5000
v 3.0000 0.0500 -1.5000
v 3.0000 0.0750 -1.5000
v 3.0000 0.1000 -1.5000
v 3.0000 -0.1000 -1.8750
v 3.0000 -0.0750 -1.8750
v 3.0000 -0.0500 -1.8750
v 3.0000 -0.0250 -1.8750
v 3.0000 0.0000 -1.8750
v 3.0000 0.0250 -1.8750
v 3.0000 0.0500 -1.8750
v 3.0000 0.0750 -1.8750
v 3.0000 0.1000 -1.8750
v 3.0000 -0.1000 -2.2500
v 3.0000 -0.0750 -2.2500
v 3.0000 -0.0500 -2.2500
v 3.0000 -0.0250 -2.2500
v 3.0000 0.0000 -2.2500
v 3.0000 0.0250 -2.2500
v 3.0000 0.0500 -2.2500
v 3.0000 0.0750 -2.2500
v 3.0000 0.1000 -2.2500
v 3.0000 -0.1000 -2.6250
v 3.0000 -0.0750 -2.6250
v 3.0000 -0.0500 -2.6250
v 3.0000 -0.0250 -2.6250
v 3.0000 0.0000 -2.6250
v 3.0000 0.0250 -2.6250
v 3.0000 0.0500 -2.6250
v 3.0000 0.0750 -2.6250
v 3.0000 0.1000 -2.6250
v 3.0000 -0.1000 -3.0000
v 3.0000 -0.0750 -3.0000
v 3.0000 -0.0500 -3.0000
v 3.0000 -0.0250 -3.0000
v 3.0000 0.0000 -3.0000
v 3.0000 0.0250 -3.0000
v 3.0000 0.0500 -3.0000
v 3.0000 0.0750 -3.0000
v 3.0000 0.1000 -3.0000
v 0.0000 0.1000 -3.0000
v 0.0000 0.1000 -2.6250
v 0.0000 0.1000 -2.2500
v 0.0000 0.1000 -1.8750
v 0.0000 0.1000 -1.5000
v 0.0000 0.1000 -1.1250
v 0.0000 0.1000 -0.7500
v 0.0000 0.1000 -0.3750
v 0.0000 0.1000 0.0000
v 0.3750 0.1000 -3.0000
v 0.3750 0.1000 -2.6250
v 0.3750 0.1000 -2.2500
v 0.3750 0.1000 -1.8750
v 0.3750 0.1000 -1.5000
v 0.3750 0.1000 -1.1250
v 0.3750 0.1000 -0.7500
v 0.3750 0.1000 -0.3750
v 0.3750 0.1000 0.0000
v 0.7500 0.1000 -3.0000
v 0.7500 0.1000 -2.6250
v 0.7500 0.1000 -2.2500
v 0.7500 0.1000 -1.8750
v 0.7500 0.1000 -1.5000
v 0.7500 0.1000 -1.1250
v 0.7500 0.1000 -0.7500
v 0.7500 0.1000 -0.3750
v 0.7500 0.1000 0.0000
v 1.1250 0.1000 -3.0000
v 1.1250 0.1000 -2.6250
v 1.1250 0.1000 -2.2500
v 1.1250 0.1000 -1.8750
v 1.1250 0.1000 -1.5000
v 1.1250 0.1000 -1.1250
v 1.1250 0.1000 -0.7500
v 1.1250 0.1000 -0.3750
v 1.1250 0.1000 0.0000
v 1.5000 0.1000 -3.0000
v 1.5000 0.1000 -2.6250
v 1.5000 0.1000 -2.2500
v 1.5000 0.1000 -1.8750
v 1.5000 0.1000 -1.5000
v 1.5000 0.1000 -1.1250
v 1.5000 0.1000 -0.7500
v 1.5000 0.1000 -0.3750
v 1.5000 0.1000 0.0000
v 1.8750 0.1000 -3.0000
v 1.8750 0.1000 -2.6250
v 1.8750 0.1000 -2.2500
v 1.8750 0.1000 -1.8750
v 1.8750 0.1000 -1.5000
v 1.8750 0.1000 -1.1250
v 1.8750 0.1000 -0.7500
v 1.8750 0.1000 -0.3750
v 1.8750 0.1000 0.0000
v 2.2500 0.1000 -3.0000
v 2.2500 0.1000 -2.6250
v 2.2500 0.1000 -2.2500
v 2.2500 0.1000 -1.8750
v 2.2500 0.1000 -1.5000
v 2.2500 0.1000 -1.1250
v 2.2500 0.1000 -0.7500
v 2.2500 0.1000 -0.3750
v 2.2500 0.1000 0.0000
v 2.6250 0.1000 -3.0000
v 2.6250 0.1000 -2.6250
v 2.6250 0.1000 -2.2500
v 2.6250 0.1000 -1.8750
v 2.6250 0.1000 -1.5000
v 2.6250 0.1000 -1.1250
v 2.6250 0.1000 -0.7500
v 2.6250 0.1000 -0.3750
v 2.6250 0.1000 0.0000
v 3.0000 0.1000 -3.0000
v 3.0000 0.1000 -2.6250
v 3.0000 0.1000 -2.2500
v 3.0000 0.1000 -1.8750
v 3.0000 0.1000 -1.5000
v 3.0000 0.1000 -1.1250
v 3.0000 0.1000 -0.7500
v 3.0000 0.1000 -0.3750
v 3.0000 0.1000 0.0000
v 0.0000 -0.1000 0.0000
v 0.0000 -0.1000 -0.3750
v 0.0000 -0.1000 -0.7500
v 0.0000 -0.1000 -1.1250
v 0.0000 -0.1000 -1.5000
v 0.0000 -0.1000 -1.8750
v 0.0000 -0.1000 -2.2500
v 0.0000 -0.1000 -2.6250
v 0.0000 -0.1000 -3.0000
v 0.3750 -0.1000 0.0000
v 0.3750 -0.1000 -0.3750
v 0.3750 -0.1000 -0.7500
v 0.3750 -0.1000 -1.1250
v 0.3750 -0.1000 -1.5000
v 0.3750 -0.1000 -1.8750
v 0.3750 -0.1000 -2.2500
v 0.3750 -0.1000 -2.6250
v 0.3750 -0.1000 -3.0000
v 0.7500 -0.1000 0.0000
v 0.7500 -0.1000 -0.3750
v 0.7500 -0.1000 -0.7500
v 0.7500 -0.1000 -1.1250
v 0.7500 -0.1000 -1.5000
v 0.7500 -0.1000 -1.8750
v 0.7500 -0.1000 -2.2500
v 0.7500 -0.1000 -2.6250
v 0.7500 -0.1000 -3.0000
v 1.1250 -0.1000 0.0000
v 1.1250 -0.1000 -0.3750
v 1.1250 -0.1000 -0.7500
v 1.1250 -0.1000 -1.1250
v 1.1250 -0.1000 -1.5000
v 1.1250 -0.1000 -1.8750
v 1.1250 -0.1000 -2.2500
v 1.1250 -0.1000 -2.6250
v 1.1250 -0.1000 -3.0000
v 1.5000 -0.1000 0.0000
v 1.5000 -0.1000 -0.3750
v 1.5000 -0.1000 -0.7500
v 1.5000 -0.1000 -1.1250
v 1.5000 -0.1000 -1.5000
v 1.5000 -0.1000 -1.8750
v 1.5000 -0.1000 -2.2500
v 1.5000 -0.1000 -2.6250
v 1.5000 -0.1000 -3.0000
v 1.8750 -0.1000 0.0000
v 1.8750 -0.1000 -0.3750
v 1.8750 -0.1000 -0.7500
v 1.8750 -0.1000 -1.1250
v 1.8750 -0.1000 -1.5000
v 1.8750 -0.1000 -1.8750
v 1.8750 -0.1000 -2.2500
v 1.8750 -0.1000 -2.6250
v 1.8750 -0.1000 -3.0000
v 2.2500 -0.1000 0.0000
v 2.2500 -0.1000 -0.3750
v 2.2500 -0.1000 -0.7500
v 2.2500 -0.1000 -1.1250
v 2.2500 -0.1000 -1.5000
v 2.2500 -0.1000 -1.8750
v 2.2500 -0.1000 -2.2500
v 2.2500 -0.1000 -2.6250
v 2.2500 -0.1000 -3.0000
v 2.6250 -0.1000 0.0000
v 2.6250 -0.1000 -0.3750
v 2.6250 -0.1000 -0.7500
v 2.6250 -0.1000 -1.1250
v 2.6250 -0.1000 -1.5000
v 2.6250 -0.1000 -1.8750
v 2.6250 -0.1000 -2.2500
v 2.6250 -0.1000 -2.6250
v 2.6250 -0.1000 -3.0000
v 3.0000 -0.1000 0.0000
v 3.0000 -0.1000 -0.3750
v 3.0000 -0.1000 -0.7500
v 3.0000 -0.1000 -1.1250
v 3.0000 -0.1000 -1.5000
v 3.0000 -0.1000 -1.8750
v 3.0000 -0.1000 -2.2500
v 3.0000 -0.1000 -2.6250
v 3.0000 -0.1000 -3.0000
f 4375 4376 4385
f 4375 4385 4384
f 4376 4377 4386
f 4376 4386 4385
f 4377 4378 4387
f 4377 4387 4386
f 4378 4379 4388
f 4378 4388 4387
f 4379 4380 4389
f 4379 4389 4388
f 4380 4381 4390
f 4380 4390 4389
f 4381 4382 4391
f 4381 4391 4390
f 4382 4383 4392
f 4382 4392 4391
f 4384 4385 4394
f 4384 4394 4393
f 4385 4386 4395
f 4385 4395 4394
f 4386 4387 4396
f 4386 4396 4395
f 4387 4388 4397
f 4387 4397 4396
f 4388 4389 4398
f 4388 4398 4397
f 4389 4390 4399
f 4389 4399 4398
f 4390 4391 4400
f 4390 4400 4399
f 4391 4392 4401
f 4391 4401 4400
f 4393 4394 4403
f 4393 4403 4402
f 4394 4395 4404
f 4394 4404 4403
f 4395 4396 4405
f 4395 4405 4404
f 4396 4397 4406
f 4396 4406 4405
f 4397 4398 4407
f 4397 4407 4406
f 4398 4399 4408
f 4398 4408 4407
f 4399 4400 4409
f 4399 4409 4408
f 4400 4401 4410
f 4400 4410 4409
f 4402 4403 4412
f 4402 4412 4411
f 4403 4404 4413
f 4403 4413 4412
f 4404 4405 4414
f 4404 4414 4413
f 4405 4406 4415
f 4405 4415 4414
f 4406 4407 4416
f 4406 4416 4415
f 4407 4408 4417
f 4407 4417 4416
f 4408 4409 4418
f 4408 4418 4417
f 4409 4410 4419
f 4409 4419 4418
f 4411 4412 4421
f 4411 4421 4420
f 4412 4413 4422
f 4412 4422 4421
f 4413 4414 4423
f 4413 4423 4422
f 4414 4415 4424
f 4414 4424 4423
f 4415 4416 4425
f 4415 4425 4424
f 4416 4417 4426
f 4416 4426 4425
f 4417 4418 4427
f 4417 4427 4426
f 4418 4419 4428
f 4418 4428 4427
f 4420 4421 4430
f 4420 4430 4429
f 4421 4422 4431
f 4421 4431 4430
f 4422 4423 4432
f 4422 4432 4431
f 4423 4424 4433
f 4423 4433 4432
f 4424 4425 4434
f 4424 4434 4433
f 4425 4426 4435
f 4425 4435 4434
f 4426 4427 4436
f 4426 4436 4435
f 4427 4428 4437
f 4427 4437 4436
f 4429 4430 4439
f 4429 4439 4438
f 4430 4431 4440
f 4430 4440 4439
f 4431 4432 4441
f 4431 4441 4440
f 4432 4433 4442
f 4432 4442 4441
f 4433 4434 4443
f 4433 4443 4442
f 4434 4435 4444
f 4434 4444 4443
f 4435 4436 4445
f 4435 4445 4444
f 4436 4437 4446
f 4436 4446 4445
f 4438 4439 4448
f 4438 4448 4447
f 4439 4440 4449
f 4439 4449 4448
f 4440 4441 4450
f 4440 4450 4449
f 4441 4442 4451
f 4441 4451 4450
f 4442 4443 4452
f 4442 4452 4451
f 4443 4444 4453
f 4443 4453 4452
f 4444 4445 4454
f 4444 4454 4453
f 4445 4446 4455
f 4445 4455 4454
f 4456 4457 4466
f 4456 4466 4465
f 4457 4458 4467
f 4457 4467 4466
f 4458 4459 4468
f 4458 4468 4467
f 4459 4460 4469
f 4459 4469 4468
f 4460 4461 4470
f 4460 4470 4469
f 4461 4462 4471
f 4461 4471 4470
f 4462 4463 4472
f 4462 4472 4471
f 4463 4464 4473
f 4463 4473 4472
f 4465 4466 4475
f 4465 4475 4474
f 4466 4467 4476
f 4466 4476 4475
f 4467 4468 4477
f 4467 4477 4476
f 4468 4469 4478
f 4468 4478 4477
f 4469 4470 4479
f 4469 4479 4478
f 4470 4471 4480
f 4470 4480 4479
f 4471 4472 4481
f 4471 4481 4480
f 4472 4473 4482
f 4472 4482 4481
f 4474 4475 4484
f 4474 4484 4483
f 4475 4476 4485
f 4475 4485 4484
f 4476 4477 4486
f 4476 4486 4485
f 4477 4478 4487
f 4477 4487 4486
f 4478 4479 4488
f 4478 4488 4487
f 4479 4480 4489
f 4479 4489 4488
f 4480 4481 4490
f 4480 4490 4489
f 4481 4482 4491
f 4481 4491 4490
f 4483 4484 4493
f 4483 4493 4492
f 4484 4485 4494
f 4484 4494 4493
f 4485 4486 4495
f 4485 4495 4494
f 4486 4487 4496
f 4486 4496 4495
f 4487 4488 4497
f 4487 4497 4496
f 4488 4489 4498
f 4488 4498 4497
f 4489 4490 4499
f 4489 4499 4498
f 4490 4491 4500
f 4490 4500 4499
f 4492 4493 4502
f 4492 4502 4501
f 4493 4494 4503
f 4493 4503 4502
f 4494 4495 4504
f 4494 4504 4503
f 4495 4496 4505
f 4495 4505 4504
f 4496 4497 4506
f 4496 4506 4505
f 4497 4498 4507
f 4497 4507 4506
f 4498 4499 4508
f 4498 4508 4507
f 4499 4500 4509
f 4499 4509 4508
f 4501 4502 4511
f 4501 4511 4510
f 4502 4503 4512
f 4502 4512 4511
f 4503 4504 4513
f 4503 4513 4512
f 4504 4505 4514
f 4504 4514 4513
f 4505 4506 4515
f 4505 4515 4514
f 4506 4507 4516
f 4506 4516 4515
f 4507 4508 4517
f 4507 4517 4516
f 4508 4509 4518
f 4508 4518 4517
f 4510 4511 4520
f 4510 4520 4519
f 4511 4512 4521
f 4511 4521 4520
f 4512 4513 4522
f 4512 4522 4521
f 4513 4514 4523
f 4513 4523 4522
f 4514 4515 4524
f 4514 4524 4523
f 4515 4516 4525
f 4515 4525 4524
f 4516 4517 4526
f 4516 4526 4525
f 4517 4518 4527
f 4517 4527 4526
f 4519 4520 4529
f 4519 4529 4528
f 4520 4521 4530
f 4520 4530 4529
f 4521 4522 4531
f 4521 4531 4530
f 4522 4523 4532
f 4522 4532 4531
f 4523 4524 4533
f 4523 4533 4532
f 4524 4525 4534
f 4524 4534 4533
f 4525 4526 4535
f 4525 4535 4534
f 4526 4527 4536
f 4526 4536 4535
f 4537 4538 4547
f 4537 4547 4546
f 4538 4539 4548
f 4538 4548 4547
f 4539 4540 4549
f 4539 4549 4548
f 4540 4541 4550
f 4540 4550 4549
f 4541 4542 4551
f 4541 4551 4550
f 4542 4543 4552
f 4542 4552 4551
f 4543 4544 4553
f 4543 4553 4552
f 4544 4545 4554
f 4544 4554 4553
f 4546 4547 4556
f 4546 4556 4555
f 4547 4548 4557
f 4547 4557 4556
f 4548 4549 4558
f 4548 4558 4557
f 4549 4550 4559
f 4549 4559 4558
f 4550 4551 4560
f 4550 4560 4559
f 4551 4552 4561
f 4551 4561 4560
f 4552 4553 4562
f 4552 4562 4561
f 4553 4554 4563
f 4553 4563 4562
f 4555 4556 4565
f 4555 4565 4564
f 4556 4557 4566
f 4556 4566 4565
f 4557 4558 4567
f 4557 4567 4566
f 4558 4559 4568
f 4558 4568 4567
f 4559 4560 4569
f 4559 4569 4568
f 4560 4561 4570
f 4560 4570 4569
f 4561 4562 4571
f 4561 4571 4570
f 4562 4563 4572
f 4562 4572 4571
f 4564 4565 4574
f 4564 4574 4573
f 4565 4566 4575
f 4565 4575 4574
f 4566 4567 4576
f 4566 4576 4575
f 4567 4568 4577
f 4567 4577 4576
f 4568 4569 4578
f 4568 4578 4577
f 4569 4570 4579
f 4569 4579 4578
f 4570 4571 4580
f 4570 4580 4579
f 4571 4572 4581
f 4571 4581 4580
f 4573 4574 4583
f 4573 4583 4582
f 4574 4575 4584
f 4574 4584 4583
f 4575 4576 4585
f 4575 4585 4584
f 4576 4577 4586
f 4576 4586 4585
f 4577 4578 4587
f 4577 4587 4586
f 4578 4579 4588
f 4578 4588 4587
f 4579 4580 4589
f 4579 4589 4588
f 4580 4581 4590
f 4580 4590 4589
f 4582 4583 4592
f 4582 4592 4591
f 4583 4584 4593
f 4583 4593 4592
f 4584 4585 4594
f 4584 4594 4593
f 4585 4586 4595
f 4585 4595 4594
f 4586 4587 4596
f 4586 4596 4595
f 4587 4588 4597
f 4587 4597 4596
f 4588 4589 4598
f 4588 4598 4597
f 4589 4590 4599
f 4589 4599 4598
f 4591 4592 4601
f 4591 4601 4600
f 4592 4593 4602
f 4592 4602 4601
f 4593 4594 4603
f 4593 4603 4602
f 4594 4595 4604
f 4594 4604 4603
f 4595 4596 4605
f 4595 4605 4604
f 4596 4597 4606
f 4596 4606 4605
f 4597 4598 4607
f 4597 4607 4606
f 4598 4599 4608
f 4598 4608 4607
f 4600 4601 4610
f 4600 4610 4609
f 4601 4602 4611
f 4601 4611 4610
f 4602 4603 4612
f 4602 4612 4611
f 4603 4604 4613
f 4603 4613 4612
f 4604 4605 4614
f 4604 4614 4613
f 4605 4606 4615
f 4605 4615 4614
f 4606 4607 4616
f 4606 4616 4615
f 4607 4608 4617
f 4607 4617 4616
f 4618 4619 4628
f 4618 4628 4627
f 4619 4620 4629
f 4619 4629 4628
f 4620 4621 4630
f 4620 4630 4629
f 4621 4622 4631
f 4621 4631 4630
f 4622 4623 4632
f 4622 4632 4631
f 4623 4624 4633
f 4623 4633 4632
f 4624 4625 4634
f 4624 4634 4633
f 4625 4626 4635
f 4625 4635 4634
f 4627 4628 4637
f 4627 4637 4636
f 4628 4629 4638
f 4628 4638 4637
f 4629 4630 4639
f 4629 4639 4638
f 4630 4631 4640
f 4630 4640 4639
f 4631 4632 4641
f 4631 4641 4640
f 4632 4633 4642
f 4632 4642 4641
f 4633 4634 4643
f 4633 4643 4642
f 4634 4635 4644
f 4634 4644 4643
f 4636 4637 4646
f 4636 4646 4645
f 4637 4638 4647
f 4637 4647 4646
f 4638 4639 4648
f 4638 4648 4647
f 4639 4640 4649
f 4639 4649 4648
f 4640 4641 4650
f 4640 4650 4649
f 4641 4642 4651
f 4641 4651 4650
f 4642 4643 4652
f 4642 4652 4651
f 4643 4644 4653
f 4643 4653 4652
f 4645 4646 4655
f 4645 4655 4654
f 4646 4647 4656
f 4646 4656 4655
f 4647 4648 4657
f 4647 4657 4656
f 4648 4649 4658
f 4648 4658 4657
f 4649 4650 4659
f 4649 4659 4658
f 4650 4651 4660
f 4650 4660 4659
f 4651 4652 4661
f 4651 4661 4660
f 4652 4653 4662
f 4652 4662 4661
f 4654 4655 4664
f 4654 4664 4663
f 4655 4656 4665
f 4655 4665 4664
f 4656 4657 4666
f 4656 4666 4665
f 4657 4658 4667
f 4657 4667 4666
f 4658 4659 4668
f 4658 4668 4667
f 4659 4660 4669
f 4659 4669 4668
f 4660 4661 4670
f 4660 4670 4669
f 4661 4662 4671
f 4661 4671 4670
f 4663 4664 4673
f 4663 4673 4672
f 4664 4665 4674
f 4664 4674 4673
f 4665 4666 4675
f 4665 4675 4674
f 4666 4667 4676
f 4666 4676 4675
f 4667 4668 4677
f 4667 4677 4676
f 4668 4669 4678
f 4668 4678 4677
f 4669 4670 4679
f 4669 4679 4678
f 4670 4671 4680
f 4670 4680 4679
f 4672 4673 4682
f 4672 4682 4681
f 4673 4674 4683
f 4673 4683 4682
f 4674 4675 4684
f 4674 4684 4683
f 4675 4676 4685
f 4675 4685 4684
f 4676 4677 4686
f 4676 4686 4685
f 4677 4678 4687
f 4677 4687 4686
f 4678 4679 4688
f 4678 4688 4687
f 4679 4680 4689
f 4679 4689 4688
f 4681 4682 4691
f 4681 4691 4690
f 4682 4683 4692
f 4682 4692 4691
f 4683 4684 4693
f 4683 4693 4692
f 4684 4685 4694
f 4684 4694 4693
f 4685 4686 4695
f 4685 4695 4694
f 4686 4687 4696
f 4686 4696 4695
f 4687 4688 4697
f 4687 4697 4696
f 4688 4689 4698
f 4688 4698 4697
f 4699 4700 4709
f 4699 4709 4708
f 4700 4701 4710
f 4700 4710 4709
f 4701 4702 4711
f 4701 4711 4710
f 4702 4703 4712
f 4702 4712 4711
f 4703 4704 4713
f 4703 4713 4712
f 4704 4705 4714
f 4704 4714 4713
f 4705 4706 4715
f 4705 4715 4714
f 4706 4707 4716
f 4706 4716 4715
f 4708 4709 4718
f 4708 4718 4717
f 4709 4710 4719
f 4709 4719 4718
f 4710 4711 4720
f 4710 4720 4719
f 4711 4712 4721
f 4711 4721 4720
f 4712 4713 4722
f 4712 4722 4721
f 4713 4714 4723
f 4713 4723 4722
f 4714 4715 4724
f 4714 4724 4723
f 4715 4716 4725
f 4715 4725 4724
f 4717 4718 4727
f 4717 4727 4726
f 4718 4719 4728
f 4718 4728 4727
f 4719 4720 4729
f 4719 4729 4728
f 4720 4721 4730
f 4720 4730 4729
f 4721 4722 4731
f 4721 4731 4730
f 4722 4723 4732
f 4722 4732 4731
f 4723 4724 4733
f 4723 4733 4732
f 4724 4725 4734
f 4724 4734 4733
f 4726 4727 4736
f 4726 4736 4735
f 4727 4728 4737
f 4727 4737 4736
f 4728 4729 4738
f 4728 4738 4737
f 4729 4730 4739
f 4729 4739 4738
f 4730 4731 4740
f 4730 4740 4739
f 4731 4732 4741
f 4731 4741 4740
f 4732 4733 4742
f 4732 4742 4741
f 4733 4734 4743
f 4733 4743 4742
f 4735 4736 4745
f 4735 4745 4744
f 4736 4737 4746
f 4736 4746 4745
f 4737 4738 4747
f 4737 4747 4746
f 4738 4739 4748
f 4738 4748 4747
f 4739 4740 4749
f 4739 4749 4748
f 4740 4741 4750
f 4740 4750 4749
f 4741 4742 4751
f 4741 4751 4750
f 4742 4743 4752
f 4742 4752 4751
f 4744 4745 4754
f 4744 4754 4753
f 4745 4746 4755
f 4745 4755 4754
f 4746 4747 4756
f 4746 4756 4755
f 4747 4748 4757
f 4747 4757 4756
f 4748 4749 4758
f 4748 4758 4757
f 4749 4750 4759
f 4749 4759 4758
f 4750 4751 4760
f 4750 4760 4759
f 4751 4752 4761
f 4751 4761 4760
f 4753 4754 4763
f 4753 4763 4762
f 4754 4755 4764
f 4754 4764 4763
f 4755 4756 4765
f 4755 4765 4764
f 4756 4757 4766
f 4756 4766 4765
f 4757 4758 4767
f 4757 4767 4766
f 4758 4759 4768
f 4758 4768 4767
f 4759 4760 4769
f 4759 4769 4768
f 4760 4761 4770
f 4760 4770 4769
f 4762 4763 4772
f 4762 4772 4771
f 4763 4764 4773
f 4763 4773 4772
f 4764 4765 4774
f 4764 4774 4773
f 4765 4766 4775
f 4765 4775 4774
f 4766 4767 4776
f 4766 4776 4775
f 4767 4768 4777
f 4767 4777 4776
f 4768 4769 4778
f 4768 4778 4777
f 4769 4770 4779
f 4769 4779 4778
f 4780 4781 4790
f 4780 4790 4789
f 4781 4782 4791
f 4781 4791 4790
f 4782 4783 4792
f 4782 4792 4791
f 4783 4784 4793
f 4783 4793 4792
f 4784 4785 4794
f 4784 4794 4793
f 4785 4786 4795
f 4785 4795 4794
f 4786 4787 4796
f 4786 4796 4795
f 4787 4788 4797
f 4787 4797 4796
f 4789 4790 4799
f 4789 4799 4798
f 4790 4791 4800
f 4790 4800 4799
f 4791 4792 4801
f 4791 4801 4800
f 4792 4793 4802
f 4792 4802 4801
f 4793 4794 4803
f 4793 4803 4802
f 4794 4795 4804
f 4794 4804 4803
f 4795 4796 4805
f 4795 4805 4804
f 4796 4797 4806
f 4796 4806 4805
f 4798 4799 4808
f 4798 4808 4807
f 4799 4800 4809
f 4799 4809 4808
f 4800 4801 4810
f 4800 4810 4809
f 4801 4802 4811
f 4801 4811 4810
f 4802 4803 4812
f 4802 4812 4811
f 4803 4804 4813
f 4803 4813 4812
f 4804 4805 4814
f 4804 4814 4813
f 4805 4806 4815
f 4805 4815 4814
f 4807 4808 4817
f 4807 4817 4816
f 4808 4809 4818
f 4808 4818 4817
f 4809 4810 4819
f 4809 4819 4818
f 4810 4811 4820
f 4810 4820 4819
f 4811 4812 4821
f 4811 4821 4820
f 4812 4813 4822
f 4812 4822 4821
f 4813 4814 4823
f 4813 4823 4822
f 4814 4815 4824
f 4814 4824 4823
f 4816 4817 4826
f 4816 4826 4825
f 4817 4818 4827
f 4817 4827 4826
f 4818 4819 4828
f 4818 4828 4827
f 4819 4820 4829
f 4819 4829 4828
f 4820 4821 4830
f 4820 4830 4829
f 4821 4822 4831
f 4821 4831 4830
f 4822 4823 4832
f 4822 4832 4831
f 4823 4824 4833
f 4823 4833 4832
f 4825 4826 4835
f 4825 4835 4834
f 4826 4827 4836
f 4826 4836 4835
f 4827 4828 4837
f 4827 4837 4836
f 4828 4829 4838
f 4828 4838 4837
f 4829 4830 4839
f 4829 4839 4838
f 4830 4831 4840
f 4830 4840 4839
f 4831 4832 4841
f 4831 4841 4840
f 4832 4833 4842
f 4832 4842 4841
f 4834 4835 4844
f 4834 4844 4843
f 4835 4836 4845
f 4835 4845 4844
f 4836 4837 4846
f 4836 4846 4845
f 4837 4838 4847
f 4837 4847 4846
f 4838 4839 4848
f 4838 4848 4847
f 4839 4840 4849
f 4839 4849 4848
f 4840 4841 4850
f 4840 4850 4849
f 4841 4842 4851
f 4841 4851 4850
f 4843 4844 4853
f 4843 4853 4852
f 4844 4845 4854
f 4844 4854 4853
f 4845 4846 4855
f 4845 4855 4854
f 4846 4847 4856
f 4846 4856 4855
f 4847 4848 4857
f 4847 4857 4856
f 4848 4849 4858
f 4848 4858 4857
f 4849 4850 4859
f 4849 4859 4858
f 4850 4851 4860
f 4850 4860 4859
g 바닥_10
v 0.0000 -0.1000 3.0000
v 0.0000 -0.0750 3.0000
v 0.0000 -0.0500 3.0000
v 0.0000 -0.0250 3.0000
v 0.0000 0.0000 3.0000
v 0.0000 0.0250 3.0000
v 0.0000 0.0500 3.0000
v 0.0000 0.0750 3.0000
v 0.0000 0.1000 3.0000
v 0.3750 -0.1000 3.0000
v 0.3750 -0.0750 3.0000
v 0.3750 -0.0500 3.0000
v 0.3750 -0.0250 3.0000
v 0.3750 0.0000 3.0000
v 0.3750 0.0250 3.0000
v 0.3750 0.0500 3.0000
v 0.3750 0.0750 3.0000
v 0.3750 0.1000 3.0000
v 0.7500 -0.1000 3.0000
v 0.7500 -0.0750 3.0000
v 0.7500 -0.0500 3.0000
v 0.7500 -0.0250 3.0000
v 0.7500 0.0000 3.0000
v 0.7500 0.0250 3.0000
v 0.7500 0.0500 3.0000
v 0.7500 0.0750 3.0000
v 0.7500 0.1000 3.0000
v 1.1250 -0.1000 3.0000
v 1.1250 -0.0750 3.0000
v 1.1250 -0.0500 3.0000
v 1.1250 -0.0250 3.0000
v 1.1250 0.0000 3.0000
v 1.1250 0.0250 3.0000
v 1.1250 0.0500 3.0000
v 1.1250 0.0750 3.0000
v 1.1250 0.1000 3.0000
v 1.5000 -0.1000 3.0000
v 1.5000 -0.0750 3.0000
v 1.5000 -0.0500 3.0000
v 1.5000 -0.0250 3.0000
v 1.5000 0.0000 3.0000
v 1.5000 0.0250 3.0000
v 1.5000 0.0500 3.0000
v 1.5000 0.0750 3.0000
v 1.5000 0.1000 3.0000
v 1.8750 -0.1000 3.0000
v 1.8750 -0.0750 3.0000
v 1.8750 -0.0500 3.0000
v 1.8750 -0.0250 3.0000
v 1.8750 0.0000 3.0000
v 1.8750 0.0250 3.0000
v 1.8750 0.0500 3.0000
v 1.8750 0.0750 3.0000
v 1.8750 0.1000 3.0000
v 2.2500 -0.1000 3.0000
v 2.2500 -0.0750 3.0000
v 2.2500 -0.0500 3.0000
v 2.2500 -0.0250 3.0000
v 2.2500 0.0000 3.0000
v 2.2500 0.0250 3.0000
v 2.2500 0.0500 3.0000
v 2.2500 0.0750 3.0000
v 2.2500 0.1000 3.0000
v 2.6250 -0.1000 3.0000
v 2.6250 -0.0750 3.0000
v 2.6250 -0.0500 3.0000
v 2.6250 -0.0250 3.0000
v 2.6250 0.0000 3.0000
v 2.6250 0.0250 3.0000
v 2.6250 0.0500 3.0000
v 2.6250 0.0750 3.0000
v 2.6250 0.1000 3.0000
v 3.0000 -0.1000 3.0000
v 3.0000 -0.0750 3.0000
v 3.0000 -0.0500 3.0000
v 3.0000 -0.0250 3.0000
v 3.0000 0.0000 3.0000
v 3.0000 0.0250 3.0000
v 3.0000 0.0500 3.0000
v 3.0000 0.0750 3.0000
v 3.0000 0.1000 3.0000
v 3.0000 -0.1000 0.0000
v 3.0000 -0.0750 0.0000
v 3.0000 -0.0500 0.0000
v 3.0000 -0.0250 0.0000
v 3.0000 0.0000 0.0000
v 3.0000 0.0250 0.0000
v 3.0000 0.0500 0.0000
v 3.0000 0.0750 0.0000
v 3.0000 0.1000 0.0000
v 2.6250 -0.1000 0.0000
v 2.6250 -0.0750 0.0000
v 2.6250 -0.0500 0.0000
v 2.6250 -0.0250 0.0000
v 2.6250 0.0000 0.0000
v 2.6250 0.0250 0.0000
v 2.6250 0.0500 0.0000
v 2.6250 0.0750 0.0000
v 2.6250 0.1000 0.0000
v 2.2500 -0.1000 0.0000
v 2.2500 -0.0750 0.0000
v 2.2500 -0.0500 0.0000
v 2.2500 -0.0250 0.0000
v 2.2500 0.0000 0.0000
v 2.2500 0.0250 0.0000
v 2.2500 0.0500 0.0000
v 2.2500 0.0750 0.0000
v 2.2500 0.1000 0.0000
v 1.8750 -0.1000 0.0000
v 1.8750 -0.0750 0.0000
v 1.8750 -0.0500 0.0000
v 1.8750 -0.0250 0.0000
v 1.8750 0.0000 0.0000
v 1.8750 0.0250 0.0000
v 1.8750 0.0500 0.0000
v 1.8750 0.0750 0.0000
v 1.8750 0.1000 0.0000
v 1.5000 -0.1000 0.0000
v 1.5000 -0.0750 0.0000
v 1.5000 -0.0500 0.0000
v 1.5000 -0.0250 0.0000
v 1.5000 0.0000 0.0000
v 1.5000 0.0250 0.0000
v 1.5000 0.0500 0.0000
v 1.5000 0.0750 0.0000
v 1.5000 0.1000 0.0000
v 1.1250 -0.1000 0.0000
v 1.1250 -0.0750 0.0000
v 1.1250 -0.0500 0.0000
v 1.1250 -0.0250 0.0000
v 1.1250 0.0000 0.0000
v 1.1250 0.0250 0.0000
v 1.1250 0.0500 0.0000
v 1.1250 0.0750 0.0000
v 1.1250 0.1000 0.0000
v 0.7500 -0.1000 0.0000
v 0.7500 -0.0750 0.0000
v 0.7500 -0.0500 0.0000
v 0.7500 -0.0250 0.0000
v 0.7500 0.0000 0.0000
v 0.7500 0.0250 0.0000
v 0.7500 0.0500 0.0000
v 0.7500 0.0750 0.0000
v 0.7500 0.1000 0.0000
v 0.3750 -0.1000 0.0000
v 0.3750 -0.0750 0.0000
v 0.3750 -0.0500 0.0000
v 0.3750 -0.0250 0.0000
v 0.3750 0.0000 0.0000
v 0.3750 0.0250 0.0000
v 0.3750 0.0500 0.0000
v 0.3750 0.0750 0.0000
v 0.3750 0.1000 0.0000
v 0.0000 -0.1000 0.0000
v 0.0000 -0.0750 0.0000
v 0.0000 -0.0500 0.0000
v 0.0000 -0.0250 0.0000
v 0.0000 0.0000 0.0000
v 0.0000 0.0250 0.0000
v 0.0000 0.0500 0.0000
v 0.0000 0.0750 0.0000
v 0.0000 0.1000 0.0000
v 0.0000 -0.1000 0.0000
v 0.0000 -0.0750 0.0000
v 0.0000 -0.0500 0.0000
v 0.0000 -0.0250 0.0000
v 0.0000 0.0000 0.0000
v 0.0000 0.0250 0.0000
v 0.0000 0.0500 0.0000
v 0.0000 0.0750 0.0000
v 0.0000 0.1000 0.0000
v 0.0000 -0.1000 0.3750
v 0.0000 -0.0750 0.3750
v 0.0000 -0.0500 0.3750
v 0.0000 -0.0250 0.3750
v 0.0000 0.0000 0.3750
v 0.0000 0.0250 0.3750
v 0.0000 0.0500 0.3750
v 0.0000 0.0750 0.3750
v 0.0000 0.1000 0.3750
v 0.0000 -0.1000 0.7500
v 0.0000 -0.0750 0.7500
v 0.0000 -0.0500 0.7500
v 0.0000 -0.0250 0.7500
v 0.0000 0.0000 0.7500
v 0.0000 0.0250 0.7500
v 0.0000 0.0500 0.7500
v 0.0000 0.0750 0.7500
v 0.0000 0.1000 0.7500
v 0.0000 -0.1000 1.1250
v 0.0000 -0.0750 1.1250
v 0.0000 -0.0500 1.1250
v 0.0000 -0.0250 1.1250
v 0.0000 0.0000 1.1250
v 0.0000 0.0250 1.1250
v 0.0000 0.0500 1.1250
v 0.0000 0.0750 1.1250
v 0.0000 0.1000 1.1250
v 0.0000 -0.1000 1.5000
v 0.0000 -0.0750 1.5000
v 0.0000 -0.0500 1.5000
v 0.0000 -0.0250 1.5000
v 0.0000 0.0000 1.5000
v 0.0000 0.0250 1.5000
v 0.0000 0.0500 1.5000
v 0.0000 0.0750 1.5000
v 0.0000 0.1000 1.5000
v 0.0000 -0.1000 1.8750
v 0.0000 -0.0750 1.8750
v 0.0000 -0.0500 1.8750
v 0.0000 -0.0250 1.8750
v 0.0000 0.0000 1.8750
v 0.0000 0.0250 1.8750
v 0.0000 0.0500 1.8750
v 0.0000 0.0750 1.8750
v 0.0000 0.1000 1.8750
v 0.0000 -0.1000 2.2500
v 0.0000 -0.0750 2.2500
v 0.0000 -0.0500 2.2500
v 0.0000 -0.0250 2.2500
v 0.0000 0.0000 2.2500
v 0.0000 0.0250 2.2500
v 0.0000 0.0500 2.2500
v 0.0000 0.0750 2.2500
v 0.0000 0.1000 2.2500
v 0.0000 -0.1000 2.6250
v 0.0000 -0.0750 2.6250
v 0.0000 -0.0500 2.6250
v 0.0000 -0.0250 2.6250
v 0.0000 0.0000 2.6250
v 0.0000 0.0250 2.6250
v 0.0000 0.0500 2.6250
v 0.0000 0.0750 2.6250
v 0.0000 0.1000 2.6250
v 0.0000 -0.1000 3.0000
v 0.0000 -0.0750 3.0000
v 0.0000 -0.0500 3.0000
v 0.0000 -0.0250 3.0000
v 0.0000 0.0000 3.0000
v 0.0000 0.0250 3.0000
v 0.0000 0.0500 3.0000
v 0.0000 0.0750 3.0000
v 0.0000 0.1000 3.0000
v 3.0000 -0.1000 3.0000
v 3.0000 -0.0750 3.0000
v 3.0000 -0.0500 3.0000
v 3.0000 -0.0250 3.0000
v 3.0000 0.0000 3.0000
v 3.0000 0.0250 3.0000
v 3.0000 0.0500 3.0000
v 3.0000 0.0750 3.0000
v 3.0000 0.1000 3.0000
v 3.0000 -0.1000 2.6250
v 3.0000 -0.0750 2.6250
v 3.0000 -0.0500 2.6250
v 3.0000 -0.0250 2.6250
v 3.0000 0.0000 2.6250
v 3.0000 0.0250 2.6250
v 3.0000 0.0500 2.6250
v 3.0000 0.0750 2.6250
v 3.0000 0.1000 2.6250
v 3.0000 -0.1000 2.2500
v 3.0000 -0.0750 2.2500
v 3.0000 -0.0500 2.2500
v 3.0000 -0.0250 2.2500
v 3.0000 0.0000 2.2500
v 3.0000 0.0250 2.2500
v 3.0000 0.0500 2.2500
v 3.0000 0.0750 2.2500
v 3.0000 0.1000 2.2500
v 3.0000 -0.1000 1.8750
v 3.0000 -0.0750 1.8750
v 3.0000 -0.0500 1.8750
v 3.0000 -0.0250 1.8750
v 3.0000 0.0000 1.8750
v 3.0000 0.0250 1.8750
v 3.0000 0.0500 1.8750
v 3.0000 0.0750 1.8750
v 3.0000 0.1000 1.8750
v 3.0000 -0.1000 1.5000
v 3.0000 -0.0750 1.5000
v 3.0000 -0.0500 1.5000
v 3.0000 -0.0250 1.5000
v 3.0000 0.0000 1.5000
v 3.0000 0.0250 1.5000
v 3.0000 0.0500 1.5000
v 3.0000 0.0750 1.5000
v 3.0000 0.1000 1.5000
v 3.0000 -0.1000 1.1250
v 3.0000 -0.0750 1.1250
v 3.0000 -0.0500 1.1250
v 3.0000 -0.0250 1.1250
v 3.0000 0.0000 1.1250
v 3.0000 0.0250 1.1250
v 3.0000 0.0500 1.1250
v 3.0000 0.0750 1.1250
v 3.0000 0.1000 1.1250
v 3.0000 -0.1000 0.7500
v 3.0000 -0.0750 0.7500
v 3.0000 -0.0500 0.7500
v 3.0000 -0.0250 0.7500
v 3.0000 0.0000 0.7500
v 3.0000 0.0250 0.7500
v 3.0000 0.0500 0.7500
v 3.0000 0.0750 0.7500
v 3.0000 0.1000 0.7500
v 3.0000 -0.1000 0.3750
v 3.0000 -0.0750 0.3750
v 3.0000 -0.0500 0.3750
v 3.0000 -0.0250 0.3750
v 3.0000 0.0000 0.3750
v 3.0000 0.0250 0.3750
v 3.0000 0.0500 0.3750
v 3.0000 0.0750 0.3750
v 3.0000 0.1000 0.3750
v 3.0000 -0.1000 0.0000
v 3.0000 -0.0750 0.0000
v 3.0000 -0.0500 0.0000
v 3.0000 -0.0250 0.0000
v 3.0000 0.0000 0.0000
v 3.0000 0.0250 0.0000
v 3.0000 0.0500 0.0000
v 3.0000 0.0750 0.0000
v 3.0000 0.1000 0.0000
v 0.0000 0.1000 0.0000
v 0.0000 0.1000 0.3750
v 0.0000 0.1000 0.7500
v 0.0000 0.1000 1.1250
v 0.0000 0.1000 1.5000
v 0.0000 0.1000 1.8750
v 0.0000 0.1000 2.2500
v 0.0000 0.1000 2.6250
v 0.0000 0.1000 3.0000
v 0.3750 0.1000 0.0000
v 0.3750 0.1000 0.3750
v 0.3750 0.1000 0.7500
v 0.3750 0.1000 1.1250
v 0.3750 0.1000 1.5000
v 0.3750 0.1000 1.8750
v 0.3750 0.1000 2.2500
v 0.3750 0.1000 2.6250
v 0.3750 0.1000 3.0000
v 0.7500 0.1000 0.0000
v 0.7500 0.1000 0.3750
v 0.7500 0.1000 0.7500
v 0.7500 0.1000 1.1250
v 0.7500 0.1000 1.5000
v 0.7500 0.1000 1.8750
v 0.7500 0.1000 2.2500
v 0.7500 0.1000 2.6250
v 0.7500 0.1000 3.0000
v 1.1250 0.1000 0.0000
v 1.1250 0.1000 0.3750
v 1.1250 0.1000 0.7500
v 1.1250 0.1000 1.1250
v 1.1250 0.1000 1.5000
v 1.1250 0.1000 1.8750
v 1.1250 0.1000 2.2500
v 1.1250 0.1000 2.6250
v 1.1250 0.1000 3.0000
v 1.5000 0.1000 0.0000
v 1.5000 0.1000 0.3750
v 1.5000 0.1000 0.7500
v 1.5000 0.1000 1.1250
v 1.5000 0.1000 1.5000
v 1.5000 0.1000 1.8750
v 1.5000 0.1000 2.2500
v 1.5000 0.1000 2.6250
v 1.5000 0.1000 3.0000
v 1.8750 0.1000 0.0000
v 1.8750 0.1000 0.3750
v 1.8750 0.1000 0.7500
v 1.8750 0.1000 1.1250
v 1.8750 0.1000 1.5000
v 1.8750 0.1000 1.8750
v 1.8750 0.1000 2.2500
v 1.8750 0.1000 2.6250
v 1.8750 0.1000 3.0000
v 2.2500 0.1000 0.0000
v 2.2500 0.1000 0.3750
v 2.2500 0.1000 0.7500
v 2.2500 0.1000 1.1250
v 2.2500 0.1000 1.5000
v 2.2500 0.1000 1.8750
v 2.2500 0.1000 2.2500
v 2.2500 0.1000 2.6250
v 2.2500 0.1000 3.0000
v 2.6250 0.1000 0.0000
v 2.6250 0.1000 0.3750
v 2.6250 0.1000 0.7500
v 2.6250 0.1000 1.1250
v 2.6250 0.1000 1.5000
v 2.6250 0.1000 1.8750
v 2.6250 0.1000 2.2500
v 2.6250 0.1000 2.6250
v 2.6250 0.1000 3.0000
v 3.0000 0.1000 0.0000
v 3.0000 0.1000 0.3750
v 3.0000 0.1000 0.7500
v 3.0000 0.1000 1.1250
v 3.0000 0.1000 1.5000
v 3.0000 0.1000 1.8750
v 3.0000 0.1000 2.2500
v 3.0000 0.1000 2.6250
v 3.0000 0.1000 3.0000
v 0.0000 -0.1000 3.0000
v 0.0000 -0.1000 2.6250
v 0.0000 -0.1000 2.2500
v 0.0000 -0.1000 1.8750
v 0.0000 -0.1000 1.5000
v 0.0000 -0.1000 1.1250
v 0.0000 -0.1000 0.7500
v 0.0000 -0.1000 0.3750
v 0.0000 -0.1000 0.0000
v 0.3750 -0.1000 3.0000
v 0.3750 -0.1000 2.6250
v 0.3750 -0.1000 2.2500
v 0.3750 -0.1000 1.8750
v 0.3750 -0.1000 1.5000
v 0.3750 -0.1000 1.1250
v 0.3750 -0.1000 0.7500
v 0.3750 -0.1000 0.3750
v 0.3750 -0.1000 0.0000
v 0.7500 -0.1000 3.0000
v 0.7500 -0.1000 2.6250
v 0.7500 -0.1000 2.2500
v 0.7500 -0.1000 1.8750
v 0.7500 -0.1000 1.5000
v 0.7500 -0.1000 1.1250
v 0.7500 -0.1000 0.7500
v 0.7500 -0.1000 0.3750
v 0.7500 -0.1000 0.0000
v 1.1250 -0.1000 3.0000
v 1.1250 -0.1000 2.6250
v 1.1250 -0.1000 2.2500
v 1.1250 -0.1000 1.8750
v 1.1250 -0.1000 1.5000
v 1.1250 -0.1000 1.1250
v 1.1250 -0.1000 0.7500
v 1.1250 -0.1000 0.3750
v 1.1250 -0.1000 0.0000
v 1.5000 -0.1000 3.0000
v 1.5000 -0.1000 2.6250
v 1.5000 -0.1000 2.2500
v 1.5000 -0.1000 1.8750
v 1.5000 -0.1000 1.5000
v 1.5000 -0.1000 1.1250
v 1.5000 -0.1000 0.7500
v 1.5000 -0.1000 0.3750
v 1.5000 -0.1000 0.0000
v 1.8750 -0.1000 3.0000
v 1.8750 -0.1000 2.6250
v 1.8750 -0.1000 2.2500
v 1.8750 -0.1000 1.8750
v 1.8750 -0.1000 1.5000
v 1.8750 -0.1000 1.1250
v 1.8750 -0.1000 0.7500
v 1.8750 -0.1000 0.3750
v 1.8750 -0.1000 0.0000
v 2.2500 -0.1000 3.0000
v 2.2500 -0.1000 2.6250
v 2.2500 -0.1000 2.2500
v 2.2500 -0.1000 1.8750
v 2.2500 -0.1000 1.5000
v 2.2500 -0.1000 1.1250
v 2.2500 -0.1000 0.7500
v 2.2500 -0.1000 0.3750
v 2.2500 -0.1000 0.0000
v 2.6250 -0.1000 3.0000
v 2.6250 -0.1000 2.6250
v 2.6250 -0.1000 2.2500
v 2.6250 -0.1000 1.8750
v 2.6250 -0.1000 1.5000
v 2.6250 -0.1000 1.1250
v 2.6250 -0.1000 0.7500
v 2.6250 -0.1000 0.3750
v 2.6250 -0.1000 0.0000
v 3.0000 -0.1000 3.0000
v 3.0000 -0.1000 2.6250
v 3.0000 -0.1000 2.2500
v 3.0000 -0.1000 1.8750
v 3.0000 -0.1000 1.5000
v 3.0000 -0.1000 1.1250
v 3.0000 -0.1000 0.7500
v 3.0000 -0.1000 0.3750
v 3.0000 -0.1000 0.0000
f 4861 4862 4871
f 4861 4871 4870
f 4862 4863 4872
f 4862 4872 4871
f 4863 4864 4873
f 4863 4873 4872
f 4864 4865 4874
f 4864 4874 4873
f 4865 4866 4875
f 4865 4875 4874
f 4866 4867 4876
f 4866 4876 4875
f 4867 4868 4877
f 4867 4877 4876
f 4868 4869 4878
f 4868 4878 4877
f 4870 4871 4880
f 4870 4880 4879
f 4871 4872 4881
f 4871 4881 4880
f 4872 4873 4882
f 4872 4882 4881
f 4873 4874 4883
f 4873 4883 4882
f 4874 4875 4884
f 4874 4884 4883
f 4875 4876 4885
f 4875 4885 4884
f 4876 4877 4886
f 4876 4886 4885
f 4877 4878 4887
f 4877 4887 4886
f 4879 4880 4889
f 4879 4889 4888
f 4880 4881 4890
f 4880 4890 4889
f 4881 4882 4891
f 4881 4891 4890
f 4882 4883 4892
f 4882 4892 4891
f 4883 4884 4893
f 4883 4893 4892
f 4884 4885 4894
f 4884 4894 4893
f 4885 4886 4895
f 4885 4895 4894
f 4886 4887 4896
f 4886 4896 4895
f 4888 4889 4898
f 4888 4898 4897
f 4889 4890 4899
f 4889 4899 4898
f 4890 4891 4900
f 4890 4900 4899
f 4891 4892 4901
f 4891 4901 4900
f 4892 4893 4902
f 4892 4902 4901
f 4893 4894 4903
f 4893 4903 4902
f 4894 4895 4904
f 4894 4904 4903
f 4895 4896 4905
f 4895 4905 4904
f 4897 4898 4907
f 4897 4907 4906
f 4898 4899 4908
f 4898 4908 4907
f 4899 4900 4909
f 4899 4909 4908
f 4900 4901 4910
f 4900 4910 4909
f 4901 4902 4911
f 4901 4911 4910
f 4902 4903 4912
f 4902 4912 4911
f 4903 4904 4913
f 4903 4913 4912
f 4904 4905 4914
f 4904 4914 4913
f 4906 4907 4916
f 4906 4916 4915
f 4907 4908 4917
f 4907 4917 4916
f 4908 4909 4918
f 4908 4918 4917
f 4909 4910 4919
f 4909 4919 4918
f 4910 4911 4920
f 4910 4920 4919
f 4911 4912 4921
f 4911 4921 4920
f 4912 4913 4922
f 4912 4922 4921
f 4913 4914 4923
f 4913 4923 4922
f 4915 4916 4925
f 4915 4925 4924
f 4916 4917 4926
f 4916 4926 4925
f 4917 4918 4927
f 4917 4927 4926
f 4918 4919 4928
f 4918 4928 4927
f 4919 4920 4929
f 4919 4929 4928
f 4920 4921 4930
f 4920 4930 4929
f 4921 4922 4931
f 4921 4931 4930
f 4922 4923 4932
f 4922 4932 4931
f 4924 4925 4934
f 4924 4934 4933
f 4925 4926 4935
f 4925 4935 4934
f 4926 4927 4936
f 4926 4936 4935
f 4927 4928 4937
f 4927 4937 4936
f 4928 4929 4938
f 4928 4938 4937
f 4929 4930 4939
f 4929 4939 4938
f 4930 4931 4940
f 4930 4940 4939
f 4931 4932 4941
f 4931 4941 4940
f 4942 4943 4952
f 4942 4952 4951
f 4943 4944 4953
f 4943 4953 4952
f 4944 4945 4954
f 4944 4954 4953
f 4945 4946 4955
f 4945 4955 4954
f 4946 4947 4956
f 4946 4956 4955
f 4947 4948 4957
f 4947 4957 4956
f 4948 4949 4958
f 4948 4958 4957
f 4949 4950 4959
f 4949 4959 4958
f 4951 4952 4961
f 4951 4961 4960
f 4952 4953 4962
f 4952 4962 4961
f 4953 4954 4963
f 4953 4963 4962
f 4954 4955 4964
f 4954 4964 4963
f 4955 4956 4965
f 4955 4965 4964
f 4956 4957 4966
f 4956 4966 4965
f 4957 4958 4967
f 4957 4967 4966
f 4958 4959 4968
f 4958 4968 4967
f 4960 4961 4970
f 4960 4970 4969
f 4961 4962 4971
f 4961 4971 4970
f 4962 4963 4972
f 4962 4972 4971
f 4963 4964 4973
f 4963 4973 4972
f 4964 4965 4974
f 4964 4974 4973
f 4965 4966 4975
f 4965 4975 4974
f 4966 4967 4976
f 4966 4976 4975
f 4967 4968 4977
f 4967 4977 4976
f 4969 4970 4979
f 4969 4979 4978
f 4970 4971 4980
f 4970 4980 4979
f 4971 4972 4981
f 4971 4981 4980
f 4972 4973 4982
f 4972 4982 4981
f 4973 4974 4983
f 4973 4983 4982
f 4974 4975 4984
f 4974 4984 4983
f 4975 4976 4985
f 4975 4985 4984
f 4976 4977 4986
f 4976 4986 4985
f 4978 4979 4988
f 4978 4988 4987
f 4979 4980 4989
f 4979 4989 4988
f 4980 4981 4990
f 4980 4990 4989
f 4981 4982 4991
f 4981 4991 4990
f 4982 4983 4992
f 4982 4992 4991
f 4983 4984 4993
f 4983 4993 4992
f 4984 4985 4994
f 4984 4994 4993
f 4985 4986 4995
f 4985 4995 4994
f 4987 4988 4997
f 4987 4997 4996
f 4988 4989 4998
f 4988 4998 4997
f 4989 4990 4999
f 4989 4999 4998
f 4990 4991 5000
f 4990 5000 4999
f 4991 4992 5001
f 4991 5001 5000
f 4992 4993 5002
f 4992 5002 5001
f 4993 4994 5003
f 4993 5003 5002
f 4994 4995 5004
f 4994 5004 5003
f 4996 4997 5006
f 4996 5006 5005
f 4997 4998 5007
f 4997 5007 5006
f 4998 4999 5008
f 4998 5008 5007
f 4999 5000 5009
f 4999 5009 5008
f 5000 5001 5010
f 5000 5010 5009
f 5001 5002 5011
f 5001 5011 5010
f 5002 5003 5012
f 5002 5012 5011
f 5003 5004 5013
f 5003 5013 5012
f 5005 5006 5015
f 5005 5015 5014
f 5006 5007 5016
f 5006 5016 5015
f 5007 5008 5017
f 5007 5017 5016
f 5008 5009 5018
f 5008 5018 5017
f 5009 5010 5019
f 5009 5019 5018
f 5010 5011 5020
f 5010 5020 5019
f 5011 5012 5021
f 5011 5021 5020
f 5012 5013 5022
f 5012 5022 5021
f 5023 5024 5033
f 5023 5033 5032
f 5024 5025 5034
f 5024 5034 5033
f 5025 5026 5035
f 5025 5035 5034
f 5026 5027 5036
f 5026 5036 5035
f 5027 5028 5037
f 5027 5037 5036
f 5028 5029 5038
f 5028 5038 5037
f 5029 5030 5039
f 5029 5039 5038
f 5030 5031 5040
f 5030 5040 5039
f 5032 5033 5042
f 5032 5042 5041
f 5033 5034 5043
f 5033 5043 5042
f 5034 5035 5044
f 5034 5044 5043
f 5035 5036 5045
f 5035 5045 5044
f 5036 5037 5046
f 5036 5046 5045
f 5037 5038 5047
f 5037 5047 5046
f 5038 5039 5048
f 5038 5048 5047
f 5039 5040 5049
f 5039 5049 5048
f 5041 5042 5051
f 5041 5051 5050
f 5042 5043 5052
f 5042 5052 5051
f 5043 5044 5053
f 5043 5053 5052
f 5044 5045 5054
f 5044 5054 5053
f 5045 5046 5055
f 5045 5055 5054
f 5046 5047 5056
f 5046 5056 5055
f 5047 5048 5057
f 5047 5057 5056
f 5048 5049 5058
f 5048 5058 5057
f 5050 5051 5060
f 5050 5060 5059
f 5051 5052 5061
f 5051 5061 5060
f 5052 5053 5062
f 5052 5062 5061
f 5053 5054 5063
f 5053 5063 5062
f 5054 5055 5064
f 5054 5064 5063
f 5055 5056 5065
f 5055 5065 5064
f 5056 5057 5066
f 5056 5066 5065
f 5057 5058 5067
f 5057 5067 5066
f 5059 5060 5069
f 5059 5069 5068
f 5060 5061 5070
f 5060 5070 5069
f 5061 5062 5071
f 5061 5071 5070
f 5062 5063 5072
f 5062 5072 5071
f 5063 5064 5073
f 5063 5073 5072
f 5064 5065 5074
f 5064 5074 5073
f 5065 5066 5075
f 5065 5075 5074
f 5066 5067 5076
f 5066 5076 5075
f 5068 5069 5078
f 5068 5078 5077
f 5069 5070 5079
f 5069 5079 5078
f 5070 5071 5080
f 5070 5080 5079
f 5071 5072 5081
f 5071 5081 5080
f 5072 5073 5082
f 5072 5082 5081
f 5073 5074 5083
f 5073 5083 5082
f 5074 5075 5084
f 5074 5084 5083
f 5075 5076 5085
f 5075 5085 5084
f 5077 5078 5087
f 5077 5087 5086
f 5078 5079 5088
f 5078 5088 5087
f 5079 5080 5089
f 5079 5089 5088
f 5080 5081 5090
f 5080 5090 5089
f 5081 5082 5091
f 5081 5091 5090
f 5082 5083 5092
f 5082 5092 5091
f 5083 5084 5093
f 5083 5093 5092
f 5084 5085 5094
f 5084 5094 5093
f 5086 5087 5096
f 5086 5096 5095
f 5087 5088 5097
f 5087 5097 5096
f 5088 5089 5098
f 5088 5098 5097
f 5089 5090 5099
f 5089 5099 5098
f 5090 5091 5100
f 5090 5100 5099
f 5091 5092 5101
f 5091 5101 5100
f 5092 5093 5102
f 5092 5102 5101
f 5093 5094 5103
f 5093 5103 5102
f 5104 5105 5114
f 5104 5114 5113
f 5105 5106 5115
f 5105 5115 5114
f 5106 5107 5116
f 5106 5116 5115
f 5107 5108 5117
f 5107 5117 5116
f 5108 5109 5118
f 5108 5118 5117
f 5109 5110 5119
f 5109 5119 5118
f 5110 5111 5120
f 5110 5120 5119
f 5111 5112 5121
f 5111 5121 5120
f 5113 5114 5123
f 5113 5123 5122
f 5114 5115 5124
f 5114 5124 5123
f 5115 5116 5125
f 5115 5125 5124
f 5116 5117 5126
f 5116 5126 5125
f 5117 5118 5127
f 5117 5127 5126
f 5118 5119 5128
f 5118 5128 5127
f 5119 5120 5129
f 5119 5129 5128
f 5120 5121 5130
f 5120 5130 5129
f 5122 5123 5132
f 5122 5132 5131
f 5123 5124 5133
f 5123 5133 5132
f 5124 5125 5134
f 5124 5134 5133
f 5125 5126 5135
f 5125 5135 5134
f 5126 5127 5136
f 5126 5136 5135
f 5127 5128 5137
f 5127 5137 5136
f 5128 5129 5138
f 5128 5138 5137
f 5129 5130 5139
f 5129 5139 5138
f 5131 5132 5141
f 5131 5141 5140
f 5132 5133 5142
f 5132 5142 5141
f 5133 5134 5143
f 5133 5143 5142
f 5134 5135 5144
f 5134 5144 5143
f 5135 5136 5145
f 5135 5145 5144
f 5136 5137 5146
f 5136 5146 5145
f 5137 5138 5147
f 5137 5147 5146
f 5138 5139 5148
f 5138 5148 5147
f 5140 5141 5150
f 5140 5150 5149
f 5141 5142 5151
f 5141 5151 5150
f 5142 5143 5152
f 5142 5152 5151
f 5143 5144 5153
f 5143 5153 5152
f 5144 5145 5154
f 5144 5154 5153
f 5145 5146 5155
f 5145 5155 5154
f 5146 5147 5156
f 5146 5156 5155
f 5147 5148 5157
f 5147 5157 5156
f 5149 5150 5159
f 5149 5159 5158
f 5150 5151 5160
f 5150 5160 5159
f 5151 5152 5161
f 5151 5161 5160
f 5152 5153 5162
f 5152 5162 5161
f 5153 5154 5163
f 5153 5163 5162
f 5154 5155 5164
f 5154 5164 5163
f 5155 5156 5165
f 5155 5165 5164
f 5156 5157 5166
f 5156 5166 5165
f 5158 5159 5168
f 5158 5168 5167
f 5159 5160 5169
f 5159 5169 5168
f 5160 5161 5170
f 5160 5170 5169
f 5161 5162 5171
f 5161 5171 5170
f 5162 5163 5172
f 5162 5172 5171
f 5163 5164 5173
f 5163 5173 5172
f 5164 5165 5174
f 5164 5174 5173
f 5165 5166 5175
f 5165 5175 5174
f 5167 5168 5177
f 5167 5177 5176
f 5168 5169 5178
f 5168 5178 5177
f 5169 5170 5179
f 5169 5179 5178
f 5170 5171 5180
f 5170 5180 5179
f 5171 5172 5181
f 5171 5181 5180
f 5172 5173 5182
f 5172 5182 5181
f 5173 5174 5183
f 5173 5183 5182
f 5174 5175 5184
f 5174 5184 5183
f 5185 5186 5195
f 5185 5195 5194
f 5186 5187 5196
f 5186 5196 5195
f 5187 5188 5197
f 5187 5197 5196
f 5188 5189 5198
f 5188 5198 5197
f 5189 5190 5199
f 5189 5199 5198
f 5190 5191 5200
f 5190 5200 5199
f 5191 5192 5201
f 5191 5201 5200
f 5192 5193 5202
f 5192 5202 5201
f 5194 5195 5204
f 5194 5204 5203
f 5195 5196 5205
f 5195 5205 5204
f 5196 5197 5206
f 5196 5206 5205
f 5197 5198 5207
f 5197 5207 5206
f 5198 5199 5208
f 5198 5208 5207
f 5199 5200 5209
f 5199 5209 5208
f 5200 5201 5210
f 5200 5210 5209
f 5201 5202 5211
f 5201 5211 5210
f 5203 5204 5213
f 5203 5213 5212
f 5204 5205 5214
f 5204 5214 5213
f 5205 5206 5215
f 5205 5215 5214
f 5206 5207 5216
f 5206 5216 5215
f 5207 5208 5217
f 5207 5217 5216
f 5208 5209 5218
f 5208 5218 5217
f 5209 5210 5219
f 5209 5219 5218
f 5210 5211 5220
f 5210 5220 5219
f 5212 5213 5222
f 5212 5222 5221
f 5213 5214 5223
f 5213 5223 5222
f 5214 5215 5224
f 5214 5224 5223
f 5215 5216 5225
f 5215 5225 5224
f 5216 5217 5226
f 5216 5226 5225
f 5217 5218 5227
f 5217 5227 5226
f 5218 5219 5228
f 5218 5228 5227
f 5219 5220 5229
f 5219 5229 5228
f 5221 5222 5231
f 5221 5231 5230
f 5222 5223 5232
f 5222 5232 5231
f 5223 5224 5233
f 5223 5233 5232
f 5224 5225 5234
f 5224 5234 5233
f 5225 5226 5235
f 5225 5235 5234
f 5226 5227 5236
f 5226 5236 5235
f 5227 5228 5237
f 5227 5237 5236
f 5228 5229 5238
f 5228 5238 5237
f 5230 5231 5240
f 5230 5240 5239
f 5231 5232 5241
f 5231 5241 5240
f 5232 5233 5242
f 5232 5242 5241
f 5233 5234 5243
f 5233 5243 5242
f 5234 5235 5244
f 5234 5244 5243
f 5235 5236 5245
f 5235 5245 5244
f 5236 5237 5246
f 5236 5246 5245
f 5237 5238 5247
f 5237 5247 5246
f 5239 5240 5249
f 5239 5249 5248
f 5240 5241 5250
f 5240 5250 5249
f 5241 5242 5251
f 5241 5251 5250
f 5242 5243 5252
f 5242 5252 5251
f 5243 5244 5253
f 5243 5253 5252
f 5244 5245 5254
f 5244 5254 5253
f 5245 5246 5255
f 5245 5255 5254
f 5246 5247 5256
f 5246 5256 5255
f 5248 5249 5258
f 5248 5258 5257
f 5249 5250 5259
f 5249 5259 5258
f 5250 5251 5260
f 5250 5260 5259
f 5251 5252 5261
f 5251 5261 5260
f 5252 5253 5262
f 5252 5262 5261
f 5253 5254 5263
f 5253 5263 5262
f 5254 5255 5264
f 5254 5264 5263
f 5255 5256 5265
f 5255 5265 5264
f 5266 5267 5276
f 5266 5276 5275
f 5267 5268 5277
f 5267 5277 5276
f 5268 5269 5278
f 5268 5278 5277
f 5269 5270 5279
f 5269 5279 5278
f 5270 5271 5280
f 5270 5280 5279
f 5271 5272 5281
f 5271 5281 5280
f 5272 5273 5282
f 5272 5282 5281
f 5273 5274 5283
f 5273 5283 5282
f 5275 5276 5285
f 5275 5285 5284
f 5276 5277 5286
f 5276 5286 5285
f 5277 5278 5287
f 5277 5287 5286
f 5278 5279 5288
f 5278 5288 5287
f 5279 5280 5289
f 5279 5289 5288
f 5280 5281 5290
f 5280 5290 5289
f 5281 5282 5291
f 5281 5291 5290
f 5282 5283 5292
f 5282 5292 5291
f 5284 5285 5294
f 5284 5294 5293
f 5285 5286 5295
f 5285 5295 5294
f 5286 5287 5296
f 5286 5296 5295
f 5287 5288 5297
f 5287 5297 5296
f 5288 5289 5298
f 5288 5298 5297
f 5289 5290 5299
f 5289 5299 5298
f 5290 5291 5300
f 5290 5300 5299
f 5291 5292 5301
f 5291 5301 5300
f 5293 5294 5303
f 5293 5303 5302
f 5294 5295 5304
f 5294 5304 5303
f 5295 5296 5305
f 5295 5305 5304
f 5296 5297 5306
f 5296 5306 5305
f 5297 5298 5307
f 5297 5307 5306
f 5298 5299 5308
f 5298 5308 5307
f 5299 5300 5309
f 5299 5309 5308
f 5300 5301 5310
f 5300 5310 5309
f 5302 5303 5312
f 5302 5312 5311
f 5303 5304 5313
f 5303 5313 5312
f 5304 5305 5314
f 5304 5314 5313
f 5305 5306 5315
f 5305 5315 5314
f 5306 5307 5316
f 5306 5316 5315
f 5307 5308 5317
f 5307 5317 5316
f 5308 5309 5318
f 5308 5318 5317
f 5309 5310 5319
f 5309 5319 5318
f 5311 5312 5321
f 5311 5321 5320
f 5312 5313 5322
f 5312 5322 5321
f 5313 5314 5323
f 5313 5323 5322
f 5314 5315 5324
f 5314 5324 5323
f 5315 5316 5325
f 5315 5325 5324
f 5316 5317 5326
f 5316 5326 5325
f 5317 5318 5327
f 5317 5327 5326
f 5318 5319 5328
f 5318 5328 5327
f 5320 5321 5330
f 5320 5330 5329
f 5321 5322 5331
f 5321 5331 5330
f 5322 5323 5332
f 5322 5332 5331
f 5323 5324 5333
f 5323 5333 5332
f 5324 5325 5334
f 5324 5334 5333
f 5325 5326 5335
f 5325 5335 5334
f 5326 5327 5336
f 5326 5336 5335
f 5327 5328 5337
f 5327 5337 5336
f 5329 5330 5339
f 5329 5339 5338
f 5330 5331 5340
f 5330 5340 5339
f 5331 5332 5341
f 5331 5341 5340
f 5332 5333 5342
f 5332 5342 5341
f 5333 5334 5343
f 5333 5343 5342
f 5334 5335 5344
f 5334 5344 5343
f 5335 5336 5345
f 5335 5345 5344
f 5336 5337 5346
f 5336 5346 5345
g 바닥_11
v 0.0000 -0.1000 6.0000
v 0.0000 -0.0750 6.0000
v 0.0000 -0.0500 6.0000
v 0.0000 -0.0250 6.0000
v 0.0000 0.0000 6.0000
v 0.0000 0.0250 6.0000
v 0.0000 0.0500 6.0000
v 0.0000 0.0750 6.0000
v 0.0000 0.1000 6.0000
v 0.3750 -0.1000 6.0000
v 0.3750 -0.0750 6.0000
v 0.3750 -0.0500 6.0000
v 0.3750 -0.0250 6.0000
v 0.3750 0.0000 6.0000
v 0.3750 0.0250 6.0000
v 0.3750 0.0500 6.0000
v 0.3750 0.0750 6.0000
v 0.3750 0.1000 6.0000
v 0.7500 -0.1000 6.0000
v 0.7500 -0.0750 6.0000
v 0.7500 -0.0500 6.0000
v 0.7500 -0.0250 6.0000
v 0.7500 0.0000 6.0000
v 0.7500 0.0250 6.0000
v 0.7500 0.0500 6.0000
v 0.7500 0.0750 6.0000
v 0.7500 0.1000 6.0000
v 1.1250 -0.1000 6.0000
v 1.1250 -0.0750 6.0000
v 1.1250 -0.0500 6.0000
v 1.1250 -0.0250 6.0000
v 1.1250 0.0000 6.0000
v 1.1250 0.0250 6.0000
v 1.1250 0.0500 6.0000
v 1.1250 0.0750 6.0000
v 1.1250 0.1000 6.0000
v 1.5000 -0.1000 6.0000
v 1.5000 -0.0750 6.0000
v 1.5000 -0.0500 6.0000
v 1.5000 -0.0250 6.0000
v 1.5000 0.0000 6.0000
v 1.5000 0.0250 6.0000
v 1.5000 0.0500 6.0000
v 1.5000 0.0750 6.0000
v 1.5000 0.1000 6.0000
v 1.8750 -0.1000 6.0000
v 1.8750 -0.0750 6.0000
v 1.8750 -0.0500 6.0000
v 1.8750 -0.0250 6.0000
v 1.8750 0.0000 6.0000
v 1.8750 0.0250 6.0000
v 1.8750 0.0500 6.0000
v 1.8750 0.0750 6.0000
v 1.8750 0.1000 6.0000
v 2.2500 -0.1000 6.0000
v 2.2500 -0.0750 6.0000
v 2.2500 -0.0500 6.0000
v 2.2500 -0.0250 6.0000
v 2.2500 0.0000 6.0000
v 2.2500 0.0250 6.0000
v 2.2500 0.0500 6.0000
v 2.2500 0.0750 6.0000
v 2.2500 0.1000 6.0000
v 2.6250 -0.1000 6.0000
v 2.6250 -0.0750 6.0000
v 2.6250 -0.0500 6.0000
v 2.6250 -0.0250 6.0000
v 2.6250 0.0000 6.0000
v 2.6250 0.0250 6.0000
v 2.6250 0.0500 6.0000
v 2.6250 0.0750 6.0000
v 2.6250 0.1000 6.0000
v 3.0000 -0.1000 6.0000
v 3.0000 -0.0750 6.0000
v 3.0000 -0.0500 6.0000
v 3.0000 -0.0250 6.0000
v 3.0000 0.0000 6.0000
v 3.0000 0.0250 6.0000
v 3.0000 0.0500 6.0000
v 3.0000 0.0750 6.0000
v 3.0000 0.1000 6.0000
v 3.0000 -0.1000 3.0000
v 3.0000 -0.0750 3.0000
v 3.0000 -0.0500 3.0000
v 3.0000 -0.0250 3.0000
v 3.0000 0.0000 3.0000
v 3.0000 0.0250 3.0000
v 3.0000 0.0500 3.0000
v 3.0000 0.0750 3.0000
v 3.0000 0.1000 3.0000
v 2.6250 -0.1000 3.0000
v 2.6250 -0.0750 3.0000
v 2.6250 -0.0500 3.0000
v 2.6250 -0.0250 3.0000
v 2.6250 0.0000 3.0000
v 2.6250 0.0250 3.0000
v 2.6250 0.0500 3.0000
v 2.6250 0.0750 3.0000
v 2.6250 0.1000 3.0000
v 2.2500 -0.1000 3.0000
v 2.2500 -0.0750 3.0000
v 2.2500 -0.0500 3.0000
v 2.2500 -0.0250 3.0000
v 2.2500 0.0000 3.0000
v 2.2500 0.0250 3.0000
v 2.2500 0.0500 3.0000
v 2.2500 0.0750 3.0000
v 2.2500 0.1000 3.0000
v 1.8750 -0.1000 3.0000
v 1.8750 -0.0750 3.0000
v 1.8750 -0.0500 3.0000
v 1.8750 -0.0250 3.0000
v 1.8750 0.0000 3.0000
v 1.8750 0.0250 3.0000
v 1.8750 0.0500 3.0000
v 1.8750 0.0750 3.0000
v 1.8750 0.1000 3.0000
v 1.5000 -0.1000 3.0000
v 1.5000 -0.0750 3.0000
v 1.5000 -0.0500 3.0000
v 1.5000 -0.0250 3.0000
v 1.5000 0.0000 3.0000
v 1.5000 0.0250 3.0000
v 1.5000 0.0500 3.0000
v 1.5000 0.0750 3.0000
v 1.5000 0.1000 3.0000
v 1.1250 -0.1000 3.0000
v 1.1250 -0.0750 3.0000
v 1.1250 -0.0500 3.0000
v 1.1250 -0.0250 3.0000
v 1.1250 0.0000 3.0000
v 1.1250 0.0250 3.0000
v 1.1250 0.0500 3.0000
v 1.1250 0.0750 3.0000
v 1.1250 0.1000 3.0000
v 0.7500 -0.1000 3.0000
v 0.7500 -0.0750 3.0000
v 0.7500 -0.0500 3.0000
v 0.7500 -0.0250 3.0000
v 0.7500 0.0000 3.0000
v 0.7500 0.0250 3.0000
v 0.7500 0.0500 3.0000
v 0.7500 0.0750 3.0000
v 0.7500 0.1000 3.0000
v 0.3750 -0.1000 3.0000
v 0.3750 -0.0750 3.0000
v 0.3750 -0.0500 3.0000
v 0.3750 -0.0250 3.0000
v 0.3750 0.0000 3.0000
v 0.3750 0.0250 3.0000
v 0.3750 0.0500 3.0000
v 0.3750 0.0750 3.0000
v 0.3750 0.1000 3.0000
v 0.0000 -0.1000 3.0000
v 0.0000 -0.0750 3.0000
v 0.0000 -0.0500 3.0000
v 0.0000 -0.0250 3.0000
v 0.0000 0.0000 3.0000
v 0.0000 0.0250 3.0000
v 0.0000 0.0500 3.0000
v 0.0000 0.0750 3.0000
v 0.0000 0.1000 3.0000
v 0.0000 -0.1000 3.0000
v 0.0000 -0.0750 3.0000
v 0.0000 -0.0500 3.0000
v 0.0000 -0.0250 3.0000
v 0.0000 0.0000 3.0000
v 0.0000 0.0250 3.0000
v 0.0000 0.0500 3.0000
v 0.0000 0.0750 3.0000
v 0.0000 0.1000 3.0000
v 0.0000 -0.1000 3.3750
v 0.0000 -0.0750 3.3750
v 0.0000 -0.0500 3.3750
v 0.0000 -0.0250 3.3750
v 0.0000 0.0000 3.3750
v 0.0000 0.0250 3.3750
v 0.0000 0.0500 3.3750
v 0.0000 0.0750 3.3750
v 0.0000 0.1000 3.3750
v 0.0000 -0.1000 3.7500
v 0.0000 -0.0750 3.7500
v 0.0000 -0.0500 3.7500
v 0.0000 -0.0250 3.7500
v 0.0000 0.0000 3.7500
v 0.0000 0.0250 3.7500
v 0.0000 0.0500 3.7500
v 0.0000 0.0750 3.7500
v 0.0000 0.1000 3.7500
v 0.0000 -0.1000 4.1250
v 0.0000 -0.0750 4.1250
v 0.0000 -0.0500 4.1250
v 0.0000 -0.0250 4.1250
v 0.0000 0.0000 4.1250
v 0.0000 0.0250 4.1250
v 0.0000 0.0500 4.1250
v 0.0000 0.0750 4.1250
v 0.0000 0.1000 4.1250
v 0.0000 -0.1000 4.5000
v 0.0000 -0.0750 4.5000
v 0.0000 -0.0500 4.5000
v 0.0000 -0.0250 4.5000
v 0.0000 0.0000 4.5000
v 0.0000 0.0250 4.5000
v 0.0000 0.0500 4.5000
v 0.0000 0.0750 4.5000
v 0.0000 0.1000 4.5000
v 0.0000 -0.1000 4.8750
v 0.0000 -0.0750 4.8750
v 0.0000 -0.0500 4.8750
v 0.0000 -0.0250 4.8750
v 0.0000 0.0000 4.8750
v 0.0000 0.0250 4.8750
v 0.0000 0.0500 4.8750
v 0.0000 0.0750 4.8750
v 0.0000 0.1000 4.8750
v 0.0000 -0.1000 5.2500
v 0.0000 -0.0750 5.2500
v 0.0000 -0.0500 5.2500
v 0.0000 -0.0250 5.2500
v 0.0000 0.0000 5.2500
v 0.0000 0.0250 5.2500
v 0.0000 0.0500 5.2500
v 0.0000 0.0750 5.2500
v 0.0000 0.1000 5.2500
v 0.0000 -0.1000 5.6250
v 0.0000 -0.0750 5.6250
v 0.0000 -0.0500 5.6250
v 0.0000 -0.0250 5.6250
v 0.0000 0.0000 5.6250
v 0.0000 0.0250 5.6250
v 0.0000 0.0500 5.6250
v 0.0000 0.0750 5.6250
v 0.0000 0.1000 5.6250
v 0.0000 -0.1000 6.0000
v 0.0000 -0.0750 6.0000
v 0.0000 -0.0500 6.0000
v 0.0000 -0.0250 6.0000
v 0.0000 0.0000 6.0000
v 0.0000 0.0250 6.0000
v 0.0000 0.0500 6.0000
v 0.0000 0.0750 6.0000
v 0.0000 0.1000 6.0000
v 3.0000 -0.1000 6.0000
v 3.0000 -0.0750 6.0000
v 3.0000 -0.0500 6.0000
v 3.0000 -0.0250 6.0000
v 3.0000 0.0000 6.0000
v 3.0000 0.0250 6.0000
v 3.0000 0.0500 6.0000
v 3.0000 0.0750 6.0000
v 3.0000 0.1000 6.0000
v 3.0000 -0.1000 5.6250
v 3.0000 -0.0750 5.6250
v 3.0000 -0.0500 5.6250
v 3.0000 -0.0250 5.6250
v 3.0000 0.0000 5.6250
v 3.0000 0.0250 5.6250
v 3.0000 0.0500 5.6250
v 3.0000 0.0750 5.6250
v 3.0000 0.1000 5.6250
v 3.0000 -0.1000 5.2500
v 3.0000 -0.0750 5.2500
v 3.0000 -0.0500 5.2500
v 3.0000 -0.0250 5.2500
v 3.0000 0.0000 5.2500
v 3.0000 0.0250 5.2500
v 3.0000 0.0500 5.2500
v 3.0000 0.0750 5.2500
v 3.0000 0.1000 5.2500
v 3.0000 -0.1000 4.8750
v 3.0000 -0.0750 4.8750
v 3.0000 -0.0500 4.8750
v 3.0000 -0.0250 4.8750
v 3.0000 0.0000 4.8750
v 3.0000 0.0250 4.8750
v 3.0000 0.0500 4.8750
v 3.0000 0.0750 4.8750
v 3.0000 0.1000 4.8750
v 3.0000 -0.1000 4.5000
v 3.0000 -0.0750 4.5000
v 3.0000 -0.0500 4.5000
v 3.0000 -0.0250 4.5000
v 3.0000 0.0000 4.5000
v 3.0000 0.0250 4.5000
v 3.0000 0.0500 4.5000
v 3.0000 0.0750 4.5000
v 3.0000 0.1000 4.5000
v 3.0000 -0.1000 4.1250
v 3.0000 -0.0750 4.1250
v 3.0000 -0.0500 4.1250
v 3.0000 -0.0250 4.1250
v 3.0000 0.0000 4.1250
v 3.0000 0.0250 4.1250
v 3.0000 0.0500 4.1250
v 3.0000 0.0750 4.1250
v 3.0000 0.1000 4.1250
v 3.0000 -0.1000 3.7500
v 3.0000 -0.0750 3.7500
v 3.0000 -0.0500 3.7500
v 3.0000 -0.0250 3.7500
v 3.0000 0.0000 3.7500
v 3.0000 0.0250 3.7500
v 3.0000 0.0500 3.7500
v 3.0000 0.0750 3.7500
v 3.0000 0.1000 3.7500
v 3.0000 -0.1000 3.3750
v 3.0000 -0.0750 3.3750
v 3.0000 -0.0500 3.3750
v 3.0000 -0.0250 3.3750
v 3.0000 0.0000 3.3750
v 3.0000 0.0250 3.3750
v 3.0000 0.0500 3.3750
v 3.0000 0.0750 3.3750
v 3.0000 0.1000 3.3750
v 3.0000 -0.1000 3.0000
v 3.0000 -0.0750 3.0000
v 3.0000 -0.0500 3.0000
v 3.0000 -0.0250 3.0000
v 3.0000 0.0000 3.0000
v 3.0000 0.0250 3.0000
v 3.0000 0.0500 3.0000
v 3.0000 0.0750 3.0000
v 3.0000 0.1000 3.0000
v 0.0000 0.1000 3.0000
v 0.0000 0.1000 3.3750
v 0.0000 0.1000 3.7500
v 0.0000 0.1000 4.1250
v 0.0000 0.1000 4.5000
v 0.0000 0.1000 4.8750
v 0.0000 0.1000 5.2500
v 0.0000 0.1000 5.6250
v 0.0000 0.1000 6.0000
v 0.3750 0.1000 3.0000
v 0.3750 0.1000 3.3750
v 0.3750 0.1000 3.7500
v 0.3750 0.1000 4.1250
v 0.3750 0.1000 4.5000
v 0.3750 0.1000 4.8750
v 0.3750 0.1000 5.2500
v 0.3750 0.1000 5.6250
v 0.3750 0.1000 6.0000
v 0.7500 0.1000 3.0000
v 0.7500 0.1000 3.3750
v 0.7500 0.1000 3.7500
v 0.7500 0.1000 4.1250
v 0.7500 0.1000 4.5000
v 0.7500 0.1000 4.8750
v 0.7500 0.1000 5.2500
v 0.7500 0.1000 5.6250
v 0.7500 0.1000 6.0000
v 1.1250 0.1000 3.0000
v 1.1250 0.1000 3.3750
v 1.1250 0.1000 3.7500
v 1.1250 0.1000 4.1250
v 1.1250 0.1000 4.5000
v 1.1250 0.1000 4.8750
v 1.1250 0.1000 5.2500
v 1.1250 0.1000 5.6250
v 1.1250 0.1000 6.0000
v 1.5000 0.1000 3.0000
v 1.5000 0.1000 3.3750
v 1.5000 0.1000 3.7500
v 1.5000 0.1000 4.1250
v 1.5000 0.1000 4.5000
v 1.5000 0.1000 4.8750
v 1.5000 0.1000 5.2500
v 1.5000 0.1000 5.6250
v 1.5000 0.1000 6.0000
v 1.8750 0.1000 3.0000
v 1.8750 0.1000 3.3750
v 1.8750 0.1000 3.7500
v 1.8750 0.1000 4.1250
v 1.8750 0.1000 4.5000
v 1.8750 0.1000 4.8750
v 1.8750 0.1000 5.2500
v 1.8750 0.1000 5.6250
v 1.8750 0.1000 6.0000
v 2.2500 0.1000 3.0000
v 2.2500 0.1000 3.3750
v 2.2500 0.1000 3.7500
v 2.2500 0.1000 4.1250
v 2.2500 0.1000 4.5000
v 2.2500 0.1000 4.8750
v 2.2500 0.1000 5.2500
v 2.2500 0.1000 5.6250
v 2.2500 0.1000 6.0000
v 2.6250 0.1000 3.0000
v 2.6250 0.1000 3.3750
v 2.6250 0.1000 3.7500
v 2.6250 0.1000 4.1250
v 2.6250 0.1000 4.5000
v 2.6250 0.1000 4.8750
v 2.6250 0.1000 5.2500
v 2.6250 0.1000 5.6250
v 2.6250 0.1000 6.0000
v 3.0000 0.1000 3.0000
v 3.0000 0.1000 3.3750
v 3.0000 0.1000 3.7500
v 3.0000 0.1000 4.1250
v 3.0000 0.1000 4.5000
v 3.0000 0.1000 4.8750
v 3.0000 0.1000 5.2500
v 3.0000 0.1000 5.6250
v 3.0000 0.1000 6.0000
v 0.0000 -0.1000 6.0000
v 0.0000 -0.1000 5.6250
v 0.0000 -0.1000 5.2500
v 0.0000 -0.1000 4.8750
v 0.0000 -0.1000 4.5000
v 0.0000 -0.1000 4.1250
v 0.0000 -0.1000 3.7500
v 0.0000 -0.1000 3.3750
v 0.0000 -0.1000 3.0000
v 0.3750 -0.1000 6.0000
v 0.3750 -0.1000 5.6250
v 0.3750 -0.1000 5.2500
v 0.3750 -0.1000 4.8750
v 0.3750 -0.1000 4.5000
v 0.3750 -0.1000 4.1250
v 0.3750 -0.1000 3.7500
v 0.3750 -0.1000 3.3750
v 0.3750 -0.1000 3.0000
v 0.7500 -0.1000 6.0000
v 0.7500 -0.1000 5.6250
v 0.7500 -0.1000 5.2500
v 0.7500 -0.1000 4.8750
v 0.7500 -0.1000 4.5000
v 0.7500 -0.1000 4.1250
v 0.7500 -0.1000 3.7500
v 0.7500 -0.1000 3.3750
v 0.7500 -0.1000 3.0000
v 1.1250 -0.1000 6.0000
v 1.1250 -0.1000 5.6250
v 1.1250 -0.1000 5.2500
v 1.1250 -0.1000 4.8750
v 1.1250 -0.1000 4.5000
v 1.1250 -0.1000 4.1250
v 1.1250 -0.1000 3.7500
v 1.1250 -0.1000 3.3750
v 1.1250 -0.1000 3.0000
v 1.5000 -0.1000 6.0000
v 1.5000 -0.1000 5.6250
v 1.5000 -0.1000 5.2500
v 1.5000 -0.1000 4.8750
v 1.5000 -0.1000 4.5000
v 1.5000 -0.1000 4.1250
v 1.5000 -0.1000 3.7500
v 1.5000 -0.1000 3.3750
v 1.5000 -0.1000 3.0000
v 1.8750 -0.1000 6.0000
v 1.8750 -0.1000 5.6250
v 1.8750 -0.1000 5.2500
v 1.8750 -0.1000 4.8750
v 1.8750 -0.1000 4.5000
v 1.8750 -0.1000 4.1250
v 1.8750 -0.1000 3.7500
v 1.8750 -0.1000 3.3750
v 1.8750 -0.1000 3.0000
v 2.2500 -0.1000 6.0000
v 2.2500 -0.1000 5.6250
v 2.2500 -0.1000 5.2500
v 2.2500 -0.1000 4.8750
v 2.2500 -0.1000 4.5000
v 2.2500 -0.1000 4.1250
v 2.2500 -0.1000 3.7500
v 2.2500 -0.1000 3.3750
v 2.2500 -0.1000 3.0000
v 2.6250 -0.1000 6.0000
v 2.6250 -0.1000 5.6250
v 2.6250 -0.1000 5.2500
v 2.6250 -0.1000 4.8750
v 2.6250 -0.1000 4.5000
v 2.6250 -0.1000 4.1250
v 2.6250 -0.1000 3.7500
v 2.6250 -0.1000 3.3750
v 2.6250 -0.1000 3.0000
v 3.0000 -0.1000 6.0000
v 3.0000 -0.1000 5.6250
v 3.0000 -0.1000 5.2500
v 3.0000 -0.1000 4.8750
v 3.0000 -0.1000 4.5000
v 3.0000 -0.1000 4.1250
v 3.0000 -0.1000 3.7500
v 3.0000 -0.1000 3.3750
v 3.0000 -0.1000 3.0000
f 5347 5348 5357
f 5347 5357 5356
f 5348 5349 5358
f 5348 5358 5357
f 5349 5350 5359
f 5349 5359 5358
f 5350 5351 5360
f 5350 5360 5359
f 5351 5352 5361
f 5351 5361 5360
f 5352 5353 5362
f 5352 5362 5361
f 5353 5354 5363
f 5353 5363 5362
f 5354 5355 5364
f 5354 5364 5363
f 5356 5357 5366
f 5356 5366 5365
f 5357 5358 5367
f 5357 5367 5366
f 5358 5359 5368
f 5358 5368 5367
f 5359 5360 5369
f 5359 5369 5368
f 5360 5361 5370
f 5360 5370 5369
f 5361 5362 5371
f 5361 5371 5370
f 5362 5363 5372
f 5362 5372 5371
f 5363 5364 5373
f 5363 5373 5372
f 5365 5366 5375
f 5365 5375 5374
f 5366 5367 5376
f 5366 5376 5375
f 5367 5368 5377
f 5367 5377 5376
f 5368 5369 5378
f 5368 5378 5377
f 5369 5370 5379
f 5369 5379 5378
f 5370 5371 5380
f 5370 5380 5379
f 5371 5372 5381
f 5371 5381 5380
f 5372 5373 5382
f 5372 5382 5381
f 5374 5375 5384
f 5374 5384 5383
f 5375 5376 5385
f 5375 5385 5384
f 5376 5377 5386
f 5376 5386 5385
f 5377 5378 5387
f 5377 5387 5386
f 5378 5379 5388
f 5378 5388 5387
f 5379 5380 5389
f 5379 5389 5388
f 5380 5381 5390
f 5380 5390 5389
f 5381 5382 5391
f 5381 5391 5390
f 5383 5384 5393
f 5383 5393 5392
f 5384 5385 5394
f 5384 5394 5393
f 5385 5386 5395
f 5385 5395 5394
f 5386 5387 5396
f 5386 5396 5395
f 5387 5388 5397
f 5387 5397 5396
f 5388 5389 5398
f 5388 5398 5397
f 5389 5390 5399
f 5389 5399 5398
f 5390 5391 5400
f 5390 5400 5399
f 5392 5393 5402
f 5392 5402 5401
f 5393 5394 5403
f 5393 5403 5402
f 5394 5395 5404
f 5394 5404 5403
f 5395 5396 5405
f 5395 5405 5404
f 5396 5397 5406
f 5396 5406 5405
f 5397 5398 5407
f 5397 5407 5406
f 5398 5399 5408
f 5398 5408 5407
f 5399 5400 5409
f 5399 5409 5408
f 5401 5402 5411
f 5401 5411 5410
f 5402 5403 5412
f 5402 5412 5411
f 5403 5404 5413
f 5403 5413 5412
f 5404 5405 5414
f 5404 5414 5413
f 5405 5406 5415
f 5405 5415 5414
f 5406 5407 5416
f 5406 5416 5415
f 5407 5408 5417
f 5407 5417 5416
f 5408 5409 5418
f 5408 5418 5417
f 5410 5411 5420
f 5410 5420 5419
f 5411 5412 5421
f 5411 5421 5420
f 5412 5413 5422
f 5412 5422 5421
f 5413 5414 5423
f 5413 5423 5422
f 5414 5415 5424
f 5414 5424 5423
f 5415 5416 5425
f 5415 5425 5424
f 5416 5417 5426
f 5416 5426 5425
f 5417 5418 5427
f 5417 5427 5426
f 5428 5429 5438
f 5428 5438 5437
f 5429 5430 5439
f 5429 5439 5438
f 5430 5431 5440
f 5430 5440 5439
f 5431 5432 5441
f 5431 5441 5440
f 5432 5433 5442
f 5432 5442 5441
f 5433 5434 5443
f 5433 5443 5442
f 5434 5435 5444
f 5434 5444 5443
f 5435 5436 5445
f 5435 5445 5444
f 5437 5438 5447
f 5437 5447 5446
f 5438 5439 5448
f 5438 5448 5447
f 5439 5440 5449
f 5439 5449 5448
f 5440 5441 5450
f 5440 5450 5449
f 5441 5442 5451
f 5441 5451 5450
f 5442 5443 5452
f 5442 5452 5451
f 5443 5444 5453
f 5443 5453 5452
f 5444 5445 5454
f 5444 5454 5453
f 5446 5447 5456
f 5446 5456 5455
f 5447 5448 5457
f 5447 5457 5456
f 5448 5449 5458
f 5448 5458 5457
f 5449 5450 5459
f 5449 5459 5458
f 5450 5451 5460
f 5450 5460 5459
f 5451 5452 5461
f 5451 5461 5460
f 5452 5453 5462
f 5452 5462 5461
f 5453 5454 5463
f 5453 5463 5462
f 5455 5456 5465
f 5455 5465 5464
f 5456 5457 5466
f 5456 5466 5465
f 5457 5458 5467
f 5457 5467 5466
f 5458 5459 5468
f 5458 5468 5467
f 5459 5460 5469
f 5459 5469 5468
f 5460 5461 5470
f 5460 5470 5469
f 5461 5462 5471
f 5461 5471 5470
f 5462 5463 5472
f 5462 5472 5471
f 5464 5465 5474
f 5464 5474 5473
f 5465 5466 5475
f 5465 5475 5474
f 5466 5467 5476
f 5466 5476 5475
f 5467 5468 5477
f 5467 5477 5476
f 5468 5469 5478
f 5468 5478 5477
f 5469 5470 5479
f 5469 5479 5478
f 5470 5471 5480
f 5470 5480 5479
f 5471 5472 5481
f 5471 5481 5480
f 5473 5474 5483
f 5473 5483 5482
f 5474 5475 5484
f 5474 5484 5483
f 5475 5476 5485
f 5475 5485 5484
f 5476 5477 5486
f 5476 5486 5485
f 5477 5478 5487
f 5477 5487 5486
f 5478 5479 5488
f 5478 5488 5487
f 5479 5480 5489
f 5479 5489 5488
f 5480 5481 5490
f 5480 5490 5489
f 5482 5483 5492
f 5482 5492 5491
f 5483 5484 5493
f 5483 5493 5492
f 5484 5485 5494
f 5484 5494 5493
f 5485 5486 5495
f 5485 5495 5494
f 5486 5487 5496
f 5486 5496 5495
f 5487 5488 5497
f 5487 5497 5496
f 5488 5489 5498
f 5488 5498 5497
f 5489 5490 5499
f 5489 5499 5498
f 5491 5492 5501
f 5491 5501 5500
f 5492 5493 5502
f 5492 5502 5501
f 5493 5494 5503
f 5493 5503 5502
f 5494 5495 5504
f 5494 5504 5503
f 5495 5496 5505
f 5495 5505 5504
f 5496 5497 5506
f 5496 5506 5505
f 5497 5498 5507
f 5497 5507 5506
f 5498 5499 5508
f 5498 5508 5507
f 5509 5510 5519
f 5509 5519 5518
f 5510 5511 5520
f 5510 5520 5519
f 5511 5512 5521
f 5511 5521 5520
f 5512 5513 5522
f 5512 5522 5521
f 5513 5514 5523
f 5513 5523 5522
f 5514 5515 5524
f 5514 5524 5523
f 5515 5516 5525
f 5515 5525 5524
f 5516 5517 5526
f 5516 5526 5525
f 5518 5519 5528
f 5518 5528 5527
f 5519 5520 5529
f 5519 5529 5528
f 5520 5521 5530
f 5520 5530 5529
f 5521 5522 5531
f 5521 5531 5530
f 5522 5523 5532
f 5522 5532 5531
f 5523 5524 5533
f 5523 5533 5532
f 5524 5525 5534
f 5524 5534 5533
f 5525 5526 5535
f 5525 5535 5534
f 5527 5528 5537
f 5527 5537 5536
f 5528 5529 5538
f 5528 5538 5537
f 5529 5530 5539
f 5529 5539 5538
f 5530 5531 5540
f 5530 5540 5539
f 5531 5532 5541
f 5531 5541 5540
f 5532 5533 5542
f 5532 5542 5541
f 5533 5534 5543
f 5533 5543 5542
f 5534 5535 5544
f 5534 5544 5543
f 5536 5537 5546
f 5536 5546 5545
f 5537 5538 5547
f 5537 5547 5546
f 5538 5539 5548
f 5538 5548 5547
f 5539 5540 5549
f 5539 5549 5548
f 5540 5541 5550
f 5540 5550 5549
f 5541 5542 5551
f 5541 5551 5550
f 5542 5543 5552
f 5542 5552 5551
f 5543 5544 5553
f 5543 5553 5552
f 5545 5546 5555
f 5545 5555 5554
f 5546 5547 5556
f 5546 5556 5555
f 5547 5548 5557
f 5547 5557 5556
f 5548 5549 5558
f 5548 5558 5557
f 5549 5550 5559
f 5549 5559 5558
f 5550 5551 5560
f 5550 5560 5559
f 5551 5552 5561
f 5551 5561 5560
f 5552 5553 5562
f 5552 5562 5561
f 5554 5555 5564
f 5554 5564 5563
f 5555 5556 5565
f 5555 5565 5564
f 5556 5557 5566
f 5556 5566 5565
f 5557 5558 5567
f 5557 5567 5566
f 5558 5559 5568
f 5558 5568 5567
f 5559 5560 5569
f 5559 5569 5568
f 5560 5561 5570
f 5560 5570 5569
f 5561 5562 5571
f 5561 5571 5570
f 5563 5564 5573
f 5563 5573 5572
f 5564 5565 5574
f 5564 5574 5573
f 5565 5566 5575
f 5565 5575 5574
f 5566 5567 5576
f 5566 5576 5575
f 5567 5568 5577
f 5567 5577 5576
f 5568 5569 5578
f 5568 5578 5577
f 5569 5570 5579
f 5569 5579 5578
f 5570 5571 5580
f 5570 5580 5579
f 5572 5573 5582
f 5572 5582 5581
f 5573 5574 5583
f 5573 5583 5582
f 5574 5575 5584
f 5574 5584 5583
f 5575 5576 5585
f 5575 5585 5584
f 5576 5577 5586
f 5576 5586 5585
f 5577 5578 5587
f 5577 5587 5586
f 5578 5579 5588
f 5578 5588 5587
f 5579 5580 5589
f 5579 5589 5588
f 5590 5591 5600
f 5590 5600 5599
f 5591 5592 5601
f 5591 5601 5600
f 5592 5593 5602
f 5592 5602 5601
f 5593 5594 5603
f 5593 5603 5602
f 5594 5595 5604
f 5594 5604 5603
f 5595 5596 5605
f 5595 5605 5604
f 5596 5597 5606
f 5596 5606 5605
f 5597 5598 5607
f 5597 5607 5606
f 5599 5600 5609
f 5599 5609 5608
f 5600 5601 5610
f 5600 5610 5609
f 5601 5602 5611
f 5601 5611 5610
f 5602 5603 5612
f 5602 5612 5611
f 5603 5604 5613
f 5603 5613 5612
f 5604 5605 5614
f 5604 5614 5613
f 5605 5606 5615
f 5605 5615 5614
f 5606 5607 5616
f 5606 5616 5615
f 5608 5609 5618
f 5608 5618 5617
f 5609 5610 5619
f 5609 5619 5618
f 5610 5611 5620
f 5610 5620 5619
f 5611 5612 5621
f 5611 5621 5620
f 5612 5613 5622
f 5612 5622 5621
f 5613 5614 5623
f 5613 5623 5622
f 5614 5615 5624
f 5614 5624 5623
f 5615 5616 5625
f 5615 5625 5624
f 5617 5618 5627
f 5617 5627 5626
f 5618 5619 5628
f 5618 5628 5627
f 5619 5620 5629
f 5619 5629 5628
f 5620 5621 5630
f 5620 5630 5629
f 5621 5622 5631
f 5621 5631 5630
f 5622 5623 5632
f 5622 5632 5631
f 5623 5624 5633
f 5623 5633 5632
f 5624 5625 5634
f 5624 5634 5633
f 5626 5627 5636
f 5626 5636 5635
f 5627 5628 5637
f 5627 5637 5636
f 5628 5629 5638
f 5628 5638 5637
f 5629 5630 5639
f 5629 5639 5638
f 5630 5631 5640
f 5630 5640 5639
f 5631 5632 5641
f 5631 5641 5640
f 5632 5633 5642
f 5632 5642 5641
f 5633 5634 5643
f 5633 5643 5642
f 5635 5636 5645
f 5635 5645 5644
f 5636 5637 5646
f 5636 5646 5645
f 5637 5638 5647
f 5637 5647 5646
f 5638 5639 5648
f 5638 5648 5647
f 5639 5640 5649
f 5639 5649 5648
f 5640 5641 5650
f 5640 5650 5649
f 5641 5642 5651
f 5641 5651 5650
f 5642 5643 5652
f 5642 5652 5651
f 5644 5645 5654
f 5644 5654 5653
f 5645 5646 5655
f 5645 5655 5654
f 5646 5647 5656
f 5646 5656 5655
f 5647 5648 5657
f 5647 5657 5656
f 5648 5649 5658
f 5648 5658 5657
f 5649 5650 5659
f 5649 5659 5658
f 5650 5651 5660
f 5650 5660 5659
f 5651 5652 5661
f 5651 5661 5660
f 5653 5654 5663
f 5653 5663 5662
f 5654 5655 5664
f 5654 5664 5663
f 5655 5656 5665
f 5655 5665 5664
f 5656 5657 5666
f 5656 5666 5665
f 5657 5658 5667
f 5657 5667 5666
f 5658 5659 5668
f 5658 5668 5667
f 5659 5660 5669
f 5659 5669 5668
f 5660 5661 5670
f 5660 5670 5669
f 5671 5672 5681
f 5671 5681 5680
f 5672 5673 5682
f 5672 5682 5681
f 5673 5674 5683
f 5673 5683 5682
f 5674 5675 5684
f 5674 5684 5683
f 5675 5676 5685
f 5675 5685 5684
f 5676 5677 5686
f 5676 5686 5685
f 5677 5678 5687
f 5677 5687 5686
f 5678 5679 5688
f 5678 5688 5687
f 5680 5681 5690
f 5680 5690 5689
f 5681 5682 5691
f 5681 5691 5690
f 5682 5683 5692
f 5682 5692 5691
f 5683 5684 5693
f 5683 5693 5692
f 5684 5685 5694
f 5684 5694 5693
f 5685 5686 5695
f 5685 5695 5694
f 5686 5687 5696
f 5686 5696 5695
f 5687 5688 5697
f 5687 5697 5696
f 5689 5690 5699
f 5689 5699 5698
f 5690 5691 5700
f 5690 5700 5699
f 5691 5692 5701
f 5691 5701 5700
f 5692 5693 5702
f 5692 5702 5701
f 5693 5694 5703
f 5693 5703 5702
f 5694 5695 5704
f 5694 5704 5703
f 5695 5696 5705
f 5695 5705 5704
f 5696 5697 5706
f 5696 5706 5705
f 5698 5699 5708
f 5698 5708 5707
f 5699 5700 5709
f 5699 5709 5708
f 5700 5701 5710
f 5700 5710 5709
f 5701 5702 5711
f 5701 5711 5710
f 5702 5703 5712
f 5702 5712 5711
f 5703 5704 5713
f 5703 5713 5712
f 5704 5705 5714
f 5704 5714 5713
f 5705 5706 5715
f 5705 5715 5714
f 5707 5708 5717
f 5707 5717 5716
f 5708 5709 5718
f 5708 5718 5717
f 5709 5710 5719
f 5709 5719 5718
f 5710 5711 5720
f 5710 5720 5719
f 5711 5712 5721
f 5711 5721 5720
f 5712 5713 5722
f 5712 5722 5721
f 5713 5714 5723
f 5713 5723 5722
f 5714 5715 5724
f 5714 5724 5723
f 5716 5717 5726
f 5716 5726 5725
f 5717 5718 5727
f 5717 5727 5726
f 5718 5719 5728
f 5718 5728 5727
f 5719 5720 5729
f 5719 5729 5728
f 5720 5721 5730
f 5720 5730 5729
f 5721 5722 5731
f 5721 5731 5730
f 5722 5723 5732
f 5722 5732 5731
f 5723 5724 5733
f 5723 5733 5732
f 5725 5726 5735
f 5725 5735 5734
f 5726 5727 5736
f 5726 5736 5735
f 5727 5728 5737
f 5727 5737 5736
f 5728 5729 5738
f 5728 5738 5737
f 5729 5730 5739
f 5729 5739 5738
f 5730 5731 5740
f 5730 5740 5739
f 5731 5732 5741
f 5731 5741 5740
f 5732 5733 5742
f 5732 5742 5741
f 5734 5735 5744
f 5734 5744 5743
f 5735 5736 5745
f 5735 5745 5744
f 5736 5737 5746
f 5736 5746 5745
f 5737 5738 5747
f 5737 5747 5746
f 5738 5739 5748
f 5738 5748 5747
f 5739 5740 5749
f 5739 5749 5748
f 5740 5741 5750
f 5740 5750 5749
f 5741 5742 5751
f 5741 5751 5750
f 5752 5753 5762
f 5752 5762 5761
f 5753 5754 5763
f 5753 5763 5762
f 5754 5755 5764
f 5754 5764 5763
f 5755 5756 5765
f 5755 5765 5764
f 5756 5757 5766
f 5756 5766 5765
f 5757 5758 5767
f 5757 5767 5766
f 5758 5759 5768
f 5758 5768 5767
f 5759 5760 5769
f 5759 5769 5768
f 5761 5762 5771
f 5761 5771 5770
f 5762 5763 5772
f 5762 5772 5771
f 5763 5764 5773
f 5763 5773 5772
f 5764 5765 5774
f 5764 5774 5773
f 5765 5766 5775
f 5765 5775 5774
f 5766 5767 5776
f 5766 5776 5775
f 5767 5768 5777
f 5767 5777 5776
f 5768 5769 5778
f 5768 5778 5777
f 5770 5771 5780
f 5770 5780 5779
f 5771 5772 5781
f 5771 5781 5780
f 5772 5773 5782
f 5772 5782 5781
f 5773 5774 5783
f 5773 5783 5782
f 5774 5775 5784
f 5774 5784 5783
f 5775 5776 5785
f 5775 5785 5784
f 5776 5777 5786
f 5776 5786 5785
f 5777 5778 5787
f 5777 5787 5786
f 5779 5780 5789
f 5779 5789 5788
f 5780 5781 5790
f 5780 5790 5789
f 5781 5782 5791
f 5781 5791 5790
f 5782 5783 5792
f 5782 5792 5791
f 5783 5784 5793
f 5783 5793 5792
f 5784 5785 5794
f 5784 5794 5793
f 5785 5786 5795
f 5785 5795 5794
f 5786 5787 5796
f 5786 5796 5795
f 5788 5789 5798
f 5788 5798 5797
f 5789 5790 5799
f 5789 5799 5798
f 5790 5791 5800
f 5790 5800 5799
f 5791 5792 5801
f 5791 5801 5800
f 5792 5793 5802
f 5792 5802 5801
f 5793 5794 5803
f 5793 5803 5802
f 5794 5795 5804
f 5794 5804 5803
f 5795 5796 5805
f 5795 5805 5804
f 5797 5798 5807
f 5797 5807 5806
f 5798 5799 5808
f 5798 5808 5807
f 5799 5800 5809
f 5799 5809 5808
f 5800 5801 5810
f 5800 5810 5809
f 5801 5802 5811
f 5801 5811 5810
f 5802 5803 5812
f 5802 5812 5811
f 5803 5804 5813
f 5803 5813 5812
f 5804 5805 5814
f 5804 5814 5813
f 5806 5807 5816
f 5806 5816 5815
f 5807 5808 5817
f 5807 5817 5816
f 5808 5809 5818
f 5808 5818 5817
f 5809 5810 5819
f 5809 5819 5818
f 5810 5811 5820
f 5810 5820 5819
f 5811 5812 5821
f 5811 5821 5820
f 5812 5813 5822
f 5812 5822 5821
f 5813 5814 5823
f 5813 5823 5822
f 5815 5816 5825
f 5815 5825 5824
f 5816 5817 5826
f 5816 5826 5825
f 5817 5818 5827
f 5817 5827 5826
f 5818 5819 5828
f 5818 5828 5827
f 5819 5820 5829
f 5819 5829 5828
f 5820 5821 5830
f 5820 5830 5829
f 5821 5822 5831
f 5821 5831 5830
f 5822 5823 5832
f 5822 5832 5831
g 바닥_12
v 3.0000 -0.1000 -3.0000
v 3.0000 -0.0750 -3.0000
v 3.0000 -0.0500 -3.0000
v 3.0000 -0.0250 -3.0000
v 3.0000 0.0000 -3.0000
v 3.0000 0.0250 -3.0000
v 3.0000 0.0500 -3.0000
v 3.0000 0.0750 -3.0000
v 3.0000 0.1000 -3.0000
v 3.3750 -0.1000 -3.0000
v 3.3750 -0.0750 -3.0000
v 3.3750 -0.0500 -3.0000
v 3.3750 -0.0250 -3.0000
v 3.3750 0.0000 -3.0000
v 3.3750 0.0250 -3.0000
v 3.3750 0.0500 -3.0000
v 3.3750 0.0750 -3.0000
v 3.3750 0.1000 -3.0000
v 3.7500 -0.1000 -3.0000
v 3.7500 -0.0750 -3.0000
v 3.7500 -0.0500 -3.0000
v 3.7500 -0.0250 -3.0000
v 3.7500 0.0000 -3.0000
v 3.7500 0.0250 -3.0000
v 3.7500 0.0500 -3.0000
v 3.7500 0.0750 -3.0000
v 3.7500 0.1000 -3.0000
v 4.1250 -0.1000 -3.0000
v 4.1250 -0.0750 -3.0000
v 4.1250 -0.0500 -3.0000
v 4.1250 -0.0250 -3.0000
v 4.1250 0.0000 -3.0000
v 4.1250 0.0250 -3.0000
v 4.1250 0.0500 -3.0000
v 4.1250 0.0750 -3.0000
v 4.1250 0.1000 -3.0000
v 4.5000 -0.1000 -3.0000
v 4.5000 -0.0750 -3.0000
v 4.5000 -0.0500 -3.0000
v 4.5000 -0.0250 -3.0000
v 4.5000 0.0000 -3.0000
v 4.5000 0.0250 -3.0000
v 4.5000 0.0500 -3.0000
v 4.5000 0.0750 -3.0000
v 4.5000 0.1000 -3.0000
v 4.8750 -0.1000 -3.0000
v 4.8750 -0.0750 -3.0000
v 4.8750 -0.0500 -3.0000
v 4.8750 -0.0250 -3.0000
v 4.8750 0.0000 -3.0000
v 4.8750 0.0250 -3.0000
v 4.8750 0.0500 -3.0000
v 4.8750 0.0750 -3.0000
v 4.8750 0.1000 -3.0000
v 5.2500 -0.1000 -3.0000
v 5.2500 -0.0750 -3.0000
v 5.2500 -0.0500 -3.0000
v 5.2500 -0.0250 -3.0000
v 5.2500 0.0000 -3.0000
v 5.2500 0.0250 -3.0000
v 5.2500 0.0500 -3.0000
v 5.2500 0.0750 -3.0000
v 5.2500 0.1000 -3.0000
v 5.6250 -0.1000 -3.0000
v 5.6250 -0.0750 -3.0000
v 5.6250 -0.0500 -3.0000
v 5.6250 -0.0250 -3.0000
v 5.6250 0.0000 -3.0000
v 5.6250 0.0250 -3.0000
v 5.6250 0.0500 -3.0000
v 5.6250 0.0750 -3.0000
v 5.6250 0.1000 -3.0000
v 6.0000 -0.1000 -3.0000
v 6.0000 -0.0750 -3.0000
v 6.0000 -0.0500 -3.0000
v 6.0000 -0.0250 -3.0000
v 6.0000 0.0000 -3.0000
v 6.0000 0.0250 -3.0000
v 6.0000 0.0500 -3.0000
v 6.0000 0.0750 -3.0000
v 6.0000 0.1000 -3.0000
v 6.0000 -0.1000 -6.0000
v 6.0000 -0.0750 -6.0000
v 6.0000 -0.0500 -6.0000
v 6.0000 -0.0250 -6.0000
v 6.0000 0.0000 -6.0000
v 6.0000 0.0250 -6.0000
v 6.0000 0.0500 -6.0000
v 6.0000 0.0750 -6.0000
v 6.0000 0.1000 -6.0000
v 5.6250 -0.1000 -6.0000
v 5.6250 -0.0750 -6.0000
v 5.6250 -0.0500 -6.0000
v 5.6250 -0.0250 -6.0000
v 5.6250 0.0000 -6.0000
v 5.6250 0.0250 -6.0000
v 5.6250 0.0500 -6.0000
v 5.6250 0.0750 -6.0000
v 5.6250 0.1000 -6.0000
v 5.2500 -0.1000 -6.0000
v 5.2500 -0.0750 -6.0000
v 5.2500 -0.0500 -6.0000
v 5.2500 -0.0250 -6.0000
v 5.2500 0.0000 -6.0000
v 5.2500 0.0250 -6.0000
v 5.2500 0.0500 -6.0000
v 5.2500 0.0750 -6.0000
v 5.2500 0.1000 -6.0000
v 4.8750 -0.1000 -6.0000
v 4.8750 -0.0750 -6.0000
v 4.8750 -0.0500 -6.0000
v 4.8750 -0.0250 -6.0000
v 4.8750 0.0000 -6.0000
v 4.8750 0.0250 -6.0000
v 4.8750 0.0500 -6.0000
v 4.8750 0.0750 -6.0000
v 4.8750 0.1000 -6.0000
v 4.5000 -0.1000 -6.0000
v 4.5000 -0.0750 -6.0000
v 4.5000 -0.0500 -6.0000
v 4.5000 -0.0250 -6.0000
v 4.5000 0.0000 -6.0000
v 4.5000 0.0250 -6.0000
v 4.5000 0.0500 -6.0000
v 4.5000 0.0750 -6.0000
v 4.5000 0.1000 -6.0000
v 4.1250 -0.1000 -6.0000
v 4.1250 -0.0750 -6.0000
v 4.1250 -0.0500 -6.0000
v 4.1250 -0.0250 -6.0000
v 4.1250 0.0000 -6.0000
v 4.1250 0.0250 -6.0000
v 4.1250 0.0500 -6.0000
v 4.1250 0.0750 -6.0000
v 4.1250 0.1000 -6.0000
v 3.7500 -0.1000 -6.0000
v 3.7500 -0.0750 -6.0000
v 3.7500 -0.0500 -6.0000
v 3.7500 -0.0250 -6.0000
v 3.7500 0.0000 -6.0000
v 3.7500 0.0250 -6.0000
v 3.7500 0.0500 -6.0000
v 3.7500 0.0750 -6.0000
v 3.7500 0.1000 -6.0000
v 3.3750 -0.1000 -6.0000
v 3.3750 -0.0750 -6.0000
v 3.3750 -0.0500 -6.0000
v 3.3750 -0.0250 -6.0000
v 3.3750 0.0000 -6.0000
v 3.3750 0.0250 -6.0000
v 3.3750 0.0500 -6.0000
v 3.3750 0.0750 -6.0000
v 3.3750 0.1000 -6.0000
v 3.0000 -0.1000 -6.0000
v 3.0000 -0.0750 -6.0000
v 3.0000 -0.0500 -6.0000
v 3.0000 -0.0250 -6.0000
v 3.0000 0.0000 -6.0000
v 3.0000 0.0250 -6.0000
v 3.0000 0.0500 -6.0000
v 3.0000 0.0750 -6.0000
v 3.0000 0.1000 -6.0000
v 3.0000 -0.1000 -6.0000
v 3.0000 -0.0750 -6.0000
v 3.0000 -0.0500 -6.0000
v 3.0000 -0.0250 -6.0000
v 3.0000 0.0000 -6.0000
v 3.0000 0.0250 -6.0000
v 3.0000 0.0500 -6.0000
v 3.0000 0.0750 -6.0000
v 3.0000 0.1000 -6.0000
v 3.0000 -0.1000 -5.6250
v 3.0000 -0.0750 -5.6250
v 3.0000 -0.0500 -5.6250
v 3.0000 -0.0250 -5.6250
v 3.0000 0.0000 -5.6250
v 3.0000 0.0250 -5.6250
v 3.0000 0.0500 -5.6250
v 3.0000 0.0750 -5.6250
v 3.0000 0.1000 -5.6250
v 3.0000 -0.1000 -5.2500
v 3.0000 -0.0750 -5.2500
v 3.0000 -0.0500 -5.2500
v 3.0000 -0.0250 -5.2500
v 3.0000 0.0000 -5.2500
v 3.0000 0.0250 -5.2500
v 3.0000 0.0500 -5.2500
v 3.0000 0.0750 -5.2500
v 3.0000 0.1000 -5.2500
v 3.0000 -0.1000 -4.8750
v 3.0000 -0.0750 -4.8750
v 3.0000 -0.0500 -4.8750
v 3.0000 -0.0250 -4.8750
v 3.0000 0.0000 -4.8750
v 3.0000 0.0250 -4.8750
v 3.0000 0.0500 -4.8750
v 3.0000 0.0750 -4.8750
v 3.0000 0.1000 -4.8750
v 3.0000 -0.1000 -4.5000
v 3.0000 -0.0750 -4.5000
v 3.0000 -0.0500 -4.5000
v 3.0000 -0.0250 -4.5000
v 3.0000 0.0000 -4.5000
v 3.0000 0.0250 -4.5000
v 3.0000 0.0500 -4.5000
v 3.0000 0.0750 -4.5000
v 3.0000 0.1000 -4.5000
v 3.0000 -0.1000 -4.1250
v 3.0000 -0.0750 -4.1250
v 3.0000 -0.0500 -4.1250
v 3.0000 -0.0250 -4.1250
v 3.0000 0.0000 -4.1250
v 3.0000 0.0250 -4.1250
v 3.0000 0.0500 -4.1250
v 3.0000 0.0750 -4.1250
v 3.0000 0.1000 -4.1250
v 3.0000 -0.1000 -3.7500
v 3.0000 -0.0750 -3.7500
v 3.0000 -0.0500 -3.7500
v 3.0000 -0.0250 -3.7500
v 3.0000 0.0000 -3.7500
v 3.0000 0.0250 -3.7500
v 3.0000 0.0500 -3.7500
v 3.0000 0.0750 -3.7500
v 3.0000 0.1000 -3.7500
v 3.0000 -0.1000 -3.3750
v 3.0000 -0.0750 -3.3750
v 3.0000 -0.0500 -3.3750
v 3.0000 -0.0250 -3.3750
v 3.0000 0.0000 -3.3750
v 3.0000 0.0250 -3.3750
v 3.0000 0.0500 -3.3750
v 3.0000 0.0750 -3.3750
v 3.0000 0.1000 -3.3750
v 3.0000 -0.1000 -3.0000
v 3.0000 -0.0750 -3.0000
v 3.0000 -0.0500 -3.0000
v 3.0000 -0.0250 -3.0000
v 3.0000 0.0000 -3.0000
v 3.0000 0.0250 -3.0000
v 3.0000 0.0500 -3.0000
v 3.0000 0.0750 -3.0000
v 3.0000 0.1000 -3.0000
v 6.0000 -0.1000 -3.0000
v 6.0000 -0.0750 -3.0000
v 6.0000 -0.0500 -3.0000
v 6.0000 -0.0250 -3.0000
v 6.0000 0.0000 -3.0000
v 6.0000 0.0250 -3.0000
v 6.0000 0.0500 -3.0000
v 6.0000 0.0750 -3.0000
v 6.0000 0.1000 -3.0000
v 6.0000 -0.1000 -3.3750
v 6.0000 -0.0750 -3.3750
v 6.0000 -0.0500 -3.3750
v 6.0000 -0.0250 -3.3750
v 6.0000 0.0000 -3.3750
v 6.0000 0.0250 -3.3750
v 6.0000 0.0500 -3.3750
v 6.0000 0.0750 -3.3750
v 6.0000 0.1000 -3.3750
v 6.0000 -0.1000 -3.7500
v 6.0000 -0.0750 -3.7500
v 6.0000 -0.0500 -3.7500
v 6.0000 -0.0250 -3.7500
v 6.0000 0.0000 -3.7500
v 6.0000 0.0250 -3.7500
v 6.0000 0.0500 -3.7500
v 6.0000 0.0750 -3.7500
v 6.0000 0.1000 -3.7500
v 6.0000 -0.1000 -4.1250
v 6.0000 -0.0750 -4.1250
v 6.0000 -0.0500 -4.1250
v 6.0000 -0.0250 -4.1250
v 6.0000 0.0000 -4.1250
v 6.0000 0.0250 -4.1250
v 6.0000 0.0500 -4.1250
v 6.0000 0.0750 -4.1250
v 6.0000 0.1000 -4.1250
v 6.0000 -0.1000 -4.5000
v 6.0000 -0.0750 -4.5000
v 6.0000 -0.0500 -4.5000
v 6.0000 -0.0250 -4.5000
v 6.0000 0.0000 -4.5000
v 6.0000 0.0250 -4.5000
v 6.0000 0.0500 -4.5000
v 6.0000 0.0750 -4.5000
v 6.0000 0.1000 -4.5000
v 6.0000 -0.1000 -4.8750
v 6.0000 -0.0750 -4.8750
v 6.0000 -0.0500 -4.8750
v 6.0000 -0.0250 -4.8750
v 6.0000 0.0000 -4.8750
v 6.0000 0.0250 -4.8750
v 6.0000 0.0500 -4.8750
v 6.0000 0.0750 -4.8750
v 6.0000 0.1000 -4.8750
v 6.0000 -0.1000 -5.2500
v 6.0000 -0.0750 -5.2500
v 6.0000 -0.0500 -5.2500
v 6.0000 -0.0250 -5.2500
v 6.0000 0.0000 -5.2500
v 6.0000 0.0250 -5.2500
v 6.0000 0.0500 -5.2500
v 6.0000 0.0750 -5.2500
v 6.0000 0.1000 -5.2500
v 6.0000 -0.1000 -5.6250
v 6.0000 -0.0750 -5.6250
v 6.0000 -0.0500 -5.6250
v 6.0000 -0.0250 -5.6250
v 6.0000 0.0000 -5.6250
v 6.0000 0.0250 -5.6250
v 6.0000 0.0500 -5.6250
v 6.0000 0.0750 -5.6250
v 6.0000 0.1000 -5.6250
v 6.0000 -0.1000 -6.0000
v 6.0000 -0.0750 -6.0000
v 6.0000 -0.0500 -6.0000
v 6.0000 -0.0250 -6.0000
v 6.0000 0.0000 -6.0000
v 6.0000 0.0250 -6.0000
v 6.0000 0.0500 -6.0000
v 6.0000 0.0750 -6.0000
v 6.0000 0.1000 -6.0000
v 3.0000 0.1000 -6.0000
v 3.0000 0.1000 -5.6250
v 3.0000 0.1000 -5.2500
v 3.0000 0.1000 -4.8750
v 3.0000 0.1000 -4.5000
v 3.0000 0.1000 -4.1250
v 3.0000 0.1000 -3.7500
v 3.0000 0.1000 -3.3750
v 3.0000 0.1000 -3.0000
v 3.3750 0.1000 -6.0000
v 3.3750 0.1000 -5.6250
v 3.3750 0.1000 -5.2500
v 3.3750 0.1000 -4.8750
v 3.3750 0.1000 -4.5000
v 3.3750 0.1000 -4.1250
v 3.3750 0.1000 -3.7500
v 3.3750 0.1000 -3.3750
v 3.3750 0.1000 -3.0000
v 3.7500 0.1000 -6.0000
v 3.7500 0.1000 -5.6250
v 3.7500 0.1000 -5.2500
v 3.7500 0.1000 -4.8750
v 3.7500 0.1000 -4.5000
v 3.7500 0.1000 -4.1250
v 3.7500 0.1000 -3.7500
v 3.7500 0.1000 -3.3750
v 3.7500 0.1000 -3.0000
v 4.1250 0.1000 -6.0000
v 4.1250 0.1000 -5.6250
v 4.1250 0.1000 -5.2500
v 4.1250 0.1000 -4.8750
v 4.1250 0.1000 -4.5000
v 4.1250 0.1000 -4.1250
v 4.1250 0.1000 -3.7500
v 4.1250 0.1000 -3.3750
v 4.1250 0.1000 -3.0000
v 4.5000 0.1000 -6.0000
v 4.5000 0.1000 -5.6250
v 4.5000 0.1000 -5.2500
v 4.5000 0.1000 -4.8750
v 4.5000 0.1000 -4.5000
v 4.5000 0.1000 -4.1250
v 4.5000 0.1000 -3.7500
v 4.5000 0.1000 -3.3750
v 4.5000 0.1000 -3.0000
v 4.8750 0.1000 -6.0000
v 4.8750 0.1000 -5.6250
v 4.8750 0.1000 -5.2500
v 4.8750 0.1000 -4.8750
v 4.8750 0.1000 -4.5000
v 4.8750 0.1000 -4.1250
v 4.8750 0.1000 -3.7500
v 4.8750 0.1000 -3.3750
v 4.8750 0.1000 -3.0000
v 5.2500 0.1000 -6.0000
v 5.2500 0.1000 -5.6250
v 5.2500 0.1000 -5.2500
v 5.2500 0.1000 -4.8750
v 5.2500 0.1000 -4.5000
v 5.2500 0.1000 -4.1250
v 5.2500 0.1000 -3.7500
v 5.2500 0.1000 -3.3750
v 5.2500 0.1000 -3.0000
v 5.6250 0.1000 -6.0000
v 5.6250 0.1000 -5.6250
v 5.6250 0.1000 -5.2500
v 5.6250 0.1000 -4.8750
v 5.6250 0.1000 -4.5000
v 5.6250 0.1000 -4.1250
v 5.6250 0.1000 -3.7500
v 5.6250 0.1000 -3.3750
v 5.6250 0.1000 -3.0000
v 6.0000 0.1000 -6.0000
v 6.0000 0.1000 -5.6250
v 6.0000 0.1000 -5.2500
v 6.0000 0.1000 -4.8750
v 6.0000 0.1000 -4.5000
v 6.0000 0.1000 -4.1250
v 6.0000 0.1000 -3.7500
v 6.0000 0.1000 -3.3750
v 6.0000 0.1000 -3.0000
v 3.0000 -0.1000 -3.0000
v 3.0000 -0.1000 -3.3750
v 3.0000 -0.1000 -3.7500
v 3.0000 -0.1000 -4.1250
v 3.0000 -0.1000 -4.5000
v 3.0000 -0.1000 -4.8750
v 3.0000 -0.1000 -5.2500
v 3.0000 -0.1000 -5.6250
v 3.0000 -0.1000 -6.0000
v 3.3750 -0.1000 -3.0000
v 3.3750 -0.1000 -3.3750
v 3.3750 -0.1000 -3.7500
v 3.3750 -0.1000 -4.1250
v 3.3750 -0.1000 -4.5000
v 3.3750 -0.1000 -4.8750
v 3.3750 -0.1000 -5.2500
v 3.3750 -0.1000 -5.6250
v 3.3750 -0.1000 -6.0000
v 3.7500 -0.1000 -3.0000
v 3.7500 -0.1000 -3.3750
v 3.7500 -0.1000 -3.7500
v 3.7500 -0.1000 -4.1250
v 3.7500 -0.1000 -4.5000
v 3.7500 -0.1000 -4.8750
v 3.7500 -0.1000 -5.2500
v 3.7500 -0.1000 -5.6250
v 3.7500 -0.1000 -6.0000
v 4.1250 -0.1000 -3.0000
v 4.1250 -0.1000 -3.3750
v 4.1250 -0.1000 -3.7500
v 4.1250 -0.1000 -4.1250
v 4.1250 -0.1000 -4.5000
v 4.1250 -0.1000 -4.8750
v 4.1250 -0.1000 -5.2500
v 4.1250 -0.1000 -5.6250
v 4.1250 -0.1000 -6.0000
v 4.5000 -0.1000 -3.0000
v 4.5000 -0.1000 -3.3750
v 4.5000 -0.1000 -3.7500
v 4.5000 -0.1000 -4.1250
v 4.5000 -0.1000 -4.5000
v 4.5000 -0.1000 -4.8750
v 4.5000 -0.1000 -5.2500
v 4.5000 -0.1000 -5.6250
v 4.5000 -0.1000 -6.0000
v 4.8750 -0.1000 -3.0000
v 4.8750 -0.1000 -3.3750
v 4.8750 -0.1000 -3.7500
v 4.8750 -0.1000 -4.1250
v 4.8750 -0.1000 -4.5000
v 4.8750 -0.1000 -4.8750
v 4.8750 -0.1000 -5.2500
v 4.8750 -0.1000 -5.6250
v 4.8750 -0.1000 -6.0000
v 5.2500 -0.1000 -3.0000
v 5.2500 -0.1000 -3.3750
v 5.2500 -0.1000 -3.7500
v 5.2500 -0.1000 -4.1250
v 5.2500 -0.1000 -4.5000
v 5.2500 -0.1000 -4.8750
v 5.2500 -0.1000 -5.2500
v 5.2500 -0.1000 -5.6250
v 5.2500 -0.1000 -6.0000
v 5.6250 -0.1000 -3.0000
v 5.6250 -0.1000 -3.3750
v 5.6250 -0.1000 -3.7500
v 5.6250 -0.1000 -4.1250
v 5.6250 -0.1000 -4.5000
v 5.6250 -0.1000 -4.8750
v 5.6250 -0.1000 -5.2500
v 5.6250 -0.1000 -5.6250
v 5.6250 -0.1000 -6.0000
v 6.0000 -0.1000 -3.0000
v 6.0000 -0.1000 -3.3750
v 6.0000 -0.1000 -3.7500
v 6.0000 -0.1000 -4.1250
v 6.0000 -0.1000 -4.5000
v 6.0000 -0.1000 -4.8750
v 6.0000 -0.1000 -5.2500
v 6.0000 -0.1000 -5.6250
v 6.0000 -0.1000 -6.0000
f 5833 5834 5843
f 5833 5843 5842
f 5834 5835 5844
f 5834 5844 5843
f 5835 5836 5845
f 5835 5845 5844
f 5836 5837 5846
f 5836 5846 5845
f 5837 5838 5847
f 5837 5847 5846
f 5838 5839 5848
f 5838 5848 5847
f 5839 5840 5849
f 5839 5849 5848
f 5840 5841 5850
f 5840 5850 5849
f 5842 5843 5852
f 5842 5852 5851
f 5843 5844 5853
f 5843 5853 5852
f 5844 5845 5854
f 5844 5854 5853
f 5845 5846 5855
f 5845 5855 5854
f 5846 5847 5856
f 5846 5856 5855
f 5847 5848 5857
f 5847 5857 5856
f 5848 5849 5858
f 5848 5858 5857
f 5849 5850 5859
f 5849 5859 5858
f 5851 5852 5861
f 5851 5861 5860
f 5852 5853 5862
f 5852 5862 5861
f 5853 5854 5863
f 5853 5863 5862
f 5854 5855 5864
f 5854 5864 5863
f 5855 5856 5865
f 5855 5865 5864
f 5856 5857 5866
f 5856 5866 5865
f 5857 5858 5867
f 5857 5867 5866
f 5858 5859 5868
f 5858 5868 5867
f 5860 5861 5870
f 5860 5870 5869
f 5861 5862 5871
f 5861 5871 5870
f 5862 5863 5872
f 5862 5872 5871
f 5863 5864 5873
f 5863 5873 5872
f 5864 5865 5874
f 5864 5874 5873
f 5865 5866 5875
f 5865 5875 5874
f 5866 5867 5876
f 5866 5876 5875
f 5867 5868 5877
f 5867 5877 5876
f 5869 5870 5879
f 5869 5879 5878
f 5870 5871 5880
f 5870 5880 5879
f 5871 5872 5881
f 5871 5881 5880
f 5872 5873 5882
f 5872 5882 5881
f 5873 5874 5883
f 5873 5883 5882
f 5874 5875 5884
f 5874 5884 5883
f 5875 5876 5885
f 5875 5885 5884
f 5876 5877 5886
f 5876 5886 5885
f 5878 5879 5888
f 5878 5888 5887
f 5879 5880 5889
f 5879 5889 5888
f 5880 5881 5890
f 5880 5890 5889
f 5881 5882 5891
f 5881 5891 5890
f 5882 5883 5892
f 5882 5892 5891
f 5883 5884 5893
f 5883 5893 5892
f 5884 5885 5894
f 5884 5894 5893
f 5885 5886 5895
f 5885 5895 5894
f 5887 5888 5897
f 5887 5897 5896
f 5888 5889 5898
f 5888 5898 5897
f 5889 5890 5899
f 5889 5899 5898
f 5890 5891 5900
f 5890 5900 5899
f 5891 5892 5901
f 5891 5901 5900
f 5892 5893 5902
f 5892 5902 5901
f 5893 5894 5903
f 5893 5903 5902
f 5894 5895 5904
f 5894 5904 5903
f 5896 5897 5906
f 5896 5906 5905
f 5897 5898 5907
f 5897 5907 5906
f 5898 5899 5908
f 5898 5908 5907
f 5899 5900 5909
f 5899 5909 5908
f 5900 5901 5910
f 5900 5910 5909
f 5901 5902 5911
f 5901 5911 5910
f 5902 5903 5912
f 5902 5912 5911
f 5903 5904 5913
f 5903 5913 5912
f 5914 5915 5924
f 5914 5924 5923
f 5915 5916 5925
f 5915 5925 5924
f 5916 5917 5926
f 5916 5926 5925
f 5917 5918 5927
f 5917 5927 5926
f 5918 5919 5928
f 5918 5928 5927
f 5919 5920 5929
f 5919 5929 5928
f 5920 5921 5930
f 5920 5930 5929
f 5921 5922 5931
f 5921 5931 5930
f 5923 5924 5933
f 5923 5933 5932
f 5924 5925 5934
f 5924 5934 5933
f 5925 5926 5935
f 5925 5935 5934
f 5926 5927 5936
f 5926 5936 5935
f 5927 5928 5937
f 5927 5937 5936
f 5928 5929 5938
f 5928 5938 5937
f 5929 5930 5939
f 5929 5939 5938
f 5930 5931 5940
f 5930 5940 5939
f 5932 5933 5942
f 5932 5942 5941
f 5933 5934 5943
f 5933 5943 5942
f 5934 5935 5944
f 5934 5944 5943
f 5935 5936 5945
f 5935 5945 5944
f 5936 5937 5946
f 5936 5946 5945
f 5937 5938 5947
f 5937 5947 5946
f 5938 5939 5948
f 5938 5948 5947
f 5939 5940 5949
f 5939 5949 5948
f 5941 5942 5951
f 5941 5951 5950
f 5942 5943 5952
f 5942 5952 5951
f 5943 5944 5953
f 5943 5953 5952
f 5944 5945 5954
f 5944 5954 5953
f 5945 5946 5955
f 5945 5955 5954
f 5946 5947 5956
f 5946 5956 5955
f 5947 5948 5957
f 5947 5957 5956
f 5948 5949 5958
f 5948 5958 5957
f 5950 5951 5960
f 5950 5960 5959
f 5951 5952 5961
f 5951 5961 5960
f 5952 5953 5962
f 5952 5962 5961
f 5953 5954 5963
f 5953 5963 5962
f 5954 5955 5964
f 5954 5964 5963
f 5955 5956 5965
f 5955 5965 5964
f 5956 5957 5966
f 5956 5966 5965
f 5957 5958 5967
f 5957 5967 5966
f 5959 5960 5969
f 5959 5969 5968
f 5960 5961 5970
f 5960 5970 5969
f 5961 5962 5971
f 5961 5971 5970
f 5962 5963 5972
f 5962 5972 5971
f 5963 5964 5973
f 5963 5973 5972
f 5964 5965 5974
f 5964 5974 5973
f 5965 5966 5975
f 5965 5975 5974
f 5966 5967 5976
f 5966 5976 5975
f 5968 5969 5978
f 5968 5978 5977
f 5969 5970 5979
f 5969 5979 5978
f 5970 5971 5980
f 5970 5980 5979
f 5971 5972 5981
f 5971 5981 5980
f 5972 5973 5982
f 5972 5982 5981
f 5973 5974 5983
f 5973 5983 5982
f 5974 5975 5984
f 5974 5984 5983
f 5975 5976 5985
f 5975 5985 5984
f 5977 5978 5987
f 5977 5987 5986
f 5978 5979 5988
f 5978 5988 5987
f 5979 5980 5989
f 5979 5989 5988
f 5980 5981 5990
f 5980 5990 5989
f 5981 5982 5991
f 5981 5991 5990
f 5982 5983 5992
f 5982 5992 5991
f 5983 5984 5993
f 5983 5993 5992
f 5984 5985 5994
f 5984 5994 5993
f 5995 5996 6005
f 5995 6005 6004
f 5996 5997 6006
f 5996 6006 6005
f 5997 5998 6007
f 5997 6007 6006
f 5998 5999 6008
f 5998 6008 6007
f 5999 6000 6009
f 5999 6009 6008
f 6000 6001 6010
f 6000 6010 6009
f 6001 6002 6011
f 6001 6011 6010
f 6002 6003 6012
f 6002 6012 6011
f 6004 6005 6014
f 6004 6014 6013
f 6005 6006 6015
f 6005 6015 6014
f 6006 6007 6016
f 6006 6016 6015
f 6007 6008 6017
f 6007 6017 6016
f 6008 6009 6018
f 6008 6018 6017
f 6009 6010 6019
f 6009 6019 6018
f 6010 6011 6020
f 6010 6020 6019
f 6011 6012 6021
f 6011 6021 6020
f 6013 6014 6023
f 6013 6023 6022
f 6014 6015 6024
f 6014 6024 6023
f 6015 6016 6025
f 6015 6025 6024
f 6016 6017 6026
f 6016 6026 6025
f 6017 6018 6027
f 6017 6027 6026
f 6018 6019 6028
f 6018 6028 6027
f 6019 6020 6029
f 6019 6029 6028
f 6020 6021 6030
f 6020 6030 6029
f 6022 6023 6032
f 6022 6032 6031
f 6023 6024 6033
f 6023 6033 6032
f 6024 6025 6034
f 6024 6034 6033
f 6025 6026 6035
f 6025 6035 6034
f 6026 6027 6036
f 6026 6036 6035
f 6027 6028 6037
f 6027 6037 6036
f 6028 6029 6038
f 6028 6038 6037
f 6029 6030 6039
f 6029 6039 6038
f 6031 6032 6041
f 6031 6041 6040
f 6032 6033 6042
f 6032 6042 6041
f 6033 6034 6043
f 6033 6043 6042
f 6034 6035 6044
f 6034 6044 6043
f 6035 6036 6045
f 6035 6045 6044
f 6036 6037 6046
f 6036 6046 6045
f 6037 6038 6047
f 6037 6047 6046
f 6038 6039 6048
f 6038 6048 6047
f 6040 6041 6050
f 6040 6050 6049
f 6041 6042 6051
f 6041 6051 6050
f 6042 6043 6052
f 6042 6052 6051
f 6043 6044 6053
f 6043 6053 6052
f 6044 6045 6054
f 6044 6054 6053
f 6045 6046 6055
f 6045 6055 6054
f 6046 6047 6056
f 6046 6056 6055
f 6047 6048 6057
f 6047 6057 6056
f 6049 6050 6059
f 6049 6059 6058
f 6050 6051 6060
f 6050 6060 6059
f 6051 6052 6061
f 6051 6061 6060
f 6052 6053 6062
f 6052 6062 6061
f 6053 6054 6063
f 6053 6063 6062
f 6054 6055 6064
f 6054 6064 6063
f 6055 6056 6065
f 6055 6065 6064
f 6056 6057 6066
f 6056 6066 6065
f 6058 6059 6068
f 6058 6068 6067
f 6059 6060 6069
f 6059 6069 6068
f 6060 6061 6070
f 6060 6070 6069
f 6061 6062 6071
f 6061 6071 6070
f 6062 6063 6072
f 6062 6072 6071
f 6063 6064 6073
f 6063 6073 6072
f 6064 6065 6074
f 6064 6074 6073
f 6065 6066 6075
f 6065 6075 6074
f 6076 6077 6086
f 6076 6086 6085
f 6077 6078 6087
f 6077 6087 6086
f 6078 6079 6088
f 6078 6088 6087
f 6079 6080 6089
f 6079 6089 6088
f 6080 6081 6090
f 6080 6090 6089
f 6081 6082 6091
f 6081 6091 6090
f 6082 6083 6092
f 6082 6092 6091
f 6083 6084 6093
f 6083 6093 6092
f 6085 6086 6095
f 6085 6095 6094
f 6086 6087 6096
f 6086 6096 6095
f 6087 6088 6097
f 6087 6097 6096
f 6088 6089 6098
f 6088 6098 6097
f 6089 6090 6099
f 6089 6099 6098
f 6090 6091 6100
f 6090 6100 6099
f 6091 6092 6101
f 6091 6101 6100
f 6092 6093 6102
f 6092 6102 6101
f 6094 6095 6104
f 6094 6104 6103
f 6095 6096 6105
f 6095 6105 6104
f 6096 6097 6106
f 6096 6106 6105
f 6097 6098 6107
f 6097 6107 6106
f 6098 6099 6108
f 6098 6108 6107
f 6099 6100 6109
f 6099 6109 6108
f 6100 6101 6110
f 6100 6110 6109
f 6101 6102 6111
f 6101 6111 6110
f 6103 6104 6113
f 6103 6113 6112
f 6104 6105 6114
f 6104 6114 6113
f 6105 6106 6115
f 6105 6115 6114
f 6106 6107 6116
f 6106 6116 6115
f 6107 6108 6117
f 6107 6117 6116
f 6108 6109 6118
f 6108 6118 6117
f 6109 6110 6119
f 6109 6119 6118
f 6110 6111 6120
f 6110 6120 6119
f 6112 6113 6122
f 6112 6122 6121
f 6113 6114 6123
f 6113 6123 6122
f 6114 6115 6124
f 6114 6124 6123
f 6115 6116 6125
f 6115 6125 6124
f 6116 6117 6126
f 6116 6126 6125
f 6117 6118 6127
f 6117 6127 6126
f 6118 6119 6128
f 6118 6128 6127
f 6119 6120 6129
f 6119 6129 6128
f 6121 6122 6131
f 6121 6131 6130
f 6122 6123 6132
f 6122 6132 6131
f 6123 6124 6133
f 6123 6133 6132
f 6124 6125 6134
f 6124 6134 6133
f 6125 6126 6135
f 6125 6135 6134
f 6126 6127 6136
f 6126 6136 6135
f 6127 6128 6137
f 6127 6137 6136
f 6128 6129 6138
f 6128 6138 6137
f 6130 6131 6140
f 6130 6140 6139
f 6131 6132 6141
f 6131 6141 6140
f 6132 6133 6142
f 6132 6142 6141
f 6133 6134 6143
f 6133 6143 6142
f 6134 6135 6144
f 6134 6144 6143
f 6135 6136 6145
f 6135 6145 6144
f 6136 6137 6146
f 6136 6146 6145
f 6137 6138 6147
f 6137 6147 6146
f 6139 6140 6149
f 6139 6149 6148
f 6140 6141 6150
f 6140 6150 6149
f 6141 6142 6151
f 6141 6151 6150
f 6142 6143 6152
f 6142 6152 6151
f 6143 6144 6153
f 6143 6153 6152
f 6144 6145 6154
f 6144 6154 6153
f 6145 6146 6155
f 6145 6155 6154
f 6146 6147 6156
f 6146 6156 6155
f 6157 6158 6167
f 6157 6167 6166
f 6158 6159 6168
f 6158 6168 6167
f 6159 6160 6169
f 6159 6169 6168
f 6160 6161 6170
f 6160 6170 6169
f 6161 6162 6171
f 6161 6171 6170
f 6162 6163 6172
f 6162 6172 6171
f 6163 6164 6173
f 6163 6173 6172
f 6164 6165 6174
f 6164 6174 6173
f 6166 6167 6176
f 6166 6176 6175
f 6167 6168 6177
f 6167 6177 6176
f 6168 6169 6178
f 6168 6178 6177
f 6169 6170 6179
f 6169 6179 6178
f 6170 6171 6180
f 6170 6180 6179
f 6171 6172 6181
f 6171 6181 6180
f 6172 6173 6182
f 6172 6182 6181
f 6173 6174 6183
f 6173 6183 6182
f 6175 6176 6185
f 6175 6185 6184
f 6176 6177 6186
f 6176 6186 6185
f 6177 6178 6187
f 6177 6187 6186
f 6178 6179 6188
f 6178 6188 6187
f 6179 6180 6189
f 6179 6189 6188
f 6180 6181 6190
f 6180 6190 6189
f 6181 6182 6191
f 6181 6191 6190
f 6182 6183 6192
f 6182 6192 6191
f 6184 6185 6194
f 6184 6194 6193
f 6185 6186 6195
f 6185 6195 6194
f 6186 6187 6196
f 6186 6196 6195
f 6187 6188 6197
f 6187 6197 6196
f 6188 6189 6198
f 6188 6198 6197
f 6189 6190 6199
f 6189 6199 6198
f 6190 6191 6200
f 6190 6200 6199
f 6191 6192 6201
f 6191 6201 6200
f 6193 6194 6203
f 6193 6203 6202
f 6194 6195 6204
f 6194 6204 6203
f 6195 6196 6205
f 6195 6205 6204
f 6196 6197 6206
f 6196 6206 6205
f 6197 6198 6207
f 6197 6207 6206
f 6198 6199 6208
f 6198 6208 6207
f 6199 6200 6209
f 6199 6209 6208
f 6200 6201 6210
f 6200 6210 6209
f 6202 6203 6212
f 6202 6212 6211
f 6203 6204 6213
f 6203 6213 6212
f 6204 6205 6214
f 6204 6214 6213
f 6205 6206 6215
f 6205 6215 6214
f 6206 6207 6216
f 6206 6216 6215
f 6207 6208 6217
f 6207 6217 6216
f 6208 6209 6218
f 6208 6218 6217
f 6209 6210 6219
f 6209 6219 6218
f 6211 6212 6221
f 6211 6221 6220
f 6212 6213 6222
f 6212 6222 6221
f 6213 6214 6223
f 6213 6223 6222
f 6214 6215 6224
f 6214 6224 6223
f 6215 6216 6225
f 6215 6225 6224
f 6216 6217 6226
f 6216 6226 6225
f 6217 6218 6227
f 6217 6227 6226
f 6218 6219 6228
f 6218 6228 6227
f 6220 6221 6230
f 6220 6230 6229
f 6221 6222 6231
f 6221 6231 6230
f 6222 6223 6232
f 6222 6232 6231
f 6223 6224 6233
f 6223 6233 6232
f 6224 6225 6234
f 6224 6234 6233
f 6225 6226 6235
f 6225 6235 6234
f 6226 6227 6236
f 6226 6236 6235
f 6227 6228 6237
f 6227 6237 6236
f 6238 6239 6248
f 6238 6248 6247
f 6239 6240 6249
f 6239 6249 6248
f 6240 6241 6250
f 6240 6250 6249
f 6241 6242 6251
f 6241 6251 6250
f 6242 6243 6252
f 6242 6252 6251
f 6243 6244 6253
f 6243 6253 6252
f 6244 6245 6254
f 6244 6254 6253
f 6245 6246 6255
f 6245 6255 6254
f 6247 6248 6257
f 6247 6257 6256
f 6248 6249 6258
f 6248 6258 6257
f 6249 6250 6259
f 6249 6259 6258
f 6250 6251 6260
f 6250 6260 6259
f 6251 6252 6261
f 6251 6261 6260
f 6252 6253 6262
f 6252 6262 6261
f 6253 6254 6263
f 6253 6263 6262
f 6254 6255 6264
f 6254 6264 6263
f 6256 6257 6266
f 6256 6266 6265
f 6257 6258 6267
f 6257 6267 6266
f 6258 6259 6268
f 6258 6268 6267
f 6259 6260 6269
f 6259 6269 6268
f 6260 6261 6270
f 6260 6270 6269
f 6261 6262 6271
f 6261 6271 6270
f 6262 6263 6272
f 6262 6272 6271
f 6263 6264 6273
f 6263 6273 6272
f 6265 6266 6275
f 6265 6275 6274
f 6266 6267 6276
f 6266 6276 6275
f 6267 6268 6277
f 6267 6277 6276
f 6268 6269 6278
f 6268 6278 6277
f 6269 6270 6279
f 6269 6279 6278
f 6270 6271 6280
f 6270 6280 6279
f 6271 6272 6281
f 6271 6281 6280
f 6272 6273 6282
f 6272 6282 6281
f 6274 6275 6284
f 6274 6284 6283
f 6275 6276 6285
f 6275 6285 6284
f 6276 6277 6286
f 6276 6286 6285
f 6277 6278 6287
f 6277 6287 6286
f 6278 6279 6288
f 6278 6288 6287
f 6279 6280 6289
f 6279 6289 6288
f 6280 6281 6290
f 6280 6290 6289
f 6281 6282 6291
f 6281 6291 6290
f 6283 6284 6293
f 6283 6293 6292
f 6284 6285 6294
f 6284 6294 6293
f 6285 6286 6295
f 6285 6295 6294
f 6286 6287 6296
f 6286 6296 6295
f 6287 6288 6297
f 6287 6297 6296
f 6288 6289 6298
f 6288 6298 6297
f 6289 6290 6299
f 6289 6299 6298
f 6290 6291 6300
f 6290 6300 6299
f 6292 6293 6302
f 6292 6302 6301
f 6293 6294 6303
f 6293 6303 6302
f 6294 6295 6304
f 6294 6304 6303
f 6295 6296 6305
f 6295 6305 6304
f 6296 6297 6306
f 6296 6306 6305
f 6297 6298 6307
f 6297 6307 6306
f 6298 6299 6308
f 6298 6308 6307
f 6299 6300 6309
f 6299 6309 6308
f 6301 6302 6311
f 6301 6311 6310
f 6302 6303 6312
f 6302 6312 6311
f 6303 6304 6313
f 6303 6313 6312
f 6304 6305 6314
f 6304 6314 6313
f 6305 6306 6315
f 6305 6315 6314
f 6306 6307 6316
f 6306 6316 6315
f 6307 6308 6317
f 6307 6317 6316
f 6308 6309 6318
f 6308 6318 6317
g 바닥_13
v 3.0000 -0.1000 0.0000
v 3.0000 -0.0750 0.0000
v 3.0000 -0.0500 0.0000
v 3.0000 -0.0250 0.0000
v 3.0000 0.0000 0.0000
v 3.0000 0.0250 0.0000
v 3.0000 0.0500 0.0000
v 3.0000 0.0750 0.0000
v 3.0000 0.1000 0.0000
v 3.3750 -0.1000 0.0000
v 3.3750 -0.0750 0.0000
v 3.3750 -0.0500 0.0000
v 3.3750 -0.0250 0.0000
v 3.3750 0.0000 0.0000
v 3.3750 0.0250 0.0000
v 3.3750 0.0500 0.0000
v 3.3750 0.0750 0.0000
v 3.3750 0.1000 0.0000
v 3.7500 -0.1000 0.0000
v 3.7500 -0.0750 0.0000
v 3.7500 -0.0500 0.0000
v 3.7500 -0.0250 0.0000
v 3.7500 0.0000 0.0000
v 3.7500 0.0250 0.0000
v 3.7500 0.0500 0.0000
v 3.7500 0.0750 0.0000
v 3.7500 0.1000 0.0000
v 4.1250 -0.1000 0.0000
v 4.1250 -0.0750 0.0000
v 4.1250 -0.0500 0.0000
v 4.1250 -0.0250 0.0000
v 4.1250 0.0000 0.0000
v 4.1250 0.0250 0.0000
v 4.1250 0.0500 0.0000
v 4.1250 0.0750 0.0000
v 4.1250 0.1000 0.0000
v 4.5000 -0.1000 0.0000
v 4.5000 -0.0750 0.0000
v 4.5000 -0.0500 0.0000
v 4.5000 -0.0250 0.0000
v 4.5000 0.0000 0.0000
v 4.5000 0.0250 0.0000
v 4.5000 0.0500 0.0000
v 4.5000 0.0750 0.0000
v 4.5000 0.1000 0.0000
v 4.8750 -0.1000 0.0000
v 4.8750 -0.0750 0.0000
v 4.8750 -0.0500 0.0000
v 4.8750 -0.0250 0.0000
v 4.8750 0.0000 0.0000
v 4.8750 0.0250 0.0000
v 4.8750 0.0500 0.0000
v 4.8750 0.0750 0.0000
v 4.8750 0.1000 0.0000
v 5.2500 -0.1000 0.0000
v 5.2500 -0.0750 0.0000
v 5.2500 -0.0500 0.0000
v 5.2500 -0.0250 0.0000
v 5.2500 0.0000 0.0000
v 5.2500 0.0250 0.0000
v 5.2500 0.0500 0.0000
v 5.2500 0.0750 0.0000
v 5.2500 0.1000 0.0000
v 5.6250 -0.1000 0.0000
v 5.6250 -0.0750 0.0000
v 5.6250 -0.0500 0.0000
v 5.6250 -0.0250 0.0000
v 5.6250 0.0000 0.0000
v 5.6250 0.0250 0.0000
v 5.6250 0.0500 0.0000
v 5.6250 0.0750 0.0000
v 5.6250 0.1000 0.0000
v 6.0000 -0.1000 0.0000
v 6.0000 -0.0750 0.0000
v 6.0000 -0.0500 0.0000
v 6.0000 -0.0250 0.0000
v 6.0000 0.0000 0.0000
v 6.0000 0.0250 0.0000
v 6.0000 0.0500 0.0000
v 6.0000 0.0750 0.0000
v 6.0000 0.1000 0.0000
v 6.0000 -0.1000 -3.0000
v 6.0000 -0.0750 -3.0000
v 6.0000 -0.0500 -3.0000
v 6.0000 -0.0250 -3.0000
v 6.0000 0.0000 -3.0000
v 6.0000 0.0250 -3.0000
v 6.0000 0.0500 -3.0000
v 6.0000 0.0750 -3.0000
v 6.0000 0.1000 -3.0000
v 5.6250 -0.1000 -3.0000
v 5.6250 -0.0750 -3.0000
v 5.6250 -0.0500 -3.0000
v 5.6250 -0.0250 -3.0000
v 5.6250 0.0000 -3.0000
v 5.6250 0.0250 -3.0000
v 5.6250 0.0500 -3.0000
v 5.6250 0.0750 -3.0000
v 5.6250 0.1000 -3.0000
v 5.2500 -0.1000 -3.0000
v 5.2500 -0.0750 -3.0000
v 5.2500 -0.0500 -3.0000
v 5.2500 -0.0250 -3.0000
v 5.2500 0.0000 -3.0000
v 5.2500 0.0250 -3.0000
v 5.2500 0.0500 -3.0000
v 5.2500 0.0750 -3.0000
v 5.2500 0.1000 -3.0000
v 4.8750 -0.1000 -3.0000
v 4.8750 -0.0750 -3.0000
v 4.8750 -0.0500 -3.0000
v 4.8750 -0.0250 -3.0000
v 4.8750 0.0000 -3.0000
v 4.8750 0.0250 -3.0000
v 4.8750 0.0500 -3.0000
v 4.8750 0.0750 -3.0000
v 4.8750 0.1000 -3.0000
v 4.5000 -0.1000 -3.0000
v 4.5000 -0.0750 -3.0000
v 4.5000 -0.0500 -3.0000
v 4.5000 -0.0250 -3.0000
v 4.5000 0.0000 -3.0000
v 4.5000 0.0250 -3.0000
v 4.5000 0.0500 -3.0000
v 4.5000 0.0750 -3.0000
v 4.5000 0.1000 -3.0000
v 4.1250 -0.1000 -3.0000
v 4.1250 -0.0750 -3.0000
v 4.1250 -0.0500 -3.0000
v 4.1250 -0.0250 -3.0000
v 4.1250 0.0000 -3.0000
v 4.1250 0.0250 -3.0000
v 4.1250 0.0500 -3.0000
v 4.1250 0.0750 -3.0000
v 4.1250 0.1000 -3.0000
v 3.7500 -0.1000 -3.0000
v 3.7500 -0.0750 -3.0000
v 3.7500 -0.0500 -3.0000
v 3.7500 -0.0250 -3.0000
v 3.7500 0.0000 -3.0000
v 3.7500 0.0250 -3.0000
v 3.7500 0.0500 -3.0000
v 3.7500 0.0750 -3.0000
v 3.7500 0.1000 -3.0000
v 3.3750 -0.1000 -3.0000
v 3.3750 -0.0750 -3.0000
v 3.3750 -0.0500 -3.0000
v 3.3750 -0.0250 -3.0000
v 3.3750 0.0000 -3.0000
v 3.3750 0.0250 -3.0000
v 3.3750 0.0500 -3.0000
v 3.3750 0.0750 -3.0000
v 3.3750 0.1000 -3.0000
v 3.0000 -0.1000 -3.0000
v 3.0000 -0.0750 -3.0000
v 3.0000 -0.0500 -3.0000
v 3.0000 -0.0250 -3.0000
v 3.0000 0.0000 -3.0000
v 3.0000 0.0250 -3.0000
v 3.0000 0.0500 -3.0000
v 3.0000 0.0750 -3.0000
v 3.0000 0.1000 -3.0000
v 3.0000 -0.1000 -3.0000
v 3.0000 -0.0750 -3.0000
v 3.0000 -0.0500 -3.0000
v 3.0000 -0.0250 -3.0000
v 3.0000 0.0000 -3.0000
v 3.0000 0.0250 -3.0000
v 3.0000 0.0500 -3.0000
v 3.0000 0.0750 -3.0000
v 3.0000 0.1000 -3.0000
v 3.0000 -0.1000 -2.6250
v 3.0000 -0.0750 -2.6250
v 3.0000 -0.0500 -2.6250
v 3.0000 -0.0250 -2.6250
v 3.0000 0.0000 -2.6250
v 3.0000 0.0250 -2.6250
v 3.0000 0.0500 -2.6250
v 3.0000 0.0750 -2.6250
v 3.0000 0.1000 -2.6250
v 3.0000 -0.1000 -2.2500
v 3.0000 -0.0750 -2.2500
v 3.0000 -0.0500 -2.2500
v 3.0000 -0.0250 -2.2500
v 3.0000 0.0000 -2.2500
v 3.0000 0.0250 -2.2500
v 3.0000 0.0500 -2.2500
v 3.0000 0.0750 -2.2500
v 3.0000 0.1000 -2.2500
v 3.0000 -0.1000 -1.8750
v 3.0000 -0.0750 -1.8750
v 3.0000 -0.0500 -1.8750
v 3.0000 -0.0250 -1.8750
v 3.0000 0.0000 -1.8750
v 3.0000 0.0250 -1.8750
v 3.0000 0.0500 -1.8750
v 3.0000 0.0750 -1.8750
v 3.0000 0.1000 -1.8750
v 3.0000 -0.1000 -1.5000
v 3.0000 -0.0750 -1.5000
v 3.0000 -0.0500 -1.5000
v 3.0000 -0.0250 -1.5000
v 3.0000 0.0000 -1.5000
v 3.0000 0.0250 -1.5000
v 3.0000 0.0500 -1.5000
v 3.0000 0.0750 -1.5000
v 3.0000 0.1000 -1.5000
v 3.0000 -0.1000 -1.1250
v 3.0000 -0.0750 -1.1250
v 3.0000 -0.0500 -1.1250
v 3.0000 -0.0250 -1.1250
v 3.0000 0.0000 -1.1250
v 3.0000 0.0250 -1.1250
v 3.0000 0.0500 -1.1250
v 3.0000 0.0750 -1.1250
v 3.0000 0.1000 -1.1250
v 3.0000 -0.1000 -0.7500
v 3.0000 -0.0750 -0.7500
v 3.0000 -0.0500 -0.7500
v 3.0000 -0.0250 -0.7500
v 3.0000 0.0000 -0.7500
v 3.0000 0.0250 -0.7500
v 3.0000 0.0500 -0.7500
v 3.0000 0.0750 -0.7500
v 3.0000 0.1000 -0.7500
v 3.0000 -0.1000 -0.3750
v 3.0000 -0.0750 -0.3750
v 3.0000 -0.0500 -0.3750
v 3.0000 -0.0250 -0.3750
v 3.0000 0.0000 -0.3750
v 3.0000 0.0250 -0.3750
v 3.0000 0.0500 -0.3750
v 3.0000 0.0750 -0.3750
v 3.0000 0.1000 -0.3750
v 3.0000 -0.1000 0.0000
v 3.0000 -0.0750 0.0000
v 3.0000 -0.0500 0.0000
v 3.0000 -0.0250 0.0000
v 3.0000 0.0000 0.0000
v 3.0000 0.0250 0.0000
v 3.0000 0.0500 0.0000
v 3.0000 0.0750 0.0000
v 3.0000 0.1000 0.0000
v 6.0000 -0.1000 0.0000
v 6.0000 -0.0750 0.0000
v 6.0000 -0.0500 0.0000
v 6.0000 -0.0250 0.0000
v 6.0000 0.0000 0.0000
v 6.0000 0.0250 0.0000
v 6.0000 0.0500 0.0000
v 6.0000 0.0750 0.0000
v 6.0000 0.1000 0.0000
v 6.0000 -0.1000 -0.3750
v 6.0000 -0.0750 -0.3750
v 6.0000 -0.0500 -0.3750
v 6.0000 -0.0250 -0.3750
v 6.0000 0.0000 -0.3750
v 6.0000 0.0250 -0.3750
v 6.0000 0.0500 -0.3750
v 6.0000 0.0750 -0.3750
v 6.0000 0.1000 -0.3750
v 6.0000 -0.1000 -0.7500
v 6.0000 -0.0750 -0.7500
v 6.0000 -0.0500 -0.7500
v 6.0000 -0.0250 -0.7500
v 6.0000 0.0000 -0.7500
v 6.0000 0.0250 -0.7500
v 6.0000 0.0500 -0.7500
v 6.0000 0.0750 -0.7500
v 6.0000 0.1000 -0.7500
v 6.0000 -0.1000 -1.1250
v 6.0000 -0.0750 -1.1250
v 6.0000 -0.0500 -1.1250
v 6.0000 -0.0250 -1.1250
v 6.0000 0.0000 -1.1250
v 6.0000 0.0250 -1.1250
v 6.0000 0.0500 -1.1250
v 6.0000 0.0750 -1.1250
v 6.0000 0.1000 -1.1250
v 6.0000 -0.1000 -1.5000
v 6.0000 -0.0750 -1.5000
v 6.0000 -0.0500 -1.5000
v 6.0000 -0.0250 -1.5000
v 6.0000 0.0000 -1.5000
v 6.0000 0.0250 -1.5000
v 6.0000 0.0500 -1.5000
v 6.0000 0.0750 -1.5000
v 6.0000 0.1000 -1.5000
v 6.0000 -0.1000 -1.8750
v 6.0000 -0.0750 -1.8750
v 6.0000 -0.0500 -1.8750
v 6.0000 -0.0250 -1.8750
v 6.0000 0.0000 -1.8750
v 6.0000 0.0250 -1.8750
v 6.0000 0.0500 -1.8750
v 6.0000 0.0750 -1.8750
v 6.0000 0.1000 -1.8750
v 6.0000 -0.1000 -2.2500
v 6.0000 -0.0750 -2.2500
v 6.0000 -0.0500 -2.2500
v 6.0000 -0.0250 -2.2500
v 6.0000 0.0000 -2.2500
v 6.0000 0.0250 -2.2500
v 6.0000 0.0500 -2.2500
v 6.0000 0.0750 -2.2500
v 6.0000 0.1000 -2.2500
v 6.0000 -0.1000 -2.6250
v 6.0000 -0.0750 -2.6250
v 6.0000 -0.0500 -2.6250
v 6.0000 -0.0250 -2.6250
v 6.0000 0.0000 -2.6250
v 6.0000 0.0250 -2.6250
v 6.0000 0.0500 -2.6250
v 6.0000 0.0750 -2.6250
v 6.0000 0.1000 -2.6250
v 6.0000 -0.1000 -3.0000
v 6.0000 -0.0750 -3.0000
v 6.0000 -0.0500 -3.0000
v 6.0000 -0.0250 -3.0000
v 6.0000 0.0000 -3.0000
v 6.0000 0.0250 -3.0000
v 6.0000 0.0500 -3.0000
v 6.0000 0.0750 -3.0000
v 6.0000 0.1000 -3.0000
v 3.0000 0.1000 -3.0000
v 3.0000 0.1000 -2.6250
v 3.0000 0.1000 -2.2500
v 3.0000 0.1000 -1.8750
v 3.0000 0.1000 -1.5000
v 3.0000 0.1000 -1.1250
v 3.0000 0.1000 -0.7500
v 3.0000 0.1000 -0.3750
v 3.0000 0.1000 0.0000
v 3.3750 0.1000 -3.0000
v 3.3750 0.1000 -2.6250
v 3.3750 0.1000 -2.2500
v 3.3750 0.1000 -1.8750
v 3.3750 0.1000 -1.5000
v 3.3750 0.1000 -1.1250
v 3.3750 0.1000 -0.7500
v 3.3750 0.1000 -0.3750
v 3.3750 0.1000 0.0000
v 3.7500 0.1000 -3.0000
v 3.7500 0.1000 -2.6250
v 3.7500 0.1000 -2.2500
v 3.7500 0.1000 -1.8750
v 3.7500 0.1000 -1.5000
v 3.7500 0.1000 -1.1250
v 3.7500 0.1000 -0.7500
v 3.7500 0.1000 -0.3750
v 3.7500 0.1000 0.0000
v 4.1250 0.1000 -3.0000
v 4.1250 0.1000 -2.6250
v 4.1250 0.1000 -2.2500
v 4.1250 0.1000 -1.8750
v 4.1250 0.1000 -1.5000
v 4.1250 0.1000 -1.1250
v 4.1250 0.1000 -0.7500
v 4.1250 0.1000 -0.3750
v 4.1250 0.1000 0.0000
v 4.5000 0.1000 -3.0000
v 4.5000 0.1000 -2.6250
v 4.5000 0.1000 -2.2500
v 4.5000 0.1000 -1.8750
v 4.5000 0.1000 -1.5000
v 4.5000 0.1000 -1.1250
v 4.5000 0.1000 -0.7500
v 4.5000 0.1000 -0.3750
v 4.5000 0.1000 0.0000
v 4.8750 0.1000 -3.0000
v 4.8750 0.1000 -2.6250
v 4.8750 0.1000 -2.2500
v 4.8750 0.1000 -1.8750
v 4.8750 0.1000 -1.5000
v 4.8750 0.1000 -1.1250
v 4.8750 0.1000 -0.7500
v 4.8750 0.1000 -0.3750
v 4.8750 0.1000 0.0000
v 5.2500 0.1000 -3.0000
v 5.2500 0.1000 -2.6250
v 5.2500 0.1000 -2.2500
v 5.2500 0.1000 -1.8750
v 5.2500 0.1000 -1.5000
v 5.2500 0.1000 -1.1250
v 5.2500 0.1000 -0.7500
v 5.2500 0.1000 -0.3750
v 5.2500 0.1000 0.0000
v 5.6250 0.1000 -3.0000
v 5.6250 0.1000 -2.6250
v 5.6250 0.1000 -2.2500
v 5.6250 0.1000 -1.8750
v 5.6250 0.1000 -1.5000
v 5.6250 0.1000 -1.1250
v 5.6250 0.1000 -0.7500
v 5.6250 0.1000 -0.3750
v 5.6250 0.1000 0.0000
v 6.0000 0.1000 -3.0000
v 6.0000 0.1000 -2.6250
v 6.0000 0.1000 -2.2500
v 6.0000 0.1000 -1.8750
v 6.0000 0.1000 -1.5000
v 6.0000 0.1000 -1.1250
v 6.0000 0.1000 -0.7500
v 6.0000 0.1000 -0.3750
v 6.0000 0.1000 0.0000
v 3.0000 -0.1000 0.0000
v 3.0000 -0.1000 -0.3750
v 3.0000 -0.1000 -0.7500
v 3.0000 -0.1000 -1.1250
v 3.0000 -0.1000 -1.5000
v 3.0000 -0.1000 -1.8750
v 3.0000 -0.1000 -2.2500
v 3.0000 -0.1000 -2.6250
v 3.0000 -0.1000 -3.0000
v 3.3750 -0.1000 0.0000
v 3.3750 -0.1000 -0.3750
v 3.3750 -0.1000 -0.7500
v 3.3750 -0.1000 -1.1250
v 3.3750 -0.1000 -1.5000
v 3.3750 -0.1000 -1.8750
v 3.3750 -0.1000 -2.2500
v 3.3750 -0.1000 -2.6250
v 3.3750 -0.1000 -3.0000
v 3.7500 -0.1000 0.0000
v 3.7500 -0.1000 -0.3750
v 3.7500 -0.1000 -0.7500
v 3.7500 -0.1000 -1.1250
v 3.7500 -0.1000 -1.5000
v 3.7500 -0.1000 -1.8750
v 3.7500 -0.1000 -2.2500
v 3.7500 -0.1000 -2.6250
v 3.7500 -0.1000 -3.0000
v 4.1250 -0.1000 0.0000
v 4.1250 -0.1000 -0.3750
v 4.1250 -0.1000 -0.7500
v 4.1250 -0.1000 -1.1250
v 4.1250 -0.1000 -1.5000
v 4.1250 -0.1000 -1.8750
v 4.1250 -0.1000 -2.2500
v 4.1250 -0.1000 -2.6250
v 4.1250 -0.1000 -3.0000
v 4.5000 -0.1000 0.0000
v 4.5000 -0.1000 -0.3750
v 4.5000 -0.1000 -0.7500
v 4.5000 -0.1000 -1.1250
v 4.5000 -0.1000 -1.5000
v 4.5000 -0.1000 -1.8750
v 4.5000 -0.1000 -2.2500
v 4.5000 -0.1000 -2.6250
v 4.5000 -0.1000 -3.0000
v 4.8750 -0.1000 0.0000
v 4.8750 -0.1000 -0.3750
v 4.8750 -0.1000 -0.7500
v 4.8750 -0.1000 -1.1250
v 4.8750 -0.1000 -1.5000
v 4.8750 -0.1000 -1.8750
v 4.8750 -0.1000 -2.2500
v 4.8750 -0.1000 -2.6250
v 4.8750 -0.1000 -3.0000
v 5.2500 -0.1000 0.0000
v 5.2500 -0.1000 -0.3750
v 5.2500 -0.1000 -0.7500
v 5.2500 -0.1000 -1.1250
v 5.2500 -0.1000 -1.5000
v 5.2500 -0.1000 -1.8750
v 5.2500 -0.1000 -2.2500
v 5.2500 -0.1000 -2.6250
v 5.2500 -0.1000 -3.0000
v 5.6250 -0.1000 0.0000
v 5.6250 -0.1000 -0.3750
v 5.6250 -0.1000 -0.7500
v 5.6250 -0.1000 -1.1250
v 5.6250 -0.1000 -1.5000
v 5.6250 -0.1000 -1.8750
v 5.6250 -0.1000 -2.2500
v 5.6250 -0.1000 -2.6250
v 5.6250 -0.1000 -3.0000
v 6.0000 -0.1000 0.0000
v 6.0000 -0.1000 -0.3750
v 6.0000 -0.1000 -0.7500
v 6.0000 -0.1000 -1.1250
v 6.0000 -0.1000 -1.5000
v 6.0000 -0.1000 -1.8750
v 6.0000 -0.1000 -2.2500
v 6.0000 -0.1000 -2.6250
v 6.0000 -0.1000 -3.0000
f 6319 6320 6329
f 6319 6329 6328
f 6320 6321 6330
f 6320 6330 6329
f 6321 6322 6331
f 6321 6331 6330
f 6322 6323 6332
f 6322 6332 6331
f 6323 6324 6333
f 6323 6333 6332
f 6324 6325 6334
f 6324 6334 6333
f 6325 6326 6335
f 6325 6335 6334
f 6326 6327 6336
f 6326 6336 6335
f 6328 6329 6338
f 6328 6338 6337
f 6329 6330 6339
f 6329 6339 6338
f 6330 6331 6340
f 6330 6340 6339
f 6331 6332 6341
f 6331 6341 6340
f 6332 6333 6342
f 6332 6342 6341
f 6333 6334 6343
f 6333 6343 6342
f 6334 6335 6344
f 6334 6344 6343
f 6335 6336 6345
f 6335 6345 6344
f 6337 6338 6347
f 6337 6347 6346
f 6338 6339 6348
f 6338 6348 6347
f 6339 6340 6349
f 6339 6349 6348
f 6340 6341 6350
f 6340 6350 6349
f 6341 6342 6351
f 6341 6351 6350
f 6342 6343 6352
f 6342 6352 6351
f 6343 6344 6353
f 6343 6353 6352
f 6344 6345 6354
f 6344 6354 6353
f 6346 6347 6356
f 6346 6356 6355
f 6347 6348 6357
f 6347 6357 6356
f 6348 6349 6358
f 6348 6358 6357
f 6349 6350 6359
f 6349 6359 6358
f 6350 6351 6360
f 6350 6360 6359
f 6351 6352 6361
f 6351 6361 6360
f 6352 6353 6362
f 6352 6362 6361
f 6353 6354 6363
f 6353 6363 6362
f 6355 6356 6365
f 6355 6365 6364
f 6356 6357 6366
f 6356 6366 6365
f 6357 6358 6367
f 6357 6367 6366
f 6358 6359 6368
f 6358 6368 6367
f 6359 6360 6369
f 6359 6369 6368
f 6360 6361 6370
f 6360 6370 6369
f 6361 6362 6371
f 6361 6371 6370
f 6362 6363 6372
f 6362 6372 6371
f 6364 6365 6374
f 6364 6374 6373
f 6365 6366 6375
f 6365 6375 6374
f 6366 6367 6376
f 6366 6376 6375
f 6367 6368 6377
f 6367 6377 6376
f 6368 6369 6378
f 6368 6378 6377
f 6369 6370 6379
f 6369 6379 6378
f 6370 6371 6380
f 6370 6380 6379
f 6371 6372 6381
f 6371 6381 6380
f 6373 6374 6383
f 6373 6383 6382
f 6374 6375 6384
f 6374 6384 6383
f 6375 6376 6385
f 6375 6385 6384
f 6376 6377 6386
f 6376 6386 6385
f 6377 6378 6387
f 6377 6387 6386
f 6378 6379 6388
f 6378 6388 6387
f 6379 6380 6389
f 6379 6389 6388
f 6380 6381 6390
f 6380 6390 6389
f 6382 6383 6392
f 6382 6392 6391
f 6383 6384 6393
f 6383 6393 6392
f 6384 6385 6394
f 6384 6394 6393
f 6385 6386 6395
f 6385 6395 6394
f 6386 6387 6396
f 6386 6396 6395
f 6387 6388 6397
f 6387 6397 6396
f 6388 6389 6398
f 6388 6398 6397
f 6389 6390 6399
f 6389 6399 6398
f 6400 6401 6410
f 6400 6410 6409
f 6401 6402 6411
f 6401 6411 6410
f 6402 6403 6412
f 6402 6412 6411
f 6403 6404 6413
f 6403 6413 6412
f 6404 6405 6414
f 6404 6414 6413
f 6405 6406 6415
f 6405 6415 6414
f 6406 6407 6416
f 6406 6416 6415
f 6407 6408 6417
f 6407 6417 6416
f 6409 6410 6419
f 6409 6419 6418
f 6410 6411 6420
f 6410 6420 6419
f 6411 6412 6421
f 6411 6421 6420
f 6412 6413 6422
f 6412 6422 6421
f 6413 6414 6423
f 6413 6423 6422
f 6414 6415 6424
f 6414 6424 6423
f 6415 6416 6425
f 6415 6425 6424
f 6416 6417 6426
f 6416 6426 6425
f 6418 6419 6428
f 6418 6428 6427
f 6419 6420 6429
f 6419 6429 6428
f 6420 6421 6430
f 6420 6430 6429
f 6421 6422 6431
f 6421 6431 6430
f 6422 6423 6432
f 6422 6432 6431
f 6423 6424 6433
f 6423 6433 6432
f 6424 6425 6434
f 6424 6434 6433
f 6425 6426 6435
f 6425 6435 6434
f 6427 6428 6437
f 6427 6437 6436
f 6428 6429 6438
f 6428 6438 6437
f 6429 6430 6439
f 6429 6439 6438
f 6430 6431 6440
f 6430 6440 6439
f 6431 6432 6441
f 6431 6441 6440
f 6432 6433 6442
f 6432 6442 6441
f 6433 6434 6443
f 6433 6443 6442
f 6434 6435 6444
f 6434 6444 6443
f 6436 6437 6446
f 6436 6446 6445
f 6437 6438 6447
f 6437 6447 6446
f 6438 6439 6448
f 6438 6448 6447
f 6439 6440 6449
f 6439 6449 6448
f 6440 6441 6450
f 6440 6450 6449
f 6441 6442 6451
f 6441 6451 6450
f 6442 6443 6452
f 6442 6452 6451
f 6443 6444 6453
f 6443 6453 6452
f 6445 6446 6455
f 6445 6455 6454
f 6446 6447 6456
f 6446 6456 6455
f 6447 6448 6457
f 6447 6457 6456
f 6448 6449 6458
f 6448 6458 6457
f 6449 6450 6459
f 6449 6459 6458
f 6450 6451 6460
f 6450 6460 6459
f 6451 6452 6461
f 6451 6461 6460
f 6452 6453 6462
f 6452 6462 6461
f 6454 6455 6464
f 6454 6464 6463
f 6455 6456 6465
f 6455 6465 6464
f 6456 6457 6466
f 6456 6466 6465
f 6457 6458 6467
f 6457 6467 6466
f 6458 6459 6468
f 6458 6468 6467
f 6459 6460 6469
f 6459 6469 6468
f 6460 6461 6470
f 6460 6470 6469
f 6461 6462 6471
f 6461 6471 6470
f 6463 6464 6473
f 6463 6473 6472
f 6464 6465 6474
f 6464 6474 6473
f 6465 6466 6475
f 6465 6475 6474
f 6466 6467 6476
f 6466 6476 6475
f 6467 6468 6477
f 6467 6477 6476
f 6468 6469 6478
f 6468 6478 6477
f 6469 6470 6479
f 6469 6479 6478
f 6470 6471 6480
f 6470 6480 6479
f 6481 6482 6491
f 6481 6491 6490
f 6482 6483 6492
f 6482 6492 6491
f 6483 6484 6493
f 6483 6493 6492
f 6484 6485 6494
f 6484 6494 6493
f 6485 6486 6495
f 6485 6495 6494
f 6486 6487 6496
f 6486 6496 6495
f 6487 6488 6497
f 6487 6497 6496
f 6488 6489 6498
f 6488 6498 6497
f 6490 6491 6500
f 6490 6500 6499
f 6491 6492 6501
f 6491 6501 6500
f 6492 6493 6502
f 6492 6502 6501
f 6493 6494 6503
f 6493 6503 6502
f 6494 6495 6504
f 6494 6504 6503
f 6495 6496 6505
f 6495 6505 6504
f 6496 6497 6506
f 6496 6506 6505
f 6497 6498 6507
f 6497 6507 6506
f 6499 6500 6509
f 6499 6509 6508
f 6500 6501 6510
f 6500 6510 6509
f 6501 6502 6511
f 6501 6511 6510
f 6502 6503 6512
f 6502 6512 6511
f 6503 6504 6513
f 6503 6513 6512
f 6504 6505 6514
f 6504 6514 6513
f 6505 6506 6515
f 6505 6515 6514
f 6506 6507 6516
f 6506 6516 6515
f 6508 6509 6518
f 6508 6518 6517
f 6509 6510 6519
f 6509 6519 6518
f 6510 6511 6520
f 6510 6520 6519
f 6511 6512 6521
f 6511 6521 6520
f 6512 6513 6522
f 6512 6522 6521
f 6513 6514 6523
f 6513 6523 6522
f 6514 6515 6524
f 6514 6524 6523
f 6515 6516 6525
f 6515 6525 6524
f 6517 6518 6527
f 6517 6527 6526
f 6518 6519 6528
f 6518 6528 6527
f 6519 6520 6529
f 6519 6529 6528
f 6520 6521 6530
f 6520 6530 6529
f 6521 6522 6531
f 6521 6531 6530
f 6522 6523 6532
f 6522 6532 6531
f 6523 6524 6533
f 6523 6533 6532
f 6524 6525 6534
f 6524 6534 6533
f 6526 6527 6536
f 6526 6536 6535
f 6527 6528 6537
f 6527 6537 6536
f 6528 6529 6538
f 6528 6538 6537
f 6529 6530 6539
f 6529 6539 6538
f 6530 6531 6540
f 6530 6540 6539
f 6531 6532 6541
f 6531 6541 6540
f 6532 6533 6542
f 6532 6542 6541
f 6533 6534 6543
f 6533 6543 6542
f 6535 6536 6545
f 6535 6545 6544
f 6536 6537 6546
f 6536 6546 6545
f 6537 6538 6547
f 6537 6547 6546
f 6538 6539 6548
f 6538 6548 6547
f 6539 6540 6549
f 6539 6549 6548
f 6540 6541 6550
f 6540 6550 6549
f 6541 6542 6551
f 6541 6551 6550
f 6542 6543 6552
f 6542 6552 6551
f 6544 6545 6554
f 6544 6554 6553
f 6545 6546 6555
f 6545 6555 6554
f 6546 6547 6556
f 6546 6556 6555
f 6547 6548 6557
f 6547 6557 6556
f 6548 6549 6558
f 6548 6558 6557
f 6549 6550 6559
f 6549 6559 6558
f 6550 6551 6560
f 6550 6560 6559
f 6551 6552 6561
f 6551 6561 6560
f 6562 6563 6572
f 6562 6572 6571
f 6563 6564 6573
f 6563 6573 6572
f 6564 6565 6574
f 6564 6574 6573
f 6565 6566 6575
f 6565 6575 6574
f 6566 6567 6576
f 6566 6576 6575
f 6567 6568 6577
f 6567 6577 6576
f 6568 6569 6578
f 6568 6578 6577
f 6569 6570 6579
f 6569 6579 6578
f 6571 6572 6581
f 6571 6581 6580
f 6572 6573 6582
f 6572 6582 6581
f 6573 6574 6583
f 6573 6583 6582
f 6574 6575 6584
f 6574 6584 6583
f 6575 6576 6585
f 6575 6585 6584
f 6576 6577 6586
f 6576 6586 6585
f 6577 6578 6587
f 6577 6587 6586
f 6578 6579 6588
f 6578 6588 6587
f 6580 6581 6590
f 6580 6590 6589
f 6581 6582 6591
f 6581 6591 6590
f 6582 6583 6592
f 6582 6592 6591
f 6583 6584 6593
f 6583 6593 6592
f 6584 6585 6594
f 6584 6594 6593
f 6585 6586 6595
f 6585 6595 6594
f 6586 6587 6596
f 6586 6596 6595
f 6587 6588 6597
f 6587 6597 6596
f 6589 6590 6599
f 6589 6599 6598
f 6590 6591 6600
f 6590 6600 6599
f 6591 6592 6601
f 6591 6601 6600
f 6592 6593 6602
f 6592 6602 6601
f 6593 6594 6603
f 6593 6603 6602
f 6594 6595 6604
f 6594 6604 6603
f 6595 6596 6605
f 6595 6605 6604
f 6596 6597 6606
f 6596 6606 6605
f 6598 6599 6608
f 6598 6608 6607
f 6599 6600 6609
f 6599 6609 6608
f 6600 6601 6610
f 6600 6610 6609
f 6601 6602 6611
f 6601 6611 6610
f 6602 6603 6612
f 6602 6612 6611
f 6603 6604 6613
f 6603 6613 6612
f 6604 6605 6614
f 6604 6614 6613
f 6605 6606 6615
f 6605 6615 6614
f 6607 6608 6617
f 6607 6617 6616
f 6608 6609 6618
f 6608 6618 6617
f 6609 6610 6619
f 6609 6619 6618
f 6610 6611 6620
f 6610 6620 6619
f 6611 6612 6621
f 6611 6621 6620
f 6612 6613 6622
f 6612 6622 6621
f 6613 6614 6623
f 6613 6623 6622
f 6614 6615 6624
f 6614 6624 6623
f 6616 6617 6626
f 6616 6626 6625
f 6617 6618 6627
f 6617 6627 6626
f 6618 6619 6628
f 6618 6628 6627
f 6619 6620 6629
f 6619 6629 6628
f 6620 6621 6630
f 6620 6630 6629
f 6621 6622 6631
f 6621 6631 6630
f 6622 6623 6632
f 6622 6632 6631
f 6623 6624 6633
f 6623 6633 6632
f 6625 6626 6635
f 6625 6635 6634
f 6626 6627 6636
f 6626 6636 6635
f 6627 6628 6637
f 6627 6637 6636
f 6628 6629 6638
f 6628 6638 6637
f 6629 6630 6639
f 6629 6639 6638
f 6630 6631 6640
f 6630 6640 6639
f 6631 6632 6641
f 6631 6641 6640
f 6632 6633 6642
f 6632 6642 6641
f 6643 6644 6653
f 6643 6653 6652
f 6644 6645 6654
f 6644 6654 6653
f 6645 6646 6655
f 6645 6655 6654
f 6646 6647 6656
f 6646 6656 6655
f 6647 6648 6657
f 6647 6657 6656
f 6648 6649 6658
f 6648 6658 6657
f 6649 6650 6659
f 6649 6659 6658
f 6650 6651 6660
f 6650 6660 6659
f 6652 6653 6662
f 6652 6662 6661
f 6653 6654 6663
f 6653 6663 6662
f 6654 6655 6664
f 6654 6664 6663
f 6655 6656 6665
f 6655 6665 6664
f 6656 6657 6666
f 6656 6666 6665
f 6657 6658 6667
f 6657 6667 6666
f 6658 6659 6668
f 6658 6668 6667
f 6659 6660 6669
f 6659 6669 6668
f 6661 6662 6671
f 6661 6671 6670
f 6662 6663 6672
f 6662 6672 6671
f 6663 6664 6673
f 6663 6673 6672
f 6664 6665 6674
f 6664 6674 6673
f 6665 6666 6675
f 6665 6675 6674
f 6666 6667 6676
f 6666 6676 6675
f 6667 6668 6677
f 6667 6677 6676
f 6668 6669 6678
f 6668 6678 6677
f 6670 6671 6680
f 6670 6680 6679
f 6671 6672 6681
f 6671 6681 6680
f 6672 6673 6682
f 6672 6682 6681
f 6673 6674 6683
f 6673 6683 6682
f 6674 6675 6684
f 6674 6684 6683
f 6675 6676 6685
f 6675 6685 6684
f 6676 6677 6686
f 6676 6686 6685
f 6677 6678 6687
f 6677 6687 6686
f 6679 6680 6689
f 6679 6689 6688
f 6680 6681 6690
f 6680 6690 6689
f 6681 6682 6691
f 6681 6691 6690
f 6682 6683 6692
f 6682 6692 6691
f 6683 6684 6693
f 6683 6693 6692
f 6684 6685 6694
f 6684 6694 6693
f 6685 6686 6695
f 6685 6695 6694
f 6686 6687 6696
f 6686 6696 6695
f 6688 6689 6698
f 6688 6698 6697
f 6689 6690 6699
f 6689 6699 6698
f 6690 6691 6700
f 6690 6700 6699
f 6691 6692 6701
f 6691 6701 6700
f 6692 6693 6702
f 6692 6702 6701
f 6693 6694 6703
f 6693 6703 6702
f 6694 6695 6704
f 6694 6704 6703
f 6695 6696 6705
f 6695 6705 6704
f 6697 6698 6707
f 6697 6707 6706
f 6698 6699 6708
f 6698 6708 6707
f 6699 6700 6709
f 6699 6709 6708
f 6700 6701 6710
f 6700 6710 6709
f 6701 6702 6711
f 6701 6711 6710
f 6702 6703 6712
f 6702 6712 6711
f 6703 6704 6713
f 6703 6713 6712
f 6704 6705 6714
f 6704 6714 6713
f 6706 6707 6716
f 6706 6716 6715
f 6707 6708 6717
f 6707 6717 6716
f 6708 6709 6718
f 6708 6718 6717
f 6709 6710 6719
f 6709 6719 6718
f 6710 6711 6720
f 6710 6720 6719
f 6711 6712 6721
f 6711 6721 6720
f 6712 6713 6722
f 6712 6722 6721
f 6713 6714 6723
f 6713 6723 6722
f 6724 6725 6734
f 6724 6734 6733
f 6725 6726 6735
f 6725 6735 6734
f 6726 6727 6736
f 6726 6736 6735
f 6727 6728 6737
f 6727 6737 6736
f 6728 6729 6738
f 6728 6738 6737
f 6729 6730 6739
f 6729 6739 6738
f 6730 6731 6740
f 6730 6740 6739
f 6731 6732 6741
f 6731 6741 6740
f 6733 6734 6743
f 6733 6743 6742
f 6734 6735 6744
f 6734 6744 6743
f 6735 6736 6745
f 6735 6745 6744
f 6736 6737 6746
f 6736 6746 6745
f 6737 6738 6747
f 6737 6747 6746
f 6738 6739 6748
f 6738 6748 6747
f 6739 6740 6749
f 6739 6749 6748
f 6740 6741 6750
f 6740 6750 6749
f 6742 6743 6752
f 6742 6752 6751
f 6743 6744 6753
f 6743 6753 6752
f 6744 6745 6754
f 6744 6754 6753
f 6745 6746 6755
f 6745 6755 6754
f 6746 6747 6756
f 6746 6756 6755
f 6747 6748 6757
f 6747 6757 6756
f 6748 6749 6758
f 6748 6758 6757
f 6749 6750 6759
f 6749 6759 6758
f 6751 6752 6761
f 6751 6761 6760
f 6752 6753 6762
f 6752 6762 6761
f 6753 6754 6763
f 6753 6763 6762
f 6754 6755 6764
f 6754 6764 6763
f 6755 6756 6765
f 6755 6765 6764
f 6756 6757 6766
f 6756 6766 6765
f 6757 6758 6767
f 6757 6767 6766
f 6758 6759 6768
f 6758 6768 6767
f 6760 6761 6770
f 6760 6770 6769
f 6761 6762 6771
f 6761 6771 6770
f 6762 6763 6772
f 6762 6772 6771
f 6763 6764 6773
f 6763 6773 6772
f 6764 6765 6774
f 6764 6774 6773
f 6765 6766 6775
f 6765 6775 6774
f 6766 6767 6776
f 6766 6776 6775
f 6767 6768 6777
f 6767 6777 6776
f 6769 6770 6779
f 6769 6779 6778
f 6770 6771 6780
f 6770 6780 6779
f 6771 6772 6781
f 6771 6781 6780
f 6772 6773 6782
f 6772 6782 6781
f 6773 6774 6783
f 6773 6783 6782
f 6774 6775 6784
f 6774 6784 6783
f 6775 6776 6785
f 6775 6785 6784
f 6776 6777 6786
f 6776 6786 6785
f 6778 6779 6788
f 6778 6788 6787
f 6779 6780 6789
f 6779 6789 6788
f 6780 6781 6790
f 6780 6790 6789
f 6781 6782 6791
f 6781 6791 6790
f 6782 6783 6792
f 6782 6792 6791
f 6783 6784 6793
f 6783 6793 6792
f 6784 6785 6794
f 6784 6794 6793
f 6785 6786 6795
f 6785 6795 6794
f 6787 6788 6797
f 6787 6797 6796
f 6788 6789 6798
f 6788 6798 6797
f 6789 6790 6799
f 6789 6799 6798
f 6790 6791 6800
f 6790 6800 6799
f 6791 6792 6801
f 6791 6801 6800
f 6792 6793 6802
f 6792 6802 6801
f 6793 6794 6803
f 6793 6803 6802
f 6794 6795 6804
f 6794 6804 6803
g 바닥_14
v 3.0000 -0.1000 3.0000
v 3.0000 -0.0750 3.0000
v 3.0000 -0.0500 3.0000
v 3.0000 -0.0250 3.0000
v 3.0000 0.0000 3.0000
v 3.0000 0.0250 3.0000
v 3.0000 0.0500 3.0000
v 3.0000 0.0750 3.0000
v 3.0000 0.1000 3.0000
v 3.3750 -0.1000 3.0000
v 3.3750 -0.0750 3.0000
v 3.3750 -0.0500 3.0000
v 3.3750 -0.0250 3.0000
v 3.3750 0.0000 3.0000
v 3.3750 0.0250 3.0000
v 3.3750 0.0500 3.0000
v 3.3750 0.0750 3.0000
v 3.3750 0.1000 3.0000
v 3.7500 -0.1000 3.0000
v 3.7500 -0.0750 3.0000
v 3.7500 -0.0500 3.0000
v 3.7500 -0.0250 3.0000
v 3.7500 0.0000 3.0000
v 3.7500 0.0250 3.0000
v 3.7500 0.0500 3.0000
v 3.7500 0.0750 3.0000
v 3.7500 0.1000 3.0000
v 4.1250 -0.1000 3.0000
v 4.1250 -0.0750 3.0000
v 4.1250 -0.0500 3.0000
v 4.1250 -0.0250 3.0000
v 4.1250 0.0000 3.0000
v 4.1250 0.0250 3.0000
v 4.1250 0.0500 3.0000
v 4.1250 0.0750 3.0000
v 4.1250 0.1000 3.0000
v 4.5000 -0.1000 3.0000
v 4.5000 -0.0750 3.0000
v 4.5000 -0.0500 3.0000
v 4.5000 -0.0250 3.0000
v 4.5000 0.0000 3.0000
v 4.5000 0.0250 3.0000
v 4.5000 0.0500 3.0000
v 4.5000 0.0750 3.0000
v 4.5000 0.1000 3.0000
v 4.8750 -0.1000 3.0000
v 4.8750 -0.0750 3.0000
v 4.8750 -0.0500 3.0000
v 4.8750 -0.0250 3.0000
v 4.8750 0.0000 3.0000
v 4.8750 0.0250 3.0000
v 4.8750 0.0500 3.0000
v 4.8750 0.0750 3.0000
v 4.8750 0.1000 3.0000
v 5.2500 -0.1000 3.0000
v 5.2500 -0.0750 3.0000
v 5.2500 -0.0500 3.0000
v 5.2500 -0.0250 3.0000
v 5.2500 0.0000 3.0000
v 5.2500 0.0250 3.0000
v 5.2500 0.0500 3.0000
v 5.2500 0.0750 3.0000
v 5.2500 0.1000 3.0000
v 5.6250 -0.1000 3.0000
v 5.6250 -0.0750 3.0000
v 5.6250 -0.0500 3.0000
v 5.6250 -0.0250 3.0000
v 5.6250 0.0000 3.0000
v 5.6250 0.0250 3.0000
v 5.6250 0.0500 3.0000
v 5.6250 0.0750 3.0000
v 5.6250 0.1000 3.0000
v 6.0000 -0.1000 3.0000
v 6.0000 -0.0750 3.0000
v 6.0000 -0.0500 3.0000
v 6.0000 -0.0250 3.0000
v 6.0000 0.0000 3.0000
v 6.0000 0.0250 3.0000
v 6.0000 0.0500 3.0000
v 6.0000 0.0750 3.0000
v 6.0000 0.1000 3.0000
v 6.0000 -0.1000 0.0000
v 6.0000 -0.0750 0.0000
v 6.0000 -0.0500 0.0000
v 6.0000 -0.0250 0.0000
v 6.0000 0.0000 0.0000
v 6.0000 0.0250 0.0000
v 6.0000 0.0500 0.0000
v 6.0000 0.0750 0.0000
v 6.0000 0.1000 0.0000
v 5.6250 -0.1000 0.0000
v 5.6250 -0.0750 0.0000
v 5.6250 -0.0500 0.0000
v 5.6250 -0.0250 0.0000
v 5.6250 0.0000 0.0000
v 5.6250 0.0250 0.0000
v 5.6250 0.0500 0.0000
v 5.6250 0.0750 0.0000
v 5.6250 0.1000 0.0000
v 5.2500 -0.1000 0.0000
v 5.2500 -0.0750 0.0000
v 5.2500 -0.0500 0.0000
v 5.2500 -0.0250 0.0000
v 5.2500 0.0000 0.0000
v 5.2500 0.0250 0.0000
v 5.2500 0.0500 0.0000
v 5.2500 0.0750 0.0000
v 5.2500 0.1000 0.0000
v 4.8750 -0.1000 0.0000
v 4.8750 -0.0750 0.0000
v 4.8750 -0.0500 0.0000
v 4.8750 -0.0250 0.0000
v 4.8750 0.0000 0.0000
v 4.8750 0.0250 0.0000
v 4.8750 0.0500 0.0000
v 4.8750 0.0750 0.0000
v 4.8750 0.1000 0.0000
v 4.5000 -0.1000 0.0000
v 4.5000 -0.0750 0.0000
v 4.5000 -0.0500 0.0000
v 4.5000 -0.0250 0.0000
v 4.5000 0.0000 0.0000
v 4.5000 0.0250 0.0000
v 4.5000 0.0500 0.0000
v 4.5000 0.0750 0.0000
v 4.5000 0.1000 0.0000
v 4.1250 -0.1000 0.0000
v 4.1250 -0.0750 0.0000
v 4.1250 -0.0500 0.0000
v 4.1250 -0.0250 0.0000
v 4.1250 0.0000 0.0000
v 4.1250 0.0250 0.0000
v 4.1250 0.0500 0.0000
v 4.1250 0.0750 0.0000
v 4.1250 0.1000 0.0000
v 3.7500 -0.1000 0.0000
v 3.7500 -0.0750 0.0000
v 3.7500 -0.0500 0.0000
v 3.7500 -0.0250 0.0000
v 3.7500 0.0000 0.0000
v 3.7500 0.0250 0.0000
v 3.7500 0.0500 0.0000
v 3.7500 0.0750 0.0000
v 3.7500 0.1000 0.0000
v 3.3750 -0.1000 0.0000
v 3.3750 -0.0750 0.0000
v 3.3750 -0.0500 0.0000
v 3.3750 -0.0250 0.0000
v 3.3750 0.0000 0.0000
v 3.3750 0.0250 0.0000
v 3.3750 0.0500 0.0000
v 3.3750 0.0750 0.0000
v 3.3750 0.1000 0.0000
v 3.0000 -0.1000 0.0000
v 3.0000 -0.0750 0.0000
v 3.0000 -0.0500 0.0000
v 3.0000 -0.0250 0.0000
v 3.0000 0.0000 0.0000
v 3.0000 0.0250 0.0000
v 3.0000 0.0500 0.0000
v 3.0000 0.0750 0.0000
v 3.0000 0.1000 0.0000
v 3.0000 -0.1000 0.0000
v 3.0000 -0.0750 0.0000
v 3.0000 -0.0500 0.0000
v 3.0000 -0.0250 0.0000
v 3.0000 0.0000 0.0000
v 3.0000 0.0250 0.0000
v 3.0000 0.0500 0.0000
v 3.0000 0.0750 0.0000
v 3.0000 0.1000 0.0000
v 3.0000 -0.1000 0.3750
v 3.0000 -0.0750 0.3750
v 3.0000 -0.0500 0.3750
v 3.0000 -0.0250 0.3750
v 3.0000 0.0000 0.3750
v 3.0000 0.0250 0.3750
v 3.0000 0.0500 0.3750
v 3.0000 0.0750 0.3750
v 3.0000 0.1000 0.3750
v 3.0000 -0.1000 0.7500
v 3.0000 -0.0750 0.7500
v 3.0000 -0.0500 0.7500
v 3.0000 -0.0250 0.7500
v 3.0000 0.0000 0.7500
v 3.0000 0.0250 0.7500
v 3.0000 0.0500 0.7500
v 3.0000 0.0750 0.7500
v 3.0000 0.1000 0.7500
v 3.0000 -0.1000 1.1250
v 3.0000 -0.0750 1.1250
v 3.0000 -0.0500 1.1250
v 3.0000 -0.0250 1.1250
v 3.0000 0.0000 1.1250
v 3.0000 0.0250 1.1250
v 3.0000 0.0500 1.1250
v 3.0000 0.0750 1.1250
v 3.0000 0.1000 1.1250
v 3.0000 -0.1000 1.5000
v 3.0000 -0.0750 1.5000
v 3.0000 -0.0500 1.5000
v 3.0000 -0.0250 1.5000
v 3.0000 0.0000 1.5000
v 3.0000 0.0250 1.5000
v 3.0000 0.0500 1.5000
v 3.0000 0.0750 1.5000
v 3.0000 0.1000 1.5000
v 3.0000 -0.1000 1.8750
v 3.0000 -0.0750 1.8750
v 3.0000 -0.0500 1.8750
v 3.0000 -0.0250 1.8750
v 3.0000 0.0000 1.8750
v 3.0000 0.0250 1.8750
v 3.0000 0.0500 1.8750
v 3.0000 0.0750 1.8750
v 3.0000 0.1000 1.8750
v 3.0000 -0.1000 2.2500
v 3.0000 -0.0750 2.2500
v 3.0000 -0.0500 2.2500
v 3.0000 -0.0250 2.2500
v 3.0000 0.0000 2.2500
v 3.0000 0.0250 2.2500
v 3.0000 0.0500 2.2500
v 3.0000 0.0750 2.2500
v 3.0000 0.1000 2.2500
v 3.0000 -0.1000 2.6250
v 3.0000 -0.0750 2.6250
v 3.0000 -0.0500 2.6250
v 3.0000 -0.0250 2.6250
v 3.0000 0.0000 2.6250
v 3.0000 0.0250 2.6250
v 3.0000 0.0500 2.6250
v 3.0000 0.0750 2.6250
v 3.0000 0.1000 2.6250
v 3.0000 -0.1000 3.0000
v 3.0000 -0.0750 3.0000
v 3.0000 -0.0500 3.0000
v 3.0000 -0.0250 3.0000
v 3.0000 0.0000 3.0000
v 3.0000 0.0250 3.0000
v 3.0000 0.0500 3.0000
v 3.0000 0.0750 3.0000
v 3.0000 0.1000 3.0000
v 6.0000 -0.1000 3.0000
v 6.0000 -0.0750 3.0000
v 6.0000 -0.0500 3.0000
v 6.0000 -0.0250 3.0000
v 6.0000 0.0000 3.0000
v 6.0000 0.0250 3.0000
v 6.0000 0.0500 3.0000
v 6.0000 0.0750 3.0000
v 6.0000 0.1000 3.0000
v 6.0000 -0.1000 2.6250
v 6.0000 -0.0750 2.6250
v 6.0000 -0.0500 2.6250
v 6.0000 -0.0250 2.6250
v 6.0000 0.0000 2.6250
v 6.0000 0.0250 2.6250
v 6.0000 0.0500 2.6250
v 6.0000 0.0750 2.6250
v 6.0000 0.1000 2.6250
v 6.0000 -0.1000 2.2500
v 6.0000 -0.0750 2.2500
v 6.0000 -0.0500 2.2500
v 6.0000 -0.0250 2.2500
v 6.0000 0.0000 2.2500
v 6.0000 0.0250 2.2500
v 6.0000 0.0500 2.2500
v 6.0000 0.0750 2.2500
v 6.0000 0.1000 2.2500
v 6.0000 -0.1000 1.8750
v 6.0000 -0.0750 1.8750
v 6.0000 -0.0500 1.8750
v 6.0000 -0.0250 1.8750
v 6.0000 0.0000 1.8750
v 6.0000 0.0250 1.8750
v 6.0000 0.0500 1.8750
v 6.0000 0.0750 1.8750
v 6.0000 0.1000 1.8750
v 6.0000 -0.1000 1.5000
v 6.0000 -0.0750 1.5000
v 6.0000 -0.0500 1.5000
v 6.0000 -0.0250 1.5000
v 6.0000 0.0000 1.5000
v 6.0000 0.0250 1.5000
v 6.0000 0.0500 1.5000
v 6.0000 0.0750 1.5000
v 6.0000 0.1000 1.5000
v 6.0000 -0.1000 1.1250
v 6.0000 -0.0750 1.1250
v 6.0000 -0.0500 1.1250
v 6.0000 -0.0250 1.1250
v 6.0000 0.0000 1.1250
v 6.0000 0.0250 1.1250
v 6.0000 0.0500 1.1250
v 6.0000 0.0750 1.1250
v 6.0000 0.1000 1.1250
v 6.0000 -0.1000 0.7500
v 6.0000 -0.0750 0.7500
v 6.0000 -0.0500 0.7500
v 6.0000 -0.0250 0.7500
v 6.0000 0.0000 0.7500
v 6.0000 0.0250 0.7500
v 6.0000 0.0500 0.7500
v 6.0000 0.0750 0.7500
v 6.0000 0.1000 0.7500
v 6.0000 -0.1000 0.3750
v 6.0000 -0.0750 0.3750
v 6.0000 -0.0500 0.3750
v 6.0000 -0.0250 0.3750
v 6.0000 0.0000 0.3750
v 6.0000 0.0250 0.3750
v 6.0000 0.0500 0.3750
v 6.0000 0.0750 0.3750
v 6.0000 0.1000 0.3750
v 6.0000 -0.1000 0.0000
v 6.0000 -0.0750 0.0000
v 6.0000 -0.0500 0.0000
v 6.0000 -0.0250 0.0000
v 6.0000 0.0000 0.0000
v 6.0000 0.0250 0.0000
v 6.0000 0.0500 0.0000
v 6.0000 0.0750 0.0000
v 6.0000 0.1000 0.0000
v 3.0000 0.1000 0.0000
v 3.0000 0.1000 0.3750
v 3.0000 0.1000 0.7500
v 3.0000 0.1000 1.1250
v 3.0000 0.1000 1.5000
v 3.0000 0.1000 1.8750
v 3.0000 0.1000 2.2500
v 3.0000 0.1000 2.6250
v 3.0000 0.1000 3.0000
v 3.3750 0.1000 0.0000
v 3.3750 0.1000 0.3750
v 3.3750 0.1000 0.7500
v 3.3750 0.1000 1.1250
v 3.3750 0.1000 1.5000
v 3.3750 0.1000 1.8750
v 3.3750 0.1000 2.2500
v 3.3750 0.1000 2.6250
v 3.3750 0.1000 3.0000
v 3.7500 0.1000 0.0000
v 3.7500 0.1000 0.3750
v 3.7500 0.1000 0.7500
v 3.7500 0.1000 1.1250
v 3.7500 0.1000 1.5000
v 3.7500 0.1000 1.8750
v 3.7500 0.1000 2.2500
v 3.7500 0.1000 2.6250
v 3.7500 0.1000 3.0000
v 4.1250 0.1000 0.0000
v 4.1250 0.1000 0.3750
v 4.1250 0.1000 0.7500
v 4.1250 0.1000 1.1250
v 4.1250 0.1000 1.5000
v 4.1250 0.1000 1.8750
v 4.1250 0.1000 2.2500
v 4.1250 0.1000 2.6250
v 4.1250 0.1000 3.0000
v 4.5000 0.1000 0.0000
v 4.5000 0.1000 0.3750
v 4.5000 0.1000 0.7500
v 4.5000 0.1000 1.1250
v 4.5000 0.1000 1.5000
v 4.5000 0.1000 1.8750
v 4.5000 0.1000 2.2500
v 4.5000 0.1000 2.6250
v 4.5000 0.1000 3.0000
v 4.8750 0.1000 0.0000
v 4.8750 0.1000 0.3750
v 4.8750 0.1000 0.7500
v 4.8750 0.1000 1.1250
v 4.8750 0.1000 1.5000
v 4.8750 0.1000 1.8750
v 4.8750 0.1000 2.2500
v 4.8750 0.1000 2.6250
v 4.8750 0.1000 3.0000
v 5.2500 0.1000 0.0000
v 5.2500 0.1000 0.3750
v 5.2500 0.1000 0.7500
v 5.2500 0.1000 1.1250
v 5.2500 0.1000 1.5000
v 5.2500 0.1000 1.8750
v 5.2500 0.1000 2.2500
v 5.2500 0.1000 2.6250
v 5.2500 0.1000 3.0000
v 5.6250 0.1000 0.0000
v 5.6250 0.1000 0.3750
v 5.6250 0.1000 0.7500
v 5.6250 0.1000 1.1250
v 5.6250 0.1000 1.5000
v 5.6250 0.1000 1.8750
v 5.6250 0.1000 2.2500
v 5.6250 0.1000 2.6250
v 5.6250 0.1000 3.0000
v 6.0000 0.1000 0.0000
v 6.0000 0.1000 0.3750
v 6.0000 0.1000 0.7500
v 6.0000 0.1000 1.1250
v 6.0000 0.1000 1.5000
v 6.0000 0.1000 1.8750
v 6.0000 0.1000 2.2500
v 6.0000 0.1000 2.6250
v 6.0000 0.1000 3.0000
v 3.0000 -0.1000 3.0000
v 3.0000 -0.1000 2.6250
v 3.0000 -0.1000 2.2500
v 3.0000 -0.1000 1.8750
v 3.0000 -0.1000 1.5000
v 3.0000 -0.1000 1.1250
v 3.0000 -0.1000 0.7500
v 3.0000 -0.1000 0.3750
v 3.0000 -0.1000 0.0000
v 3.3750 -0.1000 3.0000
v 3.3750 -0.1000 2.6250
v 3.3750 -0.1000 2.2500
v 3.3750 -0.1000 1.8750
v 3.3750 -0.1000 1.5000
v 3.3750 -0.1000 1.1250
v 3.3750 -0.1000 0.7500
v 3.3750 -0.1000 0.3750
v 3.3750 -0.1000 0.0000
v 3.7500 -0.1000 3.0000
v 3.7500 -0.1000 2.6250
v 3.7500 -0.1000 2.2500
v 3.7500 -0.1000 1.8750
v 3.7500 -0.1000 1.5000
v 3.7500 -0.1000 1.1250
v 3.7500 -0.1000 0.7500
v 3.7500 -0.1000 0.3750
v 3.7500 -0.1000 0.0000
v 4.1250 -0.1000 3.0000
v 4.1250 -0.1000 2.6250
v 4.1250 -0.1000 2.2500
v 4.1250 -0.1000 1.8750
v 4.1250 -0.1000 1.5000
v 4.1250 -0.1000 1.1250
v 4.1250 -0.1000 0.7500
v 4.1250 -0.1000 0.3750
v 4.1250 -0.1000 0.0000
v 4.5000 -0.1000 3.0000
v 4.5000 -0.1000 2.6250
v 4.5000 -0.1000 2.2500
v 4.5000 -0.1000 1.8750
v 4.5000 -0.1000 1.5000
v 4.5000 -0.1000 1.1250
v 4.5000 -0.1000 0.7500
v 4.5000 -0.1000 0.3750
v 4.5000 -0.1000 0.0000
v 4.8750 -0.1000 3.0000
v 4.8750 -0.1000 2.6250
v 4.8750 -0.1000 2.2500
v 4.8750 -0.1000 1.8750
v 4.8750 -0.1000 1.5000
v 4.8750 -0.1000 1.1250
v 4.8750 -0.1000 0.7500
v 4.8750 -0.1000 0.3750
v 4.8750 -0.1000 0.0000
v 5.2500 -0.1000 3.0000
v 5.2500 -0.1000 2.6250
v 5.2500 -0.1000 2.2500
v 5.2500 -0.1000 1.8750
v 5.2500 -0.1000 1.5000
v 5.2500 -0.1000 1.1250
v 5.2500 -0.1000 0.7500
v 5.2500 -0.1000 0.3750
v 5.2500 -0.1000 0.0000
v 5.6250 -0.1000 3.0000
v 5.6250 -0.1000 2.6250
v 5.6250 -0.1000 2.2500
v 5.6250 -0.1000 1.8750
v 5.6250 -0.1000 1.5000
v 5.6250 -0.1000 1.1250
v 5.6250 -0.1000 0.7500
v 5.6250 -0.1000 0.3750
v 5.6250 -0.1000 0.0000
v 6.0000 -0.1000 3.0000
v 6.0000 -0.1000 2.6250
v 6.0000 -0.1000 2.2500
v 6.0000 -0.1000 1.8750
v 6.0000 -0.1000 1.5000
v 6.0000 -0.1000 1.1250
v 6.0000 -0.1000 0.7500
v 6.0000 -0.1000 0.3750
v 6.0000 -0.1000 0.0000
f 6805 6806 6815
f 6805 6815 6814
f 6806 6807 6816
f 6806 6816 6815
f 6807 6808 6817
f 6807 6817 6816
f 6808 6809 6818
f 6808 6818 6817
f 6809 6810 6819
f 6809 6819 6818
f 6810 6811 6820
f 6810 6820 6819
f 6811 6812 6821
f 6811 6821 6820
f 6812 6813 6822
f 6812 6822 6821
f 6814 6815 6824
f 6814 6824 6823
f 6815 6816 6825
f 6815 6825 6824
f 6816 6817 6826
f 6816 6826 6825
f 6817 6818 6827
f 6817 6827 6826
f 6818 6819 6828
f 6818 6828 6827
f 6819 6820 6829
f 6819 6829 6828
f 6820 6821 6830
f 6820 6830 6829
f 6821 6822 6831
f 6821 6831 6830
f 6823 6824 6833
f 6823 6833 6832
f 6824 6825 6834
f 6824 6834 6833
f 6825 6826 6835
f 6825 6835 6834
f 6826 6827 6836
f 6826 6836 6835
f 6827 6828 6837
f 6827 6837 6836
f 6828 6829 6838
f 6828 6838 6837
f 6829 6830 6839
f 6829 6839 6838
f 6830 6831 6840
f 6830 6840 6839
f 6832 6833 6842
f 6832 6842 6841
f 6833 6834 6843
f 6833 6843 6842
f 6834 6835 6844
f 6834 6844 6843
f 6835 6836 6845
f 6835 6845 6844
f 6836 6837 6846
f 6836 6846 6845
f 6837 6838 6847
f 6837 6847 6846
f 6838 6839 6848
f 6838 6848 6847
f 6839 6840 6849
f 6839 6849 6848
f 6841 6842 6851
f 6841 6851 6850
f 6842 6843 6852
f 6842 6852 6851
f 6843 6844 6853
f 6843 6853 6852
f 6844 6845 6854
f 6844 6854 6853
f 6845 6846 6855
f 6845 6855 6854
f 6846 6847 6856
f 6846 6856 6855
f 6847 6848 6857
f 6847 6857 6856
f 6848 6849 6858
f 6848 6858 6857
f 6850 6851 6860
f 6850 6860 6859
f 6851 6852 6861
f 6851 6861 6860
f 6852 6853 6862
f 6852 6862 6861
f 6853 6854 6863
f 6853 6863 6862
f 6854 6855 6864
f 6854 6864 6863
f 6855 6856 6865
f 6855 6865 6864
f 6856 6857 6866
f 6856 6866 6865
f 6857 6858 6867
f 6857 6867 6866
f 6859 6860 6869
f 6859 6869 6868
f 6860 6861 6870
f 6860 6870 6869
f 6861 6862 6871
f 6861 6871 6870
f 6862 6863 6872
f 6862 6872 6871
f 6863 6864 6873
f 6863 6873 6872
f 6864 6865 6874
f 6864 6874 6873
f 6865 6866 6875
f 6865 6875 6874
f 6866 6867 6876
f 6866 6876 6875
f 6868 6869 6878
f 6868 6878 6877
f 6869 6870 6879
f 6869 6879 6878
f 6870 6871 6880
f 6870 6880 6879
f 6871 6872 6881
f 6871 6881 6880
f 6872 6873 6882
f 6872 6882 6881
f 6873 6874 6883
f 6873 6883 6882
f 6874 6875 6884
f 6874 6884 6883
f 6875 6876 6885
f 6875 6885 6884
f 6886 6887 6896
f 6886 6896 6895
f 6887 6888 6897
f 6887 6897 6896
f 6888 6889 6898
f 6888 6898 6897
f 6889 6890 6899
f 6889 6899 6898
f 6890 6891 6900
f 6890 6900 6899
f 6891 6892 6901
f 6891 6901 6900
f 6892 6893 6902
f 6892 6902 6901
f 6893 6894 6903
f 6893 6903 6902
f 6895 6896 6905
f 6895 6905 6904
f 6896 6897 6906
f 6896 6906 6905
f 6897 6898 6907
f 6897 6907 6906
f 6898 6899 6908
f 6898 6908 6907
f 6899 6900 6909
f 6899 6909 6908
f 6900 6901 6910
f 6900 6910 6909
f 6901 6902 6911
f 6901 6911 6910
f 6902 6903 6912
f 6902 6912 6911
f 6904 6905 6914
f 6904 6914 6913
f 6905 6906 6915
f 6905 6915 6914
f 6906 6907 6916
f 6906 6916 6915
f 6907 6908 6917
f 6907 6917 6916
f 6908 6909 6918
f 6908 6918 6917
f 6909 6910 6919
f 6909 6919 6918
f 6910 6911 6920
f 6910 6920 6919
f 6911 6912 6921
f 6911 6921 6920
f 6913 6914 6923
f 6913 6923 6922
f 6914 6915 6924
f 6914 6924 6923
f 6915 6916 6925
f 6915 6925 6924
f 6916 6917 6926
f 6916 6926 6925
f 6917 6918 6927
f 6917 6927 6926
f 6918 6919 6928
f 6918 6928 6927
f 6919 6920 6929
f 6919 6929 6928
f 6920 6921 6930
f 6920 6930 6929
f 6922 6923 6932
f 6922 6932 6931
f 6923 6924 6933
f 6923 6933 6932
f 6924 6925 6934
f 6924 6934 6933
f 6925 6926 6935
f 6925 6935 6934
f 6926 6927 6936
f 6926 6936 6935
f 6927 6928 6937
f 6927 6937 6936
f 6928 6929 6938
f 6928 6938 6937
f 6929 6930 6939
f 6929 6939 6938
f 6931 6932 6941
f 6931 6941 6940
f 6932 6933 6942
f 6932 6942 6941
f 6933 6934 6943
f 6933 6943 6942
f 6934 6935 6944
f 6934 6944 6943
f 6935 6936 6945
f 6935 6945 6944
f 6936 6937 6946
f 6936 6946 6945
f 6937 6938 6947
f 6937 6947 6946
f 6938 6939 6948
f 6938 6948 6947
f 6940 6941 6950
f 6940 6950 6949
f 6941 6942 6951
f 6941 6951 6950
f 6942 6943 6952
f 6942 6952 6951
f 6943 6944 6953
f 6943 6953 6952
f 6944 6945 6954
f 6944 6954 6953
f 6945 6946 6955
f 6945 6955 6954
f 6946 6947 6956
f 6946 6956 6955
f 6947 6948 6957
f 6947 6957 6956
f 6949 6950 6959
f 6949 6959 6958
f 6950 6951 6960
f 6950 6960 6959
f 6951 6952 6961
f 6951 6961 6960
f 6952 6953 6962
f 6952 6962 6961
f 6953 6954 6963
f 6953 6963 6962
f 6954 6955 6964
f 6954 6964 6963
f 6955 6956 6965
f 6955 6965 6964
f 6956 6957 6966
f 6956 6966 6965
f 6967 6968 6977
f 6967 6977 6976
f 6968 6969 6978
f 6968 6978 6977
f 6969 6970 6979
f 6969 6979 6978
f 6970 6971 6980
f 6970 6980 6979
f 6971 6972 6981
f 6971 6981 6980
f 6972 6973 6982
f 6972 6982 6981
f 6973 6974 6983
f 6973 6983 6982
f 6974 6975 6984
f 6974 6984 6983
f 6976 6977 6986
f 6976 6986 6985
f 6977 6978 6987
f 6977 6987 6986
f 6978 6979 6988
f 6978 6988 6987
f 6979 6980 6989
f 6979 6989 6988
f 6980 6981 6990
f 6980 6990 6989
f 6981 6982 6991
f 6981 6991 6990
f 6982 6983 6992
f 6982 6992 6991
f 6983 6984 6993
f 6983 6993 6992
f 6985 6986 6995
f 6985 6995 6994
f 6986 6987 6996
f 6986 6996 6995
f 6987 6988 6997
f 6987 6997 6996
f 6988 6989 6998
f 6988 6998 6997
f 6989 6990 6999
f 6989 6999 6998
f 6990 6991 7000
f 6990 7000 6999
f 6991 6992 7001
f 6991 7001 7000
f 6992 6993 7002
f 6992 7002 7001
f 6994 6995 7004
f 6994 7004 7003
f 6995 6996 7005
f 6995 7005 7004
f 6996 6997 7006
f 6996 7006 7005
f 6997 6998 7007
f 6997 7007 7006
f 6998 6999 7008
f 6998 7008 7007
f 6999 7000 7009
f 6999 7009 7008
f 7000 7001 7010
f 7000 7010 7009
f 7001 7002 7011
f 7001 7011 7010
f 7003 7004 7013
f 7003 7013 7012
f 7004 7005 7014
f 7004 7014 7013
f 7005 7006 7015
f 7005 7015 7014
f 7006 7007 7016
f 7006 7016 7015
f 7007 7008 7017
f 7007 7017 7016
f 7008 7009 7018
f 7008 7018 7017
f 7009 7010 7019
f 7009 7019 7018
f 7010 7011 7020
f 7010 7020 7019
f 7012 7013 7022
f 7012 7022 7021
f 7013 7014 7023
f 7013 7023 7022
f 7014 7015 7024
f 7014 7024 7023
f 7015 7016 7025
f 7015 7025 7024
f 7016 7017 7026
f 7016 7026 7025
f 7017 7018 7027
f 7017 7027 7026
f 7018 7019 7028
f 7018 7028 7027
f 7019 7020 7029
f 7019 7029 7028
f 7021 7022 7031
f 7021 7031 7030
f 7022 7023 7032
f 7022 7032 7031
f 7023 7024 7033
f 7023 7033 7032
f 7024 7025 7034
f 7024 7034 7033
f 7025 7026 7035
f 7025 7035 7034
f 7026 7027 7036
f 7026 7036 7035
f 7027 7028 7037
f 7027 7037 7036
f 7028 7029 7038
f 7028 7038 7037
f 7030 7031 7040
f 7030 7040 7039
f 7031 7032 7041
f 7031 7041 7040
f 7032 7033 7042
f 7032 7042 7041
f 7033 7034 7043
f 7033 7043 7042
f 7034 7035 7044
f 7034 7044 7043
f 7035 7036 7045
f 7035 7045 7044
f 7036 7037 7046
f 7036 7046 7045
f 7037 7038 7047
f 7037 7047 7046
f 7048 7049 7058
f 7048 7058 7057
f 7049 7050 7059
f 7049 7059 7058
f 7050 7051 7060
f 7050 7060 7059
f 7051 7052 7061
f 7051 7061 7060
f 7052 7053 7062
f 7052 7062 7061
f 7053 7054 7063
f 7053 7063 7062
f 7054 7055 7064
f 7054 7064 7063
f 7055 7056 7065
f 7055 7065 7064
f 7057 7058 7067
f 7057 7067 7066
f 7058 7059 7068
f 7058 7068 7067
f 7059 7060 7069
f 7059 7069 7068
f 7060 7061 7070
f 7060 7070 7069
f 7061 7062 7071
f 7061 7071 7070
f 7062 7063 7072
f 7062 7072 7071
f 7063 7064 7073
f 7063 7073 7072
f 7064 7065 7074
f 7064 7074 7073
f 7066 7067 7076
f 7066 7076 7075
f 7067 7068 7077
f 7067 7077 7076
f 7068 7069 7078
f 7068 7078 7077
f 7069 7070 7079
f 7069 7079 7078
f 7070 7071 7080
f 7070 7080 7079
f 7071 7072 7081
f 7071 7081 7080
f 7072 7073 7082
f 7072 7082 7081
f 7073 7074 7083
f 7073 7083 7082
f 7075 7076 7085
f 7075 7085 7084
f 7076 7077 7086
f 7076 7086 7085
f 7077 7078 7087
f 7077 7087 7086
f 7078 7079 7088
f 7078 7088 7087
f 7079 7080 7089
f 7079 7089 7088
f 7080 7081 7090
f 7080 7090 7089
f 7081 7082 7091
f 7081 7091 7090
f 7082 7083 7092
f 7082 7092 7091
f 7084 7085 7094
f 7084 7094 7093
f 7085 7086 7095
f 7085 7095 7094
f 7086 7087 7096
f 7086 7096 7095
f 7087 7088 7097
f 7087 7097 7096
f 7088 7089 7098
f 7088 7098 7097
f 7089 7090 7099
f 7089 7099 7098
f 7090 7091 7100
f 7090 7100 7099
f 7091 7092 7101
f 7091 7101 7100
f 7093 7094 7103
f 7093 7103 7102
f 7094 7095 7104
f 7094 7104 7103
f 7095 7096 7105
f 7095 7105 7104
f 7096 7097 7106
f 7096 7106 7105
f 7097 7098 7107
f 7097 7107 7106
f 7098 7099 7108
f 7098 7108 7107
f 7099 7100 7109
f 7099 7109 7108
f 7100 7101 7110
f 7100 7110 7109
f 7102 7103 7112
f 7102 7112 7111
f 7103 7104 7113
f 7103 7113 7112
f 7104 7105 7114
f 7104 7114 7113
f 7105 7106 7115
f 7105 7115 7114
f 7106 7107 7116
f 7106 7116 7115
f 7107 7108 7117
f 7107 7117 7116
f 7108 7109 7118
f 7108 7118 7117
f 7109 7110 7119
f 7109 7119 7118
f 7111 7112 7121
f 7111 7121 7120
f 7112 7113 7122
f 7112 7122 7121
f 7113 7114 7123
f 7113 7123 7122
f 7114 7115 7124
f 7114 7124 7123
f 7115 7116 7125
f 7115 7125 7124
f 7116 7117 7126
f 7116 7126 7125
f 7117 7118 7127
f 7117 7127 7126
f 7118 7119 7128
f 7118 7128 7127
f 7129 7130 7139
f 7129 7139 7138
f 7130 7131 7140
f 7130 7140 7139
f 7131 7132 7141
f 7131 7141 7140
f 7132 7133 7142
f 7132 7142 7141
f 7133 7134 7143
f 7133 7143 7142
f 7134 7135 7144
f 7134 7144 7143
f 7135 7136 7145
f 7135 7145 7144
f 7136 7137 7146
f 7136 7146 7145
f 7138 7139 7148
f 7138 7148 7147
f 7139 7140 7149
f 7139 7149 7148
f 7140 7141 7150
f 7140 7150 7149
f 7141 7142 7151
f 7141 7151 7150
f 7142 7143 7152
f 7142 7152 7151
f 7143 7144 7153
f 7143 7153 7152
f 7144 7145 7154
f 7144 7154 7153
f 7145 7146 7155
f 7145 7155 7154
f 7147 7148 7157
f 7147 7157 7156
f 7148 7149 7158
f 7148 7158 7157
f 7149 7150 7159
f 7149 7159 7158
f 7150 7151 7160
f 7150 7160 7159
f 7151 7152 7161
f 7151 7161 7160
f 7152 7153 7162
f 7152 7162 7161
f 7153 7154 7163
f 7153 7163 7162
f 7154 7155 7164
f 7154 7164 7163
f 7156 7157 7166
f 7156 7166 7165
f 7157 7158 7167
f 7157 7167 7166
f 7158 7159 7168
f 7158 7168 7167
f 7159 7160 7169
f 7159 7169 7168
f 7160 7161 7170
f 7160 7170 7169
f 7161 7162 7171
f 7161 7171 7170
f 7162 7163 7172
f 7162 7172 7171
f 7163 7164 7173
f 7163 7173 7172
f 7165 7166 7175
f 7165 7175 7174
f 7166 7167 7176
f 7166 7176 7175
f 7167 7168 7177
f 7167 7177 7176
f 7168 7169 7178
f 7168 7178 7177
f 7169 7170 7179
f 7169 7179 7178
f 7170 7171 7180
f 7170 7180 7179
f 7171 7172 7181
f 7171 7181 7180
f 7172 7173 7182
f 7172 7182 7181
f 7174 7175 7184
f 7174 7184 7183
f 7175 7176 7185
f 7175 7185 7184
f 7176 7177 7186
f 7176 7186 7185
f 7177 7178 7187
f 7177 7187 7186
f 7178 7179 7188
f 7178 7188 7187
f 7179 7180 7189
f 7179 7189 7188
f 7180 7181 7190
f 7180 7190 7189
f 7181 7182 7191
f 7181 7191 7190
f 7183 7184 7193
f 7183 7193 7192
f 7184 7185 7194
f 7184 7194 7193
f 7185 7186 7195
f 7185 7195 7194
f 7186 7187 7196
f 7186 7196 7195
f 7187 7188 7197
f 7187 7197 7196
f 7188 7189 7198
f 7188 7198 7197
f 7189 7190 7199
f 7189 7199 7198
f 7190 7191 7200
f 7190 7200 7199
f 7192 7193 7202
f 7192 7202 7201
f 7193 7194 7203
f 7193 7203 7202
f 7194 7195 7204
f 7194 7204 7203
f 7195 7196 7205
f 7195 7205 7204
f 7196 7197 7206
f 7196 7206 7205
f 7197 7198 7207
f 7197 7207 7206
f 7198 7199 7208
f 7198 7208 7207
f 7199 7200 7209
f 7199 7209 7208
f 7210 7211 7220
f 7210 7220 7219
f 7211 7212 7221
f 7211 7221 7220
f 7212 7213 7222
f 7212 7222 7221
f 7213 7214 7223
f 7213 7223 7222
f 7214 7215 7224
f 7214 7224 7223
f 7215 7216 7225
f 7215 7225 7224
f 7216 7217 7226
f 7216 7226 7225
f 7217 7218 7227
f 7217 7227 7226
f 7219 7220 7229
f 7219 7229 7228
f 7220 7221 7230
f 7220 7230 7229
f 7221 7222 7231
f 7221 7231 7230
f 7222 7223 7232
f 7222 7232 7231
f 7223 7224 7233
f 7223 7233 7232
f 7224 7225 7234
f 7224 7234 7233
f 7225 7226 7235
f 7225 7235 7234
f 7226 7227 7236
f 7226 7236 7235
f 7228 7229 7238
f 7228 7238 7237
f 7229 7230 7239
f 7229 7239 7238
f 7230 7231 7240
f 7230 7240 7239
f 7231 7232 7241
f 7231 7241 7240
f 7232 7233 7242
f 7232 7242 7241
f 7233 7234 7243
f 7233 7243 7242
f 7234 7235 7244
f 7234 7244 7243
f 7235 7236 7245
f 7235 7245 7244
f 7237 7238 7247
f 7237 7247 7246
f 7238 7239 7248
f 7238 7248 7247
f 7239 7240 7249
f 7239 7249 7248
f 7240 7241 7250
f 7240 7250 7249
f 7241 7242 7251
f 7241 7251 7250
f 7242 7243 7252
f 7242 7252 7251
f 7243 7244 7253
f 7243 7253 7252
f 7244 7245 7254
f 7244 7254 7253
f 7246 7247 7256
f 7246 7256 7255
f 7247 7248 7257
f 7247 7257 7256
f 7248 7249 7258
f 7248 7258 7257
f 7249 7250 7259
f 7249 7259 7258
f 7250 7251 7260
f 7250 7260 7259
f 7251 7252 7261
f 7251 7261 7260
f 7252 7253 7262
f 7252 7262 7261
f 7253 7254 7263
f 7253 7263 7262
f 7255 7256 7265
f 7255 7265 7264
f 7256 7257 7266
f 7256 7266 7265
f 7257 7258 7267
f 7257 7267 7266
f 7258 7259 7268
f 7258 7268 7267
f 7259 7260 7269
f 7259 7269 7268
f 7260 7261 7270
f 7260 7270 7269
f 7261 7262 7271
f 7261 7271 7270
f 7262 7263 7272
f 7262 7272 7271
f 7264 7265 7274
f 7264 7274 7273
f 7265 7266 7275
f 7265 7275 7274
f 7266 7267 7276
f 7266 7276 7275
f 7267 7268 7277
f 7267 7277 7276
f 7268 7269 7278
f 7268 7278 7277
f 7269 7270 7279
f 7269 7279 7278
f 7270 7271 7280
f 7270 7280 7279
f 7271 7272 7281
f 7271 7281 7280
f 7273 7274 7283
f 7273 7283 7282
f 7274 7275 7284
f 7274 7284 7283
f 7275 7276 7285
f 7275 7285 7284
f 7276 7277 7286
f 7276 7286 7285
f 7277 7278 7287
f 7277 7287 7286
f 7278 7279 7288
f 7278 7288 7287
f 7279 7280 7289
f 7279 7289 7288
f 7280 7281 7290
f 7280 7290 7289
g 바닥_15
v 3.0000 -0.1000 6.0000
v 3.0000 -0.0750 6.0000
v 3.0000 -0.0500 6.0000
v 3.0000 -0.0250 6.0000
v 3.0000 0.0000 6.0000
v 3.0000 0.0250 6.0000
v 3.0000 0.0500 6.0000
v 3.0000 0.0750 6.0000
v 3.0000 0.1000 6.0000
v 3.3750 -0.1000 6.0000
v 3.3750 -0.0750 6.0000
v 3.3750 -0.0500 6.0000
v 3.3750 -0.0250 6.0000
v 3.3750 0.0000 6.0000
v 3.3750 0.0250 6.0000
v 3.3750 0.0500 6.0000
v 3.3750 0.0750 6.0000
v 3.3750 0.1000 6.0000
v 3.7500 -0.1000 6.0000
v 3.7500 -0.0750 6.0000
v 3.7500 -0.0500 6.0000
v 3.7500 -0.0250 6.0000
v 3.7500 0.0000 6.0000
v 3.7500 0.0250 6.0000
v 3.7500 0.0500 6.0000
v 3.7500 0.0750 6.0000
v 3.7500 0.1000 6.0000
v 4.1250 -0.1000 6.0000
v 4.1250 -0.0750 6.0000
v 4.1250 -0.0500 6.0000
v 4.1250 -0.0250 6.0000
v 4.1250 0.0000 6.0000
v 4.1250 0.0250 6.0000
v 4.1250 0.0500 6.0000
v 4.1250 0.0750 6.0000
v 4.1250 0.1000 6.0000
v 4.5000 -0.1000 6.0000
v 4.5000 -0.0750 6.0000
v 4.5000 -0.0500 6.0000
v 4.5000 -0.0250 6.0000
v 4.5000 0.0000 6.0000
v 4.5000 0.0250 6.0000
v 4.5000 0.0500 6.0000
v 4.5000 0.0750 6.0000
v 4.5000 0.1000 6.0000
v 4.8750 -0.1000 6.0000
v 4.8750 -0.0750 6.0000
v 4.8750 -0.0500 6.0000
v 4.8750 -0.0250 6.0000
v 4.8750 0.0000 6.0000
v 4.8750 0.0250 6.0000
v 4.8750 0.0500 6.0000
v 4.8750 0.0750 6.0000
v 4.8750 0.1000 6.0000
v 5.2500 -0.1000 6.0000
v 5.2500 -0.0750 6.0000
v 5.2500 -0.0500 6.0000
v 5.2500 -0.0250 6.0000
v 5.2500 0.0000 6.0000
v 5.2500 0.0250 6.0000
v 5.2500 0.0500 6.0000
v 5.2500 0.0750 6.0000
v 5.2500 0.1000 6.0000
v 5.6250 -0.1000 6.0000
v 5.6250 -0.0750 6.0000
v 5.6250 -0.0500 6.0000
v 5.6250 -0.0250 6.0000
v 5.6250 0.0000 6.0000
v 5.6250 0.0250 6.0000
v 5.6250 0.0500 6.0000
v 5.6250 0.0750 6.0000
v 5.6250 0.1000 6.0000
v 6.0000 -0.1000 6.0000
v 6.0000 -0.0750 6.0000
v 6.0000 -0.0500 6.0000
v 6.0000 -0.0250 6.0000
v 6.0000 0.0000 6.0000
v 6.0000 0.0250 6.0000
v 6.0000 0.0500 6.0000
v 6.0000 0.0750 6.0000
v 6.0000 0.1000 6.0000
v 6.0000 -0.1000 3.0000
v 6.0000 -0.0750 3.0000
v 6.0000 -0.0500 3.0000
v 6.0000 -0.0250 3.0000
v 6.0000 0.0000 3.0000
v 6.0000 0.0250 3.0000
v 6.0000 0.0500 3.0000
v 6.0000 0.0750 3.0000
v 6.0000 0.1000 3.0000
v 5.6250 -0.1000 3.0000
v 5.6250 -0.0750 3.0000
v 5.6250 -0.0500 3.0000
v 5.6250 -0.0250 3.0000
v 5.6250 0.0000 3.0000
v 5.6250 0.0250 3.0000
v 5.6250 0.0500 3.0000
v 5.6250 0.0750 3.0000
v 5.6250 0.1000 3.0000
v 5.2500 -0.1000 3.0000
v 5.2500 -0.0750 3.0000
v 5.2500 -0.0500 3.0000
v 5.2500 -0.0250 3.0000
v 5.2500 0.0000 3.0000
v 5.2500 0.0250 3.0000
v 5.2500 0.0500 3.0000
v 5.2500 0.0750 3.0000
v 5.2500 0.1000 3.0000
v 4.8750 -0.1000 3.0000
v 4.8750 -0.0750 3.0000
v 4.8750 -0.0500 3.0000
v 4.8750 -0.0250 3.0000
v 4.8750 0.0000 3.0000
v 4.8750 0.0250 3.0000
v 4.8750 0.0500 3.0000
v 4.8750 0.0750 3.0000
v 4.8750 0.1000 3.0000
v 4.5000 -0.1000 3.0000
v 4.5000 -0.0750 3.0000
v 4.5000 -0.0500 3.0000
v 4.5000 -0.0250 3.0000
v 4.5000 0.0000 3.0000
v 4.5000 0.0250 3.0000
v 4.5000 0.0500 3.0000
v 4.5000 0.0750 3.0000
v 4.5000 0.1000 3.0000
v 4.1250 -0.1000 3.0000
v 4.1250 -0.0750 3.0000
v 4.1250 -0.0500 3.0000
v 4.1250 -0.0250 3.0000
v 4.1250 0.0000 3.0000
v 4.1250 0.0250 3.0000
v 4.1250 0.0500 3.0000
v 4.1250 0.0750 3.0000
v 4.1250 0.1000 3.0000
v 3.7500 -0.1000 3.0000
v 3.7500 -0.0750 3.0000
v 3.7500 -0.0500 3.0000
v 3.7500 -0.0250 3.0000
v 3.7500 0.0000 3.0000
v 3.7500 0.0250 3.0000
v 3.7500 0.0500 3.0000
v 3.7500 0.0750 3.0000
v 3.7500 0.1000 3.0000
v 3.3750 -0.1000 3.0000
v 3.3750 -0.0750 3.0000
v 3.3750 -0.0500 3.0000
v 3.3750 -0.0250 3.0000
v 3.3750 0.0000 3.0000
v 3.3750 0.0250 3.0000
v 3.3750 0.0500 3.0000
v 3.3750 0.0750 3.0000
v 3.3750 0.1000 3.0000
v 3.0000 -0.1000 3.0000
v 3.0000 -0.0750 3.0000
v 3.0000 -0.0500 3.0000
v 3.0000 -0.0250 3.0000
v 3.0000 0.0000 3.0000
v 3.0000 0.0250 3.0000
v 3.0000 0.0500 3.0000
v 3.0000 0.0750 3.0000
v 3.0000 0.1000 3.0000
v 3.0000 -0.1000 3.0000
v 3.0000 -0.0750 3.0000
v 3.0000 -0.0500 3.0000
v 3.0000 -0.0250 3.0000
v 3.0000 0.0000 3.0000
v 3.0000 0.0250 3.0000
v 3.0000 0.0500 3.0000
v 3.0000 0.0750 3.0000
v 3.0000 0.1000 3.0000
v 3.0000 -0.1000 3.3750
v 3.0000 -0.0750 3.3750
v 3.0000 -0.0500 3.3750
v 3.0000 -0.0250 3.3750
v 3.0000 0.0000 3.3750
v 3.0000 0.0250 3.3750
v 3.0000 0.0500 3.3750
v 3.0000 0.0750 3.3750
v 3.0000 0.1000 3.3750
v 3.0000 -0.1000 3.7500
v 3.0000 -0.0750 3.7500
v 3.0000 -0.0500 3.7500
v 3.0000 -0.0250 3.7500
v 3.0000 0.0000 3.7500
v 3.0000 0.0250 3.7500
v 3.0000 0.0500 3.7500
v 3.0000 0.0750 3.7500
v 3.0000 0.1000 3.7500
v 3.0000 -0.1000 4.1250
v 3.0000 -0.0750 4.1250
v 3.0000 -0.0500 4.1250
v 3.0000 -0.0250 4.1250
v 3.0000 0.0000 4.1250
v 3.0000 0.0250 4.1250
v 3.0000 0.0500 4.1250
v 3.0000 0.0750 4.1250
v 3.0000 0.1000 4.1250
v 3.0000 -0.1000 4.5000
v 3.0000 -0.0750 4.5000
v 3.0000 -0.0500 4.5000
v 3.0000 -0.0250 4.5000
v 3.0000 0.0000 4.5000
v 3.0000 0.0250 4.5000
v 3.0000 0.0500 4.5000
v 3.0000 0.0750 4.5000
v 3.0000 0.1000 4.5000
v 3.0000 -0.1000 4.8750
v 3.0000 -0.0750 4.8750
v 3.0000 -0.0500 4.8750
v 3.0000 -0.0250 4.8750
v 3.0000 0.0000 4.8750
v 3.0000 0.0250 4.8750
v 3.0000 0.0500 4.8750
v 3.0000 0.0750 4.8750
v 3.0000 0.1000 4.8750
v 3.0000 -0.1000 5.2500
v 3.0000 -0.0750 5.2500
v 3.0000 -0.0500 5.2500
v 3.0000 -0.0250 5.2500
v 3.0000 0.0000 5.2500
v 3.0000 0.0250 5.2500
v 3.0000 0.0500 5.2500
v 3.0000 0.0750 5.2500
v 3.0000 0.1000 5.2500
v 3.0000 -0.1000 5.6250
v 3.0000 -0.0750 5.6250
v 3.0000 -0.0500 5.6250
v 3.0000 -0.0250 5.6250
v 3.0000 0.0000 5.6250
v 3.0000 0.0250 5.6250
v 3.0000 0.0500 5.6250
v 3.0000 0.0750 5.6250
v 3.0000 0.1000 5.6250
v 3.0000 -0.1000 6.0000
v 3.0000 -0.0750 6.0000
v 3.0000 -0.0500 6.0000
v 3.0000 -0.0250 6.0000
v 3.0000 0.0000 6.0000
v 3.0000 0.0250 6.0000
v 3.0000 0.0500 6.0000
v 3.0000 0.0750 6.0000
v 3.0000 0.1000 6.0000
v 6.0000 -0.1000 6.0000
v 6.0000 -0.0750 6.0000
v 6.0000 -0.0500 6.0000
v 6.0000 -0.0250 6.0000
v 6.0000 0.0000 6.0000
v 6.0000 0.0250 6.0000
v 6.0000 0.0500 6.0000
v 6.0000 0.0750 6.0000
v 6.0000 0.1000 6.0000
v 6.0000 -0.1000 5.6250
v 6.0000 -0.0750 5.6250
v 6.0000 -0.0500 5.6250
v 6.0000 -0.0250 5.6250
v 6.0000 0.0000 5.6250
v 6.0000 0.0250 5.6250
v 6.0000 0.0500 5.6250
v 6.0000 0.0750 5.6250
v 6.0000 0.1000 5.6250
v 6.0000 -0.1000 5.2500
v 6.0000 -0.0750 5.2500
v 6.0000 -0.0500 5.2500
v 6.0000 -0.0250 5.2500
v 6.0000 0.0000 5.2500
v 6.0000 0.0250 5.2500
v 6.0000 0.0500 5.2500
v 6.0000 0.0750 5.2500
v 6.0000 0.1000 5.2500
v 6.0000 -0.1000 4.8750
v 6.0000 -0.0750 4.8750
v 6.0000 -0.0500 4.8750
v 6.0000 -0.0250 4.8750
v 6.0000 0.0000 4.8750
v 6.0000 0.0250 4.8750
v 6.0000 0.0500 4.8750
v 6.0000 0.0750 4.8750
v 6.0000 0.1000 4.8750
v 6.0000 -0.1000 4.5000
v 6.0000 -0.0750 4.5000
v 6.0000 -0.0500 4.5000
v 6.0000 -0.0250 4.5000
v 6.0000 0.0000 4.5000
v 6.0000 0.0250 4.5000
v 6.0000 0.0500 4.5000
v 6.0000 0.0750 4.5000
v 6.0000 0.1000 4.5000
v 6.0000 -0.1000 4.1250
v 6.0000 -0.0750 4.1250
v 6.0000 -0.0500 4.1250
v 6.0000 -0.0250 4.1250
v 6.0000 0.0000 4.1250
v 6.0000 0.0250 4.1250
v 6.0000 0.0500 4.1250
v 6.0000 0.0750 4.1250
v 6.0000 0.1000 4.1250
v 6.0000 -0.1000 3.7500
v 6.0000 -0.0750 3.7500
v 6.0000 -0.0500 3.7500
v 6.0000 -0.0250 3.7500
v 6.0000 0.0000 3.7500
v 6.0000 0.0250 3.7500
v 6.0000 0.0500 3.7500
v 6.0000 0.0750 3.7500
v 6.0000 0.1000 3.7500
v 6.0000 -0.1000 3.3750
v 6.0000 -0.0750 3.3750
v 6.0000 -0.0500 3.3750
v 6.0000 -0.0250 3.3750
v 6.0000 0.0000 3.3750
v 6.0000 0.0250 3.3750
v 6.0000 0.0500 3.3750
v 6.0000 0.0750 3.3750
v 6.0000 0.1000 3.3750
v 6.0000 -0.1000 3.0000
v 6.0000 -0.0750 3.0000
v 6.0000 -0.0500 3.0000
v 6.0000 -0.0250 3.0000
v 6.0000 0.0000 3.0000
v 6.0000 0.0250 3.0000
v 6.0000 0.0500 3.0000
v 6.0000 0.0750 3.0000
v 6.0000 0.1000 3.0000
v 3.0000 0.1000 3.0000
v 3.0000 0.1000 3.3750
v 3.0000 0.1000 3.7500
v 3.0000 0.1000 4.1250
v 3.0000 0.1000 4.5000
v 3.0000 0.1000 4.8750
v 3.0000 0.1000 5.2500
v 3.0000 0.1000 5.6250
v 3.0000 0.1000 6.0000
v 3.3750 0.1000 3.0000
v 3.3750 0.1000 3.3750
v 3.3750 0.1000 3.7500
v 3.3750 0.1000 4.1250
v 3.3750 0.1000 4.5000
v 3.3750 0.1000 4.8750
v 3.3750 0.1000 5.2500
v 3.3750 0.1000 5.6250
v 3.3750 0.1000 6.0000
v 3.7500 0.1000 3.0000
v 3.7500 0.1000 3.3750
v 3.7500 0.1000 3.7500
v 3.7500 0.1000 4.1250
v 3.7500 0.1000 4.5000
v 3.7500 0.1000 4.8750
v 3.7500 0.1000 5.2500
v 3.7500 0.1000 5.6250
v 3.7500 0.1000 6.0000
v 4.1250 0.1000 3.0000
v 4.1250 0.1000 3.3750
v 4.1250 0.1000 3.7500
v 4.1250 0.1000 4.1250
v 4.1250 0.1000 4.5000
v 4.1250 0.1000 4.8750
v 4.1250 0.1000 5.2500
v 4.1250 0.1000 5.6250
v 4.1250 0.1000 6.0000
v 4.5000 0.1000 3.0000
v 4.5000 0.1000 3.3750
v 4.5000 0.1000 3.7500
v 4.5000 0.1000 4.1250
v 4.5000 0.1000 4.5000
v 4.5000 0.1000 4.8750
v 4.5000 0.1000 5.2500
v 4.5000 0.1000 5.6250
v 4.5000 0.1000 6.0000
v 4.8750 0.1000 3.0000
v 4.8750 0.1000 3.3750
v 4.8750 0.1000 3.7500
v 4.8750 0.1000 4.1250
v 4.8750 0.1000 4.5000
v 4.8750 0.1000 4.8750
v 4.8750 0.1000 5.2500
v 4.8750 0.1000 5.6250
v 4.8750 0.1000 6.0000
v 5.2500 0.1000 3.0000
v 5.2500 0.1000 3.3750
v 5.2500 0.1000 3.7500
v 5.2500 0.1000 4.1250
v 5.2500 0.1000 4.5000
v 5.2500 0.1000 4.8750
v 5.2500 0.1000 5.2500
v 5.2500 0.1000 5.6250
v 5.2500 0.1000 6.0000
v 5.6250 0.1000 3.0000
v 5.6250 0.1000 3.3750
v 5.6250 0.1000 3.7500
v 5.6250 0.1000 4.1250
v 5.6250 0.1000 4.5000
v 5.6250 0.1000 4.8750
v 5.6250 0.1000 5.2500
v 5.6250 0.1000 5.6250
v 5.6250 0.1000 6.0000
v 6.0000 0.1000 3.0000
v 6.0000 0.1000 3.3750
v 6.0000 0.1000 3.7500
v 6.0000 0.1000 4.1250
v 6.0000 0.1000 4.5000
v 6.0000 0.1000 4.8750
v 6.0000 0.1000 5.2500
v 6.0000 0.1000 5.6250
v 6.0000 0.1000 6.0000
v 3.0000 -0.1000 6.0000
v 3.0000 -0.1000 5.6250
v 3.0000 -0.1000 5.2500
v 3.0000 -0.1000 4.8750
v 3.0000 -0.1000 4.5000
v 3.0000 -0.1000 4.1250
v 3.0000 -0.1000 3.7500
v 3.0000 -0.1000 3.3750
v 3.0000 -0.1000 3.0000
v 3.3750 -0.1000 6.0000
v 3.3750 -0.1000 5.6250
v 3.3750 -0.1000 5.2500
v 3.3750 -0.1000 4.8750
v 3.3750 -0.1000 4.5000
v 3.3750 -0.1000 4.1250
v 3.3750 -0.1000 3.7500
v 3.3750 -0.1000 3.3750
v 3.3750 -0.1000 3.0000
v 3.7500 -0.1000 6.0000
v 3.7500 -0.1000 5.6250
v 3.7500 -0.1000 5.2500
v 3.7500 -0.1000 4.8750
v 3.7500 -0.1000 4.5000
v 3.7500 -0.1000 4.1250
v 3.7500 -0.1000 3.7500
v 3.7500 -0.1000 3.3750
v 3.7500 -0.1000 3.0000
v 4.1250 -0.1000 6.0000
v 4.1250 -0.1000 5.6250
v 4.1250 -0.1000 5.2500
v 4.1250 -0.1000 4.8750
v 4.1250 -0.1000 4.5000
v 4.1250 -0.1000 4.1250
v 4.1250 -0.1000 3.7500
v 4.1250 -0.1000 3.3750
v 4.1250 -0.1000 3.0000
v 4.5000 -0.1000 6.0000
v 4.5000 -0.1000 5.6250
v 4.5000 -0.1000 5.2500
v 4.5000 -0.1000 4.8750
v 4.5000 -0.1000 4.5000
v 4.5000 -0.1000 4.1250
v 4.5000 -0.1000 3.7500
v 4.5000 -0.1000 3.3750
v 4.5000 -0.1000 3.0000
v 4.8750 -0.1000 6.0000
v 4.8750 -0.1000 5.6250
v 4.8750 -0.1000 5.2500
v 4.8750 -0.1000 4.8750
v 4.8750 -0.1000 4.5000
v 4.8750 -0.1000 4.1250
v 4.8750 -0.1000 3.7500
v 4.8750 -0.1000 3.3750
v 4.8750 -0.1000 3.0000
v 5.2500 -0.1000 6.0000
v 5.2500 -0.1000 5.6250
v 5.2500 -0.1000 5.2500
v 5.2500 -0.1000 4.8750
v 5.2500 -0.1000 4.5000
v 5.2500 -0.1000 4.1250
v 5.2500 -0.1000 3.7500
v 5.2500 -0.1000 3.3750
v 5.2500 -0.1000 3.0000
v 5.6250 -0.1000 6.0000
v 5.6250 -0.1000 5.6250
v 5.6250 -0.1000 5.2500
v 5.6250 -0.1000 4.8750
v 5.6250 -0.1000 4.5000
v 5.6250 -0.1000 4.1250
v 5.6250 -0.1000 3.7500
v 5.6250 -0.1000 3.3750
v 5.6250 -0.1000 3.0000
v 6.0000 -0.1000 6.0000
v 6.0000 -0.1000 5.6250
v 6.0000 -0.1000 5.2500
v 6.0000 -0.1000 4.8750
v 6.0000 -0.1000 4.5000
v 6.0000 -0.1000 4.1250
v 6.0000 -0.1000 3.7500
v 6.0000 -0.1000 3.3750
v 6.0000 -0.1000 3.0000
f 7291 7292 7301
f 7291 7301 7300
f 7292 7293 7302
f 7292 7302 7301
f 7293 7294 7303
f 7293 7303 7302
f 7294 7295 7304
f 7294 7304 7303
f 7295 7296 7305
f 7295 7305 7304
f 7296 7297 7306
f 7296 7306 7305
f 7297 7298 7307
f 7297 7307 7306
f 7298 7299 7308
f 7298 7308 7307
f 7300 7301 7310
f 7300 7310 7309
f 7301 7302 7311
f 7301 7311 7310
f 7302 7303 7312
f 7302 7312 7311
f 7303 7304 7313
f 7303 7313 7312
f 7304 7305 7314
f 7304 7314 7313
f 7305 7306 7315
f 7305 7315 7314
f 7306 7307 7316
f 7306 7316 7315
f 7307 7308 7317
f 7307 7317 7316
f 7309 7310 7319
f 7309 7319 7318
f 7310 7311 7320
f 7310 7320 7319
f 7311 7312 7321
f 7311 7321 7320
f 7312 7313 7322
f 7312 7322 7321
f 7313 7314 7323
f 7313 7323 7322
f 7314 7315 7324
f 7314 7324 7323
f 7315 7316 7325
f 7315 7325 7324
f 7316 7317 7326
f 7316 7326 7325
f 7318 7319 7328
f 7318 7328 7327
f 7319 7320 7329
f 7319 7329 7328
f 7320 7321 7330
f 7320 7330 7329
f 7321 7322 7331
f 7321 7331 7330
f 7322 7323 7332
f 7322 7332 7331
f 7323 7324 7333
f 7323 7333 7332
f 7324 7325 7334
f 7324 7334 7333
f 7325 7326 7335
f 7325 7335 7334
f 7327 7328 7337
f 7327 7337 7336
f 7328 7329 7338
f 7328 7338 7337
f 7329 7330 7339
f 7329 7339 7338
f 7330 7331 7340
f 7330 7340 7339
f 7331 7332 7341
f 7331 7341 7340
f 7332 7333 7342
f 7332 7342 7341
f 7333 7334 7343
f 7333 7343 7342
f 7334 7335 7344
f 7334 7344 7343
f 7336 7337 7346
f 7336 7346 7345
f 7337 7338 7347
f 7337 7347 7346
f 7338 7339 7348
f 7338 7348 7347
f 7339 7340 7349
f 7339 7349 7348
f 7340 7341 7350
f 7340 7350 7349
f 7341 7342 7351
f 7341 7351 7350
f 7342 7343 7352
f 7342 7352 7351
f 7343 7344 7353
f 7343 7353 7352
f 7345 7346 7355
f 7345 7355 7354
f 7346 7347 7356
f 7346 7356 7355
f 7347 7348 7357
f 7347 7357 7356
f 7348 7349 7358
f 7348 7358 7357
f 7349 7350 7359
f 7349 7359 7358
f 7350 7351 7360
f 7350 7360 7359
f 7351 7352 7361
f 7351 7361 7360
f 7352 7353 7362
f 7352 7362 7361
f 7354 7355 7364
f 7354 7364 7363
f 7355 7356 7365
f 7355 7365 7364
f 7356 7357 7366
f 7356 7366 7365
f 7357 7358 7367
f 7357 7367 7366
f 7358 7359 7368
f 7358 7368 7367
f 7359 7360 7369
f 7359 7369 7368
f 7360 7361 7370
f 7360 7370 7369
f 7361 7362 7371
f 7361 7371 7370
f 7372 7373 7382
f 7372 7382 7381
f 7373 7374 7383
f 7373 7383 7382
f 7374 7375 7384
f 7374 7384 7383
f 7375 7376 7385
f 7375 7385 7384
f 7376 7377 7386
f 7376 7386 7385
f 7377 7378 7387
f 7377 7387 7386
f 7378 7379 7388
f 7378 7388 7387
f 7379 7380 7389
f 7379 7389 7388
f 7381 7382 7391
f 7381 7391 7390
f 7382 7383 7392
f 7382 7392 7391
f 7383 7384 7393
f 7383 7393 7392
f 7384 7385 7394
f 7384 7394 7393
f 7385 7386 7395
f 7385 7395 7394
f 7386 7387 7396
f 7386 7396 7395
f 7387 7388 7397
f 7387 7397 7396
f 7388 7389 7398
f 7388 7398 7397
f 7390 7391 7400
f 7390 7400 7399
f 7391 7392 7401
f 7391 7401 7400
f 7392 7393 7402
f 7392 7402 7401
f 7393 7394 7403
f 7393 7403 7402
f 7394 7395 7404
f 7394 7404 7403
f 7395 7396 7405
f 7395 7405 7404
f 7396 7397 7406
f 7396 7406 7405
f 7397 7398 7407
f 7397 7407 7406
f 7399 7400 7409
f 7399 7409 7408
f 7400 7401 7410
f 7400 7410 7409
f 7401 7402 7411
f 7401 7411 7410
f 7402 7403 7412
f 7402 7412 7411
f 7403 7404 7413
f 7403 7413 7412
f 7404 7405 7414
f 7404 7414 7413
f 7405 7406 7415
f 7405 7415 7414
f 7406 7407 7416
f 7406 7416 7415
f 7408 7409 7418
f 7408 7418 7417
f 7409 7410 7419
f 7409 7419 7418
f 7410 7411 7420
f 7410 7420 7419
f 7411 7412 7421
f 7411 7421 7420
f 7412 7413 7422
f 7412 7422 7421
f 7413 7414 7423
f 7413 7423 7422
f 7414 7415 7424
f 7414 7424 7423
f 7415 7416 7425
f 7415 7425 7424
f 7417 7418 7427
f 7417 7427 7426
f 7418 7419 7428
f 7418 7428 7427
f 7419 7420 7429
f 7419 7429 7428
f 7420 7421 7430
f 7420 7430 7429
f 7421 7422 7431
f 7421 7431 7430
f 7422 7423 7432
f 7422 7432 7431
f 7423 7424 7433
f 7423 7433 7432
f 7424 7425 7434
f 7424 7434 7433
f 7426 7427 7436
f 7426 7436 7435
f 7427 7428 7437
f 7427 7437 7436
f 7428 7429 7438
f 7428 7438 7437
f 7429 7430 7439
f 7429 7439 7438
f 7430 7431 7440
f 7430 7440 7439
f 7431 7432 7441
f 7431 7441 7440
f 7432 7433 7442
f 7432 7442 7441
f 7433 7434 7443
f 7433 7443 7442
f 7435 7436 7445
f 7435 7445 7444
f 7436 7437 7446
f 7436 7446 7445
f 7437 7438 7447
f 7437 7447 7446
f 7438 7439 7448
f 7438 7448 7447
f 7439 7440 7449
f 7439 7449 7448
f 7440 7441 7450
f 7440 7450 7449
f 7441 7442 7451
f 7441 7451 7450
f 7442 7443 7452
f 7442 7452 7451
f 7453 7454 7463
f 7453 7463 7462
f 7454 7455 7464
f 7454 7464 7463
f 7455 7456 7465
f 7455 7465 7464
f 7456 7457 7466
f 7456 7466 7465
f 7457 7458 7467
f 7457 7467 7466
f 7458 7459 7468
f 7458 7468 7467
f 7459 7460 7469
f 7459 7469 7468
f 7460 7461 7470
f 7460 7470 7469
f 7462 7463 7472
f 7462 7472 7471
f 7463 7464 7473
f 7463 7473 7472
f 7464 7465 7474
f 7464 7474 7473
f 7465 7466 7475
f 7465 7475 7474
f 7466 7467 7476
f 7466 7476 7475
f 7467 7468 7477
f 7467 7477 7476
f 7468 7469 7478
f 7468 7478 7477
f 7469 7470 7479
f 7469 7479 7478
f 7471 7472 7481
f 7471 7481 7480
f 7472 7473 7482
f 7472 7482 7481
f 7473 7474 7483
f 7473 7483 7482
f 7474 7475 7484
f 7474 7484 7483
f 7475 7476 7485
f 7475 7485 7484
f 7476 7477 7486
f 7476 7486 7485
f 7477 7478 7487
f 7477 7487 7486
f 7478 7479 7488
f 7478 7488 7487
f 7480 7481 7490
f 7480 7490 7489
f 7481 7482 7491
f 7481 7491 7490
f 7482 7483 7492
f 7482 7492 7491
f 7483 7484 7493
f 7483 7493 7492
f 7484 7485 7494
f 7484 7494 7493
f 7485 7486 7495
f 7485 7495 7494
f 7486 7487 7496
f 7486 7496 7495
f 7487 7488 7497
f 7487 7497 7496
f 7489 7490 7499
f 7489 7499 7498
f 7490 7491 7500
f 7490 7500 7499
f 7491 7492 7501
f 7491 7501 7500
f 7492 7493 7502
f 7492 7502 7501
f 7493 7494 7503
f 7493 7503 7502
f 7494 7495 7504
f 7494 7504 7503
f 7495 7496 7505
f 7495 7505 7504
f 7496 7497 7506
f 7496 7506 7505
f 7498 7499 7508
f 7498 7508 7507
f 7499 7500 7509
f 7499 7509 7508
f 7500 7501 7510
f 7500 7510 7509
f 7501 7502 7511
f 7501 7511 7510
f 7502 7503 7512
f 7502 7512 7511
f 7503 7504 7513
f 7503 7513 7512
f 7504 7505 7514
f 7504 7514 7513
f 7505 7506 7515
f 7505 7515 7514
f 7507 7508 7517
f 7507 7517 7516
f 7508 7509 7518
f 7508 7518 7517
f 7509 7510 7519
f 7509 7519 7518
f 7510 7511 7520
f 7510 7520 7519
f 7511 7512 7521
f 7511 7521 7520
f 7512 7513 7522
f 7512 7522 7521
f 7513 7514 7523
f 7513 7523 7522
f 7514 7515 7524
f 7514 7524 7523
f 7516 7517 7526
f 7516 7526 7525
f 7517 7518 7527
f 7517 7527 7526
f 7518 7519 7528
f 7518 7528 7527
f 7519 7520 7529
f 7519 7529 7528
f 7520 7521 7530
f 7520 7530 7529
f 7521 7522 7531
f 7521 7531 7530
f 7522 7523 7532
f 7522 7532 7531
f 7523 7524 7533
f 7523 7533 7532
f 7534 7535 7544
f 7534 7544 7543
f 7535 7536 7545
f 7535 7545 7544
f 7536 7537 7546
f 7536 7546 7545
f 7537 7538 7547
f 7537 7547 7546
f 7538 7539 7548
f 7538 7548 7547
f 7539 7540 7549
f 7539 7549 7548
f 7540 7541 7550
f 7540 7550 7549
f 7541 7542 7551
f 7541 7551 7550
f 7543 7544 7553
f 7543 7553 7552
f 7544 7545 7554
f 7544 7554 7553
f 7545 7546 7555
f 7545 7555 7554
f 7546 7547 7556
f 7546 7556 7555
f 7547 7548 7557
f 7547 7557 7556
f 7548 7549 7558
f 7548 7558 7557
f 7549 7550 7559
f 7549 7559 7558
f 7550 7551 7560
f 7550 7560 7559
f 7552 7553 7562
f 7552 7562 7561
f 7553 7554 7563
f 7553 7563 7562
f 7554 7555 7564
f 7554 7564 7563
f 7555 7556 7565
f 7555 7565 7564
f 7556 7557 7566
f 7556 7566 7565
f 7557 7558 7567
f 7557 7567 7566
f 7558 7559 7568
f 7558 7568 7567
f 7559 7560 7569
f 7559 7569 7568
f 7561 7562 7571
f 7561 7571 7570
f 7562 7563 7572
f 7562 7572 7571
f 7563 7564 7573
f 7563 7573 7572
f 7564 7565 7574
f 7564 7574 7573
f 7565 7566 7575
f 7565 7575 7574
f 7566 7567 7576
f 7566 7576 7575
f 7567 7568 7577
f 7567 7577 7576
f 7568 7569 7578
f 7568 7578 7577
f 7570 7571 7580
f 7570 7580 7579
f 7571 7572 7581
f 7571 7581 7580
f 7572 7573 7582
f 7572 7582 7581
f 7573 7574 7583
f 7573 7583 7582
f 7574 7575 7584
f 7574 7584 7583
f 7575 7576 7585
f 7575 7585 7584
f 7576 7577 7586
f 7576 7586 7585
f 7577 7578 7587
f 7577 7587 7586
f 7579 7580 7589
f 7579 7589 7588
f 7580 7581 7590
f 7580 7590 7589
f 7581 7582 7591
f 7581 7591 7590
f 7582 7583 7592
f 7582 7592 7591
f 7583 7584 7593
f 7583 7593 7592
f 7584 7585 7594
f 7584 7594 7593
f 7585 7586 7595
f 7585 7595 7594
f 7586 7587 7596
f 7586 7596 7595
f 7588 7589 7598
f 7588 7598 7597
f 7589 7590 7599
f 7589 7599 7598
f 7590 7591 7600
f 7590 7600 7599
f 7591 7592 7601
f 7591 7601 7600
f 7592 7593 7602
f 7592 7602 7601
f 7593 7594 7603
f 7593 7603 7602
f 7594 7595 7604
f 7594 7604 7603
f 7595 7596 7605
f 7595 7605 7604
f 7597 7598 7607
f 7597 7607 7606
f 7598 7599 7608
f 7598 7608 7607
f 7599 7600 7609
f 7599 7609 7608
f 7600 7601 7610
f 7600 7610 7609
f 7601 7602 7611
f 7601 7611 7610
f 7602 7603 7612
f 7602 7612 7611
f 7603 7604 7613
f 7603 7613 7612
f 7604 7605 7614
f 7604 7614 7613
f 7615 7616 7625
f 7615 7625 7624
f 7616 7617 7626
f 7616 7626 7625
f 7617 7618 7627
f 7617 7627 7626
f 7618 7619 7628
f 7618 7628 7627
f 7619 7620 7629
f 7619 7629 7628
f 7620 7621 7630
f 7620 7630 7629
f 7621 7622 7631
f 7621 7631 7630
f 7622 7623 7632
f 7622 7632 7631
f 7624 7625 7634
f 7624 7634 7633
f 7625 7626 7635
f 7625 7635 7634
f 7626 7627 7636
f 7626 7636 7635
f 7627 7628 7637
f 7627 7637 7636
f 7628 7629 7638
f 7628 7638 7637
f 7629 7630 7639
f 7629 7639 7638
f 7630 7631 7640
f 7630 7640 7639
f 7631 7632 7641
f 7631 7641 7640
f 7633 7634 7643
f 7633 7643 7642
f 7634 7635 7644
f 7634 7644 7643
f 7635 7636 7645
f 7635 7645 7644
f 7636 7637 7646
f 7636 7646 7645
f 7637 7638 7647
f 7637 7647 7646
f 7638 7639 7648
f 7638 7648 7647
f 7639 7640 7649
f 7639 7649 7648
f 7640 7641 7650
f 7640 7650 7649
f 7642 7643 7652
f 7642 7652 7651
f 7643 7644 7653
f 7643 7653 7652
f 7644 7645 7654
f 7644 7654 7653
f 7645 7646 7655
f 7645 7655 7654
f 7646 7647 7656
f 7646 7656 7655
f 7647 7648 7657
f 7647 7657 7656
f 7648 7649 7658
f 7648 7658 7657
f 7649 7650 7659
f 7649 7659 7658
f 7651 7652 7661
f 7651 7661 7660
f 7652 7653 7662
f 7652 7662 7661
f 7653 7654 7663
f 7653 7663 7662
f 7654 7655 7664
f 7654 7664 7663
f 7655 7656 7665
f 7655 7665 7664
f 7656 7657 7666
f 7656 7666 7665
f 7657 7658 7667
f 7657 7667 7666
f 7658 7659 7668
f 7658 7668 7667
f 7660 7661 7670
f 7660 7670 7669
f 7661 7662 7671
f 7661 7671 7670
f 7662 7663 7672
f 7662 7672 7671
f 7663 7664 7673
f 7663 7673 7672
f 7664 7665 7674
f 7664 7674 7673
f 7665 7666 7675
f 7665 7675 7674
f 7666 7667 7676
f 7666 7676 7675
f 7667 7668 7677
f 7667 7677 7676
f 7669 7670 7679
f 7669 7679 7678
f 7670 7671 7680
f 7670 7680 7679
f 7671 7672 7681
f 7671 7681 7680
f 7672 7673 7682
f 7672 7682 7681
f 7673 7674 7683
f 7673 7683 7682
f 7674 7675 7684
f 7674 7684 7683
f 7675 7676 7685
f 7675 7685 7684
f 7676 7677 7686
f 7676 7686 7685
f 7678 7679 7688
f 7678 7688 7687
f 7679 7680 7689
f 7679 7689 7688
f 7680 7681 7690
f 7680 7690 7689
f 7681 7682 7691
f 7681 7691 7690
f 7682 7683 7692
f 7682 7692 7691
f 7683 7684 7693
f 7683 7693 7692
f 7684 7685 7694
f 7684 7694 7693
f 7685 7686 7695
f 7685 7695 7694
f 7696 7697 7706
f 7696 7706 7705
f 7697 7698 7707
f 7697 7707 7706
f 7698 7699 7708
f 7698 7708 7707
f 7699 7700 7709
f 7699 7709 7708
f 7700 7701 7710
f 7700 7710 7709
f 7701 7702 7711
f 7701 7711 7710
f 7702 7703 7712
f 7702 7712 7711
f 7703 7704 7713
f 7703 7713 7712
f 7705 7706 7715
f 7705 7715 7714
f 7706 7707 7716
f 7706 7716 7715
f 7707 7708 7717
f 7707 7717 7716
f 7708 7709 7718
f 7708 7718 7717
f 7709 7710 7719
f 7709 7719 7718
f 7710 7711 7720
f 7710 7720 7719
f 7711 7712 7721
f 7711 7721 7720
f 7712 7713 7722
f 7712 7722 7721
f 7714 7715 7724
f 7714 7724 7723
f 7715 7716 7725
f 7715 7725 7724
f 7716 7717 7726
f 7716 7726 7725
f 7717 7718 7727
f 7717 7727 7726
f 7718 7719 7728
f 7718 7728 7727
f 7719 7720 7729
f 7719 7729 7728
f 7720 7721 7730
f 7720 7730 7729
f 7721 7722 7731
f 7721 7731 7730
f 7723 7724 7733
f 7723 7733 7732
f 7724 7725 7734
f 7724 7734 7733
f 7725 7726 7735
f 7725 7735 7734
f 7726 7727 7736
f 7726 7736 7735
f 7727 7728 7737
f 7727 7737 7736
f 7728 7729 7738
f 7728 7738 7737
f 7729 7730 7739
f 7729 7739 7738
f 7730 7731 7740
f 7730 7740 7739
f 7732 7733 7742
f 7732 7742 7741
f 7733 7734 7743
f 7733 7743 7742
f 7734 7735 7744
f 7734 7744 7743
f 7735 7736 7745
f 7735 7745 7744
f 7736 7737 7746
f 7736 7746 7745
f 7737 7738 7747
f 7737 7747 7746
f 7738 7739 7748
f 7738 7748 7747
f 7739 7740 7749
f 7739 7749 7748
f 7741 7742 7751
f 7741 7751 7750
f 7742 7743 7752
f 7742 7752 7751
f 7743 7744 7753
f 7743 7753 7752
f 7744 7745 7754
f 7744 7754 7753
f 7745 7746 7755
f 7745 7755 7754
f 7746 7747 7756
f 7746 7756 7755
f 7747 7748 7757
f 7747 7757 7756
f 7748 7749 7758
f 7748 7758 7757
f 7750 7751 7760
f 7750 7760 7759
f 7751 7752 7761
f 7751 7761 7760
f 7752 7753 7762
f 7752 7762 7761
f 7753 7754 7763
f 7753 7763 7762
f 7754 7755 7764
f 7754 7764 7763
f 7755 7756 7765
f 7755 7765 7764
f 7756 7757 7766
f 7756 7766 7765
f 7757 7758 7767
f 7757 7767 7766
f 7759 7760 7769
f 7759 7769 7768
f 7760 7761 7770
f 7760 7770 7769
f 7761 7762 7771
f 7761 7771 7770
f 7762 7763 7772
f 7762 7772 7771
f 7763 7764 7773
f 7763 7773 7772
f 7764 7765 7774
f 7764 7774 7773
f 7765 7766 7775
f 7765 7775 7774
f 7766 7767 7776
f 7766 7776 7775
g 벽_0
v -6.0000 0.0000 -6.0000
v -6.0000 0.3273 -6.0000
v -6.0000 0.6545 -6.0000
v -6.0000 0.9818 -6.0000
v -6.0000 1.3091 -6.0000
v -6.0000 1.6364 -6.0000
v -6.0000 1.9636 -6.0000
v -6.0000 2.2909 -6.0000
v -6.0000 2.6182 -6.0000
v -6.0000 2.9455 -6.0000
v -6.0000 3.2727 -6.0000
v -6.0000 3.6000 -6.0000
v -4.9091 0.0000 -6.0000
v -4.9091 0.3273 -6.0000
v -4.9091 0.6545 -6.0000
v -4.9091 0.9818 -6.0000
v -4.9091 1.3091 -6.0000
v -4.9091 1.6364 -6.0000
v -4.9091 1.9636 -6.0000
v -4.9091 2.2909 -6.0000
v -4.9091 2.6182 -6.0000
v -4.9091 2.9455 -6.0000
v -4.9091 3.2727 -6.0000
v -4.9091 3.6000 -6.0000
v -3.8182 0.0000 -6.0000
v -3.8182 0.3273 -6.0000
v -3.8182 0.6545 -6.0000
v -3.8182 0.9818 -6.0000
v -3.8182 1.3091 -6.0000
v -3.8182 1.6364 -6.0000
v -3.8182 1.9636 -6.0000
v -3.8182 2.2909 -6.0000
v -3.8182 2.6182 -6.0000
v -3.8182 2.9455 -6.0000
v -3.8182 3.2727 -6.0000
v -3.8182 3.6000 -6.0000
v -2.7273 0.0000 -6.0000
v -2.7273 0.3273 -6.0000
v -2.7273 0.6545 -6.0000
v -2.7273 0.9818 -6.0000
v -2.7273 1.3091 -6.0000
v -2.7273 1.6364 -6.0000
v -2.7273 1.9636 -6.0000
v -2.7273 2.2909 -6.0000
v -2.7273 2.6182 -6.0000
v -2.7273 2.9455 -6.0000
v -2.7273 3.2727 -6.0000
v -2.7273 3.6000 -6.0000
v -1.6364 0.0000 -6.0000
v -1.6364 0.3273 -6.0000
v -1.6364 0.6545 -6.0000
v -1.6364 0.9818 -6.0000
v -1.6364 1.3091 -6.0000
v -1.6364 1.6364 -6.0000
v -1.6364 1.9636 -6.0000
v -1.6364 2.2909 -6.0000
v -1.6364 2.6182 -6.0000
v -1.6364 2.9455 -6.0000
v -1.6364 3.2727 -6.0000
v -1.6364 3.6000 -6.0000
v -0.5455 0.0000 -6.0000
v -0.5455 0.3273 -6.0000
v -0.5455 0.6545 -6.0000
v -0.5455 0.9818 -6.0000
v -0.5455 1.3091 -6.0000
v -0.5455 1.6364 -6.0000
v -0.5455 1.9636 -6.0000
v -0.5455 2.2909 -6.0000
v -0.5455 2.6182 -6.0000
v -0.5455 2.9455 -6.0000
v -0.5455 3.2727 -6.0000
v -0.5455 3.6000 -6.0000
v 0.5455 0.0000 -6.0000
v 0.5455 0.3273 -6.0000
v 0.5455 0.6545 -6.0000
v 0.5455 0.9818 -6.0000
v 0.5455 1.3091 -6.0000
v 0.5455 1.6364 -6.0000
v 0.5455 1.9636 -6.0000
v 0.5455 2.2909 -6.0000
v 0.5455 2.6182 -6.0000
v 0.5455 2.9455 -6.0000
v 0.5455 3.2727 -6.0000
v 0.5455 3.6000 -6.0000
v 1.6364 0.0000 -6.0000
v 1.6364 0.3273 -6.0000
v 1.6364 0.6545 -6.0000
v 1.6364 0.9818 -6.0000
v 1.6364 1.3091 -6.0000
v 1.6364 1.6364 -6.0000
v 1.6364 1.9636 -6.0000
v 1.6364 2.2909 -6.0000
v 1.6364 2.6182 -6.0000
v 1.6364 2.9455 -6.0000
v 1.6364 3.2727 -6.0000
v 1.6364 3.6000 -6.0000
v 2.7273 0.0000 -6.0000
v 2.7273 0.3273 -6.0000
v 2.7273 0.6545 -6.0000
v 2.7273 0.9818 -6.0000
v 2.7273 1.3091 -6.0000
v 2.7273 1.6364 -6.0000
v 2.7273 1.9636 -6.0000
v 2.7273 2.2909 -6.0000
v 2.7273 2.6182 -6.0000
v 2.7273 2.9455 -6.0000
v 2.7273 3.2727 -6.0000
v 2.7273 3.6000 -6.0000
v 3.8182 0.0000 -6.0000
v 3.8182 0.3273 -6.0000
v 3.8182 0.6545 -6.0000
v 3.8182 0.9818 -6.0000
v 3.8182 1.3091 -6.0000
v 3.8182 1.6364 -6.0000
v 3.8182 1.9636 -6.0000
v 3.8182 2.2909 -6.0000
v 3.8182 2.6182 -6.0000
v 3.8182 2.9455 -6.0000
v 3.8182 3.2727 -6.0000
v 3.8182 3.6000 -6.0000
v 4.9091 0.0000 -6.0000
v 4.9091 0.3273 -6.0000
v 4.9091 0.6545 -6.0000
v 4.9091 0.9818 -6.0000
v 4.9091 1.3091 -6.0000
v 4.9091 1.6364 -6.0000
v 4.9091 1.9636 -6.0000
v 4.9091 2.2909 -6.0000
v 4.9091 2.6182 -6.0000
v 4.9091 2.9455 -6.0000
v 4.9091 3.2727 -6.0000
v 4.9091 3.6000 -6.0000
v 6.0000 0.0000 -6.0000
v 6.0000 0.3273 -6.0000
v 6.0000 0.6545 -6.0000
v 6.0000 0.9818 -6.0000
v 6.0000 1.3091 -6.0000
v 6.0000 1.6364 -6.0000
v 6.0000 1.9636 -6.0000
v 6.0000 2.2909 -6.0000
v 6.0000 2.6182 -6.0000
v 6.0000 2.9455 -6.0000
v 6.0000 3.2727 -6.0000
v 6.0000 3.6000 -6.0000
v 6.0000 0.0000 -6.3000
v 6.0000 0.3273 -6.3000
v 6.0000 0.6545 -6.3000
v 6.0000 0.9818 -6.3000
v 6.0000 1.3091 -6.3000
v 6.0000 1.6364 -6.3000
v 6.0000 1.9636 -6.3000
v 6.0000 2.2909 -6.3000
v 6.0000 2.6182 -6.3000
v 6.0000 2.9455 -6.3000
v 6.0000 3.2727 -6.3000
v 6.0000 3.6000 -6.3000
v 4.9091 0.0000 -6.3000
v 4.9091 0.3273 -6.3000
v 4.9091 0.6545 -6.3000
v 4.9091 0.9818 -6.3000
v 4.9091 1.3091 -6.3000
v 4.9091 1.6364 -6.3000
v 4.9091 1.9636 -6.3000
v 4.9091 2.2909 -6.3000
v 4.9091 2.6182 -6.3000
v 4.9091 2.9455 -6.3000
v 4.9091 3.2727 -6.3000
v 4.9091 3.6000 -6.3000
v 3.8182 0.0000 -6.3000
v 3.8182 0.3273 -6.3000
v 3.8182 0.6545 -6.3000
v 3.8182 0.9818 -6.3000
v 3.8182 1.3091 -6.3000
v 3.8182 1.6364 -6.3000
v 3.8182 1.9636 -6.3000
v 3.8182 2.2909 -6.3000
v 3.8182 2.6182 -6.3000
v 3.8182 2.9455 -6.3000
v 3.8182 3.2727 -6.3000
v 3.8182 3.6000 -6.3000
v 2.7273 0.0000 -6.3000
v 2.7273 0.3273 -6.3000
v 2.7273 0.6545 -6.3000
v 2.7273 0.9818 -6.3000
v 2.7273 1.3091 -6.3000
v 2.7273 1.6364 -6.3000
v 2.7273 1.9636 -6.3000
v 2.7273 2.2909 -6.3000
v 2.7273 2.6182 -6.3000
v 2.7273 2.9455 -6.3000
v 2.7273 3.2727 -6.3000
v 2.7273 3.6000 -6.3000
v 1.6364 0.0000 -6.3000
v 1.6364 0.3273 -6.3000
v 1.6364 0.6545 -6.3000
v 1.6364 0.9818 -6.3000
v 1.6364 1.3091 -6.3000
v 1.6364 1.6364 -6.3000
v 1.6364 1.9636 -6.3000
v 1.6364 2.2909 -6.3000
v 1.6364 2.6182 -6.3000
v 1.6364 2.9455 -6.3000
v 1.6364 3.2727 -6.3000
v 1.6364 3.6000 -6.3000
v 0.5455 0.0000 -6.3000
v 0.5455 0.3273 -6.3000
v 0.5455 0.6545 -6.3000
v 0.5455 0.9818 -6.3000
v 0.5455 1.3091 -6.3000
v 0.5455 1.6364 -6.3000
v 0.5455 1.9636 -6.3000
v 0.5455 2.2909 -6.3000
v 0.5455 2.6182 -6.3000
v 0.5455 2.9455 -6.3000
v 0.5455 3.2727 -6.3000
v 0.5455 3.6000 -6.3000
v -0.5455 0.0000 -6.3000
v -0.5455 0.3273 -6.3000
v -0.5455 0.6545 -6.3000
v -0.5455 0.9818 -6.3000
v -0.5455 1.3091 -6.3000
v -0.5455 1.6364 -6.3000
v -0.5455 1.9636 -6.3000
v -0.5455 2.2909 -6.3000
v -0.5455 2.6182 -6.3000
v -0.5455 2.9455 -6.3000
v -0.5455 3.2727 -6.3000
v -0.5455 3.6000 -6.3000
v -1.6364 0.0000 -6.3000
v -1.6364 0.3273 -6.3000
v -1.6364 0.6545 -6.3000
v -1.6364 0.9818 -6.3000
v -1.6364 1.3091 -6.3000
v -1.6364 1.6364 -6.3000
v -1.6364 1.9636 -6.3000
v -1.6364 2.2909 -6.3000
v -1.6364 2.6182 -6.3000
v -1.6364 2.9455 -6.3000
v -1.6364 3.2727 -6.3000
v -1.6364 3.6000 -6.3000
v -2.7273 0.0000 -6.3000
v -2.7273 0.3273 -6.3000
v -2.7273 0.6545 -6.3000
v -2.7273 0.9818 -6.3000
v -2.7273 1.3091 -6.3000
v -2.7273 1.6364 -6.3000
v -2.7273 1.9636 -6.3000
v -2.7273 2.2909 -6.3000
v -2.7273 2.6182 -6.3000
v -2.7273 2.9455 -6.3000
v -2.7273 3.2727 -6.3000
v -2.7273 3.6000 -6.3000
v -3.8182 0.0000 -6.3000
v -3.8182 0.3273 -6.3000
v -3.8182 0.6545 -6.3000
v -3.8182 0.9818 -6.3000
v -3.8182 1.3091 -6.3000
v -3.8182 1.6364 -6.3000
v -3.8182 1.9636 -6.3000
v -3.8182 2.2909 -6.3000
v -3.8182 2.6182 -6.3000
v -3.8182 2.9455 -6.3000
v -3.8182 3.2727 -6.3000
v -3.8182 3.6000 -6.3000
v -4.9091 0.0000 -6.3000
v -4.9091 0.3273 -6.3000
v -4.9091 0.6545 -6.3000
v -4.9091 0.9818 -6.3000
v -4.9091 1.3091 -6.3000
v -4.9091 1.6364 -6.3000
v -4.9091 1.9636 -6.3000
v -4.9091 2.2909 -6.3000
v -4.9091 2.6182 -6.3000
v -4.9091 2.9455 -6.3000
v -4.9091 3.2727 -6.3000
v -4.9091 3.6000 -6.3000
v -6.0000 0.0000 -6.3000
v -6.0000 0.3273 -6.3000
v -6.0000 0.6545 -6.3000
v -6.0000 0.9818 -6.3000
v -6.0000 1.3091 -6.3000
v -6.0000 1.6364 -6.3000
v -6.0000 1.9636 -6.3000
v -6.0000 2.2909 -6.3000
v -6.0000 2.6182 -6.3000
v -6.0000 2.9455 -6.3000
v -6.0000 3.2727 -6.3000
v -6.0000 3.6000 -6.3000
v -6.0000 0.0000 -6.3000
v -6.0000 0.3273 -6.3000
v -6.0000 0.6545 -6.3000
v -6.0000 0.9818 -6.3000
v -6.0000 1.3091 -6.3000
v -6.0000 1.6364 -6.3000
v -6.0000 1.9636 -6.3000
v -6.0000 2.2909 -6.3000
v -6.0000 2.6182 -6.3000
v -6.0000 2.9455 -6.3000
v -6.0000 3.2727 -6.3000
v -6.0000 3.6000 -6.3000
v -6.0000 0.0000 -6.2727
v -6.0000 0.3273 -6.2727
v -6.0000 0.6545 -6.2727
v -6.0000 0.9818 -6.2727
v -6.0000 1.3091 -6.2727
v -6.0000 1.6364 -6.2727
v -6.0000 1.9636 -6.2727
v -6.0000 2.2909 -6.2727
v -6.0000 2.6182 -6.2727
v -6.0000 2.9455 -6.2727
v -6.0000 3.2727 -6.2727
v -6.0000 3.6000 -6.2727
v -6.0000 0.0000 -6.2455
v -6.0000 0.3273 -6.2455
v -6.0000 0.6545 -6.2455
v -6.0000 0.9818 -6.2455
v -6.0000 1.3091 -6.2455
v -6.0000 1.6364 -6.2455
v -6.0000 1.9636 -6.2455
v -6.0000 2.2909 -6.2455
v -6.0000 2.6182 -6.2455
v -6.0000 2.9455 -6.2455
v -6.0000 3.2727 -6.2455
v -6.0000 3.6000 -6.2455
v -6.0000 0.0000 -6.2182
v -6.0000 0.3273 -6.2182
v -6.0000 0.6545 -6.2182
v -6.0000 0.9818 -6.2182
v -6.0000 1.3091 -6.2182
v -6.0000 1.6364 -6.2182
v -6.0000 1.9636 -6.2182
v -6.0000 2.2909 -6.2182
v -6.0000 2.6182 -6.2182
v -6.0000 2.9455 -6.2182
v -6.0000 3.2727 -6.2182
v -6.0000 3.6000 -6.2182
v -6.0000 0.0000 -6.1909
v -6.0000 0.3273 -6.1909
v -6.0000 0.6545 -6.1909
v -6.0000 0.9818 -6.1909
v -6.0000 1.3091 -6.1909
v -6.0000 1.6364 -6.1909
v -6.0000 1.9636 -6.1909
v -6.0000 2.2909 -6.1909
v -6.0000 2.6182 -6.1909
v -6.0000 2.9455 -6.1909
v -6.0000 3.2727 -6.1909
v -6.0000 3.6000 -6.1909
v -6.0000 0.0000 -6.1636
v -6.0000 0.3273 -6.1636
v -6.0000 0.6545 -6.1636
v -6.0000 0.9818 -6.1636
v -6.0000 1.3091 -6.1636
v -6.0000 1.6364 -6.1636
v -6.0000 1.9636 -6.1636
v -6.0000 2.2909 -6.1636
v -6.0000 2.6182 -6.1636
v -6.0000 2.9455 -6.1636
v -6.0000 3.2727 -6.1636
v -6.0000 3.6000 -6.1636
v -6.0000 0.0000 -6.1364
v -6.0000 0.3273 -6.1364
v -6.0000 0.6545 -6.1364
v -6.0000 0.9818 -6.1364
v -6.0000 1.3091 -6.1364
v -6.0000 1.6364 -6.1364
v -6.0000 1.9636 -6.1364
v -6.0000 2.2909 -6.1364
v -6.0000 2.6182 -6.1364
v -6.0000 2.9455 -6.1364
v -6.0000 3.2727 -6.1364
v -6.0000 3.6000 -6.1364
v -6.0000 0.0000 -6.1091
v -6.0000 0.3273 -6.1091
v -6.0000 0.6545 -6.1091
v -6.0000 0.9818 -6.1091
v -6.0000 1.3091 -6.1091
v -6.0000 1.6364 -6.1091
v -6.0000 1.9636 -6.1091
v -6.0000 2.2909 -6.1091
v -6.0000 2.6182 -6.1091
v -6.0000 2.9455 -6.1091
v -6.0000 3.2727 -6.1091
v -6.0000 3.6000 -6.1091
v -6.0000 0.0000 -6.0818
v -6.0000 0.3273 -6.0818
v -6.0000 0.6545 -6.0818
v -6.0000 0.9818 -6.0818
v -6.0000 1.3091 -6.0818
v -6.0000 1.6364 -6.0818
v -6.0000 1.9636 -6.0818
v -6.0000 2.2909 -6.0818
v -6.0000 2.6182 -6.0818
v -6.0000 2.9455 -6.0818
v -6.0000 3.2727 -6.0818
v -6.0000 3.6000 -6.0818
v -6.0000 0.0000 -6.0545
v -6.0000 0.3273 -6.0545
v -6.0000 0.6545 -6.0545
v -6.0000 0.9818 -6.0545
v -6.0000 1.3091 -6.0545
v -6.0000 1.6364 -6.0545
v -6.0000 1.9636 -6.0545
v -6.0000 2.2909 -6.0545
v -6.0000 2.6182 -6.0545
v -6.0000 2.9455 -6.0545
v -6.0000 3.2727 -6.0545
v -6.0000 3.6000 -6.0545
v -6.0000 0.0000 -6.0273
v -6.0000 0.3273 -6.0273
v -6.0000 0.6545 -6.0273
v -6.0000 0.9818 -6.0273
v -6.0000 1.3091 -6.0273
v -6.0000 1.6364 -6.0273
v -6.0000 1.9636 -6.0273
v -6.0000 2.2909 -6.0273
v -6.0000 2.6182 -6.0273
v -6.0000 2.9455 -6.0273
v -6.0000 3.2727 -6.0273
v -6.0000 3.6000 -6.0273
v -6.0000 0.0000 -6.0000
v -6.0000 0.3273 -6.0000
v -6.0000 0.6545 -6.0000
v -6.0000 0.9818 -6.0000
v -6.0000 1.3091 -6.0000
v -6.0000 1.6364 -6.0000
v -6.0000 1.9636 -6.0000
v -6.0000 2.2909 -6.0000
v -6.0000 2.6182 -6.0000
v -6.0000 2.9455 -6.0000
v -6.0000 3.2727 -6.0000
v -6.0000 3.6000 -6.0000
v 6.0000 0.0000 -6.0000
v 6.0000 0.3273 -6.0000
v 6.0000 0.6545 -6.0000
v 6.0000 0.9818 -6.0000
v 6.0000 1.3091 -6.0000
v 6.0000 1.6364 -6.0000
v 6.0000 1.9636 -6.0000
v 6.0000 2.2909 -6.0000
v 6.0000 2.6182 -6.0000
v 6.0000 2.9455 -6.0000
v 6.0000 3.2727 -6.0000
v 6.0000 3.6000 -6.0000
v 6.0000 0.0000 -6.0273
v 6.0000 0.3273 -6.0273
v 6.0000 0.6545 -6.0273
v 6.0000 0.9818 -6.0273
v 6.0000 1.3091 -6.0273
v 6.0000 1.6364 -6.0273
v 6.0000 1.9636 -6.0273
v 6.0000 2.2909 -6.0273
v 6.0000 2.6182 -6.0273
v 6.0000 2.9455 -6.0273
v 6.0000 3.2727 -6.0273
v 6.0000 3.6000 -6.0273
v 6.0000 0.0000 -6.0545
v 6.0000 0.3273 -6.0545
v 6.0000 0.6545 -6.0545
v 6.0000 0.9818 -6.0545
v 6.0000 1.3091 -6.0545
v 6.0000 1.6364 -6.0545
v 6.0000 1.9636 -6.0545
v 6.0000 2.2909 -6.0545
v 6.0000 2.6182 -6.0545
v 6.0000 2.9455 -6.0545
v 6.0000 3.2727 -6.0545
v 6.0000 3.6000 -6.0545
v 6.0000 0.0000 -6.0818
v 6.0000 0.3273 -6.0818
v 6.0000 0.6545 -6.0818
v 6.0000 0.9818 -6.0818
v 6.0000 1.3091 -6.0818
v 6.0000 1.6364 -6.0818
v 6.0000 1.9636 -6.0818
v 6.0000 2.2909 -6.0818
v 6.0000 2.6182 -6.0818
v 6.0000 2.9455 -6.0818
v 6.0000 3.2727 -6.0818
v 6.0000 3.6000 -6.0818
v 6.0000 0.0000 -6.1091
v 6.0000 0.3273 -6.1091
v 6.0000 0.6545 -6.1091
v 6.0000 0.9818 -6.1091
v 6.0000 1.3091 -6.1091
v 6.0000 1.6364 -6.1091
v 6.0000 1.9636 -6.1091
v 6.0000 2.2909 -6.1091
v 6.0000 2.6182 -6.1091
v 6.0000 2.9455 -6.1091
v 6.0000 3.2727 -6.1091
v 6.0000 3.6000 -6.1091
v 6.0000 0.0000 -6.1364
v 6.0000 0.3273 -6.1364
v 6.0000 0.6545 -6.1364
v 6.0000 0.9818 -6.1364
v 6.0000 1.3091 -6.1364
v 6.0000 1.6364 -6.1364
v 6.0000 1.9636 -6.1364
v 6.0000 2.2909 -6.1364
v 6.0000 2.6182 -6.1364
v 6.0000 2.9455 -6.1364
v 6.0000 3.2727 -6.1364
v 6.0000 3.6000 -6.1364
v 6.0000 0.0000 -6.1636
v 6.0000 0.3273 -6.1636
v 6.0000 0.6545 -6.1636
v 6.0000 0.9818 -6.1636
v 6.0000 1.3091 -6.1636
v 6.0000 1.6364 -6.1636
v 6.0000 1.9636 -6.1636
v 6.0000 2.2909 -6.1636
v 6.0000 2.6182 -6.1636
v 6.0000 2.9455 -6.1636
v 6.0000 3.2727 -6.1636
v 6.0000 3.6000 -6.1636
v 6.0000 0.0000 -6.1909
v 6.0000 0.3273 -6.1909
v 6.0000 0.6545 -6.1909
v 6.0000 0.9818 -6.1909
v 6.0000 1.3091 -6.1909
v 6.0000 1.6364 -6.1909
v 6.0000 1.9636 -6.1909
v 6.0000 2.2909 -6.1909
v 6.0000 2.6182 -6.1909
v 6.0000 2.9455 -6.1909
v 6.0000 3.2727 -6.1909
v 6.0000 3.6000 -6.1909
v 6.0000 0.0000 -6.2182
v 6.0000 0.3273 -6.2182
v 6.0000 0.6545 -6.2182
v 6.0000 0.9818 -6.2182
v 6.0000 1.3091 -6.2182
v 6.0000 1.6364 -6.2182
v 6.0000 1.9636 -6.2182
v 6.0000 2.2909 -6.2182
v 6.0000 2.6182 -6.2182
v 6.0000 2.9455 -6.2182
v 6.0000 3.2727 -6.2182
v 6.0000 3.6000 -6.2182
v 6.0000 0.0000 -6.2455
v 6.0000 0.3273 -6.2455
v 6.0000 0.6545 -6.2455
v 6.0000 0.9818 -6.2455
v 6.0000 1.3091 -6.2455
v 6.0000 1.6364 -6.2455
v 6.0000 1.9636 -6.2455
v 6.0000 2.2909 -6.2455
v 6.0000 2.6182 -6.2455
v 6.0000 2.9455 -6.2455
v 6.0000 3.2727 -6.2455
v 6.0000 3.6000 -6.2455
v 6.0000 0.0000 -6.2727
v 6.0000 0.3273 -6.2727
v 6.0000 0.6545 -6.2727
v 6.0000 0.9818 -6.2727
v 6.0000 1.3091 -6.2727
v 6.0000 1.6364 -6.2727
v 6.0000 1.9636 -6.2727
v 6.0000 2.2909 -6.2727
v 6.0000 2.6182 -6.2727
v 6.0000 2.9455 -6.2727
v 6.0000 3.2727 -6.2727
v 6.0000 3.6000 -6.2727
v 6.0000 0.0000 -6.3000
v 6.0000 0.3273 -6.3000
v 6.0000 0.6545 -6.3000
v 6.0000 0.9818 -6.3000
v 6.0000 1.3091 -6.3000
v 6.0000 1.6364 -6.3000
v 6.0000 1.9636 -6.3000
v 6.0000 2.2909 -6.3000
v 6.0000 2.6182 -6.3000
v 6.0000 2.9455 -6.3000
v 6.0000 3.2727 -6.3000
v 6.0000 3.6000 -6.3000
v -6.0000 3.6000 -6.3000
v -6.0000 3.6000 -6.2727
v -6.0000 3.6000 -6.2455
v -6.0000 3.6000 -6.2182
v -6.0000 3.6000 -6.1909
v -6.0000 3.6000 -6.1636
v -6.0000 3.6000 -6.1364
v -6.0000 3.6000 -6.1091
v -6.0000 3.6000 -6.0818
v -6.0000 3.6000 -6.0545
v -6.0000 3.6000 -6.0273
v -6.0000 3.6000 -6.0000
v -4.9091 3.6000 -6.3000
v -4.9091 3.6000 -6.2727
v -4.9091 3.6000 -6.2455
v -4.9091 3.6000 -6.2182
v -4.9091 3.6000 -6.1909
v -4.9091 3.6000 -6.1636
v -4.9091 3.6000 -6.1364
v -4.9091 3.6000 -6.1091
v -4.9091 3.6000 -6.0818
v -4.9091 3.6000 -6.0545
v -4.9091 3.6000 -6.0273
v -4.9091 3.6000 -6.0000
v -3.8182 3.6000 -6.3000
v -3.8182 3.6000 -6.2727
v -3.8182 3.6000 -6.2455
v -3.8182 3.6000 -6.2182
v -3.8182 3.6000 -6.1909
v -3.8182 3.6000 -6.1636
v -3.8182 3.6000 -6.1364
v -3.8182 3.6000 -6.1091
v -3.8182 3.6000 -6.0818
v -3.8182 3.6000 -6.0545
v -3.8182 3.6000 -6.0273
v -3.8182 3.6000 -6.0000
v -2.7273 3.6000 -6.3000
v -2.7273 3.6000 -6.2727
v -2.7273 3.6000 -6.2455
v -2.7273 3.6000 -6.2182
v -2.7273 3.6000 -6.1909
v -2.7273 3.6000 -6.1636
v -2.7273 3.6000 -6.1364
v -2.7273 3.6000 -6.1091
v -2.7273 3.6000 -6.0818
v -2.7273 3.6000 -6.0545
v -2.7273 3.6000 -6.0273
v -2.7273 3.6000 -6.0000
v -1.6364 3.6000 -6.3000
v -1.6364 3.6000 -6.2727
v -1.6364 3.6000 -6.2455
v -1.6364 3.6000 -6.2182
v -1.6364 3.6000 -6.1909
v -1.6364 3.6000 -6.1636
v -1.6364 3.6000 -6.1364
v -1.6364 3.6000 -6.1091
v -1.6364 3.6000 -6.0818
v -1.6364 3.6000 -6.0545
v -1.6364 3.6000 -6.0273
v -1.6364 3.6000 -6.0000
v -0.5455 3.6000 -6.3000
v -0.5455 3.6000 -6.2727
v -0.5455 3.6000 -6.2455
v -0.5455 3.6000 -6.2182
v -0.5455 3.6000 -6.1909
v -0.5455 3.6000 -6.1636
v -0.5455 3.6000 -6.1364
v -0.5455 3.6000 -6.1091
v -0.5455 3.6000 -6.0818
v -0.5455 3.6000 -6.0545
v -0.5455 3.6000 -6.0273
v -0.5455 3.6000 -6.0000
v 0.5455 3.6000 -6.3000
v 0.5455 3.6000 -6.2727
v 0.5455 3.6000 -6.2455
v 0.5455 3.6000 -6.2182
v 0.5455 3.6000 -6.1909
v 0.5455 3.6000 -6.1636
v 0.5455 3.6000 -6.1364
v 0.5455 3.6000 -6.1091
v 0.5455 3.6000 -6.0818
v 0.5455 3.6000 -6.0545
v 0.5455 3.6000 -6.0273
v 0.5455 3.6000 -6.0000
v 1.6364 3.6000 -6.3000
v 1.6364 3.6000 -6.2727
v 1.6364 3.6000 -6.2455
v 1.6364 3.6000 -6.2182
v 1.6364 3.6000 -6.1909
v 1.6364 3.6000 -6.1636
v 1.6364 3.6000 -6.1364
v 1.6364 3.6000 -6.1091
v 1.6364 3.6000 -6.0818
v 1.6364 3.6000 -6.0545
v 1.6364 3.6000 -6.0273
v 1.6364 3.6000 -6.0000
v 2.7273 3.6000 -6.3000
v 2.7273 3.6000 -6.2727
v 2.7273 3.6000 -6.2455
v 2.7273 3.6000 -6.2182
v 2.7273 3.6000 -6.1909
v 2.7273 3.6000 -6.1636
v 2.7273 3.6000 -6.1364
v 2.7273 3.6000 -6.1091
v 2.7273 3.6000 -6.0818
v 2.7273 3.6000 -6.0545
v 2.7273 3.6000 -6.0273
v 2.7273 3.6000 -6.0000
v 3.8182 3.6000 -6.3000
v 3.8182 3.6000 -6.2727
v 3.8182 3.6000 -6.2455
v 3.8182 3.6000 -6.2182
v 3.8182 3.6000 -6.1909
v 3.8182 3.6000 -6.1636
v 3.8182 3.6000 -6.1364
v 3.8182 3.6000 -6.1091
v 3.8182 3.6000 -6.0818
v 3.8182 3.6000 -6.0545
v 3.8182 3.6000 -6.0273
v 3.8182 3.6000 -6.0000
v 4.9091 3.6000 -6.3000
v 4.9091 3.6000 -6.2727
v 4.9091 3.6000 -6.2455
v 4.9091 3.6000 -6.2182
v 4.9091 3.6000 -6.1909
v 4.9091 3.6000 -6.1636
v 4.9091 3.6000 -6.1364
v 4.9091 3.6000 -6.1091
v 4.9091 3.6000 -6.0818
v 4.9091 3.6000 -6.0545
v 4.9091 3.6000 -6.0273
v 4.9091 3.6000 -6.0000
v 6.0000 3.6000 -6.3000
v 6.0000 3.6000 -6.2727
v 6.0000 3.6000 -6.2455
v 6.0000 3.6000 -6.2182
v 6.0000 3.6000 -6.1909
v 6.0000 3.6000 -6.1636
v 6.0000 3.6000 -6.1364
v 6.0000 3.6000 -6.1091
v 6.0000 3.6000 -6.0818
v 6.0000 3.6000 -6.0545
v 6.0000 3.6000 -6.0273
v 6.0000 3.6000 -6.0000
v -6.0000 0.0000 -6.0000
v -6.0000 0.0000 -6.0273
v -6.0000 0.0000 -6.0545
v -6.0000 0.0000 -6.0818
v -6.0000 0.0000 -6.1091
v -6.0000 0.0000 -6.1364
v -6.0000 0.0000 -6.1636
v -6.0000 0.0000 -6.1909
v -6.0000 0.0000 -6.2182
v -6.0000 0.0000 -6.2455
v -6.0000 0.0000 -6.2727
v -6.0000 0.0000 -6.3000
v -4.9091 0.0000 -6.0000
v -4.9091 0.0000 -6.0273
v -4.9091 0.0000 -6.0545
v -4.9091 0.0000 -6.0818
v -4.9091 0.0000 -6.1091
v -4.9091 0.0000 -6.1364
v -4.9091 0.0000 -6.1636
v -4.9091 0.0000 -6.1909
v -4.9091 0.0000 -6.2182
v -4.9091 0.0000 -6.2455
v -4.9091 0.0000 -6.2727
v -4.9091 0.0000 -6.3000
v -3.8182 0.0000 -6.0000
v -3.8182 0.0000 -6.0273
v -3.8182 0.0000 -6.0545
v -3.8182 0.0000 -6.0818
v -3.8182 0.0000 -6.1091
v -3.8182 0.0000 -6.1364
v -3.8182 0.0000 -6.1636
v -3.8182 0.0000 -6.1909
v -3.8182 0.0000 -6.2182
v -3.8182 0.0000 -6.2455
v -3.8182 0.0000 -6.2727
v -3.8182 0.0000 -6.3000
v -2.7273 0.0000 -6.0000
v -2.7273 0.0000 -6.0273
v -2.7273 0.0000 -6.0545
v -2.7273 0.0000 -6.0818
v -2.7273 0.0000 -6.1091
v -2.7273 0.0000 -6.1364
v -2.7273 0.0000 -6.1636
v -2.7273 0.0000 -6.1909
v -2.7273 0.0000 -6.2182
v -2.7273 0.0000 -6.2455
v -2.7273 0.0000 -6.2727
v -2.7273 0.0000 -6.3000
v -1.6364 0.0000 -6.0000
v -1.6364 0.0000 -6.0273
v -1.6364 0.0000 -6.0545
v -1.6364 0.0000 -6.0818
v -1.6364 0.0000 -6.1091
v -1.6364 0.0000 -6.1364
v -1.6364 0.0000 -6.1636
v -1.6364 0.0000 -6.1909
v -1.6364 0.0000 -6.2182
v -1.6364 0.0000 -6.2455
v -1.6364 0.0000 -6.2727
v -1.6364 0.0000 -6.3000
v -0.5455 0.0000 -6.0000
v -0.5455 0.0000 -6.0273
v -0.5455 0.0000 -6.0545
v -0.5455 0.0000 -6.0818
v -0.5455 0.0000 -6.1091
v -0.5455 0.0000 -6.1364
v -0.5455 0.0000 -6.1636
v -0.5455 0.0000 -6.1909
v -0.5455 0.0000 -6.2182
v -0.5455 0.0000 -6.2455
v -0.5455 0.0000 -6.2727
v -0.5455 0.0000 -6.3000
v 0.5455 0.0000 -6.0000
v 0.5455 0.0000 -6.0273
v 0.5455 0.0000 -6.0545
v 0.5455 0.0000 -6.0818
v 0.5455 0.0000 -6.1091
v 0.5455 0.0000 -6.1364
v 0.5455 0.0000 -6.1636
v 0.5455 0.0000 -6.1909
v 0.5455 0.0000 -6.2182
v 0.5455 0.0000 -6.2455
v 0.5455 0.0000 -6.2727
v 0.5455 0.0000 -6.3000
v 1.6364 0.0000 -6.0000
v 1.6364 0.0000 -6.0273
v 1.6364 0.0000 -6.0545
v 1.6364 0.0000 -6.0818
v 1.6364 0.0000 -6.1091
v 1.6364 0.0000 -6.1364
v 1.6364 0.0000 -6.1636
v 1.6364 0.0000 -6.1909
v 1.6364 0.0000 -6.2182
v 1.6364 0.0000 -6.2455
v 1.6364 0.0000 -6.2727
v 1.6364 0.0000 -6.3000
v 2.7273 0.0000 -6.0000
v 2.7273 0.0000 -6.0273
v 2.7273 0.0000 -6.0545
v 2.7273 0.0000 -6.0818
v 2.7273 0.0000 -6.1091
v 2.7273 0.0000 -6.1364
v 2.7273 0.0000 -6.1636
v 2.7273 0.0000 -6.1909
v 2.7273 0.0000 -6.2182
v 2.7273 0.0000 -6.2455
v 2.7273 0.0000 -6.2727
v 2.7273 0.0000 -6.3000
v 3.8182 0.0000 -6.0000
v 3.8182 0.0000 -6.0273
v 3.8182 0.0000 -6.0545
v 3.8182 0.0000 -6.0818
v 3.8182 0.0000 -6.1091
v 3.8182 0.0000 -6.1364
v 3.8182 0.0000 -6.1636
v 3.8182 0.0000 -6.1909
v 3.8182 0.0000 -6.2182
v 3.8182 0.0000 -6.2455
v 3.8182 0.0000 -6.2727
v 3.8182 0.0000 -6.3000
v 4.9091 0.0000 -6.0000
v 4.9091 0.0000 -6.0273
v 4.9091 0.0000 -6.0545
v 4.9091 0.0000 -6.0818
v 4.9091 0.0000 -6.1091
v 4.9091 0.0000 -6.1364
v 4.9091 0.0000 -6.1636
v 4.9091 0.0000 -6.1909
v 4.9091 0.0000 -6.2182
v 4.9091 0.0000 -6.2455
v 4.9091 0.0000 -6.2727
v 4.9091 0.0000 -6.3000
v 6.0000 0.0000 -6.0000
v 6.0000 0.0000 -6.0273
v 6.0000 0.0000 -6.0545
v 6.0000 0.0000 -6.0818
v 6.0000 0.0000 -6.1091
v 6.0000 0.0000 -6.1364
v 6.0000 0.0000 -6.1636
v 6.0000 0.0000 -6.1909
v 6.0000 0.0000 -6.2182
v 6.0000 0.0000 -6.2455
v 6.0000 0.0000 -6.2727
v 6.0000 0.0000 -6.3000
f 7777 7778 7790
f 7777 7790 7789
f 7778 7779 7791
f 7778 7791 7790
f 7779 7780 7792
f 7779 7792 7791
f 7780 7781 7793
f 7780 7793 7792
f 7781 7782 7794
f 7781 7794 7793
f 7782 7783 7795
f 7782 7795 7794
f 7783 7784 7796
f 7783 7796 7795
f 7784 7785 7797
f 7784 7797 7796
f 7785 7786 7798
f 7785 7798 7797
f 7786 7787 7799
f 7786 7799 7798
f 7787 7788 7800
f 7787 7800 7799
f 7789 7790 7802
f 7789 7802 7801
f 7790 7791 7803
f 7790 7803 7802
f 7791 7792 7804
f 7791 7804 7803
f 7792 7793 7805
f 7792 7805 7804
f 7793 7794 7806
f 7793 7806 7805
f 7794 7795 7807
f 7794 7807 7806
f 7795 7796 7808
f 7795 7808 7807
f 7796 7797 7809
f 7796 7809 7808
f 7797 7798 7810
f 7797 7810 7809
f 7798 7799 7811
f 7798 7811 7810
f 7799 7800 7812
f 7799 7812 7811
f 7801 7802 7814
f 7801 7814 7813
f 7802 7803 7815
f 7802 7815 7814
f 7803 7804 7816
f 7803 7816 7815
f 7804 7805 7817
f 7804 7817 7816
f 7805 7806 7818
f 7805 7818 7817
f 7806 7807 7819
f 7806 7819 7818
f 7807 7808 7820
f 7807 7820 7819
f 7808 7809 7821
f 7808 7821 7820
f 7809 7810 7822
f 7809 7822 7821
f 7810 7811 7823
f 7810 7823 7822
f 7811 7812 7824
f 7811 7824 7823
f 7813 7814 7826
f 7813 7826 7825
f 7814 7815 7827
f 7814 7827 7826
f 7815 7816 7828
f 7815 7828 7827
f 7816 7817 7829
f 7816 7829 7828
f 7817 7818 7830
f 7817 7830 7829
f 7818 7819 7831
f 7818 7831 7830
f 7819 7820 7832
f 7819 7832 7831
f 7820 7821 7833
f 7820 7833 7832
f 7821 7822 7834
f 7821 7834 7833
f 7822 7823 7835
f 7822 7835 7834
f 7823 7824 7836
f 7823 7836 7835
f 7825 7826 7838
f 7825 7838 7837
f 7826 7827 7839
f 7826 7839 7838
f 7827 7828 7840
f 7827 7840 7839
f 7828 7829 7841
f 7828 7841 7840
f 7829 7830 7842
f 7829 7842 7841
f 7830 7831 7843
f 7830 7843 7842
f 7831 7832 7844
f 7831 7844 7843
f 7832 7833 7845
f 7832 7845 7844
f 7833 7834 7846
f 7833 7846 7845
f 7834 7835 7847
f 7834 7847 7846
f 7835 7836 7848
f 7835 7848 7847
f 7837 7838 7850
f 7837 7850 7849
f 7838 7839 7851
f 7838 7851 7850
f 7839 7840 7852
f 7839 7852 7851
f 7840 7841 7853
f 7840 7853 7852
f 7841 7842 7854
f 7841 7854 7853
f 7842 7843 7855
f 7842 7855 7854
f 7843 7844 7856
f 7843 7856 7855
f 7844 7845 7857
f 7844 7857 7856
f 7845 7846 7858
f 7845 7858 7857
f 7846 7847 7859
f 7846 7859 7858
f 7847 7848 7860
f 7847 7860 7859
f 7849 7850 7862
f 7849 7862 7861
f 7850 7851 7863
f 7850 7863 7862
f 7851 7852 7864
f 7851 7864 7863
f 7852 7853 7865
f 7852 7865 7864
f 7853 7854 7866
f 7853 7866 7865
f 7854 7855 7867
f 7854 7867 7866
f 7855 7856 7868
f 7855 7868 7867
f 7856 7857 7869
f 7856 7869 7868
f 7857 7858 7870
f 7857 7870 7869
f 7858 7859 7871
f 7858 7871 7870
f 7859 7860 7872
f 7859 7872 7871
f 7861 7862 7874
f 7861 7874 7873
f 7862 7863 7875
f 7862 7875 7874
f 7863 7864 7876
f 7863 7876 7875
f 7864 7865 7877
f 7864 7877 7876
f 7865 7866 7878
f 7865 7878 7877
f 7866 7867 7879
f 7866 7879 7878
f 7867 7868 7880
f 7867 7880 7879
f 7868 7869 7881
f 7868 7881 7880
f 7869 7870 7882
f 7869 7882 7881
f 7870 7871 7883
f 7870 7883 7882
f 7871 7872 7884
f 7871 7884 7883
f 7873 7874 7886
f 7873 7886 7885
f 7874 7875 7887
f 7874 7887 7886
f 7875 7876 7888
f 7875 7888 7887
f 7876 7877 7889
f 7876 7889 7888
f 7877 7878 7890
f 7877 7890 7889
f 7878 7879 7891
f 7878 7891 7890
f 7879 7880 7892
f 7879 7892 7891
f 7880 7881 7893
f 7880 7893 7892
f 7881 7882 7894
f 7881 7894 7893
f 7882 7883 7895
f 7882 7895 7894
f 7883 7884 7896
f 7883 7896 7895
f 7885 7886 7898
f 7885 7898 7897
f 7886 7887 7899
f 7886 7899 7898
f 7887 7888 7900
f 7887 7900 7899
f 7888 7889 7901
f 7888 7901 7900
f 7889 7890 7902
f 7889 7902 7901
f 7890 7891 7903
f 7890 7903 7902
f 7891 7892 7904
f 7891 7904 7903
f 7892 7893 7905
f 7892 7905 7904
f 7893 7894 7906
f 7893 7906 7905
f 7894 7895 7907
f 7894 7907 7906
f 7895 7896 7908
f 7895 7908 7907
f 7897 7898 7910
f 7897 7910 7909
f 7898 7899 7911
f 7898 7911 7910
f 7899 7900 7912
f 7899 7912 7911
f 7900 7901 7913
f 7900 7913 7912
f 7901 7902 7914
f 7901 7914 7913
f 7902 7903 7915
f 7902 7915 7914
f 7903 7904 7916
f 7903 7916 7915
f 7904 7905 7917
f 7904 7917 7916
f 7905 7906 7918
f 7905 7918 7917
f 7906 7907 7919
f 7906 7919 7918
f 7907 7908 7920
f 7907 7920 7919
f 7921 7922 7934
f 7921 7934 7933
f 7922 7923 7935
f 7922 7935 7934
f 7923 7924 7936
f 7923 7936 7935
f 7924 7925 7937
f 7924 7937 7936
f 7925 7926 7938
f 7925 7938 7937
f 7926 7927 7939
f 7926 7939 7938
f 7927 7928 7940
f 7927 7940 7939
f 7928 7929 7941
f 7928 7941 7940
f 7929 7930 7942
f 7929 7942 7941
f 7930 7931 7943
f 7930 7943 7942
f 7931 7932 7944
f 7931 7944 7943
f 7933 7934 7946
f 7933 7946 7945
f 7934 7935 7947
f 7934 7947 7946
f 7935 7936 7948
f 7935 7948 7947
f 7936 7937 7949
f 7936 7949 7948
f 7937 7938 7950
f 7937 7950 7949
f 7938 7939 7951
f 7938 7951 7950
f 7939 7940 7952
f 7939 7952 7951
f 7940 7941 7953
f 7940 7953 7952
f 7941 7942 7954
f 7941 7954 7953
f 7942 7943 7955
f 7942 7955 7954
f 7943 7944 7956
f 7943 7956 7955
f 7945 7946 7958
f 7945 7958 7957
f 7946 7947 7959
f 7946 7959 7958
f 7947 7948 7960
f 7947 7960 7959
f 7948 7949 7961
f 7948 7961 7960
f 7949 7950 7962
f 7949 7962 7961
f 7950 7951 7963
f 7950 7963 7962
f 7951 7952 7964
f 7951 7964 7963
f 7952 7953 7965
f 7952 7965 7964
f 7953 7954 7966
f 7953 7966 7965
f 7954 7955 7967
f 7954 7967 7966
f 7955 7956 7968
f 7955 7968 7967
f 7957 7958 7970
f 7957 7970 7969
f 7958 7959 7971
f 7958 7971 7970
f 7959 7960 7972
f 7959 7972 7971
f 7960 7961 7973
f 7960 7973 7972
f 7961 7962 7974
f 7961 7974 7973
f 7962 7963 7975
f 7962 7975 7974
f 7963 7964 7976
f 7963 7976 7975
f 7964 7965 7977
f 7964 7977 7976
f 7965 7966 7978
f 7965 7978 7977
f 7966 7967 7979
f 7966 7979 7978
f 7967 7968 7980
f 7967 7980 7979
f 7969 7970 7982
f 7969 7982 7981
f 7970 7971 7983
f 7970 7983 7982
f 7971 7972 7984
f 7971 7984 7983
f 7972 7973 7985
f 7972 7985 7984
f 7973 7974 7986
f 7973 7986 7985
f 7974 7975 7987
f 7974 7987 7986
f 7975 7976 7988
f 7975 7988 7987
f 7976 7977 7989
f 7976 7989 7988
f 7977 7978 7990
f 7977 7990 7989
f 7978 7979 7991
f 7978 7991 7990
f 7979 7980 7992
f 7979 7992 7991
f 7981 7982 7994
f 7981 7994 7993
f 7982 7983 7995
f 7982 7995 7994
f 7983 7984 7996
f 7983 7996 7995
f 7984 7985 7997
f 7984 7997 7996
f 7985 7986 7998
f 7985 7998 7997
f 7986 7987 7999
f 7986 7999 7998
f 7987 7988 8000
f 7987 8000 7999
f 7988 7989 8001
f 7988 8001 8000
f 7989 7990 8002
f 7989 8002 8001
f 7990 7991 8003
f 7990 8003 8002
f 7991 7992 8004
f 7991 8004 8003
f 7993 7994 8006
f 7993 8006 8005
f 7994 7995 8007
f 7994 8007 8006
f 7995 7996 8008
f 7995 8008 8007
f 7996 7997 8009
f 7996 8009 8008
f 7997 7998 8010
f 7997 8010 8009
f 7998 7999 8011
f 7998 8011 8010
f 7999 8000 8012
f 7999 8012 8011
f 8000 8001 8013
f 8000 8013 8012
f 8001 8002 8014
f 8001 8014 8013
f 8002 8003 8015
f 8002 8015 8014
f 8003 8004 8016
f 8003 8016 8015
f 8005 8006 8018
f 8005 8018 8017
f 8006 8007 8019
f 8006 8019 8018
f 8007 8008 8020
f 8007 8020 8019
f 8008 8009 8021
f 8008 8021 8020
f 8009 8010 8022
f 8009 8022 8021
f 8010 8011 8023
f 8010 8023 8022
f 8011 8012 8024
f 8011 8024 8023
f 8012 8013 8025
f 8012 8025 8024
f 8013 8014 8026
f 8013 8026 8025
f 8014 8015 8027
f 8014 8027 8026
f 8015 8016 8028
f 8015 8028 8027
f 8017 8018 8030
f 8017 8030 8029
f 8018 8019 8031
f 8018 8031 8030
f 8019 8020 8032
f 8019 8032 8031
f 8020 8021 8033
f 8020 8033 8032
f 8021 8022 8034
f 8021 8034 8033
f 8022 8023 8035
f 8022 8035 8034
f 8023 8024 8036
f 8023 8036 8035
f 8024 8025 8037
f 8024 8037 8036
f 8025 8026 8038
f 8025 8038 8037
f 8026 8027 8039
f 8026 8039 8038
f 8027 8028 8040
f 8027 8040 8039
f 8029 8030 8042
f 8029 8042 8041
f 8030 8031 8043
f 8030 8043 8042
f 8031 8032 8044
f 8031 8044 8043
f 8032 8033 8045
f 8032 8045 8044
f 8033 8034 8046
f 8033 8046 8045
f 8034 8035 8047
f 8034 8047 8046
f 8035 8036 8048
f 8035 8048 8047
f 8036 8037 8049
f 8036 8049 8048
f 8037 8038 8050
f 8037 8050 8049
f 8038 8039 8051
f 8038 8051 8050
f 8039 8040 8052
f 8039 8052 8051
f 8041 8042 8054
f 8041 8054 8053
f 8042 8043 8055
f 8042 8055 8054
f 8043 8044 8056
f 8043 8056 8055
f 8044 8045 8057
f 8044 8057 8056
f 8045 8046 8058
f 8045 8058 8057
f 8046 8047 8059
f 8046 8059 8058
f 8047 8048 8060
f 8047 8060 8059
f 8048 8049 8061
f 8048 8061 8060
f 8049 8050 8062
f 8049 8062 8061
f 8050 8051 8063
f 8050 8063 8062
f 8051 8052 8064
f 8051 8064 8063
f 8065 8066 8078
f 8065 8078 8077
f 8066 8067 8079
f 8066 8079 8078
f 8067 8068 8080
f 8067 8080 8079
f 8068 8069 8081
f 8068 8081 8080
f 8069 8070 8082
f 8069 8082 8081
f 8070 8071 8083
f 8070 8083 8082
f 8071 8072 8084
f 8071 8084 8083
f 8072 8073 8085
f 8072 8085 8084
f 8073 8074 8086
f 8073 8086 8085
f 8074 8075 8087
f 8074 8087 8086
f 8075 8076 8088
f 8075 8088 8087
f 8077 8078 8090
f 8077 8090 8089
f 8078 8079 8091
f 8078 8091 8090
f 8079 8080 8092
f 8079 8092 8091
f 8080 8081 8093
f 8080 8093 8092
f 8081 8082 8094
f 8081 8094 8093
f 8082 8083 8095
f 8082 8095 8094
f 8083 8084 8096
f 8083 8096 8095
f 8084 8085 8097
f 8084 8097 8096
f 8085 8086 8098
f 8085 8098 8097
f 8086 8087 8099
f 8086 8099 8098
f 8087 8088 8100
f 8087 8100 8099
f 8089 8090 8102
f 8089 8102 8101
f 8090 8091 8103
f 8090 8103 8102
f 8091 8092 8104
f 8091 8104 8103
f 8092 8093 8105
f 8092 8105 8104
f 8093 8094 8106
f 8093 8106 8105
f 8094 8095 8107
f 8094 8107 8106
f 8095 8096 8108
f 8095 8108 8107
f 8096 8097 8109
f 8096 8109 8108
f 8097 8098 8110
f 8097 8110 8109
f 8098 8099 8111
f 8098 8111 8110
f 8099 8100 8112
f 8099 8112 8111
f 8101 8102 8114
f 8101 8114 8113
f 8102 8103 8115
f 8102 8115 8114
f 8103 8104 8116
f 8103 8116 8115
f 8104 8105 8117
f 8104 8117 8116
f 8105 8106 8118
f 8105 8118 8117
f 8106 8107 8119
f 8106 8119 8118
f 8107 8108 8120
f 8107 8120 8119
f 8108 8109 8121
f 8108 8121 8120
f 8109 8110 8122
f 8109 8122 8121
f 8110 8111 8123
f 8110 8123 8122
f 8111 8112 8124
f 8111 8124 8123
f 8113 8114 8126
f 8113 8126 8125
f 8114 8115 8127
f 8114 8127 8126
f 8115 8116 8128
f 8115 8128 8127
f 8116 8117 8129
f 8116 8129 8128
f 8117 8118 8130
f 8117 8130 8129
f 8118 8119 8131
f 8118 8131 8130
f 8119 8120 8132
f 8119 8132 8131
f 8120 8121 8133
f 8120 8133 8132
f 8121 8122 8134
f 8121 8134 8133
f 8122 8123 8135
f 8122 8135 8134
f 8123 8124 8136
f 8123 8136 8135
f 8125 8126 8138
f 8125 8138 8137
f 8126 8127 8139
f 8126 8139 8138
f 8127 8128 8140
f 8127 8140 8139
f 8128 8129 8141
f 8128 8141 8140
f 8129 8130 8142
f 8129 8142 8141
f 8130 8131 8143
f 8130 8143 8142
f 8131 8132 8144
f 8131 8144 8143
f 8132 8133 8145
f 8132 8145 8144
f 8133 8134 8146
f 8133 8146 8145
f 8134 8135 8147
f 8134 8147 8146
f 8135 8136 8148
f 8135 8148 8147
f 8137 8138 8150
f 8137 8150 8149
f 8138 8139 8151
f 8138 8151 8150
f 8139 8140 8152
f 8139 8152 8151
f 8140 8141 8153
f 8140 8153 8152
f 8141 8142 8154
f 8141 8154 8153
f 8142 8143 8155
f 8142 8155 8154
f 8143 8144 8156
f 8143 8156 8155
f 8144 8145 8157
f 8144 8157 8156
f 8145 8146 8158
f 8145 8158 8157
f 8146 8147 8159
f 8146 8159 8158
f 8147 8148 8160
f 8147 8160 8159
f 8149 8150 8162
f 8149 8162 8161
f 8150 8151 8163
f 8150 8163 8162
f 8151 8152 8164
f 8151 8164 8163
f 8152 8153 8165
f 8152 8165 8164
f 8153 8154 8166
f 8153 8166 8165
f 8154 8155 8167
f 8154 8167 8166
f 8155 8156 8168
f 8155 8168 8167
f 8156 8157 8169
f 8156 8169 8168
f 8157 8158 8170
f 8157 8170 8169
f 8158 8159 8171
f 8158 8171 8170
f 8159 8160 8172
f 8159 8172 8171
f 8161 8162 8174
f 8161 8174 8173
f 8162 8163 8175
f 8162 8175 8174
f 8163 8164 8176
f 8163 8176 8175
f 8164 8165 8177
f 8164 8177 8176
f 8165 8166 8178
f 8165 8178 8177
f 8166 8167 8179
f 8166 8179 8178
f 8167 8168 8180
f 8167 8180 8179
f 8168 8169 8181
f 8168 8181 8180
f 8169 8170 8182
f 8169 8182 8181
f 8170 8171 8183
f 8170 8183 8182
f 8171 8172 8184
f 8171 8184 8183
f 8173 8174 8186
f 8173 8186 8185
f 8174 8175 8187
f 8174 8187 8186
f 8175 8176 8188
f 8175 8188 8187
f 8176 8177 8189
f 8176 8189 8188
f 8177 8178 8190
f 8177 8190 8189
f 8178 8179 8191
f 8178 8191 8190
f 8179 8180 8192
f 8179 8192 8191
f 8180 8181 8193
f 8180 8193 8192
f 8181 8182 8194
f 8181 8194 8193
f 8182 8183 8195
f 8182 8195 8194
f 8183 8184 8196
f 8183 8196 8195
f 8185 8186 8198
f 8185 8198 8197
f 8186 8187 8199
f 8186 8199 8198
f 8187 8188 8200
f 8187 8200 8199
f 8188 8189 8201
f 8188 8201 8200
f 8189 8190 8202
f 8189 8202 8201
f 8190 8191 8203
f 8190 8203 8202
f 8191 8192 8204
f 8191 8204 8203
f 8192 8193 8205
f 8192 8205 8204
f 8193 8194 8206
f 8193 8206 8205
f 8194 8195 8207
f 8194 8207 8206
f 8195 8196 8208
f 8195 8208 8207
f 8209 8210 8222
f 8209 8222 8221
f 8210 8211 8223
f 8210 8223 8222
f 8211 8212 8224
f 8211 8224 8223
f 8212 8213 8225
f 8212 8225 8224
f 8213 8214 8226
f 8213 8226 8225
f 8214 8215 8227
f 8214 8227 8226
f 8215 8216 8228
f 8215 8228 8227
f 8216 8217 8229
f 8216 8229 8228
f 8217 8218 8230
f 8217 8230 8229
f 8218 8219 8231
f 8218 8231 8230
f 8219 8220 8232
f 8219 8232 8231
f 8221 8222 8234
f 8221 8234 8233
f 8222 8223 8235
f 8222 8235 8234
f 8223 8224 8236
f 8223 8236 8235
f 8224 8225 8237
f 8224 8237 8236
f 8225 8226 8238
f 8225 8238 8237
f 8226 8227 8239
f 8226 8239 8238
f 8227 8228 8240
f 8227 8240 8239
f 8228 8229 8241
f 8228 8241 8240
f 8229 8230 8242
f 8229 8242 8241
f 8230 8231 8243
f 8230 8243 8242
f 8231 8232 8244
f 8231 8244 8243
f 8233 8234 8246
f 8233 8246 8245
f 8234 8235 8247
f 8234 8247 8246
f 8235 8236 8248
f 8235 8248 8247
f 8236 8237 8249
f 8236 8249 8248
f 8237 8238 8250
f 8237 8250 8249
f 8238 8239 8251
f 8238 8251 8250
f 8239 8240 8252
f 8239 8252 8251
f 8240 8241 8253
f 8240 8253 8252
f 8241 8242 8254
f 8241 8254 8253
f 8242 8243 8255
f 8242 8255 8254
f 8243 8244 8256
f 8243 8256 8255
f 8245 8246 8258
f 8245 8258 8257
f 8246 8247 8259
f 8246 8259 8258
f 8247 8248 8260
f 8247 8260 8259
f 8248 8249 8261
f 8248 8261 8260
f 8249 8250 8262
f 8249 8262 8261
f 8250 8251 8263
f 8250 8263 8262
f 8251 8252 8264
f 8251 8264 8263
f 8252 8253 8265
f 8252 8265 8264
f 8253 8254 8266
f 8253 8266 8265
f 8254 8255 8267
f 8254 8267 8266
f 8255 8256 8268
f 8255 8268 8267
f 8257 8258 8270
f 8257 8270 8269
f 8258 8259 8271
f 8258 8271 8270
f 8259 8260 8272
f 8259 8272 8271
f 8260 8261 8273
f 8260 8273 8272
f 8261 8262 8274
f 8261 8274 8273
f 8262 8263 8275
f 8262 8275 8274
f 8263 8264 8276
f 8263 8276 8275
f 8264 8265 8277
f 8264 8277 8276
f 8265 8266 8278
f 8265 8278 8277
f 8266 8267 8279
f 8266 8279 8278
f 8267 8268 8280
f 8267 8280 8279
f 8269 8270 8282
f 8269 8282 8281
f 8270 8271 8283
f 8270 8283 8282
f 8271 8272 8284
f 8271 8284 8283
f 8272 8273 8285
f 8272 8285 8284
f 8273 8274 8286
f 8273 8286 8285
f 8274 8275 8287
f 8274 8287 8286
f 8275 8276 8288
f 8275 8288 8287
f 8276 8277 8289
f 8276 8289 8288
f 8277 8278 8290
f 8277 8290 8289
f 8278 8279 8291
f 8278 8291 8290
f 8279 8280 8292
f 8279 8292 8291
f 8281 8282 8294
f 8281 8294 8293
f 8282 8283 8295
f 8282 8295 8294
f 8283 8284 8296
f 8283 8296 8295
f 8284 8285 8297
f 8284 8297 8296
f 8285 8286 8298
f 8285 8298 8297
f 8286 8287 8299
f 8286 8299 8298
f 8287 8288 8300
f 8287 8300 8299
f 8288 8289 8301
f 8288 8301 8300
f 8289 8290 8302
f 8289 8302 8301
f 8290 8291 8303
f 8290 8303 8302
f 8291 8292 8304
f 8291 8304 8303
f 8293 8294 8306
f 8293 8306 8305
f 8294 8295 8307
f 8294 8307 8306
f 8295 8296 8308
f 8295 8308 8307
f 8296 8297 8309
f 8296 8309 8308
f 8297 8298 8310
f 8297 8310 8309
f 8298 8299 8311
f 8298 8311 8310
f 8299 8300 8312
f 8299 8312 8311
f 8300 8301 8313
f 8300 8313 8312
f 8301 8302 8314
f 8301 8314 8313
f 8302 8303 8315
f 8302 8315 8314
f 8303 8304 8316
f 8303 8316 8315
f 8305 8306 8318
f 8305 8318 8317
f 8306 8307 8319
f 8306 8319 8318
f 8307 8308 8320
f 8307 8320 8319
f 8308 8309 8321
f 8308 8321 8320
f 8309 8310 8322
f 8309 8322 8321
f 8310 8311 8323
f 8310 8323 8322
f 8311 8312 8324
f 8311 8324 8323
f 8312 8313 8325
f 8312 8325 8324
f 8313 8314 8326
f 8313 8326 8325
f 8314 8315 8327
f 8314 8327 8326
f 8315 8316 8328
f 8315 8328 8327
f 8317 8318 8330
f 8317 8330 8329
f 8318 8319 8331
f 8318 8331 8330
f 8319 8320 8332
f 8319 8332 8331
f 8320 8321 8333
f 8320 8333 8332
f 8321 8322 8334
f 8321 8334 8333
f 8322 8323 8335
f 8322 8335 8334
f 8323 8324 8336
f 8323 8336 8335
f 8324 8325 8337
f 8324 8337 8336
f 8325 8326 8338
f 8325 8338 8337
f 8326 8327 8339
f 8326 8339 8338
f 8327 8328 8340
f 8327 8340 8339
f 8329 8330 8342
f 8329 8342 8341
f 8330 8331 8343
f 8330 8343 8342
f 8331 8332 8344
f 8331 8344 8343
f 8332 8333 8345
f 8332 8345 8344
f 8333 8334 8346
f 8333 8346 8345
f 8334 8335 8347
f 8334 8347 8346
f 8335 8336 8348
f 8335 8348 8347
f 8336 8337 8349
f 8336 8349 8348
f 8337 8338 8350
f 8337 8350 8349
f 8338 8339 8351
f 8338 8351 8350
f 8339 8340 8352
f 8339 8352 8351
f 8353 8354 8366
f 8353 8366 8365
f 8354 8355 8367
f 8354 8367 8366
f 8355 8356 8368
f 8355 8368 8367
f 8356 8357 8369
f 8356 8369 8368
f 8357 8358 8370
f 8357 8370 8369
f 8358 8359 8371
f 8358 8371 8370
f 8359 8360 8372
f 8359 8372 8371
f 8360 8361 8373
f 8360 8373 8372
f 8361 8362 8374
f 8361 8374 8373
f 8362 8363 8375
f 8362 8375 8374
f 8363 8364 8376
f 8363 8376 8375
f 8365 8366 8378
f 8365 8378 8377
f 8366 8367 8379
f 8366 8379 8378
f 8367 8368 8380
f 8367 8380 8379
f 8368 8369 8381
f 8368 8381 8380
f 8369 8370 8382
f 8369 8382 8381
f 8370 8371 8383
f 8370 8383 8382
f 8371 8372 8384
f 8371 8384 8383
f 8372 8373 8385
f 8372 8385 8384
f 8373 8374 8386
f 8373 8386 8385
f 8374 8375 8387
f 8374 8387 8386
f 8375 8376 8388
f 8375 8388 8387
f 8377 8378 8390
f 8377 8390 8389
f 8378 8379 8391
f 8378 8391 8390
f 8379 8380 8392
f 8379 8392 8391
f 8380 8381 8393
f 8380 8393 8392
f 8381 8382 8394
f 8381 8394 8393
f 8382 8383 8395
f 8382 8395 8394
f 8383 8384 8396
f 8383 8396 8395
f 8384 8385 8397
f 8384 8397 8396
f 8385 8386 8398
f 8385 8398 8397
f 8386 8387 8399
f 8386 8399 8398
f 8387 8388 8400
f 8387 8400 8399
f 8389 8390 8402
f 8389 8402 8401
f 8390 8391 8403
f 8390 8403 8402
f 8391 8392 8404
f 8391 8404 8403
f 8392 8393 8405
f 8392 8405 8404
f 8393 8394 8406
f 8393 8406 8405
f 8394 8395 8407
f 8394 8407 8406
f 8395 8396 8408
f 8395 8408 8407
f 8396 8397 8409
f 8396 8409 8408
f 8397 8398 8410
f 8397 8410 8409
f 8398 8399 8411
f 8398 8411 8410
f 8399 8400 8412
f 8399 8412 8411
f 8401 8402 8414
f 8401 8414 8413
f 8402 8403 8415
f 8402 8415 8414
f 8403 8404 8416
f 8403 8416 8415
f 8404 8405 8417
f 8404 8417 8416
f 8405 8406 8418
f 8405 8418 8417
f 8406 8407 8419
f 8406 8419 8418
f 8407 8408 8420
f 8407 8420 8419
f 8408 8409 8421
f 8408 8421 8420
f 8409 8410 8422
f 8409 8422 8421
f 8410 8411 8423
f 8410 8423 8422
f 8411 8412 8424
f 8411 8424 8423
f 8413 8414 8426
f 8413 8426 8425
f 8414 8415 8427
f 8414 8427 8426
f 8415 8416 8428
f 8415 8428 8427
f 8416 8417 8429
f 8416 8429 8428
f 8417 8418 8430
f 8417 8430 8429
f 8418 8419 8431
f 8418 8431 8430
f 8419 8420 8432
f 8419 8432 8431
f 8420 8421 8433
f 8420 8433 8432
f 8421 8422 8434
f 8421 8434 8433
f 8422 8423 8435
f 8422 8435 8434
f 8423 8424 8436
f 8423 8436 8435
f 8425 8426 8438
f 8425 8438 8437
f 8426 8427 8439
f 8426 8439 8438
f 8427 8428 8440
f 8427 8440 8439
f 8428 8429 8441
f 8428 8441 8440
f 8429 8430 8442
f 8429 8442 8441
f 8430 8431 8443
f 8430 8443 8442
f 8431 8432 8444
f 8431 8444 8443
f 8432 8433 8445
f 8432 8445 8444
f 8433 8434 8446
f 8433 8446 8445
f 8434 8435 8447
f 8434 8447 8446
f 8435 8436 8448
f 8435 8448 8447
f 8437 8438 8450
f 8437 8450 8449
f 8438 8439 8451
f 8438 8451 8450
f 8439 8440 8452
f 8439 8452 8451
f 8440 8441 8453
f 8440 8453 8452
f 8441 8442 8454
f 8441 8454 8453
f 8442 8443 8455
f 8442 8455 8454
f 8443 8444 8456
f 8443 8456 8455
f 8444 8445 8457
f 8444 8457 8456
f 8445 8446 8458
f 8445 8458 8457
f 8446 8447 8459
f 8446 8459 8458
f 8447 8448 8460
f 8447 8460 8459
f 8449 8450 8462
f 8449 8462 8461
f 8450 8451 8463
f 8450 8463 8462
f 8451 8452 8464
f 8451 8464 8463
f 8452 8453 8465
f 8452 8465 8464
f 8453 8454 8466
f 8453 8466 8465
f 8454 8455 8467
f 8454 8467 8466
f 8455 8456 8468
f 8455 8468 8467
f 8456 8457 8469
f 8456 8469 8468
f 8457 8458 8470
f 8457 8470 8469
f 8458 8459 8471
f 8458 8471 8470
f 8459 8460 8472
f 8459 8472 8471
f 8461 8462 8474
f 8461 8474 8473
f 8462 8463 8475
f 8462 8475 8474
f 8463 8464 8476
f 8463 8476 8475
f 8464 8465 8477
f 8464 8477 8476
f 8465 8466 8478
f 8465 8478 8477
f 8466 8467 8479
f 8466 8479 8478
f 8467 8468 8480
f 8467 8480 8479
f 8468 8469 8481
f 8468 8481 8480
f 8469 8470 8482
f 8469 8482 8481
f 8470 8471 8483
f 8470 8483 8482
f 8471 8472 8484
f 8471 8484 8483
f 8473 8474 8486
f 8473 8486 8485
f 8474 8475 8487
f 8474 8487 8486
f 8475 8476 8488
f 8475 8488 8487
f 8476 8477 8489
f 8476 8489 8488
f 8477 8478 8490
f 8477 8490 8489
f 8478 8479 8491
f 8478 8491 8490
f 8479 8480 8492
f 8479 8492 8491
f 8480 8481 8493
f 8480 8493 8492
f 8481 8482 8494
f 8481 8494 8493
f 8482 8483 8495
f 8482 8495 8494
f 8483 8484 8496
f 8483 8496 8495
f 8497 8498 8510
f 8497 8510 8509
f 8498 8499 8511
f 8498 8511 8510
f 8499 8500 8512
f 8499 8512 8511
f 8500 8501 8513
f 8500 8513 8512
f 8501 8502 8514
f 8501 8514 8513
f 8502 8503 8515
f 8502 8515 8514
f 8503 8504 8516
f 8503 8516 8515
f 8504 8505 8517
f 8504 8517 8516
f 8505 8506 8518
f 8505 8518 8517
f 8506 8507 8519
f 8506 8519 8518
f 8507 8508 8520
f 8507 8520 8519
f 8509 8510 8522
f 8509 8522 8521
f 8510 8511 8523
f 8510 8523 8522
f 8511 8512 8524
f 8511 8524 8523
f 8512 8513 8525
f 8512 8525 8524
f 8513 8514 8526
f 8513 8526 8525
f 8514 8515 8527
f 8514 8527 8526
f 8515 8516 8528
f 8515 8528 8527
f 8516 8517 8529
f 8516 8529 8528
f 8517 8518 8530
f 8517 8530 8529
f 8518 8519 8531
f 8518 8531 8530
f 8519 8520 8532
f 8519 8532 8531
f 8521 8522 8534
f 8521 8534 8533
f 8522 8523 8535
f 8522 8535 8534
f 8523 8524 8536
f 8523 8536 8535
f 8524 8525 8537
f 8524 8537 8536
f 8525 8526 8538
f 8525 8538 8537
f 8526 8527 8539
f 8526 8539 8538
f 8527 8528 8540
f 8527 8540 8539
f 8528 8529 8541
f 8528 8541 8540
f 8529 8530 8542
f 8529 8542 8541
f 8530 8531 8543
f 8530 8543 8542
f 8531 8532 8544
f 8531 8544 8543
f 8533 8534 8546
f 8533 8546 8545
f 8534 8535 8547
f 8534 8547 8546
f 8535 8536 8548
f 8535 8548 8547
f 8536 8537 8549
f 8536 8549 8548
f 8537 8538 8550
f 8537 8550 8549
f 8538 8539 8551
f 8538 8551 8550
f 8539 8540 8552
f 8539 8552 8551
f 8540 8541 8553
f 8540 8553 8552
f 8541 8542 8554
f 8541 8554 8553
f 8542 8543 8555
f 8542 8555 8554
f 8543 8544 8556
f 8543 8556 8555
f 8545 8546 8558
f 8545 8558 8557
f 8546 8547 8559
f 8546 8559 8558
f 8547 8548 8560
f 8547 8560 8559
f 8548 8549 8561
f 8548 8561 8560
f 8549 8550 8562
f 8549 8562 8561
f 8550 8551 8563
f 8550 8563 8562
f 8551 8552 8564
f 8551 8564 8563
f 8552 8553 8565
f 8552 8565 8564
f 8553 8554 8566
f 8553 8566 8565
f 8554 8555 8567
f 8554 8567 8566
f 8555 8556 8568
f 8555 8568 8567
f 8557 8558 8570
f 8557 8570 8569
f 8558 8559 8571
f 8558 8571 8570
f 8559 8560 8572
f 8559 8572 8571
f 8560 8561 8573
f 8560 8573 8572
f 8561 8562 8574
f 8561 8574 8573
f 8562 8563 8575
f 8562 8575 8574
f 8563 8564 8576
f 8563 8576 8575
f 8564 8565 8577
f 8564 8577 8576
f 8565 8566 8578
f 8565 8578 8577
f 8566 8567 8579
f 8566 8579 8578
f 8567 8568 8580
f 8567 8580 8579
f 8569 8570 8582
f 8569 8582 8581
f 8570 8571 8583
f 8570 8583 8582
f 8571 8572 8584
f 8571 8584 8583
f 8572 8573 8585
f 8572 8585 8584
f 8573 8574 8586
f 8573 8586 8585
f 8574 8575 8587
f 8574 8587 8586
f 8575 8576 8588
f 8575 8588 8587
f 8576 8577 8589
f 8576 8589 8588
f 8577 8578 8590
f 8577 8590 8589
f 8578 8579 8591
f 8578 8591 8590
f 8579 8580 8592
f 8579 8592 8591
f 8581 8582 8594
f 8581 8594 8593
f 8582 8583 8595
f 8582 8595 8594
f 8583 8584 8596
f 8583 8596 8595
f 8584 8585 8597
f 8584 8597 8596
f 8585 8586 8598
f 8585 8598 8597
f 8586 8587 8599
f 8586 8599 8598
f 8587 8588 8600
f 8587 8600 8599
f 8588 8589 8601
f 8588 8601 8600
f 8589 8590 8602
f 8589 8602 8601
f 8590 8591 8603
f 8590 8603 8602
f 8591 8592 8604
f 8591 8604 8603
f 8593 8594 8606
f 8593 8606 8605
f 8594 8595 8607
f 8594 8607 8606
f 8595 8596 8608
f 8595 8608 8607
f 8596 8597 8609
f 8596 8609 8608
f 8597 8598 8610
f 8597 8610 8609
f 8598 8599 8611
f 8598 8611 8610
f 8599 8600 8612
f 8599 8612 8611
f 8600 8601 8613
f 8600 8613 8612
f 8601 8602 8614
f 8601 8614 8613
f 8602 8603 8615
f 8602 8615 8614
f 8603 8604 8616
f 8603 8616 8615
f 8605 8606 8618
f 8605 8618 8617
f 8606 8607 8619
f 8606 8619 8618
f 8607 8608 8620
f 8607 8620 8619
f 8608 8609 8621
f 8608 8621 8620
f 8609 8610 8622
f 8609 8622 8621
f 8610 8611 8623
f 8610 8623 8622
f 8611 8612 8624
f 8611 8624 8623
f 8612 8613 8625
f 8612 8625 8624
f 8613 8614 8626
f 8613 8626 8625
f 8614 8615 8627
f 8614 8627 8626
f 8615 8616 8628
f 8615 8628 8627
f 8617 8618 8630
f 8617 8630 8629
f 8618 8619 8631
f 8618 8631 8630
f 8619 8620 8632
f 8619 8632 8631
f 8620 8621 8633
f 8620 8633 8632
f 8621 8622 8634
f 8621 8634 8633
f 8622 8623 8635
f 8622 8635 8634
f 8623 8624 8636
f 8623 8636 8635
f 8624 8625 8637
f 8624 8637 8636
f 8625 8626 8638
f 8625 8638 8637
f 8626 8627 8639
f 8626 8639 8638
f 8627 8628 8640
f 8627 8640 8639
g 벽_1
v -6.0000 0.0000 6.3000
v -6.0000 0.3273 6.3000
v -6.0000 0.6545 6.3000
v -6.0000 0.9818 6.3000
v -6.0000 1.3091 6.3000
v -6.0000 1.6364 6.3000
v -6.0000 1.9636 6.3000
v -6.0000 2.2909 6.3000
v -6.0000 2.6182 6.3000
v -6.0000 2.9455 6.3000
v -6.0000 3.2727 6.3000
v -6.0000 3.6000 6.3000
v -4.9091 0.0000 6.3000
v -4.9091 0.3273 6.3000
v -4.9091 0.6545 6.3000
v -4.9091 0.9818 6.3000
v -4.9091 1.3091 6.3000
v -4.9091 1.6364 6.3000
v -4.9091 1.9636 6.3000
v -4.9091 2.2909 6.3000
v -4.9091 2.6182 6.3000
v -4.9091 2.9455 6.3000
v -4.9091 3.2727 6.3000
v -4.9091 3.6000 6.3000
v -3.8182 0.0000 6.3000
v -3.8182 0.3273 6.3000
v -3.8182 0.6545 6.3000
v -3.8182 0.9818 6.3000
v -3.8182 1.3091 6.3000
v -3.8182 1.6364 6.3000
v -3.8182 1.9636 6.3000
v -3.8182 2.2909 6.3000
v -3.8182 2.6182 6.3000
v -3.8182 2.9455 6.3000
v -3.8182 3.2727 6.3000
v -3.8182 3.6000 6.3000
v -2.7273 0.0000 6.3000
v -2.7273 0.3273 6.3000
v -2.7273 0.6545 6.3000
v -2.7273 0.9818 6.3000
v -2.7273 1.3091 6.3000
v -2.7273 1.6364 6.3000
v -2.7273 1.9636 6.3000
v -2.7273 2.2909 6.3000
v -2.7273 2.6182 6.3000
v -2.7273 2.9455 6.3000
v -2.7273 3.2727 6.3000
v -2.7273 3.6000 6.3000
v -1.6364 0.0000 6.3000
v -1.6364 0.3273 6.3000
v -1.6364 0.6545 6.3000
v -1.6364 0.9818 6.3000
v -1.6364 1.3091 6.3000
v -1.6364 1.6364 6.3000
v -1.6364 1.9636 6.3000
v -1.6364 2.2909 6.3000
v -1.6364 2.6182 6.3000
v -1.6364 2.9455 6.3000
v -1.6364 3.2727 6.3000
v -1.6364 3.6000 6.3000
v -0.5455 0.0000 6.3000
v -0.5455 0.3273 6.3000
v -0.5455 0.6545 6.3000
v -0.5455 0.9818 6.3000
v -0.5455 1.3091 6.3000
v -0.5455 1.6364 6.3000
v -0.5455 1.9636 6.3000
v -0.5455 2.2909 6.3000
v -0.5455 2.6182 6.3000
v -0.5455 2.9455 6.3000
v -0.5455 3.2727 6.3000
v -0.5455 3.6000 6.3000
v 0.5455 0.0000 6.3000
v 0.5455 0.3273 6.3000
v 0.5455 0.6545 6.3000
v 0.5455 0.9818 6.3000
v 0.5455 1.3091 6.3000
v 0.5455 1.6364 6.3000
v 0.5455 1.9636 6.3000
v 0.5455 2.2909 6.3000
v 0.5455 2.6182 6.3000
v 0.5455 2.9455 6.3000
v 0.5455 3.2727 6.3000
v 0.5455 3.6000 6.3000
v 1.6364 0.0000 6.3000
v 1.6364 0.3273 6.3000
v 1.6364 0.6545 6.3000
v 1.6364 0.9818 6.3000
v 1.6364 1.3091 6.3000
v 1.6364 1.6364 6.3000
v 1.6364 1.9636 6.3000
v 1.6364 2.2909 6.3000
v 1.6364 2.6182 6.3000
v 1.6364 2.9455 6.3000
v 1.6364 3.2727 6.3000
v 1.6364 3.6000 6.3000
v 2.7273 0.0000 6.3000
v 2.7273 0.3273 6.3000
v 2.7273 0.6545 6.3000
v 2.7273 0.9818 6.3000
v 2.7273 1.3091 6.3000
v 2.7273 1.6364 6.3000
v 2.7273 1.9636 6.3000
v 2.7273 2.2909 6.3000
v 2.7273 2.6182 6.3000
v 2.7273 2.9455 6.3000
v 2.7273 3.2727 6.3000
v 2.7273 3.6000 6.3000
v 3.8182 0.0000 6.3000
v 3.8182 0.3273 6.3000
v 3.8182 0.6545 6.3000
v 3.8182 0.9818 6.3000
v 3.8182 1.3091 6.3000
v 3.8182 1.6364 6.3000
v 3.8182 1.9636 6.3000
v 3.8182 2.2909 6.3000
v 3.8182 2.6182 6.3000
v 3.8182 2.9455 6.3000
v 3.8182 3.2727 6.3000
v 3.8182 3.6000 6.3000
v 4.9091 0.0000 6.3000
v 4.9091 0.3273 6.3000
v 4.9091 0.6545 6.3000
v 4.9091 0.9818 6.3000
v 4.9091 1.3091 6.3000
v 4.9091 1.6364 6.3000
v 4.9091 1.9636 6.3000
v 4.9091 2.2909 6.3000
v 4.9091 2.6182 6.3000
v 4.9091 2.9455 6.3000
v 4.9091 3.2727 6.3000
v 4.9091 3.6000 6.3000
v 6.0000 0.0000 6.3000
v 6.0000 0.3273 6.3000
v 6.0000 0.6545 6.3000
v 6.0000 0.9818 6.3000
v 6.0000 1.3091 6.3000
v 6.0000 1.6364 6.3000
v 6.0000 1.9636 6.3000
v 6.0000 2.2909 6.3000
v 6.0000 2.6182 6.3000
v 6.0000 2.9455 6.3000
v 6.0000 3.2727 6.3000
v 6.0000 3.6000 6.3000
v 6.0000 0.0000 6.0000
v 6.0000 0.3273 6.0000
v 6.0000 0.6545 6.0000
v 6.0000 0.9818 6.0000
v 6.0000 1.3091 6.0000
v 6.0000 1.6364 6.0000
v 6.0000 1.9636 6.0000
v 6.0000 2.2909 6.0000
v 6.0000 2.6182 6.0000
v 6.0000 2.9455 6.0000
v 6.0000 3.2727 6.0000
v 6.0000 3.6000 6.0000
v 4.9091 0.0000 6.0000
v 4.9091 0.3273 6.0000
v 4.9091 0.6545 6.0000
v 4.9091 0.9818 6.0000
v 4.9091 1.3091 6.0000
v 4.9091 1.6364 6.0000
v 4.9091 1.9636 6.0000
v 4.9091 2.2909 6.0000
v 4.9091 2.6182 6.0000
v 4.9091 2.9455 6.0000
v 4.9091 3.2727 6.0000
v 4.9091 3.6000 6.0000
v 3.8182 0.0000 6.0000
v 3.8182 0.3273 6.0000
v 3.8182 0.6545 6.0000
v 3.8182 0.9818 6.0000
v 3.8182 1.3091 6.0000
v 3.8182 1.6364 6.0000
v 3.8182 1.9636 6.0000
v 3.8182 2.2909 6.0000
v 3.8182 2.6182 6.0000
v 3.8182 2.9455 6.0000
v 3.8182 3.2727 6.0000
v 3.8182 3.6000 6.0000
v 2.7273 0.0000 6.0000
v 2.7273 0.3273 6.0000
v 2.7273 0.6545 6.0000
v 2.7273 0.9818 6.0000
v 2.7273 1.3091 6.0000
v 2.7273 1.6364 6.0000
v 2.7273 1.9636 6.0000
v 2.7273 2.2909 6.0000
v 2.7273 2.6182 6.0000
v 2.7273 2.9455 6.0000
v 2.7273 3.2727 6.0000
v 2.7273 3.6000 6.0000
v 1.6364 0.0000 6.0000
v 1.6364 0.3273 6.0000
v 1.6364 0.6545 6.0000
v 1.6364 0.9818 6.0000
v 1.6364 1.3091 6.0000
v 1.6364 1.6364 6.0000
v 1.6364 1.9636 6.0000
v 1.6364 2.2909 6.0000
v 1.6364 2.6182 6.0000
v 1.6364 2.9455 6.0000
v 1.6364 3.2727 6.0000
v 1.6364 3.6000 6.0000
v 0.5455 0.0000 6.0000
v 0.5455 0.3273 6.0000
v 0.5455 0.6545 6.0000
v 0.5455 0.9818 6.0000
v 0.5455 1.3091 6.0000
v 0.5455 1.6364 6.0000
v 0.5455 1.9636 6.0000
v 0.5455 2.2909 6.0000
v 0.5455 2.6182 6.0000
v 0.5455 2.9455 6.0000
v 0.5455 3.2727 6.0000
v 0.5455 3.6000 6.0000
v -0.5455 0.0000 6.0000
v -0.5455 0.3273 6.0000
v -0.5455 0.6545 6.0000
v -0.5455 0.9818 6.0000
v -0.5455 1.3091 6.0000
v -0.5455 1.6364 6.0000
v -0.5455 1.9636 6.0000
v -0.5455 2.2909 6.0000
v -0.5455 2.6182 6.0000
v -0.5455 2.9455 6.0000
v -0.5455 3.2727 6.0000
v -0.5455 3.6000 6.0000
v -1.6364 0.0000 6.0000
v -1.6364 0.3273 6.0000
v -1.6364 0.6545 6.0000
v -1.6364 0.9818 6.0000
v -1.6364 1.3091 6.0000
v -1.6364 1.6364 6.0000
v -1.6364 1.9636 6.0000
v -1.6364 2.2909 6.0000
v -1.6364 2.6182 6.0000
v -1.6364 2.9455 6.0000
v -1.6364 3.2727 6.0000
v -1.6364 3.6000 6.0000
v -2.7273 0.0000 6.0000
v -2.7273 0.3273 6.0000
v -2.7273 0.6545 6.0000
v -2.7273 0.9818 6.0000
v -2.7273 1.3091 6.0000
v -2.7273 1.6364 6.0000
v -2.7273 1.9636 6.0000
v -2.7273 2.2909 6.0000
v -2.7273 2.6182 6.0000
v -2.7273 2.9455 6.0000
v -2.7273 3.2727 6.0000
v -2.7273 3.6000 6.0000
v -3.8182 0.0000 6.0000
v -3.8182 0.3273 6.0000
v -3.8182 0.6545 6.0000
v -3.8182 0.9818 6.0000
v -3.8182 1.3091 6.0000
v -3.8182 1.6364 6.0000
v -3.8182 1.9636 6.0000
v -3.8182 2.2909 6.0000
v -3.8182 2.6182 6.0000
v -3.8182 2.9455 6.0000
v -3.8182 3.2727 6.0000
v -3.8182 3.6000 6.0000
v -4.9091 0.0000 6.0000
v -4.9091 0.3273 6.0000
v -4.9091 0.6545 6.0000
v -4.9091 0.9818 6.0000
v -4.9091 1.3091 6.0000
v -4.9091 1.6364 6.0000
v -4.9091 1.9636 6.0000
v -4.9091 2.2909 6.0000
v -4.9091 2.6182 6.0000
v -4.9091 2.9455 6.0000
v -4.9091 3.2727 6.0000
v -4.9091 3.6000 6.0000
v -6.0000 0.0000 6.0000
v -6.0000 0.3273 6.0000
v -6.0000 0.6545 6.0000
v -6.0000 0.9818 6.0000
v -6.0000 1.3091 6.0000
v -6.0000 1.6364 6.0000
v -6.0000 1.9636 6.0000
v -6.0000 2.2909 6.0000
v -6.0000 2.6182 6.0000
v -6.0000 2.9455 6.0000
v -6.0000 3.2727 6.0000
v -6.0000 3.6000 6.0000
v -6.0000 0.0000 6.0000
v -6.0000 0.3273 6.0000
v -6.0000 0.6545 6.0000
v -6.0000 0.9818 6.0000
v -6.0000 1.3091 6.0000
v -6.0000 1.6364 6.0000
v -6.0000 1.9636 6.0000
v -6.0000 2.2909 6.0000
v -6.0000 2.6182 6.0000
v -6.0000 2.9455 6.0000
v -6.0000 3.2727 6.0000
v -6.0000 3.6000 6.0000
v -6.0000 0.0000 6.0273
v -6.0000 0.3273 6.0273
v -6.0000 0.6545 6.0273
v -6.0000 0.9818 6.0273
v -6.0000 1.3091 6.0273
v -6.0000 1.6364 6.0273
v -6.0000 1.9636 6.0273
v -6.0000 2.2909 6.0273
v -6.0000 2.6182 6.0273
v -6.0000 2.9455 6.0273
v -6.0000 3.2727 6.0273
v -6.0000 3.6000 6.0273
v -6.0000 0.0000 6.0545
v -6.0000 0.3273 6.0545
v -6.0000 0.6545 6.0545
v -6.0000 0.9818 6.0545
v -6.0000 1.3091 6.0545
v -6.0000 1.6364 6.0545
v -6.0000 1.9636 6.0545
v -6.0000 2.2909 6.0545
v -6.0000 2.6182 6.0545
v -6.0000 2.9455 6.0545
v -6.0000 3.2727 6.0545
v -6.0000 3.6000 6.0545
v -6.0000 0.0000 6.0818
v -6.0000 0.3273 6.0818
v -6.0000 0.6545 6.0818
v -6.0000 0.9818 6.0818
v -6.0000 1.3091 6.0818
v -6.0000 1.6364 6.0818
v -6.0000 1.9636 6.0818
v -6.0000 2.2909 6.0818
v -6.0000 2.6182 6.0818
v -6.0000 2.9455 6.0818
v -6.0000 3.2727 6.0818
v -6.0000 3.6000 6.0818
v -6.0000 0.0000 6.1091
v -6.0000 0.3273 6.1091
v -6.0000 0.6545 6.1091
v -6.0000 0.9818 6.1091
v -6.0000 1.3091 6.1091
v -6.0000 1.6364 6.1091
v -6.0000 1.9636 6.1091
v -6.0000 2.2909 6.1091
v -6.0000 2.6182 6.1091
v -6.0000 2.9455 6.1091
v -6.0000 3.2727 6.1091
v -6.0000 3.6000 6.1091
v -6.0000 0.0000 6.1364
v -6.0000 0.3273 6.1364
v -6.0000 0.6545 6.1364
v -6.0000 0.9818 6.1364
v -6.0000 1.3091 6.1364
v -6.0000 1.6364 6.1364
v -6.0000 1.9636 6.1364
v -6.0000 2.2909 6.1364
v -6.0000 2.6182 6.1364
v -6.0000 2.9455 6.1364
v -6.0000 3.2727 6.1364
v -6.0000 3.6000 6.1364
v -6.0000 0.0000 6.1636
v -6.0000 0.3273 6.1636
v -6.0000 0.6545 6.1636
v -6.0000 0.9818 6.1636
v -6.0000 1.3091 6.1636
v -6.0000 1.6364 6.1636
v -6.0000 1.9636 6.1636
v -6.0000 2.2909 6.1636
v -6.0000 2.6182 6.1636
v -6.0000 2.9455 6.1636
v -6.0000 3.2727 6.1636
v -6.0000 3.6000 6.1636
v -6.0000 0.0000 6.1909
v -6.0000 0.3273 6.1909
v -6.0000 0.6545 6.1909
v -6.0000 0.9818 6.1909
v -6.0000 1.3091 6.1909
v -6.0000 1.6364 6.1909
v -6.0000 1.9636 6.1909
v -6.0000 2.2909 6.1909
v -6.0000 2.6182 6.1909
v -6.0000 2.9455 6.1909
v -6.0000 3.2727 6.1909
v -6.0000 3.6000 6.1909
v -6.0000 0.0000 6.2182
v -6.0000 0.3273 6.2182
v -6.0000 0.6545 6.2182
v -6.0000 0.9818 6.2182
v -6.0000 1.3091 6.2182
v -6.0000 1.6364 6.2182
v -6.0000 1.9636 6.2182
v -6.0000 2.2909 6.2182
v -6.0000 2.6182 6.2182
v -6.0000 2.9455 6.2182
v -6.0000 3.2727 6.2182
v -6.0000 3.6000 6.2182
v -6.0000 0.0000 6.2455
v -6.0000 0.3273 6.2455
v -6.0000 0.6545 6.2455
v -6.0000 0.9818 6.2455
v -6.0000 1.3091 6.2455
v -6.0000 1.6364 6.2455
v -6.0000 1.9636 6.2455
v -6.0000 2.2909 6.2455
v -6.0000 2.6182 6.2455
v -6.0000 2.9455 6.2455
v -6.0000 3.2727 6.2455
v -6.0000 3.6000 6.2455
v -6.0000 0.0000 6.2727
v -6.0000 0.3273 6.2727
v -6.0000 0.6545 6.2727
v -6.0000 0.9818 6.2727
v -6.0000 1.3091 6.2727
v -6.0000 1.6364 6.2727
v -6.0000 1.9636 6.2727
v -6.0000 2.2909 6.2727
v -6.0000 2.6182 6.2727
v -6.0000 2.9455 6.2727
v -6.0000 3.2727 6.2727
v -6.0000 3.6000 6.2727
v -6.0000 0.0000 6.3000
v -6.0000 0.3273 6.3000
v -6.0000 0.6545 6.3000
v -6.0000 0.9818 6.3000
v -6.0000 1.3091 6.3000
v -6.0000 1.6364 6.3000
v -6.0000 1.9636 6.3000
v -6.0000 2.2909 6.3000
v -6.0000 2.6182 6.3000
v -6.0000 2.9455 6.3000
v -6.0000 3.2727 6.3000
v -6.0000 3.6000 6.3000
v 6.0000 0.0000 6.3000
v 6.0000 0.3273 6.3000
v 6.0000 0.6545 6.3000
v 6.0000 0.9818 6.3000
v 6.0000 1.3091 6.3000
v 6.0000 1.6364 6.3000
v 6.0000 1.9636 6.3000
v 6.0000 2.2909 6.3000
v 6.0000 2.6182 6.3000
v 6.0000 2.9455 6.3000
v 6.0000 3.2727 6.3000
v 6.0000 3.6000 6.3000
v 6.0000 0.0000 6.2727
v 6.0000 0.3273 6.2727
v 6.0000 0.6545 6.2727
v 6.0000 0.9818 6.2727
v 6.0000 1.3091 6.2727
v 6.0000 1.6364 6.2727
v 6.0000 1.9636 6.2727
v 6.0000 2.2909 6.2727
v 6.0000 2.6182 6.2727
v 6.0000 2.9455 6.2727
v 6.0000 3.2727 6.2727
v 6.0000 3.6000 6.2727
v 6.0000 0.0000 6.2455
v 6.0000 0.3273 6.2455
v 6.0000 0.6545 6.2455
v 6.0000 0.9818 6.2455
v 6.0000 1.3091 6.2455
v 6.0000 1.6364 6.2455
v 6.0000 1.9636 6.2455
v 6.0000 2.2909 6.2455
v 6.0000 2.6182 6.2455
v 6.0000 2.9455 6.2455
v 6.0000 3.2727 6.2455
v 6.0000 3.6000 6.2455
v 6.0000 0.0000 6.2182
v 6.0000 0.3273 6.2182
v 6.0000 0.6545 6.2182
v 6.0000 0.9818 6.2182
v 6.0000 1.3091 6.2182
v 6.0000 1.6364 6.2182
v 6.0000 1.9636 6.2182
v 6.0000 2.2909 6.2182
v 6.0000 2.6182 6.2182
v 6.0000 2.9455 6.2182
v 6.0000 3.2727 6.2182
v 6.0000 3.6000 6.2182
v 6.0000 0.0000 6.1909
v 6.0000 0.3273 6.1909
v 6.0000 0.6545 6.1909
v 6.0000 0.9818 6.1909
v 6.0000 1.3091 6.1909
v 6.0000 1.6364 6.1909
v 6.0000 1.9636 6.1909
v 6.0000 2.2909 6.1909
v 6.0000 2.6182 6.1909
v 6.0000 2.9455 6.1909
v 6.0000 3.2727 6.1909
v 6.0000 3.6000 6.1909
v 6.0000 0.0000 6.1636
v 6.0000 0.3273 6.1636
v 6.0000 0.6545 6.1636
v 6.0000 0.9818 6.1636
v 6.0000 1.3091 6.1636
v 6.0000 1.6364 6.1636
v 6.0000 1.9636 6.1636
v 6.0000 2.2909 6.1636
v 6.0000 2.6182 6.1636
v 6.0000 2.9455 6.1636
v 6.0000 3.2727 6.1636
v 6.0000 3.6000 6.1636
v 6.0000 0.0000 6.1364
v 6.0000 0.3273 6.1364
v 6.0000 0.6545 6.1364
v 6.0000 0.9818 6.1364
v 6.0000 1.3091 6.1364
v 6.0000 1.6364 6.1364
v 6.0000 1.9636 6.1364
v 6.0000 2.2909 6.1364
v 6.0000 2.6182 6.1364
v 6.0000 2.9455 6.1364
v 6.0000 3.2727 6.1364
v 6.0000 3.6000 6.1364
v 6.0000 0.0000 6.1091
v 6.0000 0.3273 6.1091
v 6.0000 0.6545 6.1091
v 6.0000 0.9818 6.1091
v 6.0000 1.3091 6.1091
v 6.0000 1.6364 6.1091
v 6.0000 1.9636 6.1091
v 6.0000 2.2909 6.1091
v 6.0000 2.6182 6.1091
v 6.0000 2.9455 6.1091
v 6.0000 3.2727 6.1091
v 6.0000 3.6000 6.1091
v 6.0000 0.0000 6.0818
v 6.0000 0.3273 6.0818
v 6.0000 0.6545 6.0818
v 6.0000 0.9818 6.0818
v 6.0000 1.3091 6.0818
v 6.0000 1.6364 6.0818
v 6.0000 1.9636 6.0818
v 6.0000 2.2909 6.0818
v 6.0000 2.6182 6.0818
v 6.0000 2.9455 6.0818
v 6.0000 3.2727 6.0818
v 6.0000 3.6000 6.0818
v 6.0000 0.0000 6.0545
v 6.0000 0.3273 6.0545
v 6.0000 0.6545 6.0545
v 6.0000 0.9818 6.0545
v 6.0000 1.3091 6.0545
v 6.0000 1.6364 6.0545
v 6.0000 1.9636 6.0545
v 6.0000 2.2909 6.0545
v 6.0000 2.6182 6.0545
v 6.0000 2.9455 6.0545
v 6.0000 3.2727 6.0545
v 6.0000 3.6000 6.0545
v 6.0000 0.0000 6.0273
v 6.0000 0.3273 6.0273
v 6.0000 0.6545 6.0273
v 6.0000 0.9818 6.0273
v 6.0000 1.3091 6.0273
v 6.0000 1.6364 6.0273
v 6.0000 1.9636 6.0273
v 6.0000 2.2909 6.0273
v 6.0000 2.6182 6.0273
v 6.0000 2.9455 6.0273
v 6.0000 3.2727 6.0273
v 6.0000 3.6000 6.0273
v 6.0000 0.0000 6.0000
v 6.0000 0.3273 6.0000
v 6.0000 0.6545 6.0000
v 6.0000 0.9818 6.0000
v 6.0000 1.3091 6.0000
v 6.0000 1.6364 6.0000
v 6.0000 1.9636 6.0000
v 6.0000 2.2909 6.0000
v 6.0000 2.6182 6.0000
v 6.0000 2.9455 6.0000
v 6.0000 3.2727 6.0000
v 6.0000 3.6000 6.0000
v -6.0000 3.6000 6.0000
v -6.0000 3.6000 6.0273
v -6.0000 3.6000 6.0545
v -6.0000 3.6000 6.0818
v -6.0000 3.6000 6.1091
v -6.0000 3.6000 6.1364
v -6.0000 3.6000 6.1636
v -6.0000 3.6000 6.1909
v -6.0000 3.6000 6.2182
v -6.0000 3.6000 6.2455
v -6.0000 3.6000 6.2727
v -6.0000 3.6000 6.3000
v -4.9091 3.6000 6.0000
v -4.9091 3.6000 6.0273
v -4.9091 3.6000 6.0545
v -4.9091 3.6000 6.0818
v -4.9091 3.6000 6.1091
v -4.9091 3.6000 6.1364
v -4.9091 3.6000 6.1636
v -4.9091 3.6000 6.1909
v -4.9091 3.6000 6.2182
v -4.9091 3.6000 6.2455
v -4.9091 3.6000 6.2727
v -4.9091 3.6000 6.3000
v -3.8182 3.6000 6.0000
v -3.8182 3.6000 6.0273
v -3.8182 3.6000 6.0545
v -3.8182 3.6000 6.0818
v -3.8182 3.6000 6.1091
v -3.8182 3.6000 6.1364
v -3.8182 3.6000 6.1636
v -3.8182 3.6000 6.1909
v -3.8182 3.6000 6.2182
v -3.8182 3.6000 6.2455
v -3.8182 3.6000 6.2727
v -3.8182 3.6000 6.3000
v -2.7273 3.6000 6.0000
v -2.7273 3.6000 6.0273
v -2.7273 3.6000 6.0545
v -2.7273 3.6000 6.0818
v -2.7273 3.6000 6.1091
v -2.7273 3.6000 6.1364
v -2.7273 3.6000 6.1636
v -2.7273 3.6000 6.1909
v -2.7273 3.6000 6.2182
v -2.7273 3.6000 6.2455
v -2.7273 3.6000 6.2727
v -2.7273 3.6000 6.3000
v -1.6364 3.6000 6.0000
v -1.6364 3.6000 6.0273
v -1.6364 3.6000 6.0545
v -1.6364 3.6000 6.0818
v -1.6364 3.6000 6.1091
v -1.6364 3.6000 6.1364
v -1.6364 3.6000 6.1636
v -1.6364 3.6000 6.1909
v -1.6364 3.6000 6.2182
v -1.6364 3.6000 6.2455
v -1.6364 3.6000 6.2727
v -1.6364 3.6000 6.3000
v -0.5455 3.6000 6.0000
v -0.5455 3.6000 6.0273
v -0.5455 3.6000 6.0545
v -0.5455 3.6000 6.0818
v -0.5455 3.6000 6.1091
v -0.5455 3.6000 6.1364
v -0.5455 3.6000 6.1636
v -0.5455 3.6000 6.1909
v -0.5455 3.6000 6.2182
v -0.5455 3.6000 6.2455
v -0.5455 3.6000 6.2727
v -0.5455 3.6000 6.3000
v 0.5455 3.6000 6.0000
v 0.5455 3.6000 6.0273
v 0.5455 3.6000 6.0545
v 0.5455 3.6000 6.0818
v 0.5455 3.6000 6.1091
v 0.5455 3.6000 6.1364
v 0.5455 3.6000 6.1636
v 0.5455 3.6000 6.1909
v 0.5455 3.6000 6.2182
v 0.5455 3.6000 6.2455
v 0.5455 3.6000 6.2727
v 0.5455 3.6000 6.3000
v 1.6364 3.6000 6.0000
v 1.6364 3.6000 6.0273
v 1.6364 3.6000 6.0545
v 1.6364 3.6000 6.0818
v 1.6364 3.6000 6.1091
v 1.6364 3.6000 6.1364
v 1.6364 3.6000 6.1636
v 1.6364 3.6000 6.1909
v 1.6364 3.6000 6.2182
v 1.6364 3.6000 6.2455
v 1.6364 3.6000 6.2727
v 1.6364 3.6000 6.3000
v 2.7273 3.6000 6.0000
v 2.7273 3.6000 6.0273
v 2.7273 3.6000 6.0545
v 2.7273 3.6000 6.0818
v 2.7273 3.6000 6.1091
v 2.7273 3.6000 6.1364
v 2.7273 3.6000 6.1636
v 2.7273 3.6000 6.1909
v 2.7273 3.6000 6.2182
v 2.7273 3.6000 6.2455
v 2.7273 3.6000 6.2727
v 2.7273 3.6000 6.3000
v 3.8182 3.6000 6.0000
v 3.8182 3.6000 6.0273
v 3.8182 3.6000 6.0545
v 3.8182 3.6000 6.0818
v 3.8182 3.6000 6.1091
v 3.8182 3.6000 6.1364
v 3.8182 3.6000 6.1636
v 3.8182 3.6000 6.1909
v 3.8182 3.6000 6.2182
v 3.8182 3.6000 6.2455
v 3.8182 3.6000 6.2727
v 3.8182 3.6000 6.3000
v 4.9091 3.6000 6.0000
v 4.9091 3.6000 6.0273
v 4.9091 3.6000 6.0545
v 4.9091 3.6000 6.0818
v 4.9091 3.6000 6.1091
v 4.9091 3.6000 6.1364
v 4.9091 3.6000 6.1636
v 4.9091 3.6000 6.1909
v 4.9091 3.6000 6.2182
v 4.9091 3.6000 6.2455
v 4.9091 3.6000 6.2727
v 4.9091 3.6000 6.3000
v 6.0000 3.6000 6.0000
v 6.0000 3.6000 6.0273
v 6.0000 3.6000 6.0545
v 6.0000 3.6000 6.0818
v 6.0000 3.6000 6.1091
v 6.0000 3.6000 6.1364
v 6.0000 3.6000 6.1636
v 6.0000 3.6000 6.1909
v 6.0000 3.6000 6.2182
v 6.0000 3.6000 6.2455
v 6.0000 3.6000 6.2727
v 6.0000 3.6000 6.3000
v -6.0000 0.0000 6.3000
v -6.0000 0.0000 6.2727
v -6.0000 0.0000 6.2455
v -6.0000 0.0000 6.2182
v -6.0000 0.0000 6.1909
v -6.0000 0.0000 6.1636
v -6.0000 0.0000 6.1364
v -6.0000 0.0000 6.1091
v -6.0000 0.0000 6.0818
v -6.0000 0.0000 6.0545
v -6.0000 0.0000 6.0273
v -6.0000 0.0000 6.0000
v -4.9091 0.0000 6.3000
v -4.9091 0.0000 6.2727
v -4.9091 0.0000 6.2455
v -4.9091 0.0000 6.2182
v -4.9091 0.0000 6.1909
v -4.9091 0.0000 6.1636
v -4.9091 0.0000 6.1364
v -4.9091 0.0000 6.1091
v -4.9091 0.0000 6.0818
v -4.9091 0.0000 6.0545
v -4.9091 0.0000 6.0273
v -4.9091 0.0000 6.0000
v -3.8182 0.0000 6.3000
v -3.8182 0.0000 6.2727
v -3.8182 0.0000 6.2455
v -3.8182 0.0000 6.2182
v -3.8182 0.0000 6.1909
v -3.8182 0.0000 6.1636
v -3.8182 0.0000 6.1364
v -3.8182 0.0000 6.1091
v -3.8182 0.0000 6.0818
v -3.8182 0.0000 6.0545
v -3.8182 0.0000 6.0273
v -3.8182 0.0000 6.0000
v -2.7273 0.0000 6.3000
v -2.7273 0.0000 6.2727
v -2.7273 0.0000 6.2455
v -2.7273 0.0000 6.2182
v -2.7273 0.0000 6.1909
v -2.7273 0.0000 6.1636
v -2.7273 0.0000 6.1364
v -2.7273 0.0000 6.1091
v -2.7273 0.0000 6.0818
v -2.7273 0.0000 6.0545
v -2.7273 0.0000 6.0273
v -2.7273 0.0000 6.0000
v -1.6364 0.0000 6.3000
v -1.6364 0.0000 6.2727
v -1.6364 0.0000 6.2455
v -1.6364 0.0000 6.2182
v -1.6364 0.0000 6.1909
v -1.6364 0.0000 6.1636
v -1.6364 0.0000 6.1364
v -1.6364 0.0000 6.1091
v -1.6364 0.0000 6.0818
v -1.6364 0.0000 6.0545
v -1.6364 0.0000 6.0273
v -1.6364 0.0000 6.0000
v -0.5455 0.0000 6.3000
v -0.5455 0.0000 6.2727
v -0.5455 0.0000 6.2455
v -0.5455 0.0000 6.2182
v -0.5455 0.0000 6.1909
v -0.5455 0.0000 6.1636
v -0.5455 0.0000 6.1364
v -0.5455 0.0000 6.1091
v -0.5455 0.0000 6.0818
v -0.5455 0.0000 6.0545
v -0.5455 0.0000 6.0273
v -0.5455 0.0000 6.0000
v 0.5455 0.0000 6.3000
v 0.5455 0.0000 6.2727
v 0.5455 0.0000 6.2455
v 0.5455 0.0000 6.2182
v 0.5455 0.0000 6.1909
v 0.5455 0.0000 6.1636
v 0.5455 0.0000 6.1364
v 0.5455 0.0000 6.1091
v 0.5455 0.0000 6.0818
v 0.5455 0.0000 6.0545
v 0.5455 0.0000 6.0273
v 0.5455 0.0000 6.0000
v 1.6364 0.0000 6.3000
v 1.6364 0.0000 6.2727
v 1.6364 0.0000 6.2455
v 1.6364 0.0000 6.2182
v 1.6364 0.0000 6.1909
v 1.6364 0.0000 6.1636
v 1.6364 0.0000 6.1364
v 1.6364 0.0000 6.1091
v 1.6364 0.0000 6.0818
v 1.6364 0.0000 6.0545
v 1.6364 0.0000 6.0273
v 1.6364 0.0000 6.0000
v 2.7273 0.0000 6.3000
v 2.7273 0.0000 6.2727
v 2.7273 0.0000 6.2455
v 2.7273 0.0000 6.2182
v 2.7273 0.0000 6.1909
v 2.7273 0.0000 6.1636
v 2.7273 0.0000 6.1364
v 2.7273 0.0000 6.1091
v 2.7273 0.0000 6.0818
v 2.7273 0.0000 6.0545
v 2.7273 0.0000 6.0273
v 2.7273 0.0000 6.0000
v 3.8182 0.0000 6.3000
v 3.8182 0.0000 6.2727
v 3.8182 0.0000 6.2455
v 3.8182 0.0000 6.2182
v 3.8182 0.0000 6.1909
v 3.8182 0.0000 6.1636
v 3.8182 0.0000 6.1364
v 3.8182 0.0000 6.1091
v 3.8182 0.0000 6.0818
v 3.8182 0.0000 6.0545
v 3.8182 0.0000 6.0273
v 3.8182 0.0000 6.0000
v 4.9091 0.0000 6.3000
v 4.9091 0.0000 6.2727
v 4.9091 0.0000 6.2455
v 4.9091 0.0000 6.2182
v 4.9091 0.0000 6.1909
v 4.9091 0.0000 6.1636
v 4.9091 0.0000 6.1364
v 4.9091 0.0000 6.1091
v 4.9091 0.0000 6.0818
v 4.9091 0.0000 6.0545
v 4.9091 0.0000 6.0273
v 4.9091 0.0000 6.0000
v 6.0000 0.0000 6.3000
v 6.0000 0.0000 6.2727
v 6.0000 0.0000 6.2455
v 6.0000 0.0000 6.2182
v 6.0000 0.0000 6.1909
v 6.0000 0.0000 6.1636
v 6.0000 0.0000 6.1364
v 6.0000 0.0000 6.1091
v 6.0000 0.0000 6.0818
v 6.0000 0.0000 6.0545
v 6.0000 0.0000 6.0273
v 6.0000 0.0000 6.0000
f 8641 8642 8654
f 8641 8654 8653
f 8642 8643 8655
f 8642 8655 8654
f 8643 8644 8656
f 8643 8656 8655
f 8644 8645 8657
f 8644 8657 8656
f 8645 8646 8658
f 8645 8658 8657
f 8646 8647 8659
f 8646 8659 8658
f 8647 8648 8660
f 8647 8660 8659
f 8648 8649 8661
f 8648 8661 8660
f 8649 8650 8662
f 8649 8662 8661
f 8650 8651 8663
f 8650 8663 8662
f 8651 8652 8664
f 8651 8664 8663
f 8653 8654 8666
f 8653 8666 8665
f 8654 8655 8667
f 8654 8667 8666
f 8655 8656 8668
f 8655 8668 8667
f 8656 8657 8669
f 8656 8669 8668
f 8657 8658 8670
f 8657 8670 8669
f 8658 8659 8671
f 8658 8671 8670
f 8659 8660 8672
f 8659 8672 8671
f 8660 8661 8673
f 8660 8673 8672
f 8661 8662 8674
f 8661 8674 8673
f 8662 8663 8675
f 8662 8675 8674
f 8663 8664 8676
f 8663 8676 8675
f 8665 8666 8678
f 8665 8678 8677
f 8666 8667 8679
f 8666 8679 8678
f 8667 8668 8680
f 8667 8680 8679
f 8668 8669 8681
f 8668 8681 8680
f 8669 8670 8682
f 8669 8682 8681
f 8670 8671 8683
f 8670 8683 8682
f 8671 8672 8684
f 8671 8684 8683
f 8672 8673 8685
f 8672 8685 8684
f 8673 8674 8686
f 8673 8686 8685
f 8674 8675 8687
f 8674 8687 8686
f 8675 8676 8688
f 8675 8688 8687
f 8677 8678 8690
f 8677 8690 8689
f 8678 8679 8691
f 8678 8691 8690
f 8679 8680 8692
f 8679 8692 8691
f 8680 8681 8693
f 8680 8693 8692
f 8681 8682 8694
f 8681 8694 8693
f 8682 8683 8695
f 8682 8695 8694
f 8683 8684 8696
f 8683 8696 8695
f 8684 8685 8697
f 8684 8697 8696
f 8685 8686 8698
f 8685 8698 8697
f 8686 8687 8699
f 8686 8699 8698
f 8687 8688 8700
f 8687 8700 8699
f 8689 8690 8702
f 8689 8702 8701
f 8690 8691 8703
f 8690 8703 8702
f 8691 8692 8704
f 8691 8704 8703
f 8692 8693 8705
f 8692 8705 8704
f 8693 8694 8706
f 8693 8706 8705
f 8694 8695 8707
f 8694 8707 8706
f 8695 8696 8708
f 8695 8708 8707
f 8696 8697 8709
f 8696 8709 8708
f 8697 8698 8710
f 8697 8710 8709
f 8698 8699 8711
f 8698 8711 8710
f 8699 8700 8712
f 8699 8712 8711
f 8701 8702 8714
f 8701 8714 8713
f 8702 8703 8715
f 8702 8715 8714
f 8703 8704 8716
f 8703 8716 8715
f 8704 8705 8717
f 8704 8717 8716
f 8705 8706 8718
f 8705 8718 8717
f 8706 8707 8719
f 8706 8719 8718
f 8707 8708 8720
f 8707 8720 8719
f 8708 8709 8721
f 8708 8721 8720
f 8709 8710 8722
f 8709 8722 8721
f 8710 8711 8723
f 8710 8723 8722
f 8711 8712 8724
f 8711 8724 8723
f 8713 8714 8726
f 8713 8726 8725
f 8714 8715 8727
f 8714 8727 8726
f 8715 8716 8728
f 8715 8728 8727
f 8716 8717 8729
f 8716 8729 8728
f 8717 8718 8730
f 8717 8730 8729
f 8718 8719 8731
f 8718 8731 8730
f 8719 8720 8732
f 8719 8732 8731
f 8720 8721 8733
f 8720 8733 8732
f 8721 8722 8734
f 8721 8734 8733
f 8722 8723 8735
f 8722 8735 8734
f 8723 8724 8736
f 8723 8736 8735
f 8725 8726 8738
f 8725 8738 8737
f 8726 8727 8739
f 8726 8739 8738
f 8727 8728 8740
f 8727 8740 8739
f 8728 8729 8741
f 8728 8741 8740
f 8729 8730 8742
f 8729 8742 8741
f 8730 8731 8743
f 8730 8743 8742
f 8731 8732 8744
f 8731 8744 8743
f 8732 8733 8745
f 8732 8745 8744
f 8733 8734 8746
f 8733 8746 8745
f 8734 8735 8747
f 8734 8747 8746
f 8735 8736 8748
f 8735 8748 8747
f 8737 8738 8750
f 8737 8750 8749
f 8738 8739 8751
f 8738 8751 8750
f 8739 8740 8752
f 8739 8752 8751
f 8740 8741 8753
f 8740 8753 8752
f 8741 8742 8754
f 8741 8754 8753
f 8742 8743 8755
f 8742 8755 8754
f 8743 8744 8756
f 8743 8756 8755
f 8744 8745 8757
f 8744 8757 8756
f 8745 8746 8758
f 8745 8758 8757
f 8746 8747 8759
f 8746 8759 8758
f 8747 8748 8760
f 8747 8760 8759
f 8749 8750 8762
f 8749 8762 8761
f 8750 8751 8763
f 8750 8763 8762
f 8751 8752 8764
f 8751 8764 8763
f 8752 8753 8765
f 8752 8765 8764
f 8753 8754 8766
f 8753 8766 8765
f 8754 8755 8767
f 8754 8767 8766
f 8755 8756 8768
f 8755 8768 8767
f 8756 8757 8769
f 8756 8769 8768
f 8757 8758 8770
f 8757 8770 8769
f 8758 8759 8771
f 8758 8771 8770
f 8759 8760 8772
f 8759 8772 8771
f 8761 8762 8774
f 8761 8774 8773
f 8762 8763 8775
f 8762 8775 8774
f 8763 8764 8776
f 8763 8776 8775
f 8764 8765 8777
f 8764 8777 8776
f 8765 8766 8778
f 8765 8778 8777
f 8766 8767 8779
f 8766 8779 8778
f 8767 8768 8780
f 8767 8780 8779
f 8768 8769 8781
f 8768 8781 8780
f 8769 8770 8782
f 8769 8782 8781
f 8770 8771 8783
f 8770 8783 8782
f 8771 8772 8784
f 8771 8784 8783
f 8785 8786 8798
f 8785 8798 8797
f 8786 8787 8799
f 8786 8799 8798
f 8787 8788 8800
f 8787 8800 8799
f 8788 8789 8801
f 8788 8801 8800
f 8789 8790 8802
f 8789 8802 8801
f 8790 8791 8803
f 8790 8803 8802
f 8791 8792 8804
f 8791 8804 8803
f 8792 8793 8805
f 8792 8805 8804
f 8793 8794 8806
f 8793 8806 8805
f 8794 8795 8807
f 8794 8807 8806
f 8795 8796 8808
f 8795 8808 8807
f 8797 8798 8810
f 8797 8810 8809
f 8798 8799 8811
f 8798 8811 8810
f 8799 8800 8812
f 8799 8812 8811
f 8800 8801 8813
f 8800 8813 8812
f 8801 8802 8814
f 8801 8814 8813
f 8802 8803 8815
f 8802 8815 8814
f 8803 8804 8816
f 8803 8816 8815
f 8804 8805 8817
f 8804 8817 8816
f 8805 8806 8818
f 8805 8818 8817
f 8806 8807 8819
f 8806 8819 8818
f 8807 8808 8820
f 8807 8820 8819
f 8809 8810 8822
f 8809 8822 8821
f 8810 8811 8823
f 8810 8823 8822
f 8811 8812 8824
f 8811 8824 8823
f 8812 8813 8825
f 8812 8825 8824
f 8813 8814 8826
f 8813 8826 8825
f 8814 8815 8827
f 8814 8827 8826
f 8815 8816 8828
f 8815 8828 8827
f 8816 8817 8829
f 8816 8829 8828
f 8817 8818 8830
f 8817 8830 8829
f 8818 8819 8831
f 8818 8831 8830
f 8819 8820 8832
f 8819 8832 8831
f 8821 8822 8834
f 8821 8834 8833
f 8822 8823 8835
f 8822 8835 8834
f 8823 8824 8836
f 8823 8836 8835
f 8824 8825 8837
f 8824 8837 8836
f 8825 8826 8838
f 8825 8838 8837
f 8826 8827 8839
f 8826 8839 8838
f 8827 8828 8840
f 8827 8840 8839
f 8828 8829 8841
f 8828 8841 8840
f 8829 8830 8842
f 8829 8842 8841
f 8830 8831 8843
f 8830 8843 8842
f 8831 8832 8844
f 8831 8844 8843
f 8833 8834 8846
f 8833 8846 8845
f 8834 8835 8847
f 8834 8847 8846
f 8835 8836 8848
f 8835 8848 8847
f 8836 8837 8849
f 8836 8849 8848
f 8837 8838 8850
f 8837 8850 8849
f 8838 8839 8851
f 8838 8851 8850
f 8839 8840 8852
f 8839 8852 8851
f 8840 8841 8853
f 8840 8853 8852
f 8841 8842 8854
f 8841 8854 8853
f 8842 8843 8855
f 8842 8855 8854
f 8843 8844 8856
f 8843 8856 8855
f 8845 8846 8858
f 8845 8858 8857
f 8846 8847 8859
f 8846 8859 8858
f 8847 8848 8860
f 8847 8860 8859
f 8848 8849 8861
f 8848 8861 8860
f 8849 8850 8862
f 8849 8862 8861
f 8850 8851 8863
f 8850 8863 8862
f 8851 8852 8864
f 8851 8864 8863
f 8852 8853 8865
f 8852 8865 8864
f 8853 8854 8866
f 8853 8866 8865
f 8854 8855 8867
f 8854 8867 8866
f 8855 8856 8868
f 8855 8868 8867
f 8857 8858 8870
f 8857 8870 8869
f 8858 8859 8871
f 8858 8871 8870
f 8859 8860 8872
f 8859 8872 8871
f 8860 8861 8873
f 8860 8873 8872
f 8861 8862 8874
f 8861 8874 8873
f 8862 8863 8875
f 8862 8875 8874
f 8863 8864 8876
f 8863 8876 8875
f 8864 8865 8877
f 8864 8877 8876
f 8865 8866 8878
f 8865 8878 8877
f 8866 8867 8879
f 8866 8879 8878
f 8867 8868 8880
f 8867 8880 8879
f 8869 8870 8882
f 8869 8882 8881
f 8870 8871 8883
f 8870 8883 8882
f 8871 8872 8884
f 8871 8884 8883
f 8872 8873 8885
f 8872 8885 8884
f 8873 8874 8886
f 8873 8886 8885
f 8874 8875 8887
f 8874 8887 8886
f 8875 8876 8888
f 8875 8888 8887
f 8876 8877 8889
f 8876 8889 8888
f 8877 8878 8890
f 8877 8890 8889
f 8878 8879 8891
f 8878 8891 8890
f 8879 8880 8892
f 8879 8892 8891
f 8881 8882 8894
f 8881 8894 8893
f 8882 8883 8895
f 8882 8895 8894
f 8883 8884 8896
f 8883 8896 8895
f 8884 8885 8897
f 8884 8897 8896
f 8885 8886 8898
f 8885 8898 8897
f 8886 8887 8899
f 8886 8899 8898
f 8887 8888 8900
f 8887 8900 8899
f 8888 8889 8901
f 8888 8901 8900
f 8889 8890 8902
f 8889 8902 8901
f 8890 8891 8903
f 8890 8903 8902
f 8891 8892 8904
f 8891 8904 8903
f 8893 8894 8906
f 8893 8906 8905
f 8894 8895 8907
f 8894 8907 8906
f 8895 8896 8908
f 8895 8908 8907
f 8896 8897 8909
f 8896 8909 8908
f 8897 8898 8910
f 8897 8910 8909
f 8898 8899 8911
f 8898 8911 8910
f 8899 8900 8912
f 8899 8912 8911
f 8900 8901 8913
f 8900 8913 8912
f 8901 8902 8914
f 8901 8914 8913
f 8902 8903 8915
f 8902 8915 8914
f 8903 8904 8916
f 8903 8916 8915
f 8905 8906 8918
f 8905 8918 8917
f 8906 8907 8919
f 8906 8919 8918
f 8907 8908 8920
f 8907 8920 8919
f 8908 8909 8921
f 8908 8921 8920
f 8909 8910 8922
f 8909 8922 8921
f 8910 8911 8923
f 8910 8923 8922
f 8911 8912 8924
f 8911 8924 8923
f 8912 8913 8925
f 8912 8925 8924
f 8913 8914 8926
f 8913 8926 8925
f 8914 8915 8927
f 8914 8927 8926
f 8915 8916 8928
f 8915 8928 8927
f 8929 8930 8942
f 8929 8942 8941
f 8930 8931 8943
f 8930 8943 8942
f 8931 8932 8944
f 8931 8944 8943
f 8932 8933 8945
f 8932 8945 8944
f 8933 8934 8946
f 8933 8946 8945
f 8934 8935 8947
f 8934 8947 8946
f 8935 8936 8948
f 8935 8948 8947
f 8936 8937 8949
f 8936 8949 8948
f 8937 8938 8950
f 8937 8950 8949
f 8938 8939 8951
f 8938 8951 8950
f 8939 8940 8952
f 8939 8952 8951
f 8941 8942 8954
f 8941 8954 8953
f 8942 8943 8955
f 8942 8955 8954
f 8943 8944 8956
f 8943 8956 8955
f 8944 8945 8957
f 8944 8957 8956
f 8945 8946 8958
f 8945 8958 8957
f 8946 8947 8959
f 8946 8959 8958
f 8947 8948 8960
f 8947 8960 8959
f 8948 8949 8961
f 8948 8961 8960
f 8949 8950 8962
f 8949 8962 8961
f 8950 8951 8963
f 8950 8963 8962
f 8951 8952 8964
f 8951 8964 8963
f 8953 8954 8966
f 8953 8966 8965
f 8954 8955 8967
f 8954 8967 8966
f 8955 8956 8968
f 8955 8968 8967
f 8956 8957 8969
f 8956 8969 8968
f 8957 8958 8970
f 8957 8970 8969
f 8958 8959 8971
f 8958 8971 8970
f 8959 8960 8972
f 8959 8972 8971
f 8960 8961 8973
f 8960 8973 8972
f 8961 8962 8974
f 8961 8974 8973
f 8962 8963 8975
f 8962 8975 8974
f 8963 8964 8976
f 8963 8976 8975
f 8965 8966 8978
f 8965 8978 8977
f 8966 8967 8979
f 8966 8979 8978
f 8967 8968 8980
f 8967 8980 8979
f 8968 8969 8981
f 8968 8981 8980
f 8969 8970 8982
f 8969 8982 8981
f 8970 8971 8983
f 8970 8983 8982
f 8971 8972 8984
f 8971 8984 8983
f 8972 8973 8985
f 8972 8985 8984
f 8973 8974 8986
f 8973 8986 8985
f 8974 8975 8987
f 8974 8987 8986
f 8975 8976 8988
f 8975 8988 8987
f 8977 8978 8990
f 8977 8990 8989
f 8978 8979 8991
f 8978 8991 8990
f 8979 8980 8992
f 8979 8992 8991
f 8980 8981 8993
f 8980 8993 8992
f 8981 8982 8994
f 8981 8994 8993
f 8982 8983 8995
f 8982 8995 8994
f 8983 8984 8996
f 8983 8996 8995
f 8984 8985 8997
f 8984 8997 8996
f 8985 8986 8998
f 8985 8998 8997
f 8986 8987 8999
f 8986 8999 8998
f 8987 8988 9000
f 8987 9000 8999
f 8989 8990 9002
f 8989 9002 9001
f 8990 8991 9003
f 8990 9003 9002
f 8991 8992 9004
f 8991 9004 9003
f 8992 8993 9005
f 8992 9005 9004
f 8993 8994 9006
f 8993 9006 9005
f 8994 8995 9007
f 8994 9007 9006
f 8995 8996 9008
f 8995 9008 9007
f 8996 8997 9009
f 8996 9009 9008
f 8997 8998 9010
f 8997 9010 9009
f 8998 8999 9011
f 8998 9011 9010
f 8999 9000 9012
f 8999 9012 9011
f 9001 9002 9014
f 9001 9014 9013
f 9002 9003 9015
f 9002 9015 9014
f 9003 9004 9016
f 9003 9016 9015
f 9004 9005 9017
f 9004 9017 9016
f 9005 9006 9018
f 9005 9018 9017
f 9006 9007 9019
f 9006 9019 9018
f 9007 9008 9020
f 9007 9020 9019
f 9008 9009 9021
f 9008 9021 9020
f 9009 9010 9022
f 9009 9022 9021
f 9010 9011 9023
f 9010 9023 9022
f 9011 9012 9024
f 9011 9024 9023
f 9013 9014 9026
f 9013 9026 9025
f 9014 9015 9027
f 9014 9027 9026
f 9015 9016 9028
f 9015 9028 9027
f 9016 9017 9029
f 9016 9029 9028
f 9017 9018 9030
f 9017 9030 9029
f 9018 9019 9031
f 9018 9031 9030
f 9019 9020 9032
f 9019 9032 9031
f 9020 9021 9033
f 9020 9033 9032
f 9021 9022 9034
f 9021 9034 9033
f 9022 9023 9035
f 9022 9035 9034
f 9023 9024 9036
f 9023 9036 9035
f 9025 9026 9038
f 9025 9038 9037
f 9026 9027 9039
f 9026 9039 9038
f 9027 9028 9040
f 9027 9040 9039
f 9028 9029 9041
f 9028 9041 9040
f 9029 9030 9042
f 9029 9042 9041
f 9030 9031 9043
f 9030 9043 9042
f 9031 9032 9044
f 9031 9044 9043
f 9032 9033 9045
f 9032 9045 9044
f 9033 9034 9046
f 9033 9046 9045
f 9034 9035 9047
f 9034 9047 9046
f 9035 9036 9048
f 9035 9048 9047
f 9037 9038 9050
f 9037 9050 9049
f 9038 9039 9051
f 9038 9051 9050
f 9039 9040 9052
f 9039 9052 9051
f 9040 9041 9053
f 9040 9053 9052
f 9041 9042 9054
f 9041 9054 9053
f 9042 9043 9055
f 9042 9055 9054
f 9043 9044 9056
f 9043 9056 9055
f 9044 9045 9057
f 9044 9057 9056
f 9045 9046 9058
f 9045 9058 9057
f 9046 9047 9059
f 9046 9059 9058
f 9047 9048 9060
f 9047 9060 9059
f 9049 9050 9062
f 9049 9062 9061
f 9050 9051 9063
f 9050 9063 9062
f 9051 9052 9064
f 9051 9064 9063
f 9052 9053 9065
f 9052 9065 9064
f 9053 9054 9066
f 9053 9066 9065
f 9054 9055 9067
f 9054 9067 9066
f 9055 9056 9068
f 9055 9068 9067
f 9056 9057 9069
f 9056 9069 9068
f 9057 9058 9070
f 9057 9070 9069
f 9058 9059 9071
f 9058 9071 9070
f 9059 9060 9072
f 9059 9072 9071
f 9073 9074 9086
f 9073 9086 9085
f 9074 9075 9087
f 9074 9087 9086
f 9075 9076 9088
f 9075 9088 9087
f 9076 9077 9089
f 9076 9089 9088
f 9077 9078 9090
f 9077 9090 9089
f 9078 9079 9091
f 9078 9091 9090
f 9079 9080 9092
f 9079 9092 9091
f 9080 9081 9093
f 9080 9093 9092
f 9081 9082 9094
f 9081 9094 9093
f 9082 9083 9095
f 9082 9095 9094
f 9083 9084 9096
f 9083 9096 9095
f 9085 9086 9098
f 9085 9098 9097
f 9086 9087 9099
f 9086 9099 9098
f 9087 9088 9100
f 9087 9100 9099
f 9088 9089 9101
f 9088 9101 9100
f 9089 9090 9102
f 9089 9102 9101
f 9090 9091 9103
f 9090 9103 9102
f 9091 9092 9104
f 9091 9104 9103
f 9092 9093 9105
f 9092 9105 9104
f 9093 9094 9106
f 9093 9106 9105
f 9094 9095 9107
f 9094 9107 9106
f 9095 9096 9108
f 9095 9108 9107
f 9097 9098 9110
f 9097 9110 9109
f 9098 9099 9111
f 9098 9111 9110
f 9099 9100 9112
f 9099 9112 9111
f 9100 9101 9113
f 9100 9113 9112
f 9101 9102 9114
f 9101 9114 9113
f 9102 9103 9115
f 9102 9115 9114
f 9103 9104 9116
f 9103 9116 9115
f 9104 9105 9117
f 9104 9117 9116
f 9105 9106 9118
f 9105 9118 9117
f 9106 9107 9119
f 9106 9119 9118
f 9107 9108 9120
f 9107 9120 9119
f 9109 9110 9122
f 9109 9122 9121
f 9110 9111 9123
f 9110 9123 9122
f 9111 9112 9124
f 9111 9124 9123
f 9112 9113 9125
f 9112 9125 9124
f 9113 9114 9126
f 9113 9126 9125
f 9114 9115 9127
f 9114 9127 9126
f 9115 9116 9128
f 9115 9128 9127
f 9116 9117 9129
f 9116 9129 9128
f 9117 9118 9130
f 9117 9130 9129
f 9118 9119 9131
f 9118 9131 9130
f 9119 9120 9132
f 9119 9132 9131
f 9121 9122 9134
f 9121 9134 9133
f 9122 9123 9135
f 9122 9135 9134
f 9123 9124 9136
f 9123 9136 9135
f 9124 9125 9137
f 9124 9137 9136
f 9125 9126 9138
f 9125 9138 9137
f 9126 9127 9139
f 9126 9139 9138
f 9127 9128 9140
f 9127 9140 9139
f 9128 9129 9141
f 9128 9141 9140
f 9129 9130 9142
f 9129 9142 9141
f 9130 9131 9143
f 9130 9143 9142
f 9131 9132 9144
f 9131 9144 9143
f 9133 9134 9146
f 9133 9146 9145
f 9134 9135 9147
f 9134 9147 9146
f 9135 9136 9148
f 9135 9148 9147
f 9136 9137 9149
f 9136 9149 9148
f 9137 9138 9150
f 9137 9150 9149
f 9138 9139 9151
f 9138 9151 9150
f 9139 9140 9152
f 9139 9152 9151
f 9140 9141 9153
f 9140 9153 9152
f 9141 9142 9154
f 9141 9154 9153
f 9142 9143 9155
f 9142 9155 9154
f 9143 9144 9156
f 9143 9156 9155
f 9145 9146 9158
f 9145 9158 9157
f 9146 9147 9159
f 9146 9159 9158
f 9147 9148 9160
f 9147 9160 9159
f 9148 9149 9161
f 9148 9161 9160
f 9149 9150 9162
f 9149 9162 9161
f 9150 9151 9163
f 9150 9163 9162
f 9151 9152 9164
f 9151 9164 9163
f 9152 9153 9165
f 9152 9165 9164
f 9153 9154 9166
f 9153 9166 9165
f 9154 9155 9167
f 9154 9167 9166
f 9155 9156 9168
f 9155 9168 9167
f 9157 9158 9170
f 9157 9170 9169
f 9158 9159 9171
f 9158 9171 9170
f 9159 9160 9172
f 9159 9172 9171
f 9160 9161 9173
f 9160 9173 9172
f 9161 9162 9174
f 9161 9174 9173
f 9162 9163 9175
f 9162 9175 9174
f 9163 9164 9176
f 9163 9176 9175
f 9164 9165 9177
f 9164 9177 9176
f 9165 9166 9178
f 9165 9178 9177
f 9166 9167 9179
f 9166 9179 9178
f 9167 9168 9180
f 9167 9180 9179
f 9169 9170 9182
f 9169 9182 9181
f 9170 9171 9183
f 9170 9183 9182
f 9171 9172 9184
f 9171 9184 9183
f 9172 9173 9185
f 9172 9185 9184
f 9173 9174 9186
f 9173 9186 9185
f 9174 9175 9187
f 9174 9187 9186
f 9175 9176 9188
f 9175 9188 9187
f 9176 9177 9189
f 9176 9189 9188
f 9177 9178 9190
f 9177 9190 9189
f 9178 9179 9191
f 9178 9191 9190
f 9179 9180 9192
f 9179 9192 9191
f 9181 9182 9194
f 9181 9194 9193
f 9182 9183 9195
f 9182 9195 9194
f 9183 9184 9196
f 9183 9196 9195
f 9184 9185 9197
f 9184 9197 9196
f 9185 9186 9198
f 9185 9198 9197
f 9186 9187 9199
f 9186 9199 9198
f 9187 9188 9200
f 9187 9200 9199
f 9188 9189 9201
f 9188 9201 9200
f 9189 9190 9202
f 9189 9202 9201
f 9190 9191 9203
f 9190 9203 9202
f 9191 9192 9204
f 9191 9204 9203
f 9193 9194 9206
f 9193 9206 9205
f 9194 9195 9207
f 9194 9207 9206
f 9195 9196 9208
f 9195 9208 9207
f 9196 9197 9209
f 9196 9209 9208
f 9197 9198 9210
f 9197 9210 9209
f 9198 9199 9211
f 9198 9211 9210
f 9199 9200 9212
f 9199 9212 9211
f 9200 9201 9213
f 9200 9213 9212
f 9201 9202 9214
f 9201 9214 9213
f 9202 9203 9215
f 9202 9215 9214
f 9203 9204 9216
f 9203 9216 9215
f 9217 9218 9230
f 9217 9230 9229
f 9218 9219 9231
f 9218 9231 9230
f 9219 9220 9232
f 9219 9232 9231
f 9220 9221 9233
f 9220 9233 9232
f 9221 9222 9234
f 9221 9234 9233
f 9222 9223 9235
f 9222 9235 9234
f 9223 9224 9236
f 9223 9236 9235
f 9224 9225 9237
f 9224 9237 9236
f 9225 9226 9238
f 9225 9238 9237
f 9226 9227 9239
f 9226 9239 9238
f 9227 9228 9240
f 9227 9240 9239
f 9229 9230 9242
f 9229 9242 9241
f 9230 9231 9243
f 9230 9243 9242
f 9231 9232 9244
f 9231 9244 9243
f 9232 9233 9245
f 9232 9245 9244
f 9233 9234 9246
f 9233 9246 9245
f 9234 9235 9247
f 9234 9247 9246
f 9235 9236 9248
f 9235 9248 9247
f 9236 9237 9249
f 9236 9249 9248
f 9237 9238 9250
f 9237 9250 9249
f 9238 9239 9251
f 9238 9251 9250
f 9239 9240 9252
f 9239 9252 9251
f 9241 9242 9254
f 9241 9254 9253
f 9242 9243 9255
f 9242 9255 9254
f 9243 9244 9256
f 9243 9256 9255
f 9244 9245 9257
f 9244 9257 9256
f 9245 9246 9258
f 9245 9258 9257
f 9246 9247 9259
f 9246 9259 9258
f 9247 9248 9260
f 9247 9260 9259
f 9248 9249 9261
f 9248 9261 9260
f 9249 9250 9262
f 9249 9262 9261
f 9250 9251 9263
f 9250 9263 9262
f 9251 9252 9264
f 9251 9264 9263
f 9253 9254 9266
f 9253 9266 9265
f 9254 9255 9267
f 9254 9267 9266
f 9255 9256 9268
f 9255 9268 9267
f 9256 9257 9269
f 9256 9269 9268
f 9257 9258 9270
f 9257 9270 9269
f 9258 9259 9271
f 9258 9271 9270
f 9259 9260 9272
f 9259 9272 9271
f 9260 9261 9273
f 9260 9273 9272
f 9261 9262 9274
f 9261 9274 9273
f 9262 9263 9275
f 9262 9275 9274
f 9263 9264 9276
f 9263 9276 9275
f 9265 9266 9278
f 9265 9278 9277
f 9266 9267 9279
f 9266 9279 9278
f 9267 9268 9280
f 9267 9280 9279
f 9268 9269 9281
f 9268 9281 9280
f 9269 9270 9282
f 9269 9282 9281
f 9270 9271 9283
f 9270 9283 9282
f 9271 9272 9284
f 9271 9284 9283
f 9272 9273 9285
f 9272 9285 9284
f 9273 9274 9286
f 9273 9286 9285
f 9274 9275 9287
f 9274 9287 9286
f 9275 9276 9288
f 9275 9288 9287
f 9277 9278 9290
f 9277 9290 9289
f 9278 9279 9291
f 9278 9291 9290
f 9279 9280 9292
f 9279 9292 9291
f 9280 9281 9293
f 9280 9293 9292
f 9281 9282 9294
f 9281 9294 9293
f 9282 9283 9295
f 9282 9295 9294
f 9283 9284 9296
f 9283 9296 9295
f 9284 9285 9297
f 9284 9297 9296
f 9285 9286 9298
f 9285 9298 9297
f 9286 9287 9299
f 9286 9299 9298
f 9287 9288 9300
f 9287 9300 9299
f 9289 9290 9302
f 9289 9302 9301
f 9290 9291 9303
f 9290 9303 9302
f 9291 9292 9304
f 9291 9304 9303
f 9292 9293 9305
f 9292 9305 9304
f 9293 9294 9306
f 9293 9306 9305
f 9294 9295 9307
f 9294 9307 9306
f 9295 9296 9308
f 9295 9308 9307
f 9296 9297 9309
f 9296 9309 9308
f 9297 9298 9310
f 9297 9310 9309
f 9298 9299 9311
f 9298 9311 9310
f 9299 9300 9312
f 9299 9312 9311
f 9301 9302 9314
f 9301 9314 9313
f 9302 9303 9315
f 9302 9315 9314
f 9303 9304 9316
f 9303 9316 9315
f 9304 9305 9317
f 9304 9317 9316
f 9305 9306 9318
f 9305 9318 9317
f 9306 9307 9319
f 9306 9319 9318
f 9307 9308 9320
f 9307 9320 9319
f 9308 9309 9321
f 9308 9321 9320
f 9309 9310 9322
f 9309 9322 9321
f 9310 9311 9323
f 9310 9323 9322
f 9311 9312 9324
f 9311 9324 9323
f 9313 9314 9326
f 9313 9326 9325
f 9314 9315 9327
f 9314 9327 9326
f 9315 9316 9328
f 9315 9328 9327
f 9316 9317 9329
f 9316 9329 9328
f 9317 9318 9330
f 9317 9330 9329
f 9318 9319 9331
f 9318 9331 9330
f 9319 9320 9332
f 9319 9332 9331
f 9320 9321 9333
f 9320 9333 9332
f 9321 9322 9334
f 9321 9334 9333
f 9322 9323 9335
f 9322 9335 9334
f 9323 9324 9336
f 9323 9336 9335
f 9325 9326 9338
f 9325 9338 9337
f 9326 9327 9339
f 9326 9339 9338
f 9327 9328 9340
f 9327 9340 9339
f 9328 9329 9341
f 9328 9341 9340
f 9329 9330 9342
f 9329 9342 9341
f 9330 9331 9343
f 9330 9343 9342
f 9331 9332 9344
f 9331 9344 9343
f 9332 9333 9345
f 9332 9345 9344
f 9333 9334 9346
f 9333 9346 9345
f 9334 9335 9347
f 9334 9347 9346
f 9335 9336 9348
f 9335 9348 9347
f 9337 9338 9350
f 9337 9350 9349
f 9338 9339 9351
f 9338 9351 9350
f 9339 9340 9352
f 9339 9352 9351
f 9340 9341 9353
f 9340 9353 9352
f 9341 9342 9354
f 9341 9354 9353
f 9342 9343 9355
f 9342 9355 9354
f 9343 9344 9356
f 9343 9356 9355
f 9344 9345 9357
f 9344 9357 9356
f 9345 9346 9358
f 9345 9358 9357
f 9346 9347 9359
f 9346 9359 9358
f 9347 9348 9360
f 9347 9360 9359
f 9361 9362 9374
f 9361 9374 9373
f 9362 9363 9375
f 9362 9375 9374
f 9363 9364 9376
f 9363 9376 9375
f 9364 9365 9377
f 9364 9377 9376
f 9365 9366 9378
f 9365 9378 9377
f 9366 9367 9379
f 9366 9379 9378
f 9367 9368 9380
f 9367 9380 9379
f 9368 9369 9381
f 9368 9381 9380
f 9369 9370 9382
f 9369 9382 9381
f 9370 9371 9383
f 9370 9383 9382
f 9371 9372 9384
f 9371 9384 9383
f 9373 9374 9386
f 9373 9386 9385
f 9374 9375 9387
f 9374 9387 9386
f 9375 9376 9388
f 9375 9388 9387
f 9376 9377 9389
f 9376 9389 9388
f 9377 9378 9390
f 9377 9390 9389
f 9378 9379 9391
f 9378 9391 9390
f 9379 9380 9392
f 9379 9392 9391
f 9380 9381 9393
f 9380 9393 9392
f 9381 9382 9394
f 9381 9394 9393
f 9382 9383 9395
f 9382 9395 9394
f 9383 9384 9396
f 9383 9396 9395
f 9385 9386 9398
f 9385 9398 9397
f 9386 9387 9399
f 9386 9399 9398
f 9387 9388 9400
f 9387 9400 9399
f 9388 9389 9401
f 9388 9401 9400
f 9389 9390 9402
f 9389 9402 9401
f 9390 9391 9403
f 9390 9403 9402
f 9391 9392 9404
f 9391 9404 9403
f 9392 9393 9405
f 9392 9405 9404
f 9393 9394 9406
f 9393 9406 9405
f 9394 9395 9407
f 9394 9407 9406
f 9395 9396 9408
f 9395 9408 9407
f 9397 9398 9410
f 9397 9410 9409
f 9398 9399 9411
f 9398 9411 9410
f 9399 9400 9412
f 9399 9412 9411
f 9400 9401 9413
f 9400 9413 9412
f 9401 9402 9414
f 9401 9414 9413
f 9402 9403 9415
f 9402 9415 9414
f 9403 9404 9416
f 9403 9416 9415
f 9404 9405 9417
f 9404 9417 9416
f 9405 9406 9418
f 9405 9418 9417
f 9406 9407 9419
f 9406 9419 9418
f 9407 9408 9420
f 9407 9420 9419
f 9409 9410 9422
f 9409 9422 9421
f 9410 9411 9423
f 9410 9423 9422
f 9411 9412 9424
f 9411 9424 9423
f 9412 9413 9425
f 9412 9425 9424
f 9413 9414 9426
f 9413 9426 9425
f 9414 9415 9427
f 9414 9427 9426
f 9415 9416 9428
f 9415 9428 9427
f 9416 9417 9429
f 9416 9429 9428
f 9417 9418 9430
f 9417 9430 9429
f 9418 9419 9431
f 9418 9431 9430
f 9419 9420 9432
f 9419 9432 9431
f 9421 9422 9434
f 9421 9434 9433
f 9422 9423 9435
f 9422 9435 9434
f 9423 9424 9436
f 9423 9436 9435
f 9424 9425 9437
f 9424 9437 9436
f 9425 9426 9438
f 9425 9438 9437
f 9426 9427 9439
f 9426 9439 9438
f 9427 9428 9440
f 9427 9440 9439
f 9428 9429 9441
f 9428 9441 9440
f 9429 9430 9442
f 9429 9442 9441
f 9430 9431 9443
f 9430 9443 9442
f 9431 9432 9444
f 9431 9444 9443
f 9433 9434 9446
f 9433 9446 9445
f 9434 9435 9447
f 9434 9447 9446
f 9435 9436 9448
f 9435 9448 9447
f 9436 9437 9449
f 9436 9449 9448
f 9437 9438 9450
f 9437 9450 9449
f 9438 9439 9451
f 9438 9451 9450
f 9439 9440 9452
f 9439 9452 9451
f 9440 9441 9453
f 9440 9453 9452
f 9441 9442 9454
f 9441 9454 9453
f 9442 9443 9455
f 9442 9455 9454
f 9443 9444 9456
f 9443 9456 9455
f 9445 9446 9458
f 9445 9458 9457
f 9446 9447 9459
f 9446 9459 9458
f 9447 9448 9460
f 9447 9460 9459
f 9448 9449 9461
f 9448 9461 9460
f 9449 9450 9462
f 9449 9462 9461
f 9450 9451 9463
f 9450 9463 9462
f 9451 9452 9464
f 9451 9464 9463
f 9452 9453 9465
f 9452 9465 9464
f 9453 9454 9466
f 9453 9466 9465
f 9454 9455 9467
f 9454 9467 9466
f 9455 9456 9468
f 9455 9468 9467
f 9457 9458 9470
f 9457 9470 9469
f 9458 9459 9471
f 9458 9471 9470
f 9459 9460 9472
f 9459 9472 9471
f 9460 9461 9473
f 9460 9473 9472
f 9461 9462 9474
f 9461 9474 9473
f 9462 9463 9475
f 9462 9475 9474
f 9463 9464 9476
f 9463 9476 9475
f 9464 9465 9477
f 9464 9477 9476
f 9465 9466 9478
f 9465 9478 9477
f 9466 9467 9479
f 9466 9479 9478
f 9467 9468 9480
f 9467 9480 9479
f 9469 9470 9482
f 9469 9482 9481
f 9470 9471 9483
f 9470 9483 9482
f 9471 9472 9484
f 9471 9484 9483
f 9472 9473 9485
f 9472 9485 9484
f 9473 9474 9486
f 9473 9486 9485
f 9474 9475 9487
f 9474 9487 9486
f 9475 9476 9488
f 9475 9488 9487
f 9476 9477 9489
f 9476 9489 9488
f 9477 9478 9490
f 9477 9490 9489
f 9478 9479 9491
f 9478 9491 9490
f 9479 9480 9492
f 9479 9492 9491
f 9481 9482 9494
f 9481 9494 9493
f 9482 9483 9495
f 9482 9495 9494
f 9483 9484 9496
f 9483 9496 9495
f 9484 9485 9497
f 9484 9497 9496
f 9485 9486 9498
f 9485 9498 9497
f 9486 9487 9499
f 9486 9499 9498
f 9487 9488 9500
f 9487 9500 9499
f 9488 9489 9501
f 9488 9501 9500
f 9489 9490 9502
f 9489 9502 9501
f 9490 9491 9503
f 9490 9503 9502
f 9491 9492 9504
f 9491 9504 9503
g 측벽_0
v -6.1500 0.0000 6.1500
v -6.1500 0.3273 6.1500
v -6.1500 0.6545 6.1500
v -6.1500 0.9818 6.1500
v -6.1500 1.3091 6.1500
v -6.1500 1.6364 6.1500
v -6.1500 1.9636 6.1500
v -6.1500 2.2909 6.1500
v -6.1500 2.6182 6.1500
v -6.1500 2.9455 6.1500
v -6.1500 3.2727 6.1500
v -6.1500 3.6000 6.1500
v -6.1227 0.0000 6.1500
v -6.1227 0.3273 6.1500
v -6.1227 0.6545 6.1500
v -6.1227 0.9818 6.1500
v -6.1227 1.3091 6.1500
v -6.1227 1.6364 6.1500
v -6.1227 1.9636 6.1500
v -6.1227 2.2909 6.1500
v -6.1227 2.6182 6.1500
v -6.1227 2.9455 6.1500
v -6.1227 3.2727 6.1500
v -6.1227 3.6000 6.1500
v -6.0955 0.0000 6.1500
v -6.0955 0.3273 6.1500
v -6.0955 0.6545 6.1500
v -6.0955 0.9818 6.1500
v -6.0955 1.3091 6.1500
v -6.0955 1.6364 6.1500
v -6.0955 1.9636 6.1500
v -6.0955 2.2909 6.1500
v -6.0955 2.6182 6.1500
v -6.0955 2.9455 6.1500
v -6.0955 3.2727 6.1500
v -6.0955 3.6000 6.1500
v -6.0682 0.0000 6.1500
v -6.0682 0.3273 6.1500
v -6.0682 0.6545 6.1500
v -6.0682 0.9818 6.1500
v -6.0682 1.3091 6.1500
v -6.0682 1.6364 6.1500
v -6.0682 1.9636 6.1500
v -6.0682 2.2909 6.1500
v -6.0682 2.6182 6.1500
v -6.0682 2.9455 6.1500
v -6.0682 3.2727 6.1500
v -6.0682 3.6000 6.1500
v -6.0409 0.0000 6.1500
v -6.0409 0.3273 6.1500
v -6.0409 0.6545 6.1500
v -6.0409 0.9818 6.1500
v -6.0409 1.3091 6.1500
v -6.0409 1.6364 6.1500
v -6.0409 1.9636 6.1500
v -6.0409 2.2909 6.1500
v -6.0409 2.6182 6.1500
v -6.0409 2.9455 6.1500
v -6.0409 3.2727 6.1500
v -6.0409 3.6000 6.1500
v -6.0136 0.0000 6.1500
v -6.0136 0.3273 6.1500
v -6.0136 0.6545 6.1500
v -6.0136 0.9818 6.1500
v -6.0136 1.3091 6.1500
v -6.0136 1.6364 6.1500
v -6.0136 1.9636 6.1500
v -6.0136 2.2909 6.1500
v -6.0136 2.6182 6.1500
v -6.0136 2.9455 6.1500
v -6.0136 3.2727 6.1500
v -6.0136 3.6000 6.1500
v -5.9864 0.0000 6.1500
v -5.9864 0.3273 6.1500
v -5.9864 0.6545 6.1500
v -5.9864 0.9818 6.1500
v -5.9864 1.3091 6.1500
v -5.9864 1.6364 6.1500
v -5.9864 1.9636 6.1500
v -5.9864 2.2909 6.1500
v -5.9864 2.6182 6.1500
v -5.9864 2.9455 6.1500
v -5.9864 3.2727 6.1500
v -5.9864 3.6000 6.1500
v -5.9591 0.0000 6.1500
v -5.9591 0.3273 6.1500
v -5.9591 0.6545 6.1500
v -5.9591 0.9818 6.1500
v -5.9591 1.3091 6.1500
v -5.9591 1.6364 6.1500
v -5.9591 1.9636 6.1500
v -5.9591 2.2909 6.1500
v -5.9591 2.6182 6.1500
v -5.9591 2.9455 6.1500
v -5.9591 3.2727 6.1500
v -5.9591 3.6000 6.1500
v -5.9318 0.0000 6.1500
v -5.9318 0.3273 6.1500
v -5.9318 0.6545 6.1500
v -5.9318 0.9818 6.1500
v -5.9318 1.3091 6.1500
v -5.9318 1.6364 6.1500
v -5.9318 1.9636 6.1500
v -5.9318 2.2909 6.1500
v -5.9318 2.6182 6.1500
v -5.9318 2.9455 6.1500
v -5.9318 3.2727 6.1500
v -5.9318 3.6000 6.1500
v -5.9045 0.0000 6.1500
v -5.9045 0.3273 6.1500
v -5.9045 0.6545 6.1500
v -5.9045 0.9818 6.1500
v -5.9045 1.3091 6.1500
v -5.9045 1.6364 6.1500
v -5.9045 1.9636 6.1500
v -5.9045 2.2909 6.1500
v -5.9045 2.6182 6.1500
v -5.9045 2.9455 6.1500
v -5.9045 3.2727 6.1500
v -5.9045 3.6000 6.1500
v -5.8773 0.0000 6.1500
v -5.8773 0.3273 6.1500
v -5.8773 0.6545 6.1500
v -5.8773 0.9818 6.1500
v -5.8773 1.3091 6.1500
v -5.8773 1.6364 6.1500
v -5.8773 1.9636 6.1500
v -5.8773 2.2909 6.1500
v -5.8773 2.6182 6.1500
v -5.8773 2.9455 6.1500
v -5.8773 3.2727 6.1500
v -5.8773 3.6000 6.1500
v -5.8500 0.0000 6.1500
v -5.8500 0.3273 6.1500
v -5.8500 0.6545 6.1500
v -5.8500 0.9818 6.1500
v -5.8500 1.3091 6.1500
v -5.8500 1.6364 6.1500
v -5.8500 1.9636 6.1500
v -5.8500 2.2909 6.1500
v -5.8500 2.6182 6.1500
v -5.8500 2.9455 6.1500
v -5.8500 3.2727 6.1500
v -5.8500 3.6000 6.1500
v -5.8500 0.0000 -6.1500
v -5.8500 0.3273 -6.1500
v -5.8500 0.6545 -6.1500
v -5.8500 0.9818 -6.1500
v -5.8500 1.3091 -6.1500
v -5.8500 1.6364 -6.1500
v -5.8500 1.9636 -6.1500
v -5.8500 2.2909 -6.1500
v -5.8500 2.6182 -6.1500
v -5.8500 2.9455 -6.1500
v -5.8500 3.2727 -6.1500
v -5.8500 3.6000 -6.1500
v -5.8773 0.0000 -6.1500
v -5.8773 0.3273 -6.1500
v -5.8773 0.6545 -6.1500
v -5.8773 0.9818 -6.1500
v -5.8773 1.3091 -6.1500
v -5.8773 1.6364 -6.1500
v -5.8773 1.9636 -6.1500
v -5.8773 2.2909 -6.1500
v -5.8773 2.6182 -6.1500
v -5.8773 2.9455 -6.1500
v -5.8773 3.2727 -6.1500
v -5.8773 3.6000 -6.1500
v -5.9045 0.0000 -6.1500
v -5.9045 0.3273 -6.1500
v -5.9045 0.6545 -6.1500
v -5.9045 0.9818 -6.1500
v -5.9045 1.3091 -6.1500
v -5.9045 1.6364 -6.1500
v -5.9045 1.9636 -6.1500
v -5.9045 2.2909 -6.1500
v -5.9045 2.6182 -6.1500
v -5.9045 2.9455 -6.1500
v -5.9045 3.2727 -6.1500
v -5.9045 3.6000 -6.1500
v -5.9318 0.0000 -6.1500
v -5.9318 0.3273 -6.1500
v -5.9318 0.6545 -6.1500
v -5.9318 0.9818 -6.1500
v -5.9318 1.3091 -6.1500
v -5.9318 1.6364 -6.1500
v -5.9318 1.9636 -6.1500
v -5.9318 2.2909 -6.1500
v -5.9318 2.6182 -6.1500
v -5.9318 2.9455 -6.1500
v -5.9318 3.2727 -6.1500
v -5.9318 3.6000 -6.1500
v -5.9591 0.0000 -6.1500
v -5.9591 0.3273 -6.1500
v -5.9591 0.6545 -6.1500
v -5.9591 0.9818 -6.1500
v -5.9591 1.3091 -6.1500
v -5.9591 1.6364 -6.1500
v -5.9591 1.9636 -6.1500
v -5.9591 2.2909 -6.1500
v -5.9591 2.6182 -6.1500
v -5.9591 2.9455 -6.1500
v -5.9591 3.2727 -6.1500
v -5.9591 3.6000 -6.1500
v -5.9864 0.0000 -6.1500
v -5.9864 0.3273 -6.1500
v -5.9864 0.6545 -6.1500
v -5.9864 0.9818 -6.1500
v -5.9864 1.3091 -6.1500
v -5.9864 1.6364 -6.1500
v -5.9864 1.9636 -6.1500
v -5.9864 2.2909 -6.1500
v -5.9864 2.6182 -6.1500
v -5.9864 2.9455 -6.1500
v -5.9864 3.2727 -6.1500
v -5.9864 3.6000 -6.1500
v -6.0136 0.0000 -6.1500
v -6.0136 0.3273 -6.1500
v -6.0136 0.6545 -6.1500
v -6.0136 0.9818 -6.1500
v -6.0136 1.3091 -6.1500
v -6.0136 1.6364 -6.1500
v -6.0136 1.9636 -6.1500
v -6.0136 2.2909 -6.1500
v -6.0136 2.6182 -6.1500
v -6.0136 2.9455 -6.1500
v -6.0136 3.2727 -6.1500
v -6.0136 3.6000 -6.1500
v -6.0409 0.0000 -6.1500
v -6.0409 0.3273 -6.1500
v -6.0409 0.6545 -6.1500
v -6.0409 0.9818 -6.1500
v -6.0409 1.3091 -6.1500
v -6.0409 1.6364 -6.1500
v -6.0409 1.9636 -6.1500
v -6.0409 2.2909 -6.1500
v -6.0409 2.6182 -6.1500
v -6.0409 2.9455 -6.1500
v -6.0409 3.2727 -6.1500
v -6.0409 3.6000 -6.1500
v -6.0682 0.0000 -6.1500
v -6.0682 0.3273 -6.1500
v -6.0682 0.6545 -6.1500
v -6.0682 0.9818 -6.1500
v -6.0682 1.3091 -6.1500
v -6.0682 1.6364 -6.1500
v -6.0682 1.9636 -6.1500
v -6.0682 2.2909 -6.1500
v -6.0682 2.6182 -6.1500
v -6.0682 2.9455 -6.1500
v -6.0682 3.2727 -6.1500
v -6.0682 3.6000 -6.1500
v -6.0955 0.0000 -6.1500
v -6.0955 0.3273 -6.1500
v -6.0955 0.6545 -6.1500
v -6.0955 0.9818 -6.1500
v -6.0955 1.3091 -6.1500
v -6.0955 1.6364 -6.1500
v -6.0955 1.9636 -6.1500
v -6.0955 2.2909 -6.1500
v -6.0955 2.6182 -6.1500
v -6.0955 2.9455 -6.1500
v -6.0955 3.2727 -6.1500
v -6.0955 3.6000 -6.1500
v -6.1227 0.0000 -6.1500
v -6.1227 0.3273 -6.1500
v -6.1227 0.6545 -6.1500
v -6.1227 0.9818 -6.1500
v -6.1227 1.3091 -6.1500
v -6.1227 1.6364 -6.1500
v -6.1227 1.9636 -6.1500
v -6.1227 2.2909 -6.1500
v -6.1227 2.6182 -6.1500
v -6.1227 2.9455 -6.1500
v -6.1227 3.2727 -6.1500
v -6.1227 3.6000 -6.1500
v -6.1500 0.0000 -6.1500
v -6.1500 0.3273 -6.1500
v -6.1500 0.6545 -6.1500
v -6.1500 0.9818 -6.1500
v -6.1500 1.3091 -6.1500
v -6.1500 1.6364 -6.1500
v -6.1500 1.9636 -6.1500
v -6.1500 2.2909 -6.1500
v -6.1500 2.6182 -6.1500
v -6.1500 2.9455 -6.1500
v -6.1500 3.2727 -6.1500
v -6.1500 3.6000 -6.1500
v -6.1500 0.0000 -6.1500
v -6.1500 0.3273 -6.1500
v -6.1500 0.6545 -6.1500
v -6.1500 0.9818 -6.1500
v -6.1500 1.3091 -6.1500
v -6.1500 1.6364 -6.1500
v -6.1500 1.9636 -6.1500
v -6.1500 2.2909 -6.1500
v -6.1500 2.6182 -6.1500
v -6.1500 2.9455 -6.1500
v -6.1500 3.2727 -6.1500
v -6.1500 3.6000 -6.1500
v -6.1500 0.0000 -5.0318
v -6.1500 0.3273 -5.0318
v -6.1500 0.6545 -5.0318
v -6.1500 0.9818 -5.0318
v -6.1500 1.3091 -5.0318
v -6.1500 1.6364 -5.0318
v -6.1500 1.9636 -5.0318
v -6.1500 2.2909 -5.0318
v -6.1500 2.6182 -5.0318
v -6.1500 2.9455 -5.0318
v -6.1500 3.2727 -5.0318
v -6.1500 3.6000 -5.0318
v -6.1500 0.0000 -3.9136
v -6.1500 0.3273 -3.9136
v -6.1500 0.6545 -3.9136
v -6.1500 0.9818 -3.9136
v -6.1500 1.3091 -3.9136
v -6.1500 1.6364 -3.9136
v -6.1500 1.9636 -3.9136
v -6.1500 2.2909 -3.9136
v -6.1500 2.6182 -3.9136
v -6.1500 2.9455 -3.9136
v -6.1500 3.2727 -3.9136
v -6.1500 3.6000 -3.9136
v -6.1500 0.0000 -2.7955
v -6.1500 0.3273 -2.7955
v -6.1500 0.6545 -2.7955
v -6.1500 0.9818 -2.7955
v -6.1500 1.3091 -2.7955
v -6.1500 1.6364 -2.7955
v -6.1500 1.9636 -2.7955
v -6.1500 2.2909 -2.7955
v -6.1500 2.6182 -2.7955
v -6.1500 2.9455 -2.7955
v -6.1500 3.2727 -2.7955
v -6.1500 3.6000 -2.7955
v -6.1500 0.0000 -1.6773
v -6.1500 0.3273 -1.6773
v -6.1500 0.6545 -1.6773
v -6.1500 0.9818 -1.6773
v -6.1500 1.3091 -1.6773
v -6.1500 1.6364 -1.6773
v -6.1500 1.9636 -1.6773
v -6.1500 2.2909 -1.6773
v -6.1500 2.6182 -1.6773
v -6.1500 2.9455 -1.6773
v -6.1500 3.2727 -1.6773
v -6.1500 3.6000 -1.6773
v -6.1500 0.0000 -0.5591
v -6.1500 0.3273 -0.5591
v -6.1500 0.6545 -0.5591
v -6.1500 0.9818 -0.5591
v -6.1500 1.3091 -0.5591
v -6.1500 1.6364 -0.5591
v -6.1500 1.9636 -0.5591
v -6.1500 2.2909 -0.5591
v -6.1500 2.6182 -0.5591
v -6.1500 2.9455 -0.5591
v -6.1500 3.2727 -0.5591
v -6.1500 3.6000 -0.5591
v -6.1500 0.0000 0.5591
v -6.1500 0.3273 0.5591
v -6.1500 0.6545 0.5591
v -6.1500 0.9818 0.5591
v -6.1500 1.3091 0.5591
v -6.1500 1.6364 0.5591
v -6.1500 1.9636 0.5591
v -6.1500 2.2909 0.5591
v -6.1500 2.6182 0.5591
v -6.1500 2.9455 0.5591
v -6.1500 3.2727 0.5591
v -6.1500 3.6000 0.5591
v -6.1500 0.0000 1.6773
v -6.1500 0.3273 1.6773
v -6.1500 0.6545 1.6773
v -6.1500 0.9818 1.6773
v -6.1500 1.3091 1.6773
v -6.1500 1.6364 1.6773
v -6.1500 1.9636 1.6773
v -6.1500 2.2909 1.6773
v -6.1500 2.6182 1.6773
v -6.1500 2.9455 1.6773
v -6.1500 3.2727 1.6773
v -6.1500 3.6000 1.6773
v -6.1500 0.0000 2.7955
v -6.1500 0.3273 2.7955
v -6.1500 0.6545 2.7955
v -6.1500 0.9818 2.7955
v -6.1500 1.3091 2.7955
v -6.1500 1.6364 2.7955
v -6.1500 1.9636 2.7955
v -6.1500 2.2909 2.7955
v -6.1500 2.6182 2.7955
v -6.1500 2.9455 2.7955
v -6.1500 3.2727 2.7955
v -6.1500 3.6000 2.7955
v -6.1500 0.0000 3.9136
v -6.1500 0.3273 3.9136
v -6.1500 0.6545 3.9136
v -6.1500 0.9818 3.9136
v -6.1500 1.3091 3.9136
v -6.1500 1.6364 3.9136
v -6.1500 1.9636 3.9136
v -6.1500 2.2909 3.9136
v -6.1500 2.6182 3.9136
v -6.1500 2.9455 3.9136
v -6.1500 3.2727 3.9136
v -6.1500 3.6000 3.9136
v -6.1500 0.0000 5.0318
v -6.1500 0.3273 5.0318
v -6.1500 0.6545 5.0318
v -6.1500 0.9818 5.0318
v -6.1500 1.3091 5.0318
v -6.1500 1.6364 5.0318
v -6.1500 1.9636 5.0318
v -6.1500 2.2909 5.0318
v -6.1500 2.6182 5.0318
v -6.1500 2.9455 5.0318
v -6.1500 3.2727 5.0318
v -6.1500 3.6000 5.0318
v -6.1500 0.0000 6.1500
v -6.1500 0.3273 6.1500
v -6.1500 0.6545 6.1500
v -6.1500 0.9818 6.1500
v -6.1500 1.3091 6.1500
v -6.1500 1.6364 6.1500
v -6.1500 1.9636 6.1500
v -6.1500 2.2909 6.1500
v -6.1500 2.6182 6.1500
v -6.1500 2.9455 6.1500
v -6.1500 3.2727 6.1500
v -6.1500 3.6000 6.1500
v -5.8500 0.0000 6.1500
v -5.8500 0.3273 6.1500
v -5.8500 0.6545 6.1500
v -5.8500 0.9818 6.1500
v -5.8500 1.3091 6.1500
v -5.8500 1.6364 6.1500
v -5.8500 1.9636 6.1500
v -5.8500 2.2909 6.1500
v -5.8500 2.6182 6.1500
v -5.8500 2.9455 6.1500
v -5.8500 3.2727 6.1500
v -5.8500 3.6000 6.1500
v -5.8500 0.0000 5.0318
v -5.8500 0.3273 5.0318
v -5.8500 0.6545 5.0318
v -5.8500 0.9818 5.0318
v -5.8500 1.3091 5.0318
v -5.8500 1.6364 5.0318
v -5.8500 1.9636 5.0318
v -5.8500 2.2909 5.0318
v -5.8500 2.6182 5.0318
v -5.8500 2.9455 5.0318
v -5.8500 3.2727 5.0318
v -5.8500 3.6000 5.0318
v -5.8500 0.0000 3.9136
v -5.8500 0.3273 3.9136
v -5.8500 0.6545 3.9136
v -5.8500 0.9818 3.9136
v -5.8500 1.3091 3.9136
v -5.8500 1.6364 3.9136
v -5.8500 1.9636 3.9136
v -5.8500 2.2909 3.9136
v -5.8500 2.6182 3.9136
v -5.8500 2.9455 3.9136
v -5.8500 3.2727 3.9136
v -5.8500 3.6000 3.9136
v -5.8500 0.0000 2.7955
v -5.8500 0.3273 2.7955
v -5.8500 0.6545 2.7955
v -5.8500 0.9818 2.7955
v -5.8500 1.3091 2.7955
v -5.8500 1.6364 2.7955
v -5.8500 1.9636 2.7955
v -5.8500 2.2909 2.7955
v -5.8500 2.6182 2.7955
v -5.8500 2.9455 2.7955
v -5.8500 3.2727 2.7955
v -5.8500 3.6000 2.7955
v -5.8500 0.0000 1.6773
v -5.8500 0.3273 1.6773
v -5.8500 0.6545 1.6773
v -5.8500 0.9818 1.6773
v -5.8500 1.3091 1.6773
v -5.8500 1.6364 1.6773
v -5.8500 1.9636 1.6773
v -5.8500 2.2909 1.6773
v -5.8500 2.6182 1.6773
v -5.8500 2.9455 1.6773
v -5.8500 3.2727 1.6773
v -5.8500 3.6000 1.6773
v -5.8500 0.0000 0.5591
v -5.8500 0.3273 0.5591
v -5.8500 0.6545 0.5591
v -5.8500 0.9818 0.5591
v -5.8500 1.3091 0.5591
v -5.8500 1.6364 0.5591
v -5.8500 1.9636 0.5591
v -5.8500 2.2909 0.5591
v -5.8500 2.6182 0.5591
v -5.8500 2.9455 0.5591
v -5.8500 3.2727 0.5591
v -5.8500 3.6000 0.5591
v -5.8500 0.0000 -0.5591
v -5.8500 0.3273 -0.5591
v -5.8500 0.6545 -0.5591
v -5.8500 0.9818 -0.5591
v -5.8500 1.3091 -0.5591
v -5.8500 1.6364 -0.5591
v -5.8500 1.9636 -0.5591
v -5.8500 2.2909 -0.5591
v -5.8500 2.6182 -0.5591
v -5.8500 2.9455 -0.5591
v -5.8500 3.2727 -0.5591
v -5.8500 3.6000 -0.5591
v -5.8500 0.0000 -1.6773
v -5.8500 0.3273 -1.6773
v -5.8500 0.6545 -1.6773
v -5.8500 0.9818 -1.6773
v -5.8500 1.3091 -1.6773
v -5.8500 1.6364 -1.6773
v -5.8500 1.9636 -1.6773
v -5.8500 2.2909 -1.6773
v -5.8500 2.6182 -1.6773
v -5.8500 2.9455 -1.6773
v -5.8500 3.2727 -1.6773
v -5.8500 3.6000 -1.6773
v -5.8500 0.0000 -2.7955
v -5.8500 0.3273 -2.7955
v -5.8500 0.6545 -2.7955
v -5.8500 0.9818 -2.7955
v -5.8500 1.3091 -2.7955
v -5.8500 1.6364 -2.7955
v -5.8500 1.9636 -2.7955
v -5.8500 2.2909 -2.7955
v -5.8500 2.6182 -2.7955
v -5.8500 2.9455 -2.7955
v -5.8500 3.2727 -2.7955
v -5.8500 3.6000 -2.7955
v -5.8500 0.0000 -3.9136
v -5.8500 0.3273 -3.9136
v -5.8500 0.6545 -3.9136
v -5.8500 0.9818 -3.9136
v -5.8500 1.3091 -3.9136
v -5.8500 1.6364 -3.9136
v -5.8500 1.9636 -3.9136
v -5.8500 2.2909 -3.9136
v -5.8500 2.6182 -3.9136
v -5.8500 2.9455 -3.9136
v -5.8500 3.2727 -3.9136
v -5.8500 3.6000 -3.9136
v -5.8500 0.0000 -5.0318
v -5.8500 0.3273 -5.0318
v -5.8500 0.6545 -5.0318
v -5.8500 0.9818 -5.0318
v -5.8500 1.3091 -5.0318
v -5.8500 1.6364 -5.0318
v -5.8500 1.9636 -5.0318
v -5.8500 2.2909 -5.0318
v -5.8500 2.6182 -5.0318
v -5.8500 2.9455 -5.0318
v -5.8500 3.2727 -5.0318
v -5.8500 3.6000 -5.0318
v -5.8500 0.0000 -6.1500
v -5.8500 0.3273 -6.1500
v -5.8500 0.6545 -6.1500
v -5.8500 0.9818 -6.1500
v -5.8500 1.3091 -6.1500
v -5.8500 1.6364 -6.1500
v -5.8500 1.9636 -6.1500
v -5.8500 2.2909 -6.1500
v -5.8500 2.6182 -6.1500
v -5.8500 2.9455 -6.1500
v -5.8500 3.2727 -6.1500
v -5.8500 3.6000 -6.1500
v -6.1500 3.6000 -6.1500
v -6.1500 3.6000 -5.0318
v -6.1500 3.6000 -3.9136
v -6.1500 3.6000 -2.7955
v -6.1500 3.6000 -1.6773
v -6.1500 3.6000 -0.5591
v -6.1500 3.6000 0.5591
v -6.1500 3.6000 1.6773
v -6.1500 3.6000 2.7955
v -6.1500 3.6000 3.9136
v -6.1500 3.6000 5.0318
v -6.1500 3.6000 6.1500
v -6.1227 3.6000 -6.1500
v -6.1227 3.6000 -5.0318
v -6.1227 3.6000 -3.9136
v -6.1227 3.6000 -2.7955
v -6.1227 3.6000 -1.6773
v -6.1227 3.6000 -0.5591
v -6.1227 3.6000 0.5591
v -6.1227 3.6000 1.6773
v -6.1227 3.6000 2.7955
v -6.1227 3.6000 3.9136
v -6.1227 3.6000 5.0318
v -6.1227 3.6000 6.1500
v -6.0955 3.6000 -6.1500
v -6.0955 3.6000 -5.0318
v -6.0955 3.6000 -3.9136
v -6.0955 3.6000 -2.7955
v -6.0955 3.6000 -1.6773
v -6.0955 3.6000 -0.5591
v -6.0955 3.6000 0.5591
v -6.0955 3.6000 1.6773
v -6.0955 3.6000 2.7955
v -6.0955 3.6000 3.9136
v -6.0955 3.6000 5.0318
v -6.0955 3.6000 6.1500
v -6.0682 3.6000 -6.1500
v -6.0682 3.6000 -5.0318
v -6.0682 3.6000 -3.9136
v -6.0682 3.6000 -2.7955
v -6.0682 3.6000 -1.6773
v -6.0682 3.6000 -0.5591
v -6.0682 3.6000 0.5591
v -6.0682 3.6000 1.6773
v -6.0682 3.6000 2.7955
v -6.0682 3.6000 3.9136
v -6.0682 3.6000 5.0318
v -6.0682 3.6000 6.1500
v -6.0409 3.6000 -6.1500
v -6.0409 3.6000 -5.0318
v -6.0409 3.6000 -3.9136
v -6.0409 3.6000 -2.7955
v -6.0409 3.6000 -1.6773
v -6.0409 3.6000 -0.5591
v -6.0409 3.6000 0.5591
v -6.0409 3.6000 1.6773
v -6.0409 3.6000 2.7955
v -6.0409 3.6000 3.9136
v -6.0409 3.6000 5.0318
v -6.0409 3.6000 6.1500
v -6.0136 3.6000 -6.1500
v -6.0136 3.6000 -5.0318
v -6.0136 3.6000 -3.9136
v -6.0136 3.6000 -2.7955
v -6.0136 3.6000 -1.6773
v -6.0136 3.6000 -0.5591
v -6.0136 3.6000 0.5591
v -6.0136 3.6000 1.6773
v -6.0136 3.6000 2.7955
v -6.0136 3.6000 3.9136
v -6.0136 3.6000 5.0318
v -6.0136 3.6000 6.1500
v -5.9864 3.6000 -6.1500
v -5.9864 3.6000 -5.0318
v -5.9864 3.6000 -3.9136
v -5.9864 3.6000 -2.7955
v -5.9864 3.6000 -1.6773
v -5.9864 3.6000 -0.5591
v -5.9864 3.6000 0.5591
v -5.9864 3.6000 1.6773
v -5.9864 3.6000 2.7955
v -5.9864 3.6000 3.9136
v -5.9864 3.6000 5.0318
v -5.9864 3.6000 6.1500
v -5.9591 3.6000 -6.1500
v -5.9591 3.6000 -5.0318
v -5.9591 3.6000 -3.9136
v -5.9591 3.6000 -2.7955
v -5.9591 3.6000 -1.6773
v -5.9591 3.6000 -0.5591
v -5.9591 3.6000 0.5591
v -5.9591 3.6000 1.6773
v -5.9591 3.6000 2.7955
v -5.9591 3.6000 3.9136
v -5.9591 3.6000 5.0318
v -5.9591 3.6000 6.1500
v -5.9318 3.6000 -6.1500
v -5.9318 3.6000 -5.0318
v -5.9318 3.6000 -3.9136
v -5.9318 3.6000 -2.7955
v -5.9318 3.6000 -1.6773
v -5.9318 3.6000 -0.5591
v -5.9318 3.6000 0.5591
v -5.9318 3.6000 1.6773
v -5.9318 3.6000 2.7955
v -5.9318 3.6000 3.9136
v -5.9318 3.6000 5.0318
v -5.9318 3.6000 6.1500
v -5.9045 3.6000 -6.1500
v -5.9045 3.6000 -5.0318
v -5.9045 3.6000 -3.9136
v -5.9045 3.6000 -2.7955
v -5.9045 3.6000 -1.6773
v -5.9045 3.6000 -0.5591
v -5.9045 3.6000 0.5591
v -5.9045 3.6000 1.6773
v -5.9045 3.6000 2.7955
v -5.9045 3.6000 3.9136
v -5.9045 3.6000 5.0318
v -5.9045 3.6000 6.1500
v -5.8773 3.6000 -6.1500
v -5.8773 3.6000 -5.0318
v -5.8773 3.6000 -3.9136
v -5.8773 3.6000 -2.7955
v -5.8773 3.6000 -1.6773
v -5.8773 3.6000 -0.5591
v -5.8773 3.6000 0.5591
v -5.8773 3.6000 1.6773
v -5.8773 3.6000 2.7955
v -5.8773 3.6000 3.9136
v -5.8773 3.6000 5.0318
v -5.8773 3.6000 6.1500
v -5.8500 3.6000 -6.1500
v -5.8500 3.6000 -5.0318
v -5.8500 3.6000 -3.9136
v -5.8500 3.6000 -2.7955
v -5.8500 3.6000 -1.6773
v -5.8500 3.6000 -0.5591
v -5.8500 3.6000 0.5591
v -5.8500 3.6000 1.6773
v -5.8500 3.6000 2.7955
v -5.8500 3.6000 3.9136
v -5.8500 3.6000 5.0318
v -5.8500 3.6000 6.1500
v -6.1500 0.0000 6.1500
v -6.1500 0.0000 5.0318
v -6.1500 0.0000 3.9136
v -6.1500 0.0000 2.7955
v -6.1500 0.0000 1.6773
v -6.1500 0.0000 0.5591
v -6.1500 0.0000 -0.5591
v -6.1500 0.0000 -1.6773
v -6.1500 0.0000 -2.7955
v -6.1500 0.0000 -3.9136
v -6.1500 0.0000 -5.0318
v -6.1500 0.0000 -6.1500
v -6.1227 0.0000 6.1500
v -6.1227 0.0000 5.0318
v -6.1227 0.0000 3.9136
v -6.1227 0.0000 2.7955
v -6.1227 0.0000 1.6773
v -6.1227 0.0000 0.5591
v -6.1227 0.0000 -0.5591
v -6.1227 0.0000 -1.6773
v -6.1227 0.0000 -2.7955
v -6.1227 0.0000 -3.9136
v -6.1227 0.0000 -5.0318
v -6.1227 0.0000 -6.1500
v -6.0955 0.0000 6.1500
v -6.0955 0.0000 5.0318
v -6.0955 0.0000 3.9136
v -6.0955 0.0000 2.7955
v -6.0955 0.0000 1.6773
v -6.0955 0.0000 0.5591
v -6.0955 0.0000 -0.5591
v -6.0955 0.0000 -1.6773
v -6.0955 0.0000 -2.7955
v -6.0955 0.0000 -3.9136
v -6.0955 0.0000 -5.0318
v -6.0955 0.0000 -6.1500
v -6.0682 0.0000 6.1500
v -6.0682 0.0000 5.0318
v -6.0682 0.0000 3.9136
v -6.0682 0.0000 2.7955
v -6.0682 0.0000 1.6773
v -6.0682 0.0000 0.5591
v -6.0682 0.0000 -0.5591
v -6.0682 0.0000 -1.6773
v -6.0682 0.0000 -2.7955
v -6.0682 0.0000 -3.9136
v -6.0682 0.0000 -5.0318
v -6.0682 0.0000 -6.1500
v -6.0409 0.0000 6.1500
v -6.0409 0.0000 5.0318
v -6.0409 0.0000 3.9136
v -6.0409 0.0000 2.7955
v -6.0409 0.0000 1.6773
v -6.0409 0.0000 0.5591
v -6.0409 0.0000 -0.5591
v -6.0409 0.0000 -1.6773
v -6.0409 0.0000 -2.7955
v -6.0409 0.0000 -3.9136
v -6.0409 0.0000 -5.0318
v -6.0409 0.0000 -6.1500
v -6.0136 0.0000 6.1500
v -6.0136 0.0000 5.0318
v -6.0136 0.0000 3.9136
v -6.0136 0.0000 2.7955
v -6.0136 0.0000 1.6773
v -6.0136 0.0000 0.5591
v -6.0136 0.0000 -0.5591
v -6.0136 0.0000 -1.6773
v -6.0136 0.0000 -2.7955
v -6.0136 0.0000 -3.9136
v -6.0136 0.0000 -5.0318
v -6.0136 0.0000 -6.1500
v -5.9864 0.0000 6.1500
v -5.9864 0.0000 5.0318
v -5.9864 0.0000 3.9136
v -5.9864 0.0000 2.7955
v -5.9864 0.0000 1.6773
v -5.9864 0.0000 0.5591
v -5.9864 0.0000 -0.5591
v -5.9864 0.0000 -1.6773
v -5.9864 0.0000 -2.7955
v -5.9864 0.0000 -3.9136
v -5.9864 0.0000 -5.0318
v -5.9864 0.0000 -6.1500
v -5.9591 0.0000 6.1500
v -5.9591 0.0000 5.0318
v -5.9591 0.0000 3.9136
v -5.9591 0.0000 2.7955
v -5.9591 0.0000 1.6773
v -5.9591 0.0000 0.5591
v -5.9591 0.0000 -0.5591
v -5.9591 0.0000 -1.6773
v -5.9591 0.0000 -2.7955
v -5.9591 0.0000 -3.9136
v -5.9591 0.0000 -5.0318
v -5.9591 0.0000 -6.1500
v -5.9318 0.0000 6.1500
v -5.9318 0.0000 5.0318
v -5.9318 0.0000 3.9136
v -5.9318 0.0000 2.7955
v -5.9318 0.0000 1.6773
v -5.9318 0.0000 0.5591
v -5.9318 0.0000 -0.5591
v -5.9318 0.0000 -1.6773
v -5.9318 0.0000 -2.7955
v -5.9318 0.0000 -3.9136
v -5.9318 0.0000 -5.0318
v -5.9318 0.0000 -6.1500
v -5.9045 0.0000 6.1500
v -5.9045 0.0000 5.0318
v -5.9045 0.0000 3.9136
v -5.9045 0.0000 2.7955
v -5.9045 0.0000 1.6773
v -5.9045 0.0000 0.5591
v -5.9045 0.0000 -0.5591
v -5.9045 0.0000 -1.6773
v -5.9045 0.0000 -2.7955
v -5.9045 0.0000 -3.9136
v -5.9045 0.0000 -5.0318
v -5.9045 0.0000 -6.1500
v -5.8773 0.0000 6.1500
v -5.8773 0.0000 5.0318
v -5.8773 0.0000 3.9136
v -5.8773 0.0000 2.7955
v -5.8773 0.0000 1.6773
v -5.8773 0.0000 0.5591
v -5.8773 0.0000 -0.5591
v -5.8773 0.0000 -1.6773
v -5.8773 0.0000 -2.7955
v -5.8773 0.0000 -3.9136
v -5.8773 0.0000 -5.0318
v -5.8773 0.0000 -6.1500
v -5.8500 0.0000 6.1500
v -5.8500 0.0000 5.0318
v -5.8500 0.0000 3.9136
v -5.8500 0.0000 2.7955
v -5.8500 0.0000 1.6773
v -5.8500 0.0000 0.5591
v -5.8500 0.0000 -0.5591
v -5.8500 0.0000 -1.6773
v -5.8500 0.0000 -2.7955
v -5.8500 0.0000 -3.9136
v -5.8500 0.0000 -5.0318
v -5.8500 0.0000 -6.1500
f 9505 9506 9518
f 9505 9518 9517
f 9506 9507 9519
f 9506 9519 9518
f 9507 9508 9520
f 9507 9520 9519
f 9508 9509 9521
f 9508 9521 9520
f 9509 9510 9522
f 9509 9522 9521
f 9510 9511 9523
f 9510 9523 9522
f 9511 9512 9524
f 9511 9524 9523
f 9512 9513 9525
f 9512 9525 9524
f 9513 9514 9526
f 9513 9526 9525
f 9514 9515 9527
f 9514 9527 9526
f 9515 9516 9528
f 9515 9528 9527
f 9517 9518 9530
f 9517 9530 9529
f 9518 9519 9531
f 9518 9531 9530
f 9519 9520 9532
f 9519 9532 9531
f 9520 9521 9533
f 9520 9533 9532
f 9521 9522 9534
f 9521 9534 9533
f 9522 9523 9535
f 9522 9535 9534
f 9523 9524 9536
f 9523 9536 9535
f 9524 9525 9537
f 9524 9537 9536
f 9525 9526 9538
f 9525 9538 9537
f 9526 9527 9539
f 9526 9539 9538
f 9527 9528 9540
f 9527 9540 9539
f 9529 9530 9542
f 9529 9542 9541
f 9530 9531 9543
f 9530 9543 9542
f 9531 9532 9544
f 9531 9544 9543
f 9532 9533 9545
f 9532 9545 9544
f 9533 9534 9546
f 9533 9546 9545
f 9534 9535 9547
f 9534 9547 9546
f 9535 9536 9548
f 9535 9548 9547
f 9536 9537 9549
f 9536 9549 9548
f 9537 9538 9550
f 9537 9550 9549
f 9538 9539 9551
f 9538 9551 9550
f 9539 9540 9552
f 9539 9552 9551
f 9541 9542 9554
f 9541 9554 9553
f 9542 9543 9555
f 9542 9555 9554
f 9543 9544 9556
f 9543 9556 9555
f 9544 9545 9557
f 9544 9557 9556
f 9545 9546 9558
f 9545 9558 9557
f 9546 9547 9559
f 9546 9559 9558
f 9547 9548 9560
f 9547 9560 9559
f 9548 9549 9561
f 9548 9561 9560
f 9549 9550 9562
f 9549 9562 9561
f 9550 9551 9563
f 9550 9563 9562
f 9551 9552 9564
f 9551 9564 9563
f 9553 9554 9566
f 9553 9566 9565
f 9554 9555 9567
f 9554 9567 9566
f 9555 9556 9568
f 9555 9568 9567
f 9556 9557 9569
f 9556 9569 9568
f 9557 9558 9570
f 9557 9570 9569
f 9558 9559 9571
f 9558 9571 9570
f 9559 9560 9572
f 9559 9572 9571
f 9560 9561 9573
f 9560 9573 9572
f 9561 9562 9574
f 9561 9574 9573
f 9562 9563 9575
f 9562 9575 9574
f 9563 9564 9576
f 9563 9576 9575
f 9565 9566 9578
f 9565 9578 9577
f 9566 9567 9579
f 9566 9579 9578
f 9567 9568 9580
f 9567 9580 9579
f 9568 9569 9581
f 9568 9581 9580
f 9569 9570 9582
f 9569 9582 9581
f 9570 9571 9583
f 9570 9583 9582
f 9571 9572 9584
f 9571 9584 9583
f 9572 9573 9585
f 9572 9585 9584
f 9573 9574 9586
f 9573 9586 9585
f 9574 9575 9587
f 9574 9587 9586
f 9575 9576 9588
f 9575 9588 9587
f 9577 9578 9590
f 9577 9590 9589
f 9578 9579 9591
f 9578 9591 9590
f 9579 9580 9592
f 9579 9592 9591
f 9580 9581 9593
f 9580 9593 9592
f 9581 9582 9594
f 9581 9594 9593
f 9582 9583 9595
f 9582 9595 9594
f 9583 9584 9596
f 9583 9596 9595
f 9584 9585 9597
f 9584 9597 9596
f 9585 9586 9598
f 9585 9598 9597
f 9586 9587 9599
f 9586 9599 9598
f 9587 9588 9600
f 9587 9600 9599
f 9589 9590 9602
f 9589 9602 9601
f 9590 9591 9603
f 9590 9603 9602
f 9591 9592 9604
f 9591 9604 9603
f 9592 9593 9605
f 9592 9605 9604
f 9593 9594 9606
f 9593 9606 9605
f 9594 9595 9607
f 9594 9607 9606
f 9595 9596 9608
f 9595 9608 9607
f 9596 9597 9609
f 9596 9609 9608
f 9597 9598 9610
f 9597 9610 9609
f 9598 9599 9611
f 9598 9611 9610
f 9599 9600 9612
f 9599 9612 9611
f 9601 9602 9614
f 9601 9614 9613
f 9602 9603 9615
f 9602 9615 9614
f 9603 9604 9616
f 9603 9616 9615
f 9604 9605 9617
f 9604 9617 9616
f 9605 9606 9618
f 9605 9618 9617
f 9606 9607 9619
f 9606 9619 9618
f 9607 9608 9620
f 9607 9620 9619
f 9608 9609 9621
f 9608 9621 9620
f 9609 9610 9622
f 9609 9622 9621
f 9610 9611 9623
f 9610 9623 9622
f 9611 9612 9624
f 9611 9624 9623
f 9613 9614 9626
f 9613 9626 9625
f 9614 9615 9627
f 9614 9627 9626
f 9615 9616 9628
f 9615 9628 9627
f 9616 9617 9629
f 9616 9629 9628
f 9617 9618 9630
f 9617 9630 9629
f 9618 9619 9631
f 9618 9631 9630
f 9619 9620 9632
f 9619 9632 9631
f 9620 9621 9633
f 9620 9633 9632
f 9621 9622 9634
f 9621 9634 9633
f 9622 9623 9635
f 9622 9635 9634
f 9623 9624 9636
f 9623 9636 9635
f 9625 9626 9638
f 9625 9638 9637
f 9626 9627 9639
f 9626 9639 9638
f 9627 9628 9640
f 9627 9640 9639
f 9628 9629 9641
f 9628 9641 9640
f 9629 9630 9642
f 9629 9642 9641
f 9630 9631 9643
f 9630 9643 9642
f 9631 9632 9644
f 9631 9644 9643
f 9632 9633 9645
f 9632 9645 9644
f 9633 9634 9646
f 9633 9646 9645
f 9634 9635 9647
f 9634 9647 9646
f 9635 9636 9648
f 9635 9648 9647
f 9649 9650 9662
f 9649 9662 9661
f 9650 9651 9663
f 9650 9663 9662
f 9651 9652 9664
f 9651 9664 9663
f 9652 9653 9665
f 9652 9665 9664
f 9653 9654 9666
f 9653 9666 9665
f 9654 9655 9667
f 9654 9667 9666
f 9655 9656 9668
f 9655 9668 9667
f 9656 9657 9669
f 9656 9669 9668
f 9657 9658 9670
f 9657 9670 9669
f 9658 9659 9671
f 9658 9671 9670
f 9659 9660 9672
f 9659 9672 9671
f 9661 9662 9674
f 9661 9674 9673
f 9662 9663 9675
f 9662 9675 9674
f 9663 9664 9676
f 9663 9676 9675
f 9664 9665 9677
f 9664 9677 9676
f 9665 9666 9678
f 9665 9678 9677
f 9666 9667 9679
f 9666 9679 9678
f 9667 9668 9680
f 9667 9680 9679
f 9668 9669 9681
f 9668 9681 9680
f 9669 9670 9682
f 9669 9682 9681
f 9670 9671 9683
f 9670 9683 9682
f 9671 9672 9684
f 9671 9684 9683
f 9673 9674 9686
f 9673 9686 9685
f 9674 9675 9687
f 9674 9687 9686
f 9675 9676 9688
f 9675 9688 9687
f 9676 9677 9689
f 9676 9689 9688
f 9677 9678 9690
f 9677 9690 9689
f 9678 9679 9691
f 9678 9691 9690
f 9679 9680 9692
f 9679 9692 9691
f 9680 9681 9693
f 9680 9693 9692
f 9681 9682 9694
f 9681 9694 9693
f 9682 9683 9695
f 9682 9695 9694
f 9683 9684 9696
f 9683 9696 9695
f 9685 9686 9698
f 9685 9698 9697
f 9686 9687 9699
f 9686 9699 9698
f 9687 9688 9700
f 9687 9700 9699
f 9688 9689 9701
f 9688 9701 9700
f 9689 9690 9702
f 9689 9702 9701
f 9690 9691 9703
f 9690 9703 9702
f 9691 9692 9704
f 9691 9704 9703
f 9692 9693 9705
f 9692 9705 9704
f 9693 9694 9706
f 9693 9706 9705
f 9694 9695 9707
f 9694 9707 9706
f 9695 9696 9708
f 9695 9708 9707
f 9697 9698 9710
f 9697 9710 9709
f 9698 9699 9711
f 9698 9711 9710
f 9699 9700 9712
f 9699 9712 9711
f 9700 9701 9713
f 9700 9713 9712
f 9701 9702 9714
f 9701 9714 9713
f 9702 9703 9715
f 9702 9715 9714
f 9703 9704 9716
f 9703 9716 9715
f 9704 9705 9717
f 9704 9717 9716
f 9705 9706 9718
f 9705 9718 9717
f 9706 9707 9719
f 9706 9719 9718
f 9707 9708 9720
f 9707 9720 9719
f 9709 9710 9722
f 9709 9722 9721
f 9710 9711 9723
f 9710 9723 9722
f 9711 9712 9724
f 9711 9724 9723
f 9712 9713 9725
f 9712 9725 9724
f 9713 9714 9726
f 9713 9726 9725
f 9714 9715 9727
f 9714 9727 9726
f 9715 9716 9728
f 9715 9728 9727
f 9716 9717 9729
f 9716 9729 9728
f 9717 9718 9730
f 9717 9730 9729
f 9718 9719 9731
f 9718 9731 9730
f 9719 9720 9732
f 9719 9732 9731
f 9721 9722 9734
f 9721 9734 9733
f 9722 9723 9735
f 9722 9735 9734
f 9723 9724 9736
f 9723 9736 9735
f 9724 9725 9737
f 9724 9737 9736
f 9725 9726 9738
f 9725 9738 9737
f 9726 9727 9739
f 9726 9739 9738
f 9727 9728 9740
f 9727 9740 9739
f 9728 9729 9741
f 9728 9741 9740
f 9729 9730 9742
f 9729 9742 9741
f 9730 9731 9743
f 9730 9743 9742
f 9731 9732 9744
f 9731 9744 9743
f 9733 9734 9746
f 9733 9746 9745
f 9734 9735 9747
f 9734 9747 9746
f 9735 9736 9748
f 9735 9748 9747
f 9736 9737 9749
f 9736 9749 9748
f 9737 9738 9750
f 9737 9750 9749
f 9738 9739 9751
f 9738 9751 9750
f 9739 9740 9752
f 9739 9752 9751
f 9740 9741 9753
f 9740 9753 9752
f 9741 9742 9754
f 9741 9754 9753
f 9742 9743 9755
f 9742 9755 9754
f 9743 9744 9756
f 9743 9756 9755
f 9745 9746 9758
f 9745 9758 9757
f 9746 9747 9759
f 9746 9759 9758
f 9747 9748 9760
f 9747 9760 9759
f 9748 9749 9761
f 9748 9761 9760
f 9749 9750 9762
f 9749 9762 9761
f 9750 9751 9763
f 9750 9763 9762
f 9751 9752 9764
f 9751 9764 9763
f 9752 9753 9765
f 9752 9765 9764
f 9753 9754 9766
f 9753 9766 9765
f 9754 9755 9767
f 9754 9767 9766
f 9755 9756 9768
f 9755 9768 9767
f 9757 9758 9770
f 9757 9770 9769
f 9758 9759 9771
f 9758 9771 9770
f 9759 9760 9772
f 9759 9772 9771
f 9760 9761 9773
f 9760 9773 9772
f 9761 9762 9774
f 9761 9774 9773
f 9762 9763 9775
f 9762 9775 9774
f 9763 9764 9776
f 9763 9776 9775
f 9764 9765 9777
f 9764 9777 9776
f 9765 9766 9778
f 9765 9778 9777
f 9766 9767 9779
f 9766 9779 9778
f 9767 9768 9780
f 9767 9780 9779
f 9769 9770 9782
f 9769 9782 9781
f 9770 9771 9783
f 9770 9783 9782
f 9771 9772 9784
f 9771 9784 9783
f 9772 9773 9785
f 9772 9785 9784
f 9773 9774 9786
f 9773 9786 9785
f 9774 9775 9787
f 9774 9787 9786
f 9775 9776 9788
f 9775 9788 9787
f 9776 9777 9789
f 9776 9789 9788
f 9777 9778 9790
f 9777 9790 9789
f 9778 9779 9791
f 9778 9791 9790
f 9779 9780 9792
f 9779 9792 9791
f 9793 9794 9806
f 9793 9806 9805
f 9794 9795 9807
f 9794 9807 9806
f 9795 9796 9808
f 9795 9808 9807
f 9796 9797 9809
f 9796 9809 9808
f 9797 9798 9810
f 9797 9810 9809
f 9798 9799 9811
f 9798 9811 9810
f 9799 9800 9812
f 9799 9812 9811
f 9800 9801 9813
f 9800 9813 9812
f 9801 9802 9814
f 9801 9814 9813
f 9802 9803 9815
f 9802 9815 9814
f 9803 9804 9816
f 9803 9816 9815
f 9805 9806 9818
f 9805 9818 9817
f 9806 9807 9819
f 9806 9819 9818
f 9807 9808 9820
f 9807 9820 9819
f 9808 9809 9821
f 9808 9821 9820
f 9809 9810 9822
f 9809 9822 9821
f 9810 9811 9823
f 9810 9823 9822
f 9811 9812 9824
f 9811 9824 9823
f 9812 9813 9825
f 9812 9825 9824
f 9813 9814 9826
f 9813 9826 9825
f 9814 9815 9827
f 9814 9827 9826
f 9815 9816 9828
f 9815 9828 9827
f 9817 9818 9830
f 9817 9830 9829
f 9818 9819 9831
f 9818 9831 9830
f 9819 9820 9832
f 9819 9832 9831
f 9820 9821 9833
f 9820 9833 9832
f 9821 9822 9834
f 9821 9834 9833
f 9822 9823 9835
f 9822 9835 9834
f 9823 9824 9836
f 9823 9836 9835
f 9824 9825 9837
f 9824 9837 9836
f 9825 9826 9838
f 9825 9838 9837
f 9826 9827 9839
f 9826 9839 9838
f 9827 9828 9840
f 9827 9840 9839
f 9829 9830 9842
f 9829 9842 9841
f 9830 9831 9843
f 9830 9843 9842
f 9831 9832 9844
f 9831 9844 9843
f 9832 9833 9845
f 9832 9845 9844
f 9833 9834 9846
f 9833 9846 9845
f 9834 9835 9847
f 9834 9847 9846
f 9835 9836 9848
f 9835 9848 9847
f 9836 9837 9849
f 9836 9849 9848
f 9837 9838 9850
f 9837 9850 9849
f 9838 9839 9851
f 9838 9851 9850
f 9839 9840 9852
f 9839 9852 9851
f 9841 9842 9854
f 9841 9854 9853
f 9842 9843 9855
f 9842 9855 9854
f 9843 9844 9856
f 9843 9856 9855
f 9844 9845 9857
f 9844 9857 9856
f 9845 9846 9858
f 9845 9858 9857
f 9846 9847 9859
f 9846 9859 9858
f 9847 9848 9860
f 9847 9860 9859
f 9848 9849 9861
f 9848 9861 9860
f 9849 9850 9862
f 9849 9862 9861
f 9850 9851 9863
f 9850 9863 9862
f 9851 9852 9864
f 9851 9864 9863
f 9853 9854 9866
f 9853 9866 9865
f 9854 9855 9867
f 9854 9867 9866
f 9855 9856 9868
f 9855 9868 9867
f 9856 9857 9869
f 9856 9869 9868
f 9857 9858 9870
f 9857 9870 9869
f 9858 9859 9871
f 9858 9871 9870
f 9859 9860 9872
f 9859 9872 9871
f 9860 9861 9873
f 9860 9873 9872
f 9861 9862 9874
f 9861 9874 9873
f 9862 9863 9875
f 9862 9875 9874
f 9863 9864 9876
f 9863 9876 9875
f 9865 9866 9878
f 9865 9878 9877
f 9866 9867 9879
f 9866 9879 9878
f 9867 9868 9880
f 9867 9880 9879
f 9868 9869 9881
f 9868 9881 9880
f 9869 9870 9882
f 9869 9882 9881
f 9870 9871 9883
f 9870 9883 9882
f 9871 9872 9884
f 9871 9884 9883
f 9872 9873 9885
f 9872 9885 9884
f 9873 9874 9886
f 9873 9886 9885
f 9874 9875 9887
f 9874 9887 9886
f 9875 9876 9888
f 9875 9888 9887
f 9877 9878 9890
f 9877 9890 9889
f 9878 9879 9891
f 9878 9891 9890
f 9879 9880 9892
f 9879 9892 9891
f 9880 9881 9893
f 9880 9893 9892
f 9881 9882 9894
f 9881 9894 9893
f 9882 9883 9895
f 9882 9895 9894
f 9883 9884 9896
f 9883 9896 9895
f 9884 9885 9897
f 9884 9897 9896
f 9885 9886 9898
f 9885 9898 9897
f 9886 9887 9899
f 9886 9899 9898
f 9887 9888 9900
f 9887 9900 9899
f 9889 9890 9902
f 9889 9902 9901
f 9890 9891 9903
f 9890 9903 9902
f 9891 9892 9904
f 9891 9904 9903
f 9892 9893 9905
f 9892 9905 9904
f 9893 9894 9906
f 9893 9906 9905
f 9894 9895 9907
f 9894 9907 9906
f 9895 9896 9908
f 9895 9908 9907
f 9896 9897 9909
f 9896 9909 9908
f 9897 9898 9910
f 9897 9910 9909
f 9898 9899 9911
f 9898 9911 9910
f 9899 9900 9912
f 9899 9912 9911
f 9901 9902 9914
f 9901 9914 9913
f 9902 9903 9915
f 9902 9915 9914
f 9903 9904 9916
f 9903 9916 9915
f 9904 9905 9917
f 9904 9917 9916
f 9905 9906 9918
f 9905 9918 9917
f 9906 9907 9919
f 9906 9919 9918
f 9907 9908 9920
f 9907 9920 9919
f 9908 9909 9921
f 9908 9921 9920
f 9909 9910 9922
f 9909 9922 9921
f 9910 9911 9923
f 9910 9923 9922
f 9911 9912 9924
f 9911 9924 9923
f 9913 9914 9926
f 9913 9926 9925
f 9914 9915 9927
f 9914 9927 9926
f 9915 9916 9928
f 9915 9928 9927
f 9916 9917 9929
f 9916 9929 9928
f 9917 9918 9930
f 9917 9930 9929
f 9918 9919 9931
f 9918 9931 9930
f 9919 9920 9932
f 9919 9932 9931
f 9920 9921 9933
f 9920 9933 9932
f 9921 9922 9934
f 9921 9934 9933
f 9922 9923 9935
f 9922 9935 9934
f 9923 9924 9936
f 9923 9936 9935
f 9937 9938 9950
f 9937 9950 9949
f 9938 9939 9951
f 9938 9951 9950
f 9939 9940 9952
f 9939 9952 9951
f 9940 9941 9953
f 9940 9953 9952
f 9941 9942 9954
f 9941 9954 9953
f 9942 9943 9955
f 9942 9955 9954
f 9943 9944 9956
f 9943 9956 9955
f 9944 9945 9957
f 9944 9957 9956
f 9945 9946 9958
f 9945 9958 9957
f 9946 9947 9959
f 9946 9959 9958
f 9947 9948 9960
f 9947 9960 9959
f 9949 9950 9962
f 9949 9962 9961
f 9950 9951 9963
f 9950 9963 9962
f 9951 9952 9964
f 9951 9964 9963
f 9952 9953 9965
f 9952 9965 9964
f 9953 9954 9966
f 9953 9966 9965
f 9954 9955 9967
f 9954 9967 9966
f 9955 9956 9968
f 9955 9968 9967
f 9956 9957 9969
f 9956 9969 9968
f 9957 9958 9970
f 9957 9970 9969
f 9958 9959 9971
f 9958 9971 9970
f 9959 9960 9972
f 9959 9972 9971
f 9961 9962 9974
f 9961 9974 9973
f 9962 9963 9975
f 9962 9975 9974
f 9963 9964 9976
f 9963 9976 9975
f 9964 9965 9977
f 9964 9977 9976
f 9965 9966 9978
f 9965 9978 9977
f 9966 9967 9979
f 9966 9979 9978
f 9967 9968 9980
f 9967 9980 9979
f 9968 9969 9981
f 9968 9981 9980
f 9969 9970 9982
f 9969 9982 9981
f 9970 9971 9983
f 9970 9983 9982
f 9971 9972 9984
f 9971 9984 9983
f 9973 9974 9986
f 9973 9986 9985
f 9974 9975 9987
f 9974 9987 9986
f 9975 9976 9988
f 9975 9988 9987
f 9976 9977 9989
f 9976 9989 9988
f 9977 9978 9990
f 9977 9990 9989
f 9978 9979 9991
f 9978 9991 9990
f 9979 9980 9992
f 9979 9992 9991
f 9980 9981 9993
f 9980 9993 9992
f 9981 9982 9994
f 9981 9994 9993
f 9982 9983 9995
f 9982 9995 9994
f 9983 9984 9996
f 9983 9996 9995
f 9985 9986 9998
f 9985 9998 9997
f 9986 9987 9999
f 9986 9999 9998
f 9987 9988 10000
f 9987 10000 9999
f 9988 9989 10001
f 9988 10001 10000
f 9989 9990 10002
f 9989 10002 10001
f 9990 9991 10003
f 9990 10003 10002
f 9991 9992 10004
f 9991 10004 10003
f 9992 9993 10005
f 9992 10005 10004
f 9993 9994 10006
f 9993 10006 10005
f 9994 9995 10007
f 9994 10007 10006
f 9995 9996 10008
f 9995 10008 10007
f 9997 9998 10010
f 9997 10010 10009
f 9998 9999 10011
f 9998 10011 10010
f 9999 10000 10012
f 9999 10012 10011
f 10000 10001 10013
f 10000 10013 10012
f 10001 10002 10014
f 10001 10014 10013
f 10002 10003 10015
f 10002 10015 10014
f 10003 10004 10016
f 10003 10016 10015
f 10004 10005 10017
f 10004 10017 10016
f 10005 10006 10018
f 10005 10018 10017
f 10006 10007 10019
f 10006 10019 10018
f 10007 10008 10020
f 10007 10020 10019
f 10009 10010 10022
f 10009 10022 10021
f 10010 10011 10023
f 10010 10023 10022
f 10011 10012 10024
f 10011 10024 10023
f 10012 10013 10025
f 10012 10025 10024
f 10013 10014 10026
f 10013 10026 10025
f 10014 10015 10027
f 10014 10027 10026
f 10015 10016 10028
f 10015 10028 10027
f 10016 10017 10029
f 10016 10029 10028
f 10017 10018 10030
f 10017 10030 10029
f 10018 10019 10031
f 10018 10031 10030
f 10019 10020 10032
f 10019 10032 10031
f 10021 10022 10034
f 10021 10034 10033
f 10022 10023 10035
f 10022 10035 10034
f 10023 10024 10036
f 10023 10036 10035
f 10024 10025 10037
f 10024 10037 10036
f 10025 10026 10038
f 10025 10038 10037
f 10026 10027 10039
f 10026 10039 10038
f 10027 10028 10040
f 10027 10040 10039
f 10028 10029 10041
f 10028 10041 10040
f 10029 10030 10042
f 10029 10042 10041
f 10030 10031 10043
f 10030 10043 10042
f 10031 10032 10044
f 10031 10044 10043
f 10033 10034 10046
f 10033 10046 10045
f 10034 10035 10047
f 10034 10047 10046
f 10035 10036 10048
f 10035 10048 10047
f 10036 10037 10049
f 10036 10049 10048
f 10037 10038 10050
f 10037 10050 10049
f 10038 10039 10051
f 10038 10051 10050
f 10039 10040 10052
f 10039 10052 10051
f 10040 10041 10053
f 10040 10053 10052
f 10041 10042 10054
f 10041 10054 10053
f 10042 10043 10055
f 10042 10055 10054
f 10043 10044 10056
f 10043 10056 10055
f 10045 10046 10058
f 10045 10058 10057
f 10046 10047 10059
f 10046 10059 10058
f 10047 10048 10060
f 10047 10060 10059
f 10048 10049 10061
f 10048 10061 10060
f 10049 10050 10062
f 10049 10062 10061
f 10050 10051 10063
f 10050 10063 10062
f 10051 10052 10064
f 10051 10064 10063
f 10052 10053 10065
f 10052 10065 10064
f 10053 10054 10066
f 10053 10066 10065
f 10054 10055 10067
f 10054 10067 10066
f 10055 10056 10068
f 10055 10068 10067
f 10057 10058 10070
f 10057 10070 10069
f 10058 10059 10071
f 10058 10071 10070
f 10059 10060 10072
f 10059 10072 10071
f 10060 10061 10073
f 10060 10073 10072
f 10061 10062 10074
f 10061 10074 10073
f 10062 10063 10075
f 10062 10075 10074
f 10063 10064 10076
f 10063 10076 10075
f 10064 10065 10077
f 10064 10077 10076
f 10065 10066 10078
f 10065 10078 10077
f 10066 10067 10079
f 10066 10079 10078
f 10067 10068 10080
f 10067 10080 10079
f 10081 10082 10094
f 10081 10094 10093
f 10082 10083 10095
f 10082 10095 10094
f 10083 10084 10096
f 10083 10096 10095
f 10084 10085 10097
f 10084 10097 10096
f 10085 10086 10098
f 10085 10098 10097
f 10086 10087 10099
f 10086 10099 10098
f 10087 10088 10100
f 10087 10100 10099
f 10088 10089 10101
f 10088 10101 10100
f 10089 10090 10102
f 10089 10102 10101
f 10090 10091 10103
f 10090 10103 10102
f 10091 10092 10104
f 10091 10104 10103
f 10093 10094 10106
f 10093 10106 10105
f 10094 10095 10107
f 10094 10107 10106
f 10095 10096 10108
f 10095 10108 10107
f 10096 10097 10109
f 10096 10109 10108
f 10097 10098 10110
f 10097 10110 10109
f 10098 10099 10111
f 10098 10111 10110
f 10099 10100 10112
f 10099 10112 10111
f 10100 10101 10113
f 10100 10113 10112
f 10101 10102 10114
f 10101 10114 10113
f 10102 10103 10115
f 10102 10115 10114
f 10103 10104 10116
f 10103 10116 10115
f 10105 10106 10118
f 10105 10118 10117
f 10106 10107 10119
f 10106 10119 10118
f 10107 10108 10120
f 10107 10120 10119
f 10108 10109 10121
f 10108 10121 10120
f 10109 10110 10122
f 10109 10122 10121
f 10110 10111 10123
f 10110 10123 10122
f 10111 10112 10124
f 10111 10124 10123
f 10112 10113 10125
f 10112 10125 10124
f 10113 10114 10126
f 10113 10126 10125
f 10114 10115 10127
f 10114 10127 10126
f 10115 10116 10128
f 10115 10128 10127
f 10117 10118 10130
f 10117 10130 10129
f 10118 10119 10131
f 10118 10131 10130
f 10119 10120 10132
f 10119 10132 10131
f 10120 10121 10133
f 10120 10133 10132
f 10121 10122 10134
f 10121 10134 10133
f 10122 10123 10135
f 10122 10135 10134
f 10123 10124 10136
f 10123 10136 10135
f 10124 10125 10137
f 10124 10137 10136
f 10125 10126 10138
f 10125 10138 10137
f 10126 10127 10139
f 10126 10139 10138
f 10127 10128 10140
f 10127 10140 10139
f 10129 10130 10142
f 10129 10142 10141
f 10130 10131 10143
f 10130 10143 10142
f 10131 10132 10144
f 10131 10144 10143
f 10132 10133 10145
f 10132 10145 10144
f 10133 10134 10146
f 10133 10146 10145
f 10134 10135 10147
f 10134 10147 10146
f 10135 10136 10148
f 10135 10148 10147
f 10136 10137 10149
f 10136 10149 10148
f 10137 10138 10150
f 10137 10150 10149
f 10138 10139 10151
f 10138 10151 10150
f 10139 10140 10152
f 10139 10152 10151
f 10141 10142 10154
f 10141 10154 10153
f 10142 10143 10155
f 10142 10155 10154
f 10143 10144 10156
f 10143 10156 10155
f 10144 10145 10157
f 10144 10157 10156
f 10145 10146 10158
f 10145 10158 10157
f 10146 10147 10159
f 10146 10159 10158
f 10147 10148 10160
f 10147 10160 10159
f 10148 10149 10161
f 10148 10161 10160
f 10149 10150 10162
f 10149 10162 10161
f 10150 10151 10163
f 10150 10163 10162
f 10151 10152 10164
f 10151 10164 10163
f 10153 10154 10166
f 10153 10166 10165
f 10154 10155 10167
f 10154 10167 10166
f 10155 10156 10168
f 10155 10168 10167
f 10156 10157 10169
f 10156 10169 10168
f 10157 10158 10170
f 10157 10170 10169
f 10158 10159 10171
f 10158 10171 10170
f 10159 10160 10172
f 10159 10172 10171
f 10160 10161 10173
f 10160 10173 10172
f 10161 10162 10174
f 10161 10174 10173
f 10162 10163 10175
f 10162 10175 10174
f 10163 10164 10176
f 10163 10176 10175
f 10165 10166 10178
f 10165 10178 10177
f 10166 10167 10179
f 10166 10179 10178
f 10167 10168 10180
f 10167 10180 10179
f 10168 10169 10181
f 10168 10181 10180
f 10169 10170 10182
f 10169 10182 10181
f 10170 10171 10183
f 10170 10183 10182
f 10171 10172 10184
f 10171 10184 10183
f 10172 10173 10185
f 10172 10185 10184
f 10173 10174 10186
f 10173 10186 10185
f 10174 10175 10187
f 10174 10187 10186
f 10175 10176 10188
f 10175 10188 10187
f 10177 10178 10190
f 10177 10190 10189
f 10178 10179 10191
f 10178 10191 10190
f 10179 10180 10192
f 10179 10192 10191
f 10180 10181 10193
f 10180 10193 10192
f 10181 10182 10194
f 10181 10194 10193
f 10182 10183 10195
f 10182 10195 10194
f 10183 10184 10196
f 10183 10196 10195
f 10184 10185 10197
f 10184 10197 10196
f 10185 10186 10198
f 10185 10198 10197
f 10186 10187 10199
f 10186 10199 10198
f 10187 10188 10200
f 10187 10200 10199
f 10189 10190 10202
f 10189 10202 10201
f 10190 10191 10203
f 10190 10203 10202
f 10191 10192 10204
f 10191 10204 10203
f 10192 10193 10205
f 10192 10205 10204
f 10193 10194 10206
f 10193 10206 10205
f 10194 10195 10207
f 10194 10207 10206
f 10195 10196 10208
f 10195 10208 10207
f 10196 10197 10209
f 10196 10209 10208
f 10197 10198 10210
f 10197 10210 10209
f 10198 10199 10211
f 10198 10211 10210
f 10199 10200 10212
f 10199 10212 10211
f 10201 10202 10214
f 10201 10214 10213
f 10202 10203 10215
f 10202 10215 10214
f 10203 10204 10216
f 10203 10216 10215
f 10204 10205 10217
f 10204 10217 10216
f 10205 10206 10218
f 10205 10218 10217
f 10206 10207 10219
f 10206 10219 10218
f 10207 10208 10220
f 10207 10220 10219
f 10208 10209 10221
f 10208 10221 10220
f 10209 10210 10222
f 10209 10222 10221
f 10210 10211 10223
f 10210 10223 10222
f 10211 10212 10224
f 10211 10224 10223
f 10225 10226 10238
f 10225 10238 10237
f 10226 10227 10239
f 10226 10239 10238
f 10227 10228 10240
f 10227 10240 10239
f 10228 10229 10241
f 10228 10241 10240
f 10229 10230 10242
f 10229 10242 10241
f 10230 10231 10243
f 10230 10243 10242
f 10231 10232 10244
f 10231 10244 10243
f 10232 10233 10245
f 10232 10245 10244
f 10233 10234 10246
f 10233 10246 10245
f 10234 10235 10247
f 10234 10247 10246
f 10235 10236 10248
f 10235 10248 10247
f 10237 10238 10250
f 10237 10250 10249
f 10238 10239 10251
f 10238 10251 10250
f 10239 10240 10252
f 10239 10252 10251
f 10240 10241 10253
f 10240 10253 10252
f 10241 10242 10254
f 10241 10254 10253
f 10242 10243 10255
f 10242 10255 10254
f 10243 10244 10256
f 10243 10256 10255
f 10244 10245 10257
f 10244 10257 10256
f 10245 10246 10258
f 10245 10258 10257
f 10246 10247 10259
f 10246 10259 10258
f 10247 10248 10260
f 10247 10260 10259
f 10249 10250 10262
f 10249 10262 10261
f 10250 10251 10263
f 10250 10263 10262
f 10251 10252 10264
f 10251 10264 10263
f 10252 10253 10265
f 10252 10265 10264
f 10253 10254 10266
f 10253 10266 10265
f 10254 10255 10267
f 10254 10267 10266
f 10255 10256 10268
f 10255 10268 10267
f 10256 10257 10269
f 10256 10269 10268
f 10257 10258 10270
f 10257 10270 10269
f 10258 10259 10271
f 10258 10271 10270
f 10259 10260 10272
f 10259 10272 10271
f 10261 10262 10274
f 10261 10274 10273
f 10262 10263 10275
f 10262 10275 10274
f 10263 10264 10276
f 10263 10276 10275
f 10264 10265 10277
f 10264 10277 10276
f 10265 10266 10278
f 10265 10278 10277
f 10266 10267 10279
f 10266 10279 10278
f 10267 10268 10280
f 10267 10280 10279
f 10268 10269 10281
f 10268 10281 10280
f 10269 10270 10282
f 10269 10282 10281
f 10270 10271 10283
f 10270 10283 10282
f 10271 10272 10284
f 10271 10284 10283
f 10273 10274 10286
f 10273 10286 10285
f 10274 10275 10287
f 10274 10287 10286
f 10275 10276 10288
f 10275 10288 10287
f 10276 10277 10289
f 10276 10289 10288
f 10277 10278 10290
f 10277 10290 10289
f 10278 10279 10291
f 10278 10291 10290
f 10279 10280 10292
f 10279 10292 10291
f 10280 10281 10293
f 10280 10293 10292
f 10281 10282 10294
f 10281 10294 10293
f 10282 10283 10295
f 10282 10295 10294
f 10283 10284 10296
f 10283 10296 10295
f 10285 10286 10298
f 10285 10298 10297
f 10286 10287 10299
f 10286 10299 10298
f 10287 10288 10300
f 10287 10300 10299
f 10288 10289 10301
f 10288 10301 10300
f 10289 10290 10302
f 10289 10302 10301
f 10290 10291 10303
f 10290 10303 10302
f 10291 10292 10304
f 10291 10304 10303
f 10292 10293 10305
f 10292 10305 10304
f 10293 10294 10306
f 10293 10306 10305
f 10294 10295 10307
f 10294 10307 10306
f 10295 10296 10308
f 10295 10308 10307
f 10297 10298 10310
f 10297 10310 10309
f 10298 10299 10311
f 10298 10311 10310
f 10299 10300 10312
f 10299 10312 10311
f 10300 10301 10313
f 10300 10313 10312
f 10301 10302 10314
f 10301 10314 10313
f 10302 10303 10315
f 10302 10315 10314
f 10303 10304 10316
f 10303 10316 10315
f 10304 10305 10317
f 10304 10317 10316
f 10305 10306 10318
f 10305 10318 10317
f 10306 10307 10319
f 10306 10319 10318
f 10307 10308 10320
f 10307 10320 10319
f 10309 10310 10322
f 10309 10322 10321
f 10310 10311 10323
f 10310 10323 10322
f 10311 10312 10324
f 10311 10324 10323
f 10312 10313 10325
f 10312 10325 10324
f 10313 10314 10326
f 10313 10326 10325
f 10314 10315 10327
f 10314 10327 10326
f 10315 10316 10328
f 10315 10328 10327
f 10316 10317 10329
f 10316 10329 10328
f 10317 10318 10330
f 10317 10330 10329
f 10318 10319 10331
f 10318 10331 10330
f 10319 10320 10332
f 10319 10332 10331
f 10321 10322 10334
f 10321 10334 10333
f 10322 10323 10335
f 10322 10335 10334
f 10323 10324 10336
f 10323 10336 10335
f 10324 10325 10337
f 10324 10337 10336
f 10325 10326 10338
f 10325 10338 10337
f 10326 10327 10339
f 10326 10339 10338
f 10327 10328 10340
f 10327 10340 10339
f 10328 10329 10341
f 10328 10341 10340
f 10329 10330 10342
f 10329 10342 10341
f 10330 10331 10343
f 10330 10343 10342
f 10331 10332 10344
f 10331 10344 10343
f 10333 10334 10346
f 10333 10346 10345
f 10334 10335 10347
f 10334 10347 10346
f 10335 10336 10348
f 10335 10348 10347
f 10336 10337 10349
f 10336 10349 10348
f 10337 10338 10350
f 10337 10350 10349
f 10338 10339 10351
f 10338 10351 10350
f 10339 10340 10352
f 10339 10352 10351
f 10340 10341 10353
f 10340 10353 10352
f 10341 10342 10354
f 10341 10354 10353
f 10342 10343 10355
f 10342 10355 10354
f 10343 10344 10356
f 10343 10356 10355
f 10345 10346 10358
f 10345 10358 10357
f 10346 10347 10359
f 10346 10359 10358
f 10347 10348 10360
f 10347 10360 10359
f 10348 10349 10361
f 10348 10361 10360
f 10349 10350 10362
f 10349 10362 10361
f 10350 10351 10363
f 10350 10363 10362
f 10351 10352 10364
f 10351 10364 10363
f 10352 10353 10365
f 10352 10365 10364
f 10353 10354 10366
f 10353 10366 10365
f 10354 10355 10367
f 10354 10367 10366
f 10355 10356 10368
f 10355 10368 10367
g 측벽_1
v 5.8500 0.0000 6.1500
v 5.8500 0.3273 6.1500
v 5.8500 0.6545 6.1500
v 5.8500 0.9818 6.1500
v 5.8500 1.3091 6.1500
v 5.8500 1.6364 6.1500
v 5.8500 1.9636 6.1500
v 5.8500 2.2909 6.1500
v 5.8500 2.6182 6.1500
v 5.8500 2.9455 6.1500
v 5.8500 3.2727 6.1500
v 5.8500 3.6000 6.1500
v 5.8773 0.0000 6.1500
v 5.8773 0.3273 6.1500
v 5.8773 0.6545 6.1500
v 5.8773 0.9818 6.1500
v 5.8773 1.3091 6.1500
v 5.8773 1.6364 6.1500
v 5.8773 1.9636 6.1500
v 5.8773 2.2909 6.1500
v 5.8773 2.6182 6.1500
v 5.8773 2.9455 6.1500
v 5.8773 3.2727 6.1500
v 5.8773 3.6000 6.1500
v 5.9045 0.0000 6.1500
v 5.9045 0.3273 6.1500
v 5.9045 0.6545 6.1500
v 5.9045 0.9818 6.1500
v 5.9045 1.3091 6.1500
v 5.9045 1.6364 6.1500
v 5.9045 1.9636 6.1500
v 5.9045 2.2909 6.1500
v 5.9045 2.6182 6.1500
v 5.9045 2.9455 6.1500
v 5.9045 3.2727 6.1500
v 5.9045 3.6000 6.1500
v 5.9318 0.0000 6.1500
v 5.9318 0.3273 6.1500
v 5.9318 0.6545 6.1500
v 5.9318 0.9818 6.1500
v 5.9318 1.3091 6.1500
v 5.9318 1.6364 6.1500
v 5.9318 1.9636 6.1500
v 5.9318 2.2909 6.1500
v 5.9318 2.6182 6.1500
v 5.9318 2.9455 6.1500
v 5.9318 3.2727 6.1500
v 5.9318 3.6000 6.1500
v 5.9591 0.0000 6.1500
v 5.9591 0.3273 6.1500
v 5.9591 0.6545 6.1500
v 5.9591 0.9818 6.1500
v 5.9591 1.3091 6.1500
v 5.9591 1.6364 6.1500
v 5.9591 1.9636 6.1500
v 5.9591 2.2909 6.1500
v 5.9591 2.6182 6.1500
v 5.9591 2.9455 6.1500
v 5.9591 3.2727 6.1500
v 5.9591 3.6000 6.1500
v 5.9864 0.0000 6.1500
v 5.9864 0.3273 6.1500
v 5.9864 0.6545 6.1500
v 5.9864 0.9818 6.1500
v 5.9864 1.3091 6.1500
v 5.9864 1.6364 6.1500
v 5.9864 1.9636 6.1500
v 5.9864 2.2909 6.1500
v 5.9864 2.6182 6.1500
v 5.9864 2.9455 6.1500
v 5.9864 3.2727 6.1500
v 5.9864 3.6000 6.1500
v 6.0136 0.0000 6.1500
v 6.0136 0.3273 6.1500
v 6.0136 0.6545 6.1500
v 6.0136 0.9818 6.1500
v 6.0136 1.3091 6.1500
v 6.0136 1.6364 6.1500
v 6.0136 1.9636 6.1500
v 6.0136 2.2909 6.1500
v 6.0136 2.6182 6.1500
v 6.0136 2.9455 6.1500
v 6.0136 3.2727 6.1500
v 6.0136 3.6000 6.1500
v 6.0409 0.0000 6.1500
v 6.0409 0.3273 6.1500
v 6.0409 0.6545 6.1500
v 6.0409 0.9818 6.1500
v 6.0409 1.3091 6.1500
v 6.0409 1.6364 6.1500
v 6.0409 1.9636 6.1500
v 6.0409 2.2909 6.1500
v 6.0409 2.6182 6.1500
v 6.0409 2.9455 6.1500
v 6.0409 3.2727 6.1500
v 6.0409 3.6000 6.1500
v 6.0682 0.0000 6.1500
v 6.0682 0.3273 6.1500
v 6.0682 0.6545 6.1500
v 6.0682 0.9818 6.1500
v 6.0682 1.3091 6.1500
v 6.0682 1.6364 6.1500
v 6.0682 1.9636 6.1500
v 6.0682 2.2909 6.1500
v 6.0682 2.6182 6.1500
v 6.0682 2.9455 6.1500
v 6.0682 3.2727 6.1500
v 6.0682 3.6000 6.1500
v 6.0955 0.0000 6.1500
v 6.0955 0.3273 6.1500
v 6.0955 0.6545 6.1500
v 6.0955 0.9818 6.1500
v 6.0955 1.3091 6.1500
v 6.0955 1.6364 6.1500
v 6.0955 1.9636 6.1500
v 6.0955 2.2909 6.1500
v 6.0955 2.6182 6.1500
v 6.0955 2.9455 6.1500
v 6.0955 3.2727 6.1500
v 6.0955 3.6000 6.1500
v 6.1227 0.0000 6.1500
v 6.1227 0.3273 6.1500
v 6.1227 0.6545 6.1500
v 6.1227 0.9818 6.1500
v 6.1227 1.3091 6.1500
v 6.1227 1.6364 6.1500
v 6.1227 1.9636 6.1500
v 6.1227 2.2909 6.1500
v 6.1227 2.6182 6.1500
v 6.1227 2.9455 6.1500
v 6.1227 3.2727 6.1500
v 6.1227 3.6000 6.1500
v 6.1500 0.0000 6.1500
v 6.1500 0.3273 6.1500
v 6.1500 0.6545 6.1500
v 6.1500 0.9818 6.1500
v 6.1500 1.3091 6.1500
v 6.1500 1.6364 6.1500
v 6.1500 1.9636 6.1500
v 6.1500 2.2909 6.1500
v 6.1500 2.6182 6.1500
v 6.1500 2.9455 6.1500
v 6.1500 3.2727 6.1500
v 6.1500 3.6000 6.1500
v 6.1500 0.0000 -6.1500
v 6.1500 0.3273 -6.1500
v 6.1500 0.6545 -6.1500
v 6.1500 0.9818 -6.1500
v 6.1500 1.3091 -6.1500
v 6.1500 1.6364 -6.1500
v 6.1500 1.9636 -6.1500
v 6.1500 2.2909 -6.1500
v 6.1500 2.6182 -6.1500
v 6.1500 2.9455 -6.1500
v 6.1500 3.2727 -6.1500
v 6.1500 3.6000 -6.1500
v 6.1227 0.0000 -6.1500
v 6.1227 0.3273 -6.1500
v 6.1227 0.6545 -6.1500
v 6.1227 0.9818 -6.1500
v 6.1227 1.3091 -6.1500
v 6.1227 1.6364 -6.1500
v 6.1227 1.9636 -6.1500
v 6.1227 2.2909 -6.1500
v 6.1227 2.6182 -6.1500
v 6.1227 2.9455 -6.1500
v 6.1227 3.2727 -6.1500
v 6.1227 3.6000 -6.1500
v 6.0955 0.0000 -6.1500
v 6.0955 0.3273 -6.1500
v 6.0955 0.6545 -6.1500
v 6.0955 0.9818 -6.1500
v 6.0955 1.3091 -6.1500
v 6.0955 1.6364 -6.1500
v 6.0955 1.9636 -6.1500
v 6.0955 2.2909 -6.1500
v 6.0955 2.6182 -6.1500
v 6.0955 2.9455 -6.1500
v 6.0955 3.2727 -6.1500
v 6.0955 3.6000 -6.1500
v 6.0682 0.0000 -6.1500
v 6.0682 0.3273 -6.1500
v 6.0682 0.6545 -6.1500
v 6.0682 0.9818 -6.1500
v 6.0682 1.3091 -6.1500
v 6.0682 1.6364 -6.1500
v 6.0682 1.9636 -6.1500
v 6.0682 2.2909 -6.1500
v 6.0682 2.6182 -6.1500
v 6.0682 2.9455 -6.1500
v 6.0682 3.2727 -6.1500
v 6.0682 3.6000 -6.1500
v 6.0409 0.0000 -6.1500
v 6.0409 0.3273 -6.1500
v 6.0409 0.6545 -6.1500
v 6.0409 0.9818 -6.1500
v 6.0409 1.3091 -6.1500
v 6.0409 1.6364 -6.1500
v 6.0409 1.9636 -6.1500
v 6.0409 2.2909 -6.1500
v 6.0409 2.6182 -6.1500
v 6.0409 2.9455 -6.1500
v 6.0409 3.2727 -6.1500
v 6.0409 3.6000 -6.1500
v 6.0136 0.0000 -6.1500
v 6.0136 0.3273 -6.1500
v 6.0136 0.6545 -6.1500
v 6.0136 0.9818 -6.1500
v 6.0136 1.3091 -6.1500
v 6.0136 1.6364 -6.1500
v 6.0136 1.9636 -6.1500
v 6.0136 2.2909 -6.1500
v 6.0136 2.6182 -6.1500
v 6.0136 2.9455 -6.1500
v 6.0136 3.2727 -6.1500
v 6.0136 3.6000 -6.1500
v 5.9864 0.0000 -6.1500
v 5.9864 0.3273 -6.1500
v 5.9864 0.6545 -6.1500
v 5.9864 0.9818 -6.1500
v 5.9864 1.3091 -6.1500
v 5.9864 1.6364 -6.1500
v 5.9864 1.9636 -6.1500
v 5.9864 2.2909 -6.1500
v 5.9864 2.6182 -6.1500
v 5.9864 2.9455 -6.1500
v 5.9864 3.2727 -6.1500
v 5.9864 3.6000 -6.1500
v 5.9591 0.0000 -6.1500
v 5.9591 0.3273 -6.1500
v 5.9591 0.6545 -6.1500
v 5.9591 0.9818 -6.1500
v 5.9591 1.3091 -6.1500
v 5.9591 1.6364 -6.1500
v 5.9591 1.9636 -6.1500
v 5.9591 2.2909 -6.1500
v 5.9591 2.6182 -6.1500
v 5.9591 2.9455 -6.1500
v 5.9591 3.2727 -6.1500
v 5.9591 3.6000 -6.1500
v 5.9318 0.0000 -6.1500
v 5.9318 0.3273 -6.1500
v 5.9318 0.6545 -6.1500
v 5.9318 0.9818 -6.1500
v 5.9318 1.3091 -6.1500
v 5.9318 1.6364 -6.1500
v 5.9318 1.9636 -6.1500
v 5.9318 2.2909 -6.1500
v 5.9318 2.6182 -6.1500
v 5.9318 2.9455 -6.1500
v 5.9318 3.2727 -6.1500
v 5.9318 3.6000 -6.1500
v 5.9045 0.0000 -6.1500
v 5.9045 0.3273 -6.1500
v 5.9045 0.6545 -6.1500
v 5.9045 0.9818 -6.1500
v 5.9045 1.3091 -6.1500
v 5.9045 1.6364 -6.1500
v 5.9045 1.9636 -6.1500
v 5.9045 2.2909 -6.1500
v 5.9045 2.6182 -6.1500
v 5.9045 2.9455 -6.1500
v 5.9045 3.2727 -6.1500
v 5.9045 3.6000 -6.1500
v 5.8773 0.0000 -6.1500
v 5.8773 0.3273 -6.1500
v 5.8773 0.6545 -6.1500
v 5.8773 0.9818 -6.1500
v 5.8773 1.3091 -6.1500
v 5.8773 1.6364 -6.1500
v 5.8773 1.9636 -6.1500
v 5.8773 2.2909 -6.1500
v 5.8773 2.6182 -6.1500
v 5.8773 2.9455 -6.1500
v 5.8773 3.2727 -6.1500
v 5.8773 3.6000 -6.1500
v 5.8500 0.0000 -6.1500
v 5.8500 0.3273 -6.1500
v 5.8500 0.6545 -6.1500
v 5.8500 0.9818 -6.1500
v 5.8500 1.3091 -6.1500
v 5.8500 1.6364 -6.1500
v 5.8500 1.9636 -6.1500
v 5.8500 2.2909 -6.1500
v 5.8500 2.6182 -6.1500
v 5.8500 2.9455 -6.1500
v 5.8500 3.2727 -6.1500
v 5.8500 3.6000 -6.1500
v 5.8500 0.0000 -6.1500
v 5.8500 0.3273 -6.1500
v 5.8500 0.6545 -6.1500
v 5.8500 0.9818 -6.1500
v 5.8500 1.3091 -6.1500
v 5.8500 1.6364 -6.1500
v 5.8500 1.9636 -6.1500
v 5.8500 2.2909 -6.1500
v 5.8500 2.6182 -6.1500
v 5.8500 2.9455 -6.1500
v 5.8500 3.2727 -6.1500
v 5.8500 3.6000 -6.1500
v 5.8500 0.0000 -5.0318
v 5.8500 0.3273 -5.0318
v 5.8500 0.6545 -5.0318
v 5.8500 0.9818 -5.0318
v 5.8500 1.3091 -5.0318
v 5.8500 1.6364 -5.0318
v 5.8500 1.9636 -5.0318
v 5.8500 2.2909 -5.0318
v 5.8500 2.6182 -5.0318
v 5.8500 2.9455 -5.0318
v 5.8500 3.2727 -5.0318
v 5.8500 3.6000 -5.0318
v 5.8500 0.0000 -3.9136
v 5.8500 0.3273 -3.9136
v 5.8500 0.6545 -3.9136
v 5.8500 0.9818 -3.9136
v 5.8500 1.3091 -3.9136
v 5.8500 1.6364 -3.9136
v 5.8500 1.9636 -3.9136
v 5.8500 2.2909 -3.9136
v 5.8500 2.6182 -3.9136
v 5.8500 2.9455 -3.9136
v 5.8500 3.2727 -3.9136
v 5.8500 3.6000 -3.9136
v 5.8500 0.0000 -2.7955
v 5.8500 0.3273 -2.7955
v 5.8500 0.6545 -2.7955
v 5.8500 0.9818 -2.7955
v 5.8500 1.3091 -2.7955
v 5.8500 1.6364 -2.7955
v 5.8500 1.9636 -2.7955
v 5.8500 2.2909 -2.7955
v 5.8500 2.6182 -2.7955
v 5.8500 2.9455 -2.7955
v 5.8500 3.2727 -2.7955
v 5.8500 3.6000 -2.7955
v 5.8500 0.0000 -1.6773
v 5.8500 0.3273 -1.6773
v 5.8500 0.6545 -1.6773
v 5.8500 0.9818 -1.6773
v 5.8500 1.3091 -1.6773
v 5.8500 1.6364 -1.6773
v 5.8500 1.9636 -1.6773
v 5.8500 2.2909 -1.6773
v 5.8500 2.6182 -1.6773
v 5.8500 2.9455 -1.6773
v 5.8500 3.2727 -1.6773
v 5.8500 3.6000 -1.6773
v 5.8500 0.0000 -0.5591
v 5.8500 0.3273 -0.5591
v 5.8500 0.6545 -0.5591
v 5.8500 0.9818 -0.5591
v 5.8500 1.3091 -0.5591
v 5.8500 1.6364 -0.5591
v 5.8500 1.9636 -0.5591
v 5.8500 2.2909 -0.5591
v 5.8500 2.6182 -0.5591
v 5.8500 2.9455 -0.5591
v 5.8500 3.2727 -0.5591
v 5.8500 3.6000 -0.5591
v 5.8500 0.0000 0.5591
v 5.8500 0.3273 0.5591
v 5.8500 0.6545 0.5591
v 5.8500 0.9818 0.5591
v 5.8500 1.3091 0.5591
v 5.8500 1.6364 0.5591
v 5.8500 1.9636 0.5591
v 5.8500 2.2909 0.5591
v 5.8500 2.6182 0.5591
v 5.8500 2.9455 0.5591
v 5.8500 3.2727 0.5591
v 5.8500 3.6000 0.5591
v 5.8500 0.0000 1.6773
v 5.8500 0.3273 1.6773
v 5.8500 0.6545 1.6773
v 5.8500 0.9818 1.6773
v 5.8500 1.3091 1.6773
v 5.8500 1.6364 1.6773
v 5.8500 1.9636 1.6773
v 5.8500 2.2909 1.6773
v 5.8500 2.6182 1.6773
v 5.8500 2.9455 1.6773
v 5.8500 3.2727 1.6773
v 5.8500 3.6000 1.6773
v 5.8500 0.0000 2.7955
v 5.8500 0.3273 2.7955
v 5.8500 0.6545 2.7955
v 5.8500 0.9818 2.7955
v 5.8500 1.3091 2.7955
v 5.8500 1.6364 2.7955
v 5.8500 1.9636 2.7955
v 5.8500 2.2909 2.7955
v 5.8500 2.6182 2.7955
v 5.8500 2.9455 2.7955
v 5.8500 3.2727 2.7955
v 5.8500 3.6000 2.7955
v 5.8500 0.0000 3.9136
v 5.8500 0.3273 3.9136
v 5.8500 0.6545 3.9136
v 5.8500 0.9818 3.9136
v 5.8500 1.3091 3.9136
v 5.8500 1.6364 3.9136
v 5.8500 1.9636 3.9136
v 5.8500 2.2909 3.9136
v 5.8500 2.6182 3.9136
v 5.8500 2.9455 3.9136
v 5.8500 3.2727 3.9136
v 5.8500 3.6000 3.9136
v 5.8500 0.0000 5.0318
v 5.8500 0.3273 5.0318
v 5.8500 0.6545 5.0318
v 5.8500 0.9818 5.0318
v 5.8500 1.3091 5.0318
v 5.8500 1.6364 5.0318
v 5.8500 1.9636 5.0318
v 5.8500 2.2909 5.0318
v 5.8500 2.6182 5.0318
v 5.8500 2.9455 5.0318
v 5.8500 3.2727 5.0318
v 5.8500 3.6000 5.0318
v 5.8500 0.0000 6.1500
v 5.8500 0.3273 6.1500
v 5.8500 0.6545 6.1500
v 5.8500 0.9818 6.1500
v 5.8500 1.3091 6.1500
v 5.8500 1.6364 6.1500
v 5.8500 1.9636 6.1500
v 5.8500 2.2909 6.1500
v 5.8500 2.6182 6.1500
v 5.8500 2.9455 6.1500
v 5.8500 3.2727 6.1500
v 5.8500 3.6000 6.1500
v 6.1500 0.0000 6.1500
v 6.1500 0.3273 6.1500
v 6.1500 0.6545 6.1500
v 6.1500 0.9818 6.1500
v 6.1500 1.3091 6.1500
v 6.1500 1.6364 6.1500
v 6.1500 1.9636 6.1500
v 6.1500 2.2909 6.1500
v 6.1500 2.6182 6.1500
v 6.1500 2.9455 6.1500
v 6.1500 3.2727 6.1500
v 6.1500 3.6000 6.1500
v 6.1500 0.0000 5.0318
v 6.1500 0.3273 5.0318
v 6.1500 0.6545 5.0318
v 6.1500 0.9818 5.0318
v 6.1500 1.3091 5.0318
v 6.1500 1.6364 5.0318
v 6.1500 1.9636 5.0318
v 6.1500 2.2909 5.0318
v 6.1500 2.6182 5.0318
v 6.1500 2.9455 5.0318
v 6.1500 3.2727 5.0318
v 6.1500 3.6000 5.0318
v 6.1500 0.0000 3.9136
v 6.1500 0.3273 3.9136
v 6.1500 0.6545 3.9136
v 6.1500 0.9818 3.9136
v 6.1500 1.3091 3.9136
v 6.1500 1.6364 3.9136
v 6.1500 1.9636 3.9136
v 6.1500 2.2909 3.9136
v 6.1500 2.6182 3.9136
v 6.1500 2.9455 3.9136
v 6.1500 3.2727 3.9136
v 6.1500 3.6000 3.9136
v 6.1500 0.0000 2.7955
v 6.1500 0.3273 2.7955
v 6.1500 0.6545 2.7955
v 6.1500 0.9818 2.7955
v 6.1500 1.3091 2.7955
v 6.1500 1.6364 2.7955
v 6.1500 1.9636 2.7955
v 6.1500 2.2909 2.7955
v 6.1500 2.6182 2.7955
v 6.1500 2.9455 2.7955
v 6.1500 3.2727 2.7955
v 6.1500 3.6000 2.7955
v 6.1500 0.0000 1.6773
v 6.1500 0.3273 1.6773
v 6.1500 0.6545 1.6773
v 6.1500 0.9818 1.6773
v 6.1500 1.3091 1.6773
v 6.1500 1.6364 1.6773
v 6.1500 1.9636 1.6773
v 6.1500 2.2909 1.6773
v 6.1500 2.6182 1.6773
v 6.1500 2.9455 1.6773
v 6.1500 3.2727 1.6773
v 6.1500 3.6000 1.6773
v 6.1500 0.0000 0.5591
v 6.1500 0.3273 0.5591
v 6.1500 0.6545 0.5591
v 6.1500 0.9818 0.5591
v 6.1500 1.3091 0.5591
v 6.1500 1.6364 0.5591
v 6.1500 1.9636 0.5591
v 6.1500 2.2909 0.5591
v 6.1500 2.6182 0.5591
v 6.1500 2.9455 0.5591
v 6.1500 3.2727 0.5591
v 6.1500 3.6000 0.5591
v 6.1500 0.0000 -0.5591
v 6.1500 0.3273 -0.5591
v 6.1500 0.6545 -0.5591
v 6.1500 0.9818 -0.5591
v 6.1500 1.3091 -0.5591
v 6.1500 1.6364 -0.5591
v 6.1500 1.9636 -0.5591
v 6.1500 2.2909 -0.5591
v 6.1500 2.6182 -0.5591
v 6.1500 2.9455 -0.5591
v 6.1500 3.2727 -0.5591
v 6.1500 3.6000 -0.5591
v 6.1500 0.0000 -1.6773
v 6.1500 0.3273 -1.6773
v 6.1500 0.6545 -1.6773
v 6.1500 0.9818 -1.6773
v 6.1500 1.3091 -1.6773
v 6.1500 1.6364 -1.6773
v 6.1500 1.9636 -1.6773
v 6.1500 2.2909 -1.6773
v 6.1500 2.6182 -1.6773
v 6.1500 2.9455 -1.6773
v 6.1500 3.2727 -1.6773
v 6.1500 3.6000 -1.6773
v 6.1500 0.0000 -2.7955
v 6.1500 0.3273 -2.7955
v 6.1500 0.6545 -2.7955
v 6.1500 0.9818 -2.7955
v 6.1500 1.3091 -2.7955
v 6.1500 1.6364 -2.7955
v 6.1500 1.9636 -2.7955
v 6.1500 2.2909 -2.7955
v 6.1500 2.6182 -2.7955
v 6.1500 2.9455 -2.7955
v 6.1500 3.2727 -2.7955
v 6.1500 3.6000 -2.7955
v 6.1500 0.0000 -3.9136
v 6.1500 0.3273 -3.9136
v 6.1500 0.6545 -3.9136
v 6.1500 0.9818 -3.9136
v 6.1500 1.3091 -3.9136
v 6.1500 1.6364 -3.9136
v 6.1500 1.9636 -3.9136
v 6.1500 2.2909 -3.9136
v 6.1500 2.6182 -3.9136
v 6.1500 2.9455 -3.9136
v 6.1500 3.2727 -3.9136
v 6.1500 3.6000 -3.9136
v 6.1500 0.0000 -5.0318
v 6.1500 0.3273 -5.0318
v 6.1500 0.6545 -5.0318
v 6.1500 0.9818 -5.0318
v 6.1500 1.3091 -5.0318
v 6.1500 1.6364 -5.0318
v 6.1500 1.9636 -5.0318
v 6.1500 2.2909 -5.0318
v 6.1500 2.6182 -5.0318
v 6.1500 2.9455 -5.0318
v 6.1500 3.2727 -5.0318
v 6.1500 3.6000 -5.0318
v 6.1500 0.0000 -6.1500
v 6.1500 0.3273 -6.1500
v 6.1500 0.6545 -6.1500
v 6.1500 0.9818 -6.1500
v 6.1500 1.3091 -6.1500
v 6.1500 1.6364 -6.1500
v 6.1500 1.9636 -6.1500
v 6.1500 2.2909 -6.1500
v 6.1500 2.6182 -6.1500
v 6.1500 2.9455 -6.1500
v 6.1500 3.2727 -6.1500
v 6.1500 3.6000 -6.1500
v 5.8500 3.6000 -6.1500
v 5.8500 3.6000 -5.0318
v 5.8500 3.6000 -3.9136
v 5.8500 3.6000 -2.7955
v 5.8500 3.6000 -1.6773
v 5.8500 3.6000 -0.5591
v 5.8500 3.6000 0.5591
v 5.8500 3.6000 1.6773
v 5.8500 3.6000 2.7955
v 5.8500 3.6000 3.9136
v 5.8500 3.6000 5.0318
v 5.8500 3.6000 6.1500
v 5.8773 3.6000 -6.1500
v 5.8773 3.6000 -5.0318
v 5.8773 3.6000 -3.9136
v 5.8773 3.6000 -2.7955
v 5.8773 3.6000 -1.6773
v 5.8773 3.6000 -0.5591
v 5.8773 3.6000 0.5591
v 5.8773 3.6000 1.6773
v 5.8773 3.6000 2.7955
v 5.8773 3.6000 3.9136
v 5.8773 3.6000 5.0318
v 5.8773 3.6000 6.1500
v 5.9045 3.6000 -6.1500
v 5.9045 3.6000 -5.0318
v 5.9045 3.6000 -3.9136
v 5.9045 3.6000 -2.7955
v 5.9045 3.6000 -1.6773
v 5.9045 3.6000 -0.5591
v 5.9045 3.6000 0.5591
v 5.9045 3.6000 1.6773
v 5.9045 3.6000 2.7955
v 5.9045 3.6000 3.9136
v 5.9045 3.6000 5.0318
v 5.9045 3.6000 6.1500
v 5.9318 3.6000 -6.1500
v 5.9318 3.6000 -5.0318
v 5.9318 3.6000 -3.9136
v 5.9318 3.6000 -2.7955
v 5.9318 3.6000 -1.6773
v 5.9318 3.6000 -0.5591
v 5.9318 3.6000 0.5591
v 5.9318 3.6000 1.6773
v 5.9318 3.6000 2.7955
v 5.9318 3.6000 3.9136
v 5.9318 3.6000 5.0318
v 5.9318 3.6000 6.1500
v 5.9591 3.6000 -6.1500
v 5.9591 3.6000 -5.0318
v 5.9591 3.6000 -3.9136
v 5.9591 3.6000 -2.7955
v 5.9591 3.6000 -1.6773
v 5.9591 3.6000 -0.5591
v 5.9591 3.6000 0.5591
v 5.9591 3.6000 1.6773
v 5.9591 3.6000 2.7955
v 5.9591 3.6000 3.9136
v 5.9591 3.6000 5.0318
v 5.9591 3.6000 6.1500
v 5.9864 3.6000 -6.1500
v 5.9864 3.6000 -5.0318
v 5.9864 3.6000 -3.9136
v 5.9864 3.6000 -2.7955
v 5.9864 3.6000 -1.6773
v 5.9864 3.6000 -0.5591
v 5.9864 3.6000 0.5591
v 5.9864 3.6000 1.6773
v 5.9864 3.6000 2.7955
v 5.9864 3.6000 3.9136
v 5.9864 3.6000 5.0318
v 5.9864 3.6000 6.1500
v 6.0136 3.6000 -6.1500
v 6.0136 3.6000 -5.0318
v 6.0136 3.6000 -3.9136
v 6.0136 3.6000 -2.7955
v 6.0136 3.6000 -1.6773
v 6.0136 3.6000 -0.5591
v 6.0136 3.6000 0.5591
v 6.0136 3.6000 1.6773
v 6.0136 3.6000 2.7955
v 6.0136 3.6000 3.9136
v 6.0136 3.6000 5.0318
v 6.0136 3.6000 6.1500
v 6.0409 3.6000 -6.1500
v 6.0409 3.6000 -5.0318
v 6.0409 3.6000 -3.9136
v 6.0409 3.6000 -2.7955
v 6.0409 3.6000 -1.6773
v 6.0409 3.6000 -0.5591
v 6.0409 3.6000 0.5591
v 6.0409 3.6000 1.6773
v 6.0409 3.6000 2.7955
v 6.0409 3.6000 3.9136
v 6.0409 3.6000 5.0318
v 6.0409 3.6000 6.1500
v 6.0682 3.6000 -6.1500
v 6.0682 3.6000 -5.0318
v 6.0682 3.6000 -3.9136
v 6.0682 3.6000 -2.7955
v 6.0682 3.6000 -1.6773
v 6.0682 3.6000 -0.5591
v 6.0682 3.6000 0.5591
v 6.0682 3.6000 1.6773
v 6.0682 3.6000 2.7955
v 6.0682 3.6000 3.9136
v 6.0682 3.6000 5.0318
v 6.0682 3.6000 6.1500
v 6.0955 3.6000 -6.1500
v 6.0955 3.6000 -5.0318
v 6.0955 3.6000 -3.9136
v 6.0955 3.6000 -2.7955
v 6.0955 3.6000 -1.6773
v 6.0955 3.6000 -0.5591
v 6.0955 3.6000 0.5591
v 6.0955 3.6000 1.6773
v 6.0955 3.6000 2.7955
v 6.0955 3.6000 3.9136
v 6.0955 3.6000 5.0318
v 6.0955 3.6000 6.1500
v 6.1227 3.6000 -6.1500
v 6.1227 3.6000 -5.0318
v 6.1227 3.6000 -3.9136
v 6.1227 3.6000 -2.7955
v 6.1227 3.6000 -1.6773
v 6.1227 3.6000 -0.5591
v 6.1227 3.6000 0.5591
v 6.1227 3.6000 1.6773
v 6.1227 3.6000 2.7955
v 6.1227 3.6000 3.9136
v 6.1227 3.6000 5.0318
v 6.1227 3.6000 6.1500
v 6.1500 3.6000 -6.1500
v 6.1500 3.6000 -5.0318
v 6.1500 3.6000 -3.9136
v 6.1500 3.6000 -2.7955
v 6.1500 3.6000 -1.6773
v 6.1500 3.6000 -0.5591
v 6.1500 3.6000 0.5591
v 6.1500 3.6000 1.6773
v 6.1500 3.6000 2.7955
v 6.1500 3.6000 3.9136
v 6.1500 3.6000 5.0318
v 6.1500 3.6000 6.1500
v 5.8500 0.0000 6.1500
v 5.8500 0.0000 5.0318
v 5.8500 0.0000 3.9136
v 5.8500 0.0000 2.7955
v 5.8500 0.0000 1.6773
v 5.8500 0.0000 0.5591
v 5.8500 0.0000 -0.5591
v 5.8500 0.0000 -1.6773
v 5.8500 0.0000 -2.7955
v 5.8500 0.0000 -3.9136
v 5.8500 0.0000 -5.0318
v 5.8500 0.0000 -6.1500
v 5.8773 0.0000 6.1500
v 5.8773 0.0000 5.0318
v 5.8773 0.0000 3.9136
v 5.8773 0.0000 2.7955
v 5.8773 0.0000 1.6773
v 5.8773 0.0000 0.5591
v 5.8773 0.0000 -0.5591
v 5.8773 0.0000 -1.6773
v 5.8773 0.0000 -2.7955
v 5.8773 0.0000 -3.9136
v 5.8773 0.0000 -5.0318
v 5.8773 0.0000 -6.1500
v 5.9045 0.0000 6.1500
v 5.9045 0.0000 5.0318
v 5.9045 0.0000 3.9136
v 5.9045 0.0000 2.7955
v 5.9045 0.0000 1.6773
v 5.9045 0.0000 0.5591
v 5.9045 0.0000 -0.5591
v 5.9045 0.0000 -1.6773
v 5.9045 0.0000 -2.7955
v 5.9045 0.0000 -3.9136
v 5.9045 0.0000 -5.0318
v 5.9045 0.0000 -6.1500
v 5.9318 0.0000 6.1500
v 5.9318 0.0000 5.0318
v 5.9318 0.0000 3.9136
v 5.9318 0.0000 2.7955
v 5.9318 0.0000 1.6773
v 5.9318 0.0000 0.5591
v 5.9318 0.0000 -0.5591
v 5.9318 0.0000 -1.6773
v 5.9318 0.0000 -2.7955
v 5.9318 0.0000 -3.9136
v 5.9318 0.0000 -5.0318
v 5.9318 0.0000 -6.1500
v 5.9591 0.0000 6.1500
v 5.9591 0.0000 5.0318
v 5.9591 0.0000 3.9136
v 5.9591 0.0000 2.7955
v 5.9591 0.0000 1.6773
v 5.9591 0.0000 0.5591
v 5.9591 0.0000 -0.5591
v 5.9591 0.0000 -1.6773
v 5.9591 0.0000 -2.7955
v 5.9591 0.0000 -3.9136
v 5.9591 0.0000 -5.0318
v 5.9591 0.0000 -6.1500
v 5.9864 0.0000 6.1500
v 5.9864 0.0000 5.0318
v 5.9864 0.0000 3.9136
v 5.9864 0.0000 2.7955
v 5.9864 0.0000 1.6773
v 5.9864 0.0000 0.5591
v 5.9864 0.0000 -0.5591
v 5.9864 0.0000 -1.6773
v 5.9864 0.0000 -2.7955
v 5.9864 0.0000 -3.9136
v 5.9864 0.0000 -5.0318
v 5.9864 0.0000 -6.1500
v 6.0136 0.0000 6.1500
v 6.0136 0.0000 5.0318
v 6.0136 0.0000 3.9136
v 6.0136 0.0000 2.7955
v 6.0136 0.0000 1.6773
v 6.0136 0.0000 0.5591
v 6.0136 0.0000 -0.5591
v 6.0136 0.0000 -1.6773
v 6.0136 0.0000 -2.7955
v 6.0136 0.0000 -3.9136
v 6.0136 0.0000 -5.0318
v 6.0136 0.0000 -6.1500
v 6.0409 0.0000 6.1500
v 6.0409 0.0000 5.0318
v 6.0409 0.0000 3.9136
v 6.0409 0.0000 2.7955
v 6.0409 0.0000 1.6773
v 6.0409 0.0000 0.5591
v 6.0409 0.0000 -0.5591
v 6.0409 0.0000 -1.6773
v 6.0409 0.0000 -2.7955
v 6.0409 0.0000 -3.9136
v 6.0409 0.0000 -5.0318
v 6.0409 0.0000 -6.1500
v 6.0682 0.0000 6.1500
v 6.0682 0.0000 5.0318
v 6.0682 0.0000 3.9136
v 6.0682 0.0000 2.7955
v 6.0682 0.0000 1.6773
v 6.0682 0.0000 0.5591
v 6.0682 0.0000 -0.5591
v 6.0682 0.0000 -1.6773
v 6.0682 0.0000 -2.7955
v 6.0682 0.0000 -3.9136
v 6.0682 0.0000 -5.0318
v 6.0682 0.0000 -6.1500
v 6.0955 0.0000 6.1500
v 6.0955 0.0000 5.0318
v 6.0955 0.0000 3.9136
v 6.0955 0.0000 2.7955
v 6.0955 0.0000 1.6773
v 6.0955 0.0000 0.5591
v 6.0955 0.0000 -0.5591
v 6.0955 0.0000 -1.6773
v 6.0955 0.0000 -2.7955
v 6.0955 0.0000 -3.9136
v 6.0955 0.0000 -5.0318
v 6.0955 0.0000 -6.1500
v 6.1227 0.0000 6.1500
v 6.1227 0.0000 5.0318
v 6.1227 0.0000 3.9136
v 6.1227 0.0000 2.7955
v 6.1227 0.0000 1.6773
v 6.1227 0.0000 0.5591
v 6.1227 0.0000 -0.5591
v 6.1227 0.0000 -1.6773
v 6.1227 0.0000 -2.7955
v 6.1227 0.0000 -3.9136
v 6.1227 0.0000 -5.0318
v 6.1227 0.0000 -6.1500
v 6.1500 0.0000 6.1500
v 6.1500 0.0000 5.0318
v 6.1500 0.0000 3.9136
v 6.1500 0.0000 2.7955
v 6.1500 0.0000 1.6773
v 6.1500 0.0000 0.5591
v 6.1500 0.0000 -0.5591
v 6.1500 0.0000 -1.6773
v 6.1500 0.0000 -2.7955
v 6.1500 0.0000 -3.9136
v 6.1500 0.0000 -5.0318
v 6.1500 0.0000 -6.1500
f 10369 10370 10382
f 10369 10382 10381
f 10370 10371 10383
f 10370 10383 10382
f 10371 10372 10384
f 10371 10384 10383
f 10372 10373 10385
f 10372 10385 10384
f 10373 10374 10386
f 10373 10386 10385
f 10374 10375 10387
f 10374 10387 10386
f 10375 10376 10388
f 10375 10388 10387
f 10376 10377 10389
f 10376 10389 10388
f 10377 10378 10390
f 10377 10390 10389
f 10378 10379 10391
f 10378 10391 10390
f 10379 10380 10392
f 10379 10392 10391
f 10381 10382 10394
f 10381 10394 10393
f 10382 10383 10395
f 10382 10395 10394
f 10383 10384 10396
f 10383 10396 10395
f 10384 10385 10397
f 10384 10397 10396
f 10385 10386 10398
f 10385 10398 10397
f 10386 10387 10399
f 10386 10399 10398
f 10387 10388 10400
f 10387 10400 10399
f 10388 10389 10401
f 10388 10401 10400
f 10389 10390 10402
f 10389 10402 10401
f 10390 10391 10403
f 10390 10403 10402
f 10391 10392 10404
f 10391 10404 10403
f 10393 10394 10406
f 10393 10406 10405
f 10394 10395 10407
f 10394 10407 10406
f 10395 10396 10408
f 10395 10408 10407
f 10396 10397 10409
f 10396 10409 10408
f 10397 10398 10410
f 10397 10410 10409
f 10398 10399 10411
f 10398 10411 10410
f 10399 10400 10412
f 10399 10412 10411
f 10400 10401 10413
f 10400 10413 10412
f 10401 10402 10414
f 10401 10414 10413
f 10402 10403 10415
f 10402 10415 10414
f 10403 10404 10416
f 10403 10416 10415
f 10405 10406 10418
f 10405 10418 10417
f 10406 10407 10419
f 10406 10419 10418
f 10407 10408 10420
f 10407 10420 10419
f 10408 10409 10421
f 10408 10421 10420
f 10409 10410 10422
f 10409 10422 10421
f 10410 10411 10423
f 10410 10423 10422
f 10411 10412 10424
f 10411 10424 10423
f 10412 10413 10425
f 10412 10425 10424
f 10413 10414 10426
f 10413 10426 10425
f 10414 10415 10427
f 10414 10427 10426
f 10415 10416 10428
f 10415 10428 10427
f 10417 10418 10430
f 10417 10430 10429
f 10418 10419 10431
f 10418 10431 10430
f 10419 10420 10432
f 10419 10432 10431
f 10420 10421 10433
f 10420 10433 10432
f 10421 10422 10434
f 10421 10434 10433
f 10422 10423 10435
f 10422 10435 10434
f 10423 10424 10436
f 10423 10436 10435
f 10424 10425 10437
f 10424 10437 10436
f 10425 10426 10438
f 10425 10438 10437
f 10426 10427 10439
f 10426 10439 10438
f 10427 10428 10440
f 10427 10440 10439
f 10429 10430 10442
f 10429 10442 10441
f 10430 10431 10443
f 10430 10443 10442
f 10431 10432 10444
f 10431 10444 10443
f 10432 10433 10445
f 10432 10445 10444
f 10433 10434 10446
f 10433 10446 10445
f 10434 10435 10447
f 10434 10447 10446
f 10435 10436 10448
f 10435 10448 10447
f 10436 10437 10449
f 10436 10449 10448
f 10437 10438 10450
f 10437 10450 10449
f 10438 10439 10451
f 10438 10451 10450
f 10439 10440 10452
f 10439 10452 10451
f 10441 10442 10454
f 10441 10454 10453
f 10442 10443 10455
f 10442 10455 10454
f 10443 10444 10456
f 10443 10456 10455
f 10444 10445 10457
f 10444 10457 10456
f 10445 10446 10458
f 10445 10458 10457
f 10446 10447 10459
f 10446 10459 10458
f 10447 10448 10460
f 10447 10460 10459
f 10448 10449 10461
f 10448 10461 10460
f 10449 10450 10462
f 10449 10462 10461
f 10450 10451 10463
f 10450 10463 10462
f 10451 10452 10464
f 10451 10464 10463
f 10453 10454 10466
f 10453 10466 10465
f 10454 10455 10467
f 10454 10467 10466
f 10455 10456 10468
f 10455 10468 10467
f 10456 10457 10469
f 10456 10469 10468
f 10457 10458 10470
f 10457 10470 10469
f 10458 10459 10471
f 10458 10471 10470
f 10459 10460 10472
f 10459 10472 10471
f 10460 10461 10473
f 10460 10473 10472
f 10461 10462 10474
f 10461 10474 10473
f 10462 10463 10475
f 10462 10475 10474
f 10463 10464 10476
f 10463 10476 10475
f 10465 10466 10478
f 10465 10478 10477
f 10466 10467 10479
f 10466 10479 10478
f 10467 10468 10480
f 10467 10480 10479
f 10468 10469 10481
f 10468 10481 10480
f 10469 10470 10482
f 10469 10482 10481
f 10470 10471 10483
f 10470 10483 10482
f 10471 10472 10484
f 10471 10484 10483
f 10472 10473 10485
f 10472 10485 10484
f 10473 10474 10486
f 10473 10486 10485
f 10474 10475 10487
f 10474 10487 10486
f 10475 10476 10488
f 10475 10488 10487
f 10477 10478 10490
f 10477 10490 10489
f 10478 10479 10491
f 10478 10491 10490
f 10479 10480 10492
f 10479 10492 10491
f 10480 10481 10493
f 10480 10493 10492
f 10481 10482 10494
f 10481 10494 10493
f 10482 10483 10495
f 10482 10495 10494
f 10483 10484 10496
f 10483 10496 10495
f 10484 10485 10497
f 10484 10497 10496
f 10485 10486 10498
f 10485 10498 10497
f 10486 10487 10499
f 10486 10499 10498
f 10487 10488 10500
f 10487 10500 10499
f 10489 10490 10502
f 10489 10502 10501
f 10490 10491 10503
f 10490 10503 10502
f 10491 10492 10504
f 10491 10504 10503
f 10492 10493 10505
f 10492 10505 10504
f 10493 10494 10506
f 10493 10506 10505
f 10494 10495 10507
f 10494 10507 10506
f 10495 10496 10508
f 10495 10508 10507
f 10496 10497 10509
f 10496 10509 10508
f 10497 10498 10510
f 10497 10510 10509
f 10498 10499 10511
f 10498 10511 10510
f 10499 10500 10512
f 10499 10512 10511
f 10513 10514 10526
f 10513 10526 10525
f 10514 10515 10527
f 10514 10527 10526
f 10515 10516 10528
f 10515 10528 10527
f 10516 10517 10529
f 10516 10529 10528
f 10517 10518 10530
f 10517 10530 10529
f 10518 10519 10531
f 10518 10531 10530
f 10519 10520 10532
f 10519 10532 10531
f 10520 10521 10533
f 10520 10533 10532
f 10521 10522 10534
f 10521 10534 10533
f 10522 10523 10535
f 10522 10535 10534
f 10523 10524 10536
f 10523 10536 10535
f 10525 10526 10538
f 10525 10538 10537
f 10526 10527 10539
f 10526 10539 10538
f 10527 10528 10540
f 10527 10540 10539
f 10528 10529 10541
f 10528 10541 10540
f 10529 10530 10542
f 10529 10542 10541
f 10530 10531 10543
f 10530 10543 10542
f 10531 10532 10544
f 10531 10544 10543
f 10532 10533 10545
f 10532 10545 10544
f 10533 10534 10546
f 10533 10546 10545
f 10534 10535 10547
f 10534 10547 10546
f 10535 10536 10548
f 10535 10548 10547
f 10537 10538 10550
f 10537 10550 10549
f 10538 10539 10551
f 10538 10551 10550
f 10539 10540 10552
f 10539 10552 10551
f 10540 10541 10553
f 10540 10553 10552
f 10541 10542 10554
f 10541 10554 10553
f 10542 10543 10555
f 10542 10555 10554
f 10543 10544 10556
f 10543 10556 10555
f 10544 10545 10557
f 10544 10557 10556
f 10545 10546 10558
f 10545 10558 10557
f 10546 10547 10559
f 10546 10559 10558
f 10547 10548 10560
f 10547 10560 10559
f 10549 10550 10562
f 10549 10562 10561
f 10550 10551 10563
f 10550 10563 10562
f 10551 10552 10564
f 10551 10564 10563
f 10552 10553 10565
f 10552 10565 10564
f 10553 10554 10566
f 10553 10566 10565
f 10554 10555 10567
f 10554 10567 10566
f 10555 10556 10568
f 10555 10568 10567
f 10556 10557 10569
f 10556 10569 10568
f 10557 10558 10570
f 10557 10570 10569
f 10558 10559 10571
f 10558 10571 10570
f 10559 10560 10572
f 10559 10572 10571
f 10561 10562 10574
f 10561 10574 10573
f 10562 10563 10575
f 10562 10575 10574
f 10563 10564 10576
f 10563 10576 10575
f 10564 10565 10577
f 10564 10577 10576
f 10565 10566 10578
f 10565 10578 10577
f 10566 10567 10579
f 10566 10579 10578
f 10567 10568 10580
f 10567 10580 10579
f 10568 10569 10581
f 10568 10581 10580
f 10569 10570 10582
f 10569 10582 10581
f 10570 10571 10583
f 10570 10583 10582
f 10571 10572 10584
f 10571 10584 10583
f 10573 10574 10586
f 10573 10586 10585
f 10574 10575 10587
f 10574 10587 10586
f 10575 10576 10588
f 10575 10588 10587
f 10576 10577 10589
f 10576 10589 10588
f 10577 10578 10590
f 10577 10590 10589
f 10578 10579 10591
f 10578 10591 10590
f 10579 10580 10592
f 10579 10592 10591
f 10580 10581 10593
f 10580 10593 10592
f 10581 10582 10594
f 10581 10594 10593
f 10582 10583 10595
f 10582 10595 10594
f 10583 10584 10596
f 10583 10596 10595
f 10585 10586 10598
f 10585 10598 10597
f 10586 10587 10599
f 10586 10599 10598
f 10587 10588 10600
f 10587 10600 10599
f 10588 10589 10601
f 10588 10601 10600
f 10589 10590 10602
f 10589 10602 10601
f 10590 10591 10603
f 10590 10603 10602
f 10591 10592 10604
f 10591 10604 10603
f 10592 10593 10605
f 10592 10605 10604
f 10593 10594 10606
f 10593 10606 10605
f 10594 10595 10607
f 10594 10607 10606
f 10595 10596 10608
f 10595 10608 10607
f 10597 10598 10610
f 10597 10610 10609
f 10598 10599 10611
f 10598 10611 10610
f 10599 10600 10612
f 10599 10612 10611
f 10600 10601 10613
f 10600 10613 10612
f 10601 10602 10614
f 10601 10614 10613
f 10602 10603 10615
f 10602 10615 10614
f 10603 10604 10616
f 10603 10616 10615
f 10604 10605 10617
f 10604 10617 10616
f 10605 10606 10618
f 10605 10618 10617
f 10606 10607 10619
f 10606 10619 10618
f 10607 10608 10620
f 10607 10620 10619
f 10609 10610 10622
f 10609 10622 10621
f 10610 10611 10623
f 10610 10623 10622
f 10611 10612 10624
f 10611 10624 10623
f 10612 10613 10625
f 10612 10625 10624
f 10613 10614 10626
f 10613 10626 10625
f 10614 10615 10627
f 10614 10627 10626
f 10615 10616 10628
f 10615 10628 10627
f 10616 10617 10629
f 10616 10629 10628
f 10617 10618 10630
f 10617 10630 10629
f 10618 10619 10631
f 10618 10631 10630
f 10619 10620 10632
f 10619 10632 10631
f 10621 10622 10634
f 10621 10634 10633
f 10622 10623 10635
f 10622 10635 10634
f 10623 10624 10636
f 10623 10636 10635
f 10624 10625 10637
f 10624 10637 10636
f 10625 10626 10638
f 10625 10638 10637
f 10626 10627 10639
f 10626 10639 10638
f 10627 10628 10640
f 10627 10640 10639
f 10628 10629 10641
f 10628 10641 10640
f 10629 10630 10642
f 10629 10642 10641
f 10630 10631 10643
f 10630 10643 10642
f 10631 10632 10644
f 10631 10644 10643
f 10633 10634 10646
f 10633 10646 10645
f 10634 10635 10647
f 10634 10647 10646
f 10635 10636 10648
f 10635 10648 10647
f 10636 10637 10649
f 10636 10649 10648
f 10637 10638 10650
f 10637 10650 10649
f 10638 10639 10651
f 10638 10651 10650
f 10639 10640 10652
f 10639 10652 10651
f 10640 10641 10653
f 10640 10653 10652
f 10641 10642 10654
f 10641 10654 10653
f 10642 10643 10655
f 10642 10655 10654
f 10643 10644 10656
f 10643 10656 10655
f 10657 10658 10670
f 10657 10670 10669
f 10658 10659 10671
f 10658 10671 10670
f 10659 10660 10672
f 10659 10672 10671
f 10660 10661 10673
f 10660 10673 10672
f 10661 10662 10674
f 10661 10674 10673
f 10662 10663 10675
f 10662 10675 10674
f 10663 10664 10676
f 10663 10676 10675
f 10664 10665 10677
f 10664 10677 10676
f 10665 10666 10678
f 10665 10678 10677
f 10666 10667 10679
f 10666 10679 10678
f 10667 10668 10680
f 10667 10680 10679
f 10669 10670 10682
f 10669 10682 10681
f 10670 10671 10683
f 10670 10683 10682
f 10671 10672 10684
f 10671 10684 10683
f 10672 10673 10685
f 10672 10685 10684
f 10673 10674 10686
f 10673 10686 10685
f 10674 10675 10687
f 10674 10687 10686
f 10675 10676 10688
f 10675 10688 10687
f 10676 10677 10689
f 10676 10689 10688
f 10677 10678 10690
f 10677 10690 10689
f 10678 10679 10691
f 10678 10691 10690
f 10679 10680 10692
f 10679 10692 10691
f 10681 10682 10694
f 10681 10694 10693
f 10682 10683 10695
f 10682 10695 10694
f 10683 10684 10696
f 10683 10696 10695
f 10684 10685 10697
f 10684 10697 10696
f 10685 10686 10698
f 10685 10698 10697
f 10686 10687 10699
f 10686 10699 10698
f 10687 10688 10700
f 10687 10700 10699
f 10688 10689 10701
f 10688 10701 10700
f 10689 10690 10702
f 10689 10702 10701
f 10690 10691 10703
f 10690 10703 10702
f 10691 10692 10704
f 10691 10704 10703
f 10693 10694 10706
f 10693 10706 10705
f 10694 10695 10707
f 10694 10707 10706
f 10695 10696 10708
f 10695 10708 10707
f 10696 10697 10709
f 10696 10709 10708
f 10697 10698 10710
f 10697 10710 10709
f 10698 10699 10711
f 10698 10711 10710
f 10699 10700 10712
f 10699 10712 10711
f 10700 10701 10713
f 10700 10713 10712
f 10701 10702 10714
f 10701 10714 10713
f 10702 10703 10715
f 10702 10715 10714
f 10703 10704 10716
f 10703 10716 10715
f 10705 10706 10718
f 10705 10718 10717
f 10706 10707 10719
f 10706 10719 10718
f 10707 10708 10720
f 10707 10720 10719
f 10708 10709 10721
f 10708 10721 10720
f 10709 10710 10722
f 10709 10722 10721
f 10710 10711 10723
f 10710 10723 10722
f 10711 10712 10724
f 10711 10724 10723
f 10712 10713 10725
f 10712 10725 10724
f 10713 10714 10726
f 10713 10726 10725
f 10714 10715 10727
f 10714 10727 10726
f 10715 10716 10728
f 10715 10728 10727
f 10717 10718 10730
f 10717 10730 10729
f 10718 10719 10731
f 10718 10731 10730
f 10719 10720 10732
f 10719 10732 10731
f 10720 10721 10733
f 10720 10733 10732
f 10721 10722 10734
f 10721 10734 10733
f 10722 10723 10735
f 10722 10735 10734
f 10723 10724 10736
f 10723 10736 10735
f 10724 10725 10737
f 10724 10737 10736
f 10725 10726 10738
f 10725 10738 10737
f 10726 10727 10739
f 10726 10739 10738
f 10727 10728 10740
f 10727 10740 10739
f 10729 10730 10742
f 10729 10742 10741
f 10730 10731 10743
f 10730 10743 10742
f 10731 10732 10744
f 10731 10744 10743
f 10732 10733 10745
f 10732 10745 10744
f 10733 10734 10746
f 10733 10746 10745
f 10734 10735 10747
f 10734 10747 10746
f 10735 10736 10748
f 10735 10748 10747
f 10736 10737 10749
f 10736 10749 10748
f 10737 10738 10750
f 10737 10750 10749
f 10738 10739 10751
f 10738 10751 10750
f 10739 10740 10752
f 10739 10752 10751
f 10741 10742 10754
f 10741 10754 10753
f 10742 10743 10755
f 10742 10755 10754
f 10743 10744 10756
f 10743 10756 10755
f 10744 10745 10757
f 10744 10757 10756
f 10745 10746 10758
f 10745 10758 10757
f 10746 10747 10759
f 10746 10759 10758
f 10747 10748 10760
f 10747 10760 10759
f 10748 10749 10761
f 10748 10761 10760
f 10749 10750 10762
f 10749 10762 10761
f 10750 10751 10763
f 10750 10763 10762
f 10751 10752 10764
f 10751 10764 10763
f 10753 10754 10766
f 10753 10766 10765
f 10754 10755 10767
f 10754 10767 10766
f 10755 10756 10768
f 10755 10768 10767
f 10756 10757 10769
f 10756 10769 10768
f 10757 10758 10770
f 10757 10770 10769
f 10758 10759 10771
f 10758 10771 10770
f 10759 10760 10772
f 10759 10772 10771
f 10760 10761 10773
f 10760 10773 10772
f 10761 10762 10774
f 10761 10774 10773
f 10762 10763 10775
f 10762 10775 10774
f 10763 10764 10776
f 10763 10776 10775
f 10765 10766 10778
f 10765 10778 10777
f 10766 10767 10779
f 10766 10779 10778
f 10767 10768 10780
f 10767 10780 10779
f 10768 10769 10781
f 10768 10781 10780
f 10769 10770 10782
f 10769 10782 10781
f 10770 10771 10783
f 10770 10783 10782
f 10771 10772 10784
f 10771 10784 10783
f 10772 10773 10785
f 10772 10785 10784
f 10773 10774 10786
f 10773 10786 10785
f 10774 10775 10787
f 10774 10787 10786
f 10775 10776 10788
f 10775 10788 10787
f 10777 10778 10790
f 10777 10790 10789
f 10778 10779 10791
f 10778 10791 10790
f 10779 10780 10792
f 10779 10792 10791
f 10780 10781 10793
f 10780 10793 10792
f 10781 10782 10794
f 10781 10794 10793
f 10782 10783 10795
f 10782 10795 10794
f 10783 10784 10796
f 10783 10796 10795
f 10784 10785 10797
f 10784 10797 10796
f 10785 10786 10798
f 10785 10798 10797
f 10786 10787 10799
f 10786 10799 10798
f 10787 10788 10800
f 10787 10800 10799
f 10801 10802 10814
f 10801 10814 10813
f 10802 10803 10815
f 10802 10815 10814
f 10803 10804 10816
f 10803 10816 10815
f 10804 10805 10817
f 10804 10817 10816
f 10805 10806 10818
f 10805 10818 10817
f 10806 10807 10819
f 10806 10819 10818
f 10807 10808 10820
f 10807 10820 10819
f 10808 10809 10821
f 10808 10821 10820
f 10809 10810 10822
f 10809 10822 10821
f 10810 10811 10823
f 10810 10823 10822
f 10811 10812 10824
f 10811 10824 10823
f 10813 10814 10826
f 10813 10826 10825
f 10814 10815 10827
f 10814 10827 10826
f 10815 10816 10828
f 10815 10828 10827
f 10816 10817 10829
f 10816 10829 10828
f 10817 10818 10830
f 10817 10830 10829
f 10818 10819 10831
f 10818 10831 10830
f 10819 10820 10832
f 10819 10832 10831
f 10820 10821 10833
f 10820 10833 10832
f 10821 10822 10834
f 10821 10834 10833
f 10822 10823 10835
f 10822 10835 10834
f 10823 10824 10836
f 10823 10836 10835
f 10825 10826 10838
f 10825 10838 10837
f 10826 10827 10839
f 10826 10839 10838
f 10827 10828 10840
f 10827 10840 10839
f 10828 10829 10841
f 10828 10841 10840
f 10829 10830 10842
f 10829 10842 10841
f 10830 10831 10843
f 10830 10843 10842
f 10831 10832 10844
f 10831 10844 10843
f 10832 10833 10845
f 10832 10845 10844
f 10833 10834 10846
f 10833 10846 10845
f 10834 10835 10847
f 10834 10847 10846
f 10835 10836 10848
f 10835 10848 10847
f 10837 10838 10850
f 10837 10850 10849
f 10838 10839 10851
f 10838 10851 10850
f 10839 10840 10852
f 10839 10852 10851
f 10840 10841 10853
f 10840 10853 10852
f 10841 10842 10854
f 10841 10854 10853
f 10842 10843 10855
f 10842 10855 10854
f 10843 10844 10856
f 10843 10856 10855
f 10844 10845 10857
f 10844 10857 10856
f 10845 10846 10858
f 10845 10858 10857
f 10846 10847 10859
f 10846 10859 10858
f 10847 10848 10860
f 10847 10860 10859
f 10849 10850 10862
f 10849 10862 10861
f 10850 10851 10863
f 10850 10863 10862
f 10851 10852 10864
f 10851 10864 10863
f 10852 10853 10865
f 10852 10865 10864
f 10853 10854 10866
f 10853 10866 10865
f 10854 10855 10867
f 10854 10867 10866
f 10855 10856 10868
f 10855 10868 10867
f 10856 10857 10869
f 10856 10869 10868
f 10857 10858 10870
f 10857 10870 10869
f 10858 10859 10871
f 10858 10871 10870
f 10859 10860 10872
f 10859 10872 10871
f 10861 10862 10874
f 10861 10874 10873
f 10862 10863 10875
f 10862 10875 10874
f 10863 10864 10876
f 10863 10876 10875
f 10864 10865 10877
f 10864 10877 10876
f 10865 10866 10878
f 10865 10878 10877
f 10866 10867 10879
f 10866 10879 10878
f 10867 10868 10880
f 10867 10880 10879
f 10868 10869 10881
f 10868 10881 10880
f 10869 10870 10882
f 10869 10882 10881
f 10870 10871 10883
f 10870 10883 10882
f 10871 10872 10884
f 10871 10884 10883
f 10873 10874 10886
f 10873 10886 10885
f 10874 10875 10887
f 10874 10887 10886
f 10875 10876 10888
f 10875 10888 10887
f 10876 10877 10889
f 10876 10889 10888
f 10877 10878 10890
f 10877 10890 10889
f 10878 10879 10891
f 10878 10891 10890
f 10879 10880 10892
f 10879 10892 10891
f 10880 10881 10893
f 10880 10893 10892
f 10881 10882 10894
f 10881 10894 10893
f 10882 10883 10895
f 10882 10895 10894
f 10883 10884 10896
f 10883 10896 10895
f 10885 10886 10898
f 10885 10898 10897
f 10886 10887 10899
f 10886 10899 10898
f 10887 10888 10900
f 10887 10900 10899
f 10888 10889 10901
f 10888 10901 10900
f 10889 10890 10902
f 10889 10902 10901
f 10890 10891 10903
f 10890 10903 10902
f 10891 10892 10904
f 10891 10904 10903
f 10892 10893 10905
f 10892 10905 10904
f 10893 10894 10906
f 10893 10906 10905
f 10894 10895 10907
f 10894 10907 10906
f 10895 10896 10908
f 10895 10908 10907
f 10897 10898 10910
f 10897 10910 10909
f 10898 10899 10911
f 10898 10911 10910
f 10899 10900 10912
f 10899 10912 10911
f 10900 10901 10913
f 10900 10913 10912
f 10901 10902 10914
f 10901 10914 10913
f 10902 10903 10915
f 10902 10915 10914
f 10903 10904 10916
f 10903 10916 10915
f 10904 10905 10917
f 10904 10917 10916
f 10905 10906 10918
f 10905 10918 10917
f 10906 10907 10919
f 10906 10919 10918
f 10907 10908 10920
f 10907 10920 10919
f 10909 10910 10922
f 10909 10922 10921
f 10910 10911 10923
f 10910 10923 10922
f 10911 10912 10924
f 10911 10924 10923
f 10912 10913 10925
f 10912 10925 10924
f 10913 10914 10926
f 10913 10926 10925
f 10914 10915 10927
f 10914 10927 10926
f 10915 10916 10928
f 10915 10928 10927
f 10916 10917 10929
f 10916 10929 10928
f 10917 10918 10930
f 10917 10930 10929
f 10918 10919 10931
f 10918 10931 10930
f 10919 10920 10932
f 10919 10932 10931
f 10921 10922 10934
f 10921 10934 10933
f 10922 10923 10935
f 10922 10935 10934
f 10923 10924 10936
f 10923 10936 10935
f 10924 10925 10937
f 10924 10937 10936
f 10925 10926 10938
f 10925 10938 10937
f 10926 10927 10939
f 10926 10939 10938
f 10927 10928 10940
f 10927 10940 10939
f 10928 10929 10941
f 10928 10941 10940
f 10929 10930 10942
f 10929 10942 10941
f 10930 10931 10943
f 10930 10943 10942
f 10931 10932 10944
f 10931 10944 10943
f 10945 10946 10958
f 10945 10958 10957
f 10946 10947 10959
f 10946 10959 10958
f 10947 10948 10960
f 10947 10960 10959
f 10948 10949 10961
f 10948 10961 10960
f 10949 10950 10962
f 10949 10962 10961
f 10950 10951 10963
f 10950 10963 10962
f 10951 10952 10964
f 10951 10964 10963
f 10952 10953 10965
f 10952 10965 10964
f 10953 10954 10966
f 10953 10966 10965
f 10954 10955 10967
f 10954 10967 10966
f 10955 10956 10968
f 10955 10968 10967
f 10957 10958 10970
f 10957 10970 10969
f 10958 10959 10971
f 10958 10971 10970
f 10959 10960 10972
f 10959 10972 10971
f 10960 10961 10973
f 10960 10973 10972
f 10961 10962 10974
f 10961 10974 10973
f 10962 10963 10975
f 10962 10975 10974
f 10963 10964 10976
f 10963 10976 10975
f 10964 10965 10977
f 10964 10977 10976
f 10965 10966 10978
f 10965 10978 10977
f 10966 10967 10979
f 10966 10979 10978
f 10967 10968 10980
f 10967 10980 10979
f 10969 10970 10982
f 10969 10982 10981
f 10970 10971 10983
f 10970 10983 10982
f 10971 10972 10984
f 10971 10984 10983
f 10972 10973 10985
f 10972 10985 10984
f 10973 10974 10986
f 10973 10986 10985
f 10974 10975 10987
f 10974 10987 10986
f 10975 10976 10988
f 10975 10988 10987
f 10976 10977 10989
f 10976 10989 10988
f 10977 10978 10990
f 10977 10990 10989
f 10978 10979 10991
f 10978 10991 10990
f 10979 10980 10992
f 10979 10992 10991
f 10981 10982 10994
f 10981 10994 10993
f 10982 10983 10995
f 10982 10995 10994
f 10983 10984 10996
f 10983 10996 10995
f 10984 10985 10997
f 10984 10997 10996
f 10985 10986 10998
f 10985 10998 10997
f 10986 10987 10999
f 10986 10999 10998
f 10987 10988 11000
f 10987 11000 10999
f 10988 10989 11001
f 10988 11001 11000
f 10989 10990 11002
f 10989 11002 11001
f 10990 10991 11003
f 10990 11003 11002
f 10991 10992 11004
f 10991 11004 11003
f 10993 10994 11006
f 10993 11006 11005
f 10994 10995 11007
f 10994 11007 11006
f 10995 10996 11008
f 10995 11008 11007
f 10996 10997 11009
f 10996 11009 11008
f 10997 10998 11010
f 10997 11010 11009
f 10998 10999 11011
f 10998 11011 11010
f 10999 11000 11012
f 10999 11012 11011
f 11000 11001 11013
f 11000 11013 11012
f 11001 11002 11014
f 11001 11014 11013
f 11002 11003 11015
f 11002 11015 11014
f 11003 11004 11016
f 11003 11016 11015
f 11005 11006 11018
f 11005 11018 11017
f 11006 11007 11019
f 11006 11019 11018
f 11007 11008 11020
f 11007 11020 11019
f 11008 11009 11021
f 11008 11021 11020
f 11009 11010 11022
f 11009 11022 11021
f 11010 11011 11023
f 11010 11023 11022
f 11011 11012 11024
f 11011 11024 11023
f 11012 11013 11025
f 11012 11025 11024
f 11013 11014 11026
f 11013 11026 11025
f 11014 11015 11027
f 11014 11027 11026
f 11015 11016 11028
f 11015 11028 11027
f 11017 11018 11030
f 11017 11030 11029
f 11018 11019 11031
f 11018 11031 11030
f 11019 11020 11032
f 11019 11032 11031
f 11020 11021 11033
f 11020 11033 11032
f 11021 11022 11034
f 11021 11034 11033
f 11022 11023 11035
f 11022 11035 11034
f 11023 11024 11036
f 11023 11036 11035
f 11024 11025 11037
f 11024 11037 11036
f 11025 11026 11038
f 11025 11038 11037
f 11026 11027 11039
f 11026 11039 11038
f 11027 11028 11040
f 11027 11040 11039
f 11029 11030 11042
f 11029 11042 11041
f 11030 11031 11043
f 11030 11043 11042
f 11031 11032 11044
f 11031 11044 11043
f 11032 11033 11045
f 11032 11045 11044
f 11033 11034 11046
f 11033 11046 11045
f 11034 11035 11047
f 11034 11047 11046
f 11035 11036 11048
f 11035 11048 11047
f 11036 11037 11049
f 11036 11049 11048
f 11037 11038 11050
f 11037 11050 11049
f 11038 11039 11051
f 11038 11051 11050
f 11039 11040 11052
f 11039 11052 11051
f 11041 11042 11054
f 11041 11054 11053
f 11042 11043 11055
f 11042 11055 11054
f 11043 11044 11056
f 11043 11056 11055
f 11044 11045 11057
f 11044 11057 11056
f 11045 11046 11058
f 11045 11058 11057
f 11046 11047 11059
f 11046 11059 11058
f 11047 11048 11060
f 11047 11060 11059
f 11048 11049 11061
f 11048 11061 11060
f 11049 11050 11062
f 11049 11062 11061
f 11050 11051 11063
f 11050 11063 11062
f 11051 11052 11064
f 11051 11064 11063
f 11053 11054 11066
f 11053 11066 11065
f 11054 11055 11067
f 11054 11067 11066
f 11055 11056 11068
f 11055 11068 11067
f 11056 11057 11069
f 11056 11069 11068
f 11057 11058 11070
f 11057 11070 11069
f 11058 11059 11071
f 11058 11071 11070
f 11059 11060 11072
f 11059 11072 11071
f 11060 11061 11073
f 11060 11073 11072
f 11061 11062 11074
f 11061 11074 11073
f 11062 11063 11075
f 11062 11075 11074
f 11063 11064 11076
f 11063 11076 11075
f 11065 11066 11078
f 11065 11078 11077
f 11066 11067 11079
f 11066 11079 11078
f 11067 11068 11080
f 11067 11080 11079
f 11068 11069 11081
f 11068 11081 11080
f 11069 11070 11082
f 11069 11082 11081
f 11070 11071 11083
f 11070 11083 11082
f 11071 11072 11084
f 11071 11084 11083
f 11072 11073 11085
f 11072 11085 11084
f 11073 11074 11086
f 11073 11086 11085
f 11074 11075 11087
f 11074 11087 11086
f 11075 11076 11088
f 11075 11088 11087
f 11089 11090 11102
f 11089 11102 11101
f 11090 11091 11103
f 11090 11103 11102
f 11091 11092 11104
f 11091 11104 11103
f 11092 11093 11105
f 11092 11105 11104
f 11093 11094 11106
f 11093 11106 11105
f 11094 11095 11107
f 11094 11107 11106
f 11095 11096 11108
f 11095 11108 11107
f 11096 11097 11109
f 11096 11109 11108
f 11097 11098 11110
f 11097 11110 11109
f 11098 11099 11111
f 11098 11111 11110
f 11099 11100 11112
f 11099 11112 11111
f 11101 11102 11114
f 11101 11114 11113
f 11102 11103 11115
f 11102 11115 11114
f 11103 11104 11116
f 11103 11116 11115
f 11104 11105 11117
f 11104 11117 11116
f 11105 11106 11118
f 11105 11118 11117
f 11106 11107 11119
f 11106 11119 11118
f 11107 11108 11120
f 11107 11120 11119
f 11108 11109 11121
f 11108 11121 11120
f 11109 11110 11122
f 11109 11122 11121
f 11110 11111 11123
f 11110 11123 11122
f 11111 11112 11124
f 11111 11124 11123
f 11113 11114 11126
f 11113 11126 11125
f 11114 11115 11127
f 11114 11127 11126
f 11115 11116 11128
f 11115 11128 11127
f 11116 11117 11129
f 11116 11129 11128
f 11117 11118 11130
f 11117 11130 11129
f 11118 11119 11131
f 11118 11131 11130
f 11119 11120 11132
f 11119 11132 11131
f 11120 11121 11133
f 11120 11133 11132
f 11121 11122 11134
f 11121 11134 11133
f 11122 11123 11135
f 11122 11135 11134
f 11123 11124 11136
f 11123 11136 11135
f 11125 11126 11138
f 11125 11138 11137
f 11126 11127 11139
f 11126 11139 11138
f 11127 11128 11140
f 11127 11140 11139
f 11128 11129 11141
f 11128 11141 11140
f 11129 11130 11142
f 11129 11142 11141
f 11130 11131 11143
f 11130 11143 11142
f 11131 11132 11144
f 11131 11144 11143
f 11132 11133 11145
f 11132 11145 11144
f 11133 11134 11146
f 11133 11146 11145
f 11134 11135 11147
f 11134 11147 11146
f 11135 11136 11148
f 11135 11148 11147
f 11137 11138 11150
f 11137 11150 11149
f 11138 11139 11151
f 11138 11151 11150
f 11139 11140 11152
f 11139 11152 11151
f 11140 11141 11153
f 11140 11153 11152
f 11141 11142 11154
f 11141 11154 11153
f 11142 11143 11155
f 11142 11155 11154
f 11143 11144 11156
f 11143 11156 11155
f 11144 11145 11157
f 11144 11157 11156
f 11145 11146 11158
f 11145 11158 11157
f 11146 11147 11159
f 11146 11159 11158
f 11147 11148 11160
f 11147 11160 11159
f 11149 11150 11162
f 11149 11162 11161
f 11150 11151 11163
f 11150 11163 11162
f 11151 11152 11164
f 11151 11164 11163
f 11152 11153 11165
f 11152 11165 11164
f 11153 11154 11166
f 11153 11166 11165
f 11154 11155 11167
f 11154 11167 11166
f 11155 11156 11168
f 11155 11168 11167
f 11156 11157 11169
f 11156 11169 11168
f 11157 11158 11170
f 11157 11170 11169
f 11158 11159 11171
f 11158 11171 11170
f 11159 11160 11172
f 11159 11172 11171
f 11161 11162 11174
f 11161 11174 11173
f 11162 11163 11175
f 11162 11175 11174
f 11163 11164 11176
f 11163 11176 11175
f 11164 11165 11177
f 11164 11177 11176
f 11165 11166 11178
f 11165 11178 11177
f 11166 11167 11179
f 11166 11179 11178
f 11167 11168 11180
f 11167 11180 11179
f 11168 11169 11181
f 11168 11181 11180
f 11169 11170 11182
f 11169 11182 11181
f 11170 11171 11183
f 11170 11183 11182
f 11171 11172 11184
f 11171 11184 11183
f 11173 11174 11186
f 11173 11186 11185
f 11174 11175 11187
f 11174 11187 11186
f 11175 11176 11188
f 11175 11188 11187
f 11176 11177 11189
f 11176 11189 11188
f 11177 11178 11190
f 11177 11190 11189
f 11178 11179 11191
f 11178 11191 11190
f 11179 11180 11192
f 11179 11192 11191
f 11180 11181 11193
f 11180 11193 11192
f 11181 11182 11194
f 11181 11194 11193
f 11182 11183 11195
f 11182 11195 11194
f 11183 11184 11196
f 11183 11196 11195
f 11185 11186 11198
f 11185 11198 11197
f 11186 11187 11199
f 11186 11199 11198
f 11187 11188 11200
f 11187 11200 11199
f 11188 11189 11201
f 11188 11201 11200
f 11189 11190 11202
f 11189 11202 11201
f 11190 11191 11203
f 11190 11203 11202
f 11191 11192 11204
f 11191 11204 11203
f 11192 11193 11205
f 11192 11205 11204
f 11193 11194 11206
f 11193 11206 11205
f 11194 11195 11207
f 11194 11207 11206
f 11195 11196 11208
f 11195 11208 11207
f 11197 11198 11210
f 11197 11210 11209
f 11198 11199 11211
f 11198 11211 11210
f 11199 11200 11212
f 11199 11212 11211
f 11200 11201 11213
f 11200 11213 11212
f 11201 11202 11214
f 11201 11214 11213
f 11202 11203 11215
f 11202 11215 11214
f 11203 11204 11216
f 11203 11216 11215
f 11204 11205 11217
f 11204 11217 11216
f 11205 11206 11218
f 11205 11218 11217
f 11206 11207 11219
f 11206 11219 11218
f 11207 11208 11220
f 11207 11220 11219
f 11209 11210 11222
f 11209 11222 11221
f 11210 11211 11223
f 11210 11223 11222
f 11211 11212 11224
f 11211 11224 11223
f 11212 11213 11225
f 11212 11225 11224
f 11213 11214 11226
f 11213 11226 11225
f 11214 11215 11227
f 11214 11227 11226
f 11215 11216 11228
f 11215 11228 11227
f 11216 11217 11229
f 11216 11229 11228
f 11217 11218 11230
f 11217 11230 11229
f 11218 11219 11231
f 11218 11231 11230
f 11219 11220 11232
f 11219 11232 11231
g 천장_0
v -6.1500 3.6000 6.3000
v -6.1500 3.6250 6.3000
v -6.1500 3.6500 6.3000
v -6.1500 3.6750 6.3000
v -6.1500 3.7000 6.3000
v -6.1500 3.7250 6.3000
v -6.1500 3.7500 6.3000
v -6.1500 3.7750 6.3000
v -6.1500 3.8000 6.3000
v -4.6125 3.6000 6.3000
v -4.6125 3.6250 6.3000
v -4.6125 3.6500 6.3000
v -4.6125 3.6750 6.3000
v -4.6125 3.7000 6.3000
v -4.6125 3.7250 6.3000
v -4.6125 3.7500 6.3000
v -4.6125 3.7750 6.3000
v -4.6125 3.8000 6.3000
v -3.0750 3.6000 6.3000
v -3.0750 3.6250 6.3000
v -3.0750 3.6500 6.3000
v -3.0750 3.6750 6.3000
v -3.0750 3.7000 6.3000
v -3.0750 3.7250 6.3000
v -3.0750 3.7500 6.3000
v -3.0750 3.7750 6.3000
v -3.0750 3.8000 6.3000
v -1.5375 3.6000 6.3000
v -1.5375 3.6250 6.3000
v -1.5375 3.6500 6.3000
v -1.5375 3.6750 6.3000
v -1.5375 3.7000 6.3000
v -1.5375 3.7250 6.3000
v -1.5375 3.7500 6.3000
v -1.5375 3.7750 6.3000
v -1.5375 3.8000 6.3000
v 0.0000 3.6000 6.3000
v 0.0000 3.6250 6.3000
v 0.0000 3.6500 6.3000
v 0.0000 3.6750 6.3000
v 0.0000 3.7000 6.3000
v 0.0000 3.7250 6.3000
v 0.0000 3.7500 6.3000
v 0.0000 3.7750 6.3000
v 0.0000 3.8000 6.3000
v 1.5375 3.6000 6.3000
v 1.5375 3.6250 6.3000
v 1.5375 3.6500 6.3000
v 1.5375 3.6750 6.3000
v 1.5375 3.7000 6.3000
v 1.5375 3.7250 6.3000
v 1.5375 3.7500 6.3000
v 1.5375 3.7750 6.3000
v 1.5375 3.8000 6.3000
v 3.0750 3.6000 6.3000
v 3.0750 3.6250 6.3000
v 3.0750 3.6500 6.3000
v 3.0750 3.6750 6.3000
v 3.0750 3.7000 6.3000
v 3.0750 3.7250 6.3000
v 3.0750 3.7500 6.3000
v 3.0750 3.7750 6.3000
v 3.0750 3.8000 6.3000
v 4.6125 3.6000 6.3000
v 4.6125 3.6250 6.3000
v 4.6125 3.6500 6.3000
v 4.6125 3.6750 6.3000
v 4.6125 3.7000 6.3000
v 4.6125 3.7250 6.3000
v 4.6125 3.7500 6.3000
v 4.6125 3.7750 6.3000
v 4.6125 3.8000 6.3000
v 6.1500 3.6000 6.3000
v 6.1500 3.6250 6.3000
v 6.1500 3.6500 6.3000
v 6.1500 3.6750 6.3000
v 6.1500 3.7000 6.3000
v 6.1500 3.7250 6.3000
v 6.1500 3.7500 6.3000
v 6.1500 3.7750 6.3000
v 6.1500 3.8000 6.3000
v 6.1500 3.6000 -6.3000
v 6.1500 3.6250 -6.3000
v 6.1500 3.6500 -6.3000
v 6.1500 3.6750 -6.3000
v 6.1500 3.7000 -6.3000
v 6.1500 3.7250 -6.3000
v 6.1500 3.7500 -6.3000
v 6.1500 3.7750 -6.3000
v 6.1500 3.8000 -6.3000
v 4.6125 3.6000 -6.3000
v 4.6125 3.6250 -6.3000
v 4.6125 3.6500 -6.3000
v 4.6125 3.6750 -6.3000
v 4.6125 3.7000 -6.3000
v 4.6125 3.7250 -6.3000
v 4.6125 3.7500 -6.3000
v 4.6125 3.7750 -6.3000
v 4.6125 3.8000 -6.3000
v 3.0750 3.6000 -6.3000
v 3.0750 3.6250 -6.3000
v 3.0750 3.6500 -6.3000
v 3.0750 3.6750 -6.3000
v 3.0750 3.7000 -6.3000
v 3.0750 3.7250 -6.3000
v 3.0750 3.7500 -6.3000
v 3.0750 3.7750 -6.3000
v 3.0750 3.8000 -6.3000
v 1.5375 3.6000 -6.3000
v 1.5375 3.6250 -6.3000
v 1.5375 3.6500 -6.3000
v 1.5375 3.6750 -6.3000
v 1.5375 3.7000 -6.3000
v 1.5375 3.7250 -6.3000
v 1.5375 3.7500 -6.3000
v 1.5375 3.7750 -6.3000
v 1.5375 3.8000 -6.3000
v 0.0000 3.6000 -6.3000
v 0.0000 3.6250 -6.3000
v 0.0000 3.6500 -6.3000
v 0.0000 3.6750 -6.3000
v 0.0000 3.7000 -6.3000
v 0.0000 3.7250 -6.3000
v 0.0000 3.7500 -6.3000
v 0.0000 3.7750 -6.3000
v 0.0000 3.8000 -6.3000
v -1.5375 3.6000 -6.3000
v -1.5375 3.6250 -6.3000
v -1.5375 3.6500 -6.3000
v -1.5375 3.6750 -6.3000
v -1.5375 3.7000 -6.3000
v -1.5375 3.7250 -6.3000
v -1.5375 3.7500 -6.3000
v -1.5375 3.7750 -6.3000
v -1.5375 3.8000 -6.3000
v -3.0750 3.6000 -6.3000
v -3.0750 3.6250 -6.3000
v -3.0750 3.6500 -6.3000
v -3.0750 3.6750 -6.3000
v -3.0750 3.7000 -6.3000
v -3.0750 3.7250 -6.3000
v -3.0750 3.7500 -6.3000
v -3.0750 3.7750 -6.3000
v -3.0750 3.8000 -6.3000
v -4.6125 3.6000 -6.3000
v -4.6125 3.6250 -6.3000
v -4.6125 3.6500 -6.3000
v -4.6125 3.6750 -6.3000
v -4.6125 3.7000 -6.3000
v -4.6125 3.7250 -6.3000
v -4.6125 3.7500 -6.3000
v -4.6125 3.7750 -6.3000
v -4.6125 3.8000 -6.3000
v -6.1500 3.6000 -6.3000
v -6.1500 3.6250 -6.3000
v -6.1500 3.6500 -6.3000
v -6.1500 3.6750 -6.3000
v -6.1500 3.7000 -6.3000
v -6.1500 3.7250 -6.3000
v -6.1500 3.7500 -6.3000
v -6.1500 3.7750 -6.3000
v -6.1500 3.8000 -6.3000
v -6.1500 3.6000 -6.3000
v -6.1500 3.6250 -6.3000
v -6.1500 3.6500 -6.3000
v -6.1500 3.6750 -6.3000
v -6.1500 3.7000 -6.3000
v -6.1500 3.7250 -6.3000
v -6.1500 3.7500 -6.3000
v -6.1500 3.7750 -6.3000
v -6.1500 3.8000 -6.3000
v -6.1500 3.6000 -4.7250
v -6.1500 3.6250 -4.7250
v -6.1500 3.6500 -4.7250
v -6.1500 3.6750 -4.7250
v -6.1500 3.7000 -4.7250
v -6.1500 3.7250 -4.7250
v -6.1500 3.7500 -4.7250
v -6.1500 3.7750 -4.7250
v -6.1500 3.8000 -4.7250
v -6.1500 3.6000 -3.1500
v -6.1500 3.6250 -3.1500
v -6.1500 3.6500 -3.1500
v -6.1500 3.6750 -3.1500
v -6.1500 3.7000 -3.1500
v -6.1500 3.7250 -3.1500
v -6.1500 3.7500 -3.1500
v -6.1500 3.7750 -3.1500
v -6.1500 3.8000 -3.1500
v -6.1500 3.6000 -1.5750
v -6.1500 3.6250 -1.5750
v -6.1500 3.6500 -1.5750
v -6.1500 3.6750 -1.5750
v -6.1500 3.7000 -1.5750
v -6.1500 3.7250 -1.5750
v -6.1500 3.7500 -1.5750
v -6.1500 3.7750 -1.5750
v -6.1500 3.8000 -1.5750
v -6.1500 3.6000 0.0000
v -6.1500 3.6250 0.0000
v -6.1500 3.6500 0.0000
v -6.1500 3.6750 0.0000
v -6.1500 3.7000 0.0000
v -6.1500 3.7250 0.0000
v -6.1500 3.7500 0.0000
v -6.1500 3.7750 0.0000
v -6.1500 3.8000 0.0000
v -6.1500 3.6000 1.5750
v -6.1500 3.6250 1.5750
v -6.1500 3.6500 1.5750
v -6.1500 3.6750 1.5750
v -6.1500 3.7000 1.5750
v -6.1500 3.7250 1.5750
v -6.1500 3.7500 1.5750
v -6.1500 3.7750 1.5750
v -6.1500 3.8000 1.5750
v -6.1500 3.6000 3.1500
v -6.1500 3.6250 3.1500
v -6.1500 3.6500 3.1500
v -6.1500 3.6750 3.1500
v -6.1500 3.7000 3.1500
v -6.1500 3.7250 3.1500
v -6.1500 3.7500 3.1500
v -6.1500 3.7750 3.1500
v -6.1500 3.8000 3.1500
v -6.1500 3.6000 4.7250
v -6.1500 3.6250 4.7250
v -6.1500 3.6500 4.7250
v -6.1500 3.6750 4.7250
v -6.1500 3.7000 4.7250
v -6.1500 3.7250 4.7250
v -6.1500 3.7500 4.7250
v -6.1500 3.7750 4.7250
v -6.1500 3.8000 4.7250
v -6.1500 3.6000 6.3000
v -6.1500 3.6250 6.3000
v -6.1500 3.6500 6.3000
v -6.1500 3.6750 6.3000
v -6.1500 3.7000 6.3000
v -6.1500 3.7250 6.3000
v -6.1500 3.7500 6.3000
v -6.1500 3.7750 6.3000
v -6.1500 3.8000 6.3000
v 6.1500 3.6000 6.3000
v 6.1500 3.6250 6.3000
v 6.1500 3.6500 6.3000
v 6.1500 3.6750 6.3000
v 6.1500 3.7000 6.3000
v 6.1500 3.7250 6.3000
v 6.1500 3.7500 6.3000
v 6.1500 3.7750 6.3000
v 6.1500 3.8000 6.3000
v 6.1500 3.6000 4.7250
v 6.1500 3.6250 4.7250
v 6.1500 3.6500 4.7250
v 6.1500 3.6750 4.7250
v 6.1500 3.7000 4.7250
v 6.1500 3.7250 4.7250
v 6.1500 3.7500 4.7250
v 6.1500 3.7750 4.7250
v 6.1500 3.8000 4.7250
v 6.1500 3.6000 3.1500
v 6.1500 3.6250 3.1500
v 6.1500 3.6500 3.1500
v 6.1500 3.6750 3.1500
v 6.1500 3.7000 3.1500
v 6.1500 3.7250 3.1500
v 6.1500 3.7500 3.1500
v 6.1500 3.7750 3.1500
v 6.1500 3.8000 3.1500
v 6.1500 3.6000 1.5750
v 6.1500 3.6250 1.5750
v 6.1500 3.6500 1.5750
v 6.1500 3.6750 1.5750
v 6.1500 3.7000 1.5750
v 6.1500 3.7250 1.5750
v 6.1500 3.7500 1.5750
v 6.1500 3.7750 1.5750
v 6.1500 3.8000 1.5750
v 6.1500 3.6000 0.0000
v 6.1500 3.6250 0.0000
v 6.1500 3.6500 0.0000
v 6.1500 3.6750 0.0000
v 6.1500 3.7000 0.0000
v 6.1500 3.7250 0.0000
v 6.1500 3.7500 0.0000
v 6.1500 3.7750 0.0000
v 6.1500 3.8000 0.0000
v 6.1500 3.6000 -1.5750
v 6.1500 3.6250 -1.5750
v 6.1500 3.6500 -1.5750
v 6.1500 3.6750 -1.5750
v 6.1500 3.7000 -1.5750
v 6.1500 3.7250 -1.5750
v 6.1500 3.7500 -1.5750
v 6.1500 3.7750 -1.5750
v 6.1500 3.8000 -1.5750
v 6.1500 3.6000 -3.1500
v 6.1500 3.6250 -3.1500
v 6.1500 3.6500 -3.1500
v 6.1500 3.6750 -3.1500
v 6.1500 3.7000 -3.1500
v 6.1500 3.7250 -3.1500
v 6.1500 3.7500 -3.1500
v 6.1500 3.7750 -3.1500
v 6.1500 3.8000 -3.1500
v 6.1500 3.6000 -4.7250
v 6.1500 3.6250 -4.7250
v 6.1500 3.6500 -4.7250
v 6.1500 3.6750 -4.7250
v 6.1500 3.7000 -4.7250
v 6.1500 3.7250 -4.7250
v 6.1500 3.7500 -4.7250
v 6.1500 3.7750 -4.7250
v 6.1500 3.8000 -4.7250
v 6.1500 3.6000 -6.3000
v 6.1500 3.6250 -6.3000
v 6.1500 3.6500 -6.3000
v 6.1500 3.6750 -6.3000
v 6.1500 3.7000 -6.3000
v 6.1500 3.7250 -6.3000
v 6.1500 3.7500 -6.3000
v 6.1500 3.7750 -6.3000
v 6.1500 3.8000 -6.3000
v -6.1500 3.8000 -6.3000
v -6.1500 3.8000 -4.7250
v -6.1500 3.8000 -3.1500
v -6.1500 3.8000 -1.5750
v -6.1500 3.8000 0.0000
v -6.1500 3.8000 1.5750
v -6.1500 3.8000 3.1500
v -6.1500 3.8000 4.7250
v -6.1500 3.8000 6.3000
v -4.6125 3.8000 -6.3000
v -4.6125 3.8000 -4.7250
v -4.6125 3.8000 -3.1500
v -4.6125 3.8000 -1.5750
v -4.6125 3.8000 0.0000
v -4.6125 3.8000 1.5750
v -4.6125 3.8000 3.1500
v -4.6125 3.8000 4.7250
v -4.6125 3.8000 6.3000
v -3.0750 3.8000 -6.3000
v -3.0750 3.8000 -4.7250
v -3.0750 3.8000 -3.1500
v -3.0750 3.8000 -1.5750
v -3.0750 3.8000 0.0000
v -3.0750 3.8000 1.5750
v -3.0750 3.8000 3.1500
v -3.0750 3.8000 4.7250
v -3.0750 3.8000 6.3000
v -1.5375 3.8000 -6.3000
v -1.5375 3.8000 -4.7250
v -1.5375 3.8000 -3.1500
v -1.5375 3.8000 -1.5750
v -1.5375 3.8000 0.0000
v -1.5375 3.8000 1.5750
v -1.5375 3.8000 3.1500
v -1.5375 3.8000 4.7250
v -1.5375 3.8000 6.3000
v 0.0000 3.8000 -6.3000
v 0.0000 3.8000 -4.7250
v 0.0000 3.8000 -3.1500
v 0.0000 3.8000 -1.5750
v 0.0000 3.8000 0.0000
v 0.0000 3.8000 1.5750
v 0.0000 3.8000 3.1500
v 0.0000 3.8000 4.7250
v 0.0000 3.8000 6.3000
v 1.5375 3.8000 -6.3000
v 1.5375 3.8000 -4.7250
v 1.5375 3.8000 -3.1500
v 1.5375 3.8000 -1.5750
v 1.5375 3.8000 0.0000
v 1.5375 3.8000 1.5750
v 1.5375 3.8000 3.1500
v 1.5375 3.8000 4.7250
v 1.5375 3.8000 6.3000
v 3.0750 3.8000 -6.3000
v 3.0750 3.8000 -4.7250
v 3.0750 3.8000 -3.1500
v 3.0750 3.8000 -1.5750
v 3.0750 3.8000 0.0000
v 3.0750 3.8000 1.5750
v 3.0750 3.8000 3.1500
v 3.0750 3.8000 4.7250
v 3.0750 3.8000 6.3000
v 4.6125 3.8000 -6.3000
v 4.6125 3.8000 -4.7250
v 4.6125 3.8000 -3.1500
v 4.6125 3.8000 -1.5750
v 4.6125 3.8000 0.0000
v 4.6125 3.8000 1.5750
v 4.6125 3.8000 3.1500
v 4.6125 3.8000 4.7250
v 4.6125 3.8000 6.3000
v 6.1500 3.8000 -6.3000
v 6.1500 3.8000 -4.7250
v 6.1500 3.8000 -3.1500
v 6.1500 3.8000 -1.5750
v 6.1500 3.8000 0.0000
v 6.1500 3.8000 1.5750
v 6.1500 3.8000 3.1500
v 6.1500 3.8000 4.7250
v 6.1500 3.8000 6.3000
v -6.1500 3.6000 6.3000
v -6.1500 3.6000 4.7250
v -6.1500 3.6000 3.1500
v -6.1500 3.6000 1.5750
v -6.1500 3.6000 0.0000
v -6.1500 3.6000 -1.5750
v -6.1500 3.6000 -3.1500
v -6.1500 3.6000 -4.7250
v -6.1500 3.6000 -6.3000
v -4.6125 3.6000 6.3000
v -4.6125 3.6000 4.7250
v -4.6125 3.6000 3.1500
v -4.6125 3.6000 1.5750
v -4.6125 3.6000 0.0000
v -4.6125 3.6000 -1.5750
v -4.6125 3.6000 -3.1500
v -4.6125 3.6000 -4.7250
v -4.6125 3.6000 -6.3000
v -3.0750 3.6000 6.3000
v -3.0750 3.6000 4.7250
v -3.0750 3.6000 3.1500
v -3.0750 3.6000 1.5750
v -3.0750 3.6000 0.0000
v -3.0750 3.6000 -1.5750
v -3.0750 3.6000 -3.1500
v -3.0750 3.6000 -4.7250
v -3.0750 3.6000 -6.3000
v -1.5375 3.6000 6.3000
v -1.5375 3.6000 4.7250
v -1.5375 3.6000 3.1500
v -1.5375 3.6000 1.5750
v -1.5375 3.6000 0.0000
v -1.5375 3.6000 -1.5750
v -1.5375 3.6000 -3.1500
v -1.5375 3.6000 -4.7250
v -1.5375 3.6000 -6.3000
v 0.0000 3.6000 6.3000
v 0.0000 3.6000 4.7250
v 0.0000 3.6000 3.1500
v 0.0000 3.6000 1.5750
v 0.0000 3.6000 0.0000
v 0.0000 3.6000 -1.5750
v 0.0000 3.6000 -3.1500
v 0.0000 3.6000 -4.7250
v 0.0000 3.6000 -6.3000
v 1.5375 3.6000 6.3000
v 1.5375 3.6000 4.7250
v 1.5375 3.6000 3.1500
v 1.5375 3.6000 1.5750
v 1.5375 3.6000 0.0000
v 1.5375 3.6000 -1.5750
v 1.5375 3.6000 -3.1500
v 1.5375 3.6000 -4.7250
v 1.5375 3.6000 -6.3000
v 3.0750 3.6000 6.3000
v 3.0750 3.6000 4.7250
v 3.0750 3.6000 3.1500
v 3.0750 3.6000 1.5750
v 3.0750 3.6000 0.0000
v 3.0750 3.6000 -1.5750
v 3.0750 3.6000 -3.1500
v 3.0750 3.6000 -4.7250
v 3.0750 3.6000 -6.3000
v 4.6125 3.6000 6.3000
v 4.6125 3.6000 4.7250
v 4.6125 3.6000 3.1500
v 4.6125 3.6000 1.5750
v 4.6125 3.6000 0.0000
v 4.6125 3.6000 -1.5750
v 4.6125 3.6000 -3.1500
v 4.6125 3.6000 -4.7250
v 4.6125 3.6000 -6.3000
v 6.1500 3.6000 6.3000
v 6.1500 3.6000 4.7250
v 6.1500 3.6000 3.1500
v 6.1500 3.6000 1.5750
v 6.1500 3.6000 0.0000
v 6.1500 3.6000 -1.5750
v 6.1500 3.6000 -3.1500
v 6.1500 3.6000 -4.7250
v 6.1500 3.6000 -6.3000
f 11233 11234 11243
f 11233 11243 11242
f 11234 11235 11244
f 11234 11244 11243
f 11235 11236 11245
f 11235 11245 11244
f 11236 11237 11246
f 11236 11246 11245
f 11237 11238 11247
f 11237 11247 11246
f 11238 11239 11248
f 11238 11248 11247
f 11239 11240 11249
f 11239 11249 11248
f 11240 11241 11250
f 11240 11250 11249
f 11242 11243 11252
f 11242 11252 11251
f 11243 11244 11253
f 11243 11253 11252
f 11244 11245 11254
f 11244 11254 11253
f 11245 11246 11255
f 11245 11255 11254
f 11246 11247 11256
f 11246 11256 11255
f 11247 11248 11257
f 11247 11257 11256
f 11248 11249 11258
f 11248 11258 11257
f 11249 11250 11259
f 11249 11259 11258
f 11251 11252 11261
f 11251 11261 11260
f 11252 11253 11262
f 11252 11262 11261
f 11253 11254 11263
f 11253 11263 11262
f 11254 11255 11264
f 11254 11264 11263
f 11255 11256 11265
f 11255 11265 11264
f 11256 11257 11266
f 11256 11266 11265
f 11257 11258 11267
f 11257 11267 11266
f 11258 11259 11268
f 11258 11268 11267
f 11260 11261 11270
f 11260 11270 11269
f 11261 11262 11271
f 11261 11271 11270
f 11262 11263 11272
f 11262 11272 11271
f 11263 11264 11273
f 11263 11273 11272
f 11264 11265 11274
f 11264 11274 11273
f 11265 11266 11275
f 11265 11275 11274
f 11266 11267 11276
f 11266 11276 11275
f 11267 11268 11277
f 11267 11277 11276
f 11269 11270 11279
f 11269 11279 11278
f 11270 11271 11280
f 11270 11280 11279
f 11271 11272 11281
f 11271 11281 11280
f 11272 11273 11282
f 11272 11282 11281
f 11273 11274 11283
f 11273 11283 11282
f 11274 11275 11284
f 11274 11284 11283
f 11275 11276 11285
f 11275 11285 11284
f 11276 11277 11286
f 11276 11286 11285
f 11278 11279 11288
f 11278 11288 11287
f 11279 11280 11289
f 11279 11289 11288
f 11280 11281 11290
f 11280 11290 11289
f 11281 11282 11291
f 11281 11291 11290
f 11282 11283 11292
f 11282 11292 11291
f 11283 11284 11293
f 11283 11293 11292
f 11284 11285 11294
f 11284 11294 11293
f 11285 11286 11295
f 11285 11295 11294
f 11287 11288 11297
f 11287 11297 11296
f 11288 11289 11298
f 11288 11298 11297
f 11289 11290 11299
f 11289 11299 11298
f 11290 11291 11300
f 11290 11300 11299
f 11291 11292 11301
f 11291 11301 11300
f 11292 11293 11302
f 11292 11302 11301
f 11293 11294 11303
f 11293 11303 11302
f 11294 11295 11304
f 11294 11304 11303
f 11296 11297 11306
f 11296 11306 11305
f 11297 11298 11307
f 11297 11307 11306
f 11298 11299 11308
f 11298 11308 11307
f 11299 11300 11309
f 11299 11309 11308
f 11300 11301 11310
f 11300 11310 11309
f 11301 11302 11311
f 11301 11311 11310
f 11302 11303 11312
f 11302 11312 11311
f 11303 11304 11313
f 11303 11313 11312
f 11314 11315 11324
f 11314 11324 11323
f 11315 11316 11325
f 11315 11325 11324
f 11316 11317 11326
f 11316 11326 11325
f 11317 11318 11327
f 11317 11327 11326
f 11318 11319 11328
f 11318 11328 11327
f 11319 11320 11329
f 11319 11329 11328
f 11320 11321 11330
f 11320 11330 11329
f 11321 11322 11331
f 11321 11331 11330
f 11323 11324 11333
f 11323 11333 11332
f 11324 11325 11334
f 11324 11334 11333
f 11325 11326 11335
f 11325 11335 11334
f 11326 11327 11336
f 11326 11336 11335
f 11327 11328 11337
f 11327 11337 11336
f 11328 11329 11338
f 11328 11338 11337
f 11329 11330 11339
f 11329 11339 11338
f 11330 11331 11340
f 11330 11340 11339
f 11332 11333 11342
f 11332 11342 11341
f 11333 11334 11343
f 11333 11343 11342
f 11334 11335 11344
f 11334 11344 11343
f 11335 11336 11345
f 11335 11345 11344
f 11336 11337 11346
f 11336 11346 11345
f 11337 11338 11347
f 11337 11347 11346
f 11338 11339 11348
f 11338 11348 11347
f 11339 11340 11349
f 11339 11349 11348
f 11341 11342 11351
f 11341 11351 11350
f 11342 11343 11352
f 11342 11352 11351
f 11343 11344 11353
f 11343 11353 11352
f 11344 11345 11354
f 11344 11354 11353
f 11345 11346 11355
f 11345 11355 11354
f 11346 11347 11356
f 11346 11356 11355
f 11347 11348 11357
f 11347 11357 11356
f 11348 11349 11358
f 11348 11358 11357
f 11350 11351 11360
f 11350 11360 11359
f 11351 11352 11361
f 11351 11361 11360
f 11352 11353 11362
f 11352 11362 11361
f 11353 11354 11363
f 11353 11363 11362
f 11354 11355 11364
f 11354 11364 11363
f 11355 11356 11365
f 11355 11365 11364
f 11356 11357 11366
f 11356 11366 11365
f 11357 11358 11367
f 11357 11367 11366
f 11359 11360 11369
f 11359 11369 11368
f 11360 11361 11370
f 11360 11370 11369
f 11361 11362 11371
f 11361 11371 11370
f 11362 11363 11372
f 11362 11372 11371
f 11363 11364 11373
f 11363 11373 11372
f 11364 11365 11374
f 11364 11374 11373
f 11365 11366 11375
f 11365 11375 11374
f 11366 11367 11376
f 11366 11376 11375
f 11368 11369 11378
f 11368 11378 11377
f 11369 11370 11379
f 11369 11379 11378
f 11370 11371 11380
f 11370 11380 11379
f 11371 11372 11381
f 11371 11381 11380
f 11372 11373 11382
f 11372 11382 11381
f 11373 11374 11383
f 11373 11383 11382
f 11374 11375 11384
f 11374 11384 11383
f 11375 11376 11385
f 11375 11385 11384
f 11377 11378 11387
f 11377 11387 11386
f 11378 11379 11388
f 11378 11388 11387
f 11379 11380 11389
f 11379 11389 11388
f 11380 11381 11390
f 11380 11390 11389
f 11381 11382 11391
f 11381 11391 11390
f 11382 11383 11392
f 11382 11392 11391
f 11383 11384 11393
f 11383 11393 11392
f 11384 11385 11394
f 11384 11394 11393
f 11395 11396 11405
f 11395 11405 11404
f 11396 11397 11406
f 11396 11406 11405
f 11397 11398 11407
f 11397 11407 11406
f 11398 11399 11408
f 11398 11408 11407
f 11399 11400 11409
f 11399 11409 11408
f 11400 11401 11410
f 11400 11410 11409
f 11401 11402 11411
f 11401 11411 11410
f 11402 11403 11412
f 11402 11412 11411
f 11404 11405 11414
f 11404 11414 11413
f 11405 11406 11415
f 11405 11415 11414
f 11406 11407 11416
f 11406 11416 11415
f 11407 11408 11417
f 11407 11417 11416
f 11408 11409 11418
f 11408 11418 11417
f 11409 11410 11419
f 11409 11419 11418
f 11410 11411 11420
f 11410 11420 11419
f 11411 11412 11421
f 11411 11421 11420
f 11413 11414 11423
f 11413 11423 11422
f 11414 11415 11424
f 11414 11424 11423
f 11415 11416 11425
f 11415 11425 11424
f 11416 11417 11426
f 11416 11426 11425
f 11417 11418 11427
f 11417 11427 11426
f 11418 11419 11428
f 11418 11428 11427
f 11419 11420 11429
f 11419 11429 11428
f 11420 11421 11430
f 11420 11430 11429
f 11422 11423 11432
f 11422 11432 11431
f 11423 11424 11433
f 11423 11433 11432
f 11424 11425 11434
f 11424 11434 11433
f 11425 11426 11435
f 11425 11435 11434
f 11426 11427 11436
f 11426 11436 11435
f 11427 11428 11437
f 11427 11437 11436
f 11428 11429 11438
f 11428 11438 11437
f 11429 11430 11439
f 11429 11439 11438
f 11431 11432 11441
f 11431 11441 11440
f 11432 11433 11442
f 11432 11442 11441
f 11433 11434 11443
f 11433 11443 11442
f 11434 11435 11444
f 11434 11444 11443
f 11435 11436 11445
f 11435 11445 11444
f 11436 11437 11446
f 11436 11446 11445
f 11437 11438 11447
f 11437 11447 11446
f 11438 11439 11448
f 11438 11448 11447
f 11440 11441 11450
f 11440 11450 11449
f 11441 11442 11451
f 11441 11451 11450
f 11442 11443 11452
f 11442 11452 11451
f 11443 11444 11453
f 11443 11453 11452
f 11444 11445 11454
f 11444 11454 11453
f 11445 11446 11455
f 11445 11455 11454
f 11446 11447 11456
f 11446 11456 11455
f 11447 11448 11457
f 11447 11457 11456
f 11449 11450 11459
f 11449 11459 11458
f 11450 11451 11460
f 11450 11460 11459
f 11451 11452 11461
f 11451 11461 11460
f 11452 11453 11462
f 11452 11462 11461
f 11453 11454 11463
f 11453 11463 11462
f 11454 11455 11464
f 11454 11464 11463
f 11455 11456 11465
f 11455 11465 11464
f 11456 11457 11466
f 11456 11466 11465
f 11458 11459 11468
f 11458 11468 11467
f 11459 11460 11469
f 11459 11469 11468
f 11460 11461 11470
f 11460 11470 11469
f 11461 11462 11471
f 11461 11471 11470
f 11462 11463 11472
f 11462 11472 11471
f 11463 11464 11473
f 11463 11473 11472
f 11464 11465 11474
f 11464 11474 11473
f 11465 11466 11475
f 11465 11475 11474
f 11476 11477 11486
f 11476 11486 11485
f 11477 11478 11487
f 11477 11487 11486
f 11478 11479 11488
f 11478 11488 11487
f 11479 11480 11489
f 11479 11489 11488
f 11480 11481 11490
f 11480 11490 11489
f 11481 11482 11491
f 11481 11491 11490
f 11482 11483 11492
f 11482 11492 11491
f 11483 11484 11493
f 11483 11493 11492
f 11485 11486 11495
f 11485 11495 11494
f 11486 11487 11496
f 11486 11496 11495
f 11487 11488 11497
f 11487 11497 11496
f 11488 11489 11498
f 11488 11498 11497
f 11489 11490 11499
f 11489 11499 11498
f 11490 11491 11500
f 11490 11500 11499
f 11491 11492 11501
f 11491 11501 11500
f 11492 11493 11502
f 11492 11502 11501
f 11494 11495 11504
f 11494 11504 11503
f 11495 11496 11505
f 11495 11505 11504
f 11496 11497 11506
f 11496 11506 11505
f 11497 11498 11507
f 11497 11507 11506
f 11498 11499 11508
f 11498 11508 11507
f 11499 11500 11509
f 11499 11509 11508
f 11500 11501 11510
f 11500 11510 11509
f 11501 11502 11511
f 11501 11511 11510
f 11503 11504 11513
f 11503 11513 11512
f 11504 11505 11514
f 11504 11514 11513
f 11505 11506 11515
f 11505 11515 11514
f 11506 11507 11516
f 11506 11516 11515
f 11507 11508 11517
f 11507 11517 11516
f 11508 11509 11518
f 11508 11518 11517
f 11509 11510 11519
f 11509 11519 11518
f 11510 11511 11520
f 11510 11520 11519
f 11512 11513 11522
f 11512 11522 11521
f 11513 11514 11523
f 11513 11523 11522
f 11514 11515 11524
f 11514 11524 11523
f 11515 11516 11525
f 11515 11525 11524
f 11516 11517 11526
f 11516 11526 11525
f 11517 11518 11527
f 11517 11527 11526
f 11518 11519 11528
f 11518 11528 11527
f 11519 11520 11529
f 11519 11529 11528
f 11521 11522 11531
f 11521 11531 11530
f 11522 11523 11532
f 11522 11532 11531
f 11523 11524 11533
f 11523 11533 11532
f 11524 11525 11534
f 11524 11534 11533
f 11525 11526 11535
f 11525 11535 11534
f 11526 11527 11536
f 11526 11536 11535
f 11527 11528 11537
f 11527 11537 11536
f 11528 11529 11538
f 11528 11538 11537
f 11530 11531 11540
f 11530 11540 11539
f 11531 11532 11541
f 11531 11541 11540
f 11532 11533 11542
f 11532 11542 11541
f 11533 11534 11543
f 11533 11543 11542
f 11534 11535 11544
f 11534 11544 11543
f 11535 11536 11545
f 11535 11545 11544
f 11536 11537 11546
f 11536 11546 11545
f 11537 11538 11547
f 11537 11547 11546
f 11539 11540 11549
f 11539 11549 11548
f 11540 11541 11550
f 11540 11550 11549
f 11541 11542 11551
f 11541 11551 11550
f 11542 11543 11552
f 11542 11552 11551
f 11543 11544 11553
f 11543 11553 11552
f 11544 11545 11554
f 11544 11554 11553
f 11545 11546 11555
f 11545 11555 11554
f 11546 11547 11556
f 11546 11556 11555
f 11557 11558 11567
f 11557 11567 11566
f 11558 11559 11568
f 11558 11568 11567
f 11559 11560 11569
f 11559 11569 11568
f 11560 11561 11570
f 11560 11570 11569
f 11561 11562 11571
f 11561 11571 11570
f 11562 11563 11572
f 11562 11572 11571
f 11563 11564 11573
f 11563 11573 11572
f 11564 11565 11574
f 11564 11574 11573
f 11566 11567 11576
f 11566 11576 11575
f 11567 11568 11577
f 11567 11577 11576
f 11568 11569 11578
f 11568 11578 11577
f 11569 11570 11579
f 11569 11579 11578
f 11570 11571 11580
f 11570 11580 11579
f 11571 11572 11581
f 11571 11581 11580
f 11572 11573 11582
f 11572 11582 11581
f 11573 11574 11583
f 11573 11583 11582
f 11575 11576 11585
f 11575 11585 11584
f 11576 11577 11586
f 11576 11586 11585
f 11577 11578 11587
f 11577 11587 11586
f 11578 11579 11588
f 11578 11588 11587
f 11579 11580 11589
f 11579 11589 11588
f 11580 11581 11590
f 11580 11590 11589
f 11581 11582 11591
f 11581 11591 11590
f 11582 11583 11592
f 11582 11592 11591
f 11584 11585 11594
f 11584 11594 11593
f 11585 11586 11595
f 11585 11595 11594
f 11586 11587 11596
f 11586 11596 11595
f 11587 11588 11597
f 11587 11597 11596
f 11588 11589 11598
f 11588 11598 11597
f 11589 11590 11599
f 11589 11599 11598
f 11590 11591 11600
f 11590 11600 11599
f 11591 11592 11601
f 11591 11601 11600
f 11593 11594 11603
f 11593 11603 11602
f 11594 11595 11604
f 11594 11604 11603
f 11595 11596 11605
f 11595 11605 11604
f 11596 11597 11606
f 11596 11606 11605
f 11597 11598 11607
f 11597 11607 11606
f 11598 11599 11608
f 11598 11608 11607
f 11599 11600 11609
f 11599 11609 11608
f 11600 11601 11610
f 11600 11610 11609
f 11602 11603 11612
f 11602 11612 11611
f 11603 11604 11613
f 11603 11613 11612
f 11604 11605 11614
f 11604 11614 11613
f 11605 11606 11615
f 11605 11615 11614
f 11606 11607 11616
f 11606 11616 11615
f 11607 11608 11617
f 11607 11617 11616
f 11608 11609 11618
f 11608 11618 11617
f 11609 11610 11619
f 11609 11619 11618
f 11611 11612 11621
f 11611 11621 11620
f 11612 11613 11622
f 11612 11622 11621
f 11613 11614 11623
f 11613 11623 11622
f 11614 11615 11624
f 11614 11624 11623
f 11615 11616 11625
f 11615 11625 11624
f 11616 11617 11626
f 11616 11626 11625
f 11617 11618 11627
f 11617 11627 11626
f 11618 11619 11628
f 11618 11628 11627
f 11620 11621 11630
f 11620 11630 11629
f 11621 11622 11631
f 11621 11631 11630
f 11622 11623 11632
f 11622 11632 11631
f 11623 11624 11633
f 11623 11633 11632
f 11624 11625 11634
f 11624 11634 11633
f 11625 11626 11635
f 11625 11635 11634
f 11626 11627 11636
f 11626 11636 11635
f 11627 11628 11637
f 11627 11637 11636
f 11638 11639 11648
f 11638 11648 11647
f 11639 11640 11649
f 11639 11649 11648
f 11640 11641 11650
f 11640 11650 11649
f 11641 11642 11651
f 11641 11651 11650
f 11642 11643 11652
f 11642 11652 11651
f 11643 11644 11653
f 11643 11653 11652
f 11644 11645 11654
f 11644 11654 11653
f 11645 11646 11655
f 11645 11655 11654
f 11647 11648 11657
f 11647 11657 11656
f 11648 11649 11658
f 11648 11658 11657
f 11649 11650 11659
f 11649 11659 11658
f 11650 11651 11660
f 11650 11660 11659
f 11651 11652 11661
f 11651 11661 11660
f 11652 11653 11662
f 11652 11662 11661
f 11653 11654 11663
f 11653 11663 11662
f 11654 11655 11664
f 11654 11664 11663
f 11656 11657 11666
f 11656 11666 11665
f 11657 11658 11667
f 11657 11667 11666
f 11658 11659 11668
f 11658 11668 11667
f 11659 11660 11669
f 11659 11669 11668
f 11660 11661 11670
f 11660 11670 11669
f 11661 11662 11671
f 11661 11671 11670
f 11662 11663 11672
f 11662 11672 11671
f 11663 11664 11673
f 11663 11673 11672
f 11665 11666 11675
f 11665 11675 11674
f 11666 11667 11676
f 11666 11676 11675
f 11667 11668 11677
f 11667 11677 11676
f 11668 11669 11678
f 11668 11678 11677
f 11669 11670 11679
f 11669 11679 11678
f 11670 11671 11680
f 11670 11680 11679
f 11671 11672 11681
f 11671 11681 11680
f 11672 11673 11682
f 11672 11682 11681
f 11674 11675 11684
f 11674 11684 11683
f 11675 11676 11685
f 11675 11685 11684
f 11676 11677 11686
f 11676 11686 11685
f 11677 11678 11687
f 11677 11687 11686
f 11678 11679 11688
f 11678 11688 11687
f 11679 11680 11689
f 11679 11689 11688
f 11680 11681 11690
f 11680 11690 11689
f 11681 11682 11691
f 11681 11691 11690
f 11683 11684 11693
f 11683 11693 11692
f 11684 11685 11694
f 11684 11694 11693
f 11685 11686 11695
f 11685 11695 11694
f 11686 11687 11696
f 11686 11696 11695
f 11687 11688 11697
f 11687 11697 11696
f 11688 11689 11698
f 11688 11698 11697
f 11689 11690 11699
f 11689 11699 11698
f 11690 11691 11700
f 11690 11700 11699
f 11692 11693 11702
f 11692 11702 11701
f 11693 11694 11703
f 11693 11703 11702
f 11694 11695 11704
f 11694 11704 11703
f 11695 11696 11705
f 11695 11705 11704
f 11696 11697 11706
f 11696 11706 11705
f 11697 11698 11707
f 11697 11707 11706
f 11698 11699 11708
f 11698 11708 11707
f 11699 11700 11709
f 11699 11709 11708
f 11701 11702 11711
f 11701 11711 11710
f 11702 11703 11712
f 11702 11712 11711
f 11703 11704 11713
f 11703 11713 11712
f 11704 11705 11714
f 11704 11714 11713
f 11705 11706 11715
f 11705 11715 11714
f 11706 11707 11716
f 11706 11716 11715
f 11707 11708 11717
f 11707 11717 11716
f 11708 11709 11718
f 11708 11718 11717
g 보일러 본체_0
v -2.6000 0.0000 -3.0000
v -2.6000 2.2000 -3.0000
v -2.6334 0.0000 -2.7572
v -2.6334 2.2000 -2.7572
v -2.7310 0.0000 -2.5324
v -2.7310 2.2000 -2.5324
v -2.8857 0.0000 -2.3422
v -2.8857 2.2000 -2.3422
v -3.0859 0.0000 -2.2009
v -3.0859 2.2000 -2.2009
v -3.3169 0.0000 -2.1188
v -3.3169 2.2000 -2.1188
v -3.5614 0.0000 -2.1021
v -3.5614 2.2000 -2.1021
v -3.8014 0.0000 -2.1520
v -3.8014 2.2000 -2.1520
v -4.0190 0.0000 -2.2647
v -4.0190 2.2000 -2.2647
v -4.1981 0.0000 -2.4320
v -4.1981 2.2000 -2.4320
v -4.3255 0.0000 -2.6414
v -4.3255 2.2000 -2.6414
v -4.3916 0.0000 -2.8775
v -4.3916 2.2000 -2.8775
v -4.3916 0.0000 -3.1225
v -4.3916 2.2000 -3.1225
v -4.3255 0.0000 -3.3586
v -4.3255 2.2000 -3.3586
v -4.1981 0.0000 -3.5680
v -4.1981 2.2000 -3.5680
v -4.0190 0.0000 -3.7353
v -4.0190 2.2000 -3.7353
v -3.8014 0.0000 -3.8480
v -3.8014 2.2000 -3.8480
v -3.5614 0.0000 -3.8979
v -3.5614 2.2000 -3.8979
v -3.3169 0.0000 -3.8812
v -3.3169 2.2000 -3.8812
v -3.0859 0.0000 -3.7991
v -3.0859 2.2000 -3.7991
v -2.8857 0.0000 -3.6578
v -2.8857 2.2000 -3.6578
v -2.7310 0.0000 -3.4676
v -2.7310 2.2000 -3.4676
v -2.6334 0.0000 -3.2428
v -2.6334 2.2000 -3.2428
v -3.5000 2.2000 -3.0000
v -3.5000 0.0000 -3.0000
f 11719 11721 11722
f 11719 11722 11720
f 11721 11723 11724
f 11721 11724 11722
f 11723 11725 11726
f 11723 11726 11724
f 11725 11727 11728
f 11725 11728 11726
f 11727 11729 11730
f 11727 11730 11728
f 11729 11731 11732
f 11729 11732 11730
f 11731 11733 11734
f 11731 11734 11732
f 11733 11735 11736
f 11733 11736 11734
f 11735 11737 11738
f 11735 11738 11736
f 11737 11739 11740
f 11737 11740 11738
f 11739 11741 11742
f 11739 11742 11740
f 11741 11743 11744
f 11741 11744 11742
f 11743 11745 11746
f 11743 11746 11744
f 11745 11747 11748
f 11745 11748 11746
f 11747 11749 11750
f 11747 11750 11748
f 11749 11751 11752
f 11749 11752 11750
f 11751 11753 11754
f 11751 11754 11752
f 11753 11755 11756
f 11753 11756 11754
f 11755 11757 11758
f 11755 11758 11756
f 11757 11759 11760
f 11757 11760 11758
f 11759 11761 11762
f 11759 11762 11760
f 11761 11763 11764
f 11761 11764 11762
f 11763 11719 11720
f 11763 11720 11764
f 11765 11720 11722
f 11766 11721 11719
f 11765 11722 11724
f 11766 11723 11721
f 11765 11724 11726
f 11766 11725 11723
f 11765 11726 11728
f 11766 11727 11725
f 11765 11728 11730
f 11766 11729 11727
f 11765 11730 11732
f 11766 11731 11729
f 11765 11732 11734
f 11766 11733 11731
f 11765 11734 11736
f 11766 11735 11733
f 11765 11736 11738
f 11766 11737 11735
f 11765 11738 11740
f 11766 11739 11737
f 11765 11740 11742
f 11766 11741 11739
f 11765 11742 11744
f 11766 11743 11741
f 11765 11744 11746
f 11766 11745 11743
f 11765 11746 11748
f 11766 11747 11745
f 11765 11748 11750
f 11766 11749 11747
f 11765 11750 11752
f 11766 11751 11749
f 11765 11752 11754
f 11766 11753 11751
f 11765 11754 11756
f 11766 11755 11753
f 11765 11756 11758
f 11766 11757 11755
f 11765 11758 11760
f 11766 11759 11757
f 11765 11760 11762
f 11766 11761 11759
f 11765 11762 11764
f 11766 11763 11761
f 11765 11764 11720
f 11766 11719 11763
g 보일러 본체_1
v -2.6000 0.0000 0.0000
v -2.6000 2.2000 0.0000
v -2.6334 0.0000 0.2428
v -2.6334 2.2000 0.2428
v -2.7310 0.0000 0.4676
v -2.7310 2.2000 0.4676
v -2.8857 0.0000 0.6578
v -2.8857 2.2000 0.6578
v -3.0859 0.0000 0.7991
v -3.0859 2.2000 0.7991
v -3.3169 0.0000 0.8812
v -3.3169 2.2000 0.8812
v -3.5614 0.0000 0.8979
v -3.5614 2.2000 0.8979
v -3.8014 0.0000 0.8480
v -3.8014 2.2000 0.8480
v -4.0190 0.0000 0.7353
v -4.0190 2.2000 0.7353
v -4.1981 0.0000 0.5680
v -4.1981 2.2000 0.5680
v -4.3255 0.0000 0.3586
v -4.3255 2.2000 0.3586
v -4.3916 0.0000 0.1225
v -4.3916 2.2000 0.1225
v -4.3916 0.0000 -0.1225
v -4.3916 2.2000 -0.1225
v -4.3255 0.0000 -0.3586
v -4.3255 2.2000 -0.3586
v -4.1981 0.0000 -0.5680
v -4.1981 2.2000 -0.5680
v -4.0190 0.0000 -0.7353
v -4.0190 2.2000 -0.7353
v -3.8014 0.0000 -0.8480
v -3.8014 2.2000 -0.8480
v -3.5614 0.0000 -0.8979
v -3.5614 2.2000 -0.8979
v -3.3169 0.0000 -0.8812
v -3.3169 2.2000 -0.8812
v -3.0859 0.0000 -0.7991
v -3.0859 2.2000 -0.7991
v -2.8857 0.0000 -0.6578
v -2.8857 2.2000 -0.6578
v -2.7310 0.0000 -0.4676
v -2.7310 2.2000 -0.4676
v -2.6334 0.0000 -0.2428
v -2.6334 2.2000 -0.2428
v -3.5000 2.2000 0.0000
v -3.5000 0.0000 0.0000
f 11767 11769 11770
f 11767 11770 11768
f 11769 11771 11772
f 11769 11772 11770
f 11771 11773 11774
f 11771 11774 11772
f 11773 11775 11776
f 11773 11776 11774
f 11775 11777 11778
f 11775 11778 11776
f 11777 11779 11780
f 11777 11780 11778
f 11779 11781 11782
f 11779 11782 11780
f 11781 11783 11784
f 11781 11784 11782
f 11783 11785 11786
f 11783 11786 11784
f 11785 11787 11788
f 11785 11788 11786
f 11787 11789 11790
f 11787 11790 11788
f 11789 11791 11792
f 11789 11792 11790
f 11791 11793 11794
f 11791 11794 11792
f 11793 11795 11796
f 11793 11796 11794
f 11795 11797 11798
f 11795 11798 11796
f 11797 11799 11800
f 11797 11800 11798
f 11799 11801 11802
f 11799 11802 11800
f 11801 11803 11804
f 11801 11804 11802
f 11803 11805 11806
f 11803 11806 11804
f 11805 11807 11808
f 11805 11808 11806
f 11807 11809 11810
f 11807 11810 11808
f 11809 11811 11812
f 11809 11812 11810
f 11811 11767 11768
f 11811 11768 11812
f 11813 11768 11770
f 11814 11769 11767
f 11813 11770 11772
f 11814 11771 11769
f 11813 11772 11774
f 11814 11773 11771
f 11813 11774 11776
f 11814 11775 11773
f 11813 11776 11778
f 11814 11777 11775
f 11813 11778 11780
f 11814 11779 11777
f 11813 11780 11782
f 11814 11781 11779
f 11813 11782 11784
f 11814 11783 11781
f 11813 11784 11786
f 11814 11785 11783
f 11813 11786 11788
f 11814 11787 11785
f 11813 11788 11790
f 11814 11789 11787
f 11813 11790 11792
f 11814 11791 11789
f 11813 11792 11794
f 11814 11793 11791
f 11813 11794 11796
f 11814 11795 11793
f 11813 11796 11798
f 11814 11797 11795
f 11813 11798 11800
f 11814 11799 11797
f 11813 11800 11802
f 11814 11801 11799
f 11813 11802 11804
f 11814 11803 11801
f 11813 11804 11806
f 11814 11805 11803
f 11813 11806 11808
f 11814 11807 11805
f 11813 11808 11810
f 11814 11809 11807
f 11813 11810 11812
f 11814 11811 11809
f 11813 11812 11768
f 11814 11767 11811
g 연통_0
v -3.3200 1.2000 -3.0000
v -3.3200 4.8000 -3.0000
v -3.3356 1.2000 -2.9268
v -3.3356 4.8000 -2.9268
v -3.3796 1.2000 -2.8662
v -3.3796 4.8000 -2.8662
v -3.4444 1.2000 -2.8288
v -3.4444 4.8000 -2.8288
v -3.5188 1.2000 -2.8210
v -3.5188 4.8000 -2.8210
v -3.5900 1.2000 -2.8441
v -3.5900 4.8000 -2.8441
v -3.6456 1.2000 -2.8942
v -3.6456 4.8000 -2.8942
v -3.6761 1.2000 -2.9626
v -3.6761 4.8000 -2.9626
v -3.6761 1.2000 -3.0374
v -3.6761 4.8000 -3.0374
v -3.6456 1.2000 -3.1058
v -3.6456 4.8000 -3.1058
v -3.5900 1.2000 -3.1559
v -3.5900 4.8000 -3.1559
v -3.5188 1.2000 -3.1790
v -3.5188 4.8000 -3.1790
v -3.4444 1.2000 -3.1712
v -3.4444 4.8000 -3.1712
v -3.3796 1.2000 -3.1338
v -3.3796 4.8000 -3.1338
v -3.3356 1.2000 -3.0732
v -3.3356 4.8000 -3.0732
v -3.5000 4.8000 -3.0000
v -3.5000 1.2000 -3.0000
f 11815 11817 11818
f 11815 11818 11816
f 11817 11819 11820
f 11817 11820 11818
f 11819 11821 11822
f 11819 11822 11820
f 11821 11823 11824
f 11821 11824 11822
f 11823 11825 11826
f 11823 11826 11824
f 11825 11827 11828
f 11825 11828 11826
f 11827 11829 11830
f 11827 11830 11828
f 11829 11831 11832
f 11829 11832 11830
f 11831 11833 11834
f 11831 11834 11832
f 11833 11835 11836
f 11833 11836 11834
f 11835 11837 11838
f 11835 11838 11836
f 11837 11839 11840
f 11837 11840 11838
f 11839 11841 11842
f 11839 11842 11840
f 11841 11843 11844
f 11841 11844 11842
f 11843 11815 11816
f 11843 11816 11844
f 11845 11816 11818
f 11846 11817 11815
f 11845 11818 11820
f 11846 11819 11817
f 11845 11820 11822
f 11846 11821 11819
f 11845 11822 11824
f 11846 11823 11821
f 11845 11824 11826
f 11846 11825 11823
f 11845 11826 11828
f 11846 11827 11825
f 11845 11828 11830
f 11846 11829 11827
f 11845 11830 11832
f 11846 11831 11829
f 11845 11832 11834
f 11846 11833 11831
f 11845 11834 11836
f 11846 11835 11833
f 11845 11836 11838
f 11846 11837 11835
f 11845 11838 11840
f 11846 11839 11837
f 11845 11840 11842
f 11846 11841 11839
f 11845 11842 11844
f 11846 11843 11841
f 11845 11844 11816
f 11846 11815 11843
g 연통_1
v -3.3200 1.2000 0.0000
v -3.3200 4.8000 0.0000
v -3.3356 1.2000 0.0732
v -3.3356 4.8000 0.0732
v -3.3796 1.2000 0.1338
v -3.3796 4.8000 0.1338
v -3.4444 1.2000 0.1712
v -3.4444 4.8000 0.1712
v -3.5188 1.2000 0.1790
v -3.5188 4.8000 0.1790
v -3.5900 1.2000 0.1559
v -3.5900 4.8000 0.1559
v -3.6456 1.2000 0.1058
v -3.6456 4.8000 0.1058
v -3.6761 1.2000 0.0374
v -3.6761 4.8000 0.0374
v -3.6761 1.2000 -0.0374
v -3.6761 4.8000 -0.0374
v -3.6456 1.2000 -0.1058
v -3.6456 4.8000 -0.1058
v -3.5900 1.2000 -0.1559
v -3.5900 4.8000 -0.1559
v -3.5188 1.2000 -0.1790
v -3.5188 4.8000 -0.1790
v -3.4444 1.2000 -0.1712
v -3.4444 4.8000 -0.1712
v -3.3796 1.2000 -0.1338
v -3.3796 4.8000 -0.1338
v -3.3356 1.2000 -0.0732
v -3.3356 4.8000 -0.0732
v -3.5000 4.8000 0.0000
v -3.5000 1.2000 0.0000
f 11847 11849 11850
f 11847 11850 11848
f 11849 11851 11852
f 11849 11852 11850
f 11851 11853 11854
f 11851 11854 11852
f 11853 11855 11856
f 11853 11856 11854
f 11855 11857 11858
f 11855 11858 11856
f 11857 11859 11860
f 11857 11860 11858
f 11859 11861 11862
f 11859 11862 11860
f 11861 11863 11864
f 11861 11864 11862
f 11863 11865 11866
f 11863 11866 11864
f 11865 11867 11868
f 11865 11868 11866
f 11867 11869 11870
f 11867 11870 11868
f 11869 11871 11872
f 11869 11872 11870
f 11871 11873 11874
f 11871 11874 11872
f 11873 11875 11876
f 11873 11876 11874
f 11875 11847 11848
f 11875 11848 11876
f 11877 11848 11850
f 11878 11849 11847
f 11877 11850 11852
f 11878 11851 11849
f 11877 11852 11854
f 11878 11853 11851
f 11877 11854 11856
f 11878 11855 11853
f 11877 11856 11858
f 11878 11857 11855
f 11877 11858 11860
f 11878 11859 11857
f 11877 11860 11862
f 11878 11861 11859
f 11877 11862 11864
f 11878 11863 11861
f 11877 11864 11866
f 11878 11865 11863
f 11877 11866 11868
f 11878 11867 11865
f 11877 11868 11870
f 11878 11869 11867
f 11877 11870 11872
f 11878 11871 11869
f 11877 11872 11874
f 11878 11873 11871
f 11877 11874 11876
f 11878 11875 11873
f 11877 11876 11848
f 11878 11847 11875
g 배관_0
v -2.3000 2.7000 5.0000
v -2.3000 2.7250 5.0000
v -2.3000 2.7500 5.0000
v -2.3000 2.7750 5.0000
v -2.3000 2.8000 5.0000
v -2.3000 2.8250 5.0000
v -2.3000 2.8500 5.0000
v -2.3000 2.8750 5.0000
v -2.3000 2.9000 5.0000
v -2.2750 2.7000 5.0000
v -2.2750 2.7250 5.0000
v -2.2750 2.7500 5.0000
v -2.2750 2.7750 5.0000
v -2.2750 2.8000 5.0000
v -2.2750 2.8250 5.0000
v -2.2750 2.8500 5.0000
v -2.2750 2.8750 5.0000
v -2.2750 2.9000 5.0000
v -2.2500 2.7000 5.0000
v -2.2500 2.7250 5.0000
v -2.2500 2.7500 5.0000
v -2.2500 2.7750 5.0000
v -2.2500 2.8000 5.0000
v -2.2500 2.8250 5.0000
v -2.2500 2.8500 5.0000
v -2.2500 2.8750 5.0000
v -2.2500 2.9000 5.0000
v -2.2250 2.7000 5.0000
v -2.2250 2.7250 5.0000
v -2.2250 2.7500 5.0000
v -2.2250 2.7750 5.0000
v -2.2250 2.8000 5.0000
v -2.2250 2.8250 5.0000
v -2.2250 2.8500 5.0000
v -2.2250 2.8750 5.0000
v -2.2250 2.9000 5.0000
v -2.2000 2.7000 5.0000
v -2.2000 2.7250 5.0000
v -2.2000 2.7500 5.0000
v -2.2000 2.7750 5.0000
v -2.2000 2.8000 5.0000
v -2.2000 2.8250 5.0000
v -2.2000 2.8500 5.0000
v -2.2000 2.8750 5.0000
v -2.2000 2.9000 5.0000
v -2.1750 2.7000 5.0000
v -2.1750 2.7250 5.0000
v -2.1750 2.7500 5.0000
v -2.1750 2.7750 5.0000
v -2.1750 2.8000 5.0000
v -2.1750 2.8250 5.0000
v -2.1750 2.8500 5.0000
v -2.1750 2.8750 5.0000
v -2.1750 2.9000 5.0000
v -2.1500 2.7000 5.0000
v -2.1500 2.7250 5.0000
v -2.1500 2.7500 5.0000
v -2.1500 2.7750 5.0000
v -2.1500 2.8000 5.0000
v -2.1500 2.8250 5.0000
v -2.1500 2.8500 5.0000
v -2.1500 2.8750 5.0000
v -2.1500 2.9000 5.0000
v -2.1250 2.7000 5.0000
v -2.1250 2.7250 5.0000
v -2.1250 2.7500 5.0000
v -2.1250 2.7750 5.0000
v -2.1250 2.8000 5.0000
v -2.1250 2.8250 5.0000
v -2.1250 2.8500 5.0000
v -2.1250 2.8750 5.0000
v -2.1250 2.9000 5.0000
v -2.1000 2.7000 5.0000
v -2.1000 2.7250 5.0000
v -2.1000 2.7500 5.0000
v -2.1000 2.7750 5.0000
v -2.1000 2.8000 5.0000
v -2.1000 2.8250 5.0000
v -2.1000 2.8500 5.0000
v -2.1000 2.8750 5.0000
v -2.1000 2.9000 5.0000
v -2.1000 2.7000 -5.0000
v -2.1000 2.7250 -5.0000
v -2.1000 2.7500 -5.0000
v -2.1000 2.7750 -5.0000
v -2.1000 2.8000 -5.0000
v -2.1000 2.8250 -5.0000
v -2.1000 2.8500 -5.0000
v -2.1000 2.8750 -5.0000
v -2.1000 2.9000 -5.0000
v -2.1250 2.7000 -5.0000
v -2.1250 2.7250 -5.0000
v -2.1250 2.7500 -5.0000
v -2.1250 2.7750 -5.0000
v -2.1250 2.8000 -5.0000
v -2.1250 2.8250 -5.0000
v -2.1250 2.8500 -5.0000
v -2.1250 2.8750 -5.0000
v -2.1250 2.9000 -5.0000
v -2.1500 2.7000 -5.0000
v -2.1500 2.7250 -5.0000
v -2.1500 2.7500 -5.0000
v -2.1500 2.7750 -5.0000
v -2.1500 2.8000 -5.0000
v -2.1500 2.8250 -5.0000
v -2.1500 2.8500 -5.0000
v -2.1500 2.8750 -5.0000
v -2.1500 2.9000 -5.0000
v -2.1750 2.7000 -5.0000
v -2.1750 2.7250 -5.0000
v -2.1750 2.7500 -5.0000
v -2.1750 2.7750 -5.0000
v -2.1750 2.8000 -5.0000
v -2.1750 2.8250 -5.0000
v -2.1750 2.8500 -5.0000
v -2.1750 2.8750 -5.0000
v -2.1750 2.9000 -5.0000
v -2.2000 2.7000 -5.0000
v -2.2000 2.7250 -5.0000
v -2.2000 2.7500 -5.0000
v -2.2000 2.7750 -5.0000
v -2.2000 2.8000 -5.0000
v -2.2000 2.8250 -5.0000
v -2.2000 2.8500 -5.0000
v -2.2000 2.8750 -5.0000
v -2.2000 2.9000 -5.0000
v -2.2250 2.7000 -5.0000
v -2.2250 2.7250 -5.0000
v -2.2250 2.7500 -5.0000
v -2.2250 2.7750 -5.0000
v -2.2250 2.8000 -5.0000
v -2.2250 2.8250 -5.0000
v -2.2250 2.8500 -5.0000
v -2.2250 2.8750 -5.0000
v -2.2250 2.9000 -5.0000
v -2.2500 2.7000 -5.0000
v -2.2500 2.7250 -5.0000
v -2.2500 2.7500 -5.0000
v -2.2500 2.7750 -5.0000
v -2.2500 2.8000 -5.0000
v -2.2500 2.8250 -5.0000
v -2.2500 2.8500 -5.0000
v -2.2500 2.8750 -5.0000
v -2.2500 2.9000 -5.0000
v -2.2750 2.7000 -5.0000
v -2.2750 2.7250 -5.0000
v -2.2750 2.7500 -5.0000
v -2.2750 2.7750 -5.0000
v -2.2750 2.8000 -5.0000
v -2.2750 2.8250 -5.0000
v -2.2750 2.8500 -5.0000
v -2.2750 2.8750 -5.0000
v -2.2750 2.9000 -5.0000
v -2.3000 2.7000 -5.0000
v -2.3000 2.7250 -5.0000
v -2.3000 2.7500 -5.0000
v -2.3000 2.7750 -5.0000
v -2.3000 2.8000 -5.0000
v -2.3000 2.8250 -5.0000
v -2.3000 2.8500 -5.0000
v -2.3000 2.8750 -5.0000
v -2.3000 2.9000 -5.0000
v -2.3000 2.7000 -5.0000
v -2.3000 2.7250 -5.0000
v -2.3000 2.7500 -5.0000
v -2.3000 2.7750 -5.0000
v -2.3000 2.8000 -5.0000
v -2.3000 2.8250 -5.0000
v -2.3000 2.8500 -5.0000
v -2.3000 2.8750 -5.0000
v -2.3000 2.9000 -5.0000
v -2.3000 2.7000 -3.7500
v -2.3000 2.7250 -3.7500
v -2.3000 2.7500 -3.7500
v -2.3000 2.7750 -3.7500
v -2.3000 2.8000 -3.7500
v -2.3000 2.8250 -3.7500
v -2.3000 2.8500 -3.7500
v -2.3000 2.8750 -3.7500
v -2.3000 2.9000 -3.7500
v -2.3000 2.7000 -2.5000
v -2.3000 2.7250 -2.5000
v -2.3000 2.7500 -2.5000
v -2.3000 2.7750 -2.5000
v -2.3000 2.8000 -2.5000
v -2.3000 2.8250 -2.5000
v -2.3000 2.8500 -2.5000
v -2.3000 2.8750 -2.5000
v -2.3000 2.9000 -2.5000
v -2.3000 2.7000 -1.2500
v -2.3000 2.7250 -1.2500
v -2.3000 2.7500 -1.2500
v -2.3000 2.7750 -1.2500
v -2.3000 2.8000 -1.2500
v -2.3000 2.8250 -1.2500
v -2.3000 2.8500 -1.2500
v -2.3000 2.8750 -1.2500
v -2.3000 2.9000 -1.2500
v -2.3000 2.7000 0.0000
v -2.3000 2.7250 0.0000
v -2.3000 2.7500 0.0000
v -2.3000 2.7750 0.0000
v -2.3000 2.8000 0.0000
v -2.3000 2.8250 0.0000
v -2.3000 2.8500 0.0000
v -2.3000 2.8750 0.0000
v -2.3000 2.9000 0.0000
v -2.3000 2.7000 1.2500
v -2.3000 2.7250 1.2500
v -2.3000 2.7500 1.2500
v -2.3000 2.7750 1.2500
v -2.3000 2.8000 1.2500
v -2.3000 2.8250 1.2500
v -2.3000 2.8500 1.2500
v -2.3000 2.8750 1.2500
v -2.3000 2.9000 1.2500
v -2.3000 2.7000 2.5000
v -2.3000 2.7250 2.5000
v -2.3000 2.7500 2.5000
v -2.3000 2.7750 2.5000
v -2.3000 2.8000 2.5000
v -2.3000 2.8250 2.5000
v -2.3000 2.8500 2.5000
v -2.3000 2.8750 2.5000
v -2.3000 2.9000 2.5000
v -2.3000 2.7000 3.7500
v -2.3000 2.7250 3.7500
v -2.3000 2.7500 3.7500
v -2.3000 2.7750 3.7500
v -2.3000 2.8000 3.7500
v -2.3000 2.8250 3.7500
v -2.3000 2.8500 3.7500
v -2.3000 2.8750 3.7500
v -2.3000 2.9000 3.7500
v -2.3000 2.7000 5.0000
v -2.3000 2.7250 5.0000
v -2.3000 2.7500 5.0000
v -2.3000 2.7750 5.0000
v -2.3000 2.8000 5.0000
v -2.3000 2.8250 5.0000
v -2.3000 2.8500 5.0000
v -2.3000 2.8750 5.0000
v -2.3000 2.9000 5.0000
v -2.1000 2.7000 5.0000
v -2.1000 2.7250 5.0000
v -2.1000 2.7500 5.0000
v -2.1000 2.7750 5.0000
v -2.1000 2.8000 5.0000
v -2.1000 2.8250 5.0000
v -2.1000 2.8500 5.0000
v -2.1000 2.8750 5.0000
v -2.1000 2.9000 5.0000
v -2.1000 2.7000 3.7500
v -2.1000 2.7250 3.7500
v -2.1000 2.7500 3.7500
v -2.1000 2.7750 3.7500
v -2.1000 2.8000 3.7500
v -2.1000 2.8250 3.7500
v -2.1000 2.8500 3.7500
v -2.1000 2.8750 3.7500
v -2.1000 2.9000 3.7500
v -2.1000 2.7000 2.5000
v -2.1000 2.7250 2.5000
v -2.1000 2.7500 2.5000
v -2.1000 2.7750 2.5000
v -2.1000 2.8000 2.5000
v -2.1000 2.8250 2.5000
v -2.1000 2.8500 2.5000
v -2.1000 2.8750 2.5000
v -2.1000 2.9000 2.5000
v -2.1000 2.7000 1.2500
v -2.1000 2.7250 1.2500
v -2.1000 2.7500 1.2500
v -2.1000 2.7750 1.2500
v -2.1000 2.8000 1.2500
v -2.1000 2.8250 1.2500
v -2.1000 2.8500 1.2500
v -2.1000 2.8750 1.2500
v -2.1000 2.9000 1.2500
v -2.1000 2.7000 0.0000
v -2.1000 2.7250 0.0000
v -2.1000 2.7500 0.0000
v -2.1000 2.7750 0.0000
v -2.1000 2.8000 0.0000
v -2.1000 2.8250 0.0000
v -2.1000 2.8500 0.0000
v -2.1000 2.8750 0.0000
v -2.1000 2.9000 0.0000
v -2.1000 2.7000 -1.2500
v -2.1000 2.7250 -1.2500
v -2.1000 2.7500 -1.2500
v -2.1000 2.7750 -1.2500
v -2.1000 2.8000 -1.2500
v -2.1000 2.8250 -1.2500
v -2.1000 2.8500 -1.2500
v -2.1000 2.8750 -1.2500
v -2.1000 2.9000 -1.2500
v -2.1000 2.7000 -2.5000
v -2.1000 2.7250 -2.5000
v -2.1000 2.7500 -2.5000
v -2.1000 2.7750 -2.5000
v -2.1000 2.8000 -2.5000
v -2.1000 2.8250 -2.5000
v -2.1000 2.8500 -2.5000
v -2.1000 2.8750 -2.5000
v -2.1000 2.9000 -2.5000
v -2.1000 2.7000 -3.7500
v -2.1000 2.7250 -3.7500
v -2.1000 2.7500 -3.7500
v -2.1000 2.7750 -3.7500
v -2.1000 2.8000 -3.7500
v -2.1000 2.8250 -3.7500
v -2.1000 2.8500 -3.7500
v -2.1000 2.8750 -3.7500
v -2.1000 2.9000 -3.7500
v -2.1000 2.7000 -5.0000
v -2.1000 2.7250 -5.0000
v -2.1000 2.7500 -5.0000
v -2.1000 2.7750 -5.0000
v -2.1000 2.8000 -5.0000
v -2.1000 2.8250 -5.0000
v -2.1000 2.8500 -5.0000
v -2.1000 2.8750 -5.0000
v -2.1000 2.9000 -5.0000
v -2.3000 2.9000 -5.0000
v -2.3000 2.9000 -3.7500
v -2.3000 2.9000 -2.5000
v -2.3000 2.9000 -1.2500
v -2.3000 2.9000 0.0000
v -2.3000 2.9000 1.2500
v -2.3000 2.9000 2.5000
v -2.3000 2.9000 3.7500
v -2.3000 2.9000 5.0000
v -2.2750 2.9000 -5.0000
v -2.2750 2.9000 -3.7500
v -2.2750 2.9000 -2.5000
v -2.2750 2.9000 -1.2500
v -2.2750 2.9000 0.0000
v -2.2750 2.9000 1.2500
v -2.2750 2.9000 2.5000
v -2.2750 2.9000 3.7500
v -2.2750 2.9000 5.0000
v -2.2500 2.9000 -5.0000
v -2.2500 2.9000 -3.7500
v -2.2500 2.9000 -2.5000
v -2.2500 2.9000 -1.2500
v -2.2500 2.9000 0.0000
v -2.2500 2.9000 1.2500
v -2.2500 2.9000 2.5000
v -2.2500 2.9000 3.7500
v -2.2500 2.9000 5.0000
v -2.2250 2.9000 -5.0000
v -2.2250 2.9000 -3.7500
v -2.2250 2.9000 -2.5000
v -2.2250 2.9000 -1.2500
v -2.2250 2.9000 0.0000
v -2.2250 2.9000 1.2500
v -2.2250 2.9000 2.5000
v -2.2250 2.9000 3.7500
v -2.2250 2.9000 5.0000
v -2.2000 2.9000 -5.0000
v -2.2000 2.9000 -3.7500
v -2.2000 2.9000 -2.5000
v -2.2000 2.9000 -1.2500
v -2.2000 2.9000 0.0000
v -2.2000 2.9000 1.2500
v -2.2000 2.9000 2.5000
v -2.2000 2.9000 3.7500
v -2.2000 2.9000 5.0000
v -2.1750 2.9000 -5.0000
v -2.1750 2.9000 -3.7500
v -2.1750 2.9000 -2.5000
v -2.1750 2.9000 -1.2500
v -2.1750 2.9000 0.0000
v -2.1750 2.9000 1.2500
v -2.1750 2.9000 2.5000
v -2.1750 2.9000 3.7500
v -2.1750 2.9000 5.0000
v -2.1500 2.9000 -5.0000
v -2.1500 2.9000 -3.7500
v -2.1500 2.9000 -2.5000
v -2.1500 2.9000 -1.2500
v -2.1500 2.9000 0.0000
v -2.1500 2.9000 1.2500
v -2.1500 2.9000 2.5000
v -2.1500 2.9000 3.7500
v -2.1500 2.9000 5.0000
v -2.1250 2.9000 -5.0000
v -2.1250 2.9000 -3.7500
v -2.1250 2.9000 -2.5000
v -2.1250 2.9000 -1.2500
v -2.1250 2.9000 0.0000
v -2.1250 2.9000 1.2500
v -2.1250 2.9000 2.5000
v -2.1250 2.9000 3.7500
v -2.1250 2.9000 5.0000
v -2.1000 2.9000 -5.0000
v -2.1000 2.9000 -3.7500
v -2.1000 2.9000 -2.5000
v -2.1000 2.9000 -1.2500
v -2.1000 2.9000 0.0000
v -2.1000 2.9000 1.2500
v -2.1000 2.9000 2.5000
v -2.1000 2.9000 3.7500
v -2.1000 2.9000 5.0000
v -2.3000 2.7000 5.0000
v -2.3000 2.7000 3.7500
v -2.3000 2.7000 2.5000
v -2.3000 2.7000 1.2500
v -2.3000 2.7000 0.0000
v -2.3000 2.7000 -1.2500
v -2.3000 2.7000 -2.5000
v -2.3000 2.7000 -3.7500
v -2.3000 2.7000 -5.0000
v -2.2750 2.7000 5.0000
v -2.2750 2.7000 3.7500
v -2.2750 2.7000 2.5000
v -2.2750 2.7000 1.2500
v -2.2750 2.7000 0.0000
v -2.2750 2.7000 -1.2500
v -2.2750 2.7000 -2.5000
v -2.2750 2.7000 -3.7500
v -2.2750 2.7000 -5.0000
v -2.2500 2.7000 5.0000
v -2.2500 2.7000 3.7500
v -2.2500 2.7000 2.5000
v -2.2500 2.7000 1.2500
v -2.2500 2.7000 0.0000
v -2.2500 2.7000 -1.2500
v -2.2500 2.7000 -2.5000
v -2.2500 2.7000 -3.7500
v -2.2500 2.7000 -5.0000
v -2.2250 2.7000 5.0000
v -2.2250 2.7000 3.7500
v -2.2250 2.7000 2.5000
v -2.2250 2.7000 1.2500
v -2.2250 2.7000 0.0000
v -2.2250 2.7000 -1.2500
v -2.2250 2.7000 -2.5000
v -2.2250 2.7000 -3.7500
v -2.2250 2.7000 -5.0000
v -2.2000 2.7000 5.0000
v -2.2000 2.7000 3.7500
v -2.2000 2.7000 2.5000
v -2.2000 2.7000 1.2500
v -2.2000 2.7000 0.0000
v -2.2000 2.7000 -1.2500
v -2.2000 2.7000 -2.5000
v -2.2000 2.7000 -3.7500
v -2.2000 2.7000 -5.0000
v -2.1750 2.7000 5.0000
v -2.1750 2.7000 3.7500
v -2.1750 2.7000 2.5000
v -2.1750 2.7000 1.2500
v -2.1750 2.7000 0.0000
v -2.1750 2.7000 -1.2500
v -2.1750 2.7000 -2.5000
v -2.1750 2.7000 -3.7500
v -2.1750 2.7000 -5.0000
v -2.1500 2.7000 5.0000
v -2.1500 2.7000 3.7500
v -2.1500 2.7000 2.5000
v -2.1500 2.7000 1.2500
v -2.1500 2.7000 0.0000
v -2.1500 2.7000 -1.2500
v -2.1500 2.7000 -2.5000
v -2.1500 2.7000 -3.7500
v -2.1500 2.7000 -5.0000
v -2.1250 2.7000 5.0000
v -2.1250 2.7000 3.7500
v -2.1250 2.7000 2.5000
v -2.1250 2.7000 1.2500
v -2.1250 2.7000 0.0000
v -2.1250 2.7000 -1.2500
v -2.1250 2.7000 -2.5000
v -2.1250 2.7000 -3.7500
v -2.1250 2.7000 -5.0000
v -2.1000 2.7000 5.0000
v -2.1000 2.7000 3.7500
v -2.1000 2.7000 2.5000
v -2.1000 2.7000 1.2500
v -2.1000 2.7000 0.0000
v -2.1000 2.7000 -1.2500
v -2.1000 2.7000 -2.5000
v -2.1000 2.7000 -3.7500
v -2.1000 2.7000 -5.0000
f 11879 11880 11889
f 11879 11889 11888
f 11880 11881 11890
f 11880 11890 11889
f 11881 11882 11891
f 11881 11891 11890
f 11882 11883 11892
f 11882 11892 11891
f 11883 11884 11893
f 11883 11893 11892
f 11884 11885 11894
f 11884 11894 11893
f 11885 11886 11895
f 11885 11895 11894
f 11886 11887 11896
f 11886 11896 11895
f 11888 11889 11898
f 11888 11898 11897
f 11889 11890 11899
f 11889 11899 11898
f 11890 11891 11900
f 11890 11900 11899
f 11891 11892 11901
f 11891 11901 11900
f 11892 11893 11902
f 11892 11902 11901
f 11893 11894 11903
f 11893 11903 11902
f 11894 11895 11904
f 11894 11904 11903
f 11895 11896 11905
f 11895 11905 11904
f 11897 11898 11907
f 11897 11907 11906
f 11898 11899 11908
f 11898 11908 11907
f 11899 11900 11909
f 11899 11909 11908
f 11900 11901 11910
f 11900 11910 11909
f 11901 11902 11911
f 11901 11911 11910
f 11902 11903 11912
f 11902 11912 11911
f 11903 11904 11913
f 11903 11913 11912
f 11904 11905 11914
f 11904 11914 11913
f 11906 11907 11916
f 11906 11916 11915
f 11907 11908 11917
f 11907 11917 11916
f 11908 11909 11918
f 11908 11918 11917
f 11909 11910 11919
f 11909 11919 11918
f 11910 11911 11920
f 11910 11920 11919
f 11911 11912 11921
f 11911 11921 11920
f 11912 11913 11922
f 11912 11922 11921
f 11913 11914 11923
f 11913 11923 11922
f 11915 11916 11925
f 11915 11925 11924
f 11916 11917 11926
f 11916 11926 11925
f 11917 11918 11927
f 11917 11927 11926
f 11918 11919 11928
f 11918 11928 11927
f 11919 11920 11929
f 11919 11929 11928
f 11920 11921 11930
f 11920 11930 11929
f 11921 11922 11931
f 11921 11931 11930
f 11922 11923 11932
f 11922 11932 11931
f 11924 11925 11934
f 11924 11934 11933
f 11925 11926 11935
f 11925 11935 11934
f 11926 11927 11936
f 11926 11936 11935
f 11927 11928 11937
f 11927 11937 11936
f 11928 11929 11938
f 11928 11938 11937
f 11929 11930 11939
f 11929 11939 11938
f 11930 11931 11940
f 11930 11940 11939
f 11931 11932 11941
f 11931 11941 11940
f 11933 11934 11943
f 11933 11943 11942
f 11934 11935 11944
f 11934 11944 11943
f 11935 11936 11945
f 11935 11945 11944
f 11936 11937 11946
f 11936 11946 11945
f 11937 11938 11947
f 11937 11947 11946
f 11938 11939 11948
f 11938 11948 11947
f 11939 11940 11949
f 11939 11949 11948
f 11940 11941 11950
f 11940 11950 11949
f 11942 11943 11952
f 11942 11952 11951
f 11943 11944 11953
f 11943 11953 11952
f 11944 11945 11954
f 11944 11954 11953
f 11945 11946 11955
f 11945 11955 11954
f 11946 11947 11956
f 11946 11956 11955
f 11947 11948 11957
f 11947 11957 11956
f 11948 11949 11958
f 11948 11958 11957
f 11949 11950 11959
f 11949 11959 11958
f 11960 11961 11970
f 11960 11970 11969
f 11961 11962 11971
f 11961 11971 11970
f 11962 11963 11972
f 11962 11972 11971
f 11963 11964 11973
f 11963 11973 11972
f 11964 11965 11974
f 11964 11974 11973
f 11965 11966 11975
f 11965 11975 11974
f 11966 11967 11976
f 11966 11976 11975
f 11967 11968 11977
f 11967 11977 11976
f 11969 11970 11979
f 11969 11979 11978
f 11970 11971 11980
f 11970 11980 11979
f 11971 11972 11981
f 11971 11981 11980
f 11972 11973 11982
f 11972 11982 11981
f 11973 11974 11983
f 11973 11983 11982
f 11974 11975 11984
f 11974 11984 11983
f 11975 11976 11985
f 11975 11985 11984
f 11976 11977 11986
f 11976 11986 11985
f 11978 11979 11988
f 11978 11988 11987
f 11979 11980 11989
f 11979 11989 11988
f 11980 11981 11990
f 11980 11990 11989
f 11981 11982 11991
f 11981 11991 11990
f 11982 11983 11992
f 11982 11992 11991
f 11983 11984 11993
f 11983 11993 11992
f 11984 11985 11994
f 11984 11994 11993
f 11985 11986 11995
f 11985 11995 11994
f 11987 11988 11997
f 11987 11997 11996
f 11988 11989 11998
f 11988 11998 11997
f 11989 11990 11999
f 11989 11999 11998
f 11990 11991 12000
f 11990 12000 11999
f 11991 11992 12001
f 11991 12001 12000
f 11992 11993 12002
f 11992 12002 12001
f 11993 11994 12003
f 11993 12003 12002
f 11994 11995 12004
f 11994 12004 12003
f 11996 11997 12006
f 11996 12006 12005
f 11997 11998 12007
f 11997 12007 12006
f 11998 11999 12008
f 11998 12008 12007
f 11999 12000 12009
f 11999 12009 12008
f 12000 12001 12010
f 12000 12010 12009
f 12001 12002 12011
f 12001 12011 12010
f 12002 12003 12012
f 12002 12012 12011
f 12003 12004 12013
f 12003 12013 12012
f 12005 12006 12015
f 12005 12015 12014
f 12006 12007 12016
f 12006 12016 12015
f 12007 12008 12017
f 12007 12017 12016
f 12008 12009 12018
f 12008 12018 12017
f 12009 12010 12019
f 12009 12019 12018
f 12010 12011 12020
f 12010 12020 12019
f 12011 12012 12021
f 12011 12021 12020
f 12012 12013 12022
f 12012 12022 12021
f 12014 12015 12024
f 12014 12024 12023
f 12015 12016 12025
f 12015 12025 12024
f 12016 12017 12026
f 12016 12026 12025
f 12017 12018 12027
f 12017 12027 12026
f 12018 12019 12028
f 12018 12028 12027
f 12019 12020 12029
f 12019 12029 12028
f 12020 12021 12030
f 12020 12030 12029
f 12021 12022 12031
f 12021 12031 12030
f 12023 12024 12033
f 12023 12033 12032
f 12024 12025 12034
f 12024 12034 12033
f 12025 12026 12035
f 12025 12035 12034
f 12026 12027 12036
f 12026 12036 12035
f 12027 12028 12037
f 12027 12037 12036
f 12028 12029 12038
f 12028 12038 12037
f 12029 12030 12039
f 12029 12039 12038
f 12030 12031 12040
f 12030 12040 12039
f 12041 12042 12051
f 12041 12051 12050
f 12042 12043 12052
f 12042 12052 12051
f 12043 12044 12053
f 12043 12053 12052
f 12044 12045 12054
f 12044 12054 12053
f 12045 12046 12055
f 12045 12055 12054
f 12046 12047 12056
f 12046 12056 12055
f 12047 12048 12057
f 12047 12057 12056
f 12048 12049 12058
f 12048 12058 12057
f 12050 12051 12060
f 12050 12060 12059
f 12051 12052 12061
f 12051 12061 12060
f 12052 12053 12062
f 12052 12062 12061
f 12053 12054 12063
f 12053 12063 12062
f 12054 12055 12064
f 12054 12064 12063
f 12055 12056 12065
f 12055 12065 12064
f 12056 12057 12066
f 12056 12066 12065
f 12057 12058 12067
f 12057 12067 12066
f 12059 12060 12069
f 12059 12069 12068
f 12060 12061 12070
f 12060 12070 12069
f 12061 12062 12071
f 12061 12071 12070
f 12062 12063 12072
f 12062 12072 12071
f 12063 12064 12073
f 12063 12073 12072
f 12064 12065 12074
f 12064 12074 12073
f 12065 12066 12075
f 12065 12075 12074
f 12066 12067 12076
f 12066 12076 12075
f 12068 12069 12078
f 12068 12078 12077
f 12069 12070 12079
f 12069 12079 12078
f 12070 12071 12080
f 12070 12080 12079
f 12071 12072 12081
f 12071 12081 12080
f 12072 12073 12082
f 12072 12082 12081
f 12073 12074 12083
f 12073 12083 12082
f 12074 12075 12084
f 12074 12084 12083
f 12075 12076 12085
f 12075 12085 12084
f 12077 12078 12087
f 12077 12087 12086
f 12078 12079 12088
f 12078 12088 12087
f 12079 12080 12089
f 12079 12089 12088
f 12080 12081 12090
f 12080 12090 12089
f 12081 12082 12091
f 12081 12091 12090
f 12082 12083 12092
f 12082 12092 12091
f 12083 12084 12093
f 12083 12093 12092
f 12084 12085 12094
f 12084 12094 12093
f 12086 12087 12096
f 12086 12096 12095
f 12087 12088 12097
f 12087 12097 12096
f 12088 12089 12098
f 12088 12098 12097
f 12089 12090 12099
f 12089 12099 12098
f 12090 12091 12100
f 12090 12100 12099
f 12091 12092 12101
f 12091 12101 12100
f 12092 12093 12102
f 12092 12102 12101
f 12093 12094 12103
f 12093 12103 12102
f 12095 12096 12105
f 12095 12105 12104
f 12096 12097 12106
f 12096 12106 12105
f 12097 12098 12107
f 12097 12107 12106
f 12098 12099 12108
f 12098 12108 12107
f 12099 12100 12109
f 12099 12109 12108
f 12100 12101 12110
f 12100 12110 12109
f 12101 12102 12111
f 12101 12111 12110
f 12102 12103 12112
f 12102 12112 12111
f 12104 12105 12114
f 12104 12114 12113
f 12105 12106 12115
f 12105 12115 12114
f 12106 12107 12116
f 12106 12116 12115
f 12107 12108 12117
f 12107 12117 12116
f 12108 12109 12118
f 12108 12118 12117
f 12109 12110 12119
f 12109 12119 12118
f 12110 12111 12120
f 12110 12120 12119
f 12111 12112 12121
f 12111 12121 12120
f 12122 12123 12132
f 12122 12132 12131
f 12123 12124 12133
f 12123 12133 12132
f 12124 12125 12134
f 12124 12134 12133
f 12125 12126 12135
f 12125 12135 12134
f 12126 12127 12136
f 12126 12136 12135
f 12127 12128 12137
f 12127 12137 12136
f 12128 12129 12138
f 12128 12138 12137
f 12129 12130 12139
f 12129 12139 12138
f 12131 12132 12141
f 12131 12141 12140
f 12132 12133 12142
f 12132 12142 12141
f 12133 12134 12143
f 12133 12143 12142
f 12134 12135 12144
f 12134 12144 12143
f 12135 12136 12145
f 12135 12145 12144
f 12136 12137 12146
f 12136 12146 12145
f 12137 12138 12147
f 12137 12147 12146
f 12138 12139 12148
f 12138 12148 12147
f 12140 12141 12150
f 12140 12150 12149
f 12141 12142 12151
f 12141 12151 12150
f 12142 12143 12152
f 12142 12152 12151
f 12143 12144 12153
f 12143 12153 12152
f 12144 12145 12154
f 12144 12154 12153
f 12145 12146 12155
f 12145 12155 12154
f 12146 12147 12156
f 12146 12156 12155
f 12147 12148 12157
f 12147 12157 12156
f 12149 12150 12159
f 12149 12159 12158
f 12150 12151 12160
f 12150 12160 12159
f 12151 12152 12161
f 12151 12161 12160
f 12152 12153 12162
f 12152 12162 12161
f 12153 12154 12163
f 12153 12163 12162
f 12154 12155 12164
f 12154 12164 12163
f 12155 12156 12165
f 12155 12165 12164
f 12156 12157 12166
f 12156 12166 12165
f 12158 12159 12168
f 12158 12168 12167
f 12159 12160 12169
f 12159 12169 12168
f 12160 12161 12170
f 12160 12170 12169
f 12161 12162 12171
f 12161 12171 12170
f 12162 12163 12172
f 12162 12172 12171
f 12163 12164 12173
f 12163 12173 12172
f 12164 12165 12174
f 12164 12174 12173
f 12165 12166 12175
f 12165 12175 12174
f 12167 12168 12177
f 12167 12177 12176
f 12168 12169 12178
f 12168 12178 12177
f 12169 12170 12179
f 12169 12179 12178
f 12170 12171 12180
f 12170 12180 12179
f 12171 12172 12181
f 12171 12181 12180
f 12172 12173 12182
f 12172 12182 12181
f 12173 12174 12183
f 12173 12183 12182
f 12174 12175 12184
f 12174 12184 12183
f 12176 12177 12186
f 12176 12186 12185
f 12177 12178 12187
f 12177 12187 12186
f 12178 12179 12188
f 12178 12188 12187
f 12179 12180 12189
f 12179 12189 12188
f 12180 12181 12190
f 12180 12190 12189
f 12181 12182 12191
f 12181 12191 12190
f 12182 12183 12192
f 12182 12192 12191
f 12183 12184 12193
f 12183 12193 12192
f 12185 12186 12195
f 12185 12195 12194
f 12186 12187 12196
f 12186 12196 12195
f 12187 12188 12197
f 12187 12197 12196
f 12188 12189 12198
f 12188 12198 12197
f 12189 12190 12199
f 12189 12199 12198
f 12190 12191 12200
f 12190 12200 12199
f 12191 12192 12201
f 12191 12201 12200
f 12192 12193 12202
f 12192 12202 12201
f 12203 12204 12213
f 12203 12213 12212
f 12204 12205 12214
f 12204 12214 12213
f 12205 12206 12215
f 12205 12215 12214
f 12206 12207 12216
f 12206 12216 12215
f 12207 12208 12217
f 12207 12217 12216
f 12208 12209 12218
f 12208 12218 12217
f 12209 12210 12219
f 12209 12219 12218
f 12210 12211 12220
f 12210 12220 12219
f 12212 12213 12222
f 12212 12222 12221
f 12213 12214 12223
f 12213 12223 12222
f 12214 12215 12224
f 12214 12224 12223
f 12215 12216 12225
f 12215 12225 12224
f 12216 12217 12226
f 12216 12226 12225
f 12217 12218 12227
f 12217 12227 12226
f 12218 12219 12228
f 12218 12228 12227
f 12219 12220 12229
f 12219 12229 12228
f 12221 12222 12231
f 12221 12231 12230
f 12222 12223 12232
f 12222 12232 12231
f 12223 12224 12233
f 12223 12233 12232
f 12224 12225 12234
f 12224 12234 12233
f 12225 12226 12235
f 12225 12235 12234
f 12226 12227 12236
f 12226 12236 12235
f 12227 12228 12237
f 12227 12237 12236
f 12228 12229 12238
f 12228 12238 12237
f 12230 12231 12240
f 12230 12240 12239
f 12231 12232 12241
f 12231 12241 12240
f 12232 12233 12242
f 12232 12242 12241
f 12233 12234 12243
f 12233 12243 12242
f 12234 12235 12244
f 12234 12244 12243
f 12235 12236 12245
f 12235 12245 12244
f 12236 12237 12246
f 12236 12246 12245
f 12237 12238 12247
f 12237 12247 12246
f 12239 12240 12249
f 12239 12249 12248
f 12240 12241 12250
f 12240 12250 12249
f 12241 12242 12251
f 12241 12251 12250
f 12242 12243 12252
f 12242 12252 12251
f 12243 12244 12253
f 12243 12253 12252
f 12244 12245 12254
f 12244 12254 12253
f 12245 12246 12255
f 12245 12255 12254
f 12246 12247 12256
f 12246 12256 12255
f 12248 12249 12258
f 12248 12258 12257
f 12249 12250 12259
f 12249 12259 12258
f 12250 12251 12260
f 12250 12260 12259
f 12251 12252 12261
f 12251 12261 12260
f 12252 12253 12262
f 12252 12262 12261
f 12253 12254 12263
f 12253 12263 12262
f 12254 12255 12264
f 12254 12264 12263
f 12255 12256 12265
f 12255 12265 12264
f 12257 12258 12267
f 12257 12267 12266
f 12258 12259 12268
f 12258 12268 12267
f 12259 12260 12269
f 12259 12269 12268
f 12260 12261 12270
f 12260 12270 12269
f 12261 12262 12271
f 12261 12271 12270
f 12262 12263 12272
f 12262 12272 12271
f 12263 12264 12273
f 12263 12273 12272
f 12264 12265 12274
f 12264 12274 12273
f 12266 12267 12276
f 12266 12276 12275
f 12267 12268 12277
f 12267 12277 12276
f 12268 12269 12278
f 12268 12278 12277
f 12269 12270 12279
f 12269 12279 12278
f 12270 12271 12280
f 12270 12280 12279
f 12271 12272 12281
f 12271 12281 12280
f 12272 12273 12282
f 12272 12282 12281
f 12273 12274 12283
f 12273 12283 12282
f 12284 12285 12294
f 12284 12294 12293
f 12285 12286 12295
f 12285 12295 12294
f 12286 12287 12296
f 12286 12296 12295
f 12287 12288 12297
f 12287 12297 12296
f 12288 12289 12298
f 12288 12298 12297
f 12289 12290 12299
f 12289 12299 12298
f 12290 12291 12300
f 12290 12300 12299
f 12291 12292 12301
f 12291 12301 12300
f 12293 12294 12303
f 12293 12303 12302
f 12294 12295 12304
f 12294 12304 12303
f 12295 12296 12305
f 12295 12305 12304
f 12296 12297 12306
f 12296 12306 12305
f 12297 12298 12307
f 12297 12307 12306
f 12298 12299 12308
f 12298 12308 12307
f 12299 12300 12309
f 12299 12309 12308
f 12300 12301 12310
f 12300 12310 12309
f 12302 12303 12312
f 12302 12312 12311
f 12303 12304 12313
f 12303 12313 12312
f 12304 12305 12314
f 12304 12314 12313
f 12305 12306 12315
f 12305 12315 12314
f 12306 12307 12316
f 12306 12316 12315
f 12307 12308 12317
f 12307 12317 12316
f 12308 12309 12318
f 12308 12318 12317
f 12309 12310 12319
f 12309 12319 12318
f 12311 12312 12321
f 12311 12321 12320
f 12312 12313 12322
f 12312 12322 12321
f 12313 12314 12323
f 12313 12323 12322
f 12314 12315 12324
f 12314 12324 12323
f 12315 12316 12325
f 12315 12325 12324
f 12316 12317 12326
f 12316 12326 12325
f 12317 12318 12327
f 12317 12327 12326
f 12318 12319 12328
f 12318 12328 12327
f 12320 12321 12330
f 12320 12330 12329
f 12321 12322 12331
f 12321 12331 12330
f 12322 12323 12332
f 12322 12332 12331
f 12323 12324 12333
f 12323 12333 12332
f 12324 12325 12334
f 12324 12334 12333
f 12325 12326 12335
f 12325 12335 12334
f 12326 12327 12336
f 12326 12336 12335
f 12327 12328 12337
f 12327 12337 12336
f 12329 12330 12339
f 12329 12339 12338
f 12330 12331 12340
f 12330 12340 12339
f 12331 12332 12341
f 12331 12341 12340
f 12332 12333 12342
f 12332 12342 12341
f 12333 12334 12343
f 12333 12343 12342
f 12334 12335 12344
f 12334 12344 12343
f 12335 12336 12345
f 12335 12345 12344
f 12336 12337 12346
f 12336 12346 12345
f 12338 12339 12348
f 12338 12348 12347
f 12339 12340 12349
f 12339 12349 12348
f 12340 12341 12350
f 12340 12350 12349
f 12341 12342 12351
f 12341 12351 12350
f 12342 12343 12352
f 12342 12352 12351
f 12343 12344 12353
f 12343 12353 12352
f 12344 12345 12354
f 12344 12354 12353
f 12345 12346 12355
f 12345 12355 12354
f 12347 12348 12357
f 12347 12357 12356
f 12348 12349 12358
f 12348 12358 12357
f 12349 12350 12359
f 12349 12359 12358
f 12350 12351 12360
f 12350 12360 12359
f 12351 12352 12361
f 12351 12361 12360
f 12352 12353 12362
f 12352 12362 12361
f 12353 12354 12363
f 12353 12363 12362
f 12354 12355 12364
f 12354 12364 12363
g 배관_1
v -1.7000 2.7000 5.0000
v -1.7000 2.7250 5.0000
v -1.7000 2.7500 5.0000
v -1.7000 2.7750 5.0000
v -1.7000 2.8000 5.0000
v -1.7000 2.8250 5.0000
v -1.7000 2.8500 5.0000
v -1.7000 2.8750 5.0000
v -1.7000 2.9000 5.0000
v -1.6750 2.7000 5.0000
v -1.6750 2.7250 5.0000
v -1.6750 2.7500 5.0000
v -1.6750 2.7750 5.0000
v -1.6750 2.8000 5.0000
v -1.6750 2.8250 5.0000
v -1.6750 2.8500 5.0000
v -1.6750 2.8750 5.0000
v -1.6750 2.9000 5.0000
v -1.6500 2.7000 5.0000
v -1.6500 2.7250 5.0000
v -1.6500 2.7500 5.0000
v -1.6500 2.7750 5.0000
v -1.6500 2.8000 5.0000
v -1.6500 2.8250 5.0000
v -1.6500 2.8500 5.0000
v -1.6500 2.8750 5.0000
v -1.6500 2.9000 5.0000
v -1.6250 2.7000 5.0000
v -1.6250 2.7250 5.0000
v -1.6250 2.7500 5.0000
v -1.6250 2.7750 5.0000
v -1.6250 2.8000 5.0000
v -1.6250 2.8250 5.0000
v -1.6250 2.8500 5.0000
v -1.6250 2.8750 5.0000
v -1.6250 2.9000 5.0000
v -1.6000 2.7000 5.0000
v -1.6000 2.7250 5.0000
v -1.6000 2.7500 5.0000
v -1.6000 2.7750 5.0000
v -1.6000 2.8000 5.0000
v -1.6000 2.8250 5.0000
v -1.6000 2.8500 5.0000
v -1.6000 2.8750 5.0000
v -1.6000 2.9000 5.0000
v -1.5750 2.7000 5.0000
v -1.5750 2.7250 5.0000
v -1.5750 2.7500 5.0000
v -1.5750 2.7750 5.0000
v -1.5750 2.8000 5.0000
v -1.5750 2.8250 5.0000
v -1.5750 2.8500 5.0000
v -1.5750 2.8750 5.0000
v -1.5750 2.9000 5.0000
v -1.5500 2.7000 5.0000
v -1.5500 2.7250 5.0000
v -1.5500 2.7500 5.0000
v -1.5500 2.7750 5.0000
v -1.5500 2.8000 5.0000
v -1.5500 2.8250 5.0000
v -1.5500 2.8500 5.0000
v -1.5500 2.8750 5.0000
v -1.5500 2.9000 5.0000
v -1.5250 2.7000 5.0000
v -1.5250 2.7250 5.0000
v -1.5250 2.7500 5.0000
v -1.5250 2.7750 5.0000
v -1.5250 2.8000 5.0000
v -1.5250 2.8250 5.0000
v -1.5250 2.8500 5.0000
v -1.5250 2.8750 5.0000
v -1.5250 2.9000 5.0000
v -1.5000 2.7000 5.0000
v -1.5000 2.7250 5.0000
v -1.5000 2.7500 5.0000
v -1.5000 2.7750 5.0000
v -1.5000 2.8000 5.0000
v -1.5000 2.8250 5.0000
v -1.5000 2.8500 5.0000
v -1.5000 2.8750 5.0000
v -1.5000 2.9000 5.0000
v -1.5000 2.7000 -5.0000
v -1.5000 2.7250 -5.0000
v -1.5000 2.7500 -5.0000
v -1.5000 2.7750 -5.0000
v -1.5000 2.8000 -5.0000
v -1.5000 2.8250 -5.0000
v -1.5000 2.8500 -5.0000
v -1.5000 2.8750 -5.0000
v -1.5000 2.9000 -5.0000
v -1.5250 2.7000 -5.0000
v -1.5250 2.7250 -5.0000
v -1.5250 2.7500 -5.0000
v -1.5250 2.7750 -5.0000
v -1.5250 2.8000 -5.0000
v -1.5250 2.8250 -5.0000
v -1.5250 2.8500 -5.0000
v -1.5250 2.8750 -5.0000
v -1.5250 2.9000 -5.0000
v -1.5500 2.7000 -5.0000
v -1.5500 2.7250 -5.0000
v -1.5500 2.7500 -5.0000
v -1.5500 2.7750 -5.0000
v -1.5500 2.8000 -5.0000
v -1.5500 2.8250 -5.0000
v -1.5500 2.8500 -5.0000
v -1.5500 2.8750 -5.0000
v -1.5500 2.9000 -5.0000
v -1.5750 2.7000 -5.0000
v -1.5750 2.7250 -5.0000
v -1.5750 2.7500 -5.0000
v -1.5750 2.7750 -5.0000
v -1.5750 2.8000 -5.0000
v -1.5750 2.8250 -5.0000
v -1.5750 2.8500 -5.0000
v -1.5750 2.8750 -5.0000
v -1.5750 2.9000 -5.0000
v -1.6000 2.7000 -5.0000
v -1.6000 2.7250 -5.0000
v -1.6000 2.7500 -5.0000
v -1.6000 2.7750 -5.0000
v -1.6000 2.8000 -5.0000
v -1.6000 2.8250 -5.0000
v -1.6000 2.8500 -5.0000
v -1.6000 2.8750 -5.0000
v -1.6000 2.9000 -5.0000
v -1.6250 2.7000 -5.0000
v -1.6250 2.7250 -5.0000
v -1.6250 2.7500 -5.0000
v -1.6250 2.7750 -5.0000
v -1.6250 2.8000 -5.0000
v -1.6250 2.8250 -5.0000
v -1.6250 2.8500 -5.0000
v -1.6250 2.8750 -5.0000
v -1.6250 2.9000 -5.0000
v -1.6500 2.7000 -5.0000
v -1.6500 2.7250 -5.0000
v -1.6500 2.7500 -5.0000
v -1.6500 2.7750 -5.0000
v -1.6500 2.8000 -5.0000
v -1.6500 2.8250 -5.0000
v -1.6500 2.8500 -5.0000
v -1.6500 2.8750 -5.0000
v -1.6500 2.9000 -5.0000
v -1.6750 2.7000 -5.0000
v -1.6750 2.7250 -5.0000
v -1.6750 2.7500 -5.0000
v -1.6750 2.7750 -5.0000
v -1.6750 2.8000 -5.0000
v -1.6750 2.8250 -5.0000
v -1.6750 2.8500 -5.0000
v -1.6750 2.8750 -5.0000
v -1.6750 2.9000 -5.0000
v -1.7000 2.7000 -5.0000
v -1.7000 2.7250 -5.0000
v -1.7000 2.7500 -5.0000
v -1.7000 2.7750 -5.0000
v -1.7000 2.8000 -5.0000
v -1.7000 2.8250 -5.0000
v -1.7000 2.8500 -5.0000
v -1.7000 2.8750 -5.0000
v -1.7000 2.9000 -5.0000
v -1.7000 2.7000 -5.0000
v -1.7000 2.7250 -5.0000
v -1.7000 2.7500 -5.0000
v -1.7000 2.7750 -5.0000
v -1.7000 2.8000 -5.0000
v -1.7000 2.8250 -5.0000
v -1.7000 2.8500 -5.0000
v -1.7000 2.8750 -5.0000
v -1.7000 2.9000 -5.0000
v -1.7000 2.7000 -3.7500
v -1.7000 2.7250 -3.7500
v -1.7000 2.7500 -3.7500
v -1.7000 2.7750 -3.7500
v -1.7000 2.8000 -3.7500
v -1.7000 2.8250 -3.7500
v -1.7000 2.8500 -3.7500
v -1.7000 2.8750 -3.7500
v -1.7000 2.9000 -3.7500
v -1.7000 2.7000 -2.5000
v -1.7000 2.7250 -2.5000
v -1.7000 2.7500 -2.5000
v -1.7000 2.7750 -2.5000
v -1.7000 2.8000 -2.5000
v -1.7000 2.8250 -2.5000
v -1.7000 2.8500 -2.5000
v -1.7000 2.8750 -2.5000
v -1.7000 2.9000 -2.5000
v -1.7000 2.7000 -1.2500
v -1.7000 2.7250 -1.2500
v -1.7000 2.7500 -1.2500
v -1.7000 2.7750 -1.2500
v -1.7000 2.8000 -1.2500
v -1.7000 2.8250 -1.2500
v -1.7000 2.8500 -1.2500
v -1.7000 2.8750 -1.2500
v -1.7000 2.9000 -1.2500
v -1.7000 2.7000 0.0000
v -1.7000 2.7250 0.0000
v -1.7000 2.7500 0.0000
v -1.7000 2.7750 0.0000
v -1.7000 2.8000 0.0000
v -1.7000 2.8250 0.0000
v -1.7000 2.8500 0.0000
v -1.7000 2.8750 0.0000
v -1.7000 2.9000 0.0000
v -1.7000 2.7000 1.2500
v -1.7000 2.7250 1.2500
v -1.7000 2.7500 1.2500
v -1.7000 2.7750 1.2500
v -1.7000 2.8000 1.2500
v -1.7000 2.8250 1.2500
v -1.7000 2.8500 1.2500
v -1.7000 2.8750 1.2500
v -1.7000 2.9000 1.2500
v -1.7000 2.7000 2.5000
v -1.7000 2.7250 2.5000
v -1.7000 2.7500 2.5000
v -1.7000 2.7750 2.5000
v -1.7000 2.8000 2.5000
v -1.7000 2.8250 2.5000
v -1.7000 2.8500 2.5000
v -1.7000 2.8750 2.5000
v -1.7000 2.9000 2.5000
v -1.7000 2.7000 3.7500
v -1.7000 2.7250 3.7500
v -1.7000 2.7500 3.7500
v -1.7000 2.7750 3.7500
v -1.7000 2.8000 3.7500
v -1.7000 2.8250 3.7500
v -1.7000 2.8500 3.7500
v -1.7000 2.8750 3.7500
v -1.7000 2.9000 3.7500
v -1.7000 2.7000 5.0000
v -1.7000 2.7250 5.0000
v -1.7000 2.7500 5.0000
v -1.7000 2.7750 5.0000
v -1.7000 2.8000 5.0000
v -1.7000 2.8250 5.0000
v -1.7000 2.8500 5.0000
v -1.7000 2.8750 5.0000
v -1.7000 2.9000 5.0000
v -1.5000 2.7000 5.0000
v -1.5000 2.7250 5.0000
v -1.5000 2.7500 5.0000
v -1.5000 2.7750 5.0000
v -1.5000 2.8000 5.0000
v -1.5000 2.8250 5.0000
v -1.5000 2.8500 5.0000
v -1.5000 2.8750 5.0000
v -1.5000 2.9000 5.0000
v -1.5000 2.7000 3.7500
v -1.5000 2.7250 3.7500
v -1.5000 2.7500 3.7500
v -1.5000 2.7750 3.7500
v -1.5000 2.8000 3.7500
v -1.5000 2.8250 3.7500
v -1.5000 2.8500 3.7500
v -1.5000 2.8750 3.7500
v -1.5000 2.9000 3.7500
v -1.5000 2.7000 2.5000
v -1.5000 2.7250 2.5000
v -1.5000 2.7500 2.5000
v -1.5000 2.7750 2.5000
v -1.5000 2.8000 2.5000
v -1.5000 2.8250 2.5000
v -1.5000 2.8500 2.5000
v -1.5000 2.8750 2.5000
v -1.5000 2.9000 2.5000
v -1.5000 2.7000 1.2500
v -1.5000 2.7250 1.2500
v -1.5000 2.7500 1.2500
v -1.5000 2.7750 1.2500
v -1.5000 2.8000 1.2500
v -1.5000 2.8250 1.2500
v -1.5000 2.8500 1.2500
v -1.5000 2.8750 1.2500
v -1.5000 2.9000 1.2500
v -1.5000 2.7000 0.0000
v -1.5000 2.7250 0.0000
v -1.5000 2.7500 0.0000
v -1.5000 2.7750 0.0000
v -1.5000 2.8000 0.0000
v -1.5000 2.8250 0.0000
v -1.5000 2.8500 0.0000
v -1.5000 2.8750 0.0000
v -1.5000 2.9000 0.0000
v -1.5000 2.7000 -1.2500
v -1.5000 2.7250 -1.2500
v -1.5000 2.7500 -1.2500
v -1.5000 2.7750 -1.2500
v -1.5000 2.8000 -1.2500
v -1.5000 2.8250 -1.2500
v -1.5000 2.8500 -1.2500
v -1.5000 2.8750 -1.2500
v -1.5000 2.9000 -1.2500
v -1.5000 2.7000 -2.5000
v -1.5000 2.7250 -2.5000
v -1.5000 2.7500 -2.5000
v -1.5000 2.7750 -2.5000
v -1.5000 2.8000 -2.5000
v -1.5000 2.8250 -2.5000
v -1.5000 2.8500 -2.5000
v -1.5000 2.8750 -2.5000
v -1.5000 2.9000 -2.5000
v -1.5000 2.7000 -3.7500
v -1.5000 2.7250 -3.7500
v -1.5000 2.7500 -3.7500
v -1.5000 2.7750 -3.7500
v -1.5000 2.8000 -3.7500
v -1.5000 2.8250 -3.7500
v -1.5000 2.8500 -3.7500
v -1.5000 2.8750 -3.7500
v -1.5000 2.9000 -3.7500
v -1.5000 2.7000 -5.0000
v -1.5000 2.7250 -5.0000
v -1.5000 2.7500 -5.0000
v -1.5000 2.7750 -5.0000
v -1.5000 2.8000 -5.0000
v -1.5000 2.8250 -5.0000
v -1.5000 2.8500 -5.0000
v -1.5000 2.8750 -5.0000
v -1.5000 2.9000 -5.0000
v -1.7000 2.9000 -5.0000
v -1.7000 2.9000 -3.7500
v -1.7000 2.9000 -2.5000
v -1.7000 2.9000 -1.2500
v -1.7000 2.9000 0.0000
v -1.7000 2.9000 1.2500
v -1.7000 2.9000 2.5000
v -1.7000 2.9000 3.7500
v -1.7000 2.9000 5.0000
v -1.6750 2.9000 -5.0000
v -1.6750 2.9000 -3.7500
v -1.6750 2.9000 -2.5000
v -1.6750 2.9000 -1.2500
v -1.6750 2.9000 0.0000
v -1.6750 2.9000 1.2500
v -1.6750 2.9000 2.5000
v -1.6750 2.9000 3.7500
v -1.6750 2.9000 5.0000
v -1.6500 2.9000 -5.0000
v -1.6500 2.9000 -3.7500
v -1.6500 2.9000 -2.5000
v -1.6500 2.9000 -1.2500
v -1.6500 2.9000 0.0000
v -1.6500 2.9000 1.2500
v -1.6500 2.9000 2.5000
v -1.6500 2.9000 3.7500
v -1.6500 2.9000 5.0000
v -1.6250 2.9000 -5.0000
v -1.6250 2.9000 -3.7500
v -1.6250 2.9000 -2.5000
v -1.6250 2.9000 -1.2500
v -1.6250 2.9000 0.0000
v -1.6250 2.9000 1.2500
v -1.6250 2.9000 2.5000
v -1.6250 2.9000 3.7500
v -1.6250 2.9000 5.0000
v -1.6000 2.9000 -5.0000
v -1.6000 2.9000 -3.7500
v -1.6000 2.9000 -2.5000
v -1.6000 2.9000 -1.2500
v -1.6000 2.9000 0.0000
v -1.6000 2.9000 1.2500
v -1.6000 2.9000 2.5000
v -1.6000 2.9000 3.7500
v -1.6000 2.9000 5.0000
v -1.5750 2.9000 -5.0000
v -1.5750 2.9000 -3.7500
v -1.5750 2.9000 -2.5000
v -1.5750 2.9000 -1.2500
v -1.5750 2.9000 0.0000
v -1.5750 2.9000 1.2500
v -1.5750 2.9000 2.5000
v -1.5750 2.9000 3.7500
v -1.5750 2.9000 5.0000
v -1.5500 2.9000 -5.0000
v -1.5500 2.9000 -3.7500
v -1.5500 2.9000 -2.5000
v -1.5500 2.9000 -1.2500
v -1.5500 2.9000 0.0000
v -1.5500 2.9000 1.2500
v -1.5500 2.9000 2.5000
v -1.5500 2.9000 3.7500
v -1.5500 2.9000 5.0000
v -1.5250 2.9000 -5.0000
v -1.5250 2.9000 -3.7500
v -1.5250 2.9000 -2.5000
v -1.5250 2.9000 -1.2500
v -1.5250 2.9000 0.0000
v -1.5250 2.9000 1.2500
v -1.5250 2.9000 2.5000
v -1.5250 2.9000 3.7500
v -1.5250 2.9000 5.0000
v -1.5000 2.9000 -5.0000
v -1.5000 2.9000 -3.7500
v -1.5000 2.9000 -2.5000
v -1.5000 2.9000 -1.2500
v -1.5000 2.9000 0.0000
v -1.5000 2.9000 1.2500
v -1.5000 2.9000 2.5000
v -1.5000 2.9000 3.7500
v -1.5000 2.9000 5.0000
v -1.7000 2.7000 5.0000
v -1.7000 2.7000 3.7500
v -1.7000 2.7000 2.5000
v -1.7000 2.7000 1.2500
v -1.7000 2.7000 0.0000
v -1.7000 2.7000 -1.2500
v -1.7000 2.7000 -2.5000
v -1.7000 2.7000 -3.7500
v -1.7000 2.7000 -5.0000
v -1.6750 2.7000 5.0000
v -1.6750 2.7000 3.7500
v -1.6750 2.7000 2.5000
v -1.6750 2.7000 1.2500
v -1.6750 2.7000 0.0000
v -1.6750 2.7000 -1.2500
v -1.6750 2.7000 -2.5000
v -1.6750 2.7000 -3.7500
v -1.6750 2.7000 -5.0000
v -1.6500 2.7000 5.0000
v -1.6500 2.7000 3.7500
v -1.6500 2.7000 2.5000
v -1.6500 2.7000 1.2500
v -1.6500 2.7000 0.0000
v -1.6500 2.7000 -1.2500
v -1.6500 2.7000 -2.5000
v -1.6500 2.7000 -3.7500
v -1.6500 2.7000 -5.0000
v -1.6250 2.7000 5.0000
v -1.6250 2.7000 3.7500
v -1.6250 2.7000 2.5000
v -1.6250 2.7000 1.2500
v -1.6250 2.7000 0.0000
v -1.6250 2.7000 -1.2500
v -1.6250 2.7000 -2.5000
v -1.6250 2.7000 -3.7500
v -1.6250 2.7000 -5.0000
v -1.6000 2.7000 5.0000
v -1.6000 2.7000 3.7500
v -1.6000 2.7000 2.5000
v -1.6000 2.7000 1.2500
v -1.6000 2.7000 0.0000
v -1.6000 2.7000 -1.2500
v -1.6000 2.7000 -2.5000
v -1.6000 2.7000 -3.7500
v -1.6000 2.7000 -5.0000
v -1.5750 2.7000 5.0000
v -1.5750 2.7000 3.7500
v -1.5750 2.7000 2.5000
v -1.5750 2.7000 1.2500
v -1.5750 2.7000 0.0000
v -1.5750 2.7000 -1.2500
v -1.5750 2.7000 -2.5000
v -1.5750 2.7000 -3.7500
v -1.5750 2.7000 -5.0000
v -1.5500 2.7000 5.0000
v -1.5500 2.7000 3.7500
v -1.5500 2.7000 2.5000
v -1.5500 2.7000 1.2500
v -1.5500 2.7000 0.0000
v -1.5500 2.7000 -1.2500
v -1.5500 2.7000 -2.5000
v -1.5500 2.7000 -3.7500
v -1.5500 2.7000 -5.0000
v -1.5250 2.7000 5.0000
v -1.5250 2.7000 3.7500
v -1.5250 2.7000 2.5000
v -1.5250 2.7000 1.2500
v -1.5250 2.7000 0.0000
v -1.5250 2.7000 -1.2500
v -1.5250 2.7000 -2.5000
v -1.5250 2.7000 -3.7500
v -1.5250 2.7000 -5.0000
v -1.5000 2.7000 5.0000
v -1.5000 2.7000 3.7500
v -1.5000 2.7000 2.5000
v -1.5000 2.7000 1.2500
v -1.5000 2.7000 0.0000
v -1.5000 2.7000 -1.2500
v -1.5000 2.7000 -2.5000
v -1.5000 2.7000 -3.7500
v -1.5000 2.7000 -5.0000
f 12365 12366 12375
f 12365 12375 12374
f 12366 12367 12376
f 12366 12376 12375
f 12367 12368 12377
f 12367 12377 12376
f 12368 12369 12378
f 12368 12378 12377
f 12369 12370 12379
f 12369 12379 12378
f 12370 12371 12380
f 12370 12380 12379
f 12371 12372 12381
f 12371 12381 12380
f 12372 12373 12382
f 12372 12382 12381
f 12374 12375 12384
f 12374 12384 12383
f 12375 12376 12385
f 12375 12385 12384
f 12376 12377 12386
f 12376 12386 12385
f 12377 12378 12387
f 12377 12387 12386
f 12378 12379 12388
f 12378 12388 12387
f 12379 12380 12389
f 12379 12389 12388
f 12380 12381 12390
f 12380 12390 12389
f 12381 12382 12391
f 12381 12391 12390
f 12383 12384 12393
f 12383 12393 12392
f 12384 12385 12394
f 12384 12394 12393
f 12385 12386 12395
f 12385 12395 12394
f 12386 12387 12396
f 12386 12396 12395
f 12387 12388 12397
f 12387 12397 12396
f 12388 12389 12398
f 12388 12398 12397
f 12389 12390 12399
f 12389 12399 12398
f 12390 12391 12400
f 12390 12400 12399
f 12392 12393 12402
f 12392 12402 12401
f 12393 12394 12403
f 12393 12403 12402
f 12394 12395 12404
f 12394 12404 12403
f 12395 12396 12405
f 12395 12405 12404
f 12396 12397 12406
f 12396 12406 12405
f 12397 12398 12407
f 12397 12407 12406
f 12398 12399 12408
f 12398 12408 12407
f 12399 12400 12409
f 12399 12409 12408
f 12401 12402 12411
f 12401 12411 12410
f 12402 12403 12412
f 12402 12412 12411
f 12403 12404 12413
f 12403 12413 12412
f 12404 12405 12414
f 12404 12414 12413
f 12405 12406 12415
f 12405 12415 12414
f 12406 12407 12416
f 12406 12416 12415
f 12407 12408 12417
f 12407 12417 12416
f 12408 12409 12418
f 12408 12418 12417
f 12410 12411 12420
f 12410 12420 12419
f 12411 12412 12421
f 12411 12421 12420
f 12412 12413 12422
f 12412 12422 12421
f 12413 12414 12423
f 12413 12423 12422
f 12414 12415 12424
f 12414 12424 12423
f 12415 12416 12425
f 12415 12425 12424
f 12416 12417 12426
f 12416 12426 12425
f 12417 12418 12427
f 12417 12427 12426
f 12419 12420 12429
f 12419 12429 12428
f 12420 12421 12430
f 12420 12430 12429
f 12421 12422 12431
f 12421 12431 12430
f 12422 12423 12432
f 12422 12432 12431
f 12423 12424 12433
f 12423 12433 12432
f 12424 12425 12434
f 12424 12434 12433
f 12425 12426 12435
f 12425 12435 12434
f 12426 12427 12436
f 12426 12436 12435
f 12428 12429 12438
f 12428 12438 12437
f 12429 12430 12439
f 12429 12439 12438
f 12430 12431 12440
f 12430 12440 12439
f 12431 12432 12441
f 12431 12441 12440
f 12432 12433 12442
f 12432 12442 12441
f 12433 12434 12443
f 12433 12443 12442
f 12434 12435 12444
f 12434 12444 12443
f 12435 12436 12445
f 12435 12445 12444
f 12446 12447 12456
f 12446 12456 12455
f 12447 12448 12457
f 12447 12457 12456
f 12448 12449 12458
f 12448 12458 12457
f 12449 12450 12459
f 12449 12459 12458
f 12450 12451 12460
f 12450 12460 12459
f 12451 12452 12461
f 12451 12461 12460
f 12452 12453 12462
f 12452 12462 12461
f 12453 12454 12463
f 12453 12463 12462
f 12455 12456 12465
f 12455 12465 12464
f 12456 12457 12466
f 12456 12466 12465
f 12457 12458 12467
f 12457 12467 12466
f 12458 12459 12468
f 12458 12468 12467
f 12459 12460 12469
f 12459 12469 12468
f 12460 12461 12470
f 12460 12470 12469
f 12461 12462 12471
f 12461 12471 12470
f 12462 12463 12472
f 12462 12472 12471
f 12464 12465 12474
f 12464 12474 12473
f 12465 12466 12475
f 12465 12475 12474
f 12466 12467 12476
f 12466 12476 12475
f 12467 12468 12477
f 12467 12477 12476
f 12468 12469 12478
f 12468 12478 12477
f 12469 12470 12479
f 12469 12479 12478
f 12470 12471 12480
f 12470 12480 12479
f 12471 12472 12481
f 12471 12481 12480
f 12473 12474 12483
f 12473 12483 12482
f 12474 12475 12484
f 12474 12484 12483
f 12475 12476 12485
f 12475 12485 12484
f 12476 12477 12486
f 12476 12486 12485
f 12477 12478 12487
f 12477 12487 12486
f 12478 12479 12488
f 12478 12488 12487
f 12479 12480 12489
f 12479 12489 12488
f 12480 12481 12490
f 12480 12490 12489
f 12482 12483 12492
f 12482 12492 12491
f 12483 12484 12493
f 12483 12493 12492
f 12484 12485 12494
f 12484 12494 12493
f 12485 12486 12495
f 12485 12495 12494
f 12486 12487 12496
f 12486 12496 12495
f 12487 12488 12497
f 12487 12497 12496
f 12488 12489 12498
f 12488 12498 12497
f 12489 12490 12499
f 12489 12499 12498
f 12491 12492 12501
f 12491 12501 12500
f 12492 12493 12502
f 12492 12502 12501
f 12493 12494 12503
f 12493 12503 12502
f 12494 12495 12504
f 12494 12504 12503
f 12495 12496 12505
f 12495 12505 12504
f 12496 12497 12506
f 12496 12506 12505
f 12497 12498 12507
f 12497 12507 12506
f 12498 12499 12508
f 12498 12508 12507
f 12500 12501 12510
f 12500 12510 12509
f 12501 12502 12511
f 12501 12511 12510
f 12502 12503 12512
f 12502 12512 12511
f 12503 12504 12513
f 12503 12513 12512
f 12504 12505 12514
f 12504 12514 12513
f 12505 12506 12515
f 12505 12515 12514
f 12506 12507 12516
f 12506 12516 12515
f 12507 12508 12517
f 12507 12517 12516
f 12509 12510 12519
f 12509 12519 12518
f 12510 12511 12520
f 12510 12520 12519
f 12511 12512 12521
f 12511 12521 12520
f 12512 12513 12522
f 12512 12522 12521
f 12513 12514 12523
f 12513 12523 12522
f 12514 12515 12524
f 12514 12524 12523
f 12515 12516 12525
f 12515 12525 12524
f 12516 12517 12526
f 12516 12526 12525
f 12527 12528 12537
f 12527 12537 12536
f 12528 12529 12538
f 12528 12538 12537
f 12529 12530 12539
f 12529 12539 12538
f 12530 12531 12540
f 12530 12540 12539
f 12531 12532 12541
f 12531 12541 12540
f 12532 12533 12542
f 12532 12542 12541
f 12533 12534 12543
f 12533 12543 12542
f 12534 12535 12544
f 12534 12544 12543
f 12536 12537 12546
f 12536 12546 12545
f 12537 12538 12547
f 12537 12547 12546
f 12538 12539 12548
f 12538 12548 12547
f 12539 12540 12549
f 12539 12549 12548
f 12540 12541 12550
f 12540 12550 12549
f 12541 12542 12551
f 12541 12551 12550
f 12542 12543 12552
f 12542 12552 12551
f 12543 12544 12553
f 12543 12553 12552
f 12545 12546 12555
f 12545 12555 12554
f 12546 12547 12556
f 12546 12556 12555
f 12547 12548 12557
f 12547 12557 12556
f 12548 12549 12558
f 12548 12558 12557
f 12549 12550 12559
f 12549 12559 12558
f 12550 12551 12560
f 12550 12560 12559
f 12551 12552 12561
f 12551 12561 12560
f 12552 12553 12562
f 12552 12562 12561
f 12554 12555 12564
f 12554 12564 12563
f 12555 12556 12565
f 12555 12565 12564
f 12556 12557 12566
f 12556 12566 12565
f 12557 12558 12567
f 12557 12567 12566
f 12558 12559 12568
f 12558 12568 12567
f 12559 12560 12569
f 12559 12569 12568
f 12560 12561 12570
f 12560 12570 12569
f 12561 12562 12571
f 12561 12571 12570
f 12563 12564 12573
f 12563 12573 12572
f 12564 12565 12574
f 12564 12574 12573
f 12565 12566 12575
f 12565 12575 12574
f 12566 12567 12576
f 12566 12576 12575
f 12567 12568 12577
f 12567 12577 12576
f 12568 12569 12578
f 12568 12578 12577
f 12569 12570 12579
f 12569 12579 12578
f 12570 12571 12580
f 12570 12580 12579
f 12572 12573 12582
f 12572 12582 12581
f 12573 12574 12583
f 12573 12583 12582
f 12574 12575 12584
f 12574 12584 12583
f 12575 12576 12585
f 12575 12585 12584
f 12576 12577 12586
f 12576 12586 12585
f 12577 12578 12587
f 12577 12587 12586
f 12578 12579 12588
f 12578 12588 12587
f 12579 12580 12589
f 12579 12589 12588
f 12581 12582 12591
f 12581 12591 12590
f 12582 12583 12592
f 12582 12592 12591
f 12583 12584 12593
f 12583 12593 12592
f 12584 12585 12594
f 12584 12594 12593
f 12585 12586 12595
f 12585 12595 12594
f 12586 12587 12596
f 12586 12596 12595
f 12587 12588 12597
f 12587 12597 12596
f 12588 12589 12598
f 12588 12598 12597
f 12590 12591 12600
f 12590 12600 12599
f 12591 12592 12601
f 12591 12601 12600
f 12592 12593 12602
f 12592 12602 12601
f 12593 12594 12603
f 12593 12603 12602
f 12594 12595 12604
f 12594 12604 12603
f 12595 12596 12605
f 12595 12605 12604
f 12596 12597 12606
f 12596 12606 12605
f 12597 12598 12607
f 12597 12607 12606
f 12608 12609 12618
f 12608 12618 12617
f 12609 12610 12619
f 12609 12619 12618
f 12610 12611 12620
f 12610 12620 12619
f 12611 12612 12621
f 12611 12621 12620
f 12612 12613 12622
f 12612 12622 12621
f 12613 12614 12623
f 12613 12623 12622
f 12614 12615 12624
f 12614 12624 12623
f 12615 12616 12625
f 12615 12625 12624
f 12617 12618 12627
f 12617 12627 12626
f 12618 12619 12628
f 12618 12628 12627
f 12619 12620 12629
f 12619 12629 12628
f 12620 12621 12630
f 12620 12630 12629
f 12621 12622 12631
f 12621 12631 12630
f 12622 12623 12632
f 12622 12632 12631
f 12623 12624 12633
f 12623 12633 12632
f 12624 12625 12634
f 12624 12634 12633
f 12626 12627 12636
f 12626 12636 12635
f 12627 12628 12637
f 12627 12637 12636
f 12628 12629 12638
f 12628 12638 12637
f 12629 12630 12639
f 12629 12639 12638
f 12630 12631 12640
f 12630 12640 12639
f 12631 12632 12641
f 12631 12641 12640
f 12632 12633 12642
f 12632 12642 12641
f 12633 12634 12643
f 12633 12643 12642
f 12635 12636 12645
f 12635 12645 12644
f 12636 12637 12646
f 12636 12646 12645
f 12637 12638 12647
f 12637 12647 12646
f 12638 12639 12648
f 12638 12648 12647
f 12639 12640 12649
f 12639 12649 12648
f 12640 12641 12650
f 12640 12650 12649
f 12641 12642 12651
f 12641 12651 12650
f 12642 12643 12652
f 12642 12652 12651
f 12644 12645 12654
f 12644 12654 12653
f 12645 12646 12655
f 12645 12655 12654
f 12646 12647 12656
f 12646 12656 12655
f 12647 12648 12657
f 12647 12657 12656
f 12648 12649 12658
f 12648 12658 12657
f 12649 12650 12659
f 12649 12659 12658
f 12650 12651 12660
f 12650 12660 12659
f 12651 12652 12661
f 12651 12661 12660
f 12653 12654 12663
f 12653 12663 12662
f 12654 12655 12664
f 12654 12664 12663
f 12655 12656 12665
f 12655 12665 12664
f 12656 12657 12666
f 12656 12666 12665
f 12657 12658 12667
f 12657 12667 12666
f 12658 12659 12668
f 12658 12668 12667
f 12659 12660 12669
f 12659 12669 12668
f 12660 12661 12670
f 12660 12670 12669
f 12662 12663 12672
f 12662 12672 12671
f 12663 12664 12673
f 12663 12673 12672
f 12664 12665 12674
f 12664 12674 12673
f 12665 12666 12675
f 12665 12675 12674
f 12666 12667 12676
f 12666 12676 12675
f 12667 12668 12677
f 12667 12677 12676
f 12668 12669 12678
f 12668 12678 12677
f 12669 12670 12679
f 12669 12679 12678
f 12671 12672 12681
f 12671 12681 12680
f 12672 12673 12682
f 12672 12682 12681
f 12673 12674 12683
f 12673 12683 12682
f 12674 12675 12684
f 12674 12684 12683
f 12675 12676 12685
f 12675 12685 12684
f 12676 12677 12686
f 12676 12686 12685
f 12677 12678 12687
f 12677 12687 12686
f 12678 12679 12688
f 12678 12688 12687
f 12689 12690 12699
f 12689 12699 12698
f 12690 12691 12700
f 12690 12700 12699
f 12691 12692 12701
f 12691 12701 12700
f 12692 12693 12702
f 12692 12702 12701
f 12693 12694 12703
f 12693 12703 12702
f 12694 12695 12704
f 12694 12704 12703
f 12695 12696 12705
f 12695 12705 12704
f 12696 12697 12706
f 12696 12706 12705
f 12698 12699 12708
f 12698 12708 12707
f 12699 12700 12709
f 12699 12709 12708
f 12700 12701 12710
f 12700 12710 12709
f 12701 12702 12711
f 12701 12711 12710
f 12702 12703 12712
f 12702 12712 12711
f 12703 12704 12713
f 12703 12713 12712
f 12704 12705 12714
f 12704 12714 12713
f 12705 12706 12715
f 12705 12715 12714
f 12707 12708 12717
f 12707 12717 12716
f 12708 12709 12718
f 12708 12718 12717
f 12709 12710 12719
f 12709 12719 12718
f 12710 12711 12720
f 12710 12720 12719
f 12711 12712 12721
f 12711 12721 12720
f 12712 12713 12722
f 12712 12722 12721
f 12713 12714 12723
f 12713 12723 12722
f 12714 12715 12724
f 12714 12724 12723
f 12716 12717 12726
f 12716 12726 12725
f 12717 12718 12727
f 12717 12727 12726
f 12718 12719 12728
f 12718 12728 12727
f 12719 12720 12729
f 12719 12729 12728
f 12720 12721 12730
f 12720 12730 12729
f 12721 12722 12731
f 12721 12731 12730
f 12722 12723 12732
f 12722 12732 12731
f 12723 12724 12733
f 12723 12733 12732
f 12725 12726 12735
f 12725 12735 12734
f 12726 12727 12736
f 12726 12736 12735
f 12727 12728 12737
f 12727 12737 12736
f 12728 12729 12738
f 12728 12738 12737
f 12729 12730 12739
f 12729 12739 12738
f 12730 12731 12740
f 12730 12740 12739
f 12731 12732 12741
f 12731 12741 12740
f 12732 12733 12742
f 12732 12742 12741
f 12734 12735 12744
f 12734 12744 12743
f 12735 12736 12745
f 12735 12745 12744
f 12736 12737 12746
f 12736 12746 12745
f 12737 12738 12747
f 12737 12747 12746
f 12738 12739 12748
f 12738 12748 12747
f 12739 12740 12749
f 12739 12749 12748
f 12740 12741 12750
f 12740 12750 12749
f 12741 12742 12751
f 12741 12751 12750
f 12743 12744 12753
f 12743 12753 12752
f 12744 12745 12754
f 12744 12754 12753
f 12745 12746 12755
f 12745 12755 12754
f 12746 12747 12756
f 12746 12756 12755
f 12747 12748 12757
f 12747 12757 12756
f 12748 12749 12758
f 12748 12758 12757
f 12749 12750 12759
f 12749 12759 12758
f 12750 12751 12760
f 12750 12760 12759
f 12752 12753 12762
f 12752 12762 12761
f 12753 12754 12763
f 12753 12763 12762
f 12754 12755 12764
f 12754 12764 12763
f 12755 12756 12765
f 12755 12765 12764
f 12756 12757 12766
f 12756 12766 12765
f 12757 12758 12767
f 12757 12767 12766
f 12758 12759 12768
f 12758 12768 12767
f 12759 12760 12769
f 12759 12769 12768
f 12770 12771 12780
f 12770 12780 12779
f 12771 12772 12781
f 12771 12781 12780
f 12772 12773 12782
f 12772 12782 12781
f 12773 12774 12783
f 12773 12783 12782
f 12774 12775 12784
f 12774 12784 12783
f 12775 12776 12785
f 12775 12785 12784
f 12776 12777 12786
f 12776 12786 12785
f 12777 12778 12787
f 12777 12787 12786
f 12779 12780 12789
f 12779 12789 12788
f 12780 12781 12790
f 12780 12790 12789
f 12781 12782 12791
f 12781 12791 12790
f 12782 12783 12792
f 12782 12792 12791
f 12783 12784 12793
f 12783 12793 12792
f 12784 12785 12794
f 12784 12794 12793
f 12785 12786 12795
f 12785 12795 12794
f 12786 12787 12796
f 12786 12796 12795
f 12788 12789 12798
f 12788 12798 12797
f 12789 12790 12799
f 12789 12799 12798
f 12790 12791 12800
f 12790 12800 12799
f 12791 12792 12801
f 12791 12801 12800
f 12792 12793 12802
f 12792 12802 12801
f 12793 12794 12803
f 12793 12803 12802
f 12794 12795 12804
f 12794 12804 12803
f 12795 12796 12805
f 12795 12805 12804
f 12797 12798 12807
f 12797 12807 12806
f 12798 12799 12808
f 12798 12808 12807
f 12799 12800 12809
f 12799 12809 12808
f 12800 12801 12810
f 12800 12810 12809
f 12801 12802 12811
f 12801 12811 12810
f 12802 12803 12812
f 12802 12812 12811
f 12803 12804 12813
f 12803 12813 12812
f 12804 12805 12814
f 12804 12814 12813
f 12806 12807 12816
f 12806 12816 12815
f 12807 12808 12817
f 12807 12817 12816
f 12808 12809 12818
f 12808 12818 12817
f 12809 12810 12819
f 12809 12819 12818
f 12810 12811 12820
f 12810 12820 12819
f 12811 12812 12821
f 12811 12821 12820
f 12812 12813 12822
f 12812 12822 12821
f 12813 12814 12823
f 12813 12823 12822
f 12815 12816 12825
f 12815 12825 12824
f 12816 12817 12826
f 12816 12826 12825
f 12817 12818 12827
f 12817 12827 12826
f 12818 12819 12828
f 12818 12828 12827
f 12819 12820 12829
f 12819 12829 12828
f 12820 12821 12830
f 12820 12830 12829
f 12821 12822 12831
f 12821 12831 12830
f 12822 12823 12832
f 12822 12832 12831
f 12824 12825 12834
f 12824 12834 12833
f 12825 12826 12835
f 12825 12835 12834
f 12826 12827 12836
f 12826 12836 12835
f 12827 12828 12837
f 12827 12837 12836
f 12828 12829 12838
f 12828 12838 12837
f 12829 12830 12839
f 12829 12839 12838
f 12830 12831 12840
f 12830 12840 12839
f 12831 12832 12841
f 12831 12841 12840
f 12833 12834 12843
f 12833 12843 12842
f 12834 12835 12844
f 12834 12844 12843
f 12835 12836 12845
f 12835 12845 12844
f 12836 12837 12846
f 12836 12846 12845
f 12837 12838 12847
f 12837 12847 12846
f 12838 12839 12848
f 12838 12848 12847
f 12839 12840 12849
f 12839 12849 12848
f 12840 12841 12850
f 12840 12850 12849
g 유류탱크_0
v 4.5000 0.0000 -3.0000
v 4.5000 1.8000 -3.0000
v 4.4629 0.0000 -2.7302
v 4.4629 1.8000 -2.7302
v 4.3544 0.0000 -2.4804
v 4.3544 1.8000 -2.4804
v 4.1826 0.0000 -2.2692
v 4.1826 1.8000 -2.2692
v 3.9601 0.0000 -2.1121
v 3.9601 1.8000 -2.1121
v 3.7035 0.0000 -2.0209
v 3.7035 1.8000 -2.0209
v 3.4318 0.0000 -2.0023
v 3.4318 1.8000 -2.0023
v 3.1651 0.0000 -2.0577
v 3.1651 1.8000 -2.0577
v 2.9233 0.0000 -2.1830
v 2.9233 1.8000 -2.1830
v 2.7243 0.0000 -2.3689
v 2.7243 1.8000 -2.3689
v 2.5828 0.0000 -2.6016
v 2.5828 1.8000 -2.6016
v 2.5093 0.0000 -2.8638
v 2.5093 1.8000 -2.8638
v 2.5093 0.0000 -3.1362
v 2.5093 1.8000 -3.1362
v 2.5828 0.0000 -3.3984
v 2.5828 1.8000 -3.3984
v 2.7243 0.0000 -3.6311
v 2.7243 1.8000 -3.6311
v 2.9233 0.0000 -3.8170
v 2.9233 1.8000 -3.8170
v 3.1651 0.0000 -3.9423
v 3.1651 1.8000 -3.9423
v 3.4318 0.0000 -3.9977
v 3.4318 1.8000 -3.9977
v 3.7035 0.0000 -3.9791
v 3.7035 1.8000 -3.9791
v 3.9601 0.0000 -3.8879
v 3.9601 1.8000 -3.8879
v 4.1826 0.0000 -3.7308
v 4.1826 1.8000 -3.7308
v 4.3544 0.0000 -3.5196
v 4.3544 1.8000 -3.5196
v 4.4629 0.0000 -3.2698
v 4.4629 1.8000 -3.2698
v 3.5000 1.8000 -3.0000
v 3.5000 0.0000 -3.0000
f 12851 12853 12854
f 12851 12854 12852
f 12853 12855 12856
f 12853 12856 12854
f 12855 12857 12858
f 12855 12858 12856
f 12857 12859 12860
f 12857 12860 12858
f 12859 12861 12862
f 12859 12862 12860
f 12861 12863 12864
f 12861 12864 12862
f 12863 12865 12866
f 12863 12866 12864
f 12865 12867 12868
f 12865 12868 12866
f 12867 12869 12870
f 12867 12870 12868
f 12869 12871 12872
f 12869 12872 12870
f 12871 12873 12874
f 12871 12874 12872
f 12873 12875 12876
f 12873 12876 12874
f 12875 12877 12878
f 12875 12878 12876
f 12877 12879 12880
f 12877 12880 12878
f 12879 12881 12882
f 12879 12882 12880
f 12881 12883 12884
f 12881 12884 12882
f 12883 12885 12886
f 12883 12886 12884
f 12885 12887 12888
f 12885 12888 12886
f 12887 12889 12890
f 12887 12890 12888
f 12889 12891 12892
f 12889 12892 12890
f 12891 12893 12894
f 12891 12894 12892
f 12893 12895 12896
f 12893 12896 12894
f 12895 12851 12852
f 12895 12852 12896
f 12897 12852 12854
f 12898 12853 12851
f 12897 12854 12856
f 12898 12855 12853
f 12897 12856 12858
f 12898 12857 12855
f 12897 12858 12860
f 12898 12859 12857
f 12897 12860 12862
f 12898 12861 12859
f 12897 12862 12864
f 12898 12863 12861
f 12897 12864 12866
f 12898 12865 12863
f 12897 12866 12868
f 12898 12867 12865
f 12897 12868 12870
f 12898 12869 12867
f 12897 12870 12872
f 12898 12871 12869
f 12897 12872 12874
f 12898 12873 12871
f 12897 12874 12876
f 12898 12875 12873
f 12897 12876 12878
f 12898 12877 12875
f 12897 12878 12880
f 12898 12879 12877
f 12897 12880 12882
f 12898 12881 12879
f 12897 12882 12884
f 12898 12883 12881
f 12897 12884 12886
f 12898 12885 12883
f 12897 12886 12888
f 12898 12887 12885
f 12897 12888 12890
f 12898 12889 12887
f 12897 12890 12892
f 12898 12891 12889
f 12897 12892 12894
f 12898 12893 12891
f 12897 12894 12896
f 12898 12895 12893
f 12897 12896 12852
f 12898 12851 12895
g 공구대_0
v 2.3000 0.0000 4.3500
v 2.3000 0.1250 4.3500
v 2.3000 0.2500 4.3500
v 2.3000 0.3750 4.3500
v 2.3000 0.5000 4.3500
v 2.3000 0.6250 4.3500
v 2.3000 0.7500 4.3500
v 2.3000 0.8750 4.3500
v 2.3000 1.0000 4.3500
v 2.6000 0.0000 4.3500
v 2.6000 0.1250 4.3500
v 2.6000 0.2500 4.3500
v 2.6000 0.3750 4.3500
v 2.6000 0.5000 4.3500
v 2.6000 0.6250 4.3500
v 2.6000 0.7500 4.3500
v 2.6000 0.8750 4.3500
v 2.6000 1.0000 4.3500
v 2.9000 0.0000 4.3500
v 2.9000 0.1250 4.3500
v 2.9000 0.2500 4.3500
v 2.9000 0.3750 4.3500
v 2.9000 0.5000 4.3500
v 2.9000 0.6250 4.3500
v 2.9000 0.7500 4.3500
v 2.9000 0.8750 4.3500
v 2.9000 1.0000 4.3500
v 3.2000 0.0000 4.3500
v 3.2000 0.1250 4.3500
v 3.2000 0.2500 4.3500
v 3.2000 0.3750 4.3500
v 3.2000 0.5000 4.3500
v 3.2000 0.6250 4.3500
v 3.2000 0.7500 4.3500
v 3.2000 0.8750 4.3500
v 3.2000 1.0000 4.3500
v 3.5000 0.0000 4.3500
v 3.5000 0.1250 4.3500
v 3.5000 0.2500 4.3500
v 3.5000 0.3750 4.3500
v 3.5000 0.5000 4.3500
v 3.5000 0.6250 4.3500
v 3.5000 0.7500 4.3500
v 3.5000 0.8750 4.3500
v 3.5000 1.0000 4.3500
v 3.8000 0.0000 4.3500
v 3.8000 0.1250 4.3500
v 3.8000 0.2500 4.3500
v 3.8000 0.3750 4.3500
v 3.8000 0.5000 4.3500
v 3.8000 0.6250 4.3500
v 3.8000 0.7500 4.3500
v 3.8000 0.8750 4.3500
v 3.8000 1.0000 4.3500
v 4.1000 0.0000 4.3500
v 4.1000 0.1250 4.3500
v 4.1000 0.2500 4.3500
v 4.1000 0.3750 4.3500
v 4.1000 0.5000 4.3500
v 4.1000 0.6250 4.3500
v 4.1000 0.7500 4.3500
v 4.1000 0.8750 4.3500
v 4.1000 1.0000 4.3500
v 4.4000 0.0000 4.3500
v 4.4000 0.1250 4.3500
v 4.4000 0.2500 4.3500
v 4.4000 0.3750 4.3500
v 4.4000 0.5000 4.3500
v 4.4000 0.6250 4.3500
v 4.4000 0.7500 4.3500
v 4.4000 0.8750 4.3500
v 4.4000 1.0000 4.3500
v 4.7000 0.0000 4.3500
v 4.7000 0.1250 4.3500
v 4.7000 0.2500 4.3500
v 4.7000 0.3750 4.3500
v 4.7000 0.5000 4.3500
v 4.7000 0.6250 4.3500
v 4.7000 0.7500 4.3500
v 4.7000 0.8750 4.3500
v 4.7000 1.0000 4.3500
v 4.7000 0.0000 3.6500
v 4.7000 0.1250 3.6500
v 4.7000 0.2500 3.6500
v 4.7000 0.3750 3.6500
v 4.7000 0.5000 3.6500
v 4.7000 0.6250 3.6500
v 4.7000 0.7500 3.6500
v 4.7000 0.8750 3.6500
v 4.7000 1.0000 3.6500
v 4.4000 0.0000 3.6500
v 4.4000 0.1250 3.6500
v 4.4000 0.2500 3.6500
v 4.4000 0.3750 3.6500
v 4.4000 0.5000 3.6500
v 4.4000 0.6250 3.6500
v 4.4000 0.7500 3.6500
v 4.4000 0.8750 3.6500
v 4.4000 1.0000 3.6500
v 4.1000 0.0000 3.6500
v 4.1000 0.1250 3.6500
v 4.1000 0.2500 3.6500
v 4.1000 0.3750 3.6500
v 4.1000 0.5000 3.6500
v 4.1000 0.6250 3.6500
v 4.1000 0.7500 3.6500
v 4.1000 0.8750 3.6500
v 4.1000 1.0000 3.6500
v 3.8000 0.0000 3.6500
v 3.8000 0.1250 3.6500
v 3.8000 0.2500 3.6500
v 3.8000 0.3750 3.6500
v 3.8000 0.5000 3.6500
v 3.8000 0.6250 3.6500
v 3.8000 0.7500 3.6500
v 3.8000 0.8750 3.6500
v 3.8000 1.0000 3.6500
v 3.5000 0.0000 3.6500
v 3.5000 0.1250 3.6500
v 3.5000 0.2500 3.6500
v 3.5000 0.3750 3.6500
v 3.5000 0.5000 3.6500
v 3.5000 0.6250 3.6500
v 3.5000 0.7500 3.6500
v 3.5000 0.8750 3.6500
v 3.5000 1.0000 3.6500
v 3.2000 0.0000 3.6500
v 3.2000 0.1250 3.6500
v 3.2000 0.2500 3.6500
v 3.2000 0.3750 3.6500
v 3.2000 0.5000 3.6500
v 3.2000 0.6250 3.6500
v 3.2000 0.7500 3.6500
v 3.2000 0.8750 3.6500
v 3.2000 1.0000 3.6500
v 2.9000 0.0000 3.6500
v 2.9000 0.1250 3.6500
v 2.9000 0.2500 3.6500
v 2.9000 0.3750 3.6500
v 2.9000 0.5000 3.6500
v 2.9000 0.6250 3.6500
v 2.9000 0.7500 3.6500
v 2.9000 0.8750 3.6500
v 2.9000 1.0000 3.6500
v 2.6000 0.0000 3.6500
v 2.6000 0.1250 3.6500
v 2.6000 0.2500 3.6500
v 2.6000 0.3750 3.6500
v 2.6000 0.5000 3.6500
v 2.6000 0.6250 3.6500
v 2.6000 0.7500 3.6500
v 2.6000 0.8750 3.6500
v 2.6000 1.0000 3.6500
v 2.3000 0.0000 3.6500
v 2.3000 0.1250 3.6500
v 2.3000 0.2500 3.6500
v 2.3000 0.3750 3.6500
v 2.3000 0.5000 3.6500
v 2.3000 0.6250 3.6500
v 2.3000 0.7500 3.6500
v 2.3000 0.8750 3.6500
v 2.3000 1.0000 3.6500
v 2.3000 0.0000 3.6500
v 2.3000 0.1250 3.6500
v 2.3000 0.2500 3.6500
v 2.3000 0.3750 3.6500
v 2.3000 0.5000 3.6500
v 2.3000 0.6250 3.6500
v 2.3000 0.7500 3.6500
v 2.3000 0.8750 3.6500
v 2.3000 1.0000 3.6500
v 2.3000 0.0000 3.7375
v 2.3000 0.1250 3.7375
v 2.3000 0.2500 3.7375
v 2.3000 0.3750 3.7375
v 2.3000 0.5000 3.7375
v 2.3000 0.6250 3.7375
v 2.3000 0.7500 3.7375
v 2.3000 0.8750 3.7375
v 2.3000 1.0000 3.7375
v 2.3000 0.0000 3.8250
v 2.3000 0.1250 3.8250
v 2.3000 0.2500 3.8250
v 2.3000 0.3750 3.8250
v 2.3000 0.5000 3.8250
v 2.3000 0.6250 3.8250
v 2.3000 0.7500 3.8250
v 2.3000 0.8750 3.8250
v 2.3000 1.0000 3.8250
v 2.3000 0.0000 3.9125
v 2.3000 0.1250 3.9125
v 2.3000 0.2500 3.9125
v 2.3000 0.3750 3.9125
v 2.3000 0.5000 3.9125
v 2.3000 0.6250 3.9125
v 2.3000 0.7500 3.9125
v 2.3000 0.8750 3.9125
v 2.3000 1.0000 3.9125
v 2.3000 0.0000 4.0000
v 2.3000 0.1250 4.0000
v 2.3000 0.2500 4.0000
v 2.3000 0.3750 4.0000
v 2.3000 0.5000 4.0000
v 2.3000 0.6250 4.0000
v 2.3000 0.7500 4.0000
v 2.3000 0.8750 4.0000
v 2.3000 1.0000 4.0000
v 2.3000 0.0000 4.0875
v 2.3000 0.1250 4.0875
v 2.3000 0.2500 4.0875
v 2.3000 0.3750 4.0875
v 2.3000 0.5000 4.0875
v 2.3000 0.6250 4.0875
v 2.3000 0.7500 4.0875
v 2.3000 0.8750 4.0875
v 2.3000 1.0000 4.0875
v 2.3000 0.0000 4.1750
v 2.3000 0.1250 4.1750
v 2.3000 0.2500 4.1750
v 2.3000 0.3750 4.1750
v 2.3000 0.5000 4.1750
v 2.3000 0.6250 4.1750
v 2.3000 0.7500 4.1750
v 2.3000 0.8750 4.1750
v 2.3000 1.0000 4.1750
v 2.3000 0.0000 4.2625
v 2.3000 0.1250 4.2625
v 2.3000 0.2500 4.2625
v 2.3000 0.3750 4.2625
v 2.3000 0.5000 4.2625
v 2.3000 0.6250 4.2625
v 2.3000 0.7500 4.2625
v 2.3000 0.8750 4.2625
v 2.3000 1.0000 4.2625
v 2.3000 0.0000 4.3500
v 2.3000 0.1250 4.3500
v 2.3000 0.2500 4.3500
v 2.3000 0.3750 4.3500
v 2.3000 0.5000 4.3500
v 2.3000 0.6250 4.3500
v 2.3000 0.7500 4.3500
v 2.3000 0.8750 4.3500
v 2.3000 1.0000 4.3500
v 4.7000 0.0000 4.3500
v 4.7000 0.1250 4.3500
v 4.7000 0.2500 4.3500
v 4.7000 0.3750 4.3500
v 4.7000 0.5000 4.3500
v 4.7000 0.6250 4.3500
v 4.7000 0.7500 4.3500
v 4.7000 0.8750 4.3500
v 4.7000 1.0000 4.3500
v 4.7000 0.0000 4.2625
v 4.7000 0.1250 4.2625
v 4.7000 0.2500 4.2625
v 4.7000 0.3750 4.2625
v 4.7000 0.5000 4.2625
v 4.7000 0.6250 4.2625
v 4.7000 0.7500 4.2625
v 4.7000 0.8750 4.2625
v 4.7000 1.0000 4.2625
v 4.7000 0.0000 4.1750
v 4.7000 0.1250 4.1750
v 4.7000 0.2500 4.1750
v 4.7000 0.3750 4.1750
v 4.7000 0.5000 4.1750
v 4.7000 0.6250 4.1750
v 4.7000 0.7500 4.1750
v 4.7000 0.8750 4.1750
v 4.7000 1.0000 4.1750
v 4.7000 0.0000 4.0875
v 4.7000 0.1250 4.0875
v 4.7000 0.2500 4.0875
v 4.7000 0.3750 4.0875
v 4.7000 0.5000 4.0875
v 4.7000 0.6250 4.0875
v 4.7000 0.7500 4.0875
v 4.7000 0.8750 4.0875
v 4.7000 1.0000 4.0875
v 4.7000 0.0000 4.0000
v 4.7000 0.1250 4.0000
v 4.7000 0.2500 4.0000
v 4.7000 0.3750 4.0000
v 4.7000 0.5000 4.0000
v 4.7000 0.6250 4.0000
v 4.7000 0.7500 4.0000
v 4.7000 0.8750 4.0000
v 4.7000 1.0000 4.0000
v 4.7000 0.0000 3.9125
v 4.7000 0.1250 3.9125
v 4.7000 0.2500 3.9125
v 4.7000 0.3750 3.9125
v 4.7000 0.5000 3.9125
v 4.7000 0.6250 3.9125
v 4.7000 0.7500 3.9125
v 4.7000 0.8750 3.9125
v 4.7000 1.0000 3.9125
v 4.7000 0.0000 3.8250
v 4.7000 0.1250 3.8250
v 4.7000 0.2500 3.8250
v 4.7000 0.3750 3.8250
v 4.7000 0.5000 3.8250
v 4.7000 0.6250 3.8250
v 4.7000 0.7500 3.8250
v 4.7000 0.8750 3.8250
v 4.7000 1.0000 3.8250
v 4.7000 0.0000 3.7375
v 4.7000 0.1250 3.7375
v 4.7000 0.2500 3.7375
v 4.7000 0.3750 3.7375
v 4.7000 0.5000 3.7375
v 4.7000 0.6250 3.7375
v 4.7000 0.7500 3.7375
v 4.7000 0.8750 3.7375
v 4.7000 1.0000 3.7375
v 4.7000 0.0000 3.6500
v 4.7000 0.1250 3.6500
v 4.7000 0.2500 3.6500
v 4.7000 0.3750 3.6500
v 4.7000 0.5000 3.6500
v 4.7000 0.6250 3.6500
v 4.7000 0.7500 3.6500
v 4.7000 0.8750 3.6500
v 4.7000 1.0000 3.6500
v 2.3000 1.0000 3.6500
v 2.3000 1.0000 3.7375
v 2.3000 1.0000 3.8250
v 2.3000 1.0000 3.9125
v 2.3000 1.0000 4.0000
v 2.3000 1.0000 4.0875
v 2.3000 1.0000 4.1750
v 2.3000 1.0000 4.2625
v 2.3000 1.0000 4.3500
v 2.6000 1.0000 3.6500
v 2.6000 1.0000 3.7375
v 2.6000 1.0000 3.8250
v 2.6000 1.0000 3.9125
v 2.6000 1.0000 4.0000
v 2.6000 1.0000 4.0875
v 2.6000 1.0000 4.1750
v 2.6000 1.0000 4.2625
v 2.6000 1.0000 4.3500
v 2.9000 1.0000 3.6500
v 2.9000 1.0000 3.7375
v 2.9000 1.0000 3.8250
v 2.9000 1.0000 3.9125
v 2.9000 1.0000 4.0000
v 2.9000 1.0000 4.0875
v 2.9000 1.0000 4.1750
v 2.9000 1.0000 4.2625
v 2.9000 1.0000 4.3500
v 3.2000 1.0000 3.6500
v 3.2000 1.0000 3.7375
v 3.2000 1.0000 3.8250
v 3.2000 1.0000 3.9125
v 3.2000 1.0000 4.0000
v 3.2000 1.0000 4.0875
v 3.2000 1.0000 4.1750
v 3.2000 1.0000 4.2625
v 3.2000 1.0000 4.3500
v 3.5000 1.0000 3.6500
v 3.5000 1.0000 3.7375
v 3.5000 1.0000 3.8250
v 3.5000 1.0000 3.9125
v 3.5000 1.0000 4.0000
v 3.5000 1.0000 4.0875
v 3.5000 1.0000 4.1750
v 3.5000 1.0000 4.2625
v 3.5000 1.0000 4.3500
v 3.8000 1.0000 3.6500
v 3.8000 1.0000 3.7375
v 3.8000 1.0000 3.8250
v 3.8000 1.0000 3.9125
v 3.8000 1.0000 4.0000
v 3.8000 1.0000 4.0875
v 3.8000 1.0000 4.1750
v 3.8000 1.0000 4.2625
v 3.8000 1.0000 4.3500
v 4.1000 1.0000 3.6500
v 4.1000 1.0000 3.7375
v 4.1000 1.0000 3.8250
v 4.1000 1.0000 3.9125
v 4.1000 1.0000 4.0000
v 4.1000 1.0000 4.0875
v 4.1000 1.0000 4.1750
v 4.1000 1.0000 4.2625
v 4.1000 1.0000 4.3500
v 4.4000 1.0000 3.6500
v 4.4000 1.0000 3.7375
v 4.4000 1.0000 3.8250
v 4.4000 1.0000 3.9125
v 4.4000 1.0000 4.0000
v 4.4000 1.0000 4.0875
v 4.4000 1.0000 4.1750
v 4.4000 1.0000 4.2625
v 4.4000 1.0000 4.3500
v 4.7000 1.0000 3.6500
v 4.7000 1.0000 3.7375
v 4.7000 1.0000 3.8250
v 4.7000 1.0000 3.9125
v 4.7000 1.0000 4.0000
v 4.7000 1.0000 4.0875
v 4.7000 1.0000 4.1750
v 4.7000 1.0000 4.2625
v 4.7000 1.0000 4.3500
v 2.3000 0.0000 4.3500
v 2.3000 0.0000 4.2625
v 2.3000 0.0000 4.1750
v 2.3000 0.0000 4.0875
v 2.3000 0.0000 4.0000
v 2.3000 0.0000 3.9125
v 2.3000 0.0000 3.8250
v 2.3000 0.0000 3.7375
v 2.3000 0.0000 3.6500
v 2.6000 0.0000 4.3500
v 2.6000 0.0000 4.2625
v 2.6000 0.0000 4.1750
v 2.6000 0.0000 4.0875
v 2.6000 0.0000 4.0000
v 2.6000 0.0000 3.9125
v 2.6000 0.0000 3.8250
v 2.6000 0.0000 3.7375
v 2.6000 0.0000 3.6500
v 2.9000 0.0000 4.3500
v 2.9000 0.0000 4.2625
v 2.9000 0.0000 4.1750
v 2.9000 0.0000 4.0875
v 2.9000 0.0000 4.0000
v 2.9000 0.0000 3.9125
v 2.9000 0.0000 3.8250
v 2.9000 0.0000 3.7375
v 2.9000 0.0000 3.6500
v 3.2000 0.0000 4.3500
v 3.2000 0.0000 4.2625
v 3.2000 0.0000 4.1750
v 3.2000 0.0000 4.0875
v 3.2000 0.0000 4.0000
v 3.2000 0.0000 3.9125
v 3.2000 0.0000 3.8250
v 3.2000 0.0000 3.7375
v 3.2000 0.0000 3.6500
v 3.5000 0.0000 4.3500
v 3.5000 0.0000 4.2625
v 3.5000 0.0000 4.1750
v 3.5000 0.0000 4.0875
v 3.5000 0.0000 4.0000
v 3.5000 0.0000 3.9125
v 3.5000 0.0000 3.8250
v 3.5000 0.0000 3.7375
v 3.5000 0.0000 3.6500
v 3.8000 0.0000 4.3500
v 3.8000 0.0000 4.2625
v 3.8000 0.0000 4.1750
v 3.8000 0.0000 4.0875
v 3.8000 0.0000 4.0000
v 3.8000 0.0000 3.9125
v 3.8000 0.0000 3.8250
v 3.8000 0.0000 3.7375
v 3.8000 0.0000 3.6500
v 4.1000 0.0000 4.3500
v 4.1000 0.0000 4.2625
v 4.1000 0.0000 4.1750
v 4.1000 0.0000 4.0875
v 4.1000 0.0000 4.0000
v 4.1000 0.0000 3.9125
v 4.1000 0.0000 3.8250
v 4.1000 0.0000 3.7375
v 4.1000 0.0000 3.6500
v 4.4000 0.0000 4.3500
v 4.4000 0.0000 4.2625
v 4.4000 0.0000 4.1750
v 4.4000 0.0000 4.0875
v 4.4000 0.0000 4.0000
v 4.4000 0.0000 3.9125
v 4.4000 0.0000 3.8250
v 4.4000 0.0000 3.7375
v 4.4000 0.0000 3.6500
v 4.7000 0.0000 4.3500
v 4.7000 0.0000 4.2625
v 4.7000 0.0000 4.1750
v 4.7000 0.0000 4.0875
v 4.7000 0.0000 4.0000
v 4.7000 0.0000 3.9125
v 4.7000 0.0000 3.8250
v 4.7000 0.0000 3.7375
v 4.7000 0.0000 3.6500
f 12899 12900 12909
f 12899 12909 12908
f 12900 12901 12910
f 12900 12910 12909
f 12901 12902 12911
f 12901 12911 12910
f 12902 12903 12912
f 12902 12912 12911
f 12903 12904 12913
f 12903 12913 12912
f 12904 12905 12914
f 12904 12914 12913
f 12905 12906 12915
f 12905 12915 12914
f 12906 12907 12916
f 12906 12916 12915
f 12908 12909 12918
f 12908 12918 12917
f 12909 12910 12919
f 12909 12919 12918
f 12910 12911 12920
f 12910 12920 12919
f 12911 12912 12921
f 12911 12921 12920
f 12912 12913 12922
f 12912 12922 12921
f 12913 12914 12923
f 12913 12923 12922
f 12914 12915 12924
f 12914 12924 12923
f 12915 12916 12925
f 12915 12925 12924
f 12917 12918 12927
f 12917 12927 12926
f 12918 12919 12928
f 12918 12928 12927
f 12919 12920 12929
f 12919 12929 12928
f 12920 12921 12930
f 12920 12930 12929
f 12921 12922 12931
f 12921 12931 12930
f 12922 12923 12932
f 12922 12932 12931
f 12923 12924 12933
f 12923 12933 12932
f 12924 12925 12934
f 12924 12934 12933
f 12926 12927 12936
f 12926 12936 12935
f 12927 12928 12937
f 12927 12937 12936
f 12928 12929 12938
f 12928 12938 12937
f 12929 12930 12939
f 12929 12939 12938
f 12930 12931 12940
f 12930 12940 12939
f 12931 12932 12941
f 12931 12941 12940
f 12932 12933 12942
f 12932 12942 12941
f 12933 12934 12943
f 12933 12943 12942
f 12935 12936 12945
f 12935 12945 12944
f 12936 12937 12946
f 12936 12946 12945
f 12937 12938 12947
f 12937 12947 12946
f 12938 12939 12948
f 12938 12948 12947
f 12939 12940 12949
f 12939 12949 12948
f 12940 12941 12950
f 12940 12950 12949
f 12941 12942 12951
f 12941 12951 12950
f 12942 12943 12952
f 12942 12952 12951
f 12944 12945 12954
f 12944 12954 12953
f 12945 12946 12955
f 12945 12955 12954
f 12946 12947 12956
f 12946 12956 12955
f 12947 12948 12957
f 12947 12957 12956
f 12948 12949 12958
f 12948 12958 12957
f 12949 12950 12959
f 12949 12959 12958
f 12950 12951 12960
f 12950 12960 12959
f 12951 12952 12961
f 12951 12961 12960
f 12953 12954 12963
f 12953 12963 12962
f 12954 12955 12964
f 12954 12964 12963
f 12955 12956 12965
f 12955 12965 12964
f 12956 12957 12966
f 12956 12966 12965
f 12957 12958 12967
f 12957 12967 12966
f 12958 12959 12968
f 12958 12968 12967
f 12959 12960 12969
f 12959 12969 12968
f 12960 12961 12970
f 12960 12970 12969
f 12962 12963 12972
f 12962 12972 12971
f 12963 12964 12973
f 12963 12973 12972
f 12964 12965 12974
f 12964 12974 12973
f 12965 12966 12975
f 12965 12975 12974
f 12966 12967 12976
f 12966 12976 12975
f 12967 12968 12977
f 12967 12977 12976
f 12968 12969 12978
f 12968 12978 12977
f 12969 12970 12979
f 12969 12979 12978
f 12980 12981 12990
f 12980 12990 12989
f 12981 12982 12991
f 12981 12991 12990
f 12982 12983 12992
f 12982 12992 12991
f 12983 12984 12993
f 12983 12993 12992
f 12984 12985 12994
f 12984 12994 12993
f 12985 12986 12995
f 12985 12995 12994
f 12986 12987 12996
f 12986 12996 12995
f 12987 12988 12997
f 12987 12997 12996
f 12989 12990 12999
f 12989 12999 12998
f 12990 12991 13000
f 12990 13000 12999
f 12991 12992 13001
f 12991 13001 13000
f 12992 12993 13002
f 12992 13002 13001
f 12993 12994 13003
f 12993 13003 13002
f 12994 12995 13004
f 12994 13004 13003
f 12995 12996 13005
f 12995 13005 13004
f 12996 12997 13006
f 12996 13006 13005
f 12998 12999 13008
f 12998 13008 13007
f 12999 13000 13009
f 12999 13009 13008
f 13000 13001 13010
f 13000 13010 13009
f 13001 13002 13011
f 13001 13011 13010
f 13002 13003 13012
f 13002 13012 13011
f 13003 13004 13013
f 13003 13013 13012
f 13004 13005 13014
f 13004 13014 13013
f 13005 13006 13015
f 13005 13015 13014
f 13007 13008 13017
f 13007 13017 13016
f 13008 13009 13018
f 13008 13018 13017
f 13009 13010 13019
f 13009 13019 13018
f 13010 13011 13020
f 13010 13020 13019
f 13011 13012 13021
f 13011 13021 13020
f 13012 13013 13022
f 13012 13022 13021
f 13013 13014 13023
f 13013 13023 13022
f 13014 13015 13024
f 13014 13024 13023
f 13016 13017 13026
f 13016 13026 13025
f 13017 13018 13027
f 13017 13027 13026
f 13018 13019 13028
f 13018 13028 13027
f 13019 13020 13029
f 13019 13029 13028
f 13020 13021 13030
f 13020 13030 13029
f 13021 13022 13031
f 13021 13031 13030
f 13022 13023 13032
f 13022 13032 13031
f 13023 13024 13033
f 13023 13033 13032
f 13025 13026 13035
f 13025 13035 13034
f 13026 13027 13036
f 13026 13036 13035
f 13027 13028 13037
f 13027 13037 13036
f 13028 13029 13038
f 13028 13038 13037
f 13029 13030 13039
f 13029 13039 13038
f 13030 13031 13040
f 13030 13040 13039
f 13031 13032 13041
f 13031 13041 13040
f 13032 13033 13042
f 13032 13042 13041
f 13034 13035 13044
f 13034 13044 13043
f 13035 13036 13045
f 13035 13045 13044
f 13036 13037 13046
f 13036 13046 13045
f 13037 13038 13047
f 13037 13047 13046
f 13038 13039 13048
f 13038 13048 13047
f 13039 13040 13049
f 13039 13049 13048
f 13040 13041 13050
f 13040 13050 13049
f 13041 13042 13051
f 13041 13051 13050
f 13043 13044 13053
f 13043 13053 13052
f 13044 13045 13054
f 13044 13054 13053
f 13045 13046 13055
f 13045 13055 13054
f 13046 13047 13056
f 13046 13056 13055
f 13047 13048 13057
f 13047 13057 13056
f 13048 13049 13058
f 13048 13058 13057
f 13049 13050 13059
f 13049 13059 13058
f 13050 13051 13060
f 13050 13060 13059
f 13061 13062 13071
f 13061 13071 13070
f 13062 13063 13072
f 13062 13072 13071
f 13063 13064 13073
f 13063 13073 13072
f 13064 13065 13074
f 13064 13074 13073
f 13065 13066 13075
f 13065 13075 13074
f 13066 13067 13076
f 13066 13076 13075
f 13067 13068 13077
f 13067 13077 13076
f 13068 13069 13078
f 13068 13078 13077
f 13070 13071 13080
f 13070 13080 13079
f 13071 13072 13081
f 13071 13081 13080
f 13072 13073 13082
f 13072 13082 13081
f 13073 13074 13083
f 13073 13083 13082
f 13074 13075 13084
f 13074 13084 13083
f 13075 13076 13085
f 13075 13085 13084
f 13076 13077 13086
f 13076 13086 13085
f 13077 13078 13087
f 13077 13087 13086
f 13079 13080 13089
f 13079 13089 13088
f 13080 13081 13090
f 13080 13090 13089
f 13081 13082 13091
f 13081 13091 13090
f 13082 13083 13092
f 13082 13092 13091
f 13083 13084 13093
f 13083 13093 13092
f 13084 13085 13094
f 13084 13094 13093
f 13085 13086 13095
f 13085 13095 13094
f 13086 13087 13096
f 13086 13096 13095
f 13088 13089 13098
f 13088 13098 13097
f 13089 13090 13099
f 13089 13099 13098
f 13090 13091 13100
f 13090 13100 13099
f 13091 13092 13101
f 13091 13101 13100
f 13092 13093 13102
f 13092 13102 13101
f 13093 13094 13103
f 13093 13103 13102
f 13094 13095 13104
f 13094 13104 13103
f 13095 13096 13105
f 13095 13105 13104
f 13097 13098 13107
f 13097 13107 13106
f 13098 13099 13108
f 13098 13108 13107
f 13099 13100 13109
f 13099 13109 13108
f 13100 13101 13110
f 13100 13110 13109
f 13101 13102 13111
f 13101 13111 13110
f 13102 13103 13112
f 13102 13112 13111
f 13103 13104 13113
f 13103 13113 13112
f 13104 13105 13114
f 13104 13114 13113
f 13106 13107 13116
f 13106 13116 13115
f 13107 13108 13117
f 13107 13117 13116
f 13108 13109 13118
f 13108 13118 13117
f 13109 13110 13119
f 13109 13119 13118
f 13110 13111 13120
f 13110 13120 13119
f 13111 13112 13121
f 13111 13121 13120
f 13112 13113 13122
f 13112 13122 13121
f 13113 13114 13123
f 13113 13123 13122
f 13115 13116 13125
f 13115 13125 13124
f 13116 13117 13126
f 13116 13126 13125
f 13117 13118 13127
f 13117 13127 13126
f 13118 13119 13128
f 13118 13128 13127
f 13119 13120 13129
f 13119 13129 13128
f 13120 13121 13130
f 13120 13130 13129
f 13121 13122 13131
f 13121 13131 13130
f 13122 13123 13132
f 13122 13132 13131
f 13124 13125 13134
f 13124 13134 13133
f 13125 13126 13135
f 13125 13135 13134
f 13126 13127 13136
f 13126 13136 13135
f 13127 13128 13137
f 13127 13137 13136
f 13128 13129 13138
f 13128 13138 13137
f 13129 13130 13139
f 13129 13139 13138
f 13130 13131 13140
f 13130 13140 13139
f 13131 13132 13141
f 13131 13141 13140
f 13142 13143 13152
f 13142 13152 13151
f 13143 13144 13153
f 13143 13153 13152
f 13144 13145 13154
f 13144 13154 13153
f 13145 13146 13155
f 13145 13155 13154
f 13146 13147 13156
f 13146 13156 13155
f 13147 13148 13157
f 13147 13157 13156
f 13148 13149 13158
f 13148 13158 13157
f 13149 13150 13159
f 13149 13159 13158
f 13151 13152 13161
f 13151 13161 13160
f 13152 13153 13162
f 13152 13162 13161
f 13153 13154 13163
f 13153 13163 13162
f 13154 13155 13164
f 13154 13164 13163
f 13155 13156 13165
f 13155 13165 13164
f 13156 13157 13166
f 13156 13166 13165
f 13157 13158 13167
f 13157 13167 13166
f 13158 13159 13168
f 13158 13168 13167
f 13160 13161 13170
f 13160 13170 13169
f 13161 13162 13171
f 13161 13171 13170
f 13162 13163 13172
f 13162 13172 13171
f 13163 13164 13173
f 13163 13173 13172
f 13164 13165 13174
f 13164 13174 13173
f 13165 13166 13175
f 13165 13175 13174
f 13166 13167 13176
f 13166 13176 13175
f 13167 13168 13177
f 13167 13177 13176
f 13169 13170 13179
f 13169 13179 13178
f 13170 13171 13180
f 13170 13180 13179
f 13171 13172 13181
f 13171 13181 13180
f 13172 13173 13182
f 13172 13182 13181
f 13173 13174 13183
f 13173 13183 13182
f 13174 13175 13184
f 13174 13184 13183
f 13175 13176 13185
f 13175 13185 13184
f 13176 13177 13186
f 13176 13186 13185
f 13178 13179 13188
f 13178 13188 13187
f 13179 13180 13189
f 13179 13189 13188
f 13180 13181 13190
f 13180 13190 13189
f 13181 13182 13191
f 13181 13191 13190
f 13182 13183 13192
f 13182 13192 13191
f 13183 13184 13193
f 13183 13193 13192
f 13184 13185 13194
f 13184 13194 13193
f 13185 13186 13195
f 13185 13195 13194
f 13187 13188 13197
f 13187 13197 13196
f 13188 13189 13198
f 13188 13198 13197
f 13189 13190 13199
f 13189 13199 13198
f 13190 13191 13200
f 13190 13200 13199
f 13191 13192 13201
f 13191 13201 13200
f 13192 13193 13202
f 13192 13202 13201
f 13193 13194 13203
f 13193 13203 13202
f 13194 13195 13204
f 13194 13204 13203
f 13196 13197 13206
f 13196 13206 13205
f 13197 13198 13207
f 13197 13207 13206
f 13198 13199 13208
f 13198 13208 13207
f 13199 13200 13209
f 13199 13209 13208
f 13200 13201 13210
f 13200 13210 13209
f 13201 13202 13211
f 13201 13211 13210
f 13202 13203 13212
f 13202 13212 13211
f 13203 13204 13213
f 13203 13213 13212
f 13205 13206 13215
f 13205 13215 13214
f 13206 13207 13216
f 13206 13216 13215
f 13207 13208 13217
f 13207 13217 13216
f 13208 13209 13218
f 13208 13218 13217
f 13209 13210 13219
f 13209 13219 13218
f 13210 13211 13220
f 13210 13220 13219
f 13211 13212 13221
f 13211 13221 13220
f 13212 13213 13222
f 13212 13222 13221
f 13223 13224 13233
f 13223 13233 13232
f 13224 13225 13234
f 13224 13234 13233
f 13225 13226 13235
f 13225 13235 13234
f 13226 13227 13236
f 13226 13236 13235
f 13227 13228 13237
f 13227 13237 13236
f 13228 13229 13238
f 13228 13238 13237
f 13229 13230 13239
f 13229 13239 13238
f 13230 13231 13240
f 13230 13240 13239
f 13232 13233 13242
f 13232 13242 13241
f 13233 13234 13243
f 13233 13243 13242
f 13234 13235 13244
f 13234 13244 13243
f 13235 13236 13245
f 13235 13245 13244
f 13236 13237 13246
f 13236 13246 13245
f 13237 13238 13247
f 13237 13247 13246
f 13238 13239 13248
f 13238 13248 13247
f 13239 13240 13249
f 13239 13249 13248
f 13241 13242 13251
f 13241 13251 13250
f 13242 13243 13252
f 13242 13252 13251
f 13243 13244 13253
f 13243 13253 13252
f 13244 13245 13254
f 13244 13254 13253
f 13245 13246 13255
f 13245 13255 13254
f 13246 13247 13256
f 13246 13256 13255
f 13247 13248 13257
f 13247 13257 13256
f 13248 13249 13258
f 13248 13258 13257
f 13250 13251 13260
f 13250 13260 13259
f 13251 13252 13261
f 13251 13261 13260
f 13252 13253 13262
f 13252 13262 13261
f 13253 13254 13263
f 13253 13263 13262
f 13254 13255 13264
f 13254 13264 13263
f 13255 13256 13265
f 13255 13265 13264
f 13256 13257 13266
f 13256 13266 13265
f 13257 13258 13267
f 13257 13267 13266
f 13259 13260 13269
f 13259 13269 13268
f 13260 13261 13270
f 13260 13270 13269
f 13261 13262 13271
f 13261 13271 13270
f 13262 13263 13272
f 13262 13272 13271
f 13263 13264 13273
f 13263 13273 13272
f 13264 13265 13274
f 13264 13274 13273
f 13265 13266 13275
f 13265 13275 13274
f 13266 13267 13276
f 13266 13276 13275
f 13268 13269 13278
f 13268 13278 13277
f 13269 13270 13279
f 13269 13279 13278
f 13270 13271 13280
f 13270 13280 13279
f 13271 13272 13281
f 13271 13281 13280
f 13272 13273 13282
f 13272 13282 13281
f 13273 13274 13283
f 13273 13283 13282
f 13274 13275 13284
f 13274 13284 13283
f 13275 13276 13285
f 13275 13285 13284
f 13277 13278 13287
f 13277 13287 13286
f 13278 13279 13288
f 13278 13288 13287
f 13279 13280 13289
f 13279 13289 13288
f 13280 13281 13290
f 13280 13290 13289
f 13281 13282 13291
f 13281 13291 13290
f 13282 13283 13292
f 13282 13292 13291
f 13283 13284 13293
f 13283 13293 13292
f 13284 13285 13294
f 13284 13294 13293
f 13286 13287 13296
f 13286 13296 13295
f 13287 13288 13297
f 13287 13297 13296
f 13288 13289 13298
f 13288 13298 13297
f 13289 13290 13299
f 13289 13299 13298
f 13290 13291 13300
f 13290 13300 13299
f 13291 13292 13301
f 13291 13301 13300
f 13292 13293 13302
f 13292 13302 13301
f 13293 13294 13303
f 13293 13303 13302
f 13304 13305 13314
f 13304 13314 13313
f 13305 13306 13315
f 13305 13315 13314
f 13306 13307 13316
f 13306 13316 13315
f 13307 13308 13317
f 13307 13317 13316
f 13308 13309 13318
f 13308 13318 13317
f 13309 13310 13319
f 13309 13319 13318
f 13310 13311 13320
f 13310 13320 13319
f 13311 13312 13321
f 13311 13321 13320
f 13313 13314 13323
f 13313 13323 13322
f 13314 13315 13324
f 13314 13324 13323
f 13315 13316 13325
f 13315 13325 13324
f 13316 13317 13326
f 13316 13326 13325
f 13317 13318 13327
f 13317 13327 13326
f 13318 13319 13328
f 13318 13328 13327
f 13319 13320 13329
f 13319 13329 13328
f 13320 13321 13330
f 13320 13330 13329
f 13322 13323 13332
f 13322 13332 13331
f 13323 13324 13333
f 13323 13333 13332
f 13324 13325 13334
f 13324 13334 13333
f 13325 13326 13335
f 13325 13335 13334
f 13326 13327 13336
f 13326 13336 13335
f 13327 13328 13337
f 13327 13337 13336
f 13328 13329 13338
f 13328 13338 13337
f 13329 13330 13339
f 13329 13339 13338
f 13331 13332 13341
f 13331 13341 13340
f 13332 13333 13342
f 13332 13342 13341
f 13333 13334 13343
f 13333 13343 13342
f 13334 13335 13344
f 13334 13344 13343
f 13335 13336 13345
f 13335 13345 13344
f 13336 13337 13346
f 13336 13346 13345
f 13337 13338 13347
f 13337 13347 13346
f 13338 13339 13348
f 13338 13348 13347
f 13340 13341 13350
f 13340 13350 13349
f 13341 13342 13351
f 13341 13351 13350
f 13342 13343 13352
f 13342 13352 13351
f 13343 13344 13353
f 13343 13353 13352
f 13344 13345 13354
f 13344 13354 13353
f 13345 13346 13355
f 13345 13355 13354
f 13346 13347 13356
f 13346 13356 13355
f 13347 13348 13357
f 13347 13357 13356
f 13349 13350 13359
f 13349 13359 13358
f 13350 13351 13360
f 13350 13360 13359
f 13351 13352 13361
f 13351 13361 13360
f 13352 13353 13362
f 13352 13362 13361
f 13353 13354 13363
f 13353 13363 13362
f 13354 13355 13364
f 13354 13364 13363
f 13355 13356 13365
f 13355 13365 13364
f 13356 13357 13366
f 13356 13366 13365
f 13358 13359 13368
f 13358 13368 13367
f 13359 13360 13369
f 13359 13369 13368
f 13360 13361 13370
f 13360 13370 13369
f 13361 13362 13371
f 13361 13371 13370
f 13362 13363 13372
f 13362 13372 13371
f 13363 13364 13373
f 13363 13373 13372
f 13364 13365 13374
f 13364 13374 13373
f 13365 13366 13375
f 13365 13375 13374
f 13367 13368 13377
f 13367 13377 13376
f 13368 13369 13378
f 13368 13378 13377
f 13369 13370 13379
f 13369 13379 13378
f 13370 13371 13380
f 13370 13380 13379
f 13371 13372 13381
f 13371 13381 13380
f 13372 13373 13382
f 13372 13382 13381
f 13373 13374 13383
f 13373 13383 13382
f 13374 13375 13384
f 13374 13384 13383
