# 의무실 — 블록아웃 (예산 20,000 tris)
# 삼각형 16680 · 조각 40
# 생성: tools/blockout — 손으로 고치지 말 것, 생성기를 고칠 것
g 바닥_0
v -5.0000 -0.0600 -2.0000
v -5.0000 -0.0360 -2.0000
v -5.0000 -0.0120 -2.0000
v -5.0000 0.0120 -2.0000
v -5.0000 0.0360 -2.0000
v -5.0000 0.0600 -2.0000
v -4.6000 -0.0600 -2.0000
v -4.6000 -0.0360 -2.0000
v -4.6000 -0.0120 -2.0000
v -4.6000 0.0120 -2.0000
v -4.6000 0.0360 -2.0000
v -4.6000 0.0600 -2.0000
v -4.2000 -0.0600 -2.0000
v -4.2000 -0.0360 -2.0000
v -4.2000 -0.0120 -2.0000
v -4.2000 0.0120 -2.0000
v -4.2000 0.0360 -2.0000
v -4.2000 0.0600 -2.0000
v -3.8000 -0.0600 -2.0000
v -3.8000 -0.0360 -2.0000
v -3.8000 -0.0120 -2.0000
v -3.8000 0.0120 -2.0000
v -3.8000 0.0360 -2.0000
v -3.8000 0.0600 -2.0000
v -3.4000 -0.0600 -2.0000
v -3.4000 -0.0360 -2.0000
v -3.4000 -0.0120 -2.0000
v -3.4000 0.0120 -2.0000
v -3.4000 0.0360 -2.0000
v -3.4000 0.0600 -2.0000
v -3.0000 -0.0600 -2.0000
v -3.0000 -0.0360 -2.0000
v -3.0000 -0.0120 -2.0000
v -3.0000 0.0120 -2.0000
v -3.0000 0.0360 -2.0000
v -3.0000 0.0600 -2.0000
v -3.0000 -0.0600 -4.0000
v -3.0000 -0.0360 -4.0000
v -3.0000 -0.0120 -4.0000
v -3.0000 0.0120 -4.0000
v -3.0000 0.0360 -4.0000
v -3.0000 0.0600 -4.0000
v -3.4000 -0.0600 -4.0000
v -3.4000 -0.0360 -4.0000
v -3.4000 -0.0120 -4.0000
v -3.4000 0.0120 -4.0000
v -3.4000 0.0360 -4.0000
v -3.4000 0.0600 -4.0000
v -3.8000 -0.0600 -4.0000
v -3.8000 -0.0360 -4.0000
v -3.8000 -0.0120 -4.0000
v -3.8000 0.0120 -4.0000
v -3.8000 0.0360 -4.0000
v -3.8000 0.0600 -4.0000
v -4.2000 -0.0600 -4.0000
v -4.2000 -0.0360 -4.0000
v -4.2000 -0.0120 -4.0000
v -4.2000 0.0120 -4.0000
v -4.2000 0.0360 -4.0000
v -4.2000 0.0600 -4.0000
v -4.6000 -0.0600 -4.0000
v -4.6000 -0.0360 -4.0000
v -4.6000 -0.0120 -4.0000
v -4.6000 0.0120 -4.0000
v -4.6000 0.0360 -4.0000
v -4.6000 0.0600 -4.0000
v -5.0000 -0.0600 -4.0000
v -5.0000 -0.0360 -4.0000
v -5.0000 -0.0120 -4.0000
v -5.0000 0.0120 -4.0000
v -5.0000 0.0360 -4.0000
v -5.0000 0.0600 -4.0000
v -5.0000 -0.0600 -4.0000
v -5.0000 -0.0360 -4.0000
v -5.0000 -0.0120 -4.0000
v -5.0000 0.0120 -4.0000
v -5.0000 0.0360 -4.0000
v -5.0000 0.0600 -4.0000
v -5.0000 -0.0600 -3.6000
v -5.0000 -0.0360 -3.6000
v -5.0000 -0.0120 -3.6000
v -5.0000 0.0120 -3.6000
v -5.0000 0.0360 -3.6000
v -5.0000 0.0600 -3.6000
v -5.0000 -0.0600 -3.2000
v -5.0000 -0.0360 -3.2000
v -5.0000 -0.0120 -3.2000
v -5.0000 0.0120 -3.2000
v -5.0000 0.0360 -3.2000
v -5.0000 0.0600 -3.2000
v -5.0000 -0.0600 -2.8000
v -5.0000 -0.0360 -2.8000
v -5.0000 -0.0120 -2.8000
v -5.0000 0.0120 -2.8000
v -5.0000 0.0360 -2.8000
v -5.0000 0.0600 -2.8000
v -5.0000 -0.0600 -2.4000
v -5.0000 -0.0360 -2.4000
v -5.0000 -0.0120 -2.4000
v -5.0000 0.0120 -2.4000
v -5.0000 0.0360 -2.4000
v -5.0000 0.0600 -2.4000
v -5.0000 -0.0600 -2.0000
v -5.0000 -0.0360 -2.0000
v -5.0000 -0.0120 -2.0000
v -5.0000 0.0120 -2.0000
v -5.0000 0.0360 -2.0000
v -5.0000 0.0600 -2.0000
v -3.0000 -0.0600 -2.0000
v -3.0000 -0.0360 -2.0000
v -3.0000 -0.0120 -2.0000
v -3.0000 0.0120 -2.0000
v -3.0000 0.0360 -2.0000
v -3.0000 0.0600 -2.0000
v -3.0000 -0.0600 -2.4000
v -3.0000 -0.0360 -2.4000
v -3.0000 -0.0120 -2.4000
v -3.0000 0.0120 -2.4000
v -3.0000 0.0360 -2.4000
v -3.0000 0.0600 -2.4000
v -3.0000 -0.0600 -2.8000
v -3.0000 -0.0360 -2.8000
v -3.0000 -0.0120 -2.8000
v -3.0000 0.0120 -2.8000
v -3.0000 0.0360 -2.8000
v -3.0000 0.0600 -2.8000
v -3.0000 -0.0600 -3.2000
v -3.0000 -0.0360 -3.2000
v -3.0000 -0.0120 -3.2000
v -3.0000 0.0120 -3.2000
v -3.0000 0.0360 -3.2000
v -3.0000 0.0600 -3.2000
v -3.0000 -0.0600 -3.6000
v -3.0000 -0.0360 -3.6000
v -3.0000 -0.0120 -3.6000
v -3.0000 0.0120 -3.6000
v -3.0000 0.0360 -3.6000
v -3.0000 0.0600 -3.6000
v -3.0000 -0.0600 -4.0000
v -3.0000 -0.0360 -4.0000
v -3.0000 -0.0120 -4.0000
v -3.0000 0.0120 -4.0000
v -3.0000 0.0360 -4.0000
v -3.0000 0.0600 -4.0000
v -5.0000 0.0600 -4.0000
v -5.0000 0.0600 -3.6000
v -5.0000 0.0600 -3.2000
v -5.0000 0.0600 -2.8000
v -5.0000 0.0600 -2.4000
v -5.0000 0.0600 -2.0000
v -4.6000 0.0600 -4.0000
v -4.6000 0.0600 -3.6000
v -4.6000 0.0600 -3.2000
v -4.6000 0.0600 -2.8000
v -4.6000 0.0600 -2.4000
v -4.6000 0.0600 -2.0000
v -4.2000 0.0600 -4.0000
v -4.2000 0.0600 -3.6000
v -4.2000 0.0600 -3.2000
v -4.2000 0.0600 -2.8000
v -4.2000 0.0600 -2.4000
v -4.2000 0.0600 -2.0000
v -3.8000 0.0600 -4.0000
v -3.8000 0.0600 -3.6000
v -3.8000 0.0600 -3.2000
v -3.8000 0.0600 -2.8000
v -3.8000 0.0600 -2.4000
v -3.8000 0.0600 -2.0000
v -3.4000 0.0600 -4.0000
v -3.4000 0.0600 -3.6000
v -3.4000 0.0600 -3.2000
v -3.4000 0.0600 -2.8000
v -3.4000 0.0600 -2.4000
v -3.4000 0.0600 -2.0000
v -3.0000 0.0600 -4.0000
v -3.0000 0.0600 -3.6000
v -3.0000 0.0600 -3.2000
v -3.0000 0.0600 -2.8000
v -3.0000 0.0600 -2.4000
v -3.0000 0.0600 -2.0000
v -5.0000 -0.0600 -2.0000
v -5.0000 -0.0600 -2.4000
v -5.0000 -0.0600 -2.8000
v -5.0000 -0.0600 -3.2000
v -5.0000 -0.0600 -3.6000
v -5.0000 -0.0600 -4.0000
v -4.6000 -0.0600 -2.0000
v -4.6000 -0.0600 -2.4000
v -4.6000 -0.0600 -2.8000
v -4.6000 -0.0600 -3.2000
v -4.6000 -0.0600 -3.6000
v -4.6000 -0.0600 -4.0000
v -4.2000 -0.0600 -2.0000
v -4.2000 -0.0600 -2.4000
v -4.2000 -0.0600 -2.8000
v -4.2000 -0.0600 -3.2000
v -4.2000 -0.0600 -3.6000
v -4.2000 -0.0600 -4.0000
v -3.8000 -0.0600 -2.0000
v -3.8000 -0.0600 -2.4000
v -3.8000 -0.0600 -2.8000
v -3.8000 -0.0600 -3.2000
v -3.8000 -0.0600 -3.6000
v -3.8000 -0.0600 -4.0000
v -3.4000 -0.0600 -2.0000
v -3.4000 -0.0600 -2.4000
v -3.4000 -0.0600 -2.8000
v -3.4000 -0.0600 -3.2000
v -3.4000 -0.0600 -3.6000
v -3.4000 -0.0600 -4.0000
v -3.0000 -0.0600 -2.0000
v -3.0000 -0.0600 -2.4000
v -3.0000 -0.0600 -2.8000
v -3.0000 -0.0600 -3.2000
v -3.0000 -0.0600 -3.6000
v -3.0000 -0.0600 -4.0000
f 1 2 8
f 1 8 7
f 2 3 9
f 2 9 8
f 3 4 10
f 3 10 9
f 4 5 11
f 4 11 10
f 5 6 12
f 5 12 11
f 7 8 14
f 7 14 13
f 8 9 15
f 8 15 14
f 9 10 16
f 9 16 15
f 10 11 17
f 10 17 16
f 11 12 18
f 11 18 17
f 13 14 20
f 13 20 19
f 14 15 21
f 14 21 20
f 15 16 22
f 15 22 21
f 16 17 23
f 16 23 22
f 17 18 24
f 17 24 23
f 19 20 26
f 19 26 25
f 20 21 27
f 20 27 26
f 21 22 28
f 21 28 27
f 22 23 29
f 22 29 28
f 23 24 30
f 23 30 29
f 25 26 32
f 25 32 31
f 26 27 33
f 26 33 32
f 27 28 34
f 27 34 33
f 28 29 35
f 28 35 34
f 29 30 36
f 29 36 35
f 37 38 44
f 37 44 43
f 38 39 45
f 38 45 44
f 39 40 46
f 39 46 45
f 40 41 47
f 40 47 46
f 41 42 48
f 41 48 47
f 43 44 50
f 43 50 49
f 44 45 51
f 44 51 50
f 45 46 52
f 45 52 51
f 46 47 53
f 46 53 52
f 47 48 54
f 47 54 53
f 49 50 56
f 49 56 55
f 50 51 57
f 50 57 56
f 51 52 58
f 51 58 57
f 52 53 59
f 52 59 58
f 53 54 60
f 53 60 59
f 55 56 62
f 55 62 61
f 56 57 63
f 56 63 62
f 57 58 64
f 57 64 63
f 58 59 65
f 58 65 64
f 59 60 66
f 59 66 65
f 61 62 68
f 61 68 67
f 62 63 69
f 62 69 68
f 63 64 70
f 63 70 69
f 64 65 71
f 64 71 70
f 65 66 72
f 65 72 71
f 73 74 80
f 73 80 79
f 74 75 81
f 74 81 80
f 75 76 82
f 75 82 81
f 76 77 83
f 76 83 82
f 77 78 84
f 77 84 83
f 79 80 86
f 79 86 85
f 80 81 87
f 80 87 86
f 81 82 88
f 81 88 87
f 82 83 89
f 82 89 88
f 83 84 90
f 83 90 89
f 85 86 92
f 85 92 91
f 86 87 93
f 86 93 92
f 87 88 94
f 87 94 93
f 88 89 95
f 88 95 94
f 89 90 96
f 89 96 95
f 91 92 98
f 91 98 97
f 92 93 99
f 92 99 98
f 93 94 100
f 93 100 99
f 94 95 101
f 94 101 100
f 95 96 102
f 95 102 101
f 97 98 104
f 97 104 103
f 98 99 105
f 98 105 104
f 99 100 106
f 99 106 105
f 100 101 107
f 100 107 106
f 101 102 108
f 101 108 107
f 109 110 116
f 109 116 115
f 110 111 117
f 110 117 116
f 111 112 118
f 111 118 117
f 112 113 119
f 112 119 118
f 113 114 120
f 113 120 119
f 115 116 122
f 115 122 121
f 116 117 123
f 116 123 122
f 117 118 124
f 117 124 123
f 118 119 125
f 118 125 124
f 119 120 126
f 119 126 125
f 121 122 128
f 121 128 127
f 122 123 129
f 122 129 128
f 123 124 130
f 123 130 129
f 124 125 131
f 124 131 130
f 125 126 132
f 125 132 131
f 127 128 134
f 127 134 133
f 128 129 135
f 128 135 134
f 129 130 136
f 129 136 135
f 130 131 137
f 130 137 136
f 131 132 138
f 131 138 137
f 133 134 140
f 133 140 139
f 134 135 141
f 134 141 140
f 135 136 142
f 135 142 141
f 136 137 143
f 136 143 142
f 137 138 144
f 137 144 143
f 145 146 152
f 145 152 151
f 146 147 153
f 146 153 152
f 147 148 154
f 147 154 153
f 148 149 155
f 148 155 154
f 149 150 156
f 149 156 155
f 151 152 158
f 151 158 157
f 152 153 159
f 152 159 158
f 153 154 160
f 153 160 159
f 154 155 161
f 154 161 160
f 155 156 162
f 155 162 161
f 157 158 164
f 157 164 163
f 158 159 165
f 158 165 164
f 159 160 166
f 159 166 165
f 160 161 167
f 160 167 166
f 161 162 168
f 161 168 167
f 163 164 170
f 163 170 169
f 164 165 171
f 164 171 170
f 165 166 172
f 165 172 171
f 166 167 173
f 166 173 172
f 167 168 174
f 167 174 173
f 169 170 176
f 169 176 175
f 170 171 177
f 170 177 176
f 171 172 178
f 171 178 177
f 172 173 179
f 172 179 178
f 173 174 180
f 173 180 179
f 181 182 188
f 181 188 187
f 182 183 189
f 182 189 188
f 183 184 190
f 183 190 189
f 184 185 191
f 184 191 190
f 185 186 192
f 185 192 191
f 187 188 194
f 187 194 193
f 188 189 195
f 188 195 194
f 189 190 196
f 189 196 195
f 190 191 197
f 190 197 196
f 191 192 198
f 191 198 197
f 193 194 200
f 193 200 199
f 194 195 201
f 194 201 200
f 195 196 202
f 195 202 201
f 196 197 203
f 196 203 202
f 197 198 204
f 197 204 203
f 199 200 206
f 199 206 205
f 200 201 207
f 200 207 206
f 201 202 208
f 201 208 207
f 202 203 209
f 202 209 208
f 203 204 210
f 203 210 209
f 205 206 212
f 205 212 211
f 206 207 213
f 206 213 212
f 207 208 214
f 207 214 213
f 208 209 215
f 208 215 214
f 209 210 216
f 209 216 215
g 바닥_1
v -5.0000 -0.0600 0.0000
v -5.0000 -0.0360 0.0000
v -5.0000 -0.0120 0.0000
v -5.0000 0.0120 0.0000
v -5.0000 0.0360 0.0000
v -5.0000 0.0600 0.0000
v -4.6000 -0.0600 0.0000
v -4.6000 -0.0360 0.0000
v -4.6000 -0.0120 0.0000
v -4.6000 0.0120 0.0000
v -4.6000 0.0360 0.0000
v -4.6000 0.0600 0.0000
v -4.2000 -0.0600 0.0000
v -4.2000 -0.0360 0.0000
v -4.2000 -0.0120 0.0000
v -4.2000 0.0120 0.0000
v -4.2000 0.0360 0.0000
v -4.2000 0.0600 0.0000
v -3.8000 -0.0600 0.0000
v -3.8000 -0.0360 0.0000
v -3.8000 -0.0120 0.0000
v -3.8000 0.0120 0.0000
v -3.8000 0.0360 0.0000
v -3.8000 0.0600 0.0000
v -3.4000 -0.0600 0.0000
v -3.4000 -0.0360 0.0000
v -3.4000 -0.0120 0.0000
v -3.4000 0.0120 0.0000
v -3.4000 0.0360 0.0000
v -3.4000 0.0600 0.0000
v -3.0000 -0.0600 0.0000
v -3.0000 -0.0360 0.0000
v -3.0000 -0.0120 0.0000
v -3.0000 0.0120 0.0000
v -3.0000 0.0360 0.0000
v -3.0000 0.0600 0.0000
v -3.0000 -0.0600 -2.0000
v -3.0000 -0.0360 -2.0000
v -3.0000 -0.0120 -2.0000
v -3.0000 0.0120 -2.0000
v -3.0000 0.0360 -2.0000
v -3.0000 0.0600 -2.0000
v -3.4000 -0.0600 -2.0000
v -3.4000 -0.0360 -2.0000
v -3.4000 -0.0120 -2.0000
v -3.4000 0.0120 -2.0000
v -3.4000 0.0360 -2.0000
v -3.4000 0.0600 -2.0000
v -3.8000 -0.0600 -2.0000
v -3.8000 -0.0360 -2.0000
v -3.8000 -0.0120 -2.0000
v -3.8000 0.0120 -2.0000
v -3.8000 0.0360 -2.0000
v -3.8000 0.0600 -2.0000
v -4.2000 -0.0600 -2.0000
v -4.2000 -0.0360 -2.0000
v -4.2000 -0.0120 -2.0000
v -4.2000 0.0120 -2.0000
v -4.2000 0.0360 -2.0000
v -4.2000 0.0600 -2.0000
v -4.6000 -0.0600 -2.0000
v -4.6000 -0.0360 -2.0000
v -4.6000 -0.0120 -2.0000
v -4.6000 0.0120 -2.0000
v -4.6000 0.0360 -2.0000
v -4.6000 0.0600 -2.0000
v -5.0000 -0.0600 -2.0000
v -5.0000 -0.0360 -2.0000
v -5.0000 -0.0120 -2.0000
v -5.0000 0.0120 -2.0000
v -5.0000 0.0360 -2.0000
v -5.0000 0.0600 -2.0000
v -5.0000 -0.0600 -2.0000
v -5.0000 -0.0360 -2.0000
v -5.0000 -0.0120 -2.0000
v -5.0000 0.0120 -2.0000
v -5.0000 0.0360 -2.0000
v -5.0000 0.0600 -2.0000
v -5.0000 -0.0600 -1.6000
v -5.0000 -0.0360 -1.6000
v -5.0000 -0.0120 -1.6000
v -5.0000 0.0120 -1.6000
v -5.0000 0.0360 -1.6000
v -5.0000 0.0600 -1.6000
v -5.0000 -0.0600 -1.2000
v -5.0000 -0.0360 -1.2000
v -5.0000 -0.0120 -1.2000
v -5.0000 0.0120 -1.2000
v -5.0000 0.0360 -1.2000
v -5.0000 0.0600 -1.2000
v -5.0000 -0.0600 -0.8000
v -5.0000 -0.0360 -0.8000
v -5.0000 -0.0120 -0.8000
v -5.0000 0.0120 -0.8000
v -5.0000 0.0360 -0.8000
v -5.0000 0.0600 -0.8000
v -5.0000 -0.0600 -0.4000
v -5.0000 -0.0360 -0.4000
v -5.0000 -0.0120 -0.4000
v -5.0000 0.0120 -0.4000
v -5.0000 0.0360 -0.4000
v -5.0000 0.0600 -0.4000
v -5.0000 -0.0600 0.0000
v -5.0000 -0.0360 0.0000
v -5.0000 -0.0120 0.0000
v -5.0000 0.0120 0.0000
v -5.0000 0.0360 0.0000
v -5.0000 0.0600 0.0000
v -3.0000 -0.0600 0.0000
v -3.0000 -0.0360 0.0000
v -3.0000 -0.0120 0.0000
v -3.0000 0.0120 0.0000
v -3.0000 0.0360 0.0000
v -3.0000 0.0600 0.0000
v -3.0000 -0.0600 -0.4000
v -3.0000 -0.0360 -0.4000
v -3.0000 -0.0120 -0.4000
v -3.0000 0.0120 -0.4000
v -3.0000 0.0360 -0.4000
v -3.0000 0.0600 -0.4000
v -3.0000 -0.0600 -0.8000
v -3.0000 -0.0360 -0.8000
v -3.0000 -0.0120 -0.8000
v -3.0000 0.0120 -0.8000
v -3.0000 0.0360 -0.8000
v -3.0000 0.0600 -0.8000
v -3.0000 -0.0600 -1.2000
v -3.0000 -0.0360 -1.2000
v -3.0000 -0.0120 -1.2000
v -3.0000 0.0120 -1.2000
v -3.0000 0.0360 -1.2000
v -3.0000 0.0600 -1.2000
v -3.0000 -0.0600 -1.6000
v -3.0000 -0.0360 -1.6000
v -3.0000 -0.0120 -1.6000
v -3.0000 0.0120 -1.6000
v -3.0000 0.0360 -1.6000
v -3.0000 0.0600 -1.6000
v -3.0000 -0.0600 -2.0000
v -3.0000 -0.0360 -2.0000
v -3.0000 -0.0120 -2.0000
v -3.0000 0.0120 -2.0000
v -3.0000 0.0360 -2.0000
v -3.0000 0.0600 -2.0000
v -5.0000 0.0600 -2.0000
v -5.0000 0.0600 -1.6000
v -5.0000 0.0600 -1.2000
v -5.0000 0.0600 -0.8000
v -5.0000 0.0600 -0.4000
v -5.0000 0.0600 0.0000
v -4.6000 0.0600 -2.0000
v -4.6000 0.0600 -1.6000
v -4.6000 0.0600 -1.2000
v -4.6000 0.0600 -0.8000
v -4.6000 0.0600 -0.4000
v -4.6000 0.0600 0.0000
v -4.2000 0.0600 -2.0000
v -4.2000 0.0600 -1.6000
v -4.2000 0.0600 -1.2000
v -4.2000 0.0600 -0.8000
v -4.2000 0.0600 -0.4000
v -4.2000 0.0600 0.0000
v -3.8000 0.0600 -2.0000
v -3.8000 0.0600 -1.6000
v -3.8000 0.0600 -1.2000
v -3.8000 0.0600 -0.8000
v -3.8000 0.0600 -0.4000
v -3.8000 0.0600 0.0000
v -3.4000 0.0600 -2.0000
v -3.4000 0.0600 -1.6000
v -3.4000 0.0600 -1.2000
v -3.4000 0.0600 -0.8000
v -3.4000 0.0600 -0.4000
v -3.4000 0.0600 0.0000
v -3.0000 0.0600 -2.0000
v -3.0000 0.0600 -1.6000
v -3.0000 0.0600 -1.2000
v -3.0000 0.0600 -0.8000
v -3.0000 0.0600 -0.4000
v -3.0000 0.0600 0.0000
v -5.0000 -0.0600 0.0000
v -5.0000 -0.0600 -0.4000
v -5.0000 -0.0600 -0.8000
v -5.0000 -0.0600 -1.2000
v -5.0000 -0.0600 -1.6000
v -5.0000 -0.0600 -2.0000
v -4.6000 -0.0600 0.0000
v -4.6000 -0.0600 -0.4000
v -4.6000 -0.0600 -0.8000
v -4.6000 -0.0600 -1.2000
v -4.6000 -0.0600 -1.6000
v -4.6000 -0.0600 -2.0000
v -4.2000 -0.0600 0.0000
v -4.2000 -0.0600 -0.4000
v -4.2000 -0.0600 -0.8000
v -4.2000 -0.0600 -1.2000
v -4.2000 -0.0600 -1.6000
v -4.2000 -0.0600 -2.0000
v -3.8000 -0.0600 0.0000
v -3.8000 -0.0600 -0.4000
v -3.8000 -0.0600 -0.8000
v -3.8000 -0.0600 -1.2000
v -3.8000 -0.0600 -1.6000
v -3.8000 -0.0600 -2.0000
v -3.4000 -0.0600 0.0000
v -3.4000 -0.0600 -0.4000
v -3.4000 -0.0600 -0.8000
v -3.4000 -0.0600 -1.2000
v -3.4000 -0.0600 -1.6000
v -3.4000 -0.0600 -2.0000
v -3.0000 -0.0600 0.0000
v -3.0000 -0.0600 -0.4000
v -3.0000 -0.0600 -0.8000
v -3.0000 -0.0600 -1.2000
v -3.0000 -0.0600 -1.6000
v -3.0000 -0.0600 -2.0000
f 217 218 224
f 217 224 223
f 218 219 225
f 218 225 224
f 219 220 226
f 219 226 225
f 220 221 227
f 220 227 226
f 221 222 228
f 221 228 227
f 223 224 230
f 223 230 229
f 224 225 231
f 224 231 230
f 225 226 232
f 225 232 231
f 226 227 233
f 226 233 232
f 227 228 234
f 227 234 233
f 229 230 236
f 229 236 235
f 230 231 237
f 230 237 236
f 231 232 238
f 231 238 237
f 232 233 239
f 232 239 238
f 233 234 240
f 233 240 239
f 235 236 242
f 235 242 241
f 236 237 243
f 236 243 242
f 237 238 244
f 237 244 243
f 238 239 245
f 238 245 244
f 239 240 246
f 239 246 245
f 241 242 248
f 241 248 247
f 242 243 249
f 242 249 248
f 243 244 250
f 243 250 249
f 244 245 251
f 244 251 250
f 245 246 252
f 245 252 251
f 253 254 260
f 253 260 259
f 254 255 261
f 254 261 260
f 255 256 262
f 255 262 261
f 256 257 263
f 256 263 262
f 257 258 264
f 257 264 263
f 259 260 266
f 259 266 265
f 260 261 267
f 260 267 266
f 261 262 268
f 261 268 267
f 262 263 269
f 262 269 268
f 263 264 270
f 263 270 269
f 265 266 272
f 265 272 271
f 266 267 273
f 266 273 272
f 267 268 274
f 267 274 273
f 268 269 275
f 268 275 274
f 269 270 276
f 269 276 275
f 271 272 278
f 271 278 277
f 272 273 279
f 272 279 278
f 273 274 280
f 273 280 279
f 274 275 281
f 274 281 280
f 275 276 282
f 275 282 281
f 277 278 284
f 277 284 283
f 278 279 285
f 278 285 284
f 279 280 286
f 279 286 285
f 280 281 287
f 280 287 286
f 281 282 288
f 281 288 287
f 289 290 296
f 289 296 295
f 290 291 297
f 290 297 296
f 291 292 298
f 291 298 297
f 292 293 299
f 292 299 298
f 293 294 300
f 293 300 299
f 295 296 302
f 295 302 301
f 296 297 303
f 296 303 302
f 297 298 304
f 297 304 303
f 298 299 305
f 298 305 304
f 299 300 306
f 299 306 305
f 301 302 308
f 301 308 307
f 302 303 309
f 302 309 308
f 303 304 310
f 303 310 309
f 304 305 311
f 304 311 310
f 305 306 312
f 305 312 311
f 307 308 314
f 307 314 313
f 308 309 315
f 308 315 314
f 309 310 316
f 309 316 315
f 310 311 317
f 310 317 316
f 311 312 318
f 311 318 317
f 313 314 320
f 313 320 319
f 314 315 321
f 314 321 320
f 315 316 322
f 315 322 321
f 316 317 323
f 316 323 322
f 317 318 324
f 317 324 323
f 325 326 332
f 325 332 331
f 326 327 333
f 326 333 332
f 327 328 334
f 327 334 333
f 328 329 335
f 328 335 334
f 329 330 336
f 329 336 335
f 331 332 338
f 331 338 337
f 332 333 339
f 332 339 338
f 333 334 340
f 333 340 339
f 334 335 341
f 334 341 340
f 335 336 342
f 335 342 341
f 337 338 344
f 337 344 343
f 338 339 345
f 338 345 344
f 339 340 346
f 339 346 345
f 340 341 347
f 340 347 346
f 341 342 348
f 341 348 347
f 343 344 350
f 343 350 349
f 344 345 351
f 344 351 350
f 345 346 352
f 345 352 351
f 346 347 353
f 346 353 352
f 347 348 354
f 347 354 353
f 349 350 356
f 349 356 355
f 350 351 357
f 350 357 356
f 351 352 358
f 351 358 357
f 352 353 359
f 352 359 358
f 353 354 360
f 353 360 359
f 361 362 368
f 361 368 367
f 362 363 369
f 362 369 368
f 363 364 370
f 363 370 369
f 364 365 371
f 364 371 370
f 365 366 372
f 365 372 371
f 367 368 374
f 367 374 373
f 368 369 375
f 368 375 374
f 369 370 376
f 369 376 375
f 370 371 377
f 370 377 376
f 371 372 378
f 371 378 377
f 373 374 380
f 373 380 379
f 374 375 381
f 374 381 380
f 375 376 382
f 375 382 381
f 376 377 383
f 376 383 382
f 377 378 384
f 377 384 383
f 379 380 386
f 379 386 385
f 380 381 387
f 380 387 386
f 381 382 388
f 381 388 387
f 382 383 389
f 382 389 388
f 383 384 390
f 383 390 389
f 385 386 392
f 385 392 391
f 386 387 393
f 386 393 392
f 387 388 394
f 387 394 393
f 388 389 395
f 388 395 394
f 389 390 396
f 389 396 395
f 397 398 404
f 397 404 403
f 398 399 405
f 398 405 404
f 399 400 406
f 399 406 405
f 400 401 407
f 400 407 406
f 401 402 408
f 401 408 407
f 403 404 410
f 403 410 409
f 404 405 411
f 404 411 410
f 405 406 412
f 405 412 411
f 406 407 413
f 406 413 412
f 407 408 414
f 407 414 413
f 409 410 416
f 409 416 415
f 410 411 417
f 410 417 416
f 411 412 418
f 411 418 417
f 412 413 419
f 412 419 418
f 413 414 420
f 413 420 419
f 415 416 422
f 415 422 421
f 416 417 423
f 416 423 422
f 417 418 424
f 417 424 423
f 418 419 425
f 418 425 424
f 419 420 426
f 419 426 425
f 421 422 428
f 421 428 427
f 422 423 429
f 422 429 428
f 423 424 430
f 423 430 429
f 424 425 431
f 424 431 430
f 425 426 432
f 425 432 431
g 바닥_2
v -5.0000 -0.0600 2.0000
v -5.0000 -0.0360 2.0000
v -5.0000 -0.0120 2.0000
v -5.0000 0.0120 2.0000
v -5.0000 0.0360 2.0000
v -5.0000 0.0600 2.0000
v -4.6000 -0.0600 2.0000
v -4.6000 -0.0360 2.0000
v -4.6000 -0.0120 2.0000
v -4.6000 0.0120 2.0000
v -4.6000 0.0360 2.0000
v -4.6000 0.0600 2.0000
v -4.2000 -0.0600 2.0000
v -4.2000 -0.0360 2.0000
v -4.2000 -0.0120 2.0000
v -4.2000 0.0120 2.0000
v -4.2000 0.0360 2.0000
v -4.2000 0.0600 2.0000
v -3.8000 -0.0600 2.0000
v -3.8000 -0.0360 2.0000
v -3.8000 -0.0120 2.0000
v -3.8000 0.0120 2.0000
v -3.8000 0.0360 2.0000
v -3.8000 0.0600 2.0000
v -3.4000 -0.0600 2.0000
v -3.4000 -0.0360 2.0000
v -3.4000 -0.0120 2.0000
v -3.4000 0.0120 2.0000
v -3.4000 0.0360 2.0000
v -3.4000 0.0600 2.0000
v -3.0000 -0.0600 2.0000
v -3.0000 -0.0360 2.0000
v -3.0000 -0.0120 2.0000
v -3.0000 0.0120 2.0000
v -3.0000 0.0360 2.0000
v -3.0000 0.0600 2.0000
v -3.0000 -0.0600 0.0000
v -3.0000 -0.0360 0.0000
v -3.0000 -0.0120 0.0000
v -3.0000 0.0120 0.0000
v -3.0000 0.0360 0.0000
v -3.0000 0.0600 0.0000
v -3.4000 -0.0600 0.0000
v -3.4000 -0.0360 0.0000
v -3.4000 -0.0120 0.0000
v -3.4000 0.0120 0.0000
v -3.4000 0.0360 0.0000
v -3.4000 0.0600 0.0000
v -3.8000 -0.0600 0.0000
v -3.8000 -0.0360 0.0000
v -3.8000 -0.0120 0.0000
v -3.8000 0.0120 0.0000
v -3.8000 0.0360 0.0000
v -3.8000 0.0600 0.0000
v -4.2000 -0.0600 0.0000
v -4.2000 -0.0360 0.0000
v -4.2000 -0.0120 0.0000
v -4.2000 0.0120 0.0000
v -4.2000 0.0360 0.0000
v -4.2000 0.0600 0.0000
v -4.6000 -0.0600 0.0000
v -4.6000 -0.0360 0.0000
v -4.6000 -0.0120 0.0000
v -4.6000 0.0120 0.0000
v -4.6000 0.0360 0.0000
v -4.6000 0.0600 0.0000
v -5.0000 -0.0600 0.0000
v -5.0000 -0.0360 0.0000
v -5.0000 -0.0120 0.0000
v -5.0000 0.0120 0.0000
v -5.0000 0.0360 0.0000
v -5.0000 0.0600 0.0000
v -5.0000 -0.0600 0.0000
v -5.0000 -0.0360 0.0000
v -5.0000 -0.0120 0.0000
v -5.0000 0.0120 0.0000
v -5.0000 0.0360 0.0000
v -5.0000 0.0600 0.0000
v -5.0000 -0.0600 0.4000
v -5.0000 -0.0360 0.4000
v -5.0000 -0.0120 0.4000
v -5.0000 0.0120 0.4000
v -5.0000 0.0360 0.4000
v -5.0000 0.0600 0.4000
v -5.0000 -0.0600 0.8000
v -5.0000 -0.0360 0.8000
v -5.0000 -0.0120 0.8000
v -5.0000 0.0120 0.8000
v -5.0000 0.0360 0.8000
v -5.0000 0.0600 0.8000
v -5.0000 -0.0600 1.2000
v -5.0000 -0.0360 1.2000
v -5.0000 -0.0120 1.2000
v -5.0000 0.0120 1.2000
v -5.0000 0.0360 1.2000
v -5.0000 0.0600 1.2000
v -5.0000 -0.0600 1.6000
v -5.0000 -0.0360 1.6000
v -5.0000 -0.0120 1.6000
v -5.0000 0.0120 1.6000
v -5.0000 0.0360 1.6000
v -5.0000 0.0600 1.6000
v -5.0000 -0.0600 2.0000
v -5.0000 -0.0360 2.0000
v -5.0000 -0.0120 2.0000
v -5.0000 0.0120 2.0000
v -5.0000 0.0360 2.0000
v -5.0000 0.0600 2.0000
v -3.0000 -0.0600 2.0000
v -3.0000 -0.0360 2.0000
v -3.0000 -0.0120 2.0000
v -3.0000 0.0120 2.0000
v -3.0000 0.0360 2.0000
v -3.0000 0.0600 2.0000
v -3.0000 -0.0600 1.6000
v -3.0000 -0.0360 1.6000
v -3.0000 -0.0120 1.6000
v -3.0000 0.0120 1.6000
v -3.0000 0.0360 1.6000
v -3.0000 0.0600 1.6000
v -3.0000 -0.0600 1.2000
v -3.0000 -0.0360 1.2000
v -3.0000 -0.0120 1.2000
v -3.0000 0.0120 1.2000
v -3.0000 0.0360 1.2000
v -3.0000 0.0600 1.2000
v -3.0000 -0.0600 0.8000
v -3.0000 -0.0360 0.8000
v -3.0000 -0.0120 0.8000
v -3.0000 0.0120 0.8000
v -3.0000 0.0360 0.8000
v -3.0000 0.0600 0.8000
v -3.0000 -0.0600 0.4000
v -3.0000 -0.0360 0.4000
v -3.0000 -0.0120 0.4000
v -3.0000 0.0120 0.4000
v -3.0000 0.0360 0.4000
v -3.0000 0.0600 0.4000
v -3.0000 -0.0600 0.0000
v -3.0000 -0.0360 0.0000
v -3.0000 -0.0120 0.0000
v -3.0000 0.0120 0.0000
v -3.0000 0.0360 0.0000
v -3.0000 0.0600 0.0000
v -5.0000 0.0600 0.0000
v -5.0000 0.0600 0.4000
v -5.0000 0.0600 0.8000
v -5.0000 0.0600 1.2000
v -5.0000 0.0600 1.6000
v -5.0000 0.0600 2.0000
v -4.6000 0.0600 0.0000
v -4.6000 0.0600 0.4000
v -4.6000 0.0600 0.8000
v -4.6000 0.0600 1.2000
v -4.6000 0.0600 1.6000
v -4.6000 0.0600 2.0000
v -4.2000 0.0600 0.0000
v -4.2000 0.0600 0.4000
v -4.2000 0.0600 0.8000
v -4.2000 0.0600 1.2000
v -4.2000 0.0600 1.6000
v -4.2000 0.0600 2.0000
v -3.8000 0.0600 0.0000
v -3.8000 0.0600 0.4000
v -3.8000 0.0600 0.8000
v -3.8000 0.0600 1.2000
v -3.8000 0.0600 1.6000
v -3.8000 0.0600 2.0000
v -3.4000 0.0600 0.0000
v -3.4000 0.0600 0.4000
v -3.4000 0.0600 0.8000
v -3.4000 0.0600 1.2000
v -3.4000 0.0600 1.6000
v -3.4000 0.0600 2.0000
v -3.0000 0.0600 0.0000
v -3.0000 0.0600 0.4000
v -3.0000 0.0600 0.8000
v -3.0000 0.0600 1.2000
v -3.0000 0.0600 1.6000
v -3.0000 0.0600 2.0000
v -5.0000 -0.0600 2.0000
v -5.0000 -0.0600 1.6000
v -5.0000 -0.0600 1.2000
v -5.0000 -0.0600 0.8000
v -5.0000 -0.0600 0.4000
v -5.0000 -0.0600 0.0000
v -4.6000 -0.0600 2.0000
v -4.6000 -0.0600 1.6000
v -4.6000 -0.0600 1.2000
v -4.6000 -0.0600 0.8000
v -4.6000 -0.0600 0.4000
v -4.6000 -0.0600 0.0000
v -4.2000 -0.0600 2.0000
v -4.2000 -0.0600 1.6000
v -4.2000 -0.0600 1.2000
v -4.2000 -0.0600 0.8000
v -4.2000 -0.0600 0.4000
v -4.2000 -0.0600 0.0000
v -3.8000 -0.0600 2.0000
v -3.8000 -0.0600 1.6000
v -3.8000 -0.0600 1.2000
v -3.8000 -0.0600 0.8000
v -3.8000 -0.0600 0.4000
v -3.8000 -0.0600 0.0000
v -3.4000 -0.0600 2.0000
v -3.4000 -0.0600 1.6000
v -3.4000 -0.0600 1.2000
v -3.4000 -0.0600 0.8000
v -3.4000 -0.0600 0.4000
v -3.4000 -0.0600 0.0000
v -3.0000 -0.0600 2.0000
v -3.0000 -0.0600 1.6000
v -3.0000 -0.0600 1.2000
v -3.0000 -0.0600 0.8000
v -3.0000 -0.0600 0.4000
v -3.0000 -0.0600 0.0000
f 433 434 440
f 433 440 439
f 434 435 441
f 434 441 440
f 435 436 442
f 435 442 441
f 436 437 443
f 436 443 442
f 437 438 444
f 437 444 443
f 439 440 446
f 439 446 445
f 440 441 447
f 440 447 446
f 441 442 448
f 441 448 447
f 442 443 449
f 442 449 448
f 443 444 450
f 443 450 449
f 445 446 452
f 445 452 451
f 446 447 453
f 446 453 452
f 447 448 454
f 447 454 453
f 448 449 455
f 448 455 454
f 449 450 456
f 449 456 455
f 451 452 458
f 451 458 457
f 452 453 459
f 452 459 458
f 453 454 460
f 453 460 459
f 454 455 461
f 454 461 460
f 455 456 462
f 455 462 461
f 457 458 464
f 457 464 463
f 458 459 465
f 458 465 464
f 459 460 466
f 459 466 465
f 460 461 467
f 460 467 466
f 461 462 468
f 461 468 467
f 469 470 476
f 469 476 475
f 470 471 477
f 470 477 476
f 471 472 478
f 471 478 477
f 472 473 479
f 472 479 478
f 473 474 480
f 473 480 479
f 475 476 482
f 475 482 481
f 476 477 483
f 476 483 482
f 477 478 484
f 477 484 483
f 478 479 485
f 478 485 484
f 479 480 486
f 479 486 485
f 481 482 488
f 481 488 487
f 482 483 489
f 482 489 488
f 483 484 490
f 483 490 489
f 484 485 491
f 484 491 490
f 485 486 492
f 485 492 491
f 487 488 494
f 487 494 493
f 488 489 495
f 488 495 494
f 489 490 496
f 489 496 495
f 490 491 497
f 490 497 496
f 491 492 498
f 491 498 497
f 493 494 500
f 493 500 499
f 494 495 501
f 494 501 500
f 495 496 502
f 495 502 501
f 496 497 503
f 496 503 502
f 497 498 504
f 497 504 503
f 505 506 512
f 505 512 511
f 506 507 513
f 506 513 512
f 507 508 514
f 507 514 513
f 508 509 515
f 508 515 514
f 509 510 516
f 509 516 515
f 511 512 518
f 511 518 517
f 512 513 519
f 512 519 518
f 513 514 520
f 513 520 519
f 514 515 521
f 514 521 520
f 515 516 522
f 515 522 521
f 517 518 524
f 517 524 523
f 518 519 525
f 518 525 524
f 519 520 526
f 519 526 525
f 520 521 527
f 520 527 526
f 521 522 528
f 521 528 527
f 523 524 530
f 523 530 529
f 524 525 531
f 524 531 530
f 525 526 532
f 525 532 531
f 526 527 533
f 526 533 532
f 527 528 534
f 527 534 533
f 529 530 536
f 529 536 535
f 530 531 537
f 530 537 536
f 531 532 538
f 531 538 537
f 532 533 539
f 532 539 538
f 533 534 540
f 533 540 539
f 541 542 548
f 541 548 547
f 542 543 549
f 542 549 548
f 543 544 550
f 543 550 549
f 544 545 551
f 544 551 550
f 545 546 552
f 545 552 551
f 547 548 554
f 547 554 553
f 548 549 555
f 548 555 554
f 549 550 556
f 549 556 555
f 550 551 557
f 550 557 556
f 551 552 558
f 551 558 557
f 553 554 560
f 553 560 559
f 554 555 561
f 554 561 560
f 555 556 562
f 555 562 561
f 556 557 563
f 556 563 562
f 557 558 564
f 557 564 563
f 559 560 566
f 559 566 565
f 560 561 567
f 560 567 566
f 561 562 568
f 561 568 567
f 562 563 569
f 562 569 568
f 563 564 570
f 563 570 569
f 565 566 572
f 565 572 571
f 566 567 573
f 566 573 572
f 567 568 574
f 567 574 573
f 568 569 575
f 568 575 574
f 569 570 576
f 569 576 575
f 577 578 584
f 577 584 583
f 578 579 585
f 578 585 584
f 579 580 586
f 579 586 585
f 580 581 587
f 580 587 586
f 581 582 588
f 581 588 587
f 583 584 590
f 583 590 589
f 584 585 591
f 584 591 590
f 585 586 592
f 585 592 591
f 586 587 593
f 586 593 592
f 587 588 594
f 587 594 593
f 589 590 596
f 589 596 595
f 590 591 597
f 590 597 596
f 591 592 598
f 591 598 597
f 592 593 599
f 592 599 598
f 593 594 600
f 593 600 599
f 595 596 602
f 595 602 601
f 596 597 603
f 596 603 602
f 597 598 604
f 597 604 603
f 598 599 605
f 598 605 604
f 599 600 606
f 599 606 605
f 601 602 608
f 601 608 607
f 602 603 609
f 602 609 608
f 603 604 610
f 603 610 609
f 604 605 611
f 604 611 610
f 605 606 612
f 605 612 611
f 613 614 620
f 613 620 619
f 614 615 621
f 614 621 620
f 615 616 622
f 615 622 621
f 616 617 623
f 616 623 622
f 617 618 624
f 617 624 623
f 619 620 626
f 619 626 625
f 620 621 627
f 620 627 626
f 621 622 628
f 621 628 627
f 622 623 629
f 622 629 628
f 623 624 630
f 623 630 629
f 625 626 632
f 625 632 631
f 626 627 633
f 626 633 632
f 627 628 634
f 627 634 633
f 628 629 635
f 628 635 634
f 629 630 636
f 629 636 635
f 631 632 638
f 631 638 637
f 632 633 639
f 632 639 638
f 633 634 640
f 633 640 639
f 634 635 641
f 634 641 640
f 635 636 642
f 635 642 641
f 637 638 644
f 637 644 643
f 638 639 645
f 638 645 644
f 639 640 646
f 639 646 645
f 640 641 647
f 640 647 646
f 641 642 648
f 641 648 647
g 바닥_3
v -5.0000 -0.0600 4.0000
v -5.0000 -0.0360 4.0000
v -5.0000 -0.0120 4.0000
v -5.0000 0.0120 4.0000
v -5.0000 0.0360 4.0000
v -5.0000 0.0600 4.0000
v -4.6000 -0.0600 4.0000
v -4.6000 -0.0360 4.0000
v -4.6000 -0.0120 4.0000
v -4.6000 0.0120 4.0000
v -4.6000 0.0360 4.0000
v -4.6000 0.0600 4.0000
v -4.2000 -0.0600 4.0000
v -4.2000 -0.0360 4.0000
v -4.2000 -0.0120 4.0000
v -4.2000 0.0120 4.0000
v -4.2000 0.0360 4.0000
v -4.2000 0.0600 4.0000
v -3.8000 -0.0600 4.0000
v -3.8000 -0.0360 4.0000
v -3.8000 -0.0120 4.0000
v -3.8000 0.0120 4.0000
v -3.8000 0.0360 4.0000
v -3.8000 0.0600 4.0000
v -3.4000 -0.0600 4.0000
v -3.4000 -0.0360 4.0000
v -3.4000 -0.0120 4.0000
v -3.4000 0.0120 4.0000
v -3.4000 0.0360 4.0000
v -3.4000 0.0600 4.0000
v -3.0000 -0.0600 4.0000
v -3.0000 -0.0360 4.0000
v -3.0000 -0.0120 4.0000
v -3.0000 0.0120 4.0000
v -3.0000 0.0360 4.0000
v -3.0000 0.0600 4.0000
v -3.0000 -0.0600 2.0000
v -3.0000 -0.0360 2.0000
v -3.0000 -0.0120 2.0000
v -3.0000 0.0120 2.0000
v -3.0000 0.0360 2.0000
v -3.0000 0.0600 2.0000
v -3.4000 -0.0600 2.0000
v -3.4000 -0.0360 2.0000
v -3.4000 -0.0120 2.0000
v -3.4000 0.0120 2.0000
v -3.4000 0.0360 2.0000
v -3.4000 0.0600 2.0000
v -3.8000 -0.0600 2.0000
v -3.8000 -0.0360 2.0000
v -3.8000 -0.0120 2.0000
v -3.8000 0.0120 2.0000
v -3.8000 0.0360 2.0000
v -3.8000 0.0600 2.0000
v -4.2000 -0.0600 2.0000
v -4.2000 -0.0360 2.0000
v -4.2000 -0.0120 2.0000
v -4.2000 0.0120 2.0000
v -4.2000 0.0360 2.0000
v -4.2000 0.0600 2.0000
v -4.6000 -0.0600 2.0000
v -4.6000 -0.0360 2.0000
v -4.6000 -0.0120 2.0000
v -4.6000 0.0120 2.0000
v -4.6000 0.0360 2.0000
v -4.6000 0.0600 2.0000
v -5.0000 -0.0600 2.0000
v -5.0000 -0.0360 2.0000
v -5.0000 -0.0120 2.0000
v -5.0000 0.0120 2.0000
v -5.0000 0.0360 2.0000
v -5.0000 0.0600 2.0000
v -5.0000 -0.0600 2.0000
v -5.0000 -0.0360 2.0000
v -5.0000 -0.0120 2.0000
v -5.0000 0.0120 2.0000
v -5.0000 0.0360 2.0000
v -5.0000 0.0600 2.0000
v -5.0000 -0.0600 2.4000
v -5.0000 -0.0360 2.4000
v -5.0000 -0.0120 2.4000
v -5.0000 0.0120 2.4000
v -5.0000 0.0360 2.4000
v -5.0000 0.0600 2.4000
v -5.0000 -0.0600 2.8000
v -5.0000 -0.0360 2.8000
v -5.0000 -0.0120 2.8000
v -5.0000 0.0120 2.8000
v -5.0000 0.0360 2.8000
v -5.0000 0.0600 2.8000
v -5.0000 -0.0600 3.2000
v -5.0000 -0.0360 3.2000
v -5.0000 -0.0120 3.2000
v -5.0000 0.0120 3.2000
v -5.0000 0.0360 3.2000
v -5.0000 0.0600 3.2000
v -5.0000 -0.0600 3.6000
v -5.0000 -0.0360 3.6000
v -5.0000 -0.0120 3.6000
v -5.0000 0.0120 3.6000
v -5.0000 0.0360 3.6000
v -5.0000 0.0600 3.6000
v -5.0000 -0.0600 4.0000
v -5.0000 -0.0360 4.0000
v -5.0000 -0.0120 4.0000
v -5.0000 0.0120 4.0000
v -5.0000 0.0360 4.0000
v -5.0000 0.0600 4.0000
v -3.0000 -0.0600 4.0000
v -3.0000 -0.0360 4.0000
v -3.0000 -0.0120 4.0000
v -3.0000 0.0120 4.0000
v -3.0000 0.0360 4.0000
v -3.0000 0.0600 4.0000
v -3.0000 -0.0600 3.6000
v -3.0000 -0.0360 3.6000
v -3.0000 -0.0120 3.6000
v -3.0000 0.0120 3.6000
v -3.0000 0.0360 3.6000
v -3.0000 0.0600 3.6000
v -3.0000 -0.0600 3.2000
v -3.0000 -0.0360 3.2000
v -3.0000 -0.0120 3.2000
v -3.0000 0.0120 3.2000
v -3.0000 0.0360 3.2000
v -3.0000 0.0600 3.2000
v -3.0000 -0.0600 2.8000
v -3.0000 -0.0360 2.8000
v -3.0000 -0.0120 2.8000
v -3.0000 0.0120 2.8000
v -3.0000 0.0360 2.8000
v -3.0000 0.0600 2.8000
v -3.0000 -0.0600 2.4000
v -3.0000 -0.0360 2.4000
v -3.0000 -0.0120 2.4000
v -3.0000 0.0120 2.4000
v -3.0000 0.0360 2.4000
v -3.0000 0.0600 2.4000
v -3.0000 -0.0600 2.0000
v -3.0000 -0.0360 2.0000
v -3.0000 -0.0120 2.0000
v -3.0000 0.0120 2.0000
v -3.0000 0.0360 2.0000
v -3.0000 0.0600 2.0000
v -5.0000 0.0600 2.0000
v -5.0000 0.0600 2.4000
v -5.0000 0.0600 2.8000
v -5.0000 0.0600 3.2000
v -5.0000 0.0600 3.6000
v -5.0000 0.0600 4.0000
v -4.6000 0.0600 2.0000
v -4.6000 0.0600 2.4000
v -4.6000 0.0600 2.8000
v -4.6000 0.0600 3.2000
v -4.6000 0.0600 3.6000
v -4.6000 0.0600 4.0000
v -4.2000 0.0600 2.0000
v -4.2000 0.0600 2.4000
v -4.2000 0.0600 2.8000
v -4.2000 0.0600 3.2000
v -4.2000 0.0600 3.6000
v -4.2000 0.0600 4.0000
v -3.8000 0.0600 2.0000
v -3.8000 0.0600 2.4000
v -3.8000 0.0600 2.8000
v -3.8000 0.0600 3.2000
v -3.8000 0.0600 3.6000
v -3.8000 0.0600 4.0000
v -3.4000 0.0600 2.0000
v -3.4000 0.0600 2.4000
v -3.4000 0.0600 2.8000
v -3.4000 0.0600 3.2000
v -3.4000 0.0600 3.6000
v -3.4000 0.0600 4.0000
v -3.0000 0.0600 2.0000
v -3.0000 0.0600 2.4000
v -3.0000 0.0600 2.8000
v -3.0000 0.0600 3.2000
v -3.0000 0.0600 3.6000
v -3.0000 0.0600 4.0000
v -5.0000 -0.0600 4.0000
v -5.0000 -0.0600 3.6000
v -5.0000 -0.0600 3.2000
v -5.0000 -0.0600 2.8000
v -5.0000 -0.0600 2.4000
v -5.0000 -0.0600 2.0000
v -4.6000 -0.0600 4.0000
v -4.6000 -0.0600 3.6000
v -4.6000 -0.0600 3.2000
v -4.6000 -0.0600 2.8000
v -4.6000 -0.0600 2.4000
v -4.6000 -0.0600 2.0000
v -4.2000 -0.0600 4.0000
v -4.2000 -0.0600 3.6000
v -4.2000 -0.0600 3.2000
v -4.2000 -0.0600 2.8000
v -4.2000 -0.0600 2.4000
v -4.2000 -0.0600 2.0000
v -3.8000 -0.0600 4.0000
v -3.8000 -0.0600 3.6000
v -3.8000 -0.0600 3.2000
v -3.8000 -0.0600 2.8000
v -3.8000 -0.0600 2.4000
v -3.8000 -0.0600 2.0000
v -3.4000 -0.0600 4.0000
v -3.4000 -0.0600 3.6000
v -3.4000 -0.0600 3.2000
v -3.4000 -0.0600 2.8000
v -3.4000 -0.0600 2.4000
v -3.4000 -0.0600 2.0000
v -3.0000 -0.0600 4.0000
v -3.0000 -0.0600 3.6000
v -3.0000 -0.0600 3.2000
v -3.0000 -0.0600 2.8000
v -3.0000 -0.0600 2.4000
v -3.0000 -0.0600 2.0000
f 649 650 656
f 649 656 655
f 650 651 657
f 650 657 656
f 651 652 658
f 651 658 657
f 652 653 659
f 652 659 658
f 653 654 660
f 653 660 659
f 655 656 662
f 655 662 661
f 656 657 663
f 656 663 662
f 657 658 664
f 657 664 663
f 658 659 665
f 658 665 664
f 659 660 666
f 659 666 665
f 661 662 668
f 661 668 667
f 662 663 669
f 662 669 668
f 663 664 670
f 663 670 669
f 664 665 671
f 664 671 670
f 665 666 672
f 665 672 671
f 667 668 674
f 667 674 673
f 668 669 675
f 668 675 674
f 669 670 676
f 669 676 675
f 670 671 677
f 670 677 676
f 671 672 678
f 671 678 677
f 673 674 680
f 673 680 679
f 674 675 681
f 674 681 680
f 675 676 682
f 675 682 681
f 676 677 683
f 676 683 682
f 677 678 684
f 677 684 683
f 685 686 692
f 685 692 691
f 686 687 693
f 686 693 692
f 687 688 694
f 687 694 693
f 688 689 695
f 688 695 694
f 689 690 696
f 689 696 695
f 691 692 698
f 691 698 697
f 692 693 699
f 692 699 698
f 693 694 700
f 693 700 699
f 694 695 701
f 694 701 700
f 695 696 702
f 695 702 701
f 697 698 704
f 697 704 703
f 698 699 705
f 698 705 704
f 699 700 706
f 699 706 705
f 700 701 707
f 700 707 706
f 701 702 708
f 701 708 707
f 703 704 710
f 703 710 709
f 704 705 711
f 704 711 710
f 705 706 712
f 705 712 711
f 706 707 713
f 706 713 712
f 707 708 714
f 707 714 713
f 709 710 716
f 709 716 715
f 710 711 717
f 710 717 716
f 711 712 718
f 711 718 717
f 712 713 719
f 712 719 718
f 713 714 720
f 713 720 719
f 721 722 728
f 721 728 727
f 722 723 729
f 722 729 728
f 723 724 730
f 723 730 729
f 724 725 731
f 724 731 730
f 725 726 732
f 725 732 731
f 727 728 734
f 727 734 733
f 728 729 735
f 728 735 734
f 729 730 736
f 729 736 735
f 730 731 737
f 730 737 736
f 731 732 738
f 731 738 737
f 733 734 740
f 733 740 739
f 734 735 741
f 734 741 740
f 735 736 742
f 735 742 741
f 736 737 743
f 736 743 742
f 737 738 744
f 737 744 743
f 739 740 746
f 739 746 745
f 740 741 747
f 740 747 746
f 741 742 748
f 741 748 747
f 742 743 749
f 742 749 748
f 743 744 750
f 743 750 749
f 745 746 752
f 745 752 751
f 746 747 753
f 746 753 752
f 747 748 754
f 747 754 753
f 748 749 755
f 748 755 754
f 749 750 756
f 749 756 755
f 757 758 764
f 757 764 763
f 758 759 765
f 758 765 764
f 759 760 766
f 759 766 765
f 760 761 767
f 760 767 766
f 761 762 768
f 761 768 767
f 763 764 770
f 763 770 769
f 764 765 771
f 764 771 770
f 765 766 772
f 765 772 771
f 766 767 773
f 766 773 772
f 767 768 774
f 767 774 773
f 769 770 776
f 769 776 775
f 770 771 777
f 770 777 776
f 771 772 778
f 771 778 777
f 772 773 779
f 772 779 778
f 773 774 780
f 773 780 779
f 775 776 782
f 775 782 781
f 776 777 783
f 776 783 782
f 777 778 784
f 777 784 783
f 778 779 785
f 778 785 784
f 779 780 786
f 779 786 785
f 781 782 788
f 781 788 787
f 782 783 789
f 782 789 788
f 783 784 790
f 783 790 789
f 784 785 791
f 784 791 790
f 785 786 792
f 785 792 791
f 793 794 800
f 793 800 799
f 794 795 801
f 794 801 800
f 795 796 802
f 795 802 801
f 796 797 803
f 796 803 802
f 797 798 804
f 797 804 803
f 799 800 806
f 799 806 805
f 800 801 807
f 800 807 806
f 801 802 808
f 801 808 807
f 802 803 809
f 802 809 808
f 803 804 810
f 803 810 809
f 805 806 812
f 805 812 811
f 806 807 813
f 806 813 812
f 807 808 814
f 807 814 813
f 808 809 815
f 808 815 814
f 809 810 816
f 809 816 815
f 811 812 818
f 811 818 817
f 812 813 819
f 812 819 818
f 813 814 820
f 813 820 819
f 814 815 821
f 814 821 820
f 815 816 822
f 815 822 821
f 817 818 824
f 817 824 823
f 818 819 825
f 818 825 824
f 819 820 826
f 819 826 825
f 820 821 827
f 820 827 826
f 821 822 828
f 821 828 827
f 829 830 836
f 829 836 835
f 830 831 837
f 830 837 836
f 831 832 838
f 831 838 837
f 832 833 839
f 832 839 838
f 833 834 840
f 833 840 839
f 835 836 842
f 835 842 841
f 836 837 843
f 836 843 842
f 837 838 844
f 837 844 843
f 838 839 845
f 838 845 844
f 839 840 846
f 839 846 845
f 841 842 848
f 841 848 847
f 842 843 849
f 842 849 848
f 843 844 850
f 843 850 849
f 844 845 851
f 844 851 850
f 845 846 852
f 845 852 851
f 847 848 854
f 847 854 853
f 848 849 855
f 848 855 854
f 849 850 856
f 849 856 855
f 850 851 857
f 850 857 856
f 851 852 858
f 851 858 857
f 853 854 860
f 853 860 859
f 854 855 861
f 854 861 860
f 855 856 862
f 855 862 861
f 856 857 863
f 856 863 862
f 857 858 864
f 857 864 863
g 바닥_4
v -3.0000 -0.0600 -2.0000
v -3.0000 -0.0360 -2.0000
v -3.0000 -0.0120 -2.0000
v -3.0000 0.0120 -2.0000
v -3.0000 0.0360 -2.0000
v -3.0000 0.0600 -2.0000
v -2.6000 -0.0600 -2.0000
v -2.6000 -0.0360 -2.0000
v -2.6000 -0.0120 -2.0000
v -2.6000 0.0120 -2.0000
v -2.6000 0.0360 -2.0000
v -2.6000 0.0600 -2.0000
v -2.2000 -0.0600 -2.0000
v -2.2000 -0.0360 -2.0000
v -2.2000 -0.0120 -2.0000
v -2.2000 0.0120 -2.0000
v -2.2000 0.0360 -2.0000
v -2.2000 0.0600 -2.0000
v -1.8000 -0.0600 -2.0000
v -1.8000 -0.0360 -2.0000
v -1.8000 -0.0120 -2.0000
v -1.8000 0.0120 -2.0000
v -1.8000 0.0360 -2.0000
v -1.8000 0.0600 -2.0000
v -1.4000 -0.0600 -2.0000
v -1.4000 -0.0360 -2.0000
v -1.4000 -0.0120 -2.0000
v -1.4000 0.0120 -2.0000
v -1.4000 0.0360 -2.0000
v -1.4000 0.0600 -2.0000
v -1.0000 -0.0600 -2.0000
v -1.0000 -0.0360 -2.0000
v -1.0000 -0.0120 -2.0000
v -1.0000 0.0120 -2.0000
v -1.0000 0.0360 -2.0000
v -1.0000 0.0600 -2.0000
v -1.0000 -0.0600 -4.0000
v -1.0000 -0.0360 -4.0000
v -1.0000 -0.0120 -4.0000
v -1.0000 0.0120 -4.0000
v -1.0000 0.0360 -4.0000
v -1.0000 0.0600 -4.0000
v -1.4000 -0.0600 -4.0000
v -1.4000 -0.0360 -4.0000
v -1.4000 -0.0120 -4.0000
v -1.4000 0.0120 -4.0000
v -1.4000 0.0360 -4.0000
v -1.4000 0.0600 -4.0000
v -1.8000 -0.0600 -4.0000
v -1.8000 -0.0360 -4.0000
v -1.8000 -0.0120 -4.0000
v -1.8000 0.0120 -4.0000
v -1.8000 0.0360 -4.0000
v -1.8000 0.0600 -4.0000
v -2.2000 -0.0600 -4.0000
v -2.2000 -0.0360 -4.0000
v -2.2000 -0.0120 -4.0000
v -2.2000 0.0120 -4.0000
v -2.2000 0.0360 -4.0000
v -2.2000 0.0600 -4.0000
v -2.6000 -0.0600 -4.0000
v -2.6000 -0.0360 -4.0000
v -2.6000 -0.0120 -4.0000
v -2.6000 0.0120 -4.0000
v -2.6000 0.0360 -4.0000
v -2.6000 0.0600 -4.0000
v -3.0000 -0.0600 -4.0000
v -3.0000 -0.0360 -4.0000
v -3.0000 -0.0120 -4.0000
v -3.0000 0.0120 -4.0000
v -3.0000 0.0360 -4.0000
v -3.0000 0.0600 -4.0000
v -3.0000 -0.0600 -4.0000
v -3.0000 -0.0360 -4.0000
v -3.0000 -0.0120 -4.0000
v -3.0000 0.0120 -4.0000
v -3.0000 0.0360 -4.0000
v -3.0000 0.0600 -4.0000
v -3.0000 -0.0600 -3.6000
v -3.0000 -0.0360 -3.6000
v -3.0000 -0.0120 -3.6000
v -3.0000 0.0120 -3.6000
v -3.0000 0.0360 -3.6000
v -3.0000 0.0600 -3.6000
v -3.0000 -0.0600 -3.2000
v -3.0000 -0.0360 -3.2000
v -3.0000 -0.0120 -3.2000
v -3.0000 0.0120 -3.2000
v -3.0000 0.0360 -3.2000
v -3.0000 0.0600 -3.2000
v -3.0000 -0.0600 -2.8000
v -3.0000 -0.0360 -2.8000
v -3.0000 -0.0120 -2.8000
v -3.0000 0.0120 -2.8000
v -3.0000 0.0360 -2.8000
v -3.0000 0.0600 -2.8000
v -3.0000 -0.0600 -2.4000
v -3.0000 -0.0360 -2.4000
v -3.0000 -0.0120 -2.4000
v -3.0000 0.0120 -2.4000
v -3.0000 0.0360 -2.4000
v -3.0000 0.0600 -2.4000
v -3.0000 -0.0600 -2.0000
v -3.0000 -0.0360 -2.0000
v -3.0000 -0.0120 -2.0000
v -3.0000 0.0120 -2.0000
v -3.0000 0.0360 -2.0000
v -3.0000 0.0600 -2.0000
v -1.0000 -0.0600 -2.0000
v -1.0000 -0.0360 -2.0000
v -1.0000 -0.0120 -2.0000
v -1.0000 0.0120 -2.0000
v -1.0000 0.0360 -2.0000
v -1.0000 0.0600 -2.0000
v -1.0000 -0.0600 -2.4000
v -1.0000 -0.0360 -2.4000
v -1.0000 -0.0120 -2.4000
v -1.0000 0.0120 -2.4000
v -1.0000 0.0360 -2.4000
v -1.0000 0.0600 -2.4000
v -1.0000 -0.0600 -2.8000
v -1.0000 -0.0360 -2.8000
v -1.0000 -0.0120 -2.8000
v -1.0000 0.0120 -2.8000
v -1.0000 0.0360 -2.8000
v -1.0000 0.0600 -2.8000
v -1.0000 -0.0600 -3.2000
v -1.0000 -0.0360 -3.2000
v -1.0000 -0.0120 -3.2000
v -1.0000 0.0120 -3.2000
v -1.0000 0.0360 -3.2000
v -1.0000 0.0600 -3.2000
v -1.0000 -0.0600 -3.6000
v -1.0000 -0.0360 -3.6000
v -1.0000 -0.0120 -3.6000
v -1.0000 0.0120 -3.6000
v -1.0000 0.0360 -3.6000
v -1.0000 0.0600 -3.6000
v -1.0000 -0.0600 -4.0000
v -1.0000 -0.0360 -4.0000
v -1.0000 -0.0120 -4.0000
v -1.0000 0.0120 -4.0000
v -1.0000 0.0360 -4.0000
v -1.0000 0.0600 -4.0000
v -3.0000 0.0600 -4.0000
v -3.0000 0.0600 -3.6000
v -3.0000 0.0600 -3.2000
v -3.0000 0.0600 -2.8000
v -3.0000 0.0600 -2.4000
v -3.0000 0.0600 -2.0000
v -2.6000 0.0600 -4.0000
v -2.6000 0.0600 -3.6000
v -2.6000 0.0600 -3.2000
v -2.6000 0.0600 -2.8000
v -2.6000 0.0600 -2.4000
v -2.6000 0.0600 -2.0000
v -2.2000 0.0600 -4.0000
v -2.2000 0.0600 -3.6000
v -2.2000 0.0600 -3.2000
v -2.2000 0.0600 -2.8000
v -2.2000 0.0600 -2.4000
v -2.2000 0.0600 -2.0000
v -1.8000 0.0600 -4.0000
v -1.8000 0.0600 -3.6000
v -1.8000 0.0600 -3.2000
v -1.8000 0.0600 -2.8000
v -1.8000 0.0600 -2.4000
v -1.8000 0.0600 -2.0000
v -1.4000 0.0600 -4.0000
v -1.4000 0.0600 -3.6000
v -1.4000 0.0600 -3.2000
v -1.4000 0.0600 -2.8000
v -1.4000 0.0600 -2.4000
v -1.4000 0.0600 -2.0000
v -1.0000 0.0600 -4.0000
v -1.0000 0.0600 -3.6000
v -1.0000 0.0600 -3.2000
v -1.0000 0.0600 -2.8000
v -1.0000 0.0600 -2.4000
v -1.0000 0.0600 -2.0000
v -3.0000 -0.0600 -2.0000
v -3.0000 -0.0600 -2.4000
v -3.0000 -0.0600 -2.8000
v -3.0000 -0.0600 -3.2000
v -3.0000 -0.0600 -3.6000
v -3.0000 -0.0600 -4.0000
v -2.6000 -0.0600 -2.0000
v -2.6000 -0.0600 -2.4000
v -2.6000 -0.0600 -2.8000
v -2.6000 -0.0600 -3.2000
v -2.6000 -0.0600 -3.6000
v -2.6000 -0.0600 -4.0000
v -2.2000 -0.0600 -2.0000
v -2.2000 -0.0600 -2.4000
v -2.2000 -0.0600 -2.8000
v -2.2000 -0.0600 -3.2000
v -2.2000 -0.0600 -3.6000
v -2.2000 -0.0600 -4.0000
v -1.8000 -0.0600 -2.0000
v -1.8000 -0.0600 -2.4000
v -1.8000 -0.0600 -2.8000
v -1.8000 -0.0600 -3.2000
v -1.8000 -0.0600 -3.6000
v -1.8000 -0.0600 -4.0000
v -1.4000 -0.0600 -2.0000
v -1.4000 -0.0600 -2.4000
v -1.4000 -0.0600 -2.8000
v -1.4000 -0.0600 -3.2000
v -1.4000 -0.0600 -3.6000
v -1.4000 -0.0600 -4.0000
v -1.0000 -0.0600 -2.0000
v -1.0000 -0.0600 -2.4000
v -1.0000 -0.0600 -2.8000
v -1.0000 -0.0600 -3.2000
v -1.0000 -0.0600 -3.6000
v -1.0000 -0.0600 -4.0000
f 865 866 872
f 865 872 871
f 866 867 873
f 866 873 872
f 867 868 874
f 867 874 873
f 868 869 875
f 868 875 874
f 869 870 876
f 869 876 875
f 871 872 878
f 871 878 877
f 872 873 879
f 872 879 878
f 873 874 880
f 873 880 879
f 874 875 881
f 874 881 880
f 875 876 882
f 875 882 881
f 877 878 884
f 877 884 883
f 878 879 885
f 878 885 884
f 879 880 886
f 879 886 885
f 880 881 887
f 880 887 886
f 881 882 888
f 881 888 887
f 883 884 890
f 883 890 889
f 884 885 891
f 884 891 890
f 885 886 892
f 885 892 891
f 886 887 893
f 886 893 892
f 887 888 894
f 887 894 893
f 889 890 896
f 889 896 895
f 890 891 897
f 890 897 896
f 891 892 898
f 891 898 897
f 892 893 899
f 892 899 898
f 893 894 900
f 893 900 899
f 901 902 908
f 901 908 907
f 902 903 909
f 902 909 908
f 903 904 910
f 903 910 909
f 904 905 911
f 904 911 910
f 905 906 912
f 905 912 911
f 907 908 914
f 907 914 913
f 908 909 915
f 908 915 914
f 909 910 916
f 909 916 915
f 910 911 917
f 910 917 916
f 911 912 918
f 911 918 917
f 913 914 920
f 913 920 919
f 914 915 921
f 914 921 920
f 915 916 922
f 915 922 921
f 916 917 923
f 916 923 922
f 917 918 924
f 917 924 923
f 919 920 926
f 919 926 925
f 920 921 927
f 920 927 926
f 921 922 928
f 921 928 927
f 922 923 929
f 922 929 928
f 923 924 930
f 923 930 929
f 925 926 932
f 925 932 931
f 926 927 933
f 926 933 932
f 927 928 934
f 927 934 933
f 928 929 935
f 928 935 934
f 929 930 936
f 929 936 935
f 937 938 944
f 937 944 943
f 938 939 945
f 938 945 944
f 939 940 946
f 939 946 945
f 940 941 947
f 940 947 946
f 941 942 948
f 941 948 947
f 943 944 950
f 943 950 949
f 944 945 951
f 944 951 950
f 945 946 952
f 945 952 951
f 946 947 953
f 946 953 952
f 947 948 954
f 947 954 953
f 949 950 956
f 949 956 955
f 950 951 957
f 950 957 956
f 951 952 958
f 951 958 957
f 952 953 959
f 952 959 958
f 953 954 960
f 953 960 959
f 955 956 962
f 955 962 961
f 956 957 963
f 956 963 962
f 957 958 964
f 957 964 963
f 958 959 965
f 958 965 964
f 959 960 966
f 959 966 965
f 961 962 968
f 961 968 967
f 962 963 969
f 962 969 968
f 963 964 970
f 963 970 969
f 964 965 971
f 964 971 970
f 965 966 972
f 965 972 971
f 973 974 980
f 973 980 979
f 974 975 981
f 974 981 980
f 975 976 982
f 975 982 981
f 976 977 983
f 976 983 982
f 977 978 984
f 977 984 983
f 979 980 986
f 979 986 985
f 980 981 987
f 980 987 986
f 981 982 988
f 981 988 987
f 982 983 989
f 982 989 988
f 983 984 990
f 983 990 989
f 985 986 992
f 985 992 991
f 986 987 993
f 986 993 992
f 987 988 994
f 987 994 993
f 988 989 995
f 988 995 994
f 989 990 996
f 989 996 995
f 991 992 998
f 991 998 997
f 992 993 999
f 992 999 998
f 993 994 1000
f 993 1000 999
f 994 995 1001
f 994 1001 1000
f 995 996 1002
f 995 1002 1001
f 997 998 1004
f 997 1004 1003
f 998 999 1005
f 998 1005 1004
f 999 1000 1006
f 999 1006 1005
f 1000 1001 1007
f 1000 1007 1006
f 1001 1002 1008
f 1001 1008 1007
f 1009 1010 1016
f 1009 1016 1015
f 1010 1011 1017
f 1010 1017 1016
f 1011 1012 1018
f 1011 1018 1017
f 1012 1013 1019
f 1012 1019 1018
f 1013 1014 1020
f 1013 1020 1019
f 1015 1016 1022
f 1015 1022 1021
f 1016 1017 1023
f 1016 1023 1022
f 1017 1018 1024
f 1017 1024 1023
f 1018 1019 1025
f 1018 1025 1024
f 1019 1020 1026
f 1019 1026 1025
f 1021 1022 1028
f 1021 1028 1027
f 1022 1023 1029
f 1022 1029 1028
f 1023 1024 1030
f 1023 1030 1029
f 1024 1025 1031
f 1024 1031 1030
f 1025 1026 1032
f 1025 1032 1031
f 1027 1028 1034
f 1027 1034 1033
f 1028 1029 1035
f 1028 1035 1034
f 1029 1030 1036
f 1029 1036 1035
f 1030 1031 1037
f 1030 1037 1036
f 1031 1032 1038
f 1031 1038 1037
f 1033 1034 1040
f 1033 1040 1039
f 1034 1035 1041
f 1034 1041 1040
f 1035 1036 1042
f 1035 1042 1041
f 1036 1037 1043
f 1036 1043 1042
f 1037 1038 1044
f 1037 1044 1043
f 1045 1046 1052
f 1045 1052 1051
f 1046 1047 1053
f 1046 1053 1052
f 1047 1048 1054
f 1047 1054 1053
f 1048 1049 1055
f 1048 1055 1054
f 1049 1050 1056
f 1049 1056 1055
f 1051 1052 1058
f 1051 1058 1057
f 1052 1053 1059
f 1052 1059 1058
f 1053 1054 1060
f 1053 1060 1059
f 1054 1055 1061
f 1054 1061 1060
f 1055 1056 1062
f 1055 1062 1061
f 1057 1058 1064
f 1057 1064 1063
f 1058 1059 1065
f 1058 1065 1064
f 1059 1060 1066
f 1059 1066 1065
f 1060 1061 1067
f 1060 1067 1066
f 1061 1062 1068
f 1061 1068 1067
f 1063 1064 1070
f 1063 1070 1069
f 1064 1065 1071
f 1064 1071 1070
f 1065 1066 1072
f 1065 1072 1071
f 1066 1067 1073
f 1066 1073 1072
f 1067 1068 1074
f 1067 1074 1073
f 1069 1070 1076
f 1069 1076 1075
f 1070 1071 1077
f 1070 1077 1076
f 1071 1072 1078
f 1071 1078 1077
f 1072 1073 1079
f 1072 1079 1078
f 1073 1074 1080
f 1073 1080 1079
g 바닥_5
v -3.0000 -0.0600 0.0000
v -3.0000 -0.0360 0.0000
v -3.0000 -0.0120 0.0000
v -3.0000 0.0120 0.0000
v -3.0000 0.0360 0.0000
v -3.0000 0.0600 0.0000
v -2.6000 -0.0600 0.0000
v -2.6000 -0.0360 0.0000
v -2.6000 -0.0120 0.0000
v -2.6000 0.0120 0.0000
v -2.6000 0.0360 0.0000
v -2.6000 0.0600 0.0000
v -2.2000 -0.0600 0.0000
v -2.2000 -0.0360 0.0000
v -2.2000 -0.0120 0.0000
v -2.2000 0.0120 0.0000
v -2.2000 0.0360 0.0000
v -2.2000 0.0600 0.0000
v -1.8000 -0.0600 0.0000
v -1.8000 -0.0360 0.0000
v -1.8000 -0.0120 0.0000
v -1.8000 0.0120 0.0000
v -1.8000 0.0360 0.0000
v -1.8000 0.0600 0.0000
v -1.4000 -0.0600 0.0000
v -1.4000 -0.0360 0.0000
v -1.4000 -0.0120 0.0000
v -1.4000 0.0120 0.0000
v -1.4000 0.0360 0.0000
v -1.4000 0.0600 0.0000
v -1.0000 -0.0600 0.0000
v -1.0000 -0.0360 0.0000
v -1.0000 -0.0120 0.0000
v -1.0000 0.0120 0.0000
v -1.0000 0.0360 0.0000
v -1.0000 0.0600 0.0000
v -1.0000 -0.0600 -2.0000
v -1.0000 -0.0360 -2.0000
v -1.0000 -0.0120 -2.0000
v -1.0000 0.0120 -2.0000
v -1.0000 0.0360 -2.0000
v -1.0000 0.0600 -2.0000
v -1.4000 -0.0600 -2.0000
v -1.4000 -0.0360 -2.0000
v -1.4000 -0.0120 -2.0000
v -1.4000 0.0120 -2.0000
v -1.4000 0.0360 -2.0000
v -1.4000 0.0600 -2.0000
v -1.8000 -0.0600 -2.0000
v -1.8000 -0.0360 -2.0000
v -1.8000 -0.0120 -2.0000
v -1.8000 0.0120 -2.0000
v -1.8000 0.0360 -2.0000
v -1.8000 0.0600 -2.0000
v -2.2000 -0.0600 -2.0000
v -2.2000 -0.0360 -2.0000
v -2.2000 -0.0120 -2.0000
v -2.2000 0.0120 -2.0000
v -2.2000 0.0360 -2.0000
v -2.2000 0.0600 -2.0000
v -2.6000 -0.0600 -2.0000
v -2.6000 -0.0360 -2.0000
v -2.6000 -0.0120 -2.0000
v -2.6000 0.0120 -2.0000
v -2.6000 0.0360 -2.0000
v -2.6000 0.0600 -2.0000
v -3.0000 -0.0600 -2.0000
v -3.0000 -0.0360 -2.0000
v -3.0000 -0.0120 -2.0000
v -3.0000 0.0120 -2.0000
v -3.0000 0.0360 -2.0000
v -3.0000 0.0600 -2.0000
v -3.0000 -0.0600 -2.0000
v -3.0000 -0.0360 -2.0000
v -3.0000 -0.0120 -2.0000
v -3.0000 0.0120 -2.0000
v -3.0000 0.0360 -2.0000
v -3.0000 0.0600 -2.0000
v -3.0000 -0.0600 -1.6000
v -3.0000 -0.0360 -1.6000
v -3.0000 -0.0120 -1.6000
v -3.0000 0.0120 -1.6000
v -3.0000 0.0360 -1.6000
v -3.0000 0.0600 -1.6000
v -3.0000 -0.0600 -1.2000
v -3.0000 -0.0360 -1.2000
v -3.0000 -0.0120 -1.2000
v -3.0000 0.0120 -1.2000
v -3.0000 0.0360 -1.2000
v -3.0000 0.0600 -1.2000
v -3.0000 -0.0600 -0.8000
v -3.0000 -0.0360 -0.8000
v -3.0000 -0.0120 -0.8000
v -3.0000 0.0120 -0.8000
v -3.0000 0.0360 -0.8000
v -3.0000 0.0600 -0.8000
v -3.0000 -0.0600 -0.4000
v -3.0000 -0.0360 -0.4000
v -3.0000 -0.0120 -0.4000
v -3.0000 0.0120 -0.4000
v -3.0000 0.0360 -0.4000
v -3.0000 0.0600 -0.4000
v -3.0000 -0.0600 0.0000
v -3.0000 -0.0360 0.0000
v -3.0000 -0.0120 0.0000
v -3.0000 0.0120 0.0000
v -3.0000 0.0360 0.0000
v -3.0000 0.0600 0.0000
v -1.0000 -0.0600 0.0000
v -1.0000 -0.0360 0.0000
v -1.0000 -0.0120 0.0000
v -1.0000 0.0120 0.0000
v -1.0000 0.0360 0.0000
v -1.0000 0.0600 0.0000
v -1.0000 -0.0600 -0.4000
v -1.0000 -0.0360 -0.4000
v -1.0000 -0.0120 -0.4000
v -1.0000 0.0120 -0.4000
v -1.0000 0.0360 -0.4000
v -1.0000 0.0600 -0.4000
v -1.0000 -0.0600 -0.8000
v -1.0000 -0.0360 -0.8000
v -1.0000 -0.0120 -0.8000
v -1.0000 0.0120 -0.8000
v -1.0000 0.0360 -0.8000
v -1.0000 0.0600 -0.8000
v -1.0000 -0.0600 -1.2000
v -1.0000 -0.0360 -1.2000
v -1.0000 -0.0120 -1.2000
v -1.0000 0.0120 -1.2000
v -1.0000 0.0360 -1.2000
v -1.0000 0.0600 -1.2000
v -1.0000 -0.0600 -1.6000
v -1.0000 -0.0360 -1.6000
v -1.0000 -0.0120 -1.6000
v -1.0000 0.0120 -1.6000
v -1.0000 0.0360 -1.6000
v -1.0000 0.0600 -1.6000
v -1.0000 -0.0600 -2.0000
v -1.0000 -0.0360 -2.0000
v -1.0000 -0.0120 -2.0000
v -1.0000 0.0120 -2.0000
v -1.0000 0.0360 -2.0000
v -1.0000 0.0600 -2.0000
v -3.0000 0.0600 -2.0000
v -3.0000 0.0600 -1.6000
v -3.0000 0.0600 -1.2000
v -3.0000 0.0600 -0.8000
v -3.0000 0.0600 -0.4000
v -3.0000 0.0600 0.0000
v -2.6000 0.0600 -2.0000
v -2.6000 0.0600 -1.6000
v -2.6000 0.0600 -1.2000
v -2.6000 0.0600 -0.8000
v -2.6000 0.0600 -0.4000
v -2.6000 0.0600 0.0000
v -2.2000 0.0600 -2.0000
v -2.2000 0.0600 -1.6000
v -2.2000 0.0600 -1.2000
v -2.2000 0.0600 -0.8000
v -2.2000 0.0600 -0.4000
v -2.2000 0.0600 0.0000
v -1.8000 0.0600 -2.0000
v -1.8000 0.0600 -1.6000
v -1.8000 0.0600 -1.2000
v -1.8000 0.0600 -0.8000
v -1.8000 0.0600 -0.4000
v -1.8000 0.0600 0.0000
v -1.4000 0.0600 -2.0000
v -1.4000 0.0600 -1.6000
v -1.4000 0.0600 -1.2000
v -1.4000 0.0600 -0.8000
v -1.4000 0.0600 -0.4000
v -1.4000 0.0600 0.0000
v -1.0000 0.0600 -2.0000
v -1.0000 0.0600 -1.6000
v -1.0000 0.0600 -1.2000
v -1.0000 0.0600 -0.8000
v -1.0000 0.0600 -0.4000
v -1.0000 0.0600 0.0000
v -3.0000 -0.0600 0.0000
v -3.0000 -0.0600 -0.4000
v -3.0000 -0.0600 -0.8000
v -3.0000 -0.0600 -1.2000
v -3.0000 -0.0600 -1.6000
v -3.0000 -0.0600 -2.0000
v -2.6000 -0.0600 0.0000
v -2.6000 -0.0600 -0.4000
v -2.6000 -0.0600 -0.8000
v -2.6000 -0.0600 -1.2000
v -2.6000 -0.0600 -1.6000
v -2.6000 -0.0600 -2.0000
v -2.2000 -0.0600 0.0000
v -2.2000 -0.0600 -0.4000
v -2.2000 -0.0600 -0.8000
v -2.2000 -0.0600 -1.2000
v -2.2000 -0.0600 -1.6000
v -2.2000 -0.0600 -2.0000
v -1.8000 -0.0600 0.0000
v -1.8000 -0.0600 -0.4000
v -1.8000 -0.0600 -0.8000
v -1.8000 -0.0600 -1.2000
v -1.8000 -0.0600 -1.6000
v -1.8000 -0.0600 -2.0000
v -1.4000 -0.0600 0.0000
v -1.4000 -0.0600 -0.4000
v -1.4000 -0.0600 -0.8000
v -1.4000 -0.0600 -1.2000
v -1.4000 -0.0600 -1.6000
v -1.4000 -0.0600 -2.0000
v -1.0000 -0.0600 0.0000
v -1.0000 -0.0600 -0.4000
v -1.0000 -0.0600 -0.8000
v -1.0000 -0.0600 -1.2000
v -1.0000 -0.0600 -1.6000
v -1.0000 -0.0600 -2.0000
f 1081 1082 1088
f 1081 1088 1087
f 1082 1083 1089
f 1082 1089 1088
f 1083 1084 1090
f 1083 1090 1089
f 1084 1085 1091
f 1084 1091 1090
f 1085 1086 1092
f 1085 1092 1091
f 1087 1088 1094
f 1087 1094 1093
f 1088 1089 1095
f 1088 1095 1094
f 1089 1090 1096
f 1089 1096 1095
f 1090 1091 1097
f 1090 1097 1096
f 1091 1092 1098
f 1091 1098 1097
f 1093 1094 1100
f 1093 1100 1099
f 1094 1095 1101
f 1094 1101 1100
f 1095 1096 1102
f 1095 1102 1101
f 1096 1097 1103
f 1096 1103 1102
f 1097 1098 1104
f 1097 1104 1103
f 1099 1100 1106
f 1099 1106 1105
f 1100 1101 1107
f 1100 1107 1106
f 1101 1102 1108
f 1101 1108 1107
f 1102 1103 1109
f 1102 1109 1108
f 1103 1104 1110
f 1103 1110 1109
f 1105 1106 1112
f 1105 1112 1111
f 1106 1107 1113
f 1106 1113 1112
f 1107 1108 1114
f 1107 1114 1113
f 1108 1109 1115
f 1108 1115 1114
f 1109 1110 1116
f 1109 1116 1115
f 1117 1118 1124
f 1117 1124 1123
f 1118 1119 1125
f 1118 1125 1124
f 1119 1120 1126
f 1119 1126 1125
f 1120 1121 1127
f 1120 1127 1126
f 1121 1122 1128
f 1121 1128 1127
f 1123 1124 1130
f 1123 1130 1129
f 1124 1125 1131
f 1124 1131 1130
f 1125 1126 1132
f 1125 1132 1131
f 1126 1127 1133
f 1126 1133 1132
f 1127 1128 1134
f 1127 1134 1133
f 1129 1130 1136
f 1129 1136 1135
f 1130 1131 1137
f 1130 1137 1136
f 1131 1132 1138
f 1131 1138 1137
f 1132 1133 1139
f 1132 1139 1138
f 1133 1134 1140
f 1133 1140 1139
f 1135 1136 1142
f 1135 1142 1141
f 1136 1137 1143
f 1136 1143 1142
f 1137 1138 1144
f 1137 1144 1143
f 1138 1139 1145
f 1138 1145 1144
f 1139 1140 1146
f 1139 1146 1145
f 1141 1142 1148
f 1141 1148 1147
f 1142 1143 1149
f 1142 1149 1148
f 1143 1144 1150
f 1143 1150 1149
f 1144 1145 1151
f 1144 1151 1150
f 1145 1146 1152
f 1145 1152 1151
f 1153 1154 1160
f 1153 1160 1159
f 1154 1155 1161
f 1154 1161 1160
f 1155 1156 1162
f 1155 1162 1161
f 1156 1157 1163
f 1156 1163 1162
f 1157 1158 1164
f 1157 1164 1163
f 1159 1160 1166
f 1159 1166 1165
f 1160 1161 1167
f 1160 1167 1166
f 1161 1162 1168
f 1161 1168 1167
f 1162 1163 1169
f 1162 1169 1168
f 1163 1164 1170
f 1163 1170 1169
f 1165 1166 1172
f 1165 1172 1171
f 1166 1167 1173
f 1166 1173 1172
f 1167 1168 1174
f 1167 1174 1173
f 1168 1169 1175
f 1168 1175 1174
f 1169 1170 1176
f 1169 1176 1175
f 1171 1172 1178
f 1171 1178 1177
f 1172 1173 1179
f 1172 1179 1178
f 1173 1174 1180
f 1173 1180 1179
f 1174 1175 1181
f 1174 1181 1180
f 1175 1176 1182
f 1175 1182 1181
f 1177 1178 1184
f 1177 1184 1183
f 1178 1179 1185
f 1178 1185 1184
f 1179 1180 1186
f 1179 1186 1185
f 1180 1181 1187
f 1180 1187 1186
f 1181 1182 1188
f 1181 1188 1187
f 1189 1190 1196
f 1189 1196 1195
f 1190 1191 1197
f 1190 1197 1196
f 1191 1192 1198
f 1191 1198 1197
f 1192 1193 1199
f 1192 1199 1198
f 1193 1194 1200
f 1193 1200 1199
f 1195 1196 1202
f 1195 1202 1201
f 1196 1197 1203
f 1196 1203 1202
f 1197 1198 1204
f 1197 1204 1203
f 1198 1199 1205
f 1198 1205 1204
f 1199 1200 1206
f 1199 1206 1205
f 1201 1202 1208
f 1201 1208 1207
f 1202 1203 1209
f 1202 1209 1208
f 1203 1204 1210
f 1203 1210 1209
f 1204 1205 1211
f 1204 1211 1210
f 1205 1206 1212
f 1205 1212 1211
f 1207 1208 1214
f 1207 1214 1213
f 1208 1209 1215
f 1208 1215 1214
f 1209 1210 1216
f 1209 1216 1215
f 1210 1211 1217
f 1210 1217 1216
f 1211 1212 1218
f 1211 1218 1217
f 1213 1214 1220
f 1213 1220 1219
f 1214 1215 1221
f 1214 1221 1220
f 1215 1216 1222
f 1215 1222 1221
f 1216 1217 1223
f 1216 1223 1222
f 1217 1218 1224
f 1217 1224 1223
f 1225 1226 1232
f 1225 1232 1231
f 1226 1227 1233
f 1226 1233 1232
f 1227 1228 1234
f 1227 1234 1233
f 1228 1229 1235
f 1228 1235 1234
f 1229 1230 1236
f 1229 1236 1235
f 1231 1232 1238
f 1231 1238 1237
f 1232 1233 1239
f 1232 1239 1238
f 1233 1234 1240
f 1233 1240 1239
f 1234 1235 1241
f 1234 1241 1240
f 1235 1236 1242
f 1235 1242 1241
f 1237 1238 1244
f 1237 1244 1243
f 1238 1239 1245
f 1238 1245 1244
f 1239 1240 1246
f 1239 1246 1245
f 1240 1241 1247
f 1240 1247 1246
f 1241 1242 1248
f 1241 1248 1247
f 1243 1244 1250
f 1243 1250 1249
f 1244 1245 1251
f 1244 1251 1250
f 1245 1246 1252
f 1245 1252 1251
f 1246 1247 1253
f 1246 1253 1252
f 1247 1248 1254
f 1247 1254 1253
f 1249 1250 1256
f 1249 1256 1255
f 1250 1251 1257
f 1250 1257 1256
f 1251 1252 1258
f 1251 1258 1257
f 1252 1253 1259
f 1252 1259 1258
f 1253 1254 1260
f 1253 1260 1259
f 1261 1262 1268
f 1261 1268 1267
f 1262 1263 1269
f 1262 1269 1268
f 1263 1264 1270
f 1263 1270 1269
f 1264 1265 1271
f 1264 1271 1270
f 1265 1266 1272
f 1265 1272 1271
f 1267 1268 1274
f 1267 1274 1273
f 1268 1269 1275
f 1268 1275 1274
f 1269 1270 1276
f 1269 1276 1275
f 1270 1271 1277
f 1270 1277 1276
f 1271 1272 1278
f 1271 1278 1277
f 1273 1274 1280
f 1273 1280 1279
f 1274 1275 1281
f 1274 1281 1280
f 1275 1276 1282
f 1275 1282 1281
f 1276 1277 1283
f 1276 1283 1282
f 1277 1278 1284
f 1277 1284 1283
f 1279 1280 1286
f 1279 1286 1285
f 1280 1281 1287
f 1280 1287 1286
f 1281 1282 1288
f 1281 1288 1287
f 1282 1283 1289
f 1282 1289 1288
f 1283 1284 1290
f 1283 1290 1289
f 1285 1286 1292
f 1285 1292 1291
f 1286 1287 1293
f 1286 1293 1292
f 1287 1288 1294
f 1287 1294 1293
f 1288 1289 1295
f 1288 1295 1294
f 1289 1290 1296
f 1289 1296 1295
g 바닥_6
v -3.0000 -0.0600 2.0000
v -3.0000 -0.0360 2.0000
v -3.0000 -0.0120 2.0000
v -3.0000 0.0120 2.0000
v -3.0000 0.0360 2.0000
v -3.0000 0.0600 2.0000
v -2.6000 -0.0600 2.0000
v -2.6000 -0.0360 2.0000
v -2.6000 -0.0120 2.0000
v -2.6000 0.0120 2.0000
v -2.6000 0.0360 2.0000
v -2.6000 0.0600 2.0000
v -2.2000 -0.0600 2.0000
v -2.2000 -0.0360 2.0000
v -2.2000 -0.0120 2.0000
v -2.2000 0.0120 2.0000
v -2.2000 0.0360 2.0000
v -2.2000 0.0600 2.0000
v -1.8000 -0.0600 2.0000
v -1.8000 -0.0360 2.0000
v -1.8000 -0.0120 2.0000
v -1.8000 0.0120 2.0000
v -1.8000 0.0360 2.0000
v -1.8000 0.0600 2.0000
v -1.4000 -0.0600 2.0000
v -1.4000 -0.0360 2.0000
v -1.4000 -0.0120 2.0000
v -1.4000 0.0120 2.0000
v -1.4000 0.0360 2.0000
v -1.4000 0.0600 2.0000
v -1.0000 -0.0600 2.0000
v -1.0000 -0.0360 2.0000
v -1.0000 -0.0120 2.0000
v -1.0000 0.0120 2.0000
v -1.0000 0.0360 2.0000
v -1.0000 0.0600 2.0000
v -1.0000 -0.0600 0.0000
v -1.0000 -0.0360 0.0000
v -1.0000 -0.0120 0.0000
v -1.0000 0.0120 0.0000
v -1.0000 0.0360 0.0000
v -1.0000 0.0600 0.0000
v -1.4000 -0.0600 0.0000
v -1.4000 -0.0360 0.0000
v -1.4000 -0.0120 0.0000
v -1.4000 0.0120 0.0000
v -1.4000 0.0360 0.0000
v -1.4000 0.0600 0.0000
v -1.8000 -0.0600 0.0000
v -1.8000 -0.0360 0.0000
v -1.8000 -0.0120 0.0000
v -1.8000 0.0120 0.0000
v -1.8000 0.0360 0.0000
v -1.8000 0.0600 0.0000
v -2.2000 -0.0600 0.0000
v -2.2000 -0.0360 0.0000
v -2.2000 -0.0120 0.0000
v -2.2000 0.0120 0.0000
v -2.2000 0.0360 0.0000
v -2.2000 0.0600 0.0000
v -2.6000 -0.0600 0.0000
v -2.6000 -0.0360 0.0000
v -2.6000 -0.0120 0.0000
v -2.6000 0.0120 0.0000
v -2.6000 0.0360 0.0000
v -2.6000 0.0600 0.0000
v -3.0000 -0.0600 0.0000
v -3.0000 -0.0360 0.0000
v -3.0000 -0.0120 0.0000
v -3.0000 0.0120 0.0000
v -3.0000 0.0360 0.0000
v -3.0000 0.0600 0.0000
v -3.0000 -0.0600 0.0000
v -3.0000 -0.0360 0.0000
v -3.0000 -0.0120 0.0000
v -3.0000 0.0120 0.0000
v -3.0000 0.0360 0.0000
v -3.0000 0.0600 0.0000
v -3.0000 -0.0600 0.4000
v -3.0000 -0.0360 0.4000
v -3.0000 -0.0120 0.4000
v -3.0000 0.0120 0.4000
v -3.0000 0.0360 0.4000
v -3.0000 0.0600 0.4000
v -3.0000 -0.0600 0.8000
v -3.0000 -0.0360 0.8000
v -3.0000 -0.0120 0.8000
v -3.0000 0.0120 0.8000
v -3.0000 0.0360 0.8000
v -3.0000 0.0600 0.8000
v -3.0000 -0.0600 1.2000
v -3.0000 -0.0360 1.2000
v -3.0000 -0.0120 1.2000
v -3.0000 0.0120 1.2000
v -3.0000 0.0360 1.2000
v -3.0000 0.0600 1.2000
v -3.0000 -0.0600 1.6000
v -3.0000 -0.0360 1.6000
v -3.0000 -0.0120 1.6000
v -3.0000 0.0120 1.6000
v -3.0000 0.0360 1.6000
v -3.0000 0.0600 1.6000
v -3.0000 -0.0600 2.0000
v -3.0000 -0.0360 2.0000
v -3.0000 -0.0120 2.0000
v -3.0000 0.0120 2.0000
v -3.0000 0.0360 2.0000
v -3.0000 0.0600 2.0000
v -1.0000 -0.0600 2.0000
v -1.0000 -0.0360 2.0000
v -1.0000 -0.0120 2.0000
v -1.0000 0.0120 2.0000
v -1.0000 0.0360 2.0000
v -1.0000 0.0600 2.0000
v -1.0000 -0.0600 1.6000
v -1.0000 -0.0360 1.6000
v -1.0000 -0.0120 1.6000
v -1.0000 0.0120 1.6000
v -1.0000 0.0360 1.6000
v -1.0000 0.0600 1.6000
v -1.0000 -0.0600 1.2000
v -1.0000 -0.0360 1.2000
v -1.0000 -0.0120 1.2000
v -1.0000 0.0120 1.2000
v -1.0000 0.0360 1.2000
v -1.0000 0.0600 1.2000
v -1.0000 -0.0600 0.8000
v -1.0000 -0.0360 0.8000
v -1.0000 -0.0120 0.8000
v -1.0000 0.0120 0.8000
v -1.0000 0.0360 0.8000
v -1.0000 0.0600 0.8000
v -1.0000 -0.0600 0.4000
v -1.0000 -0.0360 0.4000
v -1.0000 -0.0120 0.4000
v -1.0000 0.0120 0.4000
v -1.0000 0.0360 0.4000
v -1.0000 0.0600 0.4000
v -1.0000 -0.0600 0.0000
v -1.0000 -0.0360 0.0000
v -1.0000 -0.0120 0.0000
v -1.0000 0.0120 0.0000
v -1.0000 0.0360 0.0000
v -1.0000 0.0600 0.0000
v -3.0000 0.0600 0.0000
v -3.0000 0.0600 0.4000
v -3.0000 0.0600 0.8000
v -3.0000 0.0600 1.2000
v -3.0000 0.0600 1.6000
v -3.0000 0.0600 2.0000
v -2.6000 0.0600 0.0000
v -2.6000 0.0600 0.4000
v -2.6000 0.0600 0.8000
v -2.6000 0.0600 1.2000
v -2.6000 0.0600 1.6000
v -2.6000 0.0600 2.0000
v -2.2000 0.0600 0.0000
v -2.2000 0.0600 0.4000
v -2.2000 0.0600 0.8000
v -2.2000 0.0600 1.2000
v -2.2000 0.0600 1.6000
v -2.2000 0.0600 2.0000
v -1.8000 0.0600 0.0000
v -1.8000 0.0600 0.4000
v -1.8000 0.0600 0.8000
v -1.8000 0.0600 1.2000
v -1.8000 0.0600 1.6000
v -1.8000 0.0600 2.0000
v -1.4000 0.0600 0.0000
v -1.4000 0.0600 0.4000
v -1.4000 0.0600 0.8000
v -1.4000 0.0600 1.2000
v -1.4000 0.0600 1.6000
v -1.4000 0.0600 2.0000
v -1.0000 0.0600 0.0000
v -1.0000 0.0600 0.4000
v -1.0000 0.0600 0.8000
v -1.0000 0.0600 1.2000
v -1.0000 0.0600 1.6000
v -1.0000 0.0600 2.0000
v -3.0000 -0.0600 2.0000
v -3.0000 -0.0600 1.6000
v -3.0000 -0.0600 1.2000
v -3.0000 -0.0600 0.8000
v -3.0000 -0.0600 0.4000
v -3.0000 -0.0600 0.0000
v -2.6000 -0.0600 2.0000
v -2.6000 -0.0600 1.6000
v -2.6000 -0.0600 1.2000
v -2.6000 -0.0600 0.8000
v -2.6000 -0.0600 0.4000
v -2.6000 -0.0600 0.0000
v -2.2000 -0.0600 2.0000
v -2.2000 -0.0600 1.6000
v -2.2000 -0.0600 1.2000
v -2.2000 -0.0600 0.8000
v -2.2000 -0.0600 0.4000
v -2.2000 -0.0600 0.0000
v -1.8000 -0.0600 2.0000
v -1.8000 -0.0600 1.6000
v -1.8000 -0.0600 1.2000
v -1.8000 -0.0600 0.8000
v -1.8000 -0.0600 0.4000
v -1.8000 -0.0600 0.0000
v -1.4000 -0.0600 2.0000
v -1.4000 -0.0600 1.6000
v -1.4000 -0.0600 1.2000
v -1.4000 -0.0600 0.8000
v -1.4000 -0.0600 0.4000
v -1.4000 -0.0600 0.0000
v -1.0000 -0.0600 2.0000
v -1.0000 -0.0600 1.6000
v -1.0000 -0.0600 1.2000
v -1.0000 -0.0600 0.8000
v -1.0000 -0.0600 0.4000
v -1.0000 -0.0600 0.0000
f 1297 1298 1304
f 1297 1304 1303
f 1298 1299 1305
f 1298 1305 1304
f 1299 1300 1306
f 1299 1306 1305
f 1300 1301 1307
f 1300 1307 1306
f 1301 1302 1308
f 1301 1308 1307
f 1303 1304 1310
f 1303 1310 1309
f 1304 1305 1311
f 1304 1311 1310
f 1305 1306 1312
f 1305 1312 1311
f 1306 1307 1313
f 1306 1313 1312
f 1307 1308 1314
f 1307 1314 1313
f 1309 1310 1316
f 1309 1316 1315
f 1310 1311 1317
f 1310 1317 1316
f 1311 1312 1318
f 1311 1318 1317
f 1312 1313 1319
f 1312 1319 1318
f 1313 1314 1320
f 1313 1320 1319
f 1315 1316 1322
f 1315 1322 1321
f 1316 1317 1323
f 1316 1323 1322
f 1317 1318 1324
f 1317 1324 1323
f 1318 1319 1325
f 1318 1325 1324
f 1319 1320 1326
f 1319 1326 1325
f 1321 1322 1328
f 1321 1328 1327
f 1322 1323 1329
f 1322 1329 1328
f 1323 1324 1330
f 1323 1330 1329
f 1324 1325 1331
f 1324 1331 1330
f 1325 1326 1332
f 1325 1332 1331
f 1333 1334 1340
f 1333 1340 1339
f 1334 1335 1341
f 1334 1341 1340
f 1335 1336 1342
f 1335 1342 1341
f 1336 1337 1343
f 1336 1343 1342
f 1337 1338 1344
f 1337 1344 1343
f 1339 1340 1346
f 1339 1346 1345
f 1340 1341 1347
f 1340 1347 1346
f 1341 1342 1348
f 1341 1348 1347
f 1342 1343 1349
f 1342 1349 1348
f 1343 1344 1350
f 1343 1350 1349
f 1345 1346 1352
f 1345 1352 1351
f 1346 1347 1353
f 1346 1353 1352
f 1347 1348 1354
f 1347 1354 1353
f 1348 1349 1355
f 1348 1355 1354
f 1349 1350 1356
f 1349 1356 1355
f 1351 1352 1358
f 1351 1358 1357
f 1352 1353 1359
f 1352 1359 1358
f 1353 1354 1360
f 1353 1360 1359
f 1354 1355 1361
f 1354 1361 1360
f 1355 1356 1362
f 1355 1362 1361
f 1357 1358 1364
f 1357 1364 1363
f 1358 1359 1365
f 1358 1365 1364
f 1359 1360 1366
f 1359 1366 1365
f 1360 1361 1367
f 1360 1367 1366
f 1361 1362 1368
f 1361 1368 1367
f 1369 1370 1376
f 1369 1376 1375
f 1370 1371 1377
f 1370 1377 1376
f 1371 1372 1378
f 1371 1378 1377
f 1372 1373 1379
f 1372 1379 1378
f 1373 1374 1380
f 1373 1380 1379
f 1375 1376 1382
f 1375 1382 1381
f 1376 1377 1383
f 1376 1383 1382
f 1377 1378 1384
f 1377 1384 1383
f 1378 1379 1385
f 1378 1385 1384
f 1379 1380 1386
f 1379 1386 1385
f 1381 1382 1388
f 1381 1388 1387
f 1382 1383 1389
f 1382 1389 1388
f 1383 1384 1390
f 1383 1390 1389
f 1384 1385 1391
f 1384 1391 1390
f 1385 1386 1392
f 1385 1392 1391
f 1387 1388 1394
f 1387 1394 1393
f 1388 1389 1395
f 1388 1395 1394
f 1389 1390 1396
f 1389 1396 1395
f 1390 1391 1397
f 1390 1397 1396
f 1391 1392 1398
f 1391 1398 1397
f 1393 1394 1400
f 1393 1400 1399
f 1394 1395 1401
f 1394 1401 1400
f 1395 1396 1402
f 1395 1402 1401
f 1396 1397 1403
f 1396 1403 1402
f 1397 1398 1404
f 1397 1404 1403
f 1405 1406 1412
f 1405 1412 1411
f 1406 1407 1413
f 1406 1413 1412
f 1407 1408 1414
f 1407 1414 1413
f 1408 1409 1415
f 1408 1415 1414
f 1409 1410 1416
f 1409 1416 1415
f 1411 1412 1418
f 1411 1418 1417
f 1412 1413 1419
f 1412 1419 1418
f 1413 1414 1420
f 1413 1420 1419
f 1414 1415 1421
f 1414 1421 1420
f 1415 1416 1422
f 1415 1422 1421
f 1417 1418 1424
f 1417 1424 1423
f 1418 1419 1425
f 1418 1425 1424
f 1419 1420 1426
f 1419 1426 1425
f 1420 1421 1427
f 1420 1427 1426
f 1421 1422 1428
f 1421 1428 1427
f 1423 1424 1430
f 1423 1430 1429
f 1424 1425 1431
f 1424 1431 1430
f 1425 1426 1432
f 1425 1432 1431
f 1426 1427 1433
f 1426 1433 1432
f 1427 1428 1434
f 1427 1434 1433
f 1429 1430 1436
f 1429 1436 1435
f 1430 1431 1437
f 1430 1437 1436
f 1431 1432 1438
f 1431 1438 1437
f 1432 1433 1439
f 1432 1439 1438
f 1433 1434 1440
f 1433 1440 1439
f 1441 1442 1448
f 1441 1448 1447
f 1442 1443 1449
f 1442 1449 1448
f 1443 1444 1450
f 1443 1450 1449
f 1444 1445 1451
f 1444 1451 1450
f 1445 1446 1452
f 1445 1452 1451
f 1447 1448 1454
f 1447 1454 1453
f 1448 1449 1455
f 1448 1455 1454
f 1449 1450 1456
f 1449 1456 1455
f 1450 1451 1457
f 1450 1457 1456
f 1451 1452 1458
f 1451 1458 1457
f 1453 1454 1460
f 1453 1460 1459
f 1454 1455 1461
f 1454 1461 1460
f 1455 1456 1462
f 1455 1462 1461
f 1456 1457 1463
f 1456 1463 1462
f 1457 1458 1464
f 1457 1464 1463
f 1459 1460 1466
f 1459 1466 1465
f 1460 1461 1467
f 1460 1467 1466
f 1461 1462 1468
f 1461 1468 1467
f 1462 1463 1469
f 1462 1469 1468
f 1463 1464 1470
f 1463 1470 1469
f 1465 1466 1472
f 1465 1472 1471
f 1466 1467 1473
f 1466 1473 1472
f 1467 1468 1474
f 1467 1474 1473
f 1468 1469 1475
f 1468 1475 1474
f 1469 1470 1476
f 1469 1476 1475
f 1477 1478 1484
f 1477 1484 1483
f 1478 1479 1485
f 1478 1485 1484
f 1479 1480 1486
f 1479 1486 1485
f 1480 1481 1487
f 1480 1487 1486
f 1481 1482 1488
f 1481 1488 1487
f 1483 1484 1490
f 1483 1490 1489
f 1484 1485 1491
f 1484 1491 1490
f 1485 1486 1492
f 1485 1492 1491
f 1486 1487 1493
f 1486 1493 1492
f 1487 1488 1494
f 1487 1494 1493
f 1489 1490 1496
f 1489 1496 1495
f 1490 1491 1497
f 1490 1497 1496
f 1491 1492 1498
f 1491 1498 1497
f 1492 1493 1499
f 1492 1499 1498
f 1493 1494 1500
f 1493 1500 1499
f 1495 1496 1502
f 1495 1502 1501
f 1496 1497 1503
f 1496 1503 1502
f 1497 1498 1504
f 1497 1504 1503
f 1498 1499 1505
f 1498 1505 1504
f 1499 1500 1506
f 1499 1506 1505
f 1501 1502 1508
f 1501 1508 1507
f 1502 1503 1509
f 1502 1509 1508
f 1503 1504 1510
f 1503 1510 1509
f 1504 1505 1511
f 1504 1511 1510
f 1505 1506 1512
f 1505 1512 1511
g 바닥_7
v -3.0000 -0.0600 4.0000
v -3.0000 -0.0360 4.0000
v -3.0000 -0.0120 4.0000
v -3.0000 0.0120 4.0000
v -3.0000 0.0360 4.0000
v -3.0000 0.0600 4.0000
v -2.6000 -0.0600 4.0000
v -2.6000 -0.0360 4.0000
v -2.6000 -0.0120 4.0000
v -2.6000 0.0120 4.0000
v -2.6000 0.0360 4.0000
v -2.6000 0.0600 4.0000
v -2.2000 -0.0600 4.0000
v -2.2000 -0.0360 4.0000
v -2.2000 -0.0120 4.0000
v -2.2000 0.0120 4.0000
v -2.2000 0.0360 4.0000
v -2.2000 0.0600 4.0000
v -1.8000 -0.0600 4.0000
v -1.8000 -0.0360 4.0000
v -1.8000 -0.0120 4.0000
v -1.8000 0.0120 4.0000
v -1.8000 0.0360 4.0000
v -1.8000 0.0600 4.0000
v -1.4000 -0.0600 4.0000
v -1.4000 -0.0360 4.0000
v -1.4000 -0.0120 4.0000
v -1.4000 0.0120 4.0000
v -1.4000 0.0360 4.0000
v -1.4000 0.0600 4.0000
v -1.0000 -0.0600 4.0000
v -1.0000 -0.0360 4.0000
v -1.0000 -0.0120 4.0000
v -1.0000 0.0120 4.0000
v -1.0000 0.0360 4.0000
v -1.0000 0.0600 4.0000
v -1.0000 -0.0600 2.0000
v -1.0000 -0.0360 2.0000
v -1.0000 -0.0120 2.0000
v -1.0000 0.0120 2.0000
v -1.0000 0.0360 2.0000
v -1.0000 0.0600 2.0000
v -1.4000 -0.0600 2.0000
v -1.4000 -0.0360 2.0000
v -1.4000 -0.0120 2.0000
v -1.4000 0.0120 2.0000
v -1.4000 0.0360 2.0000
v -1.4000 0.0600 2.0000
v -1.8000 -0.0600 2.0000
v -1.8000 -0.0360 2.0000
v -1.8000 -0.0120 2.0000
v -1.8000 0.0120 2.0000
v -1.8000 0.0360 2.0000
v -1.8000 0.0600 2.0000
v -2.2000 -0.0600 2.0000
v -2.2000 -0.0360 2.0000
v -2.2000 -0.0120 2.0000
v -2.2000 0.0120 2.0000
v -2.2000 0.0360 2.0000
v -2.2000 0.0600 2.0000
v -2.6000 -0.0600 2.0000
v -2.6000 -0.0360 2.0000
v -2.6000 -0.0120 2.0000
v -2.6000 0.0120 2.0000
v -2.6000 0.0360 2.0000
v -2.6000 0.0600 2.0000
v -3.0000 -0.0600 2.0000
v -3.0000 -0.0360 2.0000
v -3.0000 -0.0120 2.0000
v -3.0000 0.0120 2.0000
v -3.0000 0.0360 2.0000
v -3.0000 0.0600 2.0000
v -3.0000 -0.0600 2.0000
v -3.0000 -0.0360 2.0000
v -3.0000 -0.0120 2.0000
v -3.0000 0.0120 2.0000
v -3.0000 0.0360 2.0000
v -3.0000 0.0600 2.0000
v -3.0000 -0.0600 2.4000
v -3.0000 -0.0360 2.4000
v -3.0000 -0.0120 2.4000
v -3.0000 0.0120 2.4000
v -3.0000 0.0360 2.4000
v -3.0000 0.0600 2.4000
v -3.0000 -0.0600 2.8000
v -3.0000 -0.0360 2.8000
v -3.0000 -0.0120 2.8000
v -3.0000 0.0120 2.8000
v -3.0000 0.0360 2.8000
v -3.0000 0.0600 2.8000
v -3.0000 -0.0600 3.2000
v -3.0000 -0.0360 3.2000
v -3.0000 -0.0120 3.2000
v -3.0000 0.0120 3.2000
v -3.0000 0.0360 3.2000
v -3.0000 0.0600 3.2000
v -3.0000 -0.0600 3.6000
v -3.0000 -0.0360 3.6000
v -3.0000 -0.0120 3.6000
v -3.0000 0.0120 3.6000
v -3.0000 0.0360 3.6000
v -3.0000 0.0600 3.6000
v -3.0000 -0.0600 4.0000
v -3.0000 -0.0360 4.0000
v -3.0000 -0.0120 4.0000
v -3.0000 0.0120 4.0000
v -3.0000 0.0360 4.0000
v -3.0000 0.0600 4.0000
v -1.0000 -0.0600 4.0000
v -1.0000 -0.0360 4.0000
v -1.0000 -0.0120 4.0000
v -1.0000 0.0120 4.0000
v -1.0000 0.0360 4.0000
v -1.0000 0.0600 4.0000
v -1.0000 -0.0600 3.6000
v -1.0000 -0.0360 3.6000
v -1.0000 -0.0120 3.6000
v -1.0000 0.0120 3.6000
v -1.0000 0.0360 3.6000
v -1.0000 0.0600 3.6000
v -1.0000 -0.0600 3.2000
v -1.0000 -0.0360 3.2000
v -1.0000 -0.0120 3.2000
v -1.0000 0.0120 3.2000
v -1.0000 0.0360 3.2000
v -1.0000 0.0600 3.2000
v -1.0000 -0.0600 2.8000
v -1.0000 -0.0360 2.8000
v -1.0000 -0.0120 2.8000
v -1.0000 0.0120 2.8000
v -1.0000 0.0360 2.8000
v -1.0000 0.0600 2.8000
v -1.0000 -0.0600 2.4000
v -1.0000 -0.0360 2.4000
v -1.0000 -0.0120 2.4000
v -1.0000 0.0120 2.4000
v -1.0000 0.0360 2.4000
v -1.0000 0.0600 2.4000
v -1.0000 -0.0600 2.0000
v -1.0000 -0.0360 2.0000
v -1.0000 -0.0120 2.0000
v -1.0000 0.0120 2.0000
v -1.0000 0.0360 2.0000
v -1.0000 0.0600 2.0000
v -3.0000 0.0600 2.0000
v -3.0000 0.0600 2.4000
v -3.0000 0.0600 2.8000
v -3.0000 0.0600 3.2000
v -3.0000 0.0600 3.6000
v -3.0000 0.0600 4.0000
v -2.6000 0.0600 2.0000
v -2.6000 0.0600 2.4000
v -2.6000 0.0600 2.8000
v -2.6000 0.0600 3.2000
v -2.6000 0.0600 3.6000
v -2.6000 0.0600 4.0000
v -2.2000 0.0600 2.0000
v -2.2000 0.0600 2.4000
v -2.2000 0.0600 2.8000
v -2.2000 0.0600 3.2000
v -2.2000 0.0600 3.6000
v -2.2000 0.0600 4.0000
v -1.8000 0.0600 2.0000
v -1.8000 0.0600 2.4000
v -1.8000 0.0600 2.8000
v -1.8000 0.0600 3.2000
v -1.8000 0.0600 3.6000
v -1.8000 0.0600 4.0000
v -1.4000 0.0600 2.0000
v -1.4000 0.0600 2.4000
v -1.4000 0.0600 2.8000
v -1.4000 0.0600 3.2000
v -1.4000 0.0600 3.6000
v -1.4000 0.0600 4.0000
v -1.0000 0.0600 2.0000
v -1.0000 0.0600 2.4000
v -1.0000 0.0600 2.8000
v -1.0000 0.0600 3.2000
v -1.0000 0.0600 3.6000
v -1.0000 0.0600 4.0000
v -3.0000 -0.0600 4.0000
v -3.0000 -0.0600 3.6000
v -3.0000 -0.0600 3.2000
v -3.0000 -0.0600 2.8000
v -3.0000 -0.0600 2.4000
v -3.0000 -0.0600 2.0000
v -2.6000 -0.0600 4.0000
v -2.6000 -0.0600 3.6000
v -2.6000 -0.0600 3.2000
v -2.6000 -0.0600 2.8000
v -2.6000 -0.0600 2.4000
v -2.6000 -0.0600 2.0000
v -2.2000 -0.0600 4.0000
v -2.2000 -0.0600 3.6000
v -2.2000 -0.0600 3.2000
v -2.2000 -0.0600 2.8000
v -2.2000 -0.0600 2.4000
v -2.2000 -0.0600 2.0000
v -1.8000 -0.0600 4.0000
v -1.8000 -0.0600 3.6000
v -1.8000 -0.0600 3.2000
v -1.8000 -0.0600 2.8000
v -1.8000 -0.0600 2.4000
v -1.8000 -0.0600 2.0000
v -1.4000 -0.0600 4.0000
v -1.4000 -0.0600 3.6000
v -1.4000 -0.0600 3.2000
v -1.4000 -0.0600 2.8000
v -1.4000 -0.0600 2.4000
v -1.4000 -0.0600 2.0000
v -1.0000 -0.0600 4.0000
v -1.0000 -0.0600 3.6000
v -1.0000 -0.0600 3.2000
v -1.0000 -0.0600 2.8000
v -1.0000 -0.0600 2.4000
v -1.0000 -0.0600 2.0000
f 1513 1514 1520
f 1513 1520 1519
f 1514 1515 1521
f 1514 1521 1520
f 1515 1516 1522
f 1515 1522 1521
f 1516 1517 1523
f 1516 1523 1522
f 1517 1518 1524
f 1517 1524 1523
f 1519 1520 1526
f 1519 1526 1525
f 1520 1521 1527
f 1520 1527 1526
f 1521 1522 1528
f 1521 1528 1527
f 1522 1523 1529
f 1522 1529 1528
f 1523 1524 1530
f 1523 1530 1529
f 1525 1526 1532
f 1525 1532 1531
f 1526 1527 1533
f 1526 1533 1532
f 1527 1528 1534
f 1527 1534 1533
f 1528 1529 1535
f 1528 1535 1534
f 1529 1530 1536
f 1529 1536 1535
f 1531 1532 1538
f 1531 1538 1537
f 1532 1533 1539
f 1532 1539 1538
f 1533 1534 1540
f 1533 1540 1539
f 1534 1535 1541
f 1534 1541 1540
f 1535 1536 1542
f 1535 1542 1541
f 1537 1538 1544
f 1537 1544 1543
f 1538 1539 1545
f 1538 1545 1544
f 1539 1540 1546
f 1539 1546 1545
f 1540 1541 1547
f 1540 1547 1546
f 1541 1542 1548
f 1541 1548 1547
f 1549 1550 1556
f 1549 1556 1555
f 1550 1551 1557
f 1550 1557 1556
f 1551 1552 1558
f 1551 1558 1557
f 1552 1553 1559
f 1552 1559 1558
f 1553 1554 1560
f 1553 1560 1559
f 1555 1556 1562
f 1555 1562 1561
f 1556 1557 1563
f 1556 1563 1562
f 1557 1558 1564
f 1557 1564 1563
f 1558 1559 1565
f 1558 1565 1564
f 1559 1560 1566
f 1559 1566 1565
f 1561 1562 1568
f 1561 1568 1567
f 1562 1563 1569
f 1562 1569 1568
f 1563 1564 1570
f 1563 1570 1569
f 1564 1565 1571
f 1564 1571 1570
f 1565 1566 1572
f 1565 1572 1571
f 1567 1568 1574
f 1567 1574 1573
f 1568 1569 1575
f 1568 1575 1574
f 1569 1570 1576
f 1569 1576 1575
f 1570 1571 1577
f 1570 1577 1576
f 1571 1572 1578
f 1571 1578 1577
f 1573 1574 1580
f 1573 1580 1579
f 1574 1575 1581
f 1574 1581 1580
f 1575 1576 1582
f 1575 1582 1581
f 1576 1577 1583
f 1576 1583 1582
f 1577 1578 1584
f 1577 1584 1583
f 1585 1586 1592
f 1585 1592 1591
f 1586 1587 1593
f 1586 1593 1592
f 1587 1588 1594
f 1587 1594 1593
f 1588 1589 1595
f 1588 1595 1594
f 1589 1590 1596
f 1589 1596 1595
f 1591 1592 1598
f 1591 1598 1597
f 1592 1593 1599
f 1592 1599 1598
f 1593 1594 1600
f 1593 1600 1599
f 1594 1595 1601
f 1594 1601 1600
f 1595 1596 1602
f 1595 1602 1601
f 1597 1598 1604
f 1597 1604 1603
f 1598 1599 1605
f 1598 1605 1604
f 1599 1600 1606
f 1599 1606 1605
f 1600 1601 1607
f 1600 1607 1606
f 1601 1602 1608
f 1601 1608 1607
f 1603 1604 1610
f 1603 1610 1609
f 1604 1605 1611
f 1604 1611 1610
f 1605 1606 1612
f 1605 1612 1611
f 1606 1607 1613
f 1606 1613 1612
f 1607 1608 1614
f 1607 1614 1613
f 1609 1610 1616
f 1609 1616 1615
f 1610 1611 1617
f 1610 1617 1616
f 1611 1612 1618
f 1611 1618 1617
f 1612 1613 1619
f 1612 1619 1618
f 1613 1614 1620
f 1613 1620 1619
f 1621 1622 1628
f 1621 1628 1627
f 1622 1623 1629
f 1622 1629 1628
f 1623 1624 1630
f 1623 1630 1629
f 1624 1625 1631
f 1624 1631 1630
f 1625 1626 1632
f 1625 1632 1631
f 1627 1628 1634
f 1627 1634 1633
f 1628 1629 1635
f 1628 1635 1634
f 1629 1630 1636
f 1629 1636 1635
f 1630 1631 1637
f 1630 1637 1636
f 1631 1632 1638
f 1631 1638 1637
f 1633 1634 1640
f 1633 1640 1639
f 1634 1635 1641
f 1634 1641 1640
f 1635 1636 1642
f 1635 1642 1641
f 1636 1637 1643
f 1636 1643 1642
f 1637 1638 1644
f 1637 1644 1643
f 1639 1640 1646
f 1639 1646 1645
f 1640 1641 1647
f 1640 1647 1646
f 1641 1642 1648
f 1641 1648 1647
f 1642 1643 1649
f 1642 1649 1648
f 1643 1644 1650
f 1643 1650 1649
f 1645 1646 1652
f 1645 1652 1651
f 1646 1647 1653
f 1646 1653 1652
f 1647 1648 1654
f 1647 1654 1653
f 1648 1649 1655
f 1648 1655 1654
f 1649 1650 1656
f 1649 1656 1655
f 1657 1658 1664
f 1657 1664 1663
f 1658 1659 1665
f 1658 1665 1664
f 1659 1660 1666
f 1659 1666 1665
f 1660 1661 1667
f 1660 1667 1666
f 1661 1662 1668
f 1661 1668 1667
f 1663 1664 1670
f 1663 1670 1669
f 1664 1665 1671
f 1664 1671 1670
f 1665 1666 1672
f 1665 1672 1671
f 1666 1667 1673
f 1666 1673 1672
f 1667 1668 1674
f 1667 1674 1673
f 1669 1670 1676
f 1669 1676 1675
f 1670 1671 1677
f 1670 1677 1676
f 1671 1672 1678
f 1671 1678 1677
f 1672 1673 1679
f 1672 1679 1678
f 1673 1674 1680
f 1673 1680 1679
f 1675 1676 1682
f 1675 1682 1681
f 1676 1677 1683
f 1676 1683 1682
f 1677 1678 1684
f 1677 1684 1683
f 1678 1679 1685
f 1678 1685 1684
f 1679 1680 1686
f 1679 1686 1685
f 1681 1682 1688
f 1681 1688 1687
f 1682 1683 1689
f 1682 1689 1688
f 1683 1684 1690
f 1683 1690 1689
f 1684 1685 1691
f 1684 1691 1690
f 1685 1686 1692
f 1685 1692 1691
f 1693 1694 1700
f 1693 1700 1699
f 1694 1695 1701
f 1694 1701 1700
f 1695 1696 1702
f 1695 1702 1701
f 1696 1697 1703
f 1696 1703 1702
f 1697 1698 1704
f 1697 1704 1703
f 1699 1700 1706
f 1699 1706 1705
f 1700 1701 1707
f 1700 1707 1706
f 1701 1702 1708
f 1701 1708 1707
f 1702 1703 1709
f 1702 1709 1708
f 1703 1704 1710
f 1703 1710 1709
f 1705 1706 1712
f 1705 1712 1711
f 1706 1707 1713
f 1706 1713 1712
f 1707 1708 1714
f 1707 1714 1713
f 1708 1709 1715
f 1708 1715 1714
f 1709 1710 1716
f 1709 1716 1715
f 1711 1712 1718
f 1711 1718 1717
f 1712 1713 1719
f 1712 1719 1718
f 1713 1714 1720
f 1713 1720 1719
f 1714 1715 1721
f 1714 1721 1720
f 1715 1716 1722
f 1715 1722 1721
f 1717 1718 1724
f 1717 1724 1723
f 1718 1719 1725
f 1718 1725 1724
f 1719 1720 1726
f 1719 1726 1725
f 1720 1721 1727
f 1720 1727 1726
f 1721 1722 1728
f 1721 1728 1727
g 바닥_8
v -1.0000 -0.0600 -2.0000
v -1.0000 -0.0360 -2.0000
v -1.0000 -0.0120 -2.0000
v -1.0000 0.0120 -2.0000
v -1.0000 0.0360 -2.0000
v -1.0000 0.0600 -2.0000
v -0.6000 -0.0600 -2.0000
v -0.6000 -0.0360 -2.0000
v -0.6000 -0.0120 -2.0000
v -0.6000 0.0120 -2.0000
v -0.6000 0.0360 -2.0000
v -0.6000 0.0600 -2.0000
v -0.2000 -0.0600 -2.0000
v -0.2000 -0.0360 -2.0000
v -0.2000 -0.0120 -2.0000
v -0.2000 0.0120 -2.0000
v -0.2000 0.0360 -2.0000
v -0.2000 0.0600 -2.0000
v 0.2000 -0.0600 -2.0000
v 0.2000 -0.0360 -2.0000
v 0.2000 -0.0120 -2.0000
v 0.2000 0.0120 -2.0000
v 0.2000 0.0360 -2.0000
v 0.2000 0.0600 -2.0000
v 0.6000 -0.0600 -2.0000
v 0.6000 -0.0360 -2.0000
v 0.6000 -0.0120 -2.0000
v 0.6000 0.0120 -2.0000
v 0.6000 0.0360 -2.0000
v 0.6000 0.0600 -2.0000
v 1.0000 -0.0600 -2.0000
v 1.0000 -0.0360 -2.0000
v 1.0000 -0.0120 -2.0000
v 1.0000 0.0120 -2.0000
v 1.0000 0.0360 -2.0000
v 1.0000 0.0600 -2.0000
v 1.0000 -0.0600 -4.0000
v 1.0000 -0.0360 -4.0000
v 1.0000 -0.0120 -4.0000
v 1.0000 0.0120 -4.0000
v 1.0000 0.0360 -4.0000
v 1.0000 0.0600 -4.0000
v 0.6000 -0.0600 -4.0000
v 0.6000 -0.0360 -4.0000
v 0.6000 -0.0120 -4.0000
v 0.6000 0.0120 -4.0000
v 0.6000 0.0360 -4.0000
v 0.6000 0.0600 -4.0000
v 0.2000 -0.0600 -4.0000
v 0.2000 -0.0360 -4.0000
v 0.2000 -0.0120 -4.0000
v 0.2000 0.0120 -4.0000
v 0.2000 0.0360 -4.0000
v 0.2000 0.0600 -4.0000
v -0.2000 -0.0600 -4.0000
v -0.2000 -0.0360 -4.0000
v -0.2000 -0.0120 -4.0000
v -0.2000 0.0120 -4.0000
v -0.2000 0.0360 -4.0000
v -0.2000 0.0600 -4.0000
v -0.6000 -0.0600 -4.0000
v -0.6000 -0.0360 -4.0000
v -0.6000 -0.0120 -4.0000
v -0.6000 0.0120 -4.0000
v -0.6000 0.0360 -4.0000
v -0.6000 0.0600 -4.0000
v -1.0000 -0.0600 -4.0000
v -1.0000 -0.0360 -4.0000
v -1.0000 -0.0120 -4.0000
v -1.0000 0.0120 -4.0000
v -1.0000 0.0360 -4.0000
v -1.0000 0.0600 -4.0000
v -1.0000 -0.0600 -4.0000
v -1.0000 -0.0360 -4.0000
v -1.0000 -0.0120 -4.0000
v -1.0000 0.0120 -4.0000
v -1.0000 0.0360 -4.0000
v -1.0000 0.0600 -4.0000
v -1.0000 -0.0600 -3.6000
v -1.0000 -0.0360 -3.6000
v -1.0000 -0.0120 -3.6000
v -1.0000 0.0120 -3.6000
v -1.0000 0.0360 -3.6000
v -1.0000 0.0600 -3.6000
v -1.0000 -0.0600 -3.2000
v -1.0000 -0.0360 -3.2000
v -1.0000 -0.0120 -3.2000
v -1.0000 0.0120 -3.2000
v -1.0000 0.0360 -3.2000
v -1.0000 0.0600 -3.2000
v -1.0000 -0.0600 -2.8000
v -1.0000 -0.0360 -2.8000
v -1.0000 -0.0120 -2.8000
v -1.0000 0.0120 -2.8000
v -1.0000 0.0360 -2.8000
v -1.0000 0.0600 -2.8000
v -1.0000 -0.0600 -2.4000
v -1.0000 -0.0360 -2.4000
v -1.0000 -0.0120 -2.4000
v -1.0000 0.0120 -2.4000
v -1.0000 0.0360 -2.4000
v -1.0000 0.0600 -2.4000
v -1.0000 -0.0600 -2.0000
v -1.0000 -0.0360 -2.0000
v -1.0000 -0.0120 -2.0000
v -1.0000 0.0120 -2.0000
v -1.0000 0.0360 -2.0000
v -1.0000 0.0600 -2.0000
v 1.0000 -0.0600 -2.0000
v 1.0000 -0.0360 -2.0000
v 1.0000 -0.0120 -2.0000
v 1.0000 0.0120 -2.0000
v 1.0000 0.0360 -2.0000
v 1.0000 0.0600 -2.0000
v 1.0000 -0.0600 -2.4000
v 1.0000 -0.0360 -2.4000
v 1.0000 -0.0120 -2.4000
v 1.0000 0.0120 -2.4000
v 1.0000 0.0360 -2.4000
v 1.0000 0.0600 -2.4000
v 1.0000 -0.0600 -2.8000
v 1.0000 -0.0360 -2.8000
v 1.0000 -0.0120 -2.8000
v 1.0000 0.0120 -2.8000
v 1.0000 0.0360 -2.8000
v 1.0000 0.0600 -2.8000
v 1.0000 -0.0600 -3.2000
v 1.0000 -0.0360 -3.2000
v 1.0000 -0.0120 -3.2000
v 1.0000 0.0120 -3.2000
v 1.0000 0.0360 -3.2000
v 1.0000 0.0600 -3.2000
v 1.0000 -0.0600 -3.6000
v 1.0000 -0.0360 -3.6000
v 1.0000 -0.0120 -3.6000
v 1.0000 0.0120 -3.6000
v 1.0000 0.0360 -3.6000
v 1.0000 0.0600 -3.6000
v 1.0000 -0.0600 -4.0000
v 1.0000 -0.0360 -4.0000
v 1.0000 -0.0120 -4.0000
v 1.0000 0.0120 -4.0000
v 1.0000 0.0360 -4.0000
v 1.0000 0.0600 -4.0000
v -1.0000 0.0600 -4.0000
v -1.0000 0.0600 -3.6000
v -1.0000 0.0600 -3.2000
v -1.0000 0.0600 -2.8000
v -1.0000 0.0600 -2.4000
v -1.0000 0.0600 -2.0000
v -0.6000 0.0600 -4.0000
v -0.6000 0.0600 -3.6000
v -0.6000 0.0600 -3.2000
v -0.6000 0.0600 -2.8000
v -0.6000 0.0600 -2.4000
v -0.6000 0.0600 -2.0000
v -0.2000 0.0600 -4.0000
v -0.2000 0.0600 -3.6000
v -0.2000 0.0600 -3.2000
v -0.2000 0.0600 -2.8000
v -0.2000 0.0600 -2.4000
v -0.2000 0.0600 -2.0000
v 0.2000 0.0600 -4.0000
v 0.2000 0.0600 -3.6000
v 0.2000 0.0600 -3.2000
v 0.2000 0.0600 -2.8000
v 0.2000 0.0600 -2.4000
v 0.2000 0.0600 -2.0000
v 0.6000 0.0600 -4.0000
v 0.6000 0.0600 -3.6000
v 0.6000 0.0600 -3.2000
v 0.6000 0.0600 -2.8000
v 0.6000 0.0600 -2.4000
v 0.6000 0.0600 -2.0000
v 1.0000 0.0600 -4.0000
v 1.0000 0.0600 -3.6000
v 1.0000 0.0600 -3.2000
v 1.0000 0.0600 -2.8000
v 1.0000 0.0600 -2.4000
v 1.0000 0.0600 -2.0000
v -1.0000 -0.0600 -2.0000
v -1.0000 -0.0600 -2.4000
v -1.0000 -0.0600 -2.8000
v -1.0000 -0.0600 -3.2000
v -1.0000 -0.0600 -3.6000
v -1.0000 -0.0600 -4.0000
v -0.6000 -0.0600 -2.0000
v -0.6000 -0.0600 -2.4000
v -0.6000 -0.0600 -2.8000
v -0.6000 -0.0600 -3.2000
v -0.6000 -0.0600 -3.6000
v -0.6000 -0.0600 -4.0000
v -0.2000 -0.0600 -2.0000
v -0.2000 -0.0600 -2.4000
v -0.2000 -0.0600 -2.8000
v -0.2000 -0.0600 -3.2000
v -0.2000 -0.0600 -3.6000
v -0.2000 -0.0600 -4.0000
v 0.2000 -0.0600 -2.0000
v 0.2000 -0.0600 -2.4000
v 0.2000 -0.0600 -2.8000
v 0.2000 -0.0600 -3.2000
v 0.2000 -0.0600 -3.6000
v 0.2000 -0.0600 -4.0000
v 0.6000 -0.0600 -2.0000
v 0.6000 -0.0600 -2.4000
v 0.6000 -0.0600 -2.8000
v 0.6000 -0.0600 -3.2000
v 0.6000 -0.0600 -3.6000
v 0.6000 -0.0600 -4.0000
v 1.0000 -0.0600 -2.0000
v 1.0000 -0.0600 -2.4000
v 1.0000 -0.0600 -2.8000
v 1.0000 -0.0600 -3.2000
v 1.0000 -0.0600 -3.6000
v 1.0000 -0.0600 -4.0000
f 1729 1730 1736
f 1729 1736 1735
f 1730 1731 1737
f 1730 1737 1736
f 1731 1732 1738
f 1731 1738 1737
f 1732 1733 1739
f 1732 1739 1738
f 1733 1734 1740
f 1733 1740 1739
f 1735 1736 1742
f 1735 1742 1741
f 1736 1737 1743
f 1736 1743 1742
f 1737 1738 1744
f 1737 1744 1743
f 1738 1739 1745
f 1738 1745 1744
f 1739 1740 1746
f 1739 1746 1745
f 1741 1742 1748
f 1741 1748 1747
f 1742 1743 1749
f 1742 1749 1748
f 1743 1744 1750
f 1743 1750 1749
f 1744 1745 1751
f 1744 1751 1750
f 1745 1746 1752
f 1745 1752 1751
f 1747 1748 1754
f 1747 1754 1753
f 1748 1749 1755
f 1748 1755 1754
f 1749 1750 1756
f 1749 1756 1755
f 1750 1751 1757
f 1750 1757 1756
f 1751 1752 1758
f 1751 1758 1757
f 1753 1754 1760
f 1753 1760 1759
f 1754 1755 1761
f 1754 1761 1760
f 1755 1756 1762
f 1755 1762 1761
f 1756 1757 1763
f 1756 1763 1762
f 1757 1758 1764
f 1757 1764 1763
f 1765 1766 1772
f 1765 1772 1771
f 1766 1767 1773
f 1766 1773 1772
f 1767 1768 1774
f 1767 1774 1773
f 1768 1769 1775
f 1768 1775 1774
f 1769 1770 1776
f 1769 1776 1775
f 1771 1772 1778
f 1771 1778 1777
f 1772 1773 1779
f 1772 1779 1778
f 1773 1774 1780
f 1773 1780 1779
f 1774 1775 1781
f 1774 1781 1780
f 1775 1776 1782
f 1775 1782 1781
f 1777 1778 1784
f 1777 1784 1783
f 1778 1779 1785
f 1778 1785 1784
f 1779 1780 1786
f 1779 1786 1785
f 1780 1781 1787
f 1780 1787 1786
f 1781 1782 1788
f 1781 1788 1787
f 1783 1784 1790
f 1783 1790 1789
f 1784 1785 1791
f 1784 1791 1790
f 1785 1786 1792
f 1785 1792 1791
f 1786 1787 1793
f 1786 1793 1792
f 1787 1788 1794
f 1787 1794 1793
f 1789 1790 1796
f 1789 1796 1795
f 1790 1791 1797
f 1790 1797 1796
f 1791 1792 1798
f 1791 1798 1797
f 1792 1793 1799
f 1792 1799 1798
f 1793 1794 1800
f 1793 1800 1799
f 1801 1802 1808
f 1801 1808 1807
f 1802 1803 1809
f 1802 1809 1808
f 1803 1804 1810
f 1803 1810 1809
f 1804 1805 1811
f 1804 1811 1810
f 1805 1806 1812
f 1805 1812 1811
f 1807 1808 1814
f 1807 1814 1813
f 1808 1809 1815
f 1808 1815 1814
f 1809 1810 1816
f 1809 1816 1815
f 1810 1811 1817
f 1810 1817 1816
f 1811 1812 1818
f 1811 1818 1817
f 1813 1814 1820
f 1813 1820 1819
f 1814 1815 1821
f 1814 1821 1820
f 1815 1816 1822
f 1815 1822 1821
f 1816 1817 1823
f 1816 1823 1822
f 1817 1818 1824
f 1817 1824 1823
f 1819 1820 1826
f 1819 1826 1825
f 1820 1821 1827
f 1820 1827 1826
f 1821 1822 1828
f 1821 1828 1827
f 1822 1823 1829
f 1822 1829 1828
f 1823 1824 1830
f 1823 1830 1829
f 1825 1826 1832
f 1825 1832 1831
f 1826 1827 1833
f 1826 1833 1832
f 1827 1828 1834
f 1827 1834 1833
f 1828 1829 1835
f 1828 1835 1834
f 1829 1830 1836
f 1829 1836 1835
f 1837 1838 1844
f 1837 1844 1843
f 1838 1839 1845
f 1838 1845 1844
f 1839 1840 1846
f 1839 1846 1845
f 1840 1841 1847
f 1840 1847 1846
f 1841 1842 1848
f 1841 1848 1847
f 1843 1844 1850
f 1843 1850 1849
f 1844 1845 1851
f 1844 1851 1850
f 1845 1846 1852
f 1845 1852 1851
f 1846 1847 1853
f 1846 1853 1852
f 1847 1848 1854
f 1847 1854 1853
f 1849 1850 1856
f 1849 1856 1855
f 1850 1851 1857
f 1850 1857 1856
f 1851 1852 1858
f 1851 1858 1857
f 1852 1853 1859
f 1852 1859 1858
f 1853 1854 1860
f 1853 1860 1859
f 1855 1856 1862
f 1855 1862 1861
f 1856 1857 1863
f 1856 1863 1862
f 1857 1858 1864
f 1857 1864 1863
f 1858 1859 1865
f 1858 1865 1864
f 1859 1860 1866
f 1859 1866 1865
f 1861 1862 1868
f 1861 1868 1867
f 1862 1863 1869
f 1862 1869 1868
f 1863 1864 1870
f 1863 1870 1869
f 1864 1865 1871
f 1864 1871 1870
f 1865 1866 1872
f 1865 1872 1871
f 1873 1874 1880
f 1873 1880 1879
f 1874 1875 1881
f 1874 1881 1880
f 1875 1876 1882
f 1875 1882 1881
f 1876 1877 1883
f 1876 1883 1882
f 1877 1878 1884
f 1877 1884 1883
f 1879 1880 1886
f 1879 1886 1885
f 1880 1881 1887
f 1880 1887 1886
f 1881 1882 1888
f 1881 1888 1887
f 1882 1883 1889
f 1882 1889 1888
f 1883 1884 1890
f 1883 1890 1889
f 1885 1886 1892
f 1885 1892 1891
f 1886 1887 1893
f 1886 1893 1892
f 1887 1888 1894
f 1887 1894 1893
f 1888 1889 1895
f 1888 1895 1894
f 1889 1890 1896
f 1889 1896 1895
f 1891 1892 1898
f 1891 1898 1897
f 1892 1893 1899
f 1892 1899 1898
f 1893 1894 1900
f 1893 1900 1899
f 1894 1895 1901
f 1894 1901 1900
f 1895 1896 1902
f 1895 1902 1901
f 1897 1898 1904
f 1897 1904 1903
f 1898 1899 1905
f 1898 1905 1904
f 1899 1900 1906
f 1899 1906 1905
f 1900 1901 1907
f 1900 1907 1906
f 1901 1902 1908
f 1901 1908 1907
f 1909 1910 1916
f 1909 1916 1915
f 1910 1911 1917
f 1910 1917 1916
f 1911 1912 1918
f 1911 1918 1917
f 1912 1913 1919
f 1912 1919 1918
f 1913 1914 1920
f 1913 1920 1919
f 1915 1916 1922
f 1915 1922 1921
f 1916 1917 1923
f 1916 1923 1922
f 1917 1918 1924
f 1917 1924 1923
f 1918 1919 1925
f 1918 1925 1924
f 1919 1920 1926
f 1919 1926 1925
f 1921 1922 1928
f 1921 1928 1927
f 1922 1923 1929
f 1922 1929 1928
f 1923 1924 1930
f 1923 1930 1929
f 1924 1925 1931
f 1924 1931 1930
f 1925 1926 1932
f 1925 1932 1931
f 1927 1928 1934
f 1927 1934 1933
f 1928 1929 1935
f 1928 1935 1934
f 1929 1930 1936
f 1929 1936 1935
f 1930 1931 1937
f 1930 1937 1936
f 1931 1932 1938
f 1931 1938 1937
f 1933 1934 1940
f 1933 1940 1939
f 1934 1935 1941
f 1934 1941 1940
f 1935 1936 1942
f 1935 1942 1941
f 1936 1937 1943
f 1936 1943 1942
f 1937 1938 1944
f 1937 1944 1943
g 바닥_9
v -1.0000 -0.0600 0.0000
v -1.0000 -0.0360 0.0000
v -1.0000 -0.0120 0.0000
v -1.0000 0.0120 0.0000
v -1.0000 0.0360 0.0000
v -1.0000 0.0600 0.0000
v -0.6000 -0.0600 0.0000
v -0.6000 -0.0360 0.0000
v -0.6000 -0.0120 0.0000
v -0.6000 0.0120 0.0000
v -0.6000 0.0360 0.0000
v -0.6000 0.0600 0.0000
v -0.2000 -0.0600 0.0000
v -0.2000 -0.0360 0.0000
v -0.2000 -0.0120 0.0000
v -0.2000 0.0120 0.0000
v -0.2000 0.0360 0.0000
v -0.2000 0.0600 0.0000
v 0.2000 -0.0600 0.0000
v 0.2000 -0.0360 0.0000
v 0.2000 -0.0120 0.0000
v 0.2000 0.0120 0.0000
v 0.2000 0.0360 0.0000
v 0.2000 0.0600 0.0000
v 0.6000 -0.0600 0.0000
v 0.6000 -0.0360 0.0000
v 0.6000 -0.0120 0.0000
v 0.6000 0.0120 0.0000
v 0.6000 0.0360 0.0000
v 0.6000 0.0600 0.0000
v 1.0000 -0.0600 0.0000
v 1.0000 -0.0360 0.0000
v 1.0000 -0.0120 0.0000
v 1.0000 0.0120 0.0000
v 1.0000 0.0360 0.0000
v 1.0000 0.0600 0.0000
v 1.0000 -0.0600 -2.0000
v 1.0000 -0.0360 -2.0000
v 1.0000 -0.0120 -2.0000
v 1.0000 0.0120 -2.0000
v 1.0000 0.0360 -2.0000
v 1.0000 0.0600 -2.0000
v 0.6000 -0.0600 -2.0000
v 0.6000 -0.0360 -2.0000
v 0.6000 -0.0120 -2.0000
v 0.6000 0.0120 -2.0000
v 0.6000 0.0360 -2.0000
v 0.6000 0.0600 -2.0000
v 0.2000 -0.0600 -2.0000
v 0.2000 -0.0360 -2.0000
v 0.2000 -0.0120 -2.0000
v 0.2000 0.0120 -2.0000
v 0.2000 0.0360 -2.0000
v 0.2000 0.0600 -2.0000
v -0.2000 -0.0600 -2.0000
v -0.2000 -0.0360 -2.0000
v -0.2000 -0.0120 -2.0000
v -0.2000 0.0120 -2.0000
v -0.2000 0.0360 -2.0000
v -0.2000 0.0600 -2.0000
v -0.6000 -0.0600 -2.0000
v -0.6000 -0.0360 -2.0000
v -0.6000 -0.0120 -2.0000
v -0.6000 0.0120 -2.0000
v -0.6000 0.0360 -2.0000
v -0.6000 0.0600 -2.0000
v -1.0000 -0.0600 -2.0000
v -1.0000 -0.0360 -2.0000
v -1.0000 -0.0120 -2.0000
v -1.0000 0.0120 -2.0000
v -1.0000 0.0360 -2.0000
v -1.0000 0.0600 -2.0000
v -1.0000 -0.0600 -2.0000
v -1.0000 -0.0360 -2.0000
v -1.0000 -0.0120 -2.0000
v -1.0000 0.0120 -2.0000
v -1.0000 0.0360 -2.0000
v -1.0000 0.0600 -2.0000
v -1.0000 -0.0600 -1.6000
v -1.0000 -0.0360 -1.6000
v -1.0000 -0.0120 -1.6000
v -1.0000 0.0120 -1.6000
v -1.0000 0.0360 -1.6000
v -1.0000 0.0600 -1.6000
v -1.0000 -0.0600 -1.2000
v -1.0000 -0.0360 -1.2000
v -1.0000 -0.0120 -1.2000
v -1.0000 0.0120 -1.2000
v -1.0000 0.0360 -1.2000
v -1.0000 0.0600 -1.2000
v -1.0000 -0.0600 -0.8000
v -1.0000 -0.0360 -0.8000
v -1.0000 -0.0120 -0.8000
v -1.0000 0.0120 -0.8000
v -1.0000 0.0360 -0.8000
v -1.0000 0.0600 -0.8000
v -1.0000 -0.0600 -0.4000
v -1.0000 -0.0360 -0.4000
v -1.0000 -0.0120 -0.4000
v -1.0000 0.0120 -0.4000
v -1.0000 0.0360 -0.4000
v -1.0000 0.0600 -0.4000
v -1.0000 -0.0600 0.0000
v -1.0000 -0.0360 0.0000
v -1.0000 -0.0120 0.0000
v -1.0000 0.0120 0.0000
v -1.0000 0.0360 0.0000
v -1.0000 0.0600 0.0000
v 1.0000 -0.0600 0.0000
v 1.0000 -0.0360 0.0000
v 1.0000 -0.0120 0.0000
v 1.0000 0.0120 0.0000
v 1.0000 0.0360 0.0000
v 1.0000 0.0600 0.0000
v 1.0000 -0.0600 -0.4000
v 1.0000 -0.0360 -0.4000
v 1.0000 -0.0120 -0.4000
v 1.0000 0.0120 -0.4000
v 1.0000 0.0360 -0.4000
v 1.0000 0.0600 -0.4000
v 1.0000 -0.0600 -0.8000
v 1.0000 -0.0360 -0.8000
v 1.0000 -0.0120 -0.8000
v 1.0000 0.0120 -0.8000
v 1.0000 0.0360 -0.8000
v 1.0000 0.0600 -0.8000
v 1.0000 -0.0600 -1.2000
v 1.0000 -0.0360 -1.2000
v 1.0000 -0.0120 -1.2000
v 1.0000 0.0120 -1.2000
v 1.0000 0.0360 -1.2000
v 1.0000 0.0600 -1.2000
v 1.0000 -0.0600 -1.6000
v 1.0000 -0.0360 -1.6000
v 1.0000 -0.0120 -1.6000
v 1.0000 0.0120 -1.6000
v 1.0000 0.0360 -1.6000
v 1.0000 0.0600 -1.6000
v 1.0000 -0.0600 -2.0000
v 1.0000 -0.0360 -2.0000
v 1.0000 -0.0120 -2.0000
v 1.0000 0.0120 -2.0000
v 1.0000 0.0360 -2.0000
v 1.0000 0.0600 -2.0000
v -1.0000 0.0600 -2.0000
v -1.0000 0.0600 -1.6000
v -1.0000 0.0600 -1.2000
v -1.0000 0.0600 -0.8000
v -1.0000 0.0600 -0.4000
v -1.0000 0.0600 0.0000
v -0.6000 0.0600 -2.0000
v -0.6000 0.0600 -1.6000
v -0.6000 0.0600 -1.2000
v -0.6000 0.0600 -0.8000
v -0.6000 0.0600 -0.4000
v -0.6000 0.0600 0.0000
v -0.2000 0.0600 -2.0000
v -0.2000 0.0600 -1.6000
v -0.2000 0.0600 -1.2000
v -0.2000 0.0600 -0.8000
v -0.2000 0.0600 -0.4000
v -0.2000 0.0600 0.0000
v 0.2000 0.0600 -2.0000
v 0.2000 0.0600 -1.6000
v 0.2000 0.0600 -1.2000
v 0.2000 0.0600 -0.8000
v 0.2000 0.0600 -0.4000
v 0.2000 0.0600 0.0000
v 0.6000 0.0600 -2.0000
v 0.6000 0.0600 -1.6000
v 0.6000 0.0600 -1.2000
v 0.6000 0.0600 -0.8000
v 0.6000 0.0600 -0.4000
v 0.6000 0.0600 0.0000
v 1.0000 0.0600 -2.0000
v 1.0000 0.0600 -1.6000
v 1.0000 0.0600 -1.2000
v 1.0000 0.0600 -0.8000
v 1.0000 0.0600 -0.4000
v 1.0000 0.0600 0.0000
v -1.0000 -0.0600 0.0000
v -1.0000 -0.0600 -0.4000
v -1.0000 -0.0600 -0.8000
v -1.0000 -0.0600 -1.2000
v -1.0000 -0.0600 -1.6000
v -1.0000 -0.0600 -2.0000
v -0.6000 -0.0600 0.0000
v -0.6000 -0.0600 -0.4000
v -0.6000 -0.0600 -0.8000
v -0.6000 -0.0600 -1.2000
v -0.6000 -0.0600 -1.6000
v -0.6000 -0.0600 -2.0000
v -0.2000 -0.0600 0.0000
v -0.2000 -0.0600 -0.4000
v -0.2000 -0.0600 -0.8000
v -0.2000 -0.0600 -1.2000
v -0.2000 -0.0600 -1.6000
v -0.2000 -0.0600 -2.0000
v 0.2000 -0.0600 0.0000
v 0.2000 -0.0600 -0.4000
v 0.2000 -0.0600 -0.8000
v 0.2000 -0.0600 -1.2000
v 0.2000 -0.0600 -1.6000
v 0.2000 -0.0600 -2.0000
v 0.6000 -0.0600 0.0000
v 0.6000 -0.0600 -0.4000
v 0.6000 -0.0600 -0.8000
v 0.6000 -0.0600 -1.2000
v 0.6000 -0.0600 -1.6000
v 0.6000 -0.0600 -2.0000
v 1.0000 -0.0600 0.0000
v 1.0000 -0.0600 -0.4000
v 1.0000 -0.0600 -0.8000
v 1.0000 -0.0600 -1.2000
v 1.0000 -0.0600 -1.6000
v 1.0000 -0.0600 -2.0000
f 1945 1946 1952
f 1945 1952 1951
f 1946 1947 1953
f 1946 1953 1952
f 1947 1948 1954
f 1947 1954 1953
f 1948 1949 1955
f 1948 1955 1954
f 1949 1950 1956
f 1949 1956 1955
f 1951 1952 1958
f 1951 1958 1957
f 1952 1953 1959
f 1952 1959 1958
f 1953 1954 1960
f 1953 1960 1959
f 1954 1955 1961
f 1954 1961 1960
f 1955 1956 1962
f 1955 1962 1961
f 1957 1958 1964
f 1957 1964 1963
f 1958 1959 1965
f 1958 1965 1964
f 1959 1960 1966
f 1959 1966 1965
f 1960 1961 1967
f 1960 1967 1966
f 1961 1962 1968
f 1961 1968 1967
f 1963 1964 1970
f 1963 1970 1969
f 1964 1965 1971
f 1964 1971 1970
f 1965 1966 1972
f 1965 1972 1971
f 1966 1967 1973
f 1966 1973 1972
f 1967 1968 1974
f 1967 1974 1973
f 1969 1970 1976
f 1969 1976 1975
f 1970 1971 1977
f 1970 1977 1976
f 1971 1972 1978
f 1971 1978 1977
f 1972 1973 1979
f 1972 1979 1978
f 1973 1974 1980
f 1973 1980 1979
f 1981 1982 1988
f 1981 1988 1987
f 1982 1983 1989
f 1982 1989 1988
f 1983 1984 1990
f 1983 1990 1989
f 1984 1985 1991
f 1984 1991 1990
f 1985 1986 1992
f 1985 1992 1991
f 1987 1988 1994
f 1987 1994 1993
f 1988 1989 1995
f 1988 1995 1994
f 1989 1990 1996
f 1989 1996 1995
f 1990 1991 1997
f 1990 1997 1996
f 1991 1992 1998
f 1991 1998 1997
f 1993 1994 2000
f 1993 2000 1999
f 1994 1995 2001
f 1994 2001 2000
f 1995 1996 2002
f 1995 2002 2001
f 1996 1997 2003
f 1996 2003 2002
f 1997 1998 2004
f 1997 2004 2003
f 1999 2000 2006
f 1999 2006 2005
f 2000 2001 2007
f 2000 2007 2006
f 2001 2002 2008
f 2001 2008 2007
f 2002 2003 2009
f 2002 2009 2008
f 2003 2004 2010
f 2003 2010 2009
f 2005 2006 2012
f 2005 2012 2011
f 2006 2007 2013
f 2006 2013 2012
f 2007 2008 2014
f 2007 2014 2013
f 2008 2009 2015
f 2008 2015 2014
f 2009 2010 2016
f 2009 2016 2015
f 2017 2018 2024
f 2017 2024 2023
f 2018 2019 2025
f 2018 2025 2024
f 2019 2020 2026
f 2019 2026 2025
f 2020 2021 2027
f 2020 2027 2026
f 2021 2022 2028
f 2021 2028 2027
f 2023 2024 2030
f 2023 2030 2029
f 2024 2025 2031
f 2024 2031 2030
f 2025 2026 2032
f 2025 2032 2031
f 2026 2027 2033
f 2026 2033 2032
f 2027 2028 2034
f 2027 2034 2033
f 2029 2030 2036
f 2029 2036 2035
f 2030 2031 2037
f 2030 2037 2036
f 2031 2032 2038
f 2031 2038 2037
f 2032 2033 2039
f 2032 2039 2038
f 2033 2034 2040
f 2033 2040 2039
f 2035 2036 2042
f 2035 2042 2041
f 2036 2037 2043
f 2036 2043 2042
f 2037 2038 2044
f 2037 2044 2043
f 2038 2039 2045
f 2038 2045 2044
f 2039 2040 2046
f 2039 2046 2045
f 2041 2042 2048
f 2041 2048 2047
f 2042 2043 2049
f 2042 2049 2048
f 2043 2044 2050
f 2043 2050 2049
f 2044 2045 2051
f 2044 2051 2050
f 2045 2046 2052
f 2045 2052 2051
f 2053 2054 2060
f 2053 2060 2059
f 2054 2055 2061
f 2054 2061 2060
f 2055 2056 2062
f 2055 2062 2061
f 2056 2057 2063
f 2056 2063 2062
f 2057 2058 2064
f 2057 2064 2063
f 2059 2060 2066
f 2059 2066 2065
f 2060 2061 2067
f 2060 2067 2066
f 2061 2062 2068
f 2061 2068 2067
f 2062 2063 2069
f 2062 2069 2068
f 2063 2064 2070
f 2063 2070 2069
f 2065 2066 2072
f 2065 2072 2071
f 2066 2067 2073
f 2066 2073 2072
f 2067 2068 2074
f 2067 2074 2073
f 2068 2069 2075
f 2068 2075 2074
f 2069 2070 2076
f 2069 2076 2075
f 2071 2072 2078
f 2071 2078 2077
f 2072 2073 2079
f 2072 2079 2078
f 2073 2074 2080
f 2073 2080 2079
f 2074 2075 2081
f 2074 2081 2080
f 2075 2076 2082
f 2075 2082 2081
f 2077 2078 2084
f 2077 2084 2083
f 2078 2079 2085
f 2078 2085 2084
f 2079 2080 2086
f 2079 2086 2085
f 2080 2081 2087
f 2080 2087 2086
f 2081 2082 2088
f 2081 2088 2087
f 2089 2090 2096
f 2089 2096 2095
f 2090 2091 2097
f 2090 2097 2096
f 2091 2092 2098
f 2091 2098 2097
f 2092 2093 2099
f 2092 2099 2098
f 2093 2094 2100
f 2093 2100 2099
f 2095 2096 2102
f 2095 2102 2101
f 2096 2097 2103
f 2096 2103 2102
f 2097 2098 2104
f 2097 2104 2103
f 2098 2099 2105
f 2098 2105 2104
f 2099 2100 2106
f 2099 2106 2105
f 2101 2102 2108
f 2101 2108 2107
f 2102 2103 2109
f 2102 2109 2108
f 2103 2104 2110
f 2103 2110 2109
f 2104 2105 2111
f 2104 2111 2110
f 2105 2106 2112
f 2105 2112 2111
f 2107 2108 2114
f 2107 2114 2113
f 2108 2109 2115
f 2108 2115 2114
f 2109 2110 2116
f 2109 2116 2115
f 2110 2111 2117
f 2110 2117 2116
f 2111 2112 2118
f 2111 2118 2117
f 2113 2114 2120
f 2113 2120 2119
f 2114 2115 2121
f 2114 2121 2120
f 2115 2116 2122
f 2115 2122 2121
f 2116 2117 2123
f 2116 2123 2122
f 2117 2118 2124
f 2117 2124 2123
f 2125 2126 2132
f 2125 2132 2131
f 2126 2127 2133
f 2126 2133 2132
f 2127 2128 2134
f 2127 2134 2133
f 2128 2129 2135
f 2128 2135 2134
f 2129 2130 2136
f 2129 2136 2135
f 2131 2132 2138
f 2131 2138 2137
f 2132 2133 2139
f 2132 2139 2138
f 2133 2134 2140
f 2133 2140 2139
f 2134 2135 2141
f 2134 2141 2140
f 2135 2136 2142
f 2135 2142 2141
f 2137 2138 2144
f 2137 2144 2143
f 2138 2139 2145
f 2138 2145 2144
f 2139 2140 2146
f 2139 2146 2145
f 2140 2141 2147
f 2140 2147 2146
f 2141 2142 2148
f 2141 2148 2147
f 2143 2144 2150
f 2143 2150 2149
f 2144 2145 2151
f 2144 2151 2150
f 2145 2146 2152
f 2145 2152 2151
f 2146 2147 2153
f 2146 2153 2152
f 2147 2148 2154
f 2147 2154 2153
f 2149 2150 2156
f 2149 2156 2155
f 2150 2151 2157
f 2150 2157 2156
f 2151 2152 2158
f 2151 2158 2157
f 2152 2153 2159
f 2152 2159 2158
f 2153 2154 2160
f 2153 2160 2159
g 바닥_10
v -1.0000 -0.0600 2.0000
v -1.0000 -0.0360 2.0000
v -1.0000 -0.0120 2.0000
v -1.0000 0.0120 2.0000
v -1.0000 0.0360 2.0000
v -1.0000 0.0600 2.0000
v -0.6000 -0.0600 2.0000
v -0.6000 -0.0360 2.0000
v -0.6000 -0.0120 2.0000
v -0.6000 0.0120 2.0000
v -0.6000 0.0360 2.0000
v -0.6000 0.0600 2.0000
v -0.2000 -0.0600 2.0000
v -0.2000 -0.0360 2.0000
v -0.2000 -0.0120 2.0000
v -0.2000 0.0120 2.0000
v -0.2000 0.0360 2.0000
v -0.2000 0.0600 2.0000
v 0.2000 -0.0600 2.0000
v 0.2000 -0.0360 2.0000
v 0.2000 -0.0120 2.0000
v 0.2000 0.0120 2.0000
v 0.2000 0.0360 2.0000
v 0.2000 0.0600 2.0000
v 0.6000 -0.0600 2.0000
v 0.6000 -0.0360 2.0000
v 0.6000 -0.0120 2.0000
v 0.6000 0.0120 2.0000
v 0.6000 0.0360 2.0000
v 0.6000 0.0600 2.0000
v 1.0000 -0.0600 2.0000
v 1.0000 -0.0360 2.0000
v 1.0000 -0.0120 2.0000
v 1.0000 0.0120 2.0000
v 1.0000 0.0360 2.0000
v 1.0000 0.0600 2.0000
v 1.0000 -0.0600 0.0000
v 1.0000 -0.0360 0.0000
v 1.0000 -0.0120 0.0000
v 1.0000 0.0120 0.0000
v 1.0000 0.0360 0.0000
v 1.0000 0.0600 0.0000
v 0.6000 -0.0600 0.0000
v 0.6000 -0.0360 0.0000
v 0.6000 -0.0120 0.0000
v 0.6000 0.0120 0.0000
v 0.6000 0.0360 0.0000
v 0.6000 0.0600 0.0000
v 0.2000 -0.0600 0.0000
v 0.2000 -0.0360 0.0000
v 0.2000 -0.0120 0.0000
v 0.2000 0.0120 0.0000
v 0.2000 0.0360 0.0000
v 0.2000 0.0600 0.0000
v -0.2000 -0.0600 0.0000
v -0.2000 -0.0360 0.0000
v -0.2000 -0.0120 0.0000
v -0.2000 0.0120 0.0000
v -0.2000 0.0360 0.0000
v -0.2000 0.0600 0.0000
v -0.6000 -0.0600 0.0000
v -0.6000 -0.0360 0.0000
v -0.6000 -0.0120 0.0000
v -0.6000 0.0120 0.0000
v -0.6000 0.0360 0.0000
v -0.6000 0.0600 0.0000
v -1.0000 -0.0600 0.0000
v -1.0000 -0.0360 0.0000
v -1.0000 -0.0120 0.0000
v -1.0000 0.0120 0.0000
v -1.0000 0.0360 0.0000
v -1.0000 0.0600 0.0000
v -1.0000 -0.0600 0.0000
v -1.0000 -0.0360 0.0000
v -1.0000 -0.0120 0.0000
v -1.0000 0.0120 0.0000
v -1.0000 0.0360 0.0000
v -1.0000 0.0600 0.0000
v -1.0000 -0.0600 0.4000
v -1.0000 -0.0360 0.4000
v -1.0000 -0.0120 0.4000
v -1.0000 0.0120 0.4000
v -1.0000 0.0360 0.4000
v -1.0000 0.0600 0.4000
v -1.0000 -0.0600 0.8000
v -1.0000 -0.0360 0.8000
v -1.0000 -0.0120 0.8000
v -1.0000 0.0120 0.8000
v -1.0000 0.0360 0.8000
v -1.0000 0.0600 0.8000
v -1.0000 -0.0600 1.2000
v -1.0000 -0.0360 1.2000
v -1.0000 -0.0120 1.2000
v -1.0000 0.0120 1.2000
v -1.0000 0.0360 1.2000
v -1.0000 0.0600 1.2000
v -1.0000 -0.0600 1.6000
v -1.0000 -0.0360 1.6000
v -1.0000 -0.0120 1.6000
v -1.0000 0.0120 1.6000
v -1.0000 0.0360 1.6000
v -1.0000 0.0600 1.6000
v -1.0000 -0.0600 2.0000
v -1.0000 -0.0360 2.0000
v -1.0000 -0.0120 2.0000
v -1.0000 0.0120 2.0000
v -1.0000 0.0360 2.0000
v -1.0000 0.0600 2.0000
v 1.0000 -0.0600 2.0000
v 1.0000 -0.0360 2.0000
v 1.0000 -0.0120 2.0000
v 1.0000 0.0120 2.0000
v 1.0000 0.0360 2.0000
v 1.0000 0.0600 2.0000
v 1.0000 -0.0600 1.6000
v 1.0000 -0.0360 1.6000
v 1.0000 -0.0120 1.6000
v 1.0000 0.0120 1.6000
v 1.0000 0.0360 1.6000
v 1.0000 0.0600 1.6000
v 1.0000 -0.0600 1.2000
v 1.0000 -0.0360 1.2000
v 1.0000 -0.0120 1.2000
v 1.0000 0.0120 1.2000
v 1.0000 0.0360 1.2000
v 1.0000 0.0600 1.2000
v 1.0000 -0.0600 0.8000
v 1.0000 -0.0360 0.8000
v 1.0000 -0.0120 0.8000
v 1.0000 0.0120 0.8000
v 1.0000 0.0360 0.8000
v 1.0000 0.0600 0.8000
v 1.0000 -0.0600 0.4000
v 1.0000 -0.0360 0.4000
v 1.0000 -0.0120 0.4000
v 1.0000 0.0120 0.4000
v 1.0000 0.0360 0.4000
v 1.0000 0.0600 0.4000
v 1.0000 -0.0600 0.0000
v 1.0000 -0.0360 0.0000
v 1.0000 -0.0120 0.0000
v 1.0000 0.0120 0.0000
v 1.0000 0.0360 0.0000
v 1.0000 0.0600 0.0000
v -1.0000 0.0600 0.0000
v -1.0000 0.0600 0.4000
v -1.0000 0.0600 0.8000
v -1.0000 0.0600 1.2000
v -1.0000 0.0600 1.6000
v -1.0000 0.0600 2.0000
v -0.6000 0.0600 0.0000
v -0.6000 0.0600 0.4000
v -0.6000 0.0600 0.8000
v -0.6000 0.0600 1.2000
v -0.6000 0.0600 1.6000
v -0.6000 0.0600 2.0000
v -0.2000 0.0600 0.0000
v -0.2000 0.0600 0.4000
v -0.2000 0.0600 0.8000
v -0.2000 0.0600 1.2000
v -0.2000 0.0600 1.6000
v -0.2000 0.0600 2.0000
v 0.2000 0.0600 0.0000
v 0.2000 0.0600 0.4000
v 0.2000 0.0600 0.8000
v 0.2000 0.0600 1.2000
v 0.2000 0.0600 1.6000
v 0.2000 0.0600 2.0000
v 0.6000 0.0600 0.0000
v 0.6000 0.0600 0.4000
v 0.6000 0.0600 0.8000
v 0.6000 0.0600 1.2000
v 0.6000 0.0600 1.6000
v 0.6000 0.0600 2.0000
v 1.0000 0.0600 0.0000
v 1.0000 0.0600 0.4000
v 1.0000 0.0600 0.8000
v 1.0000 0.0600 1.2000
v 1.0000 0.0600 1.6000
v 1.0000 0.0600 2.0000
v -1.0000 -0.0600 2.0000
v -1.0000 -0.0600 1.6000
v -1.0000 -0.0600 1.2000
v -1.0000 -0.0600 0.8000
v -1.0000 -0.0600 0.4000
v -1.0000 -0.0600 0.0000
v -0.6000 -0.0600 2.0000
v -0.6000 -0.0600 1.6000
v -0.6000 -0.0600 1.2000
v -0.6000 -0.0600 0.8000
v -0.6000 -0.0600 0.4000
v -0.6000 -0.0600 0.0000
v -0.2000 -0.0600 2.0000
v -0.2000 -0.0600 1.6000
v -0.2000 -0.0600 1.2000
v -0.2000 -0.0600 0.8000
v -0.2000 -0.0600 0.4000
v -0.2000 -0.0600 0.0000
v 0.2000 -0.0600 2.0000
v 0.2000 -0.0600 1.6000
v 0.2000 -0.0600 1.2000
v 0.2000 -0.0600 0.8000
v 0.2000 -0.0600 0.4000
v 0.2000 -0.0600 0.0000
v 0.6000 -0.0600 2.0000
v 0.6000 -0.0600 1.6000
v 0.6000 -0.0600 1.2000
v 0.6000 -0.0600 0.8000
v 0.6000 -0.0600 0.4000
v 0.6000 -0.0600 0.0000
v 1.0000 -0.0600 2.0000
v 1.0000 -0.0600 1.6000
v 1.0000 -0.0600 1.2000
v 1.0000 -0.0600 0.8000
v 1.0000 -0.0600 0.4000
v 1.0000 -0.0600 0.0000
f 2161 2162 2168
f 2161 2168 2167
f 2162 2163 2169
f 2162 2169 2168
f 2163 2164 2170
f 2163 2170 2169
f 2164 2165 2171
f 2164 2171 2170
f 2165 2166 2172
f 2165 2172 2171
f 2167 2168 2174
f 2167 2174 2173
f 2168 2169 2175
f 2168 2175 2174
f 2169 2170 2176
f 2169 2176 2175
f 2170 2171 2177
f 2170 2177 2176
f 2171 2172 2178
f 2171 2178 2177
f 2173 2174 2180
f 2173 2180 2179
f 2174 2175 2181
f 2174 2181 2180
f 2175 2176 2182
f 2175 2182 2181
f 2176 2177 2183
f 2176 2183 2182
f 2177 2178 2184
f 2177 2184 2183
f 2179 2180 2186
f 2179 2186 2185
f 2180 2181 2187
f 2180 2187 2186
f 2181 2182 2188
f 2181 2188 2187
f 2182 2183 2189
f 2182 2189 2188
f 2183 2184 2190
f 2183 2190 2189
f 2185 2186 2192
f 2185 2192 2191
f 2186 2187 2193
f 2186 2193 2192
f 2187 2188 2194
f 2187 2194 2193
f 2188 2189 2195
f 2188 2195 2194
f 2189 2190 2196
f 2189 2196 2195
f 2197 2198 2204
f 2197 2204 2203
f 2198 2199 2205
f 2198 2205 2204
f 2199 2200 2206
f 2199 2206 2205
f 2200 2201 2207
f 2200 2207 2206
f 2201 2202 2208
f 2201 2208 2207
f 2203 2204 2210
f 2203 2210 2209
f 2204 2205 2211
f 2204 2211 2210
f 2205 2206 2212
f 2205 2212 2211
f 2206 2207 2213
f 2206 2213 2212
f 2207 2208 2214
f 2207 2214 2213
f 2209 2210 2216
f 2209 2216 2215
f 2210 2211 2217
f 2210 2217 2216
f 2211 2212 2218
f 2211 2218 2217
f 2212 2213 2219
f 2212 2219 2218
f 2213 2214 2220
f 2213 2220 2219
f 2215 2216 2222
f 2215 2222 2221
f 2216 2217 2223
f 2216 2223 2222
f 2217 2218 2224
f 2217 2224 2223
f 2218 2219 2225
f 2218 2225 2224
f 2219 2220 2226
f 2219 2226 2225
f 2221 2222 2228
f 2221 2228 2227
f 2222 2223 2229
f 2222 2229 2228
f 2223 2224 2230
f 2223 2230 2229
f 2224 2225 2231
f 2224 2231 2230
f 2225 2226 2232
f 2225 2232 2231
f 2233 2234 2240
f 2233 2240 2239
f 2234 2235 2241
f 2234 2241 2240
f 2235 2236 2242
f 2235 2242 2241
f 2236 2237 2243
f 2236 2243 2242
f 2237 2238 2244
f 2237 2244 2243
f 2239 2240 2246
f 2239 2246 2245
f 2240 2241 2247
f 2240 2247 2246
f 2241 2242 2248
f 2241 2248 2247
f 2242 2243 2249
f 2242 2249 2248
f 2243 2244 2250
f 2243 2250 2249
f 2245 2246 2252
f 2245 2252 2251
f 2246 2247 2253
f 2246 2253 2252
f 2247 2248 2254
f 2247 2254 2253
f 2248 2249 2255
f 2248 2255 2254
f 2249 2250 2256
f 2249 2256 2255
f 2251 2252 2258
f 2251 2258 2257
f 2252 2253 2259
f 2252 2259 2258
f 2253 2254 2260
f 2253 2260 2259
f 2254 2255 2261
f 2254 2261 2260
f 2255 2256 2262
f 2255 2262 2261
f 2257 2258 2264
f 2257 2264 2263
f 2258 2259 2265
f 2258 2265 2264
f 2259 2260 2266
f 2259 2266 2265
f 2260 2261 2267
f 2260 2267 2266
f 2261 2262 2268
f 2261 2268 2267
f 2269 2270 2276
f 2269 2276 2275
f 2270 2271 2277
f 2270 2277 2276
f 2271 2272 2278
f 2271 2278 2277
f 2272 2273 2279
f 2272 2279 2278
f 2273 2274 2280
f 2273 2280 2279
f 2275 2276 2282
f 2275 2282 2281
f 2276 2277 2283
f 2276 2283 2282
f 2277 2278 2284
f 2277 2284 2283
f 2278 2279 2285
f 2278 2285 2284
f 2279 2280 2286
f 2279 2286 2285
f 2281 2282 2288
f 2281 2288 2287
f 2282 2283 2289
f 2282 2289 2288
f 2283 2284 2290
f 2283 2290 2289
f 2284 2285 2291
f 2284 2291 2290
f 2285 2286 2292
f 2285 2292 2291
f 2287 2288 2294
f 2287 2294 2293
f 2288 2289 2295
f 2288 2295 2294
f 2289 2290 2296
f 2289 2296 2295
f 2290 2291 2297
f 2290 2297 2296
f 2291 2292 2298
f 2291 2298 2297
f 2293 2294 2300
f 2293 2300 2299
f 2294 2295 2301
f 2294 2301 2300
f 2295 2296 2302
f 2295 2302 2301
f 2296 2297 2303
f 2296 2303 2302
f 2297 2298 2304
f 2297 2304 2303
f 2305 2306 2312
f 2305 2312 2311
f 2306 2307 2313
f 2306 2313 2312
f 2307 2308 2314
f 2307 2314 2313
f 2308 2309 2315
f 2308 2315 2314
f 2309 2310 2316
f 2309 2316 2315
f 2311 2312 2318
f 2311 2318 2317
f 2312 2313 2319
f 2312 2319 2318
f 2313 2314 2320
f 2313 2320 2319
f 2314 2315 2321
f 2314 2321 2320
f 2315 2316 2322
f 2315 2322 2321
f 2317 2318 2324
f 2317 2324 2323
f 2318 2319 2325
f 2318 2325 2324
f 2319 2320 2326
f 2319 2326 2325
f 2320 2321 2327
f 2320 2327 2326
f 2321 2322 2328
f 2321 2328 2327
f 2323 2324 2330
f 2323 2330 2329
f 2324 2325 2331
f 2324 2331 2330
f 2325 2326 2332
f 2325 2332 2331
f 2326 2327 2333
f 2326 2333 2332
f 2327 2328 2334
f 2327 2334 2333
f 2329 2330 2336
f 2329 2336 2335
f 2330 2331 2337
f 2330 2337 2336
f 2331 2332 2338
f 2331 2338 2337
f 2332 2333 2339
f 2332 2339 2338
f 2333 2334 2340
f 2333 2340 2339
f 2341 2342 2348
f 2341 2348 2347
f 2342 2343 2349
f 2342 2349 2348
f 2343 2344 2350
f 2343 2350 2349
f 2344 2345 2351
f 2344 2351 2350
f 2345 2346 2352
f 2345 2352 2351
f 2347 2348 2354
f 2347 2354 2353
f 2348 2349 2355
f 2348 2355 2354
f 2349 2350 2356
f 2349 2356 2355
f 2350 2351 2357
f 2350 2357 2356
f 2351 2352 2358
f 2351 2358 2357
f 2353 2354 2360
f 2353 2360 2359
f 2354 2355 2361
f 2354 2361 2360
f 2355 2356 2362
f 2355 2362 2361
f 2356 2357 2363
f 2356 2363 2362
f 2357 2358 2364
f 2357 2364 2363
f 2359 2360 2366
f 2359 2366 2365
f 2360 2361 2367
f 2360 2367 2366
f 2361 2362 2368
f 2361 2368 2367
f 2362 2363 2369
f 2362 2369 2368
f 2363 2364 2370
f 2363 2370 2369
f 2365 2366 2372
f 2365 2372 2371
f 2366 2367 2373
f 2366 2373 2372
f 2367 2368 2374
f 2367 2374 2373
f 2368 2369 2375
f 2368 2375 2374
f 2369 2370 2376
f 2369 2376 2375
g 바닥_11
v -1.0000 -0.0600 4.0000
v -1.0000 -0.0360 4.0000
v -1.0000 -0.0120 4.0000
v -1.0000 0.0120 4.0000
v -1.0000 0.0360 4.0000
v -1.0000 0.0600 4.0000
v -0.6000 -0.0600 4.0000
v -0.6000 -0.0360 4.0000
v -0.6000 -0.0120 4.0000
v -0.6000 0.0120 4.0000
v -0.6000 0.0360 4.0000
v -0.6000 0.0600 4.0000
v -0.2000 -0.0600 4.0000
v -0.2000 -0.0360 4.0000
v -0.2000 -0.0120 4.0000
v -0.2000 0.0120 4.0000
v -0.2000 0.0360 4.0000
v -0.2000 0.0600 4.0000
v 0.2000 -0.0600 4.0000
v 0.2000 -0.0360 4.0000
v 0.2000 -0.0120 4.0000
v 0.2000 0.0120 4.0000
v 0.2000 0.0360 4.0000
v 0.2000 0.0600 4.0000
v 0.6000 -0.0600 4.0000
v 0.6000 -0.0360 4.0000
v 0.6000 -0.0120 4.0000
v 0.6000 0.0120 4.0000
v 0.6000 0.0360 4.0000
v 0.6000 0.0600 4.0000
v 1.0000 -0.0600 4.0000
v 1.0000 -0.0360 4.0000
v 1.0000 -0.0120 4.0000
v 1.0000 0.0120 4.0000
v 1.0000 0.0360 4.0000
v 1.0000 0.0600 4.0000
v 1.0000 -0.0600 2.0000
v 1.0000 -0.0360 2.0000
v 1.0000 -0.0120 2.0000
v 1.0000 0.0120 2.0000
v 1.0000 0.0360 2.0000
v 1.0000 0.0600 2.0000
v 0.6000 -0.0600 2.0000
v 0.6000 -0.0360 2.0000
v 0.6000 -0.0120 2.0000
v 0.6000 0.0120 2.0000
v 0.6000 0.0360 2.0000
v 0.6000 0.0600 2.0000
v 0.2000 -0.0600 2.0000
v 0.2000 -0.0360 2.0000
v 0.2000 -0.0120 2.0000
v 0.2000 0.0120 2.0000
v 0.2000 0.0360 2.0000
v 0.2000 0.0600 2.0000
v -0.2000 -0.0600 2.0000
v -0.2000 -0.0360 2.0000
v -0.2000 -0.0120 2.0000
v -0.2000 0.0120 2.0000
v -0.2000 0.0360 2.0000
v -0.2000 0.0600 2.0000
v -0.6000 -0.0600 2.0000
v -0.6000 -0.0360 2.0000
v -0.6000 -0.0120 2.0000
v -0.6000 0.0120 2.0000
v -0.6000 0.0360 2.0000
v -0.6000 0.0600 2.0000
v -1.0000 -0.0600 2.0000
v -1.0000 -0.0360 2.0000
v -1.0000 -0.0120 2.0000
v -1.0000 0.0120 2.0000
v -1.0000 0.0360 2.0000
v -1.0000 0.0600 2.0000
v -1.0000 -0.0600 2.0000
v -1.0000 -0.0360 2.0000
v -1.0000 -0.0120 2.0000
v -1.0000 0.0120 2.0000
v -1.0000 0.0360 2.0000
v -1.0000 0.0600 2.0000
v -1.0000 -0.0600 2.4000
v -1.0000 -0.0360 2.4000
v -1.0000 -0.0120 2.4000
v -1.0000 0.0120 2.4000
v -1.0000 0.0360 2.4000
v -1.0000 0.0600 2.4000
v -1.0000 -0.0600 2.8000
v -1.0000 -0.0360 2.8000
v -1.0000 -0.0120 2.8000
v -1.0000 0.0120 2.8000
v -1.0000 0.0360 2.8000
v -1.0000 0.0600 2.8000
v -1.0000 -0.0600 3.2000
v -1.0000 -0.0360 3.2000
v -1.0000 -0.0120 3.2000
v -1.0000 0.0120 3.2000
v -1.0000 0.0360 3.2000
v -1.0000 0.0600 3.2000
v -1.0000 -0.0600 3.6000
v -1.0000 -0.0360 3.6000
v -1.0000 -0.0120 3.6000
v -1.0000 0.0120 3.6000
v -1.0000 0.0360 3.6000
v -1.0000 0.0600 3.6000
v -1.0000 -0.0600 4.0000
v -1.0000 -0.0360 4.0000
v -1.0000 -0.0120 4.0000
v -1.0000 0.0120 4.0000
v -1.0000 0.0360 4.0000
v -1.0000 0.0600 4.0000
v 1.0000 -0.0600 4.0000
v 1.0000 -0.0360 4.0000
v 1.0000 -0.0120 4.0000
v 1.0000 0.0120 4.0000
v 1.0000 0.0360 4.0000
v 1.0000 0.0600 4.0000
v 1.0000 -0.0600 3.6000
v 1.0000 -0.0360 3.6000
v 1.0000 -0.0120 3.6000
v 1.0000 0.0120 3.6000
v 1.0000 0.0360 3.6000
v 1.0000 0.0600 3.6000
v 1.0000 -0.0600 3.2000
v 1.0000 -0.0360 3.2000
v 1.0000 -0.0120 3.2000
v 1.0000 0.0120 3.2000
v 1.0000 0.0360 3.2000
v 1.0000 0.0600 3.2000
v 1.0000 -0.0600 2.8000
v 1.0000 -0.0360 2.8000
v 1.0000 -0.0120 2.8000
v 1.0000 0.0120 2.8000
v 1.0000 0.0360 2.8000
v 1.0000 0.0600 2.8000
v 1.0000 -0.0600 2.4000
v 1.0000 -0.0360 2.4000
v 1.0000 -0.0120 2.4000
v 1.0000 0.0120 2.4000
v 1.0000 0.0360 2.4000
v 1.0000 0.0600 2.4000
v 1.0000 -0.0600 2.0000
v 1.0000 -0.0360 2.0000
v 1.0000 -0.0120 2.0000
v 1.0000 0.0120 2.0000
v 1.0000 0.0360 2.0000
v 1.0000 0.0600 2.0000
v -1.0000 0.0600 2.0000
v -1.0000 0.0600 2.4000
v -1.0000 0.0600 2.8000
v -1.0000 0.0600 3.2000
v -1.0000 0.0600 3.6000
v -1.0000 0.0600 4.0000
v -0.6000 0.0600 2.0000
v -0.6000 0.0600 2.4000
v -0.6000 0.0600 2.8000
v -0.6000 0.0600 3.2000
v -0.6000 0.0600 3.6000
v -0.6000 0.0600 4.0000
v -0.2000 0.0600 2.0000
v -0.2000 0.0600 2.4000
v -0.2000 0.0600 2.8000
v -0.2000 0.0600 3.2000
v -0.2000 0.0600 3.6000
v -0.2000 0.0600 4.0000
v 0.2000 0.0600 2.0000
v 0.2000 0.0600 2.4000
v 0.2000 0.0600 2.8000
v 0.2000 0.0600 3.2000
v 0.2000 0.0600 3.6000
v 0.2000 0.0600 4.0000
v 0.6000 0.0600 2.0000
v 0.6000 0.0600 2.4000
v 0.6000 0.0600 2.8000
v 0.6000 0.0600 3.2000
v 0.6000 0.0600 3.6000
v 0.6000 0.0600 4.0000
v 1.0000 0.0600 2.0000
v 1.0000 0.0600 2.4000
v 1.0000 0.0600 2.8000
v 1.0000 0.0600 3.2000
v 1.0000 0.0600 3.6000
v 1.0000 0.0600 4.0000
v -1.0000 -0.0600 4.0000
v -1.0000 -0.0600 3.6000
v -1.0000 -0.0600 3.2000
v -1.0000 -0.0600 2.8000
v -1.0000 -0.0600 2.4000
v -1.0000 -0.0600 2.0000
v -0.6000 -0.0600 4.0000
v -0.6000 -0.0600 3.6000
v -0.6000 -0.0600 3.2000
v -0.6000 -0.0600 2.8000
v -0.6000 -0.0600 2.4000
v -0.6000 -0.0600 2.0000
v -0.2000 -0.0600 4.0000
v -0.2000 -0.0600 3.6000
v -0.2000 -0.0600 3.2000
v -0.2000 -0.0600 2.8000
v -0.2000 -0.0600 2.4000
v -0.2000 -0.0600 2.0000
v 0.2000 -0.0600 4.0000
v 0.2000 -0.0600 3.6000
v 0.2000 -0.0600 3.2000
v 0.2000 -0.0600 2.8000
v 0.2000 -0.0600 2.4000
v 0.2000 -0.0600 2.0000
v 0.6000 -0.0600 4.0000
v 0.6000 -0.0600 3.6000
v 0.6000 -0.0600 3.2000
v 0.6000 -0.0600 2.8000
v 0.6000 -0.0600 2.4000
v 0.6000 -0.0600 2.0000
v 1.0000 -0.0600 4.0000
v 1.0000 -0.0600 3.6000
v 1.0000 -0.0600 3.2000
v 1.0000 -0.0600 2.8000
v 1.0000 -0.0600 2.4000
v 1.0000 -0.0600 2.0000
f 2377 2378 2384
f 2377 2384 2383
f 2378 2379 2385
f 2378 2385 2384
f 2379 2380 2386
f 2379 2386 2385
f 2380 2381 2387
f 2380 2387 2386
f 2381 2382 2388
f 2381 2388 2387
f 2383 2384 2390
f 2383 2390 2389
f 2384 2385 2391
f 2384 2391 2390
f 2385 2386 2392
f 2385 2392 2391
f 2386 2387 2393
f 2386 2393 2392
f 2387 2388 2394
f 2387 2394 2393
f 2389 2390 2396
f 2389 2396 2395
f 2390 2391 2397
f 2390 2397 2396
f 2391 2392 2398
f 2391 2398 2397
f 2392 2393 2399
f 2392 2399 2398
f 2393 2394 2400
f 2393 2400 2399
f 2395 2396 2402
f 2395 2402 2401
f 2396 2397 2403
f 2396 2403 2402
f 2397 2398 2404
f 2397 2404 2403
f 2398 2399 2405
f 2398 2405 2404
f 2399 2400 2406
f 2399 2406 2405
f 2401 2402 2408
f 2401 2408 2407
f 2402 2403 2409
f 2402 2409 2408
f 2403 2404 2410
f 2403 2410 2409
f 2404 2405 2411
f 2404 2411 2410
f 2405 2406 2412
f 2405 2412 2411
f 2413 2414 2420
f 2413 2420 2419
f 2414 2415 2421
f 2414 2421 2420
f 2415 2416 2422
f 2415 2422 2421
f 2416 2417 2423
f 2416 2423 2422
f 2417 2418 2424
f 2417 2424 2423
f 2419 2420 2426
f 2419 2426 2425
f 2420 2421 2427
f 2420 2427 2426
f 2421 2422 2428
f 2421 2428 2427
f 2422 2423 2429
f 2422 2429 2428
f 2423 2424 2430
f 2423 2430 2429
f 2425 2426 2432
f 2425 2432 2431
f 2426 2427 2433
f 2426 2433 2432
f 2427 2428 2434
f 2427 2434 2433
f 2428 2429 2435
f 2428 2435 2434
f 2429 2430 2436
f 2429 2436 2435
f 2431 2432 2438
f 2431 2438 2437
f 2432 2433 2439
f 2432 2439 2438
f 2433 2434 2440
f 2433 2440 2439
f 2434 2435 2441
f 2434 2441 2440
f 2435 2436 2442
f 2435 2442 2441
f 2437 2438 2444
f 2437 2444 2443
f 2438 2439 2445
f 2438 2445 2444
f 2439 2440 2446
f 2439 2446 2445
f 2440 2441 2447
f 2440 2447 2446
f 2441 2442 2448
f 2441 2448 2447
f 2449 2450 2456
f 2449 2456 2455
f 2450 2451 2457
f 2450 2457 2456
f 2451 2452 2458
f 2451 2458 2457
f 2452 2453 2459
f 2452 2459 2458
f 2453 2454 2460
f 2453 2460 2459
f 2455 2456 2462
f 2455 2462 2461
f 2456 2457 2463
f 2456 2463 2462
f 2457 2458 2464
f 2457 2464 2463
f 2458 2459 2465
f 2458 2465 2464
f 2459 2460 2466
f 2459 2466 2465
f 2461 2462 2468
f 2461 2468 2467
f 2462 2463 2469
f 2462 2469 2468
f 2463 2464 2470
f 2463 2470 2469
f 2464 2465 2471
f 2464 2471 2470
f 2465 2466 2472
f 2465 2472 2471
f 2467 2468 2474
f 2467 2474 2473
f 2468 2469 2475
f 2468 2475 2474
f 2469 2470 2476
f 2469 2476 2475
f 2470 2471 2477
f 2470 2477 2476
f 2471 2472 2478
f 2471 2478 2477
f 2473 2474 2480
f 2473 2480 2479
f 2474 2475 2481
f 2474 2481 2480
f 2475 2476 2482
f 2475 2482 2481
f 2476 2477 2483
f 2476 2483 2482
f 2477 2478 2484
f 2477 2484 2483
f 2485 2486 2492
f 2485 2492 2491
f 2486 2487 2493
f 2486 2493 2492
f 2487 2488 2494
f 2487 2494 2493
f 2488 2489 2495
f 2488 2495 2494
f 2489 2490 2496
f 2489 2496 2495
f 2491 2492 2498
f 2491 2498 2497
f 2492 2493 2499
f 2492 2499 2498
f 2493 2494 2500
f 2493 2500 2499
f 2494 2495 2501
f 2494 2501 2500
f 2495 2496 2502
f 2495 2502 2501
f 2497 2498 2504
f 2497 2504 2503
f 2498 2499 2505
f 2498 2505 2504
f 2499 2500 2506
f 2499 2506 2505
f 2500 2501 2507
f 2500 2507 2506
f 2501 2502 2508
f 2501 2508 2507
f 2503 2504 2510
f 2503 2510 2509
f 2504 2505 2511
f 2504 2511 2510
f 2505 2506 2512
f 2505 2512 2511
f 2506 2507 2513
f 2506 2513 2512
f 2507 2508 2514
f 2507 2514 2513
f 2509 2510 2516
f 2509 2516 2515
f 2510 2511 2517
f 2510 2517 2516
f 2511 2512 2518
f 2511 2518 2517
f 2512 2513 2519
f 2512 2519 2518
f 2513 2514 2520
f 2513 2520 2519
f 2521 2522 2528
f 2521 2528 2527
f 2522 2523 2529
f 2522 2529 2528
f 2523 2524 2530
f 2523 2530 2529
f 2524 2525 2531
f 2524 2531 2530
f 2525 2526 2532
f 2525 2532 2531
f 2527 2528 2534
f 2527 2534 2533
f 2528 2529 2535
f 2528 2535 2534
f 2529 2530 2536
f 2529 2536 2535
f 2530 2531 2537
f 2530 2537 2536
f 2531 2532 2538
f 2531 2538 2537
f 2533 2534 2540
f 2533 2540 2539
f 2534 2535 2541
f 2534 2541 2540
f 2535 2536 2542
f 2535 2542 2541
f 2536 2537 2543
f 2536 2543 2542
f 2537 2538 2544
f 2537 2544 2543
f 2539 2540 2546
f 2539 2546 2545
f 2540 2541 2547
f 2540 2547 2546
f 2541 2542 2548
f 2541 2548 2547
f 2542 2543 2549
f 2542 2549 2548
f 2543 2544 2550
f 2543 2550 2549
f 2545 2546 2552
f 2545 2552 2551
f 2546 2547 2553
f 2546 2553 2552
f 2547 2548 2554
f 2547 2554 2553
f 2548 2549 2555
f 2548 2555 2554
f 2549 2550 2556
f 2549 2556 2555
f 2557 2558 2564
f 2557 2564 2563
f 2558 2559 2565
f 2558 2565 2564
f 2559 2560 2566
f 2559 2566 2565
f 2560 2561 2567
f 2560 2567 2566
f 2561 2562 2568
f 2561 2568 2567
f 2563 2564 2570
f 2563 2570 2569
f 2564 2565 2571
f 2564 2571 2570
f 2565 2566 2572
f 2565 2572 2571
f 2566 2567 2573
f 2566 2573 2572
f 2567 2568 2574
f 2567 2574 2573
f 2569 2570 2576
f 2569 2576 2575
f 2570 2571 2577
f 2570 2577 2576
f 2571 2572 2578
f 2571 2578 2577
f 2572 2573 2579
f 2572 2579 2578
f 2573 2574 2580
f 2573 2580 2579
f 2575 2576 2582
f 2575 2582 2581
f 2576 2577 2583
f 2576 2583 2582
f 2577 2578 2584
f 2577 2584 2583
f 2578 2579 2585
f 2578 2585 2584
f 2579 2580 2586
f 2579 2586 2585
f 2581 2582 2588
f 2581 2588 2587
f 2582 2583 2589
f 2582 2589 2588
f 2583 2584 2590
f 2583 2590 2589
f 2584 2585 2591
f 2584 2591 2590
f 2585 2586 2592
f 2585 2592 2591
g 바닥_12
v 1.0000 -0.0600 -2.0000
v 1.0000 -0.0360 -2.0000
v 1.0000 -0.0120 -2.0000
v 1.0000 0.0120 -2.0000
v 1.0000 0.0360 -2.0000
v 1.0000 0.0600 -2.0000
v 1.4000 -0.0600 -2.0000
v 1.4000 -0.0360 -2.0000
v 1.4000 -0.0120 -2.0000
v 1.4000 0.0120 -2.0000
v 1.4000 0.0360 -2.0000
v 1.4000 0.0600 -2.0000
v 1.8000 -0.0600 -2.0000
v 1.8000 -0.0360 -2.0000
v 1.8000 -0.0120 -2.0000
v 1.8000 0.0120 -2.0000
v 1.8000 0.0360 -2.0000
v 1.8000 0.0600 -2.0000
v 2.2000 -0.0600 -2.0000
v 2.2000 -0.0360 -2.0000
v 2.2000 -0.0120 -2.0000
v 2.2000 0.0120 -2.0000
v 2.2000 0.0360 -2.0000
v 2.2000 0.0600 -2.0000
v 2.6000 -0.0600 -2.0000
v 2.6000 -0.0360 -2.0000
v 2.6000 -0.0120 -2.0000
v 2.6000 0.0120 -2.0000
v 2.6000 0.0360 -2.0000
v 2.6000 0.0600 -2.0000
v 3.0000 -0.0600 -2.0000
v 3.0000 -0.0360 -2.0000
v 3.0000 -0.0120 -2.0000
v 3.0000 0.0120 -2.0000
v 3.0000 0.0360 -2.0000
v 3.0000 0.0600 -2.0000
v 3.0000 -0.0600 -4.0000
v 3.0000 -0.0360 -4.0000
v 3.0000 -0.0120 -4.0000
v 3.0000 0.0120 -4.0000
v 3.0000 0.0360 -4.0000
v 3.0000 0.0600 -4.0000
v 2.6000 -0.0600 -4.0000
v 2.6000 -0.0360 -4.0000
v 2.6000 -0.0120 -4.0000
v 2.6000 0.0120 -4.0000
v 2.6000 0.0360 -4.0000
v 2.6000 0.0600 -4.0000
v 2.2000 -0.0600 -4.0000
v 2.2000 -0.0360 -4.0000
v 2.2000 -0.0120 -4.0000
v 2.2000 0.0120 -4.0000
v 2.2000 0.0360 -4.0000
v 2.2000 0.0600 -4.0000
v 1.8000 -0.0600 -4.0000
v 1.8000 -0.0360 -4.0000
v 1.8000 -0.0120 -4.0000
v 1.8000 0.0120 -4.0000
v 1.8000 0.0360 -4.0000
v 1.8000 0.0600 -4.0000
v 1.4000 -0.0600 -4.0000
v 1.4000 -0.0360 -4.0000
v 1.4000 -0.0120 -4.0000
v 1.4000 0.0120 -4.0000
v 1.4000 0.0360 -4.0000
v 1.4000 0.0600 -4.0000
v 1.0000 -0.0600 -4.0000
v 1.0000 -0.0360 -4.0000
v 1.0000 -0.0120 -4.0000
v 1.0000 0.0120 -4.0000
v 1.0000 0.0360 -4.0000
v 1.0000 0.0600 -4.0000
v 1.0000 -0.0600 -4.0000
v 1.0000 -0.0360 -4.0000
v 1.0000 -0.0120 -4.0000
v 1.0000 0.0120 -4.0000
v 1.0000 0.0360 -4.0000
v 1.0000 0.0600 -4.0000
v 1.0000 -0.0600 -3.6000
v 1.0000 -0.0360 -3.6000
v 1.0000 -0.0120 -3.6000
v 1.0000 0.0120 -3.6000
v 1.0000 0.0360 -3.6000
v 1.0000 0.0600 -3.6000
v 1.0000 -0.0600 -3.2000
v 1.0000 -0.0360 -3.2000
v 1.0000 -0.0120 -3.2000
v 1.0000 0.0120 -3.2000
v 1.0000 0.0360 -3.2000
v 1.0000 0.0600 -3.2000
v 1.0000 -0.0600 -2.8000
v 1.0000 -0.0360 -2.8000
v 1.0000 -0.0120 -2.8000
v 1.0000 0.0120 -2.8000
v 1.0000 0.0360 -2.8000
v 1.0000 0.0600 -2.8000
v 1.0000 -0.0600 -2.4000
v 1.0000 -0.0360 -2.4000
v 1.0000 -0.0120 -2.4000
v 1.0000 0.0120 -2.4000
v 1.0000 0.0360 -2.4000
v 1.0000 0.0600 -2.4000
v 1.0000 -0.0600 -2.0000
v 1.0000 -0.0360 -2.0000
v 1.0000 -0.0120 -2.0000
v 1.0000 0.0120 -2.0000
v 1.0000 0.0360 -2.0000
v 1.0000 0.0600 -2.0000
v 3.0000 -0.0600 -2.0000
v 3.0000 -0.0360 -2.0000
v 3.0000 -0.0120 -2.0000
v 3.0000 0.0120 -2.0000
v 3.0000 0.0360 -2.0000
v 3.0000 0.0600 -2.0000
v 3.0000 -0.0600 -2.4000
v 3.0000 -0.0360 -2.4000
v 3.0000 -0.0120 -2.4000
v 3.0000 0.0120 -2.4000
v 3.0000 0.0360 -2.4000
v 3.0000 0.0600 -2.4000
v 3.0000 -0.0600 -2.8000
v 3.0000 -0.0360 -2.8000
v 3.0000 -0.0120 -2.8000
v 3.0000 0.0120 -2.8000
v 3.0000 0.0360 -2.8000
v 3.0000 0.0600 -2.8000
v 3.0000 -0.0600 -3.2000
v 3.0000 -0.0360 -3.2000
v 3.0000 -0.0120 -3.2000
v 3.0000 0.0120 -3.2000
v 3.0000 0.0360 -3.2000
v 3.0000 0.0600 -3.2000
v 3.0000 -0.0600 -3.6000
v 3.0000 -0.0360 -3.6000
v 3.0000 -0.0120 -3.6000
v 3.0000 0.0120 -3.6000
v 3.0000 0.0360 -3.6000
v 3.0000 0.0600 -3.6000
v 3.0000 -0.0600 -4.0000
v 3.0000 -0.0360 -4.0000
v 3.0000 -0.0120 -4.0000
v 3.0000 0.0120 -4.0000
v 3.0000 0.0360 -4.0000
v 3.0000 0.0600 -4.0000
v 1.0000 0.0600 -4.0000
v 1.0000 0.0600 -3.6000
v 1.0000 0.0600 -3.2000
v 1.0000 0.0600 -2.8000
v 1.0000 0.0600 -2.4000
v 1.0000 0.0600 -2.0000
v 1.4000 0.0600 -4.0000
v 1.4000 0.0600 -3.6000
v 1.4000 0.0600 -3.2000
v 1.4000 0.0600 -2.8000
v 1.4000 0.0600 -2.4000
v 1.4000 0.0600 -2.0000
v 1.8000 0.0600 -4.0000
v 1.8000 0.0600 -3.6000
v 1.8000 0.0600 -3.2000
v 1.8000 0.0600 -2.8000
v 1.8000 0.0600 -2.4000
v 1.8000 0.0600 -2.0000
v 2.2000 0.0600 -4.0000
v 2.2000 0.0600 -3.6000
v 2.2000 0.0600 -3.2000
v 2.2000 0.0600 -2.8000
v 2.2000 0.0600 -2.4000
v 2.2000 0.0600 -2.0000
v 2.6000 0.0600 -4.0000
v 2.6000 0.0600 -3.6000
v 2.6000 0.0600 -3.2000
v 2.6000 0.0600 -2.8000
v 2.6000 0.0600 -2.4000
v 2.6000 0.0600 -2.0000
v 3.0000 0.0600 -4.0000
v 3.0000 0.0600 -3.6000
v 3.0000 0.0600 -3.2000
v 3.0000 0.0600 -2.8000
v 3.0000 0.0600 -2.4000
v 3.0000 0.0600 -2.0000
v 1.0000 -0.0600 -2.0000
v 1.0000 -0.0600 -2.4000
v 1.0000 -0.0600 -2.8000
v 1.0000 -0.0600 -3.2000
v 1.0000 -0.0600 -3.6000
v 1.0000 -0.0600 -4.0000
v 1.4000 -0.0600 -2.0000
v 1.4000 -0.0600 -2.4000
v 1.4000 -0.0600 -2.8000
v 1.4000 -0.0600 -3.2000
v 1.4000 -0.0600 -3.6000
v 1.4000 -0.0600 -4.0000
v 1.8000 -0.0600 -2.0000
v 1.8000 -0.0600 -2.4000
v 1.8000 -0.0600 -2.8000
v 1.8000 -0.0600 -3.2000
v 1.8000 -0.0600 -3.6000
v 1.8000 -0.0600 -4.0000
v 2.2000 -0.0600 -2.0000
v 2.2000 -0.0600 -2.4000
v 2.2000 -0.0600 -2.8000
v 2.2000 -0.0600 -3.2000
v 2.2000 -0.0600 -3.6000
v 2.2000 -0.0600 -4.0000
v 2.6000 -0.0600 -2.0000
v 2.6000 -0.0600 -2.4000
v 2.6000 -0.0600 -2.8000
v 2.6000 -0.0600 -3.2000
v 2.6000 -0.0600 -3.6000
v 2.6000 -0.0600 -4.0000
v 3.0000 -0.0600 -2.0000
v 3.0000 -0.0600 -2.4000
v 3.0000 -0.0600 -2.8000
v 3.0000 -0.0600 -3.2000
v 3.0000 -0.0600 -3.6000
v 3.0000 -0.0600 -4.0000
f 2593 2594 2600
f 2593 2600 2599
f 2594 2595 2601
f 2594 2601 2600
f 2595 2596 2602
f 2595 2602 2601
f 2596 2597 2603
f 2596 2603 2602
f 2597 2598 2604
f 2597 2604 2603
f 2599 2600 2606
f 2599 2606 2605
f 2600 2601 2607
f 2600 2607 2606
f 2601 2602 2608
f 2601 2608 2607
f 2602 2603 2609
f 2602 2609 2608
f 2603 2604 2610
f 2603 2610 2609
f 2605 2606 2612
f 2605 2612 2611
f 2606 2607 2613
f 2606 2613 2612
f 2607 2608 2614
f 2607 2614 2613
f 2608 2609 2615
f 2608 2615 2614
f 2609 2610 2616
f 2609 2616 2615
f 2611 2612 2618
f 2611 2618 2617
f 2612 2613 2619
f 2612 2619 2618
f 2613 2614 2620
f 2613 2620 2619
f 2614 2615 2621
f 2614 2621 2620
f 2615 2616 2622
f 2615 2622 2621
f 2617 2618 2624
f 2617 2624 2623
f 2618 2619 2625
f 2618 2625 2624
f 2619 2620 2626
f 2619 2626 2625
f 2620 2621 2627
f 2620 2627 2626
f 2621 2622 2628
f 2621 2628 2627
f 2629 2630 2636
f 2629 2636 2635
f 2630 2631 2637
f 2630 2637 2636
f 2631 2632 2638
f 2631 2638 2637
f 2632 2633 2639
f 2632 2639 2638
f 2633 2634 2640
f 2633 2640 2639
f 2635 2636 2642
f 2635 2642 2641
f 2636 2637 2643
f 2636 2643 2642
f 2637 2638 2644
f 2637 2644 2643
f 2638 2639 2645
f 2638 2645 2644
f 2639 2640 2646
f 2639 2646 2645
f 2641 2642 2648
f 2641 2648 2647
f 2642 2643 2649
f 2642 2649 2648
f 2643 2644 2650
f 2643 2650 2649
f 2644 2645 2651
f 2644 2651 2650
f 2645 2646 2652
f 2645 2652 2651
f 2647 2648 2654
f 2647 2654 2653
f 2648 2649 2655
f 2648 2655 2654
f 2649 2650 2656
f 2649 2656 2655
f 2650 2651 2657
f 2650 2657 2656
f 2651 2652 2658
f 2651 2658 2657
f 2653 2654 2660
f 2653 2660 2659
f 2654 2655 2661
f 2654 2661 2660
f 2655 2656 2662
f 2655 2662 2661
f 2656 2657 2663
f 2656 2663 2662
f 2657 2658 2664
f 2657 2664 2663
f 2665 2666 2672
f 2665 2672 2671
f 2666 2667 2673
f 2666 2673 2672
f 2667 2668 2674
f 2667 2674 2673
f 2668 2669 2675
f 2668 2675 2674
f 2669 2670 2676
f 2669 2676 2675
f 2671 2672 2678
f 2671 2678 2677
f 2672 2673 2679
f 2672 2679 2678
f 2673 2674 2680
f 2673 2680 2679
f 2674 2675 2681
f 2674 2681 2680
f 2675 2676 2682
f 2675 2682 2681
f 2677 2678 2684
f 2677 2684 2683
f 2678 2679 2685
f 2678 2685 2684
f 2679 2680 2686
f 2679 2686 2685
f 2680 2681 2687
f 2680 2687 2686
f 2681 2682 2688
f 2681 2688 2687
f 2683 2684 2690
f 2683 2690 2689
f 2684 2685 2691
f 2684 2691 2690
f 2685 2686 2692
f 2685 2692 2691
f 2686 2687 2693
f 2686 2693 2692
f 2687 2688 2694
f 2687 2694 2693
f 2689 2690 2696
f 2689 2696 2695
f 2690 2691 2697
f 2690 2697 2696
f 2691 2692 2698
f 2691 2698 2697
f 2692 2693 2699
f 2692 2699 2698
f 2693 2694 2700
f 2693 2700 2699
f 2701 2702 2708
f 2701 2708 2707
f 2702 2703 2709
f 2702 2709 2708
f 2703 2704 2710
f 2703 2710 2709
f 2704 2705 2711
f 2704 2711 2710
f 2705 2706 2712
f 2705 2712 2711
f 2707 2708 2714
f 2707 2714 2713
f 2708 2709 2715
f 2708 2715 2714
f 2709 2710 2716
f 2709 2716 2715
f 2710 2711 2717
f 2710 2717 2716
f 2711 2712 2718
f 2711 2718 2717
f 2713 2714 2720
f 2713 2720 2719
f 2714 2715 2721
f 2714 2721 2720
f 2715 2716 2722
f 2715 2722 2721
f 2716 2717 2723
f 2716 2723 2722
f 2717 2718 2724
f 2717 2724 2723
f 2719 2720 2726
f 2719 2726 2725
f 2720 2721 2727
f 2720 2727 2726
f 2721 2722 2728
f 2721 2728 2727
f 2722 2723 2729
f 2722 2729 2728
f 2723 2724 2730
f 2723 2730 2729
f 2725 2726 2732
f 2725 2732 2731
f 2726 2727 2733
f 2726 2733 2732
f 2727 2728 2734
f 2727 2734 2733
f 2728 2729 2735
f 2728 2735 2734
f 2729 2730 2736
f 2729 2736 2735
f 2737 2738 2744
f 2737 2744 2743
f 2738 2739 2745
f 2738 2745 2744
f 2739 2740 2746
f 2739 2746 2745
f 2740 2741 2747
f 2740 2747 2746
f 2741 2742 2748
f 2741 2748 2747
f 2743 2744 2750
f 2743 2750 2749
f 2744 2745 2751
f 2744 2751 2750
f 2745 2746 2752
f 2745 2752 2751
f 2746 2747 2753
f 2746 2753 2752
f 2747 2748 2754
f 2747 2754 2753
f 2749 2750 2756
f 2749 2756 2755
f 2750 2751 2757
f 2750 2757 2756
f 2751 2752 2758
f 2751 2758 2757
f 2752 2753 2759
f 2752 2759 2758
f 2753 2754 2760
f 2753 2760 2759
f 2755 2756 2762
f 2755 2762 2761
f 2756 2757 2763
f 2756 2763 2762
f 2757 2758 2764
f 2757 2764 2763
f 2758 2759 2765
f 2758 2765 2764
f 2759 2760 2766
f 2759 2766 2765
f 2761 2762 2768
f 2761 2768 2767
f 2762 2763 2769
f 2762 2769 2768
f 2763 2764 2770
f 2763 2770 2769
f 2764 2765 2771
f 2764 2771 2770
f 2765 2766 2772
f 2765 2772 2771
f 2773 2774 2780
f 2773 2780 2779
f 2774 2775 2781
f 2774 2781 2780
f 2775 2776 2782
f 2775 2782 2781
f 2776 2777 2783
f 2776 2783 2782
f 2777 2778 2784
f 2777 2784 2783
f 2779 2780 2786
f 2779 2786 2785
f 2780 2781 2787
f 2780 2787 2786
f 2781 2782 2788
f 2781 2788 2787
f 2782 2783 2789
f 2782 2789 2788
f 2783 2784 2790
f 2783 2790 2789
f 2785 2786 2792
f 2785 2792 2791
f 2786 2787 2793
f 2786 2793 2792
f 2787 2788 2794
f 2787 2794 2793
f 2788 2789 2795
f 2788 2795 2794
f 2789 2790 2796
f 2789 2796 2795
f 2791 2792 2798
f 2791 2798 2797
f 2792 2793 2799
f 2792 2799 2798
f 2793 2794 2800
f 2793 2800 2799
f 2794 2795 2801
f 2794 2801 2800
f 2795 2796 2802
f 2795 2802 2801
f 2797 2798 2804
f 2797 2804 2803
f 2798 2799 2805
f 2798 2805 2804
f 2799 2800 2806
f 2799 2806 2805
f 2800 2801 2807
f 2800 2807 2806
f 2801 2802 2808
f 2801 2808 2807
g 바닥_13
v 1.0000 -0.0600 0.0000
v 1.0000 -0.0360 0.0000
v 1.0000 -0.0120 0.0000
v 1.0000 0.0120 0.0000
v 1.0000 0.0360 0.0000
v 1.0000 0.0600 0.0000
v 1.4000 -0.0600 0.0000
v 1.4000 -0.0360 0.0000
v 1.4000 -0.0120 0.0000
v 1.4000 0.0120 0.0000
v 1.4000 0.0360 0.0000
v 1.4000 0.0600 0.0000
v 1.8000 -0.0600 0.0000
v 1.8000 -0.0360 0.0000
v 1.8000 -0.0120 0.0000
v 1.8000 0.0120 0.0000
v 1.8000 0.0360 0.0000
v 1.8000 0.0600 0.0000
v 2.2000 -0.0600 0.0000
v 2.2000 -0.0360 0.0000
v 2.2000 -0.0120 0.0000
v 2.2000 0.0120 0.0000
v 2.2000 0.0360 0.0000
v 2.2000 0.0600 0.0000
v 2.6000 -0.0600 0.0000
v 2.6000 -0.0360 0.0000
v 2.6000 -0.0120 0.0000
v 2.6000 0.0120 0.0000
v 2.6000 0.0360 0.0000
v 2.6000 0.0600 0.0000
v 3.0000 -0.0600 0.0000
v 3.0000 -0.0360 0.0000
v 3.0000 -0.0120 0.0000
v 3.0000 0.0120 0.0000
v 3.0000 0.0360 0.0000
v 3.0000 0.0600 0.0000
v 3.0000 -0.0600 -2.0000
v 3.0000 -0.0360 -2.0000
v 3.0000 -0.0120 -2.0000
v 3.0000 0.0120 -2.0000
v 3.0000 0.0360 -2.0000
v 3.0000 0.0600 -2.0000
v 2.6000 -0.0600 -2.0000
v 2.6000 -0.0360 -2.0000
v 2.6000 -0.0120 -2.0000
v 2.6000 0.0120 -2.0000
v 2.6000 0.0360 -2.0000
v 2.6000 0.0600 -2.0000
v 2.2000 -0.0600 -2.0000
v 2.2000 -0.0360 -2.0000
v 2.2000 -0.0120 -2.0000
v 2.2000 0.0120 -2.0000
v 2.2000 0.0360 -2.0000
v 2.2000 0.0600 -2.0000
v 1.8000 -0.0600 -2.0000
v 1.8000 -0.0360 -2.0000
v 1.8000 -0.0120 -2.0000
v 1.8000 0.0120 -2.0000
v 1.8000 0.0360 -2.0000
v 1.8000 0.0600 -2.0000
v 1.4000 -0.0600 -2.0000
v 1.4000 -0.0360 -2.0000
v 1.4000 -0.0120 -2.0000
v 1.4000 0.0120 -2.0000
v 1.4000 0.0360 -2.0000
v 1.4000 0.0600 -2.0000
v 1.0000 -0.0600 -2.0000
v 1.0000 -0.0360 -2.0000
v 1.0000 -0.0120 -2.0000
v 1.0000 0.0120 -2.0000
v 1.0000 0.0360 -2.0000
v 1.0000 0.0600 -2.0000
v 1.0000 -0.0600 -2.0000
v 1.0000 -0.0360 -2.0000
v 1.0000 -0.0120 -2.0000
v 1.0000 0.0120 -2.0000
v 1.0000 0.0360 -2.0000
v 1.0000 0.0600 -2.0000
v 1.0000 -0.0600 -1.6000
v 1.0000 -0.0360 -1.6000
v 1.0000 -0.0120 -1.6000
v 1.0000 0.0120 -1.6000
v 1.0000 0.0360 -1.6000
v 1.0000 0.0600 -1.6000
v 1.0000 -0.0600 -1.2000
v 1.0000 -0.0360 -1.2000
v 1.0000 -0.0120 -1.2000
v 1.0000 0.0120 -1.2000
v 1.0000 0.0360 -1.2000
v 1.0000 0.0600 -1.2000
v 1.0000 -0.0600 -0.8000
v 1.0000 -0.0360 -0.8000
v 1.0000 -0.0120 -0.8000
v 1.0000 0.0120 -0.8000
v 1.0000 0.0360 -0.8000
v 1.0000 0.0600 -0.8000
v 1.0000 -0.0600 -0.4000
v 1.0000 -0.0360 -0.4000
v 1.0000 -0.0120 -0.4000
v 1.0000 0.0120 -0.4000
v 1.0000 0.0360 -0.4000
v 1.0000 0.0600 -0.4000
v 1.0000 -0.0600 0.0000
v 1.0000 -0.0360 0.0000
v 1.0000 -0.0120 0.0000
v 1.0000 0.0120 0.0000
v 1.0000 0.0360 0.0000
v 1.0000 0.0600 0.0000
v 3.0000 -0.0600 0.0000
v 3.0000 -0.0360 0.0000
v 3.0000 -0.0120 0.0000
v 3.0000 0.0120 0.0000
v 3.0000 0.0360 0.0000
v 3.0000 0.0600 0.0000
v 3.0000 -0.0600 -0.4000
v 3.0000 -0.0360 -0.4000
v 3.0000 -0.0120 -0.4000
v 3.0000 0.0120 -0.4000
v 3.0000 0.0360 -0.4000
v 3.0000 0.0600 -0.4000
v 3.0000 -0.0600 -0.8000
v 3.0000 -0.0360 -0.8000
v 3.0000 -0.0120 -0.8000
v 3.0000 0.0120 -0.8000
v 3.0000 0.0360 -0.8000
v 3.0000 0.0600 -0.8000
v 3.0000 -0.0600 -1.2000
v 3.0000 -0.0360 -1.2000
v 3.0000 -0.0120 -1.2000
v 3.0000 0.0120 -1.2000
v 3.0000 0.0360 -1.2000
v 3.0000 0.0600 -1.2000
v 3.0000 -0.0600 -1.6000
v 3.0000 -0.0360 -1.6000
v 3.0000 -0.0120 -1.6000
v 3.0000 0.0120 -1.6000
v 3.0000 0.0360 -1.6000
v 3.0000 0.0600 -1.6000
v 3.0000 -0.0600 -2.0000
v 3.0000 -0.0360 -2.0000
v 3.0000 -0.0120 -2.0000
v 3.0000 0.0120 -2.0000
v 3.0000 0.0360 -2.0000
v 3.0000 0.0600 -2.0000
v 1.0000 0.0600 -2.0000
v 1.0000 0.0600 -1.6000
v 1.0000 0.0600 -1.2000
v 1.0000 0.0600 -0.8000
v 1.0000 0.0600 -0.4000
v 1.0000 0.0600 0.0000
v 1.4000 0.0600 -2.0000
v 1.4000 0.0600 -1.6000
v 1.4000 0.0600 -1.2000
v 1.4000 0.0600 -0.8000
v 1.4000 0.0600 -0.4000
v 1.4000 0.0600 0.0000
v 1.8000 0.0600 -2.0000
v 1.8000 0.0600 -1.6000
v 1.8000 0.0600 -1.2000
v 1.8000 0.0600 -0.8000
v 1.8000 0.0600 -0.4000
v 1.8000 0.0600 0.0000
v 2.2000 0.0600 -2.0000
v 2.2000 0.0600 -1.6000
v 2.2000 0.0600 -1.2000
v 2.2000 0.0600 -0.8000
v 2.2000 0.0600 -0.4000
v 2.2000 0.0600 0.0000
v 2.6000 0.0600 -2.0000
v 2.6000 0.0600 -1.6000
v 2.6000 0.0600 -1.2000
v 2.6000 0.0600 -0.8000
v 2.6000 0.0600 -0.4000
v 2.6000 0.0600 0.0000
v 3.0000 0.0600 -2.0000
v 3.0000 0.0600 -1.6000
v 3.0000 0.0600 -1.2000
v 3.0000 0.0600 -0.8000
v 3.0000 0.0600 -0.4000
v 3.0000 0.0600 0.0000
v 1.0000 -0.0600 0.0000
v 1.0000 -0.0600 -0.4000
v 1.0000 -0.0600 -0.8000
v 1.0000 -0.0600 -1.2000
v 1.0000 -0.0600 -1.6000
v 1.0000 -0.0600 -2.0000
v 1.4000 -0.0600 0.0000
v 1.4000 -0.0600 -0.4000
v 1.4000 -0.0600 -0.8000
v 1.4000 -0.0600 -1.2000
v 1.4000 -0.0600 -1.6000
v 1.4000 -0.0600 -2.0000
v 1.8000 -0.0600 0.0000
v 1.8000 -0.0600 -0.4000
v 1.8000 -0.0600 -0.8000
v 1.8000 -0.0600 -1.2000
v 1.8000 -0.0600 -1.6000
v 1.8000 -0.0600 -2.0000
v 2.2000 -0.0600 0.0000
v 2.2000 -0.0600 -0.4000
v 2.2000 -0.0600 -0.8000
v 2.2000 -0.0600 -1.2000
v 2.2000 -0.0600 -1.6000
v 2.2000 -0.0600 -2.0000
v 2.6000 -0.0600 0.0000
v 2.6000 -0.0600 -0.4000
v 2.6000 -0.0600 -0.8000
v 2.6000 -0.0600 -1.2000
v 2.6000 -0.0600 -1.6000
v 2.6000 -0.0600 -2.0000
v 3.0000 -0.0600 0.0000
v 3.0000 -0.0600 -0.4000
v 3.0000 -0.0600 -0.8000
v 3.0000 -0.0600 -1.2000
v 3.0000 -0.0600 -1.6000
v 3.0000 -0.0600 -2.0000
f 2809 2810 2816
f 2809 2816 2815
f 2810 2811 2817
f 2810 2817 2816
f 2811 2812 2818
f 2811 2818 2817
f 2812 2813 2819
f 2812 2819 2818
f 2813 2814 2820
f 2813 2820 2819
f 2815 2816 2822
f 2815 2822 2821
f 2816 2817 2823
f 2816 2823 2822
f 2817 2818 2824
f 2817 2824 2823
f 2818 2819 2825
f 2818 2825 2824
f 2819 2820 2826
f 2819 2826 2825
f 2821 2822 2828
f 2821 2828 2827
f 2822 2823 2829
f 2822 2829 2828
f 2823 2824 2830
f 2823 2830 2829
f 2824 2825 2831
f 2824 2831 2830
f 2825 2826 2832
f 2825 2832 2831
f 2827 2828 2834
f 2827 2834 2833
f 2828 2829 2835
f 2828 2835 2834
f 2829 2830 2836
f 2829 2836 2835
f 2830 2831 2837
f 2830 2837 2836
f 2831 2832 2838
f 2831 2838 2837
f 2833 2834 2840
f 2833 2840 2839
f 2834 2835 2841
f 2834 2841 2840
f 2835 2836 2842
f 2835 2842 2841
f 2836 2837 2843
f 2836 2843 2842
f 2837 2838 2844
f 2837 2844 2843
f 2845 2846 2852
f 2845 2852 2851
f 2846 2847 2853
f 2846 2853 2852
f 2847 2848 2854
f 2847 2854 2853
f 2848 2849 2855
f 2848 2855 2854
f 2849 2850 2856
f 2849 2856 2855
f 2851 2852 2858
f 2851 2858 2857
f 2852 2853 2859
f 2852 2859 2858
f 2853 2854 2860
f 2853 2860 2859
f 2854 2855 2861
f 2854 2861 2860
f 2855 2856 2862
f 2855 2862 2861
f 2857 2858 2864
f 2857 2864 2863
f 2858 2859 2865
f 2858 2865 2864
f 2859 2860 2866
f 2859 2866 2865
f 2860 2861 2867
f 2860 2867 2866
f 2861 2862 2868
f 2861 2868 2867
f 2863 2864 2870
f 2863 2870 2869
f 2864 2865 2871
f 2864 2871 2870
f 2865 2866 2872
f 2865 2872 2871
f 2866 2867 2873
f 2866 2873 2872
f 2867 2868 2874
f 2867 2874 2873
f 2869 2870 2876
f 2869 2876 2875
f 2870 2871 2877
f 2870 2877 2876
f 2871 2872 2878
f 2871 2878 2877
f 2872 2873 2879
f 2872 2879 2878
f 2873 2874 2880
f 2873 2880 2879
f 2881 2882 2888
f 2881 2888 2887
f 2882 2883 2889
f 2882 2889 2888
f 2883 2884 2890
f 2883 2890 2889
f 2884 2885 2891
f 2884 2891 2890
f 2885 2886 2892
f 2885 2892 2891
f 2887 2888 2894
f 2887 2894 2893
f 2888 2889 2895
f 2888 2895 2894
f 2889 2890 2896
f 2889 2896 2895
f 2890 2891 2897
f 2890 2897 2896
f 2891 2892 2898
f 2891 2898 2897
f 2893 2894 2900
f 2893 2900 2899
f 2894 2895 2901
f 2894 2901 2900
f 2895 2896 2902
f 2895 2902 2901
f 2896 2897 2903
f 2896 2903 2902
f 2897 2898 2904
f 2897 2904 2903
f 2899 2900 2906
f 2899 2906 2905
f 2900 2901 2907
f 2900 2907 2906
f 2901 2902 2908
f 2901 2908 2907
f 2902 2903 2909
f 2902 2909 2908
f 2903 2904 2910
f 2903 2910 2909
f 2905 2906 2912
f 2905 2912 2911
f 2906 2907 2913
f 2906 2913 2912
f 2907 2908 2914
f 2907 2914 2913
f 2908 2909 2915
f 2908 2915 2914
f 2909 2910 2916
f 2909 2916 2915
f 2917 2918 2924
f 2917 2924 2923
f 2918 2919 2925
f 2918 2925 2924
f 2919 2920 2926
f 2919 2926 2925
f 2920 2921 2927
f 2920 2927 2926
f 2921 2922 2928
f 2921 2928 2927
f 2923 2924 2930
f 2923 2930 2929
f 2924 2925 2931
f 2924 2931 2930
f 2925 2926 2932
f 2925 2932 2931
f 2926 2927 2933
f 2926 2933 2932
f 2927 2928 2934
f 2927 2934 2933
f 2929 2930 2936
f 2929 2936 2935
f 2930 2931 2937
f 2930 2937 2936
f 2931 2932 2938
f 2931 2938 2937
f 2932 2933 2939
f 2932 2939 2938
f 2933 2934 2940
f 2933 2940 2939
f 2935 2936 2942
f 2935 2942 2941
f 2936 2937 2943
f 2936 2943 2942
f 2937 2938 2944
f 2937 2944 2943
f 2938 2939 2945
f 2938 2945 2944
f 2939 2940 2946
f 2939 2946 2945
f 2941 2942 2948
f 2941 2948 2947
f 2942 2943 2949
f 2942 2949 2948
f 2943 2944 2950
f 2943 2950 2949
f 2944 2945 2951
f 2944 2951 2950
f 2945 2946 2952
f 2945 2952 2951
f 2953 2954 2960
f 2953 2960 2959
f 2954 2955 2961
f 2954 2961 2960
f 2955 2956 2962
f 2955 2962 2961
f 2956 2957 2963
f 2956 2963 2962
f 2957 2958 2964
f 2957 2964 2963
f 2959 2960 2966
f 2959 2966 2965
f 2960 2961 2967
f 2960 2967 2966
f 2961 2962 2968
f 2961 2968 2967
f 2962 2963 2969
f 2962 2969 2968
f 2963 2964 2970
f 2963 2970 2969
f 2965 2966 2972
f 2965 2972 2971
f 2966 2967 2973
f 2966 2973 2972
f 2967 2968 2974
f 2967 2974 2973
f 2968 2969 2975
f 2968 2975 2974
f 2969 2970 2976
f 2969 2976 2975
f 2971 2972 2978
f 2971 2978 2977
f 2972 2973 2979
f 2972 2979 2978
f 2973 2974 2980
f 2973 2980 2979
f 2974 2975 2981
f 2974 2981 2980
f 2975 2976 2982
f 2975 2982 2981
f 2977 2978 2984
f 2977 2984 2983
f 2978 2979 2985
f 2978 2985 2984
f 2979 2980 2986
f 2979 2986 2985
f 2980 2981 2987
f 2980 2987 2986
f 2981 2982 2988
f 2981 2988 2987
f 2989 2990 2996
f 2989 2996 2995
f 2990 2991 2997
f 2990 2997 2996
f 2991 2992 2998
f 2991 2998 2997
f 2992 2993 2999
f 2992 2999 2998
f 2993 2994 3000
f 2993 3000 2999
f 2995 2996 3002
f 2995 3002 3001
f 2996 2997 3003
f 2996 3003 3002
f 2997 2998 3004
f 2997 3004 3003
f 2998 2999 3005
f 2998 3005 3004
f 2999 3000 3006
f 2999 3006 3005
f 3001 3002 3008
f 3001 3008 3007
f 3002 3003 3009
f 3002 3009 3008
f 3003 3004 3010
f 3003 3010 3009
f 3004 3005 3011
f 3004 3011 3010
f 3005 3006 3012
f 3005 3012 3011
f 3007 3008 3014
f 3007 3014 3013
f 3008 3009 3015
f 3008 3015 3014
f 3009 3010 3016
f 3009 3016 3015
f 3010 3011 3017
f 3010 3017 3016
f 3011 3012 3018
f 3011 3018 3017
f 3013 3014 3020
f 3013 3020 3019
f 3014 3015 3021
f 3014 3021 3020
f 3015 3016 3022
f 3015 3022 3021
f 3016 3017 3023
f 3016 3023 3022
f 3017 3018 3024
f 3017 3024 3023
g 바닥_14
v 1.0000 -0.0600 2.0000
v 1.0000 -0.0360 2.0000
v 1.0000 -0.0120 2.0000
v 1.0000 0.0120 2.0000
v 1.0000 0.0360 2.0000
v 1.0000 0.0600 2.0000
v 1.4000 -0.0600 2.0000
v 1.4000 -0.0360 2.0000
v 1.4000 -0.0120 2.0000
v 1.4000 0.0120 2.0000
v 1.4000 0.0360 2.0000
v 1.4000 0.0600 2.0000
v 1.8000 -0.0600 2.0000
v 1.8000 -0.0360 2.0000
v 1.8000 -0.0120 2.0000
v 1.8000 0.0120 2.0000
v 1.8000 0.0360 2.0000
v 1.8000 0.0600 2.0000
v 2.2000 -0.0600 2.0000
v 2.2000 -0.0360 2.0000
v 2.2000 -0.0120 2.0000
v 2.2000 0.0120 2.0000
v 2.2000 0.0360 2.0000
v 2.2000 0.0600 2.0000
v 2.6000 -0.0600 2.0000
v 2.6000 -0.0360 2.0000
v 2.6000 -0.0120 2.0000
v 2.6000 0.0120 2.0000
v 2.6000 0.0360 2.0000
v 2.6000 0.0600 2.0000
v 3.0000 -0.0600 2.0000
v 3.0000 -0.0360 2.0000
v 3.0000 -0.0120 2.0000
v 3.0000 0.0120 2.0000
v 3.0000 0.0360 2.0000
v 3.0000 0.0600 2.0000
v 3.0000 -0.0600 0.0000
v 3.0000 -0.0360 0.0000
v 3.0000 -0.0120 0.0000
v 3.0000 0.0120 0.0000
v 3.0000 0.0360 0.0000
v 3.0000 0.0600 0.0000
v 2.6000 -0.0600 0.0000
v 2.6000 -0.0360 0.0000
v 2.6000 -0.0120 0.0000
v 2.6000 0.0120 0.0000
v 2.6000 0.0360 0.0000
v 2.6000 0.0600 0.0000
v 2.2000 -0.0600 0.0000
v 2.2000 -0.0360 0.0000
v 2.2000 -0.0120 0.0000
v 2.2000 0.0120 0.0000
v 2.2000 0.0360 0.0000
v 2.2000 0.0600 0.0000
v 1.8000 -0.0600 0.0000
v 1.8000 -0.0360 0.0000
v 1.8000 -0.0120 0.0000
v 1.8000 0.0120 0.0000
v 1.8000 0.0360 0.0000
v 1.8000 0.0600 0.0000
v 1.4000 -0.0600 0.0000
v 1.4000 -0.0360 0.0000
v 1.4000 -0.0120 0.0000
v 1.4000 0.0120 0.0000
v 1.4000 0.0360 0.0000
v 1.4000 0.0600 0.0000
v 1.0000 -0.0600 0.0000
v 1.0000 -0.0360 0.0000
v 1.0000 -0.0120 0.0000
v 1.0000 0.0120 0.0000
v 1.0000 0.0360 0.0000
v 1.0000 0.0600 0.0000
v 1.0000 -0.0600 0.0000
v 1.0000 -0.0360 0.0000
v 1.0000 -0.0120 0.0000
v 1.0000 0.0120 0.0000
v 1.0000 0.0360 0.0000
v 1.0000 0.0600 0.0000
v 1.0000 -0.0600 0.4000
v 1.0000 -0.0360 0.4000
v 1.0000 -0.0120 0.4000
v 1.0000 0.0120 0.4000
v 1.0000 0.0360 0.4000
v 1.0000 0.0600 0.4000
v 1.0000 -0.0600 0.8000
v 1.0000 -0.0360 0.8000
v 1.0000 -0.0120 0.8000
v 1.0000 0.0120 0.8000
v 1.0000 0.0360 0.8000
v 1.0000 0.0600 0.8000
v 1.0000 -0.0600 1.2000
v 1.0000 -0.0360 1.2000
v 1.0000 -0.0120 1.2000
v 1.0000 0.0120 1.2000
v 1.0000 0.0360 1.2000
v 1.0000 0.0600 1.2000
v 1.0000 -0.0600 1.6000
v 1.0000 -0.0360 1.6000
v 1.0000 -0.0120 1.6000
v 1.0000 0.0120 1.6000
v 1.0000 0.0360 1.6000
v 1.0000 0.0600 1.6000
v 1.0000 -0.0600 2.0000
v 1.0000 -0.0360 2.0000
v 1.0000 -0.0120 2.0000
v 1.0000 0.0120 2.0000
v 1.0000 0.0360 2.0000
v 1.0000 0.0600 2.0000
v 3.0000 -0.0600 2.0000
v 3.0000 -0.0360 2.0000
v 3.0000 -0.0120 2.0000
v 3.0000 0.0120 2.0000
v 3.0000 0.0360 2.0000
v 3.0000 0.0600 2.0000
v 3.0000 -0.0600 1.6000
v 3.0000 -0.0360 1.6000
v 3.0000 -0.0120 1.6000
v 3.0000 0.0120 1.6000
v 3.0000 0.0360 1.6000
v 3.0000 0.0600 1.6000
v 3.0000 -0.0600 1.2000
v 3.0000 -0.0360 1.2000
v 3.0000 -0.0120 1.2000
v 3.0000 0.0120 1.2000
v 3.0000 0.0360 1.2000
v 3.0000 0.0600 1.2000
v 3.0000 -0.0600 0.8000
v 3.0000 -0.0360 0.8000
v 3.0000 -0.0120 0.8000
v 3.0000 0.0120 0.8000
v 3.0000 0.0360 0.8000
v 3.0000 0.0600 0.8000
v 3.0000 -0.0600 0.4000
v 3.0000 -0.0360 0.4000
v 3.0000 -0.0120 0.4000
v 3.0000 0.0120 0.4000
v 3.0000 0.0360 0.4000
v 3.0000 0.0600 0.4000
v 3.0000 -0.0600 0.0000
v 3.0000 -0.0360 0.0000
v 3.0000 -0.0120 0.0000
v 3.0000 0.0120 0.0000
v 3.0000 0.0360 0.0000
v 3.0000 0.0600 0.0000
v 1.0000 0.0600 0.0000
v 1.0000 0.0600 0.4000
v 1.0000 0.0600 0.8000
v 1.0000 0.0600 1.2000
v 1.0000 0.0600 1.6000
v 1.0000 0.0600 2.0000
v 1.4000 0.0600 0.0000
v 1.4000 0.0600 0.4000
v 1.4000 0.0600 0.8000
v 1.4000 0.0600 1.2000
v 1.4000 0.0600 1.6000
v 1.4000 0.0600 2.0000
v 1.8000 0.0600 0.0000
v 1.8000 0.0600 0.4000
v 1.8000 0.0600 0.8000
v 1.8000 0.0600 1.2000
v 1.8000 0.0600 1.6000
v 1.8000 0.0600 2.0000
v 2.2000 0.0600 0.0000
v 2.2000 0.0600 0.4000
v 2.2000 0.0600 0.8000
v 2.2000 0.0600 1.2000
v 2.2000 0.0600 1.6000
v 2.2000 0.0600 2.0000
v 2.6000 0.0600 0.0000
v 2.6000 0.0600 0.4000
v 2.6000 0.0600 0.8000
v 2.6000 0.0600 1.2000
v 2.6000 0.0600 1.6000
v 2.6000 0.0600 2.0000
v 3.0000 0.0600 0.0000
v 3.0000 0.0600 0.4000
v 3.0000 0.0600 0.8000
v 3.0000 0.0600 1.2000
v 3.0000 0.0600 1.6000
v 3.0000 0.0600 2.0000
v 1.0000 -0.0600 2.0000
v 1.0000 -0.0600 1.6000
v 1.0000 -0.0600 1.2000
v 1.0000 -0.0600 0.8000
v 1.0000 -0.0600 0.4000
v 1.0000 -0.0600 0.0000
v 1.4000 -0.0600 2.0000
v 1.4000 -0.0600 1.6000
v 1.4000 -0.0600 1.2000
v 1.4000 -0.0600 0.8000
v 1.4000 -0.0600 0.4000
v 1.4000 -0.0600 0.0000
v 1.8000 -0.0600 2.0000
v 1.8000 -0.0600 1.6000
v 1.8000 -0.0600 1.2000
v 1.8000 -0.0600 0.8000
v 1.8000 -0.0600 0.4000
v 1.8000 -0.0600 0.0000
v 2.2000 -0.0600 2.0000
v 2.2000 -0.0600 1.6000
v 2.2000 -0.0600 1.2000
v 2.2000 -0.0600 0.8000
v 2.2000 -0.0600 0.4000
v 2.2000 -0.0600 0.0000
v 2.6000 -0.0600 2.0000
v 2.6000 -0.0600 1.6000
v 2.6000 -0.0600 1.2000
v 2.6000 -0.0600 0.8000
v 2.6000 -0.0600 0.4000
v 2.6000 -0.0600 0.0000
v 3.0000 -0.0600 2.0000
v 3.0000 -0.0600 1.6000
v 3.0000 -0.0600 1.2000
v 3.0000 -0.0600 0.8000
v 3.0000 -0.0600 0.4000
v 3.0000 -0.0600 0.0000
f 3025 3026 3032
f 3025 3032 3031
f 3026 3027 3033
f 3026 3033 3032
f 3027 3028 3034
f 3027 3034 3033
f 3028 3029 3035
f 3028 3035 3034
f 3029 3030 3036
f 3029 3036 3035
f 3031 3032 3038
f 3031 3038 3037
f 3032 3033 3039
f 3032 3039 3038
f 3033 3034 3040
f 3033 3040 3039
f 3034 3035 3041
f 3034 3041 3040
f 3035 3036 3042
f 3035 3042 3041
f 3037 3038 3044
f 3037 3044 3043
f 3038 3039 3045
f 3038 3045 3044
f 3039 3040 3046
f 3039 3046 3045
f 3040 3041 3047
f 3040 3047 3046
f 3041 3042 3048
f 3041 3048 3047
f 3043 3044 3050
f 3043 3050 3049
f 3044 3045 3051
f 3044 3051 3050
f 3045 3046 3052
f 3045 3052 3051
f 3046 3047 3053
f 3046 3053 3052
f 3047 3048 3054
f 3047 3054 3053
f 3049 3050 3056
f 3049 3056 3055
f 3050 3051 3057
f 3050 3057 3056
f 3051 3052 3058
f 3051 3058 3057
f 3052 3053 3059
f 3052 3059 3058
f 3053 3054 3060
f 3053 3060 3059
f 3061 3062 3068
f 3061 3068 3067
f 3062 3063 3069
f 3062 3069 3068
f 3063 3064 3070
f 3063 3070 3069
f 3064 3065 3071
f 3064 3071 3070
f 3065 3066 3072
f 3065 3072 3071
f 3067 3068 3074
f 3067 3074 3073
f 3068 3069 3075
f 3068 3075 3074
f 3069 3070 3076
f 3069 3076 3075
f 3070 3071 3077
f 3070 3077 3076
f 3071 3072 3078
f 3071 3078 3077
f 3073 3074 3080
f 3073 3080 3079
f 3074 3075 3081
f 3074 3081 3080
f 3075 3076 3082
f 3075 3082 3081
f 3076 3077 3083
f 3076 3083 3082
f 3077 3078 3084
f 3077 3084 3083
f 3079 3080 3086
f 3079 3086 3085
f 3080 3081 3087
f 3080 3087 3086
f 3081 3082 3088
f 3081 3088 3087
f 3082 3083 3089
f 3082 3089 3088
f 3083 3084 3090
f 3083 3090 3089
f 3085 3086 3092
f 3085 3092 3091
f 3086 3087 3093
f 3086 3093 3092
f 3087 3088 3094
f 3087 3094 3093
f 3088 3089 3095
f 3088 3095 3094
f 3089 3090 3096
f 3089 3096 3095
f 3097 3098 3104
f 3097 3104 3103
f 3098 3099 3105
f 3098 3105 3104
f 3099 3100 3106
f 3099 3106 3105
f 3100 3101 3107
f 3100 3107 3106
f 3101 3102 3108
f 3101 3108 3107
f 3103 3104 3110
f 3103 3110 3109
f 3104 3105 3111
f 3104 3111 3110
f 3105 3106 3112
f 3105 3112 3111
f 3106 3107 3113
f 3106 3113 3112
f 3107 3108 3114
f 3107 3114 3113
f 3109 3110 3116
f 3109 3116 3115
f 3110 3111 3117
f 3110 3117 3116
f 3111 3112 3118
f 3111 3118 3117
f 3112 3113 3119
f 3112 3119 3118
f 3113 3114 3120
f 3113 3120 3119
f 3115 3116 3122
f 3115 3122 3121
f 3116 3117 3123
f 3116 3123 3122
f 3117 3118 3124
f 3117 3124 3123
f 3118 3119 3125
f 3118 3125 3124
f 3119 3120 3126
f 3119 3126 3125
f 3121 3122 3128
f 3121 3128 3127
f 3122 3123 3129
f 3122 3129 3128
f 3123 3124 3130
f 3123 3130 3129
f 3124 3125 3131
f 3124 3131 3130
f 3125 3126 3132
f 3125 3132 3131
f 3133 3134 3140
f 3133 3140 3139
f 3134 3135 3141
f 3134 3141 3140
f 3135 3136 3142
f 3135 3142 3141
f 3136 3137 3143
f 3136 3143 3142
f 3137 3138 3144
f 3137 3144 3143
f 3139 3140 3146
f 3139 3146 3145
f 3140 3141 3147
f 3140 3147 3146
f 3141 3142 3148
f 3141 3148 3147
f 3142 3143 3149
f 3142 3149 3148
f 3143 3144 3150
f 3143 3150 3149
f 3145 3146 3152
f 3145 3152 3151
f 3146 3147 3153
f 3146 3153 3152
f 3147 3148 3154
f 3147 3154 3153
f 3148 3149 3155
f 3148 3155 3154
f 3149 3150 3156
f 3149 3156 3155
f 3151 3152 3158
f 3151 3158 3157
f 3152 3153 3159
f 3152 3159 3158
f 3153 3154 3160
f 3153 3160 3159
f 3154 3155 3161
f 3154 3161 3160
f 3155 3156 3162
f 3155 3162 3161
f 3157 3158 3164
f 3157 3164 3163
f 3158 3159 3165
f 3158 3165 3164
f 3159 3160 3166
f 3159 3166 3165
f 3160 3161 3167
f 3160 3167 3166
f 3161 3162 3168
f 3161 3168 3167
f 3169 3170 3176
f 3169 3176 3175
f 3170 3171 3177
f 3170 3177 3176
f 3171 3172 3178
f 3171 3178 3177
f 3172 3173 3179
f 3172 3179 3178
f 3173 3174 3180
f 3173 3180 3179
f 3175 3176 3182
f 3175 3182 3181
f 3176 3177 3183
f 3176 3183 3182
f 3177 3178 3184
f 3177 3184 3183
f 3178 3179 3185
f 3178 3185 3184
f 3179 3180 3186
f 3179 3186 3185
f 3181 3182 3188
f 3181 3188 3187
f 3182 3183 3189
f 3182 3189 3188
f 3183 3184 3190
f 3183 3190 3189
f 3184 3185 3191
f 3184 3191 3190
f 3185 3186 3192
f 3185 3192 3191
f 3187 3188 3194
f 3187 3194 3193
f 3188 3189 3195
f 3188 3195 3194
f 3189 3190 3196
f 3189 3196 3195
f 3190 3191 3197
f 3190 3197 3196
f 3191 3192 3198
f 3191 3198 3197
f 3193 3194 3200
f 3193 3200 3199
f 3194 3195 3201
f 3194 3201 3200
f 3195 3196 3202
f 3195 3202 3201
f 3196 3197 3203
f 3196 3203 3202
f 3197 3198 3204
f 3197 3204 3203
f 3205 3206 3212
f 3205 3212 3211
f 3206 3207 3213
f 3206 3213 3212
f 3207 3208 3214
f 3207 3214 3213
f 3208 3209 3215
f 3208 3215 3214
f 3209 3210 3216
f 3209 3216 3215
f 3211 3212 3218
f 3211 3218 3217
f 3212 3213 3219
f 3212 3219 3218
f 3213 3214 3220
f 3213 3220 3219
f 3214 3215 3221
f 3214 3221 3220
f 3215 3216 3222
f 3215 3222 3221
f 3217 3218 3224
f 3217 3224 3223
f 3218 3219 3225
f 3218 3225 3224
f 3219 3220 3226
f 3219 3226 3225
f 3220 3221 3227
f 3220 3227 3226
f 3221 3222 3228
f 3221 3228 3227
f 3223 3224 3230
f 3223 3230 3229
f 3224 3225 3231
f 3224 3231 3230
f 3225 3226 3232
f 3225 3232 3231
f 3226 3227 3233
f 3226 3233 3232
f 3227 3228 3234
f 3227 3234 3233
f 3229 3230 3236
f 3229 3236 3235
f 3230 3231 3237
f 3230 3237 3236
f 3231 3232 3238
f 3231 3238 3237
f 3232 3233 3239
f 3232 3239 3238
f 3233 3234 3240
f 3233 3240 3239
g 바닥_15
v 1.0000 -0.0600 4.0000
v 1.0000 -0.0360 4.0000
v 1.0000 -0.0120 4.0000
v 1.0000 0.0120 4.0000
v 1.0000 0.0360 4.0000
v 1.0000 0.0600 4.0000
v 1.4000 -0.0600 4.0000
v 1.4000 -0.0360 4.0000
v 1.4000 -0.0120 4.0000
v 1.4000 0.0120 4.0000
v 1.4000 0.0360 4.0000
v 1.4000 0.0600 4.0000
v 1.8000 -0.0600 4.0000
v 1.8000 -0.0360 4.0000
v 1.8000 -0.0120 4.0000
v 1.8000 0.0120 4.0000
v 1.8000 0.0360 4.0000
v 1.8000 0.0600 4.0000
v 2.2000 -0.0600 4.0000
v 2.2000 -0.0360 4.0000
v 2.2000 -0.0120 4.0000
v 2.2000 0.0120 4.0000
v 2.2000 0.0360 4.0000
v 2.2000 0.0600 4.0000
v 2.6000 -0.0600 4.0000
v 2.6000 -0.0360 4.0000
v 2.6000 -0.0120 4.0000
v 2.6000 0.0120 4.0000
v 2.6000 0.0360 4.0000
v 2.6000 0.0600 4.0000
v 3.0000 -0.0600 4.0000
v 3.0000 -0.0360 4.0000
v 3.0000 -0.0120 4.0000
v 3.0000 0.0120 4.0000
v 3.0000 0.0360 4.0000
v 3.0000 0.0600 4.0000
v 3.0000 -0.0600 2.0000
v 3.0000 -0.0360 2.0000
v 3.0000 -0.0120 2.0000
v 3.0000 0.0120 2.0000
v 3.0000 0.0360 2.0000
v 3.0000 0.0600 2.0000
v 2.6000 -0.0600 2.0000
v 2.6000 -0.0360 2.0000
v 2.6000 -0.0120 2.0000
v 2.6000 0.0120 2.0000
v 2.6000 0.0360 2.0000
v 2.6000 0.0600 2.0000
v 2.2000 -0.0600 2.0000
v 2.2000 -0.0360 2.0000
v 2.2000 -0.0120 2.0000
v 2.2000 0.0120 2.0000
v 2.2000 0.0360 2.0000
v 2.2000 0.0600 2.0000
v 1.8000 -0.0600 2.0000
v 1.8000 -0.0360 2.0000
v 1.8000 -0.0120 2.0000
v 1.8000 0.0120 2.0000
v 1.8000 0.0360 2.0000
v 1.8000 0.0600 2.0000
v 1.4000 -0.0600 2.0000
v 1.4000 -0.0360 2.0000
v 1.4000 -0.0120 2.0000
v 1.4000 0.0120 2.0000
v 1.4000 0.0360 2.0000
v 1.4000 0.0600 2.0000
v 1.0000 -0.0600 2.0000
v 1.0000 -0.0360 2.0000
v 1.0000 -0.0120 2.0000
v 1.0000 0.0120 2.0000
v 1.0000 0.0360 2.0000
v 1.0000 0.0600 2.0000
v 1.0000 -0.0600 2.0000
v 1.0000 -0.0360 2.0000
v 1.0000 -0.0120 2.0000
v 1.0000 0.0120 2.0000
v 1.0000 0.0360 2.0000
v 1.0000 0.0600 2.0000
v 1.0000 -0.0600 2.4000
v 1.0000 -0.0360 2.4000
v 1.0000 -0.0120 2.4000
v 1.0000 0.0120 2.4000
v 1.0000 0.0360 2.4000
v 1.0000 0.0600 2.4000
v 1.0000 -0.0600 2.8000
v 1.0000 -0.0360 2.8000
v 1.0000 -0.0120 2.8000
v 1.0000 0.0120 2.8000
v 1.0000 0.0360 2.8000
v 1.0000 0.0600 2.8000
v 1.0000 -0.0600 3.2000
v 1.0000 -0.0360 3.2000
v 1.0000 -0.0120 3.2000
v 1.0000 0.0120 3.2000
v 1.0000 0.0360 3.2000
v 1.0000 0.0600 3.2000
v 1.0000 -0.0600 3.6000
v 1.0000 -0.0360 3.6000
v 1.0000 -0.0120 3.6000
v 1.0000 0.0120 3.6000
v 1.0000 0.0360 3.6000
v 1.0000 0.0600 3.6000
v 1.0000 -0.0600 4.0000
v 1.0000 -0.0360 4.0000
v 1.0000 -0.0120 4.0000
v 1.0000 0.0120 4.0000
v 1.0000 0.0360 4.0000
v 1.0000 0.0600 4.0000
v 3.0000 -0.0600 4.0000
v 3.0000 -0.0360 4.0000
v 3.0000 -0.0120 4.0000
v 3.0000 0.0120 4.0000
v 3.0000 0.0360 4.0000
v 3.0000 0.0600 4.0000
v 3.0000 -0.0600 3.6000
v 3.0000 -0.0360 3.6000
v 3.0000 -0.0120 3.6000
v 3.0000 0.0120 3.6000
v 3.0000 0.0360 3.6000
v 3.0000 0.0600 3.6000
v 3.0000 -0.0600 3.2000
v 3.0000 -0.0360 3.2000
v 3.0000 -0.0120 3.2000
v 3.0000 0.0120 3.2000
v 3.0000 0.0360 3.2000
v 3.0000 0.0600 3.2000
v 3.0000 -0.0600 2.8000
v 3.0000 -0.0360 2.8000
v 3.0000 -0.0120 2.8000
v 3.0000 0.0120 2.8000
v 3.0000 0.0360 2.8000
v 3.0000 0.0600 2.8000
v 3.0000 -0.0600 2.4000
v 3.0000 -0.0360 2.4000
v 3.0000 -0.0120 2.4000
v 3.0000 0.0120 2.4000
v 3.0000 0.0360 2.4000
v 3.0000 0.0600 2.4000
v 3.0000 -0.0600 2.0000
v 3.0000 -0.0360 2.0000
v 3.0000 -0.0120 2.0000
v 3.0000 0.0120 2.0000
v 3.0000 0.0360 2.0000
v 3.0000 0.0600 2.0000
v 1.0000 0.0600 2.0000
v 1.0000 0.0600 2.4000
v 1.0000 0.0600 2.8000
v 1.0000 0.0600 3.2000
v 1.0000 0.0600 3.6000
v 1.0000 0.0600 4.0000
v 1.4000 0.0600 2.0000
v 1.4000 0.0600 2.4000
v 1.4000 0.0600 2.8000
v 1.4000 0.0600 3.2000
v 1.4000 0.0600 3.6000
v 1.4000 0.0600 4.0000
v 1.8000 0.0600 2.0000
v 1.8000 0.0600 2.4000
v 1.8000 0.0600 2.8000
v 1.8000 0.0600 3.2000
v 1.8000 0.0600 3.6000
v 1.8000 0.0600 4.0000
v 2.2000 0.0600 2.0000
v 2.2000 0.0600 2.4000
v 2.2000 0.0600 2.8000
v 2.2000 0.0600 3.2000
v 2.2000 0.0600 3.6000
v 2.2000 0.0600 4.0000
v 2.6000 0.0600 2.0000
v 2.6000 0.0600 2.4000
v 2.6000 0.0600 2.8000
v 2.6000 0.0600 3.2000
v 2.6000 0.0600 3.6000
v 2.6000 0.0600 4.0000
v 3.0000 0.0600 2.0000
v 3.0000 0.0600 2.4000
v 3.0000 0.0600 2.8000
v 3.0000 0.0600 3.2000
v 3.0000 0.0600 3.6000
v 3.0000 0.0600 4.0000
v 1.0000 -0.0600 4.0000
v 1.0000 -0.0600 3.6000
v 1.0000 -0.0600 3.2000
v 1.0000 -0.0600 2.8000
v 1.0000 -0.0600 2.4000
v 1.0000 -0.0600 2.0000
v 1.4000 -0.0600 4.0000
v 1.4000 -0.0600 3.6000
v 1.4000 -0.0600 3.2000
v 1.4000 -0.0600 2.8000
v 1.4000 -0.0600 2.4000
v 1.4000 -0.0600 2.0000
v 1.8000 -0.0600 4.0000
v 1.8000 -0.0600 3.6000
v 1.8000 -0.0600 3.2000
v 1.8000 -0.0600 2.8000
v 1.8000 -0.0600 2.4000
v 1.8000 -0.0600 2.0000
v 2.2000 -0.0600 4.0000
v 2.2000 -0.0600 3.6000
v 2.2000 -0.0600 3.2000
v 2.2000 -0.0600 2.8000
v 2.2000 -0.0600 2.4000
v 2.2000 -0.0600 2.0000
v 2.6000 -0.0600 4.0000
v 2.6000 -0.0600 3.6000
v 2.6000 -0.0600 3.2000
v 2.6000 -0.0600 2.8000
v 2.6000 -0.0600 2.4000
v 2.6000 -0.0600 2.0000
v 3.0000 -0.0600 4.0000
v 3.0000 -0.0600 3.6000
v 3.0000 -0.0600 3.2000
v 3.0000 -0.0600 2.8000
v 3.0000 -0.0600 2.4000
v 3.0000 -0.0600 2.0000
f 3241 3242 3248
f 3241 3248 3247
f 3242 3243 3249
f 3242 3249 3248
f 3243 3244 3250
f 3243 3250 3249
f 3244 3245 3251
f 3244 3251 3250
f 3245 3246 3252
f 3245 3252 3251
f 3247 3248 3254
f 3247 3254 3253
f 3248 3249 3255
f 3248 3255 3254
f 3249 3250 3256
f 3249 3256 3255
f 3250 3251 3257
f 3250 3257 3256
f 3251 3252 3258
f 3251 3258 3257
f 3253 3254 3260
f 3253 3260 3259
f 3254 3255 3261
f 3254 3261 3260
f 3255 3256 3262
f 3255 3262 3261
f 3256 3257 3263
f 3256 3263 3262
f 3257 3258 3264
f 3257 3264 3263
f 3259 3260 3266
f 3259 3266 3265
f 3260 3261 3267
f 3260 3267 3266
f 3261 3262 3268
f 3261 3268 3267
f 3262 3263 3269
f 3262 3269 3268
f 3263 3264 3270
f 3263 3270 3269
f 3265 3266 3272
f 3265 3272 3271
f 3266 3267 3273
f 3266 3273 3272
f 3267 3268 3274
f 3267 3274 3273
f 3268 3269 3275
f 3268 3275 3274
f 3269 3270 3276
f 3269 3276 3275
f 3277 3278 3284
f 3277 3284 3283
f 3278 3279 3285
f 3278 3285 3284
f 3279 3280 3286
f 3279 3286 3285
f 3280 3281 3287
f 3280 3287 3286
f 3281 3282 3288
f 3281 3288 3287
f 3283 3284 3290
f 3283 3290 3289
f 3284 3285 3291
f 3284 3291 3290
f 3285 3286 3292
f 3285 3292 3291
f 3286 3287 3293
f 3286 3293 3292
f 3287 3288 3294
f 3287 3294 3293
f 3289 3290 3296
f 3289 3296 3295
f 3290 3291 3297
f 3290 3297 3296
f 3291 3292 3298
f 3291 3298 3297
f 3292 3293 3299
f 3292 3299 3298
f 3293 3294 3300
f 3293 3300 3299
f 3295 3296 3302
f 3295 3302 3301
f 3296 3297 3303
f 3296 3303 3302
f 3297 3298 3304
f 3297 3304 3303
f 3298 3299 3305
f 3298 3305 3304
f 3299 3300 3306
f 3299 3306 3305
f 3301 3302 3308
f 3301 3308 3307
f 3302 3303 3309
f 3302 3309 3308
f 3303 3304 3310
f 3303 3310 3309
f 3304 3305 3311
f 3304 3311 3310
f 3305 3306 3312
f 3305 3312 3311
f 3313 3314 3320
f 3313 3320 3319
f 3314 3315 3321
f 3314 3321 3320
f 3315 3316 3322
f 3315 3322 3321
f 3316 3317 3323
f 3316 3323 3322
f 3317 3318 3324
f 3317 3324 3323
f 3319 3320 3326
f 3319 3326 3325
f 3320 3321 3327
f 3320 3327 3326
f 3321 3322 3328
f 3321 3328 3327
f 3322 3323 3329
f 3322 3329 3328
f 3323 3324 3330
f 3323 3330 3329
f 3325 3326 3332
f 3325 3332 3331
f 3326 3327 3333
f 3326 3333 3332
f 3327 3328 3334
f 3327 3334 3333
f 3328 3329 3335
f 3328 3335 3334
f 3329 3330 3336
f 3329 3336 3335
f 3331 3332 3338
f 3331 3338 3337
f 3332 3333 3339
f 3332 3339 3338
f 3333 3334 3340
f 3333 3340 3339
f 3334 3335 3341
f 3334 3341 3340
f 3335 3336 3342
f 3335 3342 3341
f 3337 3338 3344
f 3337 3344 3343
f 3338 3339 3345
f 3338 3345 3344
f 3339 3340 3346
f 3339 3346 3345
f 3340 3341 3347
f 3340 3347 3346
f 3341 3342 3348
f 3341 3348 3347
f 3349 3350 3356
f 3349 3356 3355
f 3350 3351 3357
f 3350 3357 3356
f 3351 3352 3358
f 3351 3358 3357
f 3352 3353 3359
f 3352 3359 3358
f 3353 3354 3360
f 3353 3360 3359
f 3355 3356 3362
f 3355 3362 3361
f 3356 3357 3363
f 3356 3363 3362
f 3357 3358 3364
f 3357 3364 3363
f 3358 3359 3365
f 3358 3365 3364
f 3359 3360 3366
f 3359 3366 3365
f 3361 3362 3368
f 3361 3368 3367
f 3362 3363 3369
f 3362 3369 3368
f 3363 3364 3370
f 3363 3370 3369
f 3364 3365 3371
f 3364 3371 3370
f 3365 3366 3372
f 3365 3372 3371
f 3367 3368 3374
f 3367 3374 3373
f 3368 3369 3375
f 3368 3375 3374
f 3369 3370 3376
f 3369 3376 3375
f 3370 3371 3377
f 3370 3377 3376
f 3371 3372 3378
f 3371 3378 3377
f 3373 3374 3380
f 3373 3380 3379
f 3374 3375 3381
f 3374 3381 3380
f 3375 3376 3382
f 3375 3382 3381
f 3376 3377 3383
f 3376 3383 3382
f 3377 3378 3384
f 3377 3384 3383
f 3385 3386 3392
f 3385 3392 3391
f 3386 3387 3393
f 3386 3393 3392
f 3387 3388 3394
f 3387 3394 3393
f 3388 3389 3395
f 3388 3395 3394
f 3389 3390 3396
f 3389 3396 3395
f 3391 3392 3398
f 3391 3398 3397
f 3392 3393 3399
f 3392 3399 3398
f 3393 3394 3400
f 3393 3400 3399
f 3394 3395 3401
f 3394 3401 3400
f 3395 3396 3402
f 3395 3402 3401
f 3397 3398 3404
f 3397 3404 3403
f 3398 3399 3405
f 3398 3405 3404
f 3399 3400 3406
f 3399 3406 3405
f 3400 3401 3407
f 3400 3407 3406
f 3401 3402 3408
f 3401 3408 3407
f 3403 3404 3410
f 3403 3410 3409
f 3404 3405 3411
f 3404 3411 3410
f 3405 3406 3412
f 3405 3412 3411
f 3406 3407 3413
f 3406 3413 3412
f 3407 3408 3414
f 3407 3414 3413
f 3409 3410 3416
f 3409 3416 3415
f 3410 3411 3417
f 3410 3417 3416
f 3411 3412 3418
f 3411 3418 3417
f 3412 3413 3419
f 3412 3419 3418
f 3413 3414 3420
f 3413 3420 3419
f 3421 3422 3428
f 3421 3428 3427
f 3422 3423 3429
f 3422 3429 3428
f 3423 3424 3430
f 3423 3430 3429
f 3424 3425 3431
f 3424 3431 3430
f 3425 3426 3432
f 3425 3432 3431
f 3427 3428 3434
f 3427 3434 3433
f 3428 3429 3435
f 3428 3435 3434
f 3429 3430 3436
f 3429 3436 3435
f 3430 3431 3437
f 3430 3437 3436
f 3431 3432 3438
f 3431 3438 3437
f 3433 3434 3440
f 3433 3440 3439
f 3434 3435 3441
f 3434 3441 3440
f 3435 3436 3442
f 3435 3442 3441
f 3436 3437 3443
f 3436 3443 3442
f 3437 3438 3444
f 3437 3444 3443
f 3439 3440 3446
f 3439 3446 3445
f 3440 3441 3447
f 3440 3447 3446
f 3441 3442 3448
f 3441 3448 3447
f 3442 3443 3449
f 3442 3449 3448
f 3443 3444 3450
f 3443 3450 3449
f 3445 3446 3452
f 3445 3452 3451
f 3446 3447 3453
f 3446 3453 3452
f 3447 3448 3454
f 3447 3454 3453
f 3448 3449 3455
f 3448 3455 3454
f 3449 3450 3456
f 3449 3456 3455
g 바닥_16
v 3.0000 -0.0600 -2.0000
v 3.0000 -0.0360 -2.0000
v 3.0000 -0.0120 -2.0000
v 3.0000 0.0120 -2.0000
v 3.0000 0.0360 -2.0000
v 3.0000 0.0600 -2.0000
v 3.4000 -0.0600 -2.0000
v 3.4000 -0.0360 -2.0000
v 3.4000 -0.0120 -2.0000
v 3.4000 0.0120 -2.0000
v 3.4000 0.0360 -2.0000
v 3.4000 0.0600 -2.0000
v 3.8000 -0.0600 -2.0000
v 3.8000 -0.0360 -2.0000
v 3.8000 -0.0120 -2.0000
v 3.8000 0.0120 -2.0000
v 3.8000 0.0360 -2.0000
v 3.8000 0.0600 -2.0000
v 4.2000 -0.0600 -2.0000
v 4.2000 -0.0360 -2.0000
v 4.2000 -0.0120 -2.0000
v 4.2000 0.0120 -2.0000
v 4.2000 0.0360 -2.0000
v 4.2000 0.0600 -2.0000
v 4.6000 -0.0600 -2.0000
v 4.6000 -0.0360 -2.0000
v 4.6000 -0.0120 -2.0000
v 4.6000 0.0120 -2.0000
v 4.6000 0.0360 -2.0000
v 4.6000 0.0600 -2.0000
v 5.0000 -0.0600 -2.0000
v 5.0000 -0.0360 -2.0000
v 5.0000 -0.0120 -2.0000
v 5.0000 0.0120 -2.0000
v 5.0000 0.0360 -2.0000
v 5.0000 0.0600 -2.0000
v 5.0000 -0.0600 -4.0000
v 5.0000 -0.0360 -4.0000
v 5.0000 -0.0120 -4.0000
v 5.0000 0.0120 -4.0000
v 5.0000 0.0360 -4.0000
v 5.0000 0.0600 -4.0000
v 4.6000 -0.0600 -4.0000
v 4.6000 -0.0360 -4.0000
v 4.6000 -0.0120 -4.0000
v 4.6000 0.0120 -4.0000
v 4.6000 0.0360 -4.0000
v 4.6000 0.0600 -4.0000
v 4.2000 -0.0600 -4.0000
v 4.2000 -0.0360 -4.0000
v 4.2000 -0.0120 -4.0000
v 4.2000 0.0120 -4.0000
v 4.2000 0.0360 -4.0000
v 4.2000 0.0600 -4.0000
v 3.8000 -0.0600 -4.0000
v 3.8000 -0.0360 -4.0000
v 3.8000 -0.0120 -4.0000
v 3.8000 0.0120 -4.0000
v 3.8000 0.0360 -4.0000
v 3.8000 0.0600 -4.0000
v 3.4000 -0.0600 -4.0000
v 3.4000 -0.0360 -4.0000
v 3.4000 -0.0120 -4.0000
v 3.4000 0.0120 -4.0000
v 3.4000 0.0360 -4.0000
v 3.4000 0.0600 -4.0000
v 3.0000 -0.0600 -4.0000
v 3.0000 -0.0360 -4.0000
v 3.0000 -0.0120 -4.0000
v 3.0000 0.0120 -4.0000
v 3.0000 0.0360 -4.0000
v 3.0000 0.0600 -4.0000
v 3.0000 -0.0600 -4.0000
v 3.0000 -0.0360 -4.0000
v 3.0000 -0.0120 -4.0000
v 3.0000 0.0120 -4.0000
v 3.0000 0.0360 -4.0000
v 3.0000 0.0600 -4.0000
v 3.0000 -0.0600 -3.6000
v 3.0000 -0.0360 -3.6000
v 3.0000 -0.0120 -3.6000
v 3.0000 0.0120 -3.6000
v 3.0000 0.0360 -3.6000
v 3.0000 0.0600 -3.6000
v 3.0000 -0.0600 -3.2000
v 3.0000 -0.0360 -3.2000
v 3.0000 -0.0120 -3.2000
v 3.0000 0.0120 -3.2000
v 3.0000 0.0360 -3.2000
v 3.0000 0.0600 -3.2000
v 3.0000 -0.0600 -2.8000
v 3.0000 -0.0360 -2.8000
v 3.0000 -0.0120 -2.8000
v 3.0000 0.0120 -2.8000
v 3.0000 0.0360 -2.8000
v 3.0000 0.0600 -2.8000
v 3.0000 -0.0600 -2.4000
v 3.0000 -0.0360 -2.4000
v 3.0000 -0.0120 -2.4000
v 3.0000 0.0120 -2.4000
v 3.0000 0.0360 -2.4000
v 3.0000 0.0600 -2.4000
v 3.0000 -0.0600 -2.0000
v 3.0000 -0.0360 -2.0000
v 3.0000 -0.0120 -2.0000
v 3.0000 0.0120 -2.0000
v 3.0000 0.0360 -2.0000
v 3.0000 0.0600 -2.0000
v 5.0000 -0.0600 -2.0000
v 5.0000 -0.0360 -2.0000
v 5.0000 -0.0120 -2.0000
v 5.0000 0.0120 -2.0000
v 5.0000 0.0360 -2.0000
v 5.0000 0.0600 -2.0000
v 5.0000 -0.0600 -2.4000
v 5.0000 -0.0360 -2.4000
v 5.0000 -0.0120 -2.4000
v 5.0000 0.0120 -2.4000
v 5.0000 0.0360 -2.4000
v 5.0000 0.0600 -2.4000
v 5.0000 -0.0600 -2.8000
v 5.0000 -0.0360 -2.8000
v 5.0000 -0.0120 -2.8000
v 5.0000 0.0120 -2.8000
v 5.0000 0.0360 -2.8000
v 5.0000 0.0600 -2.8000
v 5.0000 -0.0600 -3.2000
v 5.0000 -0.0360 -3.2000
v 5.0000 -0.0120 -3.2000
v 5.0000 0.0120 -3.2000
v 5.0000 0.0360 -3.2000
v 5.0000 0.0600 -3.2000
v 5.0000 -0.0600 -3.6000
v 5.0000 -0.0360 -3.6000
v 5.0000 -0.0120 -3.6000
v 5.0000 0.0120 -3.6000
v 5.0000 0.0360 -3.6000
v 5.0000 0.0600 -3.6000
v 5.0000 -0.0600 -4.0000
v 5.0000 -0.0360 -4.0000
v 5.0000 -0.0120 -4.0000
v 5.0000 0.0120 -4.0000
v 5.0000 0.0360 -4.0000
v 5.0000 0.0600 -4.0000
v 3.0000 0.0600 -4.0000
v 3.0000 0.0600 -3.6000
v 3.0000 0.0600 -3.2000
v 3.0000 0.0600 -2.8000
v 3.0000 0.0600 -2.4000
v 3.0000 0.0600 -2.0000
v 3.4000 0.0600 -4.0000
v 3.4000 0.0600 -3.6000
v 3.4000 0.0600 -3.2000
v 3.4000 0.0600 -2.8000
v 3.4000 0.0600 -2.4000
v 3.4000 0.0600 -2.0000
v 3.8000 0.0600 -4.0000
v 3.8000 0.0600 -3.6000
v 3.8000 0.0600 -3.2000
v 3.8000 0.0600 -2.8000
v 3.8000 0.0600 -2.4000
v 3.8000 0.0600 -2.0000
v 4.2000 0.0600 -4.0000
v 4.2000 0.0600 -3.6000
v 4.2000 0.0600 -3.2000
v 4.2000 0.0600 -2.8000
v 4.2000 0.0600 -2.4000
v 4.2000 0.0600 -2.0000
v 4.6000 0.0600 -4.0000
v 4.6000 0.0600 -3.6000
v 4.6000 0.0600 -3.2000
v 4.6000 0.0600 -2.8000
v 4.6000 0.0600 -2.4000
v 4.6000 0.0600 -2.0000
v 5.0000 0.0600 -4.0000
v 5.0000 0.0600 -3.6000
v 5.0000 0.0600 -3.2000
v 5.0000 0.0600 -2.8000
v 5.0000 0.0600 -2.4000
v 5.0000 0.0600 -2.0000
v 3.0000 -0.0600 -2.0000
v 3.0000 -0.0600 -2.4000
v 3.0000 -0.0600 -2.8000
v 3.0000 -0.0600 -3.2000
v 3.0000 -0.0600 -3.6000
v 3.0000 -0.0600 -4.0000
v 3.4000 -0.0600 -2.0000
v 3.4000 -0.0600 -2.4000
v 3.4000 -0.0600 -2.8000
v 3.4000 -0.0600 -3.2000
v 3.4000 -0.0600 -3.6000
v 3.4000 -0.0600 -4.0000
v 3.8000 -0.0600 -2.0000
v 3.8000 -0.0600 -2.4000
v 3.8000 -0.0600 -2.8000
v 3.8000 -0.0600 -3.2000
v 3.8000 -0.0600 -3.6000
v 3.8000 -0.0600 -4.0000
v 4.2000 -0.0600 -2.0000
v 4.2000 -0.0600 -2.4000
v 4.2000 -0.0600 -2.8000
v 4.2000 -0.0600 -3.2000
v 4.2000 -0.0600 -3.6000
v 4.2000 -0.0600 -4.0000
v 4.6000 -0.0600 -2.0000
v 4.6000 -0.0600 -2.4000
v 4.6000 -0.0600 -2.8000
v 4.6000 -0.0600 -3.2000
v 4.6000 -0.0600 -3.6000
v 4.6000 -0.0600 -4.0000
v 5.0000 -0.0600 -2.0000
v 5.0000 -0.0600 -2.4000
v 5.0000 -0.0600 -2.8000
v 5.0000 -0.0600 -3.2000
v 5.0000 -0.0600 -3.6000
v 5.0000 -0.0600 -4.0000
f 3457 3458 3464
f 3457 3464 3463
f 3458 3459 3465
f 3458 3465 3464
f 3459 3460 3466
f 3459 3466 3465
f 3460 3461 3467
f 3460 3467 3466
f 3461 3462 3468
f 3461 3468 3467
f 3463 3464 3470
f 3463 3470 3469
f 3464 3465 3471
f 3464 3471 3470
f 3465 3466 3472
f 3465 3472 3471
f 3466 3467 3473
f 3466 3473 3472
f 3467 3468 3474
f 3467 3474 3473
f 3469 3470 3476
f 3469 3476 3475
f 3470 3471 3477
f 3470 3477 3476
f 3471 3472 3478
f 3471 3478 3477
f 3472 3473 3479
f 3472 3479 3478
f 3473 3474 3480
f 3473 3480 3479
f 3475 3476 3482
f 3475 3482 3481
f 3476 3477 3483
f 3476 3483 3482
f 3477 3478 3484
f 3477 3484 3483
f 3478 3479 3485
f 3478 3485 3484
f 3479 3480 3486
f 3479 3486 3485
f 3481 3482 3488
f 3481 3488 3487
f 3482 3483 3489
f 3482 3489 3488
f 3483 3484 3490
f 3483 3490 3489
f 3484 3485 3491
f 3484 3491 3490
f 3485 3486 3492
f 3485 3492 3491
f 3493 3494 3500
f 3493 3500 3499
f 3494 3495 3501
f 3494 3501 3500
f 3495 3496 3502
f 3495 3502 3501
f 3496 3497 3503
f 3496 3503 3502
f 3497 3498 3504
f 3497 3504 3503
f 3499 3500 3506
f 3499 3506 3505
f 3500 3501 3507
f 3500 3507 3506
f 3501 3502 3508
f 3501 3508 3507
f 3502 3503 3509
f 3502 3509 3508
f 3503 3504 3510
f 3503 3510 3509
f 3505 3506 3512
f 3505 3512 3511
f 3506 3507 3513
f 3506 3513 3512
f 3507 3508 3514
f 3507 3514 3513
f 3508 3509 3515
f 3508 3515 3514
f 3509 3510 3516
f 3509 3516 3515
f 3511 3512 3518
f 3511 3518 3517
f 3512 3513 3519
f 3512 3519 3518
f 3513 3514 3520
f 3513 3520 3519
f 3514 3515 3521
f 3514 3521 3520
f 3515 3516 3522
f 3515 3522 3521
f 3517 3518 3524
f 3517 3524 3523
f 3518 3519 3525
f 3518 3525 3524
f 3519 3520 3526
f 3519 3526 3525
f 3520 3521 3527
f 3520 3527 3526
f 3521 3522 3528
f 3521 3528 3527
f 3529 3530 3536
f 3529 3536 3535
f 3530 3531 3537
f 3530 3537 3536
f 3531 3532 3538
f 3531 3538 3537
f 3532 3533 3539
f 3532 3539 3538
f 3533 3534 3540
f 3533 3540 3539
f 3535 3536 3542
f 3535 3542 3541
f 3536 3537 3543
f 3536 3543 3542
f 3537 3538 3544
f 3537 3544 3543
f 3538 3539 3545
f 3538 3545 3544
f 3539 3540 3546
f 3539 3546 3545
f 3541 3542 3548
f 3541 3548 3547
f 3542 3543 3549
f 3542 3549 3548
f 3543 3544 3550
f 3543 3550 3549
f 3544 3545 3551
f 3544 3551 3550
f 3545 3546 3552
f 3545 3552 3551
f 3547 3548 3554
f 3547 3554 3553
f 3548 3549 3555
f 3548 3555 3554
f 3549 3550 3556
f 3549 3556 3555
f 3550 3551 3557
f 3550 3557 3556
f 3551 3552 3558
f 3551 3558 3557
f 3553 3554 3560
f 3553 3560 3559
f 3554 3555 3561
f 3554 3561 3560
f 3555 3556 3562
f 3555 3562 3561
f 3556 3557 3563
f 3556 3563 3562
f 3557 3558 3564
f 3557 3564 3563
f 3565 3566 3572
f 3565 3572 3571
f 3566 3567 3573
f 3566 3573 3572
f 3567 3568 3574
f 3567 3574 3573
f 3568 3569 3575
f 3568 3575 3574
f 3569 3570 3576
f 3569 3576 3575
f 3571 3572 3578
f 3571 3578 3577
f 3572 3573 3579
f 3572 3579 3578
f 3573 3574 3580
f 3573 3580 3579
f 3574 3575 3581
f 3574 3581 3580
f 3575 3576 3582
f 3575 3582 3581
f 3577 3578 3584
f 3577 3584 3583
f 3578 3579 3585
f 3578 3585 3584
f 3579 3580 3586
f 3579 3586 3585
f 3580 3581 3587
f 3580 3587 3586
f 3581 3582 3588
f 3581 3588 3587
f 3583 3584 3590
f 3583 3590 3589
f 3584 3585 3591
f 3584 3591 3590
f 3585 3586 3592
f 3585 3592 3591
f 3586 3587 3593
f 3586 3593 3592
f 3587 3588 3594
f 3587 3594 3593
f 3589 3590 3596
f 3589 3596 3595
f 3590 3591 3597
f 3590 3597 3596
f 3591 3592 3598
f 3591 3598 3597
f 3592 3593 3599
f 3592 3599 3598
f 3593 3594 3600
f 3593 3600 3599
f 3601 3602 3608
f 3601 3608 3607
f 3602 3603 3609
f 3602 3609 3608
f 3603 3604 3610
f 3603 3610 3609
f 3604 3605 3611
f 3604 3611 3610
f 3605 3606 3612
f 3605 3612 3611
f 3607 3608 3614
f 3607 3614 3613
f 3608 3609 3615
f 3608 3615 3614
f 3609 3610 3616
f 3609 3616 3615
f 3610 3611 3617
f 3610 3617 3616
f 3611 3612 3618
f 3611 3618 3617
f 3613 3614 3620
f 3613 3620 3619
f 3614 3615 3621
f 3614 3621 3620
f 3615 3616 3622
f 3615 3622 3621
f 3616 3617 3623
f 3616 3623 3622
f 3617 3618 3624
f 3617 3624 3623
f 3619 3620 3626
f 3619 3626 3625
f 3620 3621 3627
f 3620 3627 3626
f 3621 3622 3628
f 3621 3628 3627
f 3622 3623 3629
f 3622 3629 3628
f 3623 3624 3630
f 3623 3630 3629
f 3625 3626 3632
f 3625 3632 3631
f 3626 3627 3633
f 3626 3633 3632
f 3627 3628 3634
f 3627 3634 3633
f 3628 3629 3635
f 3628 3635 3634
f 3629 3630 3636
f 3629 3636 3635
f 3637 3638 3644
f 3637 3644 3643
f 3638 3639 3645
f 3638 3645 3644
f 3639 3640 3646
f 3639 3646 3645
f 3640 3641 3647
f 3640 3647 3646
f 3641 3642 3648
f 3641 3648 3647
f 3643 3644 3650
f 3643 3650 3649
f 3644 3645 3651
f 3644 3651 3650
f 3645 3646 3652
f 3645 3652 3651
f 3646 3647 3653
f 3646 3653 3652
f 3647 3648 3654
f 3647 3654 3653
f 3649 3650 3656
f 3649 3656 3655
f 3650 3651 3657
f 3650 3657 3656
f 3651 3652 3658
f 3651 3658 3657
f 3652 3653 3659
f 3652 3659 3658
f 3653 3654 3660
f 3653 3660 3659
f 3655 3656 3662
f 3655 3662 3661
f 3656 3657 3663
f 3656 3663 3662
f 3657 3658 3664
f 3657 3664 3663
f 3658 3659 3665
f 3658 3665 3664
f 3659 3660 3666
f 3659 3666 3665
f 3661 3662 3668
f 3661 3668 3667
f 3662 3663 3669
f 3662 3669 3668
f 3663 3664 3670
f 3663 3670 3669
f 3664 3665 3671
f 3664 3671 3670
f 3665 3666 3672
f 3665 3672 3671
g 바닥_17
v 3.0000 -0.0600 0.0000
v 3.0000 -0.0360 0.0000
v 3.0000 -0.0120 0.0000
v 3.0000 0.0120 0.0000
v 3.0000 0.0360 0.0000
v 3.0000 0.0600 0.0000
v 3.4000 -0.0600 0.0000
v 3.4000 -0.0360 0.0000
v 3.4000 -0.0120 0.0000
v 3.4000 0.0120 0.0000
v 3.4000 0.0360 0.0000
v 3.4000 0.0600 0.0000
v 3.8000 -0.0600 0.0000
v 3.8000 -0.0360 0.0000
v 3.8000 -0.0120 0.0000
v 3.8000 0.0120 0.0000
v 3.8000 0.0360 0.0000
v 3.8000 0.0600 0.0000
v 4.2000 -0.0600 0.0000
v 4.2000 -0.0360 0.0000
v 4.2000 -0.0120 0.0000
v 4.2000 0.0120 0.0000
v 4.2000 0.0360 0.0000
v 4.2000 0.0600 0.0000
v 4.6000 -0.0600 0.0000
v 4.6000 -0.0360 0.0000
v 4.6000 -0.0120 0.0000
v 4.6000 0.0120 0.0000
v 4.6000 0.0360 0.0000
v 4.6000 0.0600 0.0000
v 5.0000 -0.0600 0.0000
v 5.0000 -0.0360 0.0000
v 5.0000 -0.0120 0.0000
v 5.0000 0.0120 0.0000
v 5.0000 0.0360 0.0000
v 5.0000 0.0600 0.0000
v 5.0000 -0.0600 -2.0000
v 5.0000 -0.0360 -2.0000
v 5.0000 -0.0120 -2.0000
v 5.0000 0.0120 -2.0000
v 5.0000 0.0360 -2.0000
v 5.0000 0.0600 -2.0000
v 4.6000 -0.0600 -2.0000
v 4.6000 -0.0360 -2.0000
v 4.6000 -0.0120 -2.0000
v 4.6000 0.0120 -2.0000
v 4.6000 0.0360 -2.0000
v 4.6000 0.0600 -2.0000
v 4.2000 -0.0600 -2.0000
v 4.2000 -0.0360 -2.0000
v 4.2000 -0.0120 -2.0000
v 4.2000 0.0120 -2.0000
v 4.2000 0.0360 -2.0000
v 4.2000 0.0600 -2.0000
v 3.8000 -0.0600 -2.0000
v 3.8000 -0.0360 -2.0000
v 3.8000 -0.0120 -2.0000
v 3.8000 0.0120 -2.0000
v 3.8000 0.0360 -2.0000
v 3.8000 0.0600 -2.0000
v 3.4000 -0.0600 -2.0000
v 3.4000 -0.0360 -2.0000
v 3.4000 -0.0120 -2.0000
v 3.4000 0.0120 -2.0000
v 3.4000 0.0360 -2.0000
v 3.4000 0.0600 -2.0000
v 3.0000 -0.0600 -2.0000
v 3.0000 -0.0360 -2.0000
v 3.0000 -0.0120 -2.0000
v 3.0000 0.0120 -2.0000
v 3.0000 0.0360 -2.0000
v 3.0000 0.0600 -2.0000
v 3.0000 -0.0600 -2.0000
v 3.0000 -0.0360 -2.0000
v 3.0000 -0.0120 -2.0000
v 3.0000 0.0120 -2.0000
v 3.0000 0.0360 -2.0000
v 3.0000 0.0600 -2.0000
v 3.0000 -0.0600 -1.6000
v 3.0000 -0.0360 -1.6000
v 3.0000 -0.0120 -1.6000
v 3.0000 0.0120 -1.6000
v 3.0000 0.0360 -1.6000
v 3.0000 0.0600 -1.6000
v 3.0000 -0.0600 -1.2000
v 3.0000 -0.0360 -1.2000
v 3.0000 -0.0120 -1.2000
v 3.0000 0.0120 -1.2000
v 3.0000 0.0360 -1.2000
v 3.0000 0.0600 -1.2000
v 3.0000 -0.0600 -0.8000
v 3.0000 -0.0360 -0.8000
v 3.0000 -0.0120 -0.8000
v 3.0000 0.0120 -0.8000
v 3.0000 0.0360 -0.8000
v 3.0000 0.0600 -0.8000
v 3.0000 -0.0600 -0.4000
v 3.0000 -0.0360 -0.4000
v 3.0000 -0.0120 -0.4000
v 3.0000 0.0120 -0.4000
v 3.0000 0.0360 -0.4000
v 3.0000 0.0600 -0.4000
v 3.0000 -0.0600 0.0000
v 3.0000 -0.0360 0.0000
v 3.0000 -0.0120 0.0000
v 3.0000 0.0120 0.0000
v 3.0000 0.0360 0.0000
v 3.0000 0.0600 0.0000
v 5.0000 -0.0600 0.0000
v 5.0000 -0.0360 0.0000
v 5.0000 -0.0120 0.0000
v 5.0000 0.0120 0.0000
v 5.0000 0.0360 0.0000
v 5.0000 0.0600 0.0000
v 5.0000 -0.0600 -0.4000
v 5.0000 -0.0360 -0.4000
v 5.0000 -0.0120 -0.4000
v 5.0000 0.0120 -0.4000
v 5.0000 0.0360 -0.4000
v 5.0000 0.0600 -0.4000
v 5.0000 -0.0600 -0.8000
v 5.0000 -0.0360 -0.8000
v 5.0000 -0.0120 -0.8000
v 5.0000 0.0120 -0.8000
v 5.0000 0.0360 -0.8000
v 5.0000 0.0600 -0.8000
v 5.0000 -0.0600 -1.2000
v 5.0000 -0.0360 -1.2000
v 5.0000 -0.0120 -1.2000
v 5.0000 0.0120 -1.2000
v 5.0000 0.0360 -1.2000
v 5.0000 0.0600 -1.2000
v 5.0000 -0.0600 -1.6000
v 5.0000 -0.0360 -1.6000
v 5.0000 -0.0120 -1.6000
v 5.0000 0.0120 -1.6000
v 5.0000 0.0360 -1.6000
v 5.0000 0.0600 -1.6000
v 5.0000 -0.0600 -2.0000
v 5.0000 -0.0360 -2.0000
v 5.0000 -0.0120 -2.0000
v 5.0000 0.0120 -2.0000
v 5.0000 0.0360 -2.0000
v 5.0000 0.0600 -2.0000
v 3.0000 0.0600 -2.0000
v 3.0000 0.0600 -1.6000
v 3.0000 0.0600 -1.2000
v 3.0000 0.0600 -0.8000
v 3.0000 0.0600 -0.4000
v 3.0000 0.0600 0.0000
v 3.4000 0.0600 -2.0000
v 3.4000 0.0600 -1.6000
v 3.4000 0.0600 -1.2000
v 3.4000 0.0600 -0.8000
v 3.4000 0.0600 -0.4000
v 3.4000 0.0600 0.0000
v 3.8000 0.0600 -2.0000
v 3.8000 0.0600 -1.6000
v 3.8000 0.0600 -1.2000
v 3.8000 0.0600 -0.8000
v 3.8000 0.0600 -0.4000
v 3.8000 0.0600 0.0000
v 4.2000 0.0600 -2.0000
v 4.2000 0.0600 -1.6000
v 4.2000 0.0600 -1.2000
v 4.2000 0.0600 -0.8000
v 4.2000 0.0600 -0.4000
v 4.2000 0.0600 0.0000
v 4.6000 0.0600 -2.0000
v 4.6000 0.0600 -1.6000
v 4.6000 0.0600 -1.2000
v 4.6000 0.0600 -0.8000
v 4.6000 0.0600 -0.4000
v 4.6000 0.0600 0.0000
v 5.0000 0.0600 -2.0000
v 5.0000 0.0600 -1.6000
v 5.0000 0.0600 -1.2000
v 5.0000 0.0600 -0.8000
v 5.0000 0.0600 -0.4000
v 5.0000 0.0600 0.0000
v 3.0000 -0.0600 0.0000
v 3.0000 -0.0600 -0.4000
v 3.0000 -0.0600 -0.8000
v 3.0000 -0.0600 -1.2000
v 3.0000 -0.0600 -1.6000
v 3.0000 -0.0600 -2.0000
v 3.4000 -0.0600 0.0000
v 3.4000 -0.0600 -0.4000
v 3.4000 -0.0600 -0.8000
v 3.4000 -0.0600 -1.2000
v 3.4000 -0.0600 -1.6000
v 3.4000 -0.0600 -2.0000
v 3.8000 -0.0600 0.0000
v 3.8000 -0.0600 -0.4000
v 3.8000 -0.0600 -0.8000
v 3.8000 -0.0600 -1.2000
v 3.8000 -0.0600 -1.6000
v 3.8000 -0.0600 -2.0000
v 4.2000 -0.0600 0.0000
v 4.2000 -0.0600 -0.4000
v 4.2000 -0.0600 -0.8000
v 4.2000 -0.0600 -1.2000
v 4.2000 -0.0600 -1.6000
v 4.2000 -0.0600 -2.0000
v 4.6000 -0.0600 0.0000
v 4.6000 -0.0600 -0.4000
v 4.6000 -0.0600 -0.8000
v 4.6000 -0.0600 -1.2000
v 4.6000 -0.0600 -1.6000
v 4.6000 -0.0600 -2.0000
v 5.0000 -0.0600 0.0000
v 5.0000 -0.0600 -0.4000
v 5.0000 -0.0600 -0.8000
v 5.0000 -0.0600 -1.2000
v 5.0000 -0.0600 -1.6000
v 5.0000 -0.0600 -2.0000
f 3673 3674 3680
f 3673 3680 3679
f 3674 3675 3681
f 3674 3681 3680
f 3675 3676 3682
f 3675 3682 3681
f 3676 3677 3683
f 3676 3683 3682
f 3677 3678 3684
f 3677 3684 3683
f 3679 3680 3686
f 3679 3686 3685
f 3680 3681 3687
f 3680 3687 3686
f 3681 3682 3688
f 3681 3688 3687
f 3682 3683 3689
f 3682 3689 3688
f 3683 3684 3690
f 3683 3690 3689
f 3685 3686 3692
f 3685 3692 3691
f 3686 3687 3693
f 3686 3693 3692
f 3687 3688 3694
f 3687 3694 3693
f 3688 3689 3695
f 3688 3695 3694
f 3689 3690 3696
f 3689 3696 3695
f 3691 3692 3698
f 3691 3698 3697
f 3692 3693 3699
f 3692 3699 3698
f 3693 3694 3700
f 3693 3700 3699
f 3694 3695 3701
f 3694 3701 3700
f 3695 3696 3702
f 3695 3702 3701
f 3697 3698 3704
f 3697 3704 3703
f 3698 3699 3705
f 3698 3705 3704
f 3699 3700 3706
f 3699 3706 3705
f 3700 3701 3707
f 3700 3707 3706
f 3701 3702 3708
f 3701 3708 3707
f 3709 3710 3716
f 3709 3716 3715
f 3710 3711 3717
f 3710 3717 3716
f 3711 3712 3718
f 3711 3718 3717
f 3712 3713 3719
f 3712 3719 3718
f 3713 3714 3720
f 3713 3720 3719
f 3715 3716 3722
f 3715 3722 3721
f 3716 3717 3723
f 3716 3723 3722
f 3717 3718 3724
f 3717 3724 3723
f 3718 3719 3725
f 3718 3725 3724
f 3719 3720 3726
f 3719 3726 3725
f 3721 3722 3728
f 3721 3728 3727
f 3722 3723 3729
f 3722 3729 3728
f 3723 3724 3730
f 3723 3730 3729
f 3724 3725 3731
f 3724 3731 3730
f 3725 3726 3732
f 3725 3732 3731
f 3727 3728 3734
f 3727 3734 3733
f 3728 3729 3735
f 3728 3735 3734
f 3729 3730 3736
f 3729 3736 3735
f 3730 3731 3737
f 3730 3737 3736
f 3731 3732 3738
f 3731 3738 3737
f 3733 3734 3740
f 3733 3740 3739
f 3734 3735 3741
f 3734 3741 3740
f 3735 3736 3742
f 3735 3742 3741
f 3736 3737 3743
f 3736 3743 3742
f 3737 3738 3744
f 3737 3744 3743
f 3745 3746 3752
f 3745 3752 3751
f 3746 3747 3753
f 3746 3753 3752
f 3747 3748 3754
f 3747 3754 3753
f 3748 3749 3755
f 3748 3755 3754
f 3749 3750 3756
f 3749 3756 3755
f 3751 3752 3758
f 3751 3758 3757
f 3752 3753 3759
f 3752 3759 3758
f 3753 3754 3760
f 3753 3760 3759
f 3754 3755 3761
f 3754 3761 3760
f 3755 3756 3762
f 3755 3762 3761
f 3757 3758 3764
f 3757 3764 3763
f 3758 3759 3765
f 3758 3765 3764
f 3759 3760 3766
f 3759 3766 3765
f 3760 3761 3767
f 3760 3767 3766
f 3761 3762 3768
f 3761 3768 3767
f 3763 3764 3770
f 3763 3770 3769
f 3764 3765 3771
f 3764 3771 3770
f 3765 3766 3772
f 3765 3772 3771
f 3766 3767 3773
f 3766 3773 3772
f 3767 3768 3774
f 3767 3774 3773
f 3769 3770 3776
f 3769 3776 3775
f 3770 3771 3777
f 3770 3777 3776
f 3771 3772 3778
f 3771 3778 3777
f 3772 3773 3779
f 3772 3779 3778
f 3773 3774 3780
f 3773 3780 3779
f 3781 3782 3788
f 3781 3788 3787
f 3782 3783 3789
f 3782 3789 3788
f 3783 3784 3790
f 3783 3790 3789
f 3784 3785 3791
f 3784 3791 3790
f 3785 3786 3792
f 3785 3792 3791
f 3787 3788 3794
f 3787 3794 3793
f 3788 3789 3795
f 3788 3795 3794
f 3789 3790 3796
f 3789 3796 3795
f 3790 3791 3797
f 3790 3797 3796
f 3791 3792 3798
f 3791 3798 3797
f 3793 3794 3800
f 3793 3800 3799
f 3794 3795 3801
f 3794 3801 3800
f 3795 3796 3802
f 3795 3802 3801
f 3796 3797 3803
f 3796 3803 3802
f 3797 3798 3804
f 3797 3804 3803
f 3799 3800 3806
f 3799 3806 3805
f 3800 3801 3807
f 3800 3807 3806
f 3801 3802 3808
f 3801 3808 3807
f 3802 3803 3809
f 3802 3809 3808
f 3803 3804 3810
f 3803 3810 3809
f 3805 3806 3812
f 3805 3812 3811
f 3806 3807 3813
f 3806 3813 3812
f 3807 3808 3814
f 3807 3814 3813
f 3808 3809 3815
f 3808 3815 3814
f 3809 3810 3816
f 3809 3816 3815
f 3817 3818 3824
f 3817 3824 3823
f 3818 3819 3825
f 3818 3825 3824
f 3819 3820 3826
f 3819 3826 3825
f 3820 3821 3827
f 3820 3827 3826
f 3821 3822 3828
f 3821 3828 3827
f 3823 3824 3830
f 3823 3830 3829
f 3824 3825 3831
f 3824 3831 3830
f 3825 3826 3832
f 3825 3832 3831
f 3826 3827 3833
f 3826 3833 3832
f 3827 3828 3834
f 3827 3834 3833
f 3829 3830 3836
f 3829 3836 3835
f 3830 3831 3837
f 3830 3837 3836
f 3831 3832 3838
f 3831 3838 3837
f 3832 3833 3839
f 3832 3839 3838
f 3833 3834 3840
f 3833 3840 3839
f 3835 3836 3842
f 3835 3842 3841
f 3836 3837 3843
f 3836 3843 3842
f 3837 3838 3844
f 3837 3844 3843
f 3838 3839 3845
f 3838 3845 3844
f 3839 3840 3846
f 3839 3846 3845
f 3841 3842 3848
f 3841 3848 3847
f 3842 3843 3849
f 3842 3849 3848
f 3843 3844 3850
f 3843 3850 3849
f 3844 3845 3851
f 3844 3851 3850
f 3845 3846 3852
f 3845 3852 3851
f 3853 3854 3860
f 3853 3860 3859
f 3854 3855 3861
f 3854 3861 3860
f 3855 3856 3862
f 3855 3862 3861
f 3856 3857 3863
f 3856 3863 3862
f 3857 3858 3864
f 3857 3864 3863
f 3859 3860 3866
f 3859 3866 3865
f 3860 3861 3867
f 3860 3867 3866
f 3861 3862 3868
f 3861 3868 3867
f 3862 3863 3869
f 3862 3869 3868
f 3863 3864 3870
f 3863 3870 3869
f 3865 3866 3872
f 3865 3872 3871
f 3866 3867 3873
f 3866 3873 3872
f 3867 3868 3874
f 3867 3874 3873
f 3868 3869 3875
f 3868 3875 3874
f 3869 3870 3876
f 3869 3876 3875
f 3871 3872 3878
f 3871 3878 3877
f 3872 3873 3879
f 3872 3879 3878
f 3873 3874 3880
f 3873 3880 3879
f 3874 3875 3881
f 3874 3881 3880
f 3875 3876 3882
f 3875 3882 3881
f 3877 3878 3884
f 3877 3884 3883
f 3878 3879 3885
f 3878 3885 3884
f 3879 3880 3886
f 3879 3886 3885
f 3880 3881 3887
f 3880 3887 3886
f 3881 3882 3888
f 3881 3888 3887
g 바닥_18
v 3.0000 -0.0600 2.0000
v 3.0000 -0.0360 2.0000
v 3.0000 -0.0120 2.0000
v 3.0000 0.0120 2.0000
v 3.0000 0.0360 2.0000
v 3.0000 0.0600 2.0000
v 3.4000 -0.0600 2.0000
v 3.4000 -0.0360 2.0000
v 3.4000 -0.0120 2.0000
v 3.4000 0.0120 2.0000
v 3.4000 0.0360 2.0000
v 3.4000 0.0600 2.0000
v 3.8000 -0.0600 2.0000
v 3.8000 -0.0360 2.0000
v 3.8000 -0.0120 2.0000
v 3.8000 0.0120 2.0000
v 3.8000 0.0360 2.0000
v 3.8000 0.0600 2.0000
v 4.2000 -0.0600 2.0000
v 4.2000 -0.0360 2.0000
v 4.2000 -0.0120 2.0000
v 4.2000 0.0120 2.0000
v 4.2000 0.0360 2.0000
v 4.2000 0.0600 2.0000
v 4.6000 -0.0600 2.0000
v 4.6000 -0.0360 2.0000
v 4.6000 -0.0120 2.0000
v 4.6000 0.0120 2.0000
v 4.6000 0.0360 2.0000
v 4.6000 0.0600 2.0000
v 5.0000 -0.0600 2.0000
v 5.0000 -0.0360 2.0000
v 5.0000 -0.0120 2.0000
v 5.0000 0.0120 2.0000
v 5.0000 0.0360 2.0000
v 5.0000 0.0600 2.0000
v 5.0000 -0.0600 0.0000
v 5.0000 -0.0360 0.0000
v 5.0000 -0.0120 0.0000
v 5.0000 0.0120 0.0000
v 5.0000 0.0360 0.0000
v 5.0000 0.0600 0.0000
v 4.6000 -0.0600 0.0000
v 4.6000 -0.0360 0.0000
v 4.6000 -0.0120 0.0000
v 4.6000 0.0120 0.0000
v 4.6000 0.0360 0.0000
v 4.6000 0.0600 0.0000
v 4.2000 -0.0600 0.0000
v 4.2000 -0.0360 0.0000
v 4.2000 -0.0120 0.0000
v 4.2000 0.0120 0.0000
v 4.2000 0.0360 0.0000
v 4.2000 0.0600 0.0000
v 3.8000 -0.0600 0.0000
v 3.8000 -0.0360 0.0000
v 3.8000 -0.0120 0.0000
v 3.8000 0.0120 0.0000
v 3.8000 0.0360 0.0000
v 3.8000 0.0600 0.0000
v 3.4000 -0.0600 0.0000
v 3.4000 -0.0360 0.0000
v 3.4000 -0.0120 0.0000
v 3.4000 0.0120 0.0000
v 3.4000 0.0360 0.0000
v 3.4000 0.0600 0.0000
v 3.0000 -0.0600 0.0000
v 3.0000 -0.0360 0.0000
v 3.0000 -0.0120 0.0000
v 3.0000 0.0120 0.0000
v 3.0000 0.0360 0.0000
v 3.0000 0.0600 0.0000
v 3.0000 -0.0600 0.0000
v 3.0000 -0.0360 0.0000
v 3.0000 -0.0120 0.0000
v 3.0000 0.0120 0.0000
v 3.0000 0.0360 0.0000
v 3.0000 0.0600 0.0000
v 3.0000 -0.0600 0.4000
v 3.0000 -0.0360 0.4000
v 3.0000 -0.0120 0.4000
v 3.0000 0.0120 0.4000
v 3.0000 0.0360 0.4000
v 3.0000 0.0600 0.4000
v 3.0000 -0.0600 0.8000
v 3.0000 -0.0360 0.8000
v 3.0000 -0.0120 0.8000
v 3.0000 0.0120 0.8000
v 3.0000 0.0360 0.8000
v 3.0000 0.0600 0.8000
v 3.0000 -0.0600 1.2000
v 3.0000 -0.0360 1.2000
v 3.0000 -0.0120 1.2000
v 3.0000 0.0120 1.2000
v 3.0000 0.0360 1.2000
v 3.0000 0.0600 1.2000
v 3.0000 -0.0600 1.6000
v 3.0000 -0.0360 1.6000
v 3.0000 -0.0120 1.6000
v 3.0000 0.0120 1.6000
v 3.0000 0.0360 1.6000
v 3.0000 0.0600 1.6000
v 3.0000 -0.0600 2.0000
v 3.0000 -0.0360 2.0000
v 3.0000 -0.0120 2.0000
v 3.0000 0.0120 2.0000
v 3.0000 0.0360 2.0000
v 3.0000 0.0600 2.0000
v 5.0000 -0.0600 2.0000
v 5.0000 -0.0360 2.0000
v 5.0000 -0.0120 2.0000
v 5.0000 0.0120 2.0000
v 5.0000 0.0360 2.0000
v 5.0000 0.0600 2.0000
v 5.0000 -0.0600 1.6000
v 5.0000 -0.0360 1.6000
v 5.0000 -0.0120 1.6000
v 5.0000 0.0120 1.6000
v 5.0000 0.0360 1.6000
v 5.0000 0.0600 1.6000
v 5.0000 -0.0600 1.2000
v 5.0000 -0.0360 1.2000
v 5.0000 -0.0120 1.2000
v 5.0000 0.0120 1.2000
v 5.0000 0.0360 1.2000
v 5.0000 0.0600 1.2000
v 5.0000 -0.0600 0.8000
v 5.0000 -0.0360 0.8000
v 5.0000 -0.0120 0.8000
v 5.0000 0.0120 0.8000
v 5.0000 0.0360 0.8000
v 5.0000 0.0600 0.8000
v 5.0000 -0.0600 0.4000
v 5.0000 -0.0360 0.4000
v 5.0000 -0.0120 0.4000
v 5.0000 0.0120 0.4000
v 5.0000 0.0360 0.4000
v 5.0000 0.0600 0.4000
v 5.0000 -0.0600 0.0000
v 5.0000 -0.0360 0.0000
v 5.0000 -0.0120 0.0000
v 5.0000 0.0120 0.0000
v 5.0000 0.0360 0.0000
v 5.0000 0.0600 0.0000
v 3.0000 0.0600 0.0000
v 3.0000 0.0600 0.4000
v 3.0000 0.0600 0.8000
v 3.0000 0.0600 1.2000
v 3.0000 0.0600 1.6000
v 3.0000 0.0600 2.0000
v 3.4000 0.0600 0.0000
v 3.4000 0.0600 0.4000
v 3.4000 0.0600 0.8000
v 3.4000 0.0600 1.2000
v 3.4000 0.0600 1.6000
v 3.4000 0.0600 2.0000
v 3.8000 0.0600 0.0000
v 3.8000 0.0600 0.4000
v 3.8000 0.0600 0.8000
v 3.8000 0.0600 1.2000
v 3.8000 0.0600 1.6000
v 3.8000 0.0600 2.0000
v 4.2000 0.0600 0.0000
v 4.2000 0.0600 0.4000
v 4.2000 0.0600 0.8000
v 4.2000 0.0600 1.2000
v 4.2000 0.0600 1.6000
v 4.2000 0.0600 2.0000
v 4.6000 0.0600 0.0000
v 4.6000 0.0600 0.4000
v 4.6000 0.0600 0.8000
v 4.6000 0.0600 1.2000
v 4.6000 0.0600 1.6000
v 4.6000 0.0600 2.0000
v 5.0000 0.0600 0.0000
v 5.0000 0.0600 0.4000
v 5.0000 0.0600 0.8000
v 5.0000 0.0600 1.2000
v 5.0000 0.0600 1.6000
v 5.0000 0.0600 2.0000
v 3.0000 -0.0600 2.0000
v 3.0000 -0.0600 1.6000
v 3.0000 -0.0600 1.2000
v 3.0000 -0.0600 0.8000
v 3.0000 -0.0600 0.4000
v 3.0000 -0.0600 0.0000
v 3.4000 -0.0600 2.0000
v 3.4000 -0.0600 1.6000
v 3.4000 -0.0600 1.2000
v 3.4000 -0.0600 0.8000
v 3.4000 -0.0600 0.4000
v 3.4000 -0.0600 0.0000
v 3.8000 -0.0600 2.0000
v 3.8000 -0.0600 1.6000
v 3.8000 -0.0600 1.2000
v 3.8000 -0.0600 0.8000
v 3.8000 -0.0600 0.4000
v 3.8000 -0.0600 0.0000
v 4.2000 -0.0600 2.0000
v 4.2000 -0.0600 1.6000
v 4.2000 -0.0600 1.2000
v 4.2000 -0.0600 0.8000
v 4.2000 -0.0600 0.4000
v 4.2000 -0.0600 0.0000
v 4.6000 -0.0600 2.0000
v 4.6000 -0.0600 1.6000
v 4.6000 -0.0600 1.2000
v 4.6000 -0.0600 0.8000
v 4.6000 -0.0600 0.4000
v 4.6000 -0.0600 0.0000
v 5.0000 -0.0600 2.0000
v 5.0000 -0.0600 1.6000
v 5.0000 -0.0600 1.2000
v 5.0000 -0.0600 0.8000
v 5.0000 -0.0600 0.4000
v 5.0000 -0.0600 0.0000
f 3889 3890 3896
f 3889 3896 3895
f 3890 3891 3897
f 3890 3897 3896
f 3891 3892 3898
f 3891 3898 3897
f 3892 3893 3899
f 3892 3899 3898
f 3893 3894 3900
f 3893 3900 3899
f 3895 3896 3902
f 3895 3902 3901
f 3896 3897 3903
f 3896 3903 3902
f 3897 3898 3904
f 3897 3904 3903
f 3898 3899 3905
f 3898 3905 3904
f 3899 3900 3906
f 3899 3906 3905
f 3901 3902 3908
f 3901 3908 3907
f 3902 3903 3909
f 3902 3909 3908
f 3903 3904 3910
f 3903 3910 3909
f 3904 3905 3911
f 3904 3911 3910
f 3905 3906 3912
f 3905 3912 3911
f 3907 3908 3914
f 3907 3914 3913
f 3908 3909 3915
f 3908 3915 3914
f 3909 3910 3916
f 3909 3916 3915
f 3910 3911 3917
f 3910 3917 3916
f 3911 3912 3918
f 3911 3918 3917
f 3913 3914 3920
f 3913 3920 3919
f 3914 3915 3921
f 3914 3921 3920
f 3915 3916 3922
f 3915 3922 3921
f 3916 3917 3923
f 3916 3923 3922
f 3917 3918 3924
f 3917 3924 3923
f 3925 3926 3932
f 3925 3932 3931
f 3926 3927 3933
f 3926 3933 3932
f 3927 3928 3934
f 3927 3934 3933
f 3928 3929 3935
f 3928 3935 3934
f 3929 3930 3936
f 3929 3936 3935
f 3931 3932 3938
f 3931 3938 3937
f 3932 3933 3939
f 3932 3939 3938
f 3933 3934 3940
f 3933 3940 3939
f 3934 3935 3941
f 3934 3941 3940
f 3935 3936 3942
f 3935 3942 3941
f 3937 3938 3944
f 3937 3944 3943
f 3938 3939 3945
f 3938 3945 3944
f 3939 3940 3946
f 3939 3946 3945
f 3940 3941 3947
f 3940 3947 3946
f 3941 3942 3948
f 3941 3948 3947
f 3943 3944 3950
f 3943 3950 3949
f 3944 3945 3951
f 3944 3951 3950
f 3945 3946 3952
f 3945 3952 3951
f 3946 3947 3953
f 3946 3953 3952
f 3947 3948 3954
f 3947 3954 3953
f 3949 3950 3956
f 3949 3956 3955
f 3950 3951 3957
f 3950 3957 3956
f 3951 3952 3958
f 3951 3958 3957
f 3952 3953 3959
f 3952 3959 3958
f 3953 3954 3960
f 3953 3960 3959
f 3961 3962 3968
f 3961 3968 3967
f 3962 3963 3969
f 3962 3969 3968
f 3963 3964 3970
f 3963 3970 3969
f 3964 3965 3971
f 3964 3971 3970
f 3965 3966 3972
f 3965 3972 3971
f 3967 3968 3974
f 3967 3974 3973
f 3968 3969 3975
f 3968 3975 3974
f 3969 3970 3976
f 3969 3976 3975
f 3970 3971 3977
f 3970 3977 3976
f 3971 3972 3978
f 3971 3978 3977
f 3973 3974 3980
f 3973 3980 3979
f 3974 3975 3981
f 3974 3981 3980
f 3975 3976 3982
f 3975 3982 3981
f 3976 3977 3983
f 3976 3983 3982
f 3977 3978 3984
f 3977 3984 3983
f 3979 3980 3986
f 3979 3986 3985
f 3980 3981 3987
f 3980 3987 3986
f 3981 3982 3988
f 3981 3988 3987
f 3982 3983 3989
f 3982 3989 3988
f 3983 3984 3990
f 3983 3990 3989
f 3985 3986 3992
f 3985 3992 3991
f 3986 3987 3993
f 3986 3993 3992
f 3987 3988 3994
f 3987 3994 3993
f 3988 3989 3995
f 3988 3995 3994
f 3989 3990 3996
f 3989 3996 3995
f 3997 3998 4004
f 3997 4004 4003
f 3998 3999 4005
f 3998 4005 4004
f 3999 4000 4006
f 3999 4006 4005
f 4000 4001 4007
f 4000 4007 4006
f 4001 4002 4008
f 4001 4008 4007
f 4003 4004 4010
f 4003 4010 4009
f 4004 4005 4011
f 4004 4011 4010
f 4005 4006 4012
f 4005 4012 4011
f 4006 4007 4013
f 4006 4013 4012
f 4007 4008 4014
f 4007 4014 4013
f 4009 4010 4016
f 4009 4016 4015
f 4010 4011 4017
f 4010 4017 4016
f 4011 4012 4018
f 4011 4018 4017
f 4012 4013 4019
f 4012 4019 4018
f 4013 4014 4020
f 4013 4020 4019
f 4015 4016 4022
f 4015 4022 4021
f 4016 4017 4023
f 4016 4023 4022
f 4017 4018 4024
f 4017 4024 4023
f 4018 4019 4025
f 4018 4025 4024
f 4019 4020 4026
f 4019 4026 4025
f 4021 4022 4028
f 4021 4028 4027
f 4022 4023 4029
f 4022 4029 4028
f 4023 4024 4030
f 4023 4030 4029
f 4024 4025 4031
f 4024 4031 4030
f 4025 4026 4032
f 4025 4032 4031
f 4033 4034 4040
f 4033 4040 4039
f 4034 4035 4041
f 4034 4041 4040
f 4035 4036 4042
f 4035 4042 4041
f 4036 4037 4043
f 4036 4043 4042
f 4037 4038 4044
f 4037 4044 4043
f 4039 4040 4046
f 4039 4046 4045
f 4040 4041 4047
f 4040 4047 4046
f 4041 4042 4048
f 4041 4048 4047
f 4042 4043 4049
f 4042 4049 4048
f 4043 4044 4050
f 4043 4050 4049
f 4045 4046 4052
f 4045 4052 4051
f 4046 4047 4053
f 4046 4053 4052
f 4047 4048 4054
f 4047 4054 4053
f 4048 4049 4055
f 4048 4055 4054
f 4049 4050 4056
f 4049 4056 4055
f 4051 4052 4058
f 4051 4058 4057
f 4052 4053 4059
f 4052 4059 4058
f 4053 4054 4060
f 4053 4060 4059
f 4054 4055 4061
f 4054 4061 4060
f 4055 4056 4062
f 4055 4062 4061
f 4057 4058 4064
f 4057 4064 4063
f 4058 4059 4065
f 4058 4065 4064
f 4059 4060 4066
f 4059 4066 4065
f 4060 4061 4067
f 4060 4067 4066
f 4061 4062 4068
f 4061 4068 4067
f 4069 4070 4076
f 4069 4076 4075
f 4070 4071 4077
f 4070 4077 4076
f 4071 4072 4078
f 4071 4078 4077
f 4072 4073 4079
f 4072 4079 4078
f 4073 4074 4080
f 4073 4080 4079
f 4075 4076 4082
f 4075 4082 4081
f 4076 4077 4083
f 4076 4083 4082
f 4077 4078 4084
f 4077 4084 4083
f 4078 4079 4085
f 4078 4085 4084
f 4079 4080 4086
f 4079 4086 4085
f 4081 4082 4088
f 4081 4088 4087
f 4082 4083 4089
f 4082 4089 4088
f 4083 4084 4090
f 4083 4090 4089
f 4084 4085 4091
f 4084 4091 4090
f 4085 4086 4092
f 4085 4092 4091
f 4087 4088 4094
f 4087 4094 4093
f 4088 4089 4095
f 4088 4095 4094
f 4089 4090 4096
f 4089 4096 4095
f 4090 4091 4097
f 4090 4097 4096
f 4091 4092 4098
f 4091 4098 4097
f 4093 4094 4100
f 4093 4100 4099
f 4094 4095 4101
f 4094 4101 4100
f 4095 4096 4102
f 4095 4102 4101
f 4096 4097 4103
f 4096 4103 4102
f 4097 4098 4104
f 4097 4104 4103
g 바닥_19
v 3.0000 -0.0600 4.0000
v 3.0000 -0.0360 4.0000
v 3.0000 -0.0120 4.0000
v 3.0000 0.0120 4.0000
v 3.0000 0.0360 4.0000
v 3.0000 0.0600 4.0000
v 3.4000 -0.0600 4.0000
v 3.4000 -0.0360 4.0000
v 3.4000 -0.0120 4.0000
v 3.4000 0.0120 4.0000
v 3.4000 0.0360 4.0000
v 3.4000 0.0600 4.0000
v 3.8000 -0.0600 4.0000
v 3.8000 -0.0360 4.0000
v 3.8000 -0.0120 4.0000
v 3.8000 0.0120 4.0000
v 3.8000 0.0360 4.0000
v 3.8000 0.0600 4.0000
v 4.2000 -0.0600 4.0000
v 4.2000 -0.0360 4.0000
v 4.2000 -0.0120 4.0000
v 4.2000 0.0120 4.0000
v 4.2000 0.0360 4.0000
v 4.2000 0.0600 4.0000
v 4.6000 -0.0600 4.0000
v 4.6000 -0.0360 4.0000
v 4.6000 -0.0120 4.0000
v 4.6000 0.0120 4.0000
v 4.6000 0.0360 4.0000
v 4.6000 0.0600 4.0000
v 5.0000 -0.0600 4.0000
v 5.0000 -0.0360 4.0000
v 5.0000 -0.0120 4.0000
v 5.0000 0.0120 4.0000
v 5.0000 0.0360 4.0000
v 5.0000 0.0600 4.0000
v 5.0000 -0.0600 2.0000
v 5.0000 -0.0360 2.0000
v 5.0000 -0.0120 2.0000
v 5.0000 0.0120 2.0000
v 5.0000 0.0360 2.0000
v 5.0000 0.0600 2.0000
v 4.6000 -0.0600 2.0000
v 4.6000 -0.0360 2.0000
v 4.6000 -0.0120 2.0000
v 4.6000 0.0120 2.0000
v 4.6000 0.0360 2.0000
v 4.6000 0.0600 2.0000
v 4.2000 -0.0600 2.0000
v 4.2000 -0.0360 2.0000
v 4.2000 -0.0120 2.0000
v 4.2000 0.0120 2.0000
v 4.2000 0.0360 2.0000
v 4.2000 0.0600 2.0000
v 3.8000 -0.0600 2.0000
v 3.8000 -0.0360 2.0000
v 3.8000 -0.0120 2.0000
v 3.8000 0.0120 2.0000
v 3.8000 0.0360 2.0000
v 3.8000 0.0600 2.0000
v 3.4000 -0.0600 2.0000
v 3.4000 -0.0360 2.0000
v 3.4000 -0.0120 2.0000
v 3.4000 0.0120 2.0000
v 3.4000 0.0360 2.0000
v 3.4000 0.0600 2.0000
v 3.0000 -0.0600 2.0000
v 3.0000 -0.0360 2.0000
v 3.0000 -0.0120 2.0000
v 3.0000 0.0120 2.0000
v 3.0000 0.0360 2.0000
v 3.0000 0.0600 2.0000
v 3.0000 -0.0600 2.0000
v 3.0000 -0.0360 2.0000
v 3.0000 -0.0120 2.0000
v 3.0000 0.0120 2.0000
v 3.0000 0.0360 2.0000
v 3.0000 0.0600 2.0000
v 3.0000 -0.0600 2.4000
v 3.0000 -0.0360 2.4000
v 3.0000 -0.0120 2.4000
v 3.0000 0.0120 2.4000
v 3.0000 0.0360 2.4000
v 3.0000 0.0600 2.4000
v 3.0000 -0.0600 2.8000
v 3.0000 -0.0360 2.8000
v 3.0000 -0.0120 2.8000
v 3.0000 0.0120 2.8000
v 3.0000 0.0360 2.8000
v 3.0000 0.0600 2.8000
v 3.0000 -0.0600 3.2000
v 3.0000 -0.0360 3.2000
v 3.0000 -0.0120 3.2000
v 3.0000 0.0120 3.2000
v 3.0000 0.0360 3.2000
v 3.0000 0.0600 3.2000
v 3.0000 -0.0600 3.6000
v 3.0000 -0.0360 3.6000
v 3.0000 -0.0120 3.6000
v 3.0000 0.0120 3.6000
v 3.0000 0.0360 3.6000
v 3.0000 0.0600 3.6000
v 3.0000 -0.0600 4.0000
v 3.0000 -0.0360 4.0000
v 3.0000 -0.0120 4.0000
v 3.0000 0.0120 4.0000
v 3.0000 0.0360 4.0000
v 3.0000 0.0600 4.0000
v 5.0000 -0.0600 4.0000
v 5.0000 -0.0360 4.0000
v 5.0000 -0.0120 4.0000
v 5.0000 0.0120 4.0000
v 5.0000 0.0360 4.0000
v 5.0000 0.0600 4.0000
v 5.0000 -0.0600 3.6000
v 5.0000 -0.0360 3.6000
v 5.0000 -0.0120 3.6000
v 5.0000 0.0120 3.6000
v 5.0000 0.0360 3.6000
v 5.0000 0.0600 3.6000
v 5.0000 -0.0600 3.2000
v 5.0000 -0.0360 3.2000
v 5.0000 -0.0120 3.2000
v 5.0000 0.0120 3.2000
v 5.0000 0.0360 3.2000
v 5.0000 0.0600 3.2000
v 5.0000 -0.0600 2.8000
v 5.0000 -0.0360 2.8000
v 5.0000 -0.0120 2.8000
v 5.0000 0.0120 2.8000
v 5.0000 0.0360 2.8000
v 5.0000 0.0600 2.8000
v 5.0000 -0.0600 2.4000
v 5.0000 -0.0360 2.4000
v 5.0000 -0.0120 2.4000
v 5.0000 0.0120 2.4000
v 5.0000 0.0360 2.4000
v 5.0000 0.0600 2.4000
v 5.0000 -0.0600 2.0000
v 5.0000 -0.0360 2.0000
v 5.0000 -0.0120 2.0000
v 5.0000 0.0120 2.0000
v 5.0000 0.0360 2.0000
v 5.0000 0.0600 2.0000
v 3.0000 0.0600 2.0000
v 3.0000 0.0600 2.4000
v 3.0000 0.0600 2.8000
v 3.0000 0.0600 3.2000
v 3.0000 0.0600 3.6000
v 3.0000 0.0600 4.0000
v 3.4000 0.0600 2.0000
v 3.4000 0.0600 2.4000
v 3.4000 0.0600 2.8000
v 3.4000 0.0600 3.2000
v 3.4000 0.0600 3.6000
v 3.4000 0.0600 4.0000
v 3.8000 0.0600 2.0000
v 3.8000 0.0600 2.4000
v 3.8000 0.0600 2.8000
v 3.8000 0.0600 3.2000
v 3.8000 0.0600 3.6000
v 3.8000 0.0600 4.0000
v 4.2000 0.0600 2.0000
v 4.2000 0.0600 2.4000
v 4.2000 0.0600 2.8000
v 4.2000 0.0600 3.2000
v 4.2000 0.0600 3.6000
v 4.2000 0.0600 4.0000
v 4.6000 0.0600 2.0000
v 4.6000 0.0600 2.4000
v 4.6000 0.0600 2.8000
v 4.6000 0.0600 3.2000
v 4.6000 0.0600 3.6000
v 4.6000 0.0600 4.0000
v 5.0000 0.0600 2.0000
v 5.0000 0.0600 2.4000
v 5.0000 0.0600 2.8000
v 5.0000 0.0600 3.2000
v 5.0000 0.0600 3.6000
v 5.0000 0.0600 4.0000
v 3.0000 -0.0600 4.0000
v 3.0000 -0.0600 3.6000
v 3.0000 -0.0600 3.2000
v 3.0000 -0.0600 2.8000
v 3.0000 -0.0600 2.4000
v 3.0000 -0.0600 2.0000
v 3.4000 -0.0600 4.0000
v 3.4000 -0.0600 3.6000
v 3.4000 -0.0600 3.2000
v 3.4000 -0.0600 2.8000
v 3.4000 -0.0600 2.4000
v 3.4000 -0.0600 2.0000
v 3.8000 -0.0600 4.0000
v 3.8000 -0.0600 3.6000
v 3.8000 -0.0600 3.2000
v 3.8000 -0.0600 2.8000
v 3.8000 -0.0600 2.4000
v 3.8000 -0.0600 2.0000
v 4.2000 -0.0600 4.0000
v 4.2000 -0.0600 3.6000
v 4.2000 -0.0600 3.2000
v 4.2000 -0.0600 2.8000
v 4.2000 -0.0600 2.4000
v 4.2000 -0.0600 2.0000
v 4.6000 -0.0600 4.0000
v 4.6000 -0.0600 3.6000
v 4.6000 -0.0600 3.2000
v 4.6000 -0.0600 2.8000
v 4.6000 -0.0600 2.4000
v 4.6000 -0.0600 2.0000
v 5.0000 -0.0600 4.0000
v 5.0000 -0.0600 3.6000
v 5.0000 -0.0600 3.2000
v 5.0000 -0.0600 2.8000
v 5.0000 -0.0600 2.4000
v 5.0000 -0.0600 2.0000
f 4105 4106 4112
f 4105 4112 4111
f 4106 4107 4113
f 4106 4113 4112
f 4107 4108 4114
f 4107 4114 4113
f 4108 4109 4115
f 4108 4115 4114
f 4109 4110 4116
f 4109 4116 4115
f 4111 4112 4118
f 4111 4118 4117
f 4112 4113 4119
f 4112 4119 4118
f 4113 4114 4120
f 4113 4120 4119
f 4114 4115 4121
f 4114 4121 4120
f 4115 4116 4122
f 4115 4122 4121
f 4117 4118 4124
f 4117 4124 4123
f 4118 4119 4125
f 4118 4125 4124
f 4119 4120 4126
f 4119 4126 4125
f 4120 4121 4127
f 4120 4127 4126
f 4121 4122 4128
f 4121 4128 4127
f 4123 4124 4130
f 4123 4130 4129
f 4124 4125 4131
f 4124 4131 4130
f 4125 4126 4132
f 4125 4132 4131
f 4126 4127 4133
f 4126 4133 4132
f 4127 4128 4134
f 4127 4134 4133
f 4129 4130 4136
f 4129 4136 4135
f 4130 4131 4137
f 4130 4137 4136
f 4131 4132 4138
f 4131 4138 4137
f 4132 4133 4139
f 4132 4139 4138
f 4133 4134 4140
f 4133 4140 4139
f 4141 4142 4148
f 4141 4148 4147
f 4142 4143 4149
f 4142 4149 4148
f 4143 4144 4150
f 4143 4150 4149
f 4144 4145 4151
f 4144 4151 4150
f 4145 4146 4152
f 4145 4152 4151
f 4147 4148 4154
f 4147 4154 4153
f 4148 4149 4155
f 4148 4155 4154
f 4149 4150 4156
f 4149 4156 4155
f 4150 4151 4157
f 4150 4157 4156
f 4151 4152 4158
f 4151 4158 4157
f 4153 4154 4160
f 4153 4160 4159
f 4154 4155 4161
f 4154 4161 4160
f 4155 4156 4162
f 4155 4162 4161
f 4156 4157 4163
f 4156 4163 4162
f 4157 4158 4164
f 4157 4164 4163
f 4159 4160 4166
f 4159 4166 4165
f 4160 4161 4167
f 4160 4167 4166
f 4161 4162 4168
f 4161 4168 4167
f 4162 4163 4169
f 4162 4169 4168
f 4163 4164 4170
f 4163 4170 4169
f 4165 4166 4172
f 4165 4172 4171
f 4166 4167 4173
f 4166 4173 4172
f 4167 4168 4174
f 4167 4174 4173
f 4168 4169 4175
f 4168 4175 4174
f 4169 4170 4176
f 4169 4176 4175
f 4177 4178 4184
f 4177 4184 4183
f 4178 4179 4185
f 4178 4185 4184
f 4179 4180 4186
f 4179 4186 4185
f 4180 4181 4187
f 4180 4187 4186
f 4181 4182 4188
f 4181 4188 4187
f 4183 4184 4190
f 4183 4190 4189
f 4184 4185 4191
f 4184 4191 4190
f 4185 4186 4192
f 4185 4192 4191
f 4186 4187 4193
f 4186 4193 4192
f 4187 4188 4194
f 4187 4194 4193
f 4189 4190 4196
f 4189 4196 4195
f 4190 4191 4197
f 4190 4197 4196
f 4191 4192 4198
f 4191 4198 4197
f 4192 4193 4199
f 4192 4199 4198
f 4193 4194 4200
f 4193 4200 4199
f 4195 4196 4202
f 4195 4202 4201
f 4196 4197 4203
f 4196 4203 4202
f 4197 4198 4204
f 4197 4204 4203
f 4198 4199 4205
f 4198 4205 4204
f 4199 4200 4206
f 4199 4206 4205
f 4201 4202 4208
f 4201 4208 4207
f 4202 4203 4209
f 4202 4209 4208
f 4203 4204 4210
f 4203 4210 4209
f 4204 4205 4211
f 4204 4211 4210
f 4205 4206 4212
f 4205 4212 4211
f 4213 4214 4220
f 4213 4220 4219
f 4214 4215 4221
f 4214 4221 4220
f 4215 4216 4222
f 4215 4222 4221
f 4216 4217 4223
f 4216 4223 4222
f 4217 4218 4224
f 4217 4224 4223
f 4219 4220 4226
f 4219 4226 4225
f 4220 4221 4227
f 4220 4227 4226
f 4221 4222 4228
f 4221 4228 4227
f 4222 4223 4229
f 4222 4229 4228
f 4223 4224 4230
f 4223 4230 4229
f 4225 4226 4232
f 4225 4232 4231
f 4226 4227 4233
f 4226 4233 4232
f 4227 4228 4234
f 4227 4234 4233
f 4228 4229 4235
f 4228 4235 4234
f 4229 4230 4236
f 4229 4236 4235
f 4231 4232 4238
f 4231 4238 4237
f 4232 4233 4239
f 4232 4239 4238
f 4233 4234 4240
f 4233 4240 4239
f 4234 4235 4241
f 4234 4241 4240
f 4235 4236 4242
f 4235 4242 4241
f 4237 4238 4244
f 4237 4244 4243
f 4238 4239 4245
f 4238 4245 4244
f 4239 4240 4246
f 4239 4246 4245
f 4240 4241 4247
f 4240 4247 4246
f 4241 4242 4248
f 4241 4248 4247
f 4249 4250 4256
f 4249 4256 4255
f 4250 4251 4257
f 4250 4257 4256
f 4251 4252 4258
f 4251 4258 4257
f 4252 4253 4259
f 4252 4259 4258
f 4253 4254 4260
f 4253 4260 4259
f 4255 4256 4262
f 4255 4262 4261
f 4256 4257 4263
f 4256 4263 4262
f 4257 4258 4264
f 4257 4264 4263
f 4258 4259 4265
f 4258 4265 4264
f 4259 4260 4266
f 4259 4266 4265
f 4261 4262 4268
f 4261 4268 4267
f 4262 4263 4269
f 4262 4269 4268
f 4263 4264 4270
f 4263 4270 4269
f 4264 4265 4271
f 4264 4271 4270
f 4265 4266 4272
f 4265 4272 4271
f 4267 4268 4274
f 4267 4274 4273
f 4268 4269 4275
f 4268 4275 4274
f 4269 4270 4276
f 4269 4276 4275
f 4270 4271 4277
f 4270 4277 4276
f 4271 4272 4278
f 4271 4278 4277
f 4273 4274 4280
f 4273 4280 4279
f 4274 4275 4281
f 4274 4281 4280
f 4275 4276 4282
f 4275 4282 4281
f 4276 4277 4283
f 4276 4283 4282
f 4277 4278 4284
f 4277 4284 4283
f 4285 4286 4292
f 4285 4292 4291
f 4286 4287 4293
f 4286 4293 4292
f 4287 4288 4294
f 4287 4294 4293
f 4288 4289 4295
f 4288 4295 4294
f 4289 4290 4296
f 4289 4296 4295
f 4291 4292 4298
f 4291 4298 4297
f 4292 4293 4299
f 4292 4299 4298
f 4293 4294 4300
f 4293 4300 4299
f 4294 4295 4301
f 4294 4301 4300
f 4295 4296 4302
f 4295 4302 4301
f 4297 4298 4304
f 4297 4304 4303
f 4298 4299 4305
f 4298 4305 4304
f 4299 4300 4306
f 4299 4306 4305
f 4300 4301 4307
f 4300 4307 4306
f 4301 4302 4308
f 4301 4308 4307
f 4303 4304 4310
f 4303 4310 4309
f 4304 4305 4311
f 4304 4311 4310
f 4305 4306 4312
f 4305 4312 4311
f 4306 4307 4313
f 4306 4313 4312
f 4307 4308 4314
f 4307 4314 4313
f 4309 4310 4316
f 4309 4316 4315
f 4310 4311 4317
f 4310 4317 4316
f 4311 4312 4318
f 4311 4318 4317
f 4312 4313 4319
f 4312 4319 4318
f 4313 4314 4320
f 4313 4320 4319
g 벽_0
v -5.0000 0.0000 -3.9750
v -5.0000 0.3750 -3.9750
v -5.0000 0.7500 -3.9750
v -5.0000 1.1250 -3.9750
v -5.0000 1.5000 -3.9750
v -5.0000 1.8750 -3.9750
v -5.0000 2.2500 -3.9750
v -5.0000 2.6250 -3.9750
v -5.0000 3.0000 -3.9750
v -3.7500 0.0000 -3.9750
v -3.7500 0.3750 -3.9750
v -3.7500 0.7500 -3.9750
v -3.7500 1.1250 -3.9750
v -3.7500 1.5000 -3.9750
v -3.7500 1.8750 -3.9750
v -3.7500 2.2500 -3.9750
v -3.7500 2.6250 -3.9750
v -3.7500 3.0000 -3.9750
v -2.5000 0.0000 -3.9750
v -2.5000 0.3750 -3.9750
v -2.5000 0.7500 -3.9750
v -2.5000 1.1250 -3.9750
v -2.5000 1.5000 -3.9750
v -2.5000 1.8750 -3.9750
v -2.5000 2.2500 -3.9750
v -2.5000 2.6250 -3.9750
v -2.5000 3.0000 -3.9750
v -1.2500 0.0000 -3.9750
v -1.2500 0.3750 -3.9750
v -1.2500 0.7500 -3.9750
v -1.2500 1.1250 -3.9750
v -1.2500 1.5000 -3.9750
v -1.2500 1.8750 -3.9750
v -1.2500 2.2500 -3.9750
v -1.2500 2.6250 -3.9750
v -1.2500 3.0000 -3.9750
v 0.0000 0.0000 -3.9750
v 0.0000 0.3750 -3.9750
v 0.0000 0.7500 -3.9750
v 0.0000 1.1250 -3.9750
v 0.0000 1.5000 -3.9750
v 0.0000 1.8750 -3.9750
v 0.0000 2.2500 -3.9750
v 0.0000 2.6250 -3.9750
v 0.0000 3.0000 -3.9750
v 1.2500 0.0000 -3.9750
v 1.2500 0.3750 -3.9750
v 1.2500 0.7500 -3.9750
v 1.2500 1.1250 -3.9750
v 1.2500 1.5000 -3.9750
v 1.2500 1.8750 -3.9750
v 1.2500 2.2500 -3.9750
v 1.2500 2.6250 -3.9750
v 1.2500 3.0000 -3.9750
v 2.5000 0.0000 -3.9750
v 2.5000 0.3750 -3.9750
v 2.5000 0.7500 -3.9750
v 2.5000 1.1250 -3.9750
v 2.5000 1.5000 -3.9750
v 2.5000 1.8750 -3.9750
v 2.5000 2.2500 -3.9750
v 2.5000 2.6250 -3.9750
v 2.5000 3.0000 -3.9750
v 3.7500 0.0000 -3.9750
v 3.7500 0.3750 -3.9750
v 3.7500 0.7500 -3.9750
v 3.7500 1.1250 -3.9750
v 3.7500 1.5000 -3.9750
v 3.7500 1.8750 -3.9750
v 3.7500 2.2500 -3.9750
v 3.7500 2.6250 -3.9750
v 3.7500 3.0000 -3.9750
v 5.0000 0.0000 -3.9750
v 5.0000 0.3750 -3.9750
v 5.0000 0.7500 -3.9750
v 5.0000 1.1250 -3.9750
v 5.0000 1.5000 -3.9750
v 5.0000 1.8750 -3.9750
v 5.0000 2.2500 -3.9750
v 5.0000 2.6250 -3.9750
v 5.0000 3.0000 -3.9750
v 5.0000 0.0000 -4.2250
v 5.0000 0.3750 -4.2250
v 5.0000 0.7500 -4.2250
v 5.0000 1.1250 -4.2250
v 5.0000 1.5000 -4.2250
v 5.0000 1.8750 -4.2250
v 5.0000 2.2500 -4.2250
v 5.0000 2.6250 -4.2250
v 5.0000 3.0000 -4.2250
v 3.7500 0.0000 -4.2250
v 3.7500 0.3750 -4.2250
v 3.7500 0.7500 -4.2250
v 3.7500 1.1250 -4.2250
v 3.7500 1.5000 -4.2250
v 3.7500 1.8750 -4.2250
v 3.7500 2.2500 -4.2250
v 3.7500 2.6250 -4.2250
v 3.7500 3.0000 -4.2250
v 2.5000 0.0000 -4.2250
v 2.5000 0.3750 -4.2250
v 2.5000 0.7500 -4.2250
v 2.5000 1.1250 -4.2250
v 2.5000 1.5000 -4.2250
v 2.5000 1.8750 -4.2250
v 2.5000 2.2500 -4.2250
v 2.5000 2.6250 -4.2250
v 2.5000 3.0000 -4.2250
v 1.2500 0.0000 -4.2250
v 1.2500 0.3750 -4.2250
v 1.2500 0.7500 -4.2250
v 1.2500 1.1250 -4.2250
v 1.2500 1.5000 -4.2250
v 1.2500 1.8750 -4.2250
v 1.2500 2.2500 -4.2250
v 1.2500 2.6250 -4.2250
v 1.2500 3.0000 -4.2250
v 0.0000 0.0000 -4.2250
v 0.0000 0.3750 -4.2250
v 0.0000 0.7500 -4.2250
v 0.0000 1.1250 -4.2250
v 0.0000 1.5000 -4.2250
v 0.0000 1.8750 -4.2250
v 0.0000 2.2500 -4.2250
v 0.0000 2.6250 -4.2250
v 0.0000 3.0000 -4.2250
v -1.2500 0.0000 -4.2250
v -1.2500 0.3750 -4.2250
v -1.2500 0.7500 -4.2250
v -1.2500 1.1250 -4.2250
v -1.2500 1.5000 -4.2250
v -1.2500 1.8750 -4.2250
v -1.2500 2.2500 -4.2250
v -1.2500 2.6250 -4.2250
v -1.2500 3.0000 -4.2250
v -2.5000 0.0000 -4.2250
v -2.5000 0.3750 -4.2250
v -2.5000 0.7500 -4.2250
v -2.5000 1.1250 -4.2250
v -2.5000 1.5000 -4.2250
v -2.5000 1.8750 -4.2250
v -2.5000 2.2500 -4.2250
v -2.5000 2.6250 -4.2250
v -2.5000 3.0000 -4.2250
v -3.7500 0.0000 -4.2250
v -3.7500 0.3750 -4.2250
v -3.7500 0.7500 -4.2250
v -3.7500 1.1250 -4.2250
v -3.7500 1.5000 -4.2250
v -3.7500 1.8750 -4.2250
v -3.7500 2.2500 -4.2250
v -3.7500 2.6250 -4.2250
v -3.7500 3.0000 -4.2250
v -5.0000 0.0000 -4.2250
v -5.0000 0.3750 -4.2250
v -5.0000 0.7500 -4.2250
v -5.0000 1.1250 -4.2250
v -5.0000 1.5000 -4.2250
v -5.0000 1.8750 -4.2250
v -5.0000 2.2500 -4.2250
v -5.0000 2.6250 -4.2250
v -5.0000 3.0000 -4.2250
v -5.0000 0.0000 -4.2250
v -5.0000 0.3750 -4.2250
v -5.0000 0.7500 -4.2250
v -5.0000 1.1250 -4.2250
v -5.0000 1.5000 -4.2250
v -5.0000 1.8750 -4.2250
v -5.0000 2.2500 -4.2250
v -5.0000 2.6250 -4.2250
v -5.0000 3.0000 -4.2250
v -5.0000 0.0000 -4.1937
v -5.0000 0.3750 -4.1937
v -5.0000 0.7500 -4.1937
v -5.0000 1.1250 -4.1937
v -5.0000 1.5000 -4.1937
v -5.0000 1.8750 -4.1937
v -5.0000 2.2500 -4.1937
v -5.0000 2.6250 -4.1937
v -5.0000 3.0000 -4.1937
v -5.0000 0.0000 -4.1625
v -5.0000 0.3750 -4.1625
v -5.0000 0.7500 -4.1625
v -5.0000 1.1250 -4.1625
v -5.0000 1.5000 -4.1625
v -5.0000 1.8750 -4.1625
v -5.0000 2.2500 -4.1625
v -5.0000 2.6250 -4.1625
v -5.0000 3.0000 -4.1625
v -5.0000 0.0000 -4.1312
v -5.0000 0.3750 -4.1312
v -5.0000 0.7500 -4.1312
v -5.0000 1.1250 -4.1312
v -5.0000 1.5000 -4.1312
v -5.0000 1.8750 -4.1312
v -5.0000 2.2500 -4.1312
v -5.0000 2.6250 -4.1312
v -5.0000 3.0000 -4.1312
v -5.0000 0.0000 -4.1000
v -5.0000 0.3750 -4.1000
v -5.0000 0.7500 -4.1000
v -5.0000 1.1250 -4.1000
v -5.0000 1.5000 -4.1000
v -5.0000 1.8750 -4.1000
v -5.0000 2.2500 -4.1000
v -5.0000 2.6250 -4.1000
v -5.0000 3.0000 -4.1000
v -5.0000 0.0000 -4.0687
v -5.0000 0.3750 -4.0687
v -5.0000 0.7500 -4.0687
v -5.0000 1.1250 -4.0687
v -5.0000 1.5000 -4.0687
v -5.0000 1.8750 -4.0687
v -5.0000 2.2500 -4.0687
v -5.0000 2.6250 -4.0687
v -5.0000 3.0000 -4.0687
v -5.0000 0.0000 -4.0375
v -5.0000 0.3750 -4.0375
v -5.0000 0.7500 -4.0375
v -5.0000 1.1250 -4.0375
v -5.0000 1.5000 -4.0375
v -5.0000 1.8750 -4.0375
v -5.0000 2.2500 -4.0375
v -5.0000 2.6250 -4.0375
v -5.0000 3.0000 -4.0375
v -5.0000 0.0000 -4.0062
v -5.0000 0.3750 -4.0062
v -5.0000 0.7500 -4.0062
v -5.0000 1.1250 -4.0062
v -5.0000 1.5000 -4.0062
v -5.0000 1.8750 -4.0062
v -5.0000 2.2500 -4.0062
v -5.0000 2.6250 -4.0062
v -5.0000 3.0000 -4.0062
v -5.0000 0.0000 -3.9750
v -5.0000 0.3750 -3.9750
v -5.0000 0.7500 -3.9750
v -5.0000 1.1250 -3.9750
v -5.0000 1.5000 -3.9750
v -5.0000 1.8750 -3.9750
v -5.0000 2.2500 -3.9750
v -5.0000 2.6250 -3.9750
v -5.0000 3.0000 -3.9750
v 5.0000 0.0000 -3.9750
v 5.0000 0.3750 -3.9750
v 5.0000 0.7500 -3.9750
v 5.0000 1.1250 -3.9750
v 5.0000 1.5000 -3.9750
v 5.0000 1.8750 -3.9750
v 5.0000 2.2500 -3.9750
v 5.0000 2.6250 -3.9750
v 5.0000 3.0000 -3.9750
v 5.0000 0.0000 -4.0062
v 5.0000 0.3750 -4.0062
v 5.0000 0.7500 -4.0062
v 5.0000 1.1250 -4.0062
v 5.0000 1.5000 -4.0062
v 5.0000 1.8750 -4.0062
v 5.0000 2.2500 -4.0062
v 5.0000 2.6250 -4.0062
v 5.0000 3.0000 -4.0062
v 5.0000 0.0000 -4.0375
v 5.0000 0.3750 -4.0375
v 5.0000 0.7500 -4.0375
v 5.0000 1.1250 -4.0375
v 5.0000 1.5000 -4.0375
v 5.0000 1.8750 -4.0375
v 5.0000 2.2500 -4.0375
v 5.0000 2.6250 -4.0375
v 5.0000 3.0000 -4.0375
v 5.0000 0.0000 -4.0687
v 5.0000 0.3750 -4.0687
v 5.0000 0.7500 -4.0687
v 5.0000 1.1250 -4.0687
v 5.0000 1.5000 -4.0687
v 5.0000 1.8750 -4.0687
v 5.0000 2.2500 -4.0687
v 5.0000 2.6250 -4.0687
v 5.0000 3.0000 -4.0687
v 5.0000 0.0000 -4.1000
v 5.0000 0.3750 -4.1000
v 5.0000 0.7500 -4.1000
v 5.0000 1.1250 -4.1000
v 5.0000 1.5000 -4.1000
v 5.0000 1.8750 -4.1000
v 5.0000 2.2500 -4.1000
v 5.0000 2.6250 -4.1000
v 5.0000 3.0000 -4.1000
v 5.0000 0.0000 -4.1312
v 5.0000 0.3750 -4.1312
v 5.0000 0.7500 -4.1312
v 5.0000 1.1250 -4.1312
v 5.0000 1.5000 -4.1312
v 5.0000 1.8750 -4.1312
v 5.0000 2.2500 -4.1312
v 5.0000 2.6250 -4.1312
v 5.0000 3.0000 -4.1312
v 5.0000 0.0000 -4.1625
v 5.0000 0.3750 -4.1625
v 5.0000 0.7500 -4.1625
v 5.0000 1.1250 -4.1625
v 5.0000 1.5000 -4.1625
v 5.0000 1.8750 -4.1625
v 5.0000 2.2500 -4.1625
v 5.0000 2.6250 -4.1625
v 5.0000 3.0000 -4.1625
v 5.0000 0.0000 -4.1937
v 5.0000 0.3750 -4.1937
v 5.0000 0.7500 -4.1937
v 5.0000 1.1250 -4.1937
v 5.0000 1.5000 -4.1937
v 5.0000 1.8750 -4.1937
v 5.0000 2.2500 -4.1937
v 5.0000 2.6250 -4.1937
v 5.0000 3.0000 -4.1937
v 5.0000 0.0000 -4.2250
v 5.0000 0.3750 -4.2250
v 5.0000 0.7500 -4.2250
v 5.0000 1.1250 -4.2250
v 5.0000 1.5000 -4.2250
v 5.0000 1.8750 -4.2250
v 5.0000 2.2500 -4.2250
v 5.0000 2.6250 -4.2250
v 5.0000 3.0000 -4.2250
v -5.0000 3.0000 -4.2250
v -5.0000 3.0000 -4.1937
v -5.0000 3.0000 -4.1625
v -5.0000 3.0000 -4.1312
v -5.0000 3.0000 -4.1000
v -5.0000 3.0000 -4.0687
v -5.0000 3.0000 -4.0375
v -5.0000 3.0000 -4.0062
v -5.0000 3.0000 -3.9750
v -3.7500 3.0000 -4.2250
v -3.7500 3.0000 -4.1937
v -3.7500 3.0000 -4.1625
v -3.7500 3.0000 -4.1312
v -3.7500 3.0000 -4.1000
v -3.7500 3.0000 -4.0687
v -3.7500 3.0000 -4.0375
v -3.7500 3.0000 -4.0062
v -3.7500 3.0000 -3.9750
v -2.5000 3.0000 -4.2250
v -2.5000 3.0000 -4.1937
v -2.5000 3.0000 -4.1625
v -2.5000 3.0000 -4.1312
v -2.5000 3.0000 -4.1000
v -2.5000 3.0000 -4.0687
v -2.5000 3.0000 -4.0375
v -2.5000 3.0000 -4.0062
v -2.5000 3.0000 -3.9750
v -1.2500 3.0000 -4.2250
v -1.2500 3.0000 -4.1937
v -1.2500 3.0000 -4.1625
v -1.2500 3.0000 -4.1312
v -1.2500 3.0000 -4.1000
v -1.2500 3.0000 -4.0687
v -1.2500 3.0000 -4.0375
v -1.2500 3.0000 -4.0062
v -1.2500 3.0000 -3.9750
v 0.0000 3.0000 -4.2250
v 0.0000 3.0000 -4.1937
v 0.0000 3.0000 -4.1625
v 0.0000 3.0000 -4.1312
v 0.0000 3.0000 -4.1000
v 0.0000 3.0000 -4.0687
v 0.0000 3.0000 -4.0375
v 0.0000 3.0000 -4.0062
v 0.0000 3.0000 -3.9750
v 1.2500 3.0000 -4.2250
v 1.2500 3.0000 -4.1937
v 1.2500 3.0000 -4.1625
v 1.2500 3.0000 -4.1312
v 1.2500 3.0000 -4.1000
v 1.2500 3.0000 -4.0687
v 1.2500 3.0000 -4.0375
v 1.2500 3.0000 -4.0062
v 1.2500 3.0000 -3.9750
v 2.5000 3.0000 -4.2250
v 2.5000 3.0000 -4.1937
v 2.5000 3.0000 -4.1625
v 2.5000 3.0000 -4.1312
v 2.5000 3.0000 -4.1000
v 2.5000 3.0000 -4.0687
v 2.5000 3.0000 -4.0375
v 2.5000 3.0000 -4.0062
v 2.5000 3.0000 -3.9750
v 3.7500 3.0000 -4.2250
v 3.7500 3.0000 -4.1937
v 3.7500 3.0000 -4.1625
v 3.7500 3.0000 -4.1312
v 3.7500 3.0000 -4.1000
v 3.7500 3.0000 -4.0687
v 3.7500 3.0000 -4.0375
v 3.7500 3.0000 -4.0062
v 3.7500 3.0000 -3.9750
v 5.0000 3.0000 -4.2250
v 5.0000 3.0000 -4.1937
v 5.0000 3.0000 -4.1625
v 5.0000 3.0000 -4.1312
v 5.0000 3.0000 -4.1000
v 5.0000 3.0000 -4.0687
v 5.0000 3.0000 -4.0375
v 5.0000 3.0000 -4.0062
v 5.0000 3.0000 -3.9750
v -5.0000 0.0000 -3.9750
v -5.0000 0.0000 -4.0062
v -5.0000 0.0000 -4.0375
v -5.0000 0.0000 -4.0687
v -5.0000 0.0000 -4.1000
v -5.0000 0.0000 -4.1312
v -5.0000 0.0000 -4.1625
v -5.0000 0.0000 -4.1937
v -5.0000 0.0000 -4.2250
v -3.7500 0.0000 -3.9750
v -3.7500 0.0000 -4.0062
v -3.7500 0.0000 -4.0375
v -3.7500 0.0000 -4.0687
v -3.7500 0.0000 -4.1000
v -3.7500 0.0000 -4.1312
v -3.7500 0.0000 -4.1625
v -3.7500 0.0000 -4.1937
v -3.7500 0.0000 -4.2250
v -2.5000 0.0000 -3.9750
v -2.5000 0.0000 -4.0062
v -2.5000 0.0000 -4.0375
v -2.5000 0.0000 -4.0687
v -2.5000 0.0000 -4.1000
v -2.5000 0.0000 -4.1312
v -2.5000 0.0000 -4.1625
v -2.5000 0.0000 -4.1937
v -2.5000 0.0000 -4.2250
v -1.2500 0.0000 -3.9750
v -1.2500 0.0000 -4.0062
v -1.2500 0.0000 -4.0375
v -1.2500 0.0000 -4.0687
v -1.2500 0.0000 -4.1000
v -1.2500 0.0000 -4.1312
v -1.2500 0.0000 -4.1625
v -1.2500 0.0000 -4.1937
v -1.2500 0.0000 -4.2250
v 0.0000 0.0000 -3.9750
v 0.0000 0.0000 -4.0062
v 0.0000 0.0000 -4.0375
v 0.0000 0.0000 -4.0687
v 0.0000 0.0000 -4.1000
v 0.0000 0.0000 -4.1312
v 0.0000 0.0000 -4.1625
v 0.0000 0.0000 -4.1937
v 0.0000 0.0000 -4.2250
v 1.2500 0.0000 -3.9750
v 1.2500 0.0000 -4.0062
v 1.2500 0.0000 -4.0375
v 1.2500 0.0000 -4.0687
v 1.2500 0.0000 -4.1000
v 1.2500 0.0000 -4.1312
v 1.2500 0.0000 -4.1625
v 1.2500 0.0000 -4.1937
v 1.2500 0.0000 -4.2250
v 2.5000 0.0000 -3.9750
v 2.5000 0.0000 -4.0062
v 2.5000 0.0000 -4.0375
v 2.5000 0.0000 -4.0687
v 2.5000 0.0000 -4.1000
v 2.5000 0.0000 -4.1312
v 2.5000 0.0000 -4.1625
v 2.5000 0.0000 -4.1937
v 2.5000 0.0000 -4.2250
v 3.7500 0.0000 -3.9750
v 3.7500 0.0000 -4.0062
v 3.7500 0.0000 -4.0375
v 3.7500 0.0000 -4.0687
v 3.7500 0.0000 -4.1000
v 3.7500 0.0000 -4.1312
v 3.7500 0.0000 -4.1625
v 3.7500 0.0000 -4.1937
v 3.7500 0.0000 -4.2250
v 5.0000 0.0000 -3.9750
v 5.0000 0.0000 -4.0062
v 5.0000 0.0000 -4.0375
v 5.0000 0.0000 -4.0687
v 5.0000 0.0000 -4.1000
v 5.0000 0.0000 -4.1312
v 5.0000 0.0000 -4.1625
v 5.0000 0.0000 -4.1937
v 5.0000 0.0000 -4.2250
f 4321 4322 4331
f 4321 4331 4330
f 4322 4323 4332
f 4322 4332 4331
f 4323 4324 4333
f 4323 4333 4332
f 4324 4325 4334
f 4324 4334 4333
f 4325 4326 4335
f 4325 4335 4334
f 4326 4327 4336
f 4326 4336 4335
f 4327 4328 4337
f 4327 4337 4336
f 4328 4329 4338
f 4328 4338 4337
f 4330 4331 4340
f 4330 4340 4339
f 4331 4332 4341
f 4331 4341 4340
f 4332 4333 4342
f 4332 4342 4341
f 4333 4334 4343
f 4333 4343 4342
f 4334 4335 4344
f 4334 4344 4343
f 4335 4336 4345
f 4335 4345 4344
f 4336 4337 4346
f 4336 4346 4345
f 4337 4338 4347
f 4337 4347 4346
f 4339 4340 4349
f 4339 4349 4348
f 4340 4341 4350
f 4340 4350 4349
f 4341 4342 4351
f 4341 4351 4350
f 4342 4343 4352
f 4342 4352 4351
f 4343 4344 4353
f 4343 4353 4352
f 4344 4345 4354
f 4344 4354 4353
f 4345 4346 4355
f 4345 4355 4354
f 4346 4347 4356
f 4346 4356 4355
f 4348 4349 4358
f 4348 4358 4357
f 4349 4350 4359
f 4349 4359 4358
f 4350 4351 4360
f 4350 4360 4359
f 4351 4352 4361
f 4351 4361 4360
f 4352 4353 4362
f 4352 4362 4361
f 4353 4354 4363
f 4353 4363 4362
f 4354 4355 4364
f 4354 4364 4363
f 4355 4356 4365
f 4355 4365 4364
f 4357 4358 4367
f 4357 4367 4366
f 4358 4359 4368
f 4358 4368 4367
f 4359 4360 4369
f 4359 4369 4368
f 4360 4361 4370
f 4360 4370 4369
f 4361 4362 4371
f 4361 4371 4370
f 4362 4363 4372
f 4362 4372 4371
f 4363 4364 4373
f 4363 4373 4372
f 4364 4365 4374
f 4364 4374 4373
f 4366 4367 4376
f 4366 4376 4375
f 4367 4368 4377
f 4367 4377 4376
f 4368 4369 4378
f 4368 4378 4377
f 4369 4370 4379
f 4369 4379 4378
f 4370 4371 4380
f 4370 4380 4379
f 4371 4372 4381
f 4371 4381 4380
f 4372 4373 4382
f 4372 4382 4381
f 4373 4374 4383
f 4373 4383 4382
f 4375 4376 4385
f 4375 4385 4384
f 4376 4377 4386
f 4376 4386 4385
f 4377 4378 4387
f 4377 4387 4386
f 4378 4379 4388
f 4378 4388 4387
f 4379 4380 4389
f 4379 4389 4388
f 4380 4381 4390
f 4380 4390 4389
f 4381 4382 4391
f 4381 4391 4390
f 4382 4383 4392
f 4382 4392 4391
f 4384 4385 4394
f 4384 4394 4393
f 4385 4386 4395
f 4385 4395 4394
f 4386 4387 4396
f 4386 4396 4395
f 4387 4388 4397
f 4387 4397 4396
f 4388 4389 4398
f 4388 4398 4397
f 4389 4390 4399
f 4389 4399 4398
f 4390 4391 4400
f 4390 4400 4399
f 4391 4392 4401
f 4391 4401 4400
f 4402 4403 4412
f 4402 4412 4411
f 4403 4404 4413
f 4403 4413 4412
f 4404 4405 4414
f 4404 4414 4413
f 4405 4406 4415
f 4405 4415 4414
f 4406 4407 4416
f 4406 4416 4415
f 4407 4408 4417
f 4407 4417 4416
f 4408 4409 4418
f 4408 4418 4417
f 4409 4410 4419
f 4409 4419 4418
f 4411 4412 4421
f 4411 4421 4420
f 4412 4413 4422
f 4412 4422 4421
f 4413 4414 4423
f 4413 4423 4422
f 4414 4415 4424
f 4414 4424 4423
f 4415 4416 4425
f 4415 4425 4424
f 4416 4417 4426
f 4416 4426 4425
f 4417 4418 4427
f 4417 4427 4426
f 4418 4419 4428
f 4418 4428 4427
f 4420 4421 4430
f 4420 4430 4429
f 4421 4422 4431
f 4421 4431 4430
f 4422 4423 4432
f 4422 4432 4431
f 4423 4424 4433
f 4423 4433 4432
f 4424 4425 4434
f 4424 4434 4433
f 4425 4426 4435
f 4425 4435 4434
f 4426 4427 4436
f 4426 4436 4435
f 4427 4428 4437
f 4427 4437 4436
f 4429 4430 4439
f 4429 4439 4438
f 4430 4431 4440
f 4430 4440 4439
f 4431 4432 4441
f 4431 4441 4440
f 4432 4433 4442
f 4432 4442 4441
f 4433 4434 4443
f 4433 4443 4442
f 4434 4435 4444
f 4434 4444 4443
f 4435 4436 4445
f 4435 4445 4444
f 4436 4437 4446
f 4436 4446 4445
f 4438 4439 4448
f 4438 4448 4447
f 4439 4440 4449
f 4439 4449 4448
f 4440 4441 4450
f 4440 4450 4449
f 4441 4442 4451
f 4441 4451 4450
f 4442 4443 4452
f 4442 4452 4451
f 4443 4444 4453
f 4443 4453 4452
f 4444 4445 4454
f 4444 4454 4453
f 4445 4446 4455
f 4445 4455 4454
f 4447 4448 4457
f 4447 4457 4456
f 4448 4449 4458
f 4448 4458 4457
f 4449 4450 4459
f 4449 4459 4458
f 4450 4451 4460
f 4450 4460 4459
f 4451 4452 4461
f 4451 4461 4460
f 4452 4453 4462
f 4452 4462 4461
f 4453 4454 4463
f 4453 4463 4462
f 4454 4455 4464
f 4454 4464 4463
f 4456 4457 4466
f 4456 4466 4465
f 4457 4458 4467
f 4457 4467 4466
f 4458 4459 4468
f 4458 4468 4467
f 4459 4460 4469
f 4459 4469 4468
f 4460 4461 4470
f 4460 4470 4469
f 4461 4462 4471
f 4461 4471 4470
f 4462 4463 4472
f 4462 4472 4471
f 4463 4464 4473
f 4463 4473 4472
f 4465 4466 4475
f 4465 4475 4474
f 4466 4467 4476
f 4466 4476 4475
f 4467 4468 4477
f 4467 4477 4476
f 4468 4469 4478
f 4468 4478 4477
f 4469 4470 4479
f 4469 4479 4478
f 4470 4471 4480
f 4470 4480 4479
f 4471 4472 4481
f 4471 4481 4480
f 4472 4473 4482
f 4472 4482 4481
f 4483 4484 4493
f 4483 4493 4492
f 4484 4485 4494
f 4484 4494 4493
f 4485 4486 4495
f 4485 4495 4494
f 4486 4487 4496
f 4486 4496 4495
f 4487 4488 4497
f 4487 4497 4496
f 4488 4489 4498
f 4488 4498 4497
f 4489 4490 4499
f 4489 4499 4498
f 4490 4491 4500
f 4490 4500 4499
f 4492 4493 4502
f 4492 4502 4501
f 4493 4494 4503
f 4493 4503 4502
f 4494 4495 4504
f 4494 4504 4503
f 4495 4496 4505
f 4495 4505 4504
f 4496 4497 4506
f 4496 4506 4505
f 4497 4498 4507
f 4497 4507 4506
f 4498 4499 4508
f 4498 4508 4507
f 4499 4500 4509
f 4499 4509 4508
f 4501 4502 4511
f 4501 4511 4510
f 4502 4503 4512
f 4502 4512 4511
f 4503 4504 4513
f 4503 4513 4512
f 4504 4505 4514
f 4504 4514 4513
f 4505 4506 4515
f 4505 4515 4514
f 4506 4507 4516
f 4506 4516 4515
f 4507 4508 4517
f 4507 4517 4516
f 4508 4509 4518
f 4508 4518 4517
f 4510 4511 4520
f 4510 4520 4519
f 4511 4512 4521
f 4511 4521 4520
f 4512 4513 4522
f 4512 4522 4521
f 4513 4514 4523
f 4513 4523 4522
f 4514 4515 4524
f 4514 4524 4523
f 4515 4516 4525
f 4515 4525 4524
f 4516 4517 4526
f 4516 4526 4525
f 4517 4518 4527
f 4517 4527 4526
f 4519 4520 4529
f 4519 4529 4528
f 4520 4521 4530
f 4520 4530 4529
f 4521 4522 4531
f 4521 4531 4530
f 4522 4523 4532
f 4522 4532 4531
f 4523 4524 4533
f 4523 4533 4532
f 4524 4525 4534
f 4524 4534 4533
f 4525 4526 4535
f 4525 4535 4534
f 4526 4527 4536
f 4526 4536 4535
f 4528 4529 4538
f 4528 4538 4537
f 4529 4530 4539
f 4529 4539 4538
f 4530 4531 4540
f 4530 4540 4539
f 4531 4532 4541
f 4531 4541 4540
f 4532 4533 4542
f 4532 4542 4541
f 4533 4534 4543
f 4533 4543 4542
f 4534 4535 4544
f 4534 4544 4543
f 4535 4536 4545
f 4535 4545 4544
f 4537 4538 4547
f 4537 4547 4546
f 4538 4539 4548
f 4538 4548 4547
f 4539 4540 4549
f 4539 4549 4548
f 4540 4541 4550
f 4540 4550 4549
f 4541 4542 4551
f 4541 4551 4550
f 4542 4543 4552
f 4542 4552 4551
f 4543 4544 4553
f 4543 4553 4552
f 4544 4545 4554
f 4544 4554 4553
f 4546 4547 4556
f 4546 4556 4555
f 4547 4548 4557
f 4547 4557 4556
f 4548 4549 4558
f 4548 4558 4557
f 4549 4550 4559
f 4549 4559 4558
f 4550 4551 4560
f 4550 4560 4559
f 4551 4552 4561
f 4551 4561 4560
f 4552 4553 4562
f 4552 4562 4561
f 4553 4554 4563
f 4553 4563 4562
f 4564 4565 4574
f 4564 4574 4573
f 4565 4566 4575
f 4565 4575 4574
f 4566 4567 4576
f 4566 4576 4575
f 4567 4568 4577
f 4567 4577 4576
f 4568 4569 4578
f 4568 4578 4577
f 4569 4570 4579
f 4569 4579 4578
f 4570 4571 4580
f 4570 4580 4579
f 4571 4572 4581
f 4571 4581 4580
f 4573 4574 4583
f 4573 4583 4582
f 4574 4575 4584
f 4574 4584 4583
f 4575 4576 4585
f 4575 4585 4584
f 4576 4577 4586
f 4576 4586 4585
f 4577 4578 4587
f 4577 4587 4586
f 4578 4579 4588
f 4578 4588 4587
f 4579 4580 4589
f 4579 4589 4588
f 4580 4581 4590
f 4580 4590 4589
f 4582 4583 4592
f 4582 4592 4591
f 4583 4584 4593
f 4583 4593 4592
f 4584 4585 4594
f 4584 4594 4593
f 4585 4586 4595
f 4585 4595 4594
f 4586 4587 4596
f 4586 4596 4595
f 4587 4588 4597
f 4587 4597 4596
f 4588 4589 4598
f 4588 4598 4597
f 4589 4590 4599
f 4589 4599 4598
f 4591 4592 4601
f 4591 4601 4600
f 4592 4593 4602
f 4592 4602 4601
f 4593 4594 4603
f 4593 4603 4602
f 4594 4595 4604
f 4594 4604 4603
f 4595 4596 4605
f 4595 4605 4604
f 4596 4597 4606
f 4596 4606 4605
f 4597 4598 4607
f 4597 4607 4606
f 4598 4599 4608
f 4598 4608 4607
f 4600 4601 4610
f 4600 4610 4609
f 4601 4602 4611
f 4601 4611 4610
f 4602 4603 4612
f 4602 4612 4611
f 4603 4604 4613
f 4603 4613 4612
f 4604 4605 4614
f 4604 4614 4613
f 4605 4606 4615
f 4605 4615 4614
f 4606 4607 4616
f 4606 4616 4615
f 4607 4608 4617
f 4607 4617 4616
f 4609 4610 4619
f 4609 4619 4618
f 4610 4611 4620
f 4610 4620 4619
f 4611 4612 4621
f 4611 4621 4620
f 4612 4613 4622
f 4612 4622 4621
f 4613 4614 4623
f 4613 4623 4622
f 4614 4615 4624
f 4614 4624 4623
f 4615 4616 4625
f 4615 4625 4624
f 4616 4617 4626
f 4616 4626 4625
f 4618 4619 4628
f 4618 4628 4627
f 4619 4620 4629
f 4619 4629 4628
f 4620 4621 4630
f 4620 4630 4629
f 4621 4622 4631
f 4621 4631 4630
f 4622 4623 4632
f 4622 4632 4631
f 4623 4624 4633
f 4623 4633 4632
f 4624 4625 4634
f 4624 4634 4633
f 4625 4626 4635
f 4625 4635 4634
f 4627 4628 4637
f 4627 4637 4636
f 4628 4629 4638
f 4628 4638 4637
f 4629 4630 4639
f 4629 4639 4638
f 4630 4631 4640
f 4630 4640 4639
f 4631 4632 4641
f 4631 4641 4640
f 4632 4633 4642
f 4632 4642 4641
f 4633 4634 4643
f 4633 4643 4642
f 4634 4635 4644
f 4634 4644 4643
f 4645 4646 4655
f 4645 4655 4654
f 4646 4647 4656
f 4646 4656 4655
f 4647 4648 4657
f 4647 4657 4656
f 4648 4649 4658
f 4648 4658 4657
f 4649 4650 4659
f 4649 4659 4658
f 4650 4651 4660
f 4650 4660 4659
f 4651 4652 4661
f 4651 4661 4660
f 4652 4653 4662
f 4652 4662 4661
f 4654 4655 4664
f 4654 4664 4663
f 4655 4656 4665
f 4655 4665 4664
f 4656 4657 4666
f 4656 4666 4665
f 4657 4658 4667
f 4657 4667 4666
f 4658 4659 4668
f 4658 4668 4667
f 4659 4660 4669
f 4659 4669 4668
f 4660 4661 4670
f 4660 4670 4669
f 4661 4662 4671
f 4661 4671 4670
f 4663 4664 4673
f 4663 4673 4672
f 4664 4665 4674
f 4664 4674 4673
f 4665 4666 4675
f 4665 4675 4674
f 4666 4667 4676
f 4666 4676 4675
f 4667 4668 4677
f 4667 4677 4676
f 4668 4669 4678
f 4668 4678 4677
f 4669 4670 4679
f 4669 4679 4678
f 4670 4671 4680
f 4670 4680 4679
f 4672 4673 4682
f 4672 4682 4681
f 4673 4674 4683
f 4673 4683 4682
f 4674 4675 4684
f 4674 4684 4683
f 4675 4676 4685
f 4675 4685 4684
f 4676 4677 4686
f 4676 4686 4685
f 4677 4678 4687
f 4677 4687 4686
f 4678 4679 4688
f 4678 4688 4687
f 4679 4680 4689
f 4679 4689 4688
f 4681 4682 4691
f 4681 4691 4690
f 4682 4683 4692
f 4682 4692 4691
f 4683 4684 4693
f 4683 4693 4692
f 4684 4685 4694
f 4684 4694 4693
f 4685 4686 4695
f 4685 4695 4694
f 4686 4687 4696
f 4686 4696 4695
f 4687 4688 4697
f 4687 4697 4696
f 4688 4689 4698
f 4688 4698 4697
f 4690 4691 4700
f 4690 4700 4699
f 4691 4692 4701
f 4691 4701 4700
f 4692 4693 4702
f 4692 4702 4701
f 4693 4694 4703
f 4693 4703 4702
f 4694 4695 4704
f 4694 4704 4703
f 4695 4696 4705
f 4695 4705 4704
f 4696 4697 4706
f 4696 4706 4705
f 4697 4698 4707
f 4697 4707 4706
f 4699 4700 4709
f 4699 4709 4708
f 4700 4701 4710
f 4700 4710 4709
f 4701 4702 4711
f 4701 4711 4710
f 4702 4703 4712
f 4702 4712 4711
f 4703 4704 4713
f 4703 4713 4712
f 4704 4705 4714
f 4704 4714 4713
f 4705 4706 4715
f 4705 4715 4714
f 4706 4707 4716
f 4706 4716 4715
f 4708 4709 4718
f 4708 4718 4717
f 4709 4710 4719
f 4709 4719 4718
f 4710 4711 4720
f 4710 4720 4719
f 4711 4712 4721
f 4711 4721 4720
f 4712 4713 4722
f 4712 4722 4721
f 4713 4714 4723
f 4713 4723 4722
f 4714 4715 4724
f 4714 4724 4723
f 4715 4716 4725
f 4715 4725 4724
f 4726 4727 4736
f 4726 4736 4735
f 4727 4728 4737
f 4727 4737 4736
f 4728 4729 4738
f 4728 4738 4737
f 4729 4730 4739
f 4729 4739 4738
f 4730 4731 4740
f 4730 4740 4739
f 4731 4732 4741
f 4731 4741 4740
f 4732 4733 4742
f 4732 4742 4741
f 4733 4734 4743
f 4733 4743 4742
f 4735 4736 4745
f 4735 4745 4744
f 4736 4737 4746
f 4736 4746 4745
f 4737 4738 4747
f 4737 4747 4746
f 4738 4739 4748
f 4738 4748 4747
f 4739 4740 4749
f 4739 4749 4748
f 4740 4741 4750
f 4740 4750 4749
f 4741 4742 4751
f 4741 4751 4750
f 4742 4743 4752
f 4742 4752 4751
f 4744 4745 4754
f 4744 4754 4753
f 4745 4746 4755
f 4745 4755 4754
f 4746 4747 4756
f 4746 4756 4755
f 4747 4748 4757
f 4747 4757 4756
f 4748 4749 4758
f 4748 4758 4757
f 4749 4750 4759
f 4749 4759 4758
f 4750 4751 4760
f 4750 4760 4759
f 4751 4752 4761
f 4751 4761 4760
f 4753 4754 4763
f 4753 4763 4762
f 4754 4755 4764
f 4754 4764 4763
f 4755 4756 4765
f 4755 4765 4764
f 4756 4757 4766
f 4756 4766 4765
f 4757 4758 4767
f 4757 4767 4766
f 4758 4759 4768
f 4758 4768 4767
f 4759 4760 4769
f 4759 4769 4768
f 4760 4761 4770
f 4760 4770 4769
f 4762 4763 4772
f 4762 4772 4771
f 4763 4764 4773
f 4763 4773 4772
f 4764 4765 4774
f 4764 4774 4773
f 4765 4766 4775
f 4765 4775 4774
f 4766 4767 4776
f 4766 4776 4775
f 4767 4768 4777
f 4767 4777 4776
f 4768 4769 4778
f 4768 4778 4777
f 4769 4770 4779
f 4769 4779 4778
f 4771 4772 4781
f 4771 4781 4780
f 4772 4773 4782
f 4772 4782 4781
f 4773 4774 4783
f 4773 4783 4782
f 4774 4775 4784
f 4774 4784 4783
f 4775 4776 4785
f 4775 4785 4784
f 4776 4777 4786
f 4776 4786 4785
f 4777 4778 4787
f 4777 4787 4786
f 4778 4779 4788
f 4778 4788 4787
f 4780 4781 4790
f 4780 4790 4789
f 4781 4782 4791
f 4781 4791 4790
f 4782 4783 4792
f 4782 4792 4791
f 4783 4784 4793
f 4783 4793 4792
f 4784 4785 4794
f 4784 4794 4793
f 4785 4786 4795
f 4785 4795 4794
f 4786 4787 4796
f 4786 4796 4795
f 4787 4788 4797
f 4787 4797 4796
f 4789 4790 4799
f 4789 4799 4798
f 4790 4791 4800
f 4790 4800 4799
f 4791 4792 4801
f 4791 4801 4800
f 4792 4793 4802
f 4792 4802 4801
f 4793 4794 4803
f 4793 4803 4802
f 4794 4795 4804
f 4794 4804 4803
f 4795 4796 4805
f 4795 4805 4804
f 4796 4797 4806
f 4796 4806 4805
g 벽_1
v -5.0000 0.0000 4.2250
v -5.0000 0.3750 4.2250
v -5.0000 0.7500 4.2250
v -5.0000 1.1250 4.2250
v -5.0000 1.5000 4.2250
v -5.0000 1.8750 4.2250
v -5.0000 2.2500 4.2250
v -5.0000 2.6250 4.2250
v -5.0000 3.0000 4.2250
v -3.7500 0.0000 4.2250
v -3.7500 0.3750 4.2250
v -3.7500 0.7500 4.2250
v -3.7500 1.1250 4.2250
v -3.7500 1.5000 4.2250
v -3.7500 1.8750 4.2250
v -3.7500 2.2500 4.2250
v -3.7500 2.6250 4.2250
v -3.7500 3.0000 4.2250
v -2.5000 0.0000 4.2250
v -2.5000 0.3750 4.2250
v -2.5000 0.7500 4.2250
v -2.5000 1.1250 4.2250
v -2.5000 1.5000 4.2250
v -2.5000 1.8750 4.2250
v -2.5000 2.2500 4.2250
v -2.5000 2.6250 4.2250
v -2.5000 3.0000 4.2250
v -1.2500 0.0000 4.2250
v -1.2500 0.3750 4.2250
v -1.2500 0.7500 4.2250
v -1.2500 1.1250 4.2250
v -1.2500 1.5000 4.2250
v -1.2500 1.8750 4.2250
v -1.2500 2.2500 4.2250
v -1.2500 2.6250 4.2250
v -1.2500 3.0000 4.2250
v 0.0000 0.0000 4.2250
v 0.0000 0.3750 4.2250
v 0.0000 0.7500 4.2250
v 0.0000 1.1250 4.2250
v 0.0000 1.5000 4.2250
v 0.0000 1.8750 4.2250
v 0.0000 2.2500 4.2250
v 0.0000 2.6250 4.2250
v 0.0000 3.0000 4.2250
v 1.2500 0.0000 4.2250
v 1.2500 0.3750 4.2250
v 1.2500 0.7500 4.2250
v 1.2500 1.1250 4.2250
v 1.2500 1.5000 4.2250
v 1.2500 1.8750 4.2250
v 1.2500 2.2500 4.2250
v 1.2500 2.6250 4.2250
v 1.2500 3.0000 4.2250
v 2.5000 0.0000 4.2250
v 2.5000 0.3750 4.2250
v 2.5000 0.7500 4.2250
v 2.5000 1.1250 4.2250
v 2.5000 1.5000 4.2250
v 2.5000 1.8750 4.2250
v 2.5000 2.2500 4.2250
v 2.5000 2.6250 4.2250
v 2.5000 3.0000 4.2250
v 3.7500 0.0000 4.2250
v 3.7500 0.3750 4.2250
v 3.7500 0.7500 4.2250
v 3.7500 1.1250 4.2250
v 3.7500 1.5000 4.2250
v 3.7500 1.8750 4.2250
v 3.7500 2.2500 4.2250
v 3.7500 2.6250 4.2250
v 3.7500 3.0000 4.2250
v 5.0000 0.0000 4.2250
v 5.0000 0.3750 4.2250
v 5.0000 0.7500 4.2250
v 5.0000 1.1250 4.2250
v 5.0000 1.5000 4.2250
v 5.0000 1.8750 4.2250
v 5.0000 2.2500 4.2250
v 5.0000 2.6250 4.2250
v 5.0000 3.0000 4.2250
v 5.0000 0.0000 3.9750
v 5.0000 0.3750 3.9750
v 5.0000 0.7500 3.9750
v 5.0000 1.1250 3.9750
v 5.0000 1.5000 3.9750
v 5.0000 1.8750 3.9750
v 5.0000 2.2500 3.9750
v 5.0000 2.6250 3.9750
v 5.0000 3.0000 3.9750
v 3.7500 0.0000 3.9750
v 3.7500 0.3750 3.9750
v 3.7500 0.7500 3.9750
v 3.7500 1.1250 3.9750
v 3.7500 1.5000 3.9750
v 3.7500 1.8750 3.9750
v 3.7500 2.2500 3.9750
v 3.7500 2.6250 3.9750
v 3.7500 3.0000 3.9750
v 2.5000 0.0000 3.9750
v 2.5000 0.3750 3.9750
v 2.5000 0.7500 3.9750
v 2.5000 1.1250 3.9750
v 2.5000 1.5000 3.9750
v 2.5000 1.8750 3.9750
v 2.5000 2.2500 3.9750
v 2.5000 2.6250 3.9750
v 2.5000 3.0000 3.9750
v 1.2500 0.0000 3.9750
v 1.2500 0.3750 3.9750
v 1.2500 0.7500 3.9750
v 1.2500 1.1250 3.9750
v 1.2500 1.5000 3.9750
v 1.2500 1.8750 3.9750
v 1.2500 2.2500 3.9750
v 1.2500 2.6250 3.9750
v 1.2500 3.0000 3.9750
v 0.0000 0.0000 3.9750
v 0.0000 0.3750 3.9750
v 0.0000 0.7500 3.9750
v 0.0000 1.1250 3.9750
v 0.0000 1.5000 3.9750
v 0.0000 1.8750 3.9750
v 0.0000 2.2500 3.9750
v 0.0000 2.6250 3.9750
v 0.0000 3.0000 3.9750
v -1.2500 0.0000 3.9750
v -1.2500 0.3750 3.9750
v -1.2500 0.7500 3.9750
v -1.2500 1.1250 3.9750
v -1.2500 1.5000 3.9750
v -1.2500 1.8750 3.9750
v -1.2500 2.2500 3.9750
v -1.2500 2.6250 3.9750
v -1.2500 3.0000 3.9750
v -2.5000 0.0000 3.9750
v -2.5000 0.3750 3.9750
v -2.5000 0.7500 3.9750
v -2.5000 1.1250 3.9750
v -2.5000 1.5000 3.9750
v -2.5000 1.8750 3.9750
v -2.5000 2.2500 3.9750
v -2.5000 2.6250 3.9750
v -2.5000 3.0000 3.9750
v -3.7500 0.0000 3.9750
v -3.7500 0.3750 3.9750
v -3.7500 0.7500 3.9750
v -3.7500 1.1250 3.9750
v -3.7500 1.5000 3.9750
v -3.7500 1.8750 3.9750
v -3.7500 2.2500 3.9750
v -3.7500 2.6250 3.9750
v -3.7500 3.0000 3.9750
v -5.0000 0.0000 3.9750
v -5.0000 0.3750 3.9750
v -5.0000 0.7500 3.9750
v -5.0000 1.1250 3.9750
v -5.0000 1.5000 3.9750
v -5.0000 1.8750 3.9750
v -5.0000 2.2500 3.9750
v -5.0000 2.6250 3.9750
v -5.0000 3.0000 3.9750
v -5.0000 0.0000 3.9750
v -5.0000 0.3750 3.9750
v -5.0000 0.7500 3.9750
v -5.0000 1.1250 3.9750
v -5.0000 1.5000 3.9750
v -5.0000 1.8750 3.9750
v -5.0000 2.2500 3.9750
v -5.0000 2.6250 3.9750
v -5.0000 3.0000 3.9750
v -5.0000 0.0000 4.0062
v -5.0000 0.3750 4.0062
v -5.0000 0.7500 4.0062
v -5.0000 1.1250 4.0062
v -5.0000 1.5000 4.0062
v -5.0000 1.8750 4.0062
v -5.0000 2.2500 4.0062
v -5.0000 2.6250 4.0062
v -5.0000 3.0000 4.0062
v -5.0000 0.0000 4.0375
v -5.0000 0.3750 4.0375
v -5.0000 0.7500 4.0375
v -5.0000 1.1250 4.0375
v -5.0000 1.5000 4.0375
v -5.0000 1.8750 4.0375
v -5.0000 2.2500 4.0375
v -5.0000 2.6250 4.0375
v -5.0000 3.0000 4.0375
v -5.0000 0.0000 4.0687
v -5.0000 0.3750 4.0687
v -5.0000 0.7500 4.0687
v -5.0000 1.1250 4.0687
v -5.0000 1.5000 4.0687
v -5.0000 1.8750 4.0687
v -5.0000 2.2500 4.0687
v -5.0000 2.6250 4.0687
v -5.0000 3.0000 4.0687
v -5.0000 0.0000 4.1000
v -5.0000 0.3750 4.1000
v -5.0000 0.7500 4.1000
v -5.0000 1.1250 4.1000
v -5.0000 1.5000 4.1000
v -5.0000 1.8750 4.1000
v -5.0000 2.2500 4.1000
v -5.0000 2.6250 4.1000
v -5.0000 3.0000 4.1000
v -5.0000 0.0000 4.1312
v -5.0000 0.3750 4.1312
v -5.0000 0.7500 4.1312
v -5.0000 1.1250 4.1312
v -5.0000 1.5000 4.1312
v -5.0000 1.8750 4.1312
v -5.0000 2.2500 4.1312
v -5.0000 2.6250 4.1312
v -5.0000 3.0000 4.1312
v -5.0000 0.0000 4.1625
v -5.0000 0.3750 4.1625
v -5.0000 0.7500 4.1625
v -5.0000 1.1250 4.1625
v -5.0000 1.5000 4.1625
v -5.0000 1.8750 4.1625
v -5.0000 2.2500 4.1625
v -5.0000 2.6250 4.1625
v -5.0000 3.0000 4.1625
v -5.0000 0.0000 4.1937
v -5.0000 0.3750 4.1937
v -5.0000 0.7500 4.1937
v -5.0000 1.1250 4.1937
v -5.0000 1.5000 4.1937
v -5.0000 1.8750 4.1937
v -5.0000 2.2500 4.1937
v -5.0000 2.6250 4.1937
v -5.0000 3.0000 4.1937
v -5.0000 0.0000 4.2250
v -5.0000 0.3750 4.2250
v -5.0000 0.7500 4.2250
v -5.0000 1.1250 4.2250
v -5.0000 1.5000 4.2250
v -5.0000 1.8750 4.2250
v -5.0000 2.2500 4.2250
v -5.0000 2.6250 4.2250
v -5.0000 3.0000 4.2250
v 5.0000 0.0000 4.2250
v 5.0000 0.3750 4.2250
v 5.0000 0.7500 4.2250
v 5.0000 1.1250 4.2250
v 5.0000 1.5000 4.2250
v 5.0000 1.8750 4.2250
v 5.0000 2.2500 4.2250
v 5.0000 2.6250 4.2250
v 5.0000 3.0000 4.2250
v 5.0000 0.0000 4.1937
v 5.0000 0.3750 4.1937
v 5.0000 0.7500 4.1937
v 5.0000 1.1250 4.1937
v 5.0000 1.5000 4.1937
v 5.0000 1.8750 4.1937
v 5.0000 2.2500 4.1937
v 5.0000 2.6250 4.1937
v 5.0000 3.0000 4.1937
v 5.0000 0.0000 4.1625
v 5.0000 0.3750 4.1625
v 5.0000 0.7500 4.1625
v 5.0000 1.1250 4.1625
v 5.0000 1.5000 4.1625
v 5.0000 1.8750 4.1625
v 5.0000 2.2500 4.1625
v 5.0000 2.6250 4.1625
v 5.0000 3.0000 4.1625
v 5.0000 0.0000 4.1312
v 5.0000 0.3750 4.1312
v 5.0000 0.7500 4.1312
v 5.0000 1.1250 4.1312
v 5.0000 1.5000 4.1312
v 5.0000 1.8750 4.1312
v 5.0000 2.2500 4.1312
v 5.0000 2.6250 4.1312
v 5.0000 3.0000 4.1312
v 5.0000 0.0000 4.1000
v 5.0000 0.3750 4.1000
v 5.0000 0.7500 4.1000
v 5.0000 1.1250 4.1000
v 5.0000 1.5000 4.1000
v 5.0000 1.8750 4.1000
v 5.0000 2.2500 4.1000
v 5.0000 2.6250 4.1000
v 5.0000 3.0000 4.1000
v 5.0000 0.0000 4.0687
v 5.0000 0.3750 4.0687
v 5.0000 0.7500 4.0687
v 5.0000 1.1250 4.0687
v 5.0000 1.5000 4.0687
v 5.0000 1.8750 4.0687
v 5.0000 2.2500 4.0687
v 5.0000 2.6250 4.0687
v 5.0000 3.0000 4.0687
v 5.0000 0.0000 4.0375
v 5.0000 0.3750 4.0375
v 5.0000 0.7500 4.0375
v 5.0000 1.1250 4.0375
v 5.0000 1.5000 4.0375
v 5.0000 1.8750 4.0375
v 5.0000 2.2500 4.0375
v 5.0000 2.6250 4.0375
v 5.0000 3.0000 4.0375
v 5.0000 0.0000 4.0062
v 5.0000 0.3750 4.0062
v 5.0000 0.7500 4.0062
v 5.0000 1.1250 4.0062
v 5.0000 1.5000 4.0062
v 5.0000 1.8750 4.0062
v 5.0000 2.2500 4.0062
v 5.0000 2.6250 4.0062
v 5.0000 3.0000 4.0062
v 5.0000 0.0000 3.9750
v 5.0000 0.3750 3.9750
v 5.0000 0.7500 3.9750
v 5.0000 1.1250 3.9750
v 5.0000 1.5000 3.9750
v 5.0000 1.8750 3.9750
v 5.0000 2.2500 3.9750
v 5.0000 2.6250 3.9750
v 5.0000 3.0000 3.9750
v -5.0000 3.0000 3.9750
v -5.0000 3.0000 4.0062
v -5.0000 3.0000 4.0375
v -5.0000 3.0000 4.0687
v -5.0000 3.0000 4.1000
v -5.0000 3.0000 4.1312
v -5.0000 3.0000 4.1625
v -5.0000 3.0000 4.1937
v -5.0000 3.0000 4.2250
v -3.7500 3.0000 3.9750
v -3.7500 3.0000 4.0062
v -3.7500 3.0000 4.0375
v -3.7500 3.0000 4.0687
v -3.7500 3.0000 4.1000
v -3.7500 3.0000 4.1312
v -3.7500 3.0000 4.1625
v -3.7500 3.0000 4.1937
v -3.7500 3.0000 4.2250
v -2.5000 3.0000 3.9750
v -2.5000 3.0000 4.0062
v -2.5000 3.0000 4.0375
v -2.5000 3.0000 4.0687
v -2.5000 3.0000 4.1000
v -2.5000 3.0000 4.1312
v -2.5000 3.0000 4.1625
v -2.5000 3.0000 4.1937
v -2.5000 3.0000 4.2250
v -1.2500 3.0000 3.9750
v -1.2500 3.0000 4.0062
v -1.2500 3.0000 4.0375
v -1.2500 3.0000 4.0687
v -1.2500 3.0000 4.1000
v -1.2500 3.0000 4.1312
v -1.2500 3.0000 4.1625
v -1.2500 3.0000 4.1937
v -1.2500 3.0000 4.2250
v 0.0000 3.0000 3.9750
v 0.0000 3.0000 4.0062
v 0.0000 3.0000 4.0375
v 0.0000 3.0000 4.0687
v 0.0000 3.0000 4.1000
v 0.0000 3.0000 4.1312
v 0.0000 3.0000 4.1625
v 0.0000 3.0000 4.1937
v 0.0000 3.0000 4.2250
v 1.2500 3.0000 3.9750
v 1.2500 3.0000 4.0062
v 1.2500 3.0000 4.0375
v 1.2500 3.0000 4.0687
v 1.2500 3.0000 4.1000
v 1.2500 3.0000 4.1312
v 1.2500 3.0000 4.1625
v 1.2500 3.0000 4.1937
v 1.2500 3.0000 4.2250
v 2.5000 3.0000 3.9750
v 2.5000 3.0000 4.0062
v 2.5000 3.0000 4.0375
v 2.5000 3.0000 4.0687
v 2.5000 3.0000 4.1000
v 2.5000 3.0000 4.1312
v 2.5000 3.0000 4.1625
v 2.5000 3.0000 4.1937
v 2.5000 3.0000 4.2250
v 3.7500 3.0000 3.9750
v 3.7500 3.0000 4.0062
v 3.7500 3.0000 4.0375
v 3.7500 3.0000 4.0687
v 3.7500 3.0000 4.1000
v 3.7500 3.0000 4.1312
v 3.7500 3.0000 4.1625
v 3.7500 3.0000 4.1937
v 3.7500 3.0000 4.2250
v 5.0000 3.0000 3.9750
v 5.0000 3.0000 4.0062
v 5.0000 3.0000 4.0375
v 5.0000 3.0000 4.0687
v 5.0000 3.0000 4.1000
v 5.0000 3.0000 4.1312
v 5.0000 3.0000 4.1625
v 5.0000 3.0000 4.1937
v 5.0000 3.0000 4.2250
v -5.0000 0.0000 4.2250
v -5.0000 0.0000 4.1937
v -5.0000 0.0000 4.1625
v -5.0000 0.0000 4.1312
v -5.0000 0.0000 4.1000
v -5.0000 0.0000 4.0687
v -5.0000 0.0000 4.0375
v -5.0000 0.0000 4.0062
v -5.0000 0.0000 3.9750
v -3.7500 0.0000 4.2250
v -3.7500 0.0000 4.1937
v -3.7500 0.0000 4.1625
v -3.7500 0.0000 4.1312
v -3.7500 0.0000 4.1000
v -3.7500 0.0000 4.0687
v -3.7500 0.0000 4.0375
v -3.7500 0.0000 4.0062
v -3.7500 0.0000 3.9750
v -2.5000 0.0000 4.2250
v -2.5000 0.0000 4.1937
v -2.5000 0.0000 4.1625
v -2.5000 0.0000 4.1312
v -2.5000 0.0000 4.1000
v -2.5000 0.0000 4.0687
v -2.5000 0.0000 4.0375
v -2.5000 0.0000 4.0062
v -2.5000 0.0000 3.9750
v -1.2500 0.0000 4.2250
v -1.2500 0.0000 4.1937
v -1.2500 0.0000 4.1625
v -1.2500 0.0000 4.1312
v -1.2500 0.0000 4.1000
v -1.2500 0.0000 4.0687
v -1.2500 0.0000 4.0375
v -1.2500 0.0000 4.0062
v -1.2500 0.0000 3.9750
v 0.0000 0.0000 4.2250
v 0.0000 0.0000 4.1937
v 0.0000 0.0000 4.1625
v 0.0000 0.0000 4.1312
v 0.0000 0.0000 4.1000
v 0.0000 0.0000 4.0687
v 0.0000 0.0000 4.0375
v 0.0000 0.0000 4.0062
v 0.0000 0.0000 3.9750
v 1.2500 0.0000 4.2250
v 1.2500 0.0000 4.1937
v 1.2500 0.0000 4.1625
v 1.2500 0.0000 4.1312
v 1.2500 0.0000 4.1000
v 1.2500 0.0000 4.0687
v 1.2500 0.0000 4.0375
v 1.2500 0.0000 4.0062
v 1.2500 0.0000 3.9750
v 2.5000 0.0000 4.2250
v 2.5000 0.0000 4.1937
v 2.5000 0.0000 4.1625
v 2.5000 0.0000 4.1312
v 2.5000 0.0000 4.1000
v 2.5000 0.0000 4.0687
v 2.5000 0.0000 4.0375
v 2.5000 0.0000 4.0062
v 2.5000 0.0000 3.9750
v 3.7500 0.0000 4.2250
v 3.7500 0.0000 4.1937
v 3.7500 0.0000 4.1625
v 3.7500 0.0000 4.1312
v 3.7500 0.0000 4.1000
v 3.7500 0.0000 4.0687
v 3.7500 0.0000 4.0375
v 3.7500 0.0000 4.0062
v 3.7500 0.0000 3.9750
v 5.0000 0.0000 4.2250
v 5.0000 0.0000 4.1937
v 5.0000 0.0000 4.1625
v 5.0000 0.0000 4.1312
v 5.0000 0.0000 4.1000
v 5.0000 0.0000 4.0687
v 5.0000 0.0000 4.0375
v 5.0000 0.0000 4.0062
v 5.0000 0.0000 3.9750
f 4807 4808 4817
f 4807 4817 4816
f 4808 4809 4818
f 4808 4818 4817
f 4809 4810 4819
f 4809 4819 4818
f 4810 4811 4820
f 4810 4820 4819
f 4811 4812 4821
f 4811 4821 4820
f 4812 4813 4822
f 4812 4822 4821
f 4813 4814 4823
f 4813 4823 4822
f 4814 4815 4824
f 4814 4824 4823
f 4816 4817 4826
f 4816 4826 4825
f 4817 4818 4827
f 4817 4827 4826
f 4818 4819 4828
f 4818 4828 4827
f 4819 4820 4829
f 4819 4829 4828
f 4820 4821 4830
f 4820 4830 4829
f 4821 4822 4831
f 4821 4831 4830
f 4822 4823 4832
f 4822 4832 4831
f 4823 4824 4833
f 4823 4833 4832
f 4825 4826 4835
f 4825 4835 4834
f 4826 4827 4836
f 4826 4836 4835
f 4827 4828 4837
f 4827 4837 4836
f 4828 4829 4838
f 4828 4838 4837
f 4829 4830 4839
f 4829 4839 4838
f 4830 4831 4840
f 4830 4840 4839
f 4831 4832 4841
f 4831 4841 4840
f 4832 4833 4842
f 4832 4842 4841
f 4834 4835 4844
f 4834 4844 4843
f 4835 4836 4845
f 4835 4845 4844
f 4836 4837 4846
f 4836 4846 4845
f 4837 4838 4847
f 4837 4847 4846
f 4838 4839 4848
f 4838 4848 4847
f 4839 4840 4849
f 4839 4849 4848
f 4840 4841 4850
f 4840 4850 4849
f 4841 4842 4851
f 4841 4851 4850
f 4843 4844 4853
f 4843 4853 4852
f 4844 4845 4854
f 4844 4854 4853
f 4845 4846 4855
f 4845 4855 4854
f 4846 4847 4856
f 4846 4856 4855
f 4847 4848 4857
f 4847 4857 4856
f 4848 4849 4858
f 4848 4858 4857
f 4849 4850 4859
f 4849 4859 4858
f 4850 4851 4860
f 4850 4860 4859
f 4852 4853 4862
f 4852 4862 4861
f 4853 4854 4863
f 4853 4863 4862
f 4854 4855 4864
f 4854 4864 4863
f 4855 4856 4865
f 4855 4865 4864
f 4856 4857 4866
f 4856 4866 4865
f 4857 4858 4867
f 4857 4867 4866
f 4858 4859 4868
f 4858 4868 4867
f 4859 4860 4869
f 4859 4869 4868
f 4861 4862 4871
f 4861 4871 4870
f 4862 4863 4872
f 4862 4872 4871
f 4863 4864 4873
f 4863 4873 4872
f 4864 4865 4874
f 4864 4874 4873
f 4865 4866 4875
f 4865 4875 4874
f 4866 4867 4876
f 4866 4876 4875
f 4867 4868 4877
f 4867 4877 4876
f 4868 4869 4878
f 4868 4878 4877
f 4870 4871 4880
f 4870 4880 4879
f 4871 4872 4881
f 4871 4881 4880
f 4872 4873 4882
f 4872 4882 4881
f 4873 4874 4883
f 4873 4883 4882
f 4874 4875 4884
f 4874 4884 4883
f 4875 4876 4885
f 4875 4885 4884
f 4876 4877 4886
f 4876 4886 4885
f 4877 4878 4887
f 4877 4887 4886
f 4888 4889 4898
f 4888 4898 4897
f 4889 4890 4899
f 4889 4899 4898
f 4890 4891 4900
f 4890 4900 4899
f 4891 4892 4901
f 4891 4901 4900
f 4892 4893 4902
f 4892 4902 4901
f 4893 4894 4903
f 4893 4903 4902
f 4894 4895 4904
f 4894 4904 4903
f 4895 4896 4905
f 4895 4905 4904
f 4897 4898 4907
f 4897 4907 4906
f 4898 4899 4908
f 4898 4908 4907
f 4899 4900 4909
f 4899 4909 4908
f 4900 4901 4910
f 4900 4910 4909
f 4901 4902 4911
f 4901 4911 4910
f 4902 4903 4912
f 4902 4912 4911
f 4903 4904 4913
f 4903 4913 4912
f 4904 4905 4914
f 4904 4914 4913
f 4906 4907 4916
f 4906 4916 4915
f 4907 4908 4917
f 4907 4917 4916
f 4908 4909 4918
f 4908 4918 4917
f 4909 4910 4919
f 4909 4919 4918
f 4910 4911 4920
f 4910 4920 4919
f 4911 4912 4921
f 4911 4921 4920
f 4912 4913 4922
f 4912 4922 4921
f 4913 4914 4923
f 4913 4923 4922
f 4915 4916 4925
f 4915 4925 4924
f 4916 4917 4926
f 4916 4926 4925
f 4917 4918 4927
f 4917 4927 4926
f 4918 4919 4928
f 4918 4928 4927
f 4919 4920 4929
f 4919 4929 4928
f 4920 4921 4930
f 4920 4930 4929
f 4921 4922 4931
f 4921 4931 4930
f 4922 4923 4932
f 4922 4932 4931
f 4924 4925 4934
f 4924 4934 4933
f 4925 4926 4935
f 4925 4935 4934
f 4926 4927 4936
f 4926 4936 4935
f 4927 4928 4937
f 4927 4937 4936
f 4928 4929 4938
f 4928 4938 4937
f 4929 4930 4939
f 4929 4939 4938
f 4930 4931 4940
f 4930 4940 4939
f 4931 4932 4941
f 4931 4941 4940
f 4933 4934 4943
f 4933 4943 4942
f 4934 4935 4944
f 4934 4944 4943
f 4935 4936 4945
f 4935 4945 4944
f 4936 4937 4946
f 4936 4946 4945
f 4937 4938 4947
f 4937 4947 4946
f 4938 4939 4948
f 4938 4948 4947
f 4939 4940 4949
f 4939 4949 4948
f 4940 4941 4950
f 4940 4950 4949
f 4942 4943 4952
f 4942 4952 4951
f 4943 4944 4953
f 4943 4953 4952
f 4944 4945 4954
f 4944 4954 4953
f 4945 4946 4955
f 4945 4955 4954
f 4946 4947 4956
f 4946 4956 4955
f 4947 4948 4957
f 4947 4957 4956
f 4948 4949 4958
f 4948 4958 4957
f 4949 4950 4959
f 4949 4959 4958
f 4951 4952 4961
f 4951 4961 4960
f 4952 4953 4962
f 4952 4962 4961
f 4953 4954 4963
f 4953 4963 4962
f 4954 4955 4964
f 4954 4964 4963
f 4955 4956 4965
f 4955 4965 4964
f 4956 4957 4966
f 4956 4966 4965
f 4957 4958 4967
f 4957 4967 4966
f 4958 4959 4968
f 4958 4968 4967
f 4969 4970 4979
f 4969 4979 4978
f 4970 4971 4980
f 4970 4980 4979
f 4971 4972 4981
f 4971 4981 4980
f 4972 4973 4982
f 4972 4982 4981
f 4973 4974 4983
f 4973 4983 4982
f 4974 4975 4984
f 4974 4984 4983
f 4975 4976 4985
f 4975 4985 4984
f 4976 4977 4986
f 4976 4986 4985
f 4978 4979 4988
f 4978 4988 4987
f 4979 4980 4989
f 4979 4989 4988
f 4980 4981 4990
f 4980 4990 4989
f 4981 4982 4991
f 4981 4991 4990
f 4982 4983 4992
f 4982 4992 4991
f 4983 4984 4993
f 4983 4993 4992
f 4984 4985 4994
f 4984 4994 4993
f 4985 4986 4995
f 4985 4995 4994
f 4987 4988 4997
f 4987 4997 4996
f 4988 4989 4998
f 4988 4998 4997
f 4989 4990 4999
f 4989 4999 4998
f 4990 4991 5000
f 4990 5000 4999
f 4991 4992 5001
f 4991 5001 5000
f 4992 4993 5002
f 4992 5002 5001
f 4993 4994 5003
f 4993 5003 5002
f 4994 4995 5004
f 4994 5004 5003
f 4996 4997 5006
f 4996 5006 5005
f 4997 4998 5007
f 4997 5007 5006
f 4998 4999 5008
f 4998 5008 5007
f 4999 5000 5009
f 4999 5009 5008
f 5000 5001 5010
f 5000 5010 5009
f 5001 5002 5011
f 5001 5011 5010
f 5002 5003 5012
f 5002 5012 5011
f 5003 5004 5013
f 5003 5013 5012
f 5005 5006 5015
f 5005 5015 5014
f 5006 5007 5016
f 5006 5016 5015
f 5007 5008 5017
f 5007 5017 5016
f 5008 5009 5018
f 5008 5018 5017
f 5009 5010 5019
f 5009 5019 5018
f 5010 5011 5020
f 5010 5020 5019
f 5011 5012 5021
f 5011 5021 5020
f 5012 5013 5022
f 5012 5022 5021
f 5014 5015 5024
f 5014 5024 5023
f 5015 5016 5025
f 5015 5025 5024
f 5016 5017 5026
f 5016 5026 5025
f 5017 5018 5027
f 5017 5027 5026
f 5018 5019 5028
f 5018 5028 5027
f 5019 5020 5029
f 5019 5029 5028
f 5020 5021 5030
f 5020 5030 5029
f 5021 5022 5031
f 5021 5031 5030
f 5023 5024 5033
f 5023 5033 5032
f 5024 5025 5034
f 5024 5034 5033
f 5025 5026 5035
f 5025 5035 5034
f 5026 5027 5036
f 5026 5036 5035
f 5027 5028 5037
f 5027 5037 5036
f 5028 5029 5038
f 5028 5038 5037
f 5029 5030 5039
f 5029 5039 5038
f 5030 5031 5040
f 5030 5040 5039
f 5032 5033 5042
f 5032 5042 5041
f 5033 5034 5043
f 5033 5043 5042
f 5034 5035 5044
f 5034 5044 5043
f 5035 5036 5045
f 5035 5045 5044
f 5036 5037 5046
f 5036 5046 5045
f 5037 5038 5047
f 5037 5047 5046
f 5038 5039 5048
f 5038 5048 5047
f 5039 5040 5049
f 5039 5049 5048
f 5050 5051 5060
f 5050 5060 5059
f 5051 5052 5061
f 5051 5061 5060
f 5052 5053 5062
f 5052 5062 5061
f 5053 5054 5063
f 5053 5063 5062
f 5054 5055 5064
f 5054 5064 5063
f 5055 5056 5065
f 5055 5065 5064
f 5056 5057 5066
f 5056 5066 5065
f 5057 5058 5067
f 5057 5067 5066
f 5059 5060 5069
f 5059 5069 5068
f 5060 5061 5070
f 5060 5070 5069
f 5061 5062 5071
f 5061 5071 5070
f 5062 5063 5072
f 5062 5072 5071
f 5063 5064 5073
f 5063 5073 5072
f 5064 5065 5074
f 5064 5074 5073
f 5065 5066 5075
f 5065 5075 5074
f 5066 5067 5076
f 5066 5076 5075
f 5068 5069 5078
f 5068 5078 5077
f 5069 5070 5079
f 5069 5079 5078
f 5070 5071 5080
f 5070 5080 5079
f 5071 5072 5081
f 5071 5081 5080
f 5072 5073 5082
f 5072 5082 5081
f 5073 5074 5083
f 5073 5083 5082
f 5074 5075 5084
f 5074 5084 5083
f 5075 5076 5085
f 5075 5085 5084
f 5077 5078 5087
f 5077 5087 5086
f 5078 5079 5088
f 5078 5088 5087
f 5079 5080 5089
f 5079 5089 5088
f 5080 5081 5090
f 5080 5090 5089
f 5081 5082 5091
f 5081 5091 5090
f 5082 5083 5092
f 5082 5092 5091
f 5083 5084 5093
f 5083 5093 5092
f 5084 5085 5094
f 5084 5094 5093
f 5086 5087 5096
f 5086 5096 5095
f 5087 5088 5097
f 5087 5097 5096
f 5088 5089 5098
f 5088 5098 5097
f 5089 5090 5099
f 5089 5099 5098
f 5090 5091 5100
f 5090 5100 5099
f 5091 5092 5101
f 5091 5101 5100
f 5092 5093 5102
f 5092 5102 5101
f 5093 5094 5103
f 5093 5103 5102
f 5095 5096 5105
f 5095 5105 5104
f 5096 5097 5106
f 5096 5106 5105
f 5097 5098 5107
f 5097 5107 5106
f 5098 5099 5108
f 5098 5108 5107
f 5099 5100 5109
f 5099 5109 5108
f 5100 5101 5110
f 5100 5110 5109
f 5101 5102 5111
f 5101 5111 5110
f 5102 5103 5112
f 5102 5112 5111
f 5104 5105 5114
f 5104 5114 5113
f 5105 5106 5115
f 5105 5115 5114
f 5106 5107 5116
f 5106 5116 5115
f 5107 5108 5117
f 5107 5117 5116
f 5108 5109 5118
f 5108 5118 5117
f 5109 5110 5119
f 5109 5119 5118
f 5110 5111 5120
f 5110 5120 5119
f 5111 5112 5121
f 5111 5121 5120
f 5113 5114 5123
f 5113 5123 5122
f 5114 5115 5124
f 5114 5124 5123
f 5115 5116 5125
f 5115 5125 5124
f 5116 5117 5126
f 5116 5126 5125
f 5117 5118 5127
f 5117 5127 5126
f 5118 5119 5128
f 5118 5128 5127
f 5119 5120 5129
f 5119 5129 5128
f 5120 5121 5130
f 5120 5130 5129
f 5131 5132 5141
f 5131 5141 5140
f 5132 5133 5142
f 5132 5142 5141
f 5133 5134 5143
f 5133 5143 5142
f 5134 5135 5144
f 5134 5144 5143
f 5135 5136 5145
f 5135 5145 5144
f 5136 5137 5146
f 5136 5146 5145
f 5137 5138 5147
f 5137 5147 5146
f 5138 5139 5148
f 5138 5148 5147
f 5140 5141 5150
f 5140 5150 5149
f 5141 5142 5151
f 5141 5151 5150
f 5142 5143 5152
f 5142 5152 5151
f 5143 5144 5153
f 5143 5153 5152
f 5144 5145 5154
f 5144 5154 5153
f 5145 5146 5155
f 5145 5155 5154
f 5146 5147 5156
f 5146 5156 5155
f 5147 5148 5157
f 5147 5157 5156
f 5149 5150 5159
f 5149 5159 5158
f 5150 5151 5160
f 5150 5160 5159
f 5151 5152 5161
f 5151 5161 5160
f 5152 5153 5162
f 5152 5162 5161
f 5153 5154 5163
f 5153 5163 5162
f 5154 5155 5164
f 5154 5164 5163
f 5155 5156 5165
f 5155 5165 5164
f 5156 5157 5166
f 5156 5166 5165
f 5158 5159 5168
f 5158 5168 5167
f 5159 5160 5169
f 5159 5169 5168
f 5160 5161 5170
f 5160 5170 5169
f 5161 5162 5171
f 5161 5171 5170
f 5162 5163 5172
f 5162 5172 5171
f 5163 5164 5173
f 5163 5173 5172
f 5164 5165 5174
f 5164 5174 5173
f 5165 5166 5175
f 5165 5175 5174
f 5167 5168 5177
f 5167 5177 5176
f 5168 5169 5178
f 5168 5178 5177
f 5169 5170 5179
f 5169 5179 5178
f 5170 5171 5180
f 5170 5180 5179
f 5171 5172 5181
f 5171 5181 5180
f 5172 5173 5182
f 5172 5182 5181
f 5173 5174 5183
f 5173 5183 5182
f 5174 5175 5184
f 5174 5184 5183
f 5176 5177 5186
f 5176 5186 5185
f 5177 5178 5187
f 5177 5187 5186
f 5178 5179 5188
f 5178 5188 5187
f 5179 5180 5189
f 5179 5189 5188
f 5180 5181 5190
f 5180 5190 5189
f 5181 5182 5191
f 5181 5191 5190
f 5182 5183 5192
f 5182 5192 5191
f 5183 5184 5193
f 5183 5193 5192
f 5185 5186 5195
f 5185 5195 5194
f 5186 5187 5196
f 5186 5196 5195
f 5187 5188 5197
f 5187 5197 5196
f 5188 5189 5198
f 5188 5198 5197
f 5189 5190 5199
f 5189 5199 5198
f 5190 5191 5200
f 5190 5200 5199
f 5191 5192 5201
f 5191 5201 5200
f 5192 5193 5202
f 5192 5202 5201
f 5194 5195 5204
f 5194 5204 5203
f 5195 5196 5205
f 5195 5205 5204
f 5196 5197 5206
f 5196 5206 5205
f 5197 5198 5207
f 5197 5207 5206
f 5198 5199 5208
f 5198 5208 5207
f 5199 5200 5209
f 5199 5209 5208
f 5200 5201 5210
f 5200 5210 5209
f 5201 5202 5211
f 5201 5211 5210
f 5212 5213 5222
f 5212 5222 5221
f 5213 5214 5223
f 5213 5223 5222
f 5214 5215 5224
f 5214 5224 5223
f 5215 5216 5225
f 5215 5225 5224
f 5216 5217 5226
f 5216 5226 5225
f 5217 5218 5227
f 5217 5227 5226
f 5218 5219 5228
f 5218 5228 5227
f 5219 5220 5229
f 5219 5229 5228
f 5221 5222 5231
f 5221 5231 5230
f 5222 5223 5232
f 5222 5232 5231
f 5223 5224 5233
f 5223 5233 5232
f 5224 5225 5234
f 5224 5234 5233
f 5225 5226 5235
f 5225 5235 5234
f 5226 5227 5236
f 5226 5236 5235
f 5227 5228 5237
f 5227 5237 5236
f 5228 5229 5238
f 5228 5238 5237
f 5230 5231 5240
f 5230 5240 5239
f 5231 5232 5241
f 5231 5241 5240
f 5232 5233 5242
f 5232 5242 5241
f 5233 5234 5243
f 5233 5243 5242
f 5234 5235 5244
f 5234 5244 5243
f 5235 5236 5245
f 5235 5245 5244
f 5236 5237 5246
f 5236 5246 5245
f 5237 5238 5247
f 5237 5247 5246
f 5239 5240 5249
f 5239 5249 5248
f 5240 5241 5250
f 5240 5250 5249
f 5241 5242 5251
f 5241 5251 5250
f 5242 5243 5252
f 5242 5252 5251
f 5243 5244 5253
f 5243 5253 5252
f 5244 5245 5254
f 5244 5254 5253
f 5245 5246 5255
f 5245 5255 5254
f 5246 5247 5256
f 5246 5256 5255
f 5248 5249 5258
f 5248 5258 5257
f 5249 5250 5259
f 5249 5259 5258
f 5250 5251 5260
f 5250 5260 5259
f 5251 5252 5261
f 5251 5261 5260
f 5252 5253 5262
f 5252 5262 5261
f 5253 5254 5263
f 5253 5263 5262
f 5254 5255 5264
f 5254 5264 5263
f 5255 5256 5265
f 5255 5265 5264
f 5257 5258 5267
f 5257 5267 5266
f 5258 5259 5268
f 5258 5268 5267
f 5259 5260 5269
f 5259 5269 5268
f 5260 5261 5270
f 5260 5270 5269
f 5261 5262 5271
f 5261 5271 5270
f 5262 5263 5272
f 5262 5272 5271
f 5263 5264 5273
f 5263 5273 5272
f 5264 5265 5274
f 5264 5274 5273
f 5266 5267 5276
f 5266 5276 5275
f 5267 5268 5277
f 5267 5277 5276
f 5268 5269 5278
f 5268 5278 5277
f 5269 5270 5279
f 5269 5279 5278
f 5270 5271 5280
f 5270 5280 5279
f 5271 5272 5281
f 5271 5281 5280
f 5272 5273 5282
f 5272 5282 5281
f 5273 5274 5283
f 5273 5283 5282
f 5275 5276 5285
f 5275 5285 5284
f 5276 5277 5286
f 5276 5286 5285
f 5277 5278 5287
f 5277 5287 5286
f 5278 5279 5288
f 5278 5288 5287
f 5279 5280 5289
f 5279 5289 5288
f 5280 5281 5290
f 5280 5290 5289
f 5281 5282 5291
f 5281 5291 5290
f 5282 5283 5292
f 5282 5292 5291
g 측벽_0
v -5.1250 0.0000 4.1000
v -5.1250 0.3750 4.1000
v -5.1250 0.7500 4.1000
v -5.1250 1.1250 4.1000
v -5.1250 1.5000 4.1000
v -5.1250 1.8750 4.1000
v -5.1250 2.2500 4.1000
v -5.1250 2.6250 4.1000
v -5.1250 3.0000 4.1000
v -5.0938 0.0000 4.1000
v -5.0938 0.3750 4.1000
v -5.0938 0.7500 4.1000
v -5.0938 1.1250 4.1000
v -5.0938 1.5000 4.1000
v -5.0938 1.8750 4.1000
v -5.0938 2.2500 4.1000
v -5.0938 2.6250 4.1000
v -5.0938 3.0000 4.1000
v -5.0625 0.0000 4.1000
v -5.0625 0.3750 4.1000
v -5.0625 0.7500 4.1000
v -5.0625 1.1250 4.1000
v -5.0625 1.5000 4.1000
v -5.0625 1.8750 4.1000
v -5.0625 2.2500 4.1000
v -5.0625 2.6250 4.1000
v -5.0625 3.0000 4.1000
v -5.0313 0.0000 4.1000
v -5.0313 0.3750 4.1000
v -5.0313 0.7500 4.1000
v -5.0313 1.1250 4.1000
v -5.0313 1.5000 4.1000
v -5.0313 1.8750 4.1000
v -5.0313 2.2500 4.1000
v -5.0313 2.6250 4.1000
v -5.0313 3.0000 4.1000
v -5.0000 0.0000 4.1000
v -5.0000 0.3750 4.1000
v -5.0000 0.7500 4.1000
v -5.0000 1.1250 4.1000
v -5.0000 1.5000 4.1000
v -5.0000 1.8750 4.1000
v -5.0000 2.2500 4.1000
v -5.0000 2.6250 4.1000
v -5.0000 3.0000 4.1000
v -4.9688 0.0000 4.1000
v -4.9688 0.3750 4.1000
v -4.9688 0.7500 4.1000
v -4.9688 1.1250 4.1000
v -4.9688 1.5000 4.1000
v -4.9688 1.8750 4.1000
v -4.9688 2.2500 4.1000
v -4.9688 2.6250 4.1000
v -4.9688 3.0000 4.1000
v -4.9375 0.0000 4.1000
v -4.9375 0.3750 4.1000
v -4.9375 0.7500 4.1000
v -4.9375 1.1250 4.1000
v -4.9375 1.5000 4.1000
v -4.9375 1.8750 4.1000
v -4.9375 2.2500 4.1000
v -4.9375 2.6250 4.1000
v -4.9375 3.0000 4.1000
v -4.9063 0.0000 4.1000
v -4.9063 0.3750 4.1000
v -4.9063 0.7500 4.1000
v -4.9063 1.1250 4.1000
v -4.9063 1.5000 4.1000
v -4.9063 1.8750 4.1000
v -4.9063 2.2500 4.1000
v -4.9063 2.6250 4.1000
v -4.9063 3.0000 4.1000
v -4.8750 0.0000 4.1000
v -4.8750 0.3750 4.1000
v -4.8750 0.7500 4.1000
v -4.8750 1.1250 4.1000
v -4.8750 1.5000 4.1000
v -4.8750 1.8750 4.1000
v -4.8750 2.2500 4.1000
v -4.8750 2.6250 4.1000
v -4.8750 3.0000 4.1000
v -4.8750 0.0000 -4.1000
v -4.8750 0.3750 -4.1000
v -4.8750 0.7500 -4.1000
v -4.8750 1.1250 -4.1000
v -4.8750 1.5000 -4.1000
v -4.8750 1.8750 -4.1000
v -4.8750 2.2500 -4.1000
v -4.8750 2.6250 -4.1000
v -4.8750 3.0000 -4.1000
v -4.9063 0.0000 -4.1000
v -4.9063 0.3750 -4.1000
v -4.9063 0.7500 -4.1000
v -4.9063 1.1250 -4.1000
v -4.9063 1.5000 -4.1000
v -4.9063 1.8750 -4.1000
v -4.9063 2.2500 -4.1000
v -4.9063 2.6250 -4.1000
v -4.9063 3.0000 -4.1000
v -4.9375 0.0000 -4.1000
v -4.9375 0.3750 -4.1000
v -4.9375 0.7500 -4.1000
v -4.9375 1.1250 -4.1000
v -4.9375 1.5000 -4.1000
v -4.9375 1.8750 -4.1000
v -4.9375 2.2500 -4.1000
v -4.9375 2.6250 -4.1000
v -4.9375 3.0000 -4.1000
v -4.9688 0.0000 -4.1000
v -4.9688 0.3750 -4.1000
v -4.9688 0.7500 -4.1000
v -4.9688 1.1250 -4.1000
v -4.9688 1.5000 -4.1000
v -4.9688 1.8750 -4.1000
v -4.9688 2.2500 -4.1000
v -4.9688 2.6250 -4.1000
v -4.9688 3.0000 -4.1000
v -5.0000 0.0000 -4.1000
v -5.0000 0.3750 -4.1000
v -5.0000 0.7500 -4.1000
v -5.0000 1.1250 -4.1000
v -5.0000 1.5000 -4.1000
v -5.0000 1.8750 -4.1000
v -5.0000 2.2500 -4.1000
v -5.0000 2.6250 -4.1000
v -5.0000 3.0000 -4.1000
v -5.0313 0.0000 -4.1000
v -5.0313 0.3750 -4.1000
v -5.0313 0.7500 -4.1000
v -5.0313 1.1250 -4.1000
v -5.0313 1.5000 -4.1000
v -5.0313 1.8750 -4.1000
v -5.0313 2.2500 -4.1000
v -5.0313 2.6250 -4.1000
v -5.0313 3.0000 -4.1000
v -5.0625 0.0000 -4.1000
v -5.0625 0.3750 -4.1000
v -5.0625 0.7500 -4.1000
v -5.0625 1.1250 -4.1000
v -5.0625 1.5000 -4.1000
v -5.0625 1.8750 -4.1000
v -5.0625 2.2500 -4.1000
v -5.0625 2.6250 -4.1000
v -5.0625 3.0000 -4.1000
v -5.0938 0.0000 -4.1000
v -5.0938 0.3750 -4.1000
v -5.0938 0.7500 -4.1000
v -5.0938 1.1250 -4.1000
v -5.0938 1.5000 -4.1000
v -5.0938 1.8750 -4.1000
v -5.0938 2.2500 -4.1000
v -5.0938 2.6250 -4.1000
v -5.0938 3.0000 -4.1000
v -5.1250 0.0000 -4.1000
v -5.1250 0.3750 -4.1000
v -5.1250 0.7500 -4.1000
v -5.1250 1.1250 -4.1000
v -5.1250 1.5000 -4.1000
v -5.1250 1.8750 -4.1000
v -5.1250 2.2500 -4.1000
v -5.1250 2.6250 -4.1000
v -5.1250 3.0000 -4.1000
v -5.1250 0.0000 -4.1000
v -5.1250 0.3750 -4.1000
v -5.1250 0.7500 -4.1000
v -5.1250 1.1250 -4.1000
v -5.1250 1.5000 -4.1000
v -5.1250 1.8750 -4.1000
v -5.1250 2.2500 -4.1000
v -5.1250 2.6250 -4.1000
v -5.1250 3.0000 -4.1000
v -5.1250 0.0000 -3.0750
v -5.1250 0.3750 -3.0750
v -5.1250 0.7500 -3.0750
v -5.1250 1.1250 -3.0750
v -5.1250 1.5000 -3.0750
v -5.1250 1.8750 -3.0750
v -5.1250 2.2500 -3.0750
v -5.1250 2.6250 -3.0750
v -5.1250 3.0000 -3.0750
v -5.1250 0.0000 -2.0500
v -5.1250 0.3750 -2.0500
v -5.1250 0.7500 -2.0500
v -5.1250 1.1250 -2.0500
v -5.1250 1.5000 -2.0500
v -5.1250 1.8750 -2.0500
v -5.1250 2.2500 -2.0500
v -5.1250 2.6250 -2.0500
v -5.1250 3.0000 -2.0500
v -5.1250 0.0000 -1.0250
v -5.1250 0.3750 -1.0250
v -5.1250 0.7500 -1.0250
v -5.1250 1.1250 -1.0250
v -5.1250 1.5000 -1.0250
v -5.1250 1.8750 -1.0250
v -5.1250 2.2500 -1.0250
v -5.1250 2.6250 -1.0250
v -5.1250 3.0000 -1.0250
v -5.1250 0.0000 0.0000
v -5.1250 0.3750 0.0000
v -5.1250 0.7500 0.0000
v -5.1250 1.1250 0.0000
v -5.1250 1.5000 0.0000
v -5.1250 1.8750 0.0000
v -5.1250 2.2500 0.0000
v -5.1250 2.6250 0.0000
v -5.1250 3.0000 0.0000
v -5.1250 0.0000 1.0250
v -5.1250 0.3750 1.0250
v -5.1250 0.7500 1.0250
v -5.1250 1.1250 1.0250
v -5.1250 1.5000 1.0250
v -5.1250 1.8750 1.0250
v -5.1250 2.2500 1.0250
v -5.1250 2.6250 1.0250
v -5.1250 3.0000 1.0250
v -5.1250 0.0000 2.0500
v -5.1250 0.3750 2.0500
v -5.1250 0.7500 2.0500
v -5.1250 1.1250 2.0500
v -5.1250 1.5000 2.0500
v -5.1250 1.8750 2.0500
v -5.1250 2.2500 2.0500
v -5.1250 2.6250 2.0500
v -5.1250 3.0000 2.0500
v -5.1250 0.0000 3.0750
v -5.1250 0.3750 3.0750
v -5.1250 0.7500 3.0750
v -5.1250 1.1250 3.0750
v -5.1250 1.5000 3.0750
v -5.1250 1.8750 3.0750
v -5.1250 2.2500 3.0750
v -5.1250 2.6250 3.0750
v -5.1250 3.0000 3.0750
v -5.1250 0.0000 4.1000
v -5.1250 0.3750 4.1000
v -5.1250 0.7500 4.1000
v -5.1250 1.1250 4.1000
v -5.1250 1.5000 4.1000
v -5.1250 1.8750 4.1000
v -5.1250 2.2500 4.1000
v -5.1250 2.6250 4.1000
v -5.1250 3.0000 4.1000
v -4.8750 0.0000 4.1000
v -4.8750 0.3750 4.1000
v -4.8750 0.7500 4.1000
v -4.8750 1.1250 4.1000
v -4.8750 1.5000 4.1000
v -4.8750 1.8750 4.1000
v -4.8750 2.2500 4.1000
v -4.8750 2.6250 4.1000
v -4.8750 3.0000 4.1000
v -4.8750 0.0000 3.0750
v -4.8750 0.3750 3.0750
v -4.8750 0.7500 3.0750
v -4.8750 1.1250 3.0750
v -4.8750 1.5000 3.0750
v -4.8750 1.8750 3.0750
v -4.8750 2.2500 3.0750
v -4.8750 2.6250 3.0750
v -4.8750 3.0000 3.0750
v -4.8750 0.0000 2.0500
v -4.8750 0.3750 2.0500
v -4.8750 0.7500 2.0500
v -4.8750 1.1250 2.0500
v -4.8750 1.5000 2.0500
v -4.8750 1.8750 2.0500
v -4.8750 2.2500 2.0500
v -4.8750 2.6250 2.0500
v -4.8750 3.0000 2.0500
v -4.8750 0.0000 1.0250
v -4.8750 0.3750 1.0250
v -4.8750 0.7500 1.0250
v -4.8750 1.1250 1.0250
v -4.8750 1.5000 1.0250
v -4.8750 1.8750 1.0250
v -4.8750 2.2500 1.0250
v -4.8750 2.6250 1.0250
v -4.8750 3.0000 1.0250
v -4.8750 0.0000 0.0000
v -4.8750 0.3750 0.0000
v -4.8750 0.7500 0.0000
v -4.8750 1.1250 0.0000
v -4.8750 1.5000 0.0000
v -4.8750 1.8750 0.0000
v -4.8750 2.2500 0.0000
v -4.8750 2.6250 0.0000
v -4.8750 3.0000 0.0000
v -4.8750 0.0000 -1.0250
v -4.8750 0.3750 -1.0250
v -4.8750 0.7500 -1.0250
v -4.8750 1.1250 -1.0250
v -4.8750 1.5000 -1.0250
v -4.8750 1.8750 -1.0250
v -4.8750 2.2500 -1.0250
v -4.8750 2.6250 -1.0250
v -4.8750 3.0000 -1.0250
v -4.8750 0.0000 -2.0500
v -4.8750 0.3750 -2.0500
v -4.8750 0.7500 -2.0500
v -4.8750 1.1250 -2.0500
v -4.8750 1.5000 -2.0500
v -4.8750 1.8750 -2.0500
v -4.8750 2.2500 -2.0500
v -4.8750 2.6250 -2.0500
v -4.8750 3.0000 -2.0500
v -4.8750 0.0000 -3.0750
v -4.8750 0.3750 -3.0750
v -4.8750 0.7500 -3.0750
v -4.8750 1.1250 -3.0750
v -4.8750 1.5000 -3.0750
v -4.8750 1.8750 -3.0750
v -4.8750 2.2500 -3.0750
v -4.8750 2.6250 -3.0750
v -4.8750 3.0000 -3.0750
v -4.8750 0.0000 -4.1000
v -4.8750 0.3750 -4.1000
v -4.8750 0.7500 -4.1000
v -4.8750 1.1250 -4.1000
v -4.8750 1.5000 -4.1000
v -4.8750 1.8750 -4.1000
v -4.8750 2.2500 -4.1000
v -4.8750 2.6250 -4.1000
v -4.8750 3.0000 -4.1000
v -5.1250 3.0000 -4.1000
v -5.1250 3.0000 -3.0750
v -5.1250 3.0000 -2.0500
v -5.1250 3.0000 -1.0250
v -5.1250 3.0000 0.0000
v -5.1250 3.0000 1.0250
v -5.1250 3.0000 2.0500
v -5.1250 3.0000 3.0750
v -5.1250 3.0000 4.1000
v -5.0938 3.0000 -4.1000
v -5.0938 3.0000 -3.0750
v -5.0938 3.0000 -2.0500
v -5.0938 3.0000 -1.0250
v -5.0938 3.0000 0.0000
v -5.0938 3.0000 1.0250
v -5.0938 3.0000 2.0500
v -5.0938 3.0000 3.0750
v -5.0938 3.0000 4.1000
v -5.0625 3.0000 -4.1000
v -5.0625 3.0000 -3.0750
v -5.0625 3.0000 -2.0500
v -5.0625 3.0000 -1.0250
v -5.0625 3.0000 0.0000
v -5.0625 3.0000 1.0250
v -5.0625 3.0000 2.0500
v -5.0625 3.0000 3.0750
v -5.0625 3.0000 4.1000
v -5.0313 3.0000 -4.1000
v -5.0313 3.0000 -3.0750
v -5.0313 3.0000 -2.0500
v -5.0313 3.0000 -1.0250
v -5.0313 3.0000 0.0000
v -5.0313 3.0000 1.0250
v -5.0313 3.0000 2.0500
v -5.0313 3.0000 3.0750
v -5.0313 3.0000 4.1000
v -5.0000 3.0000 -4.1000
v -5.0000 3.0000 -3.0750
v -5.0000 3.0000 -2.0500
v -5.0000 3.0000 -1.0250
v -5.0000 3.0000 0.0000
v -5.0000 3.0000 1.0250
v -5.0000 3.0000 2.0500
v -5.0000 3.0000 3.0750
v -5.0000 3.0000 4.1000
v -4.9688 3.0000 -4.1000
v -4.9688 3.0000 -3.0750
v -4.9688 3.0000 -2.0500
v -4.9688 3.0000 -1.0250
v -4.9688 3.0000 0.0000
v -4.9688 3.0000 1.0250
v -4.9688 3.0000 2.0500
v -4.9688 3.0000 3.0750
v -4.9688 3.0000 4.1000
v -4.9375 3.0000 -4.1000
v -4.9375 3.0000 -3.0750
v -4.9375 3.0000 -2.0500
v -4.9375 3.0000 -1.0250
v -4.9375 3.0000 0.0000
v -4.9375 3.0000 1.0250
v -4.9375 3.0000 2.0500
v -4.9375 3.0000 3.0750
v -4.9375 3.0000 4.1000
v -4.9063 3.0000 -4.1000
v -4.9063 3.0000 -3.0750
v -4.9063 3.0000 -2.0500
v -4.9063 3.0000 -1.0250
v -4.9063 3.0000 0.0000
v -4.9063 3.0000 1.0250
v -4.9063 3.0000 2.0500
v -4.9063 3.0000 3.0750
v -4.9063 3.0000 4.1000
v -4.8750 3.0000 -4.1000
v -4.8750 3.0000 -3.0750
v -4.8750 3.0000 -2.0500
v -4.8750 3.0000 -1.0250
v -4.8750 3.0000 0.0000
v -4.8750 3.0000 1.0250
v -4.8750 3.0000 2.0500
v -4.8750 3.0000 3.0750
v -4.8750 3.0000 4.1000
v -5.1250 0.0000 4.1000
v -5.1250 0.0000 3.0750
v -5.1250 0.0000 2.0500
v -5.1250 0.0000 1.0250
v -5.1250 0.0000 0.0000
v -5.1250 0.0000 -1.0250
v -5.1250 0.0000 -2.0500
v -5.1250 0.0000 -3.0750
v -5.1250 0.0000 -4.1000
v -5.0938 0.0000 4.1000
v -5.0938 0.0000 3.0750
v -5.0938 0.0000 2.0500
v -5.0938 0.0000 1.0250
v -5.0938 0.0000 0.0000
v -5.0938 0.0000 -1.0250
v -5.0938 0.0000 -2.0500
v -5.0938 0.0000 -3.0750
v -5.0938 0.0000 -4.1000
v -5.0625 0.0000 4.1000
v -5.0625 0.0000 3.0750
v -5.0625 0.0000 2.0500
v -5.0625 0.0000 1.0250
v -5.0625 0.0000 0.0000
v -5.0625 0.0000 -1.0250
v -5.0625 0.0000 -2.0500
v -5.0625 0.0000 -3.0750
v -5.0625 0.0000 -4.1000
v -5.0313 0.0000 4.1000
v -5.0313 0.0000 3.0750
v -5.0313 0.0000 2.0500
v -5.0313 0.0000 1.0250
v -5.0313 0.0000 0.0000
v -5.0313 0.0000 -1.0250
v -5.0313 0.0000 -2.0500
v -5.0313 0.0000 -3.0750
v -5.0313 0.0000 -4.1000
v -5.0000 0.0000 4.1000
v -5.0000 0.0000 3.0750
v -5.0000 0.0000 2.0500
v -5.0000 0.0000 1.0250
v -5.0000 0.0000 0.0000
v -5.0000 0.0000 -1.0250
v -5.0000 0.0000 -2.0500
v -5.0000 0.0000 -3.0750
v -5.0000 0.0000 -4.1000
v -4.9688 0.0000 4.1000
v -4.9688 0.0000 3.0750
v -4.9688 0.0000 2.0500
v -4.9688 0.0000 1.0250
v -4.9688 0.0000 0.0000
v -4.9688 0.0000 -1.0250
v -4.9688 0.0000 -2.0500
v -4.9688 0.0000 -3.0750
v -4.9688 0.0000 -4.1000
v -4.9375 0.0000 4.1000
v -4.9375 0.0000 3.0750
v -4.9375 0.0000 2.0500
v -4.9375 0.0000 1.0250
v -4.9375 0.0000 0.0000
v -4.9375 0.0000 -1.0250
v -4.9375 0.0000 -2.0500
v -4.9375 0.0000 -3.0750
v -4.9375 0.0000 -4.1000
v -4.9063 0.0000 4.1000
v -4.9063 0.0000 3.0750
v -4.9063 0.0000 2.0500
v -4.9063 0.0000 1.0250
v -4.9063 0.0000 0.0000
v -4.9063 0.0000 -1.0250
v -4.9063 0.0000 -2.0500
v -4.9063 0.0000 -3.0750
v -4.9063 0.0000 -4.1000
v -4.8750 0.0000 4.1000
v -4.8750 0.0000 3.0750
v -4.8750 0.0000 2.0500
v -4.8750 0.0000 1.0250
v -4.8750 0.0000 0.0000
v -4.8750 0.0000 -1.0250
v -4.8750 0.0000 -2.0500
v -4.8750 0.0000 -3.0750
v -4.8750 0.0000 -4.1000
f 5293 5294 5303
f 5293 5303 5302
f 5294 5295 5304
f 5294 5304 5303
f 5295 5296 5305
f 5295 5305 5304
f 5296 5297 5306
f 5296 5306 5305
f 5297 5298 5307
f 5297 5307 5306
f 5298 5299 5308
f 5298 5308 5307
f 5299 5300 5309
f 5299 5309 5308
f 5300 5301 5310
f 5300 5310 5309
f 5302 5303 5312
f 5302 5312 5311
f 5303 5304 5313
f 5303 5313 5312
f 5304 5305 5314
f 5304 5314 5313
f 5305 5306 5315
f 5305 5315 5314
f 5306 5307 5316
f 5306 5316 5315
f 5307 5308 5317
f 5307 5317 5316
f 5308 5309 5318
f 5308 5318 5317
f 5309 5310 5319
f 5309 5319 5318
f 5311 5312 5321
f 5311 5321 5320
f 5312 5313 5322
f 5312 5322 5321
f 5313 5314 5323
f 5313 5323 5322
f 5314 5315 5324
f 5314 5324 5323
f 5315 5316 5325
f 5315 5325 5324
f 5316 5317 5326
f 5316 5326 5325
f 5317 5318 5327
f 5317 5327 5326
f 5318 5319 5328
f 5318 5328 5327
f 5320 5321 5330
f 5320 5330 5329
f 5321 5322 5331
f 5321 5331 5330
f 5322 5323 5332
f 5322 5332 5331
f 5323 5324 5333
f 5323 5333 5332
f 5324 5325 5334
f 5324 5334 5333
f 5325 5326 5335
f 5325 5335 5334
f 5326 5327 5336
f 5326 5336 5335
f 5327 5328 5337
f 5327 5337 5336
f 5329 5330 5339
f 5329 5339 5338
f 5330 5331 5340
f 5330 5340 5339
f 5331 5332 5341
f 5331 5341 5340
f 5332 5333 5342
f 5332 5342 5341
f 5333 5334 5343
f 5333 5343 5342
f 5334 5335 5344
f 5334 5344 5343
f 5335 5336 5345
f 5335 5345 5344
f 5336 5337 5346
f 5336 5346 5345
f 5338 5339 5348
f 5338 5348 5347
f 5339 5340 5349
f 5339 5349 5348
f 5340 5341 5350
f 5340 5350 5349
f 5341 5342 5351
f 5341 5351 5350
f 5342 5343 5352
f 5342 5352 5351
f 5343 5344 5353
f 5343 5353 5352
f 5344 5345 5354
f 5344 5354 5353
f 5345 5346 5355
f 5345 5355 5354
f 5347 5348 5357
f 5347 5357 5356
f 5348 5349 5358
f 5348 5358 5357
f 5349 5350 5359
f 5349 5359 5358
f 5350 5351 5360
f 5350 5360 5359
f 5351 5352 5361
f 5351 5361 5360
f 5352 5353 5362
f 5352 5362 5361
f 5353 5354 5363
f 5353 5363 5362
f 5354 5355 5364
f 5354 5364 5363
f 5356 5357 5366
f 5356 5366 5365
f 5357 5358 5367
f 5357 5367 5366
f 5358 5359 5368
f 5358 5368 5367
f 5359 5360 5369
f 5359 5369 5368
f 5360 5361 5370
f 5360 5370 5369
f 5361 5362 5371
f 5361 5371 5370
f 5362 5363 5372
f 5362 5372 5371
f 5363 5364 5373
f 5363 5373 5372
f 5374 5375 5384
f 5374 5384 5383
f 5375 5376 5385
f 5375 5385 5384
f 5376 5377 5386
f 5376 5386 5385
f 5377 5378 5387
f 5377 5387 5386
f 5378 5379 5388
f 5378 5388 5387
f 5379 5380 5389
f 5379 5389 5388
f 5380 5381 5390
f 5380 5390 5389
f 5381 5382 5391
f 5381 5391 5390
f 5383 5384 5393
f 5383 5393 5392
f 5384 5385 5394
f 5384 5394 5393
f 5385 5386 5395
f 5385 5395 5394
f 5386 5387 5396
f 5386 5396 5395
f 5387 5388 5397
f 5387 5397 5396
f 5388 5389 5398
f 5388 5398 5397
f 5389 5390 5399
f 5389 5399 5398
f 5390 5391 5400
f 5390 5400 5399
f 5392 5393 5402
f 5392 5402 5401
f 5393 5394 5403
f 5393 5403 5402
f 5394 5395 5404
f 5394 5404 5403
f 5395 5396 5405
f 5395 5405 5404
f 5396 5397 5406
f 5396 5406 5405
f 5397 5398 5407
f 5397 5407 5406
f 5398 5399 5408
f 5398 5408 5407
f 5399 5400 5409
f 5399 5409 5408
f 5401 5402 5411
f 5401 5411 5410
f 5402 5403 5412
f 5402 5412 5411
f 5403 5404 5413
f 5403 5413 5412
f 5404 5405 5414
f 5404 5414 5413
f 5405 5406 5415
f 5405 5415 5414
f 5406 5407 5416
f 5406 5416 5415
f 5407 5408 5417
f 5407 5417 5416
f 5408 5409 5418
f 5408 5418 5417
f 5410 5411 5420
f 5410 5420 5419
f 5411 5412 5421
f 5411 5421 5420
f 5412 5413 5422
f 5412 5422 5421
f 5413 5414 5423
f 5413 5423 5422
f 5414 5415 5424
f 5414 5424 5423
f 5415 5416 5425
f 5415 5425 5424
f 5416 5417 5426
f 5416 5426 5425
f 5417 5418 5427
f 5417 5427 5426
f 5419 5420 5429
f 5419 5429 5428
f 5420 5421 5430
f 5420 5430 5429
f 5421 5422 5431
f 5421 5431 5430
f 5422 5423 5432
f 5422 5432 5431
f 5423 5424 5433
f 5423 5433 5432
f 5424 5425 5434
f 5424 5434 5433
f 5425 5426 5435
f 5425 5435 5434
f 5426 5427 5436
f 5426 5436 5435
f 5428 5429 5438
f 5428 5438 5437
f 5429 5430 5439
f 5429 5439 5438
f 5430 5431 5440
f 5430 5440 5439
f 5431 5432 5441
f 5431 5441 5440
f 5432 5433 5442
f 5432 5442 5441
f 5433 5434 5443
f 5433 5443 5442
f 5434 5435 5444
f 5434 5444 5443
f 5435 5436 5445
f 5435 5445 5444
f 5437 5438 5447
f 5437 5447 5446
f 5438 5439 5448
f 5438 5448 5447
f 5439 5440 5449
f 5439 5449 5448
f 5440 5441 5450
f 5440 5450 5449
f 5441 5442 5451
f 5441 5451 5450
f 5442 5443 5452
f 5442 5452 5451
f 5443 5444 5453
f 5443 5453 5452
f 5444 5445 5454
f 5444 5454 5453
f 5455 5456 5465
f 5455 5465 5464
f 5456 5457 5466
f 5456 5466 5465
f 5457 5458 5467
f 5457 5467 5466
f 5458 5459 5468
f 5458 5468 5467
f 5459 5460 5469
f 5459 5469 5468
f 5460 5461 5470
f 5460 5470 5469
f 5461 5462 5471
f 5461 5471 5470
f 5462 5463 5472
f 5462 5472 5471
f 5464 5465 5474
f 5464 5474 5473
f 5465 5466 5475
f 5465 5475 5474
f 5466 5467 5476
f 5466 5476 5475
f 5467 5468 5477
f 5467 5477 5476
f 5468 5469 5478
f 5468 5478 5477
f 5469 5470 5479
f 5469 5479 5478
f 5470 5471 5480
f 5470 5480 5479
f 5471 5472 5481
f 5471 5481 5480
f 5473 5474 5483
f 5473 5483 5482
f 5474 5475 5484
f 5474 5484 5483
f 5475 5476 5485
f 5475 5485 5484
f 5476 5477 5486
f 5476 5486 5485
f 5477 5478 5487
f 5477 5487 5486
f 5478 5479 5488
f 5478 5488 5487
f 5479 5480 5489
f 5479 5489 5488
f 5480 5481 5490
f 5480 5490 5489
f 5482 5483 5492
f 5482 5492 5491
f 5483 5484 5493
f 5483 5493 5492
f 5484 5485 5494
f 5484 5494 5493
f 5485 5486 5495
f 5485 5495 5494
f 5486 5487 5496
f 5486 5496 5495
f 5487 5488 5497
f 5487 5497 5496
f 5488 5489 5498
f 5488 5498 5497
f 5489 5490 5499
f 5489 5499 5498
f 5491 5492 5501
f 5491 5501 5500
f 5492 5493 5502
f 5492 5502 5501
f 5493 5494 5503
f 5493 5503 5502
f 5494 5495 5504
f 5494 5504 5503
f 5495 5496 5505
f 5495 5505 5504
f 5496 5497 5506
f 5496 5506 5505
f 5497 5498 5507
f 5497 5507 5506
f 5498 5499 5508
f 5498 5508 5507
f 5500 5501 5510
f 5500 5510 5509
f 5501 5502 5511
f 5501 5511 5510
f 5502 5503 5512
f 5502 5512 5511
f 5503 5504 5513
f 5503 5513 5512
f 5504 5505 5514
f 5504 5514 5513
f 5505 5506 5515
f 5505 5515 5514
f 5506 5507 5516
f 5506 5516 5515
f 5507 5508 5517
f 5507 5517 5516
f 5509 5510 5519
f 5509 5519 5518
f 5510 5511 5520
f 5510 5520 5519
f 5511 5512 5521
f 5511 5521 5520
f 5512 5513 5522
f 5512 5522 5521
f 5513 5514 5523
f 5513 5523 5522
f 5514 5515 5524
f 5514 5524 5523
f 5515 5516 5525
f 5515 5525 5524
f 5516 5517 5526
f 5516 5526 5525
f 5518 5519 5528
f 5518 5528 5527
f 5519 5520 5529
f 5519 5529 5528
f 5520 5521 5530
f 5520 5530 5529
f 5521 5522 5531
f 5521 5531 5530
f 5522 5523 5532
f 5522 5532 5531
f 5523 5524 5533
f 5523 5533 5532
f 5524 5525 5534
f 5524 5534 5533
f 5525 5526 5535
f 5525 5535 5534
f 5536 5537 5546
f 5536 5546 5545
f 5537 5538 5547
f 5537 5547 5546
f 5538 5539 5548
f 5538 5548 5547
f 5539 5540 5549
f 5539 5549 5548
f 5540 5541 5550
f 5540 5550 5549
f 5541 5542 5551
f 5541 5551 5550
f 5542 5543 5552
f 5542 5552 5551
f 5543 5544 5553
f 5543 5553 5552
f 5545 5546 5555
f 5545 5555 5554
f 5546 5547 5556
f 5546 5556 5555
f 5547 5548 5557
f 5547 5557 5556
f 5548 5549 5558
f 5548 5558 5557
f 5549 5550 5559
f 5549 5559 5558
f 5550 5551 5560
f 5550 5560 5559
f 5551 5552 5561
f 5551 5561 5560
f 5552 5553 5562
f 5552 5562 5561
f 5554 5555 5564
f 5554 5564 5563
f 5555 5556 5565
f 5555 5565 5564
f 5556 5557 5566
f 5556 5566 5565
f 5557 5558 5567
f 5557 5567 5566
f 5558 5559 5568
f 5558 5568 5567
f 5559 5560 5569
f 5559 5569 5568
f 5560 5561 5570
f 5560 5570 5569
f 5561 5562 5571
f 5561 5571 5570
f 5563 5564 5573
f 5563 5573 5572
f 5564 5565 5574
f 5564 5574 5573
f 5565 5566 5575
f 5565 5575 5574
f 5566 5567 5576
f 5566 5576 5575
f 5567 5568 5577
f 5567 5577 5576
f 5568 5569 5578
f 5568 5578 5577
f 5569 5570 5579
f 5569 5579 5578
f 5570 5571 5580
f 5570 5580 5579
f 5572 5573 5582
f 5572 5582 5581
f 5573 5574 5583
f 5573 5583 5582
f 5574 5575 5584
f 5574 5584 5583
f 5575 5576 5585
f 5575 5585 5584
f 5576 5577 5586
f 5576 5586 5585
f 5577 5578 5587
f 5577 5587 5586
f 5578 5579 5588
f 5578 5588 5587
f 5579 5580 5589
f 5579 5589 5588
f 5581 5582 5591
f 5581 5591 5590
f 5582 5583 5592
f 5582 5592 5591
f 5583 5584 5593
f 5583 5593 5592
f 5584 5585 5594
f 5584 5594 5593
f 5585 5586 5595
f 5585 5595 5594
f 5586 5587 5596
f 5586 5596 5595
f 5587 5588 5597
f 5587 5597 5596
f 5588 5589 5598
f 5588 5598 5597
f 5590 5591 5600
f 5590 5600 5599
f 5591 5592 5601
f 5591 5601 5600
f 5592 5593 5602
f 5592 5602 5601
f 5593 5594 5603
f 5593 5603 5602
f 5594 5595 5604
f 5594 5604 5603
f 5595 5596 5605
f 5595 5605 5604
f 5596 5597 5606
f 5596 5606 5605
f 5597 5598 5607
f 5597 5607 5606
f 5599 5600 5609
f 5599 5609 5608
f 5600 5601 5610
f 5600 5610 5609
f 5601 5602 5611
f 5601 5611 5610
f 5602 5603 5612
f 5602 5612 5611
f 5603 5604 5613
f 5603 5613 5612
f 5604 5605 5614
f 5604 5614 5613
f 5605 5606 5615
f 5605 5615 5614
f 5606 5607 5616
f 5606 5616 5615
f 5617 5618 5627
f 5617 5627 5626
f 5618 5619 5628
f 5618 5628 5627
f 5619 5620 5629
f 5619 5629 5628
f 5620 5621 5630
f 5620 5630 5629
f 5621 5622 5631
f 5621 5631 5630
f 5622 5623 5632
f 5622 5632 5631
f 5623 5624 5633
f 5623 5633 5632
f 5624 5625 5634
f 5624 5634 5633
f 5626 5627 5636
f 5626 5636 5635
f 5627 5628 5637
f 5627 5637 5636
f 5628 5629 5638
f 5628 5638 5637
f 5629 5630 5639
f 5629 5639 5638
f 5630 5631 5640
f 5630 5640 5639
f 5631 5632 5641
f 5631 5641 5640
f 5632 5633 5642
f 5632 5642 5641
f 5633 5634 5643
f 5633 5643 5642
f 5635 5636 5645
f 5635 5645 5644
f 5636 5637 5646
f 5636 5646 5645
f 5637 5638 5647
f 5637 5647 5646
f 5638 5639 5648
f 5638 5648 5647
f 5639 5640 5649
f 5639 5649 5648
f 5640 5641 5650
f 5640 5650 5649
f 5641 5642 5651
f 5641 5651 5650
f 5642 5643 5652
f 5642 5652 5651
f 5644 5645 5654
f 5644 5654 5653
f 5645 5646 5655
f 5645 5655 5654
f 5646 5647 5656
f 5646 5656 5655
f 5647 5648 5657
f 5647 5657 5656
f 5648 5649 5658
f 5648 5658 5657
f 5649 5650 5659
f 5649 5659 5658
f 5650 5651 5660
f 5650 5660 5659
f 5651 5652 5661
f 5651 5661 5660
f 5653 5654 5663
f 5653 5663 5662
f 5654 5655 5664
f 5654 5664 5663
f 5655 5656 5665
f 5655 5665 5664
f 5656 5657 5666
f 5656 5666 5665
f 5657 5658 5667
f 5657 5667 5666
f 5658 5659 5668
f 5658 5668 5667
f 5659 5660 5669
f 5659 5669 5668
f 5660 5661 5670
f 5660 5670 5669
f 5662 5663 5672
f 5662 5672 5671
f 5663 5664 5673
f 5663 5673 5672
f 5664 5665 5674
f 5664 5674 5673
f 5665 5666 5675
f 5665 5675 5674
f 5666 5667 5676
f 5666 5676 5675
f 5667 5668 5677
f 5667 5677 5676
f 5668 5669 5678
f 5668 5678 5677
f 5669 5670 5679
f 5669 5679 5678
f 5671 5672 5681
f 5671 5681 5680
f 5672 5673 5682
f 5672 5682 5681
f 5673 5674 5683
f 5673 5683 5682
f 5674 5675 5684
f 5674 5684 5683
f 5675 5676 5685
f 5675 5685 5684
f 5676 5677 5686
f 5676 5686 5685
f 5677 5678 5687
f 5677 5687 5686
f 5678 5679 5688
f 5678 5688 5687
f 5680 5681 5690
f 5680 5690 5689
f 5681 5682 5691
f 5681 5691 5690
f 5682 5683 5692
f 5682 5692 5691
f 5683 5684 5693
f 5683 5693 5692
f 5684 5685 5694
f 5684 5694 5693
f 5685 5686 5695
f 5685 5695 5694
f 5686 5687 5696
f 5686 5696 5695
f 5687 5688 5697
f 5687 5697 5696
f 5698 5699 5708
f 5698 5708 5707
f 5699 5700 5709
f 5699 5709 5708
f 5700 5701 5710
f 5700 5710 5709
f 5701 5702 5711
f 5701 5711 5710
f 5702 5703 5712
f 5702 5712 5711
f 5703 5704 5713
f 5703 5713 5712
f 5704 5705 5714
f 5704 5714 5713
f 5705 5706 5715
f 5705 5715 5714
f 5707 5708 5717
f 5707 5717 5716
f 5708 5709 5718
f 5708 5718 5717
f 5709 5710 5719
f 5709 5719 5718
f 5710 5711 5720
f 5710 5720 5719
f 5711 5712 5721
f 5711 5721 5720
f 5712 5713 5722
f 5712 5722 5721
f 5713 5714 5723
f 5713 5723 5722
f 5714 5715 5724
f 5714 5724 5723
f 5716 5717 5726
f 5716 5726 5725
f 5717 5718 5727
f 5717 5727 5726
f 5718 5719 5728
f 5718 5728 5727
f 5719 5720 5729
f 5719 5729 5728
f 5720 5721 5730
f 5720 5730 5729
f 5721 5722 5731
f 5721 5731 5730
f 5722 5723 5732
f 5722 5732 5731
f 5723 5724 5733
f 5723 5733 5732
f 5725 5726 5735
f 5725 5735 5734
f 5726 5727 5736
f 5726 5736 5735
f 5727 5728 5737
f 5727 5737 5736
f 5728 5729 5738
f 5728 5738 5737
f 5729 5730 5739
f 5729 5739 5738
f 5730 5731 5740
f 5730 5740 5739
f 5731 5732 5741
f 5731 5741 5740
f 5732 5733 5742
f 5732 5742 5741
f 5734 5735 5744
f 5734 5744 5743
f 5735 5736 5745
f 5735 5745 5744
f 5736 5737 5746
f 5736 5746 5745
f 5737 5738 5747
f 5737 5747 5746
f 5738 5739 5748
f 5738 5748 5747
f 5739 5740 5749
f 5739 5749 5748
f 5740 5741 5750
f 5740 5750 5749
f 5741 5742 5751
f 5741 5751 5750
f 5743 5744 5753
f 5743 5753 5752
f 5744 5745 5754
f 5744 5754 5753
f 5745 5746 5755
f 5745 5755 5754
f 5746 5747 5756
f 5746 5756 5755
f 5747 5748 5757
f 5747 5757 5756
f 5748 5749 5758
f 5748 5758 5757
f 5749 5750 5759
f 5749 5759 5758
f 5750 5751 5760
f 5750 5760 5759
f 5752 5753 5762
f 5752 5762 5761
f 5753 5754 5763
f 5753 5763 5762
f 5754 5755 5764
f 5754 5764 5763
f 5755 5756 5765
f 5755 5765 5764
f 5756 5757 5766
f 5756 5766 5765
f 5757 5758 5767
f 5757 5767 5766
f 5758 5759 5768
f 5758 5768 5767
f 5759 5760 5769
f 5759 5769 5768
f 5761 5762 5771
f 5761 5771 5770
f 5762 5763 5772
f 5762 5772 5771
f 5763 5764 5773
f 5763 5773 5772
f 5764 5765 5774
f 5764 5774 5773
f 5765 5766 5775
f 5765 5775 5774
f 5766 5767 5776
f 5766 5776 5775
f 5767 5768 5777
f 5767 5777 5776
f 5768 5769 5778
f 5768 5778 5777
g 측벽_1
v 4.8750 0.0000 4.1000
v 4.8750 0.3750 4.1000
v 4.8750 0.7500 4.1000
v 4.8750 1.1250 4.1000
v 4.8750 1.5000 4.1000
v 4.8750 1.8750 4.1000
v 4.8750 2.2500 4.1000
v 4.8750 2.6250 4.1000
v 4.8750 3.0000 4.1000
v 4.9063 0.0000 4.1000
v 4.9063 0.3750 4.1000
v 4.9063 0.7500 4.1000
v 4.9063 1.1250 4.1000
v 4.9063 1.5000 4.1000
v 4.9063 1.8750 4.1000
v 4.9063 2.2500 4.1000
v 4.9063 2.6250 4.1000
v 4.9063 3.0000 4.1000
v 4.9375 0.0000 4.1000
v 4.9375 0.3750 4.1000
v 4.9375 0.7500 4.1000
v 4.9375 1.1250 4.1000
v 4.9375 1.5000 4.1000
v 4.9375 1.8750 4.1000
v 4.9375 2.2500 4.1000
v 4.9375 2.6250 4.1000
v 4.9375 3.0000 4.1000
v 4.9688 0.0000 4.1000
v 4.9688 0.3750 4.1000
v 4.9688 0.7500 4.1000
v 4.9688 1.1250 4.1000
v 4.9688 1.5000 4.1000
v 4.9688 1.8750 4.1000
v 4.9688 2.2500 4.1000
v 4.9688 2.6250 4.1000
v 4.9688 3.0000 4.1000
v 5.0000 0.0000 4.1000
v 5.0000 0.3750 4.1000
v 5.0000 0.7500 4.1000
v 5.0000 1.1250 4.1000
v 5.0000 1.5000 4.1000
v 5.0000 1.8750 4.1000
v 5.0000 2.2500 4.1000
v 5.0000 2.6250 4.1000
v 5.0000 3.0000 4.1000
v 5.0313 0.0000 4.1000
v 5.0313 0.3750 4.1000
v 5.0313 0.7500 4.1000
v 5.0313 1.1250 4.1000
v 5.0313 1.5000 4.1000
v 5.0313 1.8750 4.1000
v 5.0313 2.2500 4.1000
v 5.0313 2.6250 4.1000
v 5.0313 3.0000 4.1000
v 5.0625 0.0000 4.1000
v 5.0625 0.3750 4.1000
v 5.0625 0.7500 4.1000
v 5.0625 1.1250 4.1000
v 5.0625 1.5000 4.1000
v 5.0625 1.8750 4.1000
v 5.0625 2.2500 4.1000
v 5.0625 2.6250 4.1000
v 5.0625 3.0000 4.1000
v 5.0938 0.0000 4.1000
v 5.0938 0.3750 4.1000
v 5.0938 0.7500 4.1000
v 5.0938 1.1250 4.1000
v 5.0938 1.5000 4.1000
v 5.0938 1.8750 4.1000
v 5.0938 2.2500 4.1000
v 5.0938 2.6250 4.1000
v 5.0938 3.0000 4.1000
v 5.1250 0.0000 4.1000
v 5.1250 0.3750 4.1000
v 5.1250 0.7500 4.1000
v 5.1250 1.1250 4.1000
v 5.1250 1.5000 4.1000
v 5.1250 1.8750 4.1000
v 5.1250 2.2500 4.1000
v 5.1250 2.6250 4.1000
v 5.1250 3.0000 4.1000
v 5.1250 0.0000 -4.1000
v 5.1250 0.3750 -4.1000
v 5.1250 0.7500 -4.1000
v 5.1250 1.1250 -4.1000
v 5.1250 1.5000 -4.1000
v 5.1250 1.8750 -4.1000
v 5.1250 2.2500 -4.1000
v 5.1250 2.6250 -4.1000
v 5.1250 3.0000 -4.1000
v 5.0938 0.0000 -4.1000
v 5.0938 0.3750 -4.1000
v 5.0938 0.7500 -4.1000
v 5.0938 1.1250 -4.1000
v 5.0938 1.5000 -4.1000
v 5.0938 1.8750 -4.1000
v 5.0938 2.2500 -4.1000
v 5.0938 2.6250 -4.1000
v 5.0938 3.0000 -4.1000
v 5.0625 0.0000 -4.1000
v 5.0625 0.3750 -4.1000
v 5.0625 0.7500 -4.1000
v 5.0625 1.1250 -4.1000
v 5.0625 1.5000 -4.1000
v 5.0625 1.8750 -4.1000
v 5.0625 2.2500 -4.1000
v 5.0625 2.6250 -4.1000
v 5.0625 3.0000 -4.1000
v 5.0313 0.0000 -4.1000
v 5.0313 0.3750 -4.1000
v 5.0313 0.7500 -4.1000
v 5.0313 1.1250 -4.1000
v 5.0313 1.5000 -4.1000
v 5.0313 1.8750 -4.1000
v 5.0313 2.2500 -4.1000
v 5.0313 2.6250 -4.1000
v 5.0313 3.0000 -4.1000
v 5.0000 0.0000 -4.1000
v 5.0000 0.3750 -4.1000
v 5.0000 0.7500 -4.1000
v 5.0000 1.1250 -4.1000
v 5.0000 1.5000 -4.1000
v 5.0000 1.8750 -4.1000
v 5.0000 2.2500 -4.1000
v 5.0000 2.6250 -4.1000
v 5.0000 3.0000 -4.1000
v 4.9688 0.0000 -4.1000
v 4.9688 0.3750 -4.1000
v 4.9688 0.7500 -4.1000
v 4.9688 1.1250 -4.1000
v 4.9688 1.5000 -4.1000
v 4.9688 1.8750 -4.1000
v 4.9688 2.2500 -4.1000
v 4.9688 2.6250 -4.1000
v 4.9688 3.0000 -4.1000
v 4.9375 0.0000 -4.1000
v 4.9375 0.3750 -4.1000
v 4.9375 0.7500 -4.1000
v 4.9375 1.1250 -4.1000
v 4.9375 1.5000 -4.1000
v 4.9375 1.8750 -4.1000
v 4.9375 2.2500 -4.1000
v 4.9375 2.6250 -4.1000
v 4.9375 3.0000 -4.1000
v 4.9063 0.0000 -4.1000
v 4.9063 0.3750 -4.1000
v 4.9063 0.7500 -4.1000
v 4.9063 1.1250 -4.1000
v 4.9063 1.5000 -4.1000
v 4.9063 1.8750 -4.1000
v 4.9063 2.2500 -4.1000
v 4.9063 2.6250 -4.1000
v 4.9063 3.0000 -4.1000
v 4.8750 0.0000 -4.1000
v 4.8750 0.3750 -4.1000
v 4.8750 0.7500 -4.1000
v 4.8750 1.1250 -4.1000
v 4.8750 1.5000 -4.1000
v 4.8750 1.8750 -4.1000
v 4.8750 2.2500 -4.1000
v 4.8750 2.6250 -4.1000
v 4.8750 3.0000 -4.1000
v 4.8750 0.0000 -4.1000
v 4.8750 0.3750 -4.1000
v 4.8750 0.7500 -4.1000
v 4.8750 1.1250 -4.1000
v 4.8750 1.5000 -4.1000
v 4.8750 1.8750 -4.1000
v 4.8750 2.2500 -4.1000
v 4.8750 2.6250 -4.1000
v 4.8750 3.0000 -4.1000
v 4.8750 0.0000 -3.0750
v 4.8750 0.3750 -3.0750
v 4.8750 0.7500 -3.0750
v 4.8750 1.1250 -3.0750
v 4.8750 1.5000 -3.0750
v 4.8750 1.8750 -3.0750
v 4.8750 2.2500 -3.0750
v 4.8750 2.6250 -3.0750
v 4.8750 3.0000 -3.0750
v 4.8750 0.0000 -2.0500
v 4.8750 0.3750 -2.0500
v 4.8750 0.7500 -2.0500
v 4.8750 1.1250 -2.0500
v 4.8750 1.5000 -2.0500
v 4.8750 1.8750 -2.0500
v 4.8750 2.2500 -2.0500
v 4.8750 2.6250 -2.0500
v 4.8750 3.0000 -2.0500
v 4.8750 0.0000 -1.0250
v 4.8750 0.3750 -1.0250
v 4.8750 0.7500 -1.0250
v 4.8750 1.1250 -1.0250
v 4.8750 1.5000 -1.0250
v 4.8750 1.8750 -1.0250
v 4.8750 2.2500 -1.0250
v 4.8750 2.6250 -1.0250
v 4.8750 3.0000 -1.0250
v 4.8750 0.0000 0.0000
v 4.8750 0.3750 0.0000
v 4.8750 0.7500 0.0000
v 4.8750 1.1250 0.0000
v 4.8750 1.5000 0.0000
v 4.8750 1.8750 0.0000
v 4.8750 2.2500 0.0000
v 4.8750 2.6250 0.0000
v 4.8750 3.0000 0.0000
v 4.8750 0.0000 1.0250
v 4.8750 0.3750 1.0250
v 4.8750 0.7500 1.0250
v 4.8750 1.1250 1.0250
v 4.8750 1.5000 1.0250
v 4.8750 1.8750 1.0250
v 4.8750 2.2500 1.0250
v 4.8750 2.6250 1.0250
v 4.8750 3.0000 1.0250
v 4.8750 0.0000 2.0500
v 4.8750 0.3750 2.0500
v 4.8750 0.7500 2.0500
v 4.8750 1.1250 2.0500
v 4.8750 1.5000 2.0500
v 4.8750 1.8750 2.0500
v 4.8750 2.2500 2.0500
v 4.8750 2.6250 2.0500
v 4.8750 3.0000 2.0500
v 4.8750 0.0000 3.0750
v 4.8750 0.3750 3.0750
v 4.8750 0.7500 3.0750
v 4.8750 1.1250 3.0750
v 4.8750 1.5000 3.0750
v 4.8750 1.8750 3.0750
v 4.8750 2.2500 3.0750
v 4.8750 2.6250 3.0750
v 4.8750 3.0000 3.0750
v 4.8750 0.0000 4.1000
v 4.8750 0.3750 4.1000
v 4.8750 0.7500 4.1000
v 4.8750 1.1250 4.1000
v 4.8750 1.5000 4.1000
v 4.8750 1.8750 4.1000
v 4.8750 2.2500 4.1000
v 4.8750 2.6250 4.1000
v 4.8750 3.0000 4.1000
v 5.1250 0.0000 4.1000
v 5.1250 0.3750 4.1000
v 5.1250 0.7500 4.1000
v 5.1250 1.1250 4.1000
v 5.1250 1.5000 4.1000
v 5.1250 1.8750 4.1000
v 5.1250 2.2500 4.1000
v 5.1250 2.6250 4.1000
v 5.1250 3.0000 4.1000
v 5.1250 0.0000 3.0750
v 5.1250 0.3750 3.0750
v 5.1250 0.7500 3.0750
v 5.1250 1.1250 3.0750
v 5.1250 1.5000 3.0750
v 5.1250 1.8750 3.0750
v 5.1250 2.2500 3.0750
v 5.1250 2.6250 3.0750
v 5.1250 3.0000 3.0750
v 5.1250 0.0000 2.0500
v 5.1250 0.3750 2.0500
v 5.1250 0.7500 2.0500
v 5.1250 1.1250 2.0500
v 5.1250 1.5000 2.0500
v 5.1250 1.8750 2.0500
v 5.1250 2.2500 2.0500
v 5.1250 2.6250 2.0500
v 5.1250 3.0000 2.0500
v 5.1250 0.0000 1.0250
v 5.1250 0.3750 1.0250
v 5.1250 0.7500 1.0250
v 5.1250 1.1250 1.0250
v 5.1250 1.5000 1.0250
v 5.1250 1.8750 1.0250
v 5.1250 2.2500 1.0250
v 5.1250 2.6250 1.0250
v 5.1250 3.0000 1.0250
v 5.1250 0.0000 0.0000
v 5.1250 0.3750 0.0000
v 5.1250 0.7500 0.0000
v 5.1250 1.1250 0.0000
v 5.1250 1.5000 0.0000
v 5.1250 1.8750 0.0000
v 5.1250 2.2500 0.0000
v 5.1250 2.6250 0.0000
v 5.1250 3.0000 0.0000
v 5.1250 0.0000 -1.0250
v 5.1250 0.3750 -1.0250
v 5.1250 0.7500 -1.0250
v 5.1250 1.1250 -1.0250
v 5.1250 1.5000 -1.0250
v 5.1250 1.8750 -1.0250
v 5.1250 2.2500 -1.0250
v 5.1250 2.6250 -1.0250
v 5.1250 3.0000 -1.0250
v 5.1250 0.0000 -2.0500
v 5.1250 0.3750 -2.0500
v 5.1250 0.7500 -2.0500
v 5.1250 1.1250 -2.0500
v 5.1250 1.5000 -2.0500
v 5.1250 1.8750 -2.0500
v 5.1250 2.2500 -2.0500
v 5.1250 2.6250 -2.0500
v 5.1250 3.0000 -2.0500
v 5.1250 0.0000 -3.0750
v 5.1250 0.3750 -3.0750
v 5.1250 0.7500 -3.0750
v 5.1250 1.1250 -3.0750
v 5.1250 1.5000 -3.0750
v 5.1250 1.8750 -3.0750
v 5.1250 2.2500 -3.0750
v 5.1250 2.6250 -3.0750
v 5.1250 3.0000 -3.0750
v 5.1250 0.0000 -4.1000
v 5.1250 0.3750 -4.1000
v 5.1250 0.7500 -4.1000
v 5.1250 1.1250 -4.1000
v 5.1250 1.5000 -4.1000
v 5.1250 1.8750 -4.1000
v 5.1250 2.2500 -4.1000
v 5.1250 2.6250 -4.1000
v 5.1250 3.0000 -4.1000
v 4.8750 3.0000 -4.1000
v 4.8750 3.0000 -3.0750
v 4.8750 3.0000 -2.0500
v 4.8750 3.0000 -1.0250
v 4.8750 3.0000 0.0000
v 4.8750 3.0000 1.0250
v 4.8750 3.0000 2.0500
v 4.8750 3.0000 3.0750
v 4.8750 3.0000 4.1000
v 4.9063 3.0000 -4.1000
v 4.9063 3.0000 -3.0750
v 4.9063 3.0000 -2.0500
v 4.9063 3.0000 -1.0250
v 4.9063 3.0000 0.0000
v 4.9063 3.0000 1.0250
v 4.9063 3.0000 2.0500
v 4.9063 3.0000 3.0750
v 4.9063 3.0000 4.1000
v 4.9375 3.0000 -4.1000
v 4.9375 3.0000 -3.0750
v 4.9375 3.0000 -2.0500
v 4.9375 3.0000 -1.0250
v 4.9375 3.0000 0.0000
v 4.9375 3.0000 1.0250
v 4.9375 3.0000 2.0500
v 4.9375 3.0000 3.0750
v 4.9375 3.0000 4.1000
v 4.9688 3.0000 -4.1000
v 4.9688 3.0000 -3.0750
v 4.9688 3.0000 -2.0500
v 4.9688 3.0000 -1.0250
v 4.9688 3.0000 0.0000
v 4.9688 3.0000 1.0250
v 4.9688 3.0000 2.0500
v 4.9688 3.0000 3.0750
v 4.9688 3.0000 4.1000
v 5.0000 3.0000 -4.1000
v 5.0000 3.0000 -3.0750
v 5.0000 3.0000 -2.0500
v 5.0000 3.0000 -1.0250
v 5.0000 3.0000 0.0000
v 5.0000 3.0000 1.0250
v 5.0000 3.0000 2.0500
v 5.0000 3.0000 3.0750
v 5.0000 3.0000 4.1000
v 5.0313 3.0000 -4.1000
v 5.0313 3.0000 -3.0750
v 5.0313 3.0000 -2.0500
v 5.0313 3.0000 -1.0250
v 5.0313 3.0000 0.0000
v 5.0313 3.0000 1.0250
v 5.0313 3.0000 2.0500
v 5.0313 3.0000 3.0750
v 5.0313 3.0000 4.1000
v 5.0625 3.0000 -4.1000
v 5.0625 3.0000 -3.0750
v 5.0625 3.0000 -2.0500
v 5.0625 3.0000 -1.0250
v 5.0625 3.0000 0.0000
v 5.0625 3.0000 1.0250
v 5.0625 3.0000 2.0500
v 5.0625 3.0000 3.0750
v 5.0625 3.0000 4.1000
v 5.0938 3.0000 -4.1000
v 5.0938 3.0000 -3.0750
v 5.0938 3.0000 -2.0500
v 5.0938 3.0000 -1.0250
v 5.0938 3.0000 0.0000
v 5.0938 3.0000 1.0250
v 5.0938 3.0000 2.0500
v 5.0938 3.0000 3.0750
v 5.0938 3.0000 4.1000
v 5.1250 3.0000 -4.1000
v 5.1250 3.0000 -3.0750
v 5.1250 3.0000 -2.0500
v 5.1250 3.0000 -1.0250
v 5.1250 3.0000 0.0000
v 5.1250 3.0000 1.0250
v 5.1250 3.0000 2.0500
v 5.1250 3.0000 3.0750
v 5.1250 3.0000 4.1000
v 4.8750 0.0000 4.1000
v 4.8750 0.0000 3.0750
v 4.8750 0.0000 2.0500
v 4.8750 0.0000 1.0250
v 4.8750 0.0000 0.0000
v 4.8750 0.0000 -1.0250
v 4.8750 0.0000 -2.0500
v 4.8750 0.0000 -3.0750
v 4.8750 0.0000 -4.1000
v 4.9063 0.0000 4.1000
v 4.9063 0.0000 3.0750
v 4.9063 0.0000 2.0500
v 4.9063 0.0000 1.0250
v 4.9063 0.0000 0.0000
v 4.9063 0.0000 -1.0250
v 4.9063 0.0000 -2.0500
v 4.9063 0.0000 -3.0750
v 4.9063 0.0000 -4.1000
v 4.9375 0.0000 4.1000
v 4.9375 0.0000 3.0750
v 4.9375 0.0000 2.0500
v 4.9375 0.0000 1.0250
v 4.9375 0.0000 0.0000
v 4.9375 0.0000 -1.0250
v 4.9375 0.0000 -2.0500
v 4.9375 0.0000 -3.0750
v 4.9375 0.0000 -4.1000
v 4.9688 0.0000 4.1000
v 4.9688 0.0000 3.0750
v 4.9688 0.0000 2.0500
v 4.9688 0.0000 1.0250
v 4.9688 0.0000 0.0000
v 4.9688 0.0000 -1.0250
v 4.9688 0.0000 -2.0500
v 4.9688 0.0000 -3.0750
v 4.9688 0.0000 -4.1000
v 5.0000 0.0000 4.1000
v 5.0000 0.0000 3.0750
v 5.0000 0.0000 2.0500
v 5.0000 0.0000 1.0250
v 5.0000 0.0000 0.0000
v 5.0000 0.0000 -1.0250
v 5.0000 0.0000 -2.0500
v 5.0000 0.0000 -3.0750
v 5.0000 0.0000 -4.1000
v 5.0313 0.0000 4.1000
v 5.0313 0.0000 3.0750
v 5.0313 0.0000 2.0500
v 5.0313 0.0000 1.0250
v 5.0313 0.0000 0.0000
v 5.0313 0.0000 -1.0250
v 5.0313 0.0000 -2.0500
v 5.0313 0.0000 -3.0750
v 5.0313 0.0000 -4.1000
v 5.0625 0.0000 4.1000
v 5.0625 0.0000 3.0750
v 5.0625 0.0000 2.0500
v 5.0625 0.0000 1.0250
v 5.0625 0.0000 0.0000
v 5.0625 0.0000 -1.0250
v 5.0625 0.0000 -2.0500
v 5.0625 0.0000 -3.0750
v 5.0625 0.0000 -4.1000
v 5.0938 0.0000 4.1000
v 5.0938 0.0000 3.0750
v 5.0938 0.0000 2.0500
v 5.0938 0.0000 1.0250
v 5.0938 0.0000 0.0000
v 5.0938 0.0000 -1.0250
v 5.0938 0.0000 -2.0500
v 5.0938 0.0000 -3.0750
v 5.0938 0.0000 -4.1000
v 5.1250 0.0000 4.1000
v 5.1250 0.0000 3.0750
v 5.1250 0.0000 2.0500
v 5.1250 0.0000 1.0250
v 5.1250 0.0000 0.0000
v 5.1250 0.0000 -1.0250
v 5.1250 0.0000 -2.0500
v 5.1250 0.0000 -3.0750
v 5.1250 0.0000 -4.1000
f 5779 5780 5789
f 5779 5789 5788
f 5780 5781 5790
f 5780 5790 5789
f 5781 5782 5791
f 5781 5791 5790
f 5782 5783 5792
f 5782 5792 5791
f 5783 5784 5793
f 5783 5793 5792
f 5784 5785 5794
f 5784 5794 5793
f 5785 5786 5795
f 5785 5795 5794
f 5786 5787 5796
f 5786 5796 5795
f 5788 5789 5798
f 5788 5798 5797
f 5789 5790 5799
f 5789 5799 5798
f 5790 5791 5800
f 5790 5800 5799
f 5791 5792 5801
f 5791 5801 5800
f 5792 5793 5802
f 5792 5802 5801
f 5793 5794 5803
f 5793 5803 5802
f 5794 5795 5804
f 5794 5804 5803
f 5795 5796 5805
f 5795 5805 5804
f 5797 5798 5807
f 5797 5807 5806
f 5798 5799 5808
f 5798 5808 5807
f 5799 5800 5809
f 5799 5809 5808
f 5800 5801 5810
f 5800 5810 5809
f 5801 5802 5811
f 5801 5811 5810
f 5802 5803 5812
f 5802 5812 5811
f 5803 5804 5813
f 5803 5813 5812
f 5804 5805 5814
f 5804 5814 5813
f 5806 5807 5816
f 5806 5816 5815
f 5807 5808 5817
f 5807 5817 5816
f 5808 5809 5818
f 5808 5818 5817
f 5809 5810 5819
f 5809 5819 5818
f 5810 5811 5820
f 5810 5820 5819
f 5811 5812 5821
f 5811 5821 5820
f 5812 5813 5822
f 5812 5822 5821
f 5813 5814 5823
f 5813 5823 5822
f 5815 5816 5825
f 5815 5825 5824
f 5816 5817 5826
f 5816 5826 5825
f 5817 5818 5827
f 5817 5827 5826
f 5818 5819 5828
f 5818 5828 5827
f 5819 5820 5829
f 5819 5829 5828
f 5820 5821 5830
f 5820 5830 5829
f 5821 5822 5831
f 5821 5831 5830
f 5822 5823 5832
f 5822 5832 5831
f 5824 5825 5834
f 5824 5834 5833
f 5825 5826 5835
f 5825 5835 5834
f 5826 5827 5836
f 5826 5836 5835
f 5827 5828 5837
f 5827 5837 5836
f 5828 5829 5838
f 5828 5838 5837
f 5829 5830 5839
f 5829 5839 5838
f 5830 5831 5840
f 5830 5840 5839
f 5831 5832 5841
f 5831 5841 5840
f 5833 5834 5843
f 5833 5843 5842
f 5834 5835 5844
f 5834 5844 5843
f 5835 5836 5845
f 5835 5845 5844
f 5836 5837 5846
f 5836 5846 5845
f 5837 5838 5847
f 5837 5847 5846
f 5838 5839 5848
f 5838 5848 5847
f 5839 5840 5849
f 5839 5849 5848
f 5840 5841 5850
f 5840 5850 5849
f 5842 5843 5852
f 5842 5852 5851
f 5843 5844 5853
f 5843 5853 5852
f 5844 5845 5854
f 5844 5854 5853
f 5845 5846 5855
f 5845 5855 5854
f 5846 5847 5856
f 5846 5856 5855
f 5847 5848 5857
f 5847 5857 5856
f 5848 5849 5858
f 5848 5858 5857
f 5849 5850 5859
f 5849 5859 5858
f 5860 5861 5870
f 5860 5870 5869
f 5861 5862 5871
f 5861 5871 5870
f 5862 5863 5872
f 5862 5872 5871
f 5863 5864 5873
f 5863 5873 5872
f 5864 5865 5874
f 5864 5874 5873
f 5865 5866 5875
f 5865 5875 5874
f 5866 5867 5876
f 5866 5876 5875
f 5867 5868 5877
f 5867 5877 5876
f 5869 5870 5879
f 5869 5879 5878
f 5870 5871 5880
f 5870 5880 5879
f 5871 5872 5881
f 5871 5881 5880
f 5872 5873 5882
f 5872 5882 5881
f 5873 5874 5883
f 5873 5883 5882
f 5874 5875 5884
f 5874 5884 5883
f 5875 5876 5885
f 5875 5885 5884
f 5876 5877 5886
f 5876 5886 5885
f 5878 5879 5888
f 5878 5888 5887
f 5879 5880 5889
f 5879 5889 5888
f 5880 5881 5890
f 5880 5890 5889
f 5881 5882 5891
f 5881 5891 5890
f 5882 5883 5892
f 5882 5892 5891
f 5883 5884 5893
f 5883 5893 5892
f 5884 5885 5894
f 5884 5894 5893
f 5885 5886 5895
f 5885 5895 5894
f 5887 5888 5897
f 5887 5897 5896
f 5888 5889 5898
f 5888 5898 5897
f 5889 5890 5899
f 5889 5899 5898
f 5890 5891 5900
f 5890 5900 5899
f 5891 5892 5901
f 5891 5901 5900
f 5892 5893 5902
f 5892 5902 5901
f 5893 5894 5903
f 5893 5903 5902
f 5894 5895 5904
f 5894 5904 5903
f 5896 5897 5906
f 5896 5906 5905
f 5897 5898 5907
f 5897 5907 5906
f 5898 5899 5908
f 5898 5908 5907
f 5899 5900 5909
f 5899 5909 5908
f 5900 5901 5910
f 5900 5910 5909
f 5901 5902 5911
f 5901 5911 5910
f 5902 5903 5912
f 5902 5912 5911
f 5903 5904 5913
f 5903 5913 5912
f 5905 5906 5915
f 5905 5915 5914
f 5906 5907 5916
f 5906 5916 5915
f 5907 5908 5917
f 5907 5917 5916
f 5908 5909 5918
f 5908 5918 5917
f 5909 5910 5919
f 5909 5919 5918
f 5910 5911 5920
f 5910 5920 5919
f 5911 5912 5921
f 5911 5921 5920
f 5912 5913 5922
f 5912 5922 5921
f 5914 5915 5924
f 5914 5924 5923
f 5915 5916 5925
f 5915 5925 5924
f 5916 5917 5926
f 5916 5926 5925
f 5917 5918 5927
f 5917 5927 5926
f 5918 5919 5928
f 5918 5928 5927
f 5919 5920 5929
f 5919 5929 5928
f 5920 5921 5930
f 5920 5930 5929
f 5921 5922 5931
f 5921 5931 5930
f 5923 5924 5933
f 5923 5933 5932
f 5924 5925 5934
f 5924 5934 5933
f 5925 5926 5935
f 5925 5935 5934
f 5926 5927 5936
f 5926 5936 5935
f 5927 5928 5937
f 5927 5937 5936
f 5928 5929 5938
f 5928 5938 5937
f 5929 5930 5939
f 5929 5939 5938
f 5930 5931 5940
f 5930 5940 5939
f 5941 5942 5951
f 5941 5951 5950
f 5942 5943 5952
f 5942 5952 5951
f 5943 5944 5953
f 5943 5953 5952
f 5944 5945 5954
f 5944 5954 5953
f 5945 5946 5955
f 5945 5955 5954
f 5946 5947 5956
f 5946 5956 5955
f 5947 5948 5957
f 5947 5957 5956
f 5948 5949 5958
f 5948 5958 5957
f 5950 5951 5960
f 5950 5960 5959
f 5951 5952 5961
f 5951 5961 5960
f 5952 5953 5962
f 5952 5962 5961
f 5953 5954 5963
f 5953 5963 5962
f 5954 5955 5964
f 5954 5964 5963
f 5955 5956 5965
f 5955 5965 5964
f 5956 5957 5966
f 5956 5966 5965
f 5957 5958 5967
f 5957 5967 5966
f 5959 5960 5969
f 5959 5969 5968
f 5960 5961 5970
f 5960 5970 5969
f 5961 5962 5971
f 5961 5971 5970
f 5962 5963 5972
f 5962 5972 5971
f 5963 5964 5973
f 5963 5973 5972
f 5964 5965 5974
f 5964 5974 5973
f 5965 5966 5975
f 5965 5975 5974
f 5966 5967 5976
f 5966 5976 5975
f 5968 5969 5978
f 5968 5978 5977
f 5969 5970 5979
f 5969 5979 5978
f 5970 5971 5980
f 5970 5980 5979
f 5971 5972 5981
f 5971 5981 5980
f 5972 5973 5982
f 5972 5982 5981
f 5973 5974 5983
f 5973 5983 5982
f 5974 5975 5984
f 5974 5984 5983
f 5975 5976 5985
f 5975 5985 5984
f 5977 5978 5987
f 5977 5987 5986
f 5978 5979 5988
f 5978 5988 5987
f 5979 5980 5989
f 5979 5989 5988
f 5980 5981 5990
f 5980 5990 5989
f 5981 5982 5991
f 5981 5991 5990
f 5982 5983 5992
f 5982 5992 5991
f 5983 5984 5993
f 5983 5993 5992
f 5984 5985 5994
f 5984 5994 5993
f 5986 5987 5996
f 5986 5996 5995
f 5987 5988 5997
f 5987 5997 5996
f 5988 5989 5998
f 5988 5998 5997
f 5989 5990 5999
f 5989 5999 5998
f 5990 5991 6000
f 5990 6000 5999
f 5991 5992 6001
f 5991 6001 6000
f 5992 5993 6002
f 5992 6002 6001
f 5993 5994 6003
f 5993 6003 6002
f 5995 5996 6005
f 5995 6005 6004
f 5996 5997 6006
f 5996 6006 6005
f 5997 5998 6007
f 5997 6007 6006
f 5998 5999 6008
f 5998 6008 6007
f 5999 6000 6009
f 5999 6009 6008
f 6000 6001 6010
f 6000 6010 6009
f 6001 6002 6011
f 6001 6011 6010
f 6002 6003 6012
f 6002 6012 6011
f 6004 6005 6014
f 6004 6014 6013
f 6005 6006 6015
f 6005 6015 6014
f 6006 6007 6016
f 6006 6016 6015
f 6007 6008 6017
f 6007 6017 6016
f 6008 6009 6018
f 6008 6018 6017
f 6009 6010 6019
f 6009 6019 6018
f 6010 6011 6020
f 6010 6020 6019
f 6011 6012 6021
f 6011 6021 6020
f 6022 6023 6032
f 6022 6032 6031
f 6023 6024 6033
f 6023 6033 6032
f 6024 6025 6034
f 6024 6034 6033
f 6025 6026 6035
f 6025 6035 6034
f 6026 6027 6036
f 6026 6036 6035
f 6027 6028 6037
f 6027 6037 6036
f 6028 6029 6038
f 6028 6038 6037
f 6029 6030 6039
f 6029 6039 6038
f 6031 6032 6041
f 6031 6041 6040
f 6032 6033 6042
f 6032 6042 6041
f 6033 6034 6043
f 6033 6043 6042
f 6034 6035 6044
f 6034 6044 6043
f 6035 6036 6045
f 6035 6045 6044
f 6036 6037 6046
f 6036 6046 6045
f 6037 6038 6047
f 6037 6047 6046
f 6038 6039 6048
f 6038 6048 6047
f 6040 6041 6050
f 6040 6050 6049
f 6041 6042 6051
f 6041 6051 6050
f 6042 6043 6052
f 6042 6052 6051
f 6043 6044 6053
f 6043 6053 6052
f 6044 6045 6054
f 6044 6054 6053
f 6045 6046 6055
f 6045 6055 6054
f 6046 6047 6056
f 6046 6056 6055
f 6047 6048 6057
f 6047 6057 6056
f 6049 6050 6059
f 6049 6059 6058
f 6050 6051 6060
f 6050 6060 6059
f 6051 6052 6061
f 6051 6061 6060
f 6052 6053 6062
f 6052 6062 6061
f 6053 6054 6063
f 6053 6063 6062
f 6054 6055 6064
f 6054 6064 6063
f 6055 6056 6065
f 6055 6065 6064
f 6056 6057 6066
f 6056 6066 6065
f 6058 6059 6068
f 6058 6068 6067
f 6059 6060 6069
f 6059 6069 6068
f 6060 6061 6070
f 6060 6070 6069
f 6061 6062 6071
f 6061 6071 6070
f 6062 6063 6072
f 6062 6072 6071
f 6063 6064 6073
f 6063 6073 6072
f 6064 6065 6074
f 6064 6074 6073
f 6065 6066 6075
f 6065 6075 6074
f 6067 6068 6077
f 6067 6077 6076
f 6068 6069 6078
f 6068 6078 6077
f 6069 6070 6079
f 6069 6079 6078
f 6070 6071 6080
f 6070 6080 6079
f 6071 6072 6081
f 6071 6081 6080
f 6072 6073 6082
f 6072 6082 6081
f 6073 6074 6083
f 6073 6083 6082
f 6074 6075 6084
f 6074 6084 6083
f 6076 6077 6086
f 6076 6086 6085
f 6077 6078 6087
f 6077 6087 6086
f 6078 6079 6088
f 6078 6088 6087
f 6079 6080 6089
f 6079 6089 6088
f 6080 6081 6090
f 6080 6090 6089
f 6081 6082 6091
f 6081 6091 6090
f 6082 6083 6092
f 6082 6092 6091
f 6083 6084 6093
f 6083 6093 6092
f 6085 6086 6095
f 6085 6095 6094
f 6086 6087 6096
f 6086 6096 6095
f 6087 6088 6097
f 6087 6097 6096
f 6088 6089 6098
f 6088 6098 6097
f 6089 6090 6099
f 6089 6099 6098
f 6090 6091 6100
f 6090 6100 6099
f 6091 6092 6101
f 6091 6101 6100
f 6092 6093 6102
f 6092 6102 6101
f 6103 6104 6113
f 6103 6113 6112
f 6104 6105 6114
f 6104 6114 6113
f 6105 6106 6115
f 6105 6115 6114
f 6106 6107 6116
f 6106 6116 6115
f 6107 6108 6117
f 6107 6117 6116
f 6108 6109 6118
f 6108 6118 6117
f 6109 6110 6119
f 6109 6119 6118
f 6110 6111 6120
f 6110 6120 6119
f 6112 6113 6122
f 6112 6122 6121
f 6113 6114 6123
f 6113 6123 6122
f 6114 6115 6124
f 6114 6124 6123
f 6115 6116 6125
f 6115 6125 6124
f 6116 6117 6126
f 6116 6126 6125
f 6117 6118 6127
f 6117 6127 6126
f 6118 6119 6128
f 6118 6128 6127
f 6119 6120 6129
f 6119 6129 6128
f 6121 6122 6131
f 6121 6131 6130
f 6122 6123 6132
f 6122 6132 6131
f 6123 6124 6133
f 6123 6133 6132
f 6124 6125 6134
f 6124 6134 6133
f 6125 6126 6135
f 6125 6135 6134
f 6126 6127 6136
f 6126 6136 6135
f 6127 6128 6137
f 6127 6137 6136
f 6128 6129 6138
f 6128 6138 6137
f 6130 6131 6140
f 6130 6140 6139
f 6131 6132 6141
f 6131 6141 6140
f 6132 6133 6142
f 6132 6142 6141
f 6133 6134 6143
f 6133 6143 6142
f 6134 6135 6144
f 6134 6144 6143
f 6135 6136 6145
f 6135 6145 6144
f 6136 6137 6146
f 6136 6146 6145
f 6137 6138 6147
f 6137 6147 6146
f 6139 6140 6149
f 6139 6149 6148
f 6140 6141 6150
f 6140 6150 6149
f 6141 6142 6151
f 6141 6151 6150
f 6142 6143 6152
f 6142 6152 6151
f 6143 6144 6153
f 6143 6153 6152
f 6144 6145 6154
f 6144 6154 6153
f 6145 6146 6155
f 6145 6155 6154
f 6146 6147 6156
f 6146 6156 6155
f 6148 6149 6158
f 6148 6158 6157
f 6149 6150 6159
f 6149 6159 6158
f 6150 6151 6160
f 6150 6160 6159
f 6151 6152 6161
f 6151 6161 6160
f 6152 6153 6162
f 6152 6162 6161
f 6153 6154 6163
f 6153 6163 6162
f 6154 6155 6164
f 6154 6164 6163
f 6155 6156 6165
f 6155 6165 6164
f 6157 6158 6167
f 6157 6167 6166
f 6158 6159 6168
f 6158 6168 6167
f 6159 6160 6169
f 6159 6169 6168
f 6160 6161 6170
f 6160 6170 6169
f 6161 6162 6171
f 6161 6171 6170
f 6162 6163 6172
f 6162 6172 6171
f 6163 6164 6173
f 6163 6173 6172
f 6164 6165 6174
f 6164 6174 6173
f 6166 6167 6176
f 6166 6176 6175
f 6167 6168 6177
f 6167 6177 6176
f 6168 6169 6178
f 6168 6178 6177
f 6169 6170 6179
f 6169 6179 6178
f 6170 6171 6180
f 6170 6180 6179
f 6171 6172 6181
f 6171 6181 6180
f 6172 6173 6182
f 6172 6182 6181
f 6173 6174 6183
f 6173 6183 6182
f 6184 6185 6194
f 6184 6194 6193
f 6185 6186 6195
f 6185 6195 6194
f 6186 6187 6196
f 6186 6196 6195
f 6187 6188 6197
f 6187 6197 6196
f 6188 6189 6198
f 6188 6198 6197
f 6189 6190 6199
f 6189 6199 6198
f 6190 6191 6200
f 6190 6200 6199
f 6191 6192 6201
f 6191 6201 6200
f 6193 6194 6203
f 6193 6203 6202
f 6194 6195 6204
f 6194 6204 6203
f 6195 6196 6205
f 6195 6205 6204
f 6196 6197 6206
f 6196 6206 6205
f 6197 6198 6207
f 6197 6207 6206
f 6198 6199 6208
f 6198 6208 6207
f 6199 6200 6209
f 6199 6209 6208
f 6200 6201 6210
f 6200 6210 6209
f 6202 6203 6212
f 6202 6212 6211
f 6203 6204 6213
f 6203 6213 6212
f 6204 6205 6214
f 6204 6214 6213
f 6205 6206 6215
f 6205 6215 6214
f 6206 6207 6216
f 6206 6216 6215
f 6207 6208 6217
f 6207 6217 6216
f 6208 6209 6218
f 6208 6218 6217
f 6209 6210 6219
f 6209 6219 6218
f 6211 6212 6221
f 6211 6221 6220
f 6212 6213 6222
f 6212 6222 6221
f 6213 6214 6223
f 6213 6223 6222
f 6214 6215 6224
f 6214 6224 6223
f 6215 6216 6225
f 6215 6225 6224
f 6216 6217 6226
f 6216 6226 6225
f 6217 6218 6227
f 6217 6227 6226
f 6218 6219 6228
f 6218 6228 6227
f 6220 6221 6230
f 6220 6230 6229
f 6221 6222 6231
f 6221 6231 6230
f 6222 6223 6232
f 6222 6232 6231
f 6223 6224 6233
f 6223 6233 6232
f 6224 6225 6234
f 6224 6234 6233
f 6225 6226 6235
f 6225 6235 6234
f 6226 6227 6236
f 6226 6236 6235
f 6227 6228 6237
f 6227 6237 6236
f 6229 6230 6239
f 6229 6239 6238
f 6230 6231 6240
f 6230 6240 6239
f 6231 6232 6241
f 6231 6241 6240
f 6232 6233 6242
f 6232 6242 6241
f 6233 6234 6243
f 6233 6243 6242
f 6234 6235 6244
f 6234 6244 6243
f 6235 6236 6245
f 6235 6245 6244
f 6236 6237 6246
f 6236 6246 6245
f 6238 6239 6248
f 6238 6248 6247
f 6239 6240 6249
f 6239 6249 6248
f 6240 6241 6250
f 6240 6250 6249
f 6241 6242 6251
f 6241 6251 6250
f 6242 6243 6252
f 6242 6252 6251
f 6243 6244 6253
f 6243 6253 6252
f 6244 6245 6254
f 6244 6254 6253
f 6245 6246 6255
f 6245 6255 6254
f 6247 6248 6257
f 6247 6257 6256
f 6248 6249 6258
f 6248 6258 6257
f 6249 6250 6259
f 6249 6259 6258
f 6250 6251 6260
f 6250 6260 6259
f 6251 6252 6261
f 6251 6261 6260
f 6252 6253 6262
f 6252 6262 6261
f 6253 6254 6263
f 6253 6263 6262
f 6254 6255 6264
f 6254 6264 6263
g 천장_0
v -5.1500 3.0250 4.2500
v -5.1500 3.0550 4.2500
v -5.1500 3.0850 4.2500
v -5.1500 3.1150 4.2500
v -5.1500 3.1450 4.2500
v -5.1500 3.1750 4.2500
v -3.0900 3.0250 4.2500
v -3.0900 3.0550 4.2500
v -3.0900 3.0850 4.2500
v -3.0900 3.1150 4.2500
v -3.0900 3.1450 4.2500
v -3.0900 3.1750 4.2500
v -1.0300 3.0250 4.2500
v -1.0300 3.0550 4.2500
v -1.0300 3.0850 4.2500
v -1.0300 3.1150 4.2500
v -1.0300 3.1450 4.2500
v -1.0300 3.1750 4.2500
v 1.0300 3.0250 4.2500
v 1.0300 3.0550 4.2500
v 1.0300 3.0850 4.2500
v 1.0300 3.1150 4.2500
v 1.0300 3.1450 4.2500
v 1.0300 3.1750 4.2500
v 3.0900 3.0250 4.2500
v 3.0900 3.0550 4.2500
v 3.0900 3.0850 4.2500
v 3.0900 3.1150 4.2500
v 3.0900 3.1450 4.2500
v 3.0900 3.1750 4.2500
v 5.1500 3.0250 4.2500
v 5.1500 3.0550 4.2500
v 5.1500 3.0850 4.2500
v 5.1500 3.1150 4.2500
v 5.1500 3.1450 4.2500
v 5.1500 3.1750 4.2500
v 5.1500 3.0250 -4.2500
v 5.1500 3.0550 -4.2500
v 5.1500 3.0850 -4.2500
v 5.1500 3.1150 -4.2500
v 5.1500 3.1450 -4.2500
v 5.1500 3.1750 -4.2500
v 3.0900 3.0250 -4.2500
v 3.0900 3.0550 -4.2500
v 3.0900 3.0850 -4.2500
v 3.0900 3.1150 -4.2500
v 3.0900 3.1450 -4.2500
v 3.0900 3.1750 -4.2500
v 1.0300 3.0250 -4.2500
v 1.0300 3.0550 -4.2500
v 1.0300 3.0850 -4.2500
v 1.0300 3.1150 -4.2500
v 1.0300 3.1450 -4.2500
v 1.0300 3.1750 -4.2500
v -1.0300 3.0250 -4.2500
v -1.0300 3.0550 -4.2500
v -1.0300 3.0850 -4.2500
v -1.0300 3.1150 -4.2500
v -1.0300 3.1450 -4.2500
v -1.0300 3.1750 -4.2500
v -3.0900 3.0250 -4.2500
v -3.0900 3.0550 -4.2500
v -3.0900 3.0850 -4.2500
v -3.0900 3.1150 -4.2500
v -3.0900 3.1450 -4.2500
v -3.0900 3.1750 -4.2500
v -5.1500 3.0250 -4.2500
v -5.1500 3.0550 -4.2500
v -5.1500 3.0850 -4.2500
v -5.1500 3.1150 -4.2500
v -5.1500 3.1450 -4.2500
v -5.1500 3.1750 -4.2500
v -5.1500 3.0250 -4.2500
v -5.1500 3.0550 -4.2500
v -5.1500 3.0850 -4.2500
v -5.1500 3.1150 -4.2500
v -5.1500 3.1450 -4.2500
v -5.1500 3.1750 -4.2500
v -5.1500 3.0250 -2.5500
v -5.1500 3.0550 -2.5500
v -5.1500 3.0850 -2.5500
v -5.1500 3.1150 -2.5500
v -5.1500 3.1450 -2.5500
v -5.1500 3.1750 -2.5500
v -5.1500 3.0250 -0.8500
v -5.1500 3.0550 -0.8500
v -5.1500 3.0850 -0.8500
v -5.1500 3.1150 -0.8500
v -5.1500 3.1450 -0.8500
v -5.1500 3.1750 -0.8500
v -5.1500 3.0250 0.8500
v -5.1500 3.0550 0.8500
v -5.1500 3.0850 0.8500
v -5.1500 3.1150 0.8500
v -5.1500 3.1450 0.8500
v -5.1500 3.1750 0.8500
v -5.1500 3.0250 2.5500
v -5.1500 3.0550 2.5500
v -5.1500 3.0850 2.5500
v -5.1500 3.1150 2.5500
v -5.1500 3.1450 2.5500
v -5.1500 3.1750 2.5500
v -5.1500 3.0250 4.2500
v -5.1500 3.0550 4.2500
v -5.1500 3.0850 4.2500
v -5.1500 3.1150 4.2500
v -5.1500 3.1450 4.2500
v -5.1500 3.1750 4.2500
v 5.1500 3.0250 4.2500
v 5.1500 3.0550 4.2500
v 5.1500 3.0850 4.2500
v 5.1500 3.1150 4.2500
v 5.1500 3.1450 4.2500
v 5.1500 3.1750 4.2500
v 5.1500 3.0250 2.5500
v 5.1500 3.0550 2.5500
v 5.1500 3.0850 2.5500
v 5.1500 3.1150 2.5500
v 5.1500 3.1450 2.5500
v 5.1500 3.1750 2.5500
v 5.1500 3.0250 0.8500
v 5.1500 3.0550 0.8500
v 5.1500 3.0850 0.8500
v 5.1500 3.1150 0.8500
v 5.1500 3.1450 0.8500
v 5.1500 3.1750 0.8500
v 5.1500 3.0250 -0.8500
v 5.1500 3.0550 -0.8500
v 5.1500 3.0850 -0.8500
v 5.1500 3.1150 -0.8500
v 5.1500 3.1450 -0.8500
v 5.1500 3.1750 -0.8500
v 5.1500 3.0250 -2.5500
v 5.1500 3.0550 -2.5500
v 5.1500 3.0850 -2.5500
v 5.1500 3.1150 -2.5500
v 5.1500 3.1450 -2.5500
v 5.1500 3.1750 -2.5500
v 5.1500 3.0250 -4.2500
v 5.1500 3.0550 -4.2500
v 5.1500 3.0850 -4.2500
v 5.1500 3.1150 -4.2500
v 5.1500 3.1450 -4.2500
v 5.1500 3.1750 -4.2500
v -5.1500 3.1750 -4.2500
v -5.1500 3.1750 -2.5500
v -5.1500 3.1750 -0.8500
v -5.1500 3.1750 0.8500
v -5.1500 3.1750 2.5500
v -5.1500 3.1750 4.2500
v -3.0900 3.1750 -4.2500
v -3.0900 3.1750 -2.5500
v -3.0900 3.1750 -0.8500
v -3.0900 3.1750 0.8500
v -3.0900 3.1750 2.5500
v -3.0900 3.1750 4.2500
v -1.0300 3.1750 -4.2500
v -1.0300 3.1750 -2.5500
v -1.0300 3.1750 -0.8500
v -1.0300 3.1750 0.8500
v -1.0300 3.1750 2.5500
v -1.0300 3.1750 4.2500
v 1.0300 3.1750 -4.2500
v 1.0300 3.1750 -2.5500
v 1.0300 3.1750 -0.8500
v 1.0300 3.1750 0.8500
v 1.0300 3.1750 2.5500
v 1.0300 3.1750 4.2500
v 3.0900 3.1750 -4.2500
v 3.0900 3.1750 -2.5500
v 3.0900 3.1750 -0.8500
v 3.0900 3.1750 0.8500
v 3.0900 3.1750 2.5500
v 3.0900 3.1750 4.2500
v 5.1500 3.1750 -4.2500
v 5.1500 3.1750 -2.5500
v 5.1500 3.1750 -0.8500
v 5.1500 3.1750 0.8500
v 5.1500 3.1750 2.5500
v 5.1500 3.1750 4.2500
v -5.1500 3.0250 4.2500
v -5.1500 3.0250 2.5500
v -5.1500 3.0250 0.8500
v -5.1500 3.0250 -0.8500
v -5.1500 3.0250 -2.5500
v -5.1500 3.0250 -4.2500
v -3.0900 3.0250 4.2500
v -3.0900 3.0250 2.5500
v -3.0900 3.0250 0.8500
v -3.0900 3.0250 -0.8500
v -3.0900 3.0250 -2.5500
v -3.0900 3.0250 -4.2500
v -1.0300 3.0250 4.2500
v -1.0300 3.0250 2.5500
v -1.0300 3.0250 0.8500
v -1.0300 3.0250 -0.8500
v -1.0300 3.0250 -2.5500
v -1.0300 3.0250 -4.2500
v 1.0300 3.0250 4.2500
v 1.0300 3.0250 2.5500
v 1.0300 3.0250 0.8500
v 1.0300 3.0250 -0.8500
v 1.0300 3.0250 -2.5500
v 1.0300 3.0250 -4.2500
v 3.0900 3.0250 4.2500
v 3.0900 3.0250 2.5500
v 3.0900 3.0250 0.8500
v 3.0900 3.0250 -0.8500
v 3.0900 3.0250 -2.5500
v 3.0900 3.0250 -4.2500
v 5.1500 3.0250 4.2500
v 5.1500 3.0250 2.5500
v 5.1500 3.0250 0.8500
v 5.1500 3.0250 -0.8500
v 5.1500 3.0250 -2.5500
v 5.1500 3.0250 -4.2500
f 6265 6266 6272
f 6265 6272 6271
f 6266 6267 6273
f 6266 6273 6272
f 6267 6268 6274
f 6267 6274 6273
f 6268 6269 6275
f 6268 6275 6274
f 6269 6270 6276
f 6269 6276 6275
f 6271 6272 6278
f 6271 6278 6277
f 6272 6273 6279
f 6272 6279 6278
f 6273 6274 6280
f 6273 6280 6279
f 6274 6275 6281
f 6274 6281 6280
f 6275 6276 6282
f 6275 6282 6281
f 6277 6278 6284
f 6277 6284 6283
f 6278 6279 6285
f 6278 6285 6284
f 6279 6280 6286
f 6279 6286 6285
f 6280 6281 6287
f 6280 6287 6286
f 6281 6282 6288
f 6281 6288 6287
f 6283 6284 6290
f 6283 6290 6289
f 6284 6285 6291
f 6284 6291 6290
f 6285 6286 6292
f 6285 6292 6291
f 6286 6287 6293
f 6286 6293 6292
f 6287 6288 6294
f 6287 6294 6293
f 6289 6290 6296
f 6289 6296 6295
f 6290 6291 6297
f 6290 6297 6296
f 6291 6292 6298
f 6291 6298 6297
f 6292 6293 6299
f 6292 6299 6298
f 6293 6294 6300
f 6293 6300 6299
f 6301 6302 6308
f 6301 6308 6307
f 6302 6303 6309
f 6302 6309 6308
f 6303 6304 6310
f 6303 6310 6309
f 6304 6305 6311
f 6304 6311 6310
f 6305 6306 6312
f 6305 6312 6311
f 6307 6308 6314
f 6307 6314 6313
f 6308 6309 6315
f 6308 6315 6314
f 6309 6310 6316
f 6309 6316 6315
f 6310 6311 6317
f 6310 6317 6316
f 6311 6312 6318
f 6311 6318 6317
f 6313 6314 6320
f 6313 6320 6319
f 6314 6315 6321
f 6314 6321 6320
f 6315 6316 6322
f 6315 6322 6321
f 6316 6317 6323
f 6316 6323 6322
f 6317 6318 6324
f 6317 6324 6323
f 6319 6320 6326
f 6319 6326 6325
f 6320 6321 6327
f 6320 6327 6326
f 6321 6322 6328
f 6321 6328 6327
f 6322 6323 6329
f 6322 6329 6328
f 6323 6324 6330
f 6323 6330 6329
f 6325 6326 6332
f 6325 6332 6331
f 6326 6327 6333
f 6326 6333 6332
f 6327 6328 6334
f 6327 6334 6333
f 6328 6329 6335
f 6328 6335 6334
f 6329 6330 6336
f 6329 6336 6335
f 6337 6338 6344
f 6337 6344 6343
f 6338 6339 6345
f 6338 6345 6344
f 6339 6340 6346
f 6339 6346 6345
f 6340 6341 6347
f 6340 6347 6346
f 6341 6342 6348
f 6341 6348 6347
f 6343 6344 6350
f 6343 6350 6349
f 6344 6345 6351
f 6344 6351 6350
f 6345 6346 6352
f 6345 6352 6351
f 6346 6347 6353
f 6346 6353 6352
f 6347 6348 6354
f 6347 6354 6353
f 6349 6350 6356
f 6349 6356 6355
f 6350 6351 6357
f 6350 6357 6356
f 6351 6352 6358
f 6351 6358 6357
f 6352 6353 6359
f 6352 6359 6358
f 6353 6354 6360
f 6353 6360 6359
f 6355 6356 6362
f 6355 6362 6361
f 6356 6357 6363
f 6356 6363 6362
f 6357 6358 6364
f 6357 6364 6363
f 6358 6359 6365
f 6358 6365 6364
f 6359 6360 6366
f 6359 6366 6365
f 6361 6362 6368
f 6361 6368 6367
f 6362 6363 6369
f 6362 6369 6368
f 6363 6364 6370
f 6363 6370 6369
f 6364 6365 6371
f 6364 6371 6370
f 6365 6366 6372
f 6365 6372 6371
f 6373 6374 6380
f 6373 6380 6379
f 6374 6375 6381
f 6374 6381 6380
f 6375 6376 6382
f 6375 6382 6381
f 6376 6377 6383
f 6376 6383 6382
f 6377 6378 6384
f 6377 6384 6383
f 6379 6380 6386
f 6379 6386 6385
f 6380 6381 6387
f 6380 6387 6386
f 6381 6382 6388
f 6381 6388 6387
f 6382 6383 6389
f 6382 6389 6388
f 6383 6384 6390
f 6383 6390 6389
f 6385 6386 6392
f 6385 6392 6391
f 6386 6387 6393
f 6386 6393 6392
f 6387 6388 6394
f 6387 6394 6393
f 6388 6389 6395
f 6388 6395 6394
f 6389 6390 6396
f 6389 6396 6395
f 6391 6392 6398
f 6391 6398 6397
f 6392 6393 6399
f 6392 6399 6398
f 6393 6394 6400
f 6393 6400 6399
f 6394 6395 6401
f 6394 6401 6400
f 6395 6396 6402
f 6395 6402 6401
f 6397 6398 6404
f 6397 6404 6403
f 6398 6399 6405
f 6398 6405 6404
f 6399 6400 6406
f 6399 6406 6405
f 6400 6401 6407
f 6400 6407 6406
f 6401 6402 6408
f 6401 6408 6407
f 6409 6410 6416
f 6409 6416 6415
f 6410 6411 6417
f 6410 6417 6416
f 6411 6412 6418
f 6411 6418 6417
f 6412 6413 6419
f 6412 6419 6418
f 6413 6414 6420
f 6413 6420 6419
f 6415 6416 6422
f 6415 6422 6421
f 6416 6417 6423
f 6416 6423 6422
f 6417 6418 6424
f 6417 6424 6423
f 6418 6419 6425
f 6418 6425 6424
f 6419 6420 6426
f 6419 6426 6425
f 6421 6422 6428
f 6421 6428 6427
f 6422 6423 6429
f 6422 6429 6428
f 6423 6424 6430
f 6423 6430 6429
f 6424 6425 6431
f 6424 6431 6430
f 6425 6426 6432
f 6425 6432 6431
f 6427 6428 6434
f 6427 6434 6433
f 6428 6429 6435
f 6428 6435 6434
f 6429 6430 6436
f 6429 6436 6435
f 6430 6431 6437
f 6430 6437 6436
f 6431 6432 6438
f 6431 6438 6437
f 6433 6434 6440
f 6433 6440 6439
f 6434 6435 6441
f 6434 6441 6440
f 6435 6436 6442
f 6435 6442 6441
f 6436 6437 6443
f 6436 6443 6442
f 6437 6438 6444
f 6437 6444 6443
f 6445 6446 6452
f 6445 6452 6451
f 6446 6447 6453
f 6446 6453 6452
f 6447 6448 6454
f 6447 6454 6453
f 6448 6449 6455
f 6448 6455 6454
f 6449 6450 6456
f 6449 6456 6455
f 6451 6452 6458
f 6451 6458 6457
f 6452 6453 6459
f 6452 6459 6458
f 6453 6454 6460
f 6453 6460 6459
f 6454 6455 6461
f 6454 6461 6460
f 6455 6456 6462
f 6455 6462 6461
f 6457 6458 6464
f 6457 6464 6463
f 6458 6459 6465
f 6458 6465 6464
f 6459 6460 6466
f 6459 6466 6465
f 6460 6461 6467
f 6460 6467 6466
f 6461 6462 6468
f 6461 6468 6467
f 6463 6464 6470
f 6463 6470 6469
f 6464 6465 6471
f 6464 6471 6470
f 6465 6466 6472
f 6465 6472 6471
f 6466 6467 6473
f 6466 6473 6472
f 6467 6468 6474
f 6467 6474 6473
f 6469 6470 6476
f 6469 6476 6475
f 6470 6471 6477
f 6470 6477 6476
f 6471 6472 6478
f 6471 6478 6477
f 6472 6473 6479
f 6472 6479 6478
f 6473 6474 6480
f 6473 6480 6479
g 침상 프레임_0
v -3.4750 0.0250 -0.6000
v -3.4750 0.0937 -0.6000
v -3.4750 0.1625 -0.6000
v -3.4750 0.2312 -0.6000
v -3.4750 0.3000 -0.6000
v -3.4750 0.3687 -0.6000
v -3.4750 0.4375 -0.6000
v -3.4750 0.5063 -0.6000
v -3.4750 0.5750 -0.6000
v -3.3563 0.0250 -0.6000
v -3.3563 0.0937 -0.6000
v -3.3563 0.1625 -0.6000
v -3.3563 0.2312 -0.6000
v -3.3563 0.3000 -0.6000
v -3.3563 0.3687 -0.6000
v -3.3563 0.4375 -0.6000
v -3.3563 0.5063 -0.6000
v -3.3563 0.5750 -0.6000
v -3.2375 0.0250 -0.6000
v -3.2375 0.0937 -0.6000
v -3.2375 0.1625 -0.6000
v -3.2375 0.2312 -0.6000
v -3.2375 0.3000 -0.6000
v -3.2375 0.3687 -0.6000
v -3.2375 0.4375 -0.6000
v -3.2375 0.5063 -0.6000
v -3.2375 0.5750 -0.6000
v -3.1187 0.0250 -0.6000
v -3.1187 0.0937 -0.6000
v -3.1187 0.1625 -0.6000
v -3.1187 0.2312 -0.6000
v -3.1187 0.3000 -0.6000
v -3.1187 0.3687 -0.6000
v -3.1187 0.4375 -0.6000
v -3.1187 0.5063 -0.6000
v -3.1187 0.5750 -0.6000
v -3.0000 0.0250 -0.6000
v -3.0000 0.0937 -0.6000
v -3.0000 0.1625 -0.6000
v -3.0000 0.2312 -0.6000
v -3.0000 0.3000 -0.6000
v -3.0000 0.3687 -0.6000
v -3.0000 0.4375 -0.6000
v -3.0000 0.5063 -0.6000
v -3.0000 0.5750 -0.6000
v -2.8813 0.0250 -0.6000
v -2.8813 0.0937 -0.6000
v -2.8813 0.1625 -0.6000
v -2.8813 0.2312 -0.6000
v -2.8813 0.3000 -0.6000
v -2.8813 0.3687 -0.6000
v -2.8813 0.4375 -0.6000
v -2.8813 0.5063 -0.6000
v -2.8813 0.5750 -0.6000
v -2.7625 0.0250 -0.6000
v -2.7625 0.0937 -0.6000
v -2.7625 0.1625 -0.6000
v -2.7625 0.2312 -0.6000
v -2.7625 0.3000 -0.6000
v -2.7625 0.3687 -0.6000
v -2.7625 0.4375 -0.6000
v -2.7625 0.5063 -0.6000
v -2.7625 0.5750 -0.6000
v -2.6437 0.0250 -0.6000
v -2.6437 0.0937 -0.6000
v -2.6437 0.1625 -0.6000
v -2.6437 0.2312 -0.6000
v -2.6437 0.3000 -0.6000
v -2.6437 0.3687 -0.6000
v -2.6437 0.4375 -0.6000
v -2.6437 0.5063 -0.6000
v -2.6437 0.5750 -0.6000
v -2.5250 0.0250 -0.6000
v -2.5250 0.0937 -0.6000
v -2.5250 0.1625 -0.6000
v -2.5250 0.2312 -0.6000
v -2.5250 0.3000 -0.6000
v -2.5250 0.3687 -0.6000
v -2.5250 0.4375 -0.6000
v -2.5250 0.5063 -0.6000
v -2.5250 0.5750 -0.6000
v -2.5250 0.0250 -2.6000
v -2.5250 0.0937 -2.6000
v -2.5250 0.1625 -2.6000
v -2.5250 0.2312 -2.6000
v -2.5250 0.3000 -2.6000
v -2.5250 0.3687 -2.6000
v -2.5250 0.4375 -2.6000
v -2.5250 0.5063 -2.6000
v -2.5250 0.5750 -2.6000
v -2.6437 0.0250 -2.6000
v -2.6437 0.0937 -2.6000
v -2.6437 0.1625 -2.6000
v -2.6437 0.2312 -2.6000
v -2.6437 0.3000 -2.6000
v -2.6437 0.3687 -2.6000
v -2.6437 0.4375 -2.6000
v -2.6437 0.5063 -2.6000
v -2.6437 0.5750 -2.6000
v -2.7625 0.0250 -2.6000
v -2.7625 0.0937 -2.6000
v -2.7625 0.1625 -2.6000
v -2.7625 0.2312 -2.6000
v -2.7625 0.3000 -2.6000
v -2.7625 0.3687 -2.6000
v -2.7625 0.4375 -2.6000
v -2.7625 0.5063 -2.6000
v -2.7625 0.5750 -2.6000
v -2.8813 0.0250 -2.6000
v -2.8813 0.0937 -2.6000
v -2.8813 0.1625 -2.6000
v -2.8813 0.2312 -2.6000
v -2.8813 0.3000 -2.6000
v -2.8813 0.3687 -2.6000
v -2.8813 0.4375 -2.6000
v -2.8813 0.5063 -2.6000
v -2.8813 0.5750 -2.6000
v -3.0000 0.0250 -2.6000
v -3.0000 0.0937 -2.6000
v -3.0000 0.1625 -2.6000
v -3.0000 0.2312 -2.6000
v -3.0000 0.3000 -2.6000
v -3.0000 0.3687 -2.6000
v -3.0000 0.4375 -2.6000
v -3.0000 0.5063 -2.6000
v -3.0000 0.5750 -2.6000
v -3.1187 0.0250 -2.6000
v -3.1187 0.0937 -2.6000
v -3.1187 0.1625 -2.6000
v -3.1187 0.2312 -2.6000
v -3.1187 0.3000 -2.6000
v -3.1187 0.3687 -2.6000
v -3.1187 0.4375 -2.6000
v -3.1187 0.5063 -2.6000
v -3.1187 0.5750 -2.6000
v -3.2375 0.0250 -2.6000
v -3.2375 0.0937 -2.6000
v -3.2375 0.1625 -2.6000
v -3.2375 0.2312 -2.6000
v -3.2375 0.3000 -2.6000
v -3.2375 0.3687 -2.6000
v -3.2375 0.4375 -2.6000
v -3.2375 0.5063 -2.6000
v -3.2375 0.5750 -2.6000
v -3.3563 0.0250 -2.6000
v -3.3563 0.0937 -2.6000
v -3.3563 0.1625 -2.6000
v -3.3563 0.2312 -2.6000
v -3.3563 0.3000 -2.6000
v -3.3563 0.3687 -2.6000
v -3.3563 0.4375 -2.6000
v -3.3563 0.5063 -2.6000
v -3.3563 0.5750 -2.6000
v -3.4750 0.0250 -2.6000
v -3.4750 0.0937 -2.6000
v -3.4750 0.1625 -2.6000
v -3.4750 0.2312 -2.6000
v -3.4750 0.3000 -2.6000
v -3.4750 0.3687 -2.6000
v -3.4750 0.4375 -2.6000
v -3.4750 0.5063 -2.6000
v -3.4750 0.5750 -2.6000
v -3.4750 0.0250 -2.6000
v -3.4750 0.0937 -2.6000
v -3.4750 0.1625 -2.6000
v -3.4750 0.2312 -2.6000
v -3.4750 0.3000 -2.6000
v -3.4750 0.3687 -2.6000
v -3.4750 0.4375 -2.6000
v -3.4750 0.5063 -2.6000
v -3.4750 0.5750 -2.6000
v -3.4750 0.0250 -2.3500
v -3.4750 0.0937 -2.3500
v -3.4750 0.1625 -2.3500
v -3.4750 0.2312 -2.3500
v -3.4750 0.3000 -2.3500
v -3.4750 0.3687 -2.3500
v -3.4750 0.4375 -2.3500
v -3.4750 0.5063 -2.3500
v -3.4750 0.5750 -2.3500
v -3.4750 0.0250 -2.1000
v -3.4750 0.0937 -2.1000
v -3.4750 0.1625 -2.1000
v -3.4750 0.2312 -2.1000
v -3.4750 0.3000 -2.1000
v -3.4750 0.3687 -2.1000
v -3.4750 0.4375 -2.1000
v -3.4750 0.5063 -2.1000
v -3.4750 0.5750 -2.1000
v -3.4750 0.0250 -1.8500
v -3.4750 0.0937 -1.8500
v -3.4750 0.1625 -1.8500
v -3.4750 0.2312 -1.8500
v -3.4750 0.3000 -1.8500
v -3.4750 0.3687 -1.8500
v -3.4750 0.4375 -1.8500
v -3.4750 0.5063 -1.8500
v -3.4750 0.5750 -1.8500
v -3.4750 0.0250 -1.6000
v -3.4750 0.0937 -1.6000
v -3.4750 0.1625 -1.6000
v -3.4750 0.2312 -1.6000
v -3.4750 0.3000 -1.6000
v -3.4750 0.3687 -1.6000
v -3.4750 0.4375 -1.6000
v -3.4750 0.5063 -1.6000
v -3.4750 0.5750 -1.6000
v -3.4750 0.0250 -1.3500
v -3.4750 0.0937 -1.3500
v -3.4750 0.1625 -1.3500
v -3.4750 0.2312 -1.3500
v -3.4750 0.3000 -1.3500
v -3.4750 0.3687 -1.3500
v -3.4750 0.4375 -1.3500
v -3.4750 0.5063 -1.3500
v -3.4750 0.5750 -1.3500
v -3.4750 0.0250 -1.1000
v -3.4750 0.0937 -1.1000
v -3.4750 0.1625 -1.1000
v -3.4750 0.2312 -1.1000
v -3.4750 0.3000 -1.1000
v -3.4750 0.3687 -1.1000
v -3.4750 0.4375 -1.1000
v -3.4750 0.5063 -1.1000
v -3.4750 0.5750 -1.1000
v -3.4750 0.0250 -0.8500
v -3.4750 0.0937 -0.8500
v -3.4750 0.1625 -0.8500
v -3.4750 0.2312 -0.8500
v -3.4750 0.3000 -0.8500
v -3.4750 0.3687 -0.8500
v -3.4750 0.4375 -0.8500
v -3.4750 0.5063 -0.8500
v -3.4750 0.5750 -0.8500
v -3.4750 0.0250 -0.6000
v -3.4750 0.0937 -0.6000
v -3.4750 0.1625 -0.6000
v -3.4750 0.2312 -0.6000
v -3.4750 0.3000 -0.6000
v -3.4750 0.3687 -0.6000
v -3.4750 0.4375 -0.6000
v -3.4750 0.5063 -0.6000
v -3.4750 0.5750 -0.6000
v -2.5250 0.0250 -0.6000
v -2.5250 0.0937 -0.6000
v -2.5250 0.1625 -0.6000
v -2.5250 0.2312 -0.6000
v -2.5250 0.3000 -0.6000
v -2.5250 0.3687 -0.6000
v -2.5250 0.4375 -0.6000
v -2.5250 0.5063 -0.6000
v -2.5250 0.5750 -0.6000
v -2.5250 0.0250 -0.8500
v -2.5250 0.0937 -0.8500
v -2.5250 0.1625 -0.8500
v -2.5250 0.2312 -0.8500
v -2.5250 0.3000 -0.8500
v -2.5250 0.3687 -0.8500
v -2.5250 0.4375 -0.8500
v -2.5250 0.5063 -0.8500
v -2.5250 0.5750 -0.8500
v -2.5250 0.0250 -1.1000
v -2.5250 0.0937 -1.1000
v -2.5250 0.1625 -1.1000
v -2.5250 0.2312 -1.1000
v -2.5250 0.3000 -1.1000
v -2.5250 0.3687 -1.1000
v -2.5250 0.4375 -1.1000
v -2.5250 0.5063 -1.1000
v -2.5250 0.5750 -1.1000
v -2.5250 0.0250 -1.3500
v -2.5250 0.0937 -1.3500
v -2.5250 0.1625 -1.3500
v -2.5250 0.2312 -1.3500
v -2.5250 0.3000 -1.3500
v -2.5250 0.3687 -1.3500
v -2.5250 0.4375 -1.3500
v -2.5250 0.5063 -1.3500
v -2.5250 0.5750 -1.3500
v -2.5250 0.0250 -1.6000
v -2.5250 0.0937 -1.6000
v -2.5250 0.1625 -1.6000
v -2.5250 0.2312 -1.6000
v -2.5250 0.3000 -1.6000
v -2.5250 0.3687 -1.6000
v -2.5250 0.4375 -1.6000
v -2.5250 0.5063 -1.6000
v -2.5250 0.5750 -1.6000
v -2.5250 0.0250 -1.8500
v -2.5250 0.0937 -1.8500
v -2.5250 0.1625 -1.8500
v -2.5250 0.2312 -1.8500
v -2.5250 0.3000 -1.8500
v -2.5250 0.3687 -1.8500
v -2.5250 0.4375 -1.8500
v -2.5250 0.5063 -1.8500
v -2.5250 0.5750 -1.8500
v -2.5250 0.0250 -2.1000
v -2.5250 0.0937 -2.1000
v -2.5250 0.1625 -2.1000
v -2.5250 0.2312 -2.1000
v -2.5250 0.3000 -2.1000
v -2.5250 0.3687 -2.1000
v -2.5250 0.4375 -2.1000
v -2.5250 0.5063 -2.1000
v -2.5250 0.5750 -2.1000
v -2.5250 0.0250 -2.3500
v -2.5250 0.0937 -2.3500
v -2.5250 0.1625 -2.3500
v -2.5250 0.2312 -2.3500
v -2.5250 0.3000 -2.3500
v -2.5250 0.3687 -2.3500
v -2.5250 0.4375 -2.3500
v -2.5250 0.5063 -2.3500
v -2.5250 0.5750 -2.3500
v -2.5250 0.0250 -2.6000
v -2.5250 0.0937 -2.6000
v -2.5250 0.1625 -2.6000
v -2.5250 0.2312 -2.6000
v -2.5250 0.3000 -2.6000
v -2.5250 0.3687 -2.6000
v -2.5250 0.4375 -2.6000
v -2.5250 0.5063 -2.6000
v -2.5250 0.5750 -2.6000
v -3.4750 0.5750 -2.6000
v -3.4750 0.5750 -2.3500
v -3.4750 0.5750 -2.1000
v -3.4750 0.5750 -1.8500
v -3.4750 0.5750 -1.6000
v -3.4750 0.5750 -1.3500
v -3.4750 0.5750 -1.1000
v -3.4750 0.5750 -0.8500
v -3.4750 0.5750 -0.6000
v -3.3563 0.5750 -2.6000
v -3.3563 0.5750 -2.3500
v -3.3563 0.5750 -2.1000
v -3.3563 0.5750 -1.8500
v -3.3563 0.5750 -1.6000
v -3.3563 0.5750 -1.3500
v -3.3563 0.5750 -1.1000
v -3.3563 0.5750 -0.8500
v -3.3563 0.5750 -0.6000
v -3.2375 0.5750 -2.6000
v -3.2375 0.5750 -2.3500
v -3.2375 0.5750 -2.1000
v -3.2375 0.5750 -1.8500
v -3.2375 0.5750 -1.6000
v -3.2375 0.5750 -1.3500
v -3.2375 0.5750 -1.1000
v -3.2375 0.5750 -0.8500
v -3.2375 0.5750 -0.6000
v -3.1187 0.5750 -2.6000
v -3.1187 0.5750 -2.3500
v -3.1187 0.5750 -2.1000
v -3.1187 0.5750 -1.8500
v -3.1187 0.5750 -1.6000
v -3.1187 0.5750 -1.3500
v -3.1187 0.5750 -1.1000
v -3.1187 0.5750 -0.8500
v -3.1187 0.5750 -0.6000
v -3.0000 0.5750 -2.6000
v -3.0000 0.5750 -2.3500
v -3.0000 0.5750 -2.1000
v -3.0000 0.5750 -1.8500
v -3.0000 0.5750 -1.6000
v -3.0000 0.5750 -1.3500
v -3.0000 0.5750 -1.1000
v -3.0000 0.5750 -0.8500
v -3.0000 0.5750 -0.6000
v -2.8813 0.5750 -2.6000
v -2.8813 0.5750 -2.3500
v -2.8813 0.5750 -2.1000
v -2.8813 0.5750 -1.8500
v -2.8813 0.5750 -1.6000
v -2.8813 0.5750 -1.3500
v -2.8813 0.5750 -1.1000
v -2.8813 0.5750 -0.8500
v -2.8813 0.5750 -0.6000
v -2.7625 0.5750 -2.6000
v -2.7625 0.5750 -2.3500
v -2.7625 0.5750 -2.1000
v -2.7625 0.5750 -1.8500
v -2.7625 0.5750 -1.6000
v -2.7625 0.5750 -1.3500
v -2.7625 0.5750 -1.1000
v -2.7625 0.5750 -0.8500
v -2.7625 0.5750 -0.6000
v -2.6437 0.5750 -2.6000
v -2.6437 0.5750 -2.3500
v -2.6437 0.5750 -2.1000
v -2.6437 0.5750 -1.8500
v -2.6437 0.5750 -1.6000
v -2.6437 0.5750 -1.3500
v -2.6437 0.5750 -1.1000
v -2.6437 0.5750 -0.8500
v -2.6437 0.5750 -0.6000
v -2.5250 0.5750 -2.6000
v -2.5250 0.5750 -2.3500
v -2.5250 0.5750 -2.1000
v -2.5250 0.5750 -1.8500
v -2.5250 0.5750 -1.6000
v -2.5250 0.5750 -1.3500
v -2.5250 0.5750 -1.1000
v -2.5250 0.5750 -0.8500
v -2.5250 0.5750 -0.6000
v -3.4750 0.0250 -0.6000
v -3.4750 0.0250 -0.8500
v -3.4750 0.0250 -1.1000
v -3.4750 0.0250 -1.3500
v -3.4750 0.0250 -1.6000
v -3.4750 0.0250 -1.8500
v -3.4750 0.0250 -2.1000
v -3.4750 0.0250 -2.3500
v -3.4750 0.0250 -2.6000
v -3.3563 0.0250 -0.6000
v -3.3563 0.0250 -0.8500
v -3.3563 0.0250 -1.1000
v -3.3563 0.0250 -1.3500
v -3.3563 0.0250 -1.6000
v -3.3563 0.0250 -1.8500
v -3.3563 0.0250 -2.1000
v -3.3563 0.0250 -2.3500
v -3.3563 0.0250 -2.6000
v -3.2375 0.0250 -0.6000
v -3.2375 0.0250 -0.8500
v -3.2375 0.0250 -1.1000
v -3.2375 0.0250 -1.3500
v -3.2375 0.0250 -1.6000
v -3.2375 0.0250 -1.8500
v -3.2375 0.0250 -2.1000
v -3.2375 0.0250 -2.3500
v -3.2375 0.0250 -2.6000
v -3.1187 0.0250 -0.6000
v -3.1187 0.0250 -0.8500
v -3.1187 0.0250 -1.1000
v -3.1187 0.0250 -1.3500
v -3.1187 0.0250 -1.6000
v -3.1187 0.0250 -1.8500
v -3.1187 0.0250 -2.1000
v -3.1187 0.0250 -2.3500
v -3.1187 0.0250 -2.6000
v -3.0000 0.0250 -0.6000
v -3.0000 0.0250 -0.8500
v -3.0000 0.0250 -1.1000
v -3.0000 0.0250 -1.3500
v -3.0000 0.0250 -1.6000
v -3.0000 0.0250 -1.8500
v -3.0000 0.0250 -2.1000
v -3.0000 0.0250 -2.3500
v -3.0000 0.0250 -2.6000
v -2.8813 0.0250 -0.6000
v -2.8813 0.0250 -0.8500
v -2.8813 0.0250 -1.1000
v -2.8813 0.0250 -1.3500
v -2.8813 0.0250 -1.6000
v -2.8813 0.0250 -1.8500
v -2.8813 0.0250 -2.1000
v -2.8813 0.0250 -2.3500
v -2.8813 0.0250 -2.6000
v -2.7625 0.0250 -0.6000
v -2.7625 0.0250 -0.8500
v -2.7625 0.0250 -1.1000
v -2.7625 0.0250 -1.3500
v -2.7625 0.0250 -1.6000
v -2.7625 0.0250 -1.8500
v -2.7625 0.0250 -2.1000
v -2.7625 0.0250 -2.3500
v -2.7625 0.0250 -2.6000
v -2.6437 0.0250 -0.6000
v -2.6437 0.0250 -0.8500
v -2.6437 0.0250 -1.1000
v -2.6437 0.0250 -1.3500
v -2.6437 0.0250 -1.6000
v -2.6437 0.0250 -1.8500
v -2.6437 0.0250 -2.1000
v -2.6437 0.0250 -2.3500
v -2.6437 0.0250 -2.6000
v -2.5250 0.0250 -0.6000
v -2.5250 0.0250 -0.8500
v -2.5250 0.0250 -1.1000
v -2.5250 0.0250 -1.3500
v -2.5250 0.0250 -1.6000
v -2.5250 0.0250 -1.8500
v -2.5250 0.0250 -2.1000
v -2.5250 0.0250 -2.3500
v -2.5250 0.0250 -2.6000
f 6481 6482 6491
f 6481 6491 6490
f 6482 6483 6492
f 6482 6492 6491
f 6483 6484 6493
f 6483 6493 6492
f 6484 6485 6494
f 6484 6494 6493
f 6485 6486 6495
f 6485 6495 6494
f 6486 6487 6496
f 6486 6496 6495
f 6487 6488 6497
f 6487 6497 6496
f 6488 6489 6498
f 6488 6498 6497
f 6490 6491 6500
f 6490 6500 6499
f 6491 6492 6501
f 6491 6501 6500
f 6492 6493 6502
f 6492 6502 6501
f 6493 6494 6503
f 6493 6503 6502
f 6494 6495 6504
f 6494 6504 6503
f 6495 6496 6505
f 6495 6505 6504
f 6496 6497 6506
f 6496 6506 6505
f 6497 6498 6507
f 6497 6507 6506
f 6499 6500 6509
f 6499 6509 6508
f 6500 6501 6510
f 6500 6510 6509
f 6501 6502 6511
f 6501 6511 6510
f 6502 6503 6512
f 6502 6512 6511
f 6503 6504 6513
f 6503 6513 6512
f 6504 6505 6514
f 6504 6514 6513
f 6505 6506 6515
f 6505 6515 6514
f 6506 6507 6516
f 6506 6516 6515
f 6508 6509 6518
f 6508 6518 6517
f 6509 6510 6519
f 6509 6519 6518
f 6510 6511 6520
f 6510 6520 6519
f 6511 6512 6521
f 6511 6521 6520
f 6512 6513 6522
f 6512 6522 6521
f 6513 6514 6523
f 6513 6523 6522
f 6514 6515 6524
f 6514 6524 6523
f 6515 6516 6525
f 6515 6525 6524
f 6517 6518 6527
f 6517 6527 6526
f 6518 6519 6528
f 6518 6528 6527
f 6519 6520 6529
f 6519 6529 6528
f 6520 6521 6530
f 6520 6530 6529
f 6521 6522 6531
f 6521 6531 6530
f 6522 6523 6532
f 6522 6532 6531
f 6523 6524 6533
f 6523 6533 6532
f 6524 6525 6534
f 6524 6534 6533
f 6526 6527 6536
f 6526 6536 6535
f 6527 6528 6537
f 6527 6537 6536
f 6528 6529 6538
f 6528 6538 6537
f 6529 6530 6539
f 6529 6539 6538
f 6530 6531 6540
f 6530 6540 6539
f 6531 6532 6541
f 6531 6541 6540
f 6532 6533 6542
f 6532 6542 6541
f 6533 6534 6543
f 6533 6543 6542
f 6535 6536 6545
f 6535 6545 6544
f 6536 6537 6546
f 6536 6546 6545
f 6537 6538 6547
f 6537 6547 6546
f 6538 6539 6548
f 6538 6548 6547
f 6539 6540 6549
f 6539 6549 6548
f 6540 6541 6550
f 6540 6550 6549
f 6541 6542 6551
f 6541 6551 6550
f 6542 6543 6552
f 6542 6552 6551
f 6544 6545 6554
f 6544 6554 6553
f 6545 6546 6555
f 6545 6555 6554
f 6546 6547 6556
f 6546 6556 6555
f 6547 6548 6557
f 6547 6557 6556
f 6548 6549 6558
f 6548 6558 6557
f 6549 6550 6559
f 6549 6559 6558
f 6550 6551 6560
f 6550 6560 6559
f 6551 6552 6561
f 6551 6561 6560
f 6562 6563 6572
f 6562 6572 6571
f 6563 6564 6573
f 6563 6573 6572
f 6564 6565 6574
f 6564 6574 6573
f 6565 6566 6575
f 6565 6575 6574
f 6566 6567 6576
f 6566 6576 6575
f 6567 6568 6577
f 6567 6577 6576
f 6568 6569 6578
f 6568 6578 6577
f 6569 6570 6579
f 6569 6579 6578
f 6571 6572 6581
f 6571 6581 6580
f 6572 6573 6582
f 6572 6582 6581
f 6573 6574 6583
f 6573 6583 6582
f 6574 6575 6584
f 6574 6584 6583
f 6575 6576 6585
f 6575 6585 6584
f 6576 6577 6586
f 6576 6586 6585
f 6577 6578 6587
f 6577 6587 6586
f 6578 6579 6588
f 6578 6588 6587
f 6580 6581 6590
f 6580 6590 6589
f 6581 6582 6591
f 6581 6591 6590
f 6582 6583 6592
f 6582 6592 6591
f 6583 6584 6593
f 6583 6593 6592
f 6584 6585 6594
f 6584 6594 6593
f 6585 6586 6595
f 6585 6595 6594
f 6586 6587 6596
f 6586 6596 6595
f 6587 6588 6597
f 6587 6597 6596
f 6589 6590 6599
f 6589 6599 6598
f 6590 6591 6600
f 6590 6600 6599
f 6591 6592 6601
f 6591 6601 6600
f 6592 6593 6602
f 6592 6602 6601
f 6593 6594 6603
f 6593 6603 6602
f 6594 6595 6604
f 6594 6604 6603
f 6595 6596 6605
f 6595 6605 6604
f 6596 6597 6606
f 6596 6606 6605
f 6598 6599 6608
f 6598 6608 6607
f 6599 6600 6609
f 6599 6609 6608
f 6600 6601 6610
f 6600 6610 6609
f 6601 6602 6611
f 6601 6611 6610
f 6602 6603 6612
f 6602 6612 6611
f 6603 6604 6613
f 6603 6613 6612
f 6604 6605 6614
f 6604 6614 6613
f 6605 6606 6615
f 6605 6615 6614
f 6607 6608 6617
f 6607 6617 6616
f 6608 6609 6618
f 6608 6618 6617
f 6609 6610 6619
f 6609 6619 6618
f 6610 6611 6620
f 6610 6620 6619
f 6611 6612 6621
f 6611 6621 6620
f 6612 6613 6622
f 6612 6622 6621
f 6613 6614 6623
f 6613 6623 6622
f 6614 6615 6624
f 6614 6624 6623
f 6616 6617 6626
f 6616 6626 6625
f 6617 6618 6627
f 6617 6627 6626
f 6618 6619 6628
f 6618 6628 6627
f 6619 6620 6629
f 6619 6629 6628
f 6620 6621 6630
f 6620 6630 6629
f 6621 6622 6631
f 6621 6631 6630
f 6622 6623 6632
f 6622 6632 6631
f 6623 6624 6633
f 6623 6633 6632
f 6625 6626 6635
f 6625 6635 6634
f 6626 6627 6636
f 6626 6636 6635
f 6627 6628 6637
f 6627 6637 6636
f 6628 6629 6638
f 6628 6638 6637
f 6629 6630 6639
f 6629 6639 6638
f 6630 6631 6640
f 6630 6640 6639
f 6631 6632 6641
f 6631 6641 6640
f 6632 6633 6642
f 6632 6642 6641
f 6643 6644 6653
f 6643 6653 6652
f 6644 6645 6654
f 6644 6654 6653
f 6645 6646 6655
f 6645 6655 6654
f 6646 6647 6656
f 6646 6656 6655
f 6647 6648 6657
f 6647 6657 6656
f 6648 6649 6658
f 6648 6658 6657
f 6649 6650 6659
f 6649 6659 6658
f 6650 6651 6660
f 6650 6660 6659
f 6652 6653 6662
f 6652 6662 6661
f 6653 6654 6663
f 6653 6663 6662
f 6654 6655 6664
f 6654 6664 6663
f 6655 6656 6665
f 6655 6665 6664
f 6656 6657 6666
f 6656 6666 6665
f 6657 6658 6667
f 6657 6667 6666
f 6658 6659 6668
f 6658 6668 6667
f 6659 6660 6669
f 6659 6669 6668
f 6661 6662 6671
f 6661 6671 6670
f 6662 6663 6672
f 6662 6672 6671
f 6663 6664 6673
f 6663 6673 6672
f 6664 6665 6674
f 6664 6674 6673
f 6665 6666 6675
f 6665 6675 6674
f 6666 6667 6676
f 6666 6676 6675
f 6667 6668 6677
f 6667 6677 6676
f 6668 6669 6678
f 6668 6678 6677
f 6670 6671 6680
f 6670 6680 6679
f 6671 6672 6681
f 6671 6681 6680
f 6672 6673 6682
f 6672 6682 6681
f 6673 6674 6683
f 6673 6683 6682
f 6674 6675 6684
f 6674 6684 6683
f 6675 6676 6685
f 6675 6685 6684
f 6676 6677 6686
f 6676 6686 6685
f 6677 6678 6687
f 6677 6687 6686
f 6679 6680 6689
f 6679 6689 6688
f 6680 6681 6690
f 6680 6690 6689
f 6681 6682 6691
f 6681 6691 6690
f 6682 6683 6692
f 6682 6692 6691
f 6683 6684 6693
f 6683 6693 6692
f 6684 6685 6694
f 6684 6694 6693
f 6685 6686 6695
f 6685 6695 6694
f 6686 6687 6696
f 6686 6696 6695
f 6688 6689 6698
f 6688 6698 6697
f 6689 6690 6699
f 6689 6699 6698
f 6690 6691 6700
f 6690 6700 6699
f 6691 6692 6701
f 6691 6701 6700
f 6692 6693 6702
f 6692 6702 6701
f 6693 6694 6703
f 6693 6703 6702
f 6694 6695 6704
f 6694 6704 6703
f 6695 6696 6705
f 6695 6705 6704
f 6697 6698 6707
f 6697 6707 6706
f 6698 6699 6708
f 6698 6708 6707
f 6699 6700 6709
f 6699 6709 6708
f 6700 6701 6710
f 6700 6710 6709
f 6701 6702 6711
f 6701 6711 6710
f 6702 6703 6712
f 6702 6712 6711
f 6703 6704 6713
f 6703 6713 6712
f 6704 6705 6714
f 6704 6714 6713
f 6706 6707 6716
f 6706 6716 6715
f 6707 6708 6717
f 6707 6717 6716
f 6708 6709 6718
f 6708 6718 6717
f 6709 6710 6719
f 6709 6719 6718
f 6710 6711 6720
f 6710 6720 6719
f 6711 6712 6721
f 6711 6721 6720
f 6712 6713 6722
f 6712 6722 6721
f 6713 6714 6723
f 6713 6723 6722
f 6724 6725 6734
f 6724 6734 6733
f 6725 6726 6735
f 6725 6735 6734
f 6726 6727 6736
f 6726 6736 6735
f 6727 6728 6737
f 6727 6737 6736
f 6728 6729 6738
f 6728 6738 6737
f 6729 6730 6739
f 6729 6739 6738
f 6730 6731 6740
f 6730 6740 6739
f 6731 6732 6741
f 6731 6741 6740
f 6733 6734 6743
f 6733 6743 6742
f 6734 6735 6744
f 6734 6744 6743
f 6735 6736 6745
f 6735 6745 6744
f 6736 6737 6746
f 6736 6746 6745
f 6737 6738 6747
f 6737 6747 6746
f 6738 6739 6748
f 6738 6748 6747
f 6739 6740 6749
f 6739 6749 6748
f 6740 6741 6750
f 6740 6750 6749
f 6742 6743 6752
f 6742 6752 6751
f 6743 6744 6753
f 6743 6753 6752
f 6744 6745 6754
f 6744 6754 6753
f 6745 6746 6755
f 6745 6755 6754
f 6746 6747 6756
f 6746 6756 6755
f 6747 6748 6757
f 6747 6757 6756
f 6748 6749 6758
f 6748 6758 6757
f 6749 6750 6759
f 6749 6759 6758
f 6751 6752 6761
f 6751 6761 6760
f 6752 6753 6762
f 6752 6762 6761
f 6753 6754 6763
f 6753 6763 6762
f 6754 6755 6764
f 6754 6764 6763
f 6755 6756 6765
f 6755 6765 6764
f 6756 6757 6766
f 6756 6766 6765
f 6757 6758 6767
f 6757 6767 6766
f 6758 6759 6768
f 6758 6768 6767
f 6760 6761 6770
f 6760 6770 6769
f 6761 6762 6771
f 6761 6771 6770
f 6762 6763 6772
f 6762 6772 6771
f 6763 6764 6773
f 6763 6773 6772
f 6764 6765 6774
f 6764 6774 6773
f 6765 6766 6775
f 6765 6775 6774
f 6766 6767 6776
f 6766 6776 6775
f 6767 6768 6777
f 6767 6777 6776
f 6769 6770 6779
f 6769 6779 6778
f 6770 6771 6780
f 6770 6780 6779
f 6771 6772 6781
f 6771 6781 6780
f 6772 6773 6782
f 6772 6782 6781
f 6773 6774 6783
f 6773 6783 6782
f 6774 6775 6784
f 6774 6784 6783
f 6775 6776 6785
f 6775 6785 6784
f 6776 6777 6786
f 6776 6786 6785
f 6778 6779 6788
f 6778 6788 6787
f 6779 6780 6789
f 6779 6789 6788
f 6780 6781 6790
f 6780 6790 6789
f 6781 6782 6791
f 6781 6791 6790
f 6782 6783 6792
f 6782 6792 6791
f 6783 6784 6793
f 6783 6793 6792
f 6784 6785 6794
f 6784 6794 6793
f 6785 6786 6795
f 6785 6795 6794
f 6787 6788 6797
f 6787 6797 6796
f 6788 6789 6798
f 6788 6798 6797
f 6789 6790 6799
f 6789 6799 6798
f 6790 6791 6800
f 6790 6800 6799
f 6791 6792 6801
f 6791 6801 6800
f 6792 6793 6802
f 6792 6802 6801
f 6793 6794 6803
f 6793 6803 6802
f 6794 6795 6804
f 6794 6804 6803
f 6805 6806 6815
f 6805 6815 6814
f 6806 6807 6816
f 6806 6816 6815
f 6807 6808 6817
f 6807 6817 6816
f 6808 6809 6818
f 6808 6818 6817
f 6809 6810 6819
f 6809 6819 6818
f 6810 6811 6820
f 6810 6820 6819
f 6811 6812 6821
f 6811 6821 6820
f 6812 6813 6822
f 6812 6822 6821
f 6814 6815 6824
f 6814 6824 6823
f 6815 6816 6825
f 6815 6825 6824
f 6816 6817 6826
f 6816 6826 6825
f 6817 6818 6827
f 6817 6827 6826
f 6818 6819 6828
f 6818 6828 6827
f 6819 6820 6829
f 6819 6829 6828
f 6820 6821 6830
f 6820 6830 6829
f 6821 6822 6831
f 6821 6831 6830
f 6823 6824 6833
f 6823 6833 6832
f 6824 6825 6834
f 6824 6834 6833
f 6825 6826 6835
f 6825 6835 6834
f 6826 6827 6836
f 6826 6836 6835
f 6827 6828 6837
f 6827 6837 6836
f 6828 6829 6838
f 6828 6838 6837
f 6829 6830 6839
f 6829 6839 6838
f 6830 6831 6840
f 6830 6840 6839
f 6832 6833 6842
f 6832 6842 6841
f 6833 6834 6843
f 6833 6843 6842
f 6834 6835 6844
f 6834 6844 6843
f 6835 6836 6845
f 6835 6845 6844
f 6836 6837 6846
f 6836 6846 6845
f 6837 6838 6847
f 6837 6847 6846
f 6838 6839 6848
f 6838 6848 6847
f 6839 6840 6849
f 6839 6849 6848
f 6841 6842 6851
f 6841 6851 6850
f 6842 6843 6852
f 6842 6852 6851
f 6843 6844 6853
f 6843 6853 6852
f 6844 6845 6854
f 6844 6854 6853
f 6845 6846 6855
f 6845 6855 6854
f 6846 6847 6856
f 6846 6856 6855
f 6847 6848 6857
f 6847 6857 6856
f 6848 6849 6858
f 6848 6858 6857
f 6850 6851 6860
f 6850 6860 6859
f 6851 6852 6861
f 6851 6861 6860
f 6852 6853 6862
f 6852 6862 6861
f 6853 6854 6863
f 6853 6863 6862
f 6854 6855 6864
f 6854 6864 6863
f 6855 6856 6865
f 6855 6865 6864
f 6856 6857 6866
f 6856 6866 6865
f 6857 6858 6867
f 6857 6867 6866
f 6859 6860 6869
f 6859 6869 6868
f 6860 6861 6870
f 6860 6870 6869
f 6861 6862 6871
f 6861 6871 6870
f 6862 6863 6872
f 6862 6872 6871
f 6863 6864 6873
f 6863 6873 6872
f 6864 6865 6874
f 6864 6874 6873
f 6865 6866 6875
f 6865 6875 6874
f 6866 6867 6876
f 6866 6876 6875
f 6868 6869 6878
f 6868 6878 6877
f 6869 6870 6879
f 6869 6879 6878
f 6870 6871 6880
f 6870 6880 6879
f 6871 6872 6881
f 6871 6881 6880
f 6872 6873 6882
f 6872 6882 6881
f 6873 6874 6883
f 6873 6883 6882
f 6874 6875 6884
f 6874 6884 6883
f 6875 6876 6885
f 6875 6885 6884
f 6886 6887 6896
f 6886 6896 6895
f 6887 6888 6897
f 6887 6897 6896
f 6888 6889 6898
f 6888 6898 6897
f 6889 6890 6899
f 6889 6899 6898
f 6890 6891 6900
f 6890 6900 6899
f 6891 6892 6901
f 6891 6901 6900
f 6892 6893 6902
f 6892 6902 6901
f 6893 6894 6903
f 6893 6903 6902
f 6895 6896 6905
f 6895 6905 6904
f 6896 6897 6906
f 6896 6906 6905
f 6897 6898 6907
f 6897 6907 6906
f 6898 6899 6908
f 6898 6908 6907
f 6899 6900 6909
f 6899 6909 6908
f 6900 6901 6910
f 6900 6910 6909
f 6901 6902 6911
f 6901 6911 6910
f 6902 6903 6912
f 6902 6912 6911
f 6904 6905 6914
f 6904 6914 6913
f 6905 6906 6915
f 6905 6915 6914
f 6906 6907 6916
f 6906 6916 6915
f 6907 6908 6917
f 6907 6917 6916
f 6908 6909 6918
f 6908 6918 6917
f 6909 6910 6919
f 6909 6919 6918
f 6910 6911 6920
f 6910 6920 6919
f 6911 6912 6921
f 6911 6921 6920
f 6913 6914 6923
f 6913 6923 6922
f 6914 6915 6924
f 6914 6924 6923
f 6915 6916 6925
f 6915 6925 6924
f 6916 6917 6926
f 6916 6926 6925
f 6917 6918 6927
f 6917 6927 6926
f 6918 6919 6928
f 6918 6928 6927
f 6919 6920 6929
f 6919 6929 6928
f 6920 6921 6930
f 6920 6930 6929
f 6922 6923 6932
f 6922 6932 6931
f 6923 6924 6933
f 6923 6933 6932
f 6924 6925 6934
f 6924 6934 6933
f 6925 6926 6935
f 6925 6935 6934
f 6926 6927 6936
f 6926 6936 6935
f 6927 6928 6937
f 6927 6937 6936
f 6928 6929 6938
f 6928 6938 6937
f 6929 6930 6939
f 6929 6939 6938
f 6931 6932 6941
f 6931 6941 6940
f 6932 6933 6942
f 6932 6942 6941
f 6933 6934 6943
f 6933 6943 6942
f 6934 6935 6944
f 6934 6944 6943
f 6935 6936 6945
f 6935 6945 6944
f 6936 6937 6946
f 6936 6946 6945
f 6937 6938 6947
f 6937 6947 6946
f 6938 6939 6948
f 6938 6948 6947
f 6940 6941 6950
f 6940 6950 6949
f 6941 6942 6951
f 6941 6951 6950
f 6942 6943 6952
f 6942 6952 6951
f 6943 6944 6953
f 6943 6953 6952
f 6944 6945 6954
f 6944 6954 6953
f 6945 6946 6955
f 6945 6955 6954
f 6946 6947 6956
f 6946 6956 6955
f 6947 6948 6957
f 6947 6957 6956
f 6949 6950 6959
f 6949 6959 6958
f 6950 6951 6960
f 6950 6960 6959
f 6951 6952 6961
f 6951 6961 6960
f 6952 6953 6962
f 6952 6962 6961
f 6953 6954 6963
f 6953 6963 6962
f 6954 6955 6964
f 6954 6964 6963
f 6955 6956 6965
f 6955 6965 6964
f 6956 6957 6966
f 6956 6966 6965
g 침상 프레임_1
v -3.4750 0.0250 2.0000
v -3.4750 0.0937 2.0000
v -3.4750 0.1625 2.0000
v -3.4750 0.2312 2.0000
v -3.4750 0.3000 2.0000
v -3.4750 0.3687 2.0000
v -3.4750 0.4375 2.0000
v -3.4750 0.5063 2.0000
v -3.4750 0.5750 2.0000
v -3.3563 0.0250 2.0000
v -3.3563 0.0937 2.0000
v -3.3563 0.1625 2.0000
v -3.3563 0.2312 2.0000
v -3.3563 0.3000 2.0000
v -3.3563 0.3687 2.0000
v -3.3563 0.4375 2.0000
v -3.3563 0.5063 2.0000
v -3.3563 0.5750 2.0000
v -3.2375 0.0250 2.0000
v -3.2375 0.0937 2.0000
v -3.2375 0.1625 2.0000
v -3.2375 0.2312 2.0000
v -3.2375 0.3000 2.0000
v -3.2375 0.3687 2.0000
v -3.2375 0.4375 2.0000
v -3.2375 0.5063 2.0000
v -3.2375 0.5750 2.0000
v -3.1187 0.0250 2.0000
v -3.1187 0.0937 2.0000
v -3.1187 0.1625 2.0000
v -3.1187 0.2312 2.0000
v -3.1187 0.3000 2.0000
v -3.1187 0.3687 2.0000
v -3.1187 0.4375 2.0000
v -3.1187 0.5063 2.0000
v -3.1187 0.5750 2.0000
v -3.0000 0.0250 2.0000
v -3.0000 0.0937 2.0000
v -3.0000 0.1625 2.0000
v -3.0000 0.2312 2.0000
v -3.0000 0.3000 2.0000
v -3.0000 0.3687 2.0000
v -3.0000 0.4375 2.0000
v -3.0000 0.5063 2.0000
v -3.0000 0.5750 2.0000
v -2.8813 0.0250 2.0000
v -2.8813 0.0937 2.0000
v -2.8813 0.1625 2.0000
v -2.8813 0.2312 2.0000
v -2.8813 0.3000 2.0000
v -2.8813 0.3687 2.0000
v -2.8813 0.4375 2.0000
v -2.8813 0.5063 2.0000
v -2.8813 0.5750 2.0000
v -2.7625 0.0250 2.0000
v -2.7625 0.0937 2.0000
v -2.7625 0.1625 2.0000
v -2.7625 0.2312 2.0000
v -2.7625 0.3000 2.0000
v -2.7625 0.3687 2.0000
v -2.7625 0.4375 2.0000
v -2.7625 0.5063 2.0000
v -2.7625 0.5750 2.0000
v -2.6437 0.0250 2.0000
v -2.6437 0.0937 2.0000
v -2.6437 0.1625 2.0000
v -2.6437 0.2312 2.0000
v -2.6437 0.3000 2.0000
v -2.6437 0.3687 2.0000
v -2.6437 0.4375 2.0000
v -2.6437 0.5063 2.0000
v -2.6437 0.5750 2.0000
v -2.5250 0.0250 2.0000
v -2.5250 0.0937 2.0000
v -2.5250 0.1625 2.0000
v -2.5250 0.2312 2.0000
v -2.5250 0.3000 2.0000
v -2.5250 0.3687 2.0000
v -2.5250 0.4375 2.0000
v -2.5250 0.5063 2.0000
v -2.5250 0.5750 2.0000
v -2.5250 0.0250 0.0000
v -2.5250 0.0937 0.0000
v -2.5250 0.1625 0.0000
v -2.5250 0.2312 0.0000
v -2.5250 0.3000 0.0000
v -2.5250 0.3687 0.0000
v -2.5250 0.4375 0.0000
v -2.5250 0.5063 0.0000
v -2.5250 0.5750 0.0000
v -2.6437 0.0250 0.0000
v -2.6437 0.0937 0.0000
v -2.6437 0.1625 0.0000
v -2.6437 0.2312 0.0000
v -2.6437 0.3000 0.0000
v -2.6437 0.3687 0.0000
v -2.6437 0.4375 0.0000
v -2.6437 0.5063 0.0000
v -2.6437 0.5750 0.0000
v -2.7625 0.0250 0.0000
v -2.7625 0.0937 0.0000
v -2.7625 0.1625 0.0000
v -2.7625 0.2312 0.0000
v -2.7625 0.3000 0.0000
v -2.7625 0.3687 0.0000
v -2.7625 0.4375 0.0000
v -2.7625 0.5063 0.0000
v -2.7625 0.5750 0.0000
v -2.8813 0.0250 0.0000
v -2.8813 0.0937 0.0000
v -2.8813 0.1625 0.0000
v -2.8813 0.2312 0.0000
v -2.8813 0.3000 0.0000
v -2.8813 0.3687 0.0000
v -2.8813 0.4375 0.0000
v -2.8813 0.5063 0.0000
v -2.8813 0.5750 0.0000
v -3.0000 0.0250 0.0000
v -3.0000 0.0937 0.0000
v -3.0000 0.1625 0.0000
v -3.0000 0.2312 0.0000
v -3.0000 0.3000 0.0000
v -3.0000 0.3687 0.0000
v -3.0000 0.4375 0.0000
v -3.0000 0.5063 0.0000
v -3.0000 0.5750 0.0000
v -3.1187 0.0250 0.0000
v -3.1187 0.0937 0.0000
v -3.1187 0.1625 0.0000
v -3.1187 0.2312 0.0000
v -3.1187 0.3000 0.0000
v -3.1187 0.3687 0.0000
v -3.1187 0.4375 0.0000
v -3.1187 0.5063 0.0000
v -3.1187 0.5750 0.0000
v -3.2375 0.0250 0.0000
v -3.2375 0.0937 0.0000
v -3.2375 0.1625 0.0000
v -3.2375 0.2312 0.0000
v -3.2375 0.3000 0.0000
v -3.2375 0.3687 0.0000
v -3.2375 0.4375 0.0000
v -3.2375 0.5063 0.0000
v -3.2375 0.5750 0.0000
v -3.3563 0.0250 0.0000
v -3.3563 0.0937 0.0000
v -3.3563 0.1625 0.0000
v -3.3563 0.2312 0.0000
v -3.3563 0.3000 0.0000
v -3.3563 0.3687 0.0000
v -3.3563 0.4375 0.0000
v -3.3563 0.5063 0.0000
v -3.3563 0.5750 0.0000
v -3.4750 0.0250 0.0000
v -3.4750 0.0937 0.0000
v -3.4750 0.1625 0.0000
v -3.4750 0.2312 0.0000
v -3.4750 0.3000 0.0000
v -3.4750 0.3687 0.0000
v -3.4750 0.4375 0.0000
v -3.4750 0.5063 0.0000
v -3.4750 0.5750 0.0000
v -3.4750 0.0250 0.0000
v -3.4750 0.0937 0.0000
v -3.4750 0.1625 0.0000
v -3.4750 0.2312 0.0000
v -3.4750 0.3000 0.0000
v -3.4750 0.3687 0.0000
v -3.4750 0.4375 0.0000
v -3.4750 0.5063 0.0000
v -3.4750 0.5750 0.0000
v -3.4750 0.0250 0.2500
v -3.4750 0.0937 0.2500
v -3.4750 0.1625 0.2500
v -3.4750 0.2312 0.2500
v -3.4750 0.3000 0.2500
v -3.4750 0.3687 0.2500
v -3.4750 0.4375 0.2500
v -3.4750 0.5063 0.2500
v -3.4750 0.5750 0.2500
v -3.4750 0.0250 0.5000
v -3.4750 0.0937 0.5000
v -3.4750 0.1625 0.5000
v -3.4750 0.2312 0.5000
v -3.4750 0.3000 0.5000
v -3.4750 0.3687 0.5000
v -3.4750 0.4375 0.5000
v -3.4750 0.5063 0.5000
v -3.4750 0.5750 0.5000
v -3.4750 0.0250 0.7500
v -3.4750 0.0937 0.7500
v -3.4750 0.1625 0.7500
v -3.4750 0.2312 0.7500
v -3.4750 0.3000 0.7500
v -3.4750 0.3687 0.7500
v -3.4750 0.4375 0.7500
v -3.4750 0.5063 0.7500
v -3.4750 0.5750 0.7500
v -3.4750 0.0250 1.0000
v -3.4750 0.0937 1.0000
v -3.4750 0.1625 1.0000
v -3.4750 0.2312 1.0000
v -3.4750 0.3000 1.0000
v -3.4750 0.3687 1.0000
v -3.4750 0.4375 1.0000
v -3.4750 0.5063 1.0000
v -3.4750 0.5750 1.0000
v -3.4750 0.0250 1.2500
v -3.4750 0.0937 1.2500
v -3.4750 0.1625 1.2500
v -3.4750 0.2312 1.2500
v -3.4750 0.3000 1.2500
v -3.4750 0.3687 1.2500
v -3.4750 0.4375 1.2500
v -3.4750 0.5063 1.2500
v -3.4750 0.5750 1.2500
v -3.4750 0.0250 1.5000
v -3.4750 0.0937 1.5000
v -3.4750 0.1625 1.5000
v -3.4750 0.2312 1.5000
v -3.4750 0.3000 1.5000
v -3.4750 0.3687 1.5000
v -3.4750 0.4375 1.5000
v -3.4750 0.5063 1.5000
v -3.4750 0.5750 1.5000
v -3.4750 0.0250 1.7500
v -3.4750 0.0937 1.7500
v -3.4750 0.1625 1.7500
v -3.4750 0.2312 1.7500
v -3.4750 0.3000 1.7500
v -3.4750 0.3687 1.7500
v -3.4750 0.4375 1.7500
v -3.4750 0.5063 1.7500
v -3.4750 0.5750 1.7500
v -3.4750 0.0250 2.0000
v -3.4750 0.0937 2.0000
v -3.4750 0.1625 2.0000
v -3.4750 0.2312 2.0000
v -3.4750 0.3000 2.0000
v -3.4750 0.3687 2.0000
v -3.4750 0.4375 2.0000
v -3.4750 0.5063 2.0000
v -3.4750 0.5750 2.0000
v -2.5250 0.0250 2.0000
v -2.5250 0.0937 2.0000
v -2.5250 0.1625 2.0000
v -2.5250 0.2312 2.0000
v -2.5250 0.3000 2.0000
v -2.5250 0.3687 2.0000
v -2.5250 0.4375 2.0000
v -2.5250 0.5063 2.0000
v -2.5250 0.5750 2.0000
v -2.5250 0.0250 1.7500
v -2.5250 0.0937 1.7500
v -2.5250 0.1625 1.7500
v -2.5250 0.2312 1.7500
v -2.5250 0.3000 1.7500
v -2.5250 0.3687 1.7500
v -2.5250 0.4375 1.7500
v -2.5250 0.5063 1.7500
v -2.5250 0.5750 1.7500
v -2.5250 0.0250 1.5000
v -2.5250 0.0937 1.5000
v -2.5250 0.1625 1.5000
v -2.5250 0.2312 1.5000
v -2.5250 0.3000 1.5000
v -2.5250 0.3687 1.5000
v -2.5250 0.4375 1.5000
v -2.5250 0.5063 1.5000
v -2.5250 0.5750 1.5000
v -2.5250 0.0250 1.2500
v -2.5250 0.0937 1.2500
v -2.5250 0.1625 1.2500
v -2.5250 0.2312 1.2500
v -2.5250 0.3000 1.2500
v -2.5250 0.3687 1.2500
v -2.5250 0.4375 1.2500
v -2.5250 0.5063 1.2500
v -2.5250 0.5750 1.2500
v -2.5250 0.0250 1.0000
v -2.5250 0.0937 1.0000
v -2.5250 0.1625 1.0000
v -2.5250 0.2312 1.0000
v -2.5250 0.3000 1.0000
v -2.5250 0.3687 1.0000
v -2.5250 0.4375 1.0000
v -2.5250 0.5063 1.0000
v -2.5250 0.5750 1.0000
v -2.5250 0.0250 0.7500
v -2.5250 0.0937 0.7500
v -2.5250 0.1625 0.7500
v -2.5250 0.2312 0.7500
v -2.5250 0.3000 0.7500
v -2.5250 0.3687 0.7500
v -2.5250 0.4375 0.7500
v -2.5250 0.5063 0.7500
v -2.5250 0.5750 0.7500
v -2.5250 0.0250 0.5000
v -2.5250 0.0937 0.5000
v -2.5250 0.1625 0.5000
v -2.5250 0.2312 0.5000
v -2.5250 0.3000 0.5000
v -2.5250 0.3687 0.5000
v -2.5250 0.4375 0.5000
v -2.5250 0.5063 0.5000
v -2.5250 0.5750 0.5000
v -2.5250 0.0250 0.2500
v -2.5250 0.0937 0.2500
v -2.5250 0.1625 0.2500
v -2.5250 0.2312 0.2500
v -2.5250 0.3000 0.2500
v -2.5250 0.3687 0.2500
v -2.5250 0.4375 0.2500
v -2.5250 0.5063 0.2500
v -2.5250 0.5750 0.2500
v -2.5250 0.0250 0.0000
v -2.5250 0.0937 0.0000
v -2.5250 0.1625 0.0000
v -2.5250 0.2312 0.0000
v -2.5250 0.3000 0.0000
v -2.5250 0.3687 0.0000
v -2.5250 0.4375 0.0000
v -2.5250 0.5063 0.0000
v -2.5250 0.5750 0.0000
v -3.4750 0.5750 0.0000
v -3.4750 0.5750 0.2500
v -3.4750 0.5750 0.5000
v -3.4750 0.5750 0.7500
v -3.4750 0.5750 1.0000
v -3.4750 0.5750 1.2500
v -3.4750 0.5750 1.5000
v -3.4750 0.5750 1.7500
v -3.4750 0.5750 2.0000
v -3.3563 0.5750 0.0000
v -3.3563 0.5750 0.2500
v -3.3563 0.5750 0.5000
v -3.3563 0.5750 0.7500
v -3.3563 0.5750 1.0000
v -3.3563 0.5750 1.2500
v -3.3563 0.5750 1.5000
v -3.3563 0.5750 1.7500
v -3.3563 0.5750 2.0000
v -3.2375 0.5750 0.0000
v -3.2375 0.5750 0.2500
v -3.2375 0.5750 0.5000
v -3.2375 0.5750 0.7500
v -3.2375 0.5750 1.0000
v -3.2375 0.5750 1.2500
v -3.2375 0.5750 1.5000
v -3.2375 0.5750 1.7500
v -3.2375 0.5750 2.0000
v -3.1187 0.5750 0.0000
v -3.1187 0.5750 0.2500
v -3.1187 0.5750 0.5000
v -3.1187 0.5750 0.7500
v -3.1187 0.5750 1.0000
v -3.1187 0.5750 1.2500
v -3.1187 0.5750 1.5000
v -3.1187 0.5750 1.7500
v -3.1187 0.5750 2.0000
v -3.0000 0.5750 0.0000
v -3.0000 0.5750 0.2500
v -3.0000 0.5750 0.5000
v -3.0000 0.5750 0.7500
v -3.0000 0.5750 1.0000
v -3.0000 0.5750 1.2500
v -3.0000 0.5750 1.5000
v -3.0000 0.5750 1.7500
v -3.0000 0.5750 2.0000
v -2.8813 0.5750 0.0000
v -2.8813 0.5750 0.2500
v -2.8813 0.5750 0.5000
v -2.8813 0.5750 0.7500
v -2.8813 0.5750 1.0000
v -2.8813 0.5750 1.2500
v -2.8813 0.5750 1.5000
v -2.8813 0.5750 1.7500
v -2.8813 0.5750 2.0000
v -2.7625 0.5750 0.0000
v -2.7625 0.5750 0.2500
v -2.7625 0.5750 0.5000
v -2.7625 0.5750 0.7500
v -2.7625 0.5750 1.0000
v -2.7625 0.5750 1.2500
v -2.7625 0.5750 1.5000
v -2.7625 0.5750 1.7500
v -2.7625 0.5750 2.0000
v -2.6437 0.5750 0.0000
v -2.6437 0.5750 0.2500
v -2.6437 0.5750 0.5000
v -2.6437 0.5750 0.7500
v -2.6437 0.5750 1.0000
v -2.6437 0.5750 1.2500
v -2.6437 0.5750 1.5000
v -2.6437 0.5750 1.7500
v -2.6437 0.5750 2.0000
v -2.5250 0.5750 0.0000
v -2.5250 0.5750 0.2500
v -2.5250 0.5750 0.5000
v -2.5250 0.5750 0.7500
v -2.5250 0.5750 1.0000
v -2.5250 0.5750 1.2500
v -2.5250 0.5750 1.5000
v -2.5250 0.5750 1.7500
v -2.5250 0.5750 2.0000
v -3.4750 0.0250 2.0000
v -3.4750 0.0250 1.7500
v -3.4750 0.0250 1.5000
v -3.4750 0.0250 1.2500
v -3.4750 0.0250 1.0000
v -3.4750 0.0250 0.7500
v -3.4750 0.0250 0.5000
v -3.4750 0.0250 0.2500
v -3.4750 0.0250 0.0000
v -3.3563 0.0250 2.0000
v -3.3563 0.0250 1.7500
v -3.3563 0.0250 1.5000
v -3.3563 0.0250 1.2500
v -3.3563 0.0250 1.0000
v -3.3563 0.0250 0.7500
v -3.3563 0.0250 0.5000
v -3.3563 0.0250 0.2500
v -3.3563 0.0250 0.0000
v -3.2375 0.0250 2.0000
v -3.2375 0.0250 1.7500
v -3.2375 0.0250 1.5000
v -3.2375 0.0250 1.2500
v -3.2375 0.0250 1.0000
v -3.2375 0.0250 0.7500
v -3.2375 0.0250 0.5000
v -3.2375 0.0250 0.2500
v -3.2375 0.0250 0.0000
v -3.1187 0.0250 2.0000
v -3.1187 0.0250 1.7500
v -3.1187 0.0250 1.5000
v -3.1187 0.0250 1.2500
v -3.1187 0.0250 1.0000
v -3.1187 0.0250 0.7500
v -3.1187 0.0250 0.5000
v -3.1187 0.0250 0.2500
v -3.1187 0.0250 0.0000
v -3.0000 0.0250 2.0000
v -3.0000 0.0250 1.7500
v -3.0000 0.0250 1.5000
v -3.0000 0.0250 1.2500
v -3.0000 0.0250 1.0000
v -3.0000 0.0250 0.7500
v -3.0000 0.0250 0.5000
v -3.0000 0.0250 0.2500
v -3.0000 0.0250 0.0000
v -2.8813 0.0250 2.0000
v -2.8813 0.0250 1.7500
v -2.8813 0.0250 1.5000
v -2.8813 0.0250 1.2500
v -2.8813 0.0250 1.0000
v -2.8813 0.0250 0.7500
v -2.8813 0.0250 0.5000
v -2.8813 0.0250 0.2500
v -2.8813 0.0250 0.0000
v -2.7625 0.0250 2.0000
v -2.7625 0.0250 1.7500
v -2.7625 0.0250 1.5000
v -2.7625 0.0250 1.2500
v -2.7625 0.0250 1.0000
v -2.7625 0.0250 0.7500
v -2.7625 0.0250 0.5000
v -2.7625 0.0250 0.2500
v -2.7625 0.0250 0.0000
v -2.6437 0.0250 2.0000
v -2.6437 0.0250 1.7500
v -2.6437 0.0250 1.5000
v -2.6437 0.0250 1.2500
v -2.6437 0.0250 1.0000
v -2.6437 0.0250 0.7500
v -2.6437 0.0250 0.5000
v -2.6437 0.0250 0.2500
v -2.6437 0.0250 0.0000
v -2.5250 0.0250 2.0000
v -2.5250 0.0250 1.7500
v -2.5250 0.0250 1.5000
v -2.5250 0.0250 1.2500
v -2.5250 0.0250 1.0000
v -2.5250 0.0250 0.7500
v -2.5250 0.0250 0.5000
v -2.5250 0.0250 0.2500
v -2.5250 0.0250 0.0000
f 6967 6968 6977
f 6967 6977 6976
f 6968 6969 6978
f 6968 6978 6977
f 6969 6970 6979
f 6969 6979 6978
f 6970 6971 6980
f 6970 6980 6979
f 6971 6972 6981
f 6971 6981 6980
f 6972 6973 6982
f 6972 6982 6981
f 6973 6974 6983
f 6973 6983 6982
f 6974 6975 6984
f 6974 6984 6983
f 6976 6977 6986
f 6976 6986 6985
f 6977 6978 6987
f 6977 6987 6986
f 6978 6979 6988
f 6978 6988 6987
f 6979 6980 6989
f 6979 6989 6988
f 6980 6981 6990
f 6980 6990 6989
f 6981 6982 6991
f 6981 6991 6990
f 6982 6983 6992
f 6982 6992 6991
f 6983 6984 6993
f 6983 6993 6992
f 6985 6986 6995
f 6985 6995 6994
f 6986 6987 6996
f 6986 6996 6995
f 6987 6988 6997
f 6987 6997 6996
f 6988 6989 6998
f 6988 6998 6997
f 6989 6990 6999
f 6989 6999 6998
f 6990 6991 7000
f 6990 7000 6999
f 6991 6992 7001
f 6991 7001 7000
f 6992 6993 7002
f 6992 7002 7001
f 6994 6995 7004
f 6994 7004 7003
f 6995 6996 7005
f 6995 7005 7004
f 6996 6997 7006
f 6996 7006 7005
f 6997 6998 7007
f 6997 7007 7006
f 6998 6999 7008
f 6998 7008 7007
f 6999 7000 7009
f 6999 7009 7008
f 7000 7001 7010
f 7000 7010 7009
f 7001 7002 7011
f 7001 7011 7010
f 7003 7004 7013
f 7003 7013 7012
f 7004 7005 7014
f 7004 7014 7013
f 7005 7006 7015
f 7005 7015 7014
f 7006 7007 7016
f 7006 7016 7015
f 7007 7008 7017
f 7007 7017 7016
f 7008 7009 7018
f 7008 7018 7017
f 7009 7010 7019
f 7009 7019 7018
f 7010 7011 7020
f 7010 7020 7019
f 7012 7013 7022
f 7012 7022 7021
f 7013 7014 7023
f 7013 7023 7022
f 7014 7015 7024
f 7014 7024 7023
f 7015 7016 7025
f 7015 7025 7024
f 7016 7017 7026
f 7016 7026 7025
f 7017 7018 7027
f 7017 7027 7026
f 7018 7019 7028
f 7018 7028 7027
f 7019 7020 7029
f 7019 7029 7028
f 7021 7022 7031
f 7021 7031 7030
f 7022 7023 7032
f 7022 7032 7031
f 7023 7024 7033
f 7023 7033 7032
f 7024 7025 7034
f 7024 7034 7033
f 7025 7026 7035
f 7025 7035 7034
f 7026 7027 7036
f 7026 7036 7035
f 7027 7028 7037
f 7027 7037 7036
f 7028 7029 7038
f 7028 7038 7037
f 7030 7031 7040
f 7030 7040 7039
f 7031 7032 7041
f 7031 7041 7040
f 7032 7033 7042
f 7032 7042 7041
f 7033 7034 7043
f 7033 7043 7042
f 7034 7035 7044
f 7034 7044 7043
f 7035 7036 7045
f 7035 7045 7044
f 7036 7037 7046
f 7036 7046 7045
f 7037 7038 7047
f 7037 7047 7046
f 7048 7049 7058
f 7048 7058 7057
f 7049 7050 7059
f 7049 7059 7058
f 7050 7051 7060
f 7050 7060 7059
f 7051 7052 7061
f 7051 7061 7060
f 7052 7053 7062
f 7052 7062 7061
f 7053 7054 7063
f 7053 7063 7062
f 7054 7055 7064
f 7054 7064 7063
f 7055 7056 7065
f 7055 7065 7064
f 7057 7058 7067
f 7057 7067 7066
f 7058 7059 7068
f 7058 7068 7067
f 7059 7060 7069
f 7059 7069 7068
f 7060 7061 7070
f 7060 7070 7069
f 7061 7062 7071
f 7061 7071 7070
f 7062 7063 7072
f 7062 7072 7071
f 7063 7064 7073
f 7063 7073 7072
f 7064 7065 7074
f 7064 7074 7073
f 7066 7067 7076
f 7066 7076 7075
f 7067 7068 7077
f 7067 7077 7076
f 7068 7069 7078
f 7068 7078 7077
f 7069 7070 7079
f 7069 7079 7078
f 7070 7071 7080
f 7070 7080 7079
f 7071 7072 7081
f 7071 7081 7080
f 7072 7073 7082
f 7072 7082 7081
f 7073 7074 7083
f 7073 7083 7082
f 7075 7076 7085
f 7075 7085 7084
f 7076 7077 7086
f 7076 7086 7085
f 7077 7078 7087
f 7077 7087 7086
f 7078 7079 7088
f 7078 7088 7087
f 7079 7080 7089
f 7079 7089 7088
f 7080 7081 7090
f 7080 7090 7089
f 7081 7082 7091
f 7081 7091 7090
f 7082 7083 7092
f 7082 7092 7091
f 7084 7085 7094
f 7084 7094 7093
f 7085 7086 7095
f 7085 7095 7094
f 7086 7087 7096
f 7086 7096 7095
f 7087 7088 7097
f 7087 7097 7096
f 7088 7089 7098
f 7088 7098 7097
f 7089 7090 7099
f 7089 7099 7098
f 7090 7091 7100
f 7090 7100 7099
f 7091 7092 7101
f 7091 7101 7100
f 7093 7094 7103
f 7093 7103 7102
f 7094 7095 7104
f 7094 7104 7103
f 7095 7096 7105
f 7095 7105 7104
f 7096 7097 7106
f 7096 7106 7105
f 7097 7098 7107
f 7097 7107 7106
f 7098 7099 7108
f 7098 7108 7107
f 7099 7100 7109
f 7099 7109 7108
f 7100 7101 7110
f 7100 7110 7109
f 7102 7103 7112
f 7102 7112 7111
f 7103 7104 7113
f 7103 7113 7112
f 7104 7105 7114
f 7104 7114 7113
f 7105 7106 7115
f 7105 7115 7114
f 7106 7107 7116
f 7106 7116 7115
f 7107 7108 7117
f 7107 7117 7116
f 7108 7109 7118
f 7108 7118 7117
f 7109 7110 7119
f 7109 7119 7118
f 7111 7112 7121
f 7111 7121 7120
f 7112 7113 7122
f 7112 7122 7121
f 7113 7114 7123
f 7113 7123 7122
f 7114 7115 7124
f 7114 7124 7123
f 7115 7116 7125
f 7115 7125 7124
f 7116 7117 7126
f 7116 7126 7125
f 7117 7118 7127
f 7117 7127 7126
f 7118 7119 7128
f 7118 7128 7127
f 7129 7130 7139
f 7129 7139 7138
f 7130 7131 7140
f 7130 7140 7139
f 7131 7132 7141
f 7131 7141 7140
f 7132 7133 7142
f 7132 7142 7141
f 7133 7134 7143
f 7133 7143 7142
f 7134 7135 7144
f 7134 7144 7143
f 7135 7136 7145
f 7135 7145 7144
f 7136 7137 7146
f 7136 7146 7145
f 7138 7139 7148
f 7138 7148 7147
f 7139 7140 7149
f 7139 7149 7148
f 7140 7141 7150
f 7140 7150 7149
f 7141 7142 7151
f 7141 7151 7150
f 7142 7143 7152
f 7142 7152 7151
f 7143 7144 7153
f 7143 7153 7152
f 7144 7145 7154
f 7144 7154 7153
f 7145 7146 7155
f 7145 7155 7154
f 7147 7148 7157
f 7147 7157 7156
f 7148 7149 7158
f 7148 7158 7157
f 7149 7150 7159
f 7149 7159 7158
f 7150 7151 7160
f 7150 7160 7159
f 7151 7152 7161
f 7151 7161 7160
f 7152 7153 7162
f 7152 7162 7161
f 7153 7154 7163
f 7153 7163 7162
f 7154 7155 7164
f 7154 7164 7163
f 7156 7157 7166
f 7156 7166 7165
f 7157 7158 7167
f 7157 7167 7166
f 7158 7159 7168
f 7158 7168 7167
f 7159 7160 7169
f 7159 7169 7168
f 7160 7161 7170
f 7160 7170 7169
f 7161 7162 7171
f 7161 7171 7170
f 7162 7163 7172
f 7162 7172 7171
f 7163 7164 7173
f 7163 7173 7172
f 7165 7166 7175
f 7165 7175 7174
f 7166 7167 7176
f 7166 7176 7175
f 7167 7168 7177
f 7167 7177 7176
f 7168 7169 7178
f 7168 7178 7177
f 7169 7170 7179
f 7169 7179 7178
f 7170 7171 7180
f 7170 7180 7179
f 7171 7172 7181
f 7171 7181 7180
f 7172 7173 7182
f 7172 7182 7181
f 7174 7175 7184
f 7174 7184 7183
f 7175 7176 7185
f 7175 7185 7184
f 7176 7177 7186
f 7176 7186 7185
f 7177 7178 7187
f 7177 7187 7186
f 7178 7179 7188
f 7178 7188 7187
f 7179 7180 7189
f 7179 7189 7188
f 7180 7181 7190
f 7180 7190 7189
f 7181 7182 7191
f 7181 7191 7190
f 7183 7184 7193
f 7183 7193 7192
f 7184 7185 7194
f 7184 7194 7193
f 7185 7186 7195
f 7185 7195 7194
f 7186 7187 7196
f 7186 7196 7195
f 7187 7188 7197
f 7187 7197 7196
f 7188 7189 7198
f 7188 7198 7197
f 7189 7190 7199
f 7189 7199 7198
f 7190 7191 7200
f 7190 7200 7199
f 7192 7193 7202
f 7192 7202 7201
f 7193 7194 7203
f 7193 7203 7202
f 7194 7195 7204
f 7194 7204 7203
f 7195 7196 7205
f 7195 7205 7204
f 7196 7197 7206
f 7196 7206 7205
f 7197 7198 7207
f 7197 7207 7206
f 7198 7199 7208
f 7198 7208 7207
f 7199 7200 7209
f 7199 7209 7208
f 7210 7211 7220
f 7210 7220 7219
f 7211 7212 7221
f 7211 7221 7220
f 7212 7213 7222
f 7212 7222 7221
f 7213 7214 7223
f 7213 7223 7222
f 7214 7215 7224
f 7214 7224 7223
f 7215 7216 7225
f 7215 7225 7224
f 7216 7217 7226
f 7216 7226 7225
f 7217 7218 7227
f 7217 7227 7226
f 7219 7220 7229
f 7219 7229 7228
f 7220 7221 7230
f 7220 7230 7229
f 7221 7222 7231
f 7221 7231 7230
f 7222 7223 7232
f 7222 7232 7231
f 7223 7224 7233
f 7223 7233 7232
f 7224 7225 7234
f 7224 7234 7233
f 7225 7226 7235
f 7225 7235 7234
f 7226 7227 7236
f 7226 7236 7235
f 7228 7229 7238
f 7228 7238 7237
f 7229 7230 7239
f 7229 7239 7238
f 7230 7231 7240
f 7230 7240 7239
f 7231 7232 7241
f 7231 7241 7240
f 7232 7233 7242
f 7232 7242 7241
f 7233 7234 7243
f 7233 7243 7242
f 7234 7235 7244
f 7234 7244 7243
f 7235 7236 7245
f 7235 7245 7244
f 7237 7238 7247
f 7237 7247 7246
f 7238 7239 7248
f 7238 7248 7247
f 7239 7240 7249
f 7239 7249 7248
f 7240 7241 7250
f 7240 7250 7249
f 7241 7242 7251
f 7241 7251 7250
f 7242 7243 7252
f 7242 7252 7251
f 7243 7244 7253
f 7243 7253 7252
f 7244 7245 7254
f 7244 7254 7253
f 7246 7247 7256
f 7246 7256 7255
f 7247 7248 7257
f 7247 7257 7256
f 7248 7249 7258
f 7248 7258 7257
f 7249 7250 7259
f 7249 7259 7258
f 7250 7251 7260
f 7250 7260 7259
f 7251 7252 7261
f 7251 7261 7260
f 7252 7253 7262
f 7252 7262 7261
f 7253 7254 7263
f 7253 7263 7262
f 7255 7256 7265
f 7255 7265 7264
f 7256 7257 7266
f 7256 7266 7265
f 7257 7258 7267
f 7257 7267 7266
f 7258 7259 7268
f 7258 7268 7267
f 7259 7260 7269
f 7259 7269 7268
f 7260 7261 7270
f 7260 7270 7269
f 7261 7262 7271
f 7261 7271 7270
f 7262 7263 7272
f 7262 7272 7271
f 7264 7265 7274
f 7264 7274 7273
f 7265 7266 7275
f 7265 7275 7274
f 7266 7267 7276
f 7266 7276 7275
f 7267 7268 7277
f 7267 7277 7276
f 7268 7269 7278
f 7268 7278 7277
f 7269 7270 7279
f 7269 7279 7278
f 7270 7271 7280
f 7270 7280 7279
f 7271 7272 7281
f 7271 7281 7280
f 7273 7274 7283
f 7273 7283 7282
f 7274 7275 7284
f 7274 7284 7283
f 7275 7276 7285
f 7275 7285 7284
f 7276 7277 7286
f 7276 7286 7285
f 7277 7278 7287
f 7277 7287 7286
f 7278 7279 7288
f 7278 7288 7287
f 7279 7280 7289
f 7279 7289 7288
f 7280 7281 7290
f 7280 7290 7289
f 7291 7292 7301
f 7291 7301 7300
f 7292 7293 7302
f 7292 7302 7301
f 7293 7294 7303
f 7293 7303 7302
f 7294 7295 7304
f 7294 7304 7303
f 7295 7296 7305
f 7295 7305 7304
f 7296 7297 7306
f 7296 7306 7305
f 7297 7298 7307
f 7297 7307 7306
f 7298 7299 7308
f 7298 7308 7307
f 7300 7301 7310
f 7300 7310 7309
f 7301 7302 7311
f 7301 7311 7310
f 7302 7303 7312
f 7302 7312 7311
f 7303 7304 7313
f 7303 7313 7312
f 7304 7305 7314
f 7304 7314 7313
f 7305 7306 7315
f 7305 7315 7314
f 7306 7307 7316
f 7306 7316 7315
f 7307 7308 7317
f 7307 7317 7316
f 7309 7310 7319
f 7309 7319 7318
f 7310 7311 7320
f 7310 7320 7319
f 7311 7312 7321
f 7311 7321 7320
f 7312 7313 7322
f 7312 7322 7321
f 7313 7314 7323
f 7313 7323 7322
f 7314 7315 7324
f 7314 7324 7323
f 7315 7316 7325
f 7315 7325 7324
f 7316 7317 7326
f 7316 7326 7325
f 7318 7319 7328
f 7318 7328 7327
f 7319 7320 7329
f 7319 7329 7328
f 7320 7321 7330
f 7320 7330 7329
f 7321 7322 7331
f 7321 7331 7330
f 7322 7323 7332
f 7322 7332 7331
f 7323 7324 7333
f 7323 7333 7332
f 7324 7325 7334
f 7324 7334 7333
f 7325 7326 7335
f 7325 7335 7334
f 7327 7328 7337
f 7327 7337 7336
f 7328 7329 7338
f 7328 7338 7337
f 7329 7330 7339
f 7329 7339 7338
f 7330 7331 7340
f 7330 7340 7339
f 7331 7332 7341
f 7331 7341 7340
f 7332 7333 7342
f 7332 7342 7341
f 7333 7334 7343
f 7333 7343 7342
f 7334 7335 7344
f 7334 7344 7343
f 7336 7337 7346
f 7336 7346 7345
f 7337 7338 7347
f 7337 7347 7346
f 7338 7339 7348
f 7338 7348 7347
f 7339 7340 7349
f 7339 7349 7348
f 7340 7341 7350
f 7340 7350 7349
f 7341 7342 7351
f 7341 7351 7350
f 7342 7343 7352
f 7342 7352 7351
f 7343 7344 7353
f 7343 7353 7352
f 7345 7346 7355
f 7345 7355 7354
f 7346 7347 7356
f 7346 7356 7355
f 7347 7348 7357
f 7347 7357 7356
f 7348 7349 7358
f 7348 7358 7357
f 7349 7350 7359
f 7349 7359 7358
f 7350 7351 7360
f 7350 7360 7359
f 7351 7352 7361
f 7351 7361 7360
f 7352 7353 7362
f 7352 7362 7361
f 7354 7355 7364
f 7354 7364 7363
f 7355 7356 7365
f 7355 7365 7364
f 7356 7357 7366
f 7356 7366 7365
f 7357 7358 7367
f 7357 7367 7366
f 7358 7359 7368
f 7358 7368 7367
f 7359 7360 7369
f 7359 7369 7368
f 7360 7361 7370
f 7360 7370 7369
f 7361 7362 7371
f 7361 7371 7370
f 7372 7373 7382
f 7372 7382 7381
f 7373 7374 7383
f 7373 7383 7382
f 7374 7375 7384
f 7374 7384 7383
f 7375 7376 7385
f 7375 7385 7384
f 7376 7377 7386
f 7376 7386 7385
f 7377 7378 7387
f 7377 7387 7386
f 7378 7379 7388
f 7378 7388 7387
f 7379 7380 7389
f 7379 7389 7388
f 7381 7382 7391
f 7381 7391 7390
f 7382 7383 7392
f 7382 7392 7391
f 7383 7384 7393
f 7383 7393 7392
f 7384 7385 7394
f 7384 7394 7393
f 7385 7386 7395
f 7385 7395 7394
f 7386 7387 7396
f 7386 7396 7395
f 7387 7388 7397
f 7387 7397 7396
f 7388 7389 7398
f 7388 7398 7397
f 7390 7391 7400
f 7390 7400 7399
f 7391 7392 7401
f 7391 7401 7400
f 7392 7393 7402
f 7392 7402 7401
f 7393 7394 7403
f 7393 7403 7402
f 7394 7395 7404
f 7394 7404 7403
f 7395 7396 7405
f 7395 7405 7404
f 7396 7397 7406
f 7396 7406 7405
f 7397 7398 7407
f 7397 7407 7406
f 7399 7400 7409
f 7399 7409 7408
f 7400 7401 7410
f 7400 7410 7409
f 7401 7402 7411
f 7401 7411 7410
f 7402 7403 7412
f 7402 7412 7411
f 7403 7404 7413
f 7403 7413 7412
f 7404 7405 7414
f 7404 7414 7413
f 7405 7406 7415
f 7405 7415 7414
f 7406 7407 7416
f 7406 7416 7415
f 7408 7409 7418
f 7408 7418 7417
f 7409 7410 7419
f 7409 7419 7418
f 7410 7411 7420
f 7410 7420 7419
f 7411 7412 7421
f 7411 7421 7420
f 7412 7413 7422
f 7412 7422 7421
f 7413 7414 7423
f 7413 7423 7422
f 7414 7415 7424
f 7414 7424 7423
f 7415 7416 7425
f 7415 7425 7424
f 7417 7418 7427
f 7417 7427 7426
f 7418 7419 7428
f 7418 7428 7427
f 7419 7420 7429
f 7419 7429 7428
f 7420 7421 7430
f 7420 7430 7429
f 7421 7422 7431
f 7421 7431 7430
f 7422 7423 7432
f 7422 7432 7431
f 7423 7424 7433
f 7423 7433 7432
f 7424 7425 7434
f 7424 7434 7433
f 7426 7427 7436
f 7426 7436 7435
f 7427 7428 7437
f 7427 7437 7436
f 7428 7429 7438
f 7428 7438 7437
f 7429 7430 7439
f 7429 7439 7438
f 7430 7431 7440
f 7430 7440 7439
f 7431 7432 7441
f 7431 7441 7440
f 7432 7433 7442
f 7432 7442 7441
f 7433 7434 7443
f 7433 7443 7442
f 7435 7436 7445
f 7435 7445 7444
f 7436 7437 7446
f 7436 7446 7445
f 7437 7438 7447
f 7437 7447 7446
f 7438 7439 7448
f 7438 7448 7447
f 7439 7440 7449
f 7439 7449 7448
f 7440 7441 7450
f 7440 7450 7449
f 7441 7442 7451
f 7441 7451 7450
f 7442 7443 7452
f 7442 7452 7451
g 침상 프레임_2
v -0.8750 0.0250 -0.6000
v -0.8750 0.0937 -0.6000
v -0.8750 0.1625 -0.6000
v -0.8750 0.2312 -0.6000
v -0.8750 0.3000 -0.6000
v -0.8750 0.3687 -0.6000
v -0.8750 0.4375 -0.6000
v -0.8750 0.5063 -0.6000
v -0.8750 0.5750 -0.6000
v -0.7562 0.0250 -0.6000
v -0.7562 0.0937 -0.6000
v -0.7562 0.1625 -0.6000
v -0.7562 0.2312 -0.6000
v -0.7562 0.3000 -0.6000
v -0.7562 0.3687 -0.6000
v -0.7562 0.4375 -0.6000
v -0.7562 0.5063 -0.6000
v -0.7562 0.5750 -0.6000
v -0.6375 0.0250 -0.6000
v -0.6375 0.0937 -0.6000
v -0.6375 0.1625 -0.6000
v -0.6375 0.2312 -0.6000
v -0.6375 0.3000 -0.6000
v -0.6375 0.3687 -0.6000
v -0.6375 0.4375 -0.6000
v -0.6375 0.5063 -0.6000
v -0.6375 0.5750 -0.6000
v -0.5187 0.0250 -0.6000
v -0.5187 0.0937 -0.6000
v -0.5187 0.1625 -0.6000
v -0.5187 0.2312 -0.6000
v -0.5187 0.3000 -0.6000
v -0.5187 0.3687 -0.6000
v -0.5187 0.4375 -0.6000
v -0.5187 0.5063 -0.6000
v -0.5187 0.5750 -0.6000
v -0.4000 0.0250 -0.6000
v -0.4000 0.0937 -0.6000
v -0.4000 0.1625 -0.6000
v -0.4000 0.2312 -0.6000
v -0.4000 0.3000 -0.6000
v -0.4000 0.3687 -0.6000
v -0.4000 0.4375 -0.6000
v -0.4000 0.5063 -0.6000
v -0.4000 0.5750 -0.6000
v -0.2812 0.0250 -0.6000
v -0.2812 0.0937 -0.6000
v -0.2812 0.1625 -0.6000
v -0.2812 0.2312 -0.6000
v -0.2812 0.3000 -0.6000
v -0.2812 0.3687 -0.6000
v -0.2812 0.4375 -0.6000
v -0.2812 0.5063 -0.6000
v -0.2812 0.5750 -0.6000
v -0.1625 0.0250 -0.6000
v -0.1625 0.0937 -0.6000
v -0.1625 0.1625 -0.6000
v -0.1625 0.2312 -0.6000
v -0.1625 0.3000 -0.6000
v -0.1625 0.3687 -0.6000
v -0.1625 0.4375 -0.6000
v -0.1625 0.5063 -0.6000
v -0.1625 0.5750 -0.6000
v -0.0437 0.0250 -0.6000
v -0.0437 0.0937 -0.6000
v -0.0437 0.1625 -0.6000
v -0.0437 0.2312 -0.6000
v -0.0437 0.3000 -0.6000
v -0.0437 0.3687 -0.6000
v -0.0437 0.4375 -0.6000
v -0.0437 0.5063 -0.6000
v -0.0437 0.5750 -0.6000
v 0.0750 0.0250 -0.6000
v 0.0750 0.0937 -0.6000
v 0.0750 0.1625 -0.6000
v 0.0750 0.2312 -0.6000
v 0.0750 0.3000 -0.6000
v 0.0750 0.3687 -0.6000
v 0.0750 0.4375 -0.6000
v 0.0750 0.5063 -0.6000
v 0.0750 0.5750 -0.6000
v 0.0750 0.0250 -2.6000
v 0.0750 0.0937 -2.6000
v 0.0750 0.1625 -2.6000
v 0.0750 0.2312 -2.6000
v 0.0750 0.3000 -2.6000
v 0.0750 0.3687 -2.6000
v 0.0750 0.4375 -2.6000
v 0.0750 0.5063 -2.6000
v 0.0750 0.5750 -2.6000
v -0.0437 0.0250 -2.6000
v -0.0437 0.0937 -2.6000
v -0.0437 0.1625 -2.6000
v -0.0437 0.2312 -2.6000
v -0.0437 0.3000 -2.6000
v -0.0437 0.3687 -2.6000
v -0.0437 0.4375 -2.6000
v -0.0437 0.5063 -2.6000
v -0.0437 0.5750 -2.6000
v -0.1625 0.0250 -2.6000
v -0.1625 0.0937 -2.6000
v -0.1625 0.1625 -2.6000
v -0.1625 0.2312 -2.6000
v -0.1625 0.3000 -2.6000
v -0.1625 0.3687 -2.6000
v -0.1625 0.4375 -2.6000
v -0.1625 0.5063 -2.6000
v -0.1625 0.5750 -2.6000
v -0.2812 0.0250 -2.6000
v -0.2812 0.0937 -2.6000
v -0.2812 0.1625 -2.6000
v -0.2812 0.2312 -2.6000
v -0.2812 0.3000 -2.6000
v -0.2812 0.3687 -2.6000
v -0.2812 0.4375 -2.6000
v -0.2812 0.5063 -2.6000
v -0.2812 0.5750 -2.6000
v -0.4000 0.0250 -2.6000
v -0.4000 0.0937 -2.6000
v -0.4000 0.1625 -2.6000
v -0.4000 0.2312 -2.6000
v -0.4000 0.3000 -2.6000
v -0.4000 0.3687 -2.6000
v -0.4000 0.4375 -2.6000
v -0.4000 0.5063 -2.6000
v -0.4000 0.5750 -2.6000
v -0.5187 0.0250 -2.6000
v -0.5187 0.0937 -2.6000
v -0.5187 0.1625 -2.6000
v -0.5187 0.2312 -2.6000
v -0.5187 0.3000 -2.6000
v -0.5187 0.3687 -2.6000
v -0.5187 0.4375 -2.6000
v -0.5187 0.5063 -2.6000
v -0.5187 0.5750 -2.6000
v -0.6375 0.0250 -2.6000
v -0.6375 0.0937 -2.6000
v -0.6375 0.1625 -2.6000
v -0.6375 0.2312 -2.6000
v -0.6375 0.3000 -2.6000
v -0.6375 0.3687 -2.6000
v -0.6375 0.4375 -2.6000
v -0.6375 0.5063 -2.6000
v -0.6375 0.5750 -2.6000
v -0.7562 0.0250 -2.6000
v -0.7562 0.0937 -2.6000
v -0.7562 0.1625 -2.6000
v -0.7562 0.2312 -2.6000
v -0.7562 0.3000 -2.6000
v -0.7562 0.3687 -2.6000
v -0.7562 0.4375 -2.6000
v -0.7562 0.5063 -2.6000
v -0.7562 0.5750 -2.6000
v -0.8750 0.0250 -2.6000
v -0.8750 0.0937 -2.6000
v -0.8750 0.1625 -2.6000
v -0.8750 0.2312 -2.6000
v -0.8750 0.3000 -2.6000
v -0.8750 0.3687 -2.6000
v -0.8750 0.4375 -2.6000
v -0.8750 0.5063 -2.6000
v -0.8750 0.5750 -2.6000
v -0.8750 0.0250 -2.6000
v -0.8750 0.0937 -2.6000
v -0.8750 0.1625 -2.6000
v -0.8750 0.2312 -2.6000
v -0.8750 0.3000 -2.6000
v -0.8750 0.3687 -2.6000
v -0.8750 0.4375 -2.6000
v -0.8750 0.5063 -2.6000
v -0.8750 0.5750 -2.6000
v -0.8750 0.0250 -2.3500
v -0.8750 0.0937 -2.3500
v -0.8750 0.1625 -2.3500
v -0.8750 0.2312 -2.3500
v -0.8750 0.3000 -2.3500
v -0.8750 0.3687 -2.3500
v -0.8750 0.4375 -2.3500
v -0.8750 0.5063 -2.3500
v -0.8750 0.5750 -2.3500
v -0.8750 0.0250 -2.1000
v -0.8750 0.0937 -2.1000
v -0.8750 0.1625 -2.1000
v -0.8750 0.2312 -2.1000
v -0.8750 0.3000 -2.1000
v -0.8750 0.3687 -2.1000
v -0.8750 0.4375 -2.1000
v -0.8750 0.5063 -2.1000
v -0.8750 0.5750 -2.1000
v -0.8750 0.0250 -1.8500
v -0.8750 0.0937 -1.8500
v -0.8750 0.1625 -1.8500
v -0.8750 0.2312 -1.8500
v -0.8750 0.3000 -1.8500
v -0.8750 0.3687 -1.8500
v -0.8750 0.4375 -1.8500
v -0.8750 0.5063 -1.8500
v -0.8750 0.5750 -1.8500
v -0.8750 0.0250 -1.6000
v -0.8750 0.0937 -1.6000
v -0.8750 0.1625 -1.6000
v -0.8750 0.2312 -1.6000
v -0.8750 0.3000 -1.6000
v -0.8750 0.3687 -1.6000
v -0.8750 0.4375 -1.6000
v -0.8750 0.5063 -1.6000
v -0.8750 0.5750 -1.6000
v -0.8750 0.0250 -1.3500
v -0.8750 0.0937 -1.3500
v -0.8750 0.1625 -1.3500
v -0.8750 0.2312 -1.3500
v -0.8750 0.3000 -1.3500
v -0.8750 0.3687 -1.3500
v -0.8750 0.4375 -1.3500
v -0.8750 0.5063 -1.3500
v -0.8750 0.5750 -1.3500
v -0.8750 0.0250 -1.1000
v -0.8750 0.0937 -1.1000
v -0.8750 0.1625 -1.1000
v -0.8750 0.2312 -1.1000
v -0.8750 0.3000 -1.1000
v -0.8750 0.3687 -1.1000
v -0.8750 0.4375 -1.1000
v -0.8750 0.5063 -1.1000
v -0.8750 0.5750 -1.1000
v -0.8750 0.0250 -0.8500
v -0.8750 0.0937 -0.8500
v -0.8750 0.1625 -0.8500
v -0.8750 0.2312 -0.8500
v -0.8750 0.3000 -0.8500
v -0.8750 0.3687 -0.8500
v -0.8750 0.4375 -0.8500
v -0.8750 0.5063 -0.8500
v -0.8750 0.5750 -0.8500
v -0.8750 0.0250 -0.6000
v -0.8750 0.0937 -0.6000
v -0.8750 0.1625 -0.6000
v -0.8750 0.2312 -0.6000
v -0.8750 0.3000 -0.6000
v -0.8750 0.3687 -0.6000
v -0.8750 0.4375 -0.6000
v -0.8750 0.5063 -0.6000
v -0.8750 0.5750 -0.6000
v 0.0750 0.0250 -0.6000
v 0.0750 0.0937 -0.6000
v 0.0750 0.1625 -0.6000
v 0.0750 0.2312 -0.6000
v 0.0750 0.3000 -0.6000
v 0.0750 0.3687 -0.6000
v 0.0750 0.4375 -0.6000
v 0.0750 0.5063 -0.6000
v 0.0750 0.5750 -0.6000
v 0.0750 0.0250 -0.8500
v 0.0750 0.0937 -0.8500
v 0.0750 0.1625 -0.8500
v 0.0750 0.2312 -0.8500
v 0.0750 0.3000 -0.8500
v 0.0750 0.3687 -0.8500
v 0.0750 0.4375 -0.8500
v 0.0750 0.5063 -0.8500
v 0.0750 0.5750 -0.8500
v 0.0750 0.0250 -1.1000
v 0.0750 0.0937 -1.1000
v 0.0750 0.1625 -1.1000
v 0.0750 0.2312 -1.1000
v 0.0750 0.3000 -1.1000
v 0.0750 0.3687 -1.1000
v 0.0750 0.4375 -1.1000
v 0.0750 0.5063 -1.1000
v 0.0750 0.5750 -1.1000
v 0.0750 0.0250 -1.3500
v 0.0750 0.0937 -1.3500
v 0.0750 0.1625 -1.3500
v 0.0750 0.2312 -1.3500
v 0.0750 0.3000 -1.3500
v 0.0750 0.3687 -1.3500
v 0.0750 0.4375 -1.3500
v 0.0750 0.5063 -1.3500
v 0.0750 0.5750 -1.3500
v 0.0750 0.0250 -1.6000
v 0.0750 0.0937 -1.6000
v 0.0750 0.1625 -1.6000
v 0.0750 0.2312 -1.6000
v 0.0750 0.3000 -1.6000
v 0.0750 0.3687 -1.6000
v 0.0750 0.4375 -1.6000
v 0.0750 0.5063 -1.6000
v 0.0750 0.5750 -1.6000
v 0.0750 0.0250 -1.8500
v 0.0750 0.0937 -1.8500
v 0.0750 0.1625 -1.8500
v 0.0750 0.2312 -1.8500
v 0.0750 0.3000 -1.8500
v 0.0750 0.3687 -1.8500
v 0.0750 0.4375 -1.8500
v 0.0750 0.5063 -1.8500
v 0.0750 0.5750 -1.8500
v 0.0750 0.0250 -2.1000
v 0.0750 0.0937 -2.1000
v 0.0750 0.1625 -2.1000
v 0.0750 0.2312 -2.1000
v 0.0750 0.3000 -2.1000
v 0.0750 0.3687 -2.1000
v 0.0750 0.4375 -2.1000
v 0.0750 0.5063 -2.1000
v 0.0750 0.5750 -2.1000
v 0.0750 0.0250 -2.3500
v 0.0750 0.0937 -2.3500
v 0.0750 0.1625 -2.3500
v 0.0750 0.2312 -2.3500
v 0.0750 0.3000 -2.3500
v 0.0750 0.3687 -2.3500
v 0.0750 0.4375 -2.3500
v 0.0750 0.5063 -2.3500
v 0.0750 0.5750 -2.3500
v 0.0750 0.0250 -2.6000
v 0.0750 0.0937 -2.6000
v 0.0750 0.1625 -2.6000
v 0.0750 0.2312 -2.6000
v 0.0750 0.3000 -2.6000
v 0.0750 0.3687 -2.6000
v 0.0750 0.4375 -2.6000
v 0.0750 0.5063 -2.6000
v 0.0750 0.5750 -2.6000
v -0.8750 0.5750 -2.6000
v -0.8750 0.5750 -2.3500
v -0.8750 0.5750 -2.1000
v -0.8750 0.5750 -1.8500
v -0.8750 0.5750 -1.6000
v -0.8750 0.5750 -1.3500
v -0.8750 0.5750 -1.1000
v -0.8750 0.5750 -0.8500
v -0.8750 0.5750 -0.6000
v -0.7562 0.5750 -2.6000
v -0.7562 0.5750 -2.3500
v -0.7562 0.5750 -2.1000
v -0.7562 0.5750 -1.8500
v -0.7562 0.5750 -1.6000
v -0.7562 0.5750 -1.3500
v -0.7562 0.5750 -1.1000
v -0.7562 0.5750 -0.8500
v -0.7562 0.5750 -0.6000
v -0.6375 0.5750 -2.6000
v -0.6375 0.5750 -2.3500
v -0.6375 0.5750 -2.1000
v -0.6375 0.5750 -1.8500
v -0.6375 0.5750 -1.6000
v -0.6375 0.5750 -1.3500
v -0.6375 0.5750 -1.1000
v -0.6375 0.5750 -0.8500
v -0.6375 0.5750 -0.6000
v -0.5187 0.5750 -2.6000
v -0.5187 0.5750 -2.3500
v -0.5187 0.5750 -2.1000
v -0.5187 0.5750 -1.8500
v -0.5187 0.5750 -1.6000
v -0.5187 0.5750 -1.3500
v -0.5187 0.5750 -1.1000
v -0.5187 0.5750 -0.8500
v -0.5187 0.5750 -0.6000
v -0.4000 0.5750 -2.6000
v -0.4000 0.5750 -2.3500
v -0.4000 0.5750 -2.1000
v -0.4000 0.5750 -1.8500
v -0.4000 0.5750 -1.6000
v -0.4000 0.5750 -1.3500
v -0.4000 0.5750 -1.1000
v -0.4000 0.5750 -0.8500
v -0.4000 0.5750 -0.6000
v -0.2812 0.5750 -2.6000
v -0.2812 0.5750 -2.3500
v -0.2812 0.5750 -2.1000
v -0.2812 0.5750 -1.8500
v -0.2812 0.5750 -1.6000
v -0.2812 0.5750 -1.3500
v -0.2812 0.5750 -1.1000
v -0.2812 0.5750 -0.8500
v -0.2812 0.5750 -0.6000
v -0.1625 0.5750 -2.6000
v -0.1625 0.5750 -2.3500
v -0.1625 0.5750 -2.1000
v -0.1625 0.5750 -1.8500
v -0.1625 0.5750 -1.6000
v -0.1625 0.5750 -1.3500
v -0.1625 0.5750 -1.1000
v -0.1625 0.5750 -0.8500
v -0.1625 0.5750 -0.6000
v -0.0437 0.5750 -2.6000
v -0.0437 0.5750 -2.3500
v -0.0437 0.5750 -2.1000
v -0.0437 0.5750 -1.8500
v -0.0437 0.5750 -1.6000
v -0.0437 0.5750 -1.3500
v -0.0437 0.5750 -1.1000
v -0.0437 0.5750 -0.8500
v -0.0437 0.5750 -0.6000
v 0.0750 0.5750 -2.6000
v 0.0750 0.5750 -2.3500
v 0.0750 0.5750 -2.1000
v 0.0750 0.5750 -1.8500
v 0.0750 0.5750 -1.6000
v 0.0750 0.5750 -1.3500
v 0.0750 0.5750 -1.1000
v 0.0750 0.5750 -0.8500
v 0.0750 0.5750 -0.6000
v -0.8750 0.0250 -0.6000
v -0.8750 0.0250 -0.8500
v -0.8750 0.0250 -1.1000
v -0.8750 0.0250 -1.3500
v -0.8750 0.0250 -1.6000
v -0.8750 0.0250 -1.8500
v -0.8750 0.0250 -2.1000
v -0.8750 0.0250 -2.3500
v -0.8750 0.0250 -2.6000
v -0.7562 0.0250 -0.6000
v -0.7562 0.0250 -0.8500
v -0.7562 0.0250 -1.1000
v -0.7562 0.0250 -1.3500
v -0.7562 0.0250 -1.6000
v -0.7562 0.0250 -1.8500
v -0.7562 0.0250 -2.1000
v -0.7562 0.0250 -2.3500
v -0.7562 0.0250 -2.6000
v -0.6375 0.0250 -0.6000
v -0.6375 0.0250 -0.8500
v -0.6375 0.0250 -1.1000
v -0.6375 0.0250 -1.3500
v -0.6375 0.0250 -1.6000
v -0.6375 0.0250 -1.8500
v -0.6375 0.0250 -2.1000
v -0.6375 0.0250 -2.3500
v -0.6375 0.0250 -2.6000
v -0.5187 0.0250 -0.6000
v -0.5187 0.0250 -0.8500
v -0.5187 0.0250 -1.1000
v -0.5187 0.0250 -1.3500
v -0.5187 0.0250 -1.6000
v -0.5187 0.0250 -1.8500
v -0.5187 0.0250 -2.1000
v -0.5187 0.0250 -2.3500
v -0.5187 0.0250 -2.6000
v -0.4000 0.0250 -0.6000
v -0.4000 0.0250 -0.8500
v -0.4000 0.0250 -1.1000
v -0.4000 0.0250 -1.3500
v -0.4000 0.0250 -1.6000
v -0.4000 0.0250 -1.8500
v -0.4000 0.0250 -2.1000
v -0.4000 0.0250 -2.3500
v -0.4000 0.0250 -2.6000
v -0.2812 0.0250 -0.6000
v -0.2812 0.0250 -0.8500
v -0.2812 0.0250 -1.1000
v -0.2812 0.0250 -1.3500
v -0.2812 0.0250 -1.6000
v -0.2812 0.0250 -1.8500
v -0.2812 0.0250 -2.1000
v -0.2812 0.0250 -2.3500
v -0.2812 0.0250 -2.6000
v -0.1625 0.0250 -0.6000
v -0.1625 0.0250 -0.8500
v -0.1625 0.0250 -1.1000
v -0.1625 0.0250 -1.3500
v -0.1625 0.0250 -1.6000
v -0.1625 0.0250 -1.8500
v -0.1625 0.0250 -2.1000
v -0.1625 0.0250 -2.3500
v -0.1625 0.0250 -2.6000
v -0.0437 0.0250 -0.6000
v -0.0437 0.0250 -0.8500
v -0.0437 0.0250 -1.1000
v -0.0437 0.0250 -1.3500
v -0.0437 0.0250 -1.6000
v -0.0437 0.0250 -1.8500
v -0.0437 0.0250 -2.1000
v -0.0437 0.0250 -2.3500
v -0.0437 0.0250 -2.6000
v 0.0750 0.0250 -0.6000
v 0.0750 0.0250 -0.8500
v 0.0750 0.0250 -1.1000
v 0.0750 0.0250 -1.3500
v 0.0750 0.0250 -1.6000
v 0.0750 0.0250 -1.8500
v 0.0750 0.0250 -2.1000
v 0.0750 0.0250 -2.3500
v 0.0750 0.0250 -2.6000
f 7453 7454 7463
f 7453 7463 7462
f 7454 7455 7464
f 7454 7464 7463
f 7455 7456 7465
f 7455 7465 7464
f 7456 7457 7466
f 7456 7466 7465
f 7457 7458 7467
f 7457 7467 7466
f 7458 7459 7468
f 7458 7468 7467
f 7459 7460 7469
f 7459 7469 7468
f 7460 7461 7470
f 7460 7470 7469
f 7462 7463 7472
f 7462 7472 7471
f 7463 7464 7473
f 7463 7473 7472
f 7464 7465 7474
f 7464 7474 7473
f 7465 7466 7475
f 7465 7475 7474
f 7466 7467 7476
f 7466 7476 7475
f 7467 7468 7477
f 7467 7477 7476
f 7468 7469 7478
f 7468 7478 7477
f 7469 7470 7479
f 7469 7479 7478
f 7471 7472 7481
f 7471 7481 7480
f 7472 7473 7482
f 7472 7482 7481
f 7473 7474 7483
f 7473 7483 7482
f 7474 7475 7484
f 7474 7484 7483
f 7475 7476 7485
f 7475 7485 7484
f 7476 7477 7486
f 7476 7486 7485
f 7477 7478 7487
f 7477 7487 7486
f 7478 7479 7488
f 7478 7488 7487
f 7480 7481 7490
f 7480 7490 7489
f 7481 7482 7491
f 7481 7491 7490
f 7482 7483 7492
f 7482 7492 7491
f 7483 7484 7493
f 7483 7493 7492
f 7484 7485 7494
f 7484 7494 7493
f 7485 7486 7495
f 7485 7495 7494
f 7486 7487 7496
f 7486 7496 7495
f 7487 7488 7497
f 7487 7497 7496
f 7489 7490 7499
f 7489 7499 7498
f 7490 7491 7500
f 7490 7500 7499
f 7491 7492 7501
f 7491 7501 7500
f 7492 7493 7502
f 7492 7502 7501
f 7493 7494 7503
f 7493 7503 7502
f 7494 7495 7504
f 7494 7504 7503
f 7495 7496 7505
f 7495 7505 7504
f 7496 7497 7506
f 7496 7506 7505
f 7498 7499 7508
f 7498 7508 7507
f 7499 7500 7509
f 7499 7509 7508
f 7500 7501 7510
f 7500 7510 7509
f 7501 7502 7511
f 7501 7511 7510
f 7502 7503 7512
f 7502 7512 7511
f 7503 7504 7513
f 7503 7513 7512
f 7504 7505 7514
f 7504 7514 7513
f 7505 7506 7515
f 7505 7515 7514
f 7507 7508 7517
f 7507 7517 7516
f 7508 7509 7518
f 7508 7518 7517
f 7509 7510 7519
f 7509 7519 7518
f 7510 7511 7520
f 7510 7520 7519
f 7511 7512 7521
f 7511 7521 7520
f 7512 7513 7522
f 7512 7522 7521
f 7513 7514 7523
f 7513 7523 7522
f 7514 7515 7524
f 7514 7524 7523
f 7516 7517 7526
f 7516 7526 7525
f 7517 7518 7527
f 7517 7527 7526
f 7518 7519 7528
f 7518 7528 7527
f 7519 7520 7529
f 7519 7529 7528
f 7520 7521 7530
f 7520 7530 7529
f 7521 7522 7531
f 7521 7531 7530
f 7522 7523 7532
f 7522 7532 7531
f 7523 7524 7533
f 7523 7533 7532
f 7534 7535 7544
f 7534 7544 7543
f 7535 7536 7545
f 7535 7545 7544
f 7536 7537 7546
f 7536 7546 7545
f 7537 7538 7547
f 7537 7547 7546
f 7538 7539 7548
f 7538 7548 7547
f 7539 7540 7549
f 7539 7549 7548
f 7540 7541 7550
f 7540 7550 7549
f 7541 7542 7551
f 7541 7551 7550
f 7543 7544 7553
f 7543 7553 7552
f 7544 7545 7554
f 7544 7554 7553
f 7545 7546 7555
f 7545 7555 7554
f 7546 7547 7556
f 7546 7556 7555
f 7547 7548 7557
f 7547 7557 7556
f 7548 7549 7558
f 7548 7558 7557
f 7549 7550 7559
f 7549 7559 7558
f 7550 7551 7560
f 7550 7560 7559
f 7552 7553 7562
f 7552 7562 7561
f 7553 7554 7563
f 7553 7563 7562
f 7554 7555 7564
f 7554 7564 7563
f 7555 7556 7565
f 7555 7565 7564
f 7556 7557 7566
f 7556 7566 7565
f 7557 7558 7567
f 7557 7567 7566
f 7558 7559 7568
f 7558 7568 7567
f 7559 7560 7569
f 7559 7569 7568
f 7561 7562 7571
f 7561 7571 7570
f 7562 7563 7572
f 7562 7572 7571
f 7563 7564 7573
f 7563 7573 7572
f 7564 7565 7574
f 7564 7574 7573
f 7565 7566 7575
f 7565 7575 7574
f 7566 7567 7576
f 7566 7576 7575
f 7567 7568 7577
f 7567 7577 7576
f 7568 7569 7578
f 7568 7578 7577
f 7570 7571 7580
f 7570 7580 7579
f 7571 7572 7581
f 7571 7581 7580
f 7572 7573 7582
f 7572 7582 7581
f 7573 7574 7583
f 7573 7583 7582
f 7574 7575 7584
f 7574 7584 7583
f 7575 7576 7585
f 7575 7585 7584
f 7576 7577 7586
f 7576 7586 7585
f 7577 7578 7587
f 7577 7587 7586
f 7579 7580 7589
f 7579 7589 7588
f 7580 7581 7590
f 7580 7590 7589
f 7581 7582 7591
f 7581 7591 7590
f 7582 7583 7592
f 7582 7592 7591
f 7583 7584 7593
f 7583 7593 7592
f 7584 7585 7594
f 7584 7594 7593
f 7585 7586 7595
f 7585 7595 7594
f 7586 7587 7596
f 7586 7596 7595
f 7588 7589 7598
f 7588 7598 7597
f 7589 7590 7599
f 7589 7599 7598
f 7590 7591 7600
f 7590 7600 7599
f 7591 7592 7601
f 7591 7601 7600
f 7592 7593 7602
f 7592 7602 7601
f 7593 7594 7603
f 7593 7603 7602
f 7594 7595 7604
f 7594 7604 7603
f 7595 7596 7605
f 7595 7605 7604
f 7597 7598 7607
f 7597 7607 7606
f 7598 7599 7608
f 7598 7608 7607
f 7599 7600 7609
f 7599 7609 7608
f 7600 7601 7610
f 7600 7610 7609
f 7601 7602 7611
f 7601 7611 7610
f 7602 7603 7612
f 7602 7612 7611
f 7603 7604 7613
f 7603 7613 7612
f 7604 7605 7614
f 7604 7614 7613
f 7615 7616 7625
f 7615 7625 7624
f 7616 7617 7626
f 7616 7626 7625
f 7617 7618 7627
f 7617 7627 7626
f 7618 7619 7628
f 7618 7628 7627
f 7619 7620 7629
f 7619 7629 7628
f 7620 7621 7630
f 7620 7630 7629
f 7621 7622 7631
f 7621 7631 7630
f 7622 7623 7632
f 7622 7632 7631
f 7624 7625 7634
f 7624 7634 7633
f 7625 7626 7635
f 7625 7635 7634
f 7626 7627 7636
f 7626 7636 7635
f 7627 7628 7637
f 7627 7637 7636
f 7628 7629 7638
f 7628 7638 7637
f 7629 7630 7639
f 7629 7639 7638
f 7630 7631 7640
f 7630 7640 7639
f 7631 7632 7641
f 7631 7641 7640
f 7633 7634 7643
f 7633 7643 7642
f 7634 7635 7644
f 7634 7644 7643
f 7635 7636 7645
f 7635 7645 7644
f 7636 7637 7646
f 7636 7646 7645
f 7637 7638 7647
f 7637 7647 7646
f 7638 7639 7648
f 7638 7648 7647
f 7639 7640 7649
f 7639 7649 7648
f 7640 7641 7650
f 7640 7650 7649
f 7642 7643 7652
f 7642 7652 7651
f 7643 7644 7653
f 7643 7653 7652
f 7644 7645 7654
f 7644 7654 7653
f 7645 7646 7655
f 7645 7655 7654
f 7646 7647 7656
f 7646 7656 7655
f 7647 7648 7657
f 7647 7657 7656
f 7648 7649 7658
f 7648 7658 7657
f 7649 7650 7659
f 7649 7659 7658
f 7651 7652 7661
f 7651 7661 7660
f 7652 7653 7662
f 7652 7662 7661
f 7653 7654 7663
f 7653 7663 7662
f 7654 7655 7664
f 7654 7664 7663
f 7655 7656 7665
f 7655 7665 7664
f 7656 7657 7666
f 7656 7666 7665
f 7657 7658 7667
f 7657 7667 7666
f 7658 7659 7668
f 7658 7668 7667
f 7660 7661 7670
f 7660 7670 7669
f 7661 7662 7671
f 7661 7671 7670
f 7662 7663 7672
f 7662 7672 7671
f 7663 7664 7673
f 7663 7673 7672
f 7664 7665 7674
f 7664 7674 7673
f 7665 7666 7675
f 7665 7675 7674
f 7666 7667 7676
f 7666 7676 7675
f 7667 7668 7677
f 7667 7677 7676
f 7669 7670 7679
f 7669 7679 7678
f 7670 7671 7680
f 7670 7680 7679
f 7671 7672 7681
f 7671 7681 7680
f 7672 7673 7682
f 7672 7682 7681
f 7673 7674 7683
f 7673 7683 7682
f 7674 7675 7684
f 7674 7684 7683
f 7675 7676 7685
f 7675 7685 7684
f 7676 7677 7686
f 7676 7686 7685
f 7678 7679 7688
f 7678 7688 7687
f 7679 7680 7689
f 7679 7689 7688
f 7680 7681 7690
f 7680 7690 7689
f 7681 7682 7691
f 7681 7691 7690
f 7682 7683 7692
f 7682 7692 7691
f 7683 7684 7693
f 7683 7693 7692
f 7684 7685 7694
f 7684 7694 7693
f 7685 7686 7695
f 7685 7695 7694
f 7696 7697 7706
f 7696 7706 7705
f 7697 7698 7707
f 7697 7707 7706
f 7698 7699 7708
f 7698 7708 7707
f 7699 7700 7709
f 7699 7709 7708
f 7700 7701 7710
f 7700 7710 7709
f 7701 7702 7711
f 7701 7711 7710
f 7702 7703 7712
f 7702 7712 7711
f 7703 7704 7713
f 7703 7713 7712
f 7705 7706 7715
f 7705 7715 7714
f 7706 7707 7716
f 7706 7716 7715
f 7707 7708 7717
f 7707 7717 7716
f 7708 7709 7718
f 7708 7718 7717
f 7709 7710 7719
f 7709 7719 7718
f 7710 7711 7720
f 7710 7720 7719
f 7711 7712 7721
f 7711 7721 7720
f 7712 7713 7722
f 7712 7722 7721
f 7714 7715 7724
f 7714 7724 7723
f 7715 7716 7725
f 7715 7725 7724
f 7716 7717 7726
f 7716 7726 7725
f 7717 7718 7727
f 7717 7727 7726
f 7718 7719 7728
f 7718 7728 7727
f 7719 7720 7729
f 7719 7729 7728
f 7720 7721 7730
f 7720 7730 7729
f 7721 7722 7731
f 7721 7731 7730
f 7723 7724 7733
f 7723 7733 7732
f 7724 7725 7734
f 7724 7734 7733
f 7725 7726 7735
f 7725 7735 7734
f 7726 7727 7736
f 7726 7736 7735
f 7727 7728 7737
f 7727 7737 7736
f 7728 7729 7738
f 7728 7738 7737
f 7729 7730 7739
f 7729 7739 7738
f 7730 7731 7740
f 7730 7740 7739
f 7732 7733 7742
f 7732 7742 7741
f 7733 7734 7743
f 7733 7743 7742
f 7734 7735 7744
f 7734 7744 7743
f 7735 7736 7745
f 7735 7745 7744
f 7736 7737 7746
f 7736 7746 7745
f 7737 7738 7747
f 7737 7747 7746
f 7738 7739 7748
f 7738 7748 7747
f 7739 7740 7749
f 7739 7749 7748
f 7741 7742 7751
f 7741 7751 7750
f 7742 7743 7752
f 7742 7752 7751
f 7743 7744 7753
f 7743 7753 7752
f 7744 7745 7754
f 7744 7754 7753
f 7745 7746 7755
f 7745 7755 7754
f 7746 7747 7756
f 7746 7756 7755
f 7747 7748 7757
f 7747 7757 7756
f 7748 7749 7758
f 7748 7758 7757
f 7750 7751 7760
f 7750 7760 7759
f 7751 7752 7761
f 7751 7761 7760
f 7752 7753 7762
f 7752 7762 7761
f 7753 7754 7763
f 7753 7763 7762
f 7754 7755 7764
f 7754 7764 7763
f 7755 7756 7765
f 7755 7765 7764
f 7756 7757 7766
f 7756 7766 7765
f 7757 7758 7767
f 7757 7767 7766
f 7759 7760 7769
f 7759 7769 7768
f 7760 7761 7770
f 7760 7770 7769
f 7761 7762 7771
f 7761 7771 7770
f 7762 7763 7772
f 7762 7772 7771
f 7763 7764 7773
f 7763 7773 7772
f 7764 7765 7774
f 7764 7774 7773
f 7765 7766 7775
f 7765 7775 7774
f 7766 7767 7776
f 7766 7776 7775
f 7777 7778 7787
f 7777 7787 7786
f 7778 7779 7788
f 7778 7788 7787
f 7779 7780 7789
f 7779 7789 7788
f 7780 7781 7790
f 7780 7790 7789
f 7781 7782 7791
f 7781 7791 7790
f 7782 7783 7792
f 7782 7792 7791
f 7783 7784 7793
f 7783 7793 7792
f 7784 7785 7794
f 7784 7794 7793
f 7786 7787 7796
f 7786 7796 7795
f 7787 7788 7797
f 7787 7797 7796
f 7788 7789 7798
f 7788 7798 7797
f 7789 7790 7799
f 7789 7799 7798
f 7790 7791 7800
f 7790 7800 7799
f 7791 7792 7801
f 7791 7801 7800
f 7792 7793 7802
f 7792 7802 7801
f 7793 7794 7803
f 7793 7803 7802
f 7795 7796 7805
f 7795 7805 7804
f 7796 7797 7806
f 7796 7806 7805
f 7797 7798 7807
f 7797 7807 7806
f 7798 7799 7808
f 7798 7808 7807
f 7799 7800 7809
f 7799 7809 7808
f 7800 7801 7810
f 7800 7810 7809
f 7801 7802 7811
f 7801 7811 7810
f 7802 7803 7812
f 7802 7812 7811
f 7804 7805 7814
f 7804 7814 7813
f 7805 7806 7815
f 7805 7815 7814
f 7806 7807 7816
f 7806 7816 7815
f 7807 7808 7817
f 7807 7817 7816
f 7808 7809 7818
f 7808 7818 7817
f 7809 7810 7819
f 7809 7819 7818
f 7810 7811 7820
f 7810 7820 7819
f 7811 7812 7821
f 7811 7821 7820
f 7813 7814 7823
f 7813 7823 7822
f 7814 7815 7824
f 7814 7824 7823
f 7815 7816 7825
f 7815 7825 7824
f 7816 7817 7826
f 7816 7826 7825
f 7817 7818 7827
f 7817 7827 7826
f 7818 7819 7828
f 7818 7828 7827
f 7819 7820 7829
f 7819 7829 7828
f 7820 7821 7830
f 7820 7830 7829
f 7822 7823 7832
f 7822 7832 7831
f 7823 7824 7833
f 7823 7833 7832
f 7824 7825 7834
f 7824 7834 7833
f 7825 7826 7835
f 7825 7835 7834
f 7826 7827 7836
f 7826 7836 7835
f 7827 7828 7837
f 7827 7837 7836
f 7828 7829 7838
f 7828 7838 7837
f 7829 7830 7839
f 7829 7839 7838
f 7831 7832 7841
f 7831 7841 7840
f 7832 7833 7842
f 7832 7842 7841
f 7833 7834 7843
f 7833 7843 7842
f 7834 7835 7844
f 7834 7844 7843
f 7835 7836 7845
f 7835 7845 7844
f 7836 7837 7846
f 7836 7846 7845
f 7837 7838 7847
f 7837 7847 7846
f 7838 7839 7848
f 7838 7848 7847
f 7840 7841 7850
f 7840 7850 7849
f 7841 7842 7851
f 7841 7851 7850
f 7842 7843 7852
f 7842 7852 7851
f 7843 7844 7853
f 7843 7853 7852
f 7844 7845 7854
f 7844 7854 7853
f 7845 7846 7855
f 7845 7855 7854
f 7846 7847 7856
f 7846 7856 7855
f 7847 7848 7857
f 7847 7857 7856
f 7858 7859 7868
f 7858 7868 7867
f 7859 7860 7869
f 7859 7869 7868
f 7860 7861 7870
f 7860 7870 7869
f 7861 7862 7871
f 7861 7871 7870
f 7862 7863 7872
f 7862 7872 7871
f 7863 7864 7873
f 7863 7873 7872
f 7864 7865 7874
f 7864 7874 7873
f 7865 7866 7875
f 7865 7875 7874
f 7867 7868 7877
f 7867 7877 7876
f 7868 7869 7878
f 7868 7878 7877
f 7869 7870 7879
f 7869 7879 7878
f 7870 7871 7880
f 7870 7880 7879
f 7871 7872 7881
f 7871 7881 7880
f 7872 7873 7882
f 7872 7882 7881
f 7873 7874 7883
f 7873 7883 7882
f 7874 7875 7884
f 7874 7884 7883
f 7876 7877 7886
f 7876 7886 7885
f 7877 7878 7887
f 7877 7887 7886
f 7878 7879 7888
f 7878 7888 7887
f 7879 7880 7889
f 7879 7889 7888
f 7880 7881 7890
f 7880 7890 7889
f 7881 7882 7891
f 7881 7891 7890
f 7882 7883 7892
f 7882 7892 7891
f 7883 7884 7893
f 7883 7893 7892
f 7885 7886 7895
f 7885 7895 7894
f 7886 7887 7896
f 7886 7896 7895
f 7887 7888 7897
f 7887 7897 7896
f 7888 7889 7898
f 7888 7898 7897
f 7889 7890 7899
f 7889 7899 7898
f 7890 7891 7900
f 7890 7900 7899
f 7891 7892 7901
f 7891 7901 7900
f 7892 7893 7902
f 7892 7902 7901
f 7894 7895 7904
f 7894 7904 7903
f 7895 7896 7905
f 7895 7905 7904
f 7896 7897 7906
f 7896 7906 7905
f 7897 7898 7907
f 7897 7907 7906
f 7898 7899 7908
f 7898 7908 7907
f 7899 7900 7909
f 7899 7909 7908
f 7900 7901 7910
f 7900 7910 7909
f 7901 7902 7911
f 7901 7911 7910
f 7903 7904 7913
f 7903 7913 7912
f 7904 7905 7914
f 7904 7914 7913
f 7905 7906 7915
f 7905 7915 7914
f 7906 7907 7916
f 7906 7916 7915
f 7907 7908 7917
f 7907 7917 7916
f 7908 7909 7918
f 7908 7918 7917
f 7909 7910 7919
f 7909 7919 7918
f 7910 7911 7920
f 7910 7920 7919
f 7912 7913 7922
f 7912 7922 7921
f 7913 7914 7923
f 7913 7923 7922
f 7914 7915 7924
f 7914 7924 7923
f 7915 7916 7925
f 7915 7925 7924
f 7916 7917 7926
f 7916 7926 7925
f 7917 7918 7927
f 7917 7927 7926
f 7918 7919 7928
f 7918 7928 7927
f 7919 7920 7929
f 7919 7929 7928
f 7921 7922 7931
f 7921 7931 7930
f 7922 7923 7932
f 7922 7932 7931
f 7923 7924 7933
f 7923 7933 7932
f 7924 7925 7934
f 7924 7934 7933
f 7925 7926 7935
f 7925 7935 7934
f 7926 7927 7936
f 7926 7936 7935
f 7927 7928 7937
f 7927 7937 7936
f 7928 7929 7938
f 7928 7938 7937
g 침상 프레임_3
v -0.8750 0.0250 2.0000
v -0.8750 0.0937 2.0000
v -0.8750 0.1625 2.0000
v -0.8750 0.2312 2.0000
v -0.8750 0.3000 2.0000
v -0.8750 0.3687 2.0000
v -0.8750 0.4375 2.0000
v -0.8750 0.5063 2.0000
v -0.8750 0.5750 2.0000
v -0.7562 0.0250 2.0000
v -0.7562 0.0937 2.0000
v -0.7562 0.1625 2.0000
v -0.7562 0.2312 2.0000
v -0.7562 0.3000 2.0000
v -0.7562 0.3687 2.0000
v -0.7562 0.4375 2.0000
v -0.7562 0.5063 2.0000
v -0.7562 0.5750 2.0000
v -0.6375 0.0250 2.0000
v -0.6375 0.0937 2.0000
v -0.6375 0.1625 2.0000
v -0.6375 0.2312 2.0000
v -0.6375 0.3000 2.0000
v -0.6375 0.3687 2.0000
v -0.6375 0.4375 2.0000
v -0.6375 0.5063 2.0000
v -0.6375 0.5750 2.0000
v -0.5187 0.0250 2.0000
v -0.5187 0.0937 2.0000
v -0.5187 0.1625 2.0000
v -0.5187 0.2312 2.0000
v -0.5187 0.3000 2.0000
v -0.5187 0.3687 2.0000
v -0.5187 0.4375 2.0000
v -0.5187 0.5063 2.0000
v -0.5187 0.5750 2.0000
v -0.4000 0.0250 2.0000
v -0.4000 0.0937 2.0000
v -0.4000 0.1625 2.0000
v -0.4000 0.2312 2.0000
v -0.4000 0.3000 2.0000
v -0.4000 0.3687 2.0000
v -0.4000 0.4375 2.0000
v -0.4000 0.5063 2.0000
v -0.4000 0.5750 2.0000
v -0.2812 0.0250 2.0000
v -0.2812 0.0937 2.0000
v -0.2812 0.1625 2.0000
v -0.2812 0.2312 2.0000
v -0.2812 0.3000 2.0000
v -0.2812 0.3687 2.0000
v -0.2812 0.4375 2.0000
v -0.2812 0.5063 2.0000
v -0.2812 0.5750 2.0000
v -0.1625 0.0250 2.0000
v -0.1625 0.0937 2.0000
v -0.1625 0.1625 2.0000
v -0.1625 0.2312 2.0000
v -0.1625 0.3000 2.0000
v -0.1625 0.3687 2.0000
v -0.1625 0.4375 2.0000
v -0.1625 0.5063 2.0000
v -0.1625 0.5750 2.0000
v -0.0437 0.0250 2.0000
v -0.0437 0.0937 2.0000
v -0.0437 0.1625 2.0000
v -0.0437 0.2312 2.0000
v -0.0437 0.3000 2.0000
v -0.0437 0.3687 2.0000
v -0.0437 0.4375 2.0000
v -0.0437 0.5063 2.0000
v -0.0437 0.5750 2.0000
v 0.0750 0.0250 2.0000
v 0.0750 0.0937 2.0000
v 0.0750 0.1625 2.0000
v 0.0750 0.2312 2.0000
v 0.0750 0.3000 2.0000
v 0.0750 0.3687 2.0000
v 0.0750 0.4375 2.0000
v 0.0750 0.5063 2.0000
v 0.0750 0.5750 2.0000
v 0.0750 0.0250 0.0000
v 0.0750 0.0937 0.0000
v 0.0750 0.1625 0.0000
v 0.0750 0.2312 0.0000
v 0.0750 0.3000 0.0000
v 0.0750 0.3687 0.0000
v 0.0750 0.4375 0.0000
v 0.0750 0.5063 0.0000
v 0.0750 0.5750 0.0000
v -0.0437 0.0250 0.0000
v -0.0437 0.0937 0.0000
v -0.0437 0.1625 0.0000
v -0.0437 0.2312 0.0000
v -0.0437 0.3000 0.0000
v -0.0437 0.3687 0.0000
v -0.0437 0.4375 0.0000
v -0.0437 0.5063 0.0000
v -0.0437 0.5750 0.0000
v -0.1625 0.0250 0.0000
v -0.1625 0.0937 0.0000
v -0.1625 0.1625 0.0000
v -0.1625 0.2312 0.0000
v -0.1625 0.3000 0.0000
v -0.1625 0.3687 0.0000
v -0.1625 0.4375 0.0000
v -0.1625 0.5063 0.0000
v -0.1625 0.5750 0.0000
v -0.2812 0.0250 0.0000
v -0.2812 0.0937 0.0000
v -0.2812 0.1625 0.0000
v -0.2812 0.2312 0.0000
v -0.2812 0.3000 0.0000
v -0.2812 0.3687 0.0000
v -0.2812 0.4375 0.0000
v -0.2812 0.5063 0.0000
v -0.2812 0.5750 0.0000
v -0.4000 0.0250 0.0000
v -0.4000 0.0937 0.0000
v -0.4000 0.1625 0.0000
v -0.4000 0.2312 0.0000
v -0.4000 0.3000 0.0000
v -0.4000 0.3687 0.0000
v -0.4000 0.4375 0.0000
v -0.4000 0.5063 0.0000
v -0.4000 0.5750 0.0000
v -0.5187 0.0250 0.0000
v -0.5187 0.0937 0.0000
v -0.5187 0.1625 0.0000
v -0.5187 0.2312 0.0000
v -0.5187 0.3000 0.0000
v -0.5187 0.3687 0.0000
v -0.5187 0.4375 0.0000
v -0.5187 0.5063 0.0000
v -0.5187 0.5750 0.0000
v -0.6375 0.0250 0.0000
v -0.6375 0.0937 0.0000
v -0.6375 0.1625 0.0000
v -0.6375 0.2312 0.0000
v -0.6375 0.3000 0.0000
v -0.6375 0.3687 0.0000
v -0.6375 0.4375 0.0000
v -0.6375 0.5063 0.0000
v -0.6375 0.5750 0.0000
v -0.7562 0.0250 0.0000
v -0.7562 0.0937 0.0000
v -0.7562 0.1625 0.0000
v -0.7562 0.2312 0.0000
v -0.7562 0.3000 0.0000
v -0.7562 0.3687 0.0000
v -0.7562 0.4375 0.0000
v -0.7562 0.5063 0.0000
v -0.7562 0.5750 0.0000
v -0.8750 0.0250 0.0000
v -0.8750 0.0937 0.0000
v -0.8750 0.1625 0.0000
v -0.8750 0.2312 0.0000
v -0.8750 0.3000 0.0000
v -0.8750 0.3687 0.0000
v -0.8750 0.4375 0.0000
v -0.8750 0.5063 0.0000
v -0.8750 0.5750 0.0000
v -0.8750 0.0250 0.0000
v -0.8750 0.0937 0.0000
v -0.8750 0.1625 0.0000
v -0.8750 0.2312 0.0000
v -0.8750 0.3000 0.0000
v -0.8750 0.3687 0.0000
v -0.8750 0.4375 0.0000
v -0.8750 0.5063 0.0000
v -0.8750 0.5750 0.0000
v -0.8750 0.0250 0.2500
v -0.8750 0.0937 0.2500
v -0.8750 0.1625 0.2500
v -0.8750 0.2312 0.2500
v -0.8750 0.3000 0.2500
v -0.8750 0.3687 0.2500
v -0.8750 0.4375 0.2500
v -0.8750 0.5063 0.2500
v -0.8750 0.5750 0.2500
v -0.8750 0.0250 0.5000
v -0.8750 0.0937 0.5000
v -0.8750 0.1625 0.5000
v -0.8750 0.2312 0.5000
v -0.8750 0.3000 0.5000
v -0.8750 0.3687 0.5000
v -0.8750 0.4375 0.5000
v -0.8750 0.5063 0.5000
v -0.8750 0.5750 0.5000
v -0.8750 0.0250 0.7500
v -0.8750 0.0937 0.7500
v -0.8750 0.1625 0.7500
v -0.8750 0.2312 0.7500
v -0.8750 0.3000 0.7500
v -0.8750 0.3687 0.7500
v -0.8750 0.4375 0.7500
v -0.8750 0.5063 0.7500
v -0.8750 0.5750 0.7500
v -0.8750 0.0250 1.0000
v -0.8750 0.0937 1.0000
v -0.8750 0.1625 1.0000
v -0.8750 0.2312 1.0000
v -0.8750 0.3000 1.0000
v -0.8750 0.3687 1.0000
v -0.8750 0.4375 1.0000
v -0.8750 0.5063 1.0000
v -0.8750 0.5750 1.0000
v -0.8750 0.0250 1.2500
v -0.8750 0.0937 1.2500
v -0.8750 0.1625 1.2500
v -0.8750 0.2312 1.2500
v -0.8750 0.3000 1.2500
v -0.8750 0.3687 1.2500
v -0.8750 0.4375 1.2500
v -0.8750 0.5063 1.2500
v -0.8750 0.5750 1.2500
v -0.8750 0.0250 1.5000
v -0.8750 0.0937 1.5000
v -0.8750 0.1625 1.5000
v -0.8750 0.2312 1.5000
v -0.8750 0.3000 1.5000
v -0.8750 0.3687 1.5000
v -0.8750 0.4375 1.5000
v -0.8750 0.5063 1.5000
v -0.8750 0.5750 1.5000
v -0.8750 0.0250 1.7500
v -0.8750 0.0937 1.7500
v -0.8750 0.1625 1.7500
v -0.8750 0.2312 1.7500
v -0.8750 0.3000 1.7500
v -0.8750 0.3687 1.7500
v -0.8750 0.4375 1.7500
v -0.8750 0.5063 1.7500
v -0.8750 0.5750 1.7500
v -0.8750 0.0250 2.0000
v -0.8750 0.0937 2.0000
v -0.8750 0.1625 2.0000
v -0.8750 0.2312 2.0000
v -0.8750 0.3000 2.0000
v -0.8750 0.3687 2.0000
v -0.8750 0.4375 2.0000
v -0.8750 0.5063 2.0000
v -0.8750 0.5750 2.0000
v 0.0750 0.0250 2.0000
v 0.0750 0.0937 2.0000
v 0.0750 0.1625 2.0000
v 0.0750 0.2312 2.0000
v 0.0750 0.3000 2.0000
v 0.0750 0.3687 2.0000
v 0.0750 0.4375 2.0000
v 0.0750 0.5063 2.0000
v 0.0750 0.5750 2.0000
v 0.0750 0.0250 1.7500
v 0.0750 0.0937 1.7500
v 0.0750 0.1625 1.7500
v 0.0750 0.2312 1.7500
v 0.0750 0.3000 1.7500
v 0.0750 0.3687 1.7500
v 0.0750 0.4375 1.7500
v 0.0750 0.5063 1.7500
v 0.0750 0.5750 1.7500
v 0.0750 0.0250 1.5000
v 0.0750 0.0937 1.5000
v 0.0750 0.1625 1.5000
v 0.0750 0.2312 1.5000
v 0.0750 0.3000 1.5000
v 0.0750 0.3687 1.5000
v 0.0750 0.4375 1.5000
v 0.0750 0.5063 1.5000
v 0.0750 0.5750 1.5000
v 0.0750 0.0250 1.2500
v 0.0750 0.0937 1.2500
v 0.0750 0.1625 1.2500
v 0.0750 0.2312 1.2500
v 0.0750 0.3000 1.2500
v 0.0750 0.3687 1.2500
v 0.0750 0.4375 1.2500
v 0.0750 0.5063 1.2500
v 0.0750 0.5750 1.2500
v 0.0750 0.0250 1.0000
v 0.0750 0.0937 1.0000
v 0.0750 0.1625 1.0000
v 0.0750 0.2312 1.0000
v 0.0750 0.3000 1.0000
v 0.0750 0.3687 1.0000
v 0.0750 0.4375 1.0000
v 0.0750 0.5063 1.0000
v 0.0750 0.5750 1.0000
v 0.0750 0.0250 0.7500
v 0.0750 0.0937 0.7500
v 0.0750 0.1625 0.7500
v 0.0750 0.2312 0.7500
v 0.0750 0.3000 0.7500
v 0.0750 0.3687 0.7500
v 0.0750 0.4375 0.7500
v 0.0750 0.5063 0.7500
v 0.0750 0.5750 0.7500
v 0.0750 0.0250 0.5000
v 0.0750 0.0937 0.5000
v 0.0750 0.1625 0.5000
v 0.0750 0.2312 0.5000
v 0.0750 0.3000 0.5000
v 0.0750 0.3687 0.5000
v 0.0750 0.4375 0.5000
v 0.0750 0.5063 0.5000
v 0.0750 0.5750 0.5000
v 0.0750 0.0250 0.2500
v 0.0750 0.0937 0.2500
v 0.0750 0.1625 0.2500
v 0.0750 0.2312 0.2500
v 0.0750 0.3000 0.2500
v 0.0750 0.3687 0.2500
v 0.0750 0.4375 0.2500
v 0.0750 0.5063 0.2500
v 0.0750 0.5750 0.2500
v 0.0750 0.0250 0.0000
v 0.0750 0.0937 0.0000
v 0.0750 0.1625 0.0000
v 0.0750 0.2312 0.0000
v 0.0750 0.3000 0.0000
v 0.0750 0.3687 0.0000
v 0.0750 0.4375 0.0000
v 0.0750 0.5063 0.0000
v 0.0750 0.5750 0.0000
v -0.8750 0.5750 0.0000
v -0.8750 0.5750 0.2500
v -0.8750 0.5750 0.5000
v -0.8750 0.5750 0.7500
v -0.8750 0.5750 1.0000
v -0.8750 0.5750 1.2500
v -0.8750 0.5750 1.5000
v -0.8750 0.5750 1.7500
v -0.8750 0.5750 2.0000
v -0.7562 0.5750 0.0000
v -0.7562 0.5750 0.2500
v -0.7562 0.5750 0.5000
v -0.7562 0.5750 0.7500
v -0.7562 0.5750 1.0000
v -0.7562 0.5750 1.2500
v -0.7562 0.5750 1.5000
v -0.7562 0.5750 1.7500
v -0.7562 0.5750 2.0000
v -0.6375 0.5750 0.0000
v -0.6375 0.5750 0.2500
v -0.6375 0.5750 0.5000
v -0.6375 0.5750 0.7500
v -0.6375 0.5750 1.0000
v -0.6375 0.5750 1.2500
v -0.6375 0.5750 1.5000
v -0.6375 0.5750 1.7500
v -0.6375 0.5750 2.0000
v -0.5187 0.5750 0.0000
v -0.5187 0.5750 0.2500
v -0.5187 0.5750 0.5000
v -0.5187 0.5750 0.7500
v -0.5187 0.5750 1.0000
v -0.5187 0.5750 1.2500
v -0.5187 0.5750 1.5000
v -0.5187 0.5750 1.7500
v -0.5187 0.5750 2.0000
v -0.4000 0.5750 0.0000
v -0.4000 0.5750 0.2500
v -0.4000 0.5750 0.5000
v -0.4000 0.5750 0.7500
v -0.4000 0.5750 1.0000
v -0.4000 0.5750 1.2500
v -0.4000 0.5750 1.5000
v -0.4000 0.5750 1.7500
v -0.4000 0.5750 2.0000
v -0.2812 0.5750 0.0000
v -0.2812 0.5750 0.2500
v -0.2812 0.5750 0.5000
v -0.2812 0.5750 0.7500
v -0.2812 0.5750 1.0000
v -0.2812 0.5750 1.2500
v -0.2812 0.5750 1.5000
v -0.2812 0.5750 1.7500
v -0.2812 0.5750 2.0000
v -0.1625 0.5750 0.0000
v -0.1625 0.5750 0.2500
v -0.1625 0.5750 0.5000
v -0.1625 0.5750 0.7500
v -0.1625 0.5750 1.0000
v -0.1625 0.5750 1.2500
v -0.1625 0.5750 1.5000
v -0.1625 0.5750 1.7500
v -0.1625 0.5750 2.0000
v -0.0437 0.5750 0.0000
v -0.0437 0.5750 0.2500
v -0.0437 0.5750 0.5000
v -0.0437 0.5750 0.7500
v -0.0437 0.5750 1.0000
v -0.0437 0.5750 1.2500
v -0.0437 0.5750 1.5000
v -0.0437 0.5750 1.7500
v -0.0437 0.5750 2.0000
v 0.0750 0.5750 0.0000
v 0.0750 0.5750 0.2500
v 0.0750 0.5750 0.5000
v 0.0750 0.5750 0.7500
v 0.0750 0.5750 1.0000
v 0.0750 0.5750 1.2500
v 0.0750 0.5750 1.5000
v 0.0750 0.5750 1.7500
v 0.0750 0.5750 2.0000
v -0.8750 0.0250 2.0000
v -0.8750 0.0250 1.7500
v -0.8750 0.0250 1.5000
v -0.8750 0.0250 1.2500
v -0.8750 0.0250 1.0000
v -0.8750 0.0250 0.7500
v -0.8750 0.0250 0.5000
v -0.8750 0.0250 0.2500
v -0.8750 0.0250 0.0000
v -0.7562 0.0250 2.0000
v -0.7562 0.0250 1.7500
v -0.7562 0.0250 1.5000
v -0.7562 0.0250 1.2500
v -0.7562 0.0250 1.0000
v -0.7562 0.0250 0.7500
v -0.7562 0.0250 0.5000
v -0.7562 0.0250 0.2500
v -0.7562 0.0250 0.0000
v -0.6375 0.0250 2.0000
v -0.6375 0.0250 1.7500
v -0.6375 0.0250 1.5000
v -0.6375 0.0250 1.2500
v -0.6375 0.0250 1.0000
v -0.6375 0.0250 0.7500
v -0.6375 0.0250 0.5000
v -0.6375 0.0250 0.2500
v -0.6375 0.0250 0.0000
v -0.5187 0.0250 2.0000
v -0.5187 0.0250 1.7500
v -0.5187 0.0250 1.5000
v -0.5187 0.0250 1.2500
v -0.5187 0.0250 1.0000
v -0.5187 0.0250 0.7500
v -0.5187 0.0250 0.5000
v -0.5187 0.0250 0.2500
v -0.5187 0.0250 0.0000
v -0.4000 0.0250 2.0000
v -0.4000 0.0250 1.7500
v -0.4000 0.0250 1.5000
v -0.4000 0.0250 1.2500
v -0.4000 0.0250 1.0000
v -0.4000 0.0250 0.7500
v -0.4000 0.0250 0.5000
v -0.4000 0.0250 0.2500
v -0.4000 0.0250 0.0000
v -0.2812 0.0250 2.0000
v -0.2812 0.0250 1.7500
v -0.2812 0.0250 1.5000
v -0.2812 0.0250 1.2500
v -0.2812 0.0250 1.0000
v -0.2812 0.0250 0.7500
v -0.2812 0.0250 0.5000
v -0.2812 0.0250 0.2500
v -0.2812 0.0250 0.0000
v -0.1625 0.0250 2.0000
v -0.1625 0.0250 1.7500
v -0.1625 0.0250 1.5000
v -0.1625 0.0250 1.2500
v -0.1625 0.0250 1.0000
v -0.1625 0.0250 0.7500
v -0.1625 0.0250 0.5000
v -0.1625 0.0250 0.2500
v -0.1625 0.0250 0.0000
v -0.0437 0.0250 2.0000
v -0.0437 0.0250 1.7500
v -0.0437 0.0250 1.5000
v -0.0437 0.0250 1.2500
v -0.0437 0.0250 1.0000
v -0.0437 0.0250 0.7500
v -0.0437 0.0250 0.5000
v -0.0437 0.0250 0.2500
v -0.0437 0.0250 0.0000
v 0.0750 0.0250 2.0000
v 0.0750 0.0250 1.7500
v 0.0750 0.0250 1.5000
v 0.0750 0.0250 1.2500
v 0.0750 0.0250 1.0000
v 0.0750 0.0250 0.7500
v 0.0750 0.0250 0.5000
v 0.0750 0.0250 0.2500
v 0.0750 0.0250 0.0000
f 7939 7940 7949
f 7939 7949 7948
f 7940 7941 7950
f 7940 7950 7949
f 7941 7942 7951
f 7941 7951 7950
f 7942 7943 7952
f 7942 7952 7951
f 7943 7944 7953
f 7943 7953 7952
f 7944 7945 7954
f 7944 7954 7953
f 7945 7946 7955
f 7945 7955 7954
f 7946 7947 7956
f 7946 7956 7955
f 7948 7949 7958
f 7948 7958 7957
f 7949 7950 7959
f 7949 7959 7958
f 7950 7951 7960
f 7950 7960 7959
f 7951 7952 7961
f 7951 7961 7960
f 7952 7953 7962
f 7952 7962 7961
f 7953 7954 7963
f 7953 7963 7962
f 7954 7955 7964
f 7954 7964 7963
f 7955 7956 7965
f 7955 7965 7964
f 7957 7958 7967
f 7957 7967 7966
f 7958 7959 7968
f 7958 7968 7967
f 7959 7960 7969
f 7959 7969 7968
f 7960 7961 7970
f 7960 7970 7969
f 7961 7962 7971
f 7961 7971 7970
f 7962 7963 7972
f 7962 7972 7971
f 7963 7964 7973
f 7963 7973 7972
f 7964 7965 7974
f 7964 7974 7973
f 7966 7967 7976
f 7966 7976 7975
f 7967 7968 7977
f 7967 7977 7976
f 7968 7969 7978
f 7968 7978 7977
f 7969 7970 7979
f 7969 7979 7978
f 7970 7971 7980
f 7970 7980 7979
f 7971 7972 7981
f 7971 7981 7980
f 7972 7973 7982
f 7972 7982 7981
f 7973 7974 7983
f 7973 7983 7982
f 7975 7976 7985
f 7975 7985 7984
f 7976 7977 7986
f 7976 7986 7985
f 7977 7978 7987
f 7977 7987 7986
f 7978 7979 7988
f 7978 7988 7987
f 7979 7980 7989
f 7979 7989 7988
f 7980 7981 7990
f 7980 7990 7989
f 7981 7982 7991
f 7981 7991 7990
f 7982 7983 7992
f 7982 7992 7991
f 7984 7985 7994
f 7984 7994 7993
f 7985 7986 7995
f 7985 7995 7994
f 7986 7987 7996
f 7986 7996 7995
f 7987 7988 7997
f 7987 7997 7996
f 7988 7989 7998
f 7988 7998 7997
f 7989 7990 7999
f 7989 7999 7998
f 7990 7991 8000
f 7990 8000 7999
f 7991 7992 8001
f 7991 8001 8000
f 7993 7994 8003
f 7993 8003 8002
f 7994 7995 8004
f 7994 8004 8003
f 7995 7996 8005
f 7995 8005 8004
f 7996 7997 8006
f 7996 8006 8005
f 7997 7998 8007
f 7997 8007 8006
f 7998 7999 8008
f 7998 8008 8007
f 7999 8000 8009
f 7999 8009 8008
f 8000 8001 8010
f 8000 8010 8009
f 8002 8003 8012
f 8002 8012 8011
f 8003 8004 8013
f 8003 8013 8012
f 8004 8005 8014
f 8004 8014 8013
f 8005 8006 8015
f 8005 8015 8014
f 8006 8007 8016
f 8006 8016 8015
f 8007 8008 8017
f 8007 8017 8016
f 8008 8009 8018
f 8008 8018 8017
f 8009 8010 8019
f 8009 8019 8018
f 8020 8021 8030
f 8020 8030 8029
f 8021 8022 8031
f 8021 8031 8030
f 8022 8023 8032
f 8022 8032 8031
f 8023 8024 8033
f 8023 8033 8032
f 8024 8025 8034
f 8024 8034 8033
f 8025 8026 8035
f 8025 8035 8034
f 8026 8027 8036
f 8026 8036 8035
f 8027 8028 8037
f 8027 8037 8036
f 8029 8030 8039
f 8029 8039 8038
f 8030 8031 8040
f 8030 8040 8039
f 8031 8032 8041
f 8031 8041 8040
f 8032 8033 8042
f 8032 8042 8041
f 8033 8034 8043
f 8033 8043 8042
f 8034 8035 8044
f 8034 8044 8043
f 8035 8036 8045
f 8035 8045 8044
f 8036 8037 8046
f 8036 8046 8045
f 8038 8039 8048
f 8038 8048 8047
f 8039 8040 8049
f 8039 8049 8048
f 8040 8041 8050
f 8040 8050 8049
f 8041 8042 8051
f 8041 8051 8050
f 8042 8043 8052
f 8042 8052 8051
f 8043 8044 8053
f 8043 8053 8052
f 8044 8045 8054
f 8044 8054 8053
f 8045 8046 8055
f 8045 8055 8054
f 8047 8048 8057
f 8047 8057 8056
f 8048 8049 8058
f 8048 8058 8057
f 8049 8050 8059
f 8049 8059 8058
f 8050 8051 8060
f 8050 8060 8059
f 8051 8052 8061
f 8051 8061 8060
f 8052 8053 8062
f 8052 8062 8061
f 8053 8054 8063
f 8053 8063 8062
f 8054 8055 8064
f 8054 8064 8063
f 8056 8057 8066
f 8056 8066 8065
f 8057 8058 8067
f 8057 8067 8066
f 8058 8059 8068
f 8058 8068 8067
f 8059 8060 8069
f 8059 8069 8068
f 8060 8061 8070
f 8060 8070 8069
f 8061 8062 8071
f 8061 8071 8070
f 8062 8063 8072
f 8062 8072 8071
f 8063 8064 8073
f 8063 8073 8072
f 8065 8066 8075
f 8065 8075 8074
f 8066 8067 8076
f 8066 8076 8075
f 8067 8068 8077
f 8067 8077 8076
f 8068 8069 8078
f 8068 8078 8077
f 8069 8070 8079
f 8069 8079 8078
f 8070 8071 8080
f 8070 8080 8079
f 8071 8072 8081
f 8071 8081 8080
f 8072 8073 8082
f 8072 8082 8081
f 8074 8075 8084
f 8074 8084 8083
f 8075 8076 8085
f 8075 8085 8084
f 8076 8077 8086
f 8076 8086 8085
f 8077 8078 8087
f 8077 8087 8086
f 8078 8079 8088
f 8078 8088 8087
f 8079 8080 8089
f 8079 8089 8088
f 8080 8081 8090
f 8080 8090 8089
f 8081 8082 8091
f 8081 8091 8090
f 8083 8084 8093
f 8083 8093 8092
f 8084 8085 8094
f 8084 8094 8093
f 8085 8086 8095
f 8085 8095 8094
f 8086 8087 8096
f 8086 8096 8095
f 8087 8088 8097
f 8087 8097 8096
f 8088 8089 8098
f 8088 8098 8097
f 8089 8090 8099
f 8089 8099 8098
f 8090 8091 8100
f 8090 8100 8099
f 8101 8102 8111
f 8101 8111 8110
f 8102 8103 8112
f 8102 8112 8111
f 8103 8104 8113
f 8103 8113 8112
f 8104 8105 8114
f 8104 8114 8113
f 8105 8106 8115
f 8105 8115 8114
f 8106 8107 8116
f 8106 8116 8115
f 8107 8108 8117
f 8107 8117 8116
f 8108 8109 8118
f 8108 8118 8117
f 8110 8111 8120
f 8110 8120 8119
f 8111 8112 8121
f 8111 8121 8120
f 8112 8113 8122
f 8112 8122 8121
f 8113 8114 8123
f 8113 8123 8122
f 8114 8115 8124
f 8114 8124 8123
f 8115 8116 8125
f 8115 8125 8124
f 8116 8117 8126
f 8116 8126 8125
f 8117 8118 8127
f 8117 8127 8126
f 8119 8120 8129
f 8119 8129 8128
f 8120 8121 8130
f 8120 8130 8129
f 8121 8122 8131
f 8121 8131 8130
f 8122 8123 8132
f 8122 8132 8131
f 8123 8124 8133
f 8123 8133 8132
f 8124 8125 8134
f 8124 8134 8133
f 8125 8126 8135
f 8125 8135 8134
f 8126 8127 8136
f 8126 8136 8135
f 8128 8129 8138
f 8128 8138 8137
f 8129 8130 8139
f 8129 8139 8138
f 8130 8131 8140
f 8130 8140 8139
f 8131 8132 8141
f 8131 8141 8140
f 8132 8133 8142
f 8132 8142 8141
f 8133 8134 8143
f 8133 8143 8142
f 8134 8135 8144
f 8134 8144 8143
f 8135 8136 8145
f 8135 8145 8144
f 8137 8138 8147
f 8137 8147 8146
f 8138 8139 8148
f 8138 8148 8147
f 8139 8140 8149
f 8139 8149 8148
f 8140 8141 8150
f 8140 8150 8149
f 8141 8142 8151
f 8141 8151 8150
f 8142 8143 8152
f 8142 8152 8151
f 8143 8144 8153
f 8143 8153 8152
f 8144 8145 8154
f 8144 8154 8153
f 8146 8147 8156
f 8146 8156 8155
f 8147 8148 8157
f 8147 8157 8156
f 8148 8149 8158
f 8148 8158 8157
f 8149 8150 8159
f 8149 8159 8158
f 8150 8151 8160
f 8150 8160 8159
f 8151 8152 8161
f 8151 8161 8160
f 8152 8153 8162
f 8152 8162 8161
f 8153 8154 8163
f 8153 8163 8162
f 8155 8156 8165
f 8155 8165 8164
f 8156 8157 8166
f 8156 8166 8165
f 8157 8158 8167
f 8157 8167 8166
f 8158 8159 8168
f 8158 8168 8167
f 8159 8160 8169
f 8159 8169 8168
f 8160 8161 8170
f 8160 8170 8169
f 8161 8162 8171
f 8161 8171 8170
f 8162 8163 8172
f 8162 8172 8171
f 8164 8165 8174
f 8164 8174 8173
f 8165 8166 8175
f 8165 8175 8174
f 8166 8167 8176
f 8166 8176 8175
f 8167 8168 8177
f 8167 8177 8176
f 8168 8169 8178
f 8168 8178 8177
f 8169 8170 8179
f 8169 8179 8178
f 8170 8171 8180
f 8170 8180 8179
f 8171 8172 8181
f 8171 8181 8180
f 8182 8183 8192
f 8182 8192 8191
f 8183 8184 8193
f 8183 8193 8192
f 8184 8185 8194
f 8184 8194 8193
f 8185 8186 8195
f 8185 8195 8194
f 8186 8187 8196
f 8186 8196 8195
f 8187 8188 8197
f 8187 8197 8196
f 8188 8189 8198
f 8188 8198 8197
f 8189 8190 8199
f 8189 8199 8198
f 8191 8192 8201
f 8191 8201 8200
f 8192 8193 8202
f 8192 8202 8201
f 8193 8194 8203
f 8193 8203 8202
f 8194 8195 8204
f 8194 8204 8203
f 8195 8196 8205
f 8195 8205 8204
f 8196 8197 8206
f 8196 8206 8205
f 8197 8198 8207
f 8197 8207 8206
f 8198 8199 8208
f 8198 8208 8207
f 8200 8201 8210
f 8200 8210 8209
f 8201 8202 8211
f 8201 8211 8210
f 8202 8203 8212
f 8202 8212 8211
f 8203 8204 8213
f 8203 8213 8212
f 8204 8205 8214
f 8204 8214 8213
f 8205 8206 8215
f 8205 8215 8214
f 8206 8207 8216
f 8206 8216 8215
f 8207 8208 8217
f 8207 8217 8216
f 8209 8210 8219
f 8209 8219 8218
f 8210 8211 8220
f 8210 8220 8219
f 8211 8212 8221
f 8211 8221 8220
f 8212 8213 8222
f 8212 8222 8221
f 8213 8214 8223
f 8213 8223 8222
f 8214 8215 8224
f 8214 8224 8223
f 8215 8216 8225
f 8215 8225 8224
f 8216 8217 8226
f 8216 8226 8225
f 8218 8219 8228
f 8218 8228 8227
f 8219 8220 8229
f 8219 8229 8228
f 8220 8221 8230
f 8220 8230 8229
f 8221 8222 8231
f 8221 8231 8230
f 8222 8223 8232
f 8222 8232 8231
f 8223 8224 8233
f 8223 8233 8232
f 8224 8225 8234
f 8224 8234 8233
f 8225 8226 8235
f 8225 8235 8234
f 8227 8228 8237
f 8227 8237 8236
f 8228 8229 8238
f 8228 8238 8237
f 8229 8230 8239
f 8229 8239 8238
f 8230 8231 8240
f 8230 8240 8239
f 8231 8232 8241
f 8231 8241 8240
f 8232 8233 8242
f 8232 8242 8241
f 8233 8234 8243
f 8233 8243 8242
f 8234 8235 8244
f 8234 8244 8243
f 8236 8237 8246
f 8236 8246 8245
f 8237 8238 8247
f 8237 8247 8246
f 8238 8239 8248
f 8238 8248 8247
f 8239 8240 8249
f 8239 8249 8248
f 8240 8241 8250
f 8240 8250 8249
f 8241 8242 8251
f 8241 8251 8250
f 8242 8243 8252
f 8242 8252 8251
f 8243 8244 8253
f 8243 8253 8252
f 8245 8246 8255
f 8245 8255 8254
f 8246 8247 8256
f 8246 8256 8255
f 8247 8248 8257
f 8247 8257 8256
f 8248 8249 8258
f 8248 8258 8257
f 8249 8250 8259
f 8249 8259 8258
f 8250 8251 8260
f 8250 8260 8259
f 8251 8252 8261
f 8251 8261 8260
f 8252 8253 8262
f 8252 8262 8261
f 8263 8264 8273
f 8263 8273 8272
f 8264 8265 8274
f 8264 8274 8273
f 8265 8266 8275
f 8265 8275 8274
f 8266 8267 8276
f 8266 8276 8275
f 8267 8268 8277
f 8267 8277 8276
f 8268 8269 8278
f 8268 8278 8277
f 8269 8270 8279
f 8269 8279 8278
f 8270 8271 8280
f 8270 8280 8279
f 8272 8273 8282
f 8272 8282 8281
f 8273 8274 8283
f 8273 8283 8282
f 8274 8275 8284
f 8274 8284 8283
f 8275 8276 8285
f 8275 8285 8284
f 8276 8277 8286
f 8276 8286 8285
f 8277 8278 8287
f 8277 8287 8286
f 8278 8279 8288
f 8278 8288 8287
f 8279 8280 8289
f 8279 8289 8288
f 8281 8282 8291
f 8281 8291 8290
f 8282 8283 8292
f 8282 8292 8291
f 8283 8284 8293
f 8283 8293 8292
f 8284 8285 8294
f 8284 8294 8293
f 8285 8286 8295
f 8285 8295 8294
f 8286 8287 8296
f 8286 8296 8295
f 8287 8288 8297
f 8287 8297 8296
f 8288 8289 8298
f 8288 8298 8297
f 8290 8291 8300
f 8290 8300 8299
f 8291 8292 8301
f 8291 8301 8300
f 8292 8293 8302
f 8292 8302 8301
f 8293 8294 8303
f 8293 8303 8302
f 8294 8295 8304
f 8294 8304 8303
f 8295 8296 8305
f 8295 8305 8304
f 8296 8297 8306
f 8296 8306 8305
f 8297 8298 8307
f 8297 8307 8306
f 8299 8300 8309
f 8299 8309 8308
f 8300 8301 8310
f 8300 8310 8309
f 8301 8302 8311
f 8301 8311 8310
f 8302 8303 8312
f 8302 8312 8311
f 8303 8304 8313
f 8303 8313 8312
f 8304 8305 8314
f 8304 8314 8313
f 8305 8306 8315
f 8305 8315 8314
f 8306 8307 8316
f 8306 8316 8315
f 8308 8309 8318
f 8308 8318 8317
f 8309 8310 8319
f 8309 8319 8318
f 8310 8311 8320
f 8310 8320 8319
f 8311 8312 8321
f 8311 8321 8320
f 8312 8313 8322
f 8312 8322 8321
f 8313 8314 8323
f 8313 8323 8322
f 8314 8315 8324
f 8314 8324 8323
f 8315 8316 8325
f 8315 8325 8324
f 8317 8318 8327
f 8317 8327 8326
f 8318 8319 8328
f 8318 8328 8327
f 8319 8320 8329
f 8319 8329 8328
f 8320 8321 8330
f 8320 8330 8329
f 8321 8322 8331
f 8321 8331 8330
f 8322 8323 8332
f 8322 8332 8331
f 8323 8324 8333
f 8323 8333 8332
f 8324 8325 8334
f 8324 8334 8333
f 8326 8327 8336
f 8326 8336 8335
f 8327 8328 8337
f 8327 8337 8336
f 8328 8329 8338
f 8328 8338 8337
f 8329 8330 8339
f 8329 8339 8338
f 8330 8331 8340
f 8330 8340 8339
f 8331 8332 8341
f 8331 8341 8340
f 8332 8333 8342
f 8332 8342 8341
f 8333 8334 8343
f 8333 8343 8342
f 8344 8345 8354
f 8344 8354 8353
f 8345 8346 8355
f 8345 8355 8354
f 8346 8347 8356
f 8346 8356 8355
f 8347 8348 8357
f 8347 8357 8356
f 8348 8349 8358
f 8348 8358 8357
f 8349 8350 8359
f 8349 8359 8358
f 8350 8351 8360
f 8350 8360 8359
f 8351 8352 8361
f 8351 8361 8360
f 8353 8354 8363
f 8353 8363 8362
f 8354 8355 8364
f 8354 8364 8363
f 8355 8356 8365
f 8355 8365 8364
f 8356 8357 8366
f 8356 8366 8365
f 8357 8358 8367
f 8357 8367 8366
f 8358 8359 8368
f 8358 8368 8367
f 8359 8360 8369
f 8359 8369 8368
f 8360 8361 8370
f 8360 8370 8369
f 8362 8363 8372
f 8362 8372 8371
f 8363 8364 8373
f 8363 8373 8372
f 8364 8365 8374
f 8364 8374 8373
f 8365 8366 8375
f 8365 8375 8374
f 8366 8367 8376
f 8366 8376 8375
f 8367 8368 8377
f 8367 8377 8376
f 8368 8369 8378
f 8368 8378 8377
f 8369 8370 8379
f 8369 8379 8378
f 8371 8372 8381
f 8371 8381 8380
f 8372 8373 8382
f 8372 8382 8381
f 8373 8374 8383
f 8373 8383 8382
f 8374 8375 8384
f 8374 8384 8383
f 8375 8376 8385
f 8375 8385 8384
f 8376 8377 8386
f 8376 8386 8385
f 8377 8378 8387
f 8377 8387 8386
f 8378 8379 8388
f 8378 8388 8387
f 8380 8381 8390
f 8380 8390 8389
f 8381 8382 8391
f 8381 8391 8390
f 8382 8383 8392
f 8382 8392 8391
f 8383 8384 8393
f 8383 8393 8392
f 8384 8385 8394
f 8384 8394 8393
f 8385 8386 8395
f 8385 8395 8394
f 8386 8387 8396
f 8386 8396 8395
f 8387 8388 8397
f 8387 8397 8396
f 8389 8390 8399
f 8389 8399 8398
f 8390 8391 8400
f 8390 8400 8399
f 8391 8392 8401
f 8391 8401 8400
f 8392 8393 8402
f 8392 8402 8401
f 8393 8394 8403
f 8393 8403 8402
f 8394 8395 8404
f 8394 8404 8403
f 8395 8396 8405
f 8395 8405 8404
f 8396 8397 8406
f 8396 8406 8405
f 8398 8399 8408
f 8398 8408 8407
f 8399 8400 8409
f 8399 8409 8408
f 8400 8401 8410
f 8400 8410 8409
f 8401 8402 8411
f 8401 8411 8410
f 8402 8403 8412
f 8402 8412 8411
f 8403 8404 8413
f 8403 8413 8412
f 8404 8405 8414
f 8404 8414 8413
f 8405 8406 8415
f 8405 8415 8414
f 8407 8408 8417
f 8407 8417 8416
f 8408 8409 8418
f 8408 8418 8417
f 8409 8410 8419
f 8409 8419 8418
f 8410 8411 8420
f 8410 8420 8419
f 8411 8412 8421
f 8411 8421 8420
f 8412 8413 8422
f 8412 8422 8421
f 8413 8414 8423
f 8413 8423 8422
f 8414 8415 8424
f 8414 8424 8423
g 침상 프레임_4
v 1.7250 0.0250 -0.6000
v 1.7250 0.0937 -0.6000
v 1.7250 0.1625 -0.6000
v 1.7250 0.2312 -0.6000
v 1.7250 0.3000 -0.6000
v 1.7250 0.3687 -0.6000
v 1.7250 0.4375 -0.6000
v 1.7250 0.5063 -0.6000
v 1.7250 0.5750 -0.6000
v 1.8438 0.0250 -0.6000
v 1.8438 0.0937 -0.6000
v 1.8438 0.1625 -0.6000
v 1.8438 0.2312 -0.6000
v 1.8438 0.3000 -0.6000
v 1.8438 0.3687 -0.6000
v 1.8438 0.4375 -0.6000
v 1.8438 0.5063 -0.6000
v 1.8438 0.5750 -0.6000
v 1.9625 0.0250 -0.6000
v 1.9625 0.0937 -0.6000
v 1.9625 0.1625 -0.6000
v 1.9625 0.2312 -0.6000
v 1.9625 0.3000 -0.6000
v 1.9625 0.3687 -0.6000
v 1.9625 0.4375 -0.6000
v 1.9625 0.5063 -0.6000
v 1.9625 0.5750 -0.6000
v 2.0813 0.0250 -0.6000
v 2.0813 0.0937 -0.6000
v 2.0813 0.1625 -0.6000
v 2.0813 0.2312 -0.6000
v 2.0813 0.3000 -0.6000
v 2.0813 0.3687 -0.6000
v 2.0813 0.4375 -0.6000
v 2.0813 0.5063 -0.6000
v 2.0813 0.5750 -0.6000
v 2.2000 0.0250 -0.6000
v 2.2000 0.0937 -0.6000
v 2.2000 0.1625 -0.6000
v 2.2000 0.2312 -0.6000
v 2.2000 0.3000 -0.6000
v 2.2000 0.3687 -0.6000
v 2.2000 0.4375 -0.6000
v 2.2000 0.5063 -0.6000
v 2.2000 0.5750 -0.6000
v 2.3188 0.0250 -0.6000
v 2.3188 0.0937 -0.6000
v 2.3188 0.1625 -0.6000
v 2.3188 0.2312 -0.6000
v 2.3188 0.3000 -0.6000
v 2.3188 0.3687 -0.6000
v 2.3188 0.4375 -0.6000
v 2.3188 0.5063 -0.6000
v 2.3188 0.5750 -0.6000
v 2.4375 0.0250 -0.6000
v 2.4375 0.0937 -0.6000
v 2.4375 0.1625 -0.6000
v 2.4375 0.2312 -0.6000
v 2.4375 0.3000 -0.6000
v 2.4375 0.3687 -0.6000
v 2.4375 0.4375 -0.6000
v 2.4375 0.5063 -0.6000
v 2.4375 0.5750 -0.6000
v 2.5563 0.0250 -0.6000
v 2.5563 0.0937 -0.6000
v 2.5563 0.1625 -0.6000
v 2.5563 0.2312 -0.6000
v 2.5563 0.3000 -0.6000
v 2.5563 0.3687 -0.6000
v 2.5563 0.4375 -0.6000
v 2.5563 0.5063 -0.6000
v 2.5563 0.5750 -0.6000
v 2.6750 0.0250 -0.6000
v 2.6750 0.0937 -0.6000
v 2.6750 0.1625 -0.6000
v 2.6750 0.2312 -0.6000
v 2.6750 0.3000 -0.6000
v 2.6750 0.3687 -0.6000
v 2.6750 0.4375 -0.6000
v 2.6750 0.5063 -0.6000
v 2.6750 0.5750 -0.6000
v 2.6750 0.0250 -2.6000
v 2.6750 0.0937 -2.6000
v 2.6750 0.1625 -2.6000
v 2.6750 0.2312 -2.6000
v 2.6750 0.3000 -2.6000
v 2.6750 0.3687 -2.6000
v 2.6750 0.4375 -2.6000
v 2.6750 0.5063 -2.6000
v 2.6750 0.5750 -2.6000
v 2.5563 0.0250 -2.6000
v 2.5563 0.0937 -2.6000
v 2.5563 0.1625 -2.6000
v 2.5563 0.2312 -2.6000
v 2.5563 0.3000 -2.6000
v 2.5563 0.3687 -2.6000
v 2.5563 0.4375 -2.6000
v 2.5563 0.5063 -2.6000
v 2.5563 0.5750 -2.6000
v 2.4375 0.0250 -2.6000
v 2.4375 0.0937 -2.6000
v 2.4375 0.1625 -2.6000
v 2.4375 0.2312 -2.6000
v 2.4375 0.3000 -2.6000
v 2.4375 0.3687 -2.6000
v 2.4375 0.4375 -2.6000
v 2.4375 0.5063 -2.6000
v 2.4375 0.5750 -2.6000
v 2.3188 0.0250 -2.6000
v 2.3188 0.0937 -2.6000
v 2.3188 0.1625 -2.6000
v 2.3188 0.2312 -2.6000
v 2.3188 0.3000 -2.6000
v 2.3188 0.3687 -2.6000
v 2.3188 0.4375 -2.6000
v 2.3188 0.5063 -2.6000
v 2.3188 0.5750 -2.6000
v 2.2000 0.0250 -2.6000
v 2.2000 0.0937 -2.6000
v 2.2000 0.1625 -2.6000
v 2.2000 0.2312 -2.6000
v 2.2000 0.3000 -2.6000
v 2.2000 0.3687 -2.6000
v 2.2000 0.4375 -2.6000
v 2.2000 0.5063 -2.6000
v 2.2000 0.5750 -2.6000
v 2.0813 0.0250 -2.6000
v 2.0813 0.0937 -2.6000
v 2.0813 0.1625 -2.6000
v 2.0813 0.2312 -2.6000
v 2.0813 0.3000 -2.6000
v 2.0813 0.3687 -2.6000
v 2.0813 0.4375 -2.6000
v 2.0813 0.5063 -2.6000
v 2.0813 0.5750 -2.6000
v 1.9625 0.0250 -2.6000
v 1.9625 0.0937 -2.6000
v 1.9625 0.1625 -2.6000
v 1.9625 0.2312 -2.6000
v 1.9625 0.3000 -2.6000
v 1.9625 0.3687 -2.6000
v 1.9625 0.4375 -2.6000
v 1.9625 0.5063 -2.6000
v 1.9625 0.5750 -2.6000
v 1.8438 0.0250 -2.6000
v 1.8438 0.0937 -2.6000
v 1.8438 0.1625 -2.6000
v 1.8438 0.2312 -2.6000
v 1.8438 0.3000 -2.6000
v 1.8438 0.3687 -2.6000
v 1.8438 0.4375 -2.6000
v 1.8438 0.5063 -2.6000
v 1.8438 0.5750 -2.6000
v 1.7250 0.0250 -2.6000
v 1.7250 0.0937 -2.6000
v 1.7250 0.1625 -2.6000
v 1.7250 0.2312 -2.6000
v 1.7250 0.3000 -2.6000
v 1.7250 0.3687 -2.6000
v 1.7250 0.4375 -2.6000
v 1.7250 0.5063 -2.6000
v 1.7250 0.5750 -2.6000
v 1.7250 0.0250 -2.6000
v 1.7250 0.0937 -2.6000
v 1.7250 0.1625 -2.6000
v 1.7250 0.2312 -2.6000
v 1.7250 0.3000 -2.6000
v 1.7250 0.3687 -2.6000
v 1.7250 0.4375 -2.6000
v 1.7250 0.5063 -2.6000
v 1.7250 0.5750 -2.6000
v 1.7250 0.0250 -2.3500
v 1.7250 0.0937 -2.3500
v 1.7250 0.1625 -2.3500
v 1.7250 0.2312 -2.3500
v 1.7250 0.3000 -2.3500
v 1.7250 0.3687 -2.3500
v 1.7250 0.4375 -2.3500
v 1.7250 0.5063 -2.3500
v 1.7250 0.5750 -2.3500
v 1.7250 0.0250 -2.1000
v 1.7250 0.0937 -2.1000
v 1.7250 0.1625 -2.1000
v 1.7250 0.2312 -2.1000
v 1.7250 0.3000 -2.1000
v 1.7250 0.3687 -2.1000
v 1.7250 0.4375 -2.1000
v 1.7250 0.5063 -2.1000
v 1.7250 0.5750 -2.1000
v 1.7250 0.0250 -1.8500
v 1.7250 0.0937 -1.8500
v 1.7250 0.1625 -1.8500
v 1.7250 0.2312 -1.8500
v 1.7250 0.3000 -1.8500
v 1.7250 0.3687 -1.8500
v 1.7250 0.4375 -1.8500
v 1.7250 0.5063 -1.8500
v 1.7250 0.5750 -1.8500
v 1.7250 0.0250 -1.6000
v 1.7250 0.0937 -1.6000
v 1.7250 0.1625 -1.6000
v 1.7250 0.2312 -1.6000
v 1.7250 0.3000 -1.6000
v 1.7250 0.3687 -1.6000
v 1.7250 0.4375 -1.6000
v 1.7250 0.5063 -1.6000
v 1.7250 0.5750 -1.6000
v 1.7250 0.0250 -1.3500
v 1.7250 0.0937 -1.3500
v 1.7250 0.1625 -1.3500
v 1.7250 0.2312 -1.3500
v 1.7250 0.3000 -1.3500
v 1.7250 0.3687 -1.3500
v 1.7250 0.4375 -1.3500
v 1.7250 0.5063 -1.3500
v 1.7250 0.5750 -1.3500
v 1.7250 0.0250 -1.1000
v 1.7250 0.0937 -1.1000
v 1.7250 0.1625 -1.1000
v 1.7250 0.2312 -1.1000
v 1.7250 0.3000 -1.1000
v 1.7250 0.3687 -1.1000
v 1.7250 0.4375 -1.1000
v 1.7250 0.5063 -1.1000
v 1.7250 0.5750 -1.1000
v 1.7250 0.0250 -0.8500
v 1.7250 0.0937 -0.8500
v 1.7250 0.1625 -0.8500
v 1.7250 0.2312 -0.8500
v 1.7250 0.3000 -0.8500
v 1.7250 0.3687 -0.8500
v 1.7250 0.4375 -0.8500
v 1.7250 0.5063 -0.8500
v 1.7250 0.5750 -0.8500
v 1.7250 0.0250 -0.6000
v 1.7250 0.0937 -0.6000
v 1.7250 0.1625 -0.6000
v 1.7250 0.2312 -0.6000
v 1.7250 0.3000 -0.6000
v 1.7250 0.3687 -0.6000
v 1.7250 0.4375 -0.6000
v 1.7250 0.5063 -0.6000
v 1.7250 0.5750 -0.6000
v 2.6750 0.0250 -0.6000
v 2.6750 0.0937 -0.6000
v 2.6750 0.1625 -0.6000
v 2.6750 0.2312 -0.6000
v 2.6750 0.3000 -0.6000
v 2.6750 0.3687 -0.6000
v 2.6750 0.4375 -0.6000
v 2.6750 0.5063 -0.6000
v 2.6750 0.5750 -0.6000
v 2.6750 0.0250 -0.8500
v 2.6750 0.0937 -0.8500
v 2.6750 0.1625 -0.8500
v 2.6750 0.2312 -0.8500
v 2.6750 0.3000 -0.8500
v 2.6750 0.3687 -0.8500
v 2.6750 0.4375 -0.8500
v 2.6750 0.5063 -0.8500
v 2.6750 0.5750 -0.8500
v 2.6750 0.0250 -1.1000
v 2.6750 0.0937 -1.1000
v 2.6750 0.1625 -1.1000
v 2.6750 0.2312 -1.1000
v 2.6750 0.3000 -1.1000
v 2.6750 0.3687 -1.1000
v 2.6750 0.4375 -1.1000
v 2.6750 0.5063 -1.1000
v 2.6750 0.5750 -1.1000
v 2.6750 0.0250 -1.3500
v 2.6750 0.0937 -1.3500
v 2.6750 0.1625 -1.3500
v 2.6750 0.2312 -1.3500
v 2.6750 0.3000 -1.3500
v 2.6750 0.3687 -1.3500
v 2.6750 0.4375 -1.3500
v 2.6750 0.5063 -1.3500
v 2.6750 0.5750 -1.3500
v 2.6750 0.0250 -1.6000
v 2.6750 0.0937 -1.6000
v 2.6750 0.1625 -1.6000
v 2.6750 0.2312 -1.6000
v 2.6750 0.3000 -1.6000
v 2.6750 0.3687 -1.6000
v 2.6750 0.4375 -1.6000
v 2.6750 0.5063 -1.6000
v 2.6750 0.5750 -1.6000
v 2.6750 0.0250 -1.8500
v 2.6750 0.0937 -1.8500
v 2.6750 0.1625 -1.8500
v 2.6750 0.2312 -1.8500
v 2.6750 0.3000 -1.8500
v 2.6750 0.3687 -1.8500
v 2.6750 0.4375 -1.8500
v 2.6750 0.5063 -1.8500
v 2.6750 0.5750 -1.8500
v 2.6750 0.0250 -2.1000
v 2.6750 0.0937 -2.1000
v 2.6750 0.1625 -2.1000
v 2.6750 0.2312 -2.1000
v 2.6750 0.3000 -2.1000
v 2.6750 0.3687 -2.1000
v 2.6750 0.4375 -2.1000
v 2.6750 0.5063 -2.1000
v 2.6750 0.5750 -2.1000
v 2.6750 0.0250 -2.3500
v 2.6750 0.0937 -2.3500
v 2.6750 0.1625 -2.3500
v 2.6750 0.2312 -2.3500
v 2.6750 0.3000 -2.3500
v 2.6750 0.3687 -2.3500
v 2.6750 0.4375 -2.3500
v 2.6750 0.5063 -2.3500
v 2.6750 0.5750 -2.3500
v 2.6750 0.0250 -2.6000
v 2.6750 0.0937 -2.6000
v 2.6750 0.1625 -2.6000
v 2.6750 0.2312 -2.6000
v 2.6750 0.3000 -2.6000
v 2.6750 0.3687 -2.6000
v 2.6750 0.4375 -2.6000
v 2.6750 0.5063 -2.6000
v 2.6750 0.5750 -2.6000
v 1.7250 0.5750 -2.6000
v 1.7250 0.5750 -2.3500
v 1.7250 0.5750 -2.1000
v 1.7250 0.5750 -1.8500
v 1.7250 0.5750 -1.6000
v 1.7250 0.5750 -1.3500
v 1.7250 0.5750 -1.1000
v 1.7250 0.5750 -0.8500
v 1.7250 0.5750 -0.6000
v 1.8438 0.5750 -2.6000
v 1.8438 0.5750 -2.3500
v 1.8438 0.5750 -2.1000
v 1.8438 0.5750 -1.8500
v 1.8438 0.5750 -1.6000
v 1.8438 0.5750 -1.3500
v 1.8438 0.5750 -1.1000
v 1.8438 0.5750 -0.8500
v 1.8438 0.5750 -0.6000
v 1.9625 0.5750 -2.6000
v 1.9625 0.5750 -2.3500
v 1.9625 0.5750 -2.1000
v 1.9625 0.5750 -1.8500
v 1.9625 0.5750 -1.6000
v 1.9625 0.5750 -1.3500
v 1.9625 0.5750 -1.1000
v 1.9625 0.5750 -0.8500
v 1.9625 0.5750 -0.6000
v 2.0813 0.5750 -2.6000
v 2.0813 0.5750 -2.3500
v 2.0813 0.5750 -2.1000
v 2.0813 0.5750 -1.8500
v 2.0813 0.5750 -1.6000
v 2.0813 0.5750 -1.3500
v 2.0813 0.5750 -1.1000
v 2.0813 0.5750 -0.8500
v 2.0813 0.5750 -0.6000
v 2.2000 0.5750 -2.6000
v 2.2000 0.5750 -2.3500
v 2.2000 0.5750 -2.1000
v 2.2000 0.5750 -1.8500
v 2.2000 0.5750 -1.6000
v 2.2000 0.5750 -1.3500
v 2.2000 0.5750 -1.1000
v 2.2000 0.5750 -0.8500
v 2.2000 0.5750 -0.6000
v 2.3188 0.5750 -2.6000
v 2.3188 0.5750 -2.3500
v 2.3188 0.5750 -2.1000
v 2.3188 0.5750 -1.8500
v 2.3188 0.5750 -1.6000
v 2.3188 0.5750 -1.3500
v 2.3188 0.5750 -1.1000
v 2.3188 0.5750 -0.8500
v 2.3188 0.5750 -0.6000
v 2.4375 0.5750 -2.6000
v 2.4375 0.5750 -2.3500
v 2.4375 0.5750 -2.1000
v 2.4375 0.5750 -1.8500
v 2.4375 0.5750 -1.6000
v 2.4375 0.5750 -1.3500
v 2.4375 0.5750 -1.1000
v 2.4375 0.5750 -0.8500
v 2.4375 0.5750 -0.6000
v 2.5563 0.5750 -2.6000
v 2.5563 0.5750 -2.3500
v 2.5563 0.5750 -2.1000
v 2.5563 0.5750 -1.8500
v 2.5563 0.5750 -1.6000
v 2.5563 0.5750 -1.3500
v 2.5563 0.5750 -1.1000
v 2.5563 0.5750 -0.8500
v 2.5563 0.5750 -0.6000
v 2.6750 0.5750 -2.6000
v 2.6750 0.5750 -2.3500
v 2.6750 0.5750 -2.1000
v 2.6750 0.5750 -1.8500
v 2.6750 0.5750 -1.6000
v 2.6750 0.5750 -1.3500
v 2.6750 0.5750 -1.1000
v 2.6750 0.5750 -0.8500
v 2.6750 0.5750 -0.6000
v 1.7250 0.0250 -0.6000
v 1.7250 0.0250 -0.8500
v 1.7250 0.0250 -1.1000
v 1.7250 0.0250 -1.3500
v 1.7250 0.0250 -1.6000
v 1.7250 0.0250 -1.8500
v 1.7250 0.0250 -2.1000
v 1.7250 0.0250 -2.3500
v 1.7250 0.0250 -2.6000
v 1.8438 0.0250 -0.6000
v 1.8438 0.0250 -0.8500
v 1.8438 0.0250 -1.1000
v 1.8438 0.0250 -1.3500
v 1.8438 0.0250 -1.6000
v 1.8438 0.0250 -1.8500
v 1.8438 0.0250 -2.1000
v 1.8438 0.0250 -2.3500
v 1.8438 0.0250 -2.6000
v 1.9625 0.0250 -0.6000
v 1.9625 0.0250 -0.8500
v 1.9625 0.0250 -1.1000
v 1.9625 0.0250 -1.3500
v 1.9625 0.0250 -1.6000
v 1.9625 0.0250 -1.8500
v 1.9625 0.0250 -2.1000
v 1.9625 0.0250 -2.3500
v 1.9625 0.0250 -2.6000
v 2.0813 0.0250 -0.6000
v 2.0813 0.0250 -0.8500
v 2.0813 0.0250 -1.1000
v 2.0813 0.0250 -1.3500
v 2.0813 0.0250 -1.6000
v 2.0813 0.0250 -1.8500
v 2.0813 0.0250 -2.1000
v 2.0813 0.0250 -2.3500
v 2.0813 0.0250 -2.6000
v 2.2000 0.0250 -0.6000
v 2.2000 0.0250 -0.8500
v 2.2000 0.0250 -1.1000
v 2.2000 0.0250 -1.3500
v 2.2000 0.0250 -1.6000
v 2.2000 0.0250 -1.8500
v 2.2000 0.0250 -2.1000
v 2.2000 0.0250 -2.3500
v 2.2000 0.0250 -2.6000
v 2.3188 0.0250 -0.6000
v 2.3188 0.0250 -0.8500
v 2.3188 0.0250 -1.1000
v 2.3188 0.0250 -1.3500
v 2.3188 0.0250 -1.6000
v 2.3188 0.0250 -1.8500
v 2.3188 0.0250 -2.1000
v 2.3188 0.0250 -2.3500
v 2.3188 0.0250 -2.6000
v 2.4375 0.0250 -0.6000
v 2.4375 0.0250 -0.8500
v 2.4375 0.0250 -1.1000
v 2.4375 0.0250 -1.3500
v 2.4375 0.0250 -1.6000
v 2.4375 0.0250 -1.8500
v 2.4375 0.0250 -2.1000
v 2.4375 0.0250 -2.3500
v 2.4375 0.0250 -2.6000
v 2.5563 0.0250 -0.6000
v 2.5563 0.0250 -0.8500
v 2.5563 0.0250 -1.1000
v 2.5563 0.0250 -1.3500
v 2.5563 0.0250 -1.6000
v 2.5563 0.0250 -1.8500
v 2.5563 0.0250 -2.1000
v 2.5563 0.0250 -2.3500
v 2.5563 0.0250 -2.6000
v 2.6750 0.0250 -0.6000
v 2.6750 0.0250 -0.8500
v 2.6750 0.0250 -1.1000
v 2.6750 0.0250 -1.3500
v 2.6750 0.0250 -1.6000
v 2.6750 0.0250 -1.8500
v 2.6750 0.0250 -2.1000
v 2.6750 0.0250 -2.3500
v 2.6750 0.0250 -2.6000
f 8425 8426 8435
f 8425 8435 8434
f 8426 8427 8436
f 8426 8436 8435
f 8427 8428 8437
f 8427 8437 8436
f 8428 8429 8438
f 8428 8438 8437
f 8429 8430 8439
f 8429 8439 8438
f 8430 8431 8440
f 8430 8440 8439
f 8431 8432 8441
f 8431 8441 8440
f 8432 8433 8442
f 8432 8442 8441
f 8434 8435 8444
f 8434 8444 8443
f 8435 8436 8445
f 8435 8445 8444
f 8436 8437 8446
f 8436 8446 8445
f 8437 8438 8447
f 8437 8447 8446
f 8438 8439 8448
f 8438 8448 8447
f 8439 8440 8449
f 8439 8449 8448
f 8440 8441 8450
f 8440 8450 8449
f 8441 8442 8451
f 8441 8451 8450
f 8443 8444 8453
f 8443 8453 8452
f 8444 8445 8454
f 8444 8454 8453
f 8445 8446 8455
f 8445 8455 8454
f 8446 8447 8456
f 8446 8456 8455
f 8447 8448 8457
f 8447 8457 8456
f 8448 8449 8458
f 8448 8458 8457
f 8449 8450 8459
f 8449 8459 8458
f 8450 8451 8460
f 8450 8460 8459
f 8452 8453 8462
f 8452 8462 8461
f 8453 8454 8463
f 8453 8463 8462
f 8454 8455 8464
f 8454 8464 8463
f 8455 8456 8465
f 8455 8465 8464
f 8456 8457 8466
f 8456 8466 8465
f 8457 8458 8467
f 8457 8467 8466
f 8458 8459 8468
f 8458 8468 8467
f 8459 8460 8469
f 8459 8469 8468
f 8461 8462 8471
f 8461 8471 8470
f 8462 8463 8472
f 8462 8472 8471
f 8463 8464 8473
f 8463 8473 8472
f 8464 8465 8474
f 8464 8474 8473
f 8465 8466 8475
f 8465 8475 8474
f 8466 8467 8476
f 8466 8476 8475
f 8467 8468 8477
f 8467 8477 8476
f 8468 8469 8478
f 8468 8478 8477
f 8470 8471 8480
f 8470 8480 8479
f 8471 8472 8481
f 8471 8481 8480
f 8472 8473 8482
f 8472 8482 8481
f 8473 8474 8483
f 8473 8483 8482
f 8474 8475 8484
f 8474 8484 8483
f 8475 8476 8485
f 8475 8485 8484
f 8476 8477 8486
f 8476 8486 8485
f 8477 8478 8487
f 8477 8487 8486
f 8479 8480 8489
f 8479 8489 8488
f 8480 8481 8490
f 8480 8490 8489
f 8481 8482 8491
f 8481 8491 8490
f 8482 8483 8492
f 8482 8492 8491
f 8483 8484 8493
f 8483 8493 8492
f 8484 8485 8494
f 8484 8494 8493
f 8485 8486 8495
f 8485 8495 8494
f 8486 8487 8496
f 8486 8496 8495
f 8488 8489 8498
f 8488 8498 8497
f 8489 8490 8499
f 8489 8499 8498
f 8490 8491 8500
f 8490 8500 8499
f 8491 8492 8501
f 8491 8501 8500
f 8492 8493 8502
f 8492 8502 8501
f 8493 8494 8503
f 8493 8503 8502
f 8494 8495 8504
f 8494 8504 8503
f 8495 8496 8505
f 8495 8505 8504
f 8506 8507 8516
f 8506 8516 8515
f 8507 8508 8517
f 8507 8517 8516
f 8508 8509 8518
f 8508 8518 8517
f 8509 8510 8519
f 8509 8519 8518
f 8510 8511 8520
f 8510 8520 8519
f 8511 8512 8521
f 8511 8521 8520
f 8512 8513 8522
f 8512 8522 8521
f 8513 8514 8523
f 8513 8523 8522
f 8515 8516 8525
f 8515 8525 8524
f 8516 8517 8526
f 8516 8526 8525
f 8517 8518 8527
f 8517 8527 8526
f 8518 8519 8528
f 8518 8528 8527
f 8519 8520 8529
f 8519 8529 8528
f 8520 8521 8530
f 8520 8530 8529
f 8521 8522 8531
f 8521 8531 8530
f 8522 8523 8532
f 8522 8532 8531
f 8524 8525 8534
f 8524 8534 8533
f 8525 8526 8535
f 8525 8535 8534
f 8526 8527 8536
f 8526 8536 8535
f 8527 8528 8537
f 8527 8537 8536
f 8528 8529 8538
f 8528 8538 8537
f 8529 8530 8539
f 8529 8539 8538
f 8530 8531 8540
f 8530 8540 8539
f 8531 8532 8541
f 8531 8541 8540
f 8533 8534 8543
f 8533 8543 8542
f 8534 8535 8544
f 8534 8544 8543
f 8535 8536 8545
f 8535 8545 8544
f 8536 8537 8546
f 8536 8546 8545
f 8537 8538 8547
f 8537 8547 8546
f 8538 8539 8548
f 8538 8548 8547
f 8539 8540 8549
f 8539 8549 8548
f 8540 8541 8550
f 8540 8550 8549
f 8542 8543 8552
f 8542 8552 8551
f 8543 8544 8553
f 8543 8553 8552
f 8544 8545 8554
f 8544 8554 8553
f 8545 8546 8555
f 8545 8555 8554
f 8546 8547 8556
f 8546 8556 8555
f 8547 8548 8557
f 8547 8557 8556
f 8548 8549 8558
f 8548 8558 8557
f 8549 8550 8559
f 8549 8559 8558
f 8551 8552 8561
f 8551 8561 8560
f 8552 8553 8562
f 8552 8562 8561
f 8553 8554 8563
f 8553 8563 8562
f 8554 8555 8564
f 8554 8564 8563
f 8555 8556 8565
f 8555 8565 8564
f 8556 8557 8566
f 8556 8566 8565
f 8557 8558 8567
f 8557 8567 8566
f 8558 8559 8568
f 8558 8568 8567
f 8560 8561 8570
f 8560 8570 8569
f 8561 8562 8571
f 8561 8571 8570
f 8562 8563 8572
f 8562 8572 8571
f 8563 8564 8573
f 8563 8573 8572
f 8564 8565 8574
f 8564 8574 8573
f 8565 8566 8575
f 8565 8575 8574
f 8566 8567 8576
f 8566 8576 8575
f 8567 8568 8577
f 8567 8577 8576
f 8569 8570 8579
f 8569 8579 8578
f 8570 8571 8580
f 8570 8580 8579
f 8571 8572 8581
f 8571 8581 8580
f 8572 8573 8582
f 8572 8582 8581
f 8573 8574 8583
f 8573 8583 8582
f 8574 8575 8584
f 8574 8584 8583
f 8575 8576 8585
f 8575 8585 8584
f 8576 8577 8586
f 8576 8586 8585
f 8587 8588 8597
f 8587 8597 8596
f 8588 8589 8598
f 8588 8598 8597
f 8589 8590 8599
f 8589 8599 8598
f 8590 8591 8600
f 8590 8600 8599
f 8591 8592 8601
f 8591 8601 8600
f 8592 8593 8602
f 8592 8602 8601
f 8593 8594 8603
f 8593 8603 8602
f 8594 8595 8604
f 8594 8604 8603
f 8596 8597 8606
f 8596 8606 8605
f 8597 8598 8607
f 8597 8607 8606
f 8598 8599 8608
f 8598 8608 8607
f 8599 8600 8609
f 8599 8609 8608
f 8600 8601 8610
f 8600 8610 8609
f 8601 8602 8611
f 8601 8611 8610
f 8602 8603 8612
f 8602 8612 8611
f 8603 8604 8613
f 8603 8613 8612
f 8605 8606 8615
f 8605 8615 8614
f 8606 8607 8616
f 8606 8616 8615
f 8607 8608 8617
f 8607 8617 8616
f 8608 8609 8618
f 8608 8618 8617
f 8609 8610 8619
f 8609 8619 8618
f 8610 8611 8620
f 8610 8620 8619
f 8611 8612 8621
f 8611 8621 8620
f 8612 8613 8622
f 8612 8622 8621
f 8614 8615 8624
f 8614 8624 8623
f 8615 8616 8625
f 8615 8625 8624
f 8616 8617 8626
f 8616 8626 8625
f 8617 8618 8627
f 8617 8627 8626
f 8618 8619 8628
f 8618 8628 8627
f 8619 8620 8629
f 8619 8629 8628
f 8620 8621 8630
f 8620 8630 8629
f 8621 8622 8631
f 8621 8631 8630
f 8623 8624 8633
f 8623 8633 8632
f 8624 8625 8634
f 8624 8634 8633
f 8625 8626 8635
f 8625 8635 8634
f 8626 8627 8636
f 8626 8636 8635
f 8627 8628 8637
f 8627 8637 8636
f 8628 8629 8638
f 8628 8638 8637
f 8629 8630 8639
f 8629 8639 8638
f 8630 8631 8640
f 8630 8640 8639
f 8632 8633 8642
f 8632 8642 8641
f 8633 8634 8643
f 8633 8643 8642
f 8634 8635 8644
f 8634 8644 8643
f 8635 8636 8645
f 8635 8645 8644
f 8636 8637 8646
f 8636 8646 8645
f 8637 8638 8647
f 8637 8647 8646
f 8638 8639 8648
f 8638 8648 8647
f 8639 8640 8649
f 8639 8649 8648
f 8641 8642 8651
f 8641 8651 8650
f 8642 8643 8652
f 8642 8652 8651
f 8643 8644 8653
f 8643 8653 8652
f 8644 8645 8654
f 8644 8654 8653
f 8645 8646 8655
f 8645 8655 8654
f 8646 8647 8656
f 8646 8656 8655
f 8647 8648 8657
f 8647 8657 8656
f 8648 8649 8658
f 8648 8658 8657
f 8650 8651 8660
f 8650 8660 8659
f 8651 8652 8661
f 8651 8661 8660
f 8652 8653 8662
f 8652 8662 8661
f 8653 8654 8663
f 8653 8663 8662
f 8654 8655 8664
f 8654 8664 8663
f 8655 8656 8665
f 8655 8665 8664
f 8656 8657 8666
f 8656 8666 8665
f 8657 8658 8667
f 8657 8667 8666
f 8668 8669 8678
f 8668 8678 8677
f 8669 8670 8679
f 8669 8679 8678
f 8670 8671 8680
f 8670 8680 8679
f 8671 8672 8681
f 8671 8681 8680
f 8672 8673 8682
f 8672 8682 8681
f 8673 8674 8683
f 8673 8683 8682
f 8674 8675 8684
f 8674 8684 8683
f 8675 8676 8685
f 8675 8685 8684
f 8677 8678 8687
f 8677 8687 8686
f 8678 8679 8688
f 8678 8688 8687
f 8679 8680 8689
f 8679 8689 8688
f 8680 8681 8690
f 8680 8690 8689
f 8681 8682 8691
f 8681 8691 8690
f 8682 8683 8692
f 8682 8692 8691
f 8683 8684 8693
f 8683 8693 8692
f 8684 8685 8694
f 8684 8694 8693
f 8686 8687 8696
f 8686 8696 8695
f 8687 8688 8697
f 8687 8697 8696
f 8688 8689 8698
f 8688 8698 8697
f 8689 8690 8699
f 8689 8699 8698
f 8690 8691 8700
f 8690 8700 8699
f 8691 8692 8701
f 8691 8701 8700
f 8692 8693 8702
f 8692 8702 8701
f 8693 8694 8703
f 8693 8703 8702
f 8695 8696 8705
f 8695 8705 8704
f 8696 8697 8706
f 8696 8706 8705
f 8697 8698 8707
f 8697 8707 8706
f 8698 8699 8708
f 8698 8708 8707
f 8699 8700 8709
f 8699 8709 8708
f 8700 8701 8710
f 8700 8710 8709
f 8701 8702 8711
f 8701 8711 8710
f 8702 8703 8712
f 8702 8712 8711
f 8704 8705 8714
f 8704 8714 8713
f 8705 8706 8715
f 8705 8715 8714
f 8706 8707 8716
f 8706 8716 8715
f 8707 8708 8717
f 8707 8717 8716
f 8708 8709 8718
f 8708 8718 8717
f 8709 8710 8719
f 8709 8719 8718
f 8710 8711 8720
f 8710 8720 8719
f 8711 8712 8721
f 8711 8721 8720
f 8713 8714 8723
f 8713 8723 8722
f 8714 8715 8724
f 8714 8724 8723
f 8715 8716 8725
f 8715 8725 8724
f 8716 8717 8726
f 8716 8726 8725
f 8717 8718 8727
f 8717 8727 8726
f 8718 8719 8728
f 8718 8728 8727
f 8719 8720 8729
f 8719 8729 8728
f 8720 8721 8730
f 8720 8730 8729
f 8722 8723 8732
f 8722 8732 8731
f 8723 8724 8733
f 8723 8733 8732
f 8724 8725 8734
f 8724 8734 8733
f 8725 8726 8735
f 8725 8735 8734
f 8726 8727 8736
f 8726 8736 8735
f 8727 8728 8737
f 8727 8737 8736
f 8728 8729 8738
f 8728 8738 8737
f 8729 8730 8739
f 8729 8739 8738
f 8731 8732 8741
f 8731 8741 8740
f 8732 8733 8742
f 8732 8742 8741
f 8733 8734 8743
f 8733 8743 8742
f 8734 8735 8744
f 8734 8744 8743
f 8735 8736 8745
f 8735 8745 8744
f 8736 8737 8746
f 8736 8746 8745
f 8737 8738 8747
f 8737 8747 8746
f 8738 8739 8748
f 8738 8748 8747
f 8749 8750 8759
f 8749 8759 8758
f 8750 8751 8760
f 8750 8760 8759
f 8751 8752 8761
f 8751 8761 8760
f 8752 8753 8762
f 8752 8762 8761
f 8753 8754 8763
f 8753 8763 8762
f 8754 8755 8764
f 8754 8764 8763
f 8755 8756 8765
f 8755 8765 8764
f 8756 8757 8766
f 8756 8766 8765
f 8758 8759 8768
f 8758 8768 8767
f 8759 8760 8769
f 8759 8769 8768
f 8760 8761 8770
f 8760 8770 8769
f 8761 8762 8771
f 8761 8771 8770
f 8762 8763 8772
f 8762 8772 8771
f 8763 8764 8773
f 8763 8773 8772
f 8764 8765 8774
f 8764 8774 8773
f 8765 8766 8775
f 8765 8775 8774
f 8767 8768 8777
f 8767 8777 8776
f 8768 8769 8778
f 8768 8778 8777
f 8769 8770 8779
f 8769 8779 8778
f 8770 8771 8780
f 8770 8780 8779
f 8771 8772 8781
f 8771 8781 8780
f 8772 8773 8782
f 8772 8782 8781
f 8773 8774 8783
f 8773 8783 8782
f 8774 8775 8784
f 8774 8784 8783
f 8776 8777 8786
f 8776 8786 8785
f 8777 8778 8787
f 8777 8787 8786
f 8778 8779 8788
f 8778 8788 8787
f 8779 8780 8789
f 8779 8789 8788
f 8780 8781 8790
f 8780 8790 8789
f 8781 8782 8791
f 8781 8791 8790
f 8782 8783 8792
f 8782 8792 8791
f 8783 8784 8793
f 8783 8793 8792
f 8785 8786 8795
f 8785 8795 8794
f 8786 8787 8796
f 8786 8796 8795
f 8787 8788 8797
f 8787 8797 8796
f 8788 8789 8798
f 8788 8798 8797
f 8789 8790 8799
f 8789 8799 8798
f 8790 8791 8800
f 8790 8800 8799
f 8791 8792 8801
f 8791 8801 8800
f 8792 8793 8802
f 8792 8802 8801
f 8794 8795 8804
f 8794 8804 8803
f 8795 8796 8805
f 8795 8805 8804
f 8796 8797 8806
f 8796 8806 8805
f 8797 8798 8807
f 8797 8807 8806
f 8798 8799 8808
f 8798 8808 8807
f 8799 8800 8809
f 8799 8809 8808
f 8800 8801 8810
f 8800 8810 8809
f 8801 8802 8811
f 8801 8811 8810
f 8803 8804 8813
f 8803 8813 8812
f 8804 8805 8814
f 8804 8814 8813
f 8805 8806 8815
f 8805 8815 8814
f 8806 8807 8816
f 8806 8816 8815
f 8807 8808 8817
f 8807 8817 8816
f 8808 8809 8818
f 8808 8818 8817
f 8809 8810 8819
f 8809 8819 8818
f 8810 8811 8820
f 8810 8820 8819
f 8812 8813 8822
f 8812 8822 8821
f 8813 8814 8823
f 8813 8823 8822
f 8814 8815 8824
f 8814 8824 8823
f 8815 8816 8825
f 8815 8825 8824
f 8816 8817 8826
f 8816 8826 8825
f 8817 8818 8827
f 8817 8827 8826
f 8818 8819 8828
f 8818 8828 8827
f 8819 8820 8829
f 8819 8829 8828
f 8830 8831 8840
f 8830 8840 8839
f 8831 8832 8841
f 8831 8841 8840
f 8832 8833 8842
f 8832 8842 8841
f 8833 8834 8843
f 8833 8843 8842
f 8834 8835 8844
f 8834 8844 8843
f 8835 8836 8845
f 8835 8845 8844
f 8836 8837 8846
f 8836 8846 8845
f 8837 8838 8847
f 8837 8847 8846
f 8839 8840 8849
f 8839 8849 8848
f 8840 8841 8850
f 8840 8850 8849
f 8841 8842 8851
f 8841 8851 8850
f 8842 8843 8852
f 8842 8852 8851
f 8843 8844 8853
f 8843 8853 8852
f 8844 8845 8854
f 8844 8854 8853
f 8845 8846 8855
f 8845 8855 8854
f 8846 8847 8856
f 8846 8856 8855
f 8848 8849 8858
f 8848 8858 8857
f 8849 8850 8859
f 8849 8859 8858
f 8850 8851 8860
f 8850 8860 8859
f 8851 8852 8861
f 8851 8861 8860
f 8852 8853 8862
f 8852 8862 8861
f 8853 8854 8863
f 8853 8863 8862
f 8854 8855 8864
f 8854 8864 8863
f 8855 8856 8865
f 8855 8865 8864
f 8857 8858 8867
f 8857 8867 8866
f 8858 8859 8868
f 8858 8868 8867
f 8859 8860 8869
f 8859 8869 8868
f 8860 8861 8870
f 8860 8870 8869
f 8861 8862 8871
f 8861 8871 8870
f 8862 8863 8872
f 8862 8872 8871
f 8863 8864 8873
f 8863 8873 8872
f 8864 8865 8874
f 8864 8874 8873
f 8866 8867 8876
f 8866 8876 8875
f 8867 8868 8877
f 8867 8877 8876
f 8868 8869 8878
f 8868 8878 8877
f 8869 8870 8879
f 8869 8879 8878
f 8870 8871 8880
f 8870 8880 8879
f 8871 8872 8881
f 8871 8881 8880
f 8872 8873 8882
f 8872 8882 8881
f 8873 8874 8883
f 8873 8883 8882
f 8875 8876 8885
f 8875 8885 8884
f 8876 8877 8886
f 8876 8886 8885
f 8877 8878 8887
f 8877 8887 8886
f 8878 8879 8888
f 8878 8888 8887
f 8879 8880 8889
f 8879 8889 8888
f 8880 8881 8890
f 8880 8890 8889
f 8881 8882 8891
f 8881 8891 8890
f 8882 8883 8892
f 8882 8892 8891
f 8884 8885 8894
f 8884 8894 8893
f 8885 8886 8895
f 8885 8895 8894
f 8886 8887 8896
f 8886 8896 8895
f 8887 8888 8897
f 8887 8897 8896
f 8888 8889 8898
f 8888 8898 8897
f 8889 8890 8899
f 8889 8899 8898
f 8890 8891 8900
f 8890 8900 8899
f 8891 8892 8901
f 8891 8901 8900
f 8893 8894 8903
f 8893 8903 8902
f 8894 8895 8904
f 8894 8904 8903
f 8895 8896 8905
f 8895 8905 8904
f 8896 8897 8906
f 8896 8906 8905
f 8897 8898 8907
f 8897 8907 8906
f 8898 8899 8908
f 8898 8908 8907
f 8899 8900 8909
f 8899 8909 8908
f 8900 8901 8910
f 8900 8910 8909
g 침상 프레임_5
v 1.7250 0.0250 2.0000
v 1.7250 0.0937 2.0000
v 1.7250 0.1625 2.0000
v 1.7250 0.2312 2.0000
v 1.7250 0.3000 2.0000
v 1.7250 0.3687 2.0000
v 1.7250 0.4375 2.0000
v 1.7250 0.5063 2.0000
v 1.7250 0.5750 2.0000
v 1.8438 0.0250 2.0000
v 1.8438 0.0937 2.0000
v 1.8438 0.1625 2.0000
v 1.8438 0.2312 2.0000
v 1.8438 0.3000 2.0000
v 1.8438 0.3687 2.0000
v 1.8438 0.4375 2.0000
v 1.8438 0.5063 2.0000
v 1.8438 0.5750 2.0000
v 1.9625 0.0250 2.0000
v 1.9625 0.0937 2.0000
v 1.9625 0.1625 2.0000
v 1.9625 0.2312 2.0000
v 1.9625 0.3000 2.0000
v 1.9625 0.3687 2.0000
v 1.9625 0.4375 2.0000
v 1.9625 0.5063 2.0000
v 1.9625 0.5750 2.0000
v 2.0813 0.0250 2.0000
v 2.0813 0.0937 2.0000
v 2.0813 0.1625 2.0000
v 2.0813 0.2312 2.0000
v 2.0813 0.3000 2.0000
v 2.0813 0.3687 2.0000
v 2.0813 0.4375 2.0000
v 2.0813 0.5063 2.0000
v 2.0813 0.5750 2.0000
v 2.2000 0.0250 2.0000
v 2.2000 0.0937 2.0000
v 2.2000 0.1625 2.0000
v 2.2000 0.2312 2.0000
v 2.2000 0.3000 2.0000
v 2.2000 0.3687 2.0000
v 2.2000 0.4375 2.0000
v 2.2000 0.5063 2.0000
v 2.2000 0.5750 2.0000
v 2.3188 0.0250 2.0000
v 2.3188 0.0937 2.0000
v 2.3188 0.1625 2.0000
v 2.3188 0.2312 2.0000
v 2.3188 0.3000 2.0000
v 2.3188 0.3687 2.0000
v 2.3188 0.4375 2.0000
v 2.3188 0.5063 2.0000
v 2.3188 0.5750 2.0000
v 2.4375 0.0250 2.0000
v 2.4375 0.0937 2.0000
v 2.4375 0.1625 2.0000
v 2.4375 0.2312 2.0000
v 2.4375 0.3000 2.0000
v 2.4375 0.3687 2.0000
v 2.4375 0.4375 2.0000
v 2.4375 0.5063 2.0000
v 2.4375 0.5750 2.0000
v 2.5563 0.0250 2.0000
v 2.5563 0.0937 2.0000
v 2.5563 0.1625 2.0000
v 2.5563 0.2312 2.0000
v 2.5563 0.3000 2.0000
v 2.5563 0.3687 2.0000
v 2.5563 0.4375 2.0000
v 2.5563 0.5063 2.0000
v 2.5563 0.5750 2.0000
v 2.6750 0.0250 2.0000
v 2.6750 0.0937 2.0000
v 2.6750 0.1625 2.0000
v 2.6750 0.2312 2.0000
v 2.6750 0.3000 2.0000
v 2.6750 0.3687 2.0000
v 2.6750 0.4375 2.0000
v 2.6750 0.5063 2.0000
v 2.6750 0.5750 2.0000
v 2.6750 0.0250 0.0000
v 2.6750 0.0937 0.0000
v 2.6750 0.1625 0.0000
v 2.6750 0.2312 0.0000
v 2.6750 0.3000 0.0000
v 2.6750 0.3687 0.0000
v 2.6750 0.4375 0.0000
v 2.6750 0.5063 0.0000
v 2.6750 0.5750 0.0000
v 2.5563 0.0250 0.0000
v 2.5563 0.0937 0.0000
v 2.5563 0.1625 0.0000
v 2.5563 0.2312 0.0000
v 2.5563 0.3000 0.0000
v 2.5563 0.3687 0.0000
v 2.5563 0.4375 0.0000
v 2.5563 0.5063 0.0000
v 2.5563 0.5750 0.0000
v 2.4375 0.0250 0.0000
v 2.4375 0.0937 0.0000
v 2.4375 0.1625 0.0000
v 2.4375 0.2312 0.0000
v 2.4375 0.3000 0.0000
v 2.4375 0.3687 0.0000
v 2.4375 0.4375 0.0000
v 2.4375 0.5063 0.0000
v 2.4375 0.5750 0.0000
v 2.3188 0.0250 0.0000
v 2.3188 0.0937 0.0000
v 2.3188 0.1625 0.0000
v 2.3188 0.2312 0.0000
v 2.3188 0.3000 0.0000
v 2.3188 0.3687 0.0000
v 2.3188 0.4375 0.0000
v 2.3188 0.5063 0.0000
v 2.3188 0.5750 0.0000
v 2.2000 0.0250 0.0000
v 2.2000 0.0937 0.0000
v 2.2000 0.1625 0.0000
v 2.2000 0.2312 0.0000
v 2.2000 0.3000 0.0000
v 2.2000 0.3687 0.0000
v 2.2000 0.4375 0.0000
v 2.2000 0.5063 0.0000
v 2.2000 0.5750 0.0000
v 2.0813 0.0250 0.0000
v 2.0813 0.0937 0.0000
v 2.0813 0.1625 0.0000
v 2.0813 0.2312 0.0000
v 2.0813 0.3000 0.0000
v 2.0813 0.3687 0.0000
v 2.0813 0.4375 0.0000
v 2.0813 0.5063 0.0000
v 2.0813 0.5750 0.0000
v 1.9625 0.0250 0.0000
v 1.9625 0.0937 0.0000
v 1.9625 0.1625 0.0000
v 1.9625 0.2312 0.0000
v 1.9625 0.3000 0.0000
v 1.9625 0.3687 0.0000
v 1.9625 0.4375 0.0000
v 1.9625 0.5063 0.0000
v 1.9625 0.5750 0.0000
v 1.8438 0.0250 0.0000
v 1.8438 0.0937 0.0000
v 1.8438 0.1625 0.0000
v 1.8438 0.2312 0.0000
v 1.8438 0.3000 0.0000
v 1.8438 0.3687 0.0000
v 1.8438 0.4375 0.0000
v 1.8438 0.5063 0.0000
v 1.8438 0.5750 0.0000
v 1.7250 0.0250 0.0000
v 1.7250 0.0937 0.0000
v 1.7250 0.1625 0.0000
v 1.7250 0.2312 0.0000
v 1.7250 0.3000 0.0000
v 1.7250 0.3687 0.0000
v 1.7250 0.4375 0.0000
v 1.7250 0.5063 0.0000
v 1.7250 0.5750 0.0000
v 1.7250 0.0250 0.0000
v 1.7250 0.0937 0.0000
v 1.7250 0.1625 0.0000
v 1.7250 0.2312 0.0000
v 1.7250 0.3000 0.0000
v 1.7250 0.3687 0.0000
v 1.7250 0.4375 0.0000
v 1.7250 0.5063 0.0000
v 1.7250 0.5750 0.0000
v 1.7250 0.0250 0.2500
v 1.7250 0.0937 0.2500
v 1.7250 0.1625 0.2500
v 1.7250 0.2312 0.2500
v 1.7250 0.3000 0.2500
v 1.7250 0.3687 0.2500
v 1.7250 0.4375 0.2500
v 1.7250 0.5063 0.2500
v 1.7250 0.5750 0.2500
v 1.7250 0.0250 0.5000
v 1.7250 0.0937 0.5000
v 1.7250 0.1625 0.5000
v 1.7250 0.2312 0.5000
v 1.7250 0.3000 0.5000
v 1.7250 0.3687 0.5000
v 1.7250 0.4375 0.5000
v 1.7250 0.5063 0.5000
v 1.7250 0.5750 0.5000
v 1.7250 0.0250 0.7500
v 1.7250 0.0937 0.7500
v 1.7250 0.1625 0.7500
v 1.7250 0.2312 0.7500
v 1.7250 0.3000 0.7500
v 1.7250 0.3687 0.7500
v 1.7250 0.4375 0.7500
v 1.7250 0.5063 0.7500
v 1.7250 0.5750 0.7500
v 1.7250 0.0250 1.0000
v 1.7250 0.0937 1.0000
v 1.7250 0.1625 1.0000
v 1.7250 0.2312 1.0000
v 1.7250 0.3000 1.0000
v 1.7250 0.3687 1.0000
v 1.7250 0.4375 1.0000
v 1.7250 0.5063 1.0000
v 1.7250 0.5750 1.0000
v 1.7250 0.0250 1.2500
v 1.7250 0.0937 1.2500
v 1.7250 0.1625 1.2500
v 1.7250 0.2312 1.2500
v 1.7250 0.3000 1.2500
v 1.7250 0.3687 1.2500
v 1.7250 0.4375 1.2500
v 1.7250 0.5063 1.2500
v 1.7250 0.5750 1.2500
v 1.7250 0.0250 1.5000
v 1.7250 0.0937 1.5000
v 1.7250 0.1625 1.5000
v 1.7250 0.2312 1.5000
v 1.7250 0.3000 1.5000
v 1.7250 0.3687 1.5000
v 1.7250 0.4375 1.5000
v 1.7250 0.5063 1.5000
v 1.7250 0.5750 1.5000
v 1.7250 0.0250 1.7500
v 1.7250 0.0937 1.7500
v 1.7250 0.1625 1.7500
v 1.7250 0.2312 1.7500
v 1.7250 0.3000 1.7500
v 1.7250 0.3687 1.7500
v 1.7250 0.4375 1.7500
v 1.7250 0.5063 1.7500
v 1.7250 0.5750 1.7500
v 1.7250 0.0250 2.0000
v 1.7250 0.0937 2.0000
v 1.7250 0.1625 2.0000
v 1.7250 0.2312 2.0000
v 1.7250 0.3000 2.0000
v 1.7250 0.3687 2.0000
v 1.7250 0.4375 2.0000
v 1.7250 0.5063 2.0000
v 1.7250 0.5750 2.0000
v 2.6750 0.0250 2.0000
v 2.6750 0.0937 2.0000
v 2.6750 0.1625 2.0000
v 2.6750 0.2312 2.0000
v 2.6750 0.3000 2.0000
v 2.6750 0.3687 2.0000
v 2.6750 0.4375 2.0000
v 2.6750 0.5063 2.0000
v 2.6750 0.5750 2.0000
v 2.6750 0.0250 1.7500
v 2.6750 0.0937 1.7500
v 2.6750 0.1625 1.7500
v 2.6750 0.2312 1.7500
v 2.6750 0.3000 1.7500
v 2.6750 0.3687 1.7500
v 2.6750 0.4375 1.7500
v 2.6750 0.5063 1.7500
v 2.6750 0.5750 1.7500
v 2.6750 0.0250 1.5000
v 2.6750 0.0937 1.5000
v 2.6750 0.1625 1.5000
v 2.6750 0.2312 1.5000
v 2.6750 0.3000 1.5000
v 2.6750 0.3687 1.5000
v 2.6750 0.4375 1.5000
v 2.6750 0.5063 1.5000
v 2.6750 0.5750 1.5000
v 2.6750 0.0250 1.2500
v 2.6750 0.0937 1.2500
v 2.6750 0.1625 1.2500
v 2.6750 0.2312 1.2500
v 2.6750 0.3000 1.2500
v 2.6750 0.3687 1.2500
v 2.6750 0.4375 1.2500
v 2.6750 0.5063 1.2500
v 2.6750 0.5750 1.2500
v 2.6750 0.0250 1.0000
v 2.6750 0.0937 1.0000
v 2.6750 0.1625 1.0000
v 2.6750 0.2312 1.0000
v 2.6750 0.3000 1.0000
v 2.6750 0.3687 1.0000
v 2.6750 0.4375 1.0000
v 2.6750 0.5063 1.0000
v 2.6750 0.5750 1.0000
v 2.6750 0.0250 0.7500
v 2.6750 0.0937 0.7500
v 2.6750 0.1625 0.7500
v 2.6750 0.2312 0.7500
v 2.6750 0.3000 0.7500
v 2.6750 0.3687 0.7500
v 2.6750 0.4375 0.7500
v 2.6750 0.5063 0.7500
v 2.6750 0.5750 0.7500
v 2.6750 0.0250 0.5000
v 2.6750 0.0937 0.5000
v 2.6750 0.1625 0.5000
v 2.6750 0.2312 0.5000
v 2.6750 0.3000 0.5000
v 2.6750 0.3687 0.5000
v 2.6750 0.4375 0.5000
v 2.6750 0.5063 0.5000
v 2.6750 0.5750 0.5000
v 2.6750 0.0250 0.2500
v 2.6750 0.0937 0.2500
v 2.6750 0.1625 0.2500
v 2.6750 0.2312 0.2500
v 2.6750 0.3000 0.2500
v 2.6750 0.3687 0.2500
v 2.6750 0.4375 0.2500
v 2.6750 0.5063 0.2500
v 2.6750 0.5750 0.2500
v 2.6750 0.0250 0.0000
v 2.6750 0.0937 0.0000
v 2.6750 0.1625 0.0000
v 2.6750 0.2312 0.0000
v 2.6750 0.3000 0.0000
v 2.6750 0.3687 0.0000
v 2.6750 0.4375 0.0000
v 2.6750 0.5063 0.0000
v 2.6750 0.5750 0.0000
v 1.7250 0.5750 0.0000
v 1.7250 0.5750 0.2500
v 1.7250 0.5750 0.5000
v 1.7250 0.5750 0.7500
v 1.7250 0.5750 1.0000
v 1.7250 0.5750 1.2500
v 1.7250 0.5750 1.5000
v 1.7250 0.5750 1.7500
v 1.7250 0.5750 2.0000
v 1.8438 0.5750 0.0000
v 1.8438 0.5750 0.2500
v 1.8438 0.5750 0.5000
v 1.8438 0.5750 0.7500
v 1.8438 0.5750 1.0000
v 1.8438 0.5750 1.2500
v 1.8438 0.5750 1.5000
v 1.8438 0.5750 1.7500
v 1.8438 0.5750 2.0000
v 1.9625 0.5750 0.0000
v 1.9625 0.5750 0.2500
v 1.9625 0.5750 0.5000
v 1.9625 0.5750 0.7500
v 1.9625 0.5750 1.0000
v 1.9625 0.5750 1.2500
v 1.9625 0.5750 1.5000
v 1.9625 0.5750 1.7500
v 1.9625 0.5750 2.0000
v 2.0813 0.5750 0.0000
v 2.0813 0.5750 0.2500
v 2.0813 0.5750 0.5000
v 2.0813 0.5750 0.7500
v 2.0813 0.5750 1.0000
v 2.0813 0.5750 1.2500
v 2.0813 0.5750 1.5000
v 2.0813 0.5750 1.7500
v 2.0813 0.5750 2.0000
v 2.2000 0.5750 0.0000
v 2.2000 0.5750 0.2500
v 2.2000 0.5750 0.5000
v 2.2000 0.5750 0.7500
v 2.2000 0.5750 1.0000
v 2.2000 0.5750 1.2500
v 2.2000 0.5750 1.5000
v 2.2000 0.5750 1.7500
v 2.2000 0.5750 2.0000
v 2.3188 0.5750 0.0000
v 2.3188 0.5750 0.2500
v 2.3188 0.5750 0.5000
v 2.3188 0.5750 0.7500
v 2.3188 0.5750 1.0000
v 2.3188 0.5750 1.2500
v 2.3188 0.5750 1.5000
v 2.3188 0.5750 1.7500
v 2.3188 0.5750 2.0000
v 2.4375 0.5750 0.0000
v 2.4375 0.5750 0.2500
v 2.4375 0.5750 0.5000
v 2.4375 0.5750 0.7500
v 2.4375 0.5750 1.0000
v 2.4375 0.5750 1.2500
v 2.4375 0.5750 1.5000
v 2.4375 0.5750 1.7500
v 2.4375 0.5750 2.0000
v 2.5563 0.5750 0.0000
v 2.5563 0.5750 0.2500
v 2.5563 0.5750 0.5000
v 2.5563 0.5750 0.7500
v 2.5563 0.5750 1.0000
v 2.5563 0.5750 1.2500
v 2.5563 0.5750 1.5000
v 2.5563 0.5750 1.7500
v 2.5563 0.5750 2.0000
v 2.6750 0.5750 0.0000
v 2.6750 0.5750 0.2500
v 2.6750 0.5750 0.5000
v 2.6750 0.5750 0.7500
v 2.6750 0.5750 1.0000
v 2.6750 0.5750 1.2500
v 2.6750 0.5750 1.5000
v 2.6750 0.5750 1.7500
v 2.6750 0.5750 2.0000
v 1.7250 0.0250 2.0000
v 1.7250 0.0250 1.7500
v 1.7250 0.0250 1.5000
v 1.7250 0.0250 1.2500
v 1.7250 0.0250 1.0000
v 1.7250 0.0250 0.7500
v 1.7250 0.0250 0.5000
v 1.7250 0.0250 0.2500
v 1.7250 0.0250 0.0000
v 1.8438 0.0250 2.0000
v 1.8438 0.0250 1.7500
v 1.8438 0.0250 1.5000
v 1.8438 0.0250 1.2500
v 1.8438 0.0250 1.0000
v 1.8438 0.0250 0.7500
v 1.8438 0.0250 0.5000
v 1.8438 0.0250 0.2500
v 1.8438 0.0250 0.0000
v 1.9625 0.0250 2.0000
v 1.9625 0.0250 1.7500
v 1.9625 0.0250 1.5000
v 1.9625 0.0250 1.2500
v 1.9625 0.0250 1.0000
v 1.9625 0.0250 0.7500
v 1.9625 0.0250 0.5000
v 1.9625 0.0250 0.2500
v 1.9625 0.0250 0.0000
v 2.0813 0.0250 2.0000
v 2.0813 0.0250 1.7500
v 2.0813 0.0250 1.5000
v 2.0813 0.0250 1.2500
v 2.0813 0.0250 1.0000
v 2.0813 0.0250 0.7500
v 2.0813 0.0250 0.5000
v 2.0813 0.0250 0.2500
v 2.0813 0.0250 0.0000
v 2.2000 0.0250 2.0000
v 2.2000 0.0250 1.7500
v 2.2000 0.0250 1.5000
v 2.2000 0.0250 1.2500
v 2.2000 0.0250 1.0000
v 2.2000 0.0250 0.7500
v 2.2000 0.0250 0.5000
v 2.2000 0.0250 0.2500
v 2.2000 0.0250 0.0000
v 2.3188 0.0250 2.0000
v 2.3188 0.0250 1.7500
v 2.3188 0.0250 1.5000
v 2.3188 0.0250 1.2500
v 2.3188 0.0250 1.0000
v 2.3188 0.0250 0.7500
v 2.3188 0.0250 0.5000
v 2.3188 0.0250 0.2500
v 2.3188 0.0250 0.0000
v 2.4375 0.0250 2.0000
v 2.4375 0.0250 1.7500
v 2.4375 0.0250 1.5000
v 2.4375 0.0250 1.2500
v 2.4375 0.0250 1.0000
v 2.4375 0.0250 0.7500
v 2.4375 0.0250 0.5000
v 2.4375 0.0250 0.2500
v 2.4375 0.0250 0.0000
v 2.5563 0.0250 2.0000
v 2.5563 0.0250 1.7500
v 2.5563 0.0250 1.5000
v 2.5563 0.0250 1.2500
v 2.5563 0.0250 1.0000
v 2.5563 0.0250 0.7500
v 2.5563 0.0250 0.5000
v 2.5563 0.0250 0.2500
v 2.5563 0.0250 0.0000
v 2.6750 0.0250 2.0000
v 2.6750 0.0250 1.7500
v 2.6750 0.0250 1.5000
v 2.6750 0.0250 1.2500
v 2.6750 0.0250 1.0000
v 2.6750 0.0250 0.7500
v 2.6750 0.0250 0.5000
v 2.6750 0.0250 0.2500
v 2.6750 0.0250 0.0000
f 8911 8912 8921
f 8911 8921 8920
f 8912 8913 8922
f 8912 8922 8921
f 8913 8914 8923
f 8913 8923 8922
f 8914 8915 8924
f 8914 8924 8923
f 8915 8916 8925
f 8915 8925 8924
f 8916 8917 8926
f 8916 8926 8925
f 8917 8918 8927
f 8917 8927 8926
f 8918 8919 8928
f 8918 8928 8927
f 8920 8921 8930
f 8920 8930 8929
f 8921 8922 8931
f 8921 8931 8930
f 8922 8923 8932
f 8922 8932 8931
f 8923 8924 8933
f 8923 8933 8932
f 8924 8925 8934
f 8924 8934 8933
f 8925 8926 8935
f 8925 8935 8934
f 8926 8927 8936
f 8926 8936 8935
f 8927 8928 8937
f 8927 8937 8936
f 8929 8930 8939
f 8929 8939 8938
f 8930 8931 8940
f 8930 8940 8939
f 8931 8932 8941
f 8931 8941 8940
f 8932 8933 8942
f 8932 8942 8941
f 8933 8934 8943
f 8933 8943 8942
f 8934 8935 8944
f 8934 8944 8943
f 8935 8936 8945
f 8935 8945 8944
f 8936 8937 8946
f 8936 8946 8945
f 8938 8939 8948
f 8938 8948 8947
f 8939 8940 8949
f 8939 8949 8948
f 8940 8941 8950
f 8940 8950 8949
f 8941 8942 8951
f 8941 8951 8950
f 8942 8943 8952
f 8942 8952 8951
f 8943 8944 8953
f 8943 8953 8952
f 8944 8945 8954
f 8944 8954 8953
f 8945 8946 8955
f 8945 8955 8954
f 8947 8948 8957
f 8947 8957 8956
f 8948 8949 8958
f 8948 8958 8957
f 8949 8950 8959
f 8949 8959 8958
f 8950 8951 8960
f 8950 8960 8959
f 8951 8952 8961
f 8951 8961 8960
f 8952 8953 8962
f 8952 8962 8961
f 8953 8954 8963
f 8953 8963 8962
f 8954 8955 8964
f 8954 8964 8963
f 8956 8957 8966
f 8956 8966 8965
f 8957 8958 8967
f 8957 8967 8966
f 8958 8959 8968
f 8958 8968 8967
f 8959 8960 8969
f 8959 8969 8968
f 8960 8961 8970
f 8960 8970 8969
f 8961 8962 8971
f 8961 8971 8970
f 8962 8963 8972
f 8962 8972 8971
f 8963 8964 8973
f 8963 8973 8972
f 8965 8966 8975
f 8965 8975 8974
f 8966 8967 8976
f 8966 8976 8975
f 8967 8968 8977
f 8967 8977 8976
f 8968 8969 8978
f 8968 8978 8977
f 8969 8970 8979
f 8969 8979 8978
f 8970 8971 8980
f 8970 8980 8979
f 8971 8972 8981
f 8971 8981 8980
f 8972 8973 8982
f 8972 8982 8981
f 8974 8975 8984
f 8974 8984 8983
f 8975 8976 8985
f 8975 8985 8984
f 8976 8977 8986
f 8976 8986 8985
f 8977 8978 8987
f 8977 8987 8986
f 8978 8979 8988
f 8978 8988 8987
f 8979 8980 8989
f 8979 8989 8988
f 8980 8981 8990
f 8980 8990 8989
f 8981 8982 8991
f 8981 8991 8990
f 8992 8993 9002
f 8992 9002 9001
f 8993 8994 9003
f 8993 9003 9002
f 8994 8995 9004
f 8994 9004 9003
f 8995 8996 9005
f 8995 9005 9004
f 8996 8997 9006
f 8996 9006 9005
f 8997 8998 9007
f 8997 9007 9006
f 8998 8999 9008
f 8998 9008 9007
f 8999 9000 9009
f 8999 9009 9008
f 9001 9002 9011
f 9001 9011 9010
f 9002 9003 9012
f 9002 9012 9011
f 9003 9004 9013
f 9003 9013 9012
f 9004 9005 9014
f 9004 9014 9013
f 9005 9006 9015
f 9005 9015 9014
f 9006 9007 9016
f 9006 9016 9015
f 9007 9008 9017
f 9007 9017 9016
f 9008 9009 9018
f 9008 9018 9017
f 9010 9011 9020
f 9010 9020 9019
f 9011 9012 9021
f 9011 9021 9020
f 9012 9013 9022
f 9012 9022 9021
f 9013 9014 9023
f 9013 9023 9022
f 9014 9015 9024
f 9014 9024 9023
f 9015 9016 9025
f 9015 9025 9024
f 9016 9017 9026
f 9016 9026 9025
f 9017 9018 9027
f 9017 9027 9026
f 9019 9020 9029
f 9019 9029 9028
f 9020 9021 9030
f 9020 9030 9029
f 9021 9022 9031
f 9021 9031 9030
f 9022 9023 9032
f 9022 9032 9031
f 9023 9024 9033
f 9023 9033 9032
f 9024 9025 9034
f 9024 9034 9033
f 9025 9026 9035
f 9025 9035 9034
f 9026 9027 9036
f 9026 9036 9035
f 9028 9029 9038
f 9028 9038 9037
f 9029 9030 9039
f 9029 9039 9038
f 9030 9031 9040
f 9030 9040 9039
f 9031 9032 9041
f 9031 9041 9040
f 9032 9033 9042
f 9032 9042 9041
f 9033 9034 9043
f 9033 9043 9042
f 9034 9035 9044
f 9034 9044 9043
f 9035 9036 9045
f 9035 9045 9044
f 9037 9038 9047
f 9037 9047 9046
f 9038 9039 9048
f 9038 9048 9047
f 9039 9040 9049
f 9039 9049 9048
f 9040 9041 9050
f 9040 9050 9049
f 9041 9042 9051
f 9041 9051 9050
f 9042 9043 9052
f 9042 9052 9051
f 9043 9044 9053
f 9043 9053 9052
f 9044 9045 9054
f 9044 9054 9053
f 9046 9047 9056
f 9046 9056 9055
f 9047 9048 9057
f 9047 9057 9056
f 9048 9049 9058
f 9048 9058 9057
f 9049 9050 9059
f 9049 9059 9058
f 9050 9051 9060
f 9050 9060 9059
f 9051 9052 9061
f 9051 9061 9060
f 9052 9053 9062
f 9052 9062 9061
f 9053 9054 9063
f 9053 9063 9062
f 9055 9056 9065
f 9055 9065 9064
f 9056 9057 9066
f 9056 9066 9065
f 9057 9058 9067
f 9057 9067 9066
f 9058 9059 9068
f 9058 9068 9067
f 9059 9060 9069
f 9059 9069 9068
f 9060 9061 9070
f 9060 9070 9069
f 9061 9062 9071
f 9061 9071 9070
f 9062 9063 9072
f 9062 9072 9071
f 9073 9074 9083
f 9073 9083 9082
f 9074 9075 9084
f 9074 9084 9083
f 9075 9076 9085
f 9075 9085 9084
f 9076 9077 9086
f 9076 9086 9085
f 9077 9078 9087
f 9077 9087 9086
f 9078 9079 9088
f 9078 9088 9087
f 9079 9080 9089
f 9079 9089 9088
f 9080 9081 9090
f 9080 9090 9089
f 9082 9083 9092
f 9082 9092 9091
f 9083 9084 9093
f 9083 9093 9092
f 9084 9085 9094
f 9084 9094 9093
f 9085 9086 9095
f 9085 9095 9094
f 9086 9087 9096
f 9086 9096 9095
f 9087 9088 9097
f 9087 9097 9096
f 9088 9089 9098
f 9088 9098 9097
f 9089 9090 9099
f 9089 9099 9098
f 9091 9092 9101
f 9091 9101 9100
f 9092 9093 9102
f 9092 9102 9101
f 9093 9094 9103
f 9093 9103 9102
f 9094 9095 9104
f 9094 9104 9103
f 9095 9096 9105
f 9095 9105 9104
f 9096 9097 9106
f 9096 9106 9105
f 9097 9098 9107
f 9097 9107 9106
f 9098 9099 9108
f 9098 9108 9107
f 9100 9101 9110
f 9100 9110 9109
f 9101 9102 9111
f 9101 9111 9110
f 9102 9103 9112
f 9102 9112 9111
f 9103 9104 9113
f 9103 9113 9112
f 9104 9105 9114
f 9104 9114 9113
f 9105 9106 9115
f 9105 9115 9114
f 9106 9107 9116
f 9106 9116 9115
f 9107 9108 9117
f 9107 9117 9116
f 9109 9110 9119
f 9109 9119 9118
f 9110 9111 9120
f 9110 9120 9119
f 9111 9112 9121
f 9111 9121 9120
f 9112 9113 9122
f 9112 9122 9121
f 9113 9114 9123
f 9113 9123 9122
f 9114 9115 9124
f 9114 9124 9123
f 9115 9116 9125
f 9115 9125 9124
f 9116 9117 9126
f 9116 9126 9125
f 9118 9119 9128
f 9118 9128 9127
f 9119 9120 9129
f 9119 9129 9128
f 9120 9121 9130
f 9120 9130 9129
f 9121 9122 9131
f 9121 9131 9130
f 9122 9123 9132
f 9122 9132 9131
f 9123 9124 9133
f 9123 9133 9132
f 9124 9125 9134
f 9124 9134 9133
f 9125 9126 9135
f 9125 9135 9134
f 9127 9128 9137
f 9127 9137 9136
f 9128 9129 9138
f 9128 9138 9137
f 9129 9130 9139
f 9129 9139 9138
f 9130 9131 9140
f 9130 9140 9139
f 9131 9132 9141
f 9131 9141 9140
f 9132 9133 9142
f 9132 9142 9141
f 9133 9134 9143
f 9133 9143 9142
f 9134 9135 9144
f 9134 9144 9143
f 9136 9137 9146
f 9136 9146 9145
f 9137 9138 9147
f 9137 9147 9146
f 9138 9139 9148
f 9138 9148 9147
f 9139 9140 9149
f 9139 9149 9148
f 9140 9141 9150
f 9140 9150 9149
f 9141 9142 9151
f 9141 9151 9150
f 9142 9143 9152
f 9142 9152 9151
f 9143 9144 9153
f 9143 9153 9152
f 9154 9155 9164
f 9154 9164 9163
f 9155 9156 9165
f 9155 9165 9164
f 9156 9157 9166
f 9156 9166 9165
f 9157 9158 9167
f 9157 9167 9166
f 9158 9159 9168
f 9158 9168 9167
f 9159 9160 9169
f 9159 9169 9168
f 9160 9161 9170
f 9160 9170 9169
f 9161 9162 9171
f 9161 9171 9170
f 9163 9164 9173
f 9163 9173 9172
f 9164 9165 9174
f 9164 9174 9173
f 9165 9166 9175
f 9165 9175 9174
f 9166 9167 9176
f 9166 9176 9175
f 9167 9168 9177
f 9167 9177 9176
f 9168 9169 9178
f 9168 9178 9177
f 9169 9170 9179
f 9169 9179 9178
f 9170 9171 9180
f 9170 9180 9179
f 9172 9173 9182
f 9172 9182 9181
f 9173 9174 9183
f 9173 9183 9182
f 9174 9175 9184
f 9174 9184 9183
f 9175 9176 9185
f 9175 9185 9184
f 9176 9177 9186
f 9176 9186 9185
f 9177 9178 9187
f 9177 9187 9186
f 9178 9179 9188
f 9178 9188 9187
f 9179 9180 9189
f 9179 9189 9188
f 9181 9182 9191
f 9181 9191 9190
f 9182 9183 9192
f 9182 9192 9191
f 9183 9184 9193
f 9183 9193 9192
f 9184 9185 9194
f 9184 9194 9193
f 9185 9186 9195
f 9185 9195 9194
f 9186 9187 9196
f 9186 9196 9195
f 9187 9188 9197
f 9187 9197 9196
f 9188 9189 9198
f 9188 9198 9197
f 9190 9191 9200
f 9190 9200 9199
f 9191 9192 9201
f 9191 9201 9200
f 9192 9193 9202
f 9192 9202 9201
f 9193 9194 9203
f 9193 9203 9202
f 9194 9195 9204
f 9194 9204 9203
f 9195 9196 9205
f 9195 9205 9204
f 9196 9197 9206
f 9196 9206 9205
f 9197 9198 9207
f 9197 9207 9206
f 9199 9200 9209
f 9199 9209 9208
f 9200 9201 9210
f 9200 9210 9209
f 9201 9202 9211
f 9201 9211 9210
f 9202 9203 9212
f 9202 9212 9211
f 9203 9204 9213
f 9203 9213 9212
f 9204 9205 9214
f 9204 9214 9213
f 9205 9206 9215
f 9205 9215 9214
f 9206 9207 9216
f 9206 9216 9215
f 9208 9209 9218
f 9208 9218 9217
f 9209 9210 9219
f 9209 9219 9218
f 9210 9211 9220
f 9210 9220 9219
f 9211 9212 9221
f 9211 9221 9220
f 9212 9213 9222
f 9212 9222 9221
f 9213 9214 9223
f 9213 9223 9222
f 9214 9215 9224
f 9214 9224 9223
f 9215 9216 9225
f 9215 9225 9224
f 9217 9218 9227
f 9217 9227 9226
f 9218 9219 9228
f 9218 9228 9227
f 9219 9220 9229
f 9219 9229 9228
f 9220 9221 9230
f 9220 9230 9229
f 9221 9222 9231
f 9221 9231 9230
f 9222 9223 9232
f 9222 9232 9231
f 9223 9224 9233
f 9223 9233 9232
f 9224 9225 9234
f 9224 9234 9233
f 9235 9236 9245
f 9235 9245 9244
f 9236 9237 9246
f 9236 9246 9245
f 9237 9238 9247
f 9237 9247 9246
f 9238 9239 9248
f 9238 9248 9247
f 9239 9240 9249
f 9239 9249 9248
f 9240 9241 9250
f 9240 9250 9249
f 9241 9242 9251
f 9241 9251 9250
f 9242 9243 9252
f 9242 9252 9251
f 9244 9245 9254
f 9244 9254 9253
f 9245 9246 9255
f 9245 9255 9254
f 9246 9247 9256
f 9246 9256 9255
f 9247 9248 9257
f 9247 9257 9256
f 9248 9249 9258
f 9248 9258 9257
f 9249 9250 9259
f 9249 9259 9258
f 9250 9251 9260
f 9250 9260 9259
f 9251 9252 9261
f 9251 9261 9260
f 9253 9254 9263
f 9253 9263 9262
f 9254 9255 9264
f 9254 9264 9263
f 9255 9256 9265
f 9255 9265 9264
f 9256 9257 9266
f 9256 9266 9265
f 9257 9258 9267
f 9257 9267 9266
f 9258 9259 9268
f 9258 9268 9267
f 9259 9260 9269
f 9259 9269 9268
f 9260 9261 9270
f 9260 9270 9269
f 9262 9263 9272
f 9262 9272 9271
f 9263 9264 9273
f 9263 9273 9272
f 9264 9265 9274
f 9264 9274 9273
f 9265 9266 9275
f 9265 9275 9274
f 9266 9267 9276
f 9266 9276 9275
f 9267 9268 9277
f 9267 9277 9276
f 9268 9269 9278
f 9268 9278 9277
f 9269 9270 9279
f 9269 9279 9278
f 9271 9272 9281
f 9271 9281 9280
f 9272 9273 9282
f 9272 9282 9281
f 9273 9274 9283
f 9273 9283 9282
f 9274 9275 9284
f 9274 9284 9283
f 9275 9276 9285
f 9275 9285 9284
f 9276 9277 9286
f 9276 9286 9285
f 9277 9278 9287
f 9277 9287 9286
f 9278 9279 9288
f 9278 9288 9287
f 9280 9281 9290
f 9280 9290 9289
f 9281 9282 9291
f 9281 9291 9290
f 9282 9283 9292
f 9282 9292 9291
f 9283 9284 9293
f 9283 9293 9292
f 9284 9285 9294
f 9284 9294 9293
f 9285 9286 9295
f 9285 9295 9294
f 9286 9287 9296
f 9286 9296 9295
f 9287 9288 9297
f 9287 9297 9296
f 9289 9290 9299
f 9289 9299 9298
f 9290 9291 9300
f 9290 9300 9299
f 9291 9292 9301
f 9291 9301 9300
f 9292 9293 9302
f 9292 9302 9301
f 9293 9294 9303
f 9293 9303 9302
f 9294 9295 9304
f 9294 9304 9303
f 9295 9296 9305
f 9295 9305 9304
f 9296 9297 9306
f 9296 9306 9305
f 9298 9299 9308
f 9298 9308 9307
f 9299 9300 9309
f 9299 9309 9308
f 9300 9301 9310
f 9300 9310 9309
f 9301 9302 9311
f 9301 9311 9310
f 9302 9303 9312
f 9302 9312 9311
f 9303 9304 9313
f 9303 9313 9312
f 9304 9305 9314
f 9304 9314 9313
f 9305 9306 9315
f 9305 9315 9314
f 9316 9317 9326
f 9316 9326 9325
f 9317 9318 9327
f 9317 9327 9326
f 9318 9319 9328
f 9318 9328 9327
f 9319 9320 9329
f 9319 9329 9328
f 9320 9321 9330
f 9320 9330 9329
f 9321 9322 9331
f 9321 9331 9330
f 9322 9323 9332
f 9322 9332 9331
f 9323 9324 9333
f 9323 9333 9332
f 9325 9326 9335
f 9325 9335 9334
f 9326 9327 9336
f 9326 9336 9335
f 9327 9328 9337
f 9327 9337 9336
f 9328 9329 9338
f 9328 9338 9337
f 9329 9330 9339
f 9329 9339 9338
f 9330 9331 9340
f 9330 9340 9339
f 9331 9332 9341
f 9331 9341 9340
f 9332 9333 9342
f 9332 9342 9341
f 9334 9335 9344
f 9334 9344 9343
f 9335 9336 9345
f 9335 9345 9344
f 9336 9337 9346
f 9336 9346 9345
f 9337 9338 9347
f 9337 9347 9346
f 9338 9339 9348
f 9338 9348 9347
f 9339 9340 9349
f 9339 9349 9348
f 9340 9341 9350
f 9340 9350 9349
f 9341 9342 9351
f 9341 9351 9350
f 9343 9344 9353
f 9343 9353 9352
f 9344 9345 9354
f 9344 9354 9353
f 9345 9346 9355
f 9345 9355 9354
f 9346 9347 9356
f 9346 9356 9355
f 9347 9348 9357
f 9347 9357 9356
f 9348 9349 9358
f 9348 9358 9357
f 9349 9350 9359
f 9349 9359 9358
f 9350 9351 9360
f 9350 9360 9359
f 9352 9353 9362
f 9352 9362 9361
f 9353 9354 9363
f 9353 9363 9362
f 9354 9355 9364
f 9354 9364 9363
f 9355 9356 9365
f 9355 9365 9364
f 9356 9357 9366
f 9356 9366 9365
f 9357 9358 9367
f 9357 9367 9366
f 9358 9359 9368
f 9358 9368 9367
f 9359 9360 9369
f 9359 9369 9368
f 9361 9362 9371
f 9361 9371 9370
f 9362 9363 9372
f 9362 9372 9371
f 9363 9364 9373
f 9363 9373 9372
f 9364 9365 9374
f 9364 9374 9373
f 9365 9366 9375
f 9365 9375 9374
f 9366 9367 9376
f 9366 9376 9375
f 9367 9368 9377
f 9367 9377 9376
f 9368 9369 9378
f 9368 9378 9377
f 9370 9371 9380
f 9370 9380 9379
f 9371 9372 9381
f 9371 9381 9380
f 9372 9373 9382
f 9372 9382 9381
f 9373 9374 9383
f 9373 9383 9382
f 9374 9375 9384
f 9374 9384 9383
f 9375 9376 9385
f 9375 9385 9384
f 9376 9377 9386
f 9376 9386 9385
f 9377 9378 9387
f 9377 9387 9386
f 9379 9380 9389
f 9379 9389 9388
f 9380 9381 9390
f 9380 9390 9389
f 9381 9382 9391
f 9381 9391 9390
f 9382 9383 9392
f 9382 9392 9391
f 9383 9384 9393
f 9383 9393 9392
f 9384 9385 9394
f 9384 9394 9393
f 9385 9386 9395
f 9385 9395 9394
f 9386 9387 9396
f 9386 9396 9395
g 매트리스_0
v -3.4500 0.5550 -0.6500
v -3.4500 0.5850 -0.6500
v -3.4500 0.6150 -0.6500
v -3.4500 0.6450 -0.6500
v -3.4500 0.6750 -0.6500
v -3.4500 0.7050 -0.6500
v -3.2700 0.5550 -0.6500
v -3.2700 0.5850 -0.6500
v -3.2700 0.6150 -0.6500
v -3.2700 0.6450 -0.6500
v -3.2700 0.6750 -0.6500
v -3.2700 0.7050 -0.6500
v -3.0900 0.5550 -0.6500
v -3.0900 0.5850 -0.6500
v -3.0900 0.6150 -0.6500
v -3.0900 0.6450 -0.6500
v -3.0900 0.6750 -0.6500
v -3.0900 0.7050 -0.6500
v -2.9100 0.5550 -0.6500
v -2.9100 0.5850 -0.6500
v -2.9100 0.6150 -0.6500
v -2.9100 0.6450 -0.6500
v -2.9100 0.6750 -0.6500
v -2.9100 0.7050 -0.6500
v -2.7300 0.5550 -0.6500
v -2.7300 0.5850 -0.6500
v -2.7300 0.6150 -0.6500
v -2.7300 0.6450 -0.6500
v -2.7300 0.6750 -0.6500
v -2.7300 0.7050 -0.6500
v -2.5500 0.5550 -0.6500
v -2.5500 0.5850 -0.6500
v -2.5500 0.6150 -0.6500
v -2.5500 0.6450 -0.6500
v -2.5500 0.6750 -0.6500
v -2.5500 0.7050 -0.6500
v -2.5500 0.5550 -2.5500
v -2.5500 0.5850 -2.5500
v -2.5500 0.6150 -2.5500
v -2.5500 0.6450 -2.5500
v -2.5500 0.6750 -2.5500
v -2.5500 0.7050 -2.5500
v -2.7300 0.5550 -2.5500
v -2.7300 0.5850 -2.5500
v -2.7300 0.6150 -2.5500
v -2.7300 0.6450 -2.5500
v -2.7300 0.6750 -2.5500
v -2.7300 0.7050 -2.5500
v -2.9100 0.5550 -2.5500
v -2.9100 0.5850 -2.5500
v -2.9100 0.6150 -2.5500
v -2.9100 0.6450 -2.5500
v -2.9100 0.6750 -2.5500
v -2.9100 0.7050 -2.5500
v -3.0900 0.5550 -2.5500
v -3.0900 0.5850 -2.5500
v -3.0900 0.6150 -2.5500
v -3.0900 0.6450 -2.5500
v -3.0900 0.6750 -2.5500
v -3.0900 0.7050 -2.5500
v -3.2700 0.5550 -2.5500
v -3.2700 0.5850 -2.5500
v -3.2700 0.6150 -2.5500
v -3.2700 0.6450 -2.5500
v -3.2700 0.6750 -2.5500
v -3.2700 0.7050 -2.5500
v -3.4500 0.5550 -2.5500
v -3.4500 0.5850 -2.5500
v -3.4500 0.6150 -2.5500
v -3.4500 0.6450 -2.5500
v -3.4500 0.6750 -2.5500
v -3.4500 0.7050 -2.5500
v -3.4500 0.5550 -2.5500
v -3.4500 0.5850 -2.5500
v -3.4500 0.6150 -2.5500
v -3.4500 0.6450 -2.5500
v -3.4500 0.6750 -2.5500
v -3.4500 0.7050 -2.5500
v -3.4500 0.5550 -2.1700
v -3.4500 0.5850 -2.1700
v -3.4500 0.6150 -2.1700
v -3.4500 0.6450 -2.1700
v -3.4500 0.6750 -2.1700
v -3.4500 0.7050 -2.1700
v -3.4500 0.5550 -1.7900
v -3.4500 0.5850 -1.7900
v -3.4500 0.6150 -1.7900
v -3.4500 0.6450 -1.7900
v -3.4500 0.6750 -1.7900
v -3.4500 0.7050 -1.7900
v -3.4500 0.5550 -1.4100
v -3.4500 0.5850 -1.4100
v -3.4500 0.6150 -1.4100
v -3.4500 0.6450 -1.4100
v -3.4500 0.6750 -1.4100
v -3.4500 0.7050 -1.4100
v -3.4500 0.5550 -1.0300
v -3.4500 0.5850 -1.0300
v -3.4500 0.6150 -1.0300
v -3.4500 0.6450 -1.0300
v -3.4500 0.6750 -1.0300
v -3.4500 0.7050 -1.0300
v -3.4500 0.5550 -0.6500
v -3.4500 0.5850 -0.6500
v -3.4500 0.6150 -0.6500
v -3.4500 0.6450 -0.6500
v -3.4500 0.6750 -0.6500
v -3.4500 0.7050 -0.6500
v -2.5500 0.5550 -0.6500
v -2.5500 0.5850 -0.6500
v -2.5500 0.6150 -0.6500
v -2.5500 0.6450 -0.6500
v -2.5500 0.6750 -0.6500
v -2.5500 0.7050 -0.6500
v -2.5500 0.5550 -1.0300
v -2.5500 0.5850 -1.0300
v -2.5500 0.6150 -1.0300
v -2.5500 0.6450 -1.0300
v -2.5500 0.6750 -1.0300
v -2.5500 0.7050 -1.0300
v -2.5500 0.5550 -1.4100
v -2.5500 0.5850 -1.4100
v -2.5500 0.6150 -1.4100
v -2.5500 0.6450 -1.4100
v -2.5500 0.6750 -1.4100
v -2.5500 0.7050 -1.4100
v -2.5500 0.5550 -1.7900
v -2.5500 0.5850 -1.7900
v -2.5500 0.6150 -1.7900
v -2.5500 0.6450 -1.7900
v -2.5500 0.6750 -1.7900
v -2.5500 0.7050 -1.7900
v -2.5500 0.5550 -2.1700
v -2.5500 0.5850 -2.1700
v -2.5500 0.6150 -2.1700
v -2.5500 0.6450 -2.1700
v -2.5500 0.6750 -2.1700
v -2.5500 0.7050 -2.1700
v -2.5500 0.5550 -2.5500
v -2.5500 0.5850 -2.5500
v -2.5500 0.6150 -2.5500
v -2.5500 0.6450 -2.5500
v -2.5500 0.6750 -2.5500
v -2.5500 0.7050 -2.5500
v -3.4500 0.7050 -2.5500
v -3.4500 0.7050 -2.1700
v -3.4500 0.7050 -1.7900
v -3.4500 0.7050 -1.4100
v -3.4500 0.7050 -1.0300
v -3.4500 0.7050 -0.6500
v -3.2700 0.7050 -2.5500
v -3.2700 0.7050 -2.1700
v -3.2700 0.7050 -1.7900
v -3.2700 0.7050 -1.4100
v -3.2700 0.7050 -1.0300
v -3.2700 0.7050 -0.6500
v -3.0900 0.7050 -2.5500
v -3.0900 0.7050 -2.1700
v -3.0900 0.7050 -1.7900
v -3.0900 0.7050 -1.4100
v -3.0900 0.7050 -1.0300
v -3.0900 0.7050 -0.6500
v -2.9100 0.7050 -2.5500
v -2.9100 0.7050 -2.1700
v -2.9100 0.7050 -1.7900
v -2.9100 0.7050 -1.4100
v -2.9100 0.7050 -1.0300
v -2.9100 0.7050 -0.6500
v -2.7300 0.7050 -2.5500
v -2.7300 0.7050 -2.1700
v -2.7300 0.7050 -1.7900
v -2.7300 0.7050 -1.4100
v -2.7300 0.7050 -1.0300
v -2.7300 0.7050 -0.6500
v -2.5500 0.7050 -2.5500
v -2.5500 0.7050 -2.1700
v -2.5500 0.7050 -1.7900
v -2.5500 0.7050 -1.4100
v -2.5500 0.7050 -1.0300
v -2.5500 0.7050 -0.6500
v -3.4500 0.5550 -0.6500
v -3.4500 0.5550 -1.0300
v -3.4500 0.5550 -1.4100
v -3.4500 0.5550 -1.7900
v -3.4500 0.5550 -2.1700
v -3.4500 0.5550 -2.5500
v -3.2700 0.5550 -0.6500
v -3.2700 0.5550 -1.0300
v -3.2700 0.5550 -1.4100
v -3.2700 0.5550 -1.7900
v -3.2700 0.5550 -2.1700
v -3.2700 0.5550 -2.5500
v -3.0900 0.5550 -0.6500
v -3.0900 0.5550 -1.0300
v -3.0900 0.5550 -1.4100
v -3.0900 0.5550 -1.7900
v -3.0900 0.5550 -2.1700
v -3.0900 0.5550 -2.5500
v -2.9100 0.5550 -0.6500
v -2.9100 0.5550 -1.0300
v -2.9100 0.5550 -1.4100
v -2.9100 0.5550 -1.7900
v -2.9100 0.5550 -2.1700
v -2.9100 0.5550 -2.5500
v -2.7300 0.5550 -0.6500
v -2.7300 0.5550 -1.0300
v -2.7300 0.5550 -1.4100
v -2.7300 0.5550 -1.7900
v -2.7300 0.5550 -2.1700
v -2.7300 0.5550 -2.5500
v -2.5500 0.5550 -0.6500
v -2.5500 0.5550 -1.0300
v -2.5500 0.5550 -1.4100
v -2.5500 0.5550 -1.7900
v -2.5500 0.5550 -2.1700
v -2.5500 0.5550 -2.5500
f 9397 9398 9404
f 9397 9404 9403
f 9398 9399 9405
f 9398 9405 9404
f 9399 9400 9406
f 9399 9406 9405
f 9400 9401 9407
f 9400 9407 9406
f 9401 9402 9408
f 9401 9408 9407
f 9403 9404 9410
f 9403 9410 9409
f 9404 9405 9411
f 9404 9411 9410
f 9405 9406 9412
f 9405 9412 9411
f 9406 9407 9413
f 9406 9413 9412
f 9407 9408 9414
f 9407 9414 9413
f 9409 9410 9416
f 9409 9416 9415
f 9410 9411 9417
f 9410 9417 9416
f 9411 9412 9418
f 9411 9418 9417
f 9412 9413 9419
f 9412 9419 9418
f 9413 9414 9420
f 9413 9420 9419
f 9415 9416 9422
f 9415 9422 9421
f 9416 9417 9423
f 9416 9423 9422
f 9417 9418 9424
f 9417 9424 9423
f 9418 9419 9425
f 9418 9425 9424
f 9419 9420 9426
f 9419 9426 9425
f 9421 9422 9428
f 9421 9428 9427
f 9422 9423 9429
f 9422 9429 9428
f 9423 9424 9430
f 9423 9430 9429
f 9424 9425 9431
f 9424 9431 9430
f 9425 9426 9432
f 9425 9432 9431
f 9433 9434 9440
f 9433 9440 9439
f 9434 9435 9441
f 9434 9441 9440
f 9435 9436 9442
f 9435 9442 9441
f 9436 9437 9443
f 9436 9443 9442
f 9437 9438 9444
f 9437 9444 9443
f 9439 9440 9446
f 9439 9446 9445
f 9440 9441 9447
f 9440 9447 9446
f 9441 9442 9448
f 9441 9448 9447
f 9442 9443 9449
f 9442 9449 9448
f 9443 9444 9450
f 9443 9450 9449
f 9445 9446 9452
f 9445 9452 9451
f 9446 9447 9453
f 9446 9453 9452
f 9447 9448 9454
f 9447 9454 9453
f 9448 9449 9455
f 9448 9455 9454
f 9449 9450 9456
f 9449 9456 9455
f 9451 9452 9458
f 9451 9458 9457
f 9452 9453 9459
f 9452 9459 9458
f 9453 9454 9460
f 9453 9460 9459
f 9454 9455 9461
f 9454 9461 9460
f 9455 9456 9462
f 9455 9462 9461
f 9457 9458 9464
f 9457 9464 9463
f 9458 9459 9465
f 9458 9465 9464
f 9459 9460 9466
f 9459 9466 9465
f 9460 9461 9467
f 9460 9467 9466
f 9461 9462 9468
f 9461 9468 9467
f 9469 9470 9476
f 9469 9476 9475
f 9470 9471 9477
f 9470 9477 9476
f 9471 9472 9478
f 9471 9478 9477
f 9472 9473 9479
f 9472 9479 9478
f 9473 9474 9480
f 9473 9480 9479
f 9475 9476 9482
f 9475 9482 9481
f 9476 9477 9483
f 9476 9483 9482
f 9477 9478 9484
f 9477 9484 9483
f 9478 9479 9485
f 9478 9485 9484
f 9479 9480 9486
f 9479 9486 9485
f 9481 9482 9488
f 9481 9488 9487
f 9482 9483 9489
f 9482 9489 9488
f 9483 9484 9490
f 9483 9490 9489
f 9484 9485 9491
f 9484 9491 9490
f 9485 9486 9492
f 9485 9492 9491
f 9487 9488 9494
f 9487 9494 9493
f 9488 9489 9495
f 9488 9495 9494
f 9489 9490 9496
f 9489 9496 9495
f 9490 9491 9497
f 9490 9497 9496
f 9491 9492 9498
f 9491 9498 9497
f 9493 9494 9500
f 9493 9500 9499
f 9494 9495 9501
f 9494 9501 9500
f 9495 9496 9502
f 9495 9502 9501
f 9496 9497 9503
f 9496 9503 9502
f 9497 9498 9504
f 9497 9504 9503
f 9505 9506 9512
f 9505 9512 9511
f 9506 9507 9513
f 9506 9513 9512
f 9507 9508 9514
f 9507 9514 9513
f 9508 9509 9515
f 9508 9515 9514
f 9509 9510 9516
f 9509 9516 9515
f 9511 9512 9518
f 9511 9518 9517
f 9512 9513 9519
f 9512 9519 9518
f 9513 9514 9520
f 9513 9520 9519
f 9514 9515 9521
f 9514 9521 9520
f 9515 9516 9522
f 9515 9522 9521
f 9517 9518 9524
f 9517 9524 9523
f 9518 9519 9525
f 9518 9525 9524
f 9519 9520 9526
f 9519 9526 9525
f 9520 9521 9527
f 9520 9527 9526
f 9521 9522 9528
f 9521 9528 9527
f 9523 9524 9530
f 9523 9530 9529
f 9524 9525 9531
f 9524 9531 9530
f 9525 9526 9532
f 9525 9532 9531
f 9526 9527 9533
f 9526 9533 9532
f 9527 9528 9534
f 9527 9534 9533
f 9529 9530 9536
f 9529 9536 9535
f 9530 9531 9537
f 9530 9537 9536
f 9531 9532 9538
f 9531 9538 9537
f 9532 9533 9539
f 9532 9539 9538
f 9533 9534 9540
f 9533 9540 9539
f 9541 9542 9548
f 9541 9548 9547
f 9542 9543 9549
f 9542 9549 9548
f 9543 9544 9550
f 9543 9550 9549
f 9544 9545 9551
f 9544 9551 9550
f 9545 9546 9552
f 9545 9552 9551
f 9547 9548 9554
f 9547 9554 9553
f 9548 9549 9555
f 9548 9555 9554
f 9549 9550 9556
f 9549 9556 9555
f 9550 9551 9557
f 9550 9557 9556
f 9551 9552 9558
f 9551 9558 9557
f 9553 9554 9560
f 9553 9560 9559
f 9554 9555 9561
f 9554 9561 9560
f 9555 9556 9562
f 9555 9562 9561
f 9556 9557 9563
f 9556 9563 9562
f 9557 9558 9564
f 9557 9564 9563
f 9559 9560 9566
f 9559 9566 9565
f 9560 9561 9567
f 9560 9567 9566
f 9561 9562 9568
f 9561 9568 9567
f 9562 9563 9569
f 9562 9569 9568
f 9563 9564 9570
f 9563 9570 9569
f 9565 9566 9572
f 9565 9572 9571
f 9566 9567 9573
f 9566 9573 9572
f 9567 9568 9574
f 9567 9574 9573
f 9568 9569 9575
f 9568 9575 9574
f 9569 9570 9576
f 9569 9576 9575
f 9577 9578 9584
f 9577 9584 9583
f 9578 9579 9585
f 9578 9585 9584
f 9579 9580 9586
f 9579 9586 9585
f 9580 9581 9587
f 9580 9587 9586
f 9581 9582 9588
f 9581 9588 9587
f 9583 9584 9590
f 9583 9590 9589
f 9584 9585 9591
f 9584 9591 9590
f 9585 9586 9592
f 9585 9592 9591
f 9586 9587 9593
f 9586 9593 9592
f 9587 9588 9594
f 9587 9594 9593
f 9589 9590 9596
f 9589 9596 9595
f 9590 9591 9597
f 9590 9597 9596
f 9591 9592 9598
f 9591 9598 9597
f 9592 9593 9599
f 9592 9599 9598
f 9593 9594 9600
f 9593 9600 9599
f 9595 9596 9602
f 9595 9602 9601
f 9596 9597 9603
f 9596 9603 9602
f 9597 9598 9604
f 9597 9604 9603
f 9598 9599 9605
f 9598 9605 9604
f 9599 9600 9606
f 9599 9606 9605
f 9601 9602 9608
f 9601 9608 9607
f 9602 9603 9609
f 9602 9609 9608
f 9603 9604 9610
f 9603 9610 9609
f 9604 9605 9611
f 9604 9611 9610
f 9605 9606 9612
f 9605 9612 9611
g 매트리스_1
v -3.4500 0.5550 1.9500
v -3.4500 0.5850 1.9500
v -3.4500 0.6150 1.9500
v -3.4500 0.6450 1.9500
v -3.4500 0.6750 1.9500
v -3.4500 0.7050 1.9500
v -3.2700 0.5550 1.9500
v -3.2700 0.5850 1.9500
v -3.2700 0.6150 1.9500
v -3.2700 0.6450 1.9500
v -3.2700 0.6750 1.9500
v -3.2700 0.7050 1.9500
v -3.0900 0.5550 1.9500
v -3.0900 0.5850 1.9500
v -3.0900 0.6150 1.9500
v -3.0900 0.6450 1.9500
v -3.0900 0.6750 1.9500
v -3.0900 0.7050 1.9500
v -2.9100 0.5550 1.9500
v -2.9100 0.5850 1.9500
v -2.9100 0.6150 1.9500
v -2.9100 0.6450 1.9500
v -2.9100 0.6750 1.9500
v -2.9100 0.7050 1.9500
v -2.7300 0.5550 1.9500
v -2.7300 0.5850 1.9500
v -2.7300 0.6150 1.9500
v -2.7300 0.6450 1.9500
v -2.7300 0.6750 1.9500
v -2.7300 0.7050 1.9500
v -2.5500 0.5550 1.9500
v -2.5500 0.5850 1.9500
v -2.5500 0.6150 1.9500
v -2.5500 0.6450 1.9500
v -2.5500 0.6750 1.9500
v -2.5500 0.7050 1.9500
v -2.5500 0.5550 0.0500
v -2.5500 0.5850 0.0500
v -2.5500 0.6150 0.0500
v -2.5500 0.6450 0.0500
v -2.5500 0.6750 0.0500
v -2.5500 0.7050 0.0500
v -2.7300 0.5550 0.0500
v -2.7300 0.5850 0.0500
v -2.7300 0.6150 0.0500
v -2.7300 0.6450 0.0500
v -2.7300 0.6750 0.0500
v -2.7300 0.7050 0.0500
v -2.9100 0.5550 0.0500
v -2.9100 0.5850 0.0500
v -2.9100 0.6150 0.0500
v -2.9100 0.6450 0.0500
v -2.9100 0.6750 0.0500
v -2.9100 0.7050 0.0500
v -3.0900 0.5550 0.0500
v -3.0900 0.5850 0.0500
v -3.0900 0.6150 0.0500
v -3.0900 0.6450 0.0500
v -3.0900 0.6750 0.0500
v -3.0900 0.7050 0.0500
v -3.2700 0.5550 0.0500
v -3.2700 0.5850 0.0500
v -3.2700 0.6150 0.0500
v -3.2700 0.6450 0.0500
v -3.2700 0.6750 0.0500
v -3.2700 0.7050 0.0500
v -3.4500 0.5550 0.0500
v -3.4500 0.5850 0.0500
v -3.4500 0.6150 0.0500
v -3.4500 0.6450 0.0500
v -3.4500 0.6750 0.0500
v -3.4500 0.7050 0.0500
v -3.4500 0.5550 0.0500
v -3.4500 0.5850 0.0500
v -3.4500 0.6150 0.0500
v -3.4500 0.6450 0.0500
v -3.4500 0.6750 0.0500
v -3.4500 0.7050 0.0500
v -3.4500 0.5550 0.4300
v -3.4500 0.5850 0.4300
v -3.4500 0.6150 0.4300
v -3.4500 0.6450 0.4300
v -3.4500 0.6750 0.4300
v -3.4500 0.7050 0.4300
v -3.4500 0.5550 0.8100
v -3.4500 0.5850 0.8100
v -3.4500 0.6150 0.8100
v -3.4500 0.6450 0.8100
v -3.4500 0.6750 0.8100
v -3.4500 0.7050 0.8100
v -3.4500 0.5550 1.1900
v -3.4500 0.5850 1.1900
v -3.4500 0.6150 1.1900
v -3.4500 0.6450 1.1900
v -3.4500 0.6750 1.1900
v -3.4500 0.7050 1.1900
v -3.4500 0.5550 1.5700
v -3.4500 0.5850 1.5700
v -3.4500 0.6150 1.5700
v -3.4500 0.6450 1.5700
v -3.4500 0.6750 1.5700
v -3.4500 0.7050 1.5700
v -3.4500 0.5550 1.9500
v -3.4500 0.5850 1.9500
v -3.4500 0.6150 1.9500
v -3.4500 0.6450 1.9500
v -3.4500 0.6750 1.9500
v -3.4500 0.7050 1.9500
v -2.5500 0.5550 1.9500
v -2.5500 0.5850 1.9500
v -2.5500 0.6150 1.9500
v -2.5500 0.6450 1.9500
v -2.5500 0.6750 1.9500
v -2.5500 0.7050 1.9500
v -2.5500 0.5550 1.5700
v -2.5500 0.5850 1.5700
v -2.5500 0.6150 1.5700
v -2.5500 0.6450 1.5700
v -2.5500 0.6750 1.5700
v -2.5500 0.7050 1.5700
v -2.5500 0.5550 1.1900
v -2.5500 0.5850 1.1900
v -2.5500 0.6150 1.1900
v -2.5500 0.6450 1.1900
v -2.5500 0.6750 1.1900
v -2.5500 0.7050 1.1900
v -2.5500 0.5550 0.8100
v -2.5500 0.5850 0.8100
v -2.5500 0.6150 0.8100
v -2.5500 0.6450 0.8100
v -2.5500 0.6750 0.8100
v -2.5500 0.7050 0.8100
v -2.5500 0.5550 0.4300
v -2.5500 0.5850 0.4300
v -2.5500 0.6150 0.4300
v -2.5500 0.6450 0.4300
v -2.5500 0.6750 0.4300
v -2.5500 0.7050 0.4300
v -2.5500 0.5550 0.0500
v -2.5500 0.5850 0.0500
v -2.5500 0.6150 0.0500
v -2.5500 0.6450 0.0500
v -2.5500 0.6750 0.0500
v -2.5500 0.7050 0.0500
v -3.4500 0.7050 0.0500
v -3.4500 0.7050 0.4300
v -3.4500 0.7050 0.8100
v -3.4500 0.7050 1.1900
v -3.4500 0.7050 1.5700
v -3.4500 0.7050 1.9500
v -3.2700 0.7050 0.0500
v -3.2700 0.7050 0.4300
v -3.2700 0.7050 0.8100
v -3.2700 0.7050 1.1900
v -3.2700 0.7050 1.5700
v -3.2700 0.7050 1.9500
v -3.0900 0.7050 0.0500
v -3.0900 0.7050 0.4300
v -3.0900 0.7050 0.8100
v -3.0900 0.7050 1.1900
v -3.0900 0.7050 1.5700
v -3.0900 0.7050 1.9500
v -2.9100 0.7050 0.0500
v -2.9100 0.7050 0.4300
v -2.9100 0.7050 0.8100
v -2.9100 0.7050 1.1900
v -2.9100 0.7050 1.5700
v -2.9100 0.7050 1.9500
v -2.7300 0.7050 0.0500
v -2.7300 0.7050 0.4300
v -2.7300 0.7050 0.8100
v -2.7300 0.7050 1.1900
v -2.7300 0.7050 1.5700
v -2.7300 0.7050 1.9500
v -2.5500 0.7050 0.0500
v -2.5500 0.7050 0.4300
v -2.5500 0.7050 0.8100
v -2.5500 0.7050 1.1900
v -2.5500 0.7050 1.5700
v -2.5500 0.7050 1.9500
v -3.4500 0.5550 1.9500
v -3.4500 0.5550 1.5700
v -3.4500 0.5550 1.1900
v -3.4500 0.5550 0.8100
v -3.4500 0.5550 0.4300
v -3.4500 0.5550 0.0500
v -3.2700 0.5550 1.9500
v -3.2700 0.5550 1.5700
v -3.2700 0.5550 1.1900
v -3.2700 0.5550 0.8100
v -3.2700 0.5550 0.4300
v -3.2700 0.5550 0.0500
v -3.0900 0.5550 1.9500
v -3.0900 0.5550 1.5700
v -3.0900 0.5550 1.1900
v -3.0900 0.5550 0.8100
v -3.0900 0.5550 0.4300
v -3.0900 0.5550 0.0500
v -2.9100 0.5550 1.9500
v -2.9100 0.5550 1.5700
v -2.9100 0.5550 1.1900
v -2.9100 0.5550 0.8100
v -2.9100 0.5550 0.4300
v -2.9100 0.5550 0.0500
v -2.7300 0.5550 1.9500
v -2.7300 0.5550 1.5700
v -2.7300 0.5550 1.1900
v -2.7300 0.5550 0.8100
v -2.7300 0.5550 0.4300
v -2.7300 0.5550 0.0500
v -2.5500 0.5550 1.9500
v -2.5500 0.5550 1.5700
v -2.5500 0.5550 1.1900
v -2.5500 0.5550 0.8100
v -2.5500 0.5550 0.4300
v -2.5500 0.5550 0.0500
f 9613 9614 9620
f 9613 9620 9619
f 9614 9615 9621
f 9614 9621 9620
f 9615 9616 9622
f 9615 9622 9621
f 9616 9617 9623
f 9616 9623 9622
f 9617 9618 9624
f 9617 9624 9623
f 9619 9620 9626
f 9619 9626 9625
f 9620 9621 9627
f 9620 9627 9626
f 9621 9622 9628
f 9621 9628 9627
f 9622 9623 9629
f 9622 9629 9628
f 9623 9624 9630
f 9623 9630 9629
f 9625 9626 9632
f 9625 9632 9631
f 9626 9627 9633
f 9626 9633 9632
f 9627 9628 9634
f 9627 9634 9633
f 9628 9629 9635
f 9628 9635 9634
f 9629 9630 9636
f 9629 9636 9635
f 9631 9632 9638
f 9631 9638 9637
f 9632 9633 9639
f 9632 9639 9638
f 9633 9634 9640
f 9633 9640 9639
f 9634 9635 9641
f 9634 9641 9640
f 9635 9636 9642
f 9635 9642 9641
f 9637 9638 9644
f 9637 9644 9643
f 9638 9639 9645
f 9638 9645 9644
f 9639 9640 9646
f 9639 9646 9645
f 9640 9641 9647
f 9640 9647 9646
f 9641 9642 9648
f 9641 9648 9647
f 9649 9650 9656
f 9649 9656 9655
f 9650 9651 9657
f 9650 9657 9656
f 9651 9652 9658
f 9651 9658 9657
f 9652 9653 9659
f 9652 9659 9658
f 9653 9654 9660
f 9653 9660 9659
f 9655 9656 9662
f 9655 9662 9661
f 9656 9657 9663
f 9656 9663 9662
f 9657 9658 9664
f 9657 9664 9663
f 9658 9659 9665
f 9658 9665 9664
f 9659 9660 9666
f 9659 9666 9665
f 9661 9662 9668
f 9661 9668 9667
f 9662 9663 9669
f 9662 9669 9668
f 9663 9664 9670
f 9663 9670 9669
f 9664 9665 9671
f 9664 9671 9670
f 9665 9666 9672
f 9665 9672 9671
f 9667 9668 9674
f 9667 9674 9673
f 9668 9669 9675
f 9668 9675 9674
f 9669 9670 9676
f 9669 9676 9675
f 9670 9671 9677
f 9670 9677 9676
f 9671 9672 9678
f 9671 9678 9677
f 9673 9674 9680
f 9673 9680 9679
f 9674 9675 9681
f 9674 9681 9680
f 9675 9676 9682
f 9675 9682 9681
f 9676 9677 9683
f 9676 9683 9682
f 9677 9678 9684
f 9677 9684 9683
f 9685 9686 9692
f 9685 9692 9691
f 9686 9687 9693
f 9686 9693 9692
f 9687 9688 9694
f 9687 9694 9693
f 9688 9689 9695
f 9688 9695 9694
f 9689 9690 9696
f 9689 9696 9695
f 9691 9692 9698
f 9691 9698 9697
f 9692 9693 9699
f 9692 9699 9698
f 9693 9694 9700
f 9693 9700 9699
f 9694 9695 9701
f 9694 9701 9700
f 9695 9696 9702
f 9695 9702 9701
f 9697 9698 9704
f 9697 9704 9703
f 9698 9699 9705
f 9698 9705 9704
f 9699 9700 9706
f 9699 9706 9705
f 9700 9701 9707
f 9700 9707 9706
f 9701 9702 9708
f 9701 9708 9707
f 9703 9704 9710
f 9703 9710 9709
f 9704 9705 9711
f 9704 9711 9710
f 9705 9706 9712
f 9705 9712 9711
f 9706 9707 9713
f 9706 9713 9712
f 9707 9708 9714
f 9707 9714 9713
f 9709 9710 9716
f 9709 9716 9715
f 9710 9711 9717
f 9710 9717 9716
f 9711 9712 9718
f 9711 9718 9717
f 9712 9713 9719
f 9712 9719 9718
f 9713 9714 9720
f 9713 9720 9719
f 9721 9722 9728
f 9721 9728 9727
f 9722 9723 9729
f 9722 9729 9728
f 9723 9724 9730
f 9723 9730 9729
f 9724 9725 9731
f 9724 9731 9730
f 9725 9726 9732
f 9725 9732 9731
f 9727 9728 9734
f 9727 9734 9733
f 9728 9729 9735
f 9728 9735 9734
f 9729 9730 9736
f 9729 9736 9735
f 9730 9731 9737
f 9730 9737 9736
f 9731 9732 9738
f 9731 9738 9737
f 9733 9734 9740
f 9733 9740 9739
f 9734 9735 9741
f 9734 9741 9740
f 9735 9736 9742
f 9735 9742 9741
f 9736 9737 9743
f 9736 9743 9742
f 9737 9738 9744
f 9737 9744 9743
f 9739 9740 9746
f 9739 9746 9745
f 9740 9741 9747
f 9740 9747 9746
f 9741 9742 9748
f 9741 9748 9747
f 9742 9743 9749
f 9742 9749 9748
f 9743 9744 9750
f 9743 9750 9749
f 9745 9746 9752
f 9745 9752 9751
f 9746 9747 9753
f 9746 9753 9752
f 9747 9748 9754
f 9747 9754 9753
f 9748 9749 9755
f 9748 9755 9754
f 9749 9750 9756
f 9749 9756 9755
f 9757 9758 9764
f 9757 9764 9763
f 9758 9759 9765
f 9758 9765 9764
f 9759 9760 9766
f 9759 9766 9765
f 9760 9761 9767
f 9760 9767 9766
f 9761 9762 9768
f 9761 9768 9767
f 9763 9764 9770
f 9763 9770 9769
f 9764 9765 9771
f 9764 9771 9770
f 9765 9766 9772
f 9765 9772 9771
f 9766 9767 9773
f 9766 9773 9772
f 9767 9768 9774
f 9767 9774 9773
f 9769 9770 9776
f 9769 9776 9775
f 9770 9771 9777
f 9770 9777 9776
f 9771 9772 9778
f 9771 9778 9777
f 9772 9773 9779
f 9772 9779 9778
f 9773 9774 9780
f 9773 9780 9779
f 9775 9776 9782
f 9775 9782 9781
f 9776 9777 9783
f 9776 9783 9782
f 9777 9778 9784
f 9777 9784 9783
f 9778 9779 9785
f 9778 9785 9784
f 9779 9780 9786
f 9779 9786 9785
f 9781 9782 9788
f 9781 9788 9787
f 9782 9783 9789
f 9782 9789 9788
f 9783 9784 9790
f 9783 9790 9789
f 9784 9785 9791
f 9784 9791 9790
f 9785 9786 9792
f 9785 9792 9791
f 9793 9794 9800
f 9793 9800 9799
f 9794 9795 9801
f 9794 9801 9800
f 9795 9796 9802
f 9795 9802 9801
f 9796 9797 9803
f 9796 9803 9802
f 9797 9798 9804
f 9797 9804 9803
f 9799 9800 9806
f 9799 9806 9805
f 9800 9801 9807
f 9800 9807 9806
f 9801 9802 9808
f 9801 9808 9807
f 9802 9803 9809
f 9802 9809 9808
f 9803 9804 9810
f 9803 9810 9809
f 9805 9806 9812
f 9805 9812 9811
f 9806 9807 9813
f 9806 9813 9812
f 9807 9808 9814
f 9807 9814 9813
f 9808 9809 9815
f 9808 9815 9814
f 9809 9810 9816
f 9809 9816 9815
f 9811 9812 9818
f 9811 9818 9817
f 9812 9813 9819
f 9812 9819 9818
f 9813 9814 9820
f 9813 9820 9819
f 9814 9815 9821
f 9814 9821 9820
f 9815 9816 9822
f 9815 9822 9821
f 9817 9818 9824
f 9817 9824 9823
f 9818 9819 9825
f 9818 9825 9824
f 9819 9820 9826
f 9819 9826 9825
f 9820 9821 9827
f 9820 9827 9826
f 9821 9822 9828
f 9821 9828 9827
g 매트리스_2
v -0.8500 0.5550 -0.6500
v -0.8500 0.5850 -0.6500
v -0.8500 0.6150 -0.6500
v -0.8500 0.6450 -0.6500
v -0.8500 0.6750 -0.6500
v -0.8500 0.7050 -0.6500
v -0.6700 0.5550 -0.6500
v -0.6700 0.5850 -0.6500
v -0.6700 0.6150 -0.6500
v -0.6700 0.6450 -0.6500
v -0.6700 0.6750 -0.6500
v -0.6700 0.7050 -0.6500
v -0.4900 0.5550 -0.6500
v -0.4900 0.5850 -0.6500
v -0.4900 0.6150 -0.6500
v -0.4900 0.6450 -0.6500
v -0.4900 0.6750 -0.6500
v -0.4900 0.7050 -0.6500
v -0.3100 0.5550 -0.6500
v -0.3100 0.5850 -0.6500
v -0.3100 0.6150 -0.6500
v -0.3100 0.6450 -0.6500
v -0.3100 0.6750 -0.6500
v -0.3100 0.7050 -0.6500
v -0.1300 0.5550 -0.6500
v -0.1300 0.5850 -0.6500
v -0.1300 0.6150 -0.6500
v -0.1300 0.6450 -0.6500
v -0.1300 0.6750 -0.6500
v -0.1300 0.7050 -0.6500
v 0.0500 0.5550 -0.6500
v 0.0500 0.5850 -0.6500
v 0.0500 0.6150 -0.6500
v 0.0500 0.6450 -0.6500
v 0.0500 0.6750 -0.6500
v 0.0500 0.7050 -0.6500
v 0.0500 0.5550 -2.5500
v 0.0500 0.5850 -2.5500
v 0.0500 0.6150 -2.5500
v 0.0500 0.6450 -2.5500
v 0.0500 0.6750 -2.5500
v 0.0500 0.7050 -2.5500
v -0.1300 0.5550 -2.5500
v -0.1300 0.5850 -2.5500
v -0.1300 0.6150 -2.5500
v -0.1300 0.6450 -2.5500
v -0.1300 0.6750 -2.5500
v -0.1300 0.7050 -2.5500
v -0.3100 0.5550 -2.5500
v -0.3100 0.5850 -2.5500
v -0.3100 0.6150 -2.5500
v -0.3100 0.6450 -2.5500
v -0.3100 0.6750 -2.5500
v -0.3100 0.7050 -2.5500
v -0.4900 0.5550 -2.5500
v -0.4900 0.5850 -2.5500
v -0.4900 0.6150 -2.5500
v -0.4900 0.6450 -2.5500
v -0.4900 0.6750 -2.5500
v -0.4900 0.7050 -2.5500
v -0.6700 0.5550 -2.5500
v -0.6700 0.5850 -2.5500
v -0.6700 0.6150 -2.5500
v -0.6700 0.6450 -2.5500
v -0.6700 0.6750 -2.5500
v -0.6700 0.7050 -2.5500
v -0.8500 0.5550 -2.5500
v -0.8500 0.5850 -2.5500
v -0.8500 0.6150 -2.5500
v -0.8500 0.6450 -2.5500
v -0.8500 0.6750 -2.5500
v -0.8500 0.7050 -2.5500
v -0.8500 0.5550 -2.5500
v -0.8500 0.5850 -2.5500
v -0.8500 0.6150 -2.5500
v -0.8500 0.6450 -2.5500
v -0.8500 0.6750 -2.5500
v -0.8500 0.7050 -2.5500
v -0.8500 0.5550 -2.1700
v -0.8500 0.5850 -2.1700
v -0.8500 0.6150 -2.1700
v -0.8500 0.6450 -2.1700
v -0.8500 0.6750 -2.1700
v -0.8500 0.7050 -2.1700
v -0.8500 0.5550 -1.7900
v -0.8500 0.5850 -1.7900
v -0.8500 0.6150 -1.7900
v -0.8500 0.6450 -1.7900
v -0.8500 0.6750 -1.7900
v -0.8500 0.7050 -1.7900
v -0.8500 0.5550 -1.4100
v -0.8500 0.5850 -1.4100
v -0.8500 0.6150 -1.4100
v -0.8500 0.6450 -1.4100
v -0.8500 0.6750 -1.4100
v -0.8500 0.7050 -1.4100
v -0.8500 0.5550 -1.0300
v -0.8500 0.5850 -1.0300
v -0.8500 0.6150 -1.0300
v -0.8500 0.6450 -1.0300
v -0.8500 0.6750 -1.0300
v -0.8500 0.7050 -1.0300
v -0.8500 0.5550 -0.6500
v -0.8500 0.5850 -0.6500
v -0.8500 0.6150 -0.6500
v -0.8500 0.6450 -0.6500
v -0.8500 0.6750 -0.6500
v -0.8500 0.7050 -0.6500
v 0.0500 0.5550 -0.6500
v 0.0500 0.5850 -0.6500
v 0.0500 0.6150 -0.6500
v 0.0500 0.6450 -0.6500
v 0.0500 0.6750 -0.6500
v 0.0500 0.7050 -0.6500
v 0.0500 0.5550 -1.0300
v 0.0500 0.5850 -1.0300
v 0.0500 0.6150 -1.0300
v 0.0500 0.6450 -1.0300
v 0.0500 0.6750 -1.0300
v 0.0500 0.7050 -1.0300
v 0.0500 0.5550 -1.4100
v 0.0500 0.5850 -1.4100
v 0.0500 0.6150 -1.4100
v 0.0500 0.6450 -1.4100
v 0.0500 0.6750 -1.4100
v 0.0500 0.7050 -1.4100
v 0.0500 0.5550 -1.7900
v 0.0500 0.5850 -1.7900
v 0.0500 0.6150 -1.7900
v 0.0500 0.6450 -1.7900
v 0.0500 0.6750 -1.7900
v 0.0500 0.7050 -1.7900
v 0.0500 0.5550 -2.1700
v 0.0500 0.5850 -2.1700
v 0.0500 0.6150 -2.1700
v 0.0500 0.6450 -2.1700
v 0.0500 0.6750 -2.1700
v 0.0500 0.7050 -2.1700
v 0.0500 0.5550 -2.5500
v 0.0500 0.5850 -2.5500
v 0.0500 0.6150 -2.5500
v 0.0500 0.6450 -2.5500
v 0.0500 0.6750 -2.5500
v 0.0500 0.7050 -2.5500
v -0.8500 0.7050 -2.5500
v -0.8500 0.7050 -2.1700
v -0.8500 0.7050 -1.7900
v -0.8500 0.7050 -1.4100
v -0.8500 0.7050 -1.0300
v -0.8500 0.7050 -0.6500
v -0.6700 0.7050 -2.5500
v -0.6700 0.7050 -2.1700
v -0.6700 0.7050 -1.7900
v -0.6700 0.7050 -1.4100
v -0.6700 0.7050 -1.0300
v -0.6700 0.7050 -0.6500
v -0.4900 0.7050 -2.5500
v -0.4900 0.7050 -2.1700
v -0.4900 0.7050 -1.7900
v -0.4900 0.7050 -1.4100
v -0.4900 0.7050 -1.0300
v -0.4900 0.7050 -0.6500
v -0.3100 0.7050 -2.5500
v -0.3100 0.7050 -2.1700
v -0.3100 0.7050 -1.7900
v -0.3100 0.7050 -1.4100
v -0.3100 0.7050 -1.0300
v -0.3100 0.7050 -0.6500
v -0.1300 0.7050 -2.5500
v -0.1300 0.7050 -2.1700
v -0.1300 0.7050 -1.7900
v -0.1300 0.7050 -1.4100
v -0.1300 0.7050 -1.0300
v -0.1300 0.7050 -0.6500
v 0.0500 0.7050 -2.5500
v 0.0500 0.7050 -2.1700
v 0.0500 0.7050 -1.7900
v 0.0500 0.7050 -1.4100
v 0.0500 0.7050 -1.0300
v 0.0500 0.7050 -0.6500
v -0.8500 0.5550 -0.6500
v -0.8500 0.5550 -1.0300
v -0.8500 0.5550 -1.4100
v -0.8500 0.5550 -1.7900
v -0.8500 0.5550 -2.1700
v -0.8500 0.5550 -2.5500
v -0.6700 0.5550 -0.6500
v -0.6700 0.5550 -1.0300
v -0.6700 0.5550 -1.4100
v -0.6700 0.5550 -1.7900
v -0.6700 0.5550 -2.1700
v -0.6700 0.5550 -2.5500
v -0.4900 0.5550 -0.6500
v -0.4900 0.5550 -1.0300
v -0.4900 0.5550 -1.4100
v -0.4900 0.5550 -1.7900
v -0.4900 0.5550 -2.1700
v -0.4900 0.5550 -2.5500
v -0.3100 0.5550 -0.6500
v -0.3100 0.5550 -1.0300
v -0.3100 0.5550 -1.4100
v -0.3100 0.5550 -1.7900
v -0.3100 0.5550 -2.1700
v -0.3100 0.5550 -2.5500
v -0.1300 0.5550 -0.6500
v -0.1300 0.5550 -1.0300
v -0.1300 0.5550 -1.4100
v -0.1300 0.5550 -1.7900
v -0.1300 0.5550 -2.1700
v -0.1300 0.5550 -2.5500
v 0.0500 0.5550 -0.6500
v 0.0500 0.5550 -1.0300
v 0.0500 0.5550 -1.4100
v 0.0500 0.5550 -1.7900
v 0.0500 0.5550 -2.1700
v 0.0500 0.5550 -2.5500
f 9829 9830 9836
f 9829 9836 9835
f 9830 9831 9837
f 9830 9837 9836
f 9831 9832 9838
f 9831 9838 9837
f 9832 9833 9839
f 9832 9839 9838
f 9833 9834 9840
f 9833 9840 9839
f 9835 9836 9842
f 9835 9842 9841
f 9836 9837 9843
f 9836 9843 9842
f 9837 9838 9844
f 9837 9844 9843
f 9838 9839 9845
f 9838 9845 9844
f 9839 9840 9846
f 9839 9846 9845
f 9841 9842 9848
f 9841 9848 9847
f 9842 9843 9849
f 9842 9849 9848
f 9843 9844 9850
f 9843 9850 9849
f 9844 9845 9851
f 9844 9851 9850
f 9845 9846 9852
f 9845 9852 9851
f 9847 9848 9854
f 9847 9854 9853
f 9848 9849 9855
f 9848 9855 9854
f 9849 9850 9856
f 9849 9856 9855
f 9850 9851 9857
f 9850 9857 9856
f 9851 9852 9858
f 9851 9858 9857
f 9853 9854 9860
f 9853 9860 9859
f 9854 9855 9861
f 9854 9861 9860
f 9855 9856 9862
f 9855 9862 9861
f 9856 9857 9863
f 9856 9863 9862
f 9857 9858 9864
f 9857 9864 9863
f 9865 9866 9872
f 9865 9872 9871
f 9866 9867 9873
f 9866 9873 9872
f 9867 9868 9874
f 9867 9874 9873
f 9868 9869 9875
f 9868 9875 9874
f 9869 9870 9876
f 9869 9876 9875
f 9871 9872 9878
f 9871 9878 9877
f 9872 9873 9879
f 9872 9879 9878
f 9873 9874 9880
f 9873 9880 9879
f 9874 9875 9881
f 9874 9881 9880
f 9875 9876 9882
f 9875 9882 9881
f 9877 9878 9884
f 9877 9884 9883
f 9878 9879 9885
f 9878 9885 9884
f 9879 9880 9886
f 9879 9886 9885
f 9880 9881 9887
f 9880 9887 9886
f 9881 9882 9888
f 9881 9888 9887
f 9883 9884 9890
f 9883 9890 9889
f 9884 9885 9891
f 9884 9891 9890
f 9885 9886 9892
f 9885 9892 9891
f 9886 9887 9893
f 9886 9893 9892
f 9887 9888 9894
f 9887 9894 9893
f 9889 9890 9896
f 9889 9896 9895
f 9890 9891 9897
f 9890 9897 9896
f 9891 9892 9898
f 9891 9898 9897
f 9892 9893 9899
f 9892 9899 9898
f 9893 9894 9900
f 9893 9900 9899
f 9901 9902 9908
f 9901 9908 9907
f 9902 9903 9909
f 9902 9909 9908
f 9903 9904 9910
f 9903 9910 9909
f 9904 9905 9911
f 9904 9911 9910
f 9905 9906 9912
f 9905 9912 9911
f 9907 9908 9914
f 9907 9914 9913
f 9908 9909 9915
f 9908 9915 9914
f 9909 9910 9916
f 9909 9916 9915
f 9910 9911 9917
f 9910 9917 9916
f 9911 9912 9918
f 9911 9918 9917
f 9913 9914 9920
f 9913 9920 9919
f 9914 9915 9921
f 9914 9921 9920
f 9915 9916 9922
f 9915 9922 9921
f 9916 9917 9923
f 9916 9923 9922
f 9917 9918 9924
f 9917 9924 9923
f 9919 9920 9926
f 9919 9926 9925
f 9920 9921 9927
f 9920 9927 9926
f 9921 9922 9928
f 9921 9928 9927
f 9922 9923 9929
f 9922 9929 9928
f 9923 9924 9930
f 9923 9930 9929
f 9925 9926 9932
f 9925 9932 9931
f 9926 9927 9933
f 9926 9933 9932
f 9927 9928 9934
f 9927 9934 9933
f 9928 9929 9935
f 9928 9935 9934
f 9929 9930 9936
f 9929 9936 9935
f 9937 9938 9944
f 9937 9944 9943
f 9938 9939 9945
f 9938 9945 9944
f 9939 9940 9946
f 9939 9946 9945
f 9940 9941 9947
f 9940 9947 9946
f 9941 9942 9948
f 9941 9948 9947
f 9943 9944 9950
f 9943 9950 9949
f 9944 9945 9951
f 9944 9951 9950
f 9945 9946 9952
f 9945 9952 9951
f 9946 9947 9953
f 9946 9953 9952
f 9947 9948 9954
f 9947 9954 9953
f 9949 9950 9956
f 9949 9956 9955
f 9950 9951 9957
f 9950 9957 9956
f 9951 9952 9958
f 9951 9958 9957
f 9952 9953 9959
f 9952 9959 9958
f 9953 9954 9960
f 9953 9960 9959
f 9955 9956 9962
f 9955 9962 9961
f 9956 9957 9963
f 9956 9963 9962
f 9957 9958 9964
f 9957 9964 9963
f 9958 9959 9965
f 9958 9965 9964
f 9959 9960 9966
f 9959 9966 9965
f 9961 9962 9968
f 9961 9968 9967
f 9962 9963 9969
f 9962 9969 9968
f 9963 9964 9970
f 9963 9970 9969
f 9964 9965 9971
f 9964 9971 9970
f 9965 9966 9972
f 9965 9972 9971
f 9973 9974 9980
f 9973 9980 9979
f 9974 9975 9981
f 9974 9981 9980
f 9975 9976 9982
f 9975 9982 9981
f 9976 9977 9983
f 9976 9983 9982
f 9977 9978 9984
f 9977 9984 9983
f 9979 9980 9986
f 9979 9986 9985
f 9980 9981 9987
f 9980 9987 9986
f 9981 9982 9988
f 9981 9988 9987
f 9982 9983 9989
f 9982 9989 9988
f 9983 9984 9990
f 9983 9990 9989
f 9985 9986 9992
f 9985 9992 9991
f 9986 9987 9993
f 9986 9993 9992
f 9987 9988 9994
f 9987 9994 9993
f 9988 9989 9995
f 9988 9995 9994
f 9989 9990 9996
f 9989 9996 9995
f 9991 9992 9998
f 9991 9998 9997
f 9992 9993 9999
f 9992 9999 9998
f 9993 9994 10000
f 9993 10000 9999
f 9994 9995 10001
f 9994 10001 10000
f 9995 9996 10002
f 9995 10002 10001
f 9997 9998 10004
f 9997 10004 10003
f 9998 9999 10005
f 9998 10005 10004
f 9999 10000 10006
f 9999 10006 10005
f 10000 10001 10007
f 10000 10007 10006
f 10001 10002 10008
f 10001 10008 10007
f 10009 10010 10016
f 10009 10016 10015
f 10010 10011 10017
f 10010 10017 10016
f 10011 10012 10018
f 10011 10018 10017
f 10012 10013 10019
f 10012 10019 10018
f 10013 10014 10020
f 10013 10020 10019
f 10015 10016 10022
f 10015 10022 10021
f 10016 10017 10023
f 10016 10023 10022
f 10017 10018 10024
f 10017 10024 10023
f 10018 10019 10025
f 10018 10025 10024
f 10019 10020 10026
f 10019 10026 10025
f 10021 10022 10028
f 10021 10028 10027
f 10022 10023 10029
f 10022 10029 10028
f 10023 10024 10030
f 10023 10030 10029
f 10024 10025 10031
f 10024 10031 10030
f 10025 10026 10032
f 10025 10032 10031
f 10027 10028 10034
f 10027 10034 10033
f 10028 10029 10035
f 10028 10035 10034
f 10029 10030 10036
f 10029 10036 10035
f 10030 10031 10037
f 10030 10037 10036
f 10031 10032 10038
f 10031 10038 10037
f 10033 10034 10040
f 10033 10040 10039
f 10034 10035 10041
f 10034 10041 10040
f 10035 10036 10042
f 10035 10042 10041
f 10036 10037 10043
f 10036 10043 10042
f 10037 10038 10044
f 10037 10044 10043
g 매트리스_3
v -0.8500 0.5550 1.9500
v -0.8500 0.5850 1.9500
v -0.8500 0.6150 1.9500
v -0.8500 0.6450 1.9500
v -0.8500 0.6750 1.9500
v -0.8500 0.7050 1.9500
v -0.6700 0.5550 1.9500
v -0.6700 0.5850 1.9500
v -0.6700 0.6150 1.9500
v -0.6700 0.6450 1.9500
v -0.6700 0.6750 1.9500
v -0.6700 0.7050 1.9500
v -0.4900 0.5550 1.9500
v -0.4900 0.5850 1.9500
v -0.4900 0.6150 1.9500
v -0.4900 0.6450 1.9500
v -0.4900 0.6750 1.9500
v -0.4900 0.7050 1.9500
v -0.3100 0.5550 1.9500
v -0.3100 0.5850 1.9500
v -0.3100 0.6150 1.9500
v -0.3100 0.6450 1.9500
v -0.3100 0.6750 1.9500
v -0.3100 0.7050 1.9500
v -0.1300 0.5550 1.9500
v -0.1300 0.5850 1.9500
v -0.1300 0.6150 1.9500
v -0.1300 0.6450 1.9500
v -0.1300 0.6750 1.9500
v -0.1300 0.7050 1.9500
v 0.0500 0.5550 1.9500
v 0.0500 0.5850 1.9500
v 0.0500 0.6150 1.9500
v 0.0500 0.6450 1.9500
v 0.0500 0.6750 1.9500
v 0.0500 0.7050 1.9500
v 0.0500 0.5550 0.0500
v 0.0500 0.5850 0.0500
v 0.0500 0.6150 0.0500
v 0.0500 0.6450 0.0500
v 0.0500 0.6750 0.0500
v 0.0500 0.7050 0.0500
v -0.1300 0.5550 0.0500
v -0.1300 0.5850 0.0500
v -0.1300 0.6150 0.0500
v -0.1300 0.6450 0.0500
v -0.1300 0.6750 0.0500
v -0.1300 0.7050 0.0500
v -0.3100 0.5550 0.0500
v -0.3100 0.5850 0.0500
v -0.3100 0.6150 0.0500
v -0.3100 0.6450 0.0500
v -0.3100 0.6750 0.0500
v -0.3100 0.7050 0.0500
v -0.4900 0.5550 0.0500
v -0.4900 0.5850 0.0500
v -0.4900 0.6150 0.0500
v -0.4900 0.6450 0.0500
v -0.4900 0.6750 0.0500
v -0.4900 0.7050 0.0500
v -0.6700 0.5550 0.0500
v -0.6700 0.5850 0.0500
v -0.6700 0.6150 0.0500
v -0.6700 0.6450 0.0500
v -0.6700 0.6750 0.0500
v -0.6700 0.7050 0.0500
v -0.8500 0.5550 0.0500
v -0.8500 0.5850 0.0500
v -0.8500 0.6150 0.0500
v -0.8500 0.6450 0.0500
v -0.8500 0.6750 0.0500
v -0.8500 0.7050 0.0500
v -0.8500 0.5550 0.0500
v -0.8500 0.5850 0.0500
v -0.8500 0.6150 0.0500
v -0.8500 0.6450 0.0500
v -0.8500 0.6750 0.0500
v -0.8500 0.7050 0.0500
v -0.8500 0.5550 0.4300
v -0.8500 0.5850 0.4300
v -0.8500 0.6150 0.4300
v -0.8500 0.6450 0.4300
v -0.8500 0.6750 0.4300
v -0.8500 0.7050 0.4300
v -0.8500 0.5550 0.8100
v -0.8500 0.5850 0.8100
v -0.8500 0.6150 0.8100
v -0.8500 0.6450 0.8100
v -0.8500 0.6750 0.8100
v -0.8500 0.7050 0.8100
v -0.8500 0.5550 1.1900
v -0.8500 0.5850 1.1900
v -0.8500 0.6150 1.1900
v -0.8500 0.6450 1.1900
v -0.8500 0.6750 1.1900
v -0.8500 0.7050 1.1900
v -0.8500 0.5550 1.5700
v -0.8500 0.5850 1.5700
v -0.8500 0.6150 1.5700
v -0.8500 0.6450 1.5700
v -0.8500 0.6750 1.5700
v -0.8500 0.7050 1.5700
v -0.8500 0.5550 1.9500
v -0.8500 0.5850 1.9500
v -0.8500 0.6150 1.9500
v -0.8500 0.6450 1.9500
v -0.8500 0.6750 1.9500
v -0.8500 0.7050 1.9500
v 0.0500 0.5550 1.9500
v 0.0500 0.5850 1.9500
v 0.0500 0.6150 1.9500
v 0.0500 0.6450 1.9500
v 0.0500 0.6750 1.9500
v 0.0500 0.7050 1.9500
v 0.0500 0.5550 1.5700
v 0.0500 0.5850 1.5700
v 0.0500 0.6150 1.5700
v 0.0500 0.6450 1.5700
v 0.0500 0.6750 1.5700
v 0.0500 0.7050 1.5700
v 0.0500 0.5550 1.1900
v 0.0500 0.5850 1.1900
v 0.0500 0.6150 1.1900
v 0.0500 0.6450 1.1900
v 0.0500 0.6750 1.1900
v 0.0500 0.7050 1.1900
v 0.0500 0.5550 0.8100
v 0.0500 0.5850 0.8100
v 0.0500 0.6150 0.8100
v 0.0500 0.6450 0.8100
v 0.0500 0.6750 0.8100
v 0.0500 0.7050 0.8100
v 0.0500 0.5550 0.4300
v 0.0500 0.5850 0.4300
v 0.0500 0.6150 0.4300
v 0.0500 0.6450 0.4300
v 0.0500 0.6750 0.4300
v 0.0500 0.7050 0.4300
v 0.0500 0.5550 0.0500
v 0.0500 0.5850 0.0500
v 0.0500 0.6150 0.0500
v 0.0500 0.6450 0.0500
v 0.0500 0.6750 0.0500
v 0.0500 0.7050 0.0500
v -0.8500 0.7050 0.0500
v -0.8500 0.7050 0.4300
v -0.8500 0.7050 0.8100
v -0.8500 0.7050 1.1900
v -0.8500 0.7050 1.5700
v -0.8500 0.7050 1.9500
v -0.6700 0.7050 0.0500
v -0.6700 0.7050 0.4300
v -0.6700 0.7050 0.8100
v -0.6700 0.7050 1.1900
v -0.6700 0.7050 1.5700
v -0.6700 0.7050 1.9500
v -0.4900 0.7050 0.0500
v -0.4900 0.7050 0.4300
v -0.4900 0.7050 0.8100
v -0.4900 0.7050 1.1900
v -0.4900 0.7050 1.5700
v -0.4900 0.7050 1.9500
v -0.3100 0.7050 0.0500
v -0.3100 0.7050 0.4300
v -0.3100 0.7050 0.8100
v -0.3100 0.7050 1.1900
v -0.3100 0.7050 1.5700
v -0.3100 0.7050 1.9500
v -0.1300 0.7050 0.0500
v -0.1300 0.7050 0.4300
v -0.1300 0.7050 0.8100
v -0.1300 0.7050 1.1900
v -0.1300 0.7050 1.5700
v -0.1300 0.7050 1.9500
v 0.0500 0.7050 0.0500
v 0.0500 0.7050 0.4300
v 0.0500 0.7050 0.8100
v 0.0500 0.7050 1.1900
v 0.0500 0.7050 1.5700
v 0.0500 0.7050 1.9500
v -0.8500 0.5550 1.9500
v -0.8500 0.5550 1.5700
v -0.8500 0.5550 1.1900
v -0.8500 0.5550 0.8100
v -0.8500 0.5550 0.4300
v -0.8500 0.5550 0.0500
v -0.6700 0.5550 1.9500
v -0.6700 0.5550 1.5700
v -0.6700 0.5550 1.1900
v -0.6700 0.5550 0.8100
v -0.6700 0.5550 0.4300
v -0.6700 0.5550 0.0500
v -0.4900 0.5550 1.9500
v -0.4900 0.5550 1.5700
v -0.4900 0.5550 1.1900
v -0.4900 0.5550 0.8100
v -0.4900 0.5550 0.4300
v -0.4900 0.5550 0.0500
v -0.3100 0.5550 1.9500
v -0.3100 0.5550 1.5700
v -0.3100 0.5550 1.1900
v -0.3100 0.5550 0.8100
v -0.3100 0.5550 0.4300
v -0.3100 0.5550 0.0500
v -0.1300 0.5550 1.9500
v -0.1300 0.5550 1.5700
v -0.1300 0.5550 1.1900
v -0.1300 0.5550 0.8100
v -0.1300 0.5550 0.4300
v -0.1300 0.5550 0.0500
v 0.0500 0.5550 1.9500
v 0.0500 0.5550 1.5700
v 0.0500 0.5550 1.1900
v 0.0500 0.5550 0.8100
v 0.0500 0.5550 0.4300
v 0.0500 0.5550 0.0500
f 10045 10046 10052
f 10045 10052 10051
f 10046 10047 10053
f 10046 10053 10052
f 10047 10048 10054
f 10047 10054 10053
f 10048 10049 10055
f 10048 10055 10054
f 10049 10050 10056
f 10049 10056 10055
f 10051 10052 10058
f 10051 10058 10057
f 10052 10053 10059
f 10052 10059 10058
f 10053 10054 10060
f 10053 10060 10059
f 10054 10055 10061
f 10054 10061 10060
f 10055 10056 10062
f 10055 10062 10061
f 10057 10058 10064
f 10057 10064 10063
f 10058 10059 10065
f 10058 10065 10064
f 10059 10060 10066
f 10059 10066 10065
f 10060 10061 10067
f 10060 10067 10066
f 10061 10062 10068
f 10061 10068 10067
f 10063 10064 10070
f 10063 10070 10069
f 10064 10065 10071
f 10064 10071 10070
f 10065 10066 10072
f 10065 10072 10071
f 10066 10067 10073
f 10066 10073 10072
f 10067 10068 10074
f 10067 10074 10073
f 10069 10070 10076
f 10069 10076 10075
f 10070 10071 10077
f 10070 10077 10076
f 10071 10072 10078
f 10071 10078 10077
f 10072 10073 10079
f 10072 10079 10078
f 10073 10074 10080
f 10073 10080 10079
f 10081 10082 10088
f 10081 10088 10087
f 10082 10083 10089
f 10082 10089 10088
f 10083 10084 10090
f 10083 10090 10089
f 10084 10085 10091
f 10084 10091 10090
f 10085 10086 10092
f 10085 10092 10091
f 10087 10088 10094
f 10087 10094 10093
f 10088 10089 10095
f 10088 10095 10094
f 10089 10090 10096
f 10089 10096 10095
f 10090 10091 10097
f 10090 10097 10096
f 10091 10092 10098
f 10091 10098 10097
f 10093 10094 10100
f 10093 10100 10099
f 10094 10095 10101
f 10094 10101 10100
f 10095 10096 10102
f 10095 10102 10101
f 10096 10097 10103
f 10096 10103 10102
f 10097 10098 10104
f 10097 10104 10103
f 10099 10100 10106
f 10099 10106 10105
f 10100 10101 10107
f 10100 10107 10106
f 10101 10102 10108
f 10101 10108 10107
f 10102 10103 10109
f 10102 10109 10108
f 10103 10104 10110
f 10103 10110 10109
f 10105 10106 10112
f 10105 10112 10111
f 10106 10107 10113
f 10106 10113 10112
f 10107 10108 10114
f 10107 10114 10113
f 10108 10109 10115
f 10108 10115 10114
f 10109 10110 10116
f 10109 10116 10115
f 10117 10118 10124
f 10117 10124 10123
f 10118 10119 10125
f 10118 10125 10124
f 10119 10120 10126
f 10119 10126 10125
f 10120 10121 10127
f 10120 10127 10126
f 10121 10122 10128
f 10121 10128 10127
f 10123 10124 10130
f 10123 10130 10129
f 10124 10125 10131
f 10124 10131 10130
f 10125 10126 10132
f 10125 10132 10131
f 10126 10127 10133
f 10126 10133 10132
f 10127 10128 10134
f 10127 10134 10133
f 10129 10130 10136
f 10129 10136 10135
f 10130 10131 10137
f 10130 10137 10136
f 10131 10132 10138
f 10131 10138 10137
f 10132 10133 10139
f 10132 10139 10138
f 10133 10134 10140
f 10133 10140 10139
f 10135 10136 10142
f 10135 10142 10141
f 10136 10137 10143
f 10136 10143 10142
f 10137 10138 10144
f 10137 10144 10143
f 10138 10139 10145
f 10138 10145 10144
f 10139 10140 10146
f 10139 10146 10145
f 10141 10142 10148
f 10141 10148 10147
f 10142 10143 10149
f 10142 10149 10148
f 10143 10144 10150
f 10143 10150 10149
f 10144 10145 10151
f 10144 10151 10150
f 10145 10146 10152
f 10145 10152 10151
f 10153 10154 10160
f 10153 10160 10159
f 10154 10155 10161
f 10154 10161 10160
f 10155 10156 10162
f 10155 10162 10161
f 10156 10157 10163
f 10156 10163 10162
f 10157 10158 10164
f 10157 10164 10163
f 10159 10160 10166
f 10159 10166 10165
f 10160 10161 10167
f 10160 10167 10166
f 10161 10162 10168
f 10161 10168 10167
f 10162 10163 10169
f 10162 10169 10168
f 10163 10164 10170
f 10163 10170 10169
f 10165 10166 10172
f 10165 10172 10171
f 10166 10167 10173
f 10166 10173 10172
f 10167 10168 10174
f 10167 10174 10173
f 10168 10169 10175
f 10168 10175 10174
f 10169 10170 10176
f 10169 10176 10175
f 10171 10172 10178
f 10171 10178 10177
f 10172 10173 10179
f 10172 10179 10178
f 10173 10174 10180
f 10173 10180 10179
f 10174 10175 10181
f 10174 10181 10180
f 10175 10176 10182
f 10175 10182 10181
f 10177 10178 10184
f 10177 10184 10183
f 10178 10179 10185
f 10178 10185 10184
f 10179 10180 10186
f 10179 10186 10185
f 10180 10181 10187
f 10180 10187 10186
f 10181 10182 10188
f 10181 10188 10187
f 10189 10190 10196
f 10189 10196 10195
f 10190 10191 10197
f 10190 10197 10196
f 10191 10192 10198
f 10191 10198 10197
f 10192 10193 10199
f 10192 10199 10198
f 10193 10194 10200
f 10193 10200 10199
f 10195 10196 10202
f 10195 10202 10201
f 10196 10197 10203
f 10196 10203 10202
f 10197 10198 10204
f 10197 10204 10203
f 10198 10199 10205
f 10198 10205 10204
f 10199 10200 10206
f 10199 10206 10205
f 10201 10202 10208
f 10201 10208 10207
f 10202 10203 10209
f 10202 10209 10208
f 10203 10204 10210
f 10203 10210 10209
f 10204 10205 10211
f 10204 10211 10210
f 10205 10206 10212
f 10205 10212 10211
f 10207 10208 10214
f 10207 10214 10213
f 10208 10209 10215
f 10208 10215 10214
f 10209 10210 10216
f 10209 10216 10215
f 10210 10211 10217
f 10210 10217 10216
f 10211 10212 10218
f 10211 10218 10217
f 10213 10214 10220
f 10213 10220 10219
f 10214 10215 10221
f 10214 10221 10220
f 10215 10216 10222
f 10215 10222 10221
f 10216 10217 10223
f 10216 10223 10222
f 10217 10218 10224
f 10217 10224 10223
f 10225 10226 10232
f 10225 10232 10231
f 10226 10227 10233
f 10226 10233 10232
f 10227 10228 10234
f 10227 10234 10233
f 10228 10229 10235
f 10228 10235 10234
f 10229 10230 10236
f 10229 10236 10235
f 10231 10232 10238
f 10231 10238 10237
f 10232 10233 10239
f 10232 10239 10238
f 10233 10234 10240
f 10233 10240 10239
f 10234 10235 10241
f 10234 10241 10240
f 10235 10236 10242
f 10235 10242 10241
f 10237 10238 10244
f 10237 10244 10243
f 10238 10239 10245
f 10238 10245 10244
f 10239 10240 10246
f 10239 10246 10245
f 10240 10241 10247
f 10240 10247 10246
f 10241 10242 10248
f 10241 10248 10247
f 10243 10244 10250
f 10243 10250 10249
f 10244 10245 10251
f 10244 10251 10250
f 10245 10246 10252
f 10245 10252 10251
f 10246 10247 10253
f 10246 10253 10252
f 10247 10248 10254
f 10247 10254 10253
f 10249 10250 10256
f 10249 10256 10255
f 10250 10251 10257
f 10250 10257 10256
f 10251 10252 10258
f 10251 10258 10257
f 10252 10253 10259
f 10252 10259 10258
f 10253 10254 10260
f 10253 10260 10259
g 매트리스_4
v 1.7500 0.5550 -0.6500
v 1.7500 0.5850 -0.6500
v 1.7500 0.6150 -0.6500
v 1.7500 0.6450 -0.6500
v 1.7500 0.6750 -0.6500
v 1.7500 0.7050 -0.6500
v 1.9300 0.5550 -0.6500
v 1.9300 0.5850 -0.6500
v 1.9300 0.6150 -0.6500
v 1.9300 0.6450 -0.6500
v 1.9300 0.6750 -0.6500
v 1.9300 0.7050 -0.6500
v 2.1100 0.5550 -0.6500
v 2.1100 0.5850 -0.6500
v 2.1100 0.6150 -0.6500
v 2.1100 0.6450 -0.6500
v 2.1100 0.6750 -0.6500
v 2.1100 0.7050 -0.6500
v 2.2900 0.5550 -0.6500
v 2.2900 0.5850 -0.6500
v 2.2900 0.6150 -0.6500
v 2.2900 0.6450 -0.6500
v 2.2900 0.6750 -0.6500
v 2.2900 0.7050 -0.6500
v 2.4700 0.5550 -0.6500
v 2.4700 0.5850 -0.6500
v 2.4700 0.6150 -0.6500
v 2.4700 0.6450 -0.6500
v 2.4700 0.6750 -0.6500
v 2.4700 0.7050 -0.6500
v 2.6500 0.5550 -0.6500
v 2.6500 0.5850 -0.6500
v 2.6500 0.6150 -0.6500
v 2.6500 0.6450 -0.6500
v 2.6500 0.6750 -0.6500
v 2.6500 0.7050 -0.6500
v 2.6500 0.5550 -2.5500
v 2.6500 0.5850 -2.5500
v 2.6500 0.6150 -2.5500
v 2.6500 0.6450 -2.5500
v 2.6500 0.6750 -2.5500
v 2.6500 0.7050 -2.5500
v 2.4700 0.5550 -2.5500
v 2.4700 0.5850 -2.5500
v 2.4700 0.6150 -2.5500
v 2.4700 0.6450 -2.5500
v 2.4700 0.6750 -2.5500
v 2.4700 0.7050 -2.5500
v 2.2900 0.5550 -2.5500
v 2.2900 0.5850 -2.5500
v 2.2900 0.6150 -2.5500
v 2.2900 0.6450 -2.5500
v 2.2900 0.6750 -2.5500
v 2.2900 0.7050 -2.5500
v 2.1100 0.5550 -2.5500
v 2.1100 0.5850 -2.5500
v 2.1100 0.6150 -2.5500
v 2.1100 0.6450 -2.5500
v 2.1100 0.6750 -2.5500
v 2.1100 0.7050 -2.5500
v 1.9300 0.5550 -2.5500
v 1.9300 0.5850 -2.5500
v 1.9300 0.6150 -2.5500
v 1.9300 0.6450 -2.5500
v 1.9300 0.6750 -2.5500
v 1.9300 0.7050 -2.5500
v 1.7500 0.5550 -2.5500
v 1.7500 0.5850 -2.5500
v 1.7500 0.6150 -2.5500
v 1.7500 0.6450 -2.5500
v 1.7500 0.6750 -2.5500
v 1.7500 0.7050 -2.5500
v 1.7500 0.5550 -2.5500
v 1.7500 0.5850 -2.5500
v 1.7500 0.6150 -2.5500
v 1.7500 0.6450 -2.5500
v 1.7500 0.6750 -2.5500
v 1.7500 0.7050 -2.5500
v 1.7500 0.5550 -2.1700
v 1.7500 0.5850 -2.1700
v 1.7500 0.6150 -2.1700
v 1.7500 0.6450 -2.1700
v 1.7500 0.6750 -2.1700
v 1.7500 0.7050 -2.1700
v 1.7500 0.5550 -1.7900
v 1.7500 0.5850 -1.7900
v 1.7500 0.6150 -1.7900
v 1.7500 0.6450 -1.7900
v 1.7500 0.6750 -1.7900
v 1.7500 0.7050 -1.7900
v 1.7500 0.5550 -1.4100
v 1.7500 0.5850 -1.4100
v 1.7500 0.6150 -1.4100
v 1.7500 0.6450 -1.4100
v 1.7500 0.6750 -1.4100
v 1.7500 0.7050 -1.4100
v 1.7500 0.5550 -1.0300
v 1.7500 0.5850 -1.0300
v 1.7500 0.6150 -1.0300
v 1.7500 0.6450 -1.0300
v 1.7500 0.6750 -1.0300
v 1.7500 0.7050 -1.0300
v 1.7500 0.5550 -0.6500
v 1.7500 0.5850 -0.6500
v 1.7500 0.6150 -0.6500
v 1.7500 0.6450 -0.6500
v 1.7500 0.6750 -0.6500
v 1.7500 0.7050 -0.6500
v 2.6500 0.5550 -0.6500
v 2.6500 0.5850 -0.6500
v 2.6500 0.6150 -0.6500
v 2.6500 0.6450 -0.6500
v 2.6500 0.6750 -0.6500
v 2.6500 0.7050 -0.6500
v 2.6500 0.5550 -1.0300
v 2.6500 0.5850 -1.0300
v 2.6500 0.6150 -1.0300
v 2.6500 0.6450 -1.0300
v 2.6500 0.6750 -1.0300
v 2.6500 0.7050 -1.0300
v 2.6500 0.5550 -1.4100
v 2.6500 0.5850 -1.4100
v 2.6500 0.6150 -1.4100
v 2.6500 0.6450 -1.4100
v 2.6500 0.6750 -1.4100
v 2.6500 0.7050 -1.4100
v 2.6500 0.5550 -1.7900
v 2.6500 0.5850 -1.7900
v 2.6500 0.6150 -1.7900
v 2.6500 0.6450 -1.7900
v 2.6500 0.6750 -1.7900
v 2.6500 0.7050 -1.7900
v 2.6500 0.5550 -2.1700
v 2.6500 0.5850 -2.1700
v 2.6500 0.6150 -2.1700
v 2.6500 0.6450 -2.1700
v 2.6500 0.6750 -2.1700
v 2.6500 0.7050 -2.1700
v 2.6500 0.5550 -2.5500
v 2.6500 0.5850 -2.5500
v 2.6500 0.6150 -2.5500
v 2.6500 0.6450 -2.5500
v 2.6500 0.6750 -2.5500
v 2.6500 0.7050 -2.5500
v 1.7500 0.7050 -2.5500
v 1.7500 0.7050 -2.1700
v 1.7500 0.7050 -1.7900
v 1.7500 0.7050 -1.4100
v 1.7500 0.7050 -1.0300
v 1.7500 0.7050 -0.6500
v 1.9300 0.7050 -2.5500
v 1.9300 0.7050 -2.1700
v 1.9300 0.7050 -1.7900
v 1.9300 0.7050 -1.4100
v 1.9300 0.7050 -1.0300
v 1.9300 0.7050 -0.6500
v 2.1100 0.7050 -2.5500
v 2.1100 0.7050 -2.1700
v 2.1100 0.7050 -1.7900
v 2.1100 0.7050 -1.4100
v 2.1100 0.7050 -1.0300
v 2.1100 0.7050 -0.6500
v 2.2900 0.7050 -2.5500
v 2.2900 0.7050 -2.1700
v 2.2900 0.7050 -1.7900
v 2.2900 0.7050 -1.4100
v 2.2900 0.7050 -1.0300
v 2.2900 0.7050 -0.6500
v 2.4700 0.7050 -2.5500
v 2.4700 0.7050 -2.1700
v 2.4700 0.7050 -1.7900
v 2.4700 0.7050 -1.4100
v 2.4700 0.7050 -1.0300
v 2.4700 0.7050 -0.6500
v 2.6500 0.7050 -2.5500
v 2.6500 0.7050 -2.1700
v 2.6500 0.7050 -1.7900
v 2.6500 0.7050 -1.4100
v 2.6500 0.7050 -1.0300
v 2.6500 0.7050 -0.6500
v 1.7500 0.5550 -0.6500
v 1.7500 0.5550 -1.0300
v 1.7500 0.5550 -1.4100
v 1.7500 0.5550 -1.7900
v 1.7500 0.5550 -2.1700
v 1.7500 0.5550 -2.5500
v 1.9300 0.5550 -0.6500
v 1.9300 0.5550 -1.0300
v 1.9300 0.5550 -1.4100
v 1.9300 0.5550 -1.7900
v 1.9300 0.5550 -2.1700
v 1.9300 0.5550 -2.5500
v 2.1100 0.5550 -0.6500
v 2.1100 0.5550 -1.0300
v 2.1100 0.5550 -1.4100
v 2.1100 0.5550 -1.7900
v 2.1100 0.5550 -2.1700
v 2.1100 0.5550 -2.5500
v 2.2900 0.5550 -0.6500
v 2.2900 0.5550 -1.0300
v 2.2900 0.5550 -1.4100
v 2.2900 0.5550 -1.7900
v 2.2900 0.5550 -2.1700
v 2.2900 0.5550 -2.5500
v 2.4700 0.5550 -0.6500
v 2.4700 0.5550 -1.0300
v 2.4700 0.5550 -1.4100
v 2.4700 0.5550 -1.7900
v 2.4700 0.5550 -2.1700
v 2.4700 0.5550 -2.5500
v 2.6500 0.5550 -0.6500
v 2.6500 0.5550 -1.0300
v 2.6500 0.5550 -1.4100
v 2.6500 0.5550 -1.7900
v 2.6500 0.5550 -2.1700
v 2.6500 0.5550 -2.5500
f 10261 10262 10268
f 10261 10268 10267
f 10262 10263 10269
f 10262 10269 10268
f 10263 10264 10270
f 10263 10270 10269
f 10264 10265 10271
f 10264 10271 10270
f 10265 10266 10272
f 10265 10272 10271
f 10267 10268 10274
f 10267 10274 10273
f 10268 10269 10275
f 10268 10275 10274
f 10269 10270 10276
f 10269 10276 10275
f 10270 10271 10277
f 10270 10277 10276
f 10271 10272 10278
f 10271 10278 10277
f 10273 10274 10280
f 10273 10280 10279
f 10274 10275 10281
f 10274 10281 10280
f 10275 10276 10282
f 10275 10282 10281
f 10276 10277 10283
f 10276 10283 10282
f 10277 10278 10284
f 10277 10284 10283
f 10279 10280 10286
f 10279 10286 10285
f 10280 10281 10287
f 10280 10287 10286
f 10281 10282 10288
f 10281 10288 10287
f 10282 10283 10289
f 10282 10289 10288
f 10283 10284 10290
f 10283 10290 10289
f 10285 10286 10292
f 10285 10292 10291
f 10286 10287 10293
f 10286 10293 10292
f 10287 10288 10294
f 10287 10294 10293
f 10288 10289 10295
f 10288 10295 10294
f 10289 10290 10296
f 10289 10296 10295
f 10297 10298 10304
f 10297 10304 10303
f 10298 10299 10305
f 10298 10305 10304
f 10299 10300 10306
f 10299 10306 10305
f 10300 10301 10307
f 10300 10307 10306
f 10301 10302 10308
f 10301 10308 10307
f 10303 10304 10310
f 10303 10310 10309
f 10304 10305 10311
f 10304 10311 10310
f 10305 10306 10312
f 10305 10312 10311
f 10306 10307 10313
f 10306 10313 10312
f 10307 10308 10314
f 10307 10314 10313
f 10309 10310 10316
f 10309 10316 10315
f 10310 10311 10317
f 10310 10317 10316
f 10311 10312 10318
f 10311 10318 10317
f 10312 10313 10319
f 10312 10319 10318
f 10313 10314 10320
f 10313 10320 10319
f 10315 10316 10322
f 10315 10322 10321
f 10316 10317 10323
f 10316 10323 10322
f 10317 10318 10324
f 10317 10324 10323
f 10318 10319 10325
f 10318 10325 10324
f 10319 10320 10326
f 10319 10326 10325
f 10321 10322 10328
f 10321 10328 10327
f 10322 10323 10329
f 10322 10329 10328
f 10323 10324 10330
f 10323 10330 10329
f 10324 10325 10331
f 10324 10331 10330
f 10325 10326 10332
f 10325 10332 10331
f 10333 10334 10340
f 10333 10340 10339
f 10334 10335 10341
f 10334 10341 10340
f 10335 10336 10342
f 10335 10342 10341
f 10336 10337 10343
f 10336 10343 10342
f 10337 10338 10344
f 10337 10344 10343
f 10339 10340 10346
f 10339 10346 10345
f 10340 10341 10347
f 10340 10347 10346
f 10341 10342 10348
f 10341 10348 10347
f 10342 10343 10349
f 10342 10349 10348
f 10343 10344 10350
f 10343 10350 10349
f 10345 10346 10352
f 10345 10352 10351
f 10346 10347 10353
f 10346 10353 10352
f 10347 10348 10354
f 10347 10354 10353
f 10348 10349 10355
f 10348 10355 10354
f 10349 10350 10356
f 10349 10356 10355
f 10351 10352 10358
f 10351 10358 10357
f 10352 10353 10359
f 10352 10359 10358
f 10353 10354 10360
f 10353 10360 10359
f 10354 10355 10361
f 10354 10361 10360
f 10355 10356 10362
f 10355 10362 10361
f 10357 10358 10364
f 10357 10364 10363
f 10358 10359 10365
f 10358 10365 10364
f 10359 10360 10366
f 10359 10366 10365
f 10360 10361 10367
f 10360 10367 10366
f 10361 10362 10368
f 10361 10368 10367
f 10369 10370 10376
f 10369 10376 10375
f 10370 10371 10377
f 10370 10377 10376
f 10371 10372 10378
f 10371 10378 10377
f 10372 10373 10379
f 10372 10379 10378
f 10373 10374 10380
f 10373 10380 10379
f 10375 10376 10382
f 10375 10382 10381
f 10376 10377 10383
f 10376 10383 10382
f 10377 10378 10384
f 10377 10384 10383
f 10378 10379 10385
f 10378 10385 10384
f 10379 10380 10386
f 10379 10386 10385
f 10381 10382 10388
f 10381 10388 10387
f 10382 10383 10389
f 10382 10389 10388
f 10383 10384 10390
f 10383 10390 10389
f 10384 10385 10391
f 10384 10391 10390
f 10385 10386 10392
f 10385 10392 10391
f 10387 10388 10394
f 10387 10394 10393
f 10388 10389 10395
f 10388 10395 10394
f 10389 10390 10396
f 10389 10396 10395
f 10390 10391 10397
f 10390 10397 10396
f 10391 10392 10398
f 10391 10398 10397
f 10393 10394 10400
f 10393 10400 10399
f 10394 10395 10401
f 10394 10401 10400
f 10395 10396 10402
f 10395 10402 10401
f 10396 10397 10403
f 10396 10403 10402
f 10397 10398 10404
f 10397 10404 10403
f 10405 10406 10412
f 10405 10412 10411
f 10406 10407 10413
f 10406 10413 10412
f 10407 10408 10414
f 10407 10414 10413
f 10408 10409 10415
f 10408 10415 10414
f 10409 10410 10416
f 10409 10416 10415
f 10411 10412 10418
f 10411 10418 10417
f 10412 10413 10419
f 10412 10419 10418
f 10413 10414 10420
f 10413 10420 10419
f 10414 10415 10421
f 10414 10421 10420
f 10415 10416 10422
f 10415 10422 10421
f 10417 10418 10424
f 10417 10424 10423
f 10418 10419 10425
f 10418 10425 10424
f 10419 10420 10426
f 10419 10426 10425
f 10420 10421 10427
f 10420 10427 10426
f 10421 10422 10428
f 10421 10428 10427
f 10423 10424 10430
f 10423 10430 10429
f 10424 10425 10431
f 10424 10431 10430
f 10425 10426 10432
f 10425 10432 10431
f 10426 10427 10433
f 10426 10433 10432
f 10427 10428 10434
f 10427 10434 10433
f 10429 10430 10436
f 10429 10436 10435
f 10430 10431 10437
f 10430 10437 10436
f 10431 10432 10438
f 10431 10438 10437
f 10432 10433 10439
f 10432 10439 10438
f 10433 10434 10440
f 10433 10440 10439
f 10441 10442 10448
f 10441 10448 10447
f 10442 10443 10449
f 10442 10449 10448
f 10443 10444 10450
f 10443 10450 10449
f 10444 10445 10451
f 10444 10451 10450
f 10445 10446 10452
f 10445 10452 10451
f 10447 10448 10454
f 10447 10454 10453
f 10448 10449 10455
f 10448 10455 10454
f 10449 10450 10456
f 10449 10456 10455
f 10450 10451 10457
f 10450 10457 10456
f 10451 10452 10458
f 10451 10458 10457
f 10453 10454 10460
f 10453 10460 10459
f 10454 10455 10461
f 10454 10461 10460
f 10455 10456 10462
f 10455 10462 10461
f 10456 10457 10463
f 10456 10463 10462
f 10457 10458 10464
f 10457 10464 10463
f 10459 10460 10466
f 10459 10466 10465
f 10460 10461 10467
f 10460 10467 10466
f 10461 10462 10468
f 10461 10468 10467
f 10462 10463 10469
f 10462 10469 10468
f 10463 10464 10470
f 10463 10470 10469
f 10465 10466 10472
f 10465 10472 10471
f 10466 10467 10473
f 10466 10473 10472
f 10467 10468 10474
f 10467 10474 10473
f 10468 10469 10475
f 10468 10475 10474
f 10469 10470 10476
f 10469 10476 10475
g 매트리스_5
v 1.7500 0.5550 1.9500
v 1.7500 0.5850 1.9500
v 1.7500 0.6150 1.9500
v 1.7500 0.6450 1.9500
v 1.7500 0.6750 1.9500
v 1.7500 0.7050 1.9500
v 1.9300 0.5550 1.9500
v 1.9300 0.5850 1.9500
v 1.9300 0.6150 1.9500
v 1.9300 0.6450 1.9500
v 1.9300 0.6750 1.9500
v 1.9300 0.7050 1.9500
v 2.1100 0.5550 1.9500
v 2.1100 0.5850 1.9500
v 2.1100 0.6150 1.9500
v 2.1100 0.6450 1.9500
v 2.1100 0.6750 1.9500
v 2.1100 0.7050 1.9500
v 2.2900 0.5550 1.9500
v 2.2900 0.5850 1.9500
v 2.2900 0.6150 1.9500
v 2.2900 0.6450 1.9500
v 2.2900 0.6750 1.9500
v 2.2900 0.7050 1.9500
v 2.4700 0.5550 1.9500
v 2.4700 0.5850 1.9500
v 2.4700 0.6150 1.9500
v 2.4700 0.6450 1.9500
v 2.4700 0.6750 1.9500
v 2.4700 0.7050 1.9500
v 2.6500 0.5550 1.9500
v 2.6500 0.5850 1.9500
v 2.6500 0.6150 1.9500
v 2.6500 0.6450 1.9500
v 2.6500 0.6750 1.9500
v 2.6500 0.7050 1.9500
v 2.6500 0.5550 0.0500
v 2.6500 0.5850 0.0500
v 2.6500 0.6150 0.0500
v 2.6500 0.6450 0.0500
v 2.6500 0.6750 0.0500
v 2.6500 0.7050 0.0500
v 2.4700 0.5550 0.0500
v 2.4700 0.5850 0.0500
v 2.4700 0.6150 0.0500
v 2.4700 0.6450 0.0500
v 2.4700 0.6750 0.0500
v 2.4700 0.7050 0.0500
v 2.2900 0.5550 0.0500
v 2.2900 0.5850 0.0500
v 2.2900 0.6150 0.0500
v 2.2900 0.6450 0.0500
v 2.2900 0.6750 0.0500
v 2.2900 0.7050 0.0500
v 2.1100 0.5550 0.0500
v 2.1100 0.5850 0.0500
v 2.1100 0.6150 0.0500
v 2.1100 0.6450 0.0500
v 2.1100 0.6750 0.0500
v 2.1100 0.7050 0.0500
v 1.9300 0.5550 0.0500
v 1.9300 0.5850 0.0500
v 1.9300 0.6150 0.0500
v 1.9300 0.6450 0.0500
v 1.9300 0.6750 0.0500
v 1.9300 0.7050 0.0500
v 1.7500 0.5550 0.0500
v 1.7500 0.5850 0.0500
v 1.7500 0.6150 0.0500
v 1.7500 0.6450 0.0500
v 1.7500 0.6750 0.0500
v 1.7500 0.7050 0.0500
v 1.7500 0.5550 0.0500
v 1.7500 0.5850 0.0500
v 1.7500 0.6150 0.0500
v 1.7500 0.6450 0.0500
v 1.7500 0.6750 0.0500
v 1.7500 0.7050 0.0500
v 1.7500 0.5550 0.4300
v 1.7500 0.5850 0.4300
v 1.7500 0.6150 0.4300
v 1.7500 0.6450 0.4300
v 1.7500 0.6750 0.4300
v 1.7500 0.7050 0.4300
v 1.7500 0.5550 0.8100
v 1.7500 0.5850 0.8100
v 1.7500 0.6150 0.8100
v 1.7500 0.6450 0.8100
v 1.7500 0.6750 0.8100
v 1.7500 0.7050 0.8100
v 1.7500 0.5550 1.1900
v 1.7500 0.5850 1.1900
v 1.7500 0.6150 1.1900
v 1.7500 0.6450 1.1900
v 1.7500 0.6750 1.1900
v 1.7500 0.7050 1.1900
v 1.7500 0.5550 1.5700
v 1.7500 0.5850 1.5700
v 1.7500 0.6150 1.5700
v 1.7500 0.6450 1.5700
v 1.7500 0.6750 1.5700
v 1.7500 0.7050 1.5700
v 1.7500 0.5550 1.9500
v 1.7500 0.5850 1.9500
v 1.7500 0.6150 1.9500
v 1.7500 0.6450 1.9500
v 1.7500 0.6750 1.9500
v 1.7500 0.7050 1.9500
v 2.6500 0.5550 1.9500
v 2.6500 0.5850 1.9500
v 2.6500 0.6150 1.9500
v 2.6500 0.6450 1.9500
v 2.6500 0.6750 1.9500
v 2.6500 0.7050 1.9500
v 2.6500 0.5550 1.5700
v 2.6500 0.5850 1.5700
v 2.6500 0.6150 1.5700
v 2.6500 0.6450 1.5700
v 2.6500 0.6750 1.5700
v 2.6500 0.7050 1.5700
v 2.6500 0.5550 1.1900
v 2.6500 0.5850 1.1900
v 2.6500 0.6150 1.1900
v 2.6500 0.6450 1.1900
v 2.6500 0.6750 1.1900
v 2.6500 0.7050 1.1900
v 2.6500 0.5550 0.8100
v 2.6500 0.5850 0.8100
v 2.6500 0.6150 0.8100
v 2.6500 0.6450 0.8100
v 2.6500 0.6750 0.8100
v 2.6500 0.7050 0.8100
v 2.6500 0.5550 0.4300
v 2.6500 0.5850 0.4300
v 2.6500 0.6150 0.4300
v 2.6500 0.6450 0.4300
v 2.6500 0.6750 0.4300
v 2.6500 0.7050 0.4300
v 2.6500 0.5550 0.0500
v 2.6500 0.5850 0.0500
v 2.6500 0.6150 0.0500
v 2.6500 0.6450 0.0500
v 2.6500 0.6750 0.0500
v 2.6500 0.7050 0.0500
v 1.7500 0.7050 0.0500
v 1.7500 0.7050 0.4300
v 1.7500 0.7050 0.8100
v 1.7500 0.7050 1.1900
v 1.7500 0.7050 1.5700
v 1.7500 0.7050 1.9500
v 1.9300 0.7050 0.0500
v 1.9300 0.7050 0.4300
v 1.9300 0.7050 0.8100
v 1.9300 0.7050 1.1900
v 1.9300 0.7050 1.5700
v 1.9300 0.7050 1.9500
v 2.1100 0.7050 0.0500
v 2.1100 0.7050 0.4300
v 2.1100 0.7050 0.8100
v 2.1100 0.7050 1.1900
v 2.1100 0.7050 1.5700
v 2.1100 0.7050 1.9500
v 2.2900 0.7050 0.0500
v 2.2900 0.7050 0.4300
v 2.2900 0.7050 0.8100
v 2.2900 0.7050 1.1900
v 2.2900 0.7050 1.5700
v 2.2900 0.7050 1.9500
v 2.4700 0.7050 0.0500
v 2.4700 0.7050 0.4300
v 2.4700 0.7050 0.8100
v 2.4700 0.7050 1.1900
v 2.4700 0.7050 1.5700
v 2.4700 0.7050 1.9500
v 2.6500 0.7050 0.0500
v 2.6500 0.7050 0.4300
v 2.6500 0.7050 0.8100
v 2.6500 0.7050 1.1900
v 2.6500 0.7050 1.5700
v 2.6500 0.7050 1.9500
v 1.7500 0.5550 1.9500
v 1.7500 0.5550 1.5700
v 1.7500 0.5550 1.1900
v 1.7500 0.5550 0.8100
v 1.7500 0.5550 0.4300
v 1.7500 0.5550 0.0500
v 1.9300 0.5550 1.9500
v 1.9300 0.5550 1.5700
v 1.9300 0.5550 1.1900
v 1.9300 0.5550 0.8100
v 1.9300 0.5550 0.4300
v 1.9300 0.5550 0.0500
v 2.1100 0.5550 1.9500
v 2.1100 0.5550 1.5700
v 2.1100 0.5550 1.1900
v 2.1100 0.5550 0.8100
v 2.1100 0.5550 0.4300
v 2.1100 0.5550 0.0500
v 2.2900 0.5550 1.9500
v 2.2900 0.5550 1.5700
v 2.2900 0.5550 1.1900
v 2.2900 0.5550 0.8100
v 2.2900 0.5550 0.4300
v 2.2900 0.5550 0.0500
v 2.4700 0.5550 1.9500
v 2.4700 0.5550 1.5700
v 2.4700 0.5550 1.1900
v 2.4700 0.5550 0.8100
v 2.4700 0.5550 0.4300
v 2.4700 0.5550 0.0500
v 2.6500 0.5550 1.9500
v 2.6500 0.5550 1.5700
v 2.6500 0.5550 1.1900
v 2.6500 0.5550 0.8100
v 2.6500 0.5550 0.4300
v 2.6500 0.5550 0.0500
f 10477 10478 10484
f 10477 10484 10483
f 10478 10479 10485
f 10478 10485 10484
f 10479 10480 10486
f 10479 10486 10485
f 10480 10481 10487
f 10480 10487 10486
f 10481 10482 10488
f 10481 10488 10487
f 10483 10484 10490
f 10483 10490 10489
f 10484 10485 10491
f 10484 10491 10490
f 10485 10486 10492
f 10485 10492 10491
f 10486 10487 10493
f 10486 10493 10492
f 10487 10488 10494
f 10487 10494 10493
f 10489 10490 10496
f 10489 10496 10495
f 10490 10491 10497
f 10490 10497 10496
f 10491 10492 10498
f 10491 10498 10497
f 10492 10493 10499
f 10492 10499 10498
f 10493 10494 10500
f 10493 10500 10499
f 10495 10496 10502
f 10495 10502 10501
f 10496 10497 10503
f 10496 10503 10502
f 10497 10498 10504
f 10497 10504 10503
f 10498 10499 10505
f 10498 10505 10504
f 10499 10500 10506
f 10499 10506 10505
f 10501 10502 10508
f 10501 10508 10507
f 10502 10503 10509
f 10502 10509 10508
f 10503 10504 10510
f 10503 10510 10509
f 10504 10505 10511
f 10504 10511 10510
f 10505 10506 10512
f 10505 10512 10511
f 10513 10514 10520
f 10513 10520 10519
f 10514 10515 10521
f 10514 10521 10520
f 10515 10516 10522
f 10515 10522 10521
f 10516 10517 10523
f 10516 10523 10522
f 10517 10518 10524
f 10517 10524 10523
f 10519 10520 10526
f 10519 10526 10525
f 10520 10521 10527
f 10520 10527 10526
f 10521 10522 10528
f 10521 10528 10527
f 10522 10523 10529
f 10522 10529 10528
f 10523 10524 10530
f 10523 10530 10529
f 10525 10526 10532
f 10525 10532 10531
f 10526 10527 10533
f 10526 10533 10532
f 10527 10528 10534
f 10527 10534 10533
f 10528 10529 10535
f 10528 10535 10534
f 10529 10530 10536
f 10529 10536 10535
f 10531 10532 10538
f 10531 10538 10537
f 10532 10533 10539
f 10532 10539 10538
f 10533 10534 10540
f 10533 10540 10539
f 10534 10535 10541
f 10534 10541 10540
f 10535 10536 10542
f 10535 10542 10541
f 10537 10538 10544
f 10537 10544 10543
f 10538 10539 10545
f 10538 10545 10544
f 10539 10540 10546
f 10539 10546 10545
f 10540 10541 10547
f 10540 10547 10546
f 10541 10542 10548
f 10541 10548 10547
f 10549 10550 10556
f 10549 10556 10555
f 10550 10551 10557
f 10550 10557 10556
f 10551 10552 10558
f 10551 10558 10557
f 10552 10553 10559
f 10552 10559 10558
f 10553 10554 10560
f 10553 10560 10559
f 10555 10556 10562
f 10555 10562 10561
f 10556 10557 10563
f 10556 10563 10562
f 10557 10558 10564
f 10557 10564 10563
f 10558 10559 10565
f 10558 10565 10564
f 10559 10560 10566
f 10559 10566 10565
f 10561 10562 10568
f 10561 10568 10567
f 10562 10563 10569
f 10562 10569 10568
f 10563 10564 10570
f 10563 10570 10569
f 10564 10565 10571
f 10564 10571 10570
f 10565 10566 10572
f 10565 10572 10571
f 10567 10568 10574
f 10567 10574 10573
f 10568 10569 10575
f 10568 10575 10574
f 10569 10570 10576
f 10569 10576 10575
f 10570 10571 10577
f 10570 10577 10576
f 10571 10572 10578
f 10571 10578 10577
f 10573 10574 10580
f 10573 10580 10579
f 10574 10575 10581
f 10574 10581 10580
f 10575 10576 10582
f 10575 10582 10581
f 10576 10577 10583
f 10576 10583 10582
f 10577 10578 10584
f 10577 10584 10583
f 10585 10586 10592
f 10585 10592 10591
f 10586 10587 10593
f 10586 10593 10592
f 10587 10588 10594
f 10587 10594 10593
f 10588 10589 10595
f 10588 10595 10594
f 10589 10590 10596
f 10589 10596 10595
f 10591 10592 10598
f 10591 10598 10597
f 10592 10593 10599
f 10592 10599 10598
f 10593 10594 10600
f 10593 10600 10599
f 10594 10595 10601
f 10594 10601 10600
f 10595 10596 10602
f 10595 10602 10601
f 10597 10598 10604
f 10597 10604 10603
f 10598 10599 10605
f 10598 10605 10604
f 10599 10600 10606
f 10599 10606 10605
f 10600 10601 10607
f 10600 10607 10606
f 10601 10602 10608
f 10601 10608 10607
f 10603 10604 10610
f 10603 10610 10609
f 10604 10605 10611
f 10604 10611 10610
f 10605 10606 10612
f 10605 10612 10611
f 10606 10607 10613
f 10606 10613 10612
f 10607 10608 10614
f 10607 10614 10613
f 10609 10610 10616
f 10609 10616 10615
f 10610 10611 10617
f 10610 10617 10616
f 10611 10612 10618
f 10611 10618 10617
f 10612 10613 10619
f 10612 10619 10618
f 10613 10614 10620
f 10613 10620 10619
f 10621 10622 10628
f 10621 10628 10627
f 10622 10623 10629
f 10622 10629 10628
f 10623 10624 10630
f 10623 10630 10629
f 10624 10625 10631
f 10624 10631 10630
f 10625 10626 10632
f 10625 10632 10631
f 10627 10628 10634
f 10627 10634 10633
f 10628 10629 10635
f 10628 10635 10634
f 10629 10630 10636
f 10629 10636 10635
f 10630 10631 10637
f 10630 10637 10636
f 10631 10632 10638
f 10631 10638 10637
f 10633 10634 10640
f 10633 10640 10639
f 10634 10635 10641
f 10634 10641 10640
f 10635 10636 10642
f 10635 10642 10641
f 10636 10637 10643
f 10636 10643 10642
f 10637 10638 10644
f 10637 10644 10643
f 10639 10640 10646
f 10639 10646 10645
f 10640 10641 10647
f 10640 10647 10646
f 10641 10642 10648
f 10641 10648 10647
f 10642 10643 10649
f 10642 10649 10648
f 10643 10644 10650
f 10643 10650 10649
f 10645 10646 10652
f 10645 10652 10651
f 10646 10647 10653
f 10646 10653 10652
f 10647 10648 10654
f 10647 10654 10653
f 10648 10649 10655
f 10648 10655 10654
f 10649 10650 10656
f 10649 10656 10655
f 10657 10658 10664
f 10657 10664 10663
f 10658 10659 10665
f 10658 10665 10664
f 10659 10660 10666
f 10659 10666 10665
f 10660 10661 10667
f 10660 10667 10666
f 10661 10662 10668
f 10661 10668 10667
f 10663 10664 10670
f 10663 10670 10669
f 10664 10665 10671
f 10664 10671 10670
f 10665 10666 10672
f 10665 10672 10671
f 10666 10667 10673
f 10666 10673 10672
f 10667 10668 10674
f 10667 10674 10673
f 10669 10670 10676
f 10669 10676 10675
f 10670 10671 10677
f 10670 10677 10676
f 10671 10672 10678
f 10671 10678 10677
f 10672 10673 10679
f 10672 10679 10678
f 10673 10674 10680
f 10673 10680 10679
f 10675 10676 10682
f 10675 10682 10681
f 10676 10677 10683
f 10676 10683 10682
f 10677 10678 10684
f 10677 10684 10683
f 10678 10679 10685
f 10678 10685 10684
f 10679 10680 10686
f 10679 10686 10685
f 10681 10682 10688
f 10681 10688 10687
f 10682 10683 10689
f 10682 10689 10688
f 10683 10684 10690
f 10683 10690 10689
f 10684 10685 10691
f 10684 10691 10690
f 10685 10686 10692
f 10685 10692 10691
g 약품장_0
v 3.9000 0.0000 -1.8000
v 3.9000 0.3600 -1.8000
v 3.9000 0.7200 -1.8000
v 3.9000 1.0800 -1.8000
v 3.9000 1.4400 -1.8000
v 3.9000 1.8000 -1.8000
v 4.2200 0.0000 -1.8000
v 4.2200 0.3600 -1.8000
v 4.2200 0.7200 -1.8000
v 4.2200 1.0800 -1.8000
v 4.2200 1.4400 -1.8000
v 4.2200 1.8000 -1.8000
v 4.5400 0.0000 -1.8000
v 4.5400 0.3600 -1.8000
v 4.5400 0.7200 -1.8000
v 4.5400 1.0800 -1.8000
v 4.5400 1.4400 -1.8000
v 4.5400 1.8000 -1.8000
v 4.8600 0.0000 -1.8000
v 4.8600 0.3600 -1.8000
v 4.8600 0.7200 -1.8000
v 4.8600 1.0800 -1.8000
v 4.8600 1.4400 -1.8000
v 4.8600 1.8000 -1.8000
v 5.1800 0.0000 -1.8000
v 5.1800 0.3600 -1.8000
v 5.1800 0.7200 -1.8000
v 5.1800 1.0800 -1.8000
v 5.1800 1.4400 -1.8000
v 5.1800 1.8000 -1.8000
v 5.5000 0.0000 -1.8000
v 5.5000 0.3600 -1.8000
v 5.5000 0.7200 -1.8000
v 5.5000 1.0800 -1.8000
v 5.5000 1.4400 -1.8000
v 5.5000 1.8000 -1.8000
v 5.5000 0.0000 -2.2000
v 5.5000 0.3600 -2.2000
v 5.5000 0.7200 -2.2000
v 5.5000 1.0800 -2.2000
v 5.5000 1.4400 -2.2000
v 5.5000 1.8000 -2.2000
v 5.1800 0.0000 -2.2000
v 5.1800 0.3600 -2.2000
v 5.1800 0.7200 -2.2000
v 5.1800 1.0800 -2.2000
v 5.1800 1.4400 -2.2000
v 5.1800 1.8000 -2.2000
v 4.8600 0.0000 -2.2000
v 4.8600 0.3600 -2.2000
v 4.8600 0.7200 -2.2000
v 4.8600 1.0800 -2.2000
v 4.8600 1.4400 -2.2000
v 4.8600 1.8000 -2.2000
v 4.5400 0.0000 -2.2000
v 4.5400 0.3600 -2.2000
v 4.5400 0.7200 -2.2000
v 4.5400 1.0800 -2.2000
v 4.5400 1.4400 -2.2000
v 4.5400 1.8000 -2.2000
v 4.2200 0.0000 -2.2000
v 4.2200 0.3600 -2.2000
v 4.2200 0.7200 -2.2000
v 4.2200 1.0800 -2.2000
v 4.2200 1.4400 -2.2000
v 4.2200 1.8000 -2.2000
v 3.9000 0.0000 -2.2000
v 3.9000 0.3600 -2.2000
v 3.9000 0.7200 -2.2000
v 3.9000 1.0800 -2.2000
v 3.9000 1.4400 -2.2000
v 3.9000 1.8000 -2.2000
v 3.9000 0.0000 -2.2000
v 3.9000 0.3600 -2.2000
v 3.9000 0.7200 -2.2000
v 3.9000 1.0800 -2.2000
v 3.9000 1.4400 -2.2000
v 3.9000 1.8000 -2.2000
v 3.9000 0.0000 -2.1200
v 3.9000 0.3600 -2.1200
v 3.9000 0.7200 -2.1200
v 3.9000 1.0800 -2.1200
v 3.9000 1.4400 -2.1200
v 3.9000 1.8000 -2.1200
v 3.9000 0.0000 -2.0400
v 3.9000 0.3600 -2.0400
v 3.9000 0.7200 -2.0400
v 3.9000 1.0800 -2.0400
v 3.9000 1.4400 -2.0400
v 3.9000 1.8000 -2.0400
v 3.9000 0.0000 -1.9600
v 3.9000 0.3600 -1.9600
v 3.9000 0.7200 -1.9600
v 3.9000 1.0800 -1.9600
v 3.9000 1.4400 -1.9600
v 3.9000 1.8000 -1.9600
v 3.9000 0.0000 -1.8800
v 3.9000 0.3600 -1.8800
v 3.9000 0.7200 -1.8800
v 3.9000 1.0800 -1.8800
v 3.9000 1.4400 -1.8800
v 3.9000 1.8000 -1.8800
v 3.9000 0.0000 -1.8000
v 3.9000 0.3600 -1.8000
v 3.9000 0.7200 -1.8000
v 3.9000 1.0800 -1.8000
v 3.9000 1.4400 -1.8000
v 3.9000 1.8000 -1.8000
v 5.5000 0.0000 -1.8000
v 5.5000 0.3600 -1.8000
v 5.5000 0.7200 -1.8000
v 5.5000 1.0800 -1.8000
v 5.5000 1.4400 -1.8000
v 5.5000 1.8000 -1.8000
v 5.5000 0.0000 -1.8800
v 5.5000 0.3600 -1.8800
v 5.5000 0.7200 -1.8800
v 5.5000 1.0800 -1.8800
v 5.5000 1.4400 -1.8800
v 5.5000 1.8000 -1.8800
v 5.5000 0.0000 -1.9600
v 5.5000 0.3600 -1.9600
v 5.5000 0.7200 -1.9600
v 5.5000 1.0800 -1.9600
v 5.5000 1.4400 -1.9600
v 5.5000 1.8000 -1.9600
v 5.5000 0.0000 -2.0400
v 5.5000 0.3600 -2.0400
v 5.5000 0.7200 -2.0400
v 5.5000 1.0800 -2.0400
v 5.5000 1.4400 -2.0400
v 5.5000 1.8000 -2.0400
v 5.5000 0.0000 -2.1200
v 5.5000 0.3600 -2.1200
v 5.5000 0.7200 -2.1200
v 5.5000 1.0800 -2.1200
v 5.5000 1.4400 -2.1200
v 5.5000 1.8000 -2.1200
v 5.5000 0.0000 -2.2000
v 5.5000 0.3600 -2.2000
v 5.5000 0.7200 -2.2000
v 5.5000 1.0800 -2.2000
v 5.5000 1.4400 -2.2000
v 5.5000 1.8000 -2.2000
v 3.9000 1.8000 -2.2000
v 3.9000 1.8000 -2.1200
v 3.9000 1.8000 -2.0400
v 3.9000 1.8000 -1.9600
v 3.9000 1.8000 -1.8800
v 3.9000 1.8000 -1.8000
v 4.2200 1.8000 -2.2000
v 4.2200 1.8000 -2.1200
v 4.2200 1.8000 -2.0400
v 4.2200 1.8000 -1.9600
v 4.2200 1.8000 -1.8800
v 4.2200 1.8000 -1.8000
v 4.5400 1.8000 -2.2000
v 4.5400 1.8000 -2.1200
v 4.5400 1.8000 -2.0400
v 4.5400 1.8000 -1.9600
v 4.5400 1.8000 -1.8800
v 4.5400 1.8000 -1.8000
v 4.8600 1.8000 -2.2000
v 4.8600 1.8000 -2.1200
v 4.8600 1.8000 -2.0400
v 4.8600 1.8000 -1.9600
v 4.8600 1.8000 -1.8800
v 4.8600 1.8000 -1.8000
v 5.1800 1.8000 -2.2000
v 5.1800 1.8000 -2.1200
v 5.1800 1.8000 -2.0400
v 5.1800 1.8000 -1.9600
v 5.1800 1.8000 -1.8800
v 5.1800 1.8000 -1.8000
v 5.5000 1.8000 -2.2000
v 5.5000 1.8000 -2.1200
v 5.5000 1.8000 -2.0400
v 5.5000 1.8000 -1.9600
v 5.5000 1.8000 -1.8800
v 5.5000 1.8000 -1.8000
v 3.9000 0.0000 -1.8000
v 3.9000 0.0000 -1.8800
v 3.9000 0.0000 -1.9600
v 3.9000 0.0000 -2.0400
v 3.9000 0.0000 -2.1200
v 3.9000 0.0000 -2.2000
v 4.2200 0.0000 -1.8000
v 4.2200 0.0000 -1.8800
v 4.2200 0.0000 -1.9600
v 4.2200 0.0000 -2.0400
v 4.2200 0.0000 -2.1200
v 4.2200 0.0000 -2.2000
v 4.5400 0.0000 -1.8000
v 4.5400 0.0000 -1.8800
v 4.5400 0.0000 -1.9600
v 4.5400 0.0000 -2.0400
v 4.5400 0.0000 -2.1200
v 4.5400 0.0000 -2.2000
v 4.8600 0.0000 -1.8000
v 4.8600 0.0000 -1.8800
v 4.8600 0.0000 -1.9600
v 4.8600 0.0000 -2.0400
v 4.8600 0.0000 -2.1200
v 4.8600 0.0000 -2.2000
v 5.1800 0.0000 -1.8000
v 5.1800 0.0000 -1.8800
v 5.1800 0.0000 -1.9600
v 5.1800 0.0000 -2.0400
v 5.1800 0.0000 -2.1200
v 5.1800 0.0000 -2.2000
v 5.5000 0.0000 -1.8000
v 5.5000 0.0000 -1.8800
v 5.5000 0.0000 -1.9600
v 5.5000 0.0000 -2.0400
v 5.5000 0.0000 -2.1200
v 5.5000 0.0000 -2.2000
f 10693 10694 10700
f 10693 10700 10699
f 10694 10695 10701
f 10694 10701 10700
f 10695 10696 10702
f 10695 10702 10701
f 10696 10697 10703
f 10696 10703 10702
f 10697 10698 10704
f 10697 10704 10703
f 10699 10700 10706
f 10699 10706 10705
f 10700 10701 10707
f 10700 10707 10706
f 10701 10702 10708
f 10701 10708 10707
f 10702 10703 10709
f 10702 10709 10708
f 10703 10704 10710
f 10703 10710 10709
f 10705 10706 10712
f 10705 10712 10711
f 10706 10707 10713
f 10706 10713 10712
f 10707 10708 10714
f 10707 10714 10713
f 10708 10709 10715
f 10708 10715 10714
f 10709 10710 10716
f 10709 10716 10715
f 10711 10712 10718
f 10711 10718 10717
f 10712 10713 10719
f 10712 10719 10718
f 10713 10714 10720
f 10713 10720 10719
f 10714 10715 10721
f 10714 10721 10720
f 10715 10716 10722
f 10715 10722 10721
f 10717 10718 10724
f 10717 10724 10723
f 10718 10719 10725
f 10718 10725 10724
f 10719 10720 10726
f 10719 10726 10725
f 10720 10721 10727
f 10720 10727 10726
f 10721 10722 10728
f 10721 10728 10727
f 10729 10730 10736
f 10729 10736 10735
f 10730 10731 10737
f 10730 10737 10736
f 10731 10732 10738
f 10731 10738 10737
f 10732 10733 10739
f 10732 10739 10738
f 10733 10734 10740
f 10733 10740 10739
f 10735 10736 10742
f 10735 10742 10741
f 10736 10737 10743
f 10736 10743 10742
f 10737 10738 10744
f 10737 10744 10743
f 10738 10739 10745
f 10738 10745 10744
f 10739 10740 10746
f 10739 10746 10745
f 10741 10742 10748
f 10741 10748 10747
f 10742 10743 10749
f 10742 10749 10748
f 10743 10744 10750
f 10743 10750 10749
f 10744 10745 10751
f 10744 10751 10750
f 10745 10746 10752
f 10745 10752 10751
f 10747 10748 10754
f 10747 10754 10753
f 10748 10749 10755
f 10748 10755 10754
f 10749 10750 10756
f 10749 10756 10755
f 10750 10751 10757
f 10750 10757 10756
f 10751 10752 10758
f 10751 10758 10757
f 10753 10754 10760
f 10753 10760 10759
f 10754 10755 10761
f 10754 10761 10760
f 10755 10756 10762
f 10755 10762 10761
f 10756 10757 10763
f 10756 10763 10762
f 10757 10758 10764
f 10757 10764 10763
f 10765 10766 10772
f 10765 10772 10771
f 10766 10767 10773
f 10766 10773 10772
f 10767 10768 10774
f 10767 10774 10773
f 10768 10769 10775
f 10768 10775 10774
f 10769 10770 10776
f 10769 10776 10775
f 10771 10772 10778
f 10771 10778 10777
f 10772 10773 10779
f 10772 10779 10778
f 10773 10774 10780
f 10773 10780 10779
f 10774 10775 10781
f 10774 10781 10780
f 10775 10776 10782
f 10775 10782 10781
f 10777 10778 10784
f 10777 10784 10783
f 10778 10779 10785
f 10778 10785 10784
f 10779 10780 10786
f 10779 10786 10785
f 10780 10781 10787
f 10780 10787 10786
f 10781 10782 10788
f 10781 10788 10787
f 10783 10784 10790
f 10783 10790 10789
f 10784 10785 10791
f 10784 10791 10790
f 10785 10786 10792
f 10785 10792 10791
f 10786 10787 10793
f 10786 10793 10792
f 10787 10788 10794
f 10787 10794 10793
f 10789 10790 10796
f 10789 10796 10795
f 10790 10791 10797
f 10790 10797 10796
f 10791 10792 10798
f 10791 10798 10797
f 10792 10793 10799
f 10792 10799 10798
f 10793 10794 10800
f 10793 10800 10799
f 10801 10802 10808
f 10801 10808 10807
f 10802 10803 10809
f 10802 10809 10808
f 10803 10804 10810
f 10803 10810 10809
f 10804 10805 10811
f 10804 10811 10810
f 10805 10806 10812
f 10805 10812 10811
f 10807 10808 10814
f 10807 10814 10813
f 10808 10809 10815
f 10808 10815 10814
f 10809 10810 10816
f 10809 10816 10815
f 10810 10811 10817
f 10810 10817 10816
f 10811 10812 10818
f 10811 10818 10817
f 10813 10814 10820
f 10813 10820 10819
f 10814 10815 10821
f 10814 10821 10820
f 10815 10816 10822
f 10815 10822 10821
f 10816 10817 10823
f 10816 10823 10822
f 10817 10818 10824
f 10817 10824 10823
f 10819 10820 10826
f 10819 10826 10825
f 10820 10821 10827
f 10820 10827 10826
f 10821 10822 10828
f 10821 10828 10827
f 10822 10823 10829
f 10822 10829 10828
f 10823 10824 10830
f 10823 10830 10829
f 10825 10826 10832
f 10825 10832 10831
f 10826 10827 10833
f 10826 10833 10832
f 10827 10828 10834
f 10827 10834 10833
f 10828 10829 10835
f 10828 10835 10834
f 10829 10830 10836
f 10829 10836 10835
f 10837 10838 10844
f 10837 10844 10843
f 10838 10839 10845
f 10838 10845 10844
f 10839 10840 10846
f 10839 10846 10845
f 10840 10841 10847
f 10840 10847 10846
f 10841 10842 10848
f 10841 10848 10847
f 10843 10844 10850
f 10843 10850 10849
f 10844 10845 10851
f 10844 10851 10850
f 10845 10846 10852
f 10845 10852 10851
f 10846 10847 10853
f 10846 10853 10852
f 10847 10848 10854
f 10847 10854 10853
f 10849 10850 10856
f 10849 10856 10855
f 10850 10851 10857
f 10850 10857 10856
f 10851 10852 10858
f 10851 10858 10857
f 10852 10853 10859
f 10852 10859 10858
f 10853 10854 10860
f 10853 10860 10859
f 10855 10856 10862
f 10855 10862 10861
f 10856 10857 10863
f 10856 10863 10862
f 10857 10858 10864
f 10857 10864 10863
f 10858 10859 10865
f 10858 10865 10864
f 10859 10860 10866
f 10859 10866 10865
f 10861 10862 10868
f 10861 10868 10867
f 10862 10863 10869
f 10862 10869 10868
f 10863 10864 10870
f 10863 10870 10869
f 10864 10865 10871
f 10864 10871 10870
f 10865 10866 10872
f 10865 10872 10871
f 10873 10874 10880
f 10873 10880 10879
f 10874 10875 10881
f 10874 10881 10880
f 10875 10876 10882
f 10875 10882 10881
f 10876 10877 10883
f 10876 10883 10882
f 10877 10878 10884
f 10877 10884 10883
f 10879 10880 10886
f 10879 10886 10885
f 10880 10881 10887
f 10880 10887 10886
f 10881 10882 10888
f 10881 10888 10887
f 10882 10883 10889
f 10882 10889 10888
f 10883 10884 10890
f 10883 10890 10889
f 10885 10886 10892
f 10885 10892 10891
f 10886 10887 10893
f 10886 10893 10892
f 10887 10888 10894
f 10887 10894 10893
f 10888 10889 10895
f 10888 10895 10894
f 10889 10890 10896
f 10889 10896 10895
f 10891 10892 10898
f 10891 10898 10897
f 10892 10893 10899
f 10892 10899 10898
f 10893 10894 10900
f 10893 10900 10899
f 10894 10895 10901
f 10894 10901 10900
f 10895 10896 10902
f 10895 10902 10901
f 10897 10898 10904
f 10897 10904 10903
f 10898 10899 10905
f 10898 10905 10904
f 10899 10900 10906
f 10899 10906 10905
f 10900 10901 10907
f 10900 10907 10906
f 10901 10902 10908
f 10901 10908 10907
g 약품장_1
v 3.9000 0.0000 2.2000
v 3.9000 0.3600 2.2000
v 3.9000 0.7200 2.2000
v 3.9000 1.0800 2.2000
v 3.9000 1.4400 2.2000
v 3.9000 1.8000 2.2000
v 4.2200 0.0000 2.2000
v 4.2200 0.3600 2.2000
v 4.2200 0.7200 2.2000
v 4.2200 1.0800 2.2000
v 4.2200 1.4400 2.2000
v 4.2200 1.8000 2.2000
v 4.5400 0.0000 2.2000
v 4.5400 0.3600 2.2000
v 4.5400 0.7200 2.2000
v 4.5400 1.0800 2.2000
v 4.5400 1.4400 2.2000
v 4.5400 1.8000 2.2000
v 4.8600 0.0000 2.2000
v 4.8600 0.3600 2.2000
v 4.8600 0.7200 2.2000
v 4.8600 1.0800 2.2000
v 4.8600 1.4400 2.2000
v 4.8600 1.8000 2.2000
v 5.1800 0.0000 2.2000
v 5.1800 0.3600 2.2000
v 5.1800 0.7200 2.2000
v 5.1800 1.0800 2.2000
v 5.1800 1.4400 2.2000
v 5.1800 1.8000 2.2000
v 5.5000 0.0000 2.2000
v 5.5000 0.3600 2.2000
v 5.5000 0.7200 2.2000
v 5.5000 1.0800 2.2000
v 5.5000 1.4400 2.2000
v 5.5000 1.8000 2.2000
v 5.5000 0.0000 1.8000
v 5.5000 0.3600 1.8000
v 5.5000 0.7200 1.8000
v 5.5000 1.0800 1.8000
v 5.5000 1.4400 1.8000
v 5.5000 1.8000 1.8000
v 5.1800 0.0000 1.8000
v 5.1800 0.3600 1.8000
v 5.1800 0.7200 1.8000
v 5.1800 1.0800 1.8000
v 5.1800 1.4400 1.8000
v 5.1800 1.8000 1.8000
v 4.8600 0.0000 1.8000
v 4.8600 0.3600 1.8000
v 4.8600 0.7200 1.8000
v 4.8600 1.0800 1.8000
v 4.8600 1.4400 1.8000
v 4.8600 1.8000 1.8000
v 4.5400 0.0000 1.8000
v 4.5400 0.3600 1.8000
v 4.5400 0.7200 1.8000
v 4.5400 1.0800 1.8000
v 4.5400 1.4400 1.8000
v 4.5400 1.8000 1.8000
v 4.2200 0.0000 1.8000
v 4.2200 0.3600 1.8000
v 4.2200 0.7200 1.8000
v 4.2200 1.0800 1.8000
v 4.2200 1.4400 1.8000
v 4.2200 1.8000 1.8000
v 3.9000 0.0000 1.8000
v 3.9000 0.3600 1.8000
v 3.9000 0.7200 1.8000
v 3.9000 1.0800 1.8000
v 3.9000 1.4400 1.8000
v 3.9000 1.8000 1.8000
v 3.9000 0.0000 1.8000
v 3.9000 0.3600 1.8000
v 3.9000 0.7200 1.8000
v 3.9000 1.0800 1.8000
v 3.9000 1.4400 1.8000
v 3.9000 1.8000 1.8000
v 3.9000 0.0000 1.8800
v 3.9000 0.3600 1.8800
v 3.9000 0.7200 1.8800
v 3.9000 1.0800 1.8800
v 3.9000 1.4400 1.8800
v 3.9000 1.8000 1.8800
v 3.9000 0.0000 1.9600
v 3.9000 0.3600 1.9600
v 3.9000 0.7200 1.9600
v 3.9000 1.0800 1.9600
v 3.9000 1.4400 1.9600
v 3.9000 1.8000 1.9600
v 3.9000 0.0000 2.0400
v 3.9000 0.3600 2.0400
v 3.9000 0.7200 2.0400
v 3.9000 1.0800 2.0400
v 3.9000 1.4400 2.0400
v 3.9000 1.8000 2.0400
v 3.9000 0.0000 2.1200
v 3.9000 0.3600 2.1200
v 3.9000 0.7200 2.1200
v 3.9000 1.0800 2.1200
v 3.9000 1.4400 2.1200
v 3.9000 1.8000 2.1200
v 3.9000 0.0000 2.2000
v 3.9000 0.3600 2.2000
v 3.9000 0.7200 2.2000
v 3.9000 1.0800 2.2000
v 3.9000 1.4400 2.2000
v 3.9000 1.8000 2.2000
v 5.5000 0.0000 2.2000
v 5.5000 0.3600 2.2000
v 5.5000 0.7200 2.2000
v 5.5000 1.0800 2.2000
v 5.5000 1.4400 2.2000
v 5.5000 1.8000 2.2000
v 5.5000 0.0000 2.1200
v 5.5000 0.3600 2.1200
v 5.5000 0.7200 2.1200
v 5.5000 1.0800 2.1200
v 5.5000 1.4400 2.1200
v 5.5000 1.8000 2.1200
v 5.5000 0.0000 2.0400
v 5.5000 0.3600 2.0400
v 5.5000 0.7200 2.0400
v 5.5000 1.0800 2.0400
v 5.5000 1.4400 2.0400
v 5.5000 1.8000 2.0400
v 5.5000 0.0000 1.9600
v 5.5000 0.3600 1.9600
v 5.5000 0.7200 1.9600
v 5.5000 1.0800 1.9600
v 5.5000 1.4400 1.9600
v 5.5000 1.8000 1.9600
v 5.5000 0.0000 1.8800
v 5.5000 0.3600 1.8800
v 5.5000 0.7200 1.8800
v 5.5000 1.0800 1.8800
v 5.5000 1.4400 1.8800
v 5.5000 1.8000 1.8800
v 5.5000 0.0000 1.8000
v 5.5000 0.3600 1.8000
v 5.5000 0.7200 1.8000
v 5.5000 1.0800 1.8000
v 5.5000 1.4400 1.8000
v 5.5000 1.8000 1.8000
v 3.9000 1.8000 1.8000
v 3.9000 1.8000 1.8800
v 3.9000 1.8000 1.9600
v 3.9000 1.8000 2.0400
v 3.9000 1.8000 2.1200
v 3.9000 1.8000 2.2000
v 4.2200 1.8000 1.8000
v 4.2200 1.8000 1.8800
v 4.2200 1.8000 1.9600
v 4.2200 1.8000 2.0400
v 4.2200 1.8000 2.1200
v 4.2200 1.8000 2.2000
v 4.5400 1.8000 1.8000
v 4.5400 1.8000 1.8800
v 4.5400 1.8000 1.9600
v 4.5400 1.8000 2.0400
v 4.5400 1.8000 2.1200
v 4.5400 1.8000 2.2000
v 4.8600 1.8000 1.8000
v 4.8600 1.8000 1.8800
v 4.8600 1.8000 1.9600
v 4.8600 1.8000 2.0400
v 4.8600 1.8000 2.1200
v 4.8600 1.8000 2.2000
v 5.1800 1.8000 1.8000
v 5.1800 1.8000 1.8800
v 5.1800 1.8000 1.9600
v 5.1800 1.8000 2.0400
v 5.1800 1.8000 2.1200
v 5.1800 1.8000 2.2000
v 5.5000 1.8000 1.8000
v 5.5000 1.8000 1.8800
v 5.5000 1.8000 1.9600
v 5.5000 1.8000 2.0400
v 5.5000 1.8000 2.1200
v 5.5000 1.8000 2.2000
v 3.9000 0.0000 2.2000
v 3.9000 0.0000 2.1200
v 3.9000 0.0000 2.0400
v 3.9000 0.0000 1.9600
v 3.9000 0.0000 1.8800
v 3.9000 0.0000 1.8000
v 4.2200 0.0000 2.2000
v 4.2200 0.0000 2.1200
v 4.2200 0.0000 2.0400
v 4.2200 0.0000 1.9600
v 4.2200 0.0000 1.8800
v 4.2200 0.0000 1.8000
v 4.5400 0.0000 2.2000
v 4.5400 0.0000 2.1200
v 4.5400 0.0000 2.0400
v 4.5400 0.0000 1.9600
v 4.5400 0.0000 1.8800
v 4.5400 0.0000 1.8000
v 4.8600 0.0000 2.2000
v 4.8600 0.0000 2.1200
v 4.8600 0.0000 2.0400
v 4.8600 0.0000 1.9600
v 4.8600 0.0000 1.8800
v 4.8600 0.0000 1.8000
v 5.1800 0.0000 2.2000
v 5.1800 0.0000 2.1200
v 5.1800 0.0000 2.0400
v 5.1800 0.0000 1.9600
v 5.1800 0.0000 1.8800
v 5.1800 0.0000 1.8000
v 5.5000 0.0000 2.2000
v 5.5000 0.0000 2.1200
v 5.5000 0.0000 2.0400
v 5.5000 0.0000 1.9600
v 5.5000 0.0000 1.8800
v 5.5000 0.0000 1.8000
f 10909 10910 10916
f 10909 10916 10915
f 10910 10911 10917
f 10910 10917 10916
f 10911 10912 10918
f 10911 10918 10917
f 10912 10913 10919
f 10912 10919 10918
f 10913 10914 10920
f 10913 10920 10919
f 10915 10916 10922
f 10915 10922 10921
f 10916 10917 10923
f 10916 10923 10922
f 10917 10918 10924
f 10917 10924 10923
f 10918 10919 10925
f 10918 10925 10924
f 10919 10920 10926
f 10919 10926 10925
f 10921 10922 10928
f 10921 10928 10927
f 10922 10923 10929
f 10922 10929 10928
f 10923 10924 10930
f 10923 10930 10929
f 10924 10925 10931
f 10924 10931 10930
f 10925 10926 10932
f 10925 10932 10931
f 10927 10928 10934
f 10927 10934 10933
f 10928 10929 10935
f 10928 10935 10934
f 10929 10930 10936
f 10929 10936 10935
f 10930 10931 10937
f 10930 10937 10936
f 10931 10932 10938
f 10931 10938 10937
f 10933 10934 10940
f 10933 10940 10939
f 10934 10935 10941
f 10934 10941 10940
f 10935 10936 10942
f 10935 10942 10941
f 10936 10937 10943
f 10936 10943 10942
f 10937 10938 10944
f 10937 10944 10943
f 10945 10946 10952
f 10945 10952 10951
f 10946 10947 10953
f 10946 10953 10952
f 10947 10948 10954
f 10947 10954 10953
f 10948 10949 10955
f 10948 10955 10954
f 10949 10950 10956
f 10949 10956 10955
f 10951 10952 10958
f 10951 10958 10957
f 10952 10953 10959
f 10952 10959 10958
f 10953 10954 10960
f 10953 10960 10959
f 10954 10955 10961
f 10954 10961 10960
f 10955 10956 10962
f 10955 10962 10961
f 10957 10958 10964
f 10957 10964 10963
f 10958 10959 10965
f 10958 10965 10964
f 10959 10960 10966
f 10959 10966 10965
f 10960 10961 10967
f 10960 10967 10966
f 10961 10962 10968
f 10961 10968 10967
f 10963 10964 10970
f 10963 10970 10969
f 10964 10965 10971
f 10964 10971 10970
f 10965 10966 10972
f 10965 10972 10971
f 10966 10967 10973
f 10966 10973 10972
f 10967 10968 10974
f 10967 10974 10973
f 10969 10970 10976
f 10969 10976 10975
f 10970 10971 10977
f 10970 10977 10976
f 10971 10972 10978
f 10971 10978 10977
f 10972 10973 10979
f 10972 10979 10978
f 10973 10974 10980
f 10973 10980 10979
f 10981 10982 10988
f 10981 10988 10987
f 10982 10983 10989
f 10982 10989 10988
f 10983 10984 10990
f 10983 10990 10989
f 10984 10985 10991
f 10984 10991 10990
f 10985 10986 10992
f 10985 10992 10991
f 10987 10988 10994
f 10987 10994 10993
f 10988 10989 10995
f 10988 10995 10994
f 10989 10990 10996
f 10989 10996 10995
f 10990 10991 10997
f 10990 10997 10996
f 10991 10992 10998
f 10991 10998 10997
f 10993 10994 11000
f 10993 11000 10999
f 10994 10995 11001
f 10994 11001 11000
f 10995 10996 11002
f 10995 11002 11001
f 10996 10997 11003
f 10996 11003 11002
f 10997 10998 11004
f 10997 11004 11003
f 10999 11000 11006
f 10999 11006 11005
f 11000 11001 11007
f 11000 11007 11006
f 11001 11002 11008
f 11001 11008 11007
f 11002 11003 11009
f 11002 11009 11008
f 11003 11004 11010
f 11003 11010 11009
f 11005 11006 11012
f 11005 11012 11011
f 11006 11007 11013
f 11006 11013 11012
f 11007 11008 11014
f 11007 11014 11013
f 11008 11009 11015
f 11008 11015 11014
f 11009 11010 11016
f 11009 11016 11015
f 11017 11018 11024
f 11017 11024 11023
f 11018 11019 11025
f 11018 11025 11024
f 11019 11020 11026
f 11019 11026 11025
f 11020 11021 11027
f 11020 11027 11026
f 11021 11022 11028
f 11021 11028 11027
f 11023 11024 11030
f 11023 11030 11029
f 11024 11025 11031
f 11024 11031 11030
f 11025 11026 11032
f 11025 11032 11031
f 11026 11027 11033
f 11026 11033 11032
f 11027 11028 11034
f 11027 11034 11033
f 11029 11030 11036
f 11029 11036 11035
f 11030 11031 11037
f 11030 11037 11036
f 11031 11032 11038
f 11031 11038 11037
f 11032 11033 11039
f 11032 11039 11038
f 11033 11034 11040
f 11033 11040 11039
f 11035 11036 11042
f 11035 11042 11041
f 11036 11037 11043
f 11036 11043 11042
f 11037 11038 11044
f 11037 11044 11043
f 11038 11039 11045
f 11038 11045 11044
f 11039 11040 11046
f 11039 11046 11045
f 11041 11042 11048
f 11041 11048 11047
f 11042 11043 11049
f 11042 11049 11048
f 11043 11044 11050
f 11043 11050 11049
f 11044 11045 11051
f 11044 11051 11050
f 11045 11046 11052
f 11045 11052 11051
f 11053 11054 11060
f 11053 11060 11059
f 11054 11055 11061
f 11054 11061 11060
f 11055 11056 11062
f 11055 11062 11061
f 11056 11057 11063
f 11056 11063 11062
f 11057 11058 11064
f 11057 11064 11063
f 11059 11060 11066
f 11059 11066 11065
f 11060 11061 11067
f 11060 11067 11066
f 11061 11062 11068
f 11061 11068 11067
f 11062 11063 11069
f 11062 11069 11068
f 11063 11064 11070
f 11063 11070 11069
f 11065 11066 11072
f 11065 11072 11071
f 11066 11067 11073
f 11066 11073 11072
f 11067 11068 11074
f 11067 11074 11073
f 11068 11069 11075
f 11068 11075 11074
f 11069 11070 11076
f 11069 11076 11075
f 11071 11072 11078
f 11071 11078 11077
f 11072 11073 11079
f 11072 11079 11078
f 11073 11074 11080
f 11073 11080 11079
f 11074 11075 11081
f 11074 11081 11080
f 11075 11076 11082
f 11075 11082 11081
f 11077 11078 11084
f 11077 11084 11083
f 11078 11079 11085
f 11078 11085 11084
f 11079 11080 11086
f 11079 11086 11085
f 11080 11081 11087
f 11080 11087 11086
f 11081 11082 11088
f 11081 11088 11087
f 11089 11090 11096
f 11089 11096 11095
f 11090 11091 11097
f 11090 11097 11096
f 11091 11092 11098
f 11091 11098 11097
f 11092 11093 11099
f 11092 11099 11098
f 11093 11094 11100
f 11093 11100 11099
f 11095 11096 11102
f 11095 11102 11101
f 11096 11097 11103
f 11096 11103 11102
f 11097 11098 11104
f 11097 11104 11103
f 11098 11099 11105
f 11098 11105 11104
f 11099 11100 11106
f 11099 11106 11105
f 11101 11102 11108
f 11101 11108 11107
f 11102 11103 11109
f 11102 11109 11108
f 11103 11104 11110
f 11103 11110 11109
f 11104 11105 11111
f 11104 11111 11110
f 11105 11106 11112
f 11105 11112 11111
f 11107 11108 11114
f 11107 11114 11113
f 11108 11109 11115
f 11108 11115 11114
f 11109 11110 11116
f 11109 11116 11115
f 11110 11111 11117
f 11110 11117 11116
f 11111 11112 11118
f 11111 11118 11117
f 11113 11114 11120
f 11113 11120 11119
f 11114 11115 11121
f 11114 11121 11120
f 11115 11116 11122
f 11115 11122 11121
f 11116 11117 11123
f 11116 11123 11122
f 11117 11118 11124
f 11117 11124 11123
g 처치대_0
v -0.7000 0.0000 3.5500
v -0.7000 0.1800 3.5500
v -0.7000 0.3600 3.5500
v -0.7000 0.5400 3.5500
v -0.7000 0.7200 3.5500
v -0.7000 0.9000 3.5500
v -0.4200 0.0000 3.5500
v -0.4200 0.1800 3.5500
v -0.4200 0.3600 3.5500
v -0.4200 0.5400 3.5500
v -0.4200 0.7200 3.5500
v -0.4200 0.9000 3.5500
v -0.1400 0.0000 3.5500
v -0.1400 0.1800 3.5500
v -0.1400 0.3600 3.5500
v -0.1400 0.5400 3.5500
v -0.1400 0.7200 3.5500
v -0.1400 0.9000 3.5500
v 0.1400 0.0000 3.5500
v 0.1400 0.1800 3.5500
v 0.1400 0.3600 3.5500
v 0.1400 0.5400 3.5500
v 0.1400 0.7200 3.5500
v 0.1400 0.9000 3.5500
v 0.4200 0.0000 3.5500
v 0.4200 0.1800 3.5500
v 0.4200 0.3600 3.5500
v 0.4200 0.5400 3.5500
v 0.4200 0.7200 3.5500
v 0.4200 0.9000 3.5500
v 0.7000 0.0000 3.5500
v 0.7000 0.1800 3.5500
v 0.7000 0.3600 3.5500
v 0.7000 0.5400 3.5500
v 0.7000 0.7200 3.5500
v 0.7000 0.9000 3.5500
v 0.7000 0.0000 2.8500
v 0.7000 0.1800 2.8500
v 0.7000 0.3600 2.8500
v 0.7000 0.5400 2.8500
v 0.7000 0.7200 2.8500
v 0.7000 0.9000 2.8500
v 0.4200 0.0000 2.8500
v 0.4200 0.1800 2.8500
v 0.4200 0.3600 2.8500
v 0.4200 0.5400 2.8500
v 0.4200 0.7200 2.8500
v 0.4200 0.9000 2.8500
v 0.1400 0.0000 2.8500
v 0.1400 0.1800 2.8500
v 0.1400 0.3600 2.8500
v 0.1400 0.5400 2.8500
v 0.1400 0.7200 2.8500
v 0.1400 0.9000 2.8500
v -0.1400 0.0000 2.8500
v -0.1400 0.1800 2.8500
v -0.1400 0.3600 2.8500
v -0.1400 0.5400 2.8500
v -0.1400 0.7200 2.8500
v -0.1400 0.9000 2.8500
v -0.4200 0.0000 2.8500
v -0.4200 0.1800 2.8500
v -0.4200 0.3600 2.8500
v -0.4200 0.5400 2.8500
v -0.4200 0.7200 2.8500
v -0.4200 0.9000 2.8500
v -0.7000 0.0000 2.8500
v -0.7000 0.1800 2.8500
v -0.7000 0.3600 2.8500
v -0.7000 0.5400 2.8500
v -0.7000 0.7200 2.8500
v -0.7000 0.9000 2.8500
v -0.7000 0.0000 2.8500
v -0.7000 0.1800 2.8500
v -0.7000 0.3600 2.8500
v -0.7000 0.5400 2.8500
v -0.7000 0.7200 2.8500
v -0.7000 0.9000 2.8500
v -0.7000 0.0000 2.9900
v -0.7000 0.1800 2.9900
v -0.7000 0.3600 2.9900
v -0.7000 0.5400 2.9900
v -0.7000 0.7200 2.9900
v -0.7000 0.9000 2.9900
v -0.7000 0.0000 3.1300
v -0.7000 0.1800 3.1300
v -0.7000 0.3600 3.1300
v -0.7000 0.5400 3.1300
v -0.7000 0.7200 3.1300
v -0.7000 0.9000 3.1300
v -0.7000 0.0000 3.2700
v -0.7000 0.1800 3.2700
v -0.7000 0.3600 3.2700
v -0.7000 0.5400 3.2700
v -0.7000 0.7200 3.2700
v -0.7000 0.9000 3.2700
v -0.7000 0.0000 3.4100
v -0.7000 0.1800 3.4100
v -0.7000 0.3600 3.4100
v -0.7000 0.5400 3.4100
v -0.7000 0.7200 3.4100
v -0.7000 0.9000 3.4100
v -0.7000 0.0000 3.5500
v -0.7000 0.1800 3.5500
v -0.7000 0.3600 3.5500
v -0.7000 0.5400 3.5500
v -0.7000 0.7200 3.5500
v -0.7000 0.9000 3.5500
v 0.7000 0.0000 3.5500
v 0.7000 0.1800 3.5500
v 0.7000 0.3600 3.5500
v 0.7000 0.5400 3.5500
v 0.7000 0.7200 3.5500
v 0.7000 0.9000 3.5500
v 0.7000 0.0000 3.4100
v 0.7000 0.1800 3.4100
v 0.7000 0.3600 3.4100
v 0.7000 0.5400 3.4100
v 0.7000 0.7200 3.4100
v 0.7000 0.9000 3.4100
v 0.7000 0.0000 3.2700
v 0.7000 0.1800 3.2700
v 0.7000 0.3600 3.2700
v 0.7000 0.5400 3.2700
v 0.7000 0.7200 3.2700
v 0.7000 0.9000 3.2700
v 0.7000 0.0000 3.1300
v 0.7000 0.1800 3.1300
v 0.7000 0.3600 3.1300
v 0.7000 0.5400 3.1300
v 0.7000 0.7200 3.1300
v 0.7000 0.9000 3.1300
v 0.7000 0.0000 2.9900
v 0.7000 0.1800 2.9900
v 0.7000 0.3600 2.9900
v 0.7000 0.5400 2.9900
v 0.7000 0.7200 2.9900
v 0.7000 0.9000 2.9900
v 0.7000 0.0000 2.8500
v 0.7000 0.1800 2.8500
v 0.7000 0.3600 2.8500
v 0.7000 0.5400 2.8500
v 0.7000 0.7200 2.8500
v 0.7000 0.9000 2.8500
v -0.7000 0.9000 2.8500
v -0.7000 0.9000 2.9900
v -0.7000 0.9000 3.1300
v -0.7000 0.9000 3.2700
v -0.7000 0.9000 3.4100
v -0.7000 0.9000 3.5500
v -0.4200 0.9000 2.8500
v -0.4200 0.9000 2.9900
v -0.4200 0.9000 3.1300
v -0.4200 0.9000 3.2700
v -0.4200 0.9000 3.4100
v -0.4200 0.9000 3.5500
v -0.1400 0.9000 2.8500
v -0.1400 0.9000 2.9900
v -0.1400 0.9000 3.1300
v -0.1400 0.9000 3.2700
v -0.1400 0.9000 3.4100
v -0.1400 0.9000 3.5500
v 0.1400 0.9000 2.8500
v 0.1400 0.9000 2.9900
v 0.1400 0.9000 3.1300
v 0.1400 0.9000 3.2700
v 0.1400 0.9000 3.4100
v 0.1400 0.9000 3.5500
v 0.4200 0.9000 2.8500
v 0.4200 0.9000 2.9900
v 0.4200 0.9000 3.1300
v 0.4200 0.9000 3.2700
v 0.4200 0.9000 3.4100
v 0.4200 0.9000 3.5500
v 0.7000 0.9000 2.8500
v 0.7000 0.9000 2.9900
v 0.7000 0.9000 3.1300
v 0.7000 0.9000 3.2700
v 0.7000 0.9000 3.4100
v 0.7000 0.9000 3.5500
v -0.7000 0.0000 3.5500
v -0.7000 0.0000 3.4100
v -0.7000 0.0000 3.2700
v -0.7000 0.0000 3.1300
v -0.7000 0.0000 2.9900
v -0.7000 0.0000 2.8500
v -0.4200 0.0000 3.5500
v -0.4200 0.0000 3.4100
v -0.4200 0.0000 3.2700
v -0.4200 0.0000 3.1300
v -0.4200 0.0000 2.9900
v -0.4200 0.0000 2.8500
v -0.1400 0.0000 3.5500
v -0.1400 0.0000 3.4100
v -0.1400 0.0000 3.2700
v -0.1400 0.0000 3.1300
v -0.1400 0.0000 2.9900
v -0.1400 0.0000 2.8500
v 0.1400 0.0000 3.5500
v 0.1400 0.0000 3.4100
v 0.1400 0.0000 3.2700
v 0.1400 0.0000 3.1300
v 0.1400 0.0000 2.9900
v 0.1400 0.0000 2.8500
v 0.4200 0.0000 3.5500
v 0.4200 0.0000 3.4100
v 0.4200 0.0000 3.2700
v 0.4200 0.0000 3.1300
v 0.4200 0.0000 2.9900
v 0.4200 0.0000 2.8500
v 0.7000 0.0000 3.5500
v 0.7000 0.0000 3.4100
v 0.7000 0.0000 3.2700
v 0.7000 0.0000 3.1300
v 0.7000 0.0000 2.9900
v 0.7000 0.0000 2.8500
f 11125 11126 11132
f 11125 11132 11131
f 11126 11127 11133
f 11126 11133 11132
f 11127 11128 11134
f 11127 11134 11133
f 11128 11129 11135
f 11128 11135 11134
f 11129 11130 11136
f 11129 11136 11135
f 11131 11132 11138
f 11131 11138 11137
f 11132 11133 11139
f 11132 11139 11138
f 11133 11134 11140
f 11133 11140 11139
f 11134 11135 11141
f 11134 11141 11140
f 11135 11136 11142
f 11135 11142 11141
f 11137 11138 11144
f 11137 11144 11143
f 11138 11139 11145
f 11138 11145 11144
f 11139 11140 11146
f 11139 11146 11145
f 11140 11141 11147
f 11140 11147 11146
f 11141 11142 11148
f 11141 11148 11147
f 11143 11144 11150
f 11143 11150 11149
f 11144 11145 11151
f 11144 11151 11150
f 11145 11146 11152
f 11145 11152 11151
f 11146 11147 11153
f 11146 11153 11152
f 11147 11148 11154
f 11147 11154 11153
f 11149 11150 11156
f 11149 11156 11155
f 11150 11151 11157
f 11150 11157 11156
f 11151 11152 11158
f 11151 11158 11157
f 11152 11153 11159
f 11152 11159 11158
f 11153 11154 11160
f 11153 11160 11159
f 11161 11162 11168
f 11161 11168 11167
f 11162 11163 11169
f 11162 11169 11168
f 11163 11164 11170
f 11163 11170 11169
f 11164 11165 11171
f 11164 11171 11170
f 11165 11166 11172
f 11165 11172 11171
f 11167 11168 11174
f 11167 11174 11173
f 11168 11169 11175
f 11168 11175 11174
f 11169 11170 11176
f 11169 11176 11175
f 11170 11171 11177
f 11170 11177 11176
f 11171 11172 11178
f 11171 11178 11177
f 11173 11174 11180
f 11173 11180 11179
f 11174 11175 11181
f 11174 11181 11180
f 11175 11176 11182
f 11175 11182 11181
f 11176 11177 11183
f 11176 11183 11182
f 11177 11178 11184
f 11177 11184 11183
f 11179 11180 11186
f 11179 11186 11185
f 11180 11181 11187
f 11180 11187 11186
f 11181 11182 11188
f 11181 11188 11187
f 11182 11183 11189
f 11182 11189 11188
f 11183 11184 11190
f 11183 11190 11189
f 11185 11186 11192
f 11185 11192 11191
f 11186 11187 11193
f 11186 11193 11192
f 11187 11188 11194
f 11187 11194 11193
f 11188 11189 11195
f 11188 11195 11194
f 11189 11190 11196
f 11189 11196 11195
f 11197 11198 11204
f 11197 11204 11203
f 11198 11199 11205
f 11198 11205 11204
f 11199 11200 11206
f 11199 11206 11205
f 11200 11201 11207
f 11200 11207 11206
f 11201 11202 11208
f 11201 11208 11207
f 11203 11204 11210
f 11203 11210 11209
f 11204 11205 11211
f 11204 11211 11210
f 11205 11206 11212
f 11205 11212 11211
f 11206 11207 11213
f 11206 11213 11212
f 11207 11208 11214
f 11207 11214 11213
f 11209 11210 11216
f 11209 11216 11215
f 11210 11211 11217
f 11210 11217 11216
f 11211 11212 11218
f 11211 11218 11217
f 11212 11213 11219
f 11212 11219 11218
f 11213 11214 11220
f 11213 11220 11219
f 11215 11216 11222
f 11215 11222 11221
f 11216 11217 11223
f 11216 11223 11222
f 11217 11218 11224
f 11217 11224 11223
f 11218 11219 11225
f 11218 11225 11224
f 11219 11220 11226
f 11219 11226 11225
f 11221 11222 11228
f 11221 11228 11227
f 11222 11223 11229
f 11222 11229 11228
f 11223 11224 11230
f 11223 11230 11229
f 11224 11225 11231
f 11224 11231 11230
f 11225 11226 11232
f 11225 11232 11231
f 11233 11234 11240
f 11233 11240 11239
f 11234 11235 11241
f 11234 11241 11240
f 11235 11236 11242
f 11235 11242 11241
f 11236 11237 11243
f 11236 11243 11242
f 11237 11238 11244
f 11237 11244 11243
f 11239 11240 11246
f 11239 11246 11245
f 11240 11241 11247
f 11240 11247 11246
f 11241 11242 11248
f 11241 11248 11247
f 11242 11243 11249
f 11242 11249 11248
f 11243 11244 11250
f 11243 11250 11249
f 11245 11246 11252
f 11245 11252 11251
f 11246 11247 11253
f 11246 11253 11252
f 11247 11248 11254
f 11247 11254 11253
f 11248 11249 11255
f 11248 11255 11254
f 11249 11250 11256
f 11249 11256 11255
f 11251 11252 11258
f 11251 11258 11257
f 11252 11253 11259
f 11252 11259 11258
f 11253 11254 11260
f 11253 11260 11259
f 11254 11255 11261
f 11254 11261 11260
f 11255 11256 11262
f 11255 11262 11261
f 11257 11258 11264
f 11257 11264 11263
f 11258 11259 11265
f 11258 11265 11264
f 11259 11260 11266
f 11259 11266 11265
f 11260 11261 11267
f 11260 11267 11266
f 11261 11262 11268
f 11261 11268 11267
f 11269 11270 11276
f 11269 11276 11275
f 11270 11271 11277
f 11270 11277 11276
f 11271 11272 11278
f 11271 11278 11277
f 11272 11273 11279
f 11272 11279 11278
f 11273 11274 11280
f 11273 11280 11279
f 11275 11276 11282
f 11275 11282 11281
f 11276 11277 11283
f 11276 11283 11282
f 11277 11278 11284
f 11277 11284 11283
f 11278 11279 11285
f 11278 11285 11284
f 11279 11280 11286
f 11279 11286 11285
f 11281 11282 11288
f 11281 11288 11287
f 11282 11283 11289
f 11282 11289 11288
f 11283 11284 11290
f 11283 11290 11289
f 11284 11285 11291
f 11284 11291 11290
f 11285 11286 11292
f 11285 11292 11291
f 11287 11288 11294
f 11287 11294 11293
f 11288 11289 11295
f 11288 11295 11294
f 11289 11290 11296
f 11289 11296 11295
f 11290 11291 11297
f 11290 11297 11296
f 11291 11292 11298
f 11291 11298 11297
f 11293 11294 11300
f 11293 11300 11299
f 11294 11295 11301
f 11294 11301 11300
f 11295 11296 11302
f 11295 11302 11301
f 11296 11297 11303
f 11296 11303 11302
f 11297 11298 11304
f 11297 11304 11303
f 11305 11306 11312
f 11305 11312 11311
f 11306 11307 11313
f 11306 11313 11312
f 11307 11308 11314
f 11307 11314 11313
f 11308 11309 11315
f 11308 11315 11314
f 11309 11310 11316
f 11309 11316 11315
f 11311 11312 11318
f 11311 11318 11317
f 11312 11313 11319
f 11312 11319 11318
f 11313 11314 11320
f 11313 11320 11319
f 11314 11315 11321
f 11314 11321 11320
f 11315 11316 11322
f 11315 11322 11321
f 11317 11318 11324
f 11317 11324 11323
f 11318 11319 11325
f 11318 11325 11324
f 11319 11320 11326
f 11319 11326 11325
f 11320 11321 11327
f 11320 11327 11326
f 11321 11322 11328
f 11321 11328 11327
f 11323 11324 11330
f 11323 11330 11329
f 11324 11325 11331
f 11324 11331 11330
f 11325 11326 11332
f 11325 11332 11331
f 11326 11327 11333
f 11326 11333 11332
f 11327 11328 11334
f 11327 11334 11333
f 11329 11330 11336
f 11329 11336 11335
f 11330 11331 11337
f 11330 11337 11336
f 11331 11332 11338
f 11331 11338 11337
f 11332 11333 11339
f 11332 11339 11338
f 11333 11334 11340
f 11333 11340 11339
