# 창고 — 블록아웃 (예산 25,000 tris)
# 삼각형 15552 · 조각 140
# 생성: tools/blockout — 손으로 고치지 말 것, 생성기를 고칠 것
g 바닥_0
v -7.5000 -0.0750 -3.0000
v -7.5000 -0.0250 -3.0000
v -7.5000 0.0250 -3.0000
v -7.5000 0.0750 -3.0000
v -6.5000 -0.0750 -3.0000
v -6.5000 -0.0250 -3.0000
v -6.5000 0.0250 -3.0000
v -6.5000 0.0750 -3.0000
v -5.5000 -0.0750 -3.0000
v -5.5000 -0.0250 -3.0000
v -5.5000 0.0250 -3.0000
v -5.5000 0.0750 -3.0000
v -4.5000 -0.0750 -3.0000
v -4.5000 -0.0250 -3.0000
v -4.5000 0.0250 -3.0000
v -4.5000 0.0750 -3.0000
v -4.5000 -0.0750 -6.0000
v -4.5000 -0.0250 -6.0000
v -4.5000 0.0250 -6.0000
v -4.5000 0.0750 -6.0000
v -5.5000 -0.0750 -6.0000
v -5.5000 -0.0250 -6.0000
v -5.5000 0.0250 -6.0000
v -5.5000 0.0750 -6.0000
v -6.5000 -0.0750 -6.0000
v -6.5000 -0.0250 -6.0000
v -6.5000 0.0250 -6.0000
v -6.5000 0.0750 -6.0000
v -7.5000 -0.0750 -6.0000
v -7.5000 -0.0250 -6.0000
v -7.5000 0.0250 -6.0000
v -7.5000 0.0750 -6.0000
v -7.5000 -0.0750 -6.0000
v -7.5000 -0.0250 -6.0000
v -7.5000 0.0250 -6.0000
v -7.5000 0.0750 -6.0000
v -7.5000 -0.0750 -5.0000
v -7.5000 -0.0250 -5.0000
v -7.5000 0.0250 -5.0000
v -7.5000 0.0750 -5.0000
v -7.5000 -0.0750 -4.0000
v -7.5000 -0.0250 -4.0000
v -7.5000 0.0250 -4.0000
v -7.5000 0.0750 -4.0000
v -7.5000 -0.0750 -3.0000
v -7.5000 -0.0250 -3.0000
v -7.5000 0.0250 -3.0000
v -7.5000 0.0750 -3.0000
v -4.5000 -0.0750 -3.0000
v -4.5000 -0.0250 -3.0000
v -4.5000 0.0250 -3.0000
v -4.5000 0.0750 -3.0000
v -4.5000 -0.0750 -4.0000
v -4.5000 -0.0250 -4.0000
v -4.5000 0.0250 -4.0000
v -4.5000 0.0750 -4.0000
v -4.5000 -0.0750 -5.0000
v -4.5000 -0.0250 -5.0000
v -4.5000 0.0250 -5.0000
v -4.5000 0.0750 -5.0000
v -4.5000 -0.0750 -6.0000
v -4.5000 -0.0250 -6.0000
v -4.5000 0.0250 -6.0000
v -4.5000 0.0750 -6.0000
v -7.5000 0.0750 -6.0000
v -7.5000 0.0750 -5.0000
v -7.5000 0.0750 -4.0000
v -7.5000 0.0750 -3.0000
v -6.5000 0.0750 -6.0000
v -6.5000 0.0750 -5.0000
v -6.5000 0.0750 -4.0000
v -6.5000 0.0750 -3.0000
v -5.5000 0.0750 -6.0000
v -5.5000 0.0750 -5.0000
v -5.5000 0.0750 -4.0000
v -5.5000 0.0750 -3.0000
v -4.5000 0.0750 -6.0000
v -4.5000 0.0750 -5.0000
v -4.5000 0.0750 -4.0000
v -4.5000 0.0750 -3.0000
v -7.5000 -0.0750 -3.0000
v -7.5000 -0.0750 -4.0000
v -7.5000 -0.0750 -5.0000
v -7.5000 -0.0750 -6.0000
v -6.5000 -0.0750 -3.0000
v -6.5000 -0.0750 -4.0000
v -6.5000 -0.0750 -5.0000
v -6.5000 -0.0750 -6.0000
v -5.5000 -0.0750 -3.0000
v -5.5000 -0.0750 -4.0000
v -5.5000 -0.0750 -5.0000
v -5.5000 -0.0750 -6.0000
v -4.5000 -0.0750 -3.0000
v -4.5000 -0.0750 -4.0000
v -4.5000 -0.0750 -5.0000
v -4.5000 -0.0750 -6.0000
f 1 2 6
f 1 6 5
f 2 3 7
f 2 7 6
f 3 4 8
f 3 8 7
f 5 6 10
f 5 10 9
f 6 7 11
f 6 11 10
f 7 8 12
f 7 12 11
f 9 10 14
f 9 14 13
f 10 11 15
f 10 15 14
f 11 12 16
f 11 16 15
f 17 18 22
f 17 22 21
f 18 19 23
f 18 23 22
f 19 20 24
f 19 24 23
f 21 22 26
f 21 26 25
f 22 23 27
f 22 27 26
f 23 24 28
f 23 28 27
f 25 26 30
f 25 30 29
f 26 27 31
f 26 31 30
f 27 28 32
f 27 32 31
f 33 34 38
f 33 38 37
f 34 35 39
f 34 39 38
f 35 36 40
f 35 40 39
f 37 38 42
f 37 42 41
f 38 39 43
f 38 43 42
f 39 40 44
f 39 44 43
f 41 42 46
f 41 46 45
f 42 43 47
f 42 47 46
f 43 44 48
f 43 48 47
f 49 50 54
f 49 54 53
f 50 51 55
f 50 55 54
f 51 52 56
f 51 56 55
f 53 54 58
f 53 58 57
f 54 55 59
f 54 59 58
f 55 56 60
f 55 60 59
f 57 58 62
f 57 62 61
f 58 59 63
f 58 63 62
f 59 60 64
f 59 64 63
f 65 66 70
f 65 70 69
f 66 67 71
f 66 71 70
f 67 68 72
f 67 72 71
f 69 70 74
f 69 74 73
f 70 71 75
f 70 75 74
f 71 72 76
f 71 76 75
f 73 74 78
f 73 78 77
f 74 75 79
f 74 79 78
f 75 76 80
f 75 80 79
f 81 82 86
f 81 86 85
f 82 83 87
f 82 87 86
f 83 84 88
f 83 88 87
f 85 86 90
f 85 90 89
f 86 87 91
f 86 91 90
f 87 88 92
f 87 92 91
f 89 90 94
f 89 94 93
f 90 91 95
f 90 95 94
f 91 92 96
f 91 96 95
g 바닥_1
v -7.5000 -0.0750 0.0000
v -7.5000 -0.0250 0.0000
v -7.5000 0.0250 0.0000
v -7.5000 0.0750 0.0000
v -6.5000 -0.0750 0.0000
v -6.5000 -0.0250 0.0000
v -6.5000 0.0250 0.0000
v -6.5000 0.0750 0.0000
v -5.5000 -0.0750 0.0000
v -5.5000 -0.0250 0.0000
v -5.5000 0.0250 0.0000
v -5.5000 0.0750 0.0000
v -4.5000 -0.0750 0.0000
v -4.5000 -0.0250 0.0000
v -4.5000 0.0250 0.0000
v -4.5000 0.0750 0.0000
v -4.5000 -0.0750 -3.0000
v -4.5000 -0.0250 -3.0000
v -4.5000 0.0250 -3.0000
v -4.5000 0.0750 -3.0000
v -5.5000 -0.0750 -3.0000
v -5.5000 -0.0250 -3.0000
v -5.5000 0.0250 -3.0000
v -5.5000 0.0750 -3.0000
v -6.5000 -0.0750 -3.0000
v -6.5000 -0.0250 -3.0000
v -6.5000 0.0250 -3.0000
v -6.5000 0.0750 -3.0000
v -7.5000 -0.0750 -3.0000
v -7.5000 -0.0250 -3.0000
v -7.5000 0.0250 -3.0000
v -7.5000 0.0750 -3.0000
v -7.5000 -0.0750 -3.0000
v -7.5000 -0.0250 -3.0000
v -7.5000 0.0250 -3.0000
v -7.5000 0.0750 -3.0000
v -7.5000 -0.0750 -2.0000
v -7.5000 -0.0250 -2.0000
v -7.5000 0.0250 -2.0000
v -7.5000 0.0750 -2.0000
v -7.5000 -0.0750 -1.0000
v -7.5000 -0.0250 -1.0000
v -7.5000 0.0250 -1.0000
v -7.5000 0.0750 -1.0000
v -7.5000 -0.0750 0.0000
v -7.5000 -0.0250 0.0000
v -7.5000 0.0250 0.0000
v -7.5000 0.0750 0.0000
v -4.5000 -0.0750 0.0000
v -4.5000 -0.0250 0.0000
v -4.5000 0.0250 0.0000
v -4.5000 0.0750 0.0000
v -4.5000 -0.0750 -1.0000
v -4.5000 -0.0250 -1.0000
v -4.5000 0.0250 -1.0000
v -4.5000 0.0750 -1.0000
v -4.5000 -0.0750 -2.0000
v -4.5000 -0.0250 -2.0000
v -4.5000 0.0250 -2.0000
v -4.5000 0.0750 -2.0000
v -4.5000 -0.0750 -3.0000
v -4.5000 -0.0250 -3.0000
v -4.5000 0.0250 -3.0000
v -4.5000 0.0750 -3.0000
v -7.5000 0.0750 -3.0000
v -7.5000 0.0750 -2.0000
v -7.5000 0.0750 -1.0000
v -7.5000 0.0750 0.0000
v -6.5000 0.0750 -3.0000
v -6.5000 0.0750 -2.0000
v -6.5000 0.0750 -1.0000
v -6.5000 0.0750 0.0000
v -5.5000 0.0750 -3.0000
v -5.5000 0.0750 -2.0000
v -5.5000 0.0750 -1.0000
v -5.5000 0.0750 0.0000
v -4.5000 0.0750 -3.0000
v -4.5000 0.0750 -2.0000
v -4.5000 0.0750 -1.0000
v -4.5000 0.0750 0.0000
v -7.5000 -0.0750 0.0000
v -7.5000 -0.0750 -1.0000
v -7.5000 -0.0750 -2.0000
v -7.5000 -0.0750 -3.0000
v -6.5000 -0.0750 0.0000
v -6.5000 -0.0750 -1.0000
v -6.5000 -0.0750 -2.0000
v -6.5000 -0.0750 -3.0000
v -5.5000 -0.0750 0.0000
v -5.5000 -0.0750 -1.0000
v -5.5000 -0.0750 -2.0000
v -5.5000 -0.0750 -3.0000
v -4.5000 -0.0750 0.0000
v -4.5000 -0.0750 -1.0000
v -4.5000 -0.0750 -2.0000
v -4.5000 -0.0750 -3.0000
f 97 98 102
f 97 102 101
f 98 99 103
f 98 103 102
f 99 100 104
f 99 104 103
f 101 102 106
f 101 106 105
f 102 103 107
f 102 107 106
f 103 104 108
f 103 108 107
f 105 106 110
f 105 110 109
f 106 107 111
f 106 111 110
f 107 108 112
f 107 112 111
f 113 114 118
f 113 118 117
f 114 115 119
f 114 119 118
f 115 116 120
f 115 120 119
f 117 118 122
f 117 122 121
f 118 119 123
f 118 123 122
f 119 120 124
f 119 124 123
f 121 122 126
f 121 126 125
f 122 123 127
f 122 127 126
f 123 124 128
f 123 128 127
f 129 130 134
f 129 134 133
f 130 131 135
f 130 135 134
f 131 132 136
f 131 136 135
f 133 134 138
f 133 138 137
f 134 135 139
f 134 139 138
f 135 136 140
f 135 140 139
f 137 138 142
f 137 142 141
f 138 139 143
f 138 143 142
f 139 140 144
f 139 144 143
f 145 146 150
f 145 150 149
f 146 147 151
f 146 151 150
f 147 148 152
f 147 152 151
f 149 150 154
f 149 154 153
f 150 151 155
f 150 155 154
f 151 152 156
f 151 156 155
f 153 154 158
f 153 158 157
f 154 155 159
f 154 159 158
f 155 156 160
f 155 160 159
f 161 162 166
f 161 166 165
f 162 163 167
f 162 167 166
f 163 164 168
f 163 168 167
f 165 166 170
f 165 170 169
f 166 167 171
f 166 171 170
f 167 168 172
f 167 172 171
f 169 170 174
f 169 174 173
f 170 171 175
f 170 175 174
f 171 172 176
f 171 176 175
f 177 178 182
f 177 182 181
f 178 179 183
f 178 183 182
f 179 180 184
f 179 184 183
f 181 182 186
f 181 186 185
f 182 183 187
f 182 187 186
f 183 184 188
f 183 188 187
f 185 186 190
f 185 190 189
f 186 187 191
f 186 191 190
f 187 188 192
f 187 192 191
g 바닥_2
v -7.5000 -0.0750 3.0000
v -7.5000 -0.0250 3.0000
v -7.5000 0.0250 3.0000
v -7.5000 0.0750 3.0000
v -6.5000 -0.0750 3.0000
v -6.5000 -0.0250 3.0000
v -6.5000 0.0250 3.0000
v -6.5000 0.0750 3.0000
v -5.5000 -0.0750 3.0000
v -5.5000 -0.0250 3.0000
v -5.5000 0.0250 3.0000
v -5.5000 0.0750 3.0000
v -4.5000 -0.0750 3.0000
v -4.5000 -0.0250 3.0000
v -4.5000 0.0250 3.0000
v -4.5000 0.0750 3.0000
v -4.5000 -0.0750 0.0000
v -4.5000 -0.0250 0.0000
v -4.5000 0.0250 0.0000
v -4.5000 0.0750 0.0000
v -5.5000 -0.0750 0.0000
v -5.5000 -0.0250 0.0000
v -5.5000 0.0250 0.0000
v -5.5000 0.0750 0.0000
v -6.5000 -0.0750 0.0000
v -6.5000 -0.0250 0.0000
v -6.5000 0.0250 0.0000
v -6.5000 0.0750 0.0000
v -7.5000 -0.0750 0.0000
v -7.5000 -0.0250 0.0000
v -7.5000 0.0250 0.0000
v -7.5000 0.0750 0.0000
v -7.5000 -0.0750 0.0000
v -7.5000 -0.0250 0.0000
v -7.5000 0.0250 0.0000
v -7.5000 0.0750 0.0000
v -7.5000 -0.0750 1.0000
v -7.5000 -0.0250 1.0000
v -7.5000 0.0250 1.0000
v -7.5000 0.0750 1.0000
v -7.5000 -0.0750 2.0000
v -7.5000 -0.0250 2.0000
v -7.5000 0.0250 2.0000
v -7.5000 0.0750 2.0000
v -7.5000 -0.0750 3.0000
v -7.5000 -0.0250 3.0000
v -7.5000 0.0250 3.0000
v -7.5000 0.0750 3.0000
v -4.5000 -0.0750 3.0000
v -4.5000 -0.0250 3.0000
v -4.5000 0.0250 3.0000
v -4.5000 0.0750 3.0000
v -4.5000 -0.0750 2.0000
v -4.5000 -0.0250 2.0000
v -4.5000 0.0250 2.0000
v -4.5000 0.0750 2.0000
v -4.5000 -0.0750 1.0000
v -4.5000 -0.0250 1.0000
v -4.5000 0.0250 1.0000
v -4.5000 0.0750 1.0000
v -4.5000 -0.0750 0.0000
v -4.5000 -0.0250 0.0000
v -4.5000 0.0250 0.0000
v -4.5000 0.0750 0.0000
v -7.5000 0.0750 0.0000
v -7.5000 0.0750 1.0000
v -7.5000 0.0750 2.0000
v -7.5000 0.0750 3.0000
v -6.5000 0.0750 0.0000
v -6.5000 0.0750 1.0000
v -6.5000 0.0750 2.0000
v -6.5000 0.0750 3.0000
v -5.5000 0.0750 0.0000
v -5.5000 0.0750 1.0000
v -5.5000 0.0750 2.0000
v -5.5000 0.0750 3.0000
v -4.5000 0.0750 0.0000
v -4.5000 0.0750 1.0000
v -4.5000 0.0750 2.0000
v -4.5000 0.0750 3.0000
v -7.5000 -0.0750 3.0000
v -7.5000 -0.0750 2.0000
v -7.5000 -0.0750 1.0000
v -7.5000 -0.0750 0.0000
v -6.5000 -0.0750 3.0000
v -6.5000 -0.0750 2.0000
v -6.5000 -0.0750 1.0000
v -6.5000 -0.0750 0.0000
v -5.5000 -0.0750 3.0000
v -5.5000 -0.0750 2.0000
v -5.5000 -0.0750 1.0000
v -5.5000 -0.0750 0.0000
v -4.5000 -0.0750 3.0000
v -4.5000 -0.0750 2.0000
v -4.5000 -0.0750 1.0000
v -4.5000 -0.0750 0.0000
f 193 194 198
f 193 198 197
f 194 195 199
f 194 199 198
f 195 196 200
f 195 200 199
f 197 198 202
f 197 202 201
f 198 199 203
f 198 203 202
f 199 200 204
f 199 204 203
f 201 202 206
f 201 206 205
f 202 203 207
f 202 207 206
f 203 204 208
f 203 208 207
f 209 210 214
f 209 214 213
f 210 211 215
f 210 215 214
f 211 212 216
f 211 216 215
f 213 214 218
f 213 218 217
f 214 215 219
f 214 219 218
f 215 216 220
f 215 220 219
f 217 218 222
f 217 222 221
f 218 219 223
f 218 223 222
f 219 220 224
f 219 224 223
f 225 226 230
f 225 230 229
f 226 227 231
f 226 231 230
f 227 228 232
f 227 232 231
f 229 230 234
f 229 234 233
f 230 231 235
f 230 235 234
f 231 232 236
f 231 236 235
f 233 234 238
f 233 238 237
f 234 235 239
f 234 239 238
f 235 236 240
f 235 240 239
f 241 242 246
f 241 246 245
f 242 243 247
f 242 247 246
f 243 244 248
f 243 248 247
f 245 246 250
f 245 250 249
f 246 247 251
f 246 251 250
f 247 248 252
f 247 252 251
f 249 250 254
f 249 254 253
f 250 251 255
f 250 255 254
f 251 252 256
f 251 256 255
f 257 258 262
f 257 262 261
f 258 259 263
f 258 263 262
f 259 260 264
f 259 264 263
f 261 262 266
f 261 266 265
f 262 263 267
f 262 267 266
f 263 264 268
f 263 268 267
f 265 266 270
f 265 270 269
f 266 267 271
f 266 271 270
f 267 268 272
f 267 272 271
f 273 274 278
f 273 278 277
f 274 275 279
f 274 279 278
f 275 276 280
f 275 280 279
f 277 278 282
f 277 282 281
f 278 279 283
f 278 283 282
f 279 280 284
f 279 284 283
f 281 282 286
f 281 286 285
f 282 283 287
f 282 287 286
f 283 284 288
f 283 288 287
g 바닥_3
v -7.5000 -0.0750 6.0000
v -7.5000 -0.0250 6.0000
v -7.5000 0.0250 6.0000
v -7.5000 0.0750 6.0000
v -6.5000 -0.0750 6.0000
v -6.5000 -0.0250 6.0000
v -6.5000 0.0250 6.0000
v -6.5000 0.0750 6.0000
v -5.5000 -0.0750 6.0000
v -5.5000 -0.0250 6.0000
v -5.5000 0.0250 6.0000
v -5.5000 0.0750 6.0000
v -4.5000 -0.0750 6.0000
v -4.5000 -0.0250 6.0000
v -4.5000 0.0250 6.0000
v -4.5000 0.0750 6.0000
v -4.5000 -0.0750 3.0000
v -4.5000 -0.0250 3.0000
v -4.5000 0.0250 3.0000
v -4.5000 0.0750 3.0000
v -5.5000 -0.0750 3.0000
v -5.5000 -0.0250 3.0000
v -5.5000 0.0250 3.0000
v -5.5000 0.0750 3.0000
v -6.5000 -0.0750 3.0000
v -6.5000 -0.0250 3.0000
v -6.5000 0.0250 3.0000
v -6.5000 0.0750 3.0000
v -7.5000 -0.0750 3.0000
v -7.5000 -0.0250 3.0000
v -7.5000 0.0250 3.0000
v -7.5000 0.0750 3.0000
v -7.5000 -0.0750 3.0000
v -7.5000 -0.0250 3.0000
v -7.5000 0.0250 3.0000
v -7.5000 0.0750 3.0000
v -7.5000 -0.0750 4.0000
v -7.5000 -0.0250 4.0000
v -7.5000 0.0250 4.0000
v -7.5000 0.0750 4.0000
v -7.5000 -0.0750 5.0000
v -7.5000 -0.0250 5.0000
v -7.5000 0.0250 5.0000
v -7.5000 0.0750 5.0000
v -7.5000 -0.0750 6.0000
v -7.5000 -0.0250 6.0000
v -7.5000 0.0250 6.0000
v -7.5000 0.0750 6.0000
v -4.5000 -0.0750 6.0000
v -4.5000 -0.0250 6.0000
v -4.5000 0.0250 6.0000
v -4.5000 0.0750 6.0000
v -4.5000 -0.0750 5.0000
v -4.5000 -0.0250 5.0000
v -4.5000 0.0250 5.0000
v -4.5000 0.0750 5.0000
v -4.5000 -0.0750 4.0000
v -4.5000 -0.0250 4.0000
v -4.5000 0.0250 4.0000
v -4.5000 0.0750 4.0000
v -4.5000 -0.0750 3.0000
v -4.5000 -0.0250 3.0000
v -4.5000 0.0250 3.0000
v -4.5000 0.0750 3.0000
v -7.5000 0.0750 3.0000
v -7.5000 0.0750 4.0000
v -7.5000 0.0750 5.0000
v -7.5000 0.0750 6.0000
v -6.5000 0.0750 3.0000
v -6.5000 0.0750 4.0000
v -6.5000 0.0750 5.0000
v -6.5000 0.0750 6.0000
v -5.5000 0.0750 3.0000
v -5.5000 0.0750 4.0000
v -5.5000 0.0750 5.0000
v -5.5000 0.0750 6.0000
v -4.5000 0.0750 3.0000
v -4.5000 0.0750 4.0000
v -4.5000 0.0750 5.0000
v -4.5000 0.0750 6.0000
v -7.5000 -0.0750 6.0000
v -7.5000 -0.0750 5.0000
v -7.5000 -0.0750 4.0000
v -7.5000 -0.0750 3.0000
v -6.5000 -0.0750 6.0000
v -6.5000 -0.0750 5.0000
v -6.5000 -0.0750 4.0000
v -6.5000 -0.0750 3.0000
v -5.5000 -0.0750 6.0000
v -5.5000 -0.0750 5.0000
v -5.5000 -0.0750 4.0000
v -5.5000 -0.0750 3.0000
v -4.5000 -0.0750 6.0000
v -4.5000 -0.0750 5.0000
v -4.5000 -0.0750 4.0000
v -4.5000 -0.0750 3.0000
f 289 290 294
f 289 294 293
f 290 291 295
f 290 295 294
f 291 292 296
f 291 296 295
f 293 294 298
f 293 298 297
f 294 295 299
f 294 299 298
f 295 296 300
f 295 300 299
f 297 298 302
f 297 302 301
f 298 299 303
f 298 303 302
f 299 300 304
f 299 304 303
f 305 306 310
f 305 310 309
f 306 307 311
f 306 311 310
f 307 308 312
f 307 312 311
f 309 310 314
f 309 314 313
f 310 311 315
f 310 315 314
f 311 312 316
f 311 316 315
f 313 314 318
f 313 318 317
f 314 315 319
f 314 319 318
f 315 316 320
f 315 320 319
f 321 322 326
f 321 326 325
f 322 323 327
f 322 327 326
f 323 324 328
f 323 328 327
f 325 326 330
f 325 330 329
f 326 327 331
f 326 331 330
f 327 328 332
f 327 332 331
f 329 330 334
f 329 334 333
f 330 331 335
f 330 335 334
f 331 332 336
f 331 336 335
f 337 338 342
f 337 342 341
f 338 339 343
f 338 343 342
f 339 340 344
f 339 344 343
f 341 342 346
f 341 346 345
f 342 343 347
f 342 347 346
f 343 344 348
f 343 348 347
f 345 346 350
f 345 350 349
f 346 347 351
f 346 351 350
f 347 348 352
f 347 352 351
f 353 354 358
f 353 358 357
f 354 355 359
f 354 359 358
f 355 356 360
f 355 360 359
f 357 358 362
f 357 362 361
f 358 359 363
f 358 363 362
f 359 360 364
f 359 364 363
f 361 362 366
f 361 366 365
f 362 363 367
f 362 367 366
f 363 364 368
f 363 368 367
f 369 370 374
f 369 374 373
f 370 371 375
f 370 375 374
f 371 372 376
f 371 376 375
f 373 374 378
f 373 378 377
f 374 375 379
f 374 379 378
f 375 376 380
f 375 380 379
f 377 378 382
f 377 382 381
f 378 379 383
f 378 383 382
f 379 380 384
f 379 384 383
g 바닥_4
v -4.5000 -0.0750 -3.0000
v -4.5000 -0.0250 -3.0000
v -4.5000 0.0250 -3.0000
v -4.5000 0.0750 -3.0000
v -3.5000 -0.0750 -3.0000
v -3.5000 -0.0250 -3.0000
v -3.5000 0.0250 -3.0000
v -3.5000 0.0750 -3.0000
v -2.5000 -0.0750 -3.0000
v -2.5000 -0.0250 -3.0000
v -2.5000 0.0250 -3.0000
v -2.5000 0.0750 -3.0000
v -1.5000 -0.0750 -3.0000
v -1.5000 -0.0250 -3.0000
v -1.5000 0.0250 -3.0000
v -1.5000 0.0750 -3.0000
v -1.5000 -0.0750 -6.0000
v -1.5000 -0.0250 -6.0000
v -1.5000 0.0250 -6.0000
v -1.5000 0.0750 -6.0000
v -2.5000 -0.0750 -6.0000
v -2.5000 -0.0250 -6.0000
v -2.5000 0.0250 -6.0000
v -2.5000 0.0750 -6.0000
v -3.5000 -0.0750 -6.0000
v -3.5000 -0.0250 -6.0000
v -3.5000 0.0250 -6.0000
v -3.5000 0.0750 -6.0000
v -4.5000 -0.0750 -6.0000
v -4.5000 -0.0250 -6.0000
v -4.5000 0.0250 -6.0000
v -4.5000 0.0750 -6.0000
v -4.5000 -0.0750 -6.0000
v -4.5000 -0.0250 -6.0000
v -4.5000 0.0250 -6.0000
v -4.5000 0.0750 -6.0000
v -4.5000 -0.0750 -5.0000
v -4.5000 -0.0250 -5.0000
v -4.5000 0.0250 -5.0000
v -4.5000 0.0750 -5.0000
v -4.5000 -0.0750 -4.0000
v -4.5000 -0.0250 -4.0000
v -4.5000 0.0250 -4.0000
v -4.5000 0.0750 -4.0000
v -4.5000 -0.0750 -3.0000
v -4.5000 -0.0250 -3.0000
v -4.5000 0.0250 -3.0000
v -4.5000 0.0750 -3.0000
v -1.5000 -0.0750 -3.0000
v -1.5000 -0.0250 -3.0000
v -1.5000 0.0250 -3.0000
v -1.5000 0.0750 -3.0000
v -1.5000 -0.0750 -4.0000
v -1.5000 -0.0250 -4.0000
v -1.5000 0.0250 -4.0000
v -1.5000 0.0750 -4.0000
v -1.5000 -0.0750 -5.0000
v -1.5000 -0.0250 -5.0000
v -1.5000 0.0250 -5.0000
v -1.5000 0.0750 -5.0000
v -1.5000 -0.0750 -6.0000
v -1.5000 -0.0250 -6.0000
v -1.5000 0.0250 -6.0000
v -1.5000 0.0750 -6.0000
v -4.5000 0.0750 -6.0000
v -4.5000 0.0750 -5.0000
v -4.5000 0.0750 -4.0000
v -4.5000 0.0750 -3.0000
v -3.5000 0.0750 -6.0000
v -3.5000 0.0750 -5.0000
v -3.5000 0.0750 -4.0000
v -3.5000 0.0750 -3.0000
v -2.5000 0.0750 -6.0000
v -2.5000 0.0750 -5.0000
v -2.5000 0.0750 -4.0000
v -2.5000 0.0750 -3.0000
v -1.5000 0.0750 -6.0000
v -1.5000 0.0750 -5.0000
v -1.5000 0.0750 -4.0000
v -1.5000 0.0750 -3.0000
v -4.5000 -0.0750 -3.0000
v -4.5000 -0.0750 -4.0000
v -4.5000 -0.0750 -5.0000
v -4.5000 -0.0750 -6.0000
v -3.5000 -0.0750 -3.0000
v -3.5000 -0.0750 -4.0000
v -3.5000 -0.0750 -5.0000
v -3.5000 -0.0750 -6.0000
v -2.5000 -0.0750 -3.0000
v -2.5000 -0.0750 -4.0000
v -2.5000 -0.0750 -5.0000
v -2.5000 -0.0750 -6.0000
v -1.5000 -0.0750 -3.0000
v -1.5000 -0.0750 -4.0000
v -1.5000 -0.0750 -5.0000
v -1.5000 -0.0750 -6.0000
f 385 386 390
f 385 390 389
f 386 387 391
f 386 391 390
f 387 388 392
f 387 392 391
f 389 390 394
f 389 394 393
f 390 391 395
f 390 395 394
f 391 392 396
f 391 396 395
f 393 394 398
f 393 398 397
f 394 395 399
f 394 399 398
f 395 396 400
f 395 400 399
f 401 402 406
f 401 406 405
f 402 403 407
f 402 407 406
f 403 404 408
f 403 408 407
f 405 406 410
f 405 410 409
f 406 407 411
f 406 411 410
f 407 408 412
f 407 412 411
f 409 410 414
f 409 414 413
f 410 411 415
f 410 415 414
f 411 412 416
f 411 416 415
f 417 418 422
f 417 422 421
f 418 419 423
f 418 423 422
f 419 420 424
f 419 424 423
f 421 422 426
f 421 426 425
f 422 423 427
f 422 427 426
f 423 424 428
f 423 428 427
f 425 426 430
f 425 430 429
f 426 427 431
f 426 431 430
f 427 428 432
f 427 432 431
f 433 434 438
f 433 438 437
f 434 435 439
f 434 439 438
f 435 436 440
f 435 440 439
f 437 438 442
f 437 442 441
f 438 439 443
f 438 443 442
f 439 440 444
f 439 444 443
f 441 442 446
f 441 446 445
f 442 443 447
f 442 447 446
f 443 444 448
f 443 448 447
f 449 450 454
f 449 454 453
f 450 451 455
f 450 455 454
f 451 452 456
f 451 456 455
f 453 454 458
f 453 458 457
f 454 455 459
f 454 459 458
f 455 456 460
f 455 460 459
f 457 458 462
f 457 462 461
f 458 459 463
f 458 463 462
f 459 460 464
f 459 464 463
f 465 466 470
f 465 470 469
f 466 467 471
f 466 471 470
f 467 468 472
f 467 472 471
f 469 470 474
f 469 474 473
f 470 471 475
f 470 475 474
f 471 472 476
f 471 476 475
f 473 474 478
f 473 478 477
f 474 475 479
f 474 479 478
f 475 476 480
f 475 480 479
g 바닥_5
v -4.5000 -0.0750 0.0000
v -4.5000 -0.0250 0.0000
v -4.5000 0.0250 0.0000
v -4.5000 0.0750 0.0000
v -3.5000 -0.0750 0.0000
v -3.5000 -0.0250 0.0000
v -3.5000 0.0250 0.0000
v -3.5000 0.0750 0.0000
v -2.5000 -0.0750 0.0000
v -2.5000 -0.0250 0.0000
v -2.5000 0.0250 0.0000
v -2.5000 0.0750 0.0000
v -1.5000 -0.0750 0.0000
v -1.5000 -0.0250 0.0000
v -1.5000 0.0250 0.0000
v -1.5000 0.0750 0.0000
v -1.5000 -0.0750 -3.0000
v -1.5000 -0.0250 -3.0000
v -1.5000 0.0250 -3.0000
v -1.5000 0.0750 -3.0000
v -2.5000 -0.0750 -3.0000
v -2.5000 -0.0250 -3.0000
v -2.5000 0.0250 -3.0000
v -2.5000 0.0750 -3.0000
v -3.5000 -0.0750 -3.0000
v -3.5000 -0.0250 -3.0000
v -3.5000 0.0250 -3.0000
v -3.5000 0.0750 -3.0000
v -4.5000 -0.0750 -3.0000
v -4.5000 -0.0250 -3.0000
v -4.5000 0.0250 -3.0000
v -4.5000 0.0750 -3.0000
v -4.5000 -0.0750 -3.0000
v -4.5000 -0.0250 -3.0000
v -4.5000 0.0250 -3.0000
v -4.5000 0.0750 -3.0000
v -4.5000 -0.0750 -2.0000
v -4.5000 -0.0250 -2.0000
v -4.5000 0.0250 -2.0000
v -4.5000 0.0750 -2.0000
v -4.5000 -0.0750 -1.0000
v -4.5000 -0.0250 -1.0000
v -4.5000 0.0250 -1.0000
v -4.5000 0.0750 -1.0000
v -4.5000 -0.0750 0.0000
v -4.5000 -0.0250 0.0000
v -4.5000 0.0250 0.0000
v -4.5000 0.0750 0.0000
v -1.5000 -0.0750 0.0000
v -1.5000 -0.0250 0.0000
v -1.5000 0.0250 0.0000
v -1.5000 0.0750 0.0000
v -1.5000 -0.0750 -1.0000
v -1.5000 -0.0250 -1.0000
v -1.5000 0.0250 -1.0000
v -1.5000 0.0750 -1.0000
v -1.5000 -0.0750 -2.0000
v -1.5000 -0.0250 -2.0000
v -1.5000 0.0250 -2.0000
v -1.5000 0.0750 -2.0000
v -1.5000 -0.0750 -3.0000
v -1.5000 -0.0250 -3.0000
v -1.5000 0.0250 -3.0000
v -1.5000 0.0750 -3.0000
v -4.5000 0.0750 -3.0000
v -4.5000 0.0750 -2.0000
v -4.5000 0.0750 -1.0000
v -4.5000 0.0750 0.0000
v -3.5000 0.0750 -3.0000
v -3.5000 0.0750 -2.0000
v -3.5000 0.0750 -1.0000
v -3.5000 0.0750 0.0000
v -2.5000 0.0750 -3.0000
v -2.5000 0.0750 -2.0000
v -2.5000 0.0750 -1.0000
v -2.5000 0.0750 0.0000
v -1.5000 0.0750 -3.0000
v -1.5000 0.0750 -2.0000
v -1.5000 0.0750 -1.0000
v -1.5000 0.0750 0.0000
v -4.5000 -0.0750 0.0000
v -4.5000 -0.0750 -1.0000
v -4.5000 -0.0750 -2.0000
v -4.5000 -0.0750 -3.0000
v -3.5000 -0.0750 0.0000
v -3.5000 -0.0750 -1.0000
v -3.5000 -0.0750 -2.0000
v -3.5000 -0.0750 -3.0000
v -2.5000 -0.0750 0.0000
v -2.5000 -0.0750 -1.0000
v -2.5000 -0.0750 -2.0000
v -2.5000 -0.0750 -3.0000
v -1.5000 -0.0750 0.0000
v -1.5000 -0.0750 -1.0000
v -1.5000 -0.0750 -2.0000
v -1.5000 -0.0750 -3.0000
f 481 482 486
f 481 486 485
f 482 483 487
f 482 487 486
f 483 484 488
f 483 488 487
f 485 486 490
f 485 490 489
f 486 487 491
f 486 491 490
f 487 488 492
f 487 492 491
f 489 490 494
f 489 494 493
f 490 491 495
f 490 495 494
f 491 492 496
f 491 496 495
f 497 498 502
f 497 502 501
f 498 499 503
f 498 503 502
f 499 500 504
f 499 504 503
f 501 502 506
f 501 506 505
f 502 503 507
f 502 507 506
f 503 504 508
f 503 508 507
f 505 506 510
f 505 510 509
f 506 507 511
f 506 511 510
f 507 508 512
f 507 512 511
f 513 514 518
f 513 518 517
f 514 515 519
f 514 519 518
f 515 516 520
f 515 520 519
f 517 518 522
f 517 522 521
f 518 519 523
f 518 523 522
f 519 520 524
f 519 524 523
f 521 522 526
f 521 526 525
f 522 523 527
f 522 527 526
f 523 524 528
f 523 528 527
f 529 530 534
f 529 534 533
f 530 531 535
f 530 535 534
f 531 532 536
f 531 536 535
f 533 534 538
f 533 538 537
f 534 535 539
f 534 539 538
f 535 536 540
f 535 540 539
f 537 538 542
f 537 542 541
f 538 539 543
f 538 543 542
f 539 540 544
f 539 544 543
f 545 546 550
f 545 550 549
f 546 547 551
f 546 551 550
f 547 548 552
f 547 552 551
f 549 550 554
f 549 554 553
f 550 551 555
f 550 555 554
f 551 552 556
f 551 556 555
f 553 554 558
f 553 558 557
f 554 555 559
f 554 559 558
f 555 556 560
f 555 560 559
f 561 562 566
f 561 566 565
f 562 563 567
f 562 567 566
f 563 564 568
f 563 568 567
f 565 566 570
f 565 570 569
f 566 567 571
f 566 571 570
f 567 568 572
f 567 572 571
f 569 570 574
f 569 574 573
f 570 571 575
f 570 575 574
f 571 572 576
f 571 576 575
g 바닥_6
v -4.5000 -0.0750 3.0000
v -4.5000 -0.0250 3.0000
v -4.5000 0.0250 3.0000
v -4.5000 0.0750 3.0000
v -3.5000 -0.0750 3.0000
v -3.5000 -0.0250 3.0000
v -3.5000 0.0250 3.0000
v -3.5000 0.0750 3.0000
v -2.5000 -0.0750 3.0000
v -2.5000 -0.0250 3.0000
v -2.5000 0.0250 3.0000
v -2.5000 0.0750 3.0000
v -1.5000 -0.0750 3.0000
v -1.5000 -0.0250 3.0000
v -1.5000 0.0250 3.0000
v -1.5000 0.0750 3.0000
v -1.5000 -0.0750 0.0000
v -1.5000 -0.0250 0.0000
v -1.5000 0.0250 0.0000
v -1.5000 0.0750 0.0000
v -2.5000 -0.0750 0.0000
v -2.5000 -0.0250 0.0000
v -2.5000 0.0250 0.0000
v -2.5000 0.0750 0.0000
v -3.5000 -0.0750 0.0000
v -3.5000 -0.0250 0.0000
v -3.5000 0.0250 0.0000
v -3.5000 0.0750 0.0000
v -4.5000 -0.0750 0.0000
v -4.5000 -0.0250 0.0000
v -4.5000 0.0250 0.0000
v -4.5000 0.0750 0.0000
v -4.5000 -0.0750 0.0000
v -4.5000 -0.0250 0.0000
v -4.5000 0.0250 0.0000
v -4.5000 0.0750 0.0000
v -4.5000 -0.0750 1.0000
v -4.5000 -0.0250 1.0000
v -4.5000 0.0250 1.0000
v -4.5000 0.0750 1.0000
v -4.5000 -0.0750 2.0000
v -4.5000 -0.0250 2.0000
v -4.5000 0.0250 2.0000
v -4.5000 0.0750 2.0000
v -4.5000 -0.0750 3.0000
v -4.5000 -0.0250 3.0000
v -4.5000 0.0250 3.0000
v -4.5000 0.0750 3.0000
v -1.5000 -0.0750 3.0000
v -1.5000 -0.0250 3.0000
v -1.5000 0.0250 3.0000
v -1.5000 0.0750 3.0000
v -1.5000 -0.0750 2.0000
v -1.5000 -0.0250 2.0000
v -1.5000 0.0250 2.0000
v -1.5000 0.0750 2.0000
v -1.5000 -0.0750 1.0000
v -1.5000 -0.0250 1.0000
v -1.5000 0.0250 1.0000
v -1.5000 0.0750 1.0000
v -1.5000 -0.0750 0.0000
v -1.5000 -0.0250 0.0000
v -1.5000 0.0250 0.0000
v -1.5000 0.0750 0.0000
v -4.5000 0.0750 0.0000
v -4.5000 0.0750 1.0000
v -4.5000 0.0750 2.0000
v -4.5000 0.0750 3.0000
v -3.5000 0.0750 0.0000
v -3.5000 0.0750 1.0000
v -3.5000 0.0750 2.0000
v -3.5000 0.0750 3.0000
v -2.5000 0.0750 0.0000
v -2.5000 0.0750 1.0000
v -2.5000 0.0750 2.0000
v -2.5000 0.0750 3.0000
v -1.5000 0.0750 0.0000
v -1.5000 0.0750 1.0000
v -1.5000 0.0750 2.0000
v -1.5000 0.0750 3.0000
v -4.5000 -0.0750 3.0000
v -4.5000 -0.0750 2.0000
v -4.5000 -0.0750 1.0000
v -4.5000 -0.0750 0.0000
v -3.5000 -0.0750 3.0000
v -3.5000 -0.0750 2.0000
v -3.5000 -0.0750 1.0000
v -3.5000 -0.0750 0.0000
v -2.5000 -0.0750 3.0000
v -2.5000 -0.0750 2.0000
v -2.5000 -0.0750 1.0000
v -2.5000 -0.0750 0.0000
v -1.5000 -0.0750 3.0000
v -1.5000 -0.0750 2.0000
v -1.5000 -0.0750 1.0000
v -1.5000 -0.0750 0.0000
f 577 578 582
f 577 582 581
f 578 579 583
f 578 583 582
f 579 580 584
f 579 584 583
f 581 582 586
f 581 586 585
f 582 583 587
f 582 587 586
f 583 584 588
f 583 588 587
f 585 586 590
f 585 590 589
f 586 587 591
f 586 591 590
f 587 588 592
f 587 592 591
f 593 594 598
f 593 598 597
f 594 595 599
f 594 599 598
f 595 596 600
f 595 600 599
f 597 598 602
f 597 602 601
f 598 599 603
f 598 603 602
f 599 600 604
f 599 604 603
f 601 602 606
f 601 606 605
f 602 603 607
f 602 607 606
f 603 604 608
f 603 608 607
f 609 610 614
f 609 614 613
f 610 611 615
f 610 615 614
f 611 612 616
f 611 616 615
f 613 614 618
f 613 618 617
f 614 615 619
f 614 619 618
f 615 616 620
f 615 620 619
f 617 618 622
f 617 622 621
f 618 619 623
f 618 623 622
f 619 620 624
f 619 624 623
f 625 626 630
f 625 630 629
f 626 627 631
f 626 631 630
f 627 628 632
f 627 632 631
f 629 630 634
f 629 634 633
f 630 631 635
f 630 635 634
f 631 632 636
f 631 636 635
f 633 634 638
f 633 638 637
f 634 635 639
f 634 639 638
f 635 636 640
f 635 640 639
f 641 642 646
f 641 646 645
f 642 643 647
f 642 647 646
f 643 644 648
f 643 648 647
f 645 646 650
f 645 650 649
f 646 647 651
f 646 651 650
f 647 648 652
f 647 652 651
f 649 650 654
f 649 654 653
f 650 651 655
f 650 655 654
f 651 652 656
f 651 656 655
f 657 658 662
f 657 662 661
f 658 659 663
f 658 663 662
f 659 660 664
f 659 664 663
f 661 662 666
f 661 666 665
f 662 663 667
f 662 667 666
f 663 664 668
f 663 668 667
f 665 666 670
f 665 670 669
f 666 667 671
f 666 671 670
f 667 668 672
f 667 672 671
g 바닥_7
v -4.5000 -0.0750 6.0000
v -4.5000 -0.0250 6.0000
v -4.5000 0.0250 6.0000
v -4.5000 0.0750 6.0000
v -3.5000 -0.0750 6.0000
v -3.5000 -0.0250 6.0000
v -3.5000 0.0250 6.0000
v -3.5000 0.0750 6.0000
v -2.5000 -0.0750 6.0000
v -2.5000 -0.0250 6.0000
v -2.5000 0.0250 6.0000
v -2.5000 0.0750 6.0000
v -1.5000 -0.0750 6.0000
v -1.5000 -0.0250 6.0000
v -1.5000 0.0250 6.0000
v -1.5000 0.0750 6.0000
v -1.5000 -0.0750 3.0000
v -1.5000 -0.0250 3.0000
v -1.5000 0.0250 3.0000
v -1.5000 0.0750 3.0000
v -2.5000 -0.0750 3.0000
v -2.5000 -0.0250 3.0000
v -2.5000 0.0250 3.0000
v -2.5000 0.0750 3.0000
v -3.5000 -0.0750 3.0000
v -3.5000 -0.0250 3.0000
v -3.5000 0.0250 3.0000
v -3.5000 0.0750 3.0000
v -4.5000 -0.0750 3.0000
v -4.5000 -0.0250 3.0000
v -4.5000 0.0250 3.0000
v -4.5000 0.0750 3.0000
v -4.5000 -0.0750 3.0000
v -4.5000 -0.0250 3.0000
v -4.5000 0.0250 3.0000
v -4.5000 0.0750 3.0000
v -4.5000 -0.0750 4.0000
v -4.5000 -0.0250 4.0000
v -4.5000 0.0250 4.0000
v -4.5000 0.0750 4.0000
v -4.5000 -0.0750 5.0000
v -4.5000 -0.0250 5.0000
v -4.5000 0.0250 5.0000
v -4.5000 0.0750 5.0000
v -4.5000 -0.0750 6.0000
v -4.5000 -0.0250 6.0000
v -4.5000 0.0250 6.0000
v -4.5000 0.0750 6.0000
v -1.5000 -0.0750 6.0000
v -1.5000 -0.0250 6.0000
v -1.5000 0.0250 6.0000
v -1.5000 0.0750 6.0000
v -1.5000 -0.0750 5.0000
v -1.5000 -0.0250 5.0000
v -1.5000 0.0250 5.0000
v -1.5000 0.0750 5.0000
v -1.5000 -0.0750 4.0000
v -1.5000 -0.0250 4.0000
v -1.5000 0.0250 4.0000
v -1.5000 0.0750 4.0000
v -1.5000 -0.0750 3.0000
v -1.5000 -0.0250 3.0000
v -1.5000 0.0250 3.0000
v -1.5000 0.0750 3.0000
v -4.5000 0.0750 3.0000
v -4.5000 0.0750 4.0000
v -4.5000 0.0750 5.0000
v -4.5000 0.0750 6.0000
v -3.5000 0.0750 3.0000
v -3.5000 0.0750 4.0000
v -3.5000 0.0750 5.0000
v -3.5000 0.0750 6.0000
v -2.5000 0.0750 3.0000
v -2.5000 0.0750 4.0000
v -2.5000 0.0750 5.0000
v -2.5000 0.0750 6.0000
v -1.5000 0.0750 3.0000
v -1.5000 0.0750 4.0000
v -1.5000 0.0750 5.0000
v -1.5000 0.0750 6.0000
v -4.5000 -0.0750 6.0000
v -4.5000 -0.0750 5.0000
v -4.5000 -0.0750 4.0000
v -4.5000 -0.0750 3.0000
v -3.5000 -0.0750 6.0000
v -3.5000 -0.0750 5.0000
v -3.5000 -0.0750 4.0000
v -3.5000 -0.0750 3.0000
v -2.5000 -0.0750 6.0000
v -2.5000 -0.0750 5.0000
v -2.5000 -0.0750 4.0000
v -2.5000 -0.0750 3.0000
v -1.5000 -0.0750 6.0000
v -1.5000 -0.0750 5.0000
v -1.5000 -0.0750 4.0000
v -1.5000 -0.0750 3.0000
f 673 674 678
f 673 678 677
f 674 675 679
f 674 679 678
f 675 676 680
f 675 680 679
f 677 678 682
f 677 682 681
f 678 679 683
f 678 683 682
f 679 680 684
f 679 684 683
f 681 682 686
f 681 686 685
f 682 683 687
f 682 687 686
f 683 684 688
f 683 688 687
f 689 690 694
f 689 694 693
f 690 691 695
f 690 695 694
f 691 692 696
f 691 696 695
f 693 694 698
f 693 698 697
f 694 695 699
f 694 699 698
f 695 696 700
f 695 700 699
f 697 698 702
f 697 702 701
f 698 699 703
f 698 703 702
f 699 700 704
f 699 704 703
f 705 706 710
f 705 710 709
f 706 707 711
f 706 711 710
f 707 708 712
f 707 712 711
f 709 710 714
f 709 714 713
f 710 711 715
f 710 715 714
f 711 712 716
f 711 716 715
f 713 714 718
f 713 718 717
f 714 715 719
f 714 719 718
f 715 716 720
f 715 720 719
f 721 722 726
f 721 726 725
f 722 723 727
f 722 727 726
f 723 724 728
f 723 728 727
f 725 726 730
f 725 730 729
f 726 727 731
f 726 731 730
f 727 728 732
f 727 732 731
f 729 730 734
f 729 734 733
f 730 731 735
f 730 735 734
f 731 732 736
f 731 736 735
f 737 738 742
f 737 742 741
f 738 739 743
f 738 743 742
f 739 740 744
f 739 744 743
f 741 742 746
f 741 746 745
f 742 743 747
f 742 747 746
f 743 744 748
f 743 748 747
f 745 746 750
f 745 750 749
f 746 747 751
f 746 751 750
f 747 748 752
f 747 752 751
f 753 754 758
f 753 758 757
f 754 755 759
f 754 759 758
f 755 756 760
f 755 760 759
f 757 758 762
f 757 762 761
f 758 759 763
f 758 763 762
f 759 760 764
f 759 764 763
f 761 762 766
f 761 766 765
f 762 763 767
f 762 767 766
f 763 764 768
f 763 768 767
g 바닥_8
v -1.5000 -0.0750 -3.0000
v -1.5000 -0.0250 -3.0000
v -1.5000 0.0250 -3.0000
v -1.5000 0.0750 -3.0000
v -0.5000 -0.0750 -3.0000
v -0.5000 -0.0250 -3.0000
v -0.5000 0.0250 -3.0000
v -0.5000 0.0750 -3.0000
v 0.5000 -0.0750 -3.0000
v 0.5000 -0.0250 -3.0000
v 0.5000 0.0250 -3.0000
v 0.5000 0.0750 -3.0000
v 1.5000 -0.0750 -3.0000
v 1.5000 -0.0250 -3.0000
v 1.5000 0.0250 -3.0000
v 1.5000 0.0750 -3.0000
v 1.5000 -0.0750 -6.0000
v 1.5000 -0.0250 -6.0000
v 1.5000 0.0250 -6.0000
v 1.5000 0.0750 -6.0000
v 0.5000 -0.0750 -6.0000
v 0.5000 -0.0250 -6.0000
v 0.5000 0.0250 -6.0000
v 0.5000 0.0750 -6.0000
v -0.5000 -0.0750 -6.0000
v -0.5000 -0.0250 -6.0000
v -0.5000 0.0250 -6.0000
v -0.5000 0.0750 -6.0000
v -1.5000 -0.0750 -6.0000
v -1.5000 -0.0250 -6.0000
v -1.5000 0.0250 -6.0000
v -1.5000 0.0750 -6.0000
v -1.5000 -0.0750 -6.0000
v -1.5000 -0.0250 -6.0000
v -1.5000 0.0250 -6.0000
v -1.5000 0.0750 -6.0000
v -1.5000 -0.0750 -5.0000
v -1.5000 -0.0250 -5.0000
v -1.5000 0.0250 -5.0000
v -1.5000 0.0750 -5.0000
v -1.5000 -0.0750 -4.0000
v -1.5000 -0.0250 -4.0000
v -1.5000 0.0250 -4.0000
v -1.5000 0.0750 -4.0000
v -1.5000 -0.0750 -3.0000
v -1.5000 -0.0250 -3.0000
v -1.5000 0.0250 -3.0000
v -1.5000 0.0750 -3.0000
v 1.5000 -0.0750 -3.0000
v 1.5000 -0.0250 -3.0000
v 1.5000 0.0250 -3.0000
v 1.5000 0.0750 -3.0000
v 1.5000 -0.0750 -4.0000
v 1.5000 -0.0250 -4.0000
v 1.5000 0.0250 -4.0000
v 1.5000 0.0750 -4.0000
v 1.5000 -0.0750 -5.0000
v 1.5000 -0.0250 -5.0000
v 1.5000 0.0250 -5.0000
v 1.5000 0.0750 -5.0000
v 1.5000 -0.0750 -6.0000
v 1.5000 -0.0250 -6.0000
v 1.5000 0.0250 -6.0000
v 1.5000 0.0750 -6.0000
v -1.5000 0.0750 -6.0000
v -1.5000 0.0750 -5.0000
v -1.5000 0.0750 -4.0000
v -1.5000 0.0750 -3.0000
v -0.5000 0.0750 -6.0000
v -0.5000 0.0750 -5.0000
v -0.5000 0.0750 -4.0000
v -0.5000 0.0750 -3.0000
v 0.5000 0.0750 -6.0000
v 0.5000 0.0750 -5.0000
v 0.5000 0.0750 -4.0000
v 0.5000 0.0750 -3.0000
v 1.5000 0.0750 -6.0000
v 1.5000 0.0750 -5.0000
v 1.5000 0.0750 -4.0000
v 1.5000 0.0750 -3.0000
v -1.5000 -0.0750 -3.0000
v -1.5000 -0.0750 -4.0000
v -1.5000 -0.0750 -5.0000
v -1.5000 -0.0750 -6.0000
v -0.5000 -0.0750 -3.0000
v -0.5000 -0.0750 -4.0000
v -0.5000 -0.0750 -5.0000
v -0.5000 -0.0750 -6.0000
v 0.5000 -0.0750 -3.0000
v 0.5000 -0.0750 -4.0000
v 0.5000 -0.0750 -5.0000
v 0.5000 -0.0750 -6.0000
v 1.5000 -0.0750 -3.0000
v 1.5000 -0.0750 -4.0000
v 1.5000 -0.0750 -5.0000
v 1.5000 -0.0750 -6.0000
f 769 770 774
f 769 774 773
f 770 771 775
f 770 775 774
f 771 772 776
f 771 776 775
f 773 774 778
f 773 778 777
f 774 775 779
f 774 779 778
f 775 776 780
f 775 780 779
f 777 778 782
f 777 782 781
f 778 779 783
f 778 783 782
f 779 780 784
f 779 784 783
f 785 786 790
f 785 790 789
f 786 787 791
f 786 791 790
f 787 788 792
f 787 792 791
f 789 790 794
f 789 794 793
f 790 791 795
f 790 795 794
f 791 792 796
f 791 796 795
f 793 794 798
f 793 798 797
f 794 795 799
f 794 799 798
f 795 796 800
f 795 800 799
f 801 802 806
f 801 806 805
f 802 803 807
f 802 807 806
f 803 804 808
f 803 808 807
f 805 806 810
f 805 810 809
f 806 807 811
f 806 811 810
f 807 808 812
f 807 812 811
f 809 810 814
f 809 814 813
f 810 811 815
f 810 815 814
f 811 812 816
f 811 816 815
f 817 818 822
f 817 822 821
f 818 819 823
f 818 823 822
f 819 820 824
f 819 824 823
f 821 822 826
f 821 826 825
f 822 823 827
f 822 827 826
f 823 824 828
f 823 828 827
f 825 826 830
f 825 830 829
f 826 827 831
f 826 831 830
f 827 828 832
f 827 832 831
f 833 834 838
f 833 838 837
f 834 835 839
f 834 839 838
f 835 836 840
f 835 840 839
f 837 838 842
f 837 842 841
f 838 839 843
f 838 843 842
f 839 840 844
f 839 844 843
f 841 842 846
f 841 846 845
f 842 843 847
f 842 847 846
f 843 844 848
f 843 848 847
f 849 850 854
f 849 854 853
f 850 851 855
f 850 855 854
f 851 852 856
f 851 856 855
f 853 854 858
f 853 858 857
f 854 855 859
f 854 859 858
f 855 856 860
f 855 860 859
f 857 858 862
f 857 862 861
f 858 859 863
f 858 863 862
f 859 860 864
f 859 864 863
g 바닥_9
v -1.5000 -0.0750 0.0000
v -1.5000 -0.0250 0.0000
v -1.5000 0.0250 0.0000
v -1.5000 0.0750 0.0000
v -0.5000 -0.0750 0.0000
v -0.5000 -0.0250 0.0000
v -0.5000 0.0250 0.0000
v -0.5000 0.0750 0.0000
v 0.5000 -0.0750 0.0000
v 0.5000 -0.0250 0.0000
v 0.5000 0.0250 0.0000
v 0.5000 0.0750 0.0000
v 1.5000 -0.0750 0.0000
v 1.5000 -0.0250 0.0000
v 1.5000 0.0250 0.0000
v 1.5000 0.0750 0.0000
v 1.5000 -0.0750 -3.0000
v 1.5000 -0.0250 -3.0000
v 1.5000 0.0250 -3.0000
v 1.5000 0.0750 -3.0000
v 0.5000 -0.0750 -3.0000
v 0.5000 -0.0250 -3.0000
v 0.5000 0.0250 -3.0000
v 0.5000 0.0750 -3.0000
v -0.5000 -0.0750 -3.0000
v -0.5000 -0.0250 -3.0000
v -0.5000 0.0250 -3.0000
v -0.5000 0.0750 -3.0000
v -1.5000 -0.0750 -3.0000
v -1.5000 -0.0250 -3.0000
v -1.5000 0.0250 -3.0000
v -1.5000 0.0750 -3.0000
v -1.5000 -0.0750 -3.0000
v -1.5000 -0.0250 -3.0000
v -1.5000 0.0250 -3.0000
v -1.5000 0.0750 -3.0000
v -1.5000 -0.0750 -2.0000
v -1.5000 -0.0250 -2.0000
v -1.5000 0.0250 -2.0000
v -1.5000 0.0750 -2.0000
v -1.5000 -0.0750 -1.0000
v -1.5000 -0.0250 -1.0000
v -1.5000 0.0250 -1.0000
v -1.5000 0.0750 -1.0000
v -1.5000 -0.0750 0.0000
v -1.5000 -0.0250 0.0000
v -1.5000 0.0250 0.0000
v -1.5000 0.0750 0.0000
v 1.5000 -0.0750 0.0000
v 1.5000 -0.0250 0.0000
v 1.5000 0.0250 0.0000
v 1.5000 0.0750 0.0000
v 1.5000 -0.0750 -1.0000
v 1.5000 -0.0250 -1.0000
v 1.5000 0.0250 -1.0000
v 1.5000 0.0750 -1.0000
v 1.5000 -0.0750 -2.0000
v 1.5000 -0.0250 -2.0000
v 1.5000 0.0250 -2.0000
v 1.5000 0.0750 -2.0000
v 1.5000 -0.0750 -3.0000
v 1.5000 -0.0250 -3.0000
v 1.5000 0.0250 -3.0000
v 1.5000 0.0750 -3.0000
v -1.5000 0.0750 -3.0000
v -1.5000 0.0750 -2.0000
v -1.5000 0.0750 -1.0000
v -1.5000 0.0750 0.0000
v -0.5000 0.0750 -3.0000
v -0.5000 0.0750 -2.0000
v -0.5000 0.0750 -1.0000
v -0.5000 0.0750 0.0000
v 0.5000 0.0750 -3.0000
v 0.5000 0.0750 -2.0000
v 0.5000 0.0750 -1.0000
v 0.5000 0.0750 0.0000
v 1.5000 0.0750 -3.0000
v 1.5000 0.0750 -2.0000
v 1.5000 0.0750 -1.0000
v 1.5000 0.0750 0.0000
v -1.5000 -0.0750 0.0000
v -1.5000 -0.0750 -1.0000
v -1.5000 -0.0750 -2.0000
v -1.5000 -0.0750 -3.0000
v -0.5000 -0.0750 0.0000
v -0.5000 -0.0750 -1.0000
v -0.5000 -0.0750 -2.0000
v -0.5000 -0.0750 -3.0000
v 0.5000 -0.0750 0.0000
v 0.5000 -0.0750 -1.0000
v 0.5000 -0.0750 -2.0000
v 0.5000 -0.0750 -3.0000
v 1.5000 -0.0750 0.0000
v 1.5000 -0.0750 -1.0000
v 1.5000 -0.0750 -2.0000
v 1.5000 -0.0750 -3.0000
f 865 866 870
f 865 870 869
f 866 867 871
f 866 871 870
f 867 868 872
f 867 872 871
f 869 870 874
f 869 874 873
f 870 871 875
f 870 875 874
f 871 872 876
f 871 876 875
f 873 874 878
f 873 878 877
f 874 875 879
f 874 879 878
f 875 876 880
f 875 880 879
f 881 882 886
f 881 886 885
f 882 883 887
f 882 887 886
f 883 884 888
f 883 888 887
f 885 886 890
f 885 890 889
f 886 887 891
f 886 891 890
f 887 888 892
f 887 892 891
f 889 890 894
f 889 894 893
f 890 891 895
f 890 895 894
f 891 892 896
f 891 896 895
f 897 898 902
f 897 902 901
f 898 899 903
f 898 903 902
f 899 900 904
f 899 904 903
f 901 902 906
f 901 906 905
f 902 903 907
f 902 907 906
f 903 904 908
f 903 908 907
f 905 906 910
f 905 910 909
f 906 907 911
f 906 911 910
f 907 908 912
f 907 912 911
f 913 914 918
f 913 918 917
f 914 915 919
f 914 919 918
f 915 916 920
f 915 920 919
f 917 918 922
f 917 922 921
f 918 919 923
f 918 923 922
f 919 920 924
f 919 924 923
f 921 922 926
f 921 926 925
f 922 923 927
f 922 927 926
f 923 924 928
f 923 928 927
f 929 930 934
f 929 934 933
f 930 931 935
f 930 935 934
f 931 932 936
f 931 936 935
f 933 934 938
f 933 938 937
f 934 935 939
f 934 939 938
f 935 936 940
f 935 940 939
f 937 938 942
f 937 942 941
f 938 939 943
f 938 943 942
f 939 940 944
f 939 944 943
f 945 946 950
f 945 950 949
f 946 947 951
f 946 951 950
f 947 948 952
f 947 952 951
f 949 950 954
f 949 954 953
f 950 951 955
f 950 955 954
f 951 952 956
f 951 956 955
f 953 954 958
f 953 958 957
f 954 955 959
f 954 959 958
f 955 956 960
f 955 960 959
g 바닥_10
v -1.5000 -0.0750 3.0000
v -1.5000 -0.0250 3.0000
v -1.5000 0.0250 3.0000
v -1.5000 0.0750 3.0000
v -0.5000 -0.0750 3.0000
v -0.5000 -0.0250 3.0000
v -0.5000 0.0250 3.0000
v -0.5000 0.0750 3.0000
v 0.5000 -0.0750 3.0000
v 0.5000 -0.0250 3.0000
v 0.5000 0.0250 3.0000
v 0.5000 0.0750 3.0000
v 1.5000 -0.0750 3.0000
v 1.5000 -0.0250 3.0000
v 1.5000 0.0250 3.0000
v 1.5000 0.0750 3.0000
v 1.5000 -0.0750 0.0000
v 1.5000 -0.0250 0.0000
v 1.5000 0.0250 0.0000
v 1.5000 0.0750 0.0000
v 0.5000 -0.0750 0.0000
v 0.5000 -0.0250 0.0000
v 0.5000 0.0250 0.0000
v 0.5000 0.0750 0.0000
v -0.5000 -0.0750 0.0000
v -0.5000 -0.0250 0.0000
v -0.5000 0.0250 0.0000
v -0.5000 0.0750 0.0000
v -1.5000 -0.0750 0.0000
v -1.5000 -0.0250 0.0000
v -1.5000 0.0250 0.0000
v -1.5000 0.0750 0.0000
v -1.5000 -0.0750 0.0000
v -1.5000 -0.0250 0.0000
v -1.5000 0.0250 0.0000
v -1.5000 0.0750 0.0000
v -1.5000 -0.0750 1.0000
v -1.5000 -0.0250 1.0000
v -1.5000 0.0250 1.0000
v -1.5000 0.0750 1.0000
v -1.5000 -0.0750 2.0000
v -1.5000 -0.0250 2.0000
v -1.5000 0.0250 2.0000
v -1.5000 0.0750 2.0000
v -1.5000 -0.0750 3.0000
v -1.5000 -0.0250 3.0000
v -1.5000 0.0250 3.0000
v -1.5000 0.0750 3.0000
v 1.5000 -0.0750 3.0000
v 1.5000 -0.0250 3.0000
v 1.5000 0.0250 3.0000
v 1.5000 0.0750 3.0000
v 1.5000 -0.0750 2.0000
v 1.5000 -0.0250 2.0000
v 1.5000 0.0250 2.0000
v 1.5000 0.0750 2.0000
v 1.5000 -0.0750 1.0000
v 1.5000 -0.0250 1.0000
v 1.5000 0.0250 1.0000
v 1.5000 0.0750 1.0000
v 1.5000 -0.0750 0.0000
v 1.5000 -0.0250 0.0000
v 1.5000 0.0250 0.0000
v 1.5000 0.0750 0.0000
v -1.5000 0.0750 0.0000
v -1.5000 0.0750 1.0000
v -1.5000 0.0750 2.0000
v -1.5000 0.0750 3.0000
v -0.5000 0.0750 0.0000
v -0.5000 0.0750 1.0000
v -0.5000 0.0750 2.0000
v -0.5000 0.0750 3.0000
v 0.5000 0.0750 0.0000
v 0.5000 0.0750 1.0000
v 0.5000 0.0750 2.0000
v 0.5000 0.0750 3.0000
v 1.5000 0.0750 0.0000
v 1.5000 0.0750 1.0000
v 1.5000 0.0750 2.0000
v 1.5000 0.0750 3.0000
v -1.5000 -0.0750 3.0000
v -1.5000 -0.0750 2.0000
v -1.5000 -0.0750 1.0000
v -1.5000 -0.0750 0.0000
v -0.5000 -0.0750 3.0000
v -0.5000 -0.0750 2.0000
v -0.5000 -0.0750 1.0000
v -0.5000 -0.0750 0.0000
v 0.5000 -0.0750 3.0000
v 0.5000 -0.0750 2.0000
v 0.5000 -0.0750 1.0000
v 0.5000 -0.0750 0.0000
v 1.5000 -0.0750 3.0000
v 1.5000 -0.0750 2.0000
v 1.5000 -0.0750 1.0000
v 1.5000 -0.0750 0.0000
f 961 962 966
f 961 966 965
f 962 963 967
f 962 967 966
f 963 964 968
f 963 968 967
f 965 966 970
f 965 970 969
f 966 967 971
f 966 971 970
f 967 968 972
f 967 972 971
f 969 970 974
f 969 974 973
f 970 971 975
f 970 975 974
f 971 972 976
f 971 976 975
f 977 978 982
f 977 982 981
f 978 979 983
f 978 983 982
f 979 980 984
f 979 984 983
f 981 982 986
f 981 986 985
f 982 983 987
f 982 987 986
f 983 984 988
f 983 988 987
f 985 986 990
f 985 990 989
f 986 987 991
f 986 991 990
f 987 988 992
f 987 992 991
f 993 994 998
f 993 998 997
f 994 995 999
f 994 999 998
f 995 996 1000
f 995 1000 999
f 997 998 1002
f 997 1002 1001
f 998 999 1003
f 998 1003 1002
f 999 1000 1004
f 999 1004 1003
f 1001 1002 1006
f 1001 1006 1005
f 1002 1003 1007
f 1002 1007 1006
f 1003 1004 1008
f 1003 1008 1007
f 1009 1010 1014
f 1009 1014 1013
f 1010 1011 1015
f 1010 1015 1014
f 1011 1012 1016
f 1011 1016 1015
f 1013 1014 1018
f 1013 1018 1017
f 1014 1015 1019
f 1014 1019 1018
f 1015 1016 1020
f 1015 1020 1019
f 1017 1018 1022
f 1017 1022 1021
f 1018 1019 1023
f 1018 1023 1022
f 1019 1020 1024
f 1019 1024 1023
f 1025 1026 1030
f 1025 1030 1029
f 1026 1027 1031
f 1026 1031 1030
f 1027 1028 1032
f 1027 1032 1031
f 1029 1030 1034
f 1029 1034 1033
f 1030 1031 1035
f 1030 1035 1034
f 1031 1032 1036
f 1031 1036 1035
f 1033 1034 1038
f 1033 1038 1037
f 1034 1035 1039
f 1034 1039 1038
f 1035 1036 1040
f 1035 1040 1039
f 1041 1042 1046
f 1041 1046 1045
f 1042 1043 1047
f 1042 1047 1046
f 1043 1044 1048
f 1043 1048 1047
f 1045 1046 1050
f 1045 1050 1049
f 1046 1047 1051
f 1046 1051 1050
f 1047 1048 1052
f 1047 1052 1051
f 1049 1050 1054
f 1049 1054 1053
f 1050 1051 1055
f 1050 1055 1054
f 1051 1052 1056
f 1051 1056 1055
g 바닥_11
v -1.5000 -0.0750 6.0000
v -1.5000 -0.0250 6.0000
v -1.5000 0.0250 6.0000
v -1.5000 0.0750 6.0000
v -0.5000 -0.0750 6.0000
v -0.5000 -0.0250 6.0000
v -0.5000 0.0250 6.0000
v -0.5000 0.0750 6.0000
v 0.5000 -0.0750 6.0000
v 0.5000 -0.0250 6.0000
v 0.5000 0.0250 6.0000
v 0.5000 0.0750 6.0000
v 1.5000 -0.0750 6.0000
v 1.5000 -0.0250 6.0000
v 1.5000 0.0250 6.0000
v 1.5000 0.0750 6.0000
v 1.5000 -0.0750 3.0000
v 1.5000 -0.0250 3.0000
v 1.5000 0.0250 3.0000
v 1.5000 0.0750 3.0000
v 0.5000 -0.0750 3.0000
v 0.5000 -0.0250 3.0000
v 0.5000 0.0250 3.0000
v 0.5000 0.0750 3.0000
v -0.5000 -0.0750 3.0000
v -0.5000 -0.0250 3.0000
v -0.5000 0.0250 3.0000
v -0.5000 0.0750 3.0000
v -1.5000 -0.0750 3.0000
v -1.5000 -0.0250 3.0000
v -1.5000 0.0250 3.0000
v -1.5000 0.0750 3.0000
v -1.5000 -0.0750 3.0000
v -1.5000 -0.0250 3.0000
v -1.5000 0.0250 3.0000
v -1.5000 0.0750 3.0000
v -1.5000 -0.0750 4.0000
v -1.5000 -0.0250 4.0000
v -1.5000 0.0250 4.0000
v -1.5000 0.0750 4.0000
v -1.5000 -0.0750 5.0000
v -1.5000 -0.0250 5.0000
v -1.5000 0.0250 5.0000
v -1.5000 0.0750 5.0000
v -1.5000 -0.0750 6.0000
v -1.5000 -0.0250 6.0000
v -1.5000 0.0250 6.0000
v -1.5000 0.0750 6.0000
v 1.5000 -0.0750 6.0000
v 1.5000 -0.0250 6.0000
v 1.5000 0.0250 6.0000
v 1.5000 0.0750 6.0000
v 1.5000 -0.0750 5.0000
v 1.5000 -0.0250 5.0000
v 1.5000 0.0250 5.0000
v 1.5000 0.0750 5.0000
v 1.5000 -0.0750 4.0000
v 1.5000 -0.0250 4.0000
v 1.5000 0.0250 4.0000
v 1.5000 0.0750 4.0000
v 1.5000 -0.0750 3.0000
v 1.5000 -0.0250 3.0000
v 1.5000 0.0250 3.0000
v 1.5000 0.0750 3.0000
v -1.5000 0.0750 3.0000
v -1.5000 0.0750 4.0000
v -1.5000 0.0750 5.0000
v -1.5000 0.0750 6.0000
v -0.5000 0.0750 3.0000
v -0.5000 0.0750 4.0000
v -0.5000 0.0750 5.0000
v -0.5000 0.0750 6.0000
v 0.5000 0.0750 3.0000
v 0.5000 0.0750 4.0000
v 0.5000 0.0750 5.0000
v 0.5000 0.0750 6.0000
v 1.5000 0.0750 3.0000
v 1.5000 0.0750 4.0000
v 1.5000 0.0750 5.0000
v 1.5000 0.0750 6.0000
v -1.5000 -0.0750 6.0000
v -1.5000 -0.0750 5.0000
v -1.5000 -0.0750 4.0000
v -1.5000 -0.0750 3.0000
v -0.5000 -0.0750 6.0000
v -0.5000 -0.0750 5.0000
v -0.5000 -0.0750 4.0000
v -0.5000 -0.0750 3.0000
v 0.5000 -0.0750 6.0000
v 0.5000 -0.0750 5.0000
v 0.5000 -0.0750 4.0000
v 0.5000 -0.0750 3.0000
v 1.5000 -0.0750 6.0000
v 1.5000 -0.0750 5.0000
v 1.5000 -0.0750 4.0000
v 1.5000 -0.0750 3.0000
f 1057 1058 1062
f 1057 1062 1061
f 1058 1059 1063
f 1058 1063 1062
f 1059 1060 1064
f 1059 1064 1063
f 1061 1062 1066
f 1061 1066 1065
f 1062 1063 1067
f 1062 1067 1066
f 1063 1064 1068
f 1063 1068 1067
f 1065 1066 1070
f 1065 1070 1069
f 1066 1067 1071
f 1066 1071 1070
f 1067 1068 1072
f 1067 1072 1071
f 1073 1074 1078
f 1073 1078 1077
f 1074 1075 1079
f 1074 1079 1078
f 1075 1076 1080
f 1075 1080 1079
f 1077 1078 1082
f 1077 1082 1081
f 1078 1079 1083
f 1078 1083 1082
f 1079 1080 1084
f 1079 1084 1083
f 1081 1082 1086
f 1081 1086 1085
f 1082 1083 1087
f 1082 1087 1086
f 1083 1084 1088
f 1083 1088 1087
f 1089 1090 1094
f 1089 1094 1093
f 1090 1091 1095
f 1090 1095 1094
f 1091 1092 1096
f 1091 1096 1095
f 1093 1094 1098
f 1093 1098 1097
f 1094 1095 1099
f 1094 1099 1098
f 1095 1096 1100
f 1095 1100 1099
f 1097 1098 1102
f 1097 1102 1101
f 1098 1099 1103
f 1098 1103 1102
f 1099 1100 1104
f 1099 1104 1103
f 1105 1106 1110
f 1105 1110 1109
f 1106 1107 1111
f 1106 1111 1110
f 1107 1108 1112
f 1107 1112 1111
f 1109 1110 1114
f 1109 1114 1113
f 1110 1111 1115
f 1110 1115 1114
f 1111 1112 1116
f 1111 1116 1115
f 1113 1114 1118
f 1113 1118 1117
f 1114 1115 1119
f 1114 1119 1118
f 1115 1116 1120
f 1115 1120 1119
f 1121 1122 1126
f 1121 1126 1125
f 1122 1123 1127
f 1122 1127 1126
f 1123 1124 1128
f 1123 1128 1127
f 1125 1126 1130
f 1125 1130 1129
f 1126 1127 1131
f 1126 1131 1130
f 1127 1128 1132
f 1127 1132 1131
f 1129 1130 1134
f 1129 1134 1133
f 1130 1131 1135
f 1130 1135 1134
f 1131 1132 1136
f 1131 1136 1135
f 1137 1138 1142
f 1137 1142 1141
f 1138 1139 1143
f 1138 1143 1142
f 1139 1140 1144
f 1139 1144 1143
f 1141 1142 1146
f 1141 1146 1145
f 1142 1143 1147
f 1142 1147 1146
f 1143 1144 1148
f 1143 1148 1147
f 1145 1146 1150
f 1145 1150 1149
f 1146 1147 1151
f 1146 1151 1150
f 1147 1148 1152
f 1147 1152 1151
g 바닥_12
v 1.5000 -0.0750 -3.0000
v 1.5000 -0.0250 -3.0000
v 1.5000 0.0250 -3.0000
v 1.5000 0.0750 -3.0000
v 2.5000 -0.0750 -3.0000
v 2.5000 -0.0250 -3.0000
v 2.5000 0.0250 -3.0000
v 2.5000 0.0750 -3.0000
v 3.5000 -0.0750 -3.0000
v 3.5000 -0.0250 -3.0000
v 3.5000 0.0250 -3.0000
v 3.5000 0.0750 -3.0000
v 4.5000 -0.0750 -3.0000
v 4.5000 -0.0250 -3.0000
v 4.5000 0.0250 -3.0000
v 4.5000 0.0750 -3.0000
v 4.5000 -0.0750 -6.0000
v 4.5000 -0.0250 -6.0000
v 4.5000 0.0250 -6.0000
v 4.5000 0.0750 -6.0000
v 3.5000 -0.0750 -6.0000
v 3.5000 -0.0250 -6.0000
v 3.5000 0.0250 -6.0000
v 3.5000 0.0750 -6.0000
v 2.5000 -0.0750 -6.0000
v 2.5000 -0.0250 -6.0000
v 2.5000 0.0250 -6.0000
v 2.5000 0.0750 -6.0000
v 1.5000 -0.0750 -6.0000
v 1.5000 -0.0250 -6.0000
v 1.5000 0.0250 -6.0000
v 1.5000 0.0750 -6.0000
v 1.5000 -0.0750 -6.0000
v 1.5000 -0.0250 -6.0000
v 1.5000 0.0250 -6.0000
v 1.5000 0.0750 -6.0000
v 1.5000 -0.0750 -5.0000
v 1.5000 -0.0250 -5.0000
v 1.5000 0.0250 -5.0000
v 1.5000 0.0750 -5.0000
v 1.5000 -0.0750 -4.0000
v 1.5000 -0.0250 -4.0000
v 1.5000 0.0250 -4.0000
v 1.5000 0.0750 -4.0000
v 1.5000 -0.0750 -3.0000
v 1.5000 -0.0250 -3.0000
v 1.5000 0.0250 -3.0000
v 1.5000 0.0750 -3.0000
v 4.5000 -0.0750 -3.0000
v 4.5000 -0.0250 -3.0000
v 4.5000 0.0250 -3.0000
v 4.5000 0.0750 -3.0000
v 4.5000 -0.0750 -4.0000
v 4.5000 -0.0250 -4.0000
v 4.5000 0.0250 -4.0000
v 4.5000 0.0750 -4.0000
v 4.5000 -0.0750 -5.0000
v 4.5000 -0.0250 -5.0000
v 4.5000 0.0250 -5.0000
v 4.5000 0.0750 -5.0000
v 4.5000 -0.0750 -6.0000
v 4.5000 -0.0250 -6.0000
v 4.5000 0.0250 -6.0000
v 4.5000 0.0750 -6.0000
v 1.5000 0.0750 -6.0000
v 1.5000 0.0750 -5.0000
v 1.5000 0.0750 -4.0000
v 1.5000 0.0750 -3.0000
v 2.5000 0.0750 -6.0000
v 2.5000 0.0750 -5.0000
v 2.5000 0.0750 -4.0000
v 2.5000 0.0750 -3.0000
v 3.5000 0.0750 -6.0000
v 3.5000 0.0750 -5.0000
v 3.5000 0.0750 -4.0000
v 3.5000 0.0750 -3.0000
v 4.5000 0.0750 -6.0000
v 4.5000 0.0750 -5.0000
v 4.5000 0.0750 -4.0000
v 4.5000 0.0750 -3.0000
v 1.5000 -0.0750 -3.0000
v 1.5000 -0.0750 -4.0000
v 1.5000 -0.0750 -5.0000
v 1.5000 -0.0750 -6.0000
v 2.5000 -0.0750 -3.0000
v 2.5000 -0.0750 -4.0000
v 2.5000 -0.0750 -5.0000
v 2.5000 -0.0750 -6.0000
v 3.5000 -0.0750 -3.0000
v 3.5000 -0.0750 -4.0000
v 3.5000 -0.0750 -5.0000
v 3.5000 -0.0750 -6.0000
v 4.5000 -0.0750 -3.0000
v 4.5000 -0.0750 -4.0000
v 4.5000 -0.0750 -5.0000
v 4.5000 -0.0750 -6.0000
f 1153 1154 1158
f 1153 1158 1157
f 1154 1155 1159
f 1154 1159 1158
f 1155 1156 1160
f 1155 1160 1159
f 1157 1158 1162
f 1157 1162 1161
f 1158 1159 1163
f 1158 1163 1162
f 1159 1160 1164
f 1159 1164 1163
f 1161 1162 1166
f 1161 1166 1165
f 1162 1163 1167
f 1162 1167 1166
f 1163 1164 1168
f 1163 1168 1167
f 1169 1170 1174
f 1169 1174 1173
f 1170 1171 1175
f 1170 1175 1174
f 1171 1172 1176
f 1171 1176 1175
f 1173 1174 1178
f 1173 1178 1177
f 1174 1175 1179
f 1174 1179 1178
f 1175 1176 1180
f 1175 1180 1179
f 1177 1178 1182
f 1177 1182 1181
f 1178 1179 1183
f 1178 1183 1182
f 1179 1180 1184
f 1179 1184 1183
f 1185 1186 1190
f 1185 1190 1189
f 1186 1187 1191
f 1186 1191 1190
f 1187 1188 1192
f 1187 1192 1191
f 1189 1190 1194
f 1189 1194 1193
f 1190 1191 1195
f 1190 1195 1194
f 1191 1192 1196
f 1191 1196 1195
f 1193 1194 1198
f 1193 1198 1197
f 1194 1195 1199
f 1194 1199 1198
f 1195 1196 1200
f 1195 1200 1199
f 1201 1202 1206
f 1201 1206 1205
f 1202 1203 1207
f 1202 1207 1206
f 1203 1204 1208
f 1203 1208 1207
f 1205 1206 1210
f 1205 1210 1209
f 1206 1207 1211
f 1206 1211 1210
f 1207 1208 1212
f 1207 1212 1211
f 1209 1210 1214
f 1209 1214 1213
f 1210 1211 1215
f 1210 1215 1214
f 1211 1212 1216
f 1211 1216 1215
f 1217 1218 1222
f 1217 1222 1221
f 1218 1219 1223
f 1218 1223 1222
f 1219 1220 1224
f 1219 1224 1223
f 1221 1222 1226
f 1221 1226 1225
f 1222 1223 1227
f 1222 1227 1226
f 1223 1224 1228
f 1223 1228 1227
f 1225 1226 1230
f 1225 1230 1229
f 1226 1227 1231
f 1226 1231 1230
f 1227 1228 1232
f 1227 1232 1231
f 1233 1234 1238
f 1233 1238 1237
f 1234 1235 1239
f 1234 1239 1238
f 1235 1236 1240
f 1235 1240 1239
f 1237 1238 1242
f 1237 1242 1241
f 1238 1239 1243
f 1238 1243 1242
f 1239 1240 1244
f 1239 1244 1243
f 1241 1242 1246
f 1241 1246 1245
f 1242 1243 1247
f 1242 1247 1246
f 1243 1244 1248
f 1243 1248 1247
g 바닥_13
v 1.5000 -0.0750 0.0000
v 1.5000 -0.0250 0.0000
v 1.5000 0.0250 0.0000
v 1.5000 0.0750 0.0000
v 2.5000 -0.0750 0.0000
v 2.5000 -0.0250 0.0000
v 2.5000 0.0250 0.0000
v 2.5000 0.0750 0.0000
v 3.5000 -0.0750 0.0000
v 3.5000 -0.0250 0.0000
v 3.5000 0.0250 0.0000
v 3.5000 0.0750 0.0000
v 4.5000 -0.0750 0.0000
v 4.5000 -0.0250 0.0000
v 4.5000 0.0250 0.0000
v 4.5000 0.0750 0.0000
v 4.5000 -0.0750 -3.0000
v 4.5000 -0.0250 -3.0000
v 4.5000 0.0250 -3.0000
v 4.5000 0.0750 -3.0000
v 3.5000 -0.0750 -3.0000
v 3.5000 -0.0250 -3.0000
v 3.5000 0.0250 -3.0000
v 3.5000 0.0750 -3.0000
v 2.5000 -0.0750 -3.0000
v 2.5000 -0.0250 -3.0000
v 2.5000 0.0250 -3.0000
v 2.5000 0.0750 -3.0000
v 1.5000 -0.0750 -3.0000
v 1.5000 -0.0250 -3.0000
v 1.5000 0.0250 -3.0000
v 1.5000 0.0750 -3.0000
v 1.5000 -0.0750 -3.0000
v 1.5000 -0.0250 -3.0000
v 1.5000 0.0250 -3.0000
v 1.5000 0.0750 -3.0000
v 1.5000 -0.0750 -2.0000
v 1.5000 -0.0250 -2.0000
v 1.5000 0.0250 -2.0000
v 1.5000 0.0750 -2.0000
v 1.5000 -0.0750 -1.0000
v 1.5000 -0.0250 -1.0000
v 1.5000 0.0250 -1.0000
v 1.5000 0.0750 -1.0000
v 1.5000 -0.0750 0.0000
v 1.5000 -0.0250 0.0000
v 1.5000 0.0250 0.0000
v 1.5000 0.0750 0.0000
v 4.5000 -0.0750 0.0000
v 4.5000 -0.0250 0.0000
v 4.5000 0.0250 0.0000
v 4.5000 0.0750 0.0000
v 4.5000 -0.0750 -1.0000
v 4.5000 -0.0250 -1.0000
v 4.5000 0.0250 -1.0000
v 4.5000 0.0750 -1.0000
v 4.5000 -0.0750 -2.0000
v 4.5000 -0.0250 -2.0000
v 4.5000 0.0250 -2.0000
v 4.5000 0.0750 -2.0000
v 4.5000 -0.0750 -3.0000
v 4.5000 -0.0250 -3.0000
v 4.5000 0.0250 -3.0000
v 4.5000 0.0750 -3.0000
v 1.5000 0.0750 -3.0000
v 1.5000 0.0750 -2.0000
v 1.5000 0.0750 -1.0000
v 1.5000 0.0750 0.0000
v 2.5000 0.0750 -3.0000
v 2.5000 0.0750 -2.0000
v 2.5000 0.0750 -1.0000
v 2.5000 0.0750 0.0000
v 3.5000 0.0750 -3.0000
v 3.5000 0.0750 -2.0000
v 3.5000 0.0750 -1.0000
v 3.5000 0.0750 0.0000
v 4.5000 0.0750 -3.0000
v 4.5000 0.0750 -2.0000
v 4.5000 0.0750 -1.0000
v 4.5000 0.0750 0.0000
v 1.5000 -0.0750 0.0000
v 1.5000 -0.0750 -1.0000
v 1.5000 -0.0750 -2.0000
v 1.5000 -0.0750 -3.0000
v 2.5000 -0.0750 0.0000
v 2.5000 -0.0750 -1.0000
v 2.5000 -0.0750 -2.0000
v 2.5000 -0.0750 -3.0000
v 3.5000 -0.0750 0.0000
v 3.5000 -0.0750 -1.0000
v 3.5000 -0.0750 -2.0000
v 3.5000 -0.0750 -3.0000
v 4.5000 -0.0750 0.0000
v 4.5000 -0.0750 -1.0000
v 4.5000 -0.0750 -2.0000
v 4.5000 -0.0750 -3.0000
f 1249 1250 1254
f 1249 1254 1253
f 1250 1251 1255
f 1250 1255 1254
f 1251 1252 1256
f 1251 1256 1255
f 1253 1254 1258
f 1253 1258 1257
f 1254 1255 1259
f 1254 1259 1258
f 1255 1256 1260
f 1255 1260 1259
f 1257 1258 1262
f 1257 1262 1261
f 1258 1259 1263
f 1258 1263 1262
f 1259 1260 1264
f 1259 1264 1263
f 1265 1266 1270
f 1265 1270 1269
f 1266 1267 1271
f 1266 1271 1270
f 1267 1268 1272
f 1267 1272 1271
f 1269 1270 1274
f 1269 1274 1273
f 1270 1271 1275
f 1270 1275 1274
f 1271 1272 1276
f 1271 1276 1275
f 1273 1274 1278
f 1273 1278 1277
f 1274 1275 1279
f 1274 1279 1278
f 1275 1276 1280
f 1275 1280 1279
f 1281 1282 1286
f 1281 1286 1285
f 1282 1283 1287
f 1282 1287 1286
f 1283 1284 1288
f 1283 1288 1287
f 1285 1286 1290
f 1285 1290 1289
f 1286 1287 1291
f 1286 1291 1290
f 1287 1288 1292
f 1287 1292 1291
f 1289 1290 1294
f 1289 1294 1293
f 1290 1291 1295
f 1290 1295 1294
f 1291 1292 1296
f 1291 1296 1295
f 1297 1298 1302
f 1297 1302 1301
f 1298 1299 1303
f 1298 1303 1302
f 1299 1300 1304
f 1299 1304 1303
f 1301 1302 1306
f 1301 1306 1305
f 1302 1303 1307
f 1302 1307 1306
f 1303 1304 1308
f 1303 1308 1307
f 1305 1306 1310
f 1305 1310 1309
f 1306 1307 1311
f 1306 1311 1310
f 1307 1308 1312
f 1307 1312 1311
f 1313 1314 1318
f 1313 1318 1317
f 1314 1315 1319
f 1314 1319 1318
f 1315 1316 1320
f 1315 1320 1319
f 1317 1318 1322
f 1317 1322 1321
f 1318 1319 1323
f 1318 1323 1322
f 1319 1320 1324
f 1319 1324 1323
f 1321 1322 1326
f 1321 1326 1325
f 1322 1323 1327
f 1322 1327 1326
f 1323 1324 1328
f 1323 1328 1327
f 1329 1330 1334
f 1329 1334 1333
f 1330 1331 1335
f 1330 1335 1334
f 1331 1332 1336
f 1331 1336 1335
f 1333 1334 1338
f 1333 1338 1337
f 1334 1335 1339
f 1334 1339 1338
f 1335 1336 1340
f 1335 1340 1339
f 1337 1338 1342
f 1337 1342 1341
f 1338 1339 1343
f 1338 1343 1342
f 1339 1340 1344
f 1339 1344 1343
g 바닥_14
v 1.5000 -0.0750 3.0000
v 1.5000 -0.0250 3.0000
v 1.5000 0.0250 3.0000
v 1.5000 0.0750 3.0000
v 2.5000 -0.0750 3.0000
v 2.5000 -0.0250 3.0000
v 2.5000 0.0250 3.0000
v 2.5000 0.0750 3.0000
v 3.5000 -0.0750 3.0000
v 3.5000 -0.0250 3.0000
v 3.5000 0.0250 3.0000
v 3.5000 0.0750 3.0000
v 4.5000 -0.0750 3.0000
v 4.5000 -0.0250 3.0000
v 4.5000 0.0250 3.0000
v 4.5000 0.0750 3.0000
v 4.5000 -0.0750 0.0000
v 4.5000 -0.0250 0.0000
v 4.5000 0.0250 0.0000
v 4.5000 0.0750 0.0000
v 3.5000 -0.0750 0.0000
v 3.5000 -0.0250 0.0000
v 3.5000 0.0250 0.0000
v 3.5000 0.0750 0.0000
v 2.5000 -0.0750 0.0000
v 2.5000 -0.0250 0.0000
v 2.5000 0.0250 0.0000
v 2.5000 0.0750 0.0000
v 1.5000 -0.0750 0.0000
v 1.5000 -0.0250 0.0000
v 1.5000 0.0250 0.0000
v 1.5000 0.0750 0.0000
v 1.5000 -0.0750 0.0000
v 1.5000 -0.0250 0.0000
v 1.5000 0.0250 0.0000
v 1.5000 0.0750 0.0000
v 1.5000 -0.0750 1.0000
v 1.5000 -0.0250 1.0000
v 1.5000 0.0250 1.0000
v 1.5000 0.0750 1.0000
v 1.5000 -0.0750 2.0000
v 1.5000 -0.0250 2.0000
v 1.5000 0.0250 2.0000
v 1.5000 0.0750 2.0000
v 1.5000 -0.0750 3.0000
v 1.5000 -0.0250 3.0000
v 1.5000 0.0250 3.0000
v 1.5000 0.0750 3.0000
v 4.5000 -0.0750 3.0000
v 4.5000 -0.0250 3.0000
v 4.5000 0.0250 3.0000
v 4.5000 0.0750 3.0000
v 4.5000 -0.0750 2.0000
v 4.5000 -0.0250 2.0000
v 4.5000 0.0250 2.0000
v 4.5000 0.0750 2.0000
v 4.5000 -0.0750 1.0000
v 4.5000 -0.0250 1.0000
v 4.5000 0.0250 1.0000
v 4.5000 0.0750 1.0000
v 4.5000 -0.0750 0.0000
v 4.5000 -0.0250 0.0000
v 4.5000 0.0250 0.0000
v 4.5000 0.0750 0.0000
v 1.5000 0.0750 0.0000
v 1.5000 0.0750 1.0000
v 1.5000 0.0750 2.0000
v 1.5000 0.0750 3.0000
v 2.5000 0.0750 0.0000
v 2.5000 0.0750 1.0000
v 2.5000 0.0750 2.0000
v 2.5000 0.0750 3.0000
v 3.5000 0.0750 0.0000
v 3.5000 0.0750 1.0000
v 3.5000 0.0750 2.0000
v 3.5000 0.0750 3.0000
v 4.5000 0.0750 0.0000
v 4.5000 0.0750 1.0000
v 4.5000 0.0750 2.0000
v 4.5000 0.0750 3.0000
v 1.5000 -0.0750 3.0000
v 1.5000 -0.0750 2.0000
v 1.5000 -0.0750 1.0000
v 1.5000 -0.0750 0.0000
v 2.5000 -0.0750 3.0000
v 2.5000 -0.0750 2.0000
v 2.5000 -0.0750 1.0000
v 2.5000 -0.0750 0.0000
v 3.5000 -0.0750 3.0000
v 3.5000 -0.0750 2.0000
v 3.5000 -0.0750 1.0000
v 3.5000 -0.0750 0.0000
v 4.5000 -0.0750 3.0000
v 4.5000 -0.0750 2.0000
v 4.5000 -0.0750 1.0000
v 4.5000 -0.0750 0.0000
f 1345 1346 1350
f 1345 1350 1349
f 1346 1347 1351
f 1346 1351 1350
f 1347 1348 1352
f 1347 1352 1351
f 1349 1350 1354
f 1349 1354 1353
f 1350 1351 1355
f 1350 1355 1354
f 1351 1352 1356
f 1351 1356 1355
f 1353 1354 1358
f 1353 1358 1357
f 1354 1355 1359
f 1354 1359 1358
f 1355 1356 1360
f 1355 1360 1359
f 1361 1362 1366
f 1361 1366 1365
f 1362 1363 1367
f 1362 1367 1366
f 1363 1364 1368
f 1363 1368 1367
f 1365 1366 1370
f 1365 1370 1369
f 1366 1367 1371
f 1366 1371 1370
f 1367 1368 1372
f 1367 1372 1371
f 1369 1370 1374
f 1369 1374 1373
f 1370 1371 1375
f 1370 1375 1374
f 1371 1372 1376
f 1371 1376 1375
f 1377 1378 1382
f 1377 1382 1381
f 1378 1379 1383
f 1378 1383 1382
f 1379 1380 1384
f 1379 1384 1383
f 1381 1382 1386
f 1381 1386 1385
f 1382 1383 1387
f 1382 1387 1386
f 1383 1384 1388
f 1383 1388 1387
f 1385 1386 1390
f 1385 1390 1389
f 1386 1387 1391
f 1386 1391 1390
f 1387 1388 1392
f 1387 1392 1391
f 1393 1394 1398
f 1393 1398 1397
f 1394 1395 1399
f 1394 1399 1398
f 1395 1396 1400
f 1395 1400 1399
f 1397 1398 1402
f 1397 1402 1401
f 1398 1399 1403
f 1398 1403 1402
f 1399 1400 1404
f 1399 1404 1403
f 1401 1402 1406
f 1401 1406 1405
f 1402 1403 1407
f 1402 1407 1406
f 1403 1404 1408
f 1403 1408 1407
f 1409 1410 1414
f 1409 1414 1413
f 1410 1411 1415
f 1410 1415 1414
f 1411 1412 1416
f 1411 1416 1415
f 1413 1414 1418
f 1413 1418 1417
f 1414 1415 1419
f 1414 1419 1418
f 1415 1416 1420
f 1415 1420 1419
f 1417 1418 1422
f 1417 1422 1421
f 1418 1419 1423
f 1418 1423 1422
f 1419 1420 1424
f 1419 1424 1423
f 1425 1426 1430
f 1425 1430 1429
f 1426 1427 1431
f 1426 1431 1430
f 1427 1428 1432
f 1427 1432 1431
f 1429 1430 1434
f 1429 1434 1433
f 1430 1431 1435
f 1430 1435 1434
f 1431 1432 1436
f 1431 1436 1435
f 1433 1434 1438
f 1433 1438 1437
f 1434 1435 1439
f 1434 1439 1438
f 1435 1436 1440
f 1435 1440 1439
g 바닥_15
v 1.5000 -0.0750 6.0000
v 1.5000 -0.0250 6.0000
v 1.5000 0.0250 6.0000
v 1.5000 0.0750 6.0000
v 2.5000 -0.0750 6.0000
v 2.5000 -0.0250 6.0000
v 2.5000 0.0250 6.0000
v 2.5000 0.0750 6.0000
v 3.5000 -0.0750 6.0000
v 3.5000 -0.0250 6.0000
v 3.5000 0.0250 6.0000
v 3.5000 0.0750 6.0000
v 4.5000 -0.0750 6.0000
v 4.5000 -0.0250 6.0000
v 4.5000 0.0250 6.0000
v 4.5000 0.0750 6.0000
v 4.5000 -0.0750 3.0000
v 4.5000 -0.0250 3.0000
v 4.5000 0.0250 3.0000
v 4.5000 0.0750 3.0000
v 3.5000 -0.0750 3.0000
v 3.5000 -0.0250 3.0000
v 3.5000 0.0250 3.0000
v 3.5000 0.0750 3.0000
v 2.5000 -0.0750 3.0000
v 2.5000 -0.0250 3.0000
v 2.5000 0.0250 3.0000
v 2.5000 0.0750 3.0000
v 1.5000 -0.0750 3.0000
v 1.5000 -0.0250 3.0000
v 1.5000 0.0250 3.0000
v 1.5000 0.0750 3.0000
v 1.5000 -0.0750 3.0000
v 1.5000 -0.0250 3.0000
v 1.5000 0.0250 3.0000
v 1.5000 0.0750 3.0000
v 1.5000 -0.0750 4.0000
v 1.5000 -0.0250 4.0000
v 1.5000 0.0250 4.0000
v 1.5000 0.0750 4.0000
v 1.5000 -0.0750 5.0000
v 1.5000 -0.0250 5.0000
v 1.5000 0.0250 5.0000
v 1.5000 0.0750 5.0000
v 1.5000 -0.0750 6.0000
v 1.5000 -0.0250 6.0000
v 1.5000 0.0250 6.0000
v 1.5000 0.0750 6.0000
v 4.5000 -0.0750 6.0000
v 4.5000 -0.0250 6.0000
v 4.5000 0.0250 6.0000
v 4.5000 0.0750 6.0000
v 4.5000 -0.0750 5.0000
v 4.5000 -0.0250 5.0000
v 4.5000 0.0250 5.0000
v 4.5000 0.0750 5.0000
v 4.5000 -0.0750 4.0000
v 4.5000 -0.0250 4.0000
v 4.5000 0.0250 4.0000
v 4.5000 0.0750 4.0000
v 4.5000 -0.0750 3.0000
v 4.5000 -0.0250 3.0000
v 4.5000 0.0250 3.0000
v 4.5000 0.0750 3.0000
v 1.5000 0.0750 3.0000
v 1.5000 0.0750 4.0000
v 1.5000 0.0750 5.0000
v 1.5000 0.0750 6.0000
v 2.5000 0.0750 3.0000
v 2.5000 0.0750 4.0000
v 2.5000 0.0750 5.0000
v 2.5000 0.0750 6.0000
v 3.5000 0.0750 3.0000
v 3.5000 0.0750 4.0000
v 3.5000 0.0750 5.0000
v 3.5000 0.0750 6.0000
v 4.5000 0.0750 3.0000
v 4.5000 0.0750 4.0000
v 4.5000 0.0750 5.0000
v 4.5000 0.0750 6.0000
v 1.5000 -0.0750 6.0000
v 1.5000 -0.0750 5.0000
v 1.5000 -0.0750 4.0000
v 1.5000 -0.0750 3.0000
v 2.5000 -0.0750 6.0000
v 2.5000 -0.0750 5.0000
v 2.5000 -0.0750 4.0000
v 2.5000 -0.0750 3.0000
v 3.5000 -0.0750 6.0000
v 3.5000 -0.0750 5.0000
v 3.5000 -0.0750 4.0000
v 3.5000 -0.0750 3.0000
v 4.5000 -0.0750 6.0000
v 4.5000 -0.0750 5.0000
v 4.5000 -0.0750 4.0000
v 4.5000 -0.0750 3.0000
f 1441 1442 1446
f 1441 1446 1445
f 1442 1443 1447
f 1442 1447 1446
f 1443 1444 1448
f 1443 1448 1447
f 1445 1446 1450
f 1445 1450 1449
f 1446 1447 1451
f 1446 1451 1450
f 1447 1448 1452
f 1447 1452 1451
f 1449 1450 1454
f 1449 1454 1453
f 1450 1451 1455
f 1450 1455 1454
f 1451 1452 1456
f 1451 1456 1455
f 1457 1458 1462
f 1457 1462 1461
f 1458 1459 1463
f 1458 1463 1462
f 1459 1460 1464
f 1459 1464 1463
f 1461 1462 1466
f 1461 1466 1465
f 1462 1463 1467
f 1462 1467 1466
f 1463 1464 1468
f 1463 1468 1467
f 1465 1466 1470
f 1465 1470 1469
f 1466 1467 1471
f 1466 1471 1470
f 1467 1468 1472
f 1467 1472 1471
f 1473 1474 1478
f 1473 1478 1477
f 1474 1475 1479
f 1474 1479 1478
f 1475 1476 1480
f 1475 1480 1479
f 1477 1478 1482
f 1477 1482 1481
f 1478 1479 1483
f 1478 1483 1482
f 1479 1480 1484
f 1479 1484 1483
f 1481 1482 1486
f 1481 1486 1485
f 1482 1483 1487
f 1482 1487 1486
f 1483 1484 1488
f 1483 1488 1487
f 1489 1490 1494
f 1489 1494 1493
f 1490 1491 1495
f 1490 1495 1494
f 1491 1492 1496
f 1491 1496 1495
f 1493 1494 1498
f 1493 1498 1497
f 1494 1495 1499
f 1494 1499 1498
f 1495 1496 1500
f 1495 1500 1499
f 1497 1498 1502
f 1497 1502 1501
f 1498 1499 1503
f 1498 1503 1502
f 1499 1500 1504
f 1499 1504 1503
f 1505 1506 1510
f 1505 1510 1509
f 1506 1507 1511
f 1506 1511 1510
f 1507 1508 1512
f 1507 1512 1511
f 1509 1510 1514
f 1509 1514 1513
f 1510 1511 1515
f 1510 1515 1514
f 1511 1512 1516
f 1511 1516 1515
f 1513 1514 1518
f 1513 1518 1517
f 1514 1515 1519
f 1514 1519 1518
f 1515 1516 1520
f 1515 1520 1519
f 1521 1522 1526
f 1521 1526 1525
f 1522 1523 1527
f 1522 1527 1526
f 1523 1524 1528
f 1523 1528 1527
f 1525 1526 1530
f 1525 1530 1529
f 1526 1527 1531
f 1526 1531 1530
f 1527 1528 1532
f 1527 1532 1531
f 1529 1530 1534
f 1529 1534 1533
f 1530 1531 1535
f 1530 1535 1534
f 1531 1532 1536
f 1531 1536 1535
g 바닥_16
v 4.5000 -0.0750 -3.0000
v 4.5000 -0.0250 -3.0000
v 4.5000 0.0250 -3.0000
v 4.5000 0.0750 -3.0000
v 5.5000 -0.0750 -3.0000
v 5.5000 -0.0250 -3.0000
v 5.5000 0.0250 -3.0000
v 5.5000 0.0750 -3.0000
v 6.5000 -0.0750 -3.0000
v 6.5000 -0.0250 -3.0000
v 6.5000 0.0250 -3.0000
v 6.5000 0.0750 -3.0000
v 7.5000 -0.0750 -3.0000
v 7.5000 -0.0250 -3.0000
v 7.5000 0.0250 -3.0000
v 7.5000 0.0750 -3.0000
v 7.5000 -0.0750 -6.0000
v 7.5000 -0.0250 -6.0000
v 7.5000 0.0250 -6.0000
v 7.5000 0.0750 -6.0000
v 6.5000 -0.0750 -6.0000
v 6.5000 -0.0250 -6.0000
v 6.5000 0.0250 -6.0000
v 6.5000 0.0750 -6.0000
v 5.5000 -0.0750 -6.0000
v 5.5000 -0.0250 -6.0000
v 5.5000 0.0250 -6.0000
v 5.5000 0.0750 -6.0000
v 4.5000 -0.0750 -6.0000
v 4.5000 -0.0250 -6.0000
v 4.5000 0.0250 -6.0000
v 4.5000 0.0750 -6.0000
v 4.5000 -0.0750 -6.0000
v 4.5000 -0.0250 -6.0000
v 4.5000 0.0250 -6.0000
v 4.5000 0.0750 -6.0000
v 4.5000 -0.0750 -5.0000
v 4.5000 -0.0250 -5.0000
v 4.5000 0.0250 -5.0000
v 4.5000 0.0750 -5.0000
v 4.5000 -0.0750 -4.0000
v 4.5000 -0.0250 -4.0000
v 4.5000 0.0250 -4.0000
v 4.5000 0.0750 -4.0000
v 4.5000 -0.0750 -3.0000
v 4.5000 -0.0250 -3.0000
v 4.5000 0.0250 -3.0000
v 4.5000 0.0750 -3.0000
v 7.5000 -0.0750 -3.0000
v 7.5000 -0.0250 -3.0000
v 7.5000 0.0250 -3.0000
v 7.5000 0.0750 -3.0000
v 7.5000 -0.0750 -4.0000
v 7.5000 -0.0250 -4.0000
v 7.5000 0.0250 -4.0000
v 7.5000 0.0750 -4.0000
v 7.5000 -0.0750 -5.0000
v 7.5000 -0.0250 -5.0000
v 7.5000 0.0250 -5.0000
v 7.5000 0.0750 -5.0000
v 7.5000 -0.0750 -6.0000
v 7.5000 -0.0250 -6.0000
v 7.5000 0.0250 -6.0000
v 7.5000 0.0750 -6.0000
v 4.5000 0.0750 -6.0000
v 4.5000 0.0750 -5.0000
v 4.5000 0.0750 -4.0000
v 4.5000 0.0750 -3.0000
v 5.5000 0.0750 -6.0000
v 5.5000 0.0750 -5.0000
v 5.5000 0.0750 -4.0000
v 5.5000 0.0750 -3.0000
v 6.5000 0.0750 -6.0000
v 6.5000 0.0750 -5.0000
v 6.5000 0.0750 -4.0000
v 6.5000 0.0750 -3.0000
v 7.5000 0.0750 -6.0000
v 7.5000 0.0750 -5.0000
v 7.5000 0.0750 -4.0000
v 7.5000 0.0750 -3.0000
v 4.5000 -0.0750 -3.0000
v 4.5000 -0.0750 -4.0000
v 4.5000 -0.0750 -5.0000
v 4.5000 -0.0750 -6.0000
v 5.5000 -0.0750 -3.0000
v 5.5000 -0.0750 -4.0000
v 5.5000 -0.0750 -5.0000
v 5.5000 -0.0750 -6.0000
v 6.5000 -0.0750 -3.0000
v 6.5000 -0.0750 -4.0000
v 6.5000 -0.0750 -5.0000
v 6.5000 -0.0750 -6.0000
v 7.5000 -0.0750 -3.0000
v 7.5000 -0.0750 -4.0000
v 7.5000 -0.0750 -5.0000
v 7.5000 -0.0750 -6.0000
f 1537 1538 1542
f 1537 1542 1541
f 1538 1539 1543
f 1538 1543 1542
f 1539 1540 1544
f 1539 1544 1543
f 1541 1542 1546
f 1541 1546 1545
f 1542 1543 1547
f 1542 1547 1546
f 1543 1544 1548
f 1543 1548 1547
f 1545 1546 1550
f 1545 1550 1549
f 1546 1547 1551
f 1546 1551 1550
f 1547 1548 1552
f 1547 1552 1551
f 1553 1554 1558
f 1553 1558 1557
f 1554 1555 1559
f 1554 1559 1558
f 1555 1556 1560
f 1555 1560 1559
f 1557 1558 1562
f 1557 1562 1561
f 1558 1559 1563
f 1558 1563 1562
f 1559 1560 1564
f 1559 1564 1563
f 1561 1562 1566
f 1561 1566 1565
f 1562 1563 1567
f 1562 1567 1566
f 1563 1564 1568
f 1563 1568 1567
f 1569 1570 1574
f 1569 1574 1573
f 1570 1571 1575
f 1570 1575 1574
f 1571 1572 1576
f 1571 1576 1575
f 1573 1574 1578
f 1573 1578 1577
f 1574 1575 1579
f 1574 1579 1578
f 1575 1576 1580
f 1575 1580 1579
f 1577 1578 1582
f 1577 1582 1581
f 1578 1579 1583
f 1578 1583 1582
f 1579 1580 1584
f 1579 1584 1583
f 1585 1586 1590
f 1585 1590 1589
f 1586 1587 1591
f 1586 1591 1590
f 1587 1588 1592
f 1587 1592 1591
f 1589 1590 1594
f 1589 1594 1593
f 1590 1591 1595
f 1590 1595 1594
f 1591 1592 1596
f 1591 1596 1595
f 1593 1594 1598
f 1593 1598 1597
f 1594 1595 1599
f 1594 1599 1598
f 1595 1596 1600
f 1595 1600 1599
f 1601 1602 1606
f 1601 1606 1605
f 1602 1603 1607
f 1602 1607 1606
f 1603 1604 1608
f 1603 1608 1607
f 1605 1606 1610
f 1605 1610 1609
f 1606 1607 1611
f 1606 1611 1610
f 1607 1608 1612
f 1607 1612 1611
f 1609 1610 1614
f 1609 1614 1613
f 1610 1611 1615
f 1610 1615 1614
f 1611 1612 1616
f 1611 1616 1615
f 1617 1618 1622
f 1617 1622 1621
f 1618 1619 1623
f 1618 1623 1622
f 1619 1620 1624
f 1619 1624 1623
f 1621 1622 1626
f 1621 1626 1625
f 1622 1623 1627
f 1622 1627 1626
f 1623 1624 1628
f 1623 1628 1627
f 1625 1626 1630
f 1625 1630 1629
f 1626 1627 1631
f 1626 1631 1630
f 1627 1628 1632
f 1627 1632 1631
g 바닥_17
v 4.5000 -0.0750 0.0000
v 4.5000 -0.0250 0.0000
v 4.5000 0.0250 0.0000
v 4.5000 0.0750 0.0000
v 5.5000 -0.0750 0.0000
v 5.5000 -0.0250 0.0000
v 5.5000 0.0250 0.0000
v 5.5000 0.0750 0.0000
v 6.5000 -0.0750 0.0000
v 6.5000 -0.0250 0.0000
v 6.5000 0.0250 0.0000
v 6.5000 0.0750 0.0000
v 7.5000 -0.0750 0.0000
v 7.5000 -0.0250 0.0000
v 7.5000 0.0250 0.0000
v 7.5000 0.0750 0.0000
v 7.5000 -0.0750 -3.0000
v 7.5000 -0.0250 -3.0000
v 7.5000 0.0250 -3.0000
v 7.5000 0.0750 -3.0000
v 6.5000 -0.0750 -3.0000
v 6.5000 -0.0250 -3.0000
v 6.5000 0.0250 -3.0000
v 6.5000 0.0750 -3.0000
v 5.5000 -0.0750 -3.0000
v 5.5000 -0.0250 -3.0000
v 5.5000 0.0250 -3.0000
v 5.5000 0.0750 -3.0000
v 4.5000 -0.0750 -3.0000
v 4.5000 -0.0250 -3.0000
v 4.5000 0.0250 -3.0000
v 4.5000 0.0750 -3.0000
v 4.5000 -0.0750 -3.0000
v 4.5000 -0.0250 -3.0000
v 4.5000 0.0250 -3.0000
v 4.5000 0.0750 -3.0000
v 4.5000 -0.0750 -2.0000
v 4.5000 -0.0250 -2.0000
v 4.5000 0.0250 -2.0000
v 4.5000 0.0750 -2.0000
v 4.5000 -0.0750 -1.0000
v 4.5000 -0.0250 -1.0000
v 4.5000 0.0250 -1.0000
v 4.5000 0.0750 -1.0000
v 4.5000 -0.0750 0.0000
v 4.5000 -0.0250 0.0000
v 4.5000 0.0250 0.0000
v 4.5000 0.0750 0.0000
v 7.5000 -0.0750 0.0000
v 7.5000 -0.0250 0.0000
v 7.5000 0.0250 0.0000
v 7.5000 0.0750 0.0000
v 7.5000 -0.0750 -1.0000
v 7.5000 -0.0250 -1.0000
v 7.5000 0.0250 -1.0000
v 7.5000 0.0750 -1.0000
v 7.5000 -0.0750 -2.0000
v 7.5000 -0.0250 -2.0000
v 7.5000 0.0250 -2.0000
v 7.5000 0.0750 -2.0000
v 7.5000 -0.0750 -3.0000
v 7.5000 -0.0250 -3.0000
v 7.5000 0.0250 -3.0000
v 7.5000 0.0750 -3.0000
v 4.5000 0.0750 -3.0000
v 4.5000 0.0750 -2.0000
v 4.5000 0.0750 -1.0000
v 4.5000 0.0750 0.0000
v 5.5000 0.0750 -3.0000
v 5.5000 0.0750 -2.0000
v 5.5000 0.0750 -1.0000
v 5.5000 0.0750 0.0000
v 6.5000 0.0750 -3.0000
v 6.5000 0.0750 -2.0000
v 6.5000 0.0750 -1.0000
v 6.5000 0.0750 0.0000
v 7.5000 0.0750 -3.0000
v 7.5000 0.0750 -2.0000
v 7.5000 0.0750 -1.0000
v 7.5000 0.0750 0.0000
v 4.5000 -0.0750 0.0000
v 4.5000 -0.0750 -1.0000
v 4.5000 -0.0750 -2.0000
v 4.5000 -0.0750 -3.0000
v 5.5000 -0.0750 0.0000
v 5.5000 -0.0750 -1.0000
v 5.5000 -0.0750 -2.0000
v 5.5000 -0.0750 -3.0000
v 6.5000 -0.0750 0.0000
v 6.5000 -0.0750 -1.0000
v 6.5000 -0.0750 -2.0000
v 6.5000 -0.0750 -3.0000
v 7.5000 -0.0750 0.0000
v 7.5000 -0.0750 -1.0000
v 7.5000 -0.0750 -2.0000
v 7.5000 -0.0750 -3.0000
f 1633 1634 1638
f 1633 1638 1637
f 1634 1635 1639
f 1634 1639 1638
f 1635 1636 1640
f 1635 1640 1639
f 1637 1638 1642
f 1637 1642 1641
f 1638 1639 1643
f 1638 1643 1642
f 1639 1640 1644
f 1639 1644 1643
f 1641 1642 1646
f 1641 1646 1645
f 1642 1643 1647
f 1642 1647 1646
f 1643 1644 1648
f 1643 1648 1647
f 1649 1650 1654
f 1649 1654 1653
f 1650 1651 1655
f 1650 1655 1654
f 1651 1652 1656
f 1651 1656 1655
f 1653 1654 1658
f 1653 1658 1657
f 1654 1655 1659
f 1654 1659 1658
f 1655 1656 1660
f 1655 1660 1659
f 1657 1658 1662
f 1657 1662 1661
f 1658 1659 1663
f 1658 1663 1662
f 1659 1660 1664
f 1659 1664 1663
f 1665 1666 1670
f 1665 1670 1669
f 1666 1667 1671
f 1666 1671 1670
f 1667 1668 1672
f 1667 1672 1671
f 1669 1670 1674
f 1669 1674 1673
f 1670 1671 1675
f 1670 1675 1674
f 1671 1672 1676
f 1671 1676 1675
f 1673 1674 1678
f 1673 1678 1677
f 1674 1675 1679
f 1674 1679 1678
f 1675 1676 1680
f 1675 1680 1679
f 1681 1682 1686
f 1681 1686 1685
f 1682 1683 1687
f 1682 1687 1686
f 1683 1684 1688
f 1683 1688 1687
f 1685 1686 1690
f 1685 1690 1689
f 1686 1687 1691
f 1686 1691 1690
f 1687 1688 1692
f 1687 1692 1691
f 1689 1690 1694
f 1689 1694 1693
f 1690 1691 1695
f 1690 1695 1694
f 1691 1692 1696
f 1691 1696 1695
f 1697 1698 1702
f 1697 1702 1701
f 1698 1699 1703
f 1698 1703 1702
f 1699 1700 1704
f 1699 1704 1703
f 1701 1702 1706
f 1701 1706 1705
f 1702 1703 1707
f 1702 1707 1706
f 1703 1704 1708
f 1703 1708 1707
f 1705 1706 1710
f 1705 1710 1709
f 1706 1707 1711
f 1706 1711 1710
f 1707 1708 1712
f 1707 1712 1711
f 1713 1714 1718
f 1713 1718 1717
f 1714 1715 1719
f 1714 1719 1718
f 1715 1716 1720
f 1715 1720 1719
f 1717 1718 1722
f 1717 1722 1721
f 1718 1719 1723
f 1718 1723 1722
f 1719 1720 1724
f 1719 1724 1723
f 1721 1722 1726
f 1721 1726 1725
f 1722 1723 1727
f 1722 1727 1726
f 1723 1724 1728
f 1723 1728 1727
g 바닥_18
v 4.5000 -0.0750 3.0000
v 4.5000 -0.0250 3.0000
v 4.5000 0.0250 3.0000
v 4.5000 0.0750 3.0000
v 5.5000 -0.0750 3.0000
v 5.5000 -0.0250 3.0000
v 5.5000 0.0250 3.0000
v 5.5000 0.0750 3.0000
v 6.5000 -0.0750 3.0000
v 6.5000 -0.0250 3.0000
v 6.5000 0.0250 3.0000
v 6.5000 0.0750 3.0000
v 7.5000 -0.0750 3.0000
v 7.5000 -0.0250 3.0000
v 7.5000 0.0250 3.0000
v 7.5000 0.0750 3.0000
v 7.5000 -0.0750 0.0000
v 7.5000 -0.0250 0.0000
v 7.5000 0.0250 0.0000
v 7.5000 0.0750 0.0000
v 6.5000 -0.0750 0.0000
v 6.5000 -0.0250 0.0000
v 6.5000 0.0250 0.0000
v 6.5000 0.0750 0.0000
v 5.5000 -0.0750 0.0000
v 5.5000 -0.0250 0.0000
v 5.5000 0.0250 0.0000
v 5.5000 0.0750 0.0000
v 4.5000 -0.0750 0.0000
v 4.5000 -0.0250 0.0000
v 4.5000 0.0250 0.0000
v 4.5000 0.0750 0.0000
v 4.5000 -0.0750 0.0000
v 4.5000 -0.0250 0.0000
v 4.5000 0.0250 0.0000
v 4.5000 0.0750 0.0000
v 4.5000 -0.0750 1.0000
v 4.5000 -0.0250 1.0000
v 4.5000 0.0250 1.0000
v 4.5000 0.0750 1.0000
v 4.5000 -0.0750 2.0000
v 4.5000 -0.0250 2.0000
v 4.5000 0.0250 2.0000
v 4.5000 0.0750 2.0000
v 4.5000 -0.0750 3.0000
v 4.5000 -0.0250 3.0000
v 4.5000 0.0250 3.0000
v 4.5000 0.0750 3.0000
v 7.5000 -0.0750 3.0000
v 7.5000 -0.0250 3.0000
v 7.5000 0.0250 3.0000
v 7.5000 0.0750 3.0000
v 7.5000 -0.0750 2.0000
v 7.5000 -0.0250 2.0000
v 7.5000 0.0250 2.0000
v 7.5000 0.0750 2.0000
v 7.5000 -0.0750 1.0000
v 7.5000 -0.0250 1.0000
v 7.5000 0.0250 1.0000
v 7.5000 0.0750 1.0000
v 7.5000 -0.0750 0.0000
v 7.5000 -0.0250 0.0000
v 7.5000 0.0250 0.0000
v 7.5000 0.0750 0.0000
v 4.5000 0.0750 0.0000
v 4.5000 0.0750 1.0000
v 4.5000 0.0750 2.0000
v 4.5000 0.0750 3.0000
v 5.5000 0.0750 0.0000
v 5.5000 0.0750 1.0000
v 5.5000 0.0750 2.0000
v 5.5000 0.0750 3.0000
v 6.5000 0.0750 0.0000
v 6.5000 0.0750 1.0000
v 6.5000 0.0750 2.0000
v 6.5000 0.0750 3.0000
v 7.5000 0.0750 0.0000
v 7.5000 0.0750 1.0000
v 7.5000 0.0750 2.0000
v 7.5000 0.0750 3.0000
v 4.5000 -0.0750 3.0000
v 4.5000 -0.0750 2.0000
v 4.5000 -0.0750 1.0000
v 4.5000 -0.0750 0.0000
v 5.5000 -0.0750 3.0000
v 5.5000 -0.0750 2.0000
v 5.5000 -0.0750 1.0000
v 5.5000 -0.0750 0.0000
v 6.5000 -0.0750 3.0000
v 6.5000 -0.0750 2.0000
v 6.5000 -0.0750 1.0000
v 6.5000 -0.0750 0.0000
v 7.5000 -0.0750 3.0000
v 7.5000 -0.0750 2.0000
v 7.5000 -0.0750 1.0000
v 7.5000 -0.0750 0.0000
f 1729 1730 1734
f 1729 1734 1733
f 1730 1731 1735
f 1730 1735 1734
f 1731 1732 1736
f 1731 1736 1735
f 1733 1734 1738
f 1733 1738 1737
f 1734 1735 1739
f 1734 1739 1738
f 1735 1736 1740
f 1735 1740 1739
f 1737 1738 1742
f 1737 1742 1741
f 1738 1739 1743
f 1738 1743 1742
f 1739 1740 1744
f 1739 1744 1743
f 1745 1746 1750
f 1745 1750 1749
f 1746 1747 1751
f 1746 1751 1750
f 1747 1748 1752
f 1747 1752 1751
f 1749 1750 1754
f 1749 1754 1753
f 1750 1751 1755
f 1750 1755 1754
f 1751 1752 1756
f 1751 1756 1755
f 1753 1754 1758
f 1753 1758 1757
f 1754 1755 1759
f 1754 1759 1758
f 1755 1756 1760
f 1755 1760 1759
f 1761 1762 1766
f 1761 1766 1765
f 1762 1763 1767
f 1762 1767 1766
f 1763 1764 1768
f 1763 1768 1767
f 1765 1766 1770
f 1765 1770 1769
f 1766 1767 1771
f 1766 1771 1770
f 1767 1768 1772
f 1767 1772 1771
f 1769 1770 1774
f 1769 1774 1773
f 1770 1771 1775
f 1770 1775 1774
f 1771 1772 1776
f 1771 1776 1775
f 1777 1778 1782
f 1777 1782 1781
f 1778 1779 1783
f 1778 1783 1782
f 1779 1780 1784
f 1779 1784 1783
f 1781 1782 1786
f 1781 1786 1785
f 1782 1783 1787
f 1782 1787 1786
f 1783 1784 1788
f 1783 1788 1787
f 1785 1786 1790
f 1785 1790 1789
f 1786 1787 1791
f 1786 1791 1790
f 1787 1788 1792
f 1787 1792 1791
f 1793 1794 1798
f 1793 1798 1797
f 1794 1795 1799
f 1794 1799 1798
f 1795 1796 1800
f 1795 1800 1799
f 1797 1798 1802
f 1797 1802 1801
f 1798 1799 1803
f 1798 1803 1802
f 1799 1800 1804
f 1799 1804 1803
f 1801 1802 1806
f 1801 1806 1805
f 1802 1803 1807
f 1802 1807 1806
f 1803 1804 1808
f 1803 1808 1807
f 1809 1810 1814
f 1809 1814 1813
f 1810 1811 1815
f 1810 1815 1814
f 1811 1812 1816
f 1811 1816 1815
f 1813 1814 1818
f 1813 1818 1817
f 1814 1815 1819
f 1814 1819 1818
f 1815 1816 1820
f 1815 1820 1819
f 1817 1818 1822
f 1817 1822 1821
f 1818 1819 1823
f 1818 1823 1822
f 1819 1820 1824
f 1819 1824 1823
g 바닥_19
v 4.5000 -0.0750 6.0000
v 4.5000 -0.0250 6.0000
v 4.5000 0.0250 6.0000
v 4.5000 0.0750 6.0000
v 5.5000 -0.0750 6.0000
v 5.5000 -0.0250 6.0000
v 5.5000 0.0250 6.0000
v 5.5000 0.0750 6.0000
v 6.5000 -0.0750 6.0000
v 6.5000 -0.0250 6.0000
v 6.5000 0.0250 6.0000
v 6.5000 0.0750 6.0000
v 7.5000 -0.0750 6.0000
v 7.5000 -0.0250 6.0000
v 7.5000 0.0250 6.0000
v 7.5000 0.0750 6.0000
v 7.5000 -0.0750 3.0000
v 7.5000 -0.0250 3.0000
v 7.5000 0.0250 3.0000
v 7.5000 0.0750 3.0000
v 6.5000 -0.0750 3.0000
v 6.5000 -0.0250 3.0000
v 6.5000 0.0250 3.0000
v 6.5000 0.0750 3.0000
v 5.5000 -0.0750 3.0000
v 5.5000 -0.0250 3.0000
v 5.5000 0.0250 3.0000
v 5.5000 0.0750 3.0000
v 4.5000 -0.0750 3.0000
v 4.5000 -0.0250 3.0000
v 4.5000 0.0250 3.0000
v 4.5000 0.0750 3.0000
v 4.5000 -0.0750 3.0000
v 4.5000 -0.0250 3.0000
v 4.5000 0.0250 3.0000
v 4.5000 0.0750 3.0000
v 4.5000 -0.0750 4.0000
v 4.5000 -0.0250 4.0000
v 4.5000 0.0250 4.0000
v 4.5000 0.0750 4.0000
v 4.5000 -0.0750 5.0000
v 4.5000 -0.0250 5.0000
v 4.5000 0.0250 5.0000
v 4.5000 0.0750 5.0000
v 4.5000 -0.0750 6.0000
v 4.5000 -0.0250 6.0000
v 4.5000 0.0250 6.0000
v 4.5000 0.0750 6.0000
v 7.5000 -0.0750 6.0000
v 7.5000 -0.0250 6.0000
v 7.5000 0.0250 6.0000
v 7.5000 0.0750 6.0000
v 7.5000 -0.0750 5.0000
v 7.5000 -0.0250 5.0000
v 7.5000 0.0250 5.0000
v 7.5000 0.0750 5.0000
v 7.5000 -0.0750 4.0000
v 7.5000 -0.0250 4.0000
v 7.5000 0.0250 4.0000
v 7.5000 0.0750 4.0000
v 7.5000 -0.0750 3.0000
v 7.5000 -0.0250 3.0000
v 7.5000 0.0250 3.0000
v 7.5000 0.0750 3.0000
v 4.5000 0.0750 3.0000
v 4.5000 0.0750 4.0000
v 4.5000 0.0750 5.0000
v 4.5000 0.0750 6.0000
v 5.5000 0.0750 3.0000
v 5.5000 0.0750 4.0000
v 5.5000 0.0750 5.0000
v 5.5000 0.0750 6.0000
v 6.5000 0.0750 3.0000
v 6.5000 0.0750 4.0000
v 6.5000 0.0750 5.0000
v 6.5000 0.0750 6.0000
v 7.5000 0.0750 3.0000
v 7.5000 0.0750 4.0000
v 7.5000 0.0750 5.0000
v 7.5000 0.0750 6.0000
v 4.5000 -0.0750 6.0000
v 4.5000 -0.0750 5.0000
v 4.5000 -0.0750 4.0000
v 4.5000 -0.0750 3.0000
v 5.5000 -0.0750 6.0000
v 5.5000 -0.0750 5.0000
v 5.5000 -0.0750 4.0000
v 5.5000 -0.0750 3.0000
v 6.5000 -0.0750 6.0000
v 6.5000 -0.0750 5.0000
v 6.5000 -0.0750 4.0000
v 6.5000 -0.0750 3.0000
v 7.5000 -0.0750 6.0000
v 7.5000 -0.0750 5.0000
v 7.5000 -0.0750 4.0000
v 7.5000 -0.0750 3.0000
f 1825 1826 1830
f 1825 1830 1829
f 1826 1827 1831
f 1826 1831 1830
f 1827 1828 1832
f 1827 1832 1831
f 1829 1830 1834
f 1829 1834 1833
f 1830 1831 1835
f 1830 1835 1834
f 1831 1832 1836
f 1831 1836 1835
f 1833 1834 1838
f 1833 1838 1837
f 1834 1835 1839
f 1834 1839 1838
f 1835 1836 1840
f 1835 1840 1839
f 1841 1842 1846
f 1841 1846 1845
f 1842 1843 1847
f 1842 1847 1846
f 1843 1844 1848
f 1843 1848 1847
f 1845 1846 1850
f 1845 1850 1849
f 1846 1847 1851
f 1846 1851 1850
f 1847 1848 1852
f 1847 1852 1851
f 1849 1850 1854
f 1849 1854 1853
f 1850 1851 1855
f 1850 1855 1854
f 1851 1852 1856
f 1851 1856 1855
f 1857 1858 1862
f 1857 1862 1861
f 1858 1859 1863
f 1858 1863 1862
f 1859 1860 1864
f 1859 1864 1863
f 1861 1862 1866
f 1861 1866 1865
f 1862 1863 1867
f 1862 1867 1866
f 1863 1864 1868
f 1863 1868 1867
f 1865 1866 1870
f 1865 1870 1869
f 1866 1867 1871
f 1866 1871 1870
f 1867 1868 1872
f 1867 1872 1871
f 1873 1874 1878
f 1873 1878 1877
f 1874 1875 1879
f 1874 1879 1878
f 1875 1876 1880
f 1875 1880 1879
f 1877 1878 1882
f 1877 1882 1881
f 1878 1879 1883
f 1878 1883 1882
f 1879 1880 1884
f 1879 1884 1883
f 1881 1882 1886
f 1881 1886 1885
f 1882 1883 1887
f 1882 1887 1886
f 1883 1884 1888
f 1883 1888 1887
f 1889 1890 1894
f 1889 1894 1893
f 1890 1891 1895
f 1890 1895 1894
f 1891 1892 1896
f 1891 1896 1895
f 1893 1894 1898
f 1893 1898 1897
f 1894 1895 1899
f 1894 1899 1898
f 1895 1896 1900
f 1895 1900 1899
f 1897 1898 1902
f 1897 1902 1901
f 1898 1899 1903
f 1898 1903 1902
f 1899 1900 1904
f 1899 1904 1903
f 1905 1906 1910
f 1905 1910 1909
f 1906 1907 1911
f 1906 1911 1910
f 1907 1908 1912
f 1907 1912 1911
f 1909 1910 1914
f 1909 1914 1913
f 1910 1911 1915
f 1910 1915 1914
f 1911 1912 1916
f 1911 1916 1915
f 1913 1914 1918
f 1913 1918 1917
f 1914 1915 1919
f 1914 1919 1918
f 1915 1916 1920
f 1915 1920 1919
g 벽_0
v -7.5000 0.0000 -6.0000
v -7.5000 0.8000 -6.0000
v -7.5000 1.6000 -6.0000
v -7.5000 2.4000 -6.0000
v -7.5000 3.2000 -6.0000
v -7.5000 4.0000 -6.0000
v -4.5000 0.0000 -6.0000
v -4.5000 0.8000 -6.0000
v -4.5000 1.6000 -6.0000
v -4.5000 2.4000 -6.0000
v -4.5000 3.2000 -6.0000
v -4.5000 4.0000 -6.0000
v -1.5000 0.0000 -6.0000
v -1.5000 0.8000 -6.0000
v -1.5000 1.6000 -6.0000
v -1.5000 2.4000 -6.0000
v -1.5000 3.2000 -6.0000
v -1.5000 4.0000 -6.0000
v 1.5000 0.0000 -6.0000
v 1.5000 0.8000 -6.0000
v 1.5000 1.6000 -6.0000
v 1.5000 2.4000 -6.0000
v 1.5000 3.2000 -6.0000
v 1.5000 4.0000 -6.0000
v 4.5000 0.0000 -6.0000
v 4.5000 0.8000 -6.0000
v 4.5000 1.6000 -6.0000
v 4.5000 2.4000 -6.0000
v 4.5000 3.2000 -6.0000
v 4.5000 4.0000 -6.0000
v 7.5000 0.0000 -6.0000
v 7.5000 0.8000 -6.0000
v 7.5000 1.6000 -6.0000
v 7.5000 2.4000 -6.0000
v 7.5000 3.2000 -6.0000
v 7.5000 4.0000 -6.0000
v 7.5000 0.0000 -6.3000
v 7.5000 0.8000 -6.3000
v 7.5000 1.6000 -6.3000
v 7.5000 2.4000 -6.3000
v 7.5000 3.2000 -6.3000
v 7.5000 4.0000 -6.3000
v 4.5000 0.0000 -6.3000
v 4.5000 0.8000 -6.3000
v 4.5000 1.6000 -6.3000
v 4.5000 2.4000 -6.3000
v 4.5000 3.2000 -6.3000
v 4.5000 4.0000 -6.3000
v 1.5000 0.0000 -6.3000
v 1.5000 0.8000 -6.3000
v 1.5000 1.6000 -6.3000
v 1.5000 2.4000 -6.3000
v 1.5000 3.2000 -6.3000
v 1.5000 4.0000 -6.3000
v -1.5000 0.0000 -6.3000
v -1.5000 0.8000 -6.3000
v -1.5000 1.6000 -6.3000
v -1.5000 2.4000 -6.3000
v -1.5000 3.2000 -6.3000
v -1.5000 4.0000 -6.3000
v -4.5000 0.0000 -6.3000
v -4.5000 0.8000 -6.3000
v -4.5000 1.6000 -6.3000
v -4.5000 2.4000 -6.3000
v -4.5000 3.2000 -6.3000
v -4.5000 4.0000 -6.3000
v -7.5000 0.0000 -6.3000
v -7.5000 0.8000 -6.3000
v -7.5000 1.6000 -6.3000
v -7.5000 2.4000 -6.3000
v -7.5000 3.2000 -6.3000
v -7.5000 4.0000 -6.3000
v -7.5000 0.0000 -6.3000
v -7.5000 0.8000 -6.3000
v -7.5000 1.6000 -6.3000
v -7.5000 2.4000 -6.3000
v -7.5000 3.2000 -6.3000
v -7.5000 4.0000 -6.3000
v -7.5000 0.0000 -6.2400
v -7.5000 0.8000 -6.2400
v -7.5000 1.6000 -6.2400
v -7.5000 2.4000 -6.2400
v -7.5000 3.2000 -6.2400
v -7.5000 4.0000 -6.2400
v -7.5000 0.0000 -6.1800
v -7.5000 0.8000 -6.1800
v -7.5000 1.6000 -6.1800
v -7.5000 2.4000 -6.1800
v -7.5000 3.2000 -6.1800
v -7.5000 4.0000 -6.1800
v -7.5000 0.0000 -6.1200
v -7.5000 0.8000 -6.1200
v -7.5000 1.6000 -6.1200
v -7.5000 2.4000 -6.1200
v -7.5000 3.2000 -6.1200
v -7.5000 4.0000 -6.1200
v -7.5000 0.0000 -6.0600
v -7.5000 0.8000 -6.0600
v -7.5000 1.6000 -6.0600
v -7.5000 2.4000 -6.0600
v -7.5000 3.2000 -6.0600
v -7.5000 4.0000 -6.0600
v -7.5000 0.0000 -6.0000
v -7.5000 0.8000 -6.0000
v -7.5000 1.6000 -6.0000
v -7.5000 2.4000 -6.0000
v -7.5000 3.2000 -6.0000
v -7.5000 4.0000 -6.0000
v 7.5000 0.0000 -6.0000
v 7.5000 0.8000 -6.0000
v 7.5000 1.6000 -6.0000
v 7.5000 2.4000 -6.0000
v 7.5000 3.2000 -6.0000
v 7.5000 4.0000 -6.0000
v 7.5000 0.0000 -6.0600
v 7.5000 0.8000 -6.0600
v 7.5000 1.6000 -6.0600
v 7.5000 2.4000 -6.0600
v 7.5000 3.2000 -6.0600
v 7.5000 4.0000 -6.0600
v 7.5000 0.0000 -6.1200
v 7.5000 0.8000 -6.1200
v 7.5000 1.6000 -6.1200
v 7.5000 2.4000 -6.1200
v 7.5000 3.2000 -6.1200
v 7.5000 4.0000 -6.1200
v 7.5000 0.0000 -6.1800
v 7.5000 0.8000 -6.1800
v 7.5000 1.6000 -6.1800
v 7.5000 2.4000 -6.1800
v 7.5000 3.2000 -6.1800
v 7.5000 4.0000 -6.1800
v 7.5000 0.0000 -6.2400
v 7.5000 0.8000 -6.2400
v 7.5000 1.6000 -6.2400
v 7.5000 2.4000 -6.2400
v 7.5000 3.2000 -6.2400
v 7.5000 4.0000 -6.2400
v 7.5000 0.0000 -6.3000
v 7.5000 0.8000 -6.3000
v 7.5000 1.6000 -6.3000
v 7.5000 2.4000 -6.3000
v 7.5000 3.2000 -6.3000
v 7.5000 4.0000 -6.3000
v -7.5000 4.0000 -6.3000
v -7.5000 4.0000 -6.2400
v -7.5000 4.0000 -6.1800
v -7.5000 4.0000 -6.1200
v -7.5000 4.0000 -6.0600
v -7.5000 4.0000 -6.0000
v -4.5000 4.0000 -6.3000
v -4.5000 4.0000 -6.2400
v -4.5000 4.0000 -6.1800
v -4.5000 4.0000 -6.1200
v -4.5000 4.0000 -6.0600
v -4.5000 4.0000 -6.0000
v -1.5000 4.0000 -6.3000
v -1.5000 4.0000 -6.2400
v -1.5000 4.0000 -6.1800
v -1.5000 4.0000 -6.1200
v -1.5000 4.0000 -6.0600
v -1.5000 4.0000 -6.0000
v 1.5000 4.0000 -6.3000
v 1.5000 4.0000 -6.2400
v 1.5000 4.0000 -6.1800
v 1.5000 4.0000 -6.1200
v 1.5000 4.0000 -6.0600
v 1.5000 4.0000 -6.0000
v 4.5000 4.0000 -6.3000
v 4.5000 4.0000 -6.2400
v 4.5000 4.0000 -6.1800
v 4.5000 4.0000 -6.1200
v 4.5000 4.0000 -6.0600
v 4.5000 4.0000 -6.0000
v 7.5000 4.0000 -6.3000
v 7.5000 4.0000 -6.2400
v 7.5000 4.0000 -6.1800
v 7.5000 4.0000 -6.1200
v 7.5000 4.0000 -6.0600
v 7.5000 4.0000 -6.0000
v -7.5000 0.0000 -6.0000
v -7.5000 0.0000 -6.0600
v -7.5000 0.0000 -6.1200
v -7.5000 0.0000 -6.1800
v -7.5000 0.0000 -6.2400
v -7.5000 0.0000 -6.3000
v -4.5000 0.0000 -6.0000
v -4.5000 0.0000 -6.0600
v -4.5000 0.0000 -6.1200
v -4.5000 0.0000 -6.1800
v -4.5000 0.0000 -6.2400
v -4.5000 0.0000 -6.3000
v -1.5000 0.0000 -6.0000
v -1.5000 0.0000 -6.0600
v -1.5000 0.0000 -6.1200
v -1.5000 0.0000 -6.1800
v -1.5000 0.0000 -6.2400
v -1.5000 0.0000 -6.3000
v 1.5000 0.0000 -6.0000
v 1.5000 0.0000 -6.0600
v 1.5000 0.0000 -6.1200
v 1.5000 0.0000 -6.1800
v 1.5000 0.0000 -6.2400
v 1.5000 0.0000 -6.3000
v 4.5000 0.0000 -6.0000
v 4.5000 0.0000 -6.0600
v 4.5000 0.0000 -6.1200
v 4.5000 0.0000 -6.1800
v 4.5000 0.0000 -6.2400
v 4.5000 0.0000 -6.3000
v 7.5000 0.0000 -6.0000
v 7.5000 0.0000 -6.0600
v 7.5000 0.0000 -6.1200
v 7.5000 0.0000 -6.1800
v 7.5000 0.0000 -6.2400
v 7.5000 0.0000 -6.3000
f 1921 1922 1928
f 1921 1928 1927
f 1922 1923 1929
f 1922 1929 1928
f 1923 1924 1930
f 1923 1930 1929
f 1924 1925 1931
f 1924 1931 1930
f 1925 1926 1932
f 1925 1932 1931
f 1927 1928 1934
f 1927 1934 1933
f 1928 1929 1935
f 1928 1935 1934
f 1929 1930 1936
f 1929 1936 1935
f 1930 1931 1937
f 1930 1937 1936
f 1931 1932 1938
f 1931 1938 1937
f 1933 1934 1940
f 1933 1940 1939
f 1934 1935 1941
f 1934 1941 1940
f 1935 1936 1942
f 1935 1942 1941
f 1936 1937 1943
f 1936 1943 1942
f 1937 1938 1944
f 1937 1944 1943
f 1939 1940 1946
f 1939 1946 1945
f 1940 1941 1947
f 1940 1947 1946
f 1941 1942 1948
f 1941 1948 1947
f 1942 1943 1949
f 1942 1949 1948
f 1943 1944 1950
f 1943 1950 1949
f 1945 1946 1952
f 1945 1952 1951
f 1946 1947 1953
f 1946 1953 1952
f 1947 1948 1954
f 1947 1954 1953
f 1948 1949 1955
f 1948 1955 1954
f 1949 1950 1956
f 1949 1956 1955
f 1957 1958 1964
f 1957 1964 1963
f 1958 1959 1965
f 1958 1965 1964
f 1959 1960 1966
f 1959 1966 1965
f 1960 1961 1967
f 1960 1967 1966
f 1961 1962 1968
f 1961 1968 1967
f 1963 1964 1970
f 1963 1970 1969
f 1964 1965 1971
f 1964 1971 1970
f 1965 1966 1972
f 1965 1972 1971
f 1966 1967 1973
f 1966 1973 1972
f 1967 1968 1974
f 1967 1974 1973
f 1969 1970 1976
f 1969 1976 1975
f 1970 1971 1977
f 1970 1977 1976
f 1971 1972 1978
f 1971 1978 1977
f 1972 1973 1979
f 1972 1979 1978
f 1973 1974 1980
f 1973 1980 1979
f 1975 1976 1982
f 1975 1982 1981
f 1976 1977 1983
f 1976 1983 1982
f 1977 1978 1984
f 1977 1984 1983
f 1978 1979 1985
f 1978 1985 1984
f 1979 1980 1986
f 1979 1986 1985
f 1981 1982 1988
f 1981 1988 1987
f 1982 1983 1989
f 1982 1989 1988
f 1983 1984 1990
f 1983 1990 1989
f 1984 1985 1991
f 1984 1991 1990
f 1985 1986 1992
f 1985 1992 1991
f 1993 1994 2000
f 1993 2000 1999
f 1994 1995 2001
f 1994 2001 2000
f 1995 1996 2002
f 1995 2002 2001
f 1996 1997 2003
f 1996 2003 2002
f 1997 1998 2004
f 1997 2004 2003
f 1999 2000 2006
f 1999 2006 2005
f 2000 2001 2007
f 2000 2007 2006
f 2001 2002 2008
f 2001 2008 2007
f 2002 2003 2009
f 2002 2009 2008
f 2003 2004 2010
f 2003 2010 2009
f 2005 2006 2012
f 2005 2012 2011
f 2006 2007 2013
f 2006 2013 2012
f 2007 2008 2014
f 2007 2014 2013
f 2008 2009 2015
f 2008 2015 2014
f 2009 2010 2016
f 2009 2016 2015
f 2011 2012 2018
f 2011 2018 2017
f 2012 2013 2019
f 2012 2019 2018
f 2013 2014 2020
f 2013 2020 2019
f 2014 2015 2021
f 2014 2021 2020
f 2015 2016 2022
f 2015 2022 2021
f 2017 2018 2024
f 2017 2024 2023
f 2018 2019 2025
f 2018 2025 2024
f 2019 2020 2026
f 2019 2026 2025
f 2020 2021 2027
f 2020 2027 2026
f 2021 2022 2028
f 2021 2028 2027
f 2029 2030 2036
f 2029 2036 2035
f 2030 2031 2037
f 2030 2037 2036
f 2031 2032 2038
f 2031 2038 2037
f 2032 2033 2039
f 2032 2039 2038
f 2033 2034 2040
f 2033 2040 2039
f 2035 2036 2042
f 2035 2042 2041
f 2036 2037 2043
f 2036 2043 2042
f 2037 2038 2044
f 2037 2044 2043
f 2038 2039 2045
f 2038 2045 2044
f 2039 2040 2046
f 2039 2046 2045
f 2041 2042 2048
f 2041 2048 2047
f 2042 2043 2049
f 2042 2049 2048
f 2043 2044 2050
f 2043 2050 2049
f 2044 2045 2051
f 2044 2051 2050
f 2045 2046 2052
f 2045 2052 2051
f 2047 2048 2054
f 2047 2054 2053
f 2048 2049 2055
f 2048 2055 2054
f 2049 2050 2056
f 2049 2056 2055
f 2050 2051 2057
f 2050 2057 2056
f 2051 2052 2058
f 2051 2058 2057
f 2053 2054 2060
f 2053 2060 2059
f 2054 2055 2061
f 2054 2061 2060
f 2055 2056 2062
f 2055 2062 2061
f 2056 2057 2063
f 2056 2063 2062
f 2057 2058 2064
f 2057 2064 2063
f 2065 2066 2072
f 2065 2072 2071
f 2066 2067 2073
f 2066 2073 2072
f 2067 2068 2074
f 2067 2074 2073
f 2068 2069 2075
f 2068 2075 2074
f 2069 2070 2076
f 2069 2076 2075
f 2071 2072 2078
f 2071 2078 2077
f 2072 2073 2079
f 2072 2079 2078
f 2073 2074 2080
f 2073 2080 2079
f 2074 2075 2081
f 2074 2081 2080
f 2075 2076 2082
f 2075 2082 2081
f 2077 2078 2084
f 2077 2084 2083
f 2078 2079 2085
f 2078 2085 2084
f 2079 2080 2086
f 2079 2086 2085
f 2080 2081 2087
f 2080 2087 2086
f 2081 2082 2088
f 2081 2088 2087
f 2083 2084 2090
f 2083 2090 2089
f 2084 2085 2091
f 2084 2091 2090
f 2085 2086 2092
f 2085 2092 2091
f 2086 2087 2093
f 2086 2093 2092
f 2087 2088 2094
f 2087 2094 2093
f 2089 2090 2096
f 2089 2096 2095
f 2090 2091 2097
f 2090 2097 2096
f 2091 2092 2098
f 2091 2098 2097
f 2092 2093 2099
f 2092 2099 2098
f 2093 2094 2100
f 2093 2100 2099
f 2101 2102 2108
f 2101 2108 2107
f 2102 2103 2109
f 2102 2109 2108
f 2103 2104 2110
f 2103 2110 2109
f 2104 2105 2111
f 2104 2111 2110
f 2105 2106 2112
f 2105 2112 2111
f 2107 2108 2114
f 2107 2114 2113
f 2108 2109 2115
f 2108 2115 2114
f 2109 2110 2116
f 2109 2116 2115
f 2110 2111 2117
f 2110 2117 2116
f 2111 2112 2118
f 2111 2118 2117
f 2113 2114 2120
f 2113 2120 2119
f 2114 2115 2121
f 2114 2121 2120
f 2115 2116 2122
f 2115 2122 2121
f 2116 2117 2123
f 2116 2123 2122
f 2117 2118 2124
f 2117 2124 2123
f 2119 2120 2126
f 2119 2126 2125
f 2120 2121 2127
f 2120 2127 2126
f 2121 2122 2128
f 2121 2128 2127
f 2122 2123 2129
f 2122 2129 2128
f 2123 2124 2130
f 2123 2130 2129
f 2125 2126 2132
f 2125 2132 2131
f 2126 2127 2133
f 2126 2133 2132
f 2127 2128 2134
f 2127 2134 2133
f 2128 2129 2135
f 2128 2135 2134
f 2129 2130 2136
f 2129 2136 2135
g 벽_1
v -7.5000 0.0000 6.3000
v -7.5000 0.8000 6.3000
v -7.5000 1.6000 6.3000
v -7.5000 2.4000 6.3000
v -7.5000 3.2000 6.3000
v -7.5000 4.0000 6.3000
v -4.5000 0.0000 6.3000
v -4.5000 0.8000 6.3000
v -4.5000 1.6000 6.3000
v -4.5000 2.4000 6.3000
v -4.5000 3.2000 6.3000
v -4.5000 4.0000 6.3000
v -1.5000 0.0000 6.3000
v -1.5000 0.8000 6.3000
v -1.5000 1.6000 6.3000
v -1.5000 2.4000 6.3000
v -1.5000 3.2000 6.3000
v -1.5000 4.0000 6.3000
v 1.5000 0.0000 6.3000
v 1.5000 0.8000 6.3000
v 1.5000 1.6000 6.3000
v 1.5000 2.4000 6.3000
v 1.5000 3.2000 6.3000
v 1.5000 4.0000 6.3000
v 4.5000 0.0000 6.3000
v 4.5000 0.8000 6.3000
v 4.5000 1.6000 6.3000
v 4.5000 2.4000 6.3000
v 4.5000 3.2000 6.3000
v 4.5000 4.0000 6.3000
v 7.5000 0.0000 6.3000
v 7.5000 0.8000 6.3000
v 7.5000 1.6000 6.3000
v 7.5000 2.4000 6.3000
v 7.5000 3.2000 6.3000
v 7.5000 4.0000 6.3000
v 7.5000 0.0000 6.0000
v 7.5000 0.8000 6.0000
v 7.5000 1.6000 6.0000
v 7.5000 2.4000 6.0000
v 7.5000 3.2000 6.0000
v 7.5000 4.0000 6.0000
v 4.5000 0.0000 6.0000
v 4.5000 0.8000 6.0000
v 4.5000 1.6000 6.0000
v 4.5000 2.4000 6.0000
v 4.5000 3.2000 6.0000
v 4.5000 4.0000 6.0000
v 1.5000 0.0000 6.0000
v 1.5000 0.8000 6.0000
v 1.5000 1.6000 6.0000
v 1.5000 2.4000 6.0000
v 1.5000 3.2000 6.0000
v 1.5000 4.0000 6.0000
v -1.5000 0.0000 6.0000
v -1.5000 0.8000 6.0000
v -1.5000 1.6000 6.0000
v -1.5000 2.4000 6.0000
v -1.5000 3.2000 6.0000
v -1.5000 4.0000 6.0000
v -4.5000 0.0000 6.0000
v -4.5000 0.8000 6.0000
v -4.5000 1.6000 6.0000
v -4.5000 2.4000 6.0000
v -4.5000 3.2000 6.0000
v -4.5000 4.0000 6.0000
v -7.5000 0.0000 6.0000
v -7.5000 0.8000 6.0000
v -7.5000 1.6000 6.0000
v -7.5000 2.4000 6.0000
v -7.5000 3.2000 6.0000
v -7.5000 4.0000 6.0000
v -7.5000 0.0000 6.0000
v -7.5000 0.8000 6.0000
v -7.5000 1.6000 6.0000
v -7.5000 2.4000 6.0000
v -7.5000 3.2000 6.0000
v -7.5000 4.0000 6.0000
v -7.5000 0.0000 6.0600
v -7.5000 0.8000 6.0600
v -7.5000 1.6000 6.0600
v -7.5000 2.4000 6.0600
v -7.5000 3.2000 6.0600
v -7.5000 4.0000 6.0600
v -7.5000 0.0000 6.1200
v -7.5000 0.8000 6.1200
v -7.5000 1.6000 6.1200
v -7.5000 2.4000 6.1200
v -7.5000 3.2000 6.1200
v -7.5000 4.0000 6.1200
v -7.5000 0.0000 6.1800
v -7.5000 0.8000 6.1800
v -7.5000 1.6000 6.1800
v -7.5000 2.4000 6.1800
v -7.5000 3.2000 6.1800
v -7.5000 4.0000 6.1800
v -7.5000 0.0000 6.2400
v -7.5000 0.8000 6.2400
v -7.5000 1.6000 6.2400
v -7.5000 2.4000 6.2400
v -7.5000 3.2000 6.2400
v -7.5000 4.0000 6.2400
v -7.5000 0.0000 6.3000
v -7.5000 0.8000 6.3000
v -7.5000 1.6000 6.3000
v -7.5000 2.4000 6.3000
v -7.5000 3.2000 6.3000
v -7.5000 4.0000 6.3000
v 7.5000 0.0000 6.3000
v 7.5000 0.8000 6.3000
v 7.5000 1.6000 6.3000
v 7.5000 2.4000 6.3000
v 7.5000 3.2000 6.3000
v 7.5000 4.0000 6.3000
v 7.5000 0.0000 6.2400
v 7.5000 0.8000 6.2400
v 7.5000 1.6000 6.2400
v 7.5000 2.4000 6.2400
v 7.5000 3.2000 6.2400
v 7.5000 4.0000 6.2400
v 7.5000 0.0000 6.1800
v 7.5000 0.8000 6.1800
v 7.5000 1.6000 6.1800
v 7.5000 2.4000 6.1800
v 7.5000 3.2000 6.1800
v 7.5000 4.0000 6.1800
v 7.5000 0.0000 6.1200
v 7.5000 0.8000 6.1200
v 7.5000 1.6000 6.1200
v 7.5000 2.4000 6.1200
v 7.5000 3.2000 6.1200
v 7.5000 4.0000 6.1200
v 7.5000 0.0000 6.0600
v 7.5000 0.8000 6.0600
v 7.5000 1.6000 6.0600
v 7.5000 2.4000 6.0600
v 7.5000 3.2000 6.0600
v 7.5000 4.0000 6.0600
v 7.5000 0.0000 6.0000
v 7.5000 0.8000 6.0000
v 7.5000 1.6000 6.0000
v 7.5000 2.4000 6.0000
v 7.5000 3.2000 6.0000
v 7.5000 4.0000 6.0000
v -7.5000 4.0000 6.0000
v -7.5000 4.0000 6.0600
v -7.5000 4.0000 6.1200
v -7.5000 4.0000 6.1800
v -7.5000 4.0000 6.2400
v -7.5000 4.0000 6.3000
v -4.5000 4.0000 6.0000
v -4.5000 4.0000 6.0600
v -4.5000 4.0000 6.1200
v -4.5000 4.0000 6.1800
v -4.5000 4.0000 6.2400
v -4.5000 4.0000 6.3000
v -1.5000 4.0000 6.0000
v -1.5000 4.0000 6.0600
v -1.5000 4.0000 6.1200
v -1.5000 4.0000 6.1800
v -1.5000 4.0000 6.2400
v -1.5000 4.0000 6.3000
v 1.5000 4.0000 6.0000
v 1.5000 4.0000 6.0600
v 1.5000 4.0000 6.1200
v 1.5000 4.0000 6.1800
v 1.5000 4.0000 6.2400
v 1.5000 4.0000 6.3000
v 4.5000 4.0000 6.0000
v 4.5000 4.0000 6.0600
v 4.5000 4.0000 6.1200
v 4.5000 4.0000 6.1800
v 4.5000 4.0000 6.2400
v 4.5000 4.0000 6.3000
v 7.5000 4.0000 6.0000
v 7.5000 4.0000 6.0600
v 7.5000 4.0000 6.1200
v 7.5000 4.0000 6.1800
v 7.5000 4.0000 6.2400
v 7.5000 4.0000 6.3000
v -7.5000 0.0000 6.3000
v -7.5000 0.0000 6.2400
v -7.5000 0.0000 6.1800
v -7.5000 0.0000 6.1200
v -7.5000 0.0000 6.0600
v -7.5000 0.0000 6.0000
v -4.5000 0.0000 6.3000
v -4.5000 0.0000 6.2400
v -4.5000 0.0000 6.1800
v -4.5000 0.0000 6.1200
v -4.5000 0.0000 6.0600
v -4.5000 0.0000 6.0000
v -1.5000 0.0000 6.3000
v -1.5000 0.0000 6.2400
v -1.5000 0.0000 6.1800
v -1.5000 0.0000 6.1200
v -1.5000 0.0000 6.0600
v -1.5000 0.0000 6.0000
v 1.5000 0.0000 6.3000
v 1.5000 0.0000 6.2400
v 1.5000 0.0000 6.1800
v 1.5000 0.0000 6.1200
v 1.5000 0.0000 6.0600
v 1.5000 0.0000 6.0000
v 4.5000 0.0000 6.3000
v 4.5000 0.0000 6.2400
v 4.5000 0.0000 6.1800
v 4.5000 0.0000 6.1200
v 4.5000 0.0000 6.0600
v 4.5000 0.0000 6.0000
v 7.5000 0.0000 6.3000
v 7.5000 0.0000 6.2400
v 7.5000 0.0000 6.1800
v 7.5000 0.0000 6.1200
v 7.5000 0.0000 6.0600
v 7.5000 0.0000 6.0000
f 2137 2138 2144
f 2137 2144 2143
f 2138 2139 2145
f 2138 2145 2144
f 2139 2140 2146
f 2139 2146 2145
f 2140 2141 2147
f 2140 2147 2146
f 2141 2142 2148
f 2141 2148 2147
f 2143 2144 2150
f 2143 2150 2149
f 2144 2145 2151
f 2144 2151 2150
f 2145 2146 2152
f 2145 2152 2151
f 2146 2147 2153
f 2146 2153 2152
f 2147 2148 2154
f 2147 2154 2153
f 2149 2150 2156
f 2149 2156 2155
f 2150 2151 2157
f 2150 2157 2156
f 2151 2152 2158
f 2151 2158 2157
f 2152 2153 2159
f 2152 2159 2158
f 2153 2154 2160
f 2153 2160 2159
f 2155 2156 2162
f 2155 2162 2161
f 2156 2157 2163
f 2156 2163 2162
f 2157 2158 2164
f 2157 2164 2163
f 2158 2159 2165
f 2158 2165 2164
f 2159 2160 2166
f 2159 2166 2165
f 2161 2162 2168
f 2161 2168 2167
f 2162 2163 2169
f 2162 2169 2168
f 2163 2164 2170
f 2163 2170 2169
f 2164 2165 2171
f 2164 2171 2170
f 2165 2166 2172
f 2165 2172 2171
f 2173 2174 2180
f 2173 2180 2179
f 2174 2175 2181
f 2174 2181 2180
f 2175 2176 2182
f 2175 2182 2181
f 2176 2177 2183
f 2176 2183 2182
f 2177 2178 2184
f 2177 2184 2183
f 2179 2180 2186
f 2179 2186 2185
f 2180 2181 2187
f 2180 2187 2186
f 2181 2182 2188
f 2181 2188 2187
f 2182 2183 2189
f 2182 2189 2188
f 2183 2184 2190
f 2183 2190 2189
f 2185 2186 2192
f 2185 2192 2191
f 2186 2187 2193
f 2186 2193 2192
f 2187 2188 2194
f 2187 2194 2193
f 2188 2189 2195
f 2188 2195 2194
f 2189 2190 2196
f 2189 2196 2195
f 2191 2192 2198
f 2191 2198 2197
f 2192 2193 2199
f 2192 2199 2198
f 2193 2194 2200
f 2193 2200 2199
f 2194 2195 2201
f 2194 2201 2200
f 2195 2196 2202
f 2195 2202 2201
f 2197 2198 2204
f 2197 2204 2203
f 2198 2199 2205
f 2198 2205 2204
f 2199 2200 2206
f 2199 2206 2205
f 2200 2201 2207
f 2200 2207 2206
f 2201 2202 2208
f 2201 2208 2207
f 2209 2210 2216
f 2209 2216 2215
f 2210 2211 2217
f 2210 2217 2216
f 2211 2212 2218
f 2211 2218 2217
f 2212 2213 2219
f 2212 2219 2218
f 2213 2214 2220
f 2213 2220 2219
f 2215 2216 2222
f 2215 2222 2221
f 2216 2217 2223
f 2216 2223 2222
f 2217 2218 2224
f 2217 2224 2223
f 2218 2219 2225
f 2218 2225 2224
f 2219 2220 2226
f 2219 2226 2225
f 2221 2222 2228
f 2221 2228 2227
f 2222 2223 2229
f 2222 2229 2228
f 2223 2224 2230
f 2223 2230 2229
f 2224 2225 2231
f 2224 2231 2230
f 2225 2226 2232
f 2225 2232 2231
f 2227 2228 2234
f 2227 2234 2233
f 2228 2229 2235
f 2228 2235 2234
f 2229 2230 2236
f 2229 2236 2235
f 2230 2231 2237
f 2230 2237 2236
f 2231 2232 2238
f 2231 2238 2237
f 2233 2234 2240
f 2233 2240 2239
f 2234 2235 2241
f 2234 2241 2240
f 2235 2236 2242
f 2235 2242 2241
f 2236 2237 2243
f 2236 2243 2242
f 2237 2238 2244
f 2237 2244 2243
f 2245 2246 2252
f 2245 2252 2251
f 2246 2247 2253
f 2246 2253 2252
f 2247 2248 2254
f 2247 2254 2253
f 2248 2249 2255
f 2248 2255 2254
f 2249 2250 2256
f 2249 2256 2255
f 2251 2252 2258
f 2251 2258 2257
f 2252 2253 2259
f 2252 2259 2258
f 2253 2254 2260
f 2253 2260 2259
f 2254 2255 2261
f 2254 2261 2260
f 2255 2256 2262
f 2255 2262 2261
f 2257 2258 2264
f 2257 2264 2263
f 2258 2259 2265
f 2258 2265 2264
f 2259 2260 2266
f 2259 2266 2265
f 2260 2261 2267
f 2260 2267 2266
f 2261 2262 2268
f 2261 2268 2267
f 2263 2264 2270
f 2263 2270 2269
f 2264 2265 2271
f 2264 2271 2270
f 2265 2266 2272
f 2265 2272 2271
f 2266 2267 2273
f 2266 2273 2272
f 2267 2268 2274
f 2267 2274 2273
f 2269 2270 2276
f 2269 2276 2275
f 2270 2271 2277
f 2270 2277 2276
f 2271 2272 2278
f 2271 2278 2277
f 2272 2273 2279
f 2272 2279 2278
f 2273 2274 2280
f 2273 2280 2279
f 2281 2282 2288
f 2281 2288 2287
f 2282 2283 2289
f 2282 2289 2288
f 2283 2284 2290
f 2283 2290 2289
f 2284 2285 2291
f 2284 2291 2290
f 2285 2286 2292
f 2285 2292 2291
f 2287 2288 2294
f 2287 2294 2293
f 2288 2289 2295
f 2288 2295 2294
f 2289 2290 2296
f 2289 2296 2295
f 2290 2291 2297
f 2290 2297 2296
f 2291 2292 2298
f 2291 2298 2297
f 2293 2294 2300
f 2293 2300 2299
f 2294 2295 2301
f 2294 2301 2300
f 2295 2296 2302
f 2295 2302 2301
f 2296 2297 2303
f 2296 2303 2302
f 2297 2298 2304
f 2297 2304 2303
f 2299 2300 2306
f 2299 2306 2305
f 2300 2301 2307
f 2300 2307 2306
f 2301 2302 2308
f 2301 2308 2307
f 2302 2303 2309
f 2302 2309 2308
f 2303 2304 2310
f 2303 2310 2309
f 2305 2306 2312
f 2305 2312 2311
f 2306 2307 2313
f 2306 2313 2312
f 2307 2308 2314
f 2307 2314 2313
f 2308 2309 2315
f 2308 2315 2314
f 2309 2310 2316
f 2309 2316 2315
f 2317 2318 2324
f 2317 2324 2323
f 2318 2319 2325
f 2318 2325 2324
f 2319 2320 2326
f 2319 2326 2325
f 2320 2321 2327
f 2320 2327 2326
f 2321 2322 2328
f 2321 2328 2327
f 2323 2324 2330
f 2323 2330 2329
f 2324 2325 2331
f 2324 2331 2330
f 2325 2326 2332
f 2325 2332 2331
f 2326 2327 2333
f 2326 2333 2332
f 2327 2328 2334
f 2327 2334 2333
f 2329 2330 2336
f 2329 2336 2335
f 2330 2331 2337
f 2330 2337 2336
f 2331 2332 2338
f 2331 2338 2337
f 2332 2333 2339
f 2332 2339 2338
f 2333 2334 2340
f 2333 2340 2339
f 2335 2336 2342
f 2335 2342 2341
f 2336 2337 2343
f 2336 2343 2342
f 2337 2338 2344
f 2337 2344 2343
f 2338 2339 2345
f 2338 2345 2344
f 2339 2340 2346
f 2339 2346 2345
f 2341 2342 2348
f 2341 2348 2347
f 2342 2343 2349
f 2342 2349 2348
f 2343 2344 2350
f 2343 2350 2349
f 2344 2345 2351
f 2344 2351 2350
f 2345 2346 2352
f 2345 2352 2351
g 측벽_0
v -7.6500 0.0000 6.1500
v -7.6500 0.8000 6.1500
v -7.6500 1.6000 6.1500
v -7.6500 2.4000 6.1500
v -7.6500 3.2000 6.1500
v -7.6500 4.0000 6.1500
v -7.5900 0.0000 6.1500
v -7.5900 0.8000 6.1500
v -7.5900 1.6000 6.1500
v -7.5900 2.4000 6.1500
v -7.5900 3.2000 6.1500
v -7.5900 4.0000 6.1500
v -7.5300 0.0000 6.1500
v -7.5300 0.8000 6.1500
v -7.5300 1.6000 6.1500
v -7.5300 2.4000 6.1500
v -7.5300 3.2000 6.1500
v -7.5300 4.0000 6.1500
v -7.4700 0.0000 6.1500
v -7.4700 0.8000 6.1500
v -7.4700 1.6000 6.1500
v -7.4700 2.4000 6.1500
v -7.4700 3.2000 6.1500
v -7.4700 4.0000 6.1500
v -7.4100 0.0000 6.1500
v -7.4100 0.8000 6.1500
v -7.4100 1.6000 6.1500
v -7.4100 2.4000 6.1500
v -7.4100 3.2000 6.1500
v -7.4100 4.0000 6.1500
v -7.3500 0.0000 6.1500
v -7.3500 0.8000 6.1500
v -7.3500 1.6000 6.1500
v -7.3500 2.4000 6.1500
v -7.3500 3.2000 6.1500
v -7.3500 4.0000 6.1500
v -7.3500 0.0000 -6.1500
v -7.3500 0.8000 -6.1500
v -7.3500 1.6000 -6.1500
v -7.3500 2.4000 -6.1500
v -7.3500 3.2000 -6.1500
v -7.3500 4.0000 -6.1500
v -7.4100 0.0000 -6.1500
v -7.4100 0.8000 -6.1500
v -7.4100 1.6000 -6.1500
v -7.4100 2.4000 -6.1500
v -7.4100 3.2000 -6.1500
v -7.4100 4.0000 -6.1500
v -7.4700 0.0000 -6.1500
v -7.4700 0.8000 -6.1500
v -7.4700 1.6000 -6.1500
v -7.4700 2.4000 -6.1500
v -7.4700 3.2000 -6.1500
v -7.4700 4.0000 -6.1500
v -7.5300 0.0000 -6.1500
v -7.5300 0.8000 -6.1500
v -7.5300 1.6000 -6.1500
v -7.5300 2.4000 -6.1500
v -7.5300 3.2000 -6.1500
v -7.5300 4.0000 -6.1500
v -7.5900 0.0000 -6.1500
v -7.5900 0.8000 -6.1500
v -7.5900 1.6000 -6.1500
v -7.5900 2.4000 -6.1500
v -7.5900 3.2000 -6.1500
v -7.5900 4.0000 -6.1500
v -7.6500 0.0000 -6.1500
v -7.6500 0.8000 -6.1500
v -7.6500 1.6000 -6.1500
v -7.6500 2.4000 -6.1500
v -7.6500 3.2000 -6.1500
v -7.6500 4.0000 -6.1500
v -7.6500 0.0000 -6.1500
v -7.6500 0.8000 -6.1500
v -7.6500 1.6000 -6.1500
v -7.6500 2.4000 -6.1500
v -7.6500 3.2000 -6.1500
v -7.6500 4.0000 -6.1500
v -7.6500 0.0000 -3.6900
v -7.6500 0.8000 -3.6900
v -7.6500 1.6000 -3.6900
v -7.6500 2.4000 -3.6900
v -7.6500 3.2000 -3.6900
v -7.6500 4.0000 -3.6900
v -7.6500 0.0000 -1.2300
v -7.6500 0.8000 -1.2300
v -7.6500 1.6000 -1.2300
v -7.6500 2.4000 -1.2300
v -7.6500 3.2000 -1.2300
v -7.6500 4.0000 -1.2300
v -7.6500 0.0000 1.2300
v -7.6500 0.8000 1.2300
v -7.6500 1.6000 1.2300
v -7.6500 2.4000 1.2300
v -7.6500 3.2000 1.2300
v -7.6500 4.0000 1.2300
v -7.6500 0.0000 3.6900
v -7.6500 0.8000 3.6900
v -7.6500 1.6000 3.6900
v -7.6500 2.4000 3.6900
v -7.6500 3.2000 3.6900
v -7.6500 4.0000 3.6900
v -7.6500 0.0000 6.1500
v -7.6500 0.8000 6.1500
v -7.6500 1.6000 6.1500
v -7.6500 2.4000 6.1500
v -7.6500 3.2000 6.1500
v -7.6500 4.0000 6.1500
v -7.3500 0.0000 6.1500
v -7.3500 0.8000 6.1500
v -7.3500 1.6000 6.1500
v -7.3500 2.4000 6.1500
v -7.3500 3.2000 6.1500
v -7.3500 4.0000 6.1500
v -7.3500 0.0000 3.6900
v -7.3500 0.8000 3.6900
v -7.3500 1.6000 3.6900
v -7.3500 2.4000 3.6900
v -7.3500 3.2000 3.6900
v -7.3500 4.0000 3.6900
v -7.3500 0.0000 1.2300
v -7.3500 0.8000 1.2300
v -7.3500 1.6000 1.2300
v -7.3500 2.4000 1.2300
v -7.3500 3.2000 1.2300
v -7.3500 4.0000 1.2300
v -7.3500 0.0000 -1.2300
v -7.3500 0.8000 -1.2300
v -7.3500 1.6000 -1.2300
v -7.3500 2.4000 -1.2300
v -7.3500 3.2000 -1.2300
v -7.3500 4.0000 -1.2300
v -7.3500 0.0000 -3.6900
v -7.3500 0.8000 -3.6900
v -7.3500 1.6000 -3.6900
v -7.3500 2.4000 -3.6900
v -7.3500 3.2000 -3.6900
v -7.3500 4.0000 -3.6900
v -7.3500 0.0000 -6.1500
v -7.3500 0.8000 -6.1500
v -7.3500 1.6000 -6.1500
v -7.3500 2.4000 -6.1500
v -7.3500 3.2000 -6.1500
v -7.3500 4.0000 -6.1500
v -7.6500 4.0000 -6.1500
v -7.6500 4.0000 -3.6900
v -7.6500 4.0000 -1.2300
v -7.6500 4.0000 1.2300
v -7.6500 4.0000 3.6900
v -7.6500 4.0000 6.1500
v -7.5900 4.0000 -6.1500
v -7.5900 4.0000 -3.6900
v -7.5900 4.0000 -1.2300
v -7.5900 4.0000 1.2300
v -7.5900 4.0000 3.6900
v -7.5900 4.0000 6.1500
v -7.5300 4.0000 -6.1500
v -7.5300 4.0000 -3.6900
v -7.5300 4.0000 -1.2300
v -7.5300 4.0000 1.2300
v -7.5300 4.0000 3.6900
v -7.5300 4.0000 6.1500
v -7.4700 4.0000 -6.1500
v -7.4700 4.0000 -3.6900
v -7.4700 4.0000 -1.2300
v -7.4700 4.0000 1.2300
v -7.4700 4.0000 3.6900
v -7.4700 4.0000 6.1500
v -7.4100 4.0000 -6.1500
v -7.4100 4.0000 -3.6900
v -7.4100 4.0000 -1.2300
v -7.4100 4.0000 1.2300
v -7.4100 4.0000 3.6900
v -7.4100 4.0000 6.1500
v -7.3500 4.0000 -6.1500
v -7.3500 4.0000 -3.6900
v -7.3500 4.0000 -1.2300
v -7.3500 4.0000 1.2300
v -7.3500 4.0000 3.6900
v -7.3500 4.0000 6.1500
v -7.6500 0.0000 6.1500
v -7.6500 0.0000 3.6900
v -7.6500 0.0000 1.2300
v -7.6500 0.0000 -1.2300
v -7.6500 0.0000 -3.6900
v -7.6500 0.0000 -6.1500
v -7.5900 0.0000 6.1500
v -7.5900 0.0000 3.6900
v -7.5900 0.0000 1.2300
v -7.5900 0.0000 -1.2300
v -7.5900 0.0000 -3.6900
v -7.5900 0.0000 -6.1500
v -7.5300 0.0000 6.1500
v -7.5300 0.0000 3.6900
v -7.5300 0.0000 1.2300
v -7.5300 0.0000 -1.2300
v -7.5300 0.0000 -3.6900
v -7.5300 0.0000 -6.1500
v -7.4700 0.0000 6.1500
v -7.4700 0.0000 3.6900
v -7.4700 0.0000 1.2300
v -7.4700 0.0000 -1.2300
v -7.4700 0.0000 -3.6900
v -7.4700 0.0000 -6.1500
v -7.4100 0.0000 6.1500
v -7.4100 0.0000 3.6900
v -7.4100 0.0000 1.2300
v -7.4100 0.0000 -1.2300
v -7.4100 0.0000 -3.6900
v -7.4100 0.0000 -6.1500
v -7.3500 0.0000 6.1500
v -7.3500 0.0000 3.6900
v -7.3500 0.0000 1.2300
v -7.3500 0.0000 -1.2300
v -7.3500 0.0000 -3.6900
v -7.3500 0.0000 -6.1500
f 2353 2354 2360
f 2353 2360 2359
f 2354 2355 2361
f 2354 2361 2360
f 2355 2356 2362
f 2355 2362 2361
f 2356 2357 2363
f 2356 2363 2362
f 2357 2358 2364
f 2357 2364 2363
f 2359 2360 2366
f 2359 2366 2365
f 2360 2361 2367
f 2360 2367 2366
f 2361 2362 2368
f 2361 2368 2367
f 2362 2363 2369
f 2362 2369 2368
f 2363 2364 2370
f 2363 2370 2369
f 2365 2366 2372
f 2365 2372 2371
f 2366 2367 2373
f 2366 2373 2372
f 2367 2368 2374
f 2367 2374 2373
f 2368 2369 2375
f 2368 2375 2374
f 2369 2370 2376
f 2369 2376 2375
f 2371 2372 2378
f 2371 2378 2377
f 2372 2373 2379
f 2372 2379 2378
f 2373 2374 2380
f 2373 2380 2379
f 2374 2375 2381
f 2374 2381 2380
f 2375 2376 2382
f 2375 2382 2381
f 2377 2378 2384
f 2377 2384 2383
f 2378 2379 2385
f 2378 2385 2384
f 2379 2380 2386
f 2379 2386 2385
f 2380 2381 2387
f 2380 2387 2386
f 2381 2382 2388
f 2381 2388 2387
f 2389 2390 2396
f 2389 2396 2395
f 2390 2391 2397
f 2390 2397 2396
f 2391 2392 2398
f 2391 2398 2397
f 2392 2393 2399
f 2392 2399 2398
f 2393 2394 2400
f 2393 2400 2399
f 2395 2396 2402
f 2395 2402 2401
f 2396 2397 2403
f 2396 2403 2402
f 2397 2398 2404
f 2397 2404 2403
f 2398 2399 2405
f 2398 2405 2404
f 2399 2400 2406
f 2399 2406 2405
f 2401 2402 2408
f 2401 2408 2407
f 2402 2403 2409
f 2402 2409 2408
f 2403 2404 2410
f 2403 2410 2409
f 2404 2405 2411
f 2404 2411 2410
f 2405 2406 2412
f 2405 2412 2411
f 2407 2408 2414
f 2407 2414 2413
f 2408 2409 2415
f 2408 2415 2414
f 2409 2410 2416
f 2409 2416 2415
f 2410 2411 2417
f 2410 2417 2416
f 2411 2412 2418
f 2411 2418 2417
f 2413 2414 2420
f 2413 2420 2419
f 2414 2415 2421
f 2414 2421 2420
f 2415 2416 2422
f 2415 2422 2421
f 2416 2417 2423
f 2416 2423 2422
f 2417 2418 2424
f 2417 2424 2423
f 2425 2426 2432
f 2425 2432 2431
f 2426 2427 2433
f 2426 2433 2432
f 2427 2428 2434
f 2427 2434 2433
f 2428 2429 2435
f 2428 2435 2434
f 2429 2430 2436
f 2429 2436 2435
f 2431 2432 2438
f 2431 2438 2437
f 2432 2433 2439
f 2432 2439 2438
f 2433 2434 2440
f 2433 2440 2439
f 2434 2435 2441
f 2434 2441 2440
f 2435 2436 2442
f 2435 2442 2441
f 2437 2438 2444
f 2437 2444 2443
f 2438 2439 2445
f 2438 2445 2444
f 2439 2440 2446
f 2439 2446 2445
f 2440 2441 2447
f 2440 2447 2446
f 2441 2442 2448
f 2441 2448 2447
f 2443 2444 2450
f 2443 2450 2449
f 2444 2445 2451
f 2444 2451 2450
f 2445 2446 2452
f 2445 2452 2451
f 2446 2447 2453
f 2446 2453 2452
f 2447 2448 2454
f 2447 2454 2453
f 2449 2450 2456
f 2449 2456 2455
f 2450 2451 2457
f 2450 2457 2456
f 2451 2452 2458
f 2451 2458 2457
f 2452 2453 2459
f 2452 2459 2458
f 2453 2454 2460
f 2453 2460 2459
f 2461 2462 2468
f 2461 2468 2467
f 2462 2463 2469
f 2462 2469 2468
f 2463 2464 2470
f 2463 2470 2469
f 2464 2465 2471
f 2464 2471 2470
f 2465 2466 2472
f 2465 2472 2471
f 2467 2468 2474
f 2467 2474 2473
f 2468 2469 2475
f 2468 2475 2474
f 2469 2470 2476
f 2469 2476 2475
f 2470 2471 2477
f 2470 2477 2476
f 2471 2472 2478
f 2471 2478 2477
f 2473 2474 2480
f 2473 2480 2479
f 2474 2475 2481
f 2474 2481 2480
f 2475 2476 2482
f 2475 2482 2481
f 2476 2477 2483
f 2476 2483 2482
f 2477 2478 2484
f 2477 2484 2483
f 2479 2480 2486
f 2479 2486 2485
f 2480 2481 2487
f 2480 2487 2486
f 2481 2482 2488
f 2481 2488 2487
f 2482 2483 2489
f 2482 2489 2488
f 2483 2484 2490
f 2483 2490 2489
f 2485 2486 2492
f 2485 2492 2491
f 2486 2487 2493
f 2486 2493 2492
f 2487 2488 2494
f 2487 2494 2493
f 2488 2489 2495
f 2488 2495 2494
f 2489 2490 2496
f 2489 2496 2495
f 2497 2498 2504
f 2497 2504 2503
f 2498 2499 2505
f 2498 2505 2504
f 2499 2500 2506
f 2499 2506 2505
f 2500 2501 2507
f 2500 2507 2506
f 2501 2502 2508
f 2501 2508 2507
f 2503 2504 2510
f 2503 2510 2509
f 2504 2505 2511
f 2504 2511 2510
f 2505 2506 2512
f 2505 2512 2511
f 2506 2507 2513
f 2506 2513 2512
f 2507 2508 2514
f 2507 2514 2513
f 2509 2510 2516
f 2509 2516 2515
f 2510 2511 2517
f 2510 2517 2516
f 2511 2512 2518
f 2511 2518 2517
f 2512 2513 2519
f 2512 2519 2518
f 2513 2514 2520
f 2513 2520 2519
f 2515 2516 2522
f 2515 2522 2521
f 2516 2517 2523
f 2516 2523 2522
f 2517 2518 2524
f 2517 2524 2523
f 2518 2519 2525
f 2518 2525 2524
f 2519 2520 2526
f 2519 2526 2525
f 2521 2522 2528
f 2521 2528 2527
f 2522 2523 2529
f 2522 2529 2528
f 2523 2524 2530
f 2523 2530 2529
f 2524 2525 2531
f 2524 2531 2530
f 2525 2526 2532
f 2525 2532 2531
f 2533 2534 2540
f 2533 2540 2539
f 2534 2535 2541
f 2534 2541 2540
f 2535 2536 2542
f 2535 2542 2541
f 2536 2537 2543
f 2536 2543 2542
f 2537 2538 2544
f 2537 2544 2543
f 2539 2540 2546
f 2539 2546 2545
f 2540 2541 2547
f 2540 2547 2546
f 2541 2542 2548
f 2541 2548 2547
f 2542 2543 2549
f 2542 2549 2548
f 2543 2544 2550
f 2543 2550 2549
f 2545 2546 2552
f 2545 2552 2551
f 2546 2547 2553
f 2546 2553 2552
f 2547 2548 2554
f 2547 2554 2553
f 2548 2549 2555
f 2548 2555 2554
f 2549 2550 2556
f 2549 2556 2555
f 2551 2552 2558
f 2551 2558 2557
f 2552 2553 2559
f 2552 2559 2558
f 2553 2554 2560
f 2553 2560 2559
f 2554 2555 2561
f 2554 2561 2560
f 2555 2556 2562
f 2555 2562 2561
f 2557 2558 2564
f 2557 2564 2563
f 2558 2559 2565
f 2558 2565 2564
f 2559 2560 2566
f 2559 2566 2565
f 2560 2561 2567
f 2560 2567 2566
f 2561 2562 2568
f 2561 2568 2567
g 측벽_1
v 7.3500 0.0000 6.1500
v 7.3500 0.8000 6.1500
v 7.3500 1.6000 6.1500
v 7.3500 2.4000 6.1500
v 7.3500 3.2000 6.1500
v 7.3500 4.0000 6.1500
v 7.4100 0.0000 6.1500
v 7.4100 0.8000 6.1500
v 7.4100 1.6000 6.1500
v 7.4100 2.4000 6.1500
v 7.4100 3.2000 6.1500
v 7.4100 4.0000 6.1500
v 7.4700 0.0000 6.1500
v 7.4700 0.8000 6.1500
v 7.4700 1.6000 6.1500
v 7.4700 2.4000 6.1500
v 7.4700 3.2000 6.1500
v 7.4700 4.0000 6.1500
v 7.5300 0.0000 6.1500
v 7.5300 0.8000 6.1500
v 7.5300 1.6000 6.1500
v 7.5300 2.4000 6.1500
v 7.5300 3.2000 6.1500
v 7.5300 4.0000 6.1500
v 7.5900 0.0000 6.1500
v 7.5900 0.8000 6.1500
v 7.5900 1.6000 6.1500
v 7.5900 2.4000 6.1500
v 7.5900 3.2000 6.1500
v 7.5900 4.0000 6.1500
v 7.6500 0.0000 6.1500
v 7.6500 0.8000 6.1500
v 7.6500 1.6000 6.1500
v 7.6500 2.4000 6.1500
v 7.6500 3.2000 6.1500
v 7.6500 4.0000 6.1500
v 7.6500 0.0000 -6.1500
v 7.6500 0.8000 -6.1500
v 7.6500 1.6000 -6.1500
v 7.6500 2.4000 -6.1500
v 7.6500 3.2000 -6.1500
v 7.6500 4.0000 -6.1500
v 7.5900 0.0000 -6.1500
v 7.5900 0.8000 -6.1500
v 7.5900 1.6000 -6.1500
v 7.5900 2.4000 -6.1500
v 7.5900 3.2000 -6.1500
v 7.5900 4.0000 -6.1500
v 7.5300 0.0000 -6.1500
v 7.5300 0.8000 -6.1500
v 7.5300 1.6000 -6.1500
v 7.5300 2.4000 -6.1500
v 7.5300 3.2000 -6.1500
v 7.5300 4.0000 -6.1500
v 7.4700 0.0000 -6.1500
v 7.4700 0.8000 -6.1500
v 7.4700 1.6000 -6.1500
v 7.4700 2.4000 -6.1500
v 7.4700 3.2000 -6.1500
v 7.4700 4.0000 -6.1500
v 7.4100 0.0000 -6.1500
v 7.4100 0.8000 -6.1500
v 7.4100 1.6000 -6.1500
v 7.4100 2.4000 -6.1500
v 7.4100 3.2000 -6.1500
v 7.4100 4.0000 -6.1500
v 7.3500 0.0000 -6.1500
v 7.3500 0.8000 -6.1500
v 7.3500 1.6000 -6.1500
v 7.3500 2.4000 -6.1500
v 7.3500 3.2000 -6.1500
v 7.3500 4.0000 -6.1500
v 7.3500 0.0000 -6.1500
v 7.3500 0.8000 -6.1500
v 7.3500 1.6000 -6.1500
v 7.3500 2.4000 -6.1500
v 7.3500 3.2000 -6.1500
v 7.3500 4.0000 -6.1500
v 7.3500 0.0000 -3.6900
v 7.3500 0.8000 -3.6900
v 7.3500 1.6000 -3.6900
v 7.3500 2.4000 -3.6900
v 7.3500 3.2000 -3.6900
v 7.3500 4.0000 -3.6900
v 7.3500 0.0000 -1.2300
v 7.3500 0.8000 -1.2300
v 7.3500 1.6000 -1.2300
v 7.3500 2.4000 -1.2300
v 7.3500 3.2000 -1.2300
v 7.3500 4.0000 -1.2300
v 7.3500 0.0000 1.2300
v 7.3500 0.8000 1.2300
v 7.3500 1.6000 1.2300
v 7.3500 2.4000 1.2300
v 7.3500 3.2000 1.2300
v 7.3500 4.0000 1.2300
v 7.3500 0.0000 3.6900
v 7.3500 0.8000 3.6900
v 7.3500 1.6000 3.6900
v 7.3500 2.4000 3.6900
v 7.3500 3.2000 3.6900
v 7.3500 4.0000 3.6900
v 7.3500 0.0000 6.1500
v 7.3500 0.8000 6.1500
v 7.3500 1.6000 6.1500
v 7.3500 2.4000 6.1500
v 7.3500 3.2000 6.1500
v 7.3500 4.0000 6.1500
v 7.6500 0.0000 6.1500
v 7.6500 0.8000 6.1500
v 7.6500 1.6000 6.1500
v 7.6500 2.4000 6.1500
v 7.6500 3.2000 6.1500
v 7.6500 4.0000 6.1500
v 7.6500 0.0000 3.6900
v 7.6500 0.8000 3.6900
v 7.6500 1.6000 3.6900
v 7.6500 2.4000 3.6900
v 7.6500 3.2000 3.6900
v 7.6500 4.0000 3.6900
v 7.6500 0.0000 1.2300
v 7.6500 0.8000 1.2300
v 7.6500 1.6000 1.2300
v 7.6500 2.4000 1.2300
v 7.6500 3.2000 1.2300
v 7.6500 4.0000 1.2300
v 7.6500 0.0000 -1.2300
v 7.6500 0.8000 -1.2300
v 7.6500 1.6000 -1.2300
v 7.6500 2.4000 -1.2300
v 7.6500 3.2000 -1.2300
v 7.6500 4.0000 -1.2300
v 7.6500 0.0000 -3.6900
v 7.6500 0.8000 -3.6900
v 7.6500 1.6000 -3.6900
v 7.6500 2.4000 -3.6900
v 7.6500 3.2000 -3.6900
v 7.6500 4.0000 -3.6900
v 7.6500 0.0000 -6.1500
v 7.6500 0.8000 -6.1500
v 7.6500 1.6000 -6.1500
v 7.6500 2.4000 -6.1500
v 7.6500 3.2000 -6.1500
v 7.6500 4.0000 -6.1500
v 7.3500 4.0000 -6.1500
v 7.3500 4.0000 -3.6900
v 7.3500 4.0000 -1.2300
v 7.3500 4.0000 1.2300
v 7.3500 4.0000 3.6900
v 7.3500 4.0000 6.1500
v 7.4100 4.0000 -6.1500
v 7.4100 4.0000 -3.6900
v 7.4100 4.0000 -1.2300
v 7.4100 4.0000 1.2300
v 7.4100 4.0000 3.6900
v 7.4100 4.0000 6.1500
v 7.4700 4.0000 -6.1500
v 7.4700 4.0000 -3.6900
v 7.4700 4.0000 -1.2300
v 7.4700 4.0000 1.2300
v 7.4700 4.0000 3.6900
v 7.4700 4.0000 6.1500
v 7.5300 4.0000 -6.1500
v 7.5300 4.0000 -3.6900
v 7.5300 4.0000 -1.2300
v 7.5300 4.0000 1.2300
v 7.5300 4.0000 3.6900
v 7.5300 4.0000 6.1500
v 7.5900 4.0000 -6.1500
v 7.5900 4.0000 -3.6900
v 7.5900 4.0000 -1.2300
v 7.5900 4.0000 1.2300
v 7.5900 4.0000 3.6900
v 7.5900 4.0000 6.1500
v 7.6500 4.0000 -6.1500
v 7.6500 4.0000 -3.6900
v 7.6500 4.0000 -1.2300
v 7.6500 4.0000 1.2300
v 7.6500 4.0000 3.6900
v 7.6500 4.0000 6.1500
v 7.3500 0.0000 6.1500
v 7.3500 0.0000 3.6900
v 7.3500 0.0000 1.2300
v 7.3500 0.0000 -1.2300
v 7.3500 0.0000 -3.6900
v 7.3500 0.0000 -6.1500
v 7.4100 0.0000 6.1500
v 7.4100 0.0000 3.6900
v 7.4100 0.0000 1.2300
v 7.4100 0.0000 -1.2300
v 7.4100 0.0000 -3.6900
v 7.4100 0.0000 -6.1500
v 7.4700 0.0000 6.1500
v 7.4700 0.0000 3.6900
v 7.4700 0.0000 1.2300
v 7.4700 0.0000 -1.2300
v 7.4700 0.0000 -3.6900
v 7.4700 0.0000 -6.1500
v 7.5300 0.0000 6.1500
v 7.5300 0.0000 3.6900
v 7.5300 0.0000 1.2300
v 7.5300 0.0000 -1.2300
v 7.5300 0.0000 -3.6900
v 7.5300 0.0000 -6.1500
v 7.5900 0.0000 6.1500
v 7.5900 0.0000 3.6900
v 7.5900 0.0000 1.2300
v 7.5900 0.0000 -1.2300
v 7.5900 0.0000 -3.6900
v 7.5900 0.0000 -6.1500
v 7.6500 0.0000 6.1500
v 7.6500 0.0000 3.6900
v 7.6500 0.0000 1.2300
v 7.6500 0.0000 -1.2300
v 7.6500 0.0000 -3.6900
v 7.6500 0.0000 -6.1500
f 2569 2570 2576
f 2569 2576 2575
f 2570 2571 2577
f 2570 2577 2576
f 2571 2572 2578
f 2571 2578 2577
f 2572 2573 2579
f 2572 2579 2578
f 2573 2574 2580
f 2573 2580 2579
f 2575 2576 2582
f 2575 2582 2581
f 2576 2577 2583
f 2576 2583 2582
f 2577 2578 2584
f 2577 2584 2583
f 2578 2579 2585
f 2578 2585 2584
f 2579 2580 2586
f 2579 2586 2585
f 2581 2582 2588
f 2581 2588 2587
f 2582 2583 2589
f 2582 2589 2588
f 2583 2584 2590
f 2583 2590 2589
f 2584 2585 2591
f 2584 2591 2590
f 2585 2586 2592
f 2585 2592 2591
f 2587 2588 2594
f 2587 2594 2593
f 2588 2589 2595
f 2588 2595 2594
f 2589 2590 2596
f 2589 2596 2595
f 2590 2591 2597
f 2590 2597 2596
f 2591 2592 2598
f 2591 2598 2597
f 2593 2594 2600
f 2593 2600 2599
f 2594 2595 2601
f 2594 2601 2600
f 2595 2596 2602
f 2595 2602 2601
f 2596 2597 2603
f 2596 2603 2602
f 2597 2598 2604
f 2597 2604 2603
f 2605 2606 2612
f 2605 2612 2611
f 2606 2607 2613
f 2606 2613 2612
f 2607 2608 2614
f 2607 2614 2613
f 2608 2609 2615
f 2608 2615 2614
f 2609 2610 2616
f 2609 2616 2615
f 2611 2612 2618
f 2611 2618 2617
f 2612 2613 2619
f 2612 2619 2618
f 2613 2614 2620
f 2613 2620 2619
f 2614 2615 2621
f 2614 2621 2620
f 2615 2616 2622
f 2615 2622 2621
f 2617 2618 2624
f 2617 2624 2623
f 2618 2619 2625
f 2618 2625 2624
f 2619 2620 2626
f 2619 2626 2625
f 2620 2621 2627
f 2620 2627 2626
f 2621 2622 2628
f 2621 2628 2627
f 2623 2624 2630
f 2623 2630 2629
f 2624 2625 2631
f 2624 2631 2630
f 2625 2626 2632
f 2625 2632 2631
f 2626 2627 2633
f 2626 2633 2632
f 2627 2628 2634
f 2627 2634 2633
f 2629 2630 2636
f 2629 2636 2635
f 2630 2631 2637
f 2630 2637 2636
f 2631 2632 2638
f 2631 2638 2637
f 2632 2633 2639
f 2632 2639 2638
f 2633 2634 2640
f 2633 2640 2639
f 2641 2642 2648
f 2641 2648 2647
f 2642 2643 2649
f 2642 2649 2648
f 2643 2644 2650
f 2643 2650 2649
f 2644 2645 2651
f 2644 2651 2650
f 2645 2646 2652
f 2645 2652 2651
f 2647 2648 2654
f 2647 2654 2653
f 2648 2649 2655
f 2648 2655 2654
f 2649 2650 2656
f 2649 2656 2655
f 2650 2651 2657
f 2650 2657 2656
f 2651 2652 2658
f 2651 2658 2657
f 2653 2654 2660
f 2653 2660 2659
f 2654 2655 2661
f 2654 2661 2660
f 2655 2656 2662
f 2655 2662 2661
f 2656 2657 2663
f 2656 2663 2662
f 2657 2658 2664
f 2657 2664 2663
f 2659 2660 2666
f 2659 2666 2665
f 2660 2661 2667
f 2660 2667 2666
f 2661 2662 2668
f 2661 2668 2667
f 2662 2663 2669
f 2662 2669 2668
f 2663 2664 2670
f 2663 2670 2669
f 2665 2666 2672
f 2665 2672 2671
f 2666 2667 2673
f 2666 2673 2672
f 2667 2668 2674
f 2667 2674 2673
f 2668 2669 2675
f 2668 2675 2674
f 2669 2670 2676
f 2669 2676 2675
f 2677 2678 2684
f 2677 2684 2683
f 2678 2679 2685
f 2678 2685 2684
f 2679 2680 2686
f 2679 2686 2685
f 2680 2681 2687
f 2680 2687 2686
f 2681 2682 2688
f 2681 2688 2687
f 2683 2684 2690
f 2683 2690 2689
f 2684 2685 2691
f 2684 2691 2690
f 2685 2686 2692
f 2685 2692 2691
f 2686 2687 2693
f 2686 2693 2692
f 2687 2688 2694
f 2687 2694 2693
f 2689 2690 2696
f 2689 2696 2695
f 2690 2691 2697
f 2690 2697 2696
f 2691 2692 2698
f 2691 2698 2697
f 2692 2693 2699
f 2692 2699 2698
f 2693 2694 2700
f 2693 2700 2699
f 2695 2696 2702
f 2695 2702 2701
f 2696 2697 2703
f 2696 2703 2702
f 2697 2698 2704
f 2697 2704 2703
f 2698 2699 2705
f 2698 2705 2704
f 2699 2700 2706
f 2699 2706 2705
f 2701 2702 2708
f 2701 2708 2707
f 2702 2703 2709
f 2702 2709 2708
f 2703 2704 2710
f 2703 2710 2709
f 2704 2705 2711
f 2704 2711 2710
f 2705 2706 2712
f 2705 2712 2711
f 2713 2714 2720
f 2713 2720 2719
f 2714 2715 2721
f 2714 2721 2720
f 2715 2716 2722
f 2715 2722 2721
f 2716 2717 2723
f 2716 2723 2722
f 2717 2718 2724
f 2717 2724 2723
f 2719 2720 2726
f 2719 2726 2725
f 2720 2721 2727
f 2720 2727 2726
f 2721 2722 2728
f 2721 2728 2727
f 2722 2723 2729
f 2722 2729 2728
f 2723 2724 2730
f 2723 2730 2729
f 2725 2726 2732
f 2725 2732 2731
f 2726 2727 2733
f 2726 2733 2732
f 2727 2728 2734
f 2727 2734 2733
f 2728 2729 2735
f 2728 2735 2734
f 2729 2730 2736
f 2729 2736 2735
f 2731 2732 2738
f 2731 2738 2737
f 2732 2733 2739
f 2732 2739 2738
f 2733 2734 2740
f 2733 2740 2739
f 2734 2735 2741
f 2734 2741 2740
f 2735 2736 2742
f 2735 2742 2741
f 2737 2738 2744
f 2737 2744 2743
f 2738 2739 2745
f 2738 2745 2744
f 2739 2740 2746
f 2739 2746 2745
f 2740 2741 2747
f 2740 2747 2746
f 2741 2742 2748
f 2741 2748 2747
f 2749 2750 2756
f 2749 2756 2755
f 2750 2751 2757
f 2750 2757 2756
f 2751 2752 2758
f 2751 2758 2757
f 2752 2753 2759
f 2752 2759 2758
f 2753 2754 2760
f 2753 2760 2759
f 2755 2756 2762
f 2755 2762 2761
f 2756 2757 2763
f 2756 2763 2762
f 2757 2758 2764
f 2757 2764 2763
f 2758 2759 2765
f 2758 2765 2764
f 2759 2760 2766
f 2759 2766 2765
f 2761 2762 2768
f 2761 2768 2767
f 2762 2763 2769
f 2762 2769 2768
f 2763 2764 2770
f 2763 2770 2769
f 2764 2765 2771
f 2764 2771 2770
f 2765 2766 2772
f 2765 2772 2771
f 2767 2768 2774
f 2767 2774 2773
f 2768 2769 2775
f 2768 2775 2774
f 2769 2770 2776
f 2769 2776 2775
f 2770 2771 2777
f 2770 2777 2776
f 2771 2772 2778
f 2771 2778 2777
f 2773 2774 2780
f 2773 2780 2779
f 2774 2775 2781
f 2774 2781 2780
f 2775 2776 2782
f 2775 2782 2781
f 2776 2777 2783
f 2776 2783 2782
f 2777 2778 2784
f 2777 2784 2783
g 천장_0
v -7.6500 4.0000 6.3000
v -7.6500 4.0667 6.3000
v -7.6500 4.1333 6.3000
v -7.6500 4.2000 6.3000
v -2.5500 4.0000 6.3000
v -2.5500 4.0667 6.3000
v -2.5500 4.1333 6.3000
v -2.5500 4.2000 6.3000
v 2.5500 4.0000 6.3000
v 2.5500 4.0667 6.3000
v 2.5500 4.1333 6.3000
v 2.5500 4.2000 6.3000
v 7.6500 4.0000 6.3000
v 7.6500 4.0667 6.3000
v 7.6500 4.1333 6.3000
v 7.6500 4.2000 6.3000
v 7.6500 4.0000 -6.3000
v 7.6500 4.0667 -6.3000
v 7.6500 4.1333 -6.3000
v 7.6500 4.2000 -6.3000
v 2.5500 4.0000 -6.3000
v 2.5500 4.0667 -6.3000
v 2.5500 4.1333 -6.3000
v 2.5500 4.2000 -6.3000
v -2.5500 4.0000 -6.3000
v -2.5500 4.0667 -6.3000
v -2.5500 4.1333 -6.3000
v -2.5500 4.2000 -6.3000
v -7.6500 4.0000 -6.3000
v -7.6500 4.0667 -6.3000
v -7.6500 4.1333 -6.3000
v -7.6500 4.2000 -6.3000
v -7.6500 4.0000 -6.3000
v -7.6500 4.0667 -6.3000
v -7.6500 4.1333 -6.3000
v -7.6500 4.2000 -6.3000
v -7.6500 4.0000 -2.1000
v -7.6500 4.0667 -2.1000
v -7.6500 4.1333 -2.1000
v -7.6500 4.2000 -2.1000
v -7.6500 4.0000 2.1000
v -7.6500 4.0667 2.1000
v -7.6500 4.1333 2.1000
v -7.6500 4.2000 2.1000
v -7.6500 4.0000 6.3000
v -7.6500 4.0667 6.3000
v -7.6500 4.1333 6.3000
v -7.6500 4.2000 6.3000
v 7.6500 4.0000 6.3000
v 7.6500 4.0667 6.3000
v 7.6500 4.1333 6.3000
v 7.6500 4.2000 6.3000
v 7.6500 4.0000 2.1000
v 7.6500 4.0667 2.1000
v 7.6500 4.1333 2.1000
v 7.6500 4.2000 2.1000
v 7.6500 4.0000 -2.1000
v 7.6500 4.0667 -2.1000
v 7.6500 4.1333 -2.1000
v 7.6500 4.2000 -2.1000
v 7.6500 4.0000 -6.3000
v 7.6500 4.0667 -6.3000
v 7.6500 4.1333 -6.3000
v 7.6500 4.2000 -6.3000
v -7.6500 4.2000 -6.3000
v -7.6500 4.2000 -2.1000
v -7.6500 4.2000 2.1000
v -7.6500 4.2000 6.3000
v -2.5500 4.2000 -6.3000
v -2.5500 4.2000 -2.1000
v -2.5500 4.2000 2.1000
v -2.5500 4.2000 6.3000
v 2.5500 4.2000 -6.3000
v 2.5500 4.2000 -2.1000
v 2.5500 4.2000 2.1000
v 2.5500 4.2000 6.3000
v 7.6500 4.2000 -6.3000
v 7.6500 4.2000 -2.1000
v 7.6500 4.2000 2.1000
v 7.6500 4.2000 6.3000
v -7.6500 4.0000 6.3000
v -7.6500 4.0000 2.1000
v -7.6500 4.0000 -2.1000
v -7.6500 4.0000 -6.3000
v -2.5500 4.0000 6.3000
v -2.5500 4.0000 2.1000
v -2.5500 4.0000 -2.1000
v -2.5500 4.0000 -6.3000
v 2.5500 4.0000 6.3000
v 2.5500 4.0000 2.1000
v 2.5500 4.0000 -2.1000
v 2.5500 4.0000 -6.3000
v 7.6500 4.0000 6.3000
v 7.6500 4.0000 2.1000
v 7.6500 4.0000 -2.1000
v 7.6500 4.0000 -6.3000
f 2785 2786 2790
f 2785 2790 2789
f 2786 2787 2791
f 2786 2791 2790
f 2787 2788 2792
f 2787 2792 2791
f 2789 2790 2794
f 2789 2794 2793
f 2790 2791 2795
f 2790 2795 2794
f 2791 2792 2796
f 2791 2796 2795
f 2793 2794 2798
f 2793 2798 2797
f 2794 2795 2799
f 2794 2799 2798
f 2795 2796 2800
f 2795 2800 2799
f 2801 2802 2806
f 2801 2806 2805
f 2802 2803 2807
f 2802 2807 2806
f 2803 2804 2808
f 2803 2808 2807
f 2805 2806 2810
f 2805 2810 2809
f 2806 2807 2811
f 2806 2811 2810
f 2807 2808 2812
f 2807 2812 2811
f 2809 2810 2814
f 2809 2814 2813
f 2810 2811 2815
f 2810 2815 2814
f 2811 2812 2816
f 2811 2816 2815
f 2817 2818 2822
f 2817 2822 2821
f 2818 2819 2823
f 2818 2823 2822
f 2819 2820 2824
f 2819 2824 2823
f 2821 2822 2826
f 2821 2826 2825
f 2822 2823 2827
f 2822 2827 2826
f 2823 2824 2828
f 2823 2828 2827
f 2825 2826 2830
f 2825 2830 2829
f 2826 2827 2831
f 2826 2831 2830
f 2827 2828 2832
f 2827 2832 2831
f 2833 2834 2838
f 2833 2838 2837
f 2834 2835 2839
f 2834 2839 2838
f 2835 2836 2840
f 2835 2840 2839
f 2837 2838 2842
f 2837 2842 2841
f 2838 2839 2843
f 2838 2843 2842
f 2839 2840 2844
f 2839 2844 2843
f 2841 2842 2846
f 2841 2846 2845
f 2842 2843 2847
f 2842 2847 2846
f 2843 2844 2848
f 2843 2848 2847
f 2849 2850 2854
f 2849 2854 2853
f 2850 2851 2855
f 2850 2855 2854
f 2851 2852 2856
f 2851 2856 2855
f 2853 2854 2858
f 2853 2858 2857
f 2854 2855 2859
f 2854 2859 2858
f 2855 2856 2860
f 2855 2860 2859
f 2857 2858 2862
f 2857 2862 2861
f 2858 2859 2863
f 2858 2863 2862
f 2859 2860 2864
f 2859 2864 2863
f 2865 2866 2870
f 2865 2870 2869
f 2866 2867 2871
f 2866 2871 2870
f 2867 2868 2872
f 2867 2872 2871
f 2869 2870 2874
f 2869 2874 2873
f 2870 2871 2875
f 2870 2875 2874
f 2871 2872 2876
f 2871 2876 2875
f 2873 2874 2878
f 2873 2878 2877
f 2874 2875 2879
f 2874 2879 2878
f 2875 2876 2880
f 2875 2880 2879
g 셔터문_0
v -1.7500 0.0000 -6.0500
v -1.7500 0.6400 -6.0500
v -1.7500 1.2800 -6.0500
v -1.7500 1.9200 -6.0500
v -1.7500 2.5600 -6.0500
v -1.7500 3.2000 -6.0500
v -1.0500 0.0000 -6.0500
v -1.0500 0.6400 -6.0500
v -1.0500 1.2800 -6.0500
v -1.0500 1.9200 -6.0500
v -1.0500 2.5600 -6.0500
v -1.0500 3.2000 -6.0500
v -0.3500 0.0000 -6.0500
v -0.3500 0.6400 -6.0500
v -0.3500 1.2800 -6.0500
v -0.3500 1.9200 -6.0500
v -0.3500 2.5600 -6.0500
v -0.3500 3.2000 -6.0500
v 0.3500 0.0000 -6.0500
v 0.3500 0.6400 -6.0500
v 0.3500 1.2800 -6.0500
v 0.3500 1.9200 -6.0500
v 0.3500 2.5600 -6.0500
v 0.3500 3.2000 -6.0500
v 1.0500 0.0000 -6.0500
v 1.0500 0.6400 -6.0500
v 1.0500 1.2800 -6.0500
v 1.0500 1.9200 -6.0500
v 1.0500 2.5600 -6.0500
v 1.0500 3.2000 -6.0500
v 1.7500 0.0000 -6.0500
v 1.7500 0.6400 -6.0500
v 1.7500 1.2800 -6.0500
v 1.7500 1.9200 -6.0500
v 1.7500 2.5600 -6.0500
v 1.7500 3.2000 -6.0500
v 1.7500 0.0000 -6.2500
v 1.7500 0.6400 -6.2500
v 1.7500 1.2800 -6.2500
v 1.7500 1.9200 -6.2500
v 1.7500 2.5600 -6.2500
v 1.7500 3.2000 -6.2500
v 1.0500 0.0000 -6.2500
v 1.0500 0.6400 -6.2500
v 1.0500 1.2800 -6.2500
v 1.0500 1.9200 -6.2500
v 1.0500 2.5600 -6.2500
v 1.0500 3.2000 -6.2500
v 0.3500 0.0000 -6.2500
v 0.3500 0.6400 -6.2500
v 0.3500 1.2800 -6.2500
v 0.3500 1.9200 -6.2500
v 0.3500 2.5600 -6.2500
v 0.3500 3.2000 -6.2500
v -0.3500 0.0000 -6.2500
v -0.3500 0.6400 -6.2500
v -0.3500 1.2800 -6.2500
v -0.3500 1.9200 -6.2500
v -0.3500 2.5600 -6.2500
v -0.3500 3.2000 -6.2500
v -1.0500 0.0000 -6.2500
v -1.0500 0.6400 -6.2500
v -1.0500 1.2800 -6.2500
v -1.0500 1.9200 -6.2500
v -1.0500 2.5600 -6.2500
v -1.0500 3.2000 -6.2500
v -1.7500 0.0000 -6.2500
v -1.7500 0.6400 -6.2500
v -1.7500 1.2800 -6.2500
v -1.7500 1.9200 -6.2500
v -1.7500 2.5600 -6.2500
v -1.7500 3.2000 -6.2500
v -1.7500 0.0000 -6.2500
v -1.7500 0.6400 -6.2500
v -1.7500 1.2800 -6.2500
v -1.7500 1.9200 -6.2500
v -1.7500 2.5600 -6.2500
v -1.7500 3.2000 -6.2500
v -1.7500 0.0000 -6.2100
v -1.7500 0.6400 -6.2100
v -1.7500 1.2800 -6.2100
v -1.7500 1.9200 -6.2100
v -1.7500 2.5600 -6.2100
v -1.7500 3.2000 -6.2100
v -1.7500 0.0000 -6.1700
v -1.7500 0.6400 -6.1700
v -1.7500 1.2800 -6.1700
v -1.7500 1.9200 -6.1700
v -1.7500 2.5600 -6.1700
v -1.7500 3.2000 -6.1700
v -1.7500 0.0000 -6.1300
v -1.7500 0.6400 -6.1300
v -1.7500 1.2800 -6.1300
v -1.7500 1.9200 -6.1300
v -1.7500 2.5600 -6.1300
v -1.7500 3.2000 -6.1300
v -1.7500 0.0000 -6.0900
v -1.7500 0.6400 -6.0900
v -1.7500 1.2800 -6.0900
v -1.7500 1.9200 -6.0900
v -1.7500 2.5600 -6.0900
v -1.7500 3.2000 -6.0900
v -1.7500 0.0000 -6.0500
v -1.7500 0.6400 -6.0500
v -1.7500 1.2800 -6.0500
v -1.7500 1.9200 -6.0500
v -1.7500 2.5600 -6.0500
v -1.7500 3.2000 -6.0500
v 1.7500 0.0000 -6.0500
v 1.7500 0.6400 -6.0500
v 1.7500 1.2800 -6.0500
v 1.7500 1.9200 -6.0500
v 1.7500 2.5600 -6.0500
v 1.7500 3.2000 -6.0500
v 1.7500 0.0000 -6.0900
v 1.7500 0.6400 -6.0900
v 1.7500 1.2800 -6.0900
v 1.7500 1.9200 -6.0900
v 1.7500 2.5600 -6.0900
v 1.7500 3.2000 -6.0900
v 1.7500 0.0000 -6.1300
v 1.7500 0.6400 -6.1300
v 1.7500 1.2800 -6.1300
v 1.7500 1.9200 -6.1300
v 1.7500 2.5600 -6.1300
v 1.7500 3.2000 -6.1300
v 1.7500 0.0000 -6.1700
v 1.7500 0.6400 -6.1700
v 1.7500 1.2800 -6.1700
v 1.7500 1.9200 -6.1700
v 1.7500 2.5600 -6.1700
v 1.7500 3.2000 -6.1700
v 1.7500 0.0000 -6.2100
v 1.7500 0.6400 -6.2100
v 1.7500 1.2800 -6.2100
v 1.7500 1.9200 -6.2100
v 1.7500 2.5600 -6.2100
v 1.7500 3.2000 -6.2100
v 1.7500 0.0000 -6.2500
v 1.7500 0.6400 -6.2500
v 1.7500 1.2800 -6.2500
v 1.7500 1.9200 -6.2500
v 1.7500 2.5600 -6.2500
v 1.7500 3.2000 -6.2500
v -1.7500 3.2000 -6.2500
v -1.7500 3.2000 -6.2100
v -1.7500 3.2000 -6.1700
v -1.7500 3.2000 -6.1300
v -1.7500 3.2000 -6.0900
v -1.7500 3.2000 -6.0500
v -1.0500 3.2000 -6.2500
v -1.0500 3.2000 -6.2100
v -1.0500 3.2000 -6.1700
v -1.0500 3.2000 -6.1300
v -1.0500 3.2000 -6.0900
v -1.0500 3.2000 -6.0500
v -0.3500 3.2000 -6.2500
v -0.3500 3.2000 -6.2100
v -0.3500 3.2000 -6.1700
v -0.3500 3.2000 -6.1300
v -0.3500 3.2000 -6.0900
v -0.3500 3.2000 -6.0500
v 0.3500 3.2000 -6.2500
v 0.3500 3.2000 -6.2100
v 0.3500 3.2000 -6.1700
v 0.3500 3.2000 -6.1300
v 0.3500 3.2000 -6.0900
v 0.3500 3.2000 -6.0500
v 1.0500 3.2000 -6.2500
v 1.0500 3.2000 -6.2100
v 1.0500 3.2000 -6.1700
v 1.0500 3.2000 -6.1300
v 1.0500 3.2000 -6.0900
v 1.0500 3.2000 -6.0500
v 1.7500 3.2000 -6.2500
v 1.7500 3.2000 -6.2100
v 1.7500 3.2000 -6.1700
v 1.7500 3.2000 -6.1300
v 1.7500 3.2000 -6.0900
v 1.7500 3.2000 -6.0500
v -1.7500 0.0000 -6.0500
v -1.7500 0.0000 -6.0900
v -1.7500 0.0000 -6.1300
v -1.7500 0.0000 -6.1700
v -1.7500 0.0000 -6.2100
v -1.7500 0.0000 -6.2500
v -1.0500 0.0000 -6.0500
v -1.0500 0.0000 -6.0900
v -1.0500 0.0000 -6.1300
v -1.0500 0.0000 -6.1700
v -1.0500 0.0000 -6.2100
v -1.0500 0.0000 -6.2500
v -0.3500 0.0000 -6.0500
v -0.3500 0.0000 -6.0900
v -0.3500 0.0000 -6.1300
v -0.3500 0.0000 -6.1700
v -0.3500 0.0000 -6.2100
v -0.3500 0.0000 -6.2500
v 0.3500 0.0000 -6.0500
v 0.3500 0.0000 -6.0900
v 0.3500 0.0000 -6.1300
v 0.3500 0.0000 -6.1700
v 0.3500 0.0000 -6.2100
v 0.3500 0.0000 -6.2500
v 1.0500 0.0000 -6.0500
v 1.0500 0.0000 -6.0900
v 1.0500 0.0000 -6.1300
v 1.0500 0.0000 -6.1700
v 1.0500 0.0000 -6.2100
v 1.0500 0.0000 -6.2500
v 1.7500 0.0000 -6.0500
v 1.7500 0.0000 -6.0900
v 1.7500 0.0000 -6.1300
v 1.7500 0.0000 -6.1700
v 1.7500 0.0000 -6.2100
v 1.7500 0.0000 -6.2500
f 2881 2882 2888
f 2881 2888 2887
f 2882 2883 2889
f 2882 2889 2888
f 2883 2884 2890
f 2883 2890 2889
f 2884 2885 2891
f 2884 2891 2890
f 2885 2886 2892
f 2885 2892 2891
f 2887 2888 2894
f 2887 2894 2893
f 2888 2889 2895
f 2888 2895 2894
f 2889 2890 2896
f 2889 2896 2895
f 2890 2891 2897
f 2890 2897 2896
f 2891 2892 2898
f 2891 2898 2897
f 2893 2894 2900
f 2893 2900 2899
f 2894 2895 2901
f 2894 2901 2900
f 2895 2896 2902
f 2895 2902 2901
f 2896 2897 2903
f 2896 2903 2902
f 2897 2898 2904
f 2897 2904 2903
f 2899 2900 2906
f 2899 2906 2905
f 2900 2901 2907
f 2900 2907 2906
f 2901 2902 2908
f 2901 2908 2907
f 2902 2903 2909
f 2902 2909 2908
f 2903 2904 2910
f 2903 2910 2909
f 2905 2906 2912
f 2905 2912 2911
f 2906 2907 2913
f 2906 2913 2912
f 2907 2908 2914
f 2907 2914 2913
f 2908 2909 2915
f 2908 2915 2914
f 2909 2910 2916
f 2909 2916 2915
f 2917 2918 2924
f 2917 2924 2923
f 2918 2919 2925
f 2918 2925 2924
f 2919 2920 2926
f 2919 2926 2925
f 2920 2921 2927
f 2920 2927 2926
f 2921 2922 2928
f 2921 2928 2927
f 2923 2924 2930
f 2923 2930 2929
f 2924 2925 2931
f 2924 2931 2930
f 2925 2926 2932
f 2925 2932 2931
f 2926 2927 2933
f 2926 2933 2932
f 2927 2928 2934
f 2927 2934 2933
f 2929 2930 2936
f 2929 2936 2935
f 2930 2931 2937
f 2930 2937 2936
f 2931 2932 2938
f 2931 2938 2937
f 2932 2933 2939
f 2932 2939 2938
f 2933 2934 2940
f 2933 2940 2939
f 2935 2936 2942
f 2935 2942 2941
f 2936 2937 2943
f 2936 2943 2942
f 2937 2938 2944
f 2937 2944 2943
f 2938 2939 2945
f 2938 2945 2944
f 2939 2940 2946
f 2939 2946 2945
f 2941 2942 2948
f 2941 2948 2947
f 2942 2943 2949
f 2942 2949 2948
f 2943 2944 2950
f 2943 2950 2949
f 2944 2945 2951
f 2944 2951 2950
f 2945 2946 2952
f 2945 2952 2951
f 2953 2954 2960
f 2953 2960 2959
f 2954 2955 2961
f 2954 2961 2960
f 2955 2956 2962
f 2955 2962 2961
f 2956 2957 2963
f 2956 2963 2962
f 2957 2958 2964
f 2957 2964 2963
f 2959 2960 2966
f 2959 2966 2965
f 2960 2961 2967
f 2960 2967 2966
f 2961 2962 2968
f 2961 2968 2967
f 2962 2963 2969
f 2962 2969 2968
f 2963 2964 2970
f 2963 2970 2969
f 2965 2966 2972
f 2965 2972 2971
f 2966 2967 2973
f 2966 2973 2972
f 2967 2968 2974
f 2967 2974 2973
f 2968 2969 2975
f 2968 2975 2974
f 2969 2970 2976
f 2969 2976 2975
f 2971 2972 2978
f 2971 2978 2977
f 2972 2973 2979
f 2972 2979 2978
f 2973 2974 2980
f 2973 2980 2979
f 2974 2975 2981
f 2974 2981 2980
f 2975 2976 2982
f 2975 2982 2981
f 2977 2978 2984
f 2977 2984 2983
f 2978 2979 2985
f 2978 2985 2984
f 2979 2980 2986
f 2979 2986 2985
f 2980 2981 2987
f 2980 2987 2986
f 2981 2982 2988
f 2981 2988 2987
f 2989 2990 2996
f 2989 2996 2995
f 2990 2991 2997
f 2990 2997 2996
f 2991 2992 2998
f 2991 2998 2997
f 2992 2993 2999
f 2992 2999 2998
f 2993 2994 3000
f 2993 3000 2999
f 2995 2996 3002
f 2995 3002 3001
f 2996 2997 3003
f 2996 3003 3002
f 2997 2998 3004
f 2997 3004 3003
f 2998 2999 3005
f 2998 3005 3004
f 2999 3000 3006
f 2999 3006 3005
f 3001 3002 3008
f 3001 3008 3007
f 3002 3003 3009
f 3002 3009 3008
f 3003 3004 3010
f 3003 3010 3009
f 3004 3005 3011
f 3004 3011 3010
f 3005 3006 3012
f 3005 3012 3011
f 3007 3008 3014
f 3007 3014 3013
f 3008 3009 3015
f 3008 3015 3014
f 3009 3010 3016
f 3009 3016 3015
f 3010 3011 3017
f 3010 3017 3016
f 3011 3012 3018
f 3011 3018 3017
f 3013 3014 3020
f 3013 3020 3019
f 3014 3015 3021
f 3014 3021 3020
f 3015 3016 3022
f 3015 3022 3021
f 3016 3017 3023
f 3016 3023 3022
f 3017 3018 3024
f 3017 3024 3023
f 3025 3026 3032
f 3025 3032 3031
f 3026 3027 3033
f 3026 3033 3032
f 3027 3028 3034
f 3027 3034 3033
f 3028 3029 3035
f 3028 3035 3034
f 3029 3030 3036
f 3029 3036 3035
f 3031 3032 3038
f 3031 3038 3037
f 3032 3033 3039
f 3032 3039 3038
f 3033 3034 3040
f 3033 3040 3039
f 3034 3035 3041
f 3034 3041 3040
f 3035 3036 3042
f 3035 3042 3041
f 3037 3038 3044
f 3037 3044 3043
f 3038 3039 3045
f 3038 3045 3044
f 3039 3040 3046
f 3039 3046 3045
f 3040 3041 3047
f 3040 3047 3046
f 3041 3042 3048
f 3041 3048 3047
f 3043 3044 3050
f 3043 3050 3049
f 3044 3045 3051
f 3044 3051 3050
f 3045 3046 3052
f 3045 3052 3051
f 3046 3047 3053
f 3046 3053 3052
f 3047 3048 3054
f 3047 3054 3053
f 3049 3050 3056
f 3049 3056 3055
f 3050 3051 3057
f 3050 3057 3056
f 3051 3052 3058
f 3051 3058 3057
f 3052 3053 3059
f 3052 3059 3058
f 3053 3054 3060
f 3053 3060 3059
f 3061 3062 3068
f 3061 3068 3067
f 3062 3063 3069
f 3062 3069 3068
f 3063 3064 3070
f 3063 3070 3069
f 3064 3065 3071
f 3064 3071 3070
f 3065 3066 3072
f 3065 3072 3071
f 3067 3068 3074
f 3067 3074 3073
f 3068 3069 3075
f 3068 3075 3074
f 3069 3070 3076
f 3069 3076 3075
f 3070 3071 3077
f 3070 3077 3076
f 3071 3072 3078
f 3071 3078 3077
f 3073 3074 3080
f 3073 3080 3079
f 3074 3075 3081
f 3074 3081 3080
f 3075 3076 3082
f 3075 3082 3081
f 3076 3077 3083
f 3076 3083 3082
f 3077 3078 3084
f 3077 3084 3083
f 3079 3080 3086
f 3079 3086 3085
f 3080 3081 3087
f 3080 3087 3086
f 3081 3082 3088
f 3081 3088 3087
f 3082 3083 3089
f 3082 3089 3088
f 3083 3084 3090
f 3083 3090 3089
f 3085 3086 3092
f 3085 3092 3091
f 3086 3087 3093
f 3086 3093 3092
f 3087 3088 3094
f 3087 3094 3093
f 3088 3089 3095
f 3088 3095 3094
f 3089 3090 3096
f 3089 3096 3095
g 적재 선반 기둥_0
v -6.0500 0.0000 -3.5500
v -6.0500 1.0667 -3.5500
v -6.0500 2.1333 -3.5500
v -6.0500 3.2000 -3.5500
v -6.0167 0.0000 -3.5500
v -6.0167 1.0667 -3.5500
v -6.0167 2.1333 -3.5500
v -6.0167 3.2000 -3.5500
v -5.9833 0.0000 -3.5500
v -5.9833 1.0667 -3.5500
v -5.9833 2.1333 -3.5500
v -5.9833 3.2000 -3.5500
v -5.9500 0.0000 -3.5500
v -5.9500 1.0667 -3.5500
v -5.9500 2.1333 -3.5500
v -5.9500 3.2000 -3.5500
v -5.9500 0.0000 -3.6500
v -5.9500 1.0667 -3.6500
v -5.9500 2.1333 -3.6500
v -5.9500 3.2000 -3.6500
v -5.9833 0.0000 -3.6500
v -5.9833 1.0667 -3.6500
v -5.9833 2.1333 -3.6500
v -5.9833 3.2000 -3.6500
v -6.0167 0.0000 -3.6500
v -6.0167 1.0667 -3.6500
v -6.0167 2.1333 -3.6500
v -6.0167 3.2000 -3.6500
v -6.0500 0.0000 -3.6500
v -6.0500 1.0667 -3.6500
v -6.0500 2.1333 -3.6500
v -6.0500 3.2000 -3.6500
v -6.0500 0.0000 -3.6500
v -6.0500 1.0667 -3.6500
v -6.0500 2.1333 -3.6500
v -6.0500 3.2000 -3.6500
v -6.0500 0.0000 -3.6167
v -6.0500 1.0667 -3.6167
v -6.0500 2.1333 -3.6167
v -6.0500 3.2000 -3.6167
v -6.0500 0.0000 -3.5833
v -6.0500 1.0667 -3.5833
v -6.0500 2.1333 -3.5833
v -6.0500 3.2000 -3.5833
v -6.0500 0.0000 -3.5500
v -6.0500 1.0667 -3.5500
v -6.0500 2.1333 -3.5500
v -6.0500 3.2000 -3.5500
v -5.9500 0.0000 -3.5500
v -5.9500 1.0667 -3.5500
v -5.9500 2.1333 -3.5500
v -5.9500 3.2000 -3.5500
v -5.9500 0.0000 -3.5833
v -5.9500 1.0667 -3.5833
v -5.9500 2.1333 -3.5833
v -5.9500 3.2000 -3.5833
v -5.9500 0.0000 -3.6167
v -5.9500 1.0667 -3.6167
v -5.9500 2.1333 -3.6167
v -5.9500 3.2000 -3.6167
v -5.9500 0.0000 -3.6500
v -5.9500 1.0667 -3.6500
v -5.9500 2.1333 -3.6500
v -5.9500 3.2000 -3.6500
v -6.0500 3.2000 -3.6500
v -6.0500 3.2000 -3.6167
v -6.0500 3.2000 -3.5833
v -6.0500 3.2000 -3.5500
v -6.0167 3.2000 -3.6500
v -6.0167 3.2000 -3.6167
v -6.0167 3.2000 -3.5833
v -6.0167 3.2000 -3.5500
v -5.9833 3.2000 -3.6500
v -5.9833 3.2000 -3.6167
v -5.9833 3.2000 -3.5833
v -5.9833 3.2000 -3.5500
v -5.9500 3.2000 -3.6500
v -5.9500 3.2000 -3.6167
v -5.9500 3.2000 -3.5833
v -5.9500 3.2000 -3.5500
v -6.0500 0.0000 -3.5500
v -6.0500 0.0000 -3.5833
v -6.0500 0.0000 -3.6167
v -6.0500 0.0000 -3.6500
v -6.0167 0.0000 -3.5500
v -6.0167 0.0000 -3.5833
v -6.0167 0.0000 -3.6167
v -6.0167 0.0000 -3.6500
v -5.9833 0.0000 -3.5500
v -5.9833 0.0000 -3.5833
v -5.9833 0.0000 -3.6167
v -5.9833 0.0000 -3.6500
v -5.9500 0.0000 -3.5500
v -5.9500 0.0000 -3.5833
v -5.9500 0.0000 -3.6167
v -5.9500 0.0000 -3.6500
f 3097 3098 3102
f 3097 3102 3101
f 3098 3099 3103
f 3098 3103 3102
f 3099 3100 3104
f 3099 3104 3103
f 3101 3102 3106
f 3101 3106 3105
f 3102 3103 3107
f 3102 3107 3106
f 3103 3104 3108
f 3103 3108 3107
f 3105 3106 3110
f 3105 3110 3109
f 3106 3107 3111
f 3106 3111 3110
f 3107 3108 3112
f 3107 3112 3111
f 3113 3114 3118
f 3113 3118 3117
f 3114 3115 3119
f 3114 3119 3118
f 3115 3116 3120
f 3115 3120 3119
f 3117 3118 3122
f 3117 3122 3121
f 3118 3119 3123
f 3118 3123 3122
f 3119 3120 3124
f 3119 3124 3123
f 3121 3122 3126
f 3121 3126 3125
f 3122 3123 3127
f 3122 3127 3126
f 3123 3124 3128
f 3123 3128 3127
f 3129 3130 3134
f 3129 3134 3133
f 3130 3131 3135
f 3130 3135 3134
f 3131 3132 3136
f 3131 3136 3135
f 3133 3134 3138
f 3133 3138 3137
f 3134 3135 3139
f 3134 3139 3138
f 3135 3136 3140
f 3135 3140 3139
f 3137 3138 3142
f 3137 3142 3141
f 3138 3139 3143
f 3138 3143 3142
f 3139 3140 3144
f 3139 3144 3143
f 3145 3146 3150
f 3145 3150 3149
f 3146 3147 3151
f 3146 3151 3150
f 3147 3148 3152
f 3147 3152 3151
f 3149 3150 3154
f 3149 3154 3153
f 3150 3151 3155
f 3150 3155 3154
f 3151 3152 3156
f 3151 3156 3155
f 3153 3154 3158
f 3153 3158 3157
f 3154 3155 3159
f 3154 3159 3158
f 3155 3156 3160
f 3155 3160 3159
f 3161 3162 3166
f 3161 3166 3165
f 3162 3163 3167
f 3162 3167 3166
f 3163 3164 3168
f 3163 3168 3167
f 3165 3166 3170
f 3165 3170 3169
f 3166 3167 3171
f 3166 3171 3170
f 3167 3168 3172
f 3167 3172 3171
f 3169 3170 3174
f 3169 3174 3173
f 3170 3171 3175
f 3170 3175 3174
f 3171 3172 3176
f 3171 3176 3175
f 3177 3178 3182
f 3177 3182 3181
f 3178 3179 3183
f 3178 3183 3182
f 3179 3180 3184
f 3179 3184 3183
f 3181 3182 3186
f 3181 3186 3185
f 3182 3183 3187
f 3182 3187 3186
f 3183 3184 3188
f 3183 3188 3187
f 3185 3186 3190
f 3185 3190 3189
f 3186 3187 3191
f 3186 3191 3190
f 3187 3188 3192
f 3187 3192 3191
g 적재 선반 기둥_1
v -6.0500 0.0000 -1.1500
v -6.0500 1.0667 -1.1500
v -6.0500 2.1333 -1.1500
v -6.0500 3.2000 -1.1500
v -6.0167 0.0000 -1.1500
v -6.0167 1.0667 -1.1500
v -6.0167 2.1333 -1.1500
v -6.0167 3.2000 -1.1500
v -5.9833 0.0000 -1.1500
v -5.9833 1.0667 -1.1500
v -5.9833 2.1333 -1.1500
v -5.9833 3.2000 -1.1500
v -5.9500 0.0000 -1.1500
v -5.9500 1.0667 -1.1500
v -5.9500 2.1333 -1.1500
v -5.9500 3.2000 -1.1500
v -5.9500 0.0000 -1.2500
v -5.9500 1.0667 -1.2500
v -5.9500 2.1333 -1.2500
v -5.9500 3.2000 -1.2500
v -5.9833 0.0000 -1.2500
v -5.9833 1.0667 -1.2500
v -5.9833 2.1333 -1.2500
v -5.9833 3.2000 -1.2500
v -6.0167 0.0000 -1.2500
v -6.0167 1.0667 -1.2500
v -6.0167 2.1333 -1.2500
v -6.0167 3.2000 -1.2500
v -6.0500 0.0000 -1.2500
v -6.0500 1.0667 -1.2500
v -6.0500 2.1333 -1.2500
v -6.0500 3.2000 -1.2500
v -6.0500 0.0000 -1.2500
v -6.0500 1.0667 -1.2500
v -6.0500 2.1333 -1.2500
v -6.0500 3.2000 -1.2500
v -6.0500 0.0000 -1.2167
v -6.0500 1.0667 -1.2167
v -6.0500 2.1333 -1.2167
v -6.0500 3.2000 -1.2167
v -6.0500 0.0000 -1.1833
v -6.0500 1.0667 -1.1833
v -6.0500 2.1333 -1.1833
v -6.0500 3.2000 -1.1833
v -6.0500 0.0000 -1.1500
v -6.0500 1.0667 -1.1500
v -6.0500 2.1333 -1.1500
v -6.0500 3.2000 -1.1500
v -5.9500 0.0000 -1.1500
v -5.9500 1.0667 -1.1500
v -5.9500 2.1333 -1.1500
v -5.9500 3.2000 -1.1500
v -5.9500 0.0000 -1.1833
v -5.9500 1.0667 -1.1833
v -5.9500 2.1333 -1.1833
v -5.9500 3.2000 -1.1833
v -5.9500 0.0000 -1.2167
v -5.9500 1.0667 -1.2167
v -5.9500 2.1333 -1.2167
v -5.9500 3.2000 -1.2167
v -5.9500 0.0000 -1.2500
v -5.9500 1.0667 -1.2500
v -5.9500 2.1333 -1.2500
v -5.9500 3.2000 -1.2500
v -6.0500 3.2000 -1.2500
v -6.0500 3.2000 -1.2167
v -6.0500 3.2000 -1.1833
v -6.0500 3.2000 -1.1500
v -6.0167 3.2000 -1.2500
v -6.0167 3.2000 -1.2167
v -6.0167 3.2000 -1.1833
v -6.0167 3.2000 -1.1500
v -5.9833 3.2000 -1.2500
v -5.9833 3.2000 -1.2167
v -5.9833 3.2000 -1.1833
v -5.9833 3.2000 -1.1500
v -5.9500 3.2000 -1.2500
v -5.9500 3.2000 -1.2167
v -5.9500 3.2000 -1.1833
v -5.9500 3.2000 -1.1500
v -6.0500 0.0000 -1.1500
v -6.0500 0.0000 -1.1833
v -6.0500 0.0000 -1.2167
v -6.0500 0.0000 -1.2500
v -6.0167 0.0000 -1.1500
v -6.0167 0.0000 -1.1833
v -6.0167 0.0000 -1.2167
v -6.0167 0.0000 -1.2500
v -5.9833 0.0000 -1.1500
v -5.9833 0.0000 -1.1833
v -5.9833 0.0000 -1.2167
v -5.9833 0.0000 -1.2500
v -5.9500 0.0000 -1.1500
v -5.9500 0.0000 -1.1833
v -5.9500 0.0000 -1.2167
v -5.9500 0.0000 -1.2500
f 3193 3194 3198
f 3193 3198 3197
f 3194 3195 3199
f 3194 3199 3198
f 3195 3196 3200
f 3195 3200 3199
f 3197 3198 3202
f 3197 3202 3201
f 3198 3199 3203
f 3198 3203 3202
f 3199 3200 3204
f 3199 3204 3203
f 3201 3202 3206
f 3201 3206 3205
f 3202 3203 3207
f 3202 3207 3206
f 3203 3204 3208
f 3203 3208 3207
f 3209 3210 3214
f 3209 3214 3213
f 3210 3211 3215
f 3210 3215 3214
f 3211 3212 3216
f 3211 3216 3215
f 3213 3214 3218
f 3213 3218 3217
f 3214 3215 3219
f 3214 3219 3218
f 3215 3216 3220
f 3215 3220 3219
f 3217 3218 3222
f 3217 3222 3221
f 3218 3219 3223
f 3218 3223 3222
f 3219 3220 3224
f 3219 3224 3223
f 3225 3226 3230
f 3225 3230 3229
f 3226 3227 3231
f 3226 3231 3230
f 3227 3228 3232
f 3227 3232 3231
f 3229 3230 3234
f 3229 3234 3233
f 3230 3231 3235
f 3230 3235 3234
f 3231 3232 3236
f 3231 3236 3235
f 3233 3234 3238
f 3233 3238 3237
f 3234 3235 3239
f 3234 3239 3238
f 3235 3236 3240
f 3235 3240 3239
f 3241 3242 3246
f 3241 3246 3245
f 3242 3243 3247
f 3242 3247 3246
f 3243 3244 3248
f 3243 3248 3247
f 3245 3246 3250
f 3245 3250 3249
f 3246 3247 3251
f 3246 3251 3250
f 3247 3248 3252
f 3247 3252 3251
f 3249 3250 3254
f 3249 3254 3253
f 3250 3251 3255
f 3250 3255 3254
f 3251 3252 3256
f 3251 3256 3255
f 3257 3258 3262
f 3257 3262 3261
f 3258 3259 3263
f 3258 3263 3262
f 3259 3260 3264
f 3259 3264 3263
f 3261 3262 3266
f 3261 3266 3265
f 3262 3263 3267
f 3262 3267 3266
f 3263 3264 3268
f 3263 3268 3267
f 3265 3266 3270
f 3265 3270 3269
f 3266 3267 3271
f 3266 3271 3270
f 3267 3268 3272
f 3267 3272 3271
f 3273 3274 3278
f 3273 3278 3277
f 3274 3275 3279
f 3274 3279 3278
f 3275 3276 3280
f 3275 3280 3279
f 3277 3278 3282
f 3277 3282 3281
f 3278 3279 3283
f 3278 3283 3282
f 3279 3280 3284
f 3279 3284 3283
f 3281 3282 3286
f 3281 3286 3285
f 3282 3283 3287
f 3282 3287 3286
f 3283 3284 3288
f 3283 3288 3287
g 적재 선반 기둥_2
v -6.0500 0.0000 1.2500
v -6.0500 1.0667 1.2500
v -6.0500 2.1333 1.2500
v -6.0500 3.2000 1.2500
v -6.0167 0.0000 1.2500
v -6.0167 1.0667 1.2500
v -6.0167 2.1333 1.2500
v -6.0167 3.2000 1.2500
v -5.9833 0.0000 1.2500
v -5.9833 1.0667 1.2500
v -5.9833 2.1333 1.2500
v -5.9833 3.2000 1.2500
v -5.9500 0.0000 1.2500
v -5.9500 1.0667 1.2500
v -5.9500 2.1333 1.2500
v -5.9500 3.2000 1.2500
v -5.9500 0.0000 1.1500
v -5.9500 1.0667 1.1500
v -5.9500 2.1333 1.1500
v -5.9500 3.2000 1.1500
v -5.9833 0.0000 1.1500
v -5.9833 1.0667 1.1500
v -5.9833 2.1333 1.1500
v -5.9833 3.2000 1.1500
v -6.0167 0.0000 1.1500
v -6.0167 1.0667 1.1500
v -6.0167 2.1333 1.1500
v -6.0167 3.2000 1.1500
v -6.0500 0.0000 1.1500
v -6.0500 1.0667 1.1500
v -6.0500 2.1333 1.1500
v -6.0500 3.2000 1.1500
v -6.0500 0.0000 1.1500
v -6.0500 1.0667 1.1500
v -6.0500 2.1333 1.1500
v -6.0500 3.2000 1.1500
v -6.0500 0.0000 1.1833
v -6.0500 1.0667 1.1833
v -6.0500 2.1333 1.1833
v -6.0500 3.2000 1.1833
v -6.0500 0.0000 1.2167
v -6.0500 1.0667 1.2167
v -6.0500 2.1333 1.2167
v -6.0500 3.2000 1.2167
v -6.0500 0.0000 1.2500
v -6.0500 1.0667 1.2500
v -6.0500 2.1333 1.2500
v -6.0500 3.2000 1.2500
v -5.9500 0.0000 1.2500
v -5.9500 1.0667 1.2500
v -5.9500 2.1333 1.2500
v -5.9500 3.2000 1.2500
v -5.9500 0.0000 1.2167
v -5.9500 1.0667 1.2167
v -5.9500 2.1333 1.2167
v -5.9500 3.2000 1.2167
v -5.9500 0.0000 1.1833
v -5.9500 1.0667 1.1833
v -5.9500 2.1333 1.1833
v -5.9500 3.2000 1.1833
v -5.9500 0.0000 1.1500
v -5.9500 1.0667 1.1500
v -5.9500 2.1333 1.1500
v -5.9500 3.2000 1.1500
v -6.0500 3.2000 1.1500
v -6.0500 3.2000 1.1833
v -6.0500 3.2000 1.2167
v -6.0500 3.2000 1.2500
v -6.0167 3.2000 1.1500
v -6.0167 3.2000 1.1833
v -6.0167 3.2000 1.2167
v -6.0167 3.2000 1.2500
v -5.9833 3.2000 1.1500
v -5.9833 3.2000 1.1833
v -5.9833 3.2000 1.2167
v -5.9833 3.2000 1.2500
v -5.9500 3.2000 1.1500
v -5.9500 3.2000 1.1833
v -5.9500 3.2000 1.2167
v -5.9500 3.2000 1.2500
v -6.0500 0.0000 1.2500
v -6.0500 0.0000 1.2167
v -6.0500 0.0000 1.1833
v -6.0500 0.0000 1.1500
v -6.0167 0.0000 1.2500
v -6.0167 0.0000 1.2167
v -6.0167 0.0000 1.1833
v -6.0167 0.0000 1.1500
v -5.9833 0.0000 1.2500
v -5.9833 0.0000 1.2167
v -5.9833 0.0000 1.1833
v -5.9833 0.0000 1.1500
v -5.9500 0.0000 1.2500
v -5.9500 0.0000 1.2167
v -5.9500 0.0000 1.1833
v -5.9500 0.0000 1.1500
f 3289 3290 3294
f 3289 3294 3293
f 3290 3291 3295
f 3290 3295 3294
f 3291 3292 3296
f 3291 3296 3295
f 3293 3294 3298
f 3293 3298 3297
f 3294 3295 3299
f 3294 3299 3298
f 3295 3296 3300
f 3295 3300 3299
f 3297 3298 3302
f 3297 3302 3301
f 3298 3299 3303
f 3298 3303 3302
f 3299 3300 3304
f 3299 3304 3303
f 3305 3306 3310
f 3305 3310 3309
f 3306 3307 3311
f 3306 3311 3310
f 3307 3308 3312
f 3307 3312 3311
f 3309 3310 3314
f 3309 3314 3313
f 3310 3311 3315
f 3310 3315 3314
f 3311 3312 3316
f 3311 3316 3315
f 3313 3314 3318
f 3313 3318 3317
f 3314 3315 3319
f 3314 3319 3318
f 3315 3316 3320
f 3315 3320 3319
f 3321 3322 3326
f 3321 3326 3325
f 3322 3323 3327
f 3322 3327 3326
f 3323 3324 3328
f 3323 3328 3327
f 3325 3326 3330
f 3325 3330 3329
f 3326 3327 3331
f 3326 3331 3330
f 3327 3328 3332
f 3327 3332 3331
f 3329 3330 3334
f 3329 3334 3333
f 3330 3331 3335
f 3330 3335 3334
f 3331 3332 3336
f 3331 3336 3335
f 3337 3338 3342
f 3337 3342 3341
f 3338 3339 3343
f 3338 3343 3342
f 3339 3340 3344
f 3339 3344 3343
f 3341 3342 3346
f 3341 3346 3345
f 3342 3343 3347
f 3342 3347 3346
f 3343 3344 3348
f 3343 3348 3347
f 3345 3346 3350
f 3345 3350 3349
f 3346 3347 3351
f 3346 3351 3350
f 3347 3348 3352
f 3347 3352 3351
f 3353 3354 3358
f 3353 3358 3357
f 3354 3355 3359
f 3354 3359 3358
f 3355 3356 3360
f 3355 3360 3359
f 3357 3358 3362
f 3357 3362 3361
f 3358 3359 3363
f 3358 3363 3362
f 3359 3360 3364
f 3359 3364 3363
f 3361 3362 3366
f 3361 3366 3365
f 3362 3363 3367
f 3362 3367 3366
f 3363 3364 3368
f 3363 3368 3367
f 3369 3370 3374
f 3369 3374 3373
f 3370 3371 3375
f 3370 3375 3374
f 3371 3372 3376
f 3371 3376 3375
f 3373 3374 3378
f 3373 3378 3377
f 3374 3375 3379
f 3374 3379 3378
f 3375 3376 3380
f 3375 3380 3379
f 3377 3378 3382
f 3377 3382 3381
f 3378 3379 3383
f 3378 3383 3382
f 3379 3380 3384
f 3379 3384 3383
g 적재 선반 기둥_3
v -6.0500 0.0000 3.6500
v -6.0500 1.0667 3.6500
v -6.0500 2.1333 3.6500
v -6.0500 3.2000 3.6500
v -6.0167 0.0000 3.6500
v -6.0167 1.0667 3.6500
v -6.0167 2.1333 3.6500
v -6.0167 3.2000 3.6500
v -5.9833 0.0000 3.6500
v -5.9833 1.0667 3.6500
v -5.9833 2.1333 3.6500
v -5.9833 3.2000 3.6500
v -5.9500 0.0000 3.6500
v -5.9500 1.0667 3.6500
v -5.9500 2.1333 3.6500
v -5.9500 3.2000 3.6500
v -5.9500 0.0000 3.5500
v -5.9500 1.0667 3.5500
v -5.9500 2.1333 3.5500
v -5.9500 3.2000 3.5500
v -5.9833 0.0000 3.5500
v -5.9833 1.0667 3.5500
v -5.9833 2.1333 3.5500
v -5.9833 3.2000 3.5500
v -6.0167 0.0000 3.5500
v -6.0167 1.0667 3.5500
v -6.0167 2.1333 3.5500
v -6.0167 3.2000 3.5500
v -6.0500 0.0000 3.5500
v -6.0500 1.0667 3.5500
v -6.0500 2.1333 3.5500
v -6.0500 3.2000 3.5500
v -6.0500 0.0000 3.5500
v -6.0500 1.0667 3.5500
v -6.0500 2.1333 3.5500
v -6.0500 3.2000 3.5500
v -6.0500 0.0000 3.5833
v -6.0500 1.0667 3.5833
v -6.0500 2.1333 3.5833
v -6.0500 3.2000 3.5833
v -6.0500 0.0000 3.6167
v -6.0500 1.0667 3.6167
v -6.0500 2.1333 3.6167
v -6.0500 3.2000 3.6167
v -6.0500 0.0000 3.6500
v -6.0500 1.0667 3.6500
v -6.0500 2.1333 3.6500
v -6.0500 3.2000 3.6500
v -5.9500 0.0000 3.6500
v -5.9500 1.0667 3.6500
v -5.9500 2.1333 3.6500
v -5.9500 3.2000 3.6500
v -5.9500 0.0000 3.6167
v -5.9500 1.0667 3.6167
v -5.9500 2.1333 3.6167
v -5.9500 3.2000 3.6167
v -5.9500 0.0000 3.5833
v -5.9500 1.0667 3.5833
v -5.9500 2.1333 3.5833
v -5.9500 3.2000 3.5833
v -5.9500 0.0000 3.5500
v -5.9500 1.0667 3.5500
v -5.9500 2.1333 3.5500
v -5.9500 3.2000 3.5500
v -6.0500 3.2000 3.5500
v -6.0500 3.2000 3.5833
v -6.0500 3.2000 3.6167
v -6.0500 3.2000 3.6500
v -6.0167 3.2000 3.5500
v -6.0167 3.2000 3.5833
v -6.0167 3.2000 3.6167
v -6.0167 3.2000 3.6500
v -5.9833 3.2000 3.5500
v -5.9833 3.2000 3.5833
v -5.9833 3.2000 3.6167
v -5.9833 3.2000 3.6500
v -5.9500 3.2000 3.5500
v -5.9500 3.2000 3.5833
v -5.9500 3.2000 3.6167
v -5.9500 3.2000 3.6500
v -6.0500 0.0000 3.6500
v -6.0500 0.0000 3.6167
v -6.0500 0.0000 3.5833
v -6.0500 0.0000 3.5500
v -6.0167 0.0000 3.6500
v -6.0167 0.0000 3.6167
v -6.0167 0.0000 3.5833
v -6.0167 0.0000 3.5500
v -5.9833 0.0000 3.6500
v -5.9833 0.0000 3.6167
v -5.9833 0.0000 3.5833
v -5.9833 0.0000 3.5500
v -5.9500 0.0000 3.6500
v -5.9500 0.0000 3.6167
v -5.9500 0.0000 3.5833
v -5.9500 0.0000 3.5500
f 3385 3386 3390
f 3385 3390 3389
f 3386 3387 3391
f 3386 3391 3390
f 3387 3388 3392
f 3387 3392 3391
f 3389 3390 3394
f 3389 3394 3393
f 3390 3391 3395
f 3390 3395 3394
f 3391 3392 3396
f 3391 3396 3395
f 3393 3394 3398
f 3393 3398 3397
f 3394 3395 3399
f 3394 3399 3398
f 3395 3396 3400
f 3395 3400 3399
f 3401 3402 3406
f 3401 3406 3405
f 3402 3403 3407
f 3402 3407 3406
f 3403 3404 3408
f 3403 3408 3407
f 3405 3406 3410
f 3405 3410 3409
f 3406 3407 3411
f 3406 3411 3410
f 3407 3408 3412
f 3407 3412 3411
f 3409 3410 3414
f 3409 3414 3413
f 3410 3411 3415
f 3410 3415 3414
f 3411 3412 3416
f 3411 3416 3415
f 3417 3418 3422
f 3417 3422 3421
f 3418 3419 3423
f 3418 3423 3422
f 3419 3420 3424
f 3419 3424 3423
f 3421 3422 3426
f 3421 3426 3425
f 3422 3423 3427
f 3422 3427 3426
f 3423 3424 3428
f 3423 3428 3427
f 3425 3426 3430
f 3425 3430 3429
f 3426 3427 3431
f 3426 3431 3430
f 3427 3428 3432
f 3427 3432 3431
f 3433 3434 3438
f 3433 3438 3437
f 3434 3435 3439
f 3434 3439 3438
f 3435 3436 3440
f 3435 3440 3439
f 3437 3438 3442
f 3437 3442 3441
f 3438 3439 3443
f 3438 3443 3442
f 3439 3440 3444
f 3439 3444 3443
f 3441 3442 3446
f 3441 3446 3445
f 3442 3443 3447
f 3442 3447 3446
f 3443 3444 3448
f 3443 3448 3447
f 3449 3450 3454
f 3449 3454 3453
f 3450 3451 3455
f 3450 3455 3454
f 3451 3452 3456
f 3451 3456 3455
f 3453 3454 3458
f 3453 3458 3457
f 3454 3455 3459
f 3454 3459 3458
f 3455 3456 3460
f 3455 3460 3459
f 3457 3458 3462
f 3457 3462 3461
f 3458 3459 3463
f 3458 3463 3462
f 3459 3460 3464
f 3459 3464 3463
f 3465 3466 3470
f 3465 3470 3469
f 3466 3467 3471
f 3466 3471 3470
f 3467 3468 3472
f 3467 3472 3471
f 3469 3470 3474
f 3469 3474 3473
f 3470 3471 3475
f 3470 3475 3474
f 3471 3472 3476
f 3471 3476 3475
f 3473 3474 3478
f 3473 3478 3477
f 3474 3475 3479
f 3474 3479 3478
f 3475 3476 3480
f 3475 3480 3479
g 적재 선반 기둥_4
v -3.6500 0.0000 -3.5500
v -3.6500 1.0667 -3.5500
v -3.6500 2.1333 -3.5500
v -3.6500 3.2000 -3.5500
v -3.6167 0.0000 -3.5500
v -3.6167 1.0667 -3.5500
v -3.6167 2.1333 -3.5500
v -3.6167 3.2000 -3.5500
v -3.5833 0.0000 -3.5500
v -3.5833 1.0667 -3.5500
v -3.5833 2.1333 -3.5500
v -3.5833 3.2000 -3.5500
v -3.5500 0.0000 -3.5500
v -3.5500 1.0667 -3.5500
v -3.5500 2.1333 -3.5500
v -3.5500 3.2000 -3.5500
v -3.5500 0.0000 -3.6500
v -3.5500 1.0667 -3.6500
v -3.5500 2.1333 -3.6500
v -3.5500 3.2000 -3.6500
v -3.5833 0.0000 -3.6500
v -3.5833 1.0667 -3.6500
v -3.5833 2.1333 -3.6500
v -3.5833 3.2000 -3.6500
v -3.6167 0.0000 -3.6500
v -3.6167 1.0667 -3.6500
v -3.6167 2.1333 -3.6500
v -3.6167 3.2000 -3.6500
v -3.6500 0.0000 -3.6500
v -3.6500 1.0667 -3.6500
v -3.6500 2.1333 -3.6500
v -3.6500 3.2000 -3.6500
v -3.6500 0.0000 -3.6500
v -3.6500 1.0667 -3.6500
v -3.6500 2.1333 -3.6500
v -3.6500 3.2000 -3.6500
v -3.6500 0.0000 -3.6167
v -3.6500 1.0667 -3.6167
v -3.6500 2.1333 -3.6167
v -3.6500 3.2000 -3.6167
v -3.6500 0.0000 -3.5833
v -3.6500 1.0667 -3.5833
v -3.6500 2.1333 -3.5833
v -3.6500 3.2000 -3.5833
v -3.6500 0.0000 -3.5500
v -3.6500 1.0667 -3.5500
v -3.6500 2.1333 -3.5500
v -3.6500 3.2000 -3.5500
v -3.5500 0.0000 -3.5500
v -3.5500 1.0667 -3.5500
v -3.5500 2.1333 -3.5500
v -3.5500 3.2000 -3.5500
v -3.5500 0.0000 -3.5833
v -3.5500 1.0667 -3.5833
v -3.5500 2.1333 -3.5833
v -3.5500 3.2000 -3.5833
v -3.5500 0.0000 -3.6167
v -3.5500 1.0667 -3.6167
v -3.5500 2.1333 -3.6167
v -3.5500 3.2000 -3.6167
v -3.5500 0.0000 -3.6500
v -3.5500 1.0667 -3.6500
v -3.5500 2.1333 -3.6500
v -3.5500 3.2000 -3.6500
v -3.6500 3.2000 -3.6500
v -3.6500 3.2000 -3.6167
v -3.6500 3.2000 -3.5833
v -3.6500 3.2000 -3.5500
v -3.6167 3.2000 -3.6500
v -3.6167 3.2000 -3.6167
v -3.6167 3.2000 -3.5833
v -3.6167 3.2000 -3.5500
v -3.5833 3.2000 -3.6500
v -3.5833 3.2000 -3.6167
v -3.5833 3.2000 -3.5833
v -3.5833 3.2000 -3.5500
v -3.5500 3.2000 -3.6500
v -3.5500 3.2000 -3.6167
v -3.5500 3.2000 -3.5833
v -3.5500 3.2000 -3.5500
v -3.6500 0.0000 -3.5500
v -3.6500 0.0000 -3.5833
v -3.6500 0.0000 -3.6167
v -3.6500 0.0000 -3.6500
v -3.6167 0.0000 -3.5500
v -3.6167 0.0000 -3.5833
v -3.6167 0.0000 -3.6167
v -3.6167 0.0000 -3.6500
v -3.5833 0.0000 -3.5500
v -3.5833 0.0000 -3.5833
v -3.5833 0.0000 -3.6167
v -3.5833 0.0000 -3.6500
v -3.5500 0.0000 -3.5500
v -3.5500 0.0000 -3.5833
v -3.5500 0.0000 -3.6167
v -3.5500 0.0000 -3.6500
f 3481 3482 3486
f 3481 3486 3485
f 3482 3483 3487
f 3482 3487 3486
f 3483 3484 3488
f 3483 3488 3487
f 3485 3486 3490
f 3485 3490 3489
f 3486 3487 3491
f 3486 3491 3490
f 3487 3488 3492
f 3487 3492 3491
f 3489 3490 3494
f 3489 3494 3493
f 3490 3491 3495
f 3490 3495 3494
f 3491 3492 3496
f 3491 3496 3495
f 3497 3498 3502
f 3497 3502 3501
f 3498 3499 3503
f 3498 3503 3502
f 3499 3500 3504
f 3499 3504 3503
f 3501 3502 3506
f 3501 3506 3505
f 3502 3503 3507
f 3502 3507 3506
f 3503 3504 3508
f 3503 3508 3507
f 3505 3506 3510
f 3505 3510 3509
f 3506 3507 3511
f 3506 3511 3510
f 3507 3508 3512
f 3507 3512 3511
f 3513 3514 3518
f 3513 3518 3517
f 3514 3515 3519
f 3514 3519 3518
f 3515 3516 3520
f 3515 3520 3519
f 3517 3518 3522
f 3517 3522 3521
f 3518 3519 3523
f 3518 3523 3522
f 3519 3520 3524
f 3519 3524 3523
f 3521 3522 3526
f 3521 3526 3525
f 3522 3523 3527
f 3522 3527 3526
f 3523 3524 3528
f 3523 3528 3527
f 3529 3530 3534
f 3529 3534 3533
f 3530 3531 3535
f 3530 3535 3534
f 3531 3532 3536
f 3531 3536 3535
f 3533 3534 3538
f 3533 3538 3537
f 3534 3535 3539
f 3534 3539 3538
f 3535 3536 3540
f 3535 3540 3539
f 3537 3538 3542
f 3537 3542 3541
f 3538 3539 3543
f 3538 3543 3542
f 3539 3540 3544
f 3539 3544 3543
f 3545 3546 3550
f 3545 3550 3549
f 3546 3547 3551
f 3546 3551 3550
f 3547 3548 3552
f 3547 3552 3551
f 3549 3550 3554
f 3549 3554 3553
f 3550 3551 3555
f 3550 3555 3554
f 3551 3552 3556
f 3551 3556 3555
f 3553 3554 3558
f 3553 3558 3557
f 3554 3555 3559
f 3554 3559 3558
f 3555 3556 3560
f 3555 3560 3559
f 3561 3562 3566
f 3561 3566 3565
f 3562 3563 3567
f 3562 3567 3566
f 3563 3564 3568
f 3563 3568 3567
f 3565 3566 3570
f 3565 3570 3569
f 3566 3567 3571
f 3566 3571 3570
f 3567 3568 3572
f 3567 3572 3571
f 3569 3570 3574
f 3569 3574 3573
f 3570 3571 3575
f 3570 3575 3574
f 3571 3572 3576
f 3571 3576 3575
g 적재 선반 기둥_5
v -3.6500 0.0000 -1.1500
v -3.6500 1.0667 -1.1500
v -3.6500 2.1333 -1.1500
v -3.6500 3.2000 -1.1500
v -3.6167 0.0000 -1.1500
v -3.6167 1.0667 -1.1500
v -3.6167 2.1333 -1.1500
v -3.6167 3.2000 -1.1500
v -3.5833 0.0000 -1.1500
v -3.5833 1.0667 -1.1500
v -3.5833 2.1333 -1.1500
v -3.5833 3.2000 -1.1500
v -3.5500 0.0000 -1.1500
v -3.5500 1.0667 -1.1500
v -3.5500 2.1333 -1.1500
v -3.5500 3.2000 -1.1500
v -3.5500 0.0000 -1.2500
v -3.5500 1.0667 -1.2500
v -3.5500 2.1333 -1.2500
v -3.5500 3.2000 -1.2500
v -3.5833 0.0000 -1.2500
v -3.5833 1.0667 -1.2500
v -3.5833 2.1333 -1.2500
v -3.5833 3.2000 -1.2500
v -3.6167 0.0000 -1.2500
v -3.6167 1.0667 -1.2500
v -3.6167 2.1333 -1.2500
v -3.6167 3.2000 -1.2500
v -3.6500 0.0000 -1.2500
v -3.6500 1.0667 -1.2500
v -3.6500 2.1333 -1.2500
v -3.6500 3.2000 -1.2500
v -3.6500 0.0000 -1.2500
v -3.6500 1.0667 -1.2500
v -3.6500 2.1333 -1.2500
v -3.6500 3.2000 -1.2500
v -3.6500 0.0000 -1.2167
v -3.6500 1.0667 -1.2167
v -3.6500 2.1333 -1.2167
v -3.6500 3.2000 -1.2167
v -3.6500 0.0000 -1.1833
v -3.6500 1.0667 -1.1833
v -3.6500 2.1333 -1.1833
v -3.6500 3.2000 -1.1833
v -3.6500 0.0000 -1.1500
v -3.6500 1.0667 -1.1500
v -3.6500 2.1333 -1.1500
v -3.6500 3.2000 -1.1500
v -3.5500 0.0000 -1.1500
v -3.5500 1.0667 -1.1500
v -3.5500 2.1333 -1.1500
v -3.5500 3.2000 -1.1500
v -3.5500 0.0000 -1.1833
v -3.5500 1.0667 -1.1833
v -3.5500 2.1333 -1.1833
v -3.5500 3.2000 -1.1833
v -3.5500 0.0000 -1.2167
v -3.5500 1.0667 -1.2167
v -3.5500 2.1333 -1.2167
v -3.5500 3.2000 -1.2167
v -3.5500 0.0000 -1.2500
v -3.5500 1.0667 -1.2500
v -3.5500 2.1333 -1.2500
v -3.5500 3.2000 -1.2500
v -3.6500 3.2000 -1.2500
v -3.6500 3.2000 -1.2167
v -3.6500 3.2000 -1.1833
v -3.6500 3.2000 -1.1500
v -3.6167 3.2000 -1.2500
v -3.6167 3.2000 -1.2167
v -3.6167 3.2000 -1.1833
v -3.6167 3.2000 -1.1500
v -3.5833 3.2000 -1.2500
v -3.5833 3.2000 -1.2167
v -3.5833 3.2000 -1.1833
v -3.5833 3.2000 -1.1500
v -3.5500 3.2000 -1.2500
v -3.5500 3.2000 -1.2167
v -3.5500 3.2000 -1.1833
v -3.5500 3.2000 -1.1500
v -3.6500 0.0000 -1.1500
v -3.6500 0.0000 -1.1833
v -3.6500 0.0000 -1.2167
v -3.6500 0.0000 -1.2500
v -3.6167 0.0000 -1.1500
v -3.6167 0.0000 -1.1833
v -3.6167 0.0000 -1.2167
v -3.6167 0.0000 -1.2500
v -3.5833 0.0000 -1.1500
v -3.5833 0.0000 -1.1833
v -3.5833 0.0000 -1.2167
v -3.5833 0.0000 -1.2500
v -3.5500 0.0000 -1.1500
v -3.5500 0.0000 -1.1833
v -3.5500 0.0000 -1.2167
v -3.5500 0.0000 -1.2500
f 3577 3578 3582
f 3577 3582 3581
f 3578 3579 3583
f 3578 3583 3582
f 3579 3580 3584
f 3579 3584 3583
f 3581 3582 3586
f 3581 3586 3585
f 3582 3583 3587
f 3582 3587 3586
f 3583 3584 3588
f 3583 3588 3587
f 3585 3586 3590
f 3585 3590 3589
f 3586 3587 3591
f 3586 3591 3590
f 3587 3588 3592
f 3587 3592 3591
f 3593 3594 3598
f 3593 3598 3597
f 3594 3595 3599
f 3594 3599 3598
f 3595 3596 3600
f 3595 3600 3599
f 3597 3598 3602
f 3597 3602 3601
f 3598 3599 3603
f 3598 3603 3602
f 3599 3600 3604
f 3599 3604 3603
f 3601 3602 3606
f 3601 3606 3605
f 3602 3603 3607
f 3602 3607 3606
f 3603 3604 3608
f 3603 3608 3607
f 3609 3610 3614
f 3609 3614 3613
f 3610 3611 3615
f 3610 3615 3614
f 3611 3612 3616
f 3611 3616 3615
f 3613 3614 3618
f 3613 3618 3617
f 3614 3615 3619
f 3614 3619 3618
f 3615 3616 3620
f 3615 3620 3619
f 3617 3618 3622
f 3617 3622 3621
f 3618 3619 3623
f 3618 3623 3622
f 3619 3620 3624
f 3619 3624 3623
f 3625 3626 3630
f 3625 3630 3629
f 3626 3627 3631
f 3626 3631 3630
f 3627 3628 3632
f 3627 3632 3631
f 3629 3630 3634
f 3629 3634 3633
f 3630 3631 3635
f 3630 3635 3634
f 3631 3632 3636
f 3631 3636 3635
f 3633 3634 3638
f 3633 3638 3637
f 3634 3635 3639
f 3634 3639 3638
f 3635 3636 3640
f 3635 3640 3639
f 3641 3642 3646
f 3641 3646 3645
f 3642 3643 3647
f 3642 3647 3646
f 3643 3644 3648
f 3643 3648 3647
f 3645 3646 3650
f 3645 3650 3649
f 3646 3647 3651
f 3646 3651 3650
f 3647 3648 3652
f 3647 3652 3651
f 3649 3650 3654
f 3649 3654 3653
f 3650 3651 3655
f 3650 3655 3654
f 3651 3652 3656
f 3651 3656 3655
f 3657 3658 3662
f 3657 3662 3661
f 3658 3659 3663
f 3658 3663 3662
f 3659 3660 3664
f 3659 3664 3663
f 3661 3662 3666
f 3661 3666 3665
f 3662 3663 3667
f 3662 3667 3666
f 3663 3664 3668
f 3663 3668 3667
f 3665 3666 3670
f 3665 3670 3669
f 3666 3667 3671
f 3666 3671 3670
f 3667 3668 3672
f 3667 3672 3671
g 적재 선반 기둥_6
v -3.6500 0.0000 1.2500
v -3.6500 1.0667 1.2500
v -3.6500 2.1333 1.2500
v -3.6500 3.2000 1.2500
v -3.6167 0.0000 1.2500
v -3.6167 1.0667 1.2500
v -3.6167 2.1333 1.2500
v -3.6167 3.2000 1.2500
v -3.5833 0.0000 1.2500
v -3.5833 1.0667 1.2500
v -3.5833 2.1333 1.2500
v -3.5833 3.2000 1.2500
v -3.5500 0.0000 1.2500
v -3.5500 1.0667 1.2500
v -3.5500 2.1333 1.2500
v -3.5500 3.2000 1.2500
v -3.5500 0.0000 1.1500
v -3.5500 1.0667 1.1500
v -3.5500 2.1333 1.1500
v -3.5500 3.2000 1.1500
v -3.5833 0.0000 1.1500
v -3.5833 1.0667 1.1500
v -3.5833 2.1333 1.1500
v -3.5833 3.2000 1.1500
v -3.6167 0.0000 1.1500
v -3.6167 1.0667 1.1500
v -3.6167 2.1333 1.1500
v -3.6167 3.2000 1.1500
v -3.6500 0.0000 1.1500
v -3.6500 1.0667 1.1500
v -3.6500 2.1333 1.1500
v -3.6500 3.2000 1.1500
v -3.6500 0.0000 1.1500
v -3.6500 1.0667 1.1500
v -3.6500 2.1333 1.1500
v -3.6500 3.2000 1.1500
v -3.6500 0.0000 1.1833
v -3.6500 1.0667 1.1833
v -3.6500 2.1333 1.1833
v -3.6500 3.2000 1.1833
v -3.6500 0.0000 1.2167
v -3.6500 1.0667 1.2167
v -3.6500 2.1333 1.2167
v -3.6500 3.2000 1.2167
v -3.6500 0.0000 1.2500
v -3.6500 1.0667 1.2500
v -3.6500 2.1333 1.2500
v -3.6500 3.2000 1.2500
v -3.5500 0.0000 1.2500
v -3.5500 1.0667 1.2500
v -3.5500 2.1333 1.2500
v -3.5500 3.2000 1.2500
v -3.5500 0.0000 1.2167
v -3.5500 1.0667 1.2167
v -3.5500 2.1333 1.2167
v -3.5500 3.2000 1.2167
v -3.5500 0.0000 1.1833
v -3.5500 1.0667 1.1833
v -3.5500 2.1333 1.1833
v -3.5500 3.2000 1.1833
v -3.5500 0.0000 1.1500
v -3.5500 1.0667 1.1500
v -3.5500 2.1333 1.1500
v -3.5500 3.2000 1.1500
v -3.6500 3.2000 1.1500
v -3.6500 3.2000 1.1833
v -3.6500 3.2000 1.2167
v -3.6500 3.2000 1.2500
v -3.6167 3.2000 1.1500
v -3.6167 3.2000 1.1833
v -3.6167 3.2000 1.2167
v -3.6167 3.2000 1.2500
v -3.5833 3.2000 1.1500
v -3.5833 3.2000 1.1833
v -3.5833 3.2000 1.2167
v -3.5833 3.2000 1.2500
v -3.5500 3.2000 1.1500
v -3.5500 3.2000 1.1833
v -3.5500 3.2000 1.2167
v -3.5500 3.2000 1.2500
v -3.6500 0.0000 1.2500
v -3.6500 0.0000 1.2167
v -3.6500 0.0000 1.1833
v -3.6500 0.0000 1.1500
v -3.6167 0.0000 1.2500
v -3.6167 0.0000 1.2167
v -3.6167 0.0000 1.1833
v -3.6167 0.0000 1.1500
v -3.5833 0.0000 1.2500
v -3.5833 0.0000 1.2167
v -3.5833 0.0000 1.1833
v -3.5833 0.0000 1.1500
v -3.5500 0.0000 1.2500
v -3.5500 0.0000 1.2167
v -3.5500 0.0000 1.1833
v -3.5500 0.0000 1.1500
f 3673 3674 3678
f 3673 3678 3677
f 3674 3675 3679
f 3674 3679 3678
f 3675 3676 3680
f 3675 3680 3679
f 3677 3678 3682
f 3677 3682 3681
f 3678 3679 3683
f 3678 3683 3682
f 3679 3680 3684
f 3679 3684 3683
f 3681 3682 3686
f 3681 3686 3685
f 3682 3683 3687
f 3682 3687 3686
f 3683 3684 3688
f 3683 3688 3687
f 3689 3690 3694
f 3689 3694 3693
f 3690 3691 3695
f 3690 3695 3694
f 3691 3692 3696
f 3691 3696 3695
f 3693 3694 3698
f 3693 3698 3697
f 3694 3695 3699
f 3694 3699 3698
f 3695 3696 3700
f 3695 3700 3699
f 3697 3698 3702
f 3697 3702 3701
f 3698 3699 3703
f 3698 3703 3702
f 3699 3700 3704
f 3699 3704 3703
f 3705 3706 3710
f 3705 3710 3709
f 3706 3707 3711
f 3706 3711 3710
f 3707 3708 3712
f 3707 3712 3711
f 3709 3710 3714
f 3709 3714 3713
f 3710 3711 3715
f 3710 3715 3714
f 3711 3712 3716
f 3711 3716 3715
f 3713 3714 3718
f 3713 3718 3717
f 3714 3715 3719
f 3714 3719 3718
f 3715 3716 3720
f 3715 3720 3719
f 3721 3722 3726
f 3721 3726 3725
f 3722 3723 3727
f 3722 3727 3726
f 3723 3724 3728
f 3723 3728 3727
f 3725 3726 3730
f 3725 3730 3729
f 3726 3727 3731
f 3726 3731 3730
f 3727 3728 3732
f 3727 3732 3731
f 3729 3730 3734
f 3729 3734 3733
f 3730 3731 3735
f 3730 3735 3734
f 3731 3732 3736
f 3731 3736 3735
f 3737 3738 3742
f 3737 3742 3741
f 3738 3739 3743
f 3738 3743 3742
f 3739 3740 3744
f 3739 3744 3743
f 3741 3742 3746
f 3741 3746 3745
f 3742 3743 3747
f 3742 3747 3746
f 3743 3744 3748
f 3743 3748 3747
f 3745 3746 3750
f 3745 3750 3749
f 3746 3747 3751
f 3746 3751 3750
f 3747 3748 3752
f 3747 3752 3751
f 3753 3754 3758
f 3753 3758 3757
f 3754 3755 3759
f 3754 3759 3758
f 3755 3756 3760
f 3755 3760 3759
f 3757 3758 3762
f 3757 3762 3761
f 3758 3759 3763
f 3758 3763 3762
f 3759 3760 3764
f 3759 3764 3763
f 3761 3762 3766
f 3761 3766 3765
f 3762 3763 3767
f 3762 3767 3766
f 3763 3764 3768
f 3763 3768 3767
g 적재 선반 기둥_7
v -3.6500 0.0000 3.6500
v -3.6500 1.0667 3.6500
v -3.6500 2.1333 3.6500
v -3.6500 3.2000 3.6500
v -3.6167 0.0000 3.6500
v -3.6167 1.0667 3.6500
v -3.6167 2.1333 3.6500
v -3.6167 3.2000 3.6500
v -3.5833 0.0000 3.6500
v -3.5833 1.0667 3.6500
v -3.5833 2.1333 3.6500
v -3.5833 3.2000 3.6500
v -3.5500 0.0000 3.6500
v -3.5500 1.0667 3.6500
v -3.5500 2.1333 3.6500
v -3.5500 3.2000 3.6500
v -3.5500 0.0000 3.5500
v -3.5500 1.0667 3.5500
v -3.5500 2.1333 3.5500
v -3.5500 3.2000 3.5500
v -3.5833 0.0000 3.5500
v -3.5833 1.0667 3.5500
v -3.5833 2.1333 3.5500
v -3.5833 3.2000 3.5500
v -3.6167 0.0000 3.5500
v -3.6167 1.0667 3.5500
v -3.6167 2.1333 3.5500
v -3.6167 3.2000 3.5500
v -3.6500 0.0000 3.5500
v -3.6500 1.0667 3.5500
v -3.6500 2.1333 3.5500
v -3.6500 3.2000 3.5500
v -3.6500 0.0000 3.5500
v -3.6500 1.0667 3.5500
v -3.6500 2.1333 3.5500
v -3.6500 3.2000 3.5500
v -3.6500 0.0000 3.5833
v -3.6500 1.0667 3.5833
v -3.6500 2.1333 3.5833
v -3.6500 3.2000 3.5833
v -3.6500 0.0000 3.6167
v -3.6500 1.0667 3.6167
v -3.6500 2.1333 3.6167
v -3.6500 3.2000 3.6167
v -3.6500 0.0000 3.6500
v -3.6500 1.0667 3.6500
v -3.6500 2.1333 3.6500
v -3.6500 3.2000 3.6500
v -3.5500 0.0000 3.6500
v -3.5500 1.0667 3.6500
v -3.5500 2.1333 3.6500
v -3.5500 3.2000 3.6500
v -3.5500 0.0000 3.6167
v -3.5500 1.0667 3.6167
v -3.5500 2.1333 3.6167
v -3.5500 3.2000 3.6167
v -3.5500 0.0000 3.5833
v -3.5500 1.0667 3.5833
v -3.5500 2.1333 3.5833
v -3.5500 3.2000 3.5833
v -3.5500 0.0000 3.5500
v -3.5500 1.0667 3.5500
v -3.5500 2.1333 3.5500
v -3.5500 3.2000 3.5500
v -3.6500 3.2000 3.5500
v -3.6500 3.2000 3.5833
v -3.6500 3.2000 3.6167
v -3.6500 3.2000 3.6500
v -3.6167 3.2000 3.5500
v -3.6167 3.2000 3.5833
v -3.6167 3.2000 3.6167
v -3.6167 3.2000 3.6500
v -3.5833 3.2000 3.5500
v -3.5833 3.2000 3.5833
v -3.5833 3.2000 3.6167
v -3.5833 3.2000 3.6500
v -3.5500 3.2000 3.5500
v -3.5500 3.2000 3.5833
v -3.5500 3.2000 3.6167
v -3.5500 3.2000 3.6500
v -3.6500 0.0000 3.6500
v -3.6500 0.0000 3.6167
v -3.6500 0.0000 3.5833
v -3.6500 0.0000 3.5500
v -3.6167 0.0000 3.6500
v -3.6167 0.0000 3.6167
v -3.6167 0.0000 3.5833
v -3.6167 0.0000 3.5500
v -3.5833 0.0000 3.6500
v -3.5833 0.0000 3.6167
v -3.5833 0.0000 3.5833
v -3.5833 0.0000 3.5500
v -3.5500 0.0000 3.6500
v -3.5500 0.0000 3.6167
v -3.5500 0.0000 3.5833
v -3.5500 0.0000 3.5500
f 3769 3770 3774
f 3769 3774 3773
f 3770 3771 3775
f 3770 3775 3774
f 3771 3772 3776
f 3771 3776 3775
f 3773 3774 3778
f 3773 3778 3777
f 3774 3775 3779
f 3774 3779 3778
f 3775 3776 3780
f 3775 3780 3779
f 3777 3778 3782
f 3777 3782 3781
f 3778 3779 3783
f 3778 3783 3782
f 3779 3780 3784
f 3779 3784 3783
f 3785 3786 3790
f 3785 3790 3789
f 3786 3787 3791
f 3786 3791 3790
f 3787 3788 3792
f 3787 3792 3791
f 3789 3790 3794
f 3789 3794 3793
f 3790 3791 3795
f 3790 3795 3794
f 3791 3792 3796
f 3791 3796 3795
f 3793 3794 3798
f 3793 3798 3797
f 3794 3795 3799
f 3794 3799 3798
f 3795 3796 3800
f 3795 3800 3799
f 3801 3802 3806
f 3801 3806 3805
f 3802 3803 3807
f 3802 3807 3806
f 3803 3804 3808
f 3803 3808 3807
f 3805 3806 3810
f 3805 3810 3809
f 3806 3807 3811
f 3806 3811 3810
f 3807 3808 3812
f 3807 3812 3811
f 3809 3810 3814
f 3809 3814 3813
f 3810 3811 3815
f 3810 3815 3814
f 3811 3812 3816
f 3811 3816 3815
f 3817 3818 3822
f 3817 3822 3821
f 3818 3819 3823
f 3818 3823 3822
f 3819 3820 3824
f 3819 3824 3823
f 3821 3822 3826
f 3821 3826 3825
f 3822 3823 3827
f 3822 3827 3826
f 3823 3824 3828
f 3823 3828 3827
f 3825 3826 3830
f 3825 3830 3829
f 3826 3827 3831
f 3826 3831 3830
f 3827 3828 3832
f 3827 3832 3831
f 3833 3834 3838
f 3833 3838 3837
f 3834 3835 3839
f 3834 3839 3838
f 3835 3836 3840
f 3835 3840 3839
f 3837 3838 3842
f 3837 3842 3841
f 3838 3839 3843
f 3838 3843 3842
f 3839 3840 3844
f 3839 3844 3843
f 3841 3842 3846
f 3841 3846 3845
f 3842 3843 3847
f 3842 3847 3846
f 3843 3844 3848
f 3843 3848 3847
f 3849 3850 3854
f 3849 3854 3853
f 3850 3851 3855
f 3850 3855 3854
f 3851 3852 3856
f 3851 3856 3855
f 3853 3854 3858
f 3853 3858 3857
f 3854 3855 3859
f 3854 3859 3858
f 3855 3856 3860
f 3855 3860 3859
f 3857 3858 3862
f 3857 3862 3861
f 3858 3859 3863
f 3858 3863 3862
f 3859 3860 3864
f 3859 3864 3863
g 적재 선반 기둥_8
v -1.2500 0.0000 -3.5500
v -1.2500 1.0667 -3.5500
v -1.2500 2.1333 -3.5500
v -1.2500 3.2000 -3.5500
v -1.2167 0.0000 -3.5500
v -1.2167 1.0667 -3.5500
v -1.2167 2.1333 -3.5500
v -1.2167 3.2000 -3.5500
v -1.1833 0.0000 -3.5500
v -1.1833 1.0667 -3.5500
v -1.1833 2.1333 -3.5500
v -1.1833 3.2000 -3.5500
v -1.1500 0.0000 -3.5500
v -1.1500 1.0667 -3.5500
v -1.1500 2.1333 -3.5500
v -1.1500 3.2000 -3.5500
v -1.1500 0.0000 -3.6500
v -1.1500 1.0667 -3.6500
v -1.1500 2.1333 -3.6500
v -1.1500 3.2000 -3.6500
v -1.1833 0.0000 -3.6500
v -1.1833 1.0667 -3.6500
v -1.1833 2.1333 -3.6500
v -1.1833 3.2000 -3.6500
v -1.2167 0.0000 -3.6500
v -1.2167 1.0667 -3.6500
v -1.2167 2.1333 -3.6500
v -1.2167 3.2000 -3.6500
v -1.2500 0.0000 -3.6500
v -1.2500 1.0667 -3.6500
v -1.2500 2.1333 -3.6500
v -1.2500 3.2000 -3.6500
v -1.2500 0.0000 -3.6500
v -1.2500 1.0667 -3.6500
v -1.2500 2.1333 -3.6500
v -1.2500 3.2000 -3.6500
v -1.2500 0.0000 -3.6167
v -1.2500 1.0667 -3.6167
v -1.2500 2.1333 -3.6167
v -1.2500 3.2000 -3.6167
v -1.2500 0.0000 -3.5833
v -1.2500 1.0667 -3.5833
v -1.2500 2.1333 -3.5833
v -1.2500 3.2000 -3.5833
v -1.2500 0.0000 -3.5500
v -1.2500 1.0667 -3.5500
v -1.2500 2.1333 -3.5500
v -1.2500 3.2000 -3.5500
v -1.1500 0.0000 -3.5500
v -1.1500 1.0667 -3.5500
v -1.1500 2.1333 -3.5500
v -1.1500 3.2000 -3.5500
v -1.1500 0.0000 -3.5833
v -1.1500 1.0667 -3.5833
v -1.1500 2.1333 -3.5833
v -1.1500 3.2000 -3.5833
v -1.1500 0.0000 -3.6167
v -1.1500 1.0667 -3.6167
v -1.1500 2.1333 -3.6167
v -1.1500 3.2000 -3.6167
v -1.1500 0.0000 -3.6500
v -1.1500 1.0667 -3.6500
v -1.1500 2.1333 -3.6500
v -1.1500 3.2000 -3.6500
v -1.2500 3.2000 -3.6500
v -1.2500 3.2000 -3.6167
v -1.2500 3.2000 -3.5833
v -1.2500 3.2000 -3.5500
v -1.2167 3.2000 -3.6500
v -1.2167 3.2000 -3.6167
v -1.2167 3.2000 -3.5833
v -1.2167 3.2000 -3.5500
v -1.1833 3.2000 -3.6500
v -1.1833 3.2000 -3.6167
v -1.1833 3.2000 -3.5833
v -1.1833 3.2000 -3.5500
v -1.1500 3.2000 -3.6500
v -1.1500 3.2000 -3.6167
v -1.1500 3.2000 -3.5833
v -1.1500 3.2000 -3.5500
v -1.2500 0.0000 -3.5500
v -1.2500 0.0000 -3.5833
v -1.2500 0.0000 -3.6167
v -1.2500 0.0000 -3.6500
v -1.2167 0.0000 -3.5500
v -1.2167 0.0000 -3.5833
v -1.2167 0.0000 -3.6167
v -1.2167 0.0000 -3.6500
v -1.1833 0.0000 -3.5500
v -1.1833 0.0000 -3.5833
v -1.1833 0.0000 -3.6167
v -1.1833 0.0000 -3.6500
v -1.1500 0.0000 -3.5500
v -1.1500 0.0000 -3.5833
v -1.1500 0.0000 -3.6167
v -1.1500 0.0000 -3.6500
f 3865 3866 3870
f 3865 3870 3869
f 3866 3867 3871
f 3866 3871 3870
f 3867 3868 3872
f 3867 3872 3871
f 3869 3870 3874
f 3869 3874 3873
f 3870 3871 3875
f 3870 3875 3874
f 3871 3872 3876
f 3871 3876 3875
f 3873 3874 3878
f 3873 3878 3877
f 3874 3875 3879
f 3874 3879 3878
f 3875 3876 3880
f 3875 3880 3879
f 3881 3882 3886
f 3881 3886 3885
f 3882 3883 3887
f 3882 3887 3886
f 3883 3884 3888
f 3883 3888 3887
f 3885 3886 3890
f 3885 3890 3889
f 3886 3887 3891
f 3886 3891 3890
f 3887 3888 3892
f 3887 3892 3891
f 3889 3890 3894
f 3889 3894 3893
f 3890 3891 3895
f 3890 3895 3894
f 3891 3892 3896
f 3891 3896 3895
f 3897 3898 3902
f 3897 3902 3901
f 3898 3899 3903
f 3898 3903 3902
f 3899 3900 3904
f 3899 3904 3903
f 3901 3902 3906
f 3901 3906 3905
f 3902 3903 3907
f 3902 3907 3906
f 3903 3904 3908
f 3903 3908 3907
f 3905 3906 3910
f 3905 3910 3909
f 3906 3907 3911
f 3906 3911 3910
f 3907 3908 3912
f 3907 3912 3911
f 3913 3914 3918
f 3913 3918 3917
f 3914 3915 3919
f 3914 3919 3918
f 3915 3916 3920
f 3915 3920 3919
f 3917 3918 3922
f 3917 3922 3921
f 3918 3919 3923
f 3918 3923 3922
f 3919 3920 3924
f 3919 3924 3923
f 3921 3922 3926
f 3921 3926 3925
f 3922 3923 3927
f 3922 3927 3926
f 3923 3924 3928
f 3923 3928 3927
f 3929 3930 3934
f 3929 3934 3933
f 3930 3931 3935
f 3930 3935 3934
f 3931 3932 3936
f 3931 3936 3935
f 3933 3934 3938
f 3933 3938 3937
f 3934 3935 3939
f 3934 3939 3938
f 3935 3936 3940
f 3935 3940 3939
f 3937 3938 3942
f 3937 3942 3941
f 3938 3939 3943
f 3938 3943 3942
f 3939 3940 3944
f 3939 3944 3943
f 3945 3946 3950
f 3945 3950 3949
f 3946 3947 3951
f 3946 3951 3950
f 3947 3948 3952
f 3947 3952 3951
f 3949 3950 3954
f 3949 3954 3953
f 3950 3951 3955
f 3950 3955 3954
f 3951 3952 3956
f 3951 3956 3955
f 3953 3954 3958
f 3953 3958 3957
f 3954 3955 3959
f 3954 3959 3958
f 3955 3956 3960
f 3955 3960 3959
g 적재 선반 기둥_9
v -1.2500 0.0000 -1.1500
v -1.2500 1.0667 -1.1500
v -1.2500 2.1333 -1.1500
v -1.2500 3.2000 -1.1500
v -1.2167 0.0000 -1.1500
v -1.2167 1.0667 -1.1500
v -1.2167 2.1333 -1.1500
v -1.2167 3.2000 -1.1500
v -1.1833 0.0000 -1.1500
v -1.1833 1.0667 -1.1500
v -1.1833 2.1333 -1.1500
v -1.1833 3.2000 -1.1500
v -1.1500 0.0000 -1.1500
v -1.1500 1.0667 -1.1500
v -1.1500 2.1333 -1.1500
v -1.1500 3.2000 -1.1500
v -1.1500 0.0000 -1.2500
v -1.1500 1.0667 -1.2500
v -1.1500 2.1333 -1.2500
v -1.1500 3.2000 -1.2500
v -1.1833 0.0000 -1.2500
v -1.1833 1.0667 -1.2500
v -1.1833 2.1333 -1.2500
v -1.1833 3.2000 -1.2500
v -1.2167 0.0000 -1.2500
v -1.2167 1.0667 -1.2500
v -1.2167 2.1333 -1.2500
v -1.2167 3.2000 -1.2500
v -1.2500 0.0000 -1.2500
v -1.2500 1.0667 -1.2500
v -1.2500 2.1333 -1.2500
v -1.2500 3.2000 -1.2500
v -1.2500 0.0000 -1.2500
v -1.2500 1.0667 -1.2500
v -1.2500 2.1333 -1.2500
v -1.2500 3.2000 -1.2500
v -1.2500 0.0000 -1.2167
v -1.2500 1.0667 -1.2167
v -1.2500 2.1333 -1.2167
v -1.2500 3.2000 -1.2167
v -1.2500 0.0000 -1.1833
v -1.2500 1.0667 -1.1833
v -1.2500 2.1333 -1.1833
v -1.2500 3.2000 -1.1833
v -1.2500 0.0000 -1.1500
v -1.2500 1.0667 -1.1500
v -1.2500 2.1333 -1.1500
v -1.2500 3.2000 -1.1500
v -1.1500 0.0000 -1.1500
v -1.1500 1.0667 -1.1500
v -1.1500 2.1333 -1.1500
v -1.1500 3.2000 -1.1500
v -1.1500 0.0000 -1.1833
v -1.1500 1.0667 -1.1833
v -1.1500 2.1333 -1.1833
v -1.1500 3.2000 -1.1833
v -1.1500 0.0000 -1.2167
v -1.1500 1.0667 -1.2167
v -1.1500 2.1333 -1.2167
v -1.1500 3.2000 -1.2167
v -1.1500 0.0000 -1.2500
v -1.1500 1.0667 -1.2500
v -1.1500 2.1333 -1.2500
v -1.1500 3.2000 -1.2500
v -1.2500 3.2000 -1.2500
v -1.2500 3.2000 -1.2167
v -1.2500 3.2000 -1.1833
v -1.2500 3.2000 -1.1500
v -1.2167 3.2000 -1.2500
v -1.2167 3.2000 -1.2167
v -1.2167 3.2000 -1.1833
v -1.2167 3.2000 -1.1500
v -1.1833 3.2000 -1.2500
v -1.1833 3.2000 -1.2167
v -1.1833 3.2000 -1.1833
v -1.1833 3.2000 -1.1500
v -1.1500 3.2000 -1.2500
v -1.1500 3.2000 -1.2167
v -1.1500 3.2000 -1.1833
v -1.1500 3.2000 -1.1500
v -1.2500 0.0000 -1.1500
v -1.2500 0.0000 -1.1833
v -1.2500 0.0000 -1.2167
v -1.2500 0.0000 -1.2500
v -1.2167 0.0000 -1.1500
v -1.2167 0.0000 -1.1833
v -1.2167 0.0000 -1.2167
v -1.2167 0.0000 -1.2500
v -1.1833 0.0000 -1.1500
v -1.1833 0.0000 -1.1833
v -1.1833 0.0000 -1.2167
v -1.1833 0.0000 -1.2500
v -1.1500 0.0000 -1.1500
v -1.1500 0.0000 -1.1833
v -1.1500 0.0000 -1.2167
v -1.1500 0.0000 -1.2500
f 3961 3962 3966
f 3961 3966 3965
f 3962 3963 3967
f 3962 3967 3966
f 3963 3964 3968
f 3963 3968 3967
f 3965 3966 3970
f 3965 3970 3969
f 3966 3967 3971
f 3966 3971 3970
f 3967 3968 3972
f 3967 3972 3971
f 3969 3970 3974
f 3969 3974 3973
f 3970 3971 3975
f 3970 3975 3974
f 3971 3972 3976
f 3971 3976 3975
f 3977 3978 3982
f 3977 3982 3981
f 3978 3979 3983
f 3978 3983 3982
f 3979 3980 3984
f 3979 3984 3983
f 3981 3982 3986
f 3981 3986 3985
f 3982 3983 3987
f 3982 3987 3986
f 3983 3984 3988
f 3983 3988 3987
f 3985 3986 3990
f 3985 3990 3989
f 3986 3987 3991
f 3986 3991 3990
f 3987 3988 3992
f 3987 3992 3991
f 3993 3994 3998
f 3993 3998 3997
f 3994 3995 3999
f 3994 3999 3998
f 3995 3996 4000
f 3995 4000 3999
f 3997 3998 4002
f 3997 4002 4001
f 3998 3999 4003
f 3998 4003 4002
f 3999 4000 4004
f 3999 4004 4003
f 4001 4002 4006
f 4001 4006 4005
f 4002 4003 4007
f 4002 4007 4006
f 4003 4004 4008
f 4003 4008 4007
f 4009 4010 4014
f 4009 4014 4013
f 4010 4011 4015
f 4010 4015 4014
f 4011 4012 4016
f 4011 4016 4015
f 4013 4014 4018
f 4013 4018 4017
f 4014 4015 4019
f 4014 4019 4018
f 4015 4016 4020
f 4015 4020 4019
f 4017 4018 4022
f 4017 4022 4021
f 4018 4019 4023
f 4018 4023 4022
f 4019 4020 4024
f 4019 4024 4023
f 4025 4026 4030
f 4025 4030 4029
f 4026 4027 4031
f 4026 4031 4030
f 4027 4028 4032
f 4027 4032 4031
f 4029 4030 4034
f 4029 4034 4033
f 4030 4031 4035
f 4030 4035 4034
f 4031 4032 4036
f 4031 4036 4035
f 4033 4034 4038
f 4033 4038 4037
f 4034 4035 4039
f 4034 4039 4038
f 4035 4036 4040
f 4035 4040 4039
f 4041 4042 4046
f 4041 4046 4045
f 4042 4043 4047
f 4042 4047 4046
f 4043 4044 4048
f 4043 4048 4047
f 4045 4046 4050
f 4045 4050 4049
f 4046 4047 4051
f 4046 4051 4050
f 4047 4048 4052
f 4047 4052 4051
f 4049 4050 4054
f 4049 4054 4053
f 4050 4051 4055
f 4050 4055 4054
f 4051 4052 4056
f 4051 4056 4055
g 적재 선반 기둥_10
v -1.2500 0.0000 1.2500
v -1.2500 1.0667 1.2500
v -1.2500 2.1333 1.2500
v -1.2500 3.2000 1.2500
v -1.2167 0.0000 1.2500
v -1.2167 1.0667 1.2500
v -1.2167 2.1333 1.2500
v -1.2167 3.2000 1.2500
v -1.1833 0.0000 1.2500
v -1.1833 1.0667 1.2500
v -1.1833 2.1333 1.2500
v -1.1833 3.2000 1.2500
v -1.1500 0.0000 1.2500
v -1.1500 1.0667 1.2500
v -1.1500 2.1333 1.2500
v -1.1500 3.2000 1.2500
v -1.1500 0.0000 1.1500
v -1.1500 1.0667 1.1500
v -1.1500 2.1333 1.1500
v -1.1500 3.2000 1.1500
v -1.1833 0.0000 1.1500
v -1.1833 1.0667 1.1500
v -1.1833 2.1333 1.1500
v -1.1833 3.2000 1.1500
v -1.2167 0.0000 1.1500
v -1.2167 1.0667 1.1500
v -1.2167 2.1333 1.1500
v -1.2167 3.2000 1.1500
v -1.2500 0.0000 1.1500
v -1.2500 1.0667 1.1500
v -1.2500 2.1333 1.1500
v -1.2500 3.2000 1.1500
v -1.2500 0.0000 1.1500
v -1.2500 1.0667 1.1500
v -1.2500 2.1333 1.1500
v -1.2500 3.2000 1.1500
v -1.2500 0.0000 1.1833
v -1.2500 1.0667 1.1833
v -1.2500 2.1333 1.1833
v -1.2500 3.2000 1.1833
v -1.2500 0.0000 1.2167
v -1.2500 1.0667 1.2167
v -1.2500 2.1333 1.2167
v -1.2500 3.2000 1.2167
v -1.2500 0.0000 1.2500
v -1.2500 1.0667 1.2500
v -1.2500 2.1333 1.2500
v -1.2500 3.2000 1.2500
v -1.1500 0.0000 1.2500
v -1.1500 1.0667 1.2500
v -1.1500 2.1333 1.2500
v -1.1500 3.2000 1.2500
v -1.1500 0.0000 1.2167
v -1.1500 1.0667 1.2167
v -1.1500 2.1333 1.2167
v -1.1500 3.2000 1.2167
v -1.1500 0.0000 1.1833
v -1.1500 1.0667 1.1833
v -1.1500 2.1333 1.1833
v -1.1500 3.2000 1.1833
v -1.1500 0.0000 1.1500
v -1.1500 1.0667 1.1500
v -1.1500 2.1333 1.1500
v -1.1500 3.2000 1.1500
v -1.2500 3.2000 1.1500
v -1.2500 3.2000 1.1833
v -1.2500 3.2000 1.2167
v -1.2500 3.2000 1.2500
v -1.2167 3.2000 1.1500
v -1.2167 3.2000 1.1833
v -1.2167 3.2000 1.2167
v -1.2167 3.2000 1.2500
v -1.1833 3.2000 1.1500
v -1.1833 3.2000 1.1833
v -1.1833 3.2000 1.2167
v -1.1833 3.2000 1.2500
v -1.1500 3.2000 1.1500
v -1.1500 3.2000 1.1833
v -1.1500 3.2000 1.2167
v -1.1500 3.2000 1.2500
v -1.2500 0.0000 1.2500
v -1.2500 0.0000 1.2167
v -1.2500 0.0000 1.1833
v -1.2500 0.0000 1.1500
v -1.2167 0.0000 1.2500
v -1.2167 0.0000 1.2167
v -1.2167 0.0000 1.1833
v -1.2167 0.0000 1.1500
v -1.1833 0.0000 1.2500
v -1.1833 0.0000 1.2167
v -1.1833 0.0000 1.1833
v -1.1833 0.0000 1.1500
v -1.1500 0.0000 1.2500
v -1.1500 0.0000 1.2167
v -1.1500 0.0000 1.1833
v -1.1500 0.0000 1.1500
f 4057 4058 4062
f 4057 4062 4061
f 4058 4059 4063
f 4058 4063 4062
f 4059 4060 4064
f 4059 4064 4063
f 4061 4062 4066
f 4061 4066 4065
f 4062 4063 4067
f 4062 4067 4066
f 4063 4064 4068
f 4063 4068 4067
f 4065 4066 4070
f 4065 4070 4069
f 4066 4067 4071
f 4066 4071 4070
f 4067 4068 4072
f 4067 4072 4071
f 4073 4074 4078
f 4073 4078 4077
f 4074 4075 4079
f 4074 4079 4078
f 4075 4076 4080
f 4075 4080 4079
f 4077 4078 4082
f 4077 4082 4081
f 4078 4079 4083
f 4078 4083 4082
f 4079 4080 4084
f 4079 4084 4083
f 4081 4082 4086
f 4081 4086 4085
f 4082 4083 4087
f 4082 4087 4086
f 4083 4084 4088
f 4083 4088 4087
f 4089 4090 4094
f 4089 4094 4093
f 4090 4091 4095
f 4090 4095 4094
f 4091 4092 4096
f 4091 4096 4095
f 4093 4094 4098
f 4093 4098 4097
f 4094 4095 4099
f 4094 4099 4098
f 4095 4096 4100
f 4095 4100 4099
f 4097 4098 4102
f 4097 4102 4101
f 4098 4099 4103
f 4098 4103 4102
f 4099 4100 4104
f 4099 4104 4103
f 4105 4106 4110
f 4105 4110 4109
f 4106 4107 4111
f 4106 4111 4110
f 4107 4108 4112
f 4107 4112 4111
f 4109 4110 4114
f 4109 4114 4113
f 4110 4111 4115
f 4110 4115 4114
f 4111 4112 4116
f 4111 4116 4115
f 4113 4114 4118
f 4113 4118 4117
f 4114 4115 4119
f 4114 4119 4118
f 4115 4116 4120
f 4115 4120 4119
f 4121 4122 4126
f 4121 4126 4125
f 4122 4123 4127
f 4122 4127 4126
f 4123 4124 4128
f 4123 4128 4127
f 4125 4126 4130
f 4125 4130 4129
f 4126 4127 4131
f 4126 4131 4130
f 4127 4128 4132
f 4127 4132 4131
f 4129 4130 4134
f 4129 4134 4133
f 4130 4131 4135
f 4130 4135 4134
f 4131 4132 4136
f 4131 4136 4135
f 4137 4138 4142
f 4137 4142 4141
f 4138 4139 4143
f 4138 4143 4142
f 4139 4140 4144
f 4139 4144 4143
f 4141 4142 4146
f 4141 4146 4145
f 4142 4143 4147
f 4142 4147 4146
f 4143 4144 4148
f 4143 4148 4147
f 4145 4146 4150
f 4145 4150 4149
f 4146 4147 4151
f 4146 4151 4150
f 4147 4148 4152
f 4147 4152 4151
g 적재 선반 기둥_11
v -1.2500 0.0000 3.6500
v -1.2500 1.0667 3.6500
v -1.2500 2.1333 3.6500
v -1.2500 3.2000 3.6500
v -1.2167 0.0000 3.6500
v -1.2167 1.0667 3.6500
v -1.2167 2.1333 3.6500
v -1.2167 3.2000 3.6500
v -1.1833 0.0000 3.6500
v -1.1833 1.0667 3.6500
v -1.1833 2.1333 3.6500
v -1.1833 3.2000 3.6500
v -1.1500 0.0000 3.6500
v -1.1500 1.0667 3.6500
v -1.1500 2.1333 3.6500
v -1.1500 3.2000 3.6500
v -1.1500 0.0000 3.5500
v -1.1500 1.0667 3.5500
v -1.1500 2.1333 3.5500
v -1.1500 3.2000 3.5500
v -1.1833 0.0000 3.5500
v -1.1833 1.0667 3.5500
v -1.1833 2.1333 3.5500
v -1.1833 3.2000 3.5500
v -1.2167 0.0000 3.5500
v -1.2167 1.0667 3.5500
v -1.2167 2.1333 3.5500
v -1.2167 3.2000 3.5500
v -1.2500 0.0000 3.5500
v -1.2500 1.0667 3.5500
v -1.2500 2.1333 3.5500
v -1.2500 3.2000 3.5500
v -1.2500 0.0000 3.5500
v -1.2500 1.0667 3.5500
v -1.2500 2.1333 3.5500
v -1.2500 3.2000 3.5500
v -1.2500 0.0000 3.5833
v -1.2500 1.0667 3.5833
v -1.2500 2.1333 3.5833
v -1.2500 3.2000 3.5833
v -1.2500 0.0000 3.6167
v -1.2500 1.0667 3.6167
v -1.2500 2.1333 3.6167
v -1.2500 3.2000 3.6167
v -1.2500 0.0000 3.6500
v -1.2500 1.0667 3.6500
v -1.2500 2.1333 3.6500
v -1.2500 3.2000 3.6500
v -1.1500 0.0000 3.6500
v -1.1500 1.0667 3.6500
v -1.1500 2.1333 3.6500
v -1.1500 3.2000 3.6500
v -1.1500 0.0000 3.6167
v -1.1500 1.0667 3.6167
v -1.1500 2.1333 3.6167
v -1.1500 3.2000 3.6167
v -1.1500 0.0000 3.5833
v -1.1500 1.0667 3.5833
v -1.1500 2.1333 3.5833
v -1.1500 3.2000 3.5833
v -1.1500 0.0000 3.5500
v -1.1500 1.0667 3.5500
v -1.1500 2.1333 3.5500
v -1.1500 3.2000 3.5500
v -1.2500 3.2000 3.5500
v -1.2500 3.2000 3.5833
v -1.2500 3.2000 3.6167
v -1.2500 3.2000 3.6500
v -1.2167 3.2000 3.5500
v -1.2167 3.2000 3.5833
v -1.2167 3.2000 3.6167
v -1.2167 3.2000 3.6500
v -1.1833 3.2000 3.5500
v -1.1833 3.2000 3.5833
v -1.1833 3.2000 3.6167
v -1.1833 3.2000 3.6500
v -1.1500 3.2000 3.5500
v -1.1500 3.2000 3.5833
v -1.1500 3.2000 3.6167
v -1.1500 3.2000 3.6500
v -1.2500 0.0000 3.6500
v -1.2500 0.0000 3.6167
v -1.2500 0.0000 3.5833
v -1.2500 0.0000 3.5500
v -1.2167 0.0000 3.6500
v -1.2167 0.0000 3.6167
v -1.2167 0.0000 3.5833
v -1.2167 0.0000 3.5500
v -1.1833 0.0000 3.6500
v -1.1833 0.0000 3.6167
v -1.1833 0.0000 3.5833
v -1.1833 0.0000 3.5500
v -1.1500 0.0000 3.6500
v -1.1500 0.0000 3.6167
v -1.1500 0.0000 3.5833
v -1.1500 0.0000 3.5500
f 4153 4154 4158
f 4153 4158 4157
f 4154 4155 4159
f 4154 4159 4158
f 4155 4156 4160
f 4155 4160 4159
f 4157 4158 4162
f 4157 4162 4161
f 4158 4159 4163
f 4158 4163 4162
f 4159 4160 4164
f 4159 4164 4163
f 4161 4162 4166
f 4161 4166 4165
f 4162 4163 4167
f 4162 4167 4166
f 4163 4164 4168
f 4163 4168 4167
f 4169 4170 4174
f 4169 4174 4173
f 4170 4171 4175
f 4170 4175 4174
f 4171 4172 4176
f 4171 4176 4175
f 4173 4174 4178
f 4173 4178 4177
f 4174 4175 4179
f 4174 4179 4178
f 4175 4176 4180
f 4175 4180 4179
f 4177 4178 4182
f 4177 4182 4181
f 4178 4179 4183
f 4178 4183 4182
f 4179 4180 4184
f 4179 4184 4183
f 4185 4186 4190
f 4185 4190 4189
f 4186 4187 4191
f 4186 4191 4190
f 4187 4188 4192
f 4187 4192 4191
f 4189 4190 4194
f 4189 4194 4193
f 4190 4191 4195
f 4190 4195 4194
f 4191 4192 4196
f 4191 4196 4195
f 4193 4194 4198
f 4193 4198 4197
f 4194 4195 4199
f 4194 4199 4198
f 4195 4196 4200
f 4195 4200 4199
f 4201 4202 4206
f 4201 4206 4205
f 4202 4203 4207
f 4202 4207 4206
f 4203 4204 4208
f 4203 4208 4207
f 4205 4206 4210
f 4205 4210 4209
f 4206 4207 4211
f 4206 4211 4210
f 4207 4208 4212
f 4207 4212 4211
f 4209 4210 4214
f 4209 4214 4213
f 4210 4211 4215
f 4210 4215 4214
f 4211 4212 4216
f 4211 4216 4215
f 4217 4218 4222
f 4217 4222 4221
f 4218 4219 4223
f 4218 4223 4222
f 4219 4220 4224
f 4219 4224 4223
f 4221 4222 4226
f 4221 4226 4225
f 4222 4223 4227
f 4222 4227 4226
f 4223 4224 4228
f 4223 4228 4227
f 4225 4226 4230
f 4225 4230 4229
f 4226 4227 4231
f 4226 4231 4230
f 4227 4228 4232
f 4227 4232 4231
f 4233 4234 4238
f 4233 4238 4237
f 4234 4235 4239
f 4234 4239 4238
f 4235 4236 4240
f 4235 4240 4239
f 4237 4238 4242
f 4237 4242 4241
f 4238 4239 4243
f 4238 4243 4242
f 4239 4240 4244
f 4239 4244 4243
f 4241 4242 4246
f 4241 4246 4245
f 4242 4243 4247
f 4242 4247 4246
f 4243 4244 4248
f 4243 4248 4247
g 적재 선반 기둥_12
v 1.1500 0.0000 -3.5500
v 1.1500 1.0667 -3.5500
v 1.1500 2.1333 -3.5500
v 1.1500 3.2000 -3.5500
v 1.1833 0.0000 -3.5500
v 1.1833 1.0667 -3.5500
v 1.1833 2.1333 -3.5500
v 1.1833 3.2000 -3.5500
v 1.2167 0.0000 -3.5500
v 1.2167 1.0667 -3.5500
v 1.2167 2.1333 -3.5500
v 1.2167 3.2000 -3.5500
v 1.2500 0.0000 -3.5500
v 1.2500 1.0667 -3.5500
v 1.2500 2.1333 -3.5500
v 1.2500 3.2000 -3.5500
v 1.2500 0.0000 -3.6500
v 1.2500 1.0667 -3.6500
v 1.2500 2.1333 -3.6500
v 1.2500 3.2000 -3.6500
v 1.2167 0.0000 -3.6500
v 1.2167 1.0667 -3.6500
v 1.2167 2.1333 -3.6500
v 1.2167 3.2000 -3.6500
v 1.1833 0.0000 -3.6500
v 1.1833 1.0667 -3.6500
v 1.1833 2.1333 -3.6500
v 1.1833 3.2000 -3.6500
v 1.1500 0.0000 -3.6500
v 1.1500 1.0667 -3.6500
v 1.1500 2.1333 -3.6500
v 1.1500 3.2000 -3.6500
v 1.1500 0.0000 -3.6500
v 1.1500 1.0667 -3.6500
v 1.1500 2.1333 -3.6500
v 1.1500 3.2000 -3.6500
v 1.1500 0.0000 -3.6167
v 1.1500 1.0667 -3.6167
v 1.1500 2.1333 -3.6167
v 1.1500 3.2000 -3.6167
v 1.1500 0.0000 -3.5833
v 1.1500 1.0667 -3.5833
v 1.1500 2.1333 -3.5833
v 1.1500 3.2000 -3.5833
v 1.1500 0.0000 -3.5500
v 1.1500 1.0667 -3.5500
v 1.1500 2.1333 -3.5500
v 1.1500 3.2000 -3.5500
v 1.2500 0.0000 -3.5500
v 1.2500 1.0667 -3.5500
v 1.2500 2.1333 -3.5500
v 1.2500 3.2000 -3.5500
v 1.2500 0.0000 -3.5833
v 1.2500 1.0667 -3.5833
v 1.2500 2.1333 -3.5833
v 1.2500 3.2000 -3.5833
v 1.2500 0.0000 -3.6167
v 1.2500 1.0667 -3.6167
v 1.2500 2.1333 -3.6167
v 1.2500 3.2000 -3.6167
v 1.2500 0.0000 -3.6500
v 1.2500 1.0667 -3.6500
v 1.2500 2.1333 -3.6500
v 1.2500 3.2000 -3.6500
v 1.1500 3.2000 -3.6500
v 1.1500 3.2000 -3.6167
v 1.1500 3.2000 -3.5833
v 1.1500 3.2000 -3.5500
v 1.1833 3.2000 -3.6500
v 1.1833 3.2000 -3.6167
v 1.1833 3.2000 -3.5833
v 1.1833 3.2000 -3.5500
v 1.2167 3.2000 -3.6500
v 1.2167 3.2000 -3.6167
v 1.2167 3.2000 -3.5833
v 1.2167 3.2000 -3.5500
v 1.2500 3.2000 -3.6500
v 1.2500 3.2000 -3.6167
v 1.2500 3.2000 -3.5833
v 1.2500 3.2000 -3.5500
v 1.1500 0.0000 -3.5500
v 1.1500 0.0000 -3.5833
v 1.1500 0.0000 -3.6167
v 1.1500 0.0000 -3.6500
v 1.1833 0.0000 -3.5500
v 1.1833 0.0000 -3.5833
v 1.1833 0.0000 -3.6167
v 1.1833 0.0000 -3.6500
v 1.2167 0.0000 -3.5500
v 1.2167 0.0000 -3.5833
v 1.2167 0.0000 -3.6167
v 1.2167 0.0000 -3.6500
v 1.2500 0.0000 -3.5500
v 1.2500 0.0000 -3.5833
v 1.2500 0.0000 -3.6167
v 1.2500 0.0000 -3.6500
f 4249 4250 4254
f 4249 4254 4253
f 4250 4251 4255
f 4250 4255 4254
f 4251 4252 4256
f 4251 4256 4255
f 4253 4254 4258
f 4253 4258 4257
f 4254 4255 4259
f 4254 4259 4258
f 4255 4256 4260
f 4255 4260 4259
f 4257 4258 4262
f 4257 4262 4261
f 4258 4259 4263
f 4258 4263 4262
f 4259 4260 4264
f 4259 4264 4263
f 4265 4266 4270
f 4265 4270 4269
f 4266 4267 4271
f 4266 4271 4270
f 4267 4268 4272
f 4267 4272 4271
f 4269 4270 4274
f 4269 4274 4273
f 4270 4271 4275
f 4270 4275 4274
f 4271 4272 4276
f 4271 4276 4275
f 4273 4274 4278
f 4273 4278 4277
f 4274 4275 4279
f 4274 4279 4278
f 4275 4276 4280
f 4275 4280 4279
f 4281 4282 4286
f 4281 4286 4285
f 4282 4283 4287
f 4282 4287 4286
f 4283 4284 4288
f 4283 4288 4287
f 4285 4286 4290
f 4285 4290 4289
f 4286 4287 4291
f 4286 4291 4290
f 4287 4288 4292
f 4287 4292 4291
f 4289 4290 4294
f 4289 4294 4293
f 4290 4291 4295
f 4290 4295 4294
f 4291 4292 4296
f 4291 4296 4295
f 4297 4298 4302
f 4297 4302 4301
f 4298 4299 4303
f 4298 4303 4302
f 4299 4300 4304
f 4299 4304 4303
f 4301 4302 4306
f 4301 4306 4305
f 4302 4303 4307
f 4302 4307 4306
f 4303 4304 4308
f 4303 4308 4307
f 4305 4306 4310
f 4305 4310 4309
f 4306 4307 4311
f 4306 4311 4310
f 4307 4308 4312
f 4307 4312 4311
f 4313 4314 4318
f 4313 4318 4317
f 4314 4315 4319
f 4314 4319 4318
f 4315 4316 4320
f 4315 4320 4319
f 4317 4318 4322
f 4317 4322 4321
f 4318 4319 4323
f 4318 4323 4322
f 4319 4320 4324
f 4319 4324 4323
f 4321 4322 4326
f 4321 4326 4325
f 4322 4323 4327
f 4322 4327 4326
f 4323 4324 4328
f 4323 4328 4327
f 4329 4330 4334
f 4329 4334 4333
f 4330 4331 4335
f 4330 4335 4334
f 4331 4332 4336
f 4331 4336 4335
f 4333 4334 4338
f 4333 4338 4337
f 4334 4335 4339
f 4334 4339 4338
f 4335 4336 4340
f 4335 4340 4339
f 4337 4338 4342
f 4337 4342 4341
f 4338 4339 4343
f 4338 4343 4342
f 4339 4340 4344
f 4339 4344 4343
g 적재 선반 기둥_13
v 1.1500 0.0000 -1.1500
v 1.1500 1.0667 -1.1500
v 1.1500 2.1333 -1.1500
v 1.1500 3.2000 -1.1500
v 1.1833 0.0000 -1.1500
v 1.1833 1.0667 -1.1500
v 1.1833 2.1333 -1.1500
v 1.1833 3.2000 -1.1500
v 1.2167 0.0000 -1.1500
v 1.2167 1.0667 -1.1500
v 1.2167 2.1333 -1.1500
v 1.2167 3.2000 -1.1500
v 1.2500 0.0000 -1.1500
v 1.2500 1.0667 -1.1500
v 1.2500 2.1333 -1.1500
v 1.2500 3.2000 -1.1500
v 1.2500 0.0000 -1.2500
v 1.2500 1.0667 -1.2500
v 1.2500 2.1333 -1.2500
v 1.2500 3.2000 -1.2500
v 1.2167 0.0000 -1.2500
v 1.2167 1.0667 -1.2500
v 1.2167 2.1333 -1.2500
v 1.2167 3.2000 -1.2500
v 1.1833 0.0000 -1.2500
v 1.1833 1.0667 -1.2500
v 1.1833 2.1333 -1.2500
v 1.1833 3.2000 -1.2500
v 1.1500 0.0000 -1.2500
v 1.1500 1.0667 -1.2500
v 1.1500 2.1333 -1.2500
v 1.1500 3.2000 -1.2500
v 1.1500 0.0000 -1.2500
v 1.1500 1.0667 -1.2500
v 1.1500 2.1333 -1.2500
v 1.1500 3.2000 -1.2500
v 1.1500 0.0000 -1.2167
v 1.1500 1.0667 -1.2167
v 1.1500 2.1333 -1.2167
v 1.1500 3.2000 -1.2167
v 1.1500 0.0000 -1.1833
v 1.1500 1.0667 -1.1833
v 1.1500 2.1333 -1.1833
v 1.1500 3.2000 -1.1833
v 1.1500 0.0000 -1.1500
v 1.1500 1.0667 -1.1500
v 1.1500 2.1333 -1.1500
v 1.1500 3.2000 -1.1500
v 1.2500 0.0000 -1.1500
v 1.2500 1.0667 -1.1500
v 1.2500 2.1333 -1.1500
v 1.2500 3.2000 -1.1500
v 1.2500 0.0000 -1.1833
v 1.2500 1.0667 -1.1833
v 1.2500 2.1333 -1.1833
v 1.2500 3.2000 -1.1833
v 1.2500 0.0000 -1.2167
v 1.2500 1.0667 -1.2167
v 1.2500 2.1333 -1.2167
v 1.2500 3.2000 -1.2167
v 1.2500 0.0000 -1.2500
v 1.2500 1.0667 -1.2500
v 1.2500 2.1333 -1.2500
v 1.2500 3.2000 -1.2500
v 1.1500 3.2000 -1.2500
v 1.1500 3.2000 -1.2167
v 1.1500 3.2000 -1.1833
v 1.1500 3.2000 -1.1500
v 1.1833 3.2000 -1.2500
v 1.1833 3.2000 -1.2167
v 1.1833 3.2000 -1.1833
v 1.1833 3.2000 -1.1500
v 1.2167 3.2000 -1.2500
v 1.2167 3.2000 -1.2167
v 1.2167 3.2000 -1.1833
v 1.2167 3.2000 -1.1500
v 1.2500 3.2000 -1.2500
v 1.2500 3.2000 -1.2167
v 1.2500 3.2000 -1.1833
v 1.2500 3.2000 -1.1500
v 1.1500 0.0000 -1.1500
v 1.1500 0.0000 -1.1833
v 1.1500 0.0000 -1.2167
v 1.1500 0.0000 -1.2500
v 1.1833 0.0000 -1.1500
v 1.1833 0.0000 -1.1833
v 1.1833 0.0000 -1.2167
v 1.1833 0.0000 -1.2500
v 1.2167 0.0000 -1.1500
v 1.2167 0.0000 -1.1833
v 1.2167 0.0000 -1.2167
v 1.2167 0.0000 -1.2500
v 1.2500 0.0000 -1.1500
v 1.2500 0.0000 -1.1833
v 1.2500 0.0000 -1.2167
v 1.2500 0.0000 -1.2500
f 4345 4346 4350
f 4345 4350 4349
f 4346 4347 4351
f 4346 4351 4350
f 4347 4348 4352
f 4347 4352 4351
f 4349 4350 4354
f 4349 4354 4353
f 4350 4351 4355
f 4350 4355 4354
f 4351 4352 4356
f 4351 4356 4355
f 4353 4354 4358
f 4353 4358 4357
f 4354 4355 4359
f 4354 4359 4358
f 4355 4356 4360
f 4355 4360 4359
f 4361 4362 4366
f 4361 4366 4365
f 4362 4363 4367
f 4362 4367 4366
f 4363 4364 4368
f 4363 4368 4367
f 4365 4366 4370
f 4365 4370 4369
f 4366 4367 4371
f 4366 4371 4370
f 4367 4368 4372
f 4367 4372 4371
f 4369 4370 4374
f 4369 4374 4373
f 4370 4371 4375
f 4370 4375 4374
f 4371 4372 4376
f 4371 4376 4375
f 4377 4378 4382
f 4377 4382 4381
f 4378 4379 4383
f 4378 4383 4382
f 4379 4380 4384
f 4379 4384 4383
f 4381 4382 4386
f 4381 4386 4385
f 4382 4383 4387
f 4382 4387 4386
f 4383 4384 4388
f 4383 4388 4387
f 4385 4386 4390
f 4385 4390 4389
f 4386 4387 4391
f 4386 4391 4390
f 4387 4388 4392
f 4387 4392 4391
f 4393 4394 4398
f 4393 4398 4397
f 4394 4395 4399
f 4394 4399 4398
f 4395 4396 4400
f 4395 4400 4399
f 4397 4398 4402
f 4397 4402 4401
f 4398 4399 4403
f 4398 4403 4402
f 4399 4400 4404
f 4399 4404 4403
f 4401 4402 4406
f 4401 4406 4405
f 4402 4403 4407
f 4402 4407 4406
f 4403 4404 4408
f 4403 4408 4407
f 4409 4410 4414
f 4409 4414 4413
f 4410 4411 4415
f 4410 4415 4414
f 4411 4412 4416
f 4411 4416 4415
f 4413 4414 4418
f 4413 4418 4417
f 4414 4415 4419
f 4414 4419 4418
f 4415 4416 4420
f 4415 4420 4419
f 4417 4418 4422
f 4417 4422 4421
f 4418 4419 4423
f 4418 4423 4422
f 4419 4420 4424
f 4419 4424 4423
f 4425 4426 4430
f 4425 4430 4429
f 4426 4427 4431
f 4426 4431 4430
f 4427 4428 4432
f 4427 4432 4431
f 4429 4430 4434
f 4429 4434 4433
f 4430 4431 4435
f 4430 4435 4434
f 4431 4432 4436
f 4431 4436 4435
f 4433 4434 4438
f 4433 4438 4437
f 4434 4435 4439
f 4434 4439 4438
f 4435 4436 4440
f 4435 4440 4439
g 적재 선반 기둥_14
v 1.1500 0.0000 1.2500
v 1.1500 1.0667 1.2500
v 1.1500 2.1333 1.2500
v 1.1500 3.2000 1.2500
v 1.1833 0.0000 1.2500
v 1.1833 1.0667 1.2500
v 1.1833 2.1333 1.2500
v 1.1833 3.2000 1.2500
v 1.2167 0.0000 1.2500
v 1.2167 1.0667 1.2500
v 1.2167 2.1333 1.2500
v 1.2167 3.2000 1.2500
v 1.2500 0.0000 1.2500
v 1.2500 1.0667 1.2500
v 1.2500 2.1333 1.2500
v 1.2500 3.2000 1.2500
v 1.2500 0.0000 1.1500
v 1.2500 1.0667 1.1500
v 1.2500 2.1333 1.1500
v 1.2500 3.2000 1.1500
v 1.2167 0.0000 1.1500
v 1.2167 1.0667 1.1500
v 1.2167 2.1333 1.1500
v 1.2167 3.2000 1.1500
v 1.1833 0.0000 1.1500
v 1.1833 1.0667 1.1500
v 1.1833 2.1333 1.1500
v 1.1833 3.2000 1.1500
v 1.1500 0.0000 1.1500
v 1.1500 1.0667 1.1500
v 1.1500 2.1333 1.1500
v 1.1500 3.2000 1.1500
v 1.1500 0.0000 1.1500
v 1.1500 1.0667 1.1500
v 1.1500 2.1333 1.1500
v 1.1500 3.2000 1.1500
v 1.1500 0.0000 1.1833
v 1.1500 1.0667 1.1833
v 1.1500 2.1333 1.1833
v 1.1500 3.2000 1.1833
v 1.1500 0.0000 1.2167
v 1.1500 1.0667 1.2167
v 1.1500 2.1333 1.2167
v 1.1500 3.2000 1.2167
v 1.1500 0.0000 1.2500
v 1.1500 1.0667 1.2500
v 1.1500 2.1333 1.2500
v 1.1500 3.2000 1.2500
v 1.2500 0.0000 1.2500
v 1.2500 1.0667 1.2500
v 1.2500 2.1333 1.2500
v 1.2500 3.2000 1.2500
v 1.2500 0.0000 1.2167
v 1.2500 1.0667 1.2167
v 1.2500 2.1333 1.2167
v 1.2500 3.2000 1.2167
v 1.2500 0.0000 1.1833
v 1.2500 1.0667 1.1833
v 1.2500 2.1333 1.1833
v 1.2500 3.2000 1.1833
v 1.2500 0.0000 1.1500
v 1.2500 1.0667 1.1500
v 1.2500 2.1333 1.1500
v 1.2500 3.2000 1.1500
v 1.1500 3.2000 1.1500
v 1.1500 3.2000 1.1833
v 1.1500 3.2000 1.2167
v 1.1500 3.2000 1.2500
v 1.1833 3.2000 1.1500
v 1.1833 3.2000 1.1833
v 1.1833 3.2000 1.2167
v 1.1833 3.2000 1.2500
v 1.2167 3.2000 1.1500
v 1.2167 3.2000 1.1833
v 1.2167 3.2000 1.2167
v 1.2167 3.2000 1.2500
v 1.2500 3.2000 1.1500
v 1.2500 3.2000 1.1833
v 1.2500 3.2000 1.2167
v 1.2500 3.2000 1.2500
v 1.1500 0.0000 1.2500
v 1.1500 0.0000 1.2167
v 1.1500 0.0000 1.1833
v 1.1500 0.0000 1.1500
v 1.1833 0.0000 1.2500
v 1.1833 0.0000 1.2167
v 1.1833 0.0000 1.1833
v 1.1833 0.0000 1.1500
v 1.2167 0.0000 1.2500
v 1.2167 0.0000 1.2167
v 1.2167 0.0000 1.1833
v 1.2167 0.0000 1.1500
v 1.2500 0.0000 1.2500
v 1.2500 0.0000 1.2167
v 1.2500 0.0000 1.1833
v 1.2500 0.0000 1.1500
f 4441 4442 4446
f 4441 4446 4445
f 4442 4443 4447
f 4442 4447 4446
f 4443 4444 4448
f 4443 4448 4447
f 4445 4446 4450
f 4445 4450 4449
f 4446 4447 4451
f 4446 4451 4450
f 4447 4448 4452
f 4447 4452 4451
f 4449 4450 4454
f 4449 4454 4453
f 4450 4451 4455
f 4450 4455 4454
f 4451 4452 4456
f 4451 4456 4455
f 4457 4458 4462
f 4457 4462 4461
f 4458 4459 4463
f 4458 4463 4462
f 4459 4460 4464
f 4459 4464 4463
f 4461 4462 4466
f 4461 4466 4465
f 4462 4463 4467
f 4462 4467 4466
f 4463 4464 4468
f 4463 4468 4467
f 4465 4466 4470
f 4465 4470 4469
f 4466 4467 4471
f 4466 4471 4470
f 4467 4468 4472
f 4467 4472 4471
f 4473 4474 4478
f 4473 4478 4477
f 4474 4475 4479
f 4474 4479 4478
f 4475 4476 4480
f 4475 4480 4479
f 4477 4478 4482
f 4477 4482 4481
f 4478 4479 4483
f 4478 4483 4482
f 4479 4480 4484
f 4479 4484 4483
f 4481 4482 4486
f 4481 4486 4485
f 4482 4483 4487
f 4482 4487 4486
f 4483 4484 4488
f 4483 4488 4487
f 4489 4490 4494
f 4489 4494 4493
f 4490 4491 4495
f 4490 4495 4494
f 4491 4492 4496
f 4491 4496 4495
f 4493 4494 4498
f 4493 4498 4497
f 4494 4495 4499
f 4494 4499 4498
f 4495 4496 4500
f 4495 4500 4499
f 4497 4498 4502
f 4497 4502 4501
f 4498 4499 4503
f 4498 4503 4502
f 4499 4500 4504
f 4499 4504 4503
f 4505 4506 4510
f 4505 4510 4509
f 4506 4507 4511
f 4506 4511 4510
f 4507 4508 4512
f 4507 4512 4511
f 4509 4510 4514
f 4509 4514 4513
f 4510 4511 4515
f 4510 4515 4514
f 4511 4512 4516
f 4511 4516 4515
f 4513 4514 4518
f 4513 4518 4517
f 4514 4515 4519
f 4514 4519 4518
f 4515 4516 4520
f 4515 4520 4519
f 4521 4522 4526
f 4521 4526 4525
f 4522 4523 4527
f 4522 4527 4526
f 4523 4524 4528
f 4523 4528 4527
f 4525 4526 4530
f 4525 4530 4529
f 4526 4527 4531
f 4526 4531 4530
f 4527 4528 4532
f 4527 4532 4531
f 4529 4530 4534
f 4529 4534 4533
f 4530 4531 4535
f 4530 4535 4534
f 4531 4532 4536
f 4531 4536 4535
g 적재 선반 기둥_15
v 1.1500 0.0000 3.6500
v 1.1500 1.0667 3.6500
v 1.1500 2.1333 3.6500
v 1.1500 3.2000 3.6500
v 1.1833 0.0000 3.6500
v 1.1833 1.0667 3.6500
v 1.1833 2.1333 3.6500
v 1.1833 3.2000 3.6500
v 1.2167 0.0000 3.6500
v 1.2167 1.0667 3.6500
v 1.2167 2.1333 3.6500
v 1.2167 3.2000 3.6500
v 1.2500 0.0000 3.6500
v 1.2500 1.0667 3.6500
v 1.2500 2.1333 3.6500
v 1.2500 3.2000 3.6500
v 1.2500 0.0000 3.5500
v 1.2500 1.0667 3.5500
v 1.2500 2.1333 3.5500
v 1.2500 3.2000 3.5500
v 1.2167 0.0000 3.5500
v 1.2167 1.0667 3.5500
v 1.2167 2.1333 3.5500
v 1.2167 3.2000 3.5500
v 1.1833 0.0000 3.5500
v 1.1833 1.0667 3.5500
v 1.1833 2.1333 3.5500
v 1.1833 3.2000 3.5500
v 1.1500 0.0000 3.5500
v 1.1500 1.0667 3.5500
v 1.1500 2.1333 3.5500
v 1.1500 3.2000 3.5500
v 1.1500 0.0000 3.5500
v 1.1500 1.0667 3.5500
v 1.1500 2.1333 3.5500
v 1.1500 3.2000 3.5500
v 1.1500 0.0000 3.5833
v 1.1500 1.0667 3.5833
v 1.1500 2.1333 3.5833
v 1.1500 3.2000 3.5833
v 1.1500 0.0000 3.6167
v 1.1500 1.0667 3.6167
v 1.1500 2.1333 3.6167
v 1.1500 3.2000 3.6167
v 1.1500 0.0000 3.6500
v 1.1500 1.0667 3.6500
v 1.1500 2.1333 3.6500
v 1.1500 3.2000 3.6500
v 1.2500 0.0000 3.6500
v 1.2500 1.0667 3.6500
v 1.2500 2.1333 3.6500
v 1.2500 3.2000 3.6500
v 1.2500 0.0000 3.6167
v 1.2500 1.0667 3.6167
v 1.2500 2.1333 3.6167
v 1.2500 3.2000 3.6167
v 1.2500 0.0000 3.5833
v 1.2500 1.0667 3.5833
v 1.2500 2.1333 3.5833
v 1.2500 3.2000 3.5833
v 1.2500 0.0000 3.5500
v 1.2500 1.0667 3.5500
v 1.2500 2.1333 3.5500
v 1.2500 3.2000 3.5500
v 1.1500 3.2000 3.5500
v 1.1500 3.2000 3.5833
v 1.1500 3.2000 3.6167
v 1.1500 3.2000 3.6500
v 1.1833 3.2000 3.5500
v 1.1833 3.2000 3.5833
v 1.1833 3.2000 3.6167
v 1.1833 3.2000 3.6500
v 1.2167 3.2000 3.5500
v 1.2167 3.2000 3.5833
v 1.2167 3.2000 3.6167
v 1.2167 3.2000 3.6500
v 1.2500 3.2000 3.5500
v 1.2500 3.2000 3.5833
v 1.2500 3.2000 3.6167
v 1.2500 3.2000 3.6500
v 1.1500 0.0000 3.6500
v 1.1500 0.0000 3.6167
v 1.1500 0.0000 3.5833
v 1.1500 0.0000 3.5500
v 1.1833 0.0000 3.6500
v 1.1833 0.0000 3.6167
v 1.1833 0.0000 3.5833
v 1.1833 0.0000 3.5500
v 1.2167 0.0000 3.6500
v 1.2167 0.0000 3.6167
v 1.2167 0.0000 3.5833
v 1.2167 0.0000 3.5500
v 1.2500 0.0000 3.6500
v 1.2500 0.0000 3.6167
v 1.2500 0.0000 3.5833
v 1.2500 0.0000 3.5500
f 4537 4538 4542
f 4537 4542 4541
f 4538 4539 4543
f 4538 4543 4542
f 4539 4540 4544
f 4539 4544 4543
f 4541 4542 4546
f 4541 4546 4545
f 4542 4543 4547
f 4542 4547 4546
f 4543 4544 4548
f 4543 4548 4547
f 4545 4546 4550
f 4545 4550 4549
f 4546 4547 4551
f 4546 4551 4550
f 4547 4548 4552
f 4547 4552 4551
f 4553 4554 4558
f 4553 4558 4557
f 4554 4555 4559
f 4554 4559 4558
f 4555 4556 4560
f 4555 4560 4559
f 4557 4558 4562
f 4557 4562 4561
f 4558 4559 4563
f 4558 4563 4562
f 4559 4560 4564
f 4559 4564 4563
f 4561 4562 4566
f 4561 4566 4565
f 4562 4563 4567
f 4562 4567 4566
f 4563 4564 4568
f 4563 4568 4567
f 4569 4570 4574
f 4569 4574 4573
f 4570 4571 4575
f 4570 4575 4574
f 4571 4572 4576
f 4571 4576 4575
f 4573 4574 4578
f 4573 4578 4577
f 4574 4575 4579
f 4574 4579 4578
f 4575 4576 4580
f 4575 4580 4579
f 4577 4578 4582
f 4577 4582 4581
f 4578 4579 4583
f 4578 4583 4582
f 4579 4580 4584
f 4579 4584 4583
f 4585 4586 4590
f 4585 4590 4589
f 4586 4587 4591
f 4586 4591 4590
f 4587 4588 4592
f 4587 4592 4591
f 4589 4590 4594
f 4589 4594 4593
f 4590 4591 4595
f 4590 4595 4594
f 4591 4592 4596
f 4591 4596 4595
f 4593 4594 4598
f 4593 4598 4597
f 4594 4595 4599
f 4594 4599 4598
f 4595 4596 4600
f 4595 4600 4599
f 4601 4602 4606
f 4601 4606 4605
f 4602 4603 4607
f 4602 4607 4606
f 4603 4604 4608
f 4603 4608 4607
f 4605 4606 4610
f 4605 4610 4609
f 4606 4607 4611
f 4606 4611 4610
f 4607 4608 4612
f 4607 4612 4611
f 4609 4610 4614
f 4609 4614 4613
f 4610 4611 4615
f 4610 4615 4614
f 4611 4612 4616
f 4611 4616 4615
f 4617 4618 4622
f 4617 4622 4621
f 4618 4619 4623
f 4618 4623 4622
f 4619 4620 4624
f 4619 4624 4623
f 4621 4622 4626
f 4621 4626 4625
f 4622 4623 4627
f 4622 4627 4626
f 4623 4624 4628
f 4623 4628 4627
f 4625 4626 4630
f 4625 4630 4629
f 4626 4627 4631
f 4626 4631 4630
f 4627 4628 4632
f 4627 4632 4631
g 적재 선반 기둥_16
v 3.5500 0.0000 -3.5500
v 3.5500 1.0667 -3.5500
v 3.5500 2.1333 -3.5500
v 3.5500 3.2000 -3.5500
v 3.5833 0.0000 -3.5500
v 3.5833 1.0667 -3.5500
v 3.5833 2.1333 -3.5500
v 3.5833 3.2000 -3.5500
v 3.6167 0.0000 -3.5500
v 3.6167 1.0667 -3.5500
v 3.6167 2.1333 -3.5500
v 3.6167 3.2000 -3.5500
v 3.6500 0.0000 -3.5500
v 3.6500 1.0667 -3.5500
v 3.6500 2.1333 -3.5500
v 3.6500 3.2000 -3.5500
v 3.6500 0.0000 -3.6500
v 3.6500 1.0667 -3.6500
v 3.6500 2.1333 -3.6500
v 3.6500 3.2000 -3.6500
v 3.6167 0.0000 -3.6500
v 3.6167 1.0667 -3.6500
v 3.6167 2.1333 -3.6500
v 3.6167 3.2000 -3.6500
v 3.5833 0.0000 -3.6500
v 3.5833 1.0667 -3.6500
v 3.5833 2.1333 -3.6500
v 3.5833 3.2000 -3.6500
v 3.5500 0.0000 -3.6500
v 3.5500 1.0667 -3.6500
v 3.5500 2.1333 -3.6500
v 3.5500 3.2000 -3.6500
v 3.5500 0.0000 -3.6500
v 3.5500 1.0667 -3.6500
v 3.5500 2.1333 -3.6500
v 3.5500 3.2000 -3.6500
v 3.5500 0.0000 -3.6167
v 3.5500 1.0667 -3.6167
v 3.5500 2.1333 -3.6167
v 3.5500 3.2000 -3.6167
v 3.5500 0.0000 -3.5833
v 3.5500 1.0667 -3.5833
v 3.5500 2.1333 -3.5833
v 3.5500 3.2000 -3.5833
v 3.5500 0.0000 -3.5500
v 3.5500 1.0667 -3.5500
v 3.5500 2.1333 -3.5500
v 3.5500 3.2000 -3.5500
v 3.6500 0.0000 -3.5500
v 3.6500 1.0667 -3.5500
v 3.6500 2.1333 -3.5500
v 3.6500 3.2000 -3.5500
v 3.6500 0.0000 -3.5833
v 3.6500 1.0667 -3.5833
v 3.6500 2.1333 -3.5833
v 3.6500 3.2000 -3.5833
v 3.6500 0.0000 -3.6167
v 3.6500 1.0667 -3.6167
v 3.6500 2.1333 -3.6167
v 3.6500 3.2000 -3.6167
v 3.6500 0.0000 -3.6500
v 3.6500 1.0667 -3.6500
v 3.6500 2.1333 -3.6500
v 3.6500 3.2000 -3.6500
v 3.5500 3.2000 -3.6500
v 3.5500 3.2000 -3.6167
v 3.5500 3.2000 -3.5833
v 3.5500 3.2000 -3.5500
v 3.5833 3.2000 -3.6500
v 3.5833 3.2000 -3.6167
v 3.5833 3.2000 -3.5833
v 3.5833 3.2000 -3.5500
v 3.6167 3.2000 -3.6500
v 3.6167 3.2000 -3.6167
v 3.6167 3.2000 -3.5833
v 3.6167 3.2000 -3.5500
v 3.6500 3.2000 -3.6500
v 3.6500 3.2000 -3.6167
v 3.6500 3.2000 -3.5833
v 3.6500 3.2000 -3.5500
v 3.5500 0.0000 -3.5500
v 3.5500 0.0000 -3.5833
v 3.5500 0.0000 -3.6167
v 3.5500 0.0000 -3.6500
v 3.5833 0.0000 -3.5500
v 3.5833 0.0000 -3.5833
v 3.5833 0.0000 -3.6167
v 3.5833 0.0000 -3.6500
v 3.6167 0.0000 -3.5500
v 3.6167 0.0000 -3.5833
v 3.6167 0.0000 -3.6167
v 3.6167 0.0000 -3.6500
v 3.6500 0.0000 -3.5500
v 3.6500 0.0000 -3.5833
v 3.6500 0.0000 -3.6167
v 3.6500 0.0000 -3.6500
f 4633 4634 4638
f 4633 4638 4637
f 4634 4635 4639
f 4634 4639 4638
f 4635 4636 4640
f 4635 4640 4639
f 4637 4638 4642
f 4637 4642 4641
f 4638 4639 4643
f 4638 4643 4642
f 4639 4640 4644
f 4639 4644 4643
f 4641 4642 4646
f 4641 4646 4645
f 4642 4643 4647
f 4642 4647 4646
f 4643 4644 4648
f 4643 4648 4647
f 4649 4650 4654
f 4649 4654 4653
f 4650 4651 4655
f 4650 4655 4654
f 4651 4652 4656
f 4651 4656 4655
f 4653 4654 4658
f 4653 4658 4657
f 4654 4655 4659
f 4654 4659 4658
f 4655 4656 4660
f 4655 4660 4659
f 4657 4658 4662
f 4657 4662 4661
f 4658 4659 4663
f 4658 4663 4662
f 4659 4660 4664
f 4659 4664 4663
f 4665 4666 4670
f 4665 4670 4669
f 4666 4667 4671
f 4666 4671 4670
f 4667 4668 4672
f 4667 4672 4671
f 4669 4670 4674
f 4669 4674 4673
f 4670 4671 4675
f 4670 4675 4674
f 4671 4672 4676
f 4671 4676 4675
f 4673 4674 4678
f 4673 4678 4677
f 4674 4675 4679
f 4674 4679 4678
f 4675 4676 4680
f 4675 4680 4679
f 4681 4682 4686
f 4681 4686 4685
f 4682 4683 4687
f 4682 4687 4686
f 4683 4684 4688
f 4683 4688 4687
f 4685 4686 4690
f 4685 4690 4689
f 4686 4687 4691
f 4686 4691 4690
f 4687 4688 4692
f 4687 4692 4691
f 4689 4690 4694
f 4689 4694 4693
f 4690 4691 4695
f 4690 4695 4694
f 4691 4692 4696
f 4691 4696 4695
f 4697 4698 4702
f 4697 4702 4701
f 4698 4699 4703
f 4698 4703 4702
f 4699 4700 4704
f 4699 4704 4703
f 4701 4702 4706
f 4701 4706 4705
f 4702 4703 4707
f 4702 4707 4706
f 4703 4704 4708
f 4703 4708 4707
f 4705 4706 4710
f 4705 4710 4709
f 4706 4707 4711
f 4706 4711 4710
f 4707 4708 4712
f 4707 4712 4711
f 4713 4714 4718
f 4713 4718 4717
f 4714 4715 4719
f 4714 4719 4718
f 4715 4716 4720
f 4715 4720 4719
f 4717 4718 4722
f 4717 4722 4721
f 4718 4719 4723
f 4718 4723 4722
f 4719 4720 4724
f 4719 4724 4723
f 4721 4722 4726
f 4721 4726 4725
f 4722 4723 4727
f 4722 4727 4726
f 4723 4724 4728
f 4723 4728 4727
g 적재 선반 기둥_17
v 3.5500 0.0000 -1.1500
v 3.5500 1.0667 -1.1500
v 3.5500 2.1333 -1.1500
v 3.5500 3.2000 -1.1500
v 3.5833 0.0000 -1.1500
v 3.5833 1.0667 -1.1500
v 3.5833 2.1333 -1.1500
v 3.5833 3.2000 -1.1500
v 3.6167 0.0000 -1.1500
v 3.6167 1.0667 -1.1500
v 3.6167 2.1333 -1.1500
v 3.6167 3.2000 -1.1500
v 3.6500 0.0000 -1.1500
v 3.6500 1.0667 -1.1500
v 3.6500 2.1333 -1.1500
v 3.6500 3.2000 -1.1500
v 3.6500 0.0000 -1.2500
v 3.6500 1.0667 -1.2500
v 3.6500 2.1333 -1.2500
v 3.6500 3.2000 -1.2500
v 3.6167 0.0000 -1.2500
v 3.6167 1.0667 -1.2500
v 3.6167 2.1333 -1.2500
v 3.6167 3.2000 -1.2500
v 3.5833 0.0000 -1.2500
v 3.5833 1.0667 -1.2500
v 3.5833 2.1333 -1.2500
v 3.5833 3.2000 -1.2500
v 3.5500 0.0000 -1.2500
v 3.5500 1.0667 -1.2500
v 3.5500 2.1333 -1.2500
v 3.5500 3.2000 -1.2500
v 3.5500 0.0000 -1.2500
v 3.5500 1.0667 -1.2500
v 3.5500 2.1333 -1.2500
v 3.5500 3.2000 -1.2500
v 3.5500 0.0000 -1.2167
v 3.5500 1.0667 -1.2167
v 3.5500 2.1333 -1.2167
v 3.5500 3.2000 -1.2167
v 3.5500 0.0000 -1.1833
v 3.5500 1.0667 -1.1833
v 3.5500 2.1333 -1.1833
v 3.5500 3.2000 -1.1833
v 3.5500 0.0000 -1.1500
v 3.5500 1.0667 -1.1500
v 3.5500 2.1333 -1.1500
v 3.5500 3.2000 -1.1500
v 3.6500 0.0000 -1.1500
v 3.6500 1.0667 -1.1500
v 3.6500 2.1333 -1.1500
v 3.6500 3.2000 -1.1500
v 3.6500 0.0000 -1.1833
v 3.6500 1.0667 -1.1833
v 3.6500 2.1333 -1.1833
v 3.6500 3.2000 -1.1833
v 3.6500 0.0000 -1.2167
v 3.6500 1.0667 -1.2167
v 3.6500 2.1333 -1.2167
v 3.6500 3.2000 -1.2167
v 3.6500 0.0000 -1.2500
v 3.6500 1.0667 -1.2500
v 3.6500 2.1333 -1.2500
v 3.6500 3.2000 -1.2500
v 3.5500 3.2000 -1.2500
v 3.5500 3.2000 -1.2167
v 3.5500 3.2000 -1.1833
v 3.5500 3.2000 -1.1500
v 3.5833 3.2000 -1.2500
v 3.5833 3.2000 -1.2167
v 3.5833 3.2000 -1.1833
v 3.5833 3.2000 -1.1500
v 3.6167 3.2000 -1.2500
v 3.6167 3.2000 -1.2167
v 3.6167 3.2000 -1.1833
v 3.6167 3.2000 -1.1500
v 3.6500 3.2000 -1.2500
v 3.6500 3.2000 -1.2167
v 3.6500 3.2000 -1.1833
v 3.6500 3.2000 -1.1500
v 3.5500 0.0000 -1.1500
v 3.5500 0.0000 -1.1833
v 3.5500 0.0000 -1.2167
v 3.5500 0.0000 -1.2500
v 3.5833 0.0000 -1.1500
v 3.5833 0.0000 -1.1833
v 3.5833 0.0000 -1.2167
v 3.5833 0.0000 -1.2500
v 3.6167 0.0000 -1.1500
v 3.6167 0.0000 -1.1833
v 3.6167 0.0000 -1.2167
v 3.6167 0.0000 -1.2500
v 3.6500 0.0000 -1.1500
v 3.6500 0.0000 -1.1833
v 3.6500 0.0000 -1.2167
v 3.6500 0.0000 -1.2500
f 4729 4730 4734
f 4729 4734 4733
f 4730 4731 4735
f 4730 4735 4734
f 4731 4732 4736
f 4731 4736 4735
f 4733 4734 4738
f 4733 4738 4737
f 4734 4735 4739
f 4734 4739 4738
f 4735 4736 4740
f 4735 4740 4739
f 4737 4738 4742
f 4737 4742 4741
f 4738 4739 4743
f 4738 4743 4742
f 4739 4740 4744
f 4739 4744 4743
f 4745 4746 4750
f 4745 4750 4749
f 4746 4747 4751
f 4746 4751 4750
f 4747 4748 4752
f 4747 4752 4751
f 4749 4750 4754
f 4749 4754 4753
f 4750 4751 4755
f 4750 4755 4754
f 4751 4752 4756
f 4751 4756 4755
f 4753 4754 4758
f 4753 4758 4757
f 4754 4755 4759
f 4754 4759 4758
f 4755 4756 4760
f 4755 4760 4759
f 4761 4762 4766
f 4761 4766 4765
f 4762 4763 4767
f 4762 4767 4766
f 4763 4764 4768
f 4763 4768 4767
f 4765 4766 4770
f 4765 4770 4769
f 4766 4767 4771
f 4766 4771 4770
f 4767 4768 4772
f 4767 4772 4771
f 4769 4770 4774
f 4769 4774 4773
f 4770 4771 4775
f 4770 4775 4774
f 4771 4772 4776
f 4771 4776 4775
f 4777 4778 4782
f 4777 4782 4781
f 4778 4779 4783
f 4778 4783 4782
f 4779 4780 4784
f 4779 4784 4783
f 4781 4782 4786
f 4781 4786 4785
f 4782 4783 4787
f 4782 4787 4786
f 4783 4784 4788
f 4783 4788 4787
f 4785 4786 4790
f 4785 4790 4789
f 4786 4787 4791
f 4786 4791 4790
f 4787 4788 4792
f 4787 4792 4791
f 4793 4794 4798
f 4793 4798 4797
f 4794 4795 4799
f 4794 4799 4798
f 4795 4796 4800
f 4795 4800 4799
f 4797 4798 4802
f 4797 4802 4801
f 4798 4799 4803
f 4798 4803 4802
f 4799 4800 4804
f 4799 4804 4803
f 4801 4802 4806
f 4801 4806 4805
f 4802 4803 4807
f 4802 4807 4806
f 4803 4804 4808
f 4803 4808 4807
f 4809 4810 4814
f 4809 4814 4813
f 4810 4811 4815
f 4810 4815 4814
f 4811 4812 4816
f 4811 4816 4815
f 4813 4814 4818
f 4813 4818 4817
f 4814 4815 4819
f 4814 4819 4818
f 4815 4816 4820
f 4815 4820 4819
f 4817 4818 4822
f 4817 4822 4821
f 4818 4819 4823
f 4818 4823 4822
f 4819 4820 4824
f 4819 4824 4823
g 적재 선반 기둥_18
v 3.5500 0.0000 1.2500
v 3.5500 1.0667 1.2500
v 3.5500 2.1333 1.2500
v 3.5500 3.2000 1.2500
v 3.5833 0.0000 1.2500
v 3.5833 1.0667 1.2500
v 3.5833 2.1333 1.2500
v 3.5833 3.2000 1.2500
v 3.6167 0.0000 1.2500
v 3.6167 1.0667 1.2500
v 3.6167 2.1333 1.2500
v 3.6167 3.2000 1.2500
v 3.6500 0.0000 1.2500
v 3.6500 1.0667 1.2500
v 3.6500 2.1333 1.2500
v 3.6500 3.2000 1.2500
v 3.6500 0.0000 1.1500
v 3.6500 1.0667 1.1500
v 3.6500 2.1333 1.1500
v 3.6500 3.2000 1.1500
v 3.6167 0.0000 1.1500
v 3.6167 1.0667 1.1500
v 3.6167 2.1333 1.1500
v 3.6167 3.2000 1.1500
v 3.5833 0.0000 1.1500
v 3.5833 1.0667 1.1500
v 3.5833 2.1333 1.1500
v 3.5833 3.2000 1.1500
v 3.5500 0.0000 1.1500
v 3.5500 1.0667 1.1500
v 3.5500 2.1333 1.1500
v 3.5500 3.2000 1.1500
v 3.5500 0.0000 1.1500
v 3.5500 1.0667 1.1500
v 3.5500 2.1333 1.1500
v 3.5500 3.2000 1.1500
v 3.5500 0.0000 1.1833
v 3.5500 1.0667 1.1833
v 3.5500 2.1333 1.1833
v 3.5500 3.2000 1.1833
v 3.5500 0.0000 1.2167
v 3.5500 1.0667 1.2167
v 3.5500 2.1333 1.2167
v 3.5500 3.2000 1.2167
v 3.5500 0.0000 1.2500
v 3.5500 1.0667 1.2500
v 3.5500 2.1333 1.2500
v 3.5500 3.2000 1.2500
v 3.6500 0.0000 1.2500
v 3.6500 1.0667 1.2500
v 3.6500 2.1333 1.2500
v 3.6500 3.2000 1.2500
v 3.6500 0.0000 1.2167
v 3.6500 1.0667 1.2167
v 3.6500 2.1333 1.2167
v 3.6500 3.2000 1.2167
v 3.6500 0.0000 1.1833
v 3.6500 1.0667 1.1833
v 3.6500 2.1333 1.1833
v 3.6500 3.2000 1.1833
v 3.6500 0.0000 1.1500
v 3.6500 1.0667 1.1500
v 3.6500 2.1333 1.1500
v 3.6500 3.2000 1.1500
v 3.5500 3.2000 1.1500
v 3.5500 3.2000 1.1833
v 3.5500 3.2000 1.2167
v 3.5500 3.2000 1.2500
v 3.5833 3.2000 1.1500
v 3.5833 3.2000 1.1833
v 3.5833 3.2000 1.2167
v 3.5833 3.2000 1.2500
v 3.6167 3.2000 1.1500
v 3.6167 3.2000 1.1833
v 3.6167 3.2000 1.2167
v 3.6167 3.2000 1.2500
v 3.6500 3.2000 1.1500
v 3.6500 3.2000 1.1833
v 3.6500 3.2000 1.2167
v 3.6500 3.2000 1.2500
v 3.5500 0.0000 1.2500
v 3.5500 0.0000 1.2167
v 3.5500 0.0000 1.1833
v 3.5500 0.0000 1.1500
v 3.5833 0.0000 1.2500
v 3.5833 0.0000 1.2167
v 3.5833 0.0000 1.1833
v 3.5833 0.0000 1.1500
v 3.6167 0.0000 1.2500
v 3.6167 0.0000 1.2167
v 3.6167 0.0000 1.1833
v 3.6167 0.0000 1.1500
v 3.6500 0.0000 1.2500
v 3.6500 0.0000 1.2167
v 3.6500 0.0000 1.1833
v 3.6500 0.0000 1.1500
f 4825 4826 4830
f 4825 4830 4829
f 4826 4827 4831
f 4826 4831 4830
f 4827 4828 4832
f 4827 4832 4831
f 4829 4830 4834
f 4829 4834 4833
f 4830 4831 4835
f 4830 4835 4834
f 4831 4832 4836
f 4831 4836 4835
f 4833 4834 4838
f 4833 4838 4837
f 4834 4835 4839
f 4834 4839 4838
f 4835 4836 4840
f 4835 4840 4839
f 4841 4842 4846
f 4841 4846 4845
f 4842 4843 4847
f 4842 4847 4846
f 4843 4844 4848
f 4843 4848 4847
f 4845 4846 4850
f 4845 4850 4849
f 4846 4847 4851
f 4846 4851 4850
f 4847 4848 4852
f 4847 4852 4851
f 4849 4850 4854
f 4849 4854 4853
f 4850 4851 4855
f 4850 4855 4854
f 4851 4852 4856
f 4851 4856 4855
f 4857 4858 4862
f 4857 4862 4861
f 4858 4859 4863
f 4858 4863 4862
f 4859 4860 4864
f 4859 4864 4863
f 4861 4862 4866
f 4861 4866 4865
f 4862 4863 4867
f 4862 4867 4866
f 4863 4864 4868
f 4863 4868 4867
f 4865 4866 4870
f 4865 4870 4869
f 4866 4867 4871
f 4866 4871 4870
f 4867 4868 4872
f 4867 4872 4871
f 4873 4874 4878
f 4873 4878 4877
f 4874 4875 4879
f 4874 4879 4878
f 4875 4876 4880
f 4875 4880 4879
f 4877 4878 4882
f 4877 4882 4881
f 4878 4879 4883
f 4878 4883 4882
f 4879 4880 4884
f 4879 4884 4883
f 4881 4882 4886
f 4881 4886 4885
f 4882 4883 4887
f 4882 4887 4886
f 4883 4884 4888
f 4883 4888 4887
f 4889 4890 4894
f 4889 4894 4893
f 4890 4891 4895
f 4890 4895 4894
f 4891 4892 4896
f 4891 4896 4895
f 4893 4894 4898
f 4893 4898 4897
f 4894 4895 4899
f 4894 4899 4898
f 4895 4896 4900
f 4895 4900 4899
f 4897 4898 4902
f 4897 4902 4901
f 4898 4899 4903
f 4898 4903 4902
f 4899 4900 4904
f 4899 4904 4903
f 4905 4906 4910
f 4905 4910 4909
f 4906 4907 4911
f 4906 4911 4910
f 4907 4908 4912
f 4907 4912 4911
f 4909 4910 4914
f 4909 4914 4913
f 4910 4911 4915
f 4910 4915 4914
f 4911 4912 4916
f 4911 4916 4915
f 4913 4914 4918
f 4913 4918 4917
f 4914 4915 4919
f 4914 4919 4918
f 4915 4916 4920
f 4915 4920 4919
g 적재 선반 기둥_19
v 3.5500 0.0000 3.6500
v 3.5500 1.0667 3.6500
v 3.5500 2.1333 3.6500
v 3.5500 3.2000 3.6500
v 3.5833 0.0000 3.6500
v 3.5833 1.0667 3.6500
v 3.5833 2.1333 3.6500
v 3.5833 3.2000 3.6500
v 3.6167 0.0000 3.6500
v 3.6167 1.0667 3.6500
v 3.6167 2.1333 3.6500
v 3.6167 3.2000 3.6500
v 3.6500 0.0000 3.6500
v 3.6500 1.0667 3.6500
v 3.6500 2.1333 3.6500
v 3.6500 3.2000 3.6500
v 3.6500 0.0000 3.5500
v 3.6500 1.0667 3.5500
v 3.6500 2.1333 3.5500
v 3.6500 3.2000 3.5500
v 3.6167 0.0000 3.5500
v 3.6167 1.0667 3.5500
v 3.6167 2.1333 3.5500
v 3.6167 3.2000 3.5500
v 3.5833 0.0000 3.5500
v 3.5833 1.0667 3.5500
v 3.5833 2.1333 3.5500
v 3.5833 3.2000 3.5500
v 3.5500 0.0000 3.5500
v 3.5500 1.0667 3.5500
v 3.5500 2.1333 3.5500
v 3.5500 3.2000 3.5500
v 3.5500 0.0000 3.5500
v 3.5500 1.0667 3.5500
v 3.5500 2.1333 3.5500
v 3.5500 3.2000 3.5500
v 3.5500 0.0000 3.5833
v 3.5500 1.0667 3.5833
v 3.5500 2.1333 3.5833
v 3.5500 3.2000 3.5833
v 3.5500 0.0000 3.6167
v 3.5500 1.0667 3.6167
v 3.5500 2.1333 3.6167
v 3.5500 3.2000 3.6167
v 3.5500 0.0000 3.6500
v 3.5500 1.0667 3.6500
v 3.5500 2.1333 3.6500
v 3.5500 3.2000 3.6500
v 3.6500 0.0000 3.6500
v 3.6500 1.0667 3.6500
v 3.6500 2.1333 3.6500
v 3.6500 3.2000 3.6500
v 3.6500 0.0000 3.6167
v 3.6500 1.0667 3.6167
v 3.6500 2.1333 3.6167
v 3.6500 3.2000 3.6167
v 3.6500 0.0000 3.5833
v 3.6500 1.0667 3.5833
v 3.6500 2.1333 3.5833
v 3.6500 3.2000 3.5833
v 3.6500 0.0000 3.5500
v 3.6500 1.0667 3.5500
v 3.6500 2.1333 3.5500
v 3.6500 3.2000 3.5500
v 3.5500 3.2000 3.5500
v 3.5500 3.2000 3.5833
v 3.5500 3.2000 3.6167
v 3.5500 3.2000 3.6500
v 3.5833 3.2000 3.5500
v 3.5833 3.2000 3.5833
v 3.5833 3.2000 3.6167
v 3.5833 3.2000 3.6500
v 3.6167 3.2000 3.5500
v 3.6167 3.2000 3.5833
v 3.6167 3.2000 3.6167
v 3.6167 3.2000 3.6500
v 3.6500 3.2000 3.5500
v 3.6500 3.2000 3.5833
v 3.6500 3.2000 3.6167
v 3.6500 3.2000 3.6500
v 3.5500 0.0000 3.6500
v 3.5500 0.0000 3.6167
v 3.5500 0.0000 3.5833
v 3.5500 0.0000 3.5500
v 3.5833 0.0000 3.6500
v 3.5833 0.0000 3.6167
v 3.5833 0.0000 3.5833
v 3.5833 0.0000 3.5500
v 3.6167 0.0000 3.6500
v 3.6167 0.0000 3.6167
v 3.6167 0.0000 3.5833
v 3.6167 0.0000 3.5500
v 3.6500 0.0000 3.6500
v 3.6500 0.0000 3.6167
v 3.6500 0.0000 3.5833
v 3.6500 0.0000 3.5500
f 4921 4922 4926
f 4921 4926 4925
f 4922 4923 4927
f 4922 4927 4926
f 4923 4924 4928
f 4923 4928 4927
f 4925 4926 4930
f 4925 4930 4929
f 4926 4927 4931
f 4926 4931 4930
f 4927 4928 4932
f 4927 4932 4931
f 4929 4930 4934
f 4929 4934 4933
f 4930 4931 4935
f 4930 4935 4934
f 4931 4932 4936
f 4931 4936 4935
f 4937 4938 4942
f 4937 4942 4941
f 4938 4939 4943
f 4938 4943 4942
f 4939 4940 4944
f 4939 4944 4943
f 4941 4942 4946
f 4941 4946 4945
f 4942 4943 4947
f 4942 4947 4946
f 4943 4944 4948
f 4943 4948 4947
f 4945 4946 4950
f 4945 4950 4949
f 4946 4947 4951
f 4946 4951 4950
f 4947 4948 4952
f 4947 4952 4951
f 4953 4954 4958
f 4953 4958 4957
f 4954 4955 4959
f 4954 4959 4958
f 4955 4956 4960
f 4955 4960 4959
f 4957 4958 4962
f 4957 4962 4961
f 4958 4959 4963
f 4958 4963 4962
f 4959 4960 4964
f 4959 4964 4963
f 4961 4962 4966
f 4961 4966 4965
f 4962 4963 4967
f 4962 4967 4966
f 4963 4964 4968
f 4963 4968 4967
f 4969 4970 4974
f 4969 4974 4973
f 4970 4971 4975
f 4970 4975 4974
f 4971 4972 4976
f 4971 4976 4975
f 4973 4974 4978
f 4973 4978 4977
f 4974 4975 4979
f 4974 4979 4978
f 4975 4976 4980
f 4975 4980 4979
f 4977 4978 4982
f 4977 4982 4981
f 4978 4979 4983
f 4978 4983 4982
f 4979 4980 4984
f 4979 4984 4983
f 4985 4986 4990
f 4985 4990 4989
f 4986 4987 4991
f 4986 4991 4990
f 4987 4988 4992
f 4987 4992 4991
f 4989 4990 4994
f 4989 4994 4993
f 4990 4991 4995
f 4990 4995 4994
f 4991 4992 4996
f 4991 4996 4995
f 4993 4994 4998
f 4993 4998 4997
f 4994 4995 4999
f 4994 4999 4998
f 4995 4996 5000
f 4995 5000 4999
f 5001 5002 5006
f 5001 5006 5005
f 5002 5003 5007
f 5002 5007 5006
f 5003 5004 5008
f 5003 5008 5007
f 5005 5006 5010
f 5005 5010 5009
f 5006 5007 5011
f 5006 5011 5010
f 5007 5008 5012
f 5007 5012 5011
f 5009 5010 5014
f 5009 5014 5013
f 5010 5011 5015
f 5010 5015 5014
f 5011 5012 5016
f 5011 5016 5015
g 적재 선반 기둥_20
v 5.9500 0.0000 -3.5500
v 5.9500 1.0667 -3.5500
v 5.9500 2.1333 -3.5500
v 5.9500 3.2000 -3.5500
v 5.9833 0.0000 -3.5500
v 5.9833 1.0667 -3.5500
v 5.9833 2.1333 -3.5500
v 5.9833 3.2000 -3.5500
v 6.0167 0.0000 -3.5500
v 6.0167 1.0667 -3.5500
v 6.0167 2.1333 -3.5500
v 6.0167 3.2000 -3.5500
v 6.0500 0.0000 -3.5500
v 6.0500 1.0667 -3.5500
v 6.0500 2.1333 -3.5500
v 6.0500 3.2000 -3.5500
v 6.0500 0.0000 -3.6500
v 6.0500 1.0667 -3.6500
v 6.0500 2.1333 -3.6500
v 6.0500 3.2000 -3.6500
v 6.0167 0.0000 -3.6500
v 6.0167 1.0667 -3.6500
v 6.0167 2.1333 -3.6500
v 6.0167 3.2000 -3.6500
v 5.9833 0.0000 -3.6500
v 5.9833 1.0667 -3.6500
v 5.9833 2.1333 -3.6500
v 5.9833 3.2000 -3.6500
v 5.9500 0.0000 -3.6500
v 5.9500 1.0667 -3.6500
v 5.9500 2.1333 -3.6500
v 5.9500 3.2000 -3.6500
v 5.9500 0.0000 -3.6500
v 5.9500 1.0667 -3.6500
v 5.9500 2.1333 -3.6500
v 5.9500 3.2000 -3.6500
v 5.9500 0.0000 -3.6167
v 5.9500 1.0667 -3.6167
v 5.9500 2.1333 -3.6167
v 5.9500 3.2000 -3.6167
v 5.9500 0.0000 -3.5833
v 5.9500 1.0667 -3.5833
v 5.9500 2.1333 -3.5833
v 5.9500 3.2000 -3.5833
v 5.9500 0.0000 -3.5500
v 5.9500 1.0667 -3.5500
v 5.9500 2.1333 -3.5500
v 5.9500 3.2000 -3.5500
v 6.0500 0.0000 -3.5500
v 6.0500 1.0667 -3.5500
v 6.0500 2.1333 -3.5500
v 6.0500 3.2000 -3.5500
v 6.0500 0.0000 -3.5833
v 6.0500 1.0667 -3.5833
v 6.0500 2.1333 -3.5833
v 6.0500 3.2000 -3.5833
v 6.0500 0.0000 -3.6167
v 6.0500 1.0667 -3.6167
v 6.0500 2.1333 -3.6167
v 6.0500 3.2000 -3.6167
v 6.0500 0.0000 -3.6500
v 6.0500 1.0667 -3.6500
v 6.0500 2.1333 -3.6500
v 6.0500 3.2000 -3.6500
v 5.9500 3.2000 -3.6500
v 5.9500 3.2000 -3.6167
v 5.9500 3.2000 -3.5833
v 5.9500 3.2000 -3.5500
v 5.9833 3.2000 -3.6500
v 5.9833 3.2000 -3.6167
v 5.9833 3.2000 -3.5833
v 5.9833 3.2000 -3.5500
v 6.0167 3.2000 -3.6500
v 6.0167 3.2000 -3.6167
v 6.0167 3.2000 -3.5833
v 6.0167 3.2000 -3.5500
v 6.0500 3.2000 -3.6500
v 6.0500 3.2000 -3.6167
v 6.0500 3.2000 -3.5833
v 6.0500 3.2000 -3.5500
v 5.9500 0.0000 -3.5500
v 5.9500 0.0000 -3.5833
v 5.9500 0.0000 -3.6167
v 5.9500 0.0000 -3.6500
v 5.9833 0.0000 -3.5500
v 5.9833 0.0000 -3.5833
v 5.9833 0.0000 -3.6167
v 5.9833 0.0000 -3.6500
v 6.0167 0.0000 -3.5500
v 6.0167 0.0000 -3.5833
v 6.0167 0.0000 -3.6167
v 6.0167 0.0000 -3.6500
v 6.0500 0.0000 -3.5500
v 6.0500 0.0000 -3.5833
v 6.0500 0.0000 -3.6167
v 6.0500 0.0000 -3.6500
f 5017 5018 5022
f 5017 5022 5021
f 5018 5019 5023
f 5018 5023 5022
f 5019 5020 5024
f 5019 5024 5023
f 5021 5022 5026
f 5021 5026 5025
f 5022 5023 5027
f 5022 5027 5026
f 5023 5024 5028
f 5023 5028 5027
f 5025 5026 5030
f 5025 5030 5029
f 5026 5027 5031
f 5026 5031 5030
f 5027 5028 5032
f 5027 5032 5031
f 5033 5034 5038
f 5033 5038 5037
f 5034 5035 5039
f 5034 5039 5038
f 5035 5036 5040
f 5035 5040 5039
f 5037 5038 5042
f 5037 5042 5041
f 5038 5039 5043
f 5038 5043 5042
f 5039 5040 5044
f 5039 5044 5043
f 5041 5042 5046
f 5041 5046 5045
f 5042 5043 5047
f 5042 5047 5046
f 5043 5044 5048
f 5043 5048 5047
f 5049 5050 5054
f 5049 5054 5053
f 5050 5051 5055
f 5050 5055 5054
f 5051 5052 5056
f 5051 5056 5055
f 5053 5054 5058
f 5053 5058 5057
f 5054 5055 5059
f 5054 5059 5058
f 5055 5056 5060
f 5055 5060 5059
f 5057 5058 5062
f 5057 5062 5061
f 5058 5059 5063
f 5058 5063 5062
f 5059 5060 5064
f 5059 5064 5063
f 5065 5066 5070
f 5065 5070 5069
f 5066 5067 5071
f 5066 5071 5070
f 5067 5068 5072
f 5067 5072 5071
f 5069 5070 5074
f 5069 5074 5073
f 5070 5071 5075
f 5070 5075 5074
f 5071 5072 5076
f 5071 5076 5075
f 5073 5074 5078
f 5073 5078 5077
f 5074 5075 5079
f 5074 5079 5078
f 5075 5076 5080
f 5075 5080 5079
f 5081 5082 5086
f 5081 5086 5085
f 5082 5083 5087
f 5082 5087 5086
f 5083 5084 5088
f 5083 5088 5087
f 5085 5086 5090
f 5085 5090 5089
f 5086 5087 5091
f 5086 5091 5090
f 5087 5088 5092
f 5087 5092 5091
f 5089 5090 5094
f 5089 5094 5093
f 5090 5091 5095
f 5090 5095 5094
f 5091 5092 5096
f 5091 5096 5095
f 5097 5098 5102
f 5097 5102 5101
f 5098 5099 5103
f 5098 5103 5102
f 5099 5100 5104
f 5099 5104 5103
f 5101 5102 5106
f 5101 5106 5105
f 5102 5103 5107
f 5102 5107 5106
f 5103 5104 5108
f 5103 5108 5107
f 5105 5106 5110
f 5105 5110 5109
f 5106 5107 5111
f 5106 5111 5110
f 5107 5108 5112
f 5107 5112 5111
g 적재 선반 기둥_21
v 5.9500 0.0000 -1.1500
v 5.9500 1.0667 -1.1500
v 5.9500 2.1333 -1.1500
v 5.9500 3.2000 -1.1500
v 5.9833 0.0000 -1.1500
v 5.9833 1.0667 -1.1500
v 5.9833 2.1333 -1.1500
v 5.9833 3.2000 -1.1500
v 6.0167 0.0000 -1.1500
v 6.0167 1.0667 -1.1500
v 6.0167 2.1333 -1.1500
v 6.0167 3.2000 -1.1500
v 6.0500 0.0000 -1.1500
v 6.0500 1.0667 -1.1500
v 6.0500 2.1333 -1.1500
v 6.0500 3.2000 -1.1500
v 6.0500 0.0000 -1.2500
v 6.0500 1.0667 -1.2500
v 6.0500 2.1333 -1.2500
v 6.0500 3.2000 -1.2500
v 6.0167 0.0000 -1.2500
v 6.0167 1.0667 -1.2500
v 6.0167 2.1333 -1.2500
v 6.0167 3.2000 -1.2500
v 5.9833 0.0000 -1.2500
v 5.9833 1.0667 -1.2500
v 5.9833 2.1333 -1.2500
v 5.9833 3.2000 -1.2500
v 5.9500 0.0000 -1.2500
v 5.9500 1.0667 -1.2500
v 5.9500 2.1333 -1.2500
v 5.9500 3.2000 -1.2500
v 5.9500 0.0000 -1.2500
v 5.9500 1.0667 -1.2500
v 5.9500 2.1333 -1.2500
v 5.9500 3.2000 -1.2500
v 5.9500 0.0000 -1.2167
v 5.9500 1.0667 -1.2167
v 5.9500 2.1333 -1.2167
v 5.9500 3.2000 -1.2167
v 5.9500 0.0000 -1.1833
v 5.9500 1.0667 -1.1833
v 5.9500 2.1333 -1.1833
v 5.9500 3.2000 -1.1833
v 5.9500 0.0000 -1.1500
v 5.9500 1.0667 -1.1500
v 5.9500 2.1333 -1.1500
v 5.9500 3.2000 -1.1500
v 6.0500 0.0000 -1.1500
v 6.0500 1.0667 -1.1500
v 6.0500 2.1333 -1.1500
v 6.0500 3.2000 -1.1500
v 6.0500 0.0000 -1.1833
v 6.0500 1.0667 -1.1833
v 6.0500 2.1333 -1.1833
v 6.0500 3.2000 -1.1833
v 6.0500 0.0000 -1.2167
v 6.0500 1.0667 -1.2167
v 6.0500 2.1333 -1.2167
v 6.0500 3.2000 -1.2167
v 6.0500 0.0000 -1.2500
v 6.0500 1.0667 -1.2500
v 6.0500 2.1333 -1.2500
v 6.0500 3.2000 -1.2500
v 5.9500 3.2000 -1.2500
v 5.9500 3.2000 -1.2167
v 5.9500 3.2000 -1.1833
v 5.9500 3.2000 -1.1500
v 5.9833 3.2000 -1.2500
v 5.9833 3.2000 -1.2167
v 5.9833 3.2000 -1.1833
v 5.9833 3.2000 -1.1500
v 6.0167 3.2000 -1.2500
v 6.0167 3.2000 -1.2167
v 6.0167 3.2000 -1.1833
v 6.0167 3.2000 -1.1500
v 6.0500 3.2000 -1.2500
v 6.0500 3.2000 -1.2167
v 6.0500 3.2000 -1.1833
v 6.0500 3.2000 -1.1500
v 5.9500 0.0000 -1.1500
v 5.9500 0.0000 -1.1833
v 5.9500 0.0000 -1.2167
v 5.9500 0.0000 -1.2500
v 5.9833 0.0000 -1.1500
v 5.9833 0.0000 -1.1833
v 5.9833 0.0000 -1.2167
v 5.9833 0.0000 -1.2500
v 6.0167 0.0000 -1.1500
v 6.0167 0.0000 -1.1833
v 6.0167 0.0000 -1.2167
v 6.0167 0.0000 -1.2500
v 6.0500 0.0000 -1.1500
v 6.0500 0.0000 -1.1833
v 6.0500 0.0000 -1.2167
v 6.0500 0.0000 -1.2500
f 5113 5114 5118
f 5113 5118 5117
f 5114 5115 5119
f 5114 5119 5118
f 5115 5116 5120
f 5115 5120 5119
f 5117 5118 5122
f 5117 5122 5121
f 5118 5119 5123
f 5118 5123 5122
f 5119 5120 5124
f 5119 5124 5123
f 5121 5122 5126
f 5121 5126 5125
f 5122 5123 5127
f 5122 5127 5126
f 5123 5124 5128
f 5123 5128 5127
f 5129 5130 5134
f 5129 5134 5133
f 5130 5131 5135
f 5130 5135 5134
f 5131 5132 5136
f 5131 5136 5135
f 5133 5134 5138
f 5133 5138 5137
f 5134 5135 5139
f 5134 5139 5138
f 5135 5136 5140
f 5135 5140 5139
f 5137 5138 5142
f 5137 5142 5141
f 5138 5139 5143
f 5138 5143 5142
f 5139 5140 5144
f 5139 5144 5143
f 5145 5146 5150
f 5145 5150 5149
f 5146 5147 5151
f 5146 5151 5150
f 5147 5148 5152
f 5147 5152 5151
f 5149 5150 5154
f 5149 5154 5153
f 5150 5151 5155
f 5150 5155 5154
f 5151 5152 5156
f 5151 5156 5155
f 5153 5154 5158
f 5153 5158 5157
f 5154 5155 5159
f 5154 5159 5158
f 5155 5156 5160
f 5155 5160 5159
f 5161 5162 5166
f 5161 5166 5165
f 5162 5163 5167
f 5162 5167 5166
f 5163 5164 5168
f 5163 5168 5167
f 5165 5166 5170
f 5165 5170 5169
f 5166 5167 5171
f 5166 5171 5170
f 5167 5168 5172
f 5167 5172 5171
f 5169 5170 5174
f 5169 5174 5173
f 5170 5171 5175
f 5170 5175 5174
f 5171 5172 5176
f 5171 5176 5175
f 5177 5178 5182
f 5177 5182 5181
f 5178 5179 5183
f 5178 5183 5182
f 5179 5180 5184
f 5179 5184 5183
f 5181 5182 5186
f 5181 5186 5185
f 5182 5183 5187
f 5182 5187 5186
f 5183 5184 5188
f 5183 5188 5187
f 5185 5186 5190
f 5185 5190 5189
f 5186 5187 5191
f 5186 5191 5190
f 5187 5188 5192
f 5187 5192 5191
f 5193 5194 5198
f 5193 5198 5197
f 5194 5195 5199
f 5194 5199 5198
f 5195 5196 5200
f 5195 5200 5199
f 5197 5198 5202
f 5197 5202 5201
f 5198 5199 5203
f 5198 5203 5202
f 5199 5200 5204
f 5199 5204 5203
f 5201 5202 5206
f 5201 5206 5205
f 5202 5203 5207
f 5202 5207 5206
f 5203 5204 5208
f 5203 5208 5207
g 적재 선반 기둥_22
v 5.9500 0.0000 1.2500
v 5.9500 1.0667 1.2500
v 5.9500 2.1333 1.2500
v 5.9500 3.2000 1.2500
v 5.9833 0.0000 1.2500
v 5.9833 1.0667 1.2500
v 5.9833 2.1333 1.2500
v 5.9833 3.2000 1.2500
v 6.0167 0.0000 1.2500
v 6.0167 1.0667 1.2500
v 6.0167 2.1333 1.2500
v 6.0167 3.2000 1.2500
v 6.0500 0.0000 1.2500
v 6.0500 1.0667 1.2500
v 6.0500 2.1333 1.2500
v 6.0500 3.2000 1.2500
v 6.0500 0.0000 1.1500
v 6.0500 1.0667 1.1500
v 6.0500 2.1333 1.1500
v 6.0500 3.2000 1.1500
v 6.0167 0.0000 1.1500
v 6.0167 1.0667 1.1500
v 6.0167 2.1333 1.1500
v 6.0167 3.2000 1.1500
v 5.9833 0.0000 1.1500
v 5.9833 1.0667 1.1500
v 5.9833 2.1333 1.1500
v 5.9833 3.2000 1.1500
v 5.9500 0.0000 1.1500
v 5.9500 1.0667 1.1500
v 5.9500 2.1333 1.1500
v 5.9500 3.2000 1.1500
v 5.9500 0.0000 1.1500
v 5.9500 1.0667 1.1500
v 5.9500 2.1333 1.1500
v 5.9500 3.2000 1.1500
v 5.9500 0.0000 1.1833
v 5.9500 1.0667 1.1833
v 5.9500 2.1333 1.1833
v 5.9500 3.2000 1.1833
v 5.9500 0.0000 1.2167
v 5.9500 1.0667 1.2167
v 5.9500 2.1333 1.2167
v 5.9500 3.2000 1.2167
v 5.9500 0.0000 1.2500
v 5.9500 1.0667 1.2500
v 5.9500 2.1333 1.2500
v 5.9500 3.2000 1.2500
v 6.0500 0.0000 1.2500
v 6.0500 1.0667 1.2500
v 6.0500 2.1333 1.2500
v 6.0500 3.2000 1.2500
v 6.0500 0.0000 1.2167
v 6.0500 1.0667 1.2167
v 6.0500 2.1333 1.2167
v 6.0500 3.2000 1.2167
v 6.0500 0.0000 1.1833
v 6.0500 1.0667 1.1833
v 6.0500 2.1333 1.1833
v 6.0500 3.2000 1.1833
v 6.0500 0.0000 1.1500
v 6.0500 1.0667 1.1500
v 6.0500 2.1333 1.1500
v 6.0500 3.2000 1.1500
v 5.9500 3.2000 1.1500
v 5.9500 3.2000 1.1833
v 5.9500 3.2000 1.2167
v 5.9500 3.2000 1.2500
v 5.9833 3.2000 1.1500
v 5.9833 3.2000 1.1833
v 5.9833 3.2000 1.2167
v 5.9833 3.2000 1.2500
v 6.0167 3.2000 1.1500
v 6.0167 3.2000 1.1833
v 6.0167 3.2000 1.2167
v 6.0167 3.2000 1.2500
v 6.0500 3.2000 1.1500
v 6.0500 3.2000 1.1833
v 6.0500 3.2000 1.2167
v 6.0500 3.2000 1.2500
v 5.9500 0.0000 1.2500
v 5.9500 0.0000 1.2167
v 5.9500 0.0000 1.1833
v 5.9500 0.0000 1.1500
v 5.9833 0.0000 1.2500
v 5.9833 0.0000 1.2167
v 5.9833 0.0000 1.1833
v 5.9833 0.0000 1.1500
v 6.0167 0.0000 1.2500
v 6.0167 0.0000 1.2167
v 6.0167 0.0000 1.1833
v 6.0167 0.0000 1.1500
v 6.0500 0.0000 1.2500
v 6.0500 0.0000 1.2167
v 6.0500 0.0000 1.1833
v 6.0500 0.0000 1.1500
f 5209 5210 5214
f 5209 5214 5213
f 5210 5211 5215
f 5210 5215 5214
f 5211 5212 5216
f 5211 5216 5215
f 5213 5214 5218
f 5213 5218 5217
f 5214 5215 5219
f 5214 5219 5218
f 5215 5216 5220
f 5215 5220 5219
f 5217 5218 5222
f 5217 5222 5221
f 5218 5219 5223
f 5218 5223 5222
f 5219 5220 5224
f 5219 5224 5223
f 5225 5226 5230
f 5225 5230 5229
f 5226 5227 5231
f 5226 5231 5230
f 5227 5228 5232
f 5227 5232 5231
f 5229 5230 5234
f 5229 5234 5233
f 5230 5231 5235
f 5230 5235 5234
f 5231 5232 5236
f 5231 5236 5235
f 5233 5234 5238
f 5233 5238 5237
f 5234 5235 5239
f 5234 5239 5238
f 5235 5236 5240
f 5235 5240 5239
f 5241 5242 5246
f 5241 5246 5245
f 5242 5243 5247
f 5242 5247 5246
f 5243 5244 5248
f 5243 5248 5247
f 5245 5246 5250
f 5245 5250 5249
f 5246 5247 5251
f 5246 5251 5250
f 5247 5248 5252
f 5247 5252 5251
f 5249 5250 5254
f 5249 5254 5253
f 5250 5251 5255
f 5250 5255 5254
f 5251 5252 5256
f 5251 5256 5255
f 5257 5258 5262
f 5257 5262 5261
f 5258 5259 5263
f 5258 5263 5262
f 5259 5260 5264
f 5259 5264 5263
f 5261 5262 5266
f 5261 5266 5265
f 5262 5263 5267
f 5262 5267 5266
f 5263 5264 5268
f 5263 5268 5267
f 5265 5266 5270
f 5265 5270 5269
f 5266 5267 5271
f 5266 5271 5270
f 5267 5268 5272
f 5267 5272 5271
f 5273 5274 5278
f 5273 5278 5277
f 5274 5275 5279
f 5274 5279 5278
f 5275 5276 5280
f 5275 5280 5279
f 5277 5278 5282
f 5277 5282 5281
f 5278 5279 5283
f 5278 5283 5282
f 5279 5280 5284
f 5279 5284 5283
f 5281 5282 5286
f 5281 5286 5285
f 5282 5283 5287
f 5282 5287 5286
f 5283 5284 5288
f 5283 5288 5287
f 5289 5290 5294
f 5289 5294 5293
f 5290 5291 5295
f 5290 5295 5294
f 5291 5292 5296
f 5291 5296 5295
f 5293 5294 5298
f 5293 5298 5297
f 5294 5295 5299
f 5294 5299 5298
f 5295 5296 5300
f 5295 5300 5299
f 5297 5298 5302
f 5297 5302 5301
f 5298 5299 5303
f 5298 5303 5302
f 5299 5300 5304
f 5299 5304 5303
g 적재 선반 기둥_23
v 5.9500 0.0000 3.6500
v 5.9500 1.0667 3.6500
v 5.9500 2.1333 3.6500
v 5.9500 3.2000 3.6500
v 5.9833 0.0000 3.6500
v 5.9833 1.0667 3.6500
v 5.9833 2.1333 3.6500
v 5.9833 3.2000 3.6500
v 6.0167 0.0000 3.6500
v 6.0167 1.0667 3.6500
v 6.0167 2.1333 3.6500
v 6.0167 3.2000 3.6500
v 6.0500 0.0000 3.6500
v 6.0500 1.0667 3.6500
v 6.0500 2.1333 3.6500
v 6.0500 3.2000 3.6500
v 6.0500 0.0000 3.5500
v 6.0500 1.0667 3.5500
v 6.0500 2.1333 3.5500
v 6.0500 3.2000 3.5500
v 6.0167 0.0000 3.5500
v 6.0167 1.0667 3.5500
v 6.0167 2.1333 3.5500
v 6.0167 3.2000 3.5500
v 5.9833 0.0000 3.5500
v 5.9833 1.0667 3.5500
v 5.9833 2.1333 3.5500
v 5.9833 3.2000 3.5500
v 5.9500 0.0000 3.5500
v 5.9500 1.0667 3.5500
v 5.9500 2.1333 3.5500
v 5.9500 3.2000 3.5500
v 5.9500 0.0000 3.5500
v 5.9500 1.0667 3.5500
v 5.9500 2.1333 3.5500
v 5.9500 3.2000 3.5500
v 5.9500 0.0000 3.5833
v 5.9500 1.0667 3.5833
v 5.9500 2.1333 3.5833
v 5.9500 3.2000 3.5833
v 5.9500 0.0000 3.6167
v 5.9500 1.0667 3.6167
v 5.9500 2.1333 3.6167
v 5.9500 3.2000 3.6167
v 5.9500 0.0000 3.6500
v 5.9500 1.0667 3.6500
v 5.9500 2.1333 3.6500
v 5.9500 3.2000 3.6500
v 6.0500 0.0000 3.6500
v 6.0500 1.0667 3.6500
v 6.0500 2.1333 3.6500
v 6.0500 3.2000 3.6500
v 6.0500 0.0000 3.6167
v 6.0500 1.0667 3.6167
v 6.0500 2.1333 3.6167
v 6.0500 3.2000 3.6167
v 6.0500 0.0000 3.5833
v 6.0500 1.0667 3.5833
v 6.0500 2.1333 3.5833
v 6.0500 3.2000 3.5833
v 6.0500 0.0000 3.5500
v 6.0500 1.0667 3.5500
v 6.0500 2.1333 3.5500
v 6.0500 3.2000 3.5500
v 5.9500 3.2000 3.5500
v 5.9500 3.2000 3.5833
v 5.9500 3.2000 3.6167
v 5.9500 3.2000 3.6500
v 5.9833 3.2000 3.5500
v 5.9833 3.2000 3.5833
v 5.9833 3.2000 3.6167
v 5.9833 3.2000 3.6500
v 6.0167 3.2000 3.5500
v 6.0167 3.2000 3.5833
v 6.0167 3.2000 3.6167
v 6.0167 3.2000 3.6500
v 6.0500 3.2000 3.5500
v 6.0500 3.2000 3.5833
v 6.0500 3.2000 3.6167
v 6.0500 3.2000 3.6500
v 5.9500 0.0000 3.6500
v 5.9500 0.0000 3.6167
v 5.9500 0.0000 3.5833
v 5.9500 0.0000 3.5500
v 5.9833 0.0000 3.6500
v 5.9833 0.0000 3.6167
v 5.9833 0.0000 3.5833
v 5.9833 0.0000 3.5500
v 6.0167 0.0000 3.6500
v 6.0167 0.0000 3.6167
v 6.0167 0.0000 3.5833
v 6.0167 0.0000 3.5500
v 6.0500 0.0000 3.6500
v 6.0500 0.0000 3.6167
v 6.0500 0.0000 3.5833
v 6.0500 0.0000 3.5500
f 5305 5306 5310
f 5305 5310 5309
f 5306 5307 5311
f 5306 5311 5310
f 5307 5308 5312
f 5307 5312 5311
f 5309 5310 5314
f 5309 5314 5313
f 5310 5311 5315
f 5310 5315 5314
f 5311 5312 5316
f 5311 5316 5315
f 5313 5314 5318
f 5313 5318 5317
f 5314 5315 5319
f 5314 5319 5318
f 5315 5316 5320
f 5315 5320 5319
f 5321 5322 5326
f 5321 5326 5325
f 5322 5323 5327
f 5322 5327 5326
f 5323 5324 5328
f 5323 5328 5327
f 5325 5326 5330
f 5325 5330 5329
f 5326 5327 5331
f 5326 5331 5330
f 5327 5328 5332
f 5327 5332 5331
f 5329 5330 5334
f 5329 5334 5333
f 5330 5331 5335
f 5330 5335 5334
f 5331 5332 5336
f 5331 5336 5335
f 5337 5338 5342
f 5337 5342 5341
f 5338 5339 5343
f 5338 5343 5342
f 5339 5340 5344
f 5339 5344 5343
f 5341 5342 5346
f 5341 5346 5345
f 5342 5343 5347
f 5342 5347 5346
f 5343 5344 5348
f 5343 5348 5347
f 5345 5346 5350
f 5345 5350 5349
f 5346 5347 5351
f 5346 5351 5350
f 5347 5348 5352
f 5347 5352 5351
f 5353 5354 5358
f 5353 5358 5357
f 5354 5355 5359
f 5354 5359 5358
f 5355 5356 5360
f 5355 5360 5359
f 5357 5358 5362
f 5357 5362 5361
f 5358 5359 5363
f 5358 5363 5362
f 5359 5360 5364
f 5359 5364 5363
f 5361 5362 5366
f 5361 5366 5365
f 5362 5363 5367
f 5362 5367 5366
f 5363 5364 5368
f 5363 5368 5367
f 5369 5370 5374
f 5369 5374 5373
f 5370 5371 5375
f 5370 5375 5374
f 5371 5372 5376
f 5371 5376 5375
f 5373 5374 5378
f 5373 5378 5377
f 5374 5375 5379
f 5374 5379 5378
f 5375 5376 5380
f 5375 5380 5379
f 5377 5378 5382
f 5377 5382 5381
f 5378 5379 5383
f 5378 5383 5382
f 5379 5380 5384
f 5379 5384 5383
f 5385 5386 5390
f 5385 5390 5389
f 5386 5387 5391
f 5386 5391 5390
f 5387 5388 5392
f 5387 5392 5391
f 5389 5390 5394
f 5389 5394 5393
f 5390 5391 5395
f 5390 5395 5394
f 5391 5392 5396
f 5391 5396 5395
f 5393 5394 5398
f 5393 5398 5397
f 5394 5395 5399
f 5394 5399 5398
f 5395 5396 5400
f 5395 5400 5399
g 선반 단_0
v -5.9500 0.5700 -3.1000
v -5.9500 0.5900 -3.1000
v -5.9500 0.6100 -3.1000
v -5.9500 0.6300 -3.1000
v -5.1833 0.5700 -3.1000
v -5.1833 0.5900 -3.1000
v -5.1833 0.6100 -3.1000
v -5.1833 0.6300 -3.1000
v -4.4167 0.5700 -3.1000
v -4.4167 0.5900 -3.1000
v -4.4167 0.6100 -3.1000
v -4.4167 0.6300 -3.1000
v -3.6500 0.5700 -3.1000
v -3.6500 0.5900 -3.1000
v -3.6500 0.6100 -3.1000
v -3.6500 0.6300 -3.1000
v -3.6500 0.5700 -4.1000
v -3.6500 0.5900 -4.1000
v -3.6500 0.6100 -4.1000
v -3.6500 0.6300 -4.1000
v -4.4167 0.5700 -4.1000
v -4.4167 0.5900 -4.1000
v -4.4167 0.6100 -4.1000
v -4.4167 0.6300 -4.1000
v -5.1833 0.5700 -4.1000
v -5.1833 0.5900 -4.1000
v -5.1833 0.6100 -4.1000
v -5.1833 0.6300 -4.1000
v -5.9500 0.5700 -4.1000
v -5.9500 0.5900 -4.1000
v -5.9500 0.6100 -4.1000
v -5.9500 0.6300 -4.1000
v -5.9500 0.5700 -4.1000
v -5.9500 0.5900 -4.1000
v -5.9500 0.6100 -4.1000
v -5.9500 0.6300 -4.1000
v -5.9500 0.5700 -3.7667
v -5.9500 0.5900 -3.7667
v -5.9500 0.6100 -3.7667
v -5.9500 0.6300 -3.7667
v -5.9500 0.5700 -3.4333
v -5.9500 0.5900 -3.4333
v -5.9500 0.6100 -3.4333
v -5.9500 0.6300 -3.4333
v -5.9500 0.5700 -3.1000
v -5.9500 0.5900 -3.1000
v -5.9500 0.6100 -3.1000
v -5.9500 0.6300 -3.1000
v -3.6500 0.5700 -3.1000
v -3.6500 0.5900 -3.1000
v -3.6500 0.6100 -3.1000
v -3.6500 0.6300 -3.1000
v -3.6500 0.5700 -3.4333
v -3.6500 0.5900 -3.4333
v -3.6500 0.6100 -3.4333
v -3.6500 0.6300 -3.4333
v -3.6500 0.5700 -3.7667
v -3.6500 0.5900 -3.7667
v -3.6500 0.6100 -3.7667
v -3.6500 0.6300 -3.7667
v -3.6500 0.5700 -4.1000
v -3.6500 0.5900 -4.1000
v -3.6500 0.6100 -4.1000
v -3.6500 0.6300 -4.1000
v -5.9500 0.6300 -4.1000
v -5.9500 0.6300 -3.7667
v -5.9500 0.6300 -3.4333
v -5.9500 0.6300 -3.1000
v -5.1833 0.6300 -4.1000
v -5.1833 0.6300 -3.7667
v -5.1833 0.6300 -3.4333
v -5.1833 0.6300 -3.1000
v -4.4167 0.6300 -4.1000
v -4.4167 0.6300 -3.7667
v -4.4167 0.6300 -3.4333
v -4.4167 0.6300 -3.1000
v -3.6500 0.6300 -4.1000
v -3.6500 0.6300 -3.7667
v -3.6500 0.6300 -3.4333
v -3.6500 0.6300 -3.1000
v -5.9500 0.5700 -3.1000
v -5.9500 0.5700 -3.4333
v -5.9500 0.5700 -3.7667
v -5.9500 0.5700 -4.1000
v -5.1833 0.5700 -3.1000
v -5.1833 0.5700 -3.4333
v -5.1833 0.5700 -3.7667
v -5.1833 0.5700 -4.1000
v -4.4167 0.5700 -3.1000
v -4.4167 0.5700 -3.4333
v -4.4167 0.5700 -3.7667
v -4.4167 0.5700 -4.1000
v -3.6500 0.5700 -3.1000
v -3.6500 0.5700 -3.4333
v -3.6500 0.5700 -3.7667
v -3.6500 0.5700 -4.1000
f 5401 5402 5406
f 5401 5406 5405
f 5402 5403 5407
f 5402 5407 5406
f 5403 5404 5408
f 5403 5408 5407
f 5405 5406 5410
f 5405 5410 5409
f 5406 5407 5411
f 5406 5411 5410
f 5407 5408 5412
f 5407 5412 5411
f 5409 5410 5414
f 5409 5414 5413
f 5410 5411 5415
f 5410 5415 5414
f 5411 5412 5416
f 5411 5416 5415
f 5417 5418 5422
f 5417 5422 5421
f 5418 5419 5423
f 5418 5423 5422
f 5419 5420 5424
f 5419 5424 5423
f 5421 5422 5426
f 5421 5426 5425
f 5422 5423 5427
f 5422 5427 5426
f 5423 5424 5428
f 5423 5428 5427
f 5425 5426 5430
f 5425 5430 5429
f 5426 5427 5431
f 5426 5431 5430
f 5427 5428 5432
f 5427 5432 5431
f 5433 5434 5438
f 5433 5438 5437
f 5434 5435 5439
f 5434 5439 5438
f 5435 5436 5440
f 5435 5440 5439
f 5437 5438 5442
f 5437 5442 5441
f 5438 5439 5443
f 5438 5443 5442
f 5439 5440 5444
f 5439 5444 5443
f 5441 5442 5446
f 5441 5446 5445
f 5442 5443 5447
f 5442 5447 5446
f 5443 5444 5448
f 5443 5448 5447
f 5449 5450 5454
f 5449 5454 5453
f 5450 5451 5455
f 5450 5455 5454
f 5451 5452 5456
f 5451 5456 5455
f 5453 5454 5458
f 5453 5458 5457
f 5454 5455 5459
f 5454 5459 5458
f 5455 5456 5460
f 5455 5460 5459
f 5457 5458 5462
f 5457 5462 5461
f 5458 5459 5463
f 5458 5463 5462
f 5459 5460 5464
f 5459 5464 5463
f 5465 5466 5470
f 5465 5470 5469
f 5466 5467 5471
f 5466 5471 5470
f 5467 5468 5472
f 5467 5472 5471
f 5469 5470 5474
f 5469 5474 5473
f 5470 5471 5475
f 5470 5475 5474
f 5471 5472 5476
f 5471 5476 5475
f 5473 5474 5478
f 5473 5478 5477
f 5474 5475 5479
f 5474 5479 5478
f 5475 5476 5480
f 5475 5480 5479
f 5481 5482 5486
f 5481 5486 5485
f 5482 5483 5487
f 5482 5487 5486
f 5483 5484 5488
f 5483 5488 5487
f 5485 5486 5490
f 5485 5490 5489
f 5486 5487 5491
f 5486 5491 5490
f 5487 5488 5492
f 5487 5492 5491
f 5489 5490 5494
f 5489 5494 5493
f 5490 5491 5495
f 5490 5495 5494
f 5491 5492 5496
f 5491 5496 5495
g 선반 단_1
v -5.9500 0.5700 -0.7000
v -5.9500 0.5900 -0.7000
v -5.9500 0.6100 -0.7000
v -5.9500 0.6300 -0.7000
v -5.1833 0.5700 -0.7000
v -5.1833 0.5900 -0.7000
v -5.1833 0.6100 -0.7000
v -5.1833 0.6300 -0.7000
v -4.4167 0.5700 -0.7000
v -4.4167 0.5900 -0.7000
v -4.4167 0.6100 -0.7000
v -4.4167 0.6300 -0.7000
v -3.6500 0.5700 -0.7000
v -3.6500 0.5900 -0.7000
v -3.6500 0.6100 -0.7000
v -3.6500 0.6300 -0.7000
v -3.6500 0.5700 -1.7000
v -3.6500 0.5900 -1.7000
v -3.6500 0.6100 -1.7000
v -3.6500 0.6300 -1.7000
v -4.4167 0.5700 -1.7000
v -4.4167 0.5900 -1.7000
v -4.4167 0.6100 -1.7000
v -4.4167 0.6300 -1.7000
v -5.1833 0.5700 -1.7000
v -5.1833 0.5900 -1.7000
v -5.1833 0.6100 -1.7000
v -5.1833 0.6300 -1.7000
v -5.9500 0.5700 -1.7000
v -5.9500 0.5900 -1.7000
v -5.9500 0.6100 -1.7000
v -5.9500 0.6300 -1.7000
v -5.9500 0.5700 -1.7000
v -5.9500 0.5900 -1.7000
v -5.9500 0.6100 -1.7000
v -5.9500 0.6300 -1.7000
v -5.9500 0.5700 -1.3667
v -5.9500 0.5900 -1.3667
v -5.9500 0.6100 -1.3667
v -5.9500 0.6300 -1.3667
v -5.9500 0.5700 -1.0333
v -5.9500 0.5900 -1.0333
v -5.9500 0.6100 -1.0333
v -5.9500 0.6300 -1.0333
v -5.9500 0.5700 -0.7000
v -5.9500 0.5900 -0.7000
v -5.9500 0.6100 -0.7000
v -5.9500 0.6300 -0.7000
v -3.6500 0.5700 -0.7000
v -3.6500 0.5900 -0.7000
v -3.6500 0.6100 -0.7000
v -3.6500 0.6300 -0.7000
v -3.6500 0.5700 -1.0333
v -3.6500 0.5900 -1.0333
v -3.6500 0.6100 -1.0333
v -3.6500 0.6300 -1.0333
v -3.6500 0.5700 -1.3667
v -3.6500 0.5900 -1.3667
v -3.6500 0.6100 -1.3667
v -3.6500 0.6300 -1.3667
v -3.6500 0.5700 -1.7000
v -3.6500 0.5900 -1.7000
v -3.6500 0.6100 -1.7000
v -3.6500 0.6300 -1.7000
v -5.9500 0.6300 -1.7000
v -5.9500 0.6300 -1.3667
v -5.9500 0.6300 -1.0333
v -5.9500 0.6300 -0.7000
v -5.1833 0.6300 -1.7000
v -5.1833 0.6300 -1.3667
v -5.1833 0.6300 -1.0333
v -5.1833 0.6300 -0.7000
v -4.4167 0.6300 -1.7000
v -4.4167 0.6300 -1.3667
v -4.4167 0.6300 -1.0333
v -4.4167 0.6300 -0.7000
v -3.6500 0.6300 -1.7000
v -3.6500 0.6300 -1.3667
v -3.6500 0.6300 -1.0333
v -3.6500 0.6300 -0.7000
v -5.9500 0.5700 -0.7000
v -5.9500 0.5700 -1.0333
v -5.9500 0.5700 -1.3667
v -5.9500 0.5700 -1.7000
v -5.1833 0.5700 -0.7000
v -5.1833 0.5700 -1.0333
v -5.1833 0.5700 -1.3667
v -5.1833 0.5700 -1.7000
v -4.4167 0.5700 -0.7000
v -4.4167 0.5700 -1.0333
v -4.4167 0.5700 -1.3667
v -4.4167 0.5700 -1.7000
v -3.6500 0.5700 -0.7000
v -3.6500 0.5700 -1.0333
v -3.6500 0.5700 -1.3667
v -3.6500 0.5700 -1.7000
f 5497 5498 5502
f 5497 5502 5501
f 5498 5499 5503
f 5498 5503 5502
f 5499 5500 5504
f 5499 5504 5503
f 5501 5502 5506
f 5501 5506 5505
f 5502 5503 5507
f 5502 5507 5506
f 5503 5504 5508
f 5503 5508 5507
f 5505 5506 5510
f 5505 5510 5509
f 5506 5507 5511
f 5506 5511 5510
f 5507 5508 5512
f 5507 5512 5511
f 5513 5514 5518
f 5513 5518 5517
f 5514 5515 5519
f 5514 5519 5518
f 5515 5516 5520
f 5515 5520 5519
f 5517 5518 5522
f 5517 5522 5521
f 5518 5519 5523
f 5518 5523 5522
f 5519 5520 5524
f 5519 5524 5523
f 5521 5522 5526
f 5521 5526 5525
f 5522 5523 5527
f 5522 5527 5526
f 5523 5524 5528
f 5523 5528 5527
f 5529 5530 5534
f 5529 5534 5533
f 5530 5531 5535
f 5530 5535 5534
f 5531 5532 5536
f 5531 5536 5535
f 5533 5534 5538
f 5533 5538 5537
f 5534 5535 5539
f 5534 5539 5538
f 5535 5536 5540
f 5535 5540 5539
f 5537 5538 5542
f 5537 5542 5541
f 5538 5539 5543
f 5538 5543 5542
f 5539 5540 5544
f 5539 5544 5543
f 5545 5546 5550
f 5545 5550 5549
f 5546 5547 5551
f 5546 5551 5550
f 5547 5548 5552
f 5547 5552 5551
f 5549 5550 5554
f 5549 5554 5553
f 5550 5551 5555
f 5550 5555 5554
f 5551 5552 5556
f 5551 5556 5555
f 5553 5554 5558
f 5553 5558 5557
f 5554 5555 5559
f 5554 5559 5558
f 5555 5556 5560
f 5555 5560 5559
f 5561 5562 5566
f 5561 5566 5565
f 5562 5563 5567
f 5562 5567 5566
f 5563 5564 5568
f 5563 5568 5567
f 5565 5566 5570
f 5565 5570 5569
f 5566 5567 5571
f 5566 5571 5570
f 5567 5568 5572
f 5567 5572 5571
f 5569 5570 5574
f 5569 5574 5573
f 5570 5571 5575
f 5570 5575 5574
f 5571 5572 5576
f 5571 5576 5575
f 5577 5578 5582
f 5577 5582 5581
f 5578 5579 5583
f 5578 5583 5582
f 5579 5580 5584
f 5579 5584 5583
f 5581 5582 5586
f 5581 5586 5585
f 5582 5583 5587
f 5582 5587 5586
f 5583 5584 5588
f 5583 5588 5587
f 5585 5586 5590
f 5585 5590 5589
f 5586 5587 5591
f 5586 5591 5590
f 5587 5588 5592
f 5587 5592 5591
g 선반 단_2
v -5.9500 0.5700 1.7000
v -5.9500 0.5900 1.7000
v -5.9500 0.6100 1.7000
v -5.9500 0.6300 1.7000
v -5.1833 0.5700 1.7000
v -5.1833 0.5900 1.7000
v -5.1833 0.6100 1.7000
v -5.1833 0.6300 1.7000
v -4.4167 0.5700 1.7000
v -4.4167 0.5900 1.7000
v -4.4167 0.6100 1.7000
v -4.4167 0.6300 1.7000
v -3.6500 0.5700 1.7000
v -3.6500 0.5900 1.7000
v -3.6500 0.6100 1.7000
v -3.6500 0.6300 1.7000
v -3.6500 0.5700 0.7000
v -3.6500 0.5900 0.7000
v -3.6500 0.6100 0.7000
v -3.6500 0.6300 0.7000
v -4.4167 0.5700 0.7000
v -4.4167 0.5900 0.7000
v -4.4167 0.6100 0.7000
v -4.4167 0.6300 0.7000
v -5.1833 0.5700 0.7000
v -5.1833 0.5900 0.7000
v -5.1833 0.6100 0.7000
v -5.1833 0.6300 0.7000
v -5.9500 0.5700 0.7000
v -5.9500 0.5900 0.7000
v -5.9500 0.6100 0.7000
v -5.9500 0.6300 0.7000
v -5.9500 0.5700 0.7000
v -5.9500 0.5900 0.7000
v -5.9500 0.6100 0.7000
v -5.9500 0.6300 0.7000
v -5.9500 0.5700 1.0333
v -5.9500 0.5900 1.0333
v -5.9500 0.6100 1.0333
v -5.9500 0.6300 1.0333
v -5.9500 0.5700 1.3667
v -5.9500 0.5900 1.3667
v -5.9500 0.6100 1.3667
v -5.9500 0.6300 1.3667
v -5.9500 0.5700 1.7000
v -5.9500 0.5900 1.7000
v -5.9500 0.6100 1.7000
v -5.9500 0.6300 1.7000
v -3.6500 0.5700 1.7000
v -3.6500 0.5900 1.7000
v -3.6500 0.6100 1.7000
v -3.6500 0.6300 1.7000
v -3.6500 0.5700 1.3667
v -3.6500 0.5900 1.3667
v -3.6500 0.6100 1.3667
v -3.6500 0.6300 1.3667
v -3.6500 0.5700 1.0333
v -3.6500 0.5900 1.0333
v -3.6500 0.6100 1.0333
v -3.6500 0.6300 1.0333
v -3.6500 0.5700 0.7000
v -3.6500 0.5900 0.7000
v -3.6500 0.6100 0.7000
v -3.6500 0.6300 0.7000
v -5.9500 0.6300 0.7000
v -5.9500 0.6300 1.0333
v -5.9500 0.6300 1.3667
v -5.9500 0.6300 1.7000
v -5.1833 0.6300 0.7000
v -5.1833 0.6300 1.0333
v -5.1833 0.6300 1.3667
v -5.1833 0.6300 1.7000
v -4.4167 0.6300 0.7000
v -4.4167 0.6300 1.0333
v -4.4167 0.6300 1.3667
v -4.4167 0.6300 1.7000
v -3.6500 0.6300 0.7000
v -3.6500 0.6300 1.0333
v -3.6500 0.6300 1.3667
v -3.6500 0.6300 1.7000
v -5.9500 0.5700 1.7000
v -5.9500 0.5700 1.3667
v -5.9500 0.5700 1.0333
v -5.9500 0.5700 0.7000
v -5.1833 0.5700 1.7000
v -5.1833 0.5700 1.3667
v -5.1833 0.5700 1.0333
v -5.1833 0.5700 0.7000
v -4.4167 0.5700 1.7000
v -4.4167 0.5700 1.3667
v -4.4167 0.5700 1.0333
v -4.4167 0.5700 0.7000
v -3.6500 0.5700 1.7000
v -3.6500 0.5700 1.3667
v -3.6500 0.5700 1.0333
v -3.6500 0.5700 0.7000
f 5593 5594 5598
f 5593 5598 5597
f 5594 5595 5599
f 5594 5599 5598
f 5595 5596 5600
f 5595 5600 5599
f 5597 5598 5602
f 5597 5602 5601
f 5598 5599 5603
f 5598 5603 5602
f 5599 5600 5604
f 5599 5604 5603
f 5601 5602 5606
f 5601 5606 5605
f 5602 5603 5607
f 5602 5607 5606
f 5603 5604 5608
f 5603 5608 5607
f 5609 5610 5614
f 5609 5614 5613
f 5610 5611 5615
f 5610 5615 5614
f 5611 5612 5616
f 5611 5616 5615
f 5613 5614 5618
f 5613 5618 5617
f 5614 5615 5619
f 5614 5619 5618
f 5615 5616 5620
f 5615 5620 5619
f 5617 5618 5622
f 5617 5622 5621
f 5618 5619 5623
f 5618 5623 5622
f 5619 5620 5624
f 5619 5624 5623
f 5625 5626 5630
f 5625 5630 5629
f 5626 5627 5631
f 5626 5631 5630
f 5627 5628 5632
f 5627 5632 5631
f 5629 5630 5634
f 5629 5634 5633
f 5630 5631 5635
f 5630 5635 5634
f 5631 5632 5636
f 5631 5636 5635
f 5633 5634 5638
f 5633 5638 5637
f 5634 5635 5639
f 5634 5639 5638
f 5635 5636 5640
f 5635 5640 5639
f 5641 5642 5646
f 5641 5646 5645
f 5642 5643 5647
f 5642 5647 5646
f 5643 5644 5648
f 5643 5648 5647
f 5645 5646 5650
f 5645 5650 5649
f 5646 5647 5651
f 5646 5651 5650
f 5647 5648 5652
f 5647 5652 5651
f 5649 5650 5654
f 5649 5654 5653
f 5650 5651 5655
f 5650 5655 5654
f 5651 5652 5656
f 5651 5656 5655
f 5657 5658 5662
f 5657 5662 5661
f 5658 5659 5663
f 5658 5663 5662
f 5659 5660 5664
f 5659 5664 5663
f 5661 5662 5666
f 5661 5666 5665
f 5662 5663 5667
f 5662 5667 5666
f 5663 5664 5668
f 5663 5668 5667
f 5665 5666 5670
f 5665 5670 5669
f 5666 5667 5671
f 5666 5671 5670
f 5667 5668 5672
f 5667 5672 5671
f 5673 5674 5678
f 5673 5678 5677
f 5674 5675 5679
f 5674 5679 5678
f 5675 5676 5680
f 5675 5680 5679
f 5677 5678 5682
f 5677 5682 5681
f 5678 5679 5683
f 5678 5683 5682
f 5679 5680 5684
f 5679 5684 5683
f 5681 5682 5686
f 5681 5686 5685
f 5682 5683 5687
f 5682 5687 5686
f 5683 5684 5688
f 5683 5688 5687
g 선반 단_3
v -5.9500 0.5700 4.1000
v -5.9500 0.5900 4.1000
v -5.9500 0.6100 4.1000
v -5.9500 0.6300 4.1000
v -5.1833 0.5700 4.1000
v -5.1833 0.5900 4.1000
v -5.1833 0.6100 4.1000
v -5.1833 0.6300 4.1000
v -4.4167 0.5700 4.1000
v -4.4167 0.5900 4.1000
v -4.4167 0.6100 4.1000
v -4.4167 0.6300 4.1000
v -3.6500 0.5700 4.1000
v -3.6500 0.5900 4.1000
v -3.6500 0.6100 4.1000
v -3.6500 0.6300 4.1000
v -3.6500 0.5700 3.1000
v -3.6500 0.5900 3.1000
v -3.6500 0.6100 3.1000
v -3.6500 0.6300 3.1000
v -4.4167 0.5700 3.1000
v -4.4167 0.5900 3.1000
v -4.4167 0.6100 3.1000
v -4.4167 0.6300 3.1000
v -5.1833 0.5700 3.1000
v -5.1833 0.5900 3.1000
v -5.1833 0.6100 3.1000
v -5.1833 0.6300 3.1000
v -5.9500 0.5700 3.1000
v -5.9500 0.5900 3.1000
v -5.9500 0.6100 3.1000
v -5.9500 0.6300 3.1000
v -5.9500 0.5700 3.1000
v -5.9500 0.5900 3.1000
v -5.9500 0.6100 3.1000
v -5.9500 0.6300 3.1000
v -5.9500 0.5700 3.4333
v -5.9500 0.5900 3.4333
v -5.9500 0.6100 3.4333
v -5.9500 0.6300 3.4333
v -5.9500 0.5700 3.7667
v -5.9500 0.5900 3.7667
v -5.9500 0.6100 3.7667
v -5.9500 0.6300 3.7667
v -5.9500 0.5700 4.1000
v -5.9500 0.5900 4.1000
v -5.9500 0.6100 4.1000
v -5.9500 0.6300 4.1000
v -3.6500 0.5700 4.1000
v -3.6500 0.5900 4.1000
v -3.6500 0.6100 4.1000
v -3.6500 0.6300 4.1000
v -3.6500 0.5700 3.7667
v -3.6500 0.5900 3.7667
v -3.6500 0.6100 3.7667
v -3.6500 0.6300 3.7667
v -3.6500 0.5700 3.4333
v -3.6500 0.5900 3.4333
v -3.6500 0.6100 3.4333
v -3.6500 0.6300 3.4333
v -3.6500 0.5700 3.1000
v -3.6500 0.5900 3.1000
v -3.6500 0.6100 3.1000
v -3.6500 0.6300 3.1000
v -5.9500 0.6300 3.1000
v -5.9500 0.6300 3.4333
v -5.9500 0.6300 3.7667
v -5.9500 0.6300 4.1000
v -5.1833 0.6300 3.1000
v -5.1833 0.6300 3.4333
v -5.1833 0.6300 3.7667
v -5.1833 0.6300 4.1000
v -4.4167 0.6300 3.1000
v -4.4167 0.6300 3.4333
v -4.4167 0.6300 3.7667
v -4.4167 0.6300 4.1000
v -3.6500 0.6300 3.1000
v -3.6500 0.6300 3.4333
v -3.6500 0.6300 3.7667
v -3.6500 0.6300 4.1000
v -5.9500 0.5700 4.1000
v -5.9500 0.5700 3.7667
v -5.9500 0.5700 3.4333
v -5.9500 0.5700 3.1000
v -5.1833 0.5700 4.1000
v -5.1833 0.5700 3.7667
v -5.1833 0.5700 3.4333
v -5.1833 0.5700 3.1000
v -4.4167 0.5700 4.1000
v -4.4167 0.5700 3.7667
v -4.4167 0.5700 3.4333
v -4.4167 0.5700 3.1000
v -3.6500 0.5700 4.1000
v -3.6500 0.5700 3.7667
v -3.6500 0.5700 3.4333
v -3.6500 0.5700 3.1000
f 5689 5690 5694
f 5689 5694 5693
f 5690 5691 5695
f 5690 5695 5694
f 5691 5692 5696
f 5691 5696 5695
f 5693 5694 5698
f 5693 5698 5697
f 5694 5695 5699
f 5694 5699 5698
f 5695 5696 5700
f 5695 5700 5699
f 5697 5698 5702
f 5697 5702 5701
f 5698 5699 5703
f 5698 5703 5702
f 5699 5700 5704
f 5699 5704 5703
f 5705 5706 5710
f 5705 5710 5709
f 5706 5707 5711
f 5706 5711 5710
f 5707 5708 5712
f 5707 5712 5711
f 5709 5710 5714
f 5709 5714 5713
f 5710 5711 5715
f 5710 5715 5714
f 5711 5712 5716
f 5711 5716 5715
f 5713 5714 5718
f 5713 5718 5717
f 5714 5715 5719
f 5714 5719 5718
f 5715 5716 5720
f 5715 5720 5719
f 5721 5722 5726
f 5721 5726 5725
f 5722 5723 5727
f 5722 5727 5726
f 5723 5724 5728
f 5723 5728 5727
f 5725 5726 5730
f 5725 5730 5729
f 5726 5727 5731
f 5726 5731 5730
f 5727 5728 5732
f 5727 5732 5731
f 5729 5730 5734
f 5729 5734 5733
f 5730 5731 5735
f 5730 5735 5734
f 5731 5732 5736
f 5731 5736 5735
f 5737 5738 5742
f 5737 5742 5741
f 5738 5739 5743
f 5738 5743 5742
f 5739 5740 5744
f 5739 5744 5743
f 5741 5742 5746
f 5741 5746 5745
f 5742 5743 5747
f 5742 5747 5746
f 5743 5744 5748
f 5743 5748 5747
f 5745 5746 5750
f 5745 5750 5749
f 5746 5747 5751
f 5746 5751 5750
f 5747 5748 5752
f 5747 5752 5751
f 5753 5754 5758
f 5753 5758 5757
f 5754 5755 5759
f 5754 5759 5758
f 5755 5756 5760
f 5755 5760 5759
f 5757 5758 5762
f 5757 5762 5761
f 5758 5759 5763
f 5758 5763 5762
f 5759 5760 5764
f 5759 5764 5763
f 5761 5762 5766
f 5761 5766 5765
f 5762 5763 5767
f 5762 5767 5766
f 5763 5764 5768
f 5763 5768 5767
f 5769 5770 5774
f 5769 5774 5773
f 5770 5771 5775
f 5770 5775 5774
f 5771 5772 5776
f 5771 5776 5775
f 5773 5774 5778
f 5773 5778 5777
f 5774 5775 5779
f 5774 5779 5778
f 5775 5776 5780
f 5775 5780 5779
f 5777 5778 5782
f 5777 5782 5781
f 5778 5779 5783
f 5778 5783 5782
f 5779 5780 5784
f 5779 5784 5783
g 선반 단_4
v -3.5500 0.5700 -3.1000
v -3.5500 0.5900 -3.1000
v -3.5500 0.6100 -3.1000
v -3.5500 0.6300 -3.1000
v -2.7833 0.5700 -3.1000
v -2.7833 0.5900 -3.1000
v -2.7833 0.6100 -3.1000
v -2.7833 0.6300 -3.1000
v -2.0167 0.5700 -3.1000
v -2.0167 0.5900 -3.1000
v -2.0167 0.6100 -3.1000
v -2.0167 0.6300 -3.1000
v -1.2500 0.5700 -3.1000
v -1.2500 0.5900 -3.1000
v -1.2500 0.6100 -3.1000
v -1.2500 0.6300 -3.1000
v -1.2500 0.5700 -4.1000
v -1.2500 0.5900 -4.1000
v -1.2500 0.6100 -4.1000
v -1.2500 0.6300 -4.1000
v -2.0167 0.5700 -4.1000
v -2.0167 0.5900 -4.1000
v -2.0167 0.6100 -4.1000
v -2.0167 0.6300 -4.1000
v -2.7833 0.5700 -4.1000
v -2.7833 0.5900 -4.1000
v -2.7833 0.6100 -4.1000
v -2.7833 0.6300 -4.1000
v -3.5500 0.5700 -4.1000
v -3.5500 0.5900 -4.1000
v -3.5500 0.6100 -4.1000
v -3.5500 0.6300 -4.1000
v -3.5500 0.5700 -4.1000
v -3.5500 0.5900 -4.1000
v -3.5500 0.6100 -4.1000
v -3.5500 0.6300 -4.1000
v -3.5500 0.5700 -3.7667
v -3.5500 0.5900 -3.7667
v -3.5500 0.6100 -3.7667
v -3.5500 0.6300 -3.7667
v -3.5500 0.5700 -3.4333
v -3.5500 0.5900 -3.4333
v -3.5500 0.6100 -3.4333
v -3.5500 0.6300 -3.4333
v -3.5500 0.5700 -3.1000
v -3.5500 0.5900 -3.1000
v -3.5500 0.6100 -3.1000
v -3.5500 0.6300 -3.1000
v -1.2500 0.5700 -3.1000
v -1.2500 0.5900 -3.1000
v -1.2500 0.6100 -3.1000
v -1.2500 0.6300 -3.1000
v -1.2500 0.5700 -3.4333
v -1.2500 0.5900 -3.4333
v -1.2500 0.6100 -3.4333
v -1.2500 0.6300 -3.4333
v -1.2500 0.5700 -3.7667
v -1.2500 0.5900 -3.7667
v -1.2500 0.6100 -3.7667
v -1.2500 0.6300 -3.7667
v -1.2500 0.5700 -4.1000
v -1.2500 0.5900 -4.1000
v -1.2500 0.6100 -4.1000
v -1.2500 0.6300 -4.1000
v -3.5500 0.6300 -4.1000
v -3.5500 0.6300 -3.7667
v -3.5500 0.6300 -3.4333
v -3.5500 0.6300 -3.1000
v -2.7833 0.6300 -4.1000
v -2.7833 0.6300 -3.7667
v -2.7833 0.6300 -3.4333
v -2.7833 0.6300 -3.1000
v -2.0167 0.6300 -4.1000
v -2.0167 0.6300 -3.7667
v -2.0167 0.6300 -3.4333
v -2.0167 0.6300 -3.1000
v -1.2500 0.6300 -4.1000
v -1.2500 0.6300 -3.7667
v -1.2500 0.6300 -3.4333
v -1.2500 0.6300 -3.1000
v -3.5500 0.5700 -3.1000
v -3.5500 0.5700 -3.4333
v -3.5500 0.5700 -3.7667
v -3.5500 0.5700 -4.1000
v -2.7833 0.5700 -3.1000
v -2.7833 0.5700 -3.4333
v -2.7833 0.5700 -3.7667
v -2.7833 0.5700 -4.1000
v -2.0167 0.5700 -3.1000
v -2.0167 0.5700 -3.4333
v -2.0167 0.5700 -3.7667
v -2.0167 0.5700 -4.1000
v -1.2500 0.5700 -3.1000
v -1.2500 0.5700 -3.4333
v -1.2500 0.5700 -3.7667
v -1.2500 0.5700 -4.1000
f 5785 5786 5790
f 5785 5790 5789
f 5786 5787 5791
f 5786 5791 5790
f 5787 5788 5792
f 5787 5792 5791
f 5789 5790 5794
f 5789 5794 5793
f 5790 5791 5795
f 5790 5795 5794
f 5791 5792 5796
f 5791 5796 5795
f 5793 5794 5798
f 5793 5798 5797
f 5794 5795 5799
f 5794 5799 5798
f 5795 5796 5800
f 5795 5800 5799
f 5801 5802 5806
f 5801 5806 5805
f 5802 5803 5807
f 5802 5807 5806
f 5803 5804 5808
f 5803 5808 5807
f 5805 5806 5810
f 5805 5810 5809
f 5806 5807 5811
f 5806 5811 5810
f 5807 5808 5812
f 5807 5812 5811
f 5809 5810 5814
f 5809 5814 5813
f 5810 5811 5815
f 5810 5815 5814
f 5811 5812 5816
f 5811 5816 5815
f 5817 5818 5822
f 5817 5822 5821
f 5818 5819 5823
f 5818 5823 5822
f 5819 5820 5824
f 5819 5824 5823
f 5821 5822 5826
f 5821 5826 5825
f 5822 5823 5827
f 5822 5827 5826
f 5823 5824 5828
f 5823 5828 5827
f 5825 5826 5830
f 5825 5830 5829
f 5826 5827 5831
f 5826 5831 5830
f 5827 5828 5832
f 5827 5832 5831
f 5833 5834 5838
f 5833 5838 5837
f 5834 5835 5839
f 5834 5839 5838
f 5835 5836 5840
f 5835 5840 5839
f 5837 5838 5842
f 5837 5842 5841
f 5838 5839 5843
f 5838 5843 5842
f 5839 5840 5844
f 5839 5844 5843
f 5841 5842 5846
f 5841 5846 5845
f 5842 5843 5847
f 5842 5847 5846
f 5843 5844 5848
f 5843 5848 5847
f 5849 5850 5854
f 5849 5854 5853
f 5850 5851 5855
f 5850 5855 5854
f 5851 5852 5856
f 5851 5856 5855
f 5853 5854 5858
f 5853 5858 5857
f 5854 5855 5859
f 5854 5859 5858
f 5855 5856 5860
f 5855 5860 5859
f 5857 5858 5862
f 5857 5862 5861
f 5858 5859 5863
f 5858 5863 5862
f 5859 5860 5864
f 5859 5864 5863
f 5865 5866 5870
f 5865 5870 5869
f 5866 5867 5871
f 5866 5871 5870
f 5867 5868 5872
f 5867 5872 5871
f 5869 5870 5874
f 5869 5874 5873
f 5870 5871 5875
f 5870 5875 5874
f 5871 5872 5876
f 5871 5876 5875
f 5873 5874 5878
f 5873 5878 5877
f 5874 5875 5879
f 5874 5879 5878
f 5875 5876 5880
f 5875 5880 5879
g 선반 단_5
v -3.5500 0.5700 -0.7000
v -3.5500 0.5900 -0.7000
v -3.5500 0.6100 -0.7000
v -3.5500 0.6300 -0.7000
v -2.7833 0.5700 -0.7000
v -2.7833 0.5900 -0.7000
v -2.7833 0.6100 -0.7000
v -2.7833 0.6300 -0.7000
v -2.0167 0.5700 -0.7000
v -2.0167 0.5900 -0.7000
v -2.0167 0.6100 -0.7000
v -2.0167 0.6300 -0.7000
v -1.2500 0.5700 -0.7000
v -1.2500 0.5900 -0.7000
v -1.2500 0.6100 -0.7000
v -1.2500 0.6300 -0.7000
v -1.2500 0.5700 -1.7000
v -1.2500 0.5900 -1.7000
v -1.2500 0.6100 -1.7000
v -1.2500 0.6300 -1.7000
v -2.0167 0.5700 -1.7000
v -2.0167 0.5900 -1.7000
v -2.0167 0.6100 -1.7000
v -2.0167 0.6300 -1.7000
v -2.7833 0.5700 -1.7000
v -2.7833 0.5900 -1.7000
v -2.7833 0.6100 -1.7000
v -2.7833 0.6300 -1.7000
v -3.5500 0.5700 -1.7000
v -3.5500 0.5900 -1.7000
v -3.5500 0.6100 -1.7000
v -3.5500 0.6300 -1.7000
v -3.5500 0.5700 -1.7000
v -3.5500 0.5900 -1.7000
v -3.5500 0.6100 -1.7000
v -3.5500 0.6300 -1.7000
v -3.5500 0.5700 -1.3667
v -3.5500 0.5900 -1.3667
v -3.5500 0.6100 -1.3667
v -3.5500 0.6300 -1.3667
v -3.5500 0.5700 -1.0333
v -3.5500 0.5900 -1.0333
v -3.5500 0.6100 -1.0333
v -3.5500 0.6300 -1.0333
v -3.5500 0.5700 -0.7000
v -3.5500 0.5900 -0.7000
v -3.5500 0.6100 -0.7000
v -3.5500 0.6300 -0.7000
v -1.2500 0.5700 -0.7000
v -1.2500 0.5900 -0.7000
v -1.2500 0.6100 -0.7000
v -1.2500 0.6300 -0.7000
v -1.2500 0.5700 -1.0333
v -1.2500 0.5900 -1.0333
v -1.2500 0.6100 -1.0333
v -1.2500 0.6300 -1.0333
v -1.2500 0.5700 -1.3667
v -1.2500 0.5900 -1.3667
v -1.2500 0.6100 -1.3667
v -1.2500 0.6300 -1.3667
v -1.2500 0.5700 -1.7000
v -1.2500 0.5900 -1.7000
v -1.2500 0.6100 -1.7000
v -1.2500 0.6300 -1.7000
v -3.5500 0.6300 -1.7000
v -3.5500 0.6300 -1.3667
v -3.5500 0.6300 -1.0333
v -3.5500 0.6300 -0.7000
v -2.7833 0.6300 -1.7000
v -2.7833 0.6300 -1.3667
v -2.7833 0.6300 -1.0333
v -2.7833 0.6300 -0.7000
v -2.0167 0.6300 -1.7000
v -2.0167 0.6300 -1.3667
v -2.0167 0.6300 -1.0333
v -2.0167 0.6300 -0.7000
v -1.2500 0.6300 -1.7000
v -1.2500 0.6300 -1.3667
v -1.2500 0.6300 -1.0333
v -1.2500 0.6300 -0.7000
v -3.5500 0.5700 -0.7000
v -3.5500 0.5700 -1.0333
v -3.5500 0.5700 -1.3667
v -3.5500 0.5700 -1.7000
v -2.7833 0.5700 -0.7000
v -2.7833 0.5700 -1.0333
v -2.7833 0.5700 -1.3667
v -2.7833 0.5700 -1.7000
v -2.0167 0.5700 -0.7000
v -2.0167 0.5700 -1.0333
v -2.0167 0.5700 -1.3667
v -2.0167 0.5700 -1.7000
v -1.2500 0.5700 -0.7000
v -1.2500 0.5700 -1.0333
v -1.2500 0.5700 -1.3667
v -1.2500 0.5700 -1.7000
f 5881 5882 5886
f 5881 5886 5885
f 5882 5883 5887
f 5882 5887 5886
f 5883 5884 5888
f 5883 5888 5887
f 5885 5886 5890
f 5885 5890 5889
f 5886 5887 5891
f 5886 5891 5890
f 5887 5888 5892
f 5887 5892 5891
f 5889 5890 5894
f 5889 5894 5893
f 5890 5891 5895
f 5890 5895 5894
f 5891 5892 5896
f 5891 5896 5895
f 5897 5898 5902
f 5897 5902 5901
f 5898 5899 5903
f 5898 5903 5902
f 5899 5900 5904
f 5899 5904 5903
f 5901 5902 5906
f 5901 5906 5905
f 5902 5903 5907
f 5902 5907 5906
f 5903 5904 5908
f 5903 5908 5907
f 5905 5906 5910
f 5905 5910 5909
f 5906 5907 5911
f 5906 5911 5910
f 5907 5908 5912
f 5907 5912 5911
f 5913 5914 5918
f 5913 5918 5917
f 5914 5915 5919
f 5914 5919 5918
f 5915 5916 5920
f 5915 5920 5919
f 5917 5918 5922
f 5917 5922 5921
f 5918 5919 5923
f 5918 5923 5922
f 5919 5920 5924
f 5919 5924 5923
f 5921 5922 5926
f 5921 5926 5925
f 5922 5923 5927
f 5922 5927 5926
f 5923 5924 5928
f 5923 5928 5927
f 5929 5930 5934
f 5929 5934 5933
f 5930 5931 5935
f 5930 5935 5934
f 5931 5932 5936
f 5931 5936 5935
f 5933 5934 5938
f 5933 5938 5937
f 5934 5935 5939
f 5934 5939 5938
f 5935 5936 5940
f 5935 5940 5939
f 5937 5938 5942
f 5937 5942 5941
f 5938 5939 5943
f 5938 5943 5942
f 5939 5940 5944
f 5939 5944 5943
f 5945 5946 5950
f 5945 5950 5949
f 5946 5947 5951
f 5946 5951 5950
f 5947 5948 5952
f 5947 5952 5951
f 5949 5950 5954
f 5949 5954 5953
f 5950 5951 5955
f 5950 5955 5954
f 5951 5952 5956
f 5951 5956 5955
f 5953 5954 5958
f 5953 5958 5957
f 5954 5955 5959
f 5954 5959 5958
f 5955 5956 5960
f 5955 5960 5959
f 5961 5962 5966
f 5961 5966 5965
f 5962 5963 5967
f 5962 5967 5966
f 5963 5964 5968
f 5963 5968 5967
f 5965 5966 5970
f 5965 5970 5969
f 5966 5967 5971
f 5966 5971 5970
f 5967 5968 5972
f 5967 5972 5971
f 5969 5970 5974
f 5969 5974 5973
f 5970 5971 5975
f 5970 5975 5974
f 5971 5972 5976
f 5971 5976 5975
g 선반 단_6
v -3.5500 0.5700 1.7000
v -3.5500 0.5900 1.7000
v -3.5500 0.6100 1.7000
v -3.5500 0.6300 1.7000
v -2.7833 0.5700 1.7000
v -2.7833 0.5900 1.7000
v -2.7833 0.6100 1.7000
v -2.7833 0.6300 1.7000
v -2.0167 0.5700 1.7000
v -2.0167 0.5900 1.7000
v -2.0167 0.6100 1.7000
v -2.0167 0.6300 1.7000
v -1.2500 0.5700 1.7000
v -1.2500 0.5900 1.7000
v -1.2500 0.6100 1.7000
v -1.2500 0.6300 1.7000
v -1.2500 0.5700 0.7000
v -1.2500 0.5900 0.7000
v -1.2500 0.6100 0.7000
v -1.2500 0.6300 0.7000
v -2.0167 0.5700 0.7000
v -2.0167 0.5900 0.7000
v -2.0167 0.6100 0.7000
v -2.0167 0.6300 0.7000
v -2.7833 0.5700 0.7000
v -2.7833 0.5900 0.7000
v -2.7833 0.6100 0.7000
v -2.7833 0.6300 0.7000
v -3.5500 0.5700 0.7000
v -3.5500 0.5900 0.7000
v -3.5500 0.6100 0.7000
v -3.5500 0.6300 0.7000
v -3.5500 0.5700 0.7000
v -3.5500 0.5900 0.7000
v -3.5500 0.6100 0.7000
v -3.5500 0.6300 0.7000
v -3.5500 0.5700 1.0333
v -3.5500 0.5900 1.0333
v -3.5500 0.6100 1.0333
v -3.5500 0.6300 1.0333
v -3.5500 0.5700 1.3667
v -3.5500 0.5900 1.3667
v -3.5500 0.6100 1.3667
v -3.5500 0.6300 1.3667
v -3.5500 0.5700 1.7000
v -3.5500 0.5900 1.7000
v -3.5500 0.6100 1.7000
v -3.5500 0.6300 1.7000
v -1.2500 0.5700 1.7000
v -1.2500 0.5900 1.7000
v -1.2500 0.6100 1.7000
v -1.2500 0.6300 1.7000
v -1.2500 0.5700 1.3667
v -1.2500 0.5900 1.3667
v -1.2500 0.6100 1.3667
v -1.2500 0.6300 1.3667
v -1.2500 0.5700 1.0333
v -1.2500 0.5900 1.0333
v -1.2500 0.6100 1.0333
v -1.2500 0.6300 1.0333
v -1.2500 0.5700 0.7000
v -1.2500 0.5900 0.7000
v -1.2500 0.6100 0.7000
v -1.2500 0.6300 0.7000
v -3.5500 0.6300 0.7000
v -3.5500 0.6300 1.0333
v -3.5500 0.6300 1.3667
v -3.5500 0.6300 1.7000
v -2.7833 0.6300 0.7000
v -2.7833 0.6300 1.0333
v -2.7833 0.6300 1.3667
v -2.7833 0.6300 1.7000
v -2.0167 0.6300 0.7000
v -2.0167 0.6300 1.0333
v -2.0167 0.6300 1.3667
v -2.0167 0.6300 1.7000
v -1.2500 0.6300 0.7000
v -1.2500 0.6300 1.0333
v -1.2500 0.6300 1.3667
v -1.2500 0.6300 1.7000
v -3.5500 0.5700 1.7000
v -3.5500 0.5700 1.3667
v -3.5500 0.5700 1.0333
v -3.5500 0.5700 0.7000
v -2.7833 0.5700 1.7000
v -2.7833 0.5700 1.3667
v -2.7833 0.5700 1.0333
v -2.7833 0.5700 0.7000
v -2.0167 0.5700 1.7000
v -2.0167 0.5700 1.3667
v -2.0167 0.5700 1.0333
v -2.0167 0.5700 0.7000
v -1.2500 0.5700 1.7000
v -1.2500 0.5700 1.3667
v -1.2500 0.5700 1.0333
v -1.2500 0.5700 0.7000
f 5977 5978 5982
f 5977 5982 5981
f 5978 5979 5983
f 5978 5983 5982
f 5979 5980 5984
f 5979 5984 5983
f 5981 5982 5986
f 5981 5986 5985
f 5982 5983 5987
f 5982 5987 5986
f 5983 5984 5988
f 5983 5988 5987
f 5985 5986 5990
f 5985 5990 5989
f 5986 5987 5991
f 5986 5991 5990
f 5987 5988 5992
f 5987 5992 5991
f 5993 5994 5998
f 5993 5998 5997
f 5994 5995 5999
f 5994 5999 5998
f 5995 5996 6000
f 5995 6000 5999
f 5997 5998 6002
f 5997 6002 6001
f 5998 5999 6003
f 5998 6003 6002
f 5999 6000 6004
f 5999 6004 6003
f 6001 6002 6006
f 6001 6006 6005
f 6002 6003 6007
f 6002 6007 6006
f 6003 6004 6008
f 6003 6008 6007
f 6009 6010 6014
f 6009 6014 6013
f 6010 6011 6015
f 6010 6015 6014
f 6011 6012 6016
f 6011 6016 6015
f 6013 6014 6018
f 6013 6018 6017
f 6014 6015 6019
f 6014 6019 6018
f 6015 6016 6020
f 6015 6020 6019
f 6017 6018 6022
f 6017 6022 6021
f 6018 6019 6023
f 6018 6023 6022
f 6019 6020 6024
f 6019 6024 6023
f 6025 6026 6030
f 6025 6030 6029
f 6026 6027 6031
f 6026 6031 6030
f 6027 6028 6032
f 6027 6032 6031
f 6029 6030 6034
f 6029 6034 6033
f 6030 6031 6035
f 6030 6035 6034
f 6031 6032 6036
f 6031 6036 6035
f 6033 6034 6038
f 6033 6038 6037
f 6034 6035 6039
f 6034 6039 6038
f 6035 6036 6040
f 6035 6040 6039
f 6041 6042 6046
f 6041 6046 6045
f 6042 6043 6047
f 6042 6047 6046
f 6043 6044 6048
f 6043 6048 6047
f 6045 6046 6050
f 6045 6050 6049
f 6046 6047 6051
f 6046 6051 6050
f 6047 6048 6052
f 6047 6052 6051
f 6049 6050 6054
f 6049 6054 6053
f 6050 6051 6055
f 6050 6055 6054
f 6051 6052 6056
f 6051 6056 6055
f 6057 6058 6062
f 6057 6062 6061
f 6058 6059 6063
f 6058 6063 6062
f 6059 6060 6064
f 6059 6064 6063
f 6061 6062 6066
f 6061 6066 6065
f 6062 6063 6067
f 6062 6067 6066
f 6063 6064 6068
f 6063 6068 6067
f 6065 6066 6070
f 6065 6070 6069
f 6066 6067 6071
f 6066 6071 6070
f 6067 6068 6072
f 6067 6072 6071
g 선반 단_7
v -3.5500 0.5700 4.1000
v -3.5500 0.5900 4.1000
v -3.5500 0.6100 4.1000
v -3.5500 0.6300 4.1000
v -2.7833 0.5700 4.1000
v -2.7833 0.5900 4.1000
v -2.7833 0.6100 4.1000
v -2.7833 0.6300 4.1000
v -2.0167 0.5700 4.1000
v -2.0167 0.5900 4.1000
v -2.0167 0.6100 4.1000
v -2.0167 0.6300 4.1000
v -1.2500 0.5700 4.1000
v -1.2500 0.5900 4.1000
v -1.2500 0.6100 4.1000
v -1.2500 0.6300 4.1000
v -1.2500 0.5700 3.1000
v -1.2500 0.5900 3.1000
v -1.2500 0.6100 3.1000
v -1.2500 0.6300 3.1000
v -2.0167 0.5700 3.1000
v -2.0167 0.5900 3.1000
v -2.0167 0.6100 3.1000
v -2.0167 0.6300 3.1000
v -2.7833 0.5700 3.1000
v -2.7833 0.5900 3.1000
v -2.7833 0.6100 3.1000
v -2.7833 0.6300 3.1000
v -3.5500 0.5700 3.1000
v -3.5500 0.5900 3.1000
v -3.5500 0.6100 3.1000
v -3.5500 0.6300 3.1000
v -3.5500 0.5700 3.1000
v -3.5500 0.5900 3.1000
v -3.5500 0.6100 3.1000
v -3.5500 0.6300 3.1000
v -3.5500 0.5700 3.4333
v -3.5500 0.5900 3.4333
v -3.5500 0.6100 3.4333
v -3.5500 0.6300 3.4333
v -3.5500 0.5700 3.7667
v -3.5500 0.5900 3.7667
v -3.5500 0.6100 3.7667
v -3.5500 0.6300 3.7667
v -3.5500 0.5700 4.1000
v -3.5500 0.5900 4.1000
v -3.5500 0.6100 4.1000
v -3.5500 0.6300 4.1000
v -1.2500 0.5700 4.1000
v -1.2500 0.5900 4.1000
v -1.2500 0.6100 4.1000
v -1.2500 0.6300 4.1000
v -1.2500 0.5700 3.7667
v -1.2500 0.5900 3.7667
v -1.2500 0.6100 3.7667
v -1.2500 0.6300 3.7667
v -1.2500 0.5700 3.4333
v -1.2500 0.5900 3.4333
v -1.2500 0.6100 3.4333
v -1.2500 0.6300 3.4333
v -1.2500 0.5700 3.1000
v -1.2500 0.5900 3.1000
v -1.2500 0.6100 3.1000
v -1.2500 0.6300 3.1000
v -3.5500 0.6300 3.1000
v -3.5500 0.6300 3.4333
v -3.5500 0.6300 3.7667
v -3.5500 0.6300 4.1000
v -2.7833 0.6300 3.1000
v -2.7833 0.6300 3.4333
v -2.7833 0.6300 3.7667
v -2.7833 0.6300 4.1000
v -2.0167 0.6300 3.1000
v -2.0167 0.6300 3.4333
v -2.0167 0.6300 3.7667
v -2.0167 0.6300 4.1000
v -1.2500 0.6300 3.1000
v -1.2500 0.6300 3.4333
v -1.2500 0.6300 3.7667
v -1.2500 0.6300 4.1000
v -3.5500 0.5700 4.1000
v -3.5500 0.5700 3.7667
v -3.5500 0.5700 3.4333
v -3.5500 0.5700 3.1000
v -2.7833 0.5700 4.1000
v -2.7833 0.5700 3.7667
v -2.7833 0.5700 3.4333
v -2.7833 0.5700 3.1000
v -2.0167 0.5700 4.1000
v -2.0167 0.5700 3.7667
v -2.0167 0.5700 3.4333
v -2.0167 0.5700 3.1000
v -1.2500 0.5700 4.1000
v -1.2500 0.5700 3.7667
v -1.2500 0.5700 3.4333
v -1.2500 0.5700 3.1000
f 6073 6074 6078
f 6073 6078 6077
f 6074 6075 6079
f 6074 6079 6078
f 6075 6076 6080
f 6075 6080 6079
f 6077 6078 6082
f 6077 6082 6081
f 6078 6079 6083
f 6078 6083 6082
f 6079 6080 6084
f 6079 6084 6083
f 6081 6082 6086
f 6081 6086 6085
f 6082 6083 6087
f 6082 6087 6086
f 6083 6084 6088
f 6083 6088 6087
f 6089 6090 6094
f 6089 6094 6093
f 6090 6091 6095
f 6090 6095 6094
f 6091 6092 6096
f 6091 6096 6095
f 6093 6094 6098
f 6093 6098 6097
f 6094 6095 6099
f 6094 6099 6098
f 6095 6096 6100
f 6095 6100 6099
f 6097 6098 6102
f 6097 6102 6101
f 6098 6099 6103
f 6098 6103 6102
f 6099 6100 6104
f 6099 6104 6103
f 6105 6106 6110
f 6105 6110 6109
f 6106 6107 6111
f 6106 6111 6110
f 6107 6108 6112
f 6107 6112 6111
f 6109 6110 6114
f 6109 6114 6113
f 6110 6111 6115
f 6110 6115 6114
f 6111 6112 6116
f 6111 6116 6115
f 6113 6114 6118
f 6113 6118 6117
f 6114 6115 6119
f 6114 6119 6118
f 6115 6116 6120
f 6115 6120 6119
f 6121 6122 6126
f 6121 6126 6125
f 6122 6123 6127
f 6122 6127 6126
f 6123 6124 6128
f 6123 6128 6127
f 6125 6126 6130
f 6125 6130 6129
f 6126 6127 6131
f 6126 6131 6130
f 6127 6128 6132
f 6127 6132 6131
f 6129 6130 6134
f 6129 6134 6133
f 6130 6131 6135
f 6130 6135 6134
f 6131 6132 6136
f 6131 6136 6135
f 6137 6138 6142
f 6137 6142 6141
f 6138 6139 6143
f 6138 6143 6142
f 6139 6140 6144
f 6139 6144 6143
f 6141 6142 6146
f 6141 6146 6145
f 6142 6143 6147
f 6142 6147 6146
f 6143 6144 6148
f 6143 6148 6147
f 6145 6146 6150
f 6145 6150 6149
f 6146 6147 6151
f 6146 6151 6150
f 6147 6148 6152
f 6147 6152 6151
f 6153 6154 6158
f 6153 6158 6157
f 6154 6155 6159
f 6154 6159 6158
f 6155 6156 6160
f 6155 6160 6159
f 6157 6158 6162
f 6157 6162 6161
f 6158 6159 6163
f 6158 6163 6162
f 6159 6160 6164
f 6159 6164 6163
f 6161 6162 6166
f 6161 6166 6165
f 6162 6163 6167
f 6162 6167 6166
f 6163 6164 6168
f 6163 6168 6167
g 선반 단_8
v -1.1500 0.5700 -3.1000
v -1.1500 0.5900 -3.1000
v -1.1500 0.6100 -3.1000
v -1.1500 0.6300 -3.1000
v -0.3833 0.5700 -3.1000
v -0.3833 0.5900 -3.1000
v -0.3833 0.6100 -3.1000
v -0.3833 0.6300 -3.1000
v 0.3833 0.5700 -3.1000
v 0.3833 0.5900 -3.1000
v 0.3833 0.6100 -3.1000
v 0.3833 0.6300 -3.1000
v 1.1500 0.5700 -3.1000
v 1.1500 0.5900 -3.1000
v 1.1500 0.6100 -3.1000
v 1.1500 0.6300 -3.1000
v 1.1500 0.5700 -4.1000
v 1.1500 0.5900 -4.1000
v 1.1500 0.6100 -4.1000
v 1.1500 0.6300 -4.1000
v 0.3833 0.5700 -4.1000
v 0.3833 0.5900 -4.1000
v 0.3833 0.6100 -4.1000
v 0.3833 0.6300 -4.1000
v -0.3833 0.5700 -4.1000
v -0.3833 0.5900 -4.1000
v -0.3833 0.6100 -4.1000
v -0.3833 0.6300 -4.1000
v -1.1500 0.5700 -4.1000
v -1.1500 0.5900 -4.1000
v -1.1500 0.6100 -4.1000
v -1.1500 0.6300 -4.1000
v -1.1500 0.5700 -4.1000
v -1.1500 0.5900 -4.1000
v -1.1500 0.6100 -4.1000
v -1.1500 0.6300 -4.1000
v -1.1500 0.5700 -3.7667
v -1.1500 0.5900 -3.7667
v -1.1500 0.6100 -3.7667
v -1.1500 0.6300 -3.7667
v -1.1500 0.5700 -3.4333
v -1.1500 0.5900 -3.4333
v -1.1500 0.6100 -3.4333
v -1.1500 0.6300 -3.4333
v -1.1500 0.5700 -3.1000
v -1.1500 0.5900 -3.1000
v -1.1500 0.6100 -3.1000
v -1.1500 0.6300 -3.1000
v 1.1500 0.5700 -3.1000
v 1.1500 0.5900 -3.1000
v 1.1500 0.6100 -3.1000
v 1.1500 0.6300 -3.1000
v 1.1500 0.5700 -3.4333
v 1.1500 0.5900 -3.4333
v 1.1500 0.6100 -3.4333
v 1.1500 0.6300 -3.4333
v 1.1500 0.5700 -3.7667
v 1.1500 0.5900 -3.7667
v 1.1500 0.6100 -3.7667
v 1.1500 0.6300 -3.7667
v 1.1500 0.5700 -4.1000
v 1.1500 0.5900 -4.1000
v 1.1500 0.6100 -4.1000
v 1.1500 0.6300 -4.1000
v -1.1500 0.6300 -4.1000
v -1.1500 0.6300 -3.7667
v -1.1500 0.6300 -3.4333
v -1.1500 0.6300 -3.1000
v -0.3833 0.6300 -4.1000
v -0.3833 0.6300 -3.7667
v -0.3833 0.6300 -3.4333
v -0.3833 0.6300 -3.1000
v 0.3833 0.6300 -4.1000
v 0.3833 0.6300 -3.7667
v 0.3833 0.6300 -3.4333
v 0.3833 0.6300 -3.1000
v 1.1500 0.6300 -4.1000
v 1.1500 0.6300 -3.7667
v 1.1500 0.6300 -3.4333
v 1.1500 0.6300 -3.1000
v -1.1500 0.5700 -3.1000
v -1.1500 0.5700 -3.4333
v -1.1500 0.5700 -3.7667
v -1.1500 0.5700 -4.1000
v -0.3833 0.5700 -3.1000
v -0.3833 0.5700 -3.4333
v -0.3833 0.5700 -3.7667
v -0.3833 0.5700 -4.1000
v 0.3833 0.5700 -3.1000
v 0.3833 0.5700 -3.4333
v 0.3833 0.5700 -3.7667
v 0.3833 0.5700 -4.1000
v 1.1500 0.5700 -3.1000
v 1.1500 0.5700 -3.4333
v 1.1500 0.5700 -3.7667
v 1.1500 0.5700 -4.1000
f 6169 6170 6174
f 6169 6174 6173
f 6170 6171 6175
f 6170 6175 6174
f 6171 6172 6176
f 6171 6176 6175
f 6173 6174 6178
f 6173 6178 6177
f 6174 6175 6179
f 6174 6179 6178
f 6175 6176 6180
f 6175 6180 6179
f 6177 6178 6182
f 6177 6182 6181
f 6178 6179 6183
f 6178 6183 6182
f 6179 6180 6184
f 6179 6184 6183
f 6185 6186 6190
f 6185 6190 6189
f 6186 6187 6191
f 6186 6191 6190
f 6187 6188 6192
f 6187 6192 6191
f 6189 6190 6194
f 6189 6194 6193
f 6190 6191 6195
f 6190 6195 6194
f 6191 6192 6196
f 6191 6196 6195
f 6193 6194 6198
f 6193 6198 6197
f 6194 6195 6199
f 6194 6199 6198
f 6195 6196 6200
f 6195 6200 6199
f 6201 6202 6206
f 6201 6206 6205
f 6202 6203 6207
f 6202 6207 6206
f 6203 6204 6208
f 6203 6208 6207
f 6205 6206 6210
f 6205 6210 6209
f 6206 6207 6211
f 6206 6211 6210
f 6207 6208 6212
f 6207 6212 6211
f 6209 6210 6214
f 6209 6214 6213
f 6210 6211 6215
f 6210 6215 6214
f 6211 6212 6216
f 6211 6216 6215
f 6217 6218 6222
f 6217 6222 6221
f 6218 6219 6223
f 6218 6223 6222
f 6219 6220 6224
f 6219 6224 6223
f 6221 6222 6226
f 6221 6226 6225
f 6222 6223 6227
f 6222 6227 6226
f 6223 6224 6228
f 6223 6228 6227
f 6225 6226 6230
f 6225 6230 6229
f 6226 6227 6231
f 6226 6231 6230
f 6227 6228 6232
f 6227 6232 6231
f 6233 6234 6238
f 6233 6238 6237
f 6234 6235 6239
f 6234 6239 6238
f 6235 6236 6240
f 6235 6240 6239
f 6237 6238 6242
f 6237 6242 6241
f 6238 6239 6243
f 6238 6243 6242
f 6239 6240 6244
f 6239 6244 6243
f 6241 6242 6246
f 6241 6246 6245
f 6242 6243 6247
f 6242 6247 6246
f 6243 6244 6248
f 6243 6248 6247
f 6249 6250 6254
f 6249 6254 6253
f 6250 6251 6255
f 6250 6255 6254
f 6251 6252 6256
f 6251 6256 6255
f 6253 6254 6258
f 6253 6258 6257
f 6254 6255 6259
f 6254 6259 6258
f 6255 6256 6260
f 6255 6260 6259
f 6257 6258 6262
f 6257 6262 6261
f 6258 6259 6263
f 6258 6263 6262
f 6259 6260 6264
f 6259 6264 6263
g 선반 단_9
v -1.1500 0.5700 -0.7000
v -1.1500 0.5900 -0.7000
v -1.1500 0.6100 -0.7000
v -1.1500 0.6300 -0.7000
v -0.3833 0.5700 -0.7000
v -0.3833 0.5900 -0.7000
v -0.3833 0.6100 -0.7000
v -0.3833 0.6300 -0.7000
v 0.3833 0.5700 -0.7000
v 0.3833 0.5900 -0.7000
v 0.3833 0.6100 -0.7000
v 0.3833 0.6300 -0.7000
v 1.1500 0.5700 -0.7000
v 1.1500 0.5900 -0.7000
v 1.1500 0.6100 -0.7000
v 1.1500 0.6300 -0.7000
v 1.1500 0.5700 -1.7000
v 1.1500 0.5900 -1.7000
v 1.1500 0.6100 -1.7000
v 1.1500 0.6300 -1.7000
v 0.3833 0.5700 -1.7000
v 0.3833 0.5900 -1.7000
v 0.3833 0.6100 -1.7000
v 0.3833 0.6300 -1.7000
v -0.3833 0.5700 -1.7000
v -0.3833 0.5900 -1.7000
v -0.3833 0.6100 -1.7000
v -0.3833 0.6300 -1.7000
v -1.1500 0.5700 -1.7000
v -1.1500 0.5900 -1.7000
v -1.1500 0.6100 -1.7000
v -1.1500 0.6300 -1.7000
v -1.1500 0.5700 -1.7000
v -1.1500 0.5900 -1.7000
v -1.1500 0.6100 -1.7000
v -1.1500 0.6300 -1.7000
v -1.1500 0.5700 -1.3667
v -1.1500 0.5900 -1.3667
v -1.1500 0.6100 -1.3667
v -1.1500 0.6300 -1.3667
v -1.1500 0.5700 -1.0333
v -1.1500 0.5900 -1.0333
v -1.1500 0.6100 -1.0333
v -1.1500 0.6300 -1.0333
v -1.1500 0.5700 -0.7000
v -1.1500 0.5900 -0.7000
v -1.1500 0.6100 -0.7000
v -1.1500 0.6300 -0.7000
v 1.1500 0.5700 -0.7000
v 1.1500 0.5900 -0.7000
v 1.1500 0.6100 -0.7000
v 1.1500 0.6300 -0.7000
v 1.1500 0.5700 -1.0333
v 1.1500 0.5900 -1.0333
v 1.1500 0.6100 -1.0333
v 1.1500 0.6300 -1.0333
v 1.1500 0.5700 -1.3667
v 1.1500 0.5900 -1.3667
v 1.1500 0.6100 -1.3667
v 1.1500 0.6300 -1.3667
v 1.1500 0.5700 -1.7000
v 1.1500 0.5900 -1.7000
v 1.1500 0.6100 -1.7000
v 1.1500 0.6300 -1.7000
v -1.1500 0.6300 -1.7000
v -1.1500 0.6300 -1.3667
v -1.1500 0.6300 -1.0333
v -1.1500 0.6300 -0.7000
v -0.3833 0.6300 -1.7000
v -0.3833 0.6300 -1.3667
v -0.3833 0.6300 -1.0333
v -0.3833 0.6300 -0.7000
v 0.3833 0.6300 -1.7000
v 0.3833 0.6300 -1.3667
v 0.3833 0.6300 -1.0333
v 0.3833 0.6300 -0.7000
v 1.1500 0.6300 -1.7000
v 1.1500 0.6300 -1.3667
v 1.1500 0.6300 -1.0333
v 1.1500 0.6300 -0.7000
v -1.1500 0.5700 -0.7000
v -1.1500 0.5700 -1.0333
v -1.1500 0.5700 -1.3667
v -1.1500 0.5700 -1.7000
v -0.3833 0.5700 -0.7000
v -0.3833 0.5700 -1.0333
v -0.3833 0.5700 -1.3667
v -0.3833 0.5700 -1.7000
v 0.3833 0.5700 -0.7000
v 0.3833 0.5700 -1.0333
v 0.3833 0.5700 -1.3667
v 0.3833 0.5700 -1.7000
v 1.1500 0.5700 -0.7000
v 1.1500 0.5700 -1.0333
v 1.1500 0.5700 -1.3667
v 1.1500 0.5700 -1.7000
f 6265 6266 6270
f 6265 6270 6269
f 6266 6267 6271
f 6266 6271 6270
f 6267 6268 6272
f 6267 6272 6271
f 6269 6270 6274
f 6269 6274 6273
f 6270 6271 6275
f 6270 6275 6274
f 6271 6272 6276
f 6271 6276 6275
f 6273 6274 6278
f 6273 6278 6277
f 6274 6275 6279
f 6274 6279 6278
f 6275 6276 6280
f 6275 6280 6279
f 6281 6282 6286
f 6281 6286 6285
f 6282 6283 6287
f 6282 6287 6286
f 6283 6284 6288
f 6283 6288 6287
f 6285 6286 6290
f 6285 6290 6289
f 6286 6287 6291
f 6286 6291 6290
f 6287 6288 6292
f 6287 6292 6291
f 6289 6290 6294
f 6289 6294 6293
f 6290 6291 6295
f 6290 6295 6294
f 6291 6292 6296
f 6291 6296 6295
f 6297 6298 6302
f 6297 6302 6301
f 6298 6299 6303
f 6298 6303 6302
f 6299 6300 6304
f 6299 6304 6303
f 6301 6302 6306
f 6301 6306 6305
f 6302 6303 6307
f 6302 6307 6306
f 6303 6304 6308
f 6303 6308 6307
f 6305 6306 6310
f 6305 6310 6309
f 6306 6307 6311
f 6306 6311 6310
f 6307 6308 6312
f 6307 6312 6311
f 6313 6314 6318
f 6313 6318 6317
f 6314 6315 6319
f 6314 6319 6318
f 6315 6316 6320
f 6315 6320 6319
f 6317 6318 6322
f 6317 6322 6321
f 6318 6319 6323
f 6318 6323 6322
f 6319 6320 6324
f 6319 6324 6323
f 6321 6322 6326
f 6321 6326 6325
f 6322 6323 6327
f 6322 6327 6326
f 6323 6324 6328
f 6323 6328 6327
f 6329 6330 6334
f 6329 6334 6333
f 6330 6331 6335
f 6330 6335 6334
f 6331 6332 6336
f 6331 6336 6335
f 6333 6334 6338
f 6333 6338 6337
f 6334 6335 6339
f 6334 6339 6338
f 6335 6336 6340
f 6335 6340 6339
f 6337 6338 6342
f 6337 6342 6341
f 6338 6339 6343
f 6338 6343 6342
f 6339 6340 6344
f 6339 6344 6343
f 6345 6346 6350
f 6345 6350 6349
f 6346 6347 6351
f 6346 6351 6350
f 6347 6348 6352
f 6347 6352 6351
f 6349 6350 6354
f 6349 6354 6353
f 6350 6351 6355
f 6350 6355 6354
f 6351 6352 6356
f 6351 6356 6355
f 6353 6354 6358
f 6353 6358 6357
f 6354 6355 6359
f 6354 6359 6358
f 6355 6356 6360
f 6355 6360 6359
g 선반 단_10
v -1.1500 0.5700 1.7000
v -1.1500 0.5900 1.7000
v -1.1500 0.6100 1.7000
v -1.1500 0.6300 1.7000
v -0.3833 0.5700 1.7000
v -0.3833 0.5900 1.7000
v -0.3833 0.6100 1.7000
v -0.3833 0.6300 1.7000
v 0.3833 0.5700 1.7000
v 0.3833 0.5900 1.7000
v 0.3833 0.6100 1.7000
v 0.3833 0.6300 1.7000
v 1.1500 0.5700 1.7000
v 1.1500 0.5900 1.7000
v 1.1500 0.6100 1.7000
v 1.1500 0.6300 1.7000
v 1.1500 0.5700 0.7000
v 1.1500 0.5900 0.7000
v 1.1500 0.6100 0.7000
v 1.1500 0.6300 0.7000
v 0.3833 0.5700 0.7000
v 0.3833 0.5900 0.7000
v 0.3833 0.6100 0.7000
v 0.3833 0.6300 0.7000
v -0.3833 0.5700 0.7000
v -0.3833 0.5900 0.7000
v -0.3833 0.6100 0.7000
v -0.3833 0.6300 0.7000
v -1.1500 0.5700 0.7000
v -1.1500 0.5900 0.7000
v -1.1500 0.6100 0.7000
v -1.1500 0.6300 0.7000
v -1.1500 0.5700 0.7000
v -1.1500 0.5900 0.7000
v -1.1500 0.6100 0.7000
v -1.1500 0.6300 0.7000
v -1.1500 0.5700 1.0333
v -1.1500 0.5900 1.0333
v -1.1500 0.6100 1.0333
v -1.1500 0.6300 1.0333
v -1.1500 0.5700 1.3667
v -1.1500 0.5900 1.3667
v -1.1500 0.6100 1.3667
v -1.1500 0.6300 1.3667
v -1.1500 0.5700 1.7000
v -1.1500 0.5900 1.7000
v -1.1500 0.6100 1.7000
v -1.1500 0.6300 1.7000
v 1.1500 0.5700 1.7000
v 1.1500 0.5900 1.7000
v 1.1500 0.6100 1.7000
v 1.1500 0.6300 1.7000
v 1.1500 0.5700 1.3667
v 1.1500 0.5900 1.3667
v 1.1500 0.6100 1.3667
v 1.1500 0.6300 1.3667
v 1.1500 0.5700 1.0333
v 1.1500 0.5900 1.0333
v 1.1500 0.6100 1.0333
v 1.1500 0.6300 1.0333
v 1.1500 0.5700 0.7000
v 1.1500 0.5900 0.7000
v 1.1500 0.6100 0.7000
v 1.1500 0.6300 0.7000
v -1.1500 0.6300 0.7000
v -1.1500 0.6300 1.0333
v -1.1500 0.6300 1.3667
v -1.1500 0.6300 1.7000
v -0.3833 0.6300 0.7000
v -0.3833 0.6300 1.0333
v -0.3833 0.6300 1.3667
v -0.3833 0.6300 1.7000
v 0.3833 0.6300 0.7000
v 0.3833 0.6300 1.0333
v 0.3833 0.6300 1.3667
v 0.3833 0.6300 1.7000
v 1.1500 0.6300 0.7000
v 1.1500 0.6300 1.0333
v 1.1500 0.6300 1.3667
v 1.1500 0.6300 1.7000
v -1.1500 0.5700 1.7000
v -1.1500 0.5700 1.3667
v -1.1500 0.5700 1.0333
v -1.1500 0.5700 0.7000
v -0.3833 0.5700 1.7000
v -0.3833 0.5700 1.3667
v -0.3833 0.5700 1.0333
v -0.3833 0.5700 0.7000
v 0.3833 0.5700 1.7000
v 0.3833 0.5700 1.3667
v 0.3833 0.5700 1.0333
v 0.3833 0.5700 0.7000
v 1.1500 0.5700 1.7000
v 1.1500 0.5700 1.3667
v 1.1500 0.5700 1.0333
v 1.1500 0.5700 0.7000
f 6361 6362 6366
f 6361 6366 6365
f 6362 6363 6367
f 6362 6367 6366
f 6363 6364 6368
f 6363 6368 6367
f 6365 6366 6370
f 6365 6370 6369
f 6366 6367 6371
f 6366 6371 6370
f 6367 6368 6372
f 6367 6372 6371
f 6369 6370 6374
f 6369 6374 6373
f 6370 6371 6375
f 6370 6375 6374
f 6371 6372 6376
f 6371 6376 6375
f 6377 6378 6382
f 6377 6382 6381
f 6378 6379 6383
f 6378 6383 6382
f 6379 6380 6384
f 6379 6384 6383
f 6381 6382 6386
f 6381 6386 6385
f 6382 6383 6387
f 6382 6387 6386
f 6383 6384 6388
f 6383 6388 6387
f 6385 6386 6390
f 6385 6390 6389
f 6386 6387 6391
f 6386 6391 6390
f 6387 6388 6392
f 6387 6392 6391
f 6393 6394 6398
f 6393 6398 6397
f 6394 6395 6399
f 6394 6399 6398
f 6395 6396 6400
f 6395 6400 6399
f 6397 6398 6402
f 6397 6402 6401
f 6398 6399 6403
f 6398 6403 6402
f 6399 6400 6404
f 6399 6404 6403
f 6401 6402 6406
f 6401 6406 6405
f 6402 6403 6407
f 6402 6407 6406
f 6403 6404 6408
f 6403 6408 6407
f 6409 6410 6414
f 6409 6414 6413
f 6410 6411 6415
f 6410 6415 6414
f 6411 6412 6416
f 6411 6416 6415
f 6413 6414 6418
f 6413 6418 6417
f 6414 6415 6419
f 6414 6419 6418
f 6415 6416 6420
f 6415 6420 6419
f 6417 6418 6422
f 6417 6422 6421
f 6418 6419 6423
f 6418 6423 6422
f 6419 6420 6424
f 6419 6424 6423
f 6425 6426 6430
f 6425 6430 6429
f 6426 6427 6431
f 6426 6431 6430
f 6427 6428 6432
f 6427 6432 6431
f 6429 6430 6434
f 6429 6434 6433
f 6430 6431 6435
f 6430 6435 6434
f 6431 6432 6436
f 6431 6436 6435
f 6433 6434 6438
f 6433 6438 6437
f 6434 6435 6439
f 6434 6439 6438
f 6435 6436 6440
f 6435 6440 6439
f 6441 6442 6446
f 6441 6446 6445
f 6442 6443 6447
f 6442 6447 6446
f 6443 6444 6448
f 6443 6448 6447
f 6445 6446 6450
f 6445 6450 6449
f 6446 6447 6451
f 6446 6451 6450
f 6447 6448 6452
f 6447 6452 6451
f 6449 6450 6454
f 6449 6454 6453
f 6450 6451 6455
f 6450 6455 6454
f 6451 6452 6456
f 6451 6456 6455
g 선반 단_11
v -1.1500 0.5700 4.1000
v -1.1500 0.5900 4.1000
v -1.1500 0.6100 4.1000
v -1.1500 0.6300 4.1000
v -0.3833 0.5700 4.1000
v -0.3833 0.5900 4.1000
v -0.3833 0.6100 4.1000
v -0.3833 0.6300 4.1000
v 0.3833 0.5700 4.1000
v 0.3833 0.5900 4.1000
v 0.3833 0.6100 4.1000
v 0.3833 0.6300 4.1000
v 1.1500 0.5700 4.1000
v 1.1500 0.5900 4.1000
v 1.1500 0.6100 4.1000
v 1.1500 0.6300 4.1000
v 1.1500 0.5700 3.1000
v 1.1500 0.5900 3.1000
v 1.1500 0.6100 3.1000
v 1.1500 0.6300 3.1000
v 0.3833 0.5700 3.1000
v 0.3833 0.5900 3.1000
v 0.3833 0.6100 3.1000
v 0.3833 0.6300 3.1000
v -0.3833 0.5700 3.1000
v -0.3833 0.5900 3.1000
v -0.3833 0.6100 3.1000
v -0.3833 0.6300 3.1000
v -1.1500 0.5700 3.1000
v -1.1500 0.5900 3.1000
v -1.1500 0.6100 3.1000
v -1.1500 0.6300 3.1000
v -1.1500 0.5700 3.1000
v -1.1500 0.5900 3.1000
v -1.1500 0.6100 3.1000
v -1.1500 0.6300 3.1000
v -1.1500 0.5700 3.4333
v -1.1500 0.5900 3.4333
v -1.1500 0.6100 3.4333
v -1.1500 0.6300 3.4333
v -1.1500 0.5700 3.7667
v -1.1500 0.5900 3.7667
v -1.1500 0.6100 3.7667
v -1.1500 0.6300 3.7667
v -1.1500 0.5700 4.1000
v -1.1500 0.5900 4.1000
v -1.1500 0.6100 4.1000
v -1.1500 0.6300 4.1000
v 1.1500 0.5700 4.1000
v 1.1500 0.5900 4.1000
v 1.1500 0.6100 4.1000
v 1.1500 0.6300 4.1000
v 1.1500 0.5700 3.7667
v 1.1500 0.5900 3.7667
v 1.1500 0.6100 3.7667
v 1.1500 0.6300 3.7667
v 1.1500 0.5700 3.4333
v 1.1500 0.5900 3.4333
v 1.1500 0.6100 3.4333
v 1.1500 0.6300 3.4333
v 1.1500 0.5700 3.1000
v 1.1500 0.5900 3.1000
v 1.1500 0.6100 3.1000
v 1.1500 0.6300 3.1000
v -1.1500 0.6300 3.1000
v -1.1500 0.6300 3.4333
v -1.1500 0.6300 3.7667
v -1.1500 0.6300 4.1000
v -0.3833 0.6300 3.1000
v -0.3833 0.6300 3.4333
v -0.3833 0.6300 3.7667
v -0.3833 0.6300 4.1000
v 0.3833 0.6300 3.1000
v 0.3833 0.6300 3.4333
v 0.3833 0.6300 3.7667
v 0.3833 0.6300 4.1000
v 1.1500 0.6300 3.1000
v 1.1500 0.6300 3.4333
v 1.1500 0.6300 3.7667
v 1.1500 0.6300 4.1000
v -1.1500 0.5700 4.1000
v -1.1500 0.5700 3.7667
v -1.1500 0.5700 3.4333
v -1.1500 0.5700 3.1000
v -0.3833 0.5700 4.1000
v -0.3833 0.5700 3.7667
v -0.3833 0.5700 3.4333
v -0.3833 0.5700 3.1000
v 0.3833 0.5700 4.1000
v 0.3833 0.5700 3.7667
v 0.3833 0.5700 3.4333
v 0.3833 0.5700 3.1000
v 1.1500 0.5700 4.1000
v 1.1500 0.5700 3.7667
v 1.1500 0.5700 3.4333
v 1.1500 0.5700 3.1000
f 6457 6458 6462
f 6457 6462 6461
f 6458 6459 6463
f 6458 6463 6462
f 6459 6460 6464
f 6459 6464 6463
f 6461 6462 6466
f 6461 6466 6465
f 6462 6463 6467
f 6462 6467 6466
f 6463 6464 6468
f 6463 6468 6467
f 6465 6466 6470
f 6465 6470 6469
f 6466 6467 6471
f 6466 6471 6470
f 6467 6468 6472
f 6467 6472 6471
f 6473 6474 6478
f 6473 6478 6477
f 6474 6475 6479
f 6474 6479 6478
f 6475 6476 6480
f 6475 6480 6479
f 6477 6478 6482
f 6477 6482 6481
f 6478 6479 6483
f 6478 6483 6482
f 6479 6480 6484
f 6479 6484 6483
f 6481 6482 6486
f 6481 6486 6485
f 6482 6483 6487
f 6482 6487 6486
f 6483 6484 6488
f 6483 6488 6487
f 6489 6490 6494
f 6489 6494 6493
f 6490 6491 6495
f 6490 6495 6494
f 6491 6492 6496
f 6491 6496 6495
f 6493 6494 6498
f 6493 6498 6497
f 6494 6495 6499
f 6494 6499 6498
f 6495 6496 6500
f 6495 6500 6499
f 6497 6498 6502
f 6497 6502 6501
f 6498 6499 6503
f 6498 6503 6502
f 6499 6500 6504
f 6499 6504 6503
f 6505 6506 6510
f 6505 6510 6509
f 6506 6507 6511
f 6506 6511 6510
f 6507 6508 6512
f 6507 6512 6511
f 6509 6510 6514
f 6509 6514 6513
f 6510 6511 6515
f 6510 6515 6514
f 6511 6512 6516
f 6511 6516 6515
f 6513 6514 6518
f 6513 6518 6517
f 6514 6515 6519
f 6514 6519 6518
f 6515 6516 6520
f 6515 6520 6519
f 6521 6522 6526
f 6521 6526 6525
f 6522 6523 6527
f 6522 6527 6526
f 6523 6524 6528
f 6523 6528 6527
f 6525 6526 6530
f 6525 6530 6529
f 6526 6527 6531
f 6526 6531 6530
f 6527 6528 6532
f 6527 6532 6531
f 6529 6530 6534
f 6529 6534 6533
f 6530 6531 6535
f 6530 6535 6534
f 6531 6532 6536
f 6531 6536 6535
f 6537 6538 6542
f 6537 6542 6541
f 6538 6539 6543
f 6538 6543 6542
f 6539 6540 6544
f 6539 6544 6543
f 6541 6542 6546
f 6541 6546 6545
f 6542 6543 6547
f 6542 6547 6546
f 6543 6544 6548
f 6543 6548 6547
f 6545 6546 6550
f 6545 6550 6549
f 6546 6547 6551
f 6546 6551 6550
f 6547 6548 6552
f 6547 6552 6551
g 선반 단_12
v 1.2500 0.5700 -3.1000
v 1.2500 0.5900 -3.1000
v 1.2500 0.6100 -3.1000
v 1.2500 0.6300 -3.1000
v 2.0167 0.5700 -3.1000
v 2.0167 0.5900 -3.1000
v 2.0167 0.6100 -3.1000
v 2.0167 0.6300 -3.1000
v 2.7833 0.5700 -3.1000
v 2.7833 0.5900 -3.1000
v 2.7833 0.6100 -3.1000
v 2.7833 0.6300 -3.1000
v 3.5500 0.5700 -3.1000
v 3.5500 0.5900 -3.1000
v 3.5500 0.6100 -3.1000
v 3.5500 0.6300 -3.1000
v 3.5500 0.5700 -4.1000
v 3.5500 0.5900 -4.1000
v 3.5500 0.6100 -4.1000
v 3.5500 0.6300 -4.1000
v 2.7833 0.5700 -4.1000
v 2.7833 0.5900 -4.1000
v 2.7833 0.6100 -4.1000
v 2.7833 0.6300 -4.1000
v 2.0167 0.5700 -4.1000
v 2.0167 0.5900 -4.1000
v 2.0167 0.6100 -4.1000
v 2.0167 0.6300 -4.1000
v 1.2500 0.5700 -4.1000
v 1.2500 0.5900 -4.1000
v 1.2500 0.6100 -4.1000
v 1.2500 0.6300 -4.1000
v 1.2500 0.5700 -4.1000
v 1.2500 0.5900 -4.1000
v 1.2500 0.6100 -4.1000
v 1.2500 0.6300 -4.1000
v 1.2500 0.5700 -3.7667
v 1.2500 0.5900 -3.7667
v 1.2500 0.6100 -3.7667
v 1.2500 0.6300 -3.7667
v 1.2500 0.5700 -3.4333
v 1.2500 0.5900 -3.4333
v 1.2500 0.6100 -3.4333
v 1.2500 0.6300 -3.4333
v 1.2500 0.5700 -3.1000
v 1.2500 0.5900 -3.1000
v 1.2500 0.6100 -3.1000
v 1.2500 0.6300 -3.1000
v 3.5500 0.5700 -3.1000
v 3.5500 0.5900 -3.1000
v 3.5500 0.6100 -3.1000
v 3.5500 0.6300 -3.1000
v 3.5500 0.5700 -3.4333
v 3.5500 0.5900 -3.4333
v 3.5500 0.6100 -3.4333
v 3.5500 0.6300 -3.4333
v 3.5500 0.5700 -3.7667
v 3.5500 0.5900 -3.7667
v 3.5500 0.6100 -3.7667
v 3.5500 0.6300 -3.7667
v 3.5500 0.5700 -4.1000
v 3.5500 0.5900 -4.1000
v 3.5500 0.6100 -4.1000
v 3.5500 0.6300 -4.1000
v 1.2500 0.6300 -4.1000
v 1.2500 0.6300 -3.7667
v 1.2500 0.6300 -3.4333
v 1.2500 0.6300 -3.1000
v 2.0167 0.6300 -4.1000
v 2.0167 0.6300 -3.7667
v 2.0167 0.6300 -3.4333
v 2.0167 0.6300 -3.1000
v 2.7833 0.6300 -4.1000
v 2.7833 0.6300 -3.7667
v 2.7833 0.6300 -3.4333
v 2.7833 0.6300 -3.1000
v 3.5500 0.6300 -4.1000
v 3.5500 0.6300 -3.7667
v 3.5500 0.6300 -3.4333
v 3.5500 0.6300 -3.1000
v 1.2500 0.5700 -3.1000
v 1.2500 0.5700 -3.4333
v 1.2500 0.5700 -3.7667
v 1.2500 0.5700 -4.1000
v 2.0167 0.5700 -3.1000
v 2.0167 0.5700 -3.4333
v 2.0167 0.5700 -3.7667
v 2.0167 0.5700 -4.1000
v 2.7833 0.5700 -3.1000
v 2.7833 0.5700 -3.4333
v 2.7833 0.5700 -3.7667
v 2.7833 0.5700 -4.1000
v 3.5500 0.5700 -3.1000
v 3.5500 0.5700 -3.4333
v 3.5500 0.5700 -3.7667
v 3.5500 0.5700 -4.1000
f 6553 6554 6558
f 6553 6558 6557
f 6554 6555 6559
f 6554 6559 6558
f 6555 6556 6560
f 6555 6560 6559
f 6557 6558 6562
f 6557 6562 6561
f 6558 6559 6563
f 6558 6563 6562
f 6559 6560 6564
f 6559 6564 6563
f 6561 6562 6566
f 6561 6566 6565
f 6562 6563 6567
f 6562 6567 6566
f 6563 6564 6568
f 6563 6568 6567
f 6569 6570 6574
f 6569 6574 6573
f 6570 6571 6575
f 6570 6575 6574
f 6571 6572 6576
f 6571 6576 6575
f 6573 6574 6578
f 6573 6578 6577
f 6574 6575 6579
f 6574 6579 6578
f 6575 6576 6580
f 6575 6580 6579
f 6577 6578 6582
f 6577 6582 6581
f 6578 6579 6583
f 6578 6583 6582
f 6579 6580 6584
f 6579 6584 6583
f 6585 6586 6590
f 6585 6590 6589
f 6586 6587 6591
f 6586 6591 6590
f 6587 6588 6592
f 6587 6592 6591
f 6589 6590 6594
f 6589 6594 6593
f 6590 6591 6595
f 6590 6595 6594
f 6591 6592 6596
f 6591 6596 6595
f 6593 6594 6598
f 6593 6598 6597
f 6594 6595 6599
f 6594 6599 6598
f 6595 6596 6600
f 6595 6600 6599
f 6601 6602 6606
f 6601 6606 6605
f 6602 6603 6607
f 6602 6607 6606
f 6603 6604 6608
f 6603 6608 6607
f 6605 6606 6610
f 6605 6610 6609
f 6606 6607 6611
f 6606 6611 6610
f 6607 6608 6612
f 6607 6612 6611
f 6609 6610 6614
f 6609 6614 6613
f 6610 6611 6615
f 6610 6615 6614
f 6611 6612 6616
f 6611 6616 6615
f 6617 6618 6622
f 6617 6622 6621
f 6618 6619 6623
f 6618 6623 6622
f 6619 6620 6624
f 6619 6624 6623
f 6621 6622 6626
f 6621 6626 6625
f 6622 6623 6627
f 6622 6627 6626
f 6623 6624 6628
f 6623 6628 6627
f 6625 6626 6630
f 6625 6630 6629
f 6626 6627 6631
f 6626 6631 6630
f 6627 6628 6632
f 6627 6632 6631
f 6633 6634 6638
f 6633 6638 6637
f 6634 6635 6639
f 6634 6639 6638
f 6635 6636 6640
f 6635 6640 6639
f 6637 6638 6642
f 6637 6642 6641
f 6638 6639 6643
f 6638 6643 6642
f 6639 6640 6644
f 6639 6644 6643
f 6641 6642 6646
f 6641 6646 6645
f 6642 6643 6647
f 6642 6647 6646
f 6643 6644 6648
f 6643 6648 6647
g 선반 단_13
v 1.2500 0.5700 -0.7000
v 1.2500 0.5900 -0.7000
v 1.2500 0.6100 -0.7000
v 1.2500 0.6300 -0.7000
v 2.0167 0.5700 -0.7000
v 2.0167 0.5900 -0.7000
v 2.0167 0.6100 -0.7000
v 2.0167 0.6300 -0.7000
v 2.7833 0.5700 -0.7000
v 2.7833 0.5900 -0.7000
v 2.7833 0.6100 -0.7000
v 2.7833 0.6300 -0.7000
v 3.5500 0.5700 -0.7000
v 3.5500 0.5900 -0.7000
v 3.5500 0.6100 -0.7000
v 3.5500 0.6300 -0.7000
v 3.5500 0.5700 -1.7000
v 3.5500 0.5900 -1.7000
v 3.5500 0.6100 -1.7000
v 3.5500 0.6300 -1.7000
v 2.7833 0.5700 -1.7000
v 2.7833 0.5900 -1.7000
v 2.7833 0.6100 -1.7000
v 2.7833 0.6300 -1.7000
v 2.0167 0.5700 -1.7000
v 2.0167 0.5900 -1.7000
v 2.0167 0.6100 -1.7000
v 2.0167 0.6300 -1.7000
v 1.2500 0.5700 -1.7000
v 1.2500 0.5900 -1.7000
v 1.2500 0.6100 -1.7000
v 1.2500 0.6300 -1.7000
v 1.2500 0.5700 -1.7000
v 1.2500 0.5900 -1.7000
v 1.2500 0.6100 -1.7000
v 1.2500 0.6300 -1.7000
v 1.2500 0.5700 -1.3667
v 1.2500 0.5900 -1.3667
v 1.2500 0.6100 -1.3667
v 1.2500 0.6300 -1.3667
v 1.2500 0.5700 -1.0333
v 1.2500 0.5900 -1.0333
v 1.2500 0.6100 -1.0333
v 1.2500 0.6300 -1.0333
v 1.2500 0.5700 -0.7000
v 1.2500 0.5900 -0.7000
v 1.2500 0.6100 -0.7000
v 1.2500 0.6300 -0.7000
v 3.5500 0.5700 -0.7000
v 3.5500 0.5900 -0.7000
v 3.5500 0.6100 -0.7000
v 3.5500 0.6300 -0.7000
v 3.5500 0.5700 -1.0333
v 3.5500 0.5900 -1.0333
v 3.5500 0.6100 -1.0333
v 3.5500 0.6300 -1.0333
v 3.5500 0.5700 -1.3667
v 3.5500 0.5900 -1.3667
v 3.5500 0.6100 -1.3667
v 3.5500 0.6300 -1.3667
v 3.5500 0.5700 -1.7000
v 3.5500 0.5900 -1.7000
v 3.5500 0.6100 -1.7000
v 3.5500 0.6300 -1.7000
v 1.2500 0.6300 -1.7000
v 1.2500 0.6300 -1.3667
v 1.2500 0.6300 -1.0333
v 1.2500 0.6300 -0.7000
v 2.0167 0.6300 -1.7000
v 2.0167 0.6300 -1.3667
v 2.0167 0.6300 -1.0333
v 2.0167 0.6300 -0.7000
v 2.7833 0.6300 -1.7000
v 2.7833 0.6300 -1.3667
v 2.7833 0.6300 -1.0333
v 2.7833 0.6300 -0.7000
v 3.5500 0.6300 -1.7000
v 3.5500 0.6300 -1.3667
v 3.5500 0.6300 -1.0333
v 3.5500 0.6300 -0.7000
v 1.2500 0.5700 -0.7000
v 1.2500 0.5700 -1.0333
v 1.2500 0.5700 -1.3667
v 1.2500 0.5700 -1.7000
v 2.0167 0.5700 -0.7000
v 2.0167 0.5700 -1.0333
v 2.0167 0.5700 -1.3667
v 2.0167 0.5700 -1.7000
v 2.7833 0.5700 -0.7000
v 2.7833 0.5700 -1.0333
v 2.7833 0.5700 -1.3667
v 2.7833 0.5700 -1.7000
v 3.5500 0.5700 -0.7000
v 3.5500 0.5700 -1.0333
v 3.5500 0.5700 -1.3667
v 3.5500 0.5700 -1.7000
f 6649 6650 6654
f 6649 6654 6653
f 6650 6651 6655
f 6650 6655 6654
f 6651 6652 6656
f 6651 6656 6655
f 6653 6654 6658
f 6653 6658 6657
f 6654 6655 6659
f 6654 6659 6658
f 6655 6656 6660
f 6655 6660 6659
f 6657 6658 6662
f 6657 6662 6661
f 6658 6659 6663
f 6658 6663 6662
f 6659 6660 6664
f 6659 6664 6663
f 6665 6666 6670
f 6665 6670 6669
f 6666 6667 6671
f 6666 6671 6670
f 6667 6668 6672
f 6667 6672 6671
f 6669 6670 6674
f 6669 6674 6673
f 6670 6671 6675
f 6670 6675 6674
f 6671 6672 6676
f 6671 6676 6675
f 6673 6674 6678
f 6673 6678 6677
f 6674 6675 6679
f 6674 6679 6678
f 6675 6676 6680
f 6675 6680 6679
f 6681 6682 6686
f 6681 6686 6685
f 6682 6683 6687
f 6682 6687 6686
f 6683 6684 6688
f 6683 6688 6687
f 6685 6686 6690
f 6685 6690 6689
f 6686 6687 6691
f 6686 6691 6690
f 6687 6688 6692
f 6687 6692 6691
f 6689 6690 6694
f 6689 6694 6693
f 6690 6691 6695
f 6690 6695 6694
f 6691 6692 6696
f 6691 6696 6695
f 6697 6698 6702
f 6697 6702 6701
f 6698 6699 6703
f 6698 6703 6702
f 6699 6700 6704
f 6699 6704 6703
f 6701 6702 6706
f 6701 6706 6705
f 6702 6703 6707
f 6702 6707 6706
f 6703 6704 6708
f 6703 6708 6707
f 6705 6706 6710
f 6705 6710 6709
f 6706 6707 6711
f 6706 6711 6710
f 6707 6708 6712
f 6707 6712 6711
f 6713 6714 6718
f 6713 6718 6717
f 6714 6715 6719
f 6714 6719 6718
f 6715 6716 6720
f 6715 6720 6719
f 6717 6718 6722
f 6717 6722 6721
f 6718 6719 6723
f 6718 6723 6722
f 6719 6720 6724
f 6719 6724 6723
f 6721 6722 6726
f 6721 6726 6725
f 6722 6723 6727
f 6722 6727 6726
f 6723 6724 6728
f 6723 6728 6727
f 6729 6730 6734
f 6729 6734 6733
f 6730 6731 6735
f 6730 6735 6734
f 6731 6732 6736
f 6731 6736 6735
f 6733 6734 6738
f 6733 6738 6737
f 6734 6735 6739
f 6734 6739 6738
f 6735 6736 6740
f 6735 6740 6739
f 6737 6738 6742
f 6737 6742 6741
f 6738 6739 6743
f 6738 6743 6742
f 6739 6740 6744
f 6739 6744 6743
g 선반 단_14
v 1.2500 0.5700 1.7000
v 1.2500 0.5900 1.7000
v 1.2500 0.6100 1.7000
v 1.2500 0.6300 1.7000
v 2.0167 0.5700 1.7000
v 2.0167 0.5900 1.7000
v 2.0167 0.6100 1.7000
v 2.0167 0.6300 1.7000
v 2.7833 0.5700 1.7000
v 2.7833 0.5900 1.7000
v 2.7833 0.6100 1.7000
v 2.7833 0.6300 1.7000
v 3.5500 0.5700 1.7000
v 3.5500 0.5900 1.7000
v 3.5500 0.6100 1.7000
v 3.5500 0.6300 1.7000
v 3.5500 0.5700 0.7000
v 3.5500 0.5900 0.7000
v 3.5500 0.6100 0.7000
v 3.5500 0.6300 0.7000
v 2.7833 0.5700 0.7000
v 2.7833 0.5900 0.7000
v 2.7833 0.6100 0.7000
v 2.7833 0.6300 0.7000
v 2.0167 0.5700 0.7000
v 2.0167 0.5900 0.7000
v 2.0167 0.6100 0.7000
v 2.0167 0.6300 0.7000
v 1.2500 0.5700 0.7000
v 1.2500 0.5900 0.7000
v 1.2500 0.6100 0.7000
v 1.2500 0.6300 0.7000
v 1.2500 0.5700 0.7000
v 1.2500 0.5900 0.7000
v 1.2500 0.6100 0.7000
v 1.2500 0.6300 0.7000
v 1.2500 0.5700 1.0333
v 1.2500 0.5900 1.0333
v 1.2500 0.6100 1.0333
v 1.2500 0.6300 1.0333
v 1.2500 0.5700 1.3667
v 1.2500 0.5900 1.3667
v 1.2500 0.6100 1.3667
v 1.2500 0.6300 1.3667
v 1.2500 0.5700 1.7000
v 1.2500 0.5900 1.7000
v 1.2500 0.6100 1.7000
v 1.2500 0.6300 1.7000
v 3.5500 0.5700 1.7000
v 3.5500 0.5900 1.7000
v 3.5500 0.6100 1.7000
v 3.5500 0.6300 1.7000
v 3.5500 0.5700 1.3667
v 3.5500 0.5900 1.3667
v 3.5500 0.6100 1.3667
v 3.5500 0.6300 1.3667
v 3.5500 0.5700 1.0333
v 3.5500 0.5900 1.0333
v 3.5500 0.6100 1.0333
v 3.5500 0.6300 1.0333
v 3.5500 0.5700 0.7000
v 3.5500 0.5900 0.7000
v 3.5500 0.6100 0.7000
v 3.5500 0.6300 0.7000
v 1.2500 0.6300 0.7000
v 1.2500 0.6300 1.0333
v 1.2500 0.6300 1.3667
v 1.2500 0.6300 1.7000
v 2.0167 0.6300 0.7000
v 2.0167 0.6300 1.0333
v 2.0167 0.6300 1.3667
v 2.0167 0.6300 1.7000
v 2.7833 0.6300 0.7000
v 2.7833 0.6300 1.0333
v 2.7833 0.6300 1.3667
v 2.7833 0.6300 1.7000
v 3.5500 0.6300 0.7000
v 3.5500 0.6300 1.0333
v 3.5500 0.6300 1.3667
v 3.5500 0.6300 1.7000
v 1.2500 0.5700 1.7000
v 1.2500 0.5700 1.3667
v 1.2500 0.5700 1.0333
v 1.2500 0.5700 0.7000
v 2.0167 0.5700 1.7000
v 2.0167 0.5700 1.3667
v 2.0167 0.5700 1.0333
v 2.0167 0.5700 0.7000
v 2.7833 0.5700 1.7000
v 2.7833 0.5700 1.3667
v 2.7833 0.5700 1.0333
v 2.7833 0.5700 0.7000
v 3.5500 0.5700 1.7000
v 3.5500 0.5700 1.3667
v 3.5500 0.5700 1.0333
v 3.5500 0.5700 0.7000
f 6745 6746 6750
f 6745 6750 6749
f 6746 6747 6751
f 6746 6751 6750
f 6747 6748 6752
f 6747 6752 6751
f 6749 6750 6754
f 6749 6754 6753
f 6750 6751 6755
f 6750 6755 6754
f 6751 6752 6756
f 6751 6756 6755
f 6753 6754 6758
f 6753 6758 6757
f 6754 6755 6759
f 6754 6759 6758
f 6755 6756 6760
f 6755 6760 6759
f 6761 6762 6766
f 6761 6766 6765
f 6762 6763 6767
f 6762 6767 6766
f 6763 6764 6768
f 6763 6768 6767
f 6765 6766 6770
f 6765 6770 6769
f 6766 6767 6771
f 6766 6771 6770
f 6767 6768 6772
f 6767 6772 6771
f 6769 6770 6774
f 6769 6774 6773
f 6770 6771 6775
f 6770 6775 6774
f 6771 6772 6776
f 6771 6776 6775
f 6777 6778 6782
f 6777 6782 6781
f 6778 6779 6783
f 6778 6783 6782
f 6779 6780 6784
f 6779 6784 6783
f 6781 6782 6786
f 6781 6786 6785
f 6782 6783 6787
f 6782 6787 6786
f 6783 6784 6788
f 6783 6788 6787
f 6785 6786 6790
f 6785 6790 6789
f 6786 6787 6791
f 6786 6791 6790
f 6787 6788 6792
f 6787 6792 6791
f 6793 6794 6798
f 6793 6798 6797
f 6794 6795 6799
f 6794 6799 6798
f 6795 6796 6800
f 6795 6800 6799
f 6797 6798 6802
f 6797 6802 6801
f 6798 6799 6803
f 6798 6803 6802
f 6799 6800 6804
f 6799 6804 6803
f 6801 6802 6806
f 6801 6806 6805
f 6802 6803 6807
f 6802 6807 6806
f 6803 6804 6808
f 6803 6808 6807
f 6809 6810 6814
f 6809 6814 6813
f 6810 6811 6815
f 6810 6815 6814
f 6811 6812 6816
f 6811 6816 6815
f 6813 6814 6818
f 6813 6818 6817
f 6814 6815 6819
f 6814 6819 6818
f 6815 6816 6820
f 6815 6820 6819
f 6817 6818 6822
f 6817 6822 6821
f 6818 6819 6823
f 6818 6823 6822
f 6819 6820 6824
f 6819 6824 6823
f 6825 6826 6830
f 6825 6830 6829
f 6826 6827 6831
f 6826 6831 6830
f 6827 6828 6832
f 6827 6832 6831
f 6829 6830 6834
f 6829 6834 6833
f 6830 6831 6835
f 6830 6835 6834
f 6831 6832 6836
f 6831 6836 6835
f 6833 6834 6838
f 6833 6838 6837
f 6834 6835 6839
f 6834 6839 6838
f 6835 6836 6840
f 6835 6840 6839
g 선반 단_15
v 1.2500 0.5700 4.1000
v 1.2500 0.5900 4.1000
v 1.2500 0.6100 4.1000
v 1.2500 0.6300 4.1000
v 2.0167 0.5700 4.1000
v 2.0167 0.5900 4.1000
v 2.0167 0.6100 4.1000
v 2.0167 0.6300 4.1000
v 2.7833 0.5700 4.1000
v 2.7833 0.5900 4.1000
v 2.7833 0.6100 4.1000
v 2.7833 0.6300 4.1000
v 3.5500 0.5700 4.1000
v 3.5500 0.5900 4.1000
v 3.5500 0.6100 4.1000
v 3.5500 0.6300 4.1000
v 3.5500 0.5700 3.1000
v 3.5500 0.5900 3.1000
v 3.5500 0.6100 3.1000
v 3.5500 0.6300 3.1000
v 2.7833 0.5700 3.1000
v 2.7833 0.5900 3.1000
v 2.7833 0.6100 3.1000
v 2.7833 0.6300 3.1000
v 2.0167 0.5700 3.1000
v 2.0167 0.5900 3.1000
v 2.0167 0.6100 3.1000
v 2.0167 0.6300 3.1000
v 1.2500 0.5700 3.1000
v 1.2500 0.5900 3.1000
v 1.2500 0.6100 3.1000
v 1.2500 0.6300 3.1000
v 1.2500 0.5700 3.1000
v 1.2500 0.5900 3.1000
v 1.2500 0.6100 3.1000
v 1.2500 0.6300 3.1000
v 1.2500 0.5700 3.4333
v 1.2500 0.5900 3.4333
v 1.2500 0.6100 3.4333
v 1.2500 0.6300 3.4333
v 1.2500 0.5700 3.7667
v 1.2500 0.5900 3.7667
v 1.2500 0.6100 3.7667
v 1.2500 0.6300 3.7667
v 1.2500 0.5700 4.1000
v 1.2500 0.5900 4.1000
v 1.2500 0.6100 4.1000
v 1.2500 0.6300 4.1000
v 3.5500 0.5700 4.1000
v 3.5500 0.5900 4.1000
v 3.5500 0.6100 4.1000
v 3.5500 0.6300 4.1000
v 3.5500 0.5700 3.7667
v 3.5500 0.5900 3.7667
v 3.5500 0.6100 3.7667
v 3.5500 0.6300 3.7667
v 3.5500 0.5700 3.4333
v 3.5500 0.5900 3.4333
v 3.5500 0.6100 3.4333
v 3.5500 0.6300 3.4333
v 3.5500 0.5700 3.1000
v 3.5500 0.5900 3.1000
v 3.5500 0.6100 3.1000
v 3.5500 0.6300 3.1000
v 1.2500 0.6300 3.1000
v 1.2500 0.6300 3.4333
v 1.2500 0.6300 3.7667
v 1.2500 0.6300 4.1000
v 2.0167 0.6300 3.1000
v 2.0167 0.6300 3.4333
v 2.0167 0.6300 3.7667
v 2.0167 0.6300 4.1000
v 2.7833 0.6300 3.1000
v 2.7833 0.6300 3.4333
v 2.7833 0.6300 3.7667
v 2.7833 0.6300 4.1000
v 3.5500 0.6300 3.1000
v 3.5500 0.6300 3.4333
v 3.5500 0.6300 3.7667
v 3.5500 0.6300 4.1000
v 1.2500 0.5700 4.1000
v 1.2500 0.5700 3.7667
v 1.2500 0.5700 3.4333
v 1.2500 0.5700 3.1000
v 2.0167 0.5700 4.1000
v 2.0167 0.5700 3.7667
v 2.0167 0.5700 3.4333
v 2.0167 0.5700 3.1000
v 2.7833 0.5700 4.1000
v 2.7833 0.5700 3.7667
v 2.7833 0.5700 3.4333
v 2.7833 0.5700 3.1000
v 3.5500 0.5700 4.1000
v 3.5500 0.5700 3.7667
v 3.5500 0.5700 3.4333
v 3.5500 0.5700 3.1000
f 6841 6842 6846
f 6841 6846 6845
f 6842 6843 6847
f 6842 6847 6846
f 6843 6844 6848
f 6843 6848 6847
f 6845 6846 6850
f 6845 6850 6849
f 6846 6847 6851
f 6846 6851 6850
f 6847 6848 6852
f 6847 6852 6851
f 6849 6850 6854
f 6849 6854 6853
f 6850 6851 6855
f 6850 6855 6854
f 6851 6852 6856
f 6851 6856 6855
f 6857 6858 6862
f 6857 6862 6861
f 6858 6859 6863
f 6858 6863 6862
f 6859 6860 6864
f 6859 6864 6863
f 6861 6862 6866
f 6861 6866 6865
f 6862 6863 6867
f 6862 6867 6866
f 6863 6864 6868
f 6863 6868 6867
f 6865 6866 6870
f 6865 6870 6869
f 6866 6867 6871
f 6866 6871 6870
f 6867 6868 6872
f 6867 6872 6871
f 6873 6874 6878
f 6873 6878 6877
f 6874 6875 6879
f 6874 6879 6878
f 6875 6876 6880
f 6875 6880 6879
f 6877 6878 6882
f 6877 6882 6881
f 6878 6879 6883
f 6878 6883 6882
f 6879 6880 6884
f 6879 6884 6883
f 6881 6882 6886
f 6881 6886 6885
f 6882 6883 6887
f 6882 6887 6886
f 6883 6884 6888
f 6883 6888 6887
f 6889 6890 6894
f 6889 6894 6893
f 6890 6891 6895
f 6890 6895 6894
f 6891 6892 6896
f 6891 6896 6895
f 6893 6894 6898
f 6893 6898 6897
f 6894 6895 6899
f 6894 6899 6898
f 6895 6896 6900
f 6895 6900 6899
f 6897 6898 6902
f 6897 6902 6901
f 6898 6899 6903
f 6898 6903 6902
f 6899 6900 6904
f 6899 6904 6903
f 6905 6906 6910
f 6905 6910 6909
f 6906 6907 6911
f 6906 6911 6910
f 6907 6908 6912
f 6907 6912 6911
f 6909 6910 6914
f 6909 6914 6913
f 6910 6911 6915
f 6910 6915 6914
f 6911 6912 6916
f 6911 6916 6915
f 6913 6914 6918
f 6913 6918 6917
f 6914 6915 6919
f 6914 6919 6918
f 6915 6916 6920
f 6915 6920 6919
f 6921 6922 6926
f 6921 6926 6925
f 6922 6923 6927
f 6922 6927 6926
f 6923 6924 6928
f 6923 6928 6927
f 6925 6926 6930
f 6925 6930 6929
f 6926 6927 6931
f 6926 6931 6930
f 6927 6928 6932
f 6927 6932 6931
f 6929 6930 6934
f 6929 6934 6933
f 6930 6931 6935
f 6930 6935 6934
f 6931 6932 6936
f 6931 6936 6935
g 선반 단_16
v 3.6500 0.5700 -3.1000
v 3.6500 0.5900 -3.1000
v 3.6500 0.6100 -3.1000
v 3.6500 0.6300 -3.1000
v 4.4167 0.5700 -3.1000
v 4.4167 0.5900 -3.1000
v 4.4167 0.6100 -3.1000
v 4.4167 0.6300 -3.1000
v 5.1833 0.5700 -3.1000
v 5.1833 0.5900 -3.1000
v 5.1833 0.6100 -3.1000
v 5.1833 0.6300 -3.1000
v 5.9500 0.5700 -3.1000
v 5.9500 0.5900 -3.1000
v 5.9500 0.6100 -3.1000
v 5.9500 0.6300 -3.1000
v 5.9500 0.5700 -4.1000
v 5.9500 0.5900 -4.1000
v 5.9500 0.6100 -4.1000
v 5.9500 0.6300 -4.1000
v 5.1833 0.5700 -4.1000
v 5.1833 0.5900 -4.1000
v 5.1833 0.6100 -4.1000
v 5.1833 0.6300 -4.1000
v 4.4167 0.5700 -4.1000
v 4.4167 0.5900 -4.1000
v 4.4167 0.6100 -4.1000
v 4.4167 0.6300 -4.1000
v 3.6500 0.5700 -4.1000
v 3.6500 0.5900 -4.1000
v 3.6500 0.6100 -4.1000
v 3.6500 0.6300 -4.1000
v 3.6500 0.5700 -4.1000
v 3.6500 0.5900 -4.1000
v 3.6500 0.6100 -4.1000
v 3.6500 0.6300 -4.1000
v 3.6500 0.5700 -3.7667
v 3.6500 0.5900 -3.7667
v 3.6500 0.6100 -3.7667
v 3.6500 0.6300 -3.7667
v 3.6500 0.5700 -3.4333
v 3.6500 0.5900 -3.4333
v 3.6500 0.6100 -3.4333
v 3.6500 0.6300 -3.4333
v 3.6500 0.5700 -3.1000
v 3.6500 0.5900 -3.1000
v 3.6500 0.6100 -3.1000
v 3.6500 0.6300 -3.1000
v 5.9500 0.5700 -3.1000
v 5.9500 0.5900 -3.1000
v 5.9500 0.6100 -3.1000
v 5.9500 0.6300 -3.1000
v 5.9500 0.5700 -3.4333
v 5.9500 0.5900 -3.4333
v 5.9500 0.6100 -3.4333
v 5.9500 0.6300 -3.4333
v 5.9500 0.5700 -3.7667
v 5.9500 0.5900 -3.7667
v 5.9500 0.6100 -3.7667
v 5.9500 0.6300 -3.7667
v 5.9500 0.5700 -4.1000
v 5.9500 0.5900 -4.1000
v 5.9500 0.6100 -4.1000
v 5.9500 0.6300 -4.1000
v 3.6500 0.6300 -4.1000
v 3.6500 0.6300 -3.7667
v 3.6500 0.6300 -3.4333
v 3.6500 0.6300 -3.1000
v 4.4167 0.6300 -4.1000
v 4.4167 0.6300 -3.7667
v 4.4167 0.6300 -3.4333
v 4.4167 0.6300 -3.1000
v 5.1833 0.6300 -4.1000
v 5.1833 0.6300 -3.7667
v 5.1833 0.6300 -3.4333
v 5.1833 0.6300 -3.1000
v 5.9500 0.6300 -4.1000
v 5.9500 0.6300 -3.7667
v 5.9500 0.6300 -3.4333
v 5.9500 0.6300 -3.1000
v 3.6500 0.5700 -3.1000
v 3.6500 0.5700 -3.4333
v 3.6500 0.5700 -3.7667
v 3.6500 0.5700 -4.1000
v 4.4167 0.5700 -3.1000
v 4.4167 0.5700 -3.4333
v 4.4167 0.5700 -3.7667
v 4.4167 0.5700 -4.1000
v 5.1833 0.5700 -3.1000
v 5.1833 0.5700 -3.4333
v 5.1833 0.5700 -3.7667
v 5.1833 0.5700 -4.1000
v 5.9500 0.5700 -3.1000
v 5.9500 0.5700 -3.4333
v 5.9500 0.5700 -3.7667
v 5.9500 0.5700 -4.1000
f 6937 6938 6942
f 6937 6942 6941
f 6938 6939 6943
f 6938 6943 6942
f 6939 6940 6944
f 6939 6944 6943
f 6941 6942 6946
f 6941 6946 6945
f 6942 6943 6947
f 6942 6947 6946
f 6943 6944 6948
f 6943 6948 6947
f 6945 6946 6950
f 6945 6950 6949
f 6946 6947 6951
f 6946 6951 6950
f 6947 6948 6952
f 6947 6952 6951
f 6953 6954 6958
f 6953 6958 6957
f 6954 6955 6959
f 6954 6959 6958
f 6955 6956 6960
f 6955 6960 6959
f 6957 6958 6962
f 6957 6962 6961
f 6958 6959 6963
f 6958 6963 6962
f 6959 6960 6964
f 6959 6964 6963
f 6961 6962 6966
f 6961 6966 6965
f 6962 6963 6967
f 6962 6967 6966
f 6963 6964 6968
f 6963 6968 6967
f 6969 6970 6974
f 6969 6974 6973
f 6970 6971 6975
f 6970 6975 6974
f 6971 6972 6976
f 6971 6976 6975
f 6973 6974 6978
f 6973 6978 6977
f 6974 6975 6979
f 6974 6979 6978
f 6975 6976 6980
f 6975 6980 6979
f 6977 6978 6982
f 6977 6982 6981
f 6978 6979 6983
f 6978 6983 6982
f 6979 6980 6984
f 6979 6984 6983
f 6985 6986 6990
f 6985 6990 6989
f 6986 6987 6991
f 6986 6991 6990
f 6987 6988 6992
f 6987 6992 6991
f 6989 6990 6994
f 6989 6994 6993
f 6990 6991 6995
f 6990 6995 6994
f 6991 6992 6996
f 6991 6996 6995
f 6993 6994 6998
f 6993 6998 6997
f 6994 6995 6999
f 6994 6999 6998
f 6995 6996 7000
f 6995 7000 6999
f 7001 7002 7006
f 7001 7006 7005
f 7002 7003 7007
f 7002 7007 7006
f 7003 7004 7008
f 7003 7008 7007
f 7005 7006 7010
f 7005 7010 7009
f 7006 7007 7011
f 7006 7011 7010
f 7007 7008 7012
f 7007 7012 7011
f 7009 7010 7014
f 7009 7014 7013
f 7010 7011 7015
f 7010 7015 7014
f 7011 7012 7016
f 7011 7016 7015
f 7017 7018 7022
f 7017 7022 7021
f 7018 7019 7023
f 7018 7023 7022
f 7019 7020 7024
f 7019 7024 7023
f 7021 7022 7026
f 7021 7026 7025
f 7022 7023 7027
f 7022 7027 7026
f 7023 7024 7028
f 7023 7028 7027
f 7025 7026 7030
f 7025 7030 7029
f 7026 7027 7031
f 7026 7031 7030
f 7027 7028 7032
f 7027 7032 7031
g 선반 단_17
v 3.6500 0.5700 -0.7000
v 3.6500 0.5900 -0.7000
v 3.6500 0.6100 -0.7000
v 3.6500 0.6300 -0.7000
v 4.4167 0.5700 -0.7000
v 4.4167 0.5900 -0.7000
v 4.4167 0.6100 -0.7000
v 4.4167 0.6300 -0.7000
v 5.1833 0.5700 -0.7000
v 5.1833 0.5900 -0.7000
v 5.1833 0.6100 -0.7000
v 5.1833 0.6300 -0.7000
v 5.9500 0.5700 -0.7000
v 5.9500 0.5900 -0.7000
v 5.9500 0.6100 -0.7000
v 5.9500 0.6300 -0.7000
v 5.9500 0.5700 -1.7000
v 5.9500 0.5900 -1.7000
v 5.9500 0.6100 -1.7000
v 5.9500 0.6300 -1.7000
v 5.1833 0.5700 -1.7000
v 5.1833 0.5900 -1.7000
v 5.1833 0.6100 -1.7000
v 5.1833 0.6300 -1.7000
v 4.4167 0.5700 -1.7000
v 4.4167 0.5900 -1.7000
v 4.4167 0.6100 -1.7000
v 4.4167 0.6300 -1.7000
v 3.6500 0.5700 -1.7000
v 3.6500 0.5900 -1.7000
v 3.6500 0.6100 -1.7000
v 3.6500 0.6300 -1.7000
v 3.6500 0.5700 -1.7000
v 3.6500 0.5900 -1.7000
v 3.6500 0.6100 -1.7000
v 3.6500 0.6300 -1.7000
v 3.6500 0.5700 -1.3667
v 3.6500 0.5900 -1.3667
v 3.6500 0.6100 -1.3667
v 3.6500 0.6300 -1.3667
v 3.6500 0.5700 -1.0333
v 3.6500 0.5900 -1.0333
v 3.6500 0.6100 -1.0333
v 3.6500 0.6300 -1.0333
v 3.6500 0.5700 -0.7000
v 3.6500 0.5900 -0.7000
v 3.6500 0.6100 -0.7000
v 3.6500 0.6300 -0.7000
v 5.9500 0.5700 -0.7000
v 5.9500 0.5900 -0.7000
v 5.9500 0.6100 -0.7000
v 5.9500 0.6300 -0.7000
v 5.9500 0.5700 -1.0333
v 5.9500 0.5900 -1.0333
v 5.9500 0.6100 -1.0333
v 5.9500 0.6300 -1.0333
v 5.9500 0.5700 -1.3667
v 5.9500 0.5900 -1.3667
v 5.9500 0.6100 -1.3667
v 5.9500 0.6300 -1.3667
v 5.9500 0.5700 -1.7000
v 5.9500 0.5900 -1.7000
v 5.9500 0.6100 -1.7000
v 5.9500 0.6300 -1.7000
v 3.6500 0.6300 -1.7000
v 3.6500 0.6300 -1.3667
v 3.6500 0.6300 -1.0333
v 3.6500 0.6300 -0.7000
v 4.4167 0.6300 -1.7000
v 4.4167 0.6300 -1.3667
v 4.4167 0.6300 -1.0333
v 4.4167 0.6300 -0.7000
v 5.1833 0.6300 -1.7000
v 5.1833 0.6300 -1.3667
v 5.1833 0.6300 -1.0333
v 5.1833 0.6300 -0.7000
v 5.9500 0.6300 -1.7000
v 5.9500 0.6300 -1.3667
v 5.9500 0.6300 -1.0333
v 5.9500 0.6300 -0.7000
v 3.6500 0.5700 -0.7000
v 3.6500 0.5700 -1.0333
v 3.6500 0.5700 -1.3667
v 3.6500 0.5700 -1.7000
v 4.4167 0.5700 -0.7000
v 4.4167 0.5700 -1.0333
v 4.4167 0.5700 -1.3667
v 4.4167 0.5700 -1.7000
v 5.1833 0.5700 -0.7000
v 5.1833 0.5700 -1.0333
v 5.1833 0.5700 -1.3667
v 5.1833 0.5700 -1.7000
v 5.9500 0.5700 -0.7000
v 5.9500 0.5700 -1.0333
v 5.9500 0.5700 -1.3667
v 5.9500 0.5700 -1.7000
f 7033 7034 7038
f 7033 7038 7037
f 7034 7035 7039
f 7034 7039 7038
f 7035 7036 7040
f 7035 7040 7039
f 7037 7038 7042
f 7037 7042 7041
f 7038 7039 7043
f 7038 7043 7042
f 7039 7040 7044
f 7039 7044 7043
f 7041 7042 7046
f 7041 7046 7045
f 7042 7043 7047
f 7042 7047 7046
f 7043 7044 7048
f 7043 7048 7047
f 7049 7050 7054
f 7049 7054 7053
f 7050 7051 7055
f 7050 7055 7054
f 7051 7052 7056
f 7051 7056 7055
f 7053 7054 7058
f 7053 7058 7057
f 7054 7055 7059
f 7054 7059 7058
f 7055 7056 7060
f 7055 7060 7059
f 7057 7058 7062
f 7057 7062 7061
f 7058 7059 7063
f 7058 7063 7062
f 7059 7060 7064
f 7059 7064 7063
f 7065 7066 7070
f 7065 7070 7069
f 7066 7067 7071
f 7066 7071 7070
f 7067 7068 7072
f 7067 7072 7071
f 7069 7070 7074
f 7069 7074 7073
f 7070 7071 7075
f 7070 7075 7074
f 7071 7072 7076
f 7071 7076 7075
f 7073 7074 7078
f 7073 7078 7077
f 7074 7075 7079
f 7074 7079 7078
f 7075 7076 7080
f 7075 7080 7079
f 7081 7082 7086
f 7081 7086 7085
f 7082 7083 7087
f 7082 7087 7086
f 7083 7084 7088
f 7083 7088 7087
f 7085 7086 7090
f 7085 7090 7089
f 7086 7087 7091
f 7086 7091 7090
f 7087 7088 7092
f 7087 7092 7091
f 7089 7090 7094
f 7089 7094 7093
f 7090 7091 7095
f 7090 7095 7094
f 7091 7092 7096
f 7091 7096 7095
f 7097 7098 7102
f 7097 7102 7101
f 7098 7099 7103
f 7098 7103 7102
f 7099 7100 7104
f 7099 7104 7103
f 7101 7102 7106
f 7101 7106 7105
f 7102 7103 7107
f 7102 7107 7106
f 7103 7104 7108
f 7103 7108 7107
f 7105 7106 7110
f 7105 7110 7109
f 7106 7107 7111
f 7106 7111 7110
f 7107 7108 7112
f 7107 7112 7111
f 7113 7114 7118
f 7113 7118 7117
f 7114 7115 7119
f 7114 7119 7118
f 7115 7116 7120
f 7115 7120 7119
f 7117 7118 7122
f 7117 7122 7121
f 7118 7119 7123
f 7118 7123 7122
f 7119 7120 7124
f 7119 7124 7123
f 7121 7122 7126
f 7121 7126 7125
f 7122 7123 7127
f 7122 7127 7126
f 7123 7124 7128
f 7123 7128 7127
g 선반 단_18
v 3.6500 0.5700 1.7000
v 3.6500 0.5900 1.7000
v 3.6500 0.6100 1.7000
v 3.6500 0.6300 1.7000
v 4.4167 0.5700 1.7000
v 4.4167 0.5900 1.7000
v 4.4167 0.6100 1.7000
v 4.4167 0.6300 1.7000
v 5.1833 0.5700 1.7000
v 5.1833 0.5900 1.7000
v 5.1833 0.6100 1.7000
v 5.1833 0.6300 1.7000
v 5.9500 0.5700 1.7000
v 5.9500 0.5900 1.7000
v 5.9500 0.6100 1.7000
v 5.9500 0.6300 1.7000
v 5.9500 0.5700 0.7000
v 5.9500 0.5900 0.7000
v 5.9500 0.6100 0.7000
v 5.9500 0.6300 0.7000
v 5.1833 0.5700 0.7000
v 5.1833 0.5900 0.7000
v 5.1833 0.6100 0.7000
v 5.1833 0.6300 0.7000
v 4.4167 0.5700 0.7000
v 4.4167 0.5900 0.7000
v 4.4167 0.6100 0.7000
v 4.4167 0.6300 0.7000
v 3.6500 0.5700 0.7000
v 3.6500 0.5900 0.7000
v 3.6500 0.6100 0.7000
v 3.6500 0.6300 0.7000
v 3.6500 0.5700 0.7000
v 3.6500 0.5900 0.7000
v 3.6500 0.6100 0.7000
v 3.6500 0.6300 0.7000
v 3.6500 0.5700 1.0333
v 3.6500 0.5900 1.0333
v 3.6500 0.6100 1.0333
v 3.6500 0.6300 1.0333
v 3.6500 0.5700 1.3667
v 3.6500 0.5900 1.3667
v 3.6500 0.6100 1.3667
v 3.6500 0.6300 1.3667
v 3.6500 0.5700 1.7000
v 3.6500 0.5900 1.7000
v 3.6500 0.6100 1.7000
v 3.6500 0.6300 1.7000
v 5.9500 0.5700 1.7000
v 5.9500 0.5900 1.7000
v 5.9500 0.6100 1.7000
v 5.9500 0.6300 1.7000
v 5.9500 0.5700 1.3667
v 5.9500 0.5900 1.3667
v 5.9500 0.6100 1.3667
v 5.9500 0.6300 1.3667
v 5.9500 0.5700 1.0333
v 5.9500 0.5900 1.0333
v 5.9500 0.6100 1.0333
v 5.9500 0.6300 1.0333
v 5.9500 0.5700 0.7000
v 5.9500 0.5900 0.7000
v 5.9500 0.6100 0.7000
v 5.9500 0.6300 0.7000
v 3.6500 0.6300 0.7000
v 3.6500 0.6300 1.0333
v 3.6500 0.6300 1.3667
v 3.6500 0.6300 1.7000
v 4.4167 0.6300 0.7000
v 4.4167 0.6300 1.0333
v 4.4167 0.6300 1.3667
v 4.4167 0.6300 1.7000
v 5.1833 0.6300 0.7000
v 5.1833 0.6300 1.0333
v 5.1833 0.6300 1.3667
v 5.1833 0.6300 1.7000
v 5.9500 0.6300 0.7000
v 5.9500 0.6300 1.0333
v 5.9500 0.6300 1.3667
v 5.9500 0.6300 1.7000
v 3.6500 0.5700 1.7000
v 3.6500 0.5700 1.3667
v 3.6500 0.5700 1.0333
v 3.6500 0.5700 0.7000
v 4.4167 0.5700 1.7000
v 4.4167 0.5700 1.3667
v 4.4167 0.5700 1.0333
v 4.4167 0.5700 0.7000
v 5.1833 0.5700 1.7000
v 5.1833 0.5700 1.3667
v 5.1833 0.5700 1.0333
v 5.1833 0.5700 0.7000
v 5.9500 0.5700 1.7000
v 5.9500 0.5700 1.3667
v 5.9500 0.5700 1.0333
v 5.9500 0.5700 0.7000
f 7129 7130 7134
f 7129 7134 7133
f 7130 7131 7135
f 7130 7135 7134
f 7131 7132 7136
f 7131 7136 7135
f 7133 7134 7138
f 7133 7138 7137
f 7134 7135 7139
f 7134 7139 7138
f 7135 7136 7140
f 7135 7140 7139
f 7137 7138 7142
f 7137 7142 7141
f 7138 7139 7143
f 7138 7143 7142
f 7139 7140 7144
f 7139 7144 7143
f 7145 7146 7150
f 7145 7150 7149
f 7146 7147 7151
f 7146 7151 7150
f 7147 7148 7152
f 7147 7152 7151
f 7149 7150 7154
f 7149 7154 7153
f 7150 7151 7155
f 7150 7155 7154
f 7151 7152 7156
f 7151 7156 7155
f 7153 7154 7158
f 7153 7158 7157
f 7154 7155 7159
f 7154 7159 7158
f 7155 7156 7160
f 7155 7160 7159
f 7161 7162 7166
f 7161 7166 7165
f 7162 7163 7167
f 7162 7167 7166
f 7163 7164 7168
f 7163 7168 7167
f 7165 7166 7170
f 7165 7170 7169
f 7166 7167 7171
f 7166 7171 7170
f 7167 7168 7172
f 7167 7172 7171
f 7169 7170 7174
f 7169 7174 7173
f 7170 7171 7175
f 7170 7175 7174
f 7171 7172 7176
f 7171 7176 7175
f 7177 7178 7182
f 7177 7182 7181
f 7178 7179 7183
f 7178 7183 7182
f 7179 7180 7184
f 7179 7184 7183
f 7181 7182 7186
f 7181 7186 7185
f 7182 7183 7187
f 7182 7187 7186
f 7183 7184 7188
f 7183 7188 7187
f 7185 7186 7190
f 7185 7190 7189
f 7186 7187 7191
f 7186 7191 7190
f 7187 7188 7192
f 7187 7192 7191
f 7193 7194 7198
f 7193 7198 7197
f 7194 7195 7199
f 7194 7199 7198
f 7195 7196 7200
f 7195 7200 7199
f 7197 7198 7202
f 7197 7202 7201
f 7198 7199 7203
f 7198 7203 7202
f 7199 7200 7204
f 7199 7204 7203
f 7201 7202 7206
f 7201 7206 7205
f 7202 7203 7207
f 7202 7207 7206
f 7203 7204 7208
f 7203 7208 7207
f 7209 7210 7214
f 7209 7214 7213
f 7210 7211 7215
f 7210 7215 7214
f 7211 7212 7216
f 7211 7216 7215
f 7213 7214 7218
f 7213 7218 7217
f 7214 7215 7219
f 7214 7219 7218
f 7215 7216 7220
f 7215 7220 7219
f 7217 7218 7222
f 7217 7222 7221
f 7218 7219 7223
f 7218 7223 7222
f 7219 7220 7224
f 7219 7224 7223
g 선반 단_19
v 3.6500 0.5700 4.1000
v 3.6500 0.5900 4.1000
v 3.6500 0.6100 4.1000
v 3.6500 0.6300 4.1000
v 4.4167 0.5700 4.1000
v 4.4167 0.5900 4.1000
v 4.4167 0.6100 4.1000
v 4.4167 0.6300 4.1000
v 5.1833 0.5700 4.1000
v 5.1833 0.5900 4.1000
v 5.1833 0.6100 4.1000
v 5.1833 0.6300 4.1000
v 5.9500 0.5700 4.1000
v 5.9500 0.5900 4.1000
v 5.9500 0.6100 4.1000
v 5.9500 0.6300 4.1000
v 5.9500 0.5700 3.1000
v 5.9500 0.5900 3.1000
v 5.9500 0.6100 3.1000
v 5.9500 0.6300 3.1000
v 5.1833 0.5700 3.1000
v 5.1833 0.5900 3.1000
v 5.1833 0.6100 3.1000
v 5.1833 0.6300 3.1000
v 4.4167 0.5700 3.1000
v 4.4167 0.5900 3.1000
v 4.4167 0.6100 3.1000
v 4.4167 0.6300 3.1000
v 3.6500 0.5700 3.1000
v 3.6500 0.5900 3.1000
v 3.6500 0.6100 3.1000
v 3.6500 0.6300 3.1000
v 3.6500 0.5700 3.1000
v 3.6500 0.5900 3.1000
v 3.6500 0.6100 3.1000
v 3.6500 0.6300 3.1000
v 3.6500 0.5700 3.4333
v 3.6500 0.5900 3.4333
v 3.6500 0.6100 3.4333
v 3.6500 0.6300 3.4333
v 3.6500 0.5700 3.7667
v 3.6500 0.5900 3.7667
v 3.6500 0.6100 3.7667
v 3.6500 0.6300 3.7667
v 3.6500 0.5700 4.1000
v 3.6500 0.5900 4.1000
v 3.6500 0.6100 4.1000
v 3.6500 0.6300 4.1000
v 5.9500 0.5700 4.1000
v 5.9500 0.5900 4.1000
v 5.9500 0.6100 4.1000
v 5.9500 0.6300 4.1000
v 5.9500 0.5700 3.7667
v 5.9500 0.5900 3.7667
v 5.9500 0.6100 3.7667
v 5.9500 0.6300 3.7667
v 5.9500 0.5700 3.4333
v 5.9500 0.5900 3.4333
v 5.9500 0.6100 3.4333
v 5.9500 0.6300 3.4333
v 5.9500 0.5700 3.1000
v 5.9500 0.5900 3.1000
v 5.9500 0.6100 3.1000
v 5.9500 0.6300 3.1000
v 3.6500 0.6300 3.1000
v 3.6500 0.6300 3.4333
v 3.6500 0.6300 3.7667
v 3.6500 0.6300 4.1000
v 4.4167 0.6300 3.1000
v 4.4167 0.6300 3.4333
v 4.4167 0.6300 3.7667
v 4.4167 0.6300 4.1000
v 5.1833 0.6300 3.1000
v 5.1833 0.6300 3.4333
v 5.1833 0.6300 3.7667
v 5.1833 0.6300 4.1000
v 5.9500 0.6300 3.1000
v 5.9500 0.6300 3.4333
v 5.9500 0.6300 3.7667
v 5.9500 0.6300 4.1000
v 3.6500 0.5700 4.1000
v 3.6500 0.5700 3.7667
v 3.6500 0.5700 3.4333
v 3.6500 0.5700 3.1000
v 4.4167 0.5700 4.1000
v 4.4167 0.5700 3.7667
v 4.4167 0.5700 3.4333
v 4.4167 0.5700 3.1000
v 5.1833 0.5700 4.1000
v 5.1833 0.5700 3.7667
v 5.1833 0.5700 3.4333
v 5.1833 0.5700 3.1000
v 5.9500 0.5700 4.1000
v 5.9500 0.5700 3.7667
v 5.9500 0.5700 3.4333
v 5.9500 0.5700 3.1000
f 7225 7226 7230
f 7225 7230 7229
f 7226 7227 7231
f 7226 7231 7230
f 7227 7228 7232
f 7227 7232 7231
f 7229 7230 7234
f 7229 7234 7233
f 7230 7231 7235
f 7230 7235 7234
f 7231 7232 7236
f 7231 7236 7235
f 7233 7234 7238
f 7233 7238 7237
f 7234 7235 7239
f 7234 7239 7238
f 7235 7236 7240
f 7235 7240 7239
f 7241 7242 7246
f 7241 7246 7245
f 7242 7243 7247
f 7242 7247 7246
f 7243 7244 7248
f 7243 7248 7247
f 7245 7246 7250
f 7245 7250 7249
f 7246 7247 7251
f 7246 7251 7250
f 7247 7248 7252
f 7247 7252 7251
f 7249 7250 7254
f 7249 7254 7253
f 7250 7251 7255
f 7250 7255 7254
f 7251 7252 7256
f 7251 7256 7255
f 7257 7258 7262
f 7257 7262 7261
f 7258 7259 7263
f 7258 7263 7262
f 7259 7260 7264
f 7259 7264 7263
f 7261 7262 7266
f 7261 7266 7265
f 7262 7263 7267
f 7262 7267 7266
f 7263 7264 7268
f 7263 7268 7267
f 7265 7266 7270
f 7265 7270 7269
f 7266 7267 7271
f 7266 7271 7270
f 7267 7268 7272
f 7267 7272 7271
f 7273 7274 7278
f 7273 7278 7277
f 7274 7275 7279
f 7274 7279 7278
f 7275 7276 7280
f 7275 7280 7279
f 7277 7278 7282
f 7277 7282 7281
f 7278 7279 7283
f 7278 7283 7282
f 7279 7280 7284
f 7279 7284 7283
f 7281 7282 7286
f 7281 7286 7285
f 7282 7283 7287
f 7282 7287 7286
f 7283 7284 7288
f 7283 7288 7287
f 7289 7290 7294
f 7289 7294 7293
f 7290 7291 7295
f 7290 7295 7294
f 7291 7292 7296
f 7291 7296 7295
f 7293 7294 7298
f 7293 7298 7297
f 7294 7295 7299
f 7294 7299 7298
f 7295 7296 7300
f 7295 7300 7299
f 7297 7298 7302
f 7297 7302 7301
f 7298 7299 7303
f 7298 7303 7302
f 7299 7300 7304
f 7299 7304 7303
f 7305 7306 7310
f 7305 7310 7309
f 7306 7307 7311
f 7306 7311 7310
f 7307 7308 7312
f 7307 7312 7311
f 7309 7310 7314
f 7309 7314 7313
f 7310 7311 7315
f 7310 7315 7314
f 7311 7312 7316
f 7311 7316 7315
f 7313 7314 7318
f 7313 7318 7317
f 7314 7315 7319
f 7314 7319 7318
f 7315 7316 7320
f 7315 7320 7319
g 선반 단_20
v -5.9500 1.5700 -3.1000
v -5.9500 1.5900 -3.1000
v -5.9500 1.6100 -3.1000
v -5.9500 1.6300 -3.1000
v -5.1833 1.5700 -3.1000
v -5.1833 1.5900 -3.1000
v -5.1833 1.6100 -3.1000
v -5.1833 1.6300 -3.1000
v -4.4167 1.5700 -3.1000
v -4.4167 1.5900 -3.1000
v -4.4167 1.6100 -3.1000
v -4.4167 1.6300 -3.1000
v -3.6500 1.5700 -3.1000
v -3.6500 1.5900 -3.1000
v -3.6500 1.6100 -3.1000
v -3.6500 1.6300 -3.1000
v -3.6500 1.5700 -4.1000
v -3.6500 1.5900 -4.1000
v -3.6500 1.6100 -4.1000
v -3.6500 1.6300 -4.1000
v -4.4167 1.5700 -4.1000
v -4.4167 1.5900 -4.1000
v -4.4167 1.6100 -4.1000
v -4.4167 1.6300 -4.1000
v -5.1833 1.5700 -4.1000
v -5.1833 1.5900 -4.1000
v -5.1833 1.6100 -4.1000
v -5.1833 1.6300 -4.1000
v -5.9500 1.5700 -4.1000
v -5.9500 1.5900 -4.1000
v -5.9500 1.6100 -4.1000
v -5.9500 1.6300 -4.1000
v -5.9500 1.5700 -4.1000
v -5.9500 1.5900 -4.1000
v -5.9500 1.6100 -4.1000
v -5.9500 1.6300 -4.1000
v -5.9500 1.5700 -3.7667
v -5.9500 1.5900 -3.7667
v -5.9500 1.6100 -3.7667
v -5.9500 1.6300 -3.7667
v -5.9500 1.5700 -3.4333
v -5.9500 1.5900 -3.4333
v -5.9500 1.6100 -3.4333
v -5.9500 1.6300 -3.4333
v -5.9500 1.5700 -3.1000
v -5.9500 1.5900 -3.1000
v -5.9500 1.6100 -3.1000
v -5.9500 1.6300 -3.1000
v -3.6500 1.5700 -3.1000
v -3.6500 1.5900 -3.1000
v -3.6500 1.6100 -3.1000
v -3.6500 1.6300 -3.1000
v -3.6500 1.5700 -3.4333
v -3.6500 1.5900 -3.4333
v -3.6500 1.6100 -3.4333
v -3.6500 1.6300 -3.4333
v -3.6500 1.5700 -3.7667
v -3.6500 1.5900 -3.7667
v -3.6500 1.6100 -3.7667
v -3.6500 1.6300 -3.7667
v -3.6500 1.5700 -4.1000
v -3.6500 1.5900 -4.1000
v -3.6500 1.6100 -4.1000
v -3.6500 1.6300 -4.1000
v -5.9500 1.6300 -4.1000
v -5.9500 1.6300 -3.7667
v -5.9500 1.6300 -3.4333
v -5.9500 1.6300 -3.1000
v -5.1833 1.6300 -4.1000
v -5.1833 1.6300 -3.7667
v -5.1833 1.6300 -3.4333
v -5.1833 1.6300 -3.1000
v -4.4167 1.6300 -4.1000
v -4.4167 1.6300 -3.7667
v -4.4167 1.6300 -3.4333
v -4.4167 1.6300 -3.1000
v -3.6500 1.6300 -4.1000
v -3.6500 1.6300 -3.7667
v -3.6500 1.6300 -3.4333
v -3.6500 1.6300 -3.1000
v -5.9500 1.5700 -3.1000
v -5.9500 1.5700 -3.4333
v -5.9500 1.5700 -3.7667
v -5.9500 1.5700 -4.1000
v -5.1833 1.5700 -3.1000
v -5.1833 1.5700 -3.4333
v -5.1833 1.5700 -3.7667
v -5.1833 1.5700 -4.1000
v -4.4167 1.5700 -3.1000
v -4.4167 1.5700 -3.4333
v -4.4167 1.5700 -3.7667
v -4.4167 1.5700 -4.1000
v -3.6500 1.5700 -3.1000
v -3.6500 1.5700 -3.4333
v -3.6500 1.5700 -3.7667
v -3.6500 1.5700 -4.1000
f 7321 7322 7326
f 7321 7326 7325
f 7322 7323 7327
f 7322 7327 7326
f 7323 7324 7328
f 7323 7328 7327
f 7325 7326 7330
f 7325 7330 7329
f 7326 7327 7331
f 7326 7331 7330
f 7327 7328 7332
f 7327 7332 7331
f 7329 7330 7334
f 7329 7334 7333
f 7330 7331 7335
f 7330 7335 7334
f 7331 7332 7336
f 7331 7336 7335
f 7337 7338 7342
f 7337 7342 7341
f 7338 7339 7343
f 7338 7343 7342
f 7339 7340 7344
f 7339 7344 7343
f 7341 7342 7346
f 7341 7346 7345
f 7342 7343 7347
f 7342 7347 7346
f 7343 7344 7348
f 7343 7348 7347
f 7345 7346 7350
f 7345 7350 7349
f 7346 7347 7351
f 7346 7351 7350
f 7347 7348 7352
f 7347 7352 7351
f 7353 7354 7358
f 7353 7358 7357
f 7354 7355 7359
f 7354 7359 7358
f 7355 7356 7360
f 7355 7360 7359
f 7357 7358 7362
f 7357 7362 7361
f 7358 7359 7363
f 7358 7363 7362
f 7359 7360 7364
f 7359 7364 7363
f 7361 7362 7366
f 7361 7366 7365
f 7362 7363 7367
f 7362 7367 7366
f 7363 7364 7368
f 7363 7368 7367
f 7369 7370 7374
f 7369 7374 7373
f 7370 7371 7375
f 7370 7375 7374
f 7371 7372 7376
f 7371 7376 7375
f 7373 7374 7378
f 7373 7378 7377
f 7374 7375 7379
f 7374 7379 7378
f 7375 7376 7380
f 7375 7380 7379
f 7377 7378 7382
f 7377 7382 7381
f 7378 7379 7383
f 7378 7383 7382
f 7379 7380 7384
f 7379 7384 7383
f 7385 7386 7390
f 7385 7390 7389
f 7386 7387 7391
f 7386 7391 7390
f 7387 7388 7392
f 7387 7392 7391
f 7389 7390 7394
f 7389 7394 7393
f 7390 7391 7395
f 7390 7395 7394
f 7391 7392 7396
f 7391 7396 7395
f 7393 7394 7398
f 7393 7398 7397
f 7394 7395 7399
f 7394 7399 7398
f 7395 7396 7400
f 7395 7400 7399
f 7401 7402 7406
f 7401 7406 7405
f 7402 7403 7407
f 7402 7407 7406
f 7403 7404 7408
f 7403 7408 7407
f 7405 7406 7410
f 7405 7410 7409
f 7406 7407 7411
f 7406 7411 7410
f 7407 7408 7412
f 7407 7412 7411
f 7409 7410 7414
f 7409 7414 7413
f 7410 7411 7415
f 7410 7415 7414
f 7411 7412 7416
f 7411 7416 7415
g 선반 단_21
v -5.9500 1.5700 -0.7000
v -5.9500 1.5900 -0.7000
v -5.9500 1.6100 -0.7000
v -5.9500 1.6300 -0.7000
v -5.1833 1.5700 -0.7000
v -5.1833 1.5900 -0.7000
v -5.1833 1.6100 -0.7000
v -5.1833 1.6300 -0.7000
v -4.4167 1.5700 -0.7000
v -4.4167 1.5900 -0.7000
v -4.4167 1.6100 -0.7000
v -4.4167 1.6300 -0.7000
v -3.6500 1.5700 -0.7000
v -3.6500 1.5900 -0.7000
v -3.6500 1.6100 -0.7000
v -3.6500 1.6300 -0.7000
v -3.6500 1.5700 -1.7000
v -3.6500 1.5900 -1.7000
v -3.6500 1.6100 -1.7000
v -3.6500 1.6300 -1.7000
v -4.4167 1.5700 -1.7000
v -4.4167 1.5900 -1.7000
v -4.4167 1.6100 -1.7000
v -4.4167 1.6300 -1.7000
v -5.1833 1.5700 -1.7000
v -5.1833 1.5900 -1.7000
v -5.1833 1.6100 -1.7000
v -5.1833 1.6300 -1.7000
v -5.9500 1.5700 -1.7000
v -5.9500 1.5900 -1.7000
v -5.9500 1.6100 -1.7000
v -5.9500 1.6300 -1.7000
v -5.9500 1.5700 -1.7000
v -5.9500 1.5900 -1.7000
v -5.9500 1.6100 -1.7000
v -5.9500 1.6300 -1.7000
v -5.9500 1.5700 -1.3667
v -5.9500 1.5900 -1.3667
v -5.9500 1.6100 -1.3667
v -5.9500 1.6300 -1.3667
v -5.9500 1.5700 -1.0333
v -5.9500 1.5900 -1.0333
v -5.9500 1.6100 -1.0333
v -5.9500 1.6300 -1.0333
v -5.9500 1.5700 -0.7000
v -5.9500 1.5900 -0.7000
v -5.9500 1.6100 -0.7000
v -5.9500 1.6300 -0.7000
v -3.6500 1.5700 -0.7000
v -3.6500 1.5900 -0.7000
v -3.6500 1.6100 -0.7000
v -3.6500 1.6300 -0.7000
v -3.6500 1.5700 -1.0333
v -3.6500 1.5900 -1.0333
v -3.6500 1.6100 -1.0333
v -3.6500 1.6300 -1.0333
v -3.6500 1.5700 -1.3667
v -3.6500 1.5900 -1.3667
v -3.6500 1.6100 -1.3667
v -3.6500 1.6300 -1.3667
v -3.6500 1.5700 -1.7000
v -3.6500 1.5900 -1.7000
v -3.6500 1.6100 -1.7000
v -3.6500 1.6300 -1.7000
v -5.9500 1.6300 -1.7000
v -5.9500 1.6300 -1.3667
v -5.9500 1.6300 -1.0333
v -5.9500 1.6300 -0.7000
v -5.1833 1.6300 -1.7000
v -5.1833 1.6300 -1.3667
v -5.1833 1.6300 -1.0333
v -5.1833 1.6300 -0.7000
v -4.4167 1.6300 -1.7000
v -4.4167 1.6300 -1.3667
v -4.4167 1.6300 -1.0333
v -4.4167 1.6300 -0.7000
v -3.6500 1.6300 -1.7000
v -3.6500 1.6300 -1.3667
v -3.6500 1.6300 -1.0333
v -3.6500 1.6300 -0.7000
v -5.9500 1.5700 -0.7000
v -5.9500 1.5700 -1.0333
v -5.9500 1.5700 -1.3667
v -5.9500 1.5700 -1.7000
v -5.1833 1.5700 -0.7000
v -5.1833 1.5700 -1.0333
v -5.1833 1.5700 -1.3667
v -5.1833 1.5700 -1.7000
v -4.4167 1.5700 -0.7000
v -4.4167 1.5700 -1.0333
v -4.4167 1.5700 -1.3667
v -4.4167 1.5700 -1.7000
v -3.6500 1.5700 -0.7000
v -3.6500 1.5700 -1.0333
v -3.6500 1.5700 -1.3667
v -3.6500 1.5700 -1.7000
f 7417 7418 7422
f 7417 7422 7421
f 7418 7419 7423
f 7418 7423 7422
f 7419 7420 7424
f 7419 7424 7423
f 7421 7422 7426
f 7421 7426 7425
f 7422 7423 7427
f 7422 7427 7426
f 7423 7424 7428
f 7423 7428 7427
f 7425 7426 7430
f 7425 7430 7429
f 7426 7427 7431
f 7426 7431 7430
f 7427 7428 7432
f 7427 7432 7431
f 7433 7434 7438
f 7433 7438 7437
f 7434 7435 7439
f 7434 7439 7438
f 7435 7436 7440
f 7435 7440 7439
f 7437 7438 7442
f 7437 7442 7441
f 7438 7439 7443
f 7438 7443 7442
f 7439 7440 7444
f 7439 7444 7443
f 7441 7442 7446
f 7441 7446 7445
f 7442 7443 7447
f 7442 7447 7446
f 7443 7444 7448
f 7443 7448 7447
f 7449 7450 7454
f 7449 7454 7453
f 7450 7451 7455
f 7450 7455 7454
f 7451 7452 7456
f 7451 7456 7455
f 7453 7454 7458
f 7453 7458 7457
f 7454 7455 7459
f 7454 7459 7458
f 7455 7456 7460
f 7455 7460 7459
f 7457 7458 7462
f 7457 7462 7461
f 7458 7459 7463
f 7458 7463 7462
f 7459 7460 7464
f 7459 7464 7463
f 7465 7466 7470
f 7465 7470 7469
f 7466 7467 7471
f 7466 7471 7470
f 7467 7468 7472
f 7467 7472 7471
f 7469 7470 7474
f 7469 7474 7473
f 7470 7471 7475
f 7470 7475 7474
f 7471 7472 7476
f 7471 7476 7475
f 7473 7474 7478
f 7473 7478 7477
f 7474 7475 7479
f 7474 7479 7478
f 7475 7476 7480
f 7475 7480 7479
f 7481 7482 7486
f 7481 7486 7485
f 7482 7483 7487
f 7482 7487 7486
f 7483 7484 7488
f 7483 7488 7487
f 7485 7486 7490
f 7485 7490 7489
f 7486 7487 7491
f 7486 7491 7490
f 7487 7488 7492
f 7487 7492 7491
f 7489 7490 7494
f 7489 7494 7493
f 7490 7491 7495
f 7490 7495 7494
f 7491 7492 7496
f 7491 7496 7495
f 7497 7498 7502
f 7497 7502 7501
f 7498 7499 7503
f 7498 7503 7502
f 7499 7500 7504
f 7499 7504 7503
f 7501 7502 7506
f 7501 7506 7505
f 7502 7503 7507
f 7502 7507 7506
f 7503 7504 7508
f 7503 7508 7507
f 7505 7506 7510
f 7505 7510 7509
f 7506 7507 7511
f 7506 7511 7510
f 7507 7508 7512
f 7507 7512 7511
g 선반 단_22
v -5.9500 1.5700 1.7000
v -5.9500 1.5900 1.7000
v -5.9500 1.6100 1.7000
v -5.9500 1.6300 1.7000
v -5.1833 1.5700 1.7000
v -5.1833 1.5900 1.7000
v -5.1833 1.6100 1.7000
v -5.1833 1.6300 1.7000
v -4.4167 1.5700 1.7000
v -4.4167 1.5900 1.7000
v -4.4167 1.6100 1.7000
v -4.4167 1.6300 1.7000
v -3.6500 1.5700 1.7000
v -3.6500 1.5900 1.7000
v -3.6500 1.6100 1.7000
v -3.6500 1.6300 1.7000
v -3.6500 1.5700 0.7000
v -3.6500 1.5900 0.7000
v -3.6500 1.6100 0.7000
v -3.6500 1.6300 0.7000
v -4.4167 1.5700 0.7000
v -4.4167 1.5900 0.7000
v -4.4167 1.6100 0.7000
v -4.4167 1.6300 0.7000
v -5.1833 1.5700 0.7000
v -5.1833 1.5900 0.7000
v -5.1833 1.6100 0.7000
v -5.1833 1.6300 0.7000
v -5.9500 1.5700 0.7000
v -5.9500 1.5900 0.7000
v -5.9500 1.6100 0.7000
v -5.9500 1.6300 0.7000
v -5.9500 1.5700 0.7000
v -5.9500 1.5900 0.7000
v -5.9500 1.6100 0.7000
v -5.9500 1.6300 0.7000
v -5.9500 1.5700 1.0333
v -5.9500 1.5900 1.0333
v -5.9500 1.6100 1.0333
v -5.9500 1.6300 1.0333
v -5.9500 1.5700 1.3667
v -5.9500 1.5900 1.3667
v -5.9500 1.6100 1.3667
v -5.9500 1.6300 1.3667
v -5.9500 1.5700 1.7000
v -5.9500 1.5900 1.7000
v -5.9500 1.6100 1.7000
v -5.9500 1.6300 1.7000
v -3.6500 1.5700 1.7000
v -3.6500 1.5900 1.7000
v -3.6500 1.6100 1.7000
v -3.6500 1.6300 1.7000
v -3.6500 1.5700 1.3667
v -3.6500 1.5900 1.3667
v -3.6500 1.6100 1.3667
v -3.6500 1.6300 1.3667
v -3.6500 1.5700 1.0333
v -3.6500 1.5900 1.0333
v -3.6500 1.6100 1.0333
v -3.6500 1.6300 1.0333
v -3.6500 1.5700 0.7000
v -3.6500 1.5900 0.7000
v -3.6500 1.6100 0.7000
v -3.6500 1.6300 0.7000
v -5.9500 1.6300 0.7000
v -5.9500 1.6300 1.0333
v -5.9500 1.6300 1.3667
v -5.9500 1.6300 1.7000
v -5.1833 1.6300 0.7000
v -5.1833 1.6300 1.0333
v -5.1833 1.6300 1.3667
v -5.1833 1.6300 1.7000
v -4.4167 1.6300 0.7000
v -4.4167 1.6300 1.0333
v -4.4167 1.6300 1.3667
v -4.4167 1.6300 1.7000
v -3.6500 1.6300 0.7000
v -3.6500 1.6300 1.0333
v -3.6500 1.6300 1.3667
v -3.6500 1.6300 1.7000
v -5.9500 1.5700 1.7000
v -5.9500 1.5700 1.3667
v -5.9500 1.5700 1.0333
v -5.9500 1.5700 0.7000
v -5.1833 1.5700 1.7000
v -5.1833 1.5700 1.3667
v -5.1833 1.5700 1.0333
v -5.1833 1.5700 0.7000
v -4.4167 1.5700 1.7000
v -4.4167 1.5700 1.3667
v -4.4167 1.5700 1.0333
v -4.4167 1.5700 0.7000
v -3.6500 1.5700 1.7000
v -3.6500 1.5700 1.3667
v -3.6500 1.5700 1.0333
v -3.6500 1.5700 0.7000
f 7513 7514 7518
f 7513 7518 7517
f 7514 7515 7519
f 7514 7519 7518
f 7515 7516 7520
f 7515 7520 7519
f 7517 7518 7522
f 7517 7522 7521
f 7518 7519 7523
f 7518 7523 7522
f 7519 7520 7524
f 7519 7524 7523
f 7521 7522 7526
f 7521 7526 7525
f 7522 7523 7527
f 7522 7527 7526
f 7523 7524 7528
f 7523 7528 7527
f 7529 7530 7534
f 7529 7534 7533
f 7530 7531 7535
f 7530 7535 7534
f 7531 7532 7536
f 7531 7536 7535
f 7533 7534 7538
f 7533 7538 7537
f 7534 7535 7539
f 7534 7539 7538
f 7535 7536 7540
f 7535 7540 7539
f 7537 7538 7542
f 7537 7542 7541
f 7538 7539 7543
f 7538 7543 7542
f 7539 7540 7544
f 7539 7544 7543
f 7545 7546 7550
f 7545 7550 7549
f 7546 7547 7551
f 7546 7551 7550
f 7547 7548 7552
f 7547 7552 7551
f 7549 7550 7554
f 7549 7554 7553
f 7550 7551 7555
f 7550 7555 7554
f 7551 7552 7556
f 7551 7556 7555
f 7553 7554 7558
f 7553 7558 7557
f 7554 7555 7559
f 7554 7559 7558
f 7555 7556 7560
f 7555 7560 7559
f 7561 7562 7566
f 7561 7566 7565
f 7562 7563 7567
f 7562 7567 7566
f 7563 7564 7568
f 7563 7568 7567
f 7565 7566 7570
f 7565 7570 7569
f 7566 7567 7571
f 7566 7571 7570
f 7567 7568 7572
f 7567 7572 7571
f 7569 7570 7574
f 7569 7574 7573
f 7570 7571 7575
f 7570 7575 7574
f 7571 7572 7576
f 7571 7576 7575
f 7577 7578 7582
f 7577 7582 7581
f 7578 7579 7583
f 7578 7583 7582
f 7579 7580 7584
f 7579 7584 7583
f 7581 7582 7586
f 7581 7586 7585
f 7582 7583 7587
f 7582 7587 7586
f 7583 7584 7588
f 7583 7588 7587
f 7585 7586 7590
f 7585 7590 7589
f 7586 7587 7591
f 7586 7591 7590
f 7587 7588 7592
f 7587 7592 7591
f 7593 7594 7598
f 7593 7598 7597
f 7594 7595 7599
f 7594 7599 7598
f 7595 7596 7600
f 7595 7600 7599
f 7597 7598 7602
f 7597 7602 7601
f 7598 7599 7603
f 7598 7603 7602
f 7599 7600 7604
f 7599 7604 7603
f 7601 7602 7606
f 7601 7606 7605
f 7602 7603 7607
f 7602 7607 7606
f 7603 7604 7608
f 7603 7608 7607
g 선반 단_23
v -5.9500 1.5700 4.1000
v -5.9500 1.5900 4.1000
v -5.9500 1.6100 4.1000
v -5.9500 1.6300 4.1000
v -5.1833 1.5700 4.1000
v -5.1833 1.5900 4.1000
v -5.1833 1.6100 4.1000
v -5.1833 1.6300 4.1000
v -4.4167 1.5700 4.1000
v -4.4167 1.5900 4.1000
v -4.4167 1.6100 4.1000
v -4.4167 1.6300 4.1000
v -3.6500 1.5700 4.1000
v -3.6500 1.5900 4.1000
v -3.6500 1.6100 4.1000
v -3.6500 1.6300 4.1000
v -3.6500 1.5700 3.1000
v -3.6500 1.5900 3.1000
v -3.6500 1.6100 3.1000
v -3.6500 1.6300 3.1000
v -4.4167 1.5700 3.1000
v -4.4167 1.5900 3.1000
v -4.4167 1.6100 3.1000
v -4.4167 1.6300 3.1000
v -5.1833 1.5700 3.1000
v -5.1833 1.5900 3.1000
v -5.1833 1.6100 3.1000
v -5.1833 1.6300 3.1000
v -5.9500 1.5700 3.1000
v -5.9500 1.5900 3.1000
v -5.9500 1.6100 3.1000
v -5.9500 1.6300 3.1000
v -5.9500 1.5700 3.1000
v -5.9500 1.5900 3.1000
v -5.9500 1.6100 3.1000
v -5.9500 1.6300 3.1000
v -5.9500 1.5700 3.4333
v -5.9500 1.5900 3.4333
v -5.9500 1.6100 3.4333
v -5.9500 1.6300 3.4333
v -5.9500 1.5700 3.7667
v -5.9500 1.5900 3.7667
v -5.9500 1.6100 3.7667
v -5.9500 1.6300 3.7667
v -5.9500 1.5700 4.1000
v -5.9500 1.5900 4.1000
v -5.9500 1.6100 4.1000
v -5.9500 1.6300 4.1000
v -3.6500 1.5700 4.1000
v -3.6500 1.5900 4.1000
v -3.6500 1.6100 4.1000
v -3.6500 1.6300 4.1000
v -3.6500 1.5700 3.7667
v -3.6500 1.5900 3.7667
v -3.6500 1.6100 3.7667
v -3.6500 1.6300 3.7667
v -3.6500 1.5700 3.4333
v -3.6500 1.5900 3.4333
v -3.6500 1.6100 3.4333
v -3.6500 1.6300 3.4333
v -3.6500 1.5700 3.1000
v -3.6500 1.5900 3.1000
v -3.6500 1.6100 3.1000
v -3.6500 1.6300 3.1000
v -5.9500 1.6300 3.1000
v -5.9500 1.6300 3.4333
v -5.9500 1.6300 3.7667
v -5.9500 1.6300 4.1000
v -5.1833 1.6300 3.1000
v -5.1833 1.6300 3.4333
v -5.1833 1.6300 3.7667
v -5.1833 1.6300 4.1000
v -4.4167 1.6300 3.1000
v -4.4167 1.6300 3.4333
v -4.4167 1.6300 3.7667
v -4.4167 1.6300 4.1000
v -3.6500 1.6300 3.1000
v -3.6500 1.6300 3.4333
v -3.6500 1.6300 3.7667
v -3.6500 1.6300 4.1000
v -5.9500 1.5700 4.1000
v -5.9500 1.5700 3.7667
v -5.9500 1.5700 3.4333
v -5.9500 1.5700 3.1000
v -5.1833 1.5700 4.1000
v -5.1833 1.5700 3.7667
v -5.1833 1.5700 3.4333
v -5.1833 1.5700 3.1000
v -4.4167 1.5700 4.1000
v -4.4167 1.5700 3.7667
v -4.4167 1.5700 3.4333
v -4.4167 1.5700 3.1000
v -3.6500 1.5700 4.1000
v -3.6500 1.5700 3.7667
v -3.6500 1.5700 3.4333
v -3.6500 1.5700 3.1000
f 7609 7610 7614
f 7609 7614 7613
f 7610 7611 7615
f 7610 7615 7614
f 7611 7612 7616
f 7611 7616 7615
f 7613 7614 7618
f 7613 7618 7617
f 7614 7615 7619
f 7614 7619 7618
f 7615 7616 7620
f 7615 7620 7619
f 7617 7618 7622
f 7617 7622 7621
f 7618 7619 7623
f 7618 7623 7622
f 7619 7620 7624
f 7619 7624 7623
f 7625 7626 7630
f 7625 7630 7629
f 7626 7627 7631
f 7626 7631 7630
f 7627 7628 7632
f 7627 7632 7631
f 7629 7630 7634
f 7629 7634 7633
f 7630 7631 7635
f 7630 7635 7634
f 7631 7632 7636
f 7631 7636 7635
f 7633 7634 7638
f 7633 7638 7637
f 7634 7635 7639
f 7634 7639 7638
f 7635 7636 7640
f 7635 7640 7639
f 7641 7642 7646
f 7641 7646 7645
f 7642 7643 7647
f 7642 7647 7646
f 7643 7644 7648
f 7643 7648 7647
f 7645 7646 7650
f 7645 7650 7649
f 7646 7647 7651
f 7646 7651 7650
f 7647 7648 7652
f 7647 7652 7651
f 7649 7650 7654
f 7649 7654 7653
f 7650 7651 7655
f 7650 7655 7654
f 7651 7652 7656
f 7651 7656 7655
f 7657 7658 7662
f 7657 7662 7661
f 7658 7659 7663
f 7658 7663 7662
f 7659 7660 7664
f 7659 7664 7663
f 7661 7662 7666
f 7661 7666 7665
f 7662 7663 7667
f 7662 7667 7666
f 7663 7664 7668
f 7663 7668 7667
f 7665 7666 7670
f 7665 7670 7669
f 7666 7667 7671
f 7666 7671 7670
f 7667 7668 7672
f 7667 7672 7671
f 7673 7674 7678
f 7673 7678 7677
f 7674 7675 7679
f 7674 7679 7678
f 7675 7676 7680
f 7675 7680 7679
f 7677 7678 7682
f 7677 7682 7681
f 7678 7679 7683
f 7678 7683 7682
f 7679 7680 7684
f 7679 7684 7683
f 7681 7682 7686
f 7681 7686 7685
f 7682 7683 7687
f 7682 7687 7686
f 7683 7684 7688
f 7683 7688 7687
f 7689 7690 7694
f 7689 7694 7693
f 7690 7691 7695
f 7690 7695 7694
f 7691 7692 7696
f 7691 7696 7695
f 7693 7694 7698
f 7693 7698 7697
f 7694 7695 7699
f 7694 7699 7698
f 7695 7696 7700
f 7695 7700 7699
f 7697 7698 7702
f 7697 7702 7701
f 7698 7699 7703
f 7698 7703 7702
f 7699 7700 7704
f 7699 7704 7703
g 선반 단_24
v -3.5500 1.5700 -3.1000
v -3.5500 1.5900 -3.1000
v -3.5500 1.6100 -3.1000
v -3.5500 1.6300 -3.1000
v -2.7833 1.5700 -3.1000
v -2.7833 1.5900 -3.1000
v -2.7833 1.6100 -3.1000
v -2.7833 1.6300 -3.1000
v -2.0167 1.5700 -3.1000
v -2.0167 1.5900 -3.1000
v -2.0167 1.6100 -3.1000
v -2.0167 1.6300 -3.1000
v -1.2500 1.5700 -3.1000
v -1.2500 1.5900 -3.1000
v -1.2500 1.6100 -3.1000
v -1.2500 1.6300 -3.1000
v -1.2500 1.5700 -4.1000
v -1.2500 1.5900 -4.1000
v -1.2500 1.6100 -4.1000
v -1.2500 1.6300 -4.1000
v -2.0167 1.5700 -4.1000
v -2.0167 1.5900 -4.1000
v -2.0167 1.6100 -4.1000
v -2.0167 1.6300 -4.1000
v -2.7833 1.5700 -4.1000
v -2.7833 1.5900 -4.1000
v -2.7833 1.6100 -4.1000
v -2.7833 1.6300 -4.1000
v -3.5500 1.5700 -4.1000
v -3.5500 1.5900 -4.1000
v -3.5500 1.6100 -4.1000
v -3.5500 1.6300 -4.1000
v -3.5500 1.5700 -4.1000
v -3.5500 1.5900 -4.1000
v -3.5500 1.6100 -4.1000
v -3.5500 1.6300 -4.1000
v -3.5500 1.5700 -3.7667
v -3.5500 1.5900 -3.7667
v -3.5500 1.6100 -3.7667
v -3.5500 1.6300 -3.7667
v -3.5500 1.5700 -3.4333
v -3.5500 1.5900 -3.4333
v -3.5500 1.6100 -3.4333
v -3.5500 1.6300 -3.4333
v -3.5500 1.5700 -3.1000
v -3.5500 1.5900 -3.1000
v -3.5500 1.6100 -3.1000
v -3.5500 1.6300 -3.1000
v -1.2500 1.5700 -3.1000
v -1.2500 1.5900 -3.1000
v -1.2500 1.6100 -3.1000
v -1.2500 1.6300 -3.1000
v -1.2500 1.5700 -3.4333
v -1.2500 1.5900 -3.4333
v -1.2500 1.6100 -3.4333
v -1.2500 1.6300 -3.4333
v -1.2500 1.5700 -3.7667
v -1.2500 1.5900 -3.7667
v -1.2500 1.6100 -3.7667
v -1.2500 1.6300 -3.7667
v -1.2500 1.5700 -4.1000
v -1.2500 1.5900 -4.1000
v -1.2500 1.6100 -4.1000
v -1.2500 1.6300 -4.1000
v -3.5500 1.6300 -4.1000
v -3.5500 1.6300 -3.7667
v -3.5500 1.6300 -3.4333
v -3.5500 1.6300 -3.1000
v -2.7833 1.6300 -4.1000
v -2.7833 1.6300 -3.7667
v -2.7833 1.6300 -3.4333
v -2.7833 1.6300 -3.1000
v -2.0167 1.6300 -4.1000
v -2.0167 1.6300 -3.7667
v -2.0167 1.6300 -3.4333
v -2.0167 1.6300 -3.1000
v -1.2500 1.6300 -4.1000
v -1.2500 1.6300 -3.7667
v -1.2500 1.6300 -3.4333
v -1.2500 1.6300 -3.1000
v -3.5500 1.5700 -3.1000
v -3.5500 1.5700 -3.4333
v -3.5500 1.5700 -3.7667
v -3.5500 1.5700 -4.1000
v -2.7833 1.5700 -3.1000
v -2.7833 1.5700 -3.4333
v -2.7833 1.5700 -3.7667
v -2.7833 1.5700 -4.1000
v -2.0167 1.5700 -3.1000
v -2.0167 1.5700 -3.4333
v -2.0167 1.5700 -3.7667
v -2.0167 1.5700 -4.1000
v -1.2500 1.5700 -3.1000
v -1.2500 1.5700 -3.4333
v -1.2500 1.5700 -3.7667
v -1.2500 1.5700 -4.1000
f 7705 7706 7710
f 7705 7710 7709
f 7706 7707 7711
f 7706 7711 7710
f 7707 7708 7712
f 7707 7712 7711
f 7709 7710 7714
f 7709 7714 7713
f 7710 7711 7715
f 7710 7715 7714
f 7711 7712 7716
f 7711 7716 7715
f 7713 7714 7718
f 7713 7718 7717
f 7714 7715 7719
f 7714 7719 7718
f 7715 7716 7720
f 7715 7720 7719
f 7721 7722 7726
f 7721 7726 7725
f 7722 7723 7727
f 7722 7727 7726
f 7723 7724 7728
f 7723 7728 7727
f 7725 7726 7730
f 7725 7730 7729
f 7726 7727 7731
f 7726 7731 7730
f 7727 7728 7732
f 7727 7732 7731
f 7729 7730 7734
f 7729 7734 7733
f 7730 7731 7735
f 7730 7735 7734
f 7731 7732 7736
f 7731 7736 7735
f 7737 7738 7742
f 7737 7742 7741
f 7738 7739 7743
f 7738 7743 7742
f 7739 7740 7744
f 7739 7744 7743
f 7741 7742 7746
f 7741 7746 7745
f 7742 7743 7747
f 7742 7747 7746
f 7743 7744 7748
f 7743 7748 7747
f 7745 7746 7750
f 7745 7750 7749
f 7746 7747 7751
f 7746 7751 7750
f 7747 7748 7752
f 7747 7752 7751
f 7753 7754 7758
f 7753 7758 7757
f 7754 7755 7759
f 7754 7759 7758
f 7755 7756 7760
f 7755 7760 7759
f 7757 7758 7762
f 7757 7762 7761
f 7758 7759 7763
f 7758 7763 7762
f 7759 7760 7764
f 7759 7764 7763
f 7761 7762 7766
f 7761 7766 7765
f 7762 7763 7767
f 7762 7767 7766
f 7763 7764 7768
f 7763 7768 7767
f 7769 7770 7774
f 7769 7774 7773
f 7770 7771 7775
f 7770 7775 7774
f 7771 7772 7776
f 7771 7776 7775
f 7773 7774 7778
f 7773 7778 7777
f 7774 7775 7779
f 7774 7779 7778
f 7775 7776 7780
f 7775 7780 7779
f 7777 7778 7782
f 7777 7782 7781
f 7778 7779 7783
f 7778 7783 7782
f 7779 7780 7784
f 7779 7784 7783
f 7785 7786 7790
f 7785 7790 7789
f 7786 7787 7791
f 7786 7791 7790
f 7787 7788 7792
f 7787 7792 7791
f 7789 7790 7794
f 7789 7794 7793
f 7790 7791 7795
f 7790 7795 7794
f 7791 7792 7796
f 7791 7796 7795
f 7793 7794 7798
f 7793 7798 7797
f 7794 7795 7799
f 7794 7799 7798
f 7795 7796 7800
f 7795 7800 7799
g 선반 단_25
v -3.5500 1.5700 -0.7000
v -3.5500 1.5900 -0.7000
v -3.5500 1.6100 -0.7000
v -3.5500 1.6300 -0.7000
v -2.7833 1.5700 -0.7000
v -2.7833 1.5900 -0.7000
v -2.7833 1.6100 -0.7000
v -2.7833 1.6300 -0.7000
v -2.0167 1.5700 -0.7000
v -2.0167 1.5900 -0.7000
v -2.0167 1.6100 -0.7000
v -2.0167 1.6300 -0.7000
v -1.2500 1.5700 -0.7000
v -1.2500 1.5900 -0.7000
v -1.2500 1.6100 -0.7000
v -1.2500 1.6300 -0.7000
v -1.2500 1.5700 -1.7000
v -1.2500 1.5900 -1.7000
v -1.2500 1.6100 -1.7000
v -1.2500 1.6300 -1.7000
v -2.0167 1.5700 -1.7000
v -2.0167 1.5900 -1.7000
v -2.0167 1.6100 -1.7000
v -2.0167 1.6300 -1.7000
v -2.7833 1.5700 -1.7000
v -2.7833 1.5900 -1.7000
v -2.7833 1.6100 -1.7000
v -2.7833 1.6300 -1.7000
v -3.5500 1.5700 -1.7000
v -3.5500 1.5900 -1.7000
v -3.5500 1.6100 -1.7000
v -3.5500 1.6300 -1.7000
v -3.5500 1.5700 -1.7000
v -3.5500 1.5900 -1.7000
v -3.5500 1.6100 -1.7000
v -3.5500 1.6300 -1.7000
v -3.5500 1.5700 -1.3667
v -3.5500 1.5900 -1.3667
v -3.5500 1.6100 -1.3667
v -3.5500 1.6300 -1.3667
v -3.5500 1.5700 -1.0333
v -3.5500 1.5900 -1.0333
v -3.5500 1.6100 -1.0333
v -3.5500 1.6300 -1.0333
v -3.5500 1.5700 -0.7000
v -3.5500 1.5900 -0.7000
v -3.5500 1.6100 -0.7000
v -3.5500 1.6300 -0.7000
v -1.2500 1.5700 -0.7000
v -1.2500 1.5900 -0.7000
v -1.2500 1.6100 -0.7000
v -1.2500 1.6300 -0.7000
v -1.2500 1.5700 -1.0333
v -1.2500 1.5900 -1.0333
v -1.2500 1.6100 -1.0333
v -1.2500 1.6300 -1.0333
v -1.2500 1.5700 -1.3667
v -1.2500 1.5900 -1.3667
v -1.2500 1.6100 -1.3667
v -1.2500 1.6300 -1.3667
v -1.2500 1.5700 -1.7000
v -1.2500 1.5900 -1.7000
v -1.2500 1.6100 -1.7000
v -1.2500 1.6300 -1.7000
v -3.5500 1.6300 -1.7000
v -3.5500 1.6300 -1.3667
v -3.5500 1.6300 -1.0333
v -3.5500 1.6300 -0.7000
v -2.7833 1.6300 -1.7000
v -2.7833 1.6300 -1.3667
v -2.7833 1.6300 -1.0333
v -2.7833 1.6300 -0.7000
v -2.0167 1.6300 -1.7000
v -2.0167 1.6300 -1.3667
v -2.0167 1.6300 -1.0333
v -2.0167 1.6300 -0.7000
v -1.2500 1.6300 -1.7000
v -1.2500 1.6300 -1.3667
v -1.2500 1.6300 -1.0333
v -1.2500 1.6300 -0.7000
v -3.5500 1.5700 -0.7000
v -3.5500 1.5700 -1.0333
v -3.5500 1.5700 -1.3667
v -3.5500 1.5700 -1.7000
v -2.7833 1.5700 -0.7000
v -2.7833 1.5700 -1.0333
v -2.7833 1.5700 -1.3667
v -2.7833 1.5700 -1.7000
v -2.0167 1.5700 -0.7000
v -2.0167 1.5700 -1.0333
v -2.0167 1.5700 -1.3667
v -2.0167 1.5700 -1.7000
v -1.2500 1.5700 -0.7000
v -1.2500 1.5700 -1.0333
v -1.2500 1.5700 -1.3667
v -1.2500 1.5700 -1.7000
f 7801 7802 7806
f 7801 7806 7805
f 7802 7803 7807
f 7802 7807 7806
f 7803 7804 7808
f 7803 7808 7807
f 7805 7806 7810
f 7805 7810 7809
f 7806 7807 7811
f 7806 7811 7810
f 7807 7808 7812
f 7807 7812 7811
f 7809 7810 7814
f 7809 7814 7813
f 7810 7811 7815
f 7810 7815 7814
f 7811 7812 7816
f 7811 7816 7815
f 7817 7818 7822
f 7817 7822 7821
f 7818 7819 7823
f 7818 7823 7822
f 7819 7820 7824
f 7819 7824 7823
f 7821 7822 7826
f 7821 7826 7825
f 7822 7823 7827
f 7822 7827 7826
f 7823 7824 7828
f 7823 7828 7827
f 7825 7826 7830
f 7825 7830 7829
f 7826 7827 7831
f 7826 7831 7830
f 7827 7828 7832
f 7827 7832 7831
f 7833 7834 7838
f 7833 7838 7837
f 7834 7835 7839
f 7834 7839 7838
f 7835 7836 7840
f 7835 7840 7839
f 7837 7838 7842
f 7837 7842 7841
f 7838 7839 7843
f 7838 7843 7842
f 7839 7840 7844
f 7839 7844 7843
f 7841 7842 7846
f 7841 7846 7845
f 7842 7843 7847
f 7842 7847 7846
f 7843 7844 7848
f 7843 7848 7847
f 7849 7850 7854
f 7849 7854 7853
f 7850 7851 7855
f 7850 7855 7854
f 7851 7852 7856
f 7851 7856 7855
f 7853 7854 7858
f 7853 7858 7857
f 7854 7855 7859
f 7854 7859 7858
f 7855 7856 7860
f 7855 7860 7859
f 7857 7858 7862
f 7857 7862 7861
f 7858 7859 7863
f 7858 7863 7862
f 7859 7860 7864
f 7859 7864 7863
f 7865 7866 7870
f 7865 7870 7869
f 7866 7867 7871
f 7866 7871 7870
f 7867 7868 7872
f 7867 7872 7871
f 7869 7870 7874
f 7869 7874 7873
f 7870 7871 7875
f 7870 7875 7874
f 7871 7872 7876
f 7871 7876 7875
f 7873 7874 7878
f 7873 7878 7877
f 7874 7875 7879
f 7874 7879 7878
f 7875 7876 7880
f 7875 7880 7879
f 7881 7882 7886
f 7881 7886 7885
f 7882 7883 7887
f 7882 7887 7886
f 7883 7884 7888
f 7883 7888 7887
f 7885 7886 7890
f 7885 7890 7889
f 7886 7887 7891
f 7886 7891 7890
f 7887 7888 7892
f 7887 7892 7891
f 7889 7890 7894
f 7889 7894 7893
f 7890 7891 7895
f 7890 7895 7894
f 7891 7892 7896
f 7891 7896 7895
g 선반 단_26
v -3.5500 1.5700 1.7000
v -3.5500 1.5900 1.7000
v -3.5500 1.6100 1.7000
v -3.5500 1.6300 1.7000
v -2.7833 1.5700 1.7000
v -2.7833 1.5900 1.7000
v -2.7833 1.6100 1.7000
v -2.7833 1.6300 1.7000
v -2.0167 1.5700 1.7000
v -2.0167 1.5900 1.7000
v -2.0167 1.6100 1.7000
v -2.0167 1.6300 1.7000
v -1.2500 1.5700 1.7000
v -1.2500 1.5900 1.7000
v -1.2500 1.6100 1.7000
v -1.2500 1.6300 1.7000
v -1.2500 1.5700 0.7000
v -1.2500 1.5900 0.7000
v -1.2500 1.6100 0.7000
v -1.2500 1.6300 0.7000
v -2.0167 1.5700 0.7000
v -2.0167 1.5900 0.7000
v -2.0167 1.6100 0.7000
v -2.0167 1.6300 0.7000
v -2.7833 1.5700 0.7000
v -2.7833 1.5900 0.7000
v -2.7833 1.6100 0.7000
v -2.7833 1.6300 0.7000
v -3.5500 1.5700 0.7000
v -3.5500 1.5900 0.7000
v -3.5500 1.6100 0.7000
v -3.5500 1.6300 0.7000
v -3.5500 1.5700 0.7000
v -3.5500 1.5900 0.7000
v -3.5500 1.6100 0.7000
v -3.5500 1.6300 0.7000
v -3.5500 1.5700 1.0333
v -3.5500 1.5900 1.0333
v -3.5500 1.6100 1.0333
v -3.5500 1.6300 1.0333
v -3.5500 1.5700 1.3667
v -3.5500 1.5900 1.3667
v -3.5500 1.6100 1.3667
v -3.5500 1.6300 1.3667
v -3.5500 1.5700 1.7000
v -3.5500 1.5900 1.7000
v -3.5500 1.6100 1.7000
v -3.5500 1.6300 1.7000
v -1.2500 1.5700 1.7000
v -1.2500 1.5900 1.7000
v -1.2500 1.6100 1.7000
v -1.2500 1.6300 1.7000
v -1.2500 1.5700 1.3667
v -1.2500 1.5900 1.3667
v -1.2500 1.6100 1.3667
v -1.2500 1.6300 1.3667
v -1.2500 1.5700 1.0333
v -1.2500 1.5900 1.0333
v -1.2500 1.6100 1.0333
v -1.2500 1.6300 1.0333
v -1.2500 1.5700 0.7000
v -1.2500 1.5900 0.7000
v -1.2500 1.6100 0.7000
v -1.2500 1.6300 0.7000
v -3.5500 1.6300 0.7000
v -3.5500 1.6300 1.0333
v -3.5500 1.6300 1.3667
v -3.5500 1.6300 1.7000
v -2.7833 1.6300 0.7000
v -2.7833 1.6300 1.0333
v -2.7833 1.6300 1.3667
v -2.7833 1.6300 1.7000
v -2.0167 1.6300 0.7000
v -2.0167 1.6300 1.0333
v -2.0167 1.6300 1.3667
v -2.0167 1.6300 1.7000
v -1.2500 1.6300 0.7000
v -1.2500 1.6300 1.0333
v -1.2500 1.6300 1.3667
v -1.2500 1.6300 1.7000
v -3.5500 1.5700 1.7000
v -3.5500 1.5700 1.3667
v -3.5500 1.5700 1.0333
v -3.5500 1.5700 0.7000
v -2.7833 1.5700 1.7000
v -2.7833 1.5700 1.3667
v -2.7833 1.5700 1.0333
v -2.7833 1.5700 0.7000
v -2.0167 1.5700 1.7000
v -2.0167 1.5700 1.3667
v -2.0167 1.5700 1.0333
v -2.0167 1.5700 0.7000
v -1.2500 1.5700 1.7000
v -1.2500 1.5700 1.3667
v -1.2500 1.5700 1.0333
v -1.2500 1.5700 0.7000
f 7897 7898 7902
f 7897 7902 7901
f 7898 7899 7903
f 7898 7903 7902
f 7899 7900 7904
f 7899 7904 7903
f 7901 7902 7906
f 7901 7906 7905
f 7902 7903 7907
f 7902 7907 7906
f 7903 7904 7908
f 7903 7908 7907
f 7905 7906 7910
f 7905 7910 7909
f 7906 7907 7911
f 7906 7911 7910
f 7907 7908 7912
f 7907 7912 7911
f 7913 7914 7918
f 7913 7918 7917
f 7914 7915 7919
f 7914 7919 7918
f 7915 7916 7920
f 7915 7920 7919
f 7917 7918 7922
f 7917 7922 7921
f 7918 7919 7923
f 7918 7923 7922
f 7919 7920 7924
f 7919 7924 7923
f 7921 7922 7926
f 7921 7926 7925
f 7922 7923 7927
f 7922 7927 7926
f 7923 7924 7928
f 7923 7928 7927
f 7929 7930 7934
f 7929 7934 7933
f 7930 7931 7935
f 7930 7935 7934
f 7931 7932 7936
f 7931 7936 7935
f 7933 7934 7938
f 7933 7938 7937
f 7934 7935 7939
f 7934 7939 7938
f 7935 7936 7940
f 7935 7940 7939
f 7937 7938 7942
f 7937 7942 7941
f 7938 7939 7943
f 7938 7943 7942
f 7939 7940 7944
f 7939 7944 7943
f 7945 7946 7950
f 7945 7950 7949
f 7946 7947 7951
f 7946 7951 7950
f 7947 7948 7952
f 7947 7952 7951
f 7949 7950 7954
f 7949 7954 7953
f 7950 7951 7955
f 7950 7955 7954
f 7951 7952 7956
f 7951 7956 7955
f 7953 7954 7958
f 7953 7958 7957
f 7954 7955 7959
f 7954 7959 7958
f 7955 7956 7960
f 7955 7960 7959
f 7961 7962 7966
f 7961 7966 7965
f 7962 7963 7967
f 7962 7967 7966
f 7963 7964 7968
f 7963 7968 7967
f 7965 7966 7970
f 7965 7970 7969
f 7966 7967 7971
f 7966 7971 7970
f 7967 7968 7972
f 7967 7972 7971
f 7969 7970 7974
f 7969 7974 7973
f 7970 7971 7975
f 7970 7975 7974
f 7971 7972 7976
f 7971 7976 7975
f 7977 7978 7982
f 7977 7982 7981
f 7978 7979 7983
f 7978 7983 7982
f 7979 7980 7984
f 7979 7984 7983
f 7981 7982 7986
f 7981 7986 7985
f 7982 7983 7987
f 7982 7987 7986
f 7983 7984 7988
f 7983 7988 7987
f 7985 7986 7990
f 7985 7990 7989
f 7986 7987 7991
f 7986 7991 7990
f 7987 7988 7992
f 7987 7992 7991
g 선반 단_27
v -3.5500 1.5700 4.1000
v -3.5500 1.5900 4.1000
v -3.5500 1.6100 4.1000
v -3.5500 1.6300 4.1000
v -2.7833 1.5700 4.1000
v -2.7833 1.5900 4.1000
v -2.7833 1.6100 4.1000
v -2.7833 1.6300 4.1000
v -2.0167 1.5700 4.1000
v -2.0167 1.5900 4.1000
v -2.0167 1.6100 4.1000
v -2.0167 1.6300 4.1000
v -1.2500 1.5700 4.1000
v -1.2500 1.5900 4.1000
v -1.2500 1.6100 4.1000
v -1.2500 1.6300 4.1000
v -1.2500 1.5700 3.1000
v -1.2500 1.5900 3.1000
v -1.2500 1.6100 3.1000
v -1.2500 1.6300 3.1000
v -2.0167 1.5700 3.1000
v -2.0167 1.5900 3.1000
v -2.0167 1.6100 3.1000
v -2.0167 1.6300 3.1000
v -2.7833 1.5700 3.1000
v -2.7833 1.5900 3.1000
v -2.7833 1.6100 3.1000
v -2.7833 1.6300 3.1000
v -3.5500 1.5700 3.1000
v -3.5500 1.5900 3.1000
v -3.5500 1.6100 3.1000
v -3.5500 1.6300 3.1000
v -3.5500 1.5700 3.1000
v -3.5500 1.5900 3.1000
v -3.5500 1.6100 3.1000
v -3.5500 1.6300 3.1000
v -3.5500 1.5700 3.4333
v -3.5500 1.5900 3.4333
v -3.5500 1.6100 3.4333
v -3.5500 1.6300 3.4333
v -3.5500 1.5700 3.7667
v -3.5500 1.5900 3.7667
v -3.5500 1.6100 3.7667
v -3.5500 1.6300 3.7667
v -3.5500 1.5700 4.1000
v -3.5500 1.5900 4.1000
v -3.5500 1.6100 4.1000
v -3.5500 1.6300 4.1000
v -1.2500 1.5700 4.1000
v -1.2500 1.5900 4.1000
v -1.2500 1.6100 4.1000
v -1.2500 1.6300 4.1000
v -1.2500 1.5700 3.7667
v -1.2500 1.5900 3.7667
v -1.2500 1.6100 3.7667
v -1.2500 1.6300 3.7667
v -1.2500 1.5700 3.4333
v -1.2500 1.5900 3.4333
v -1.2500 1.6100 3.4333
v -1.2500 1.6300 3.4333
v -1.2500 1.5700 3.1000
v -1.2500 1.5900 3.1000
v -1.2500 1.6100 3.1000
v -1.2500 1.6300 3.1000
v -3.5500 1.6300 3.1000
v -3.5500 1.6300 3.4333
v -3.5500 1.6300 3.7667
v -3.5500 1.6300 4.1000
v -2.7833 1.6300 3.1000
v -2.7833 1.6300 3.4333
v -2.7833 1.6300 3.7667
v -2.7833 1.6300 4.1000
v -2.0167 1.6300 3.1000
v -2.0167 1.6300 3.4333
v -2.0167 1.6300 3.7667
v -2.0167 1.6300 4.1000
v -1.2500 1.6300 3.1000
v -1.2500 1.6300 3.4333
v -1.2500 1.6300 3.7667
v -1.2500 1.6300 4.1000
v -3.5500 1.5700 4.1000
v -3.5500 1.5700 3.7667
v -3.5500 1.5700 3.4333
v -3.5500 1.5700 3.1000
v -2.7833 1.5700 4.1000
v -2.7833 1.5700 3.7667
v -2.7833 1.5700 3.4333
v -2.7833 1.5700 3.1000
v -2.0167 1.5700 4.1000
v -2.0167 1.5700 3.7667
v -2.0167 1.5700 3.4333
v -2.0167 1.5700 3.1000
v -1.2500 1.5700 4.1000
v -1.2500 1.5700 3.7667
v -1.2500 1.5700 3.4333
v -1.2500 1.5700 3.1000
f 7993 7994 7998
f 7993 7998 7997
f 7994 7995 7999
f 7994 7999 7998
f 7995 7996 8000
f 7995 8000 7999
f 7997 7998 8002
f 7997 8002 8001
f 7998 7999 8003
f 7998 8003 8002
f 7999 8000 8004
f 7999 8004 8003
f 8001 8002 8006
f 8001 8006 8005
f 8002 8003 8007
f 8002 8007 8006
f 8003 8004 8008
f 8003 8008 8007
f 8009 8010 8014
f 8009 8014 8013
f 8010 8011 8015
f 8010 8015 8014
f 8011 8012 8016
f 8011 8016 8015
f 8013 8014 8018
f 8013 8018 8017
f 8014 8015 8019
f 8014 8019 8018
f 8015 8016 8020
f 8015 8020 8019
f 8017 8018 8022
f 8017 8022 8021
f 8018 8019 8023
f 8018 8023 8022
f 8019 8020 8024
f 8019 8024 8023
f 8025 8026 8030
f 8025 8030 8029
f 8026 8027 8031
f 8026 8031 8030
f 8027 8028 8032
f 8027 8032 8031
f 8029 8030 8034
f 8029 8034 8033
f 8030 8031 8035
f 8030 8035 8034
f 8031 8032 8036
f 8031 8036 8035
f 8033 8034 8038
f 8033 8038 8037
f 8034 8035 8039
f 8034 8039 8038
f 8035 8036 8040
f 8035 8040 8039
f 8041 8042 8046
f 8041 8046 8045
f 8042 8043 8047
f 8042 8047 8046
f 8043 8044 8048
f 8043 8048 8047
f 8045 8046 8050
f 8045 8050 8049
f 8046 8047 8051
f 8046 8051 8050
f 8047 8048 8052
f 8047 8052 8051
f 8049 8050 8054
f 8049 8054 8053
f 8050 8051 8055
f 8050 8055 8054
f 8051 8052 8056
f 8051 8056 8055
f 8057 8058 8062
f 8057 8062 8061
f 8058 8059 8063
f 8058 8063 8062
f 8059 8060 8064
f 8059 8064 8063
f 8061 8062 8066
f 8061 8066 8065
f 8062 8063 8067
f 8062 8067 8066
f 8063 8064 8068
f 8063 8068 8067
f 8065 8066 8070
f 8065 8070 8069
f 8066 8067 8071
f 8066 8071 8070
f 8067 8068 8072
f 8067 8072 8071
f 8073 8074 8078
f 8073 8078 8077
f 8074 8075 8079
f 8074 8079 8078
f 8075 8076 8080
f 8075 8080 8079
f 8077 8078 8082
f 8077 8082 8081
f 8078 8079 8083
f 8078 8083 8082
f 8079 8080 8084
f 8079 8084 8083
f 8081 8082 8086
f 8081 8086 8085
f 8082 8083 8087
f 8082 8087 8086
f 8083 8084 8088
f 8083 8088 8087
g 선반 단_28
v -1.1500 1.5700 -3.1000
v -1.1500 1.5900 -3.1000
v -1.1500 1.6100 -3.1000
v -1.1500 1.6300 -3.1000
v -0.3833 1.5700 -3.1000
v -0.3833 1.5900 -3.1000
v -0.3833 1.6100 -3.1000
v -0.3833 1.6300 -3.1000
v 0.3833 1.5700 -3.1000
v 0.3833 1.5900 -3.1000
v 0.3833 1.6100 -3.1000
v 0.3833 1.6300 -3.1000
v 1.1500 1.5700 -3.1000
v 1.1500 1.5900 -3.1000
v 1.1500 1.6100 -3.1000
v 1.1500 1.6300 -3.1000
v 1.1500 1.5700 -4.1000
v 1.1500 1.5900 -4.1000
v 1.1500 1.6100 -4.1000
v 1.1500 1.6300 -4.1000
v 0.3833 1.5700 -4.1000
v 0.3833 1.5900 -4.1000
v 0.3833 1.6100 -4.1000
v 0.3833 1.6300 -4.1000
v -0.3833 1.5700 -4.1000
v -0.3833 1.5900 -4.1000
v -0.3833 1.6100 -4.1000
v -0.3833 1.6300 -4.1000
v -1.1500 1.5700 -4.1000
v -1.1500 1.5900 -4.1000
v -1.1500 1.6100 -4.1000
v -1.1500 1.6300 -4.1000
v -1.1500 1.5700 -4.1000
v -1.1500 1.5900 -4.1000
v -1.1500 1.6100 -4.1000
v -1.1500 1.6300 -4.1000
v -1.1500 1.5700 -3.7667
v -1.1500 1.5900 -3.7667
v -1.1500 1.6100 -3.7667
v -1.1500 1.6300 -3.7667
v -1.1500 1.5700 -3.4333
v -1.1500 1.5900 -3.4333
v -1.1500 1.6100 -3.4333
v -1.1500 1.6300 -3.4333
v -1.1500 1.5700 -3.1000
v -1.1500 1.5900 -3.1000
v -1.1500 1.6100 -3.1000
v -1.1500 1.6300 -3.1000
v 1.1500 1.5700 -3.1000
v 1.1500 1.5900 -3.1000
v 1.1500 1.6100 -3.1000
v 1.1500 1.6300 -3.1000
v 1.1500 1.5700 -3.4333
v 1.1500 1.5900 -3.4333
v 1.1500 1.6100 -3.4333
v 1.1500 1.6300 -3.4333
v 1.1500 1.5700 -3.7667
v 1.1500 1.5900 -3.7667
v 1.1500 1.6100 -3.7667
v 1.1500 1.6300 -3.7667
v 1.1500 1.5700 -4.1000
v 1.1500 1.5900 -4.1000
v 1.1500 1.6100 -4.1000
v 1.1500 1.6300 -4.1000
v -1.1500 1.6300 -4.1000
v -1.1500 1.6300 -3.7667
v -1.1500 1.6300 -3.4333
v -1.1500 1.6300 -3.1000
v -0.3833 1.6300 -4.1000
v -0.3833 1.6300 -3.7667
v -0.3833 1.6300 -3.4333
v -0.3833 1.6300 -3.1000
v 0.3833 1.6300 -4.1000
v 0.3833 1.6300 -3.7667
v 0.3833 1.6300 -3.4333
v 0.3833 1.6300 -3.1000
v 1.1500 1.6300 -4.1000
v 1.1500 1.6300 -3.7667
v 1.1500 1.6300 -3.4333
v 1.1500 1.6300 -3.1000
v -1.1500 1.5700 -3.1000
v -1.1500 1.5700 -3.4333
v -1.1500 1.5700 -3.7667
v -1.1500 1.5700 -4.1000
v -0.3833 1.5700 -3.1000
v -0.3833 1.5700 -3.4333
v -0.3833 1.5700 -3.7667
v -0.3833 1.5700 -4.1000
v 0.3833 1.5700 -3.1000
v 0.3833 1.5700 -3.4333
v 0.3833 1.5700 -3.7667
v 0.3833 1.5700 -4.1000
v 1.1500 1.5700 -3.1000
v 1.1500 1.5700 -3.4333
v 1.1500 1.5700 -3.7667
v 1.1500 1.5700 -4.1000
f 8089 8090 8094
f 8089 8094 8093
f 8090 8091 8095
f 8090 8095 8094
f 8091 8092 8096
f 8091 8096 8095
f 8093 8094 8098
f 8093 8098 8097
f 8094 8095 8099
f 8094 8099 8098
f 8095 8096 8100
f 8095 8100 8099
f 8097 8098 8102
f 8097 8102 8101
f 8098 8099 8103
f 8098 8103 8102
f 8099 8100 8104
f 8099 8104 8103
f 8105 8106 8110
f 8105 8110 8109
f 8106 8107 8111
f 8106 8111 8110
f 8107 8108 8112
f 8107 8112 8111
f 8109 8110 8114
f 8109 8114 8113
f 8110 8111 8115
f 8110 8115 8114
f 8111 8112 8116
f 8111 8116 8115
f 8113 8114 8118
f 8113 8118 8117
f 8114 8115 8119
f 8114 8119 8118
f 8115 8116 8120
f 8115 8120 8119
f 8121 8122 8126
f 8121 8126 8125
f 8122 8123 8127
f 8122 8127 8126
f 8123 8124 8128
f 8123 8128 8127
f 8125 8126 8130
f 8125 8130 8129
f 8126 8127 8131
f 8126 8131 8130
f 8127 8128 8132
f 8127 8132 8131
f 8129 8130 8134
f 8129 8134 8133
f 8130 8131 8135
f 8130 8135 8134
f 8131 8132 8136
f 8131 8136 8135
f 8137 8138 8142
f 8137 8142 8141
f 8138 8139 8143
f 8138 8143 8142
f 8139 8140 8144
f 8139 8144 8143
f 8141 8142 8146
f 8141 8146 8145
f 8142 8143 8147
f 8142 8147 8146
f 8143 8144 8148
f 8143 8148 8147
f 8145 8146 8150
f 8145 8150 8149
f 8146 8147 8151
f 8146 8151 8150
f 8147 8148 8152
f 8147 8152 8151
f 8153 8154 8158
f 8153 8158 8157
f 8154 8155 8159
f 8154 8159 8158
f 8155 8156 8160
f 8155 8160 8159
f 8157 8158 8162
f 8157 8162 8161
f 8158 8159 8163
f 8158 8163 8162
f 8159 8160 8164
f 8159 8164 8163
f 8161 8162 8166
f 8161 8166 8165
f 8162 8163 8167
f 8162 8167 8166
f 8163 8164 8168
f 8163 8168 8167
f 8169 8170 8174
f 8169 8174 8173
f 8170 8171 8175
f 8170 8175 8174
f 8171 8172 8176
f 8171 8176 8175
f 8173 8174 8178
f 8173 8178 8177
f 8174 8175 8179
f 8174 8179 8178
f 8175 8176 8180
f 8175 8180 8179
f 8177 8178 8182
f 8177 8182 8181
f 8178 8179 8183
f 8178 8183 8182
f 8179 8180 8184
f 8179 8184 8183
g 선반 단_29
v -1.1500 1.5700 -0.7000
v -1.1500 1.5900 -0.7000
v -1.1500 1.6100 -0.7000
v -1.1500 1.6300 -0.7000
v -0.3833 1.5700 -0.7000
v -0.3833 1.5900 -0.7000
v -0.3833 1.6100 -0.7000
v -0.3833 1.6300 -0.7000
v 0.3833 1.5700 -0.7000
v 0.3833 1.5900 -0.7000
v 0.3833 1.6100 -0.7000
v 0.3833 1.6300 -0.7000
v 1.1500 1.5700 -0.7000
v 1.1500 1.5900 -0.7000
v 1.1500 1.6100 -0.7000
v 1.1500 1.6300 -0.7000
v 1.1500 1.5700 -1.7000
v 1.1500 1.5900 -1.7000
v 1.1500 1.6100 -1.7000
v 1.1500 1.6300 -1.7000
v 0.3833 1.5700 -1.7000
v 0.3833 1.5900 -1.7000
v 0.3833 1.6100 -1.7000
v 0.3833 1.6300 -1.7000
v -0.3833 1.5700 -1.7000
v -0.3833 1.5900 -1.7000
v -0.3833 1.6100 -1.7000
v -0.3833 1.6300 -1.7000
v -1.1500 1.5700 -1.7000
v -1.1500 1.5900 -1.7000
v -1.1500 1.6100 -1.7000
v -1.1500 1.6300 -1.7000
v -1.1500 1.5700 -1.7000
v -1.1500 1.5900 -1.7000
v -1.1500 1.6100 -1.7000
v -1.1500 1.6300 -1.7000
v -1.1500 1.5700 -1.3667
v -1.1500 1.5900 -1.3667
v -1.1500 1.6100 -1.3667
v -1.1500 1.6300 -1.3667
v -1.1500 1.5700 -1.0333
v -1.1500 1.5900 -1.0333
v -1.1500 1.6100 -1.0333
v -1.1500 1.6300 -1.0333
v -1.1500 1.5700 -0.7000
v -1.1500 1.5900 -0.7000
v -1.1500 1.6100 -0.7000
v -1.1500 1.6300 -0.7000
v 1.1500 1.5700 -0.7000
v 1.1500 1.5900 -0.7000
v 1.1500 1.6100 -0.7000
v 1.1500 1.6300 -0.7000
v 1.1500 1.5700 -1.0333
v 1.1500 1.5900 -1.0333
v 1.1500 1.6100 -1.0333
v 1.1500 1.6300 -1.0333
v 1.1500 1.5700 -1.3667
v 1.1500 1.5900 -1.3667
v 1.1500 1.6100 -1.3667
v 1.1500 1.6300 -1.3667
v 1.1500 1.5700 -1.7000
v 1.1500 1.5900 -1.7000
v 1.1500 1.6100 -1.7000
v 1.1500 1.6300 -1.7000
v -1.1500 1.6300 -1.7000
v -1.1500 1.6300 -1.3667
v -1.1500 1.6300 -1.0333
v -1.1500 1.6300 -0.7000
v -0.3833 1.6300 -1.7000
v -0.3833 1.6300 -1.3667
v -0.3833 1.6300 -1.0333
v -0.3833 1.6300 -0.7000
v 0.3833 1.6300 -1.7000
v 0.3833 1.6300 -1.3667
v 0.3833 1.6300 -1.0333
v 0.3833 1.6300 -0.7000
v 1.1500 1.6300 -1.7000
v 1.1500 1.6300 -1.3667
v 1.1500 1.6300 -1.0333
v 1.1500 1.6300 -0.7000
v -1.1500 1.5700 -0.7000
v -1.1500 1.5700 -1.0333
v -1.1500 1.5700 -1.3667
v -1.1500 1.5700 -1.7000
v -0.3833 1.5700 -0.7000
v -0.3833 1.5700 -1.0333
v -0.3833 1.5700 -1.3667
v -0.3833 1.5700 -1.7000
v 0.3833 1.5700 -0.7000
v 0.3833 1.5700 -1.0333
v 0.3833 1.5700 -1.3667
v 0.3833 1.5700 -1.7000
v 1.1500 1.5700 -0.7000
v 1.1500 1.5700 -1.0333
v 1.1500 1.5700 -1.3667
v 1.1500 1.5700 -1.7000
f 8185 8186 8190
f 8185 8190 8189
f 8186 8187 8191
f 8186 8191 8190
f 8187 8188 8192
f 8187 8192 8191
f 8189 8190 8194
f 8189 8194 8193
f 8190 8191 8195
f 8190 8195 8194
f 8191 8192 8196
f 8191 8196 8195
f 8193 8194 8198
f 8193 8198 8197
f 8194 8195 8199
f 8194 8199 8198
f 8195 8196 8200
f 8195 8200 8199
f 8201 8202 8206
f 8201 8206 8205
f 8202 8203 8207
f 8202 8207 8206
f 8203 8204 8208
f 8203 8208 8207
f 8205 8206 8210
f 8205 8210 8209
f 8206 8207 8211
f 8206 8211 8210
f 8207 8208 8212
f 8207 8212 8211
f 8209 8210 8214
f 8209 8214 8213
f 8210 8211 8215
f 8210 8215 8214
f 8211 8212 8216
f 8211 8216 8215
f 8217 8218 8222
f 8217 8222 8221
f 8218 8219 8223
f 8218 8223 8222
f 8219 8220 8224
f 8219 8224 8223
f 8221 8222 8226
f 8221 8226 8225
f 8222 8223 8227
f 8222 8227 8226
f 8223 8224 8228
f 8223 8228 8227
f 8225 8226 8230
f 8225 8230 8229
f 8226 8227 8231
f 8226 8231 8230
f 8227 8228 8232
f 8227 8232 8231
f 8233 8234 8238
f 8233 8238 8237
f 8234 8235 8239
f 8234 8239 8238
f 8235 8236 8240
f 8235 8240 8239
f 8237 8238 8242
f 8237 8242 8241
f 8238 8239 8243
f 8238 8243 8242
f 8239 8240 8244
f 8239 8244 8243
f 8241 8242 8246
f 8241 8246 8245
f 8242 8243 8247
f 8242 8247 8246
f 8243 8244 8248
f 8243 8248 8247
f 8249 8250 8254
f 8249 8254 8253
f 8250 8251 8255
f 8250 8255 8254
f 8251 8252 8256
f 8251 8256 8255
f 8253 8254 8258
f 8253 8258 8257
f 8254 8255 8259
f 8254 8259 8258
f 8255 8256 8260
f 8255 8260 8259
f 8257 8258 8262
f 8257 8262 8261
f 8258 8259 8263
f 8258 8263 8262
f 8259 8260 8264
f 8259 8264 8263
f 8265 8266 8270
f 8265 8270 8269
f 8266 8267 8271
f 8266 8271 8270
f 8267 8268 8272
f 8267 8272 8271
f 8269 8270 8274
f 8269 8274 8273
f 8270 8271 8275
f 8270 8275 8274
f 8271 8272 8276
f 8271 8276 8275
f 8273 8274 8278
f 8273 8278 8277
f 8274 8275 8279
f 8274 8279 8278
f 8275 8276 8280
f 8275 8280 8279
g 선반 단_30
v -1.1500 1.5700 1.7000
v -1.1500 1.5900 1.7000
v -1.1500 1.6100 1.7000
v -1.1500 1.6300 1.7000
v -0.3833 1.5700 1.7000
v -0.3833 1.5900 1.7000
v -0.3833 1.6100 1.7000
v -0.3833 1.6300 1.7000
v 0.3833 1.5700 1.7000
v 0.3833 1.5900 1.7000
v 0.3833 1.6100 1.7000
v 0.3833 1.6300 1.7000
v 1.1500 1.5700 1.7000
v 1.1500 1.5900 1.7000
v 1.1500 1.6100 1.7000
v 1.1500 1.6300 1.7000
v 1.1500 1.5700 0.7000
v 1.1500 1.5900 0.7000
v 1.1500 1.6100 0.7000
v 1.1500 1.6300 0.7000
v 0.3833 1.5700 0.7000
v 0.3833 1.5900 0.7000
v 0.3833 1.6100 0.7000
v 0.3833 1.6300 0.7000
v -0.3833 1.5700 0.7000
v -0.3833 1.5900 0.7000
v -0.3833 1.6100 0.7000
v -0.3833 1.6300 0.7000
v -1.1500 1.5700 0.7000
v -1.1500 1.5900 0.7000
v -1.1500 1.6100 0.7000
v -1.1500 1.6300 0.7000
v -1.1500 1.5700 0.7000
v -1.1500 1.5900 0.7000
v -1.1500 1.6100 0.7000
v -1.1500 1.6300 0.7000
v -1.1500 1.5700 1.0333
v -1.1500 1.5900 1.0333
v -1.1500 1.6100 1.0333
v -1.1500 1.6300 1.0333
v -1.1500 1.5700 1.3667
v -1.1500 1.5900 1.3667
v -1.1500 1.6100 1.3667
v -1.1500 1.6300 1.3667
v -1.1500 1.5700 1.7000
v -1.1500 1.5900 1.7000
v -1.1500 1.6100 1.7000
v -1.1500 1.6300 1.7000
v 1.1500 1.5700 1.7000
v 1.1500 1.5900 1.7000
v 1.1500 1.6100 1.7000
v 1.1500 1.6300 1.7000
v 1.1500 1.5700 1.3667
v 1.1500 1.5900 1.3667
v 1.1500 1.6100 1.3667
v 1.1500 1.6300 1.3667
v 1.1500 1.5700 1.0333
v 1.1500 1.5900 1.0333
v 1.1500 1.6100 1.0333
v 1.1500 1.6300 1.0333
v 1.1500 1.5700 0.7000
v 1.1500 1.5900 0.7000
v 1.1500 1.6100 0.7000
v 1.1500 1.6300 0.7000
v -1.1500 1.6300 0.7000
v -1.1500 1.6300 1.0333
v -1.1500 1.6300 1.3667
v -1.1500 1.6300 1.7000
v -0.3833 1.6300 0.7000
v -0.3833 1.6300 1.0333
v -0.3833 1.6300 1.3667
v -0.3833 1.6300 1.7000
v 0.3833 1.6300 0.7000
v 0.3833 1.6300 1.0333
v 0.3833 1.6300 1.3667
v 0.3833 1.6300 1.7000
v 1.1500 1.6300 0.7000
v 1.1500 1.6300 1.0333
v 1.1500 1.6300 1.3667
v 1.1500 1.6300 1.7000
v -1.1500 1.5700 1.7000
v -1.1500 1.5700 1.3667
v -1.1500 1.5700 1.0333
v -1.1500 1.5700 0.7000
v -0.3833 1.5700 1.7000
v -0.3833 1.5700 1.3667
v -0.3833 1.5700 1.0333
v -0.3833 1.5700 0.7000
v 0.3833 1.5700 1.7000
v 0.3833 1.5700 1.3667
v 0.3833 1.5700 1.0333
v 0.3833 1.5700 0.7000
v 1.1500 1.5700 1.7000
v 1.1500 1.5700 1.3667
v 1.1500 1.5700 1.0333
v 1.1500 1.5700 0.7000
f 8281 8282 8286
f 8281 8286 8285
f 8282 8283 8287
f 8282 8287 8286
f 8283 8284 8288
f 8283 8288 8287
f 8285 8286 8290
f 8285 8290 8289
f 8286 8287 8291
f 8286 8291 8290
f 8287 8288 8292
f 8287 8292 8291
f 8289 8290 8294
f 8289 8294 8293
f 8290 8291 8295
f 8290 8295 8294
f 8291 8292 8296
f 8291 8296 8295
f 8297 8298 8302
f 8297 8302 8301
f 8298 8299 8303
f 8298 8303 8302
f 8299 8300 8304
f 8299 8304 8303
f 8301 8302 8306
f 8301 8306 8305
f 8302 8303 8307
f 8302 8307 8306
f 8303 8304 8308
f 8303 8308 8307
f 8305 8306 8310
f 8305 8310 8309
f 8306 8307 8311
f 8306 8311 8310
f 8307 8308 8312
f 8307 8312 8311
f 8313 8314 8318
f 8313 8318 8317
f 8314 8315 8319
f 8314 8319 8318
f 8315 8316 8320
f 8315 8320 8319
f 8317 8318 8322
f 8317 8322 8321
f 8318 8319 8323
f 8318 8323 8322
f 8319 8320 8324
f 8319 8324 8323
f 8321 8322 8326
f 8321 8326 8325
f 8322 8323 8327
f 8322 8327 8326
f 8323 8324 8328
f 8323 8328 8327
f 8329 8330 8334
f 8329 8334 8333
f 8330 8331 8335
f 8330 8335 8334
f 8331 8332 8336
f 8331 8336 8335
f 8333 8334 8338
f 8333 8338 8337
f 8334 8335 8339
f 8334 8339 8338
f 8335 8336 8340
f 8335 8340 8339
f 8337 8338 8342
f 8337 8342 8341
f 8338 8339 8343
f 8338 8343 8342
f 8339 8340 8344
f 8339 8344 8343
f 8345 8346 8350
f 8345 8350 8349
f 8346 8347 8351
f 8346 8351 8350
f 8347 8348 8352
f 8347 8352 8351
f 8349 8350 8354
f 8349 8354 8353
f 8350 8351 8355
f 8350 8355 8354
f 8351 8352 8356
f 8351 8356 8355
f 8353 8354 8358
f 8353 8358 8357
f 8354 8355 8359
f 8354 8359 8358
f 8355 8356 8360
f 8355 8360 8359
f 8361 8362 8366
f 8361 8366 8365
f 8362 8363 8367
f 8362 8367 8366
f 8363 8364 8368
f 8363 8368 8367
f 8365 8366 8370
f 8365 8370 8369
f 8366 8367 8371
f 8366 8371 8370
f 8367 8368 8372
f 8367 8372 8371
f 8369 8370 8374
f 8369 8374 8373
f 8370 8371 8375
f 8370 8375 8374
f 8371 8372 8376
f 8371 8376 8375
g 선반 단_31
v -1.1500 1.5700 4.1000
v -1.1500 1.5900 4.1000
v -1.1500 1.6100 4.1000
v -1.1500 1.6300 4.1000
v -0.3833 1.5700 4.1000
v -0.3833 1.5900 4.1000
v -0.3833 1.6100 4.1000
v -0.3833 1.6300 4.1000
v 0.3833 1.5700 4.1000
v 0.3833 1.5900 4.1000
v 0.3833 1.6100 4.1000
v 0.3833 1.6300 4.1000
v 1.1500 1.5700 4.1000
v 1.1500 1.5900 4.1000
v 1.1500 1.6100 4.1000
v 1.1500 1.6300 4.1000
v 1.1500 1.5700 3.1000
v 1.1500 1.5900 3.1000
v 1.1500 1.6100 3.1000
v 1.1500 1.6300 3.1000
v 0.3833 1.5700 3.1000
v 0.3833 1.5900 3.1000
v 0.3833 1.6100 3.1000
v 0.3833 1.6300 3.1000
v -0.3833 1.5700 3.1000
v -0.3833 1.5900 3.1000
v -0.3833 1.6100 3.1000
v -0.3833 1.6300 3.1000
v -1.1500 1.5700 3.1000
v -1.1500 1.5900 3.1000
v -1.1500 1.6100 3.1000
v -1.1500 1.6300 3.1000
v -1.1500 1.5700 3.1000
v -1.1500 1.5900 3.1000
v -1.1500 1.6100 3.1000
v -1.1500 1.6300 3.1000
v -1.1500 1.5700 3.4333
v -1.1500 1.5900 3.4333
v -1.1500 1.6100 3.4333
v -1.1500 1.6300 3.4333
v -1.1500 1.5700 3.7667
v -1.1500 1.5900 3.7667
v -1.1500 1.6100 3.7667
v -1.1500 1.6300 3.7667
v -1.1500 1.5700 4.1000
v -1.1500 1.5900 4.1000
v -1.1500 1.6100 4.1000
v -1.1500 1.6300 4.1000
v 1.1500 1.5700 4.1000
v 1.1500 1.5900 4.1000
v 1.1500 1.6100 4.1000
v 1.1500 1.6300 4.1000
v 1.1500 1.5700 3.7667
v 1.1500 1.5900 3.7667
v 1.1500 1.6100 3.7667
v 1.1500 1.6300 3.7667
v 1.1500 1.5700 3.4333
v 1.1500 1.5900 3.4333
v 1.1500 1.6100 3.4333
v 1.1500 1.6300 3.4333
v 1.1500 1.5700 3.1000
v 1.1500 1.5900 3.1000
v 1.1500 1.6100 3.1000
v 1.1500 1.6300 3.1000
v -1.1500 1.6300 3.1000
v -1.1500 1.6300 3.4333
v -1.1500 1.6300 3.7667
v -1.1500 1.6300 4.1000
v -0.3833 1.6300 3.1000
v -0.3833 1.6300 3.4333
v -0.3833 1.6300 3.7667
v -0.3833 1.6300 4.1000
v 0.3833 1.6300 3.1000
v 0.3833 1.6300 3.4333
v 0.3833 1.6300 3.7667
v 0.3833 1.6300 4.1000
v 1.1500 1.6300 3.1000
v 1.1500 1.6300 3.4333
v 1.1500 1.6300 3.7667
v 1.1500 1.6300 4.1000
v -1.1500 1.5700 4.1000
v -1.1500 1.5700 3.7667
v -1.1500 1.5700 3.4333
v -1.1500 1.5700 3.1000
v -0.3833 1.5700 4.1000
v -0.3833 1.5700 3.7667
v -0.3833 1.5700 3.4333
v -0.3833 1.5700 3.1000
v 0.3833 1.5700 4.1000
v 0.3833 1.5700 3.7667
v 0.3833 1.5700 3.4333
v 0.3833 1.5700 3.1000
v 1.1500 1.5700 4.1000
v 1.1500 1.5700 3.7667
v 1.1500 1.5700 3.4333
v 1.1500 1.5700 3.1000
f 8377 8378 8382
f 8377 8382 8381
f 8378 8379 8383
f 8378 8383 8382
f 8379 8380 8384
f 8379 8384 8383
f 8381 8382 8386
f 8381 8386 8385
f 8382 8383 8387
f 8382 8387 8386
f 8383 8384 8388
f 8383 8388 8387
f 8385 8386 8390
f 8385 8390 8389
f 8386 8387 8391
f 8386 8391 8390
f 8387 8388 8392
f 8387 8392 8391
f 8393 8394 8398
f 8393 8398 8397
f 8394 8395 8399
f 8394 8399 8398
f 8395 8396 8400
f 8395 8400 8399
f 8397 8398 8402
f 8397 8402 8401
f 8398 8399 8403
f 8398 8403 8402
f 8399 8400 8404
f 8399 8404 8403
f 8401 8402 8406
f 8401 8406 8405
f 8402 8403 8407
f 8402 8407 8406
f 8403 8404 8408
f 8403 8408 8407
f 8409 8410 8414
f 8409 8414 8413
f 8410 8411 8415
f 8410 8415 8414
f 8411 8412 8416
f 8411 8416 8415
f 8413 8414 8418
f 8413 8418 8417
f 8414 8415 8419
f 8414 8419 8418
f 8415 8416 8420
f 8415 8420 8419
f 8417 8418 8422
f 8417 8422 8421
f 8418 8419 8423
f 8418 8423 8422
f 8419 8420 8424
f 8419 8424 8423
f 8425 8426 8430
f 8425 8430 8429
f 8426 8427 8431
f 8426 8431 8430
f 8427 8428 8432
f 8427 8432 8431
f 8429 8430 8434
f 8429 8434 8433
f 8430 8431 8435
f 8430 8435 8434
f 8431 8432 8436
f 8431 8436 8435
f 8433 8434 8438
f 8433 8438 8437
f 8434 8435 8439
f 8434 8439 8438
f 8435 8436 8440
f 8435 8440 8439
f 8441 8442 8446
f 8441 8446 8445
f 8442 8443 8447
f 8442 8447 8446
f 8443 8444 8448
f 8443 8448 8447
f 8445 8446 8450
f 8445 8450 8449
f 8446 8447 8451
f 8446 8451 8450
f 8447 8448 8452
f 8447 8452 8451
f 8449 8450 8454
f 8449 8454 8453
f 8450 8451 8455
f 8450 8455 8454
f 8451 8452 8456
f 8451 8456 8455
f 8457 8458 8462
f 8457 8462 8461
f 8458 8459 8463
f 8458 8463 8462
f 8459 8460 8464
f 8459 8464 8463
f 8461 8462 8466
f 8461 8466 8465
f 8462 8463 8467
f 8462 8467 8466
f 8463 8464 8468
f 8463 8468 8467
f 8465 8466 8470
f 8465 8470 8469
f 8466 8467 8471
f 8466 8471 8470
f 8467 8468 8472
f 8467 8472 8471
g 선반 단_32
v 1.2500 1.5700 -3.1000
v 1.2500 1.5900 -3.1000
v 1.2500 1.6100 -3.1000
v 1.2500 1.6300 -3.1000
v 2.0167 1.5700 -3.1000
v 2.0167 1.5900 -3.1000
v 2.0167 1.6100 -3.1000
v 2.0167 1.6300 -3.1000
v 2.7833 1.5700 -3.1000
v 2.7833 1.5900 -3.1000
v 2.7833 1.6100 -3.1000
v 2.7833 1.6300 -3.1000
v 3.5500 1.5700 -3.1000
v 3.5500 1.5900 -3.1000
v 3.5500 1.6100 -3.1000
v 3.5500 1.6300 -3.1000
v 3.5500 1.5700 -4.1000
v 3.5500 1.5900 -4.1000
v 3.5500 1.6100 -4.1000
v 3.5500 1.6300 -4.1000
v 2.7833 1.5700 -4.1000
v 2.7833 1.5900 -4.1000
v 2.7833 1.6100 -4.1000
v 2.7833 1.6300 -4.1000
v 2.0167 1.5700 -4.1000
v 2.0167 1.5900 -4.1000
v 2.0167 1.6100 -4.1000
v 2.0167 1.6300 -4.1000
v 1.2500 1.5700 -4.1000
v 1.2500 1.5900 -4.1000
v 1.2500 1.6100 -4.1000
v 1.2500 1.6300 -4.1000
v 1.2500 1.5700 -4.1000
v 1.2500 1.5900 -4.1000
v 1.2500 1.6100 -4.1000
v 1.2500 1.6300 -4.1000
v 1.2500 1.5700 -3.7667
v 1.2500 1.5900 -3.7667
v 1.2500 1.6100 -3.7667
v 1.2500 1.6300 -3.7667
v 1.2500 1.5700 -3.4333
v 1.2500 1.5900 -3.4333
v 1.2500 1.6100 -3.4333
v 1.2500 1.6300 -3.4333
v 1.2500 1.5700 -3.1000
v 1.2500 1.5900 -3.1000
v 1.2500 1.6100 -3.1000
v 1.2500 1.6300 -3.1000
v 3.5500 1.5700 -3.1000
v 3.5500 1.5900 -3.1000
v 3.5500 1.6100 -3.1000
v 3.5500 1.6300 -3.1000
v 3.5500 1.5700 -3.4333
v 3.5500 1.5900 -3.4333
v 3.5500 1.6100 -3.4333
v 3.5500 1.6300 -3.4333
v 3.5500 1.5700 -3.7667
v 3.5500 1.5900 -3.7667
v 3.5500 1.6100 -3.7667
v 3.5500 1.6300 -3.7667
v 3.5500 1.5700 -4.1000
v 3.5500 1.5900 -4.1000
v 3.5500 1.6100 -4.1000
v 3.5500 1.6300 -4.1000
v 1.2500 1.6300 -4.1000
v 1.2500 1.6300 -3.7667
v 1.2500 1.6300 -3.4333
v 1.2500 1.6300 -3.1000
v 2.0167 1.6300 -4.1000
v 2.0167 1.6300 -3.7667
v 2.0167 1.6300 -3.4333
v 2.0167 1.6300 -3.1000
v 2.7833 1.6300 -4.1000
v 2.7833 1.6300 -3.7667
v 2.7833 1.6300 -3.4333
v 2.7833 1.6300 -3.1000
v 3.5500 1.6300 -4.1000
v 3.5500 1.6300 -3.7667
v 3.5500 1.6300 -3.4333
v 3.5500 1.6300 -3.1000
v 1.2500 1.5700 -3.1000
v 1.2500 1.5700 -3.4333
v 1.2500 1.5700 -3.7667
v 1.2500 1.5700 -4.1000
v 2.0167 1.5700 -3.1000
v 2.0167 1.5700 -3.4333
v 2.0167 1.5700 -3.7667
v 2.0167 1.5700 -4.1000
v 2.7833 1.5700 -3.1000
v 2.7833 1.5700 -3.4333
v 2.7833 1.5700 -3.7667
v 2.7833 1.5700 -4.1000
v 3.5500 1.5700 -3.1000
v 3.5500 1.5700 -3.4333
v 3.5500 1.5700 -3.7667
v 3.5500 1.5700 -4.1000
f 8473 8474 8478
f 8473 8478 8477
f 8474 8475 8479
f 8474 8479 8478
f 8475 8476 8480
f 8475 8480 8479
f 8477 8478 8482
f 8477 8482 8481
f 8478 8479 8483
f 8478 8483 8482
f 8479 8480 8484
f 8479 8484 8483
f 8481 8482 8486
f 8481 8486 8485
f 8482 8483 8487
f 8482 8487 8486
f 8483 8484 8488
f 8483 8488 8487
f 8489 8490 8494
f 8489 8494 8493
f 8490 8491 8495
f 8490 8495 8494
f 8491 8492 8496
f 8491 8496 8495
f 8493 8494 8498
f 8493 8498 8497
f 8494 8495 8499
f 8494 8499 8498
f 8495 8496 8500
f 8495 8500 8499
f 8497 8498 8502
f 8497 8502 8501
f 8498 8499 8503
f 8498 8503 8502
f 8499 8500 8504
f 8499 8504 8503
f 8505 8506 8510
f 8505 8510 8509
f 8506 8507 8511
f 8506 8511 8510
f 8507 8508 8512
f 8507 8512 8511
f 8509 8510 8514
f 8509 8514 8513
f 8510 8511 8515
f 8510 8515 8514
f 8511 8512 8516
f 8511 8516 8515
f 8513 8514 8518
f 8513 8518 8517
f 8514 8515 8519
f 8514 8519 8518
f 8515 8516 8520
f 8515 8520 8519
f 8521 8522 8526
f 8521 8526 8525
f 8522 8523 8527
f 8522 8527 8526
f 8523 8524 8528
f 8523 8528 8527
f 8525 8526 8530
f 8525 8530 8529
f 8526 8527 8531
f 8526 8531 8530
f 8527 8528 8532
f 8527 8532 8531
f 8529 8530 8534
f 8529 8534 8533
f 8530 8531 8535
f 8530 8535 8534
f 8531 8532 8536
f 8531 8536 8535
f 8537 8538 8542
f 8537 8542 8541
f 8538 8539 8543
f 8538 8543 8542
f 8539 8540 8544
f 8539 8544 8543
f 8541 8542 8546
f 8541 8546 8545
f 8542 8543 8547
f 8542 8547 8546
f 8543 8544 8548
f 8543 8548 8547
f 8545 8546 8550
f 8545 8550 8549
f 8546 8547 8551
f 8546 8551 8550
f 8547 8548 8552
f 8547 8552 8551
f 8553 8554 8558
f 8553 8558 8557
f 8554 8555 8559
f 8554 8559 8558
f 8555 8556 8560
f 8555 8560 8559
f 8557 8558 8562
f 8557 8562 8561
f 8558 8559 8563
f 8558 8563 8562
f 8559 8560 8564
f 8559 8564 8563
f 8561 8562 8566
f 8561 8566 8565
f 8562 8563 8567
f 8562 8567 8566
f 8563 8564 8568
f 8563 8568 8567
g 선반 단_33
v 1.2500 1.5700 -0.7000
v 1.2500 1.5900 -0.7000
v 1.2500 1.6100 -0.7000
v 1.2500 1.6300 -0.7000
v 2.0167 1.5700 -0.7000
v 2.0167 1.5900 -0.7000
v 2.0167 1.6100 -0.7000
v 2.0167 1.6300 -0.7000
v 2.7833 1.5700 -0.7000
v 2.7833 1.5900 -0.7000
v 2.7833 1.6100 -0.7000
v 2.7833 1.6300 -0.7000
v 3.5500 1.5700 -0.7000
v 3.5500 1.5900 -0.7000
v 3.5500 1.6100 -0.7000
v 3.5500 1.6300 -0.7000
v 3.5500 1.5700 -1.7000
v 3.5500 1.5900 -1.7000
v 3.5500 1.6100 -1.7000
v 3.5500 1.6300 -1.7000
v 2.7833 1.5700 -1.7000
v 2.7833 1.5900 -1.7000
v 2.7833 1.6100 -1.7000
v 2.7833 1.6300 -1.7000
v 2.0167 1.5700 -1.7000
v 2.0167 1.5900 -1.7000
v 2.0167 1.6100 -1.7000
v 2.0167 1.6300 -1.7000
v 1.2500 1.5700 -1.7000
v 1.2500 1.5900 -1.7000
v 1.2500 1.6100 -1.7000
v 1.2500 1.6300 -1.7000
v 1.2500 1.5700 -1.7000
v 1.2500 1.5900 -1.7000
v 1.2500 1.6100 -1.7000
v 1.2500 1.6300 -1.7000
v 1.2500 1.5700 -1.3667
v 1.2500 1.5900 -1.3667
v 1.2500 1.6100 -1.3667
v 1.2500 1.6300 -1.3667
v 1.2500 1.5700 -1.0333
v 1.2500 1.5900 -1.0333
v 1.2500 1.6100 -1.0333
v 1.2500 1.6300 -1.0333
v 1.2500 1.5700 -0.7000
v 1.2500 1.5900 -0.7000
v 1.2500 1.6100 -0.7000
v 1.2500 1.6300 -0.7000
v 3.5500 1.5700 -0.7000
v 3.5500 1.5900 -0.7000
v 3.5500 1.6100 -0.7000
v 3.5500 1.6300 -0.7000
v 3.5500 1.5700 -1.0333
v 3.5500 1.5900 -1.0333
v 3.5500 1.6100 -1.0333
v 3.5500 1.6300 -1.0333
v 3.5500 1.5700 -1.3667
v 3.5500 1.5900 -1.3667
v 3.5500 1.6100 -1.3667
v 3.5500 1.6300 -1.3667
v 3.5500 1.5700 -1.7000
v 3.5500 1.5900 -1.7000
v 3.5500 1.6100 -1.7000
v 3.5500 1.6300 -1.7000
v 1.2500 1.6300 -1.7000
v 1.2500 1.6300 -1.3667
v 1.2500 1.6300 -1.0333
v 1.2500 1.6300 -0.7000
v 2.0167 1.6300 -1.7000
v 2.0167 1.6300 -1.3667
v 2.0167 1.6300 -1.0333
v 2.0167 1.6300 -0.7000
v 2.7833 1.6300 -1.7000
v 2.7833 1.6300 -1.3667
v 2.7833 1.6300 -1.0333
v 2.7833 1.6300 -0.7000
v 3.5500 1.6300 -1.7000
v 3.5500 1.6300 -1.3667
v 3.5500 1.6300 -1.0333
v 3.5500 1.6300 -0.7000
v 1.2500 1.5700 -0.7000
v 1.2500 1.5700 -1.0333
v 1.2500 1.5700 -1.3667
v 1.2500 1.5700 -1.7000
v 2.0167 1.5700 -0.7000
v 2.0167 1.5700 -1.0333
v 2.0167 1.5700 -1.3667
v 2.0167 1.5700 -1.7000
v 2.7833 1.5700 -0.7000
v 2.7833 1.5700 -1.0333
v 2.7833 1.5700 -1.3667
v 2.7833 1.5700 -1.7000
v 3.5500 1.5700 -0.7000
v 3.5500 1.5700 -1.0333
v 3.5500 1.5700 -1.3667
v 3.5500 1.5700 -1.7000
f 8569 8570 8574
f 8569 8574 8573
f 8570 8571 8575
f 8570 8575 8574
f 8571 8572 8576
f 8571 8576 8575
f 8573 8574 8578
f 8573 8578 8577
f 8574 8575 8579
f 8574 8579 8578
f 8575 8576 8580
f 8575 8580 8579
f 8577 8578 8582
f 8577 8582 8581
f 8578 8579 8583
f 8578 8583 8582
f 8579 8580 8584
f 8579 8584 8583
f 8585 8586 8590
f 8585 8590 8589
f 8586 8587 8591
f 8586 8591 8590
f 8587 8588 8592
f 8587 8592 8591
f 8589 8590 8594
f 8589 8594 8593
f 8590 8591 8595
f 8590 8595 8594
f 8591 8592 8596
f 8591 8596 8595
f 8593 8594 8598
f 8593 8598 8597
f 8594 8595 8599
f 8594 8599 8598
f 8595 8596 8600
f 8595 8600 8599
f 8601 8602 8606
f 8601 8606 8605
f 8602 8603 8607
f 8602 8607 8606
f 8603 8604 8608
f 8603 8608 8607
f 8605 8606 8610
f 8605 8610 8609
f 8606 8607 8611
f 8606 8611 8610
f 8607 8608 8612
f 8607 8612 8611
f 8609 8610 8614
f 8609 8614 8613
f 8610 8611 8615
f 8610 8615 8614
f 8611 8612 8616
f 8611 8616 8615
f 8617 8618 8622
f 8617 8622 8621
f 8618 8619 8623
f 8618 8623 8622
f 8619 8620 8624
f 8619 8624 8623
f 8621 8622 8626
f 8621 8626 8625
f 8622 8623 8627
f 8622 8627 8626
f 8623 8624 8628
f 8623 8628 8627
f 8625 8626 8630
f 8625 8630 8629
f 8626 8627 8631
f 8626 8631 8630
f 8627 8628 8632
f 8627 8632 8631
f 8633 8634 8638
f 8633 8638 8637
f 8634 8635 8639
f 8634 8639 8638
f 8635 8636 8640
f 8635 8640 8639
f 8637 8638 8642
f 8637 8642 8641
f 8638 8639 8643
f 8638 8643 8642
f 8639 8640 8644
f 8639 8644 8643
f 8641 8642 8646
f 8641 8646 8645
f 8642 8643 8647
f 8642 8647 8646
f 8643 8644 8648
f 8643 8648 8647
f 8649 8650 8654
f 8649 8654 8653
f 8650 8651 8655
f 8650 8655 8654
f 8651 8652 8656
f 8651 8656 8655
f 8653 8654 8658
f 8653 8658 8657
f 8654 8655 8659
f 8654 8659 8658
f 8655 8656 8660
f 8655 8660 8659
f 8657 8658 8662
f 8657 8662 8661
f 8658 8659 8663
f 8658 8663 8662
f 8659 8660 8664
f 8659 8664 8663
g 선반 단_34
v 1.2500 1.5700 1.7000
v 1.2500 1.5900 1.7000
v 1.2500 1.6100 1.7000
v 1.2500 1.6300 1.7000
v 2.0167 1.5700 1.7000
v 2.0167 1.5900 1.7000
v 2.0167 1.6100 1.7000
v 2.0167 1.6300 1.7000
v 2.7833 1.5700 1.7000
v 2.7833 1.5900 1.7000
v 2.7833 1.6100 1.7000
v 2.7833 1.6300 1.7000
v 3.5500 1.5700 1.7000
v 3.5500 1.5900 1.7000
v 3.5500 1.6100 1.7000
v 3.5500 1.6300 1.7000
v 3.5500 1.5700 0.7000
v 3.5500 1.5900 0.7000
v 3.5500 1.6100 0.7000
v 3.5500 1.6300 0.7000
v 2.7833 1.5700 0.7000
v 2.7833 1.5900 0.7000
v 2.7833 1.6100 0.7000
v 2.7833 1.6300 0.7000
v 2.0167 1.5700 0.7000
v 2.0167 1.5900 0.7000
v 2.0167 1.6100 0.7000
v 2.0167 1.6300 0.7000
v 1.2500 1.5700 0.7000
v 1.2500 1.5900 0.7000
v 1.2500 1.6100 0.7000
v 1.2500 1.6300 0.7000
v 1.2500 1.5700 0.7000
v 1.2500 1.5900 0.7000
v 1.2500 1.6100 0.7000
v 1.2500 1.6300 0.7000
v 1.2500 1.5700 1.0333
v 1.2500 1.5900 1.0333
v 1.2500 1.6100 1.0333
v 1.2500 1.6300 1.0333
v 1.2500 1.5700 1.3667
v 1.2500 1.5900 1.3667
v 1.2500 1.6100 1.3667
v 1.2500 1.6300 1.3667
v 1.2500 1.5700 1.7000
v 1.2500 1.5900 1.7000
v 1.2500 1.6100 1.7000
v 1.2500 1.6300 1.7000
v 3.5500 1.5700 1.7000
v 3.5500 1.5900 1.7000
v 3.5500 1.6100 1.7000
v 3.5500 1.6300 1.7000
v 3.5500 1.5700 1.3667
v 3.5500 1.5900 1.3667
v 3.5500 1.6100 1.3667
v 3.5500 1.6300 1.3667
v 3.5500 1.5700 1.0333
v 3.5500 1.5900 1.0333
v 3.5500 1.6100 1.0333
v 3.5500 1.6300 1.0333
v 3.5500 1.5700 0.7000
v 3.5500 1.5900 0.7000
v 3.5500 1.6100 0.7000
v 3.5500 1.6300 0.7000
v 1.2500 1.6300 0.7000
v 1.2500 1.6300 1.0333
v 1.2500 1.6300 1.3667
v 1.2500 1.6300 1.7000
v 2.0167 1.6300 0.7000
v 2.0167 1.6300 1.0333
v 2.0167 1.6300 1.3667
v 2.0167 1.6300 1.7000
v 2.7833 1.6300 0.7000
v 2.7833 1.6300 1.0333
v 2.7833 1.6300 1.3667
v 2.7833 1.6300 1.7000
v 3.5500 1.6300 0.7000
v 3.5500 1.6300 1.0333
v 3.5500 1.6300 1.3667
v 3.5500 1.6300 1.7000
v 1.2500 1.5700 1.7000
v 1.2500 1.5700 1.3667
v 1.2500 1.5700 1.0333
v 1.2500 1.5700 0.7000
v 2.0167 1.5700 1.7000
v 2.0167 1.5700 1.3667
v 2.0167 1.5700 1.0333
v 2.0167 1.5700 0.7000
v 2.7833 1.5700 1.7000
v 2.7833 1.5700 1.3667
v 2.7833 1.5700 1.0333
v 2.7833 1.5700 0.7000
v 3.5500 1.5700 1.7000
v 3.5500 1.5700 1.3667
v 3.5500 1.5700 1.0333
v 3.5500 1.5700 0.7000
f 8665 8666 8670
f 8665 8670 8669
f 8666 8667 8671
f 8666 8671 8670
f 8667 8668 8672
f 8667 8672 8671
f 8669 8670 8674
f 8669 8674 8673
f 8670 8671 8675
f 8670 8675 8674
f 8671 8672 8676
f 8671 8676 8675
f 8673 8674 8678
f 8673 8678 8677
f 8674 8675 8679
f 8674 8679 8678
f 8675 8676 8680
f 8675 8680 8679
f 8681 8682 8686
f 8681 8686 8685
f 8682 8683 8687
f 8682 8687 8686
f 8683 8684 8688
f 8683 8688 8687
f 8685 8686 8690
f 8685 8690 8689
f 8686 8687 8691
f 8686 8691 8690
f 8687 8688 8692
f 8687 8692 8691
f 8689 8690 8694
f 8689 8694 8693
f 8690 8691 8695
f 8690 8695 8694
f 8691 8692 8696
f 8691 8696 8695
f 8697 8698 8702
f 8697 8702 8701
f 8698 8699 8703
f 8698 8703 8702
f 8699 8700 8704
f 8699 8704 8703
f 8701 8702 8706
f 8701 8706 8705
f 8702 8703 8707
f 8702 8707 8706
f 8703 8704 8708
f 8703 8708 8707
f 8705 8706 8710
f 8705 8710 8709
f 8706 8707 8711
f 8706 8711 8710
f 8707 8708 8712
f 8707 8712 8711
f 8713 8714 8718
f 8713 8718 8717
f 8714 8715 8719
f 8714 8719 8718
f 8715 8716 8720
f 8715 8720 8719
f 8717 8718 8722
f 8717 8722 8721
f 8718 8719 8723
f 8718 8723 8722
f 8719 8720 8724
f 8719 8724 8723
f 8721 8722 8726
f 8721 8726 8725
f 8722 8723 8727
f 8722 8727 8726
f 8723 8724 8728
f 8723 8728 8727
f 8729 8730 8734
f 8729 8734 8733
f 8730 8731 8735
f 8730 8735 8734
f 8731 8732 8736
f 8731 8736 8735
f 8733 8734 8738
f 8733 8738 8737
f 8734 8735 8739
f 8734 8739 8738
f 8735 8736 8740
f 8735 8740 8739
f 8737 8738 8742
f 8737 8742 8741
f 8738 8739 8743
f 8738 8743 8742
f 8739 8740 8744
f 8739 8744 8743
f 8745 8746 8750
f 8745 8750 8749
f 8746 8747 8751
f 8746 8751 8750
f 8747 8748 8752
f 8747 8752 8751
f 8749 8750 8754
f 8749 8754 8753
f 8750 8751 8755
f 8750 8755 8754
f 8751 8752 8756
f 8751 8756 8755
f 8753 8754 8758
f 8753 8758 8757
f 8754 8755 8759
f 8754 8759 8758
f 8755 8756 8760
f 8755 8760 8759
g 선반 단_35
v 1.2500 1.5700 4.1000
v 1.2500 1.5900 4.1000
v 1.2500 1.6100 4.1000
v 1.2500 1.6300 4.1000
v 2.0167 1.5700 4.1000
v 2.0167 1.5900 4.1000
v 2.0167 1.6100 4.1000
v 2.0167 1.6300 4.1000
v 2.7833 1.5700 4.1000
v 2.7833 1.5900 4.1000
v 2.7833 1.6100 4.1000
v 2.7833 1.6300 4.1000
v 3.5500 1.5700 4.1000
v 3.5500 1.5900 4.1000
v 3.5500 1.6100 4.1000
v 3.5500 1.6300 4.1000
v 3.5500 1.5700 3.1000
v 3.5500 1.5900 3.1000
v 3.5500 1.6100 3.1000
v 3.5500 1.6300 3.1000
v 2.7833 1.5700 3.1000
v 2.7833 1.5900 3.1000
v 2.7833 1.6100 3.1000
v 2.7833 1.6300 3.1000
v 2.0167 1.5700 3.1000
v 2.0167 1.5900 3.1000
v 2.0167 1.6100 3.1000
v 2.0167 1.6300 3.1000
v 1.2500 1.5700 3.1000
v 1.2500 1.5900 3.1000
v 1.2500 1.6100 3.1000
v 1.2500 1.6300 3.1000
v 1.2500 1.5700 3.1000
v 1.2500 1.5900 3.1000
v 1.2500 1.6100 3.1000
v 1.2500 1.6300 3.1000
v 1.2500 1.5700 3.4333
v 1.2500 1.5900 3.4333
v 1.2500 1.6100 3.4333
v 1.2500 1.6300 3.4333
v 1.2500 1.5700 3.7667
v 1.2500 1.5900 3.7667
v 1.2500 1.6100 3.7667
v 1.2500 1.6300 3.7667
v 1.2500 1.5700 4.1000
v 1.2500 1.5900 4.1000
v 1.2500 1.6100 4.1000
v 1.2500 1.6300 4.1000
v 3.5500 1.5700 4.1000
v 3.5500 1.5900 4.1000
v 3.5500 1.6100 4.1000
v 3.5500 1.6300 4.1000
v 3.5500 1.5700 3.7667
v 3.5500 1.5900 3.7667
v 3.5500 1.6100 3.7667
v 3.5500 1.6300 3.7667
v 3.5500 1.5700 3.4333
v 3.5500 1.5900 3.4333
v 3.5500 1.6100 3.4333
v 3.5500 1.6300 3.4333
v 3.5500 1.5700 3.1000
v 3.5500 1.5900 3.1000
v 3.5500 1.6100 3.1000
v 3.5500 1.6300 3.1000
v 1.2500 1.6300 3.1000
v 1.2500 1.6300 3.4333
v 1.2500 1.6300 3.7667
v 1.2500 1.6300 4.1000
v 2.0167 1.6300 3.1000
v 2.0167 1.6300 3.4333
v 2.0167 1.6300 3.7667
v 2.0167 1.6300 4.1000
v 2.7833 1.6300 3.1000
v 2.7833 1.6300 3.4333
v 2.7833 1.6300 3.7667
v 2.7833 1.6300 4.1000
v 3.5500 1.6300 3.1000
v 3.5500 1.6300 3.4333
v 3.5500 1.6300 3.7667
v 3.5500 1.6300 4.1000
v 1.2500 1.5700 4.1000
v 1.2500 1.5700 3.7667
v 1.2500 1.5700 3.4333
v 1.2500 1.5700 3.1000
v 2.0167 1.5700 4.1000
v 2.0167 1.5700 3.7667
v 2.0167 1.5700 3.4333
v 2.0167 1.5700 3.1000
v 2.7833 1.5700 4.1000
v 2.7833 1.5700 3.7667
v 2.7833 1.5700 3.4333
v 2.7833 1.5700 3.1000
v 3.5500 1.5700 4.1000
v 3.5500 1.5700 3.7667
v 3.5500 1.5700 3.4333
v 3.5500 1.5700 3.1000
f 8761 8762 8766
f 8761 8766 8765
f 8762 8763 8767
f 8762 8767 8766
f 8763 8764 8768
f 8763 8768 8767
f 8765 8766 8770
f 8765 8770 8769
f 8766 8767 8771
f 8766 8771 8770
f 8767 8768 8772
f 8767 8772 8771
f 8769 8770 8774
f 8769 8774 8773
f 8770 8771 8775
f 8770 8775 8774
f 8771 8772 8776
f 8771 8776 8775
f 8777 8778 8782
f 8777 8782 8781
f 8778 8779 8783
f 8778 8783 8782
f 8779 8780 8784
f 8779 8784 8783
f 8781 8782 8786
f 8781 8786 8785
f 8782 8783 8787
f 8782 8787 8786
f 8783 8784 8788
f 8783 8788 8787
f 8785 8786 8790
f 8785 8790 8789
f 8786 8787 8791
f 8786 8791 8790
f 8787 8788 8792
f 8787 8792 8791
f 8793 8794 8798
f 8793 8798 8797
f 8794 8795 8799
f 8794 8799 8798
f 8795 8796 8800
f 8795 8800 8799
f 8797 8798 8802
f 8797 8802 8801
f 8798 8799 8803
f 8798 8803 8802
f 8799 8800 8804
f 8799 8804 8803
f 8801 8802 8806
f 8801 8806 8805
f 8802 8803 8807
f 8802 8807 8806
f 8803 8804 8808
f 8803 8808 8807
f 8809 8810 8814
f 8809 8814 8813
f 8810 8811 8815
f 8810 8815 8814
f 8811 8812 8816
f 8811 8816 8815
f 8813 8814 8818
f 8813 8818 8817
f 8814 8815 8819
f 8814 8819 8818
f 8815 8816 8820
f 8815 8820 8819
f 8817 8818 8822
f 8817 8822 8821
f 8818 8819 8823
f 8818 8823 8822
f 8819 8820 8824
f 8819 8824 8823
f 8825 8826 8830
f 8825 8830 8829
f 8826 8827 8831
f 8826 8831 8830
f 8827 8828 8832
f 8827 8832 8831
f 8829 8830 8834
f 8829 8834 8833
f 8830 8831 8835
f 8830 8835 8834
f 8831 8832 8836
f 8831 8836 8835
f 8833 8834 8838
f 8833 8838 8837
f 8834 8835 8839
f 8834 8839 8838
f 8835 8836 8840
f 8835 8840 8839
f 8841 8842 8846
f 8841 8846 8845
f 8842 8843 8847
f 8842 8847 8846
f 8843 8844 8848
f 8843 8848 8847
f 8845 8846 8850
f 8845 8850 8849
f 8846 8847 8851
f 8846 8851 8850
f 8847 8848 8852
f 8847 8852 8851
f 8849 8850 8854
f 8849 8854 8853
f 8850 8851 8855
f 8850 8855 8854
f 8851 8852 8856
f 8851 8856 8855
g 선반 단_36
v 3.6500 1.5700 -3.1000
v 3.6500 1.5900 -3.1000
v 3.6500 1.6100 -3.1000
v 3.6500 1.6300 -3.1000
v 4.4167 1.5700 -3.1000
v 4.4167 1.5900 -3.1000
v 4.4167 1.6100 -3.1000
v 4.4167 1.6300 -3.1000
v 5.1833 1.5700 -3.1000
v 5.1833 1.5900 -3.1000
v 5.1833 1.6100 -3.1000
v 5.1833 1.6300 -3.1000
v 5.9500 1.5700 -3.1000
v 5.9500 1.5900 -3.1000
v 5.9500 1.6100 -3.1000
v 5.9500 1.6300 -3.1000
v 5.9500 1.5700 -4.1000
v 5.9500 1.5900 -4.1000
v 5.9500 1.6100 -4.1000
v 5.9500 1.6300 -4.1000
v 5.1833 1.5700 -4.1000
v 5.1833 1.5900 -4.1000
v 5.1833 1.6100 -4.1000
v 5.1833 1.6300 -4.1000
v 4.4167 1.5700 -4.1000
v 4.4167 1.5900 -4.1000
v 4.4167 1.6100 -4.1000
v 4.4167 1.6300 -4.1000
v 3.6500 1.5700 -4.1000
v 3.6500 1.5900 -4.1000
v 3.6500 1.6100 -4.1000
v 3.6500 1.6300 -4.1000
v 3.6500 1.5700 -4.1000
v 3.6500 1.5900 -4.1000
v 3.6500 1.6100 -4.1000
v 3.6500 1.6300 -4.1000
v 3.6500 1.5700 -3.7667
v 3.6500 1.5900 -3.7667
v 3.6500 1.6100 -3.7667
v 3.6500 1.6300 -3.7667
v 3.6500 1.5700 -3.4333
v 3.6500 1.5900 -3.4333
v 3.6500 1.6100 -3.4333
v 3.6500 1.6300 -3.4333
v 3.6500 1.5700 -3.1000
v 3.6500 1.5900 -3.1000
v 3.6500 1.6100 -3.1000
v 3.6500 1.6300 -3.1000
v 5.9500 1.5700 -3.1000
v 5.9500 1.5900 -3.1000
v 5.9500 1.6100 -3.1000
v 5.9500 1.6300 -3.1000
v 5.9500 1.5700 -3.4333
v 5.9500 1.5900 -3.4333
v 5.9500 1.6100 -3.4333
v 5.9500 1.6300 -3.4333
v 5.9500 1.5700 -3.7667
v 5.9500 1.5900 -3.7667
v 5.9500 1.6100 -3.7667
v 5.9500 1.6300 -3.7667
v 5.9500 1.5700 -4.1000
v 5.9500 1.5900 -4.1000
v 5.9500 1.6100 -4.1000
v 5.9500 1.6300 -4.1000
v 3.6500 1.6300 -4.1000
v 3.6500 1.6300 -3.7667
v 3.6500 1.6300 -3.4333
v 3.6500 1.6300 -3.1000
v 4.4167 1.6300 -4.1000
v 4.4167 1.6300 -3.7667
v 4.4167 1.6300 -3.4333
v 4.4167 1.6300 -3.1000
v 5.1833 1.6300 -4.1000
v 5.1833 1.6300 -3.7667
v 5.1833 1.6300 -3.4333
v 5.1833 1.6300 -3.1000
v 5.9500 1.6300 -4.1000
v 5.9500 1.6300 -3.7667
v 5.9500 1.6300 -3.4333
v 5.9500 1.6300 -3.1000
v 3.6500 1.5700 -3.1000
v 3.6500 1.5700 -3.4333
v 3.6500 1.5700 -3.7667
v 3.6500 1.5700 -4.1000
v 4.4167 1.5700 -3.1000
v 4.4167 1.5700 -3.4333
v 4.4167 1.5700 -3.7667
v 4.4167 1.5700 -4.1000
v 5.1833 1.5700 -3.1000
v 5.1833 1.5700 -3.4333
v 5.1833 1.5700 -3.7667
v 5.1833 1.5700 -4.1000
v 5.9500 1.5700 -3.1000
v 5.9500 1.5700 -3.4333
v 5.9500 1.5700 -3.7667
v 5.9500 1.5700 -4.1000
f 8857 8858 8862
f 8857 8862 8861
f 8858 8859 8863
f 8858 8863 8862
f 8859 8860 8864
f 8859 8864 8863
f 8861 8862 8866
f 8861 8866 8865
f 8862 8863 8867
f 8862 8867 8866
f 8863 8864 8868
f 8863 8868 8867
f 8865 8866 8870
f 8865 8870 8869
f 8866 8867 8871
f 8866 8871 8870
f 8867 8868 8872
f 8867 8872 8871
f 8873 8874 8878
f 8873 8878 8877
f 8874 8875 8879
f 8874 8879 8878
f 8875 8876 8880
f 8875 8880 8879
f 8877 8878 8882
f 8877 8882 8881
f 8878 8879 8883
f 8878 8883 8882
f 8879 8880 8884
f 8879 8884 8883
f 8881 8882 8886
f 8881 8886 8885
f 8882 8883 8887
f 8882 8887 8886
f 8883 8884 8888
f 8883 8888 8887
f 8889 8890 8894
f 8889 8894 8893
f 8890 8891 8895
f 8890 8895 8894
f 8891 8892 8896
f 8891 8896 8895
f 8893 8894 8898
f 8893 8898 8897
f 8894 8895 8899
f 8894 8899 8898
f 8895 8896 8900
f 8895 8900 8899
f 8897 8898 8902
f 8897 8902 8901
f 8898 8899 8903
f 8898 8903 8902
f 8899 8900 8904
f 8899 8904 8903
f 8905 8906 8910
f 8905 8910 8909
f 8906 8907 8911
f 8906 8911 8910
f 8907 8908 8912
f 8907 8912 8911
f 8909 8910 8914
f 8909 8914 8913
f 8910 8911 8915
f 8910 8915 8914
f 8911 8912 8916
f 8911 8916 8915
f 8913 8914 8918
f 8913 8918 8917
f 8914 8915 8919
f 8914 8919 8918
f 8915 8916 8920
f 8915 8920 8919
f 8921 8922 8926
f 8921 8926 8925
f 8922 8923 8927
f 8922 8927 8926
f 8923 8924 8928
f 8923 8928 8927
f 8925 8926 8930
f 8925 8930 8929
f 8926 8927 8931
f 8926 8931 8930
f 8927 8928 8932
f 8927 8932 8931
f 8929 8930 8934
f 8929 8934 8933
f 8930 8931 8935
f 8930 8935 8934
f 8931 8932 8936
f 8931 8936 8935
f 8937 8938 8942
f 8937 8942 8941
f 8938 8939 8943
f 8938 8943 8942
f 8939 8940 8944
f 8939 8944 8943
f 8941 8942 8946
f 8941 8946 8945
f 8942 8943 8947
f 8942 8947 8946
f 8943 8944 8948
f 8943 8948 8947
f 8945 8946 8950
f 8945 8950 8949
f 8946 8947 8951
f 8946 8951 8950
f 8947 8948 8952
f 8947 8952 8951
g 선반 단_37
v 3.6500 1.5700 -0.7000
v 3.6500 1.5900 -0.7000
v 3.6500 1.6100 -0.7000
v 3.6500 1.6300 -0.7000
v 4.4167 1.5700 -0.7000
v 4.4167 1.5900 -0.7000
v 4.4167 1.6100 -0.7000
v 4.4167 1.6300 -0.7000
v 5.1833 1.5700 -0.7000
v 5.1833 1.5900 -0.7000
v 5.1833 1.6100 -0.7000
v 5.1833 1.6300 -0.7000
v 5.9500 1.5700 -0.7000
v 5.9500 1.5900 -0.7000
v 5.9500 1.6100 -0.7000
v 5.9500 1.6300 -0.7000
v 5.9500 1.5700 -1.7000
v 5.9500 1.5900 -1.7000
v 5.9500 1.6100 -1.7000
v 5.9500 1.6300 -1.7000
v 5.1833 1.5700 -1.7000
v 5.1833 1.5900 -1.7000
v 5.1833 1.6100 -1.7000
v 5.1833 1.6300 -1.7000
v 4.4167 1.5700 -1.7000
v 4.4167 1.5900 -1.7000
v 4.4167 1.6100 -1.7000
v 4.4167 1.6300 -1.7000
v 3.6500 1.5700 -1.7000
v 3.6500 1.5900 -1.7000
v 3.6500 1.6100 -1.7000
v 3.6500 1.6300 -1.7000
v 3.6500 1.5700 -1.7000
v 3.6500 1.5900 -1.7000
v 3.6500 1.6100 -1.7000
v 3.6500 1.6300 -1.7000
v 3.6500 1.5700 -1.3667
v 3.6500 1.5900 -1.3667
v 3.6500 1.6100 -1.3667
v 3.6500 1.6300 -1.3667
v 3.6500 1.5700 -1.0333
v 3.6500 1.5900 -1.0333
v 3.6500 1.6100 -1.0333
v 3.6500 1.6300 -1.0333
v 3.6500 1.5700 -0.7000
v 3.6500 1.5900 -0.7000
v 3.6500 1.6100 -0.7000
v 3.6500 1.6300 -0.7000
v 5.9500 1.5700 -0.7000
v 5.9500 1.5900 -0.7000
v 5.9500 1.6100 -0.7000
v 5.9500 1.6300 -0.7000
v 5.9500 1.5700 -1.0333
v 5.9500 1.5900 -1.0333
v 5.9500 1.6100 -1.0333
v 5.9500 1.6300 -1.0333
v 5.9500 1.5700 -1.3667
v 5.9500 1.5900 -1.3667
v 5.9500 1.6100 -1.3667
v 5.9500 1.6300 -1.3667
v 5.9500 1.5700 -1.7000
v 5.9500 1.5900 -1.7000
v 5.9500 1.6100 -1.7000
v 5.9500 1.6300 -1.7000
v 3.6500 1.6300 -1.7000
v 3.6500 1.6300 -1.3667
v 3.6500 1.6300 -1.0333
v 3.6500 1.6300 -0.7000
v 4.4167 1.6300 -1.7000
v 4.4167 1.6300 -1.3667
v 4.4167 1.6300 -1.0333
v 4.4167 1.6300 -0.7000
v 5.1833 1.6300 -1.7000
v 5.1833 1.6300 -1.3667
v 5.1833 1.6300 -1.0333
v 5.1833 1.6300 -0.7000
v 5.9500 1.6300 -1.7000
v 5.9500 1.6300 -1.3667
v 5.9500 1.6300 -1.0333
v 5.9500 1.6300 -0.7000
v 3.6500 1.5700 -0.7000
v 3.6500 1.5700 -1.0333
v 3.6500 1.5700 -1.3667
v 3.6500 1.5700 -1.7000
v 4.4167 1.5700 -0.7000
v 4.4167 1.5700 -1.0333
v 4.4167 1.5700 -1.3667
v 4.4167 1.5700 -1.7000
v 5.1833 1.5700 -0.7000
v 5.1833 1.5700 -1.0333
v 5.1833 1.5700 -1.3667
v 5.1833 1.5700 -1.7000
v 5.9500 1.5700 -0.7000
v 5.9500 1.5700 -1.0333
v 5.9500 1.5700 -1.3667
v 5.9500 1.5700 -1.7000
f 8953 8954 8958
f 8953 8958 8957
f 8954 8955 8959
f 8954 8959 8958
f 8955 8956 8960
f 8955 8960 8959
f 8957 8958 8962
f 8957 8962 8961
f 8958 8959 8963
f 8958 8963 8962
f 8959 8960 8964
f 8959 8964 8963
f 8961 8962 8966
f 8961 8966 8965
f 8962 8963 8967
f 8962 8967 8966
f 8963 8964 8968
f 8963 8968 8967
f 8969 8970 8974
f 8969 8974 8973
f 8970 8971 8975
f 8970 8975 8974
f 8971 8972 8976
f 8971 8976 8975
f 8973 8974 8978
f 8973 8978 8977
f 8974 8975 8979
f 8974 8979 8978
f 8975 8976 8980
f 8975 8980 8979
f 8977 8978 8982
f 8977 8982 8981
f 8978 8979 8983
f 8978 8983 8982
f 8979 8980 8984
f 8979 8984 8983
f 8985 8986 8990
f 8985 8990 8989
f 8986 8987 8991
f 8986 8991 8990
f 8987 8988 8992
f 8987 8992 8991
f 8989 8990 8994
f 8989 8994 8993
f 8990 8991 8995
f 8990 8995 8994
f 8991 8992 8996
f 8991 8996 8995
f 8993 8994 8998
f 8993 8998 8997
f 8994 8995 8999
f 8994 8999 8998
f 8995 8996 9000
f 8995 9000 8999
f 9001 9002 9006
f 9001 9006 9005
f 9002 9003 9007
f 9002 9007 9006
f 9003 9004 9008
f 9003 9008 9007
f 9005 9006 9010
f 9005 9010 9009
f 9006 9007 9011
f 9006 9011 9010
f 9007 9008 9012
f 9007 9012 9011
f 9009 9010 9014
f 9009 9014 9013
f 9010 9011 9015
f 9010 9015 9014
f 9011 9012 9016
f 9011 9016 9015
f 9017 9018 9022
f 9017 9022 9021
f 9018 9019 9023
f 9018 9023 9022
f 9019 9020 9024
f 9019 9024 9023
f 9021 9022 9026
f 9021 9026 9025
f 9022 9023 9027
f 9022 9027 9026
f 9023 9024 9028
f 9023 9028 9027
f 9025 9026 9030
f 9025 9030 9029
f 9026 9027 9031
f 9026 9031 9030
f 9027 9028 9032
f 9027 9032 9031
f 9033 9034 9038
f 9033 9038 9037
f 9034 9035 9039
f 9034 9039 9038
f 9035 9036 9040
f 9035 9040 9039
f 9037 9038 9042
f 9037 9042 9041
f 9038 9039 9043
f 9038 9043 9042
f 9039 9040 9044
f 9039 9044 9043
f 9041 9042 9046
f 9041 9046 9045
f 9042 9043 9047
f 9042 9047 9046
f 9043 9044 9048
f 9043 9048 9047
g 선반 단_38
v 3.6500 1.5700 1.7000
v 3.6500 1.5900 1.7000
v 3.6500 1.6100 1.7000
v 3.6500 1.6300 1.7000
v 4.4167 1.5700 1.7000
v 4.4167 1.5900 1.7000
v 4.4167 1.6100 1.7000
v 4.4167 1.6300 1.7000
v 5.1833 1.5700 1.7000
v 5.1833 1.5900 1.7000
v 5.1833 1.6100 1.7000
v 5.1833 1.6300 1.7000
v 5.9500 1.5700 1.7000
v 5.9500 1.5900 1.7000
v 5.9500 1.6100 1.7000
v 5.9500 1.6300 1.7000
v 5.9500 1.5700 0.7000
v 5.9500 1.5900 0.7000
v 5.9500 1.6100 0.7000
v 5.9500 1.6300 0.7000
v 5.1833 1.5700 0.7000
v 5.1833 1.5900 0.7000
v 5.1833 1.6100 0.7000
v 5.1833 1.6300 0.7000
v 4.4167 1.5700 0.7000
v 4.4167 1.5900 0.7000
v 4.4167 1.6100 0.7000
v 4.4167 1.6300 0.7000
v 3.6500 1.5700 0.7000
v 3.6500 1.5900 0.7000
v 3.6500 1.6100 0.7000
v 3.6500 1.6300 0.7000
v 3.6500 1.5700 0.7000
v 3.6500 1.5900 0.7000
v 3.6500 1.6100 0.7000
v 3.6500 1.6300 0.7000
v 3.6500 1.5700 1.0333
v 3.6500 1.5900 1.0333
v 3.6500 1.6100 1.0333
v 3.6500 1.6300 1.0333
v 3.6500 1.5700 1.3667
v 3.6500 1.5900 1.3667
v 3.6500 1.6100 1.3667
v 3.6500 1.6300 1.3667
v 3.6500 1.5700 1.7000
v 3.6500 1.5900 1.7000
v 3.6500 1.6100 1.7000
v 3.6500 1.6300 1.7000
v 5.9500 1.5700 1.7000
v 5.9500 1.5900 1.7000
v 5.9500 1.6100 1.7000
v 5.9500 1.6300 1.7000
v 5.9500 1.5700 1.3667
v 5.9500 1.5900 1.3667
v 5.9500 1.6100 1.3667
v 5.9500 1.6300 1.3667
v 5.9500 1.5700 1.0333
v 5.9500 1.5900 1.0333
v 5.9500 1.6100 1.0333
v 5.9500 1.6300 1.0333
v 5.9500 1.5700 0.7000
v 5.9500 1.5900 0.7000
v 5.9500 1.6100 0.7000
v 5.9500 1.6300 0.7000
v 3.6500 1.6300 0.7000
v 3.6500 1.6300 1.0333
v 3.6500 1.6300 1.3667
v 3.6500 1.6300 1.7000
v 4.4167 1.6300 0.7000
v 4.4167 1.6300 1.0333
v 4.4167 1.6300 1.3667
v 4.4167 1.6300 1.7000
v 5.1833 1.6300 0.7000
v 5.1833 1.6300 1.0333
v 5.1833 1.6300 1.3667
v 5.1833 1.6300 1.7000
v 5.9500 1.6300 0.7000
v 5.9500 1.6300 1.0333
v 5.9500 1.6300 1.3667
v 5.9500 1.6300 1.7000
v 3.6500 1.5700 1.7000
v 3.6500 1.5700 1.3667
v 3.6500 1.5700 1.0333
v 3.6500 1.5700 0.7000
v 4.4167 1.5700 1.7000
v 4.4167 1.5700 1.3667
v 4.4167 1.5700 1.0333
v 4.4167 1.5700 0.7000
v 5.1833 1.5700 1.7000
v 5.1833 1.5700 1.3667
v 5.1833 1.5700 1.0333
v 5.1833 1.5700 0.7000
v 5.9500 1.5700 1.7000
v 5.9500 1.5700 1.3667
v 5.9500 1.5700 1.0333
v 5.9500 1.5700 0.7000
f 9049 9050 9054
f 9049 9054 9053
f 9050 9051 9055
f 9050 9055 9054
f 9051 9052 9056
f 9051 9056 9055
f 9053 9054 9058
f 9053 9058 9057
f 9054 9055 9059
f 9054 9059 9058
f 9055 9056 9060
f 9055 9060 9059
f 9057 9058 9062
f 9057 9062 9061
f 9058 9059 9063
f 9058 9063 9062
f 9059 9060 9064
f 9059 9064 9063
f 9065 9066 9070
f 9065 9070 9069
f 9066 9067 9071
f 9066 9071 9070
f 9067 9068 9072
f 9067 9072 9071
f 9069 9070 9074
f 9069 9074 9073
f 9070 9071 9075
f 9070 9075 9074
f 9071 9072 9076
f 9071 9076 9075
f 9073 9074 9078
f 9073 9078 9077
f 9074 9075 9079
f 9074 9079 9078
f 9075 9076 9080
f 9075 9080 9079
f 9081 9082 9086
f 9081 9086 9085
f 9082 9083 9087
f 9082 9087 9086
f 9083 9084 9088
f 9083 9088 9087
f 9085 9086 9090
f 9085 9090 9089
f 9086 9087 9091
f 9086 9091 9090
f 9087 9088 9092
f 9087 9092 9091
f 9089 9090 9094
f 9089 9094 9093
f 9090 9091 9095
f 9090 9095 9094
f 9091 9092 9096
f 9091 9096 9095
f 9097 9098 9102
f 9097 9102 9101
f 9098 9099 9103
f 9098 9103 9102
f 9099 9100 9104
f 9099 9104 9103
f 9101 9102 9106
f 9101 9106 9105
f 9102 9103 9107
f 9102 9107 9106
f 9103 9104 9108
f 9103 9108 9107
f 9105 9106 9110
f 9105 9110 9109
f 9106 9107 9111
f 9106 9111 9110
f 9107 9108 9112
f 9107 9112 9111
f 9113 9114 9118
f 9113 9118 9117
f 9114 9115 9119
f 9114 9119 9118
f 9115 9116 9120
f 9115 9120 9119
f 9117 9118 9122
f 9117 9122 9121
f 9118 9119 9123
f 9118 9123 9122
f 9119 9120 9124
f 9119 9124 9123
f 9121 9122 9126
f 9121 9126 9125
f 9122 9123 9127
f 9122 9127 9126
f 9123 9124 9128
f 9123 9128 9127
f 9129 9130 9134
f 9129 9134 9133
f 9130 9131 9135
f 9130 9135 9134
f 9131 9132 9136
f 9131 9136 9135
f 9133 9134 9138
f 9133 9138 9137
f 9134 9135 9139
f 9134 9139 9138
f 9135 9136 9140
f 9135 9140 9139
f 9137 9138 9142
f 9137 9142 9141
f 9138 9139 9143
f 9138 9143 9142
f 9139 9140 9144
f 9139 9144 9143
g 선반 단_39
v 3.6500 1.5700 4.1000
v 3.6500 1.5900 4.1000
v 3.6500 1.6100 4.1000
v 3.6500 1.6300 4.1000
v 4.4167 1.5700 4.1000
v 4.4167 1.5900 4.1000
v 4.4167 1.6100 4.1000
v 4.4167 1.6300 4.1000
v 5.1833 1.5700 4.1000
v 5.1833 1.5900 4.1000
v 5.1833 1.6100 4.1000
v 5.1833 1.6300 4.1000
v 5.9500 1.5700 4.1000
v 5.9500 1.5900 4.1000
v 5.9500 1.6100 4.1000
v 5.9500 1.6300 4.1000
v 5.9500 1.5700 3.1000
v 5.9500 1.5900 3.1000
v 5.9500 1.6100 3.1000
v 5.9500 1.6300 3.1000
v 5.1833 1.5700 3.1000
v 5.1833 1.5900 3.1000
v 5.1833 1.6100 3.1000
v 5.1833 1.6300 3.1000
v 4.4167 1.5700 3.1000
v 4.4167 1.5900 3.1000
v 4.4167 1.6100 3.1000
v 4.4167 1.6300 3.1000
v 3.6500 1.5700 3.1000
v 3.6500 1.5900 3.1000
v 3.6500 1.6100 3.1000
v 3.6500 1.6300 3.1000
v 3.6500 1.5700 3.1000
v 3.6500 1.5900 3.1000
v 3.6500 1.6100 3.1000
v 3.6500 1.6300 3.1000
v 3.6500 1.5700 3.4333
v 3.6500 1.5900 3.4333
v 3.6500 1.6100 3.4333
v 3.6500 1.6300 3.4333
v 3.6500 1.5700 3.7667
v 3.6500 1.5900 3.7667
v 3.6500 1.6100 3.7667
v 3.6500 1.6300 3.7667
v 3.6500 1.5700 4.1000
v 3.6500 1.5900 4.1000
v 3.6500 1.6100 4.1000
v 3.6500 1.6300 4.1000
v 5.9500 1.5700 4.1000
v 5.9500 1.5900 4.1000
v 5.9500 1.6100 4.1000
v 5.9500 1.6300 4.1000
v 5.9500 1.5700 3.7667
v 5.9500 1.5900 3.7667
v 5.9500 1.6100 3.7667
v 5.9500 1.6300 3.7667
v 5.9500 1.5700 3.4333
v 5.9500 1.5900 3.4333
v 5.9500 1.6100 3.4333
v 5.9500 1.6300 3.4333
v 5.9500 1.5700 3.1000
v 5.9500 1.5900 3.1000
v 5.9500 1.6100 3.1000
v 5.9500 1.6300 3.1000
v 3.6500 1.6300 3.1000
v 3.6500 1.6300 3.4333
v 3.6500 1.6300 3.7667
v 3.6500 1.6300 4.1000
v 4.4167 1.6300 3.1000
v 4.4167 1.6300 3.4333
v 4.4167 1.6300 3.7667
v 4.4167 1.6300 4.1000
v 5.1833 1.6300 3.1000
v 5.1833 1.6300 3.4333
v 5.1833 1.6300 3.7667
v 5.1833 1.6300 4.1000
v 5.9500 1.6300 3.1000
v 5.9500 1.6300 3.4333
v 5.9500 1.6300 3.7667
v 5.9500 1.6300 4.1000
v 3.6500 1.5700 4.1000
v 3.6500 1.5700 3.7667
v 3.6500 1.5700 3.4333
v 3.6500 1.5700 3.1000
v 4.4167 1.5700 4.1000
v 4.4167 1.5700 3.7667
v 4.4167 1.5700 3.4333
v 4.4167 1.5700 3.1000
v 5.1833 1.5700 4.1000
v 5.1833 1.5700 3.7667
v 5.1833 1.5700 3.4333
v 5.1833 1.5700 3.1000
v 5.9500 1.5700 4.1000
v 5.9500 1.5700 3.7667
v 5.9500 1.5700 3.4333
v 5.9500 1.5700 3.1000
f 9145 9146 9150
f 9145 9150 9149
f 9146 9147 9151
f 9146 9151 9150
f 9147 9148 9152
f 9147 9152 9151
f 9149 9150 9154
f 9149 9154 9153
f 9150 9151 9155
f 9150 9155 9154
f 9151 9152 9156
f 9151 9156 9155
f 9153 9154 9158
f 9153 9158 9157
f 9154 9155 9159
f 9154 9159 9158
f 9155 9156 9160
f 9155 9160 9159
f 9161 9162 9166
f 9161 9166 9165
f 9162 9163 9167
f 9162 9167 9166
f 9163 9164 9168
f 9163 9168 9167
f 9165 9166 9170
f 9165 9170 9169
f 9166 9167 9171
f 9166 9171 9170
f 9167 9168 9172
f 9167 9172 9171
f 9169 9170 9174
f 9169 9174 9173
f 9170 9171 9175
f 9170 9175 9174
f 9171 9172 9176
f 9171 9176 9175
f 9177 9178 9182
f 9177 9182 9181
f 9178 9179 9183
f 9178 9183 9182
f 9179 9180 9184
f 9179 9184 9183
f 9181 9182 9186
f 9181 9186 9185
f 9182 9183 9187
f 9182 9187 9186
f 9183 9184 9188
f 9183 9188 9187
f 9185 9186 9190
f 9185 9190 9189
f 9186 9187 9191
f 9186 9191 9190
f 9187 9188 9192
f 9187 9192 9191
f 9193 9194 9198
f 9193 9198 9197
f 9194 9195 9199
f 9194 9199 9198
f 9195 9196 9200
f 9195 9200 9199
f 9197 9198 9202
f 9197 9202 9201
f 9198 9199 9203
f 9198 9203 9202
f 9199 9200 9204
f 9199 9204 9203
f 9201 9202 9206
f 9201 9206 9205
f 9202 9203 9207
f 9202 9207 9206
f 9203 9204 9208
f 9203 9208 9207
f 9209 9210 9214
f 9209 9214 9213
f 9210 9211 9215
f 9210 9215 9214
f 9211 9212 9216
f 9211 9216 9215
f 9213 9214 9218
f 9213 9218 9217
f 9214 9215 9219
f 9214 9219 9218
f 9215 9216 9220
f 9215 9220 9219
f 9217 9218 9222
f 9217 9222 9221
f 9218 9219 9223
f 9218 9223 9222
f 9219 9220 9224
f 9219 9224 9223
f 9225 9226 9230
f 9225 9230 9229
f 9226 9227 9231
f 9226 9231 9230
f 9227 9228 9232
f 9227 9232 9231
f 9229 9230 9234
f 9229 9234 9233
f 9230 9231 9235
f 9230 9235 9234
f 9231 9232 9236
f 9231 9236 9235
f 9233 9234 9238
f 9233 9238 9237
f 9234 9235 9239
f 9234 9239 9238
f 9235 9236 9240
f 9235 9240 9239
g 선반 단_40
v -5.9500 2.5700 -3.1000
v -5.9500 2.5900 -3.1000
v -5.9500 2.6100 -3.1000
v -5.9500 2.6300 -3.1000
v -5.1833 2.5700 -3.1000
v -5.1833 2.5900 -3.1000
v -5.1833 2.6100 -3.1000
v -5.1833 2.6300 -3.1000
v -4.4167 2.5700 -3.1000
v -4.4167 2.5900 -3.1000
v -4.4167 2.6100 -3.1000
v -4.4167 2.6300 -3.1000
v -3.6500 2.5700 -3.1000
v -3.6500 2.5900 -3.1000
v -3.6500 2.6100 -3.1000
v -3.6500 2.6300 -3.1000
v -3.6500 2.5700 -4.1000
v -3.6500 2.5900 -4.1000
v -3.6500 2.6100 -4.1000
v -3.6500 2.6300 -4.1000
v -4.4167 2.5700 -4.1000
v -4.4167 2.5900 -4.1000
v -4.4167 2.6100 -4.1000
v -4.4167 2.6300 -4.1000
v -5.1833 2.5700 -4.1000
v -5.1833 2.5900 -4.1000
v -5.1833 2.6100 -4.1000
v -5.1833 2.6300 -4.1000
v -5.9500 2.5700 -4.1000
v -5.9500 2.5900 -4.1000
v -5.9500 2.6100 -4.1000
v -5.9500 2.6300 -4.1000
v -5.9500 2.5700 -4.1000
v -5.9500 2.5900 -4.1000
v -5.9500 2.6100 -4.1000
v -5.9500 2.6300 -4.1000
v -5.9500 2.5700 -3.7667
v -5.9500 2.5900 -3.7667
v -5.9500 2.6100 -3.7667
v -5.9500 2.6300 -3.7667
v -5.9500 2.5700 -3.4333
v -5.9500 2.5900 -3.4333
v -5.9500 2.6100 -3.4333
v -5.9500 2.6300 -3.4333
v -5.9500 2.5700 -3.1000
v -5.9500 2.5900 -3.1000
v -5.9500 2.6100 -3.1000
v -5.9500 2.6300 -3.1000
v -3.6500 2.5700 -3.1000
v -3.6500 2.5900 -3.1000
v -3.6500 2.6100 -3.1000
v -3.6500 2.6300 -3.1000
v -3.6500 2.5700 -3.4333
v -3.6500 2.5900 -3.4333
v -3.6500 2.6100 -3.4333
v -3.6500 2.6300 -3.4333
v -3.6500 2.5700 -3.7667
v -3.6500 2.5900 -3.7667
v -3.6500 2.6100 -3.7667
v -3.6500 2.6300 -3.7667
v -3.6500 2.5700 -4.1000
v -3.6500 2.5900 -4.1000
v -3.6500 2.6100 -4.1000
v -3.6500 2.6300 -4.1000
v -5.9500 2.6300 -4.1000
v -5.9500 2.6300 -3.7667
v -5.9500 2.6300 -3.4333
v -5.9500 2.6300 -3.1000
v -5.1833 2.6300 -4.1000
v -5.1833 2.6300 -3.7667
v -5.1833 2.6300 -3.4333
v -5.1833 2.6300 -3.1000
v -4.4167 2.6300 -4.1000
v -4.4167 2.6300 -3.7667
v -4.4167 2.6300 -3.4333
v -4.4167 2.6300 -3.1000
v -3.6500 2.6300 -4.1000
v -3.6500 2.6300 -3.7667
v -3.6500 2.6300 -3.4333
v -3.6500 2.6300 -3.1000
v -5.9500 2.5700 -3.1000
v -5.9500 2.5700 -3.4333
v -5.9500 2.5700 -3.7667
v -5.9500 2.5700 -4.1000
v -5.1833 2.5700 -3.1000
v -5.1833 2.5700 -3.4333
v -5.1833 2.5700 -3.7667
v -5.1833 2.5700 -4.1000
v -4.4167 2.5700 -3.1000
v -4.4167 2.5700 -3.4333
v -4.4167 2.5700 -3.7667
v -4.4167 2.5700 -4.1000
v -3.6500 2.5700 -3.1000
v -3.6500 2.5700 -3.4333
v -3.6500 2.5700 -3.7667
v -3.6500 2.5700 -4.1000
f 9241 9242 9246
f 9241 9246 9245
f 9242 9243 9247
f 9242 9247 9246
f 9243 9244 9248
f 9243 9248 9247
f 9245 9246 9250
f 9245 9250 9249
f 9246 9247 9251
f 9246 9251 9250
f 9247 9248 9252
f 9247 9252 9251
f 9249 9250 9254
f 9249 9254 9253
f 9250 9251 9255
f 9250 9255 9254
f 9251 9252 9256
f 9251 9256 9255
f 9257 9258 9262
f 9257 9262 9261
f 9258 9259 9263
f 9258 9263 9262
f 9259 9260 9264
f 9259 9264 9263
f 9261 9262 9266
f 9261 9266 9265
f 9262 9263 9267
f 9262 9267 9266
f 9263 9264 9268
f 9263 9268 9267
f 9265 9266 9270
f 9265 9270 9269
f 9266 9267 9271
f 9266 9271 9270
f 9267 9268 9272
f 9267 9272 9271
f 9273 9274 9278
f 9273 9278 9277
f 9274 9275 9279
f 9274 9279 9278
f 9275 9276 9280
f 9275 9280 9279
f 9277 9278 9282
f 9277 9282 9281
f 9278 9279 9283
f 9278 9283 9282
f 9279 9280 9284
f 9279 9284 9283
f 9281 9282 9286
f 9281 9286 9285
f 9282 9283 9287
f 9282 9287 9286
f 9283 9284 9288
f 9283 9288 9287
f 9289 9290 9294
f 9289 9294 9293
f 9290 9291 9295
f 9290 9295 9294
f 9291 9292 9296
f 9291 9296 9295
f 9293 9294 9298
f 9293 9298 9297
f 9294 9295 9299
f 9294 9299 9298
f 9295 9296 9300
f 9295 9300 9299
f 9297 9298 9302
f 9297 9302 9301
f 9298 9299 9303
f 9298 9303 9302
f 9299 9300 9304
f 9299 9304 9303
f 9305 9306 9310
f 9305 9310 9309
f 9306 9307 9311
f 9306 9311 9310
f 9307 9308 9312
f 9307 9312 9311
f 9309 9310 9314
f 9309 9314 9313
f 9310 9311 9315
f 9310 9315 9314
f 9311 9312 9316
f 9311 9316 9315
f 9313 9314 9318
f 9313 9318 9317
f 9314 9315 9319
f 9314 9319 9318
f 9315 9316 9320
f 9315 9320 9319
f 9321 9322 9326
f 9321 9326 9325
f 9322 9323 9327
f 9322 9327 9326
f 9323 9324 9328
f 9323 9328 9327
f 9325 9326 9330
f 9325 9330 9329
f 9326 9327 9331
f 9326 9331 9330
f 9327 9328 9332
f 9327 9332 9331
f 9329 9330 9334
f 9329 9334 9333
f 9330 9331 9335
f 9330 9335 9334
f 9331 9332 9336
f 9331 9336 9335
g 선반 단_41
v -5.9500 2.5700 -0.7000
v -5.9500 2.5900 -0.7000
v -5.9500 2.6100 -0.7000
v -5.9500 2.6300 -0.7000
v -5.1833 2.5700 -0.7000
v -5.1833 2.5900 -0.7000
v -5.1833 2.6100 -0.7000
v -5.1833 2.6300 -0.7000
v -4.4167 2.5700 -0.7000
v -4.4167 2.5900 -0.7000
v -4.4167 2.6100 -0.7000
v -4.4167 2.6300 -0.7000
v -3.6500 2.5700 -0.7000
v -3.6500 2.5900 -0.7000
v -3.6500 2.6100 -0.7000
v -3.6500 2.6300 -0.7000
v -3.6500 2.5700 -1.7000
v -3.6500 2.5900 -1.7000
v -3.6500 2.6100 -1.7000
v -3.6500 2.6300 -1.7000
v -4.4167 2.5700 -1.7000
v -4.4167 2.5900 -1.7000
v -4.4167 2.6100 -1.7000
v -4.4167 2.6300 -1.7000
v -5.1833 2.5700 -1.7000
v -5.1833 2.5900 -1.7000
v -5.1833 2.6100 -1.7000
v -5.1833 2.6300 -1.7000
v -5.9500 2.5700 -1.7000
v -5.9500 2.5900 -1.7000
v -5.9500 2.6100 -1.7000
v -5.9500 2.6300 -1.7000
v -5.9500 2.5700 -1.7000
v -5.9500 2.5900 -1.7000
v -5.9500 2.6100 -1.7000
v -5.9500 2.6300 -1.7000
v -5.9500 2.5700 -1.3667
v -5.9500 2.5900 -1.3667
v -5.9500 2.6100 -1.3667
v -5.9500 2.6300 -1.3667
v -5.9500 2.5700 -1.0333
v -5.9500 2.5900 -1.0333
v -5.9500 2.6100 -1.0333
v -5.9500 2.6300 -1.0333
v -5.9500 2.5700 -0.7000
v -5.9500 2.5900 -0.7000
v -5.9500 2.6100 -0.7000
v -5.9500 2.6300 -0.7000
v -3.6500 2.5700 -0.7000
v -3.6500 2.5900 -0.7000
v -3.6500 2.6100 -0.7000
v -3.6500 2.6300 -0.7000
v -3.6500 2.5700 -1.0333
v -3.6500 2.5900 -1.0333
v -3.6500 2.6100 -1.0333
v -3.6500 2.6300 -1.0333
v -3.6500 2.5700 -1.3667
v -3.6500 2.5900 -1.3667
v -3.6500 2.6100 -1.3667
v -3.6500 2.6300 -1.3667
v -3.6500 2.5700 -1.7000
v -3.6500 2.5900 -1.7000
v -3.6500 2.6100 -1.7000
v -3.6500 2.6300 -1.7000
v -5.9500 2.6300 -1.7000
v -5.9500 2.6300 -1.3667
v -5.9500 2.6300 -1.0333
v -5.9500 2.6300 -0.7000
v -5.1833 2.6300 -1.7000
v -5.1833 2.6300 -1.3667
v -5.1833 2.6300 -1.0333
v -5.1833 2.6300 -0.7000
v -4.4167 2.6300 -1.7000
v -4.4167 2.6300 -1.3667
v -4.4167 2.6300 -1.0333
v -4.4167 2.6300 -0.7000
v -3.6500 2.6300 -1.7000
v -3.6500 2.6300 -1.3667
v -3.6500 2.6300 -1.0333
v -3.6500 2.6300 -0.7000
v -5.9500 2.5700 -0.7000
v -5.9500 2.5700 -1.0333
v -5.9500 2.5700 -1.3667
v -5.9500 2.5700 -1.7000
v -5.1833 2.5700 -0.7000
v -5.1833 2.5700 -1.0333
v -5.1833 2.5700 -1.3667
v -5.1833 2.5700 -1.7000
v -4.4167 2.5700 -0.7000
v -4.4167 2.5700 -1.0333
v -4.4167 2.5700 -1.3667
v -4.4167 2.5700 -1.7000
v -3.6500 2.5700 -0.7000
v -3.6500 2.5700 -1.0333
v -3.6500 2.5700 -1.3667
v -3.6500 2.5700 -1.7000
f 9337 9338 9342
f 9337 9342 9341
f 9338 9339 9343
f 9338 9343 9342
f 9339 9340 9344
f 9339 9344 9343
f 9341 9342 9346
f 9341 9346 9345
f 9342 9343 9347
f 9342 9347 9346
f 9343 9344 9348
f 9343 9348 9347
f 9345 9346 9350
f 9345 9350 9349
f 9346 9347 9351
f 9346 9351 9350
f 9347 9348 9352
f 9347 9352 9351
f 9353 9354 9358
f 9353 9358 9357
f 9354 9355 9359
f 9354 9359 9358
f 9355 9356 9360
f 9355 9360 9359
f 9357 9358 9362
f 9357 9362 9361
f 9358 9359 9363
f 9358 9363 9362
f 9359 9360 9364
f 9359 9364 9363
f 9361 9362 9366
f 9361 9366 9365
f 9362 9363 9367
f 9362 9367 9366
f 9363 9364 9368
f 9363 9368 9367
f 9369 9370 9374
f 9369 9374 9373
f 9370 9371 9375
f 9370 9375 9374
f 9371 9372 9376
f 9371 9376 9375
f 9373 9374 9378
f 9373 9378 9377
f 9374 9375 9379
f 9374 9379 9378
f 9375 9376 9380
f 9375 9380 9379
f 9377 9378 9382
f 9377 9382 9381
f 9378 9379 9383
f 9378 9383 9382
f 9379 9380 9384
f 9379 9384 9383
f 9385 9386 9390
f 9385 9390 9389
f 9386 9387 9391
f 9386 9391 9390
f 9387 9388 9392
f 9387 9392 9391
f 9389 9390 9394
f 9389 9394 9393
f 9390 9391 9395
f 9390 9395 9394
f 9391 9392 9396
f 9391 9396 9395
f 9393 9394 9398
f 9393 9398 9397
f 9394 9395 9399
f 9394 9399 9398
f 9395 9396 9400
f 9395 9400 9399
f 9401 9402 9406
f 9401 9406 9405
f 9402 9403 9407
f 9402 9407 9406
f 9403 9404 9408
f 9403 9408 9407
f 9405 9406 9410
f 9405 9410 9409
f 9406 9407 9411
f 9406 9411 9410
f 9407 9408 9412
f 9407 9412 9411
f 9409 9410 9414
f 9409 9414 9413
f 9410 9411 9415
f 9410 9415 9414
f 9411 9412 9416
f 9411 9416 9415
f 9417 9418 9422
f 9417 9422 9421
f 9418 9419 9423
f 9418 9423 9422
f 9419 9420 9424
f 9419 9424 9423
f 9421 9422 9426
f 9421 9426 9425
f 9422 9423 9427
f 9422 9427 9426
f 9423 9424 9428
f 9423 9428 9427
f 9425 9426 9430
f 9425 9430 9429
f 9426 9427 9431
f 9426 9431 9430
f 9427 9428 9432
f 9427 9432 9431
g 선반 단_42
v -5.9500 2.5700 1.7000
v -5.9500 2.5900 1.7000
v -5.9500 2.6100 1.7000
v -5.9500 2.6300 1.7000
v -5.1833 2.5700 1.7000
v -5.1833 2.5900 1.7000
v -5.1833 2.6100 1.7000
v -5.1833 2.6300 1.7000
v -4.4167 2.5700 1.7000
v -4.4167 2.5900 1.7000
v -4.4167 2.6100 1.7000
v -4.4167 2.6300 1.7000
v -3.6500 2.5700 1.7000
v -3.6500 2.5900 1.7000
v -3.6500 2.6100 1.7000
v -3.6500 2.6300 1.7000
v -3.6500 2.5700 0.7000
v -3.6500 2.5900 0.7000
v -3.6500 2.6100 0.7000
v -3.6500 2.6300 0.7000
v -4.4167 2.5700 0.7000
v -4.4167 2.5900 0.7000
v -4.4167 2.6100 0.7000
v -4.4167 2.6300 0.7000
v -5.1833 2.5700 0.7000
v -5.1833 2.5900 0.7000
v -5.1833 2.6100 0.7000
v -5.1833 2.6300 0.7000
v -5.9500 2.5700 0.7000
v -5.9500 2.5900 0.7000
v -5.9500 2.6100 0.7000
v -5.9500 2.6300 0.7000
v -5.9500 2.5700 0.7000
v -5.9500 2.5900 0.7000
v -5.9500 2.6100 0.7000
v -5.9500 2.6300 0.7000
v -5.9500 2.5700 1.0333
v -5.9500 2.5900 1.0333
v -5.9500 2.6100 1.0333
v -5.9500 2.6300 1.0333
v -5.9500 2.5700 1.3667
v -5.9500 2.5900 1.3667
v -5.9500 2.6100 1.3667
v -5.9500 2.6300 1.3667
v -5.9500 2.5700 1.7000
v -5.9500 2.5900 1.7000
v -5.9500 2.6100 1.7000
v -5.9500 2.6300 1.7000
v -3.6500 2.5700 1.7000
v -3.6500 2.5900 1.7000
v -3.6500 2.6100 1.7000
v -3.6500 2.6300 1.7000
v -3.6500 2.5700 1.3667
v -3.6500 2.5900 1.3667
v -3.6500 2.6100 1.3667
v -3.6500 2.6300 1.3667
v -3.6500 2.5700 1.0333
v -3.6500 2.5900 1.0333
v -3.6500 2.6100 1.0333
v -3.6500 2.6300 1.0333
v -3.6500 2.5700 0.7000
v -3.6500 2.5900 0.7000
v -3.6500 2.6100 0.7000
v -3.6500 2.6300 0.7000
v -5.9500 2.6300 0.7000
v -5.9500 2.6300 1.0333
v -5.9500 2.6300 1.3667
v -5.9500 2.6300 1.7000
v -5.1833 2.6300 0.7000
v -5.1833 2.6300 1.0333
v -5.1833 2.6300 1.3667
v -5.1833 2.6300 1.7000
v -4.4167 2.6300 0.7000
v -4.4167 2.6300 1.0333
v -4.4167 2.6300 1.3667
v -4.4167 2.6300 1.7000
v -3.6500 2.6300 0.7000
v -3.6500 2.6300 1.0333
v -3.6500 2.6300 1.3667
v -3.6500 2.6300 1.7000
v -5.9500 2.5700 1.7000
v -5.9500 2.5700 1.3667
v -5.9500 2.5700 1.0333
v -5.9500 2.5700 0.7000
v -5.1833 2.5700 1.7000
v -5.1833 2.5700 1.3667
v -5.1833 2.5700 1.0333
v -5.1833 2.5700 0.7000
v -4.4167 2.5700 1.7000
v -4.4167 2.5700 1.3667
v -4.4167 2.5700 1.0333
v -4.4167 2.5700 0.7000
v -3.6500 2.5700 1.7000
v -3.6500 2.5700 1.3667
v -3.6500 2.5700 1.0333
v -3.6500 2.5700 0.7000
f 9433 9434 9438
f 9433 9438 9437
f 9434 9435 9439
f 9434 9439 9438
f 9435 9436 9440
f 9435 9440 9439
f 9437 9438 9442
f 9437 9442 9441
f 9438 9439 9443
f 9438 9443 9442
f 9439 9440 9444
f 9439 9444 9443
f 9441 9442 9446
f 9441 9446 9445
f 9442 9443 9447
f 9442 9447 9446
f 9443 9444 9448
f 9443 9448 9447
f 9449 9450 9454
f 9449 9454 9453
f 9450 9451 9455
f 9450 9455 9454
f 9451 9452 9456
f 9451 9456 9455
f 9453 9454 9458
f 9453 9458 9457
f 9454 9455 9459
f 9454 9459 9458
f 9455 9456 9460
f 9455 9460 9459
f 9457 9458 9462
f 9457 9462 9461
f 9458 9459 9463
f 9458 9463 9462
f 9459 9460 9464
f 9459 9464 9463
f 9465 9466 9470
f 9465 9470 9469
f 9466 9467 9471
f 9466 9471 9470
f 9467 9468 9472
f 9467 9472 9471
f 9469 9470 9474
f 9469 9474 9473
f 9470 9471 9475
f 9470 9475 9474
f 9471 9472 9476
f 9471 9476 9475
f 9473 9474 9478
f 9473 9478 9477
f 9474 9475 9479
f 9474 9479 9478
f 9475 9476 9480
f 9475 9480 9479
f 9481 9482 9486
f 9481 9486 9485
f 9482 9483 9487
f 9482 9487 9486
f 9483 9484 9488
f 9483 9488 9487
f 9485 9486 9490
f 9485 9490 9489
f 9486 9487 9491
f 9486 9491 9490
f 9487 9488 9492
f 9487 9492 9491
f 9489 9490 9494
f 9489 9494 9493
f 9490 9491 9495
f 9490 9495 9494
f 9491 9492 9496
f 9491 9496 9495
f 9497 9498 9502
f 9497 9502 9501
f 9498 9499 9503
f 9498 9503 9502
f 9499 9500 9504
f 9499 9504 9503
f 9501 9502 9506
f 9501 9506 9505
f 9502 9503 9507
f 9502 9507 9506
f 9503 9504 9508
f 9503 9508 9507
f 9505 9506 9510
f 9505 9510 9509
f 9506 9507 9511
f 9506 9511 9510
f 9507 9508 9512
f 9507 9512 9511
f 9513 9514 9518
f 9513 9518 9517
f 9514 9515 9519
f 9514 9519 9518
f 9515 9516 9520
f 9515 9520 9519
f 9517 9518 9522
f 9517 9522 9521
f 9518 9519 9523
f 9518 9523 9522
f 9519 9520 9524
f 9519 9524 9523
f 9521 9522 9526
f 9521 9526 9525
f 9522 9523 9527
f 9522 9527 9526
f 9523 9524 9528
f 9523 9528 9527
g 선반 단_43
v -5.9500 2.5700 4.1000
v -5.9500 2.5900 4.1000
v -5.9500 2.6100 4.1000
v -5.9500 2.6300 4.1000
v -5.1833 2.5700 4.1000
v -5.1833 2.5900 4.1000
v -5.1833 2.6100 4.1000
v -5.1833 2.6300 4.1000
v -4.4167 2.5700 4.1000
v -4.4167 2.5900 4.1000
v -4.4167 2.6100 4.1000
v -4.4167 2.6300 4.1000
v -3.6500 2.5700 4.1000
v -3.6500 2.5900 4.1000
v -3.6500 2.6100 4.1000
v -3.6500 2.6300 4.1000
v -3.6500 2.5700 3.1000
v -3.6500 2.5900 3.1000
v -3.6500 2.6100 3.1000
v -3.6500 2.6300 3.1000
v -4.4167 2.5700 3.1000
v -4.4167 2.5900 3.1000
v -4.4167 2.6100 3.1000
v -4.4167 2.6300 3.1000
v -5.1833 2.5700 3.1000
v -5.1833 2.5900 3.1000
v -5.1833 2.6100 3.1000
v -5.1833 2.6300 3.1000
v -5.9500 2.5700 3.1000
v -5.9500 2.5900 3.1000
v -5.9500 2.6100 3.1000
v -5.9500 2.6300 3.1000
v -5.9500 2.5700 3.1000
v -5.9500 2.5900 3.1000
v -5.9500 2.6100 3.1000
v -5.9500 2.6300 3.1000
v -5.9500 2.5700 3.4333
v -5.9500 2.5900 3.4333
v -5.9500 2.6100 3.4333
v -5.9500 2.6300 3.4333
v -5.9500 2.5700 3.7667
v -5.9500 2.5900 3.7667
v -5.9500 2.6100 3.7667
v -5.9500 2.6300 3.7667
v -5.9500 2.5700 4.1000
v -5.9500 2.5900 4.1000
v -5.9500 2.6100 4.1000
v -5.9500 2.6300 4.1000
v -3.6500 2.5700 4.1000
v -3.6500 2.5900 4.1000
v -3.6500 2.6100 4.1000
v -3.6500 2.6300 4.1000
v -3.6500 2.5700 3.7667
v -3.6500 2.5900 3.7667
v -3.6500 2.6100 3.7667
v -3.6500 2.6300 3.7667
v -3.6500 2.5700 3.4333
v -3.6500 2.5900 3.4333
v -3.6500 2.6100 3.4333
v -3.6500 2.6300 3.4333
v -3.6500 2.5700 3.1000
v -3.6500 2.5900 3.1000
v -3.6500 2.6100 3.1000
v -3.6500 2.6300 3.1000
v -5.9500 2.6300 3.1000
v -5.9500 2.6300 3.4333
v -5.9500 2.6300 3.7667
v -5.9500 2.6300 4.1000
v -5.1833 2.6300 3.1000
v -5.1833 2.6300 3.4333
v -5.1833 2.6300 3.7667
v -5.1833 2.6300 4.1000
v -4.4167 2.6300 3.1000
v -4.4167 2.6300 3.4333
v -4.4167 2.6300 3.7667
v -4.4167 2.6300 4.1000
v -3.6500 2.6300 3.1000
v -3.6500 2.6300 3.4333
v -3.6500 2.6300 3.7667
v -3.6500 2.6300 4.1000
v -5.9500 2.5700 4.1000
v -5.9500 2.5700 3.7667
v -5.9500 2.5700 3.4333
v -5.9500 2.5700 3.1000
v -5.1833 2.5700 4.1000
v -5.1833 2.5700 3.7667
v -5.1833 2.5700 3.4333
v -5.1833 2.5700 3.1000
v -4.4167 2.5700 4.1000
v -4.4167 2.5700 3.7667
v -4.4167 2.5700 3.4333
v -4.4167 2.5700 3.1000
v -3.6500 2.5700 4.1000
v -3.6500 2.5700 3.7667
v -3.6500 2.5700 3.4333
v -3.6500 2.5700 3.1000
f 9529 9530 9534
f 9529 9534 9533
f 9530 9531 9535
f 9530 9535 9534
f 9531 9532 9536
f 9531 9536 9535
f 9533 9534 9538
f 9533 9538 9537
f 9534 9535 9539
f 9534 9539 9538
f 9535 9536 9540
f 9535 9540 9539
f 9537 9538 9542
f 9537 9542 9541
f 9538 9539 9543
f 9538 9543 9542
f 9539 9540 9544
f 9539 9544 9543
f 9545 9546 9550
f 9545 9550 9549
f 9546 9547 9551
f 9546 9551 9550
f 9547 9548 9552
f 9547 9552 9551
f 9549 9550 9554
f 9549 9554 9553
f 9550 9551 9555
f 9550 9555 9554
f 9551 9552 9556
f 9551 9556 9555
f 9553 9554 9558
f 9553 9558 9557
f 9554 9555 9559
f 9554 9559 9558
f 9555 9556 9560
f 9555 9560 9559
f 9561 9562 9566
f 9561 9566 9565
f 9562 9563 9567
f 9562 9567 9566
f 9563 9564 9568
f 9563 9568 9567
f 9565 9566 9570
f 9565 9570 9569
f 9566 9567 9571
f 9566 9571 9570
f 9567 9568 9572
f 9567 9572 9571
f 9569 9570 9574
f 9569 9574 9573
f 9570 9571 9575
f 9570 9575 9574
f 9571 9572 9576
f 9571 9576 9575
f 9577 9578 9582
f 9577 9582 9581
f 9578 9579 9583
f 9578 9583 9582
f 9579 9580 9584
f 9579 9584 9583
f 9581 9582 9586
f 9581 9586 9585
f 9582 9583 9587
f 9582 9587 9586
f 9583 9584 9588
f 9583 9588 9587
f 9585 9586 9590
f 9585 9590 9589
f 9586 9587 9591
f 9586 9591 9590
f 9587 9588 9592
f 9587 9592 9591
f 9593 9594 9598
f 9593 9598 9597
f 9594 9595 9599
f 9594 9599 9598
f 9595 9596 9600
f 9595 9600 9599
f 9597 9598 9602
f 9597 9602 9601
f 9598 9599 9603
f 9598 9603 9602
f 9599 9600 9604
f 9599 9604 9603
f 9601 9602 9606
f 9601 9606 9605
f 9602 9603 9607
f 9602 9607 9606
f 9603 9604 9608
f 9603 9608 9607
f 9609 9610 9614
f 9609 9614 9613
f 9610 9611 9615
f 9610 9615 9614
f 9611 9612 9616
f 9611 9616 9615
f 9613 9614 9618
f 9613 9618 9617
f 9614 9615 9619
f 9614 9619 9618
f 9615 9616 9620
f 9615 9620 9619
f 9617 9618 9622
f 9617 9622 9621
f 9618 9619 9623
f 9618 9623 9622
f 9619 9620 9624
f 9619 9624 9623
g 선반 단_44
v -3.5500 2.5700 -3.1000
v -3.5500 2.5900 -3.1000
v -3.5500 2.6100 -3.1000
v -3.5500 2.6300 -3.1000
v -2.7833 2.5700 -3.1000
v -2.7833 2.5900 -3.1000
v -2.7833 2.6100 -3.1000
v -2.7833 2.6300 -3.1000
v -2.0167 2.5700 -3.1000
v -2.0167 2.5900 -3.1000
v -2.0167 2.6100 -3.1000
v -2.0167 2.6300 -3.1000
v -1.2500 2.5700 -3.1000
v -1.2500 2.5900 -3.1000
v -1.2500 2.6100 -3.1000
v -1.2500 2.6300 -3.1000
v -1.2500 2.5700 -4.1000
v -1.2500 2.5900 -4.1000
v -1.2500 2.6100 -4.1000
v -1.2500 2.6300 -4.1000
v -2.0167 2.5700 -4.1000
v -2.0167 2.5900 -4.1000
v -2.0167 2.6100 -4.1000
v -2.0167 2.6300 -4.1000
v -2.7833 2.5700 -4.1000
v -2.7833 2.5900 -4.1000
v -2.7833 2.6100 -4.1000
v -2.7833 2.6300 -4.1000
v -3.5500 2.5700 -4.1000
v -3.5500 2.5900 -4.1000
v -3.5500 2.6100 -4.1000
v -3.5500 2.6300 -4.1000
v -3.5500 2.5700 -4.1000
v -3.5500 2.5900 -4.1000
v -3.5500 2.6100 -4.1000
v -3.5500 2.6300 -4.1000
v -3.5500 2.5700 -3.7667
v -3.5500 2.5900 -3.7667
v -3.5500 2.6100 -3.7667
v -3.5500 2.6300 -3.7667
v -3.5500 2.5700 -3.4333
v -3.5500 2.5900 -3.4333
v -3.5500 2.6100 -3.4333
v -3.5500 2.6300 -3.4333
v -3.5500 2.5700 -3.1000
v -3.5500 2.5900 -3.1000
v -3.5500 2.6100 -3.1000
v -3.5500 2.6300 -3.1000
v -1.2500 2.5700 -3.1000
v -1.2500 2.5900 -3.1000
v -1.2500 2.6100 -3.1000
v -1.2500 2.6300 -3.1000
v -1.2500 2.5700 -3.4333
v -1.2500 2.5900 -3.4333
v -1.2500 2.6100 -3.4333
v -1.2500 2.6300 -3.4333
v -1.2500 2.5700 -3.7667
v -1.2500 2.5900 -3.7667
v -1.2500 2.6100 -3.7667
v -1.2500 2.6300 -3.7667
v -1.2500 2.5700 -4.1000
v -1.2500 2.5900 -4.1000
v -1.2500 2.6100 -4.1000
v -1.2500 2.6300 -4.1000
v -3.5500 2.6300 -4.1000
v -3.5500 2.6300 -3.7667
v -3.5500 2.6300 -3.4333
v -3.5500 2.6300 -3.1000
v -2.7833 2.6300 -4.1000
v -2.7833 2.6300 -3.7667
v -2.7833 2.6300 -3.4333
v -2.7833 2.6300 -3.1000
v -2.0167 2.6300 -4.1000
v -2.0167 2.6300 -3.7667
v -2.0167 2.6300 -3.4333
v -2.0167 2.6300 -3.1000
v -1.2500 2.6300 -4.1000
v -1.2500 2.6300 -3.7667
v -1.2500 2.6300 -3.4333
v -1.2500 2.6300 -3.1000
v -3.5500 2.5700 -3.1000
v -3.5500 2.5700 -3.4333
v -3.5500 2.5700 -3.7667
v -3.5500 2.5700 -4.1000
v -2.7833 2.5700 -3.1000
v -2.7833 2.5700 -3.4333
v -2.7833 2.5700 -3.7667
v -2.7833 2.5700 -4.1000
v -2.0167 2.5700 -3.1000
v -2.0167 2.5700 -3.4333
v -2.0167 2.5700 -3.7667
v -2.0167 2.5700 -4.1000
v -1.2500 2.5700 -3.1000
v -1.2500 2.5700 -3.4333
v -1.2500 2.5700 -3.7667
v -1.2500 2.5700 -4.1000
f 9625 9626 9630
f 9625 9630 9629
f 9626 9627 9631
f 9626 9631 9630
f 9627 9628 9632
f 9627 9632 9631
f 9629 9630 9634
f 9629 9634 9633
f 9630 9631 9635
f 9630 9635 9634
f 9631 9632 9636
f 9631 9636 9635
f 9633 9634 9638
f 9633 9638 9637
f 9634 9635 9639
f 9634 9639 9638
f 9635 9636 9640
f 9635 9640 9639
f 9641 9642 9646
f 9641 9646 9645
f 9642 9643 9647
f 9642 9647 9646
f 9643 9644 9648
f 9643 9648 9647
f 9645 9646 9650
f 9645 9650 9649
f 9646 9647 9651
f 9646 9651 9650
f 9647 9648 9652
f 9647 9652 9651
f 9649 9650 9654
f 9649 9654 9653
f 9650 9651 9655
f 9650 9655 9654
f 9651 9652 9656
f 9651 9656 9655
f 9657 9658 9662
f 9657 9662 9661
f 9658 9659 9663
f 9658 9663 9662
f 9659 9660 9664
f 9659 9664 9663
f 9661 9662 9666
f 9661 9666 9665
f 9662 9663 9667
f 9662 9667 9666
f 9663 9664 9668
f 9663 9668 9667
f 9665 9666 9670
f 9665 9670 9669
f 9666 9667 9671
f 9666 9671 9670
f 9667 9668 9672
f 9667 9672 9671
f 9673 9674 9678
f 9673 9678 9677
f 9674 9675 9679
f 9674 9679 9678
f 9675 9676 9680
f 9675 9680 9679
f 9677 9678 9682
f 9677 9682 9681
f 9678 9679 9683
f 9678 9683 9682
f 9679 9680 9684
f 9679 9684 9683
f 9681 9682 9686
f 9681 9686 9685
f 9682 9683 9687
f 9682 9687 9686
f 9683 9684 9688
f 9683 9688 9687
f 9689 9690 9694
f 9689 9694 9693
f 9690 9691 9695
f 9690 9695 9694
f 9691 9692 9696
f 9691 9696 9695
f 9693 9694 9698
f 9693 9698 9697
f 9694 9695 9699
f 9694 9699 9698
f 9695 9696 9700
f 9695 9700 9699
f 9697 9698 9702
f 9697 9702 9701
f 9698 9699 9703
f 9698 9703 9702
f 9699 9700 9704
f 9699 9704 9703
f 9705 9706 9710
f 9705 9710 9709
f 9706 9707 9711
f 9706 9711 9710
f 9707 9708 9712
f 9707 9712 9711
f 9709 9710 9714
f 9709 9714 9713
f 9710 9711 9715
f 9710 9715 9714
f 9711 9712 9716
f 9711 9716 9715
f 9713 9714 9718
f 9713 9718 9717
f 9714 9715 9719
f 9714 9719 9718
f 9715 9716 9720
f 9715 9720 9719
g 선반 단_45
v -3.5500 2.5700 -0.7000
v -3.5500 2.5900 -0.7000
v -3.5500 2.6100 -0.7000
v -3.5500 2.6300 -0.7000
v -2.7833 2.5700 -0.7000
v -2.7833 2.5900 -0.7000
v -2.7833 2.6100 -0.7000
v -2.7833 2.6300 -0.7000
v -2.0167 2.5700 -0.7000
v -2.0167 2.5900 -0.7000
v -2.0167 2.6100 -0.7000
v -2.0167 2.6300 -0.7000
v -1.2500 2.5700 -0.7000
v -1.2500 2.5900 -0.7000
v -1.2500 2.6100 -0.7000
v -1.2500 2.6300 -0.7000
v -1.2500 2.5700 -1.7000
v -1.2500 2.5900 -1.7000
v -1.2500 2.6100 -1.7000
v -1.2500 2.6300 -1.7000
v -2.0167 2.5700 -1.7000
v -2.0167 2.5900 -1.7000
v -2.0167 2.6100 -1.7000
v -2.0167 2.6300 -1.7000
v -2.7833 2.5700 -1.7000
v -2.7833 2.5900 -1.7000
v -2.7833 2.6100 -1.7000
v -2.7833 2.6300 -1.7000
v -3.5500 2.5700 -1.7000
v -3.5500 2.5900 -1.7000
v -3.5500 2.6100 -1.7000
v -3.5500 2.6300 -1.7000
v -3.5500 2.5700 -1.7000
v -3.5500 2.5900 -1.7000
v -3.5500 2.6100 -1.7000
v -3.5500 2.6300 -1.7000
v -3.5500 2.5700 -1.3667
v -3.5500 2.5900 -1.3667
v -3.5500 2.6100 -1.3667
v -3.5500 2.6300 -1.3667
v -3.5500 2.5700 -1.0333
v -3.5500 2.5900 -1.0333
v -3.5500 2.6100 -1.0333
v -3.5500 2.6300 -1.0333
v -3.5500 2.5700 -0.7000
v -3.5500 2.5900 -0.7000
v -3.5500 2.6100 -0.7000
v -3.5500 2.6300 -0.7000
v -1.2500 2.5700 -0.7000
v -1.2500 2.5900 -0.7000
v -1.2500 2.6100 -0.7000
v -1.2500 2.6300 -0.7000
v -1.2500 2.5700 -1.0333
v -1.2500 2.5900 -1.0333
v -1.2500 2.6100 -1.0333
v -1.2500 2.6300 -1.0333
v -1.2500 2.5700 -1.3667
v -1.2500 2.5900 -1.3667
v -1.2500 2.6100 -1.3667
v -1.2500 2.6300 -1.3667
v -1.2500 2.5700 -1.7000
v -1.2500 2.5900 -1.7000
v -1.2500 2.6100 -1.7000
v -1.2500 2.6300 -1.7000
v -3.5500 2.6300 -1.7000
v -3.5500 2.6300 -1.3667
v -3.5500 2.6300 -1.0333
v -3.5500 2.6300 -0.7000
v -2.7833 2.6300 -1.7000
v -2.7833 2.6300 -1.3667
v -2.7833 2.6300 -1.0333
v -2.7833 2.6300 -0.7000
v -2.0167 2.6300 -1.7000
v -2.0167 2.6300 -1.3667
v -2.0167 2.6300 -1.0333
v -2.0167 2.6300 -0.7000
v -1.2500 2.6300 -1.7000
v -1.2500 2.6300 -1.3667
v -1.2500 2.6300 -1.0333
v -1.2500 2.6300 -0.7000
v -3.5500 2.5700 -0.7000
v -3.5500 2.5700 -1.0333
v -3.5500 2.5700 -1.3667
v -3.5500 2.5700 -1.7000
v -2.7833 2.5700 -0.7000
v -2.7833 2.5700 -1.0333
v -2.7833 2.5700 -1.3667
v -2.7833 2.5700 -1.7000
v -2.0167 2.5700 -0.7000
v -2.0167 2.5700 -1.0333
v -2.0167 2.5700 -1.3667
v -2.0167 2.5700 -1.7000
v -1.2500 2.5700 -0.7000
v -1.2500 2.5700 -1.0333
v -1.2500 2.5700 -1.3667
v -1.2500 2.5700 -1.7000
f 9721 9722 9726
f 9721 9726 9725
f 9722 9723 9727
f 9722 9727 9726
f 9723 9724 9728
f 9723 9728 9727
f 9725 9726 9730
f 9725 9730 9729
f 9726 9727 9731
f 9726 9731 9730
f 9727 9728 9732
f 9727 9732 9731
f 9729 9730 9734
f 9729 9734 9733
f 9730 9731 9735
f 9730 9735 9734
f 9731 9732 9736
f 9731 9736 9735
f 9737 9738 9742
f 9737 9742 9741
f 9738 9739 9743
f 9738 9743 9742
f 9739 9740 9744
f 9739 9744 9743
f 9741 9742 9746
f 9741 9746 9745
f 9742 9743 9747
f 9742 9747 9746
f 9743 9744 9748
f 9743 9748 9747
f 9745 9746 9750
f 9745 9750 9749
f 9746 9747 9751
f 9746 9751 9750
f 9747 9748 9752
f 9747 9752 9751
f 9753 9754 9758
f 9753 9758 9757
f 9754 9755 9759
f 9754 9759 9758
f 9755 9756 9760
f 9755 9760 9759
f 9757 9758 9762
f 9757 9762 9761
f 9758 9759 9763
f 9758 9763 9762
f 9759 9760 9764
f 9759 9764 9763
f 9761 9762 9766
f 9761 9766 9765
f 9762 9763 9767
f 9762 9767 9766
f 9763 9764 9768
f 9763 9768 9767
f 9769 9770 9774
f 9769 9774 9773
f 9770 9771 9775
f 9770 9775 9774
f 9771 9772 9776
f 9771 9776 9775
f 9773 9774 9778
f 9773 9778 9777
f 9774 9775 9779
f 9774 9779 9778
f 9775 9776 9780
f 9775 9780 9779
f 9777 9778 9782
f 9777 9782 9781
f 9778 9779 9783
f 9778 9783 9782
f 9779 9780 9784
f 9779 9784 9783
f 9785 9786 9790
f 9785 9790 9789
f 9786 9787 9791
f 9786 9791 9790
f 9787 9788 9792
f 9787 9792 9791
f 9789 9790 9794
f 9789 9794 9793
f 9790 9791 9795
f 9790 9795 9794
f 9791 9792 9796
f 9791 9796 9795
f 9793 9794 9798
f 9793 9798 9797
f 9794 9795 9799
f 9794 9799 9798
f 9795 9796 9800
f 9795 9800 9799
f 9801 9802 9806
f 9801 9806 9805
f 9802 9803 9807
f 9802 9807 9806
f 9803 9804 9808
f 9803 9808 9807
f 9805 9806 9810
f 9805 9810 9809
f 9806 9807 9811
f 9806 9811 9810
f 9807 9808 9812
f 9807 9812 9811
f 9809 9810 9814
f 9809 9814 9813
f 9810 9811 9815
f 9810 9815 9814
f 9811 9812 9816
f 9811 9816 9815
g 선반 단_46
v -3.5500 2.5700 1.7000
v -3.5500 2.5900 1.7000
v -3.5500 2.6100 1.7000
v -3.5500 2.6300 1.7000
v -2.7833 2.5700 1.7000
v -2.7833 2.5900 1.7000
v -2.7833 2.6100 1.7000
v -2.7833 2.6300 1.7000
v -2.0167 2.5700 1.7000
v -2.0167 2.5900 1.7000
v -2.0167 2.6100 1.7000
v -2.0167 2.6300 1.7000
v -1.2500 2.5700 1.7000
v -1.2500 2.5900 1.7000
v -1.2500 2.6100 1.7000
v -1.2500 2.6300 1.7000
v -1.2500 2.5700 0.7000
v -1.2500 2.5900 0.7000
v -1.2500 2.6100 0.7000
v -1.2500 2.6300 0.7000
v -2.0167 2.5700 0.7000
v -2.0167 2.5900 0.7000
v -2.0167 2.6100 0.7000
v -2.0167 2.6300 0.7000
v -2.7833 2.5700 0.7000
v -2.7833 2.5900 0.7000
v -2.7833 2.6100 0.7000
v -2.7833 2.6300 0.7000
v -3.5500 2.5700 0.7000
v -3.5500 2.5900 0.7000
v -3.5500 2.6100 0.7000
v -3.5500 2.6300 0.7000
v -3.5500 2.5700 0.7000
v -3.5500 2.5900 0.7000
v -3.5500 2.6100 0.7000
v -3.5500 2.6300 0.7000
v -3.5500 2.5700 1.0333
v -3.5500 2.5900 1.0333
v -3.5500 2.6100 1.0333
v -3.5500 2.6300 1.0333
v -3.5500 2.5700 1.3667
v -3.5500 2.5900 1.3667
v -3.5500 2.6100 1.3667
v -3.5500 2.6300 1.3667
v -3.5500 2.5700 1.7000
v -3.5500 2.5900 1.7000
v -3.5500 2.6100 1.7000
v -3.5500 2.6300 1.7000
v -1.2500 2.5700 1.7000
v -1.2500 2.5900 1.7000
v -1.2500 2.6100 1.7000
v -1.2500 2.6300 1.7000
v -1.2500 2.5700 1.3667
v -1.2500 2.5900 1.3667
v -1.2500 2.6100 1.3667
v -1.2500 2.6300 1.3667
v -1.2500 2.5700 1.0333
v -1.2500 2.5900 1.0333
v -1.2500 2.6100 1.0333
v -1.2500 2.6300 1.0333
v -1.2500 2.5700 0.7000
v -1.2500 2.5900 0.7000
v -1.2500 2.6100 0.7000
v -1.2500 2.6300 0.7000
v -3.5500 2.6300 0.7000
v -3.5500 2.6300 1.0333
v -3.5500 2.6300 1.3667
v -3.5500 2.6300 1.7000
v -2.7833 2.6300 0.7000
v -2.7833 2.6300 1.0333
v -2.7833 2.6300 1.3667
v -2.7833 2.6300 1.7000
v -2.0167 2.6300 0.7000
v -2.0167 2.6300 1.0333
v -2.0167 2.6300 1.3667
v -2.0167 2.6300 1.7000
v -1.2500 2.6300 0.7000
v -1.2500 2.6300 1.0333
v -1.2500 2.6300 1.3667
v -1.2500 2.6300 1.7000
v -3.5500 2.5700 1.7000
v -3.5500 2.5700 1.3667
v -3.5500 2.5700 1.0333
v -3.5500 2.5700 0.7000
v -2.7833 2.5700 1.7000
v -2.7833 2.5700 1.3667
v -2.7833 2.5700 1.0333
v -2.7833 2.5700 0.7000
v -2.0167 2.5700 1.7000
v -2.0167 2.5700 1.3667
v -2.0167 2.5700 1.0333
v -2.0167 2.5700 0.7000
v -1.2500 2.5700 1.7000
v -1.2500 2.5700 1.3667
v -1.2500 2.5700 1.0333
v -1.2500 2.5700 0.7000
f 9817 9818 9822
f 9817 9822 9821
f 9818 9819 9823
f 9818 9823 9822
f 9819 9820 9824
f 9819 9824 9823
f 9821 9822 9826
f 9821 9826 9825
f 9822 9823 9827
f 9822 9827 9826
f 9823 9824 9828
f 9823 9828 9827
f 9825 9826 9830
f 9825 9830 9829
f 9826 9827 9831
f 9826 9831 9830
f 9827 9828 9832
f 9827 9832 9831
f 9833 9834 9838
f 9833 9838 9837
f 9834 9835 9839
f 9834 9839 9838
f 9835 9836 9840
f 9835 9840 9839
f 9837 9838 9842
f 9837 9842 9841
f 9838 9839 9843
f 9838 9843 9842
f 9839 9840 9844
f 9839 9844 9843
f 9841 9842 9846
f 9841 9846 9845
f 9842 9843 9847
f 9842 9847 9846
f 9843 9844 9848
f 9843 9848 9847
f 9849 9850 9854
f 9849 9854 9853
f 9850 9851 9855
f 9850 9855 9854
f 9851 9852 9856
f 9851 9856 9855
f 9853 9854 9858
f 9853 9858 9857
f 9854 9855 9859
f 9854 9859 9858
f 9855 9856 9860
f 9855 9860 9859
f 9857 9858 9862
f 9857 9862 9861
f 9858 9859 9863
f 9858 9863 9862
f 9859 9860 9864
f 9859 9864 9863
f 9865 9866 9870
f 9865 9870 9869
f 9866 9867 9871
f 9866 9871 9870
f 9867 9868 9872
f 9867 9872 9871
f 9869 9870 9874
f 9869 9874 9873
f 9870 9871 9875
f 9870 9875 9874
f 9871 9872 9876
f 9871 9876 9875
f 9873 9874 9878
f 9873 9878 9877
f 9874 9875 9879
f 9874 9879 9878
f 9875 9876 9880
f 9875 9880 9879
f 9881 9882 9886
f 9881 9886 9885
f 9882 9883 9887
f 9882 9887 9886
f 9883 9884 9888
f 9883 9888 9887
f 9885 9886 9890
f 9885 9890 9889
f 9886 9887 9891
f 9886 9891 9890
f 9887 9888 9892
f 9887 9892 9891
f 9889 9890 9894
f 9889 9894 9893
f 9890 9891 9895
f 9890 9895 9894
f 9891 9892 9896
f 9891 9896 9895
f 9897 9898 9902
f 9897 9902 9901
f 9898 9899 9903
f 9898 9903 9902
f 9899 9900 9904
f 9899 9904 9903
f 9901 9902 9906
f 9901 9906 9905
f 9902 9903 9907
f 9902 9907 9906
f 9903 9904 9908
f 9903 9908 9907
f 9905 9906 9910
f 9905 9910 9909
f 9906 9907 9911
f 9906 9911 9910
f 9907 9908 9912
f 9907 9912 9911
g 선반 단_47
v -3.5500 2.5700 4.1000
v -3.5500 2.5900 4.1000
v -3.5500 2.6100 4.1000
v -3.5500 2.6300 4.1000
v -2.7833 2.5700 4.1000
v -2.7833 2.5900 4.1000
v -2.7833 2.6100 4.1000
v -2.7833 2.6300 4.1000
v -2.0167 2.5700 4.1000
v -2.0167 2.5900 4.1000
v -2.0167 2.6100 4.1000
v -2.0167 2.6300 4.1000
v -1.2500 2.5700 4.1000
v -1.2500 2.5900 4.1000
v -1.2500 2.6100 4.1000
v -1.2500 2.6300 4.1000
v -1.2500 2.5700 3.1000
v -1.2500 2.5900 3.1000
v -1.2500 2.6100 3.1000
v -1.2500 2.6300 3.1000
v -2.0167 2.5700 3.1000
v -2.0167 2.5900 3.1000
v -2.0167 2.6100 3.1000
v -2.0167 2.6300 3.1000
v -2.7833 2.5700 3.1000
v -2.7833 2.5900 3.1000
v -2.7833 2.6100 3.1000
v -2.7833 2.6300 3.1000
v -3.5500 2.5700 3.1000
v -3.5500 2.5900 3.1000
v -3.5500 2.6100 3.1000
v -3.5500 2.6300 3.1000
v -3.5500 2.5700 3.1000
v -3.5500 2.5900 3.1000
v -3.5500 2.6100 3.1000
v -3.5500 2.6300 3.1000
v -3.5500 2.5700 3.4333
v -3.5500 2.5900 3.4333
v -3.5500 2.6100 3.4333
v -3.5500 2.6300 3.4333
v -3.5500 2.5700 3.7667
v -3.5500 2.5900 3.7667
v -3.5500 2.6100 3.7667
v -3.5500 2.6300 3.7667
v -3.5500 2.5700 4.1000
v -3.5500 2.5900 4.1000
v -3.5500 2.6100 4.1000
v -3.5500 2.6300 4.1000
v -1.2500 2.5700 4.1000
v -1.2500 2.5900 4.1000
v -1.2500 2.6100 4.1000
v -1.2500 2.6300 4.1000
v -1.2500 2.5700 3.7667
v -1.2500 2.5900 3.7667
v -1.2500 2.6100 3.7667
v -1.2500 2.6300 3.7667
v -1.2500 2.5700 3.4333
v -1.2500 2.5900 3.4333
v -1.2500 2.6100 3.4333
v -1.2500 2.6300 3.4333
v -1.2500 2.5700 3.1000
v -1.2500 2.5900 3.1000
v -1.2500 2.6100 3.1000
v -1.2500 2.6300 3.1000
v -3.5500 2.6300 3.1000
v -3.5500 2.6300 3.4333
v -3.5500 2.6300 3.7667
v -3.5500 2.6300 4.1000
v -2.7833 2.6300 3.1000
v -2.7833 2.6300 3.4333
v -2.7833 2.6300 3.7667
v -2.7833 2.6300 4.1000
v -2.0167 2.6300 3.1000
v -2.0167 2.6300 3.4333
v -2.0167 2.6300 3.7667
v -2.0167 2.6300 4.1000
v -1.2500 2.6300 3.1000
v -1.2500 2.6300 3.4333
v -1.2500 2.6300 3.7667
v -1.2500 2.6300 4.1000
v -3.5500 2.5700 4.1000
v -3.5500 2.5700 3.7667
v -3.5500 2.5700 3.4333
v -3.5500 2.5700 3.1000
v -2.7833 2.5700 4.1000
v -2.7833 2.5700 3.7667
v -2.7833 2.5700 3.4333
v -2.7833 2.5700 3.1000
v -2.0167 2.5700 4.1000
v -2.0167 2.5700 3.7667
v -2.0167 2.5700 3.4333
v -2.0167 2.5700 3.1000
v -1.2500 2.5700 4.1000
v -1.2500 2.5700 3.7667
v -1.2500 2.5700 3.4333
v -1.2500 2.5700 3.1000
f 9913 9914 9918
f 9913 9918 9917
f 9914 9915 9919
f 9914 9919 9918
f 9915 9916 9920
f 9915 9920 9919
f 9917 9918 9922
f 9917 9922 9921
f 9918 9919 9923
f 9918 9923 9922
f 9919 9920 9924
f 9919 9924 9923
f 9921 9922 9926
f 9921 9926 9925
f 9922 9923 9927
f 9922 9927 9926
f 9923 9924 9928
f 9923 9928 9927
f 9929 9930 9934
f 9929 9934 9933
f 9930 9931 9935
f 9930 9935 9934
f 9931 9932 9936
f 9931 9936 9935
f 9933 9934 9938
f 9933 9938 9937
f 9934 9935 9939
f 9934 9939 9938
f 9935 9936 9940
f 9935 9940 9939
f 9937 9938 9942
f 9937 9942 9941
f 9938 9939 9943
f 9938 9943 9942
f 9939 9940 9944
f 9939 9944 9943
f 9945 9946 9950
f 9945 9950 9949
f 9946 9947 9951
f 9946 9951 9950
f 9947 9948 9952
f 9947 9952 9951
f 9949 9950 9954
f 9949 9954 9953
f 9950 9951 9955
f 9950 9955 9954
f 9951 9952 9956
f 9951 9956 9955
f 9953 9954 9958
f 9953 9958 9957
f 9954 9955 9959
f 9954 9959 9958
f 9955 9956 9960
f 9955 9960 9959
f 9961 9962 9966
f 9961 9966 9965
f 9962 9963 9967
f 9962 9967 9966
f 9963 9964 9968
f 9963 9968 9967
f 9965 9966 9970
f 9965 9970 9969
f 9966 9967 9971
f 9966 9971 9970
f 9967 9968 9972
f 9967 9972 9971
f 9969 9970 9974
f 9969 9974 9973
f 9970 9971 9975
f 9970 9975 9974
f 9971 9972 9976
f 9971 9976 9975
f 9977 9978 9982
f 9977 9982 9981
f 9978 9979 9983
f 9978 9983 9982
f 9979 9980 9984
f 9979 9984 9983
f 9981 9982 9986
f 9981 9986 9985
f 9982 9983 9987
f 9982 9987 9986
f 9983 9984 9988
f 9983 9988 9987
f 9985 9986 9990
f 9985 9990 9989
f 9986 9987 9991
f 9986 9991 9990
f 9987 9988 9992
f 9987 9992 9991
f 9993 9994 9998
f 9993 9998 9997
f 9994 9995 9999
f 9994 9999 9998
f 9995 9996 10000
f 9995 10000 9999
f 9997 9998 10002
f 9997 10002 10001
f 9998 9999 10003
f 9998 10003 10002
f 9999 10000 10004
f 9999 10004 10003
f 10001 10002 10006
f 10001 10006 10005
f 10002 10003 10007
f 10002 10007 10006
f 10003 10004 10008
f 10003 10008 10007
g 선반 단_48
v -1.1500 2.5700 -3.1000
v -1.1500 2.5900 -3.1000
v -1.1500 2.6100 -3.1000
v -1.1500 2.6300 -3.1000
v -0.3833 2.5700 -3.1000
v -0.3833 2.5900 -3.1000
v -0.3833 2.6100 -3.1000
v -0.3833 2.6300 -3.1000
v 0.3833 2.5700 -3.1000
v 0.3833 2.5900 -3.1000
v 0.3833 2.6100 -3.1000
v 0.3833 2.6300 -3.1000
v 1.1500 2.5700 -3.1000
v 1.1500 2.5900 -3.1000
v 1.1500 2.6100 -3.1000
v 1.1500 2.6300 -3.1000
v 1.1500 2.5700 -4.1000
v 1.1500 2.5900 -4.1000
v 1.1500 2.6100 -4.1000
v 1.1500 2.6300 -4.1000
v 0.3833 2.5700 -4.1000
v 0.3833 2.5900 -4.1000
v 0.3833 2.6100 -4.1000
v 0.3833 2.6300 -4.1000
v -0.3833 2.5700 -4.1000
v -0.3833 2.5900 -4.1000
v -0.3833 2.6100 -4.1000
v -0.3833 2.6300 -4.1000
v -1.1500 2.5700 -4.1000
v -1.1500 2.5900 -4.1000
v -1.1500 2.6100 -4.1000
v -1.1500 2.6300 -4.1000
v -1.1500 2.5700 -4.1000
v -1.1500 2.5900 -4.1000
v -1.1500 2.6100 -4.1000
v -1.1500 2.6300 -4.1000
v -1.1500 2.5700 -3.7667
v -1.1500 2.5900 -3.7667
v -1.1500 2.6100 -3.7667
v -1.1500 2.6300 -3.7667
v -1.1500 2.5700 -3.4333
v -1.1500 2.5900 -3.4333
v -1.1500 2.6100 -3.4333
v -1.1500 2.6300 -3.4333
v -1.1500 2.5700 -3.1000
v -1.1500 2.5900 -3.1000
v -1.1500 2.6100 -3.1000
v -1.1500 2.6300 -3.1000
v 1.1500 2.5700 -3.1000
v 1.1500 2.5900 -3.1000
v 1.1500 2.6100 -3.1000
v 1.1500 2.6300 -3.1000
v 1.1500 2.5700 -3.4333
v 1.1500 2.5900 -3.4333
v 1.1500 2.6100 -3.4333
v 1.1500 2.6300 -3.4333
v 1.1500 2.5700 -3.7667
v 1.1500 2.5900 -3.7667
v 1.1500 2.6100 -3.7667
v 1.1500 2.6300 -3.7667
v 1.1500 2.5700 -4.1000
v 1.1500 2.5900 -4.1000
v 1.1500 2.6100 -4.1000
v 1.1500 2.6300 -4.1000
v -1.1500 2.6300 -4.1000
v -1.1500 2.6300 -3.7667
v -1.1500 2.6300 -3.4333
v -1.1500 2.6300 -3.1000
v -0.3833 2.6300 -4.1000
v -0.3833 2.6300 -3.7667
v -0.3833 2.6300 -3.4333
v -0.3833 2.6300 -3.1000
v 0.3833 2.6300 -4.1000
v 0.3833 2.6300 -3.7667
v 0.3833 2.6300 -3.4333
v 0.3833 2.6300 -3.1000
v 1.1500 2.6300 -4.1000
v 1.1500 2.6300 -3.7667
v 1.1500 2.6300 -3.4333
v 1.1500 2.6300 -3.1000
v -1.1500 2.5700 -3.1000
v -1.1500 2.5700 -3.4333
v -1.1500 2.5700 -3.7667
v -1.1500 2.5700 -4.1000
v -0.3833 2.5700 -3.1000
v -0.3833 2.5700 -3.4333
v -0.3833 2.5700 -3.7667
v -0.3833 2.5700 -4.1000
v 0.3833 2.5700 -3.1000
v 0.3833 2.5700 -3.4333
v 0.3833 2.5700 -3.7667
v 0.3833 2.5700 -4.1000
v 1.1500 2.5700 -3.1000
v 1.1500 2.5700 -3.4333
v 1.1500 2.5700 -3.7667
v 1.1500 2.5700 -4.1000
f 10009 10010 10014
f 10009 10014 10013
f 10010 10011 10015
f 10010 10015 10014
f 10011 10012 10016
f 10011 10016 10015
f 10013 10014 10018
f 10013 10018 10017
f 10014 10015 10019
f 10014 10019 10018
f 10015 10016 10020
f 10015 10020 10019
f 10017 10018 10022
f 10017 10022 10021
f 10018 10019 10023
f 10018 10023 10022
f 10019 10020 10024
f 10019 10024 10023
f 10025 10026 10030
f 10025 10030 10029
f 10026 10027 10031
f 10026 10031 10030
f 10027 10028 10032
f 10027 10032 10031
f 10029 10030 10034
f 10029 10034 10033
f 10030 10031 10035
f 10030 10035 10034
f 10031 10032 10036
f 10031 10036 10035
f 10033 10034 10038
f 10033 10038 10037
f 10034 10035 10039
f 10034 10039 10038
f 10035 10036 10040
f 10035 10040 10039
f 10041 10042 10046
f 10041 10046 10045
f 10042 10043 10047
f 10042 10047 10046
f 10043 10044 10048
f 10043 10048 10047
f 10045 10046 10050
f 10045 10050 10049
f 10046 10047 10051
f 10046 10051 10050
f 10047 10048 10052
f 10047 10052 10051
f 10049 10050 10054
f 10049 10054 10053
f 10050 10051 10055
f 10050 10055 10054
f 10051 10052 10056
f 10051 10056 10055
f 10057 10058 10062
f 10057 10062 10061
f 10058 10059 10063
f 10058 10063 10062
f 10059 10060 10064
f 10059 10064 10063
f 10061 10062 10066
f 10061 10066 10065
f 10062 10063 10067
f 10062 10067 10066
f 10063 10064 10068
f 10063 10068 10067
f 10065 10066 10070
f 10065 10070 10069
f 10066 10067 10071
f 10066 10071 10070
f 10067 10068 10072
f 10067 10072 10071
f 10073 10074 10078
f 10073 10078 10077
f 10074 10075 10079
f 10074 10079 10078
f 10075 10076 10080
f 10075 10080 10079
f 10077 10078 10082
f 10077 10082 10081
f 10078 10079 10083
f 10078 10083 10082
f 10079 10080 10084
f 10079 10084 10083
f 10081 10082 10086
f 10081 10086 10085
f 10082 10083 10087
f 10082 10087 10086
f 10083 10084 10088
f 10083 10088 10087
f 10089 10090 10094
f 10089 10094 10093
f 10090 10091 10095
f 10090 10095 10094
f 10091 10092 10096
f 10091 10096 10095
f 10093 10094 10098
f 10093 10098 10097
f 10094 10095 10099
f 10094 10099 10098
f 10095 10096 10100
f 10095 10100 10099
f 10097 10098 10102
f 10097 10102 10101
f 10098 10099 10103
f 10098 10103 10102
f 10099 10100 10104
f 10099 10104 10103
g 선반 단_49
v -1.1500 2.5700 -0.7000
v -1.1500 2.5900 -0.7000
v -1.1500 2.6100 -0.7000
v -1.1500 2.6300 -0.7000
v -0.3833 2.5700 -0.7000
v -0.3833 2.5900 -0.7000
v -0.3833 2.6100 -0.7000
v -0.3833 2.6300 -0.7000
v 0.3833 2.5700 -0.7000
v 0.3833 2.5900 -0.7000
v 0.3833 2.6100 -0.7000
v 0.3833 2.6300 -0.7000
v 1.1500 2.5700 -0.7000
v 1.1500 2.5900 -0.7000
v 1.1500 2.6100 -0.7000
v 1.1500 2.6300 -0.7000
v 1.1500 2.5700 -1.7000
v 1.1500 2.5900 -1.7000
v 1.1500 2.6100 -1.7000
v 1.1500 2.6300 -1.7000
v 0.3833 2.5700 -1.7000
v 0.3833 2.5900 -1.7000
v 0.3833 2.6100 -1.7000
v 0.3833 2.6300 -1.7000
v -0.3833 2.5700 -1.7000
v -0.3833 2.5900 -1.7000
v -0.3833 2.6100 -1.7000
v -0.3833 2.6300 -1.7000
v -1.1500 2.5700 -1.7000
v -1.1500 2.5900 -1.7000
v -1.1500 2.6100 -1.7000
v -1.1500 2.6300 -1.7000
v -1.1500 2.5700 -1.7000
v -1.1500 2.5900 -1.7000
v -1.1500 2.6100 -1.7000
v -1.1500 2.6300 -1.7000
v -1.1500 2.5700 -1.3667
v -1.1500 2.5900 -1.3667
v -1.1500 2.6100 -1.3667
v -1.1500 2.6300 -1.3667
v -1.1500 2.5700 -1.0333
v -1.1500 2.5900 -1.0333
v -1.1500 2.6100 -1.0333
v -1.1500 2.6300 -1.0333
v -1.1500 2.5700 -0.7000
v -1.1500 2.5900 -0.7000
v -1.1500 2.6100 -0.7000
v -1.1500 2.6300 -0.7000
v 1.1500 2.5700 -0.7000
v 1.1500 2.5900 -0.7000
v 1.1500 2.6100 -0.7000
v 1.1500 2.6300 -0.7000
v 1.1500 2.5700 -1.0333
v 1.1500 2.5900 -1.0333
v 1.1500 2.6100 -1.0333
v 1.1500 2.6300 -1.0333
v 1.1500 2.5700 -1.3667
v 1.1500 2.5900 -1.3667
v 1.1500 2.6100 -1.3667
v 1.1500 2.6300 -1.3667
v 1.1500 2.5700 -1.7000
v 1.1500 2.5900 -1.7000
v 1.1500 2.6100 -1.7000
v 1.1500 2.6300 -1.7000
v -1.1500 2.6300 -1.7000
v -1.1500 2.6300 -1.3667
v -1.1500 2.6300 -1.0333
v -1.1500 2.6300 -0.7000
v -0.3833 2.6300 -1.7000
v -0.3833 2.6300 -1.3667
v -0.3833 2.6300 -1.0333
v -0.3833 2.6300 -0.7000
v 0.3833 2.6300 -1.7000
v 0.3833 2.6300 -1.3667
v 0.3833 2.6300 -1.0333
v 0.3833 2.6300 -0.7000
v 1.1500 2.6300 -1.7000
v 1.1500 2.6300 -1.3667
v 1.1500 2.6300 -1.0333
v 1.1500 2.6300 -0.7000
v -1.1500 2.5700 -0.7000
v -1.1500 2.5700 -1.0333
v -1.1500 2.5700 -1.3667
v -1.1500 2.5700 -1.7000
v -0.3833 2.5700 -0.7000
v -0.3833 2.5700 -1.0333
v -0.3833 2.5700 -1.3667
v -0.3833 2.5700 -1.7000
v 0.3833 2.5700 -0.7000
v 0.3833 2.5700 -1.0333
v 0.3833 2.5700 -1.3667
v 0.3833 2.5700 -1.7000
v 1.1500 2.5700 -0.7000
v 1.1500 2.5700 -1.0333
v 1.1500 2.5700 -1.3667
v 1.1500 2.5700 -1.7000
f 10105 10106 10110
f 10105 10110 10109
f 10106 10107 10111
f 10106 10111 10110
f 10107 10108 10112
f 10107 10112 10111
f 10109 10110 10114
f 10109 10114 10113
f 10110 10111 10115
f 10110 10115 10114
f 10111 10112 10116
f 10111 10116 10115
f 10113 10114 10118
f 10113 10118 10117
f 10114 10115 10119
f 10114 10119 10118
f 10115 10116 10120
f 10115 10120 10119
f 10121 10122 10126
f 10121 10126 10125
f 10122 10123 10127
f 10122 10127 10126
f 10123 10124 10128
f 10123 10128 10127
f 10125 10126 10130
f 10125 10130 10129
f 10126 10127 10131
f 10126 10131 10130
f 10127 10128 10132
f 10127 10132 10131
f 10129 10130 10134
f 10129 10134 10133
f 10130 10131 10135
f 10130 10135 10134
f 10131 10132 10136
f 10131 10136 10135
f 10137 10138 10142
f 10137 10142 10141
f 10138 10139 10143
f 10138 10143 10142
f 10139 10140 10144
f 10139 10144 10143
f 10141 10142 10146
f 10141 10146 10145
f 10142 10143 10147
f 10142 10147 10146
f 10143 10144 10148
f 10143 10148 10147
f 10145 10146 10150
f 10145 10150 10149
f 10146 10147 10151
f 10146 10151 10150
f 10147 10148 10152
f 10147 10152 10151
f 10153 10154 10158
f 10153 10158 10157
f 10154 10155 10159
f 10154 10159 10158
f 10155 10156 10160
f 10155 10160 10159
f 10157 10158 10162
f 10157 10162 10161
f 10158 10159 10163
f 10158 10163 10162
f 10159 10160 10164
f 10159 10164 10163
f 10161 10162 10166
f 10161 10166 10165
f 10162 10163 10167
f 10162 10167 10166
f 10163 10164 10168
f 10163 10168 10167
f 10169 10170 10174
f 10169 10174 10173
f 10170 10171 10175
f 10170 10175 10174
f 10171 10172 10176
f 10171 10176 10175
f 10173 10174 10178
f 10173 10178 10177
f 10174 10175 10179
f 10174 10179 10178
f 10175 10176 10180
f 10175 10180 10179
f 10177 10178 10182
f 10177 10182 10181
f 10178 10179 10183
f 10178 10183 10182
f 10179 10180 10184
f 10179 10184 10183
f 10185 10186 10190
f 10185 10190 10189
f 10186 10187 10191
f 10186 10191 10190
f 10187 10188 10192
f 10187 10192 10191
f 10189 10190 10194
f 10189 10194 10193
f 10190 10191 10195
f 10190 10195 10194
f 10191 10192 10196
f 10191 10196 10195
f 10193 10194 10198
f 10193 10198 10197
f 10194 10195 10199
f 10194 10199 10198
f 10195 10196 10200
f 10195 10200 10199
g 선반 단_50
v -1.1500 2.5700 1.7000
v -1.1500 2.5900 1.7000
v -1.1500 2.6100 1.7000
v -1.1500 2.6300 1.7000
v -0.3833 2.5700 1.7000
v -0.3833 2.5900 1.7000
v -0.3833 2.6100 1.7000
v -0.3833 2.6300 1.7000
v 0.3833 2.5700 1.7000
v 0.3833 2.5900 1.7000
v 0.3833 2.6100 1.7000
v 0.3833 2.6300 1.7000
v 1.1500 2.5700 1.7000
v 1.1500 2.5900 1.7000
v 1.1500 2.6100 1.7000
v 1.1500 2.6300 1.7000
v 1.1500 2.5700 0.7000
v 1.1500 2.5900 0.7000
v 1.1500 2.6100 0.7000
v 1.1500 2.6300 0.7000
v 0.3833 2.5700 0.7000
v 0.3833 2.5900 0.7000
v 0.3833 2.6100 0.7000
v 0.3833 2.6300 0.7000
v -0.3833 2.5700 0.7000
v -0.3833 2.5900 0.7000
v -0.3833 2.6100 0.7000
v -0.3833 2.6300 0.7000
v -1.1500 2.5700 0.7000
v -1.1500 2.5900 0.7000
v -1.1500 2.6100 0.7000
v -1.1500 2.6300 0.7000
v -1.1500 2.5700 0.7000
v -1.1500 2.5900 0.7000
v -1.1500 2.6100 0.7000
v -1.1500 2.6300 0.7000
v -1.1500 2.5700 1.0333
v -1.1500 2.5900 1.0333
v -1.1500 2.6100 1.0333
v -1.1500 2.6300 1.0333
v -1.1500 2.5700 1.3667
v -1.1500 2.5900 1.3667
v -1.1500 2.6100 1.3667
v -1.1500 2.6300 1.3667
v -1.1500 2.5700 1.7000
v -1.1500 2.5900 1.7000
v -1.1500 2.6100 1.7000
v -1.1500 2.6300 1.7000
v 1.1500 2.5700 1.7000
v 1.1500 2.5900 1.7000
v 1.1500 2.6100 1.7000
v 1.1500 2.6300 1.7000
v 1.1500 2.5700 1.3667
v 1.1500 2.5900 1.3667
v 1.1500 2.6100 1.3667
v 1.1500 2.6300 1.3667
v 1.1500 2.5700 1.0333
v 1.1500 2.5900 1.0333
v 1.1500 2.6100 1.0333
v 1.1500 2.6300 1.0333
v 1.1500 2.5700 0.7000
v 1.1500 2.5900 0.7000
v 1.1500 2.6100 0.7000
v 1.1500 2.6300 0.7000
v -1.1500 2.6300 0.7000
v -1.1500 2.6300 1.0333
v -1.1500 2.6300 1.3667
v -1.1500 2.6300 1.7000
v -0.3833 2.6300 0.7000
v -0.3833 2.6300 1.0333
v -0.3833 2.6300 1.3667
v -0.3833 2.6300 1.7000
v 0.3833 2.6300 0.7000
v 0.3833 2.6300 1.0333
v 0.3833 2.6300 1.3667
v 0.3833 2.6300 1.7000
v 1.1500 2.6300 0.7000
v 1.1500 2.6300 1.0333
v 1.1500 2.6300 1.3667
v 1.1500 2.6300 1.7000
v -1.1500 2.5700 1.7000
v -1.1500 2.5700 1.3667
v -1.1500 2.5700 1.0333
v -1.1500 2.5700 0.7000
v -0.3833 2.5700 1.7000
v -0.3833 2.5700 1.3667
v -0.3833 2.5700 1.0333
v -0.3833 2.5700 0.7000
v 0.3833 2.5700 1.7000
v 0.3833 2.5700 1.3667
v 0.3833 2.5700 1.0333
v 0.3833 2.5700 0.7000
v 1.1500 2.5700 1.7000
v 1.1500 2.5700 1.3667
v 1.1500 2.5700 1.0333
v 1.1500 2.5700 0.7000
f 10201 10202 10206
f 10201 10206 10205
f 10202 10203 10207
f 10202 10207 10206
f 10203 10204 10208
f 10203 10208 10207
f 10205 10206 10210
f 10205 10210 10209
f 10206 10207 10211
f 10206 10211 10210
f 10207 10208 10212
f 10207 10212 10211
f 10209 10210 10214
f 10209 10214 10213
f 10210 10211 10215
f 10210 10215 10214
f 10211 10212 10216
f 10211 10216 10215
f 10217 10218 10222
f 10217 10222 10221
f 10218 10219 10223
f 10218 10223 10222
f 10219 10220 10224
f 10219 10224 10223
f 10221 10222 10226
f 10221 10226 10225
f 10222 10223 10227
f 10222 10227 10226
f 10223 10224 10228
f 10223 10228 10227
f 10225 10226 10230
f 10225 10230 10229
f 10226 10227 10231
f 10226 10231 10230
f 10227 10228 10232
f 10227 10232 10231
f 10233 10234 10238
f 10233 10238 10237
f 10234 10235 10239
f 10234 10239 10238
f 10235 10236 10240
f 10235 10240 10239
f 10237 10238 10242
f 10237 10242 10241
f 10238 10239 10243
f 10238 10243 10242
f 10239 10240 10244
f 10239 10244 10243
f 10241 10242 10246
f 10241 10246 10245
f 10242 10243 10247
f 10242 10247 10246
f 10243 10244 10248
f 10243 10248 10247
f 10249 10250 10254
f 10249 10254 10253
f 10250 10251 10255
f 10250 10255 10254
f 10251 10252 10256
f 10251 10256 10255
f 10253 10254 10258
f 10253 10258 10257
f 10254 10255 10259
f 10254 10259 10258
f 10255 10256 10260
f 10255 10260 10259
f 10257 10258 10262
f 10257 10262 10261
f 10258 10259 10263
f 10258 10263 10262
f 10259 10260 10264
f 10259 10264 10263
f 10265 10266 10270
f 10265 10270 10269
f 10266 10267 10271
f 10266 10271 10270
f 10267 10268 10272
f 10267 10272 10271
f 10269 10270 10274
f 10269 10274 10273
f 10270 10271 10275
f 10270 10275 10274
f 10271 10272 10276
f 10271 10276 10275
f 10273 10274 10278
f 10273 10278 10277
f 10274 10275 10279
f 10274 10279 10278
f 10275 10276 10280
f 10275 10280 10279
f 10281 10282 10286
f 10281 10286 10285
f 10282 10283 10287
f 10282 10287 10286
f 10283 10284 10288
f 10283 10288 10287
f 10285 10286 10290
f 10285 10290 10289
f 10286 10287 10291
f 10286 10291 10290
f 10287 10288 10292
f 10287 10292 10291
f 10289 10290 10294
f 10289 10294 10293
f 10290 10291 10295
f 10290 10295 10294
f 10291 10292 10296
f 10291 10296 10295
g 선반 단_51
v -1.1500 2.5700 4.1000
v -1.1500 2.5900 4.1000
v -1.1500 2.6100 4.1000
v -1.1500 2.6300 4.1000
v -0.3833 2.5700 4.1000
v -0.3833 2.5900 4.1000
v -0.3833 2.6100 4.1000
v -0.3833 2.6300 4.1000
v 0.3833 2.5700 4.1000
v 0.3833 2.5900 4.1000
v 0.3833 2.6100 4.1000
v 0.3833 2.6300 4.1000
v 1.1500 2.5700 4.1000
v 1.1500 2.5900 4.1000
v 1.1500 2.6100 4.1000
v 1.1500 2.6300 4.1000
v 1.1500 2.5700 3.1000
v 1.1500 2.5900 3.1000
v 1.1500 2.6100 3.1000
v 1.1500 2.6300 3.1000
v 0.3833 2.5700 3.1000
v 0.3833 2.5900 3.1000
v 0.3833 2.6100 3.1000
v 0.3833 2.6300 3.1000
v -0.3833 2.5700 3.1000
v -0.3833 2.5900 3.1000
v -0.3833 2.6100 3.1000
v -0.3833 2.6300 3.1000
v -1.1500 2.5700 3.1000
v -1.1500 2.5900 3.1000
v -1.1500 2.6100 3.1000
v -1.1500 2.6300 3.1000
v -1.1500 2.5700 3.1000
v -1.1500 2.5900 3.1000
v -1.1500 2.6100 3.1000
v -1.1500 2.6300 3.1000
v -1.1500 2.5700 3.4333
v -1.1500 2.5900 3.4333
v -1.1500 2.6100 3.4333
v -1.1500 2.6300 3.4333
v -1.1500 2.5700 3.7667
v -1.1500 2.5900 3.7667
v -1.1500 2.6100 3.7667
v -1.1500 2.6300 3.7667
v -1.1500 2.5700 4.1000
v -1.1500 2.5900 4.1000
v -1.1500 2.6100 4.1000
v -1.1500 2.6300 4.1000
v 1.1500 2.5700 4.1000
v 1.1500 2.5900 4.1000
v 1.1500 2.6100 4.1000
v 1.1500 2.6300 4.1000
v 1.1500 2.5700 3.7667
v 1.1500 2.5900 3.7667
v 1.1500 2.6100 3.7667
v 1.1500 2.6300 3.7667
v 1.1500 2.5700 3.4333
v 1.1500 2.5900 3.4333
v 1.1500 2.6100 3.4333
v 1.1500 2.6300 3.4333
v 1.1500 2.5700 3.1000
v 1.1500 2.5900 3.1000
v 1.1500 2.6100 3.1000
v 1.1500 2.6300 3.1000
v -1.1500 2.6300 3.1000
v -1.1500 2.6300 3.4333
v -1.1500 2.6300 3.7667
v -1.1500 2.6300 4.1000
v -0.3833 2.6300 3.1000
v -0.3833 2.6300 3.4333
v -0.3833 2.6300 3.7667
v -0.3833 2.6300 4.1000
v 0.3833 2.6300 3.1000
v 0.3833 2.6300 3.4333
v 0.3833 2.6300 3.7667
v 0.3833 2.6300 4.1000
v 1.1500 2.6300 3.1000
v 1.1500 2.6300 3.4333
v 1.1500 2.6300 3.7667
v 1.1500 2.6300 4.1000
v -1.1500 2.5700 4.1000
v -1.1500 2.5700 3.7667
v -1.1500 2.5700 3.4333
v -1.1500 2.5700 3.1000
v -0.3833 2.5700 4.1000
v -0.3833 2.5700 3.7667
v -0.3833 2.5700 3.4333
v -0.3833 2.5700 3.1000
v 0.3833 2.5700 4.1000
v 0.3833 2.5700 3.7667
v 0.3833 2.5700 3.4333
v 0.3833 2.5700 3.1000
v 1.1500 2.5700 4.1000
v 1.1500 2.5700 3.7667
v 1.1500 2.5700 3.4333
v 1.1500 2.5700 3.1000
f 10297 10298 10302
f 10297 10302 10301
f 10298 10299 10303
f 10298 10303 10302
f 10299 10300 10304
f 10299 10304 10303
f 10301 10302 10306
f 10301 10306 10305
f 10302 10303 10307
f 10302 10307 10306
f 10303 10304 10308
f 10303 10308 10307
f 10305 10306 10310
f 10305 10310 10309
f 10306 10307 10311
f 10306 10311 10310
f 10307 10308 10312
f 10307 10312 10311
f 10313 10314 10318
f 10313 10318 10317
f 10314 10315 10319
f 10314 10319 10318
f 10315 10316 10320
f 10315 10320 10319
f 10317 10318 10322
f 10317 10322 10321
f 10318 10319 10323
f 10318 10323 10322
f 10319 10320 10324
f 10319 10324 10323
f 10321 10322 10326
f 10321 10326 10325
f 10322 10323 10327
f 10322 10327 10326
f 10323 10324 10328
f 10323 10328 10327
f 10329 10330 10334
f 10329 10334 10333
f 10330 10331 10335
f 10330 10335 10334
f 10331 10332 10336
f 10331 10336 10335
f 10333 10334 10338
f 10333 10338 10337
f 10334 10335 10339
f 10334 10339 10338
f 10335 10336 10340
f 10335 10340 10339
f 10337 10338 10342
f 10337 10342 10341
f 10338 10339 10343
f 10338 10343 10342
f 10339 10340 10344
f 10339 10344 10343
f 10345 10346 10350
f 10345 10350 10349
f 10346 10347 10351
f 10346 10351 10350
f 10347 10348 10352
f 10347 10352 10351
f 10349 10350 10354
f 10349 10354 10353
f 10350 10351 10355
f 10350 10355 10354
f 10351 10352 10356
f 10351 10356 10355
f 10353 10354 10358
f 10353 10358 10357
f 10354 10355 10359
f 10354 10359 10358
f 10355 10356 10360
f 10355 10360 10359
f 10361 10362 10366
f 10361 10366 10365
f 10362 10363 10367
f 10362 10367 10366
f 10363 10364 10368
f 10363 10368 10367
f 10365 10366 10370
f 10365 10370 10369
f 10366 10367 10371
f 10366 10371 10370
f 10367 10368 10372
f 10367 10372 10371
f 10369 10370 10374
f 10369 10374 10373
f 10370 10371 10375
f 10370 10375 10374
f 10371 10372 10376
f 10371 10376 10375
f 10377 10378 10382
f 10377 10382 10381
f 10378 10379 10383
f 10378 10383 10382
f 10379 10380 10384
f 10379 10384 10383
f 10381 10382 10386
f 10381 10386 10385
f 10382 10383 10387
f 10382 10387 10386
f 10383 10384 10388
f 10383 10388 10387
f 10385 10386 10390
f 10385 10390 10389
f 10386 10387 10391
f 10386 10391 10390
f 10387 10388 10392
f 10387 10392 10391
g 선반 단_52
v 1.2500 2.5700 -3.1000
v 1.2500 2.5900 -3.1000
v 1.2500 2.6100 -3.1000
v 1.2500 2.6300 -3.1000
v 2.0167 2.5700 -3.1000
v 2.0167 2.5900 -3.1000
v 2.0167 2.6100 -3.1000
v 2.0167 2.6300 -3.1000
v 2.7833 2.5700 -3.1000
v 2.7833 2.5900 -3.1000
v 2.7833 2.6100 -3.1000
v 2.7833 2.6300 -3.1000
v 3.5500 2.5700 -3.1000
v 3.5500 2.5900 -3.1000
v 3.5500 2.6100 -3.1000
v 3.5500 2.6300 -3.1000
v 3.5500 2.5700 -4.1000
v 3.5500 2.5900 -4.1000
v 3.5500 2.6100 -4.1000
v 3.5500 2.6300 -4.1000
v 2.7833 2.5700 -4.1000
v 2.7833 2.5900 -4.1000
v 2.7833 2.6100 -4.1000
v 2.7833 2.6300 -4.1000
v 2.0167 2.5700 -4.1000
v 2.0167 2.5900 -4.1000
v 2.0167 2.6100 -4.1000
v 2.0167 2.6300 -4.1000
v 1.2500 2.5700 -4.1000
v 1.2500 2.5900 -4.1000
v 1.2500 2.6100 -4.1000
v 1.2500 2.6300 -4.1000
v 1.2500 2.5700 -4.1000
v 1.2500 2.5900 -4.1000
v 1.2500 2.6100 -4.1000
v 1.2500 2.6300 -4.1000
v 1.2500 2.5700 -3.7667
v 1.2500 2.5900 -3.7667
v 1.2500 2.6100 -3.7667
v 1.2500 2.6300 -3.7667
v 1.2500 2.5700 -3.4333
v 1.2500 2.5900 -3.4333
v 1.2500 2.6100 -3.4333
v 1.2500 2.6300 -3.4333
v 1.2500 2.5700 -3.1000
v 1.2500 2.5900 -3.1000
v 1.2500 2.6100 -3.1000
v 1.2500 2.6300 -3.1000
v 3.5500 2.5700 -3.1000
v 3.5500 2.5900 -3.1000
v 3.5500 2.6100 -3.1000
v 3.5500 2.6300 -3.1000
v 3.5500 2.5700 -3.4333
v 3.5500 2.5900 -3.4333
v 3.5500 2.6100 -3.4333
v 3.5500 2.6300 -3.4333
v 3.5500 2.5700 -3.7667
v 3.5500 2.5900 -3.7667
v 3.5500 2.6100 -3.7667
v 3.5500 2.6300 -3.7667
v 3.5500 2.5700 -4.1000
v 3.5500 2.5900 -4.1000
v 3.5500 2.6100 -4.1000
v 3.5500 2.6300 -4.1000
v 1.2500 2.6300 -4.1000
v 1.2500 2.6300 -3.7667
v 1.2500 2.6300 -3.4333
v 1.2500 2.6300 -3.1000
v 2.0167 2.6300 -4.1000
v 2.0167 2.6300 -3.7667
v 2.0167 2.6300 -3.4333
v 2.0167 2.6300 -3.1000
v 2.7833 2.6300 -4.1000
v 2.7833 2.6300 -3.7667
v 2.7833 2.6300 -3.4333
v 2.7833 2.6300 -3.1000
v 3.5500 2.6300 -4.1000
v 3.5500 2.6300 -3.7667
v 3.5500 2.6300 -3.4333
v 3.5500 2.6300 -3.1000
v 1.2500 2.5700 -3.1000
v 1.2500 2.5700 -3.4333
v 1.2500 2.5700 -3.7667
v 1.2500 2.5700 -4.1000
v 2.0167 2.5700 -3.1000
v 2.0167 2.5700 -3.4333
v 2.0167 2.5700 -3.7667
v 2.0167 2.5700 -4.1000
v 2.7833 2.5700 -3.1000
v 2.7833 2.5700 -3.4333
v 2.7833 2.5700 -3.7667
v 2.7833 2.5700 -4.1000
v 3.5500 2.5700 -3.1000
v 3.5500 2.5700 -3.4333
v 3.5500 2.5700 -3.7667
v 3.5500 2.5700 -4.1000
f 10393 10394 10398
f 10393 10398 10397
f 10394 10395 10399
f 10394 10399 10398
f 10395 10396 10400
f 10395 10400 10399
f 10397 10398 10402
f 10397 10402 10401
f 10398 10399 10403
f 10398 10403 10402
f 10399 10400 10404
f 10399 10404 10403
f 10401 10402 10406
f 10401 10406 10405
f 10402 10403 10407
f 10402 10407 10406
f 10403 10404 10408
f 10403 10408 10407
f 10409 10410 10414
f 10409 10414 10413
f 10410 10411 10415
f 10410 10415 10414
f 10411 10412 10416
f 10411 10416 10415
f 10413 10414 10418
f 10413 10418 10417
f 10414 10415 10419
f 10414 10419 10418
f 10415 10416 10420
f 10415 10420 10419
f 10417 10418 10422
f 10417 10422 10421
f 10418 10419 10423
f 10418 10423 10422
f 10419 10420 10424
f 10419 10424 10423
f 10425 10426 10430
f 10425 10430 10429
f 10426 10427 10431
f 10426 10431 10430
f 10427 10428 10432
f 10427 10432 10431
f 10429 10430 10434
f 10429 10434 10433
f 10430 10431 10435
f 10430 10435 10434
f 10431 10432 10436
f 10431 10436 10435
f 10433 10434 10438
f 10433 10438 10437
f 10434 10435 10439
f 10434 10439 10438
f 10435 10436 10440
f 10435 10440 10439
f 10441 10442 10446
f 10441 10446 10445
f 10442 10443 10447
f 10442 10447 10446
f 10443 10444 10448
f 10443 10448 10447
f 10445 10446 10450
f 10445 10450 10449
f 10446 10447 10451
f 10446 10451 10450
f 10447 10448 10452
f 10447 10452 10451
f 10449 10450 10454
f 10449 10454 10453
f 10450 10451 10455
f 10450 10455 10454
f 10451 10452 10456
f 10451 10456 10455
f 10457 10458 10462
f 10457 10462 10461
f 10458 10459 10463
f 10458 10463 10462
f 10459 10460 10464
f 10459 10464 10463
f 10461 10462 10466
f 10461 10466 10465
f 10462 10463 10467
f 10462 10467 10466
f 10463 10464 10468
f 10463 10468 10467
f 10465 10466 10470
f 10465 10470 10469
f 10466 10467 10471
f 10466 10471 10470
f 10467 10468 10472
f 10467 10472 10471
f 10473 10474 10478
f 10473 10478 10477
f 10474 10475 10479
f 10474 10479 10478
f 10475 10476 10480
f 10475 10480 10479
f 10477 10478 10482
f 10477 10482 10481
f 10478 10479 10483
f 10478 10483 10482
f 10479 10480 10484
f 10479 10484 10483
f 10481 10482 10486
f 10481 10486 10485
f 10482 10483 10487
f 10482 10487 10486
f 10483 10484 10488
f 10483 10488 10487
g 선반 단_53
v 1.2500 2.5700 -0.7000
v 1.2500 2.5900 -0.7000
v 1.2500 2.6100 -0.7000
v 1.2500 2.6300 -0.7000
v 2.0167 2.5700 -0.7000
v 2.0167 2.5900 -0.7000
v 2.0167 2.6100 -0.7000
v 2.0167 2.6300 -0.7000
v 2.7833 2.5700 -0.7000
v 2.7833 2.5900 -0.7000
v 2.7833 2.6100 -0.7000
v 2.7833 2.6300 -0.7000
v 3.5500 2.5700 -0.7000
v 3.5500 2.5900 -0.7000
v 3.5500 2.6100 -0.7000
v 3.5500 2.6300 -0.7000
v 3.5500 2.5700 -1.7000
v 3.5500 2.5900 -1.7000
v 3.5500 2.6100 -1.7000
v 3.5500 2.6300 -1.7000
v 2.7833 2.5700 -1.7000
v 2.7833 2.5900 -1.7000
v 2.7833 2.6100 -1.7000
v 2.7833 2.6300 -1.7000
v 2.0167 2.5700 -1.7000
v 2.0167 2.5900 -1.7000
v 2.0167 2.6100 -1.7000
v 2.0167 2.6300 -1.7000
v 1.2500 2.5700 -1.7000
v 1.2500 2.5900 -1.7000
v 1.2500 2.6100 -1.7000
v 1.2500 2.6300 -1.7000
v 1.2500 2.5700 -1.7000
v 1.2500 2.5900 -1.7000
v 1.2500 2.6100 -1.7000
v 1.2500 2.6300 -1.7000
v 1.2500 2.5700 -1.3667
v 1.2500 2.5900 -1.3667
v 1.2500 2.6100 -1.3667
v 1.2500 2.6300 -1.3667
v 1.2500 2.5700 -1.0333
v 1.2500 2.5900 -1.0333
v 1.2500 2.6100 -1.0333
v 1.2500 2.6300 -1.0333
v 1.2500 2.5700 -0.7000
v 1.2500 2.5900 -0.7000
v 1.2500 2.6100 -0.7000
v 1.2500 2.6300 -0.7000
v 3.5500 2.5700 -0.7000
v 3.5500 2.5900 -0.7000
v 3.5500 2.6100 -0.7000
v 3.5500 2.6300 -0.7000
v 3.5500 2.5700 -1.0333
v 3.5500 2.5900 -1.0333
v 3.5500 2.6100 -1.0333
v 3.5500 2.6300 -1.0333
v 3.5500 2.5700 -1.3667
v 3.5500 2.5900 -1.3667
v 3.5500 2.6100 -1.3667
v 3.5500 2.6300 -1.3667
v 3.5500 2.5700 -1.7000
v 3.5500 2.5900 -1.7000
v 3.5500 2.6100 -1.7000
v 3.5500 2.6300 -1.7000
v 1.2500 2.6300 -1.7000
v 1.2500 2.6300 -1.3667
v 1.2500 2.6300 -1.0333
v 1.2500 2.6300 -0.7000
v 2.0167 2.6300 -1.7000
v 2.0167 2.6300 -1.3667
v 2.0167 2.6300 -1.0333
v 2.0167 2.6300 -0.7000
v 2.7833 2.6300 -1.7000
v 2.7833 2.6300 -1.3667
v 2.7833 2.6300 -1.0333
v 2.7833 2.6300 -0.7000
v 3.5500 2.6300 -1.7000
v 3.5500 2.6300 -1.3667
v 3.5500 2.6300 -1.0333
v 3.5500 2.6300 -0.7000
v 1.2500 2.5700 -0.7000
v 1.2500 2.5700 -1.0333
v 1.2500 2.5700 -1.3667
v 1.2500 2.5700 -1.7000
v 2.0167 2.5700 -0.7000
v 2.0167 2.5700 -1.0333
v 2.0167 2.5700 -1.3667
v 2.0167 2.5700 -1.7000
v 2.7833 2.5700 -0.7000
v 2.7833 2.5700 -1.0333
v 2.7833 2.5700 -1.3667
v 2.7833 2.5700 -1.7000
v 3.5500 2.5700 -0.7000
v 3.5500 2.5700 -1.0333
v 3.5500 2.5700 -1.3667
v 3.5500 2.5700 -1.7000
f 10489 10490 10494
f 10489 10494 10493
f 10490 10491 10495
f 10490 10495 10494
f 10491 10492 10496
f 10491 10496 10495
f 10493 10494 10498
f 10493 10498 10497
f 10494 10495 10499
f 10494 10499 10498
f 10495 10496 10500
f 10495 10500 10499
f 10497 10498 10502
f 10497 10502 10501
f 10498 10499 10503
f 10498 10503 10502
f 10499 10500 10504
f 10499 10504 10503
f 10505 10506 10510
f 10505 10510 10509
f 10506 10507 10511
f 10506 10511 10510
f 10507 10508 10512
f 10507 10512 10511
f 10509 10510 10514
f 10509 10514 10513
f 10510 10511 10515
f 10510 10515 10514
f 10511 10512 10516
f 10511 10516 10515
f 10513 10514 10518
f 10513 10518 10517
f 10514 10515 10519
f 10514 10519 10518
f 10515 10516 10520
f 10515 10520 10519
f 10521 10522 10526
f 10521 10526 10525
f 10522 10523 10527
f 10522 10527 10526
f 10523 10524 10528
f 10523 10528 10527
f 10525 10526 10530
f 10525 10530 10529
f 10526 10527 10531
f 10526 10531 10530
f 10527 10528 10532
f 10527 10532 10531
f 10529 10530 10534
f 10529 10534 10533
f 10530 10531 10535
f 10530 10535 10534
f 10531 10532 10536
f 10531 10536 10535
f 10537 10538 10542
f 10537 10542 10541
f 10538 10539 10543
f 10538 10543 10542
f 10539 10540 10544
f 10539 10544 10543
f 10541 10542 10546
f 10541 10546 10545
f 10542 10543 10547
f 10542 10547 10546
f 10543 10544 10548
f 10543 10548 10547
f 10545 10546 10550
f 10545 10550 10549
f 10546 10547 10551
f 10546 10551 10550
f 10547 10548 10552
f 10547 10552 10551
f 10553 10554 10558
f 10553 10558 10557
f 10554 10555 10559
f 10554 10559 10558
f 10555 10556 10560
f 10555 10560 10559
f 10557 10558 10562
f 10557 10562 10561
f 10558 10559 10563
f 10558 10563 10562
f 10559 10560 10564
f 10559 10564 10563
f 10561 10562 10566
f 10561 10566 10565
f 10562 10563 10567
f 10562 10567 10566
f 10563 10564 10568
f 10563 10568 10567
f 10569 10570 10574
f 10569 10574 10573
f 10570 10571 10575
f 10570 10575 10574
f 10571 10572 10576
f 10571 10576 10575
f 10573 10574 10578
f 10573 10578 10577
f 10574 10575 10579
f 10574 10579 10578
f 10575 10576 10580
f 10575 10580 10579
f 10577 10578 10582
f 10577 10582 10581
f 10578 10579 10583
f 10578 10583 10582
f 10579 10580 10584
f 10579 10584 10583
g 선반 단_54
v 1.2500 2.5700 1.7000
v 1.2500 2.5900 1.7000
v 1.2500 2.6100 1.7000
v 1.2500 2.6300 1.7000
v 2.0167 2.5700 1.7000
v 2.0167 2.5900 1.7000
v 2.0167 2.6100 1.7000
v 2.0167 2.6300 1.7000
v 2.7833 2.5700 1.7000
v 2.7833 2.5900 1.7000
v 2.7833 2.6100 1.7000
v 2.7833 2.6300 1.7000
v 3.5500 2.5700 1.7000
v 3.5500 2.5900 1.7000
v 3.5500 2.6100 1.7000
v 3.5500 2.6300 1.7000
v 3.5500 2.5700 0.7000
v 3.5500 2.5900 0.7000
v 3.5500 2.6100 0.7000
v 3.5500 2.6300 0.7000
v 2.7833 2.5700 0.7000
v 2.7833 2.5900 0.7000
v 2.7833 2.6100 0.7000
v 2.7833 2.6300 0.7000
v 2.0167 2.5700 0.7000
v 2.0167 2.5900 0.7000
v 2.0167 2.6100 0.7000
v 2.0167 2.6300 0.7000
v 1.2500 2.5700 0.7000
v 1.2500 2.5900 0.7000
v 1.2500 2.6100 0.7000
v 1.2500 2.6300 0.7000
v 1.2500 2.5700 0.7000
v 1.2500 2.5900 0.7000
v 1.2500 2.6100 0.7000
v 1.2500 2.6300 0.7000
v 1.2500 2.5700 1.0333
v 1.2500 2.5900 1.0333
v 1.2500 2.6100 1.0333
v 1.2500 2.6300 1.0333
v 1.2500 2.5700 1.3667
v 1.2500 2.5900 1.3667
v 1.2500 2.6100 1.3667
v 1.2500 2.6300 1.3667
v 1.2500 2.5700 1.7000
v 1.2500 2.5900 1.7000
v 1.2500 2.6100 1.7000
v 1.2500 2.6300 1.7000
v 3.5500 2.5700 1.7000
v 3.5500 2.5900 1.7000
v 3.5500 2.6100 1.7000
v 3.5500 2.6300 1.7000
v 3.5500 2.5700 1.3667
v 3.5500 2.5900 1.3667
v 3.5500 2.6100 1.3667
v 3.5500 2.6300 1.3667
v 3.5500 2.5700 1.0333
v 3.5500 2.5900 1.0333
v 3.5500 2.6100 1.0333
v 3.5500 2.6300 1.0333
v 3.5500 2.5700 0.7000
v 3.5500 2.5900 0.7000
v 3.5500 2.6100 0.7000
v 3.5500 2.6300 0.7000
v 1.2500 2.6300 0.7000
v 1.2500 2.6300 1.0333
v 1.2500 2.6300 1.3667
v 1.2500 2.6300 1.7000
v 2.0167 2.6300 0.7000
v 2.0167 2.6300 1.0333
v 2.0167 2.6300 1.3667
v 2.0167 2.6300 1.7000
v 2.7833 2.6300 0.7000
v 2.7833 2.6300 1.0333
v 2.7833 2.6300 1.3667
v 2.7833 2.6300 1.7000
v 3.5500 2.6300 0.7000
v 3.5500 2.6300 1.0333
v 3.5500 2.6300 1.3667
v 3.5500 2.6300 1.7000
v 1.2500 2.5700 1.7000
v 1.2500 2.5700 1.3667
v 1.2500 2.5700 1.0333
v 1.2500 2.5700 0.7000
v 2.0167 2.5700 1.7000
v 2.0167 2.5700 1.3667
v 2.0167 2.5700 1.0333
v 2.0167 2.5700 0.7000
v 2.7833 2.5700 1.7000
v 2.7833 2.5700 1.3667
v 2.7833 2.5700 1.0333
v 2.7833 2.5700 0.7000
v 3.5500 2.5700 1.7000
v 3.5500 2.5700 1.3667
v 3.5500 2.5700 1.0333
v 3.5500 2.5700 0.7000
f 10585 10586 10590
f 10585 10590 10589
f 10586 10587 10591
f 10586 10591 10590
f 10587 10588 10592
f 10587 10592 10591
f 10589 10590 10594
f 10589 10594 10593
f 10590 10591 10595
f 10590 10595 10594
f 10591 10592 10596
f 10591 10596 10595
f 10593 10594 10598
f 10593 10598 10597
f 10594 10595 10599
f 10594 10599 10598
f 10595 10596 10600
f 10595 10600 10599
f 10601 10602 10606
f 10601 10606 10605
f 10602 10603 10607
f 10602 10607 10606
f 10603 10604 10608
f 10603 10608 10607
f 10605 10606 10610
f 10605 10610 10609
f 10606 10607 10611
f 10606 10611 10610
f 10607 10608 10612
f 10607 10612 10611
f 10609 10610 10614
f 10609 10614 10613
f 10610 10611 10615
f 10610 10615 10614
f 10611 10612 10616
f 10611 10616 10615
f 10617 10618 10622
f 10617 10622 10621
f 10618 10619 10623
f 10618 10623 10622
f 10619 10620 10624
f 10619 10624 10623
f 10621 10622 10626
f 10621 10626 10625
f 10622 10623 10627
f 10622 10627 10626
f 10623 10624 10628
f 10623 10628 10627
f 10625 10626 10630
f 10625 10630 10629
f 10626 10627 10631
f 10626 10631 10630
f 10627 10628 10632
f 10627 10632 10631
f 10633 10634 10638
f 10633 10638 10637
f 10634 10635 10639
f 10634 10639 10638
f 10635 10636 10640
f 10635 10640 10639
f 10637 10638 10642
f 10637 10642 10641
f 10638 10639 10643
f 10638 10643 10642
f 10639 10640 10644
f 10639 10644 10643
f 10641 10642 10646
f 10641 10646 10645
f 10642 10643 10647
f 10642 10647 10646
f 10643 10644 10648
f 10643 10648 10647
f 10649 10650 10654
f 10649 10654 10653
f 10650 10651 10655
f 10650 10655 10654
f 10651 10652 10656
f 10651 10656 10655
f 10653 10654 10658
f 10653 10658 10657
f 10654 10655 10659
f 10654 10659 10658
f 10655 10656 10660
f 10655 10660 10659
f 10657 10658 10662
f 10657 10662 10661
f 10658 10659 10663
f 10658 10663 10662
f 10659 10660 10664
f 10659 10664 10663
f 10665 10666 10670
f 10665 10670 10669
f 10666 10667 10671
f 10666 10671 10670
f 10667 10668 10672
f 10667 10672 10671
f 10669 10670 10674
f 10669 10674 10673
f 10670 10671 10675
f 10670 10675 10674
f 10671 10672 10676
f 10671 10676 10675
f 10673 10674 10678
f 10673 10678 10677
f 10674 10675 10679
f 10674 10679 10678
f 10675 10676 10680
f 10675 10680 10679
g 선반 단_55
v 1.2500 2.5700 4.1000
v 1.2500 2.5900 4.1000
v 1.2500 2.6100 4.1000
v 1.2500 2.6300 4.1000
v 2.0167 2.5700 4.1000
v 2.0167 2.5900 4.1000
v 2.0167 2.6100 4.1000
v 2.0167 2.6300 4.1000
v 2.7833 2.5700 4.1000
v 2.7833 2.5900 4.1000
v 2.7833 2.6100 4.1000
v 2.7833 2.6300 4.1000
v 3.5500 2.5700 4.1000
v 3.5500 2.5900 4.1000
v 3.5500 2.6100 4.1000
v 3.5500 2.6300 4.1000
v 3.5500 2.5700 3.1000
v 3.5500 2.5900 3.1000
v 3.5500 2.6100 3.1000
v 3.5500 2.6300 3.1000
v 2.7833 2.5700 3.1000
v 2.7833 2.5900 3.1000
v 2.7833 2.6100 3.1000
v 2.7833 2.6300 3.1000
v 2.0167 2.5700 3.1000
v 2.0167 2.5900 3.1000
v 2.0167 2.6100 3.1000
v 2.0167 2.6300 3.1000
v 1.2500 2.5700 3.1000
v 1.2500 2.5900 3.1000
v 1.2500 2.6100 3.1000
v 1.2500 2.6300 3.1000
v 1.2500 2.5700 3.1000
v 1.2500 2.5900 3.1000
v 1.2500 2.6100 3.1000
v 1.2500 2.6300 3.1000
v 1.2500 2.5700 3.4333
v 1.2500 2.5900 3.4333
v 1.2500 2.6100 3.4333
v 1.2500 2.6300 3.4333
v 1.2500 2.5700 3.7667
v 1.2500 2.5900 3.7667
v 1.2500 2.6100 3.7667
v 1.2500 2.6300 3.7667
v 1.2500 2.5700 4.1000
v 1.2500 2.5900 4.1000
v 1.2500 2.6100 4.1000
v 1.2500 2.6300 4.1000
v 3.5500 2.5700 4.1000
v 3.5500 2.5900 4.1000
v 3.5500 2.6100 4.1000
v 3.5500 2.6300 4.1000
v 3.5500 2.5700 3.7667
v 3.5500 2.5900 3.7667
v 3.5500 2.6100 3.7667
v 3.5500 2.6300 3.7667
v 3.5500 2.5700 3.4333
v 3.5500 2.5900 3.4333
v 3.5500 2.6100 3.4333
v 3.5500 2.6300 3.4333
v 3.5500 2.5700 3.1000
v 3.5500 2.5900 3.1000
v 3.5500 2.6100 3.1000
v 3.5500 2.6300 3.1000
v 1.2500 2.6300 3.1000
v 1.2500 2.6300 3.4333
v 1.2500 2.6300 3.7667
v 1.2500 2.6300 4.1000
v 2.0167 2.6300 3.1000
v 2.0167 2.6300 3.4333
v 2.0167 2.6300 3.7667
v 2.0167 2.6300 4.1000
v 2.7833 2.6300 3.1000
v 2.7833 2.6300 3.4333
v 2.7833 2.6300 3.7667
v 2.7833 2.6300 4.1000
v 3.5500 2.6300 3.1000
v 3.5500 2.6300 3.4333
v 3.5500 2.6300 3.7667
v 3.5500 2.6300 4.1000
v 1.2500 2.5700 4.1000
v 1.2500 2.5700 3.7667
v 1.2500 2.5700 3.4333
v 1.2500 2.5700 3.1000
v 2.0167 2.5700 4.1000
v 2.0167 2.5700 3.7667
v 2.0167 2.5700 3.4333
v 2.0167 2.5700 3.1000
v 2.7833 2.5700 4.1000
v 2.7833 2.5700 3.7667
v 2.7833 2.5700 3.4333
v 2.7833 2.5700 3.1000
v 3.5500 2.5700 4.1000
v 3.5500 2.5700 3.7667
v 3.5500 2.5700 3.4333
v 3.5500 2.5700 3.1000
f 10681 10682 10686
f 10681 10686 10685
f 10682 10683 10687
f 10682 10687 10686
f 10683 10684 10688
f 10683 10688 10687
f 10685 10686 10690
f 10685 10690 10689
f 10686 10687 10691
f 10686 10691 10690
f 10687 10688 10692
f 10687 10692 10691
f 10689 10690 10694
f 10689 10694 10693
f 10690 10691 10695
f 10690 10695 10694
f 10691 10692 10696
f 10691 10696 10695
f 10697 10698 10702
f 10697 10702 10701
f 10698 10699 10703
f 10698 10703 10702
f 10699 10700 10704
f 10699 10704 10703
f 10701 10702 10706
f 10701 10706 10705
f 10702 10703 10707
f 10702 10707 10706
f 10703 10704 10708
f 10703 10708 10707
f 10705 10706 10710
f 10705 10710 10709
f 10706 10707 10711
f 10706 10711 10710
f 10707 10708 10712
f 10707 10712 10711
f 10713 10714 10718
f 10713 10718 10717
f 10714 10715 10719
f 10714 10719 10718
f 10715 10716 10720
f 10715 10720 10719
f 10717 10718 10722
f 10717 10722 10721
f 10718 10719 10723
f 10718 10723 10722
f 10719 10720 10724
f 10719 10724 10723
f 10721 10722 10726
f 10721 10726 10725
f 10722 10723 10727
f 10722 10727 10726
f 10723 10724 10728
f 10723 10728 10727
f 10729 10730 10734
f 10729 10734 10733
f 10730 10731 10735
f 10730 10735 10734
f 10731 10732 10736
f 10731 10736 10735
f 10733 10734 10738
f 10733 10738 10737
f 10734 10735 10739
f 10734 10739 10738
f 10735 10736 10740
f 10735 10740 10739
f 10737 10738 10742
f 10737 10742 10741
f 10738 10739 10743
f 10738 10743 10742
f 10739 10740 10744
f 10739 10744 10743
f 10745 10746 10750
f 10745 10750 10749
f 10746 10747 10751
f 10746 10751 10750
f 10747 10748 10752
f 10747 10752 10751
f 10749 10750 10754
f 10749 10754 10753
f 10750 10751 10755
f 10750 10755 10754
f 10751 10752 10756
f 10751 10756 10755
f 10753 10754 10758
f 10753 10758 10757
f 10754 10755 10759
f 10754 10759 10758
f 10755 10756 10760
f 10755 10760 10759
f 10761 10762 10766
f 10761 10766 10765
f 10762 10763 10767
f 10762 10767 10766
f 10763 10764 10768
f 10763 10768 10767
f 10765 10766 10770
f 10765 10770 10769
f 10766 10767 10771
f 10766 10771 10770
f 10767 10768 10772
f 10767 10772 10771
f 10769 10770 10774
f 10769 10774 10773
f 10770 10771 10775
f 10770 10775 10774
f 10771 10772 10776
f 10771 10776 10775
g 선반 단_56
v 3.6500 2.5700 -3.1000
v 3.6500 2.5900 -3.1000
v 3.6500 2.6100 -3.1000
v 3.6500 2.6300 -3.1000
v 4.4167 2.5700 -3.1000
v 4.4167 2.5900 -3.1000
v 4.4167 2.6100 -3.1000
v 4.4167 2.6300 -3.1000
v 5.1833 2.5700 -3.1000
v 5.1833 2.5900 -3.1000
v 5.1833 2.6100 -3.1000
v 5.1833 2.6300 -3.1000
v 5.9500 2.5700 -3.1000
v 5.9500 2.5900 -3.1000
v 5.9500 2.6100 -3.1000
v 5.9500 2.6300 -3.1000
v 5.9500 2.5700 -4.1000
v 5.9500 2.5900 -4.1000
v 5.9500 2.6100 -4.1000
v 5.9500 2.6300 -4.1000
v 5.1833 2.5700 -4.1000
v 5.1833 2.5900 -4.1000
v 5.1833 2.6100 -4.1000
v 5.1833 2.6300 -4.1000
v 4.4167 2.5700 -4.1000
v 4.4167 2.5900 -4.1000
v 4.4167 2.6100 -4.1000
v 4.4167 2.6300 -4.1000
v 3.6500 2.5700 -4.1000
v 3.6500 2.5900 -4.1000
v 3.6500 2.6100 -4.1000
v 3.6500 2.6300 -4.1000
v 3.6500 2.5700 -4.1000
v 3.6500 2.5900 -4.1000
v 3.6500 2.6100 -4.1000
v 3.6500 2.6300 -4.1000
v 3.6500 2.5700 -3.7667
v 3.6500 2.5900 -3.7667
v 3.6500 2.6100 -3.7667
v 3.6500 2.6300 -3.7667
v 3.6500 2.5700 -3.4333
v 3.6500 2.5900 -3.4333
v 3.6500 2.6100 -3.4333
v 3.6500 2.6300 -3.4333
v 3.6500 2.5700 -3.1000
v 3.6500 2.5900 -3.1000
v 3.6500 2.6100 -3.1000
v 3.6500 2.6300 -3.1000
v 5.9500 2.5700 -3.1000
v 5.9500 2.5900 -3.1000
v 5.9500 2.6100 -3.1000
v 5.9500 2.6300 -3.1000
v 5.9500 2.5700 -3.4333
v 5.9500 2.5900 -3.4333
v 5.9500 2.6100 -3.4333
v 5.9500 2.6300 -3.4333
v 5.9500 2.5700 -3.7667
v 5.9500 2.5900 -3.7667
v 5.9500 2.6100 -3.7667
v 5.9500 2.6300 -3.7667
v 5.9500 2.5700 -4.1000
v 5.9500 2.5900 -4.1000
v 5.9500 2.6100 -4.1000
v 5.9500 2.6300 -4.1000
v 3.6500 2.6300 -4.1000
v 3.6500 2.6300 -3.7667
v 3.6500 2.6300 -3.4333
v 3.6500 2.6300 -3.1000
v 4.4167 2.6300 -4.1000
v 4.4167 2.6300 -3.7667
v 4.4167 2.6300 -3.4333
v 4.4167 2.6300 -3.1000
v 5.1833 2.6300 -4.1000
v 5.1833 2.6300 -3.7667
v 5.1833 2.6300 -3.4333
v 5.1833 2.6300 -3.1000
v 5.9500 2.6300 -4.1000
v 5.9500 2.6300 -3.7667
v 5.9500 2.6300 -3.4333
v 5.9500 2.6300 -3.1000
v 3.6500 2.5700 -3.1000
v 3.6500 2.5700 -3.4333
v 3.6500 2.5700 -3.7667
v 3.6500 2.5700 -4.1000
v 4.4167 2.5700 -3.1000
v 4.4167 2.5700 -3.4333
v 4.4167 2.5700 -3.7667
v 4.4167 2.5700 -4.1000
v 5.1833 2.5700 -3.1000
v 5.1833 2.5700 -3.4333
v 5.1833 2.5700 -3.7667
v 5.1833 2.5700 -4.1000
v 5.9500 2.5700 -3.1000
v 5.9500 2.5700 -3.4333
v 5.9500 2.5700 -3.7667
v 5.9500 2.5700 -4.1000
f 10777 10778 10782
f 10777 10782 10781
f 10778 10779 10783
f 10778 10783 10782
f 10779 10780 10784
f 10779 10784 10783
f 10781 10782 10786
f 10781 10786 10785
f 10782 10783 10787
f 10782 10787 10786
f 10783 10784 10788
f 10783 10788 10787
f 10785 10786 10790
f 10785 10790 10789
f 10786 10787 10791
f 10786 10791 10790
f 10787 10788 10792
f 10787 10792 10791
f 10793 10794 10798
f 10793 10798 10797
f 10794 10795 10799
f 10794 10799 10798
f 10795 10796 10800
f 10795 10800 10799
f 10797 10798 10802
f 10797 10802 10801
f 10798 10799 10803
f 10798 10803 10802
f 10799 10800 10804
f 10799 10804 10803
f 10801 10802 10806
f 10801 10806 10805
f 10802 10803 10807
f 10802 10807 10806
f 10803 10804 10808
f 10803 10808 10807
f 10809 10810 10814
f 10809 10814 10813
f 10810 10811 10815
f 10810 10815 10814
f 10811 10812 10816
f 10811 10816 10815
f 10813 10814 10818
f 10813 10818 10817
f 10814 10815 10819
f 10814 10819 10818
f 10815 10816 10820
f 10815 10820 10819
f 10817 10818 10822
f 10817 10822 10821
f 10818 10819 10823
f 10818 10823 10822
f 10819 10820 10824
f 10819 10824 10823
f 10825 10826 10830
f 10825 10830 10829
f 10826 10827 10831
f 10826 10831 10830
f 10827 10828 10832
f 10827 10832 10831
f 10829 10830 10834
f 10829 10834 10833
f 10830 10831 10835
f 10830 10835 10834
f 10831 10832 10836
f 10831 10836 10835
f 10833 10834 10838
f 10833 10838 10837
f 10834 10835 10839
f 10834 10839 10838
f 10835 10836 10840
f 10835 10840 10839
f 10841 10842 10846
f 10841 10846 10845
f 10842 10843 10847
f 10842 10847 10846
f 10843 10844 10848
f 10843 10848 10847
f 10845 10846 10850
f 10845 10850 10849
f 10846 10847 10851
f 10846 10851 10850
f 10847 10848 10852
f 10847 10852 10851
f 10849 10850 10854
f 10849 10854 10853
f 10850 10851 10855
f 10850 10855 10854
f 10851 10852 10856
f 10851 10856 10855
f 10857 10858 10862
f 10857 10862 10861
f 10858 10859 10863
f 10858 10863 10862
f 10859 10860 10864
f 10859 10864 10863
f 10861 10862 10866
f 10861 10866 10865
f 10862 10863 10867
f 10862 10867 10866
f 10863 10864 10868
f 10863 10868 10867
f 10865 10866 10870
f 10865 10870 10869
f 10866 10867 10871
f 10866 10871 10870
f 10867 10868 10872
f 10867 10872 10871
g 선반 단_57
v 3.6500 2.5700 -0.7000
v 3.6500 2.5900 -0.7000
v 3.6500 2.6100 -0.7000
v 3.6500 2.6300 -0.7000
v 4.4167 2.5700 -0.7000
v 4.4167 2.5900 -0.7000
v 4.4167 2.6100 -0.7000
v 4.4167 2.6300 -0.7000
v 5.1833 2.5700 -0.7000
v 5.1833 2.5900 -0.7000
v 5.1833 2.6100 -0.7000
v 5.1833 2.6300 -0.7000
v 5.9500 2.5700 -0.7000
v 5.9500 2.5900 -0.7000
v 5.9500 2.6100 -0.7000
v 5.9500 2.6300 -0.7000
v 5.9500 2.5700 -1.7000
v 5.9500 2.5900 -1.7000
v 5.9500 2.6100 -1.7000
v 5.9500 2.6300 -1.7000
v 5.1833 2.5700 -1.7000
v 5.1833 2.5900 -1.7000
v 5.1833 2.6100 -1.7000
v 5.1833 2.6300 -1.7000
v 4.4167 2.5700 -1.7000
v 4.4167 2.5900 -1.7000
v 4.4167 2.6100 -1.7000
v 4.4167 2.6300 -1.7000
v 3.6500 2.5700 -1.7000
v 3.6500 2.5900 -1.7000
v 3.6500 2.6100 -1.7000
v 3.6500 2.6300 -1.7000
v 3.6500 2.5700 -1.7000
v 3.6500 2.5900 -1.7000
v 3.6500 2.6100 -1.7000
v 3.6500 2.6300 -1.7000
v 3.6500 2.5700 -1.3667
v 3.6500 2.5900 -1.3667
v 3.6500 2.6100 -1.3667
v 3.6500 2.6300 -1.3667
v 3.6500 2.5700 -1.0333
v 3.6500 2.5900 -1.0333
v 3.6500 2.6100 -1.0333
v 3.6500 2.6300 -1.0333
v 3.6500 2.5700 -0.7000
v 3.6500 2.5900 -0.7000
v 3.6500 2.6100 -0.7000
v 3.6500 2.6300 -0.7000
v 5.9500 2.5700 -0.7000
v 5.9500 2.5900 -0.7000
v 5.9500 2.6100 -0.7000
v 5.9500 2.6300 -0.7000
v 5.9500 2.5700 -1.0333
v 5.9500 2.5900 -1.0333
v 5.9500 2.6100 -1.0333
v 5.9500 2.6300 -1.0333
v 5.9500 2.5700 -1.3667
v 5.9500 2.5900 -1.3667
v 5.9500 2.6100 -1.3667
v 5.9500 2.6300 -1.3667
v 5.9500 2.5700 -1.7000
v 5.9500 2.5900 -1.7000
v 5.9500 2.6100 -1.7000
v 5.9500 2.6300 -1.7000
v 3.6500 2.6300 -1.7000
v 3.6500 2.6300 -1.3667
v 3.6500 2.6300 -1.0333
v 3.6500 2.6300 -0.7000
v 4.4167 2.6300 -1.7000
v 4.4167 2.6300 -1.3667
v 4.4167 2.6300 -1.0333
v 4.4167 2.6300 -0.7000
v 5.1833 2.6300 -1.7000
v 5.1833 2.6300 -1.3667
v 5.1833 2.6300 -1.0333
v 5.1833 2.6300 -0.7000
v 5.9500 2.6300 -1.7000
v 5.9500 2.6300 -1.3667
v 5.9500 2.6300 -1.0333
v 5.9500 2.6300 -0.7000
v 3.6500 2.5700 -0.7000
v 3.6500 2.5700 -1.0333
v 3.6500 2.5700 -1.3667
v 3.6500 2.5700 -1.7000
v 4.4167 2.5700 -0.7000
v 4.4167 2.5700 -1.0333
v 4.4167 2.5700 -1.3667
v 4.4167 2.5700 -1.7000
v 5.1833 2.5700 -0.7000
v 5.1833 2.5700 -1.0333
v 5.1833 2.5700 -1.3667
v 5.1833 2.5700 -1.7000
v 5.9500 2.5700 -0.7000
v 5.9500 2.5700 -1.0333
v 5.9500 2.5700 -1.3667
v 5.9500 2.5700 -1.7000
f 10873 10874 10878
f 10873 10878 10877
f 10874 10875 10879
f 10874 10879 10878
f 10875 10876 10880
f 10875 10880 10879
f 10877 10878 10882
f 10877 10882 10881
f 10878 10879 10883
f 10878 10883 10882
f 10879 10880 10884
f 10879 10884 10883
f 10881 10882 10886
f 10881 10886 10885
f 10882 10883 10887
f 10882 10887 10886
f 10883 10884 10888
f 10883 10888 10887
f 10889 10890 10894
f 10889 10894 10893
f 10890 10891 10895
f 10890 10895 10894
f 10891 10892 10896
f 10891 10896 10895
f 10893 10894 10898
f 10893 10898 10897
f 10894 10895 10899
f 10894 10899 10898
f 10895 10896 10900
f 10895 10900 10899
f 10897 10898 10902
f 10897 10902 10901
f 10898 10899 10903
f 10898 10903 10902
f 10899 10900 10904
f 10899 10904 10903
f 10905 10906 10910
f 10905 10910 10909
f 10906 10907 10911
f 10906 10911 10910
f 10907 10908 10912
f 10907 10912 10911
f 10909 10910 10914
f 10909 10914 10913
f 10910 10911 10915
f 10910 10915 10914
f 10911 10912 10916
f 10911 10916 10915
f 10913 10914 10918
f 10913 10918 10917
f 10914 10915 10919
f 10914 10919 10918
f 10915 10916 10920
f 10915 10920 10919
f 10921 10922 10926
f 10921 10926 10925
f 10922 10923 10927
f 10922 10927 10926
f 10923 10924 10928
f 10923 10928 10927
f 10925 10926 10930
f 10925 10930 10929
f 10926 10927 10931
f 10926 10931 10930
f 10927 10928 10932
f 10927 10932 10931
f 10929 10930 10934
f 10929 10934 10933
f 10930 10931 10935
f 10930 10935 10934
f 10931 10932 10936
f 10931 10936 10935
f 10937 10938 10942
f 10937 10942 10941
f 10938 10939 10943
f 10938 10943 10942
f 10939 10940 10944
f 10939 10944 10943
f 10941 10942 10946
f 10941 10946 10945
f 10942 10943 10947
f 10942 10947 10946
f 10943 10944 10948
f 10943 10948 10947
f 10945 10946 10950
f 10945 10950 10949
f 10946 10947 10951
f 10946 10951 10950
f 10947 10948 10952
f 10947 10952 10951
f 10953 10954 10958
f 10953 10958 10957
f 10954 10955 10959
f 10954 10959 10958
f 10955 10956 10960
f 10955 10960 10959
f 10957 10958 10962
f 10957 10962 10961
f 10958 10959 10963
f 10958 10963 10962
f 10959 10960 10964
f 10959 10964 10963
f 10961 10962 10966
f 10961 10966 10965
f 10962 10963 10967
f 10962 10967 10966
f 10963 10964 10968
f 10963 10968 10967
g 선반 단_58
v 3.6500 2.5700 1.7000
v 3.6500 2.5900 1.7000
v 3.6500 2.6100 1.7000
v 3.6500 2.6300 1.7000
v 4.4167 2.5700 1.7000
v 4.4167 2.5900 1.7000
v 4.4167 2.6100 1.7000
v 4.4167 2.6300 1.7000
v 5.1833 2.5700 1.7000
v 5.1833 2.5900 1.7000
v 5.1833 2.6100 1.7000
v 5.1833 2.6300 1.7000
v 5.9500 2.5700 1.7000
v 5.9500 2.5900 1.7000
v 5.9500 2.6100 1.7000
v 5.9500 2.6300 1.7000
v 5.9500 2.5700 0.7000
v 5.9500 2.5900 0.7000
v 5.9500 2.6100 0.7000
v 5.9500 2.6300 0.7000
v 5.1833 2.5700 0.7000
v 5.1833 2.5900 0.7000
v 5.1833 2.6100 0.7000
v 5.1833 2.6300 0.7000
v 4.4167 2.5700 0.7000
v 4.4167 2.5900 0.7000
v 4.4167 2.6100 0.7000
v 4.4167 2.6300 0.7000
v 3.6500 2.5700 0.7000
v 3.6500 2.5900 0.7000
v 3.6500 2.6100 0.7000
v 3.6500 2.6300 0.7000
v 3.6500 2.5700 0.7000
v 3.6500 2.5900 0.7000
v 3.6500 2.6100 0.7000
v 3.6500 2.6300 0.7000
v 3.6500 2.5700 1.0333
v 3.6500 2.5900 1.0333
v 3.6500 2.6100 1.0333
v 3.6500 2.6300 1.0333
v 3.6500 2.5700 1.3667
v 3.6500 2.5900 1.3667
v 3.6500 2.6100 1.3667
v 3.6500 2.6300 1.3667
v 3.6500 2.5700 1.7000
v 3.6500 2.5900 1.7000
v 3.6500 2.6100 1.7000
v 3.6500 2.6300 1.7000
v 5.9500 2.5700 1.7000
v 5.9500 2.5900 1.7000
v 5.9500 2.6100 1.7000
v 5.9500 2.6300 1.7000
v 5.9500 2.5700 1.3667
v 5.9500 2.5900 1.3667
v 5.9500 2.6100 1.3667
v 5.9500 2.6300 1.3667
v 5.9500 2.5700 1.0333
v 5.9500 2.5900 1.0333
v 5.9500 2.6100 1.0333
v 5.9500 2.6300 1.0333
v 5.9500 2.5700 0.7000
v 5.9500 2.5900 0.7000
v 5.9500 2.6100 0.7000
v 5.9500 2.6300 0.7000
v 3.6500 2.6300 0.7000
v 3.6500 2.6300 1.0333
v 3.6500 2.6300 1.3667
v 3.6500 2.6300 1.7000
v 4.4167 2.6300 0.7000
v 4.4167 2.6300 1.0333
v 4.4167 2.6300 1.3667
v 4.4167 2.6300 1.7000
v 5.1833 2.6300 0.7000
v 5.1833 2.6300 1.0333
v 5.1833 2.6300 1.3667
v 5.1833 2.6300 1.7000
v 5.9500 2.6300 0.7000
v 5.9500 2.6300 1.0333
v 5.9500 2.6300 1.3667
v 5.9500 2.6300 1.7000
v 3.6500 2.5700 1.7000
v 3.6500 2.5700 1.3667
v 3.6500 2.5700 1.0333
v 3.6500 2.5700 0.7000
v 4.4167 2.5700 1.7000
v 4.4167 2.5700 1.3667
v 4.4167 2.5700 1.0333
v 4.4167 2.5700 0.7000
v 5.1833 2.5700 1.7000
v 5.1833 2.5700 1.3667
v 5.1833 2.5700 1.0333
v 5.1833 2.5700 0.7000
v 5.9500 2.5700 1.7000
v 5.9500 2.5700 1.3667
v 5.9500 2.5700 1.0333
v 5.9500 2.5700 0.7000
f 10969 10970 10974
f 10969 10974 10973
f 10970 10971 10975
f 10970 10975 10974
f 10971 10972 10976
f 10971 10976 10975
f 10973 10974 10978
f 10973 10978 10977
f 10974 10975 10979
f 10974 10979 10978
f 10975 10976 10980
f 10975 10980 10979
f 10977 10978 10982
f 10977 10982 10981
f 10978 10979 10983
f 10978 10983 10982
f 10979 10980 10984
f 10979 10984 10983
f 10985 10986 10990
f 10985 10990 10989
f 10986 10987 10991
f 10986 10991 10990
f 10987 10988 10992
f 10987 10992 10991
f 10989 10990 10994
f 10989 10994 10993
f 10990 10991 10995
f 10990 10995 10994
f 10991 10992 10996
f 10991 10996 10995
f 10993 10994 10998
f 10993 10998 10997
f 10994 10995 10999
f 10994 10999 10998
f 10995 10996 11000
f 10995 11000 10999
f 11001 11002 11006
f 11001 11006 11005
f 11002 11003 11007
f 11002 11007 11006
f 11003 11004 11008
f 11003 11008 11007
f 11005 11006 11010
f 11005 11010 11009
f 11006 11007 11011
f 11006 11011 11010
f 11007 11008 11012
f 11007 11012 11011
f 11009 11010 11014
f 11009 11014 11013
f 11010 11011 11015
f 11010 11015 11014
f 11011 11012 11016
f 11011 11016 11015
f 11017 11018 11022
f 11017 11022 11021
f 11018 11019 11023
f 11018 11023 11022
f 11019 11020 11024
f 11019 11024 11023
f 11021 11022 11026
f 11021 11026 11025
f 11022 11023 11027
f 11022 11027 11026
f 11023 11024 11028
f 11023 11028 11027
f 11025 11026 11030
f 11025 11030 11029
f 11026 11027 11031
f 11026 11031 11030
f 11027 11028 11032
f 11027 11032 11031
f 11033 11034 11038
f 11033 11038 11037
f 11034 11035 11039
f 11034 11039 11038
f 11035 11036 11040
f 11035 11040 11039
f 11037 11038 11042
f 11037 11042 11041
f 11038 11039 11043
f 11038 11043 11042
f 11039 11040 11044
f 11039 11044 11043
f 11041 11042 11046
f 11041 11046 11045
f 11042 11043 11047
f 11042 11047 11046
f 11043 11044 11048
f 11043 11048 11047
f 11049 11050 11054
f 11049 11054 11053
f 11050 11051 11055
f 11050 11055 11054
f 11051 11052 11056
f 11051 11056 11055
f 11053 11054 11058
f 11053 11058 11057
f 11054 11055 11059
f 11054 11059 11058
f 11055 11056 11060
f 11055 11060 11059
f 11057 11058 11062
f 11057 11062 11061
f 11058 11059 11063
f 11058 11063 11062
f 11059 11060 11064
f 11059 11064 11063
g 선반 단_59
v 3.6500 2.5700 4.1000
v 3.6500 2.5900 4.1000
v 3.6500 2.6100 4.1000
v 3.6500 2.6300 4.1000
v 4.4167 2.5700 4.1000
v 4.4167 2.5900 4.1000
v 4.4167 2.6100 4.1000
v 4.4167 2.6300 4.1000
v 5.1833 2.5700 4.1000
v 5.1833 2.5900 4.1000
v 5.1833 2.6100 4.1000
v 5.1833 2.6300 4.1000
v 5.9500 2.5700 4.1000
v 5.9500 2.5900 4.1000
v 5.9500 2.6100 4.1000
v 5.9500 2.6300 4.1000
v 5.9500 2.5700 3.1000
v 5.9500 2.5900 3.1000
v 5.9500 2.6100 3.1000
v 5.9500 2.6300 3.1000
v 5.1833 2.5700 3.1000
v 5.1833 2.5900 3.1000
v 5.1833 2.6100 3.1000
v 5.1833 2.6300 3.1000
v 4.4167 2.5700 3.1000
v 4.4167 2.5900 3.1000
v 4.4167 2.6100 3.1000
v 4.4167 2.6300 3.1000
v 3.6500 2.5700 3.1000
v 3.6500 2.5900 3.1000
v 3.6500 2.6100 3.1000
v 3.6500 2.6300 3.1000
v 3.6500 2.5700 3.1000
v 3.6500 2.5900 3.1000
v 3.6500 2.6100 3.1000
v 3.6500 2.6300 3.1000
v 3.6500 2.5700 3.4333
v 3.6500 2.5900 3.4333
v 3.6500 2.6100 3.4333
v 3.6500 2.6300 3.4333
v 3.6500 2.5700 3.7667
v 3.6500 2.5900 3.7667
v 3.6500 2.6100 3.7667
v 3.6500 2.6300 3.7667
v 3.6500 2.5700 4.1000
v 3.6500 2.5900 4.1000
v 3.6500 2.6100 4.1000
v 3.6500 2.6300 4.1000
v 5.9500 2.5700 4.1000
v 5.9500 2.5900 4.1000
v 5.9500 2.6100 4.1000
v 5.9500 2.6300 4.1000
v 5.9500 2.5700 3.7667
v 5.9500 2.5900 3.7667
v 5.9500 2.6100 3.7667
v 5.9500 2.6300 3.7667
v 5.9500 2.5700 3.4333
v 5.9500 2.5900 3.4333
v 5.9500 2.6100 3.4333
v 5.9500 2.6300 3.4333
v 5.9500 2.5700 3.1000
v 5.9500 2.5900 3.1000
v 5.9500 2.6100 3.1000
v 5.9500 2.6300 3.1000
v 3.6500 2.6300 3.1000
v 3.6500 2.6300 3.4333
v 3.6500 2.6300 3.7667
v 3.6500 2.6300 4.1000
v 4.4167 2.6300 3.1000
v 4.4167 2.6300 3.4333
v 4.4167 2.6300 3.7667
v 4.4167 2.6300 4.1000
v 5.1833 2.6300 3.1000
v 5.1833 2.6300 3.4333
v 5.1833 2.6300 3.7667
v 5.1833 2.6300 4.1000
v 5.9500 2.6300 3.1000
v 5.9500 2.6300 3.4333
v 5.9500 2.6300 3.7667
v 5.9500 2.6300 4.1000
v 3.6500 2.5700 4.1000
v 3.6500 2.5700 3.7667
v 3.6500 2.5700 3.4333
v 3.6500 2.5700 3.1000
v 4.4167 2.5700 4.1000
v 4.4167 2.5700 3.7667
v 4.4167 2.5700 3.4333
v 4.4167 2.5700 3.1000
v 5.1833 2.5700 4.1000
v 5.1833 2.5700 3.7667
v 5.1833 2.5700 3.4333
v 5.1833 2.5700 3.1000
v 5.9500 2.5700 4.1000
v 5.9500 2.5700 3.7667
v 5.9500 2.5700 3.4333
v 5.9500 2.5700 3.1000
f 11065 11066 11070
f 11065 11070 11069
f 11066 11067 11071
f 11066 11071 11070
f 11067 11068 11072
f 11067 11072 11071
f 11069 11070 11074
f 11069 11074 11073
f 11070 11071 11075
f 11070 11075 11074
f 11071 11072 11076
f 11071 11076 11075
f 11073 11074 11078
f 11073 11078 11077
f 11074 11075 11079
f 11074 11079 11078
f 11075 11076 11080
f 11075 11080 11079
f 11081 11082 11086
f 11081 11086 11085
f 11082 11083 11087
f 11082 11087 11086
f 11083 11084 11088
f 11083 11088 11087
f 11085 11086 11090
f 11085 11090 11089
f 11086 11087 11091
f 11086 11091 11090
f 11087 11088 11092
f 11087 11092 11091
f 11089 11090 11094
f 11089 11094 11093
f 11090 11091 11095
f 11090 11095 11094
f 11091 11092 11096
f 11091 11096 11095
f 11097 11098 11102
f 11097 11102 11101
f 11098 11099 11103
f 11098 11103 11102
f 11099 11100 11104
f 11099 11104 11103
f 11101 11102 11106
f 11101 11106 11105
f 11102 11103 11107
f 11102 11107 11106
f 11103 11104 11108
f 11103 11108 11107
f 11105 11106 11110
f 11105 11110 11109
f 11106 11107 11111
f 11106 11111 11110
f 11107 11108 11112
f 11107 11112 11111
f 11113 11114 11118
f 11113 11118 11117
f 11114 11115 11119
f 11114 11119 11118
f 11115 11116 11120
f 11115 11120 11119
f 11117 11118 11122
f 11117 11122 11121
f 11118 11119 11123
f 11118 11123 11122
f 11119 11120 11124
f 11119 11124 11123
f 11121 11122 11126
f 11121 11126 11125
f 11122 11123 11127
f 11122 11127 11126
f 11123 11124 11128
f 11123 11128 11127
f 11129 11130 11134
f 11129 11134 11133
f 11130 11131 11135
f 11130 11135 11134
f 11131 11132 11136
f 11131 11136 11135
f 11133 11134 11138
f 11133 11138 11137
f 11134 11135 11139
f 11134 11139 11138
f 11135 11136 11140
f 11135 11140 11139
f 11137 11138 11142
f 11137 11142 11141
f 11138 11139 11143
f 11138 11143 11142
f 11139 11140 11144
f 11139 11144 11143
f 11145 11146 11150
f 11145 11150 11149
f 11146 11147 11151
f 11146 11151 11150
f 11147 11148 11152
f 11147 11152 11151
f 11149 11150 11154
f 11149 11154 11153
f 11150 11151 11155
f 11150 11155 11154
f 11151 11152 11156
f 11151 11156 11155
f 11153 11154 11158
f 11153 11158 11157
f 11154 11155 11159
f 11154 11159 11158
f 11155 11156 11160
f 11155 11160 11159
g 팔레트_0
v -5.1000 0.0000 -2.5000
v -5.1000 0.0467 -2.5000
v -5.1000 0.0933 -2.5000
v -5.1000 0.1400 -2.5000
v -4.7000 0.0000 -2.5000
v -4.7000 0.0467 -2.5000
v -4.7000 0.0933 -2.5000
v -4.7000 0.1400 -2.5000
v -4.3000 0.0000 -2.5000
v -4.3000 0.0467 -2.5000
v -4.3000 0.0933 -2.5000
v -4.3000 0.1400 -2.5000
v -3.9000 0.0000 -2.5000
v -3.9000 0.0467 -2.5000
v -3.9000 0.0933 -2.5000
v -3.9000 0.1400 -2.5000
v -3.9000 0.0000 -3.5000
v -3.9000 0.0467 -3.5000
v -3.9000 0.0933 -3.5000
v -3.9000 0.1400 -3.5000
v -4.3000 0.0000 -3.5000
v -4.3000 0.0467 -3.5000
v -4.3000 0.0933 -3.5000
v -4.3000 0.1400 -3.5000
v -4.7000 0.0000 -3.5000
v -4.7000 0.0467 -3.5000
v -4.7000 0.0933 -3.5000
v -4.7000 0.1400 -3.5000
v -5.1000 0.0000 -3.5000
v -5.1000 0.0467 -3.5000
v -5.1000 0.0933 -3.5000
v -5.1000 0.1400 -3.5000
v -5.1000 0.0000 -3.5000
v -5.1000 0.0467 -3.5000
v -5.1000 0.0933 -3.5000
v -5.1000 0.1400 -3.5000
v -5.1000 0.0000 -3.1667
v -5.1000 0.0467 -3.1667
v -5.1000 0.0933 -3.1667
v -5.1000 0.1400 -3.1667
v -5.1000 0.0000 -2.8333
v -5.1000 0.0467 -2.8333
v -5.1000 0.0933 -2.8333
v -5.1000 0.1400 -2.8333
v -5.1000 0.0000 -2.5000
v -5.1000 0.0467 -2.5000
v -5.1000 0.0933 -2.5000
v -5.1000 0.1400 -2.5000
v -3.9000 0.0000 -2.5000
v -3.9000 0.0467 -2.5000
v -3.9000 0.0933 -2.5000
v -3.9000 0.1400 -2.5000
v -3.9000 0.0000 -2.8333
v -3.9000 0.0467 -2.8333
v -3.9000 0.0933 -2.8333
v -3.9000 0.1400 -2.8333
v -3.9000 0.0000 -3.1667
v -3.9000 0.0467 -3.1667
v -3.9000 0.0933 -3.1667
v -3.9000 0.1400 -3.1667
v -3.9000 0.0000 -3.5000
v -3.9000 0.0467 -3.5000
v -3.9000 0.0933 -3.5000
v -3.9000 0.1400 -3.5000
v -5.1000 0.1400 -3.5000
v -5.1000 0.1400 -3.1667
v -5.1000 0.1400 -2.8333
v -5.1000 0.1400 -2.5000
v -4.7000 0.1400 -3.5000
v -4.7000 0.1400 -3.1667
v -4.7000 0.1400 -2.8333
v -4.7000 0.1400 -2.5000
v -4.3000 0.1400 -3.5000
v -4.3000 0.1400 -3.1667
v -4.3000 0.1400 -2.8333
v -4.3000 0.1400 -2.5000
v -3.9000 0.1400 -3.5000
v -3.9000 0.1400 -3.1667
v -3.9000 0.1400 -2.8333
v -3.9000 0.1400 -2.5000
v -5.1000 0.0000 -2.5000
v -5.1000 0.0000 -2.8333
v -5.1000 0.0000 -3.1667
v -5.1000 0.0000 -3.5000
v -4.7000 0.0000 -2.5000
v -4.7000 0.0000 -2.8333
v -4.7000 0.0000 -3.1667
v -4.7000 0.0000 -3.5000
v -4.3000 0.0000 -2.5000
v -4.3000 0.0000 -2.8333
v -4.3000 0.0000 -3.1667
v -4.3000 0.0000 -3.5000
v -3.9000 0.0000 -2.5000
v -3.9000 0.0000 -2.8333
v -3.9000 0.0000 -3.1667
v -3.9000 0.0000 -3.5000
f 11161 11162 11166
f 11161 11166 11165
f 11162 11163 11167
f 11162 11167 11166
f 11163 11164 11168
f 11163 11168 11167
f 11165 11166 11170
f 11165 11170 11169
f 11166 11167 11171
f 11166 11171 11170
f 11167 11168 11172
f 11167 11172 11171
f 11169 11170 11174
f 11169 11174 11173
f 11170 11171 11175
f 11170 11175 11174
f 11171 11172 11176
f 11171 11176 11175
f 11177 11178 11182
f 11177 11182 11181
f 11178 11179 11183
f 11178 11183 11182
f 11179 11180 11184
f 11179 11184 11183
f 11181 11182 11186
f 11181 11186 11185
f 11182 11183 11187
f 11182 11187 11186
f 11183 11184 11188
f 11183 11188 11187
f 11185 11186 11190
f 11185 11190 11189
f 11186 11187 11191
f 11186 11191 11190
f 11187 11188 11192
f 11187 11192 11191
f 11193 11194 11198
f 11193 11198 11197
f 11194 11195 11199
f 11194 11199 11198
f 11195 11196 11200
f 11195 11200 11199
f 11197 11198 11202
f 11197 11202 11201
f 11198 11199 11203
f 11198 11203 11202
f 11199 11200 11204
f 11199 11204 11203
f 11201 11202 11206
f 11201 11206 11205
f 11202 11203 11207
f 11202 11207 11206
f 11203 11204 11208
f 11203 11208 11207
f 11209 11210 11214
f 11209 11214 11213
f 11210 11211 11215
f 11210 11215 11214
f 11211 11212 11216
f 11211 11216 11215
f 11213 11214 11218
f 11213 11218 11217
f 11214 11215 11219
f 11214 11219 11218
f 11215 11216 11220
f 11215 11220 11219
f 11217 11218 11222
f 11217 11222 11221
f 11218 11219 11223
f 11218 11223 11222
f 11219 11220 11224
f 11219 11224 11223
f 11225 11226 11230
f 11225 11230 11229
f 11226 11227 11231
f 11226 11231 11230
f 11227 11228 11232
f 11227 11232 11231
f 11229 11230 11234
f 11229 11234 11233
f 11230 11231 11235
f 11230 11235 11234
f 11231 11232 11236
f 11231 11236 11235
f 11233 11234 11238
f 11233 11238 11237
f 11234 11235 11239
f 11234 11239 11238
f 11235 11236 11240
f 11235 11240 11239
f 11241 11242 11246
f 11241 11246 11245
f 11242 11243 11247
f 11242 11247 11246
f 11243 11244 11248
f 11243 11248 11247
f 11245 11246 11250
f 11245 11250 11249
f 11246 11247 11251
f 11246 11251 11250
f 11247 11248 11252
f 11247 11252 11251
f 11249 11250 11254
f 11249 11254 11253
f 11250 11251 11255
f 11250 11255 11254
f 11251 11252 11256
f 11251 11256 11255
g 팔레트_1
v -5.1000 0.0000 0.5000
v -5.1000 0.0467 0.5000
v -5.1000 0.0933 0.5000
v -5.1000 0.1400 0.5000
v -4.7000 0.0000 0.5000
v -4.7000 0.0467 0.5000
v -4.7000 0.0933 0.5000
v -4.7000 0.1400 0.5000
v -4.3000 0.0000 0.5000
v -4.3000 0.0467 0.5000
v -4.3000 0.0933 0.5000
v -4.3000 0.1400 0.5000
v -3.9000 0.0000 0.5000
v -3.9000 0.0467 0.5000
v -3.9000 0.0933 0.5000
v -3.9000 0.1400 0.5000
v -3.9000 0.0000 -0.5000
v -3.9000 0.0467 -0.5000
v -3.9000 0.0933 -0.5000
v -3.9000 0.1400 -0.5000
v -4.3000 0.0000 -0.5000
v -4.3000 0.0467 -0.5000
v -4.3000 0.0933 -0.5000
v -4.3000 0.1400 -0.5000
v -4.7000 0.0000 -0.5000
v -4.7000 0.0467 -0.5000
v -4.7000 0.0933 -0.5000
v -4.7000 0.1400 -0.5000
v -5.1000 0.0000 -0.5000
v -5.1000 0.0467 -0.5000
v -5.1000 0.0933 -0.5000
v -5.1000 0.1400 -0.5000
v -5.1000 0.0000 -0.5000
v -5.1000 0.0467 -0.5000
v -5.1000 0.0933 -0.5000
v -5.1000 0.1400 -0.5000
v -5.1000 0.0000 -0.1667
v -5.1000 0.0467 -0.1667
v -5.1000 0.0933 -0.1667
v -5.1000 0.1400 -0.1667
v -5.1000 0.0000 0.1667
v -5.1000 0.0467 0.1667
v -5.1000 0.0933 0.1667
v -5.1000 0.1400 0.1667
v -5.1000 0.0000 0.5000
v -5.1000 0.0467 0.5000
v -5.1000 0.0933 0.5000
v -5.1000 0.1400 0.5000
v -3.9000 0.0000 0.5000
v -3.9000 0.0467 0.5000
v -3.9000 0.0933 0.5000
v -3.9000 0.1400 0.5000
v -3.9000 0.0000 0.1667
v -3.9000 0.0467 0.1667
v -3.9000 0.0933 0.1667
v -3.9000 0.1400 0.1667
v -3.9000 0.0000 -0.1667
v -3.9000 0.0467 -0.1667
v -3.9000 0.0933 -0.1667
v -3.9000 0.1400 -0.1667
v -3.9000 0.0000 -0.5000
v -3.9000 0.0467 -0.5000
v -3.9000 0.0933 -0.5000
v -3.9000 0.1400 -0.5000
v -5.1000 0.1400 -0.5000
v -5.1000 0.1400 -0.1667
v -5.1000 0.1400 0.1667
v -5.1000 0.1400 0.5000
v -4.7000 0.1400 -0.5000
v -4.7000 0.1400 -0.1667
v -4.7000 0.1400 0.1667
v -4.7000 0.1400 0.5000
v -4.3000 0.1400 -0.5000
v -4.3000 0.1400 -0.1667
v -4.3000 0.1400 0.1667
v -4.3000 0.1400 0.5000
v -3.9000 0.1400 -0.5000
v -3.9000 0.1400 -0.1667
v -3.9000 0.1400 0.1667
v -3.9000 0.1400 0.5000
v -5.1000 0.0000 0.5000
v -5.1000 0.0000 0.1667
v -5.1000 0.0000 -0.1667
v -5.1000 0.0000 -0.5000
v -4.7000 0.0000 0.5000
v -4.7000 0.0000 0.1667
v -4.7000 0.0000 -0.1667
v -4.7000 0.0000 -0.5000
v -4.3000 0.0000 0.5000
v -4.3000 0.0000 0.1667
v -4.3000 0.0000 -0.1667
v -4.3000 0.0000 -0.5000
v -3.9000 0.0000 0.5000
v -3.9000 0.0000 0.1667
v -3.9000 0.0000 -0.1667
v -3.9000 0.0000 -0.5000
f 11257 11258 11262
f 11257 11262 11261
f 11258 11259 11263
f 11258 11263 11262
f 11259 11260 11264
f 11259 11264 11263
f 11261 11262 11266
f 11261 11266 11265
f 11262 11263 11267
f 11262 11267 11266
f 11263 11264 11268
f 11263 11268 11267
f 11265 11266 11270
f 11265 11270 11269
f 11266 11267 11271
f 11266 11271 11270
f 11267 11268 11272
f 11267 11272 11271
f 11273 11274 11278
f 11273 11278 11277
f 11274 11275 11279
f 11274 11279 11278
f 11275 11276 11280
f 11275 11280 11279
f 11277 11278 11282
f 11277 11282 11281
f 11278 11279 11283
f 11278 11283 11282
f 11279 11280 11284
f 11279 11284 11283
f 11281 11282 11286
f 11281 11286 11285
f 11282 11283 11287
f 11282 11287 11286
f 11283 11284 11288
f 11283 11288 11287
f 11289 11290 11294
f 11289 11294 11293
f 11290 11291 11295
f 11290 11295 11294
f 11291 11292 11296
f 11291 11296 11295
f 11293 11294 11298
f 11293 11298 11297
f 11294 11295 11299
f 11294 11299 11298
f 11295 11296 11300
f 11295 11300 11299
f 11297 11298 11302
f 11297 11302 11301
f 11298 11299 11303
f 11298 11303 11302
f 11299 11300 11304
f 11299 11304 11303
f 11305 11306 11310
f 11305 11310 11309
f 11306 11307 11311
f 11306 11311 11310
f 11307 11308 11312
f 11307 11312 11311
f 11309 11310 11314
f 11309 11314 11313
f 11310 11311 11315
f 11310 11315 11314
f 11311 11312 11316
f 11311 11316 11315
f 11313 11314 11318
f 11313 11318 11317
f 11314 11315 11319
f 11314 11319 11318
f 11315 11316 11320
f 11315 11320 11319
f 11321 11322 11326
f 11321 11326 11325
f 11322 11323 11327
f 11322 11327 11326
f 11323 11324 11328
f 11323 11328 11327
f 11325 11326 11330
f 11325 11330 11329
f 11326 11327 11331
f 11326 11331 11330
f 11327 11328 11332
f 11327 11332 11331
f 11329 11330 11334
f 11329 11334 11333
f 11330 11331 11335
f 11330 11335 11334
f 11331 11332 11336
f 11331 11336 11335
f 11337 11338 11342
f 11337 11342 11341
f 11338 11339 11343
f 11338 11343 11342
f 11339 11340 11344
f 11339 11344 11343
f 11341 11342 11346
f 11341 11346 11345
f 11342 11343 11347
f 11342 11347 11346
f 11343 11344 11348
f 11343 11348 11347
f 11345 11346 11350
f 11345 11350 11349
f 11346 11347 11351
f 11346 11351 11350
f 11347 11348 11352
f 11347 11352 11351
g 팔레트_2
v -5.1000 0.0000 3.5000
v -5.1000 0.0467 3.5000
v -5.1000 0.0933 3.5000
v -5.1000 0.1400 3.5000
v -4.7000 0.0000 3.5000
v -4.7000 0.0467 3.5000
v -4.7000 0.0933 3.5000
v -4.7000 0.1400 3.5000
v -4.3000 0.0000 3.5000
v -4.3000 0.0467 3.5000
v -4.3000 0.0933 3.5000
v -4.3000 0.1400 3.5000
v -3.9000 0.0000 3.5000
v -3.9000 0.0467 3.5000
v -3.9000 0.0933 3.5000
v -3.9000 0.1400 3.5000
v -3.9000 0.0000 2.5000
v -3.9000 0.0467 2.5000
v -3.9000 0.0933 2.5000
v -3.9000 0.1400 2.5000
v -4.3000 0.0000 2.5000
v -4.3000 0.0467 2.5000
v -4.3000 0.0933 2.5000
v -4.3000 0.1400 2.5000
v -4.7000 0.0000 2.5000
v -4.7000 0.0467 2.5000
v -4.7000 0.0933 2.5000
v -4.7000 0.1400 2.5000
v -5.1000 0.0000 2.5000
v -5.1000 0.0467 2.5000
v -5.1000 0.0933 2.5000
v -5.1000 0.1400 2.5000
v -5.1000 0.0000 2.5000
v -5.1000 0.0467 2.5000
v -5.1000 0.0933 2.5000
v -5.1000 0.1400 2.5000
v -5.1000 0.0000 2.8333
v -5.1000 0.0467 2.8333
v -5.1000 0.0933 2.8333
v -5.1000 0.1400 2.8333
v -5.1000 0.0000 3.1667
v -5.1000 0.0467 3.1667
v -5.1000 0.0933 3.1667
v -5.1000 0.1400 3.1667
v -5.1000 0.0000 3.5000
v -5.1000 0.0467 3.5000
v -5.1000 0.0933 3.5000
v -5.1000 0.1400 3.5000
v -3.9000 0.0000 3.5000
v -3.9000 0.0467 3.5000
v -3.9000 0.0933 3.5000
v -3.9000 0.1400 3.5000
v -3.9000 0.0000 3.1667
v -3.9000 0.0467 3.1667
v -3.9000 0.0933 3.1667
v -3.9000 0.1400 3.1667
v -3.9000 0.0000 2.8333
v -3.9000 0.0467 2.8333
v -3.9000 0.0933 2.8333
v -3.9000 0.1400 2.8333
v -3.9000 0.0000 2.5000
v -3.9000 0.0467 2.5000
v -3.9000 0.0933 2.5000
v -3.9000 0.1400 2.5000
v -5.1000 0.1400 2.5000
v -5.1000 0.1400 2.8333
v -5.1000 0.1400 3.1667
v -5.1000 0.1400 3.5000
v -4.7000 0.1400 2.5000
v -4.7000 0.1400 2.8333
v -4.7000 0.1400 3.1667
v -4.7000 0.1400 3.5000
v -4.3000 0.1400 2.5000
v -4.3000 0.1400 2.8333
v -4.3000 0.1400 3.1667
v -4.3000 0.1400 3.5000
v -3.9000 0.1400 2.5000
v -3.9000 0.1400 2.8333
v -3.9000 0.1400 3.1667
v -3.9000 0.1400 3.5000
v -5.1000 0.0000 3.5000
v -5.1000 0.0000 3.1667
v -5.1000 0.0000 2.8333
v -5.1000 0.0000 2.5000
v -4.7000 0.0000 3.5000
v -4.7000 0.0000 3.1667
v -4.7000 0.0000 2.8333
v -4.7000 0.0000 2.5000
v -4.3000 0.0000 3.5000
v -4.3000 0.0000 3.1667
v -4.3000 0.0000 2.8333
v -4.3000 0.0000 2.5000
v -3.9000 0.0000 3.5000
v -3.9000 0.0000 3.1667
v -3.9000 0.0000 2.8333
v -3.9000 0.0000 2.5000
f 11353 11354 11358
f 11353 11358 11357
f 11354 11355 11359
f 11354 11359 11358
f 11355 11356 11360
f 11355 11360 11359
f 11357 11358 11362
f 11357 11362 11361
f 11358 11359 11363
f 11358 11363 11362
f 11359 11360 11364
f 11359 11364 11363
f 11361 11362 11366
f 11361 11366 11365
f 11362 11363 11367
f 11362 11367 11366
f 11363 11364 11368
f 11363 11368 11367
f 11369 11370 11374
f 11369 11374 11373
f 11370 11371 11375
f 11370 11375 11374
f 11371 11372 11376
f 11371 11376 11375
f 11373 11374 11378
f 11373 11378 11377
f 11374 11375 11379
f 11374 11379 11378
f 11375 11376 11380
f 11375 11380 11379
f 11377 11378 11382
f 11377 11382 11381
f 11378 11379 11383
f 11378 11383 11382
f 11379 11380 11384
f 11379 11384 11383
f 11385 11386 11390
f 11385 11390 11389
f 11386 11387 11391
f 11386 11391 11390
f 11387 11388 11392
f 11387 11392 11391
f 11389 11390 11394
f 11389 11394 11393
f 11390 11391 11395
f 11390 11395 11394
f 11391 11392 11396
f 11391 11396 11395
f 11393 11394 11398
f 11393 11398 11397
f 11394 11395 11399
f 11394 11399 11398
f 11395 11396 11400
f 11395 11400 11399
f 11401 11402 11406
f 11401 11406 11405
f 11402 11403 11407
f 11402 11407 11406
f 11403 11404 11408
f 11403 11408 11407
f 11405 11406 11410
f 11405 11410 11409
f 11406 11407 11411
f 11406 11411 11410
f 11407 11408 11412
f 11407 11412 11411
f 11409 11410 11414
f 11409 11414 11413
f 11410 11411 11415
f 11410 11415 11414
f 11411 11412 11416
f 11411 11416 11415
f 11417 11418 11422
f 11417 11422 11421
f 11418 11419 11423
f 11418 11423 11422
f 11419 11420 11424
f 11419 11424 11423
f 11421 11422 11426
f 11421 11426 11425
f 11422 11423 11427
f 11422 11427 11426
f 11423 11424 11428
f 11423 11428 11427
f 11425 11426 11430
f 11425 11430 11429
f 11426 11427 11431
f 11426 11431 11430
f 11427 11428 11432
f 11427 11432 11431
f 11433 11434 11438
f 11433 11438 11437
f 11434 11435 11439
f 11434 11439 11438
f 11435 11436 11440
f 11435 11440 11439
f 11437 11438 11442
f 11437 11442 11441
f 11438 11439 11443
f 11438 11443 11442
f 11439 11440 11444
f 11439 11444 11443
f 11441 11442 11446
f 11441 11446 11445
f 11442 11443 11447
f 11442 11447 11446
f 11443 11444 11448
f 11443 11448 11447
g 팔레트_3
v -2.1000 0.0000 -2.5000
v -2.1000 0.0467 -2.5000
v -2.1000 0.0933 -2.5000
v -2.1000 0.1400 -2.5000
v -1.7000 0.0000 -2.5000
v -1.7000 0.0467 -2.5000
v -1.7000 0.0933 -2.5000
v -1.7000 0.1400 -2.5000
v -1.3000 0.0000 -2.5000
v -1.3000 0.0467 -2.5000
v -1.3000 0.0933 -2.5000
v -1.3000 0.1400 -2.5000
v -0.9000 0.0000 -2.5000
v -0.9000 0.0467 -2.5000
v -0.9000 0.0933 -2.5000
v -0.9000 0.1400 -2.5000
v -0.9000 0.0000 -3.5000
v -0.9000 0.0467 -3.5000
v -0.9000 0.0933 -3.5000
v -0.9000 0.1400 -3.5000
v -1.3000 0.0000 -3.5000
v -1.3000 0.0467 -3.5000
v -1.3000 0.0933 -3.5000
v -1.3000 0.1400 -3.5000
v -1.7000 0.0000 -3.5000
v -1.7000 0.0467 -3.5000
v -1.7000 0.0933 -3.5000
v -1.7000 0.1400 -3.5000
v -2.1000 0.0000 -3.5000
v -2.1000 0.0467 -3.5000
v -2.1000 0.0933 -3.5000
v -2.1000 0.1400 -3.5000
v -2.1000 0.0000 -3.5000
v -2.1000 0.0467 -3.5000
v -2.1000 0.0933 -3.5000
v -2.1000 0.1400 -3.5000
v -2.1000 0.0000 -3.1667
v -2.1000 0.0467 -3.1667
v -2.1000 0.0933 -3.1667
v -2.1000 0.1400 -3.1667
v -2.1000 0.0000 -2.8333
v -2.1000 0.0467 -2.8333
v -2.1000 0.0933 -2.8333
v -2.1000 0.1400 -2.8333
v -2.1000 0.0000 -2.5000
v -2.1000 0.0467 -2.5000
v -2.1000 0.0933 -2.5000
v -2.1000 0.1400 -2.5000
v -0.9000 0.0000 -2.5000
v -0.9000 0.0467 -2.5000
v -0.9000 0.0933 -2.5000
v -0.9000 0.1400 -2.5000
v -0.9000 0.0000 -2.8333
v -0.9000 0.0467 -2.8333
v -0.9000 0.0933 -2.8333
v -0.9000 0.1400 -2.8333
v -0.9000 0.0000 -3.1667
v -0.9000 0.0467 -3.1667
v -0.9000 0.0933 -3.1667
v -0.9000 0.1400 -3.1667
v -0.9000 0.0000 -3.5000
v -0.9000 0.0467 -3.5000
v -0.9000 0.0933 -3.5000
v -0.9000 0.1400 -3.5000
v -2.1000 0.1400 -3.5000
v -2.1000 0.1400 -3.1667
v -2.1000 0.1400 -2.8333
v -2.1000 0.1400 -2.5000
v -1.7000 0.1400 -3.5000
v -1.7000 0.1400 -3.1667
v -1.7000 0.1400 -2.8333
v -1.7000 0.1400 -2.5000
v -1.3000 0.1400 -3.5000
v -1.3000 0.1400 -3.1667
v -1.3000 0.1400 -2.8333
v -1.3000 0.1400 -2.5000
v -0.9000 0.1400 -3.5000
v -0.9000 0.1400 -3.1667
v -0.9000 0.1400 -2.8333
v -0.9000 0.1400 -2.5000
v -2.1000 0.0000 -2.5000
v -2.1000 0.0000 -2.8333
v -2.1000 0.0000 -3.1667
v -2.1000 0.0000 -3.5000
v -1.7000 0.0000 -2.5000
v -1.7000 0.0000 -2.8333
v -1.7000 0.0000 -3.1667
v -1.7000 0.0000 -3.5000
v -1.3000 0.0000 -2.5000
v -1.3000 0.0000 -2.8333
v -1.3000 0.0000 -3.1667
v -1.3000 0.0000 -3.5000
v -0.9000 0.0000 -2.5000
v -0.9000 0.0000 -2.8333
v -0.9000 0.0000 -3.1667
v -0.9000 0.0000 -3.5000
f 11449 11450 11454
f 11449 11454 11453
f 11450 11451 11455
f 11450 11455 11454
f 11451 11452 11456
f 11451 11456 11455
f 11453 11454 11458
f 11453 11458 11457
f 11454 11455 11459
f 11454 11459 11458
f 11455 11456 11460
f 11455 11460 11459
f 11457 11458 11462
f 11457 11462 11461
f 11458 11459 11463
f 11458 11463 11462
f 11459 11460 11464
f 11459 11464 11463
f 11465 11466 11470
f 11465 11470 11469
f 11466 11467 11471
f 11466 11471 11470
f 11467 11468 11472
f 11467 11472 11471
f 11469 11470 11474
f 11469 11474 11473
f 11470 11471 11475
f 11470 11475 11474
f 11471 11472 11476
f 11471 11476 11475
f 11473 11474 11478
f 11473 11478 11477
f 11474 11475 11479
f 11474 11479 11478
f 11475 11476 11480
f 11475 11480 11479
f 11481 11482 11486
f 11481 11486 11485
f 11482 11483 11487
f 11482 11487 11486
f 11483 11484 11488
f 11483 11488 11487
f 11485 11486 11490
f 11485 11490 11489
f 11486 11487 11491
f 11486 11491 11490
f 11487 11488 11492
f 11487 11492 11491
f 11489 11490 11494
f 11489 11494 11493
f 11490 11491 11495
f 11490 11495 11494
f 11491 11492 11496
f 11491 11496 11495
f 11497 11498 11502
f 11497 11502 11501
f 11498 11499 11503
f 11498 11503 11502
f 11499 11500 11504
f 11499 11504 11503
f 11501 11502 11506
f 11501 11506 11505
f 11502 11503 11507
f 11502 11507 11506
f 11503 11504 11508
f 11503 11508 11507
f 11505 11506 11510
f 11505 11510 11509
f 11506 11507 11511
f 11506 11511 11510
f 11507 11508 11512
f 11507 11512 11511
f 11513 11514 11518
f 11513 11518 11517
f 11514 11515 11519
f 11514 11519 11518
f 11515 11516 11520
f 11515 11520 11519
f 11517 11518 11522
f 11517 11522 11521
f 11518 11519 11523
f 11518 11523 11522
f 11519 11520 11524
f 11519 11524 11523
f 11521 11522 11526
f 11521 11526 11525
f 11522 11523 11527
f 11522 11527 11526
f 11523 11524 11528
f 11523 11528 11527
f 11529 11530 11534
f 11529 11534 11533
f 11530 11531 11535
f 11530 11535 11534
f 11531 11532 11536
f 11531 11536 11535
f 11533 11534 11538
f 11533 11538 11537
f 11534 11535 11539
f 11534 11539 11538
f 11535 11536 11540
f 11535 11540 11539
f 11537 11538 11542
f 11537 11542 11541
f 11538 11539 11543
f 11538 11543 11542
f 11539 11540 11544
f 11539 11544 11543
g 팔레트_4
v -2.1000 0.0000 0.5000
v -2.1000 0.0467 0.5000
v -2.1000 0.0933 0.5000
v -2.1000 0.1400 0.5000
v -1.7000 0.0000 0.5000
v -1.7000 0.0467 0.5000
v -1.7000 0.0933 0.5000
v -1.7000 0.1400 0.5000
v -1.3000 0.0000 0.5000
v -1.3000 0.0467 0.5000
v -1.3000 0.0933 0.5000
v -1.3000 0.1400 0.5000
v -0.9000 0.0000 0.5000
v -0.9000 0.0467 0.5000
v -0.9000 0.0933 0.5000
v -0.9000 0.1400 0.5000
v -0.9000 0.0000 -0.5000
v -0.9000 0.0467 -0.5000
v -0.9000 0.0933 -0.5000
v -0.9000 0.1400 -0.5000
v -1.3000 0.0000 -0.5000
v -1.3000 0.0467 -0.5000
v -1.3000 0.0933 -0.5000
v -1.3000 0.1400 -0.5000
v -1.7000 0.0000 -0.5000
v -1.7000 0.0467 -0.5000
v -1.7000 0.0933 -0.5000
v -1.7000 0.1400 -0.5000
v -2.1000 0.0000 -0.5000
v -2.1000 0.0467 -0.5000
v -2.1000 0.0933 -0.5000
v -2.1000 0.1400 -0.5000
v -2.1000 0.0000 -0.5000
v -2.1000 0.0467 -0.5000
v -2.1000 0.0933 -0.5000
v -2.1000 0.1400 -0.5000
v -2.1000 0.0000 -0.1667
v -2.1000 0.0467 -0.1667
v -2.1000 0.0933 -0.1667
v -2.1000 0.1400 -0.1667
v -2.1000 0.0000 0.1667
v -2.1000 0.0467 0.1667
v -2.1000 0.0933 0.1667
v -2.1000 0.1400 0.1667
v -2.1000 0.0000 0.5000
v -2.1000 0.0467 0.5000
v -2.1000 0.0933 0.5000
v -2.1000 0.1400 0.5000
v -0.9000 0.0000 0.5000
v -0.9000 0.0467 0.5000
v -0.9000 0.0933 0.5000
v -0.9000 0.1400 0.5000
v -0.9000 0.0000 0.1667
v -0.9000 0.0467 0.1667
v -0.9000 0.0933 0.1667
v -0.9000 0.1400 0.1667
v -0.9000 0.0000 -0.1667
v -0.9000 0.0467 -0.1667
v -0.9000 0.0933 -0.1667
v -0.9000 0.1400 -0.1667
v -0.9000 0.0000 -0.5000
v -0.9000 0.0467 -0.5000
v -0.9000 0.0933 -0.5000
v -0.9000 0.1400 -0.5000
v -2.1000 0.1400 -0.5000
v -2.1000 0.1400 -0.1667
v -2.1000 0.1400 0.1667
v -2.1000 0.1400 0.5000
v -1.7000 0.1400 -0.5000
v -1.7000 0.1400 -0.1667
v -1.7000 0.1400 0.1667
v -1.7000 0.1400 0.5000
v -1.3000 0.1400 -0.5000
v -1.3000 0.1400 -0.1667
v -1.3000 0.1400 0.1667
v -1.3000 0.1400 0.5000
v -0.9000 0.1400 -0.5000
v -0.9000 0.1400 -0.1667
v -0.9000 0.1400 0.1667
v -0.9000 0.1400 0.5000
v -2.1000 0.0000 0.5000
v -2.1000 0.0000 0.1667
v -2.1000 0.0000 -0.1667
v -2.1000 0.0000 -0.5000
v -1.7000 0.0000 0.5000
v -1.7000 0.0000 0.1667
v -1.7000 0.0000 -0.1667
v -1.7000 0.0000 -0.5000
v -1.3000 0.0000 0.5000
v -1.3000 0.0000 0.1667
v -1.3000 0.0000 -0.1667
v -1.3000 0.0000 -0.5000
v -0.9000 0.0000 0.5000
v -0.9000 0.0000 0.1667
v -0.9000 0.0000 -0.1667
v -0.9000 0.0000 -0.5000
f 11545 11546 11550
f 11545 11550 11549
f 11546 11547 11551
f 11546 11551 11550
f 11547 11548 11552
f 11547 11552 11551
f 11549 11550 11554
f 11549 11554 11553
f 11550 11551 11555
f 11550 11555 11554
f 11551 11552 11556
f 11551 11556 11555
f 11553 11554 11558
f 11553 11558 11557
f 11554 11555 11559
f 11554 11559 11558
f 11555 11556 11560
f 11555 11560 11559
f 11561 11562 11566
f 11561 11566 11565
f 11562 11563 11567
f 11562 11567 11566
f 11563 11564 11568
f 11563 11568 11567
f 11565 11566 11570
f 11565 11570 11569
f 11566 11567 11571
f 11566 11571 11570
f 11567 11568 11572
f 11567 11572 11571
f 11569 11570 11574
f 11569 11574 11573
f 11570 11571 11575
f 11570 11575 11574
f 11571 11572 11576
f 11571 11576 11575
f 11577 11578 11582
f 11577 11582 11581
f 11578 11579 11583
f 11578 11583 11582
f 11579 11580 11584
f 11579 11584 11583
f 11581 11582 11586
f 11581 11586 11585
f 11582 11583 11587
f 11582 11587 11586
f 11583 11584 11588
f 11583 11588 11587
f 11585 11586 11590
f 11585 11590 11589
f 11586 11587 11591
f 11586 11591 11590
f 11587 11588 11592
f 11587 11592 11591
f 11593 11594 11598
f 11593 11598 11597
f 11594 11595 11599
f 11594 11599 11598
f 11595 11596 11600
f 11595 11600 11599
f 11597 11598 11602
f 11597 11602 11601
f 11598 11599 11603
f 11598 11603 11602
f 11599 11600 11604
f 11599 11604 11603
f 11601 11602 11606
f 11601 11606 11605
f 11602 11603 11607
f 11602 11607 11606
f 11603 11604 11608
f 11603 11608 11607
f 11609 11610 11614
f 11609 11614 11613
f 11610 11611 11615
f 11610 11615 11614
f 11611 11612 11616
f 11611 11616 11615
f 11613 11614 11618
f 11613 11618 11617
f 11614 11615 11619
f 11614 11619 11618
f 11615 11616 11620
f 11615 11620 11619
f 11617 11618 11622
f 11617 11622 11621
f 11618 11619 11623
f 11618 11623 11622
f 11619 11620 11624
f 11619 11624 11623
f 11625 11626 11630
f 11625 11630 11629
f 11626 11627 11631
f 11626 11631 11630
f 11627 11628 11632
f 11627 11632 11631
f 11629 11630 11634
f 11629 11634 11633
f 11630 11631 11635
f 11630 11635 11634
f 11631 11632 11636
f 11631 11636 11635
f 11633 11634 11638
f 11633 11638 11637
f 11634 11635 11639
f 11634 11639 11638
f 11635 11636 11640
f 11635 11640 11639
g 팔레트_5
v -2.1000 0.0000 3.5000
v -2.1000 0.0467 3.5000
v -2.1000 0.0933 3.5000
v -2.1000 0.1400 3.5000
v -1.7000 0.0000 3.5000
v -1.7000 0.0467 3.5000
v -1.7000 0.0933 3.5000
v -1.7000 0.1400 3.5000
v -1.3000 0.0000 3.5000
v -1.3000 0.0467 3.5000
v -1.3000 0.0933 3.5000
v -1.3000 0.1400 3.5000
v -0.9000 0.0000 3.5000
v -0.9000 0.0467 3.5000
v -0.9000 0.0933 3.5000
v -0.9000 0.1400 3.5000
v -0.9000 0.0000 2.5000
v -0.9000 0.0467 2.5000
v -0.9000 0.0933 2.5000
v -0.9000 0.1400 2.5000
v -1.3000 0.0000 2.5000
v -1.3000 0.0467 2.5000
v -1.3000 0.0933 2.5000
v -1.3000 0.1400 2.5000
v -1.7000 0.0000 2.5000
v -1.7000 0.0467 2.5000
v -1.7000 0.0933 2.5000
v -1.7000 0.1400 2.5000
v -2.1000 0.0000 2.5000
v -2.1000 0.0467 2.5000
v -2.1000 0.0933 2.5000
v -2.1000 0.1400 2.5000
v -2.1000 0.0000 2.5000
v -2.1000 0.0467 2.5000
v -2.1000 0.0933 2.5000
v -2.1000 0.1400 2.5000
v -2.1000 0.0000 2.8333
v -2.1000 0.0467 2.8333
v -2.1000 0.0933 2.8333
v -2.1000 0.1400 2.8333
v -2.1000 0.0000 3.1667
v -2.1000 0.0467 3.1667
v -2.1000 0.0933 3.1667
v -2.1000 0.1400 3.1667
v -2.1000 0.0000 3.5000
v -2.1000 0.0467 3.5000
v -2.1000 0.0933 3.5000
v -2.1000 0.1400 3.5000
v -0.9000 0.0000 3.5000
v -0.9000 0.0467 3.5000
v -0.9000 0.0933 3.5000
v -0.9000 0.1400 3.5000
v -0.9000 0.0000 3.1667
v -0.9000 0.0467 3.1667
v -0.9000 0.0933 3.1667
v -0.9000 0.1400 3.1667
v -0.9000 0.0000 2.8333
v -0.9000 0.0467 2.8333
v -0.9000 0.0933 2.8333
v -0.9000 0.1400 2.8333
v -0.9000 0.0000 2.5000
v -0.9000 0.0467 2.5000
v -0.9000 0.0933 2.5000
v -0.9000 0.1400 2.5000
v -2.1000 0.1400 2.5000
v -2.1000 0.1400 2.8333
v -2.1000 0.1400 3.1667
v -2.1000 0.1400 3.5000
v -1.7000 0.1400 2.5000
v -1.7000 0.1400 2.8333
v -1.7000 0.1400 3.1667
v -1.7000 0.1400 3.5000
v -1.3000 0.1400 2.5000
v -1.3000 0.1400 2.8333
v -1.3000 0.1400 3.1667
v -1.3000 0.1400 3.5000
v -0.9000 0.1400 2.5000
v -0.9000 0.1400 2.8333
v -0.9000 0.1400 3.1667
v -0.9000 0.1400 3.5000
v -2.1000 0.0000 3.5000
v -2.1000 0.0000 3.1667
v -2.1000 0.0000 2.8333
v -2.1000 0.0000 2.5000
v -1.7000 0.0000 3.5000
v -1.7000 0.0000 3.1667
v -1.7000 0.0000 2.8333
v -1.7000 0.0000 2.5000
v -1.3000 0.0000 3.5000
v -1.3000 0.0000 3.1667
v -1.3000 0.0000 2.8333
v -1.3000 0.0000 2.5000
v -0.9000 0.0000 3.5000
v -0.9000 0.0000 3.1667
v -0.9000 0.0000 2.8333
v -0.9000 0.0000 2.5000
f 11641 11642 11646
f 11641 11646 11645
f 11642 11643 11647
f 11642 11647 11646
f 11643 11644 11648
f 11643 11648 11647
f 11645 11646 11650
f 11645 11650 11649
f 11646 11647 11651
f 11646 11651 11650
f 11647 11648 11652
f 11647 11652 11651
f 11649 11650 11654
f 11649 11654 11653
f 11650 11651 11655
f 11650 11655 11654
f 11651 11652 11656
f 11651 11656 11655
f 11657 11658 11662
f 11657 11662 11661
f 11658 11659 11663
f 11658 11663 11662
f 11659 11660 11664
f 11659 11664 11663
f 11661 11662 11666
f 11661 11666 11665
f 11662 11663 11667
f 11662 11667 11666
f 11663 11664 11668
f 11663 11668 11667
f 11665 11666 11670
f 11665 11670 11669
f 11666 11667 11671
f 11666 11671 11670
f 11667 11668 11672
f 11667 11672 11671
f 11673 11674 11678
f 11673 11678 11677
f 11674 11675 11679
f 11674 11679 11678
f 11675 11676 11680
f 11675 11680 11679
f 11677 11678 11682
f 11677 11682 11681
f 11678 11679 11683
f 11678 11683 11682
f 11679 11680 11684
f 11679 11684 11683
f 11681 11682 11686
f 11681 11686 11685
f 11682 11683 11687
f 11682 11687 11686
f 11683 11684 11688
f 11683 11688 11687
f 11689 11690 11694
f 11689 11694 11693
f 11690 11691 11695
f 11690 11695 11694
f 11691 11692 11696
f 11691 11696 11695
f 11693 11694 11698
f 11693 11698 11697
f 11694 11695 11699
f 11694 11699 11698
f 11695 11696 11700
f 11695 11700 11699
f 11697 11698 11702
f 11697 11702 11701
f 11698 11699 11703
f 11698 11703 11702
f 11699 11700 11704
f 11699 11704 11703
f 11705 11706 11710
f 11705 11710 11709
f 11706 11707 11711
f 11706 11711 11710
f 11707 11708 11712
f 11707 11712 11711
f 11709 11710 11714
f 11709 11714 11713
f 11710 11711 11715
f 11710 11715 11714
f 11711 11712 11716
f 11711 11716 11715
f 11713 11714 11718
f 11713 11718 11717
f 11714 11715 11719
f 11714 11719 11718
f 11715 11716 11720
f 11715 11720 11719
f 11721 11722 11726
f 11721 11726 11725
f 11722 11723 11727
f 11722 11727 11726
f 11723 11724 11728
f 11723 11728 11727
f 11725 11726 11730
f 11725 11730 11729
f 11726 11727 11731
f 11726 11731 11730
f 11727 11728 11732
f 11727 11732 11731
f 11729 11730 11734
f 11729 11734 11733
f 11730 11731 11735
f 11730 11735 11734
f 11731 11732 11736
f 11731 11736 11735
g 팔레트_6
v 0.9000 0.0000 -2.5000
v 0.9000 0.0467 -2.5000
v 0.9000 0.0933 -2.5000
v 0.9000 0.1400 -2.5000
v 1.3000 0.0000 -2.5000
v 1.3000 0.0467 -2.5000
v 1.3000 0.0933 -2.5000
v 1.3000 0.1400 -2.5000
v 1.7000 0.0000 -2.5000
v 1.7000 0.0467 -2.5000
v 1.7000 0.0933 -2.5000
v 1.7000 0.1400 -2.5000
v 2.1000 0.0000 -2.5000
v 2.1000 0.0467 -2.5000
v 2.1000 0.0933 -2.5000
v 2.1000 0.1400 -2.5000
v 2.1000 0.0000 -3.5000
v 2.1000 0.0467 -3.5000
v 2.1000 0.0933 -3.5000
v 2.1000 0.1400 -3.5000
v 1.7000 0.0000 -3.5000
v 1.7000 0.0467 -3.5000
v 1.7000 0.0933 -3.5000
v 1.7000 0.1400 -3.5000
v 1.3000 0.0000 -3.5000
v 1.3000 0.0467 -3.5000
v 1.3000 0.0933 -3.5000
v 1.3000 0.1400 -3.5000
v 0.9000 0.0000 -3.5000
v 0.9000 0.0467 -3.5000
v 0.9000 0.0933 -3.5000
v 0.9000 0.1400 -3.5000
v 0.9000 0.0000 -3.5000
v 0.9000 0.0467 -3.5000
v 0.9000 0.0933 -3.5000
v 0.9000 0.1400 -3.5000
v 0.9000 0.0000 -3.1667
v 0.9000 0.0467 -3.1667
v 0.9000 0.0933 -3.1667
v 0.9000 0.1400 -3.1667
v 0.9000 0.0000 -2.8333
v 0.9000 0.0467 -2.8333
v 0.9000 0.0933 -2.8333
v 0.9000 0.1400 -2.8333
v 0.9000 0.0000 -2.5000
v 0.9000 0.0467 -2.5000
v 0.9000 0.0933 -2.5000
v 0.9000 0.1400 -2.5000
v 2.1000 0.0000 -2.5000
v 2.1000 0.0467 -2.5000
v 2.1000 0.0933 -2.5000
v 2.1000 0.1400 -2.5000
v 2.1000 0.0000 -2.8333
v 2.1000 0.0467 -2.8333
v 2.1000 0.0933 -2.8333
v 2.1000 0.1400 -2.8333
v 2.1000 0.0000 -3.1667
v 2.1000 0.0467 -3.1667
v 2.1000 0.0933 -3.1667
v 2.1000 0.1400 -3.1667
v 2.1000 0.0000 -3.5000
v 2.1000 0.0467 -3.5000
v 2.1000 0.0933 -3.5000
v 2.1000 0.1400 -3.5000
v 0.9000 0.1400 -3.5000
v 0.9000 0.1400 -3.1667
v 0.9000 0.1400 -2.8333
v 0.9000 0.1400 -2.5000
v 1.3000 0.1400 -3.5000
v 1.3000 0.1400 -3.1667
v 1.3000 0.1400 -2.8333
v 1.3000 0.1400 -2.5000
v 1.7000 0.1400 -3.5000
v 1.7000 0.1400 -3.1667
v 1.7000 0.1400 -2.8333
v 1.7000 0.1400 -2.5000
v 2.1000 0.1400 -3.5000
v 2.1000 0.1400 -3.1667
v 2.1000 0.1400 -2.8333
v 2.1000 0.1400 -2.5000
v 0.9000 0.0000 -2.5000
v 0.9000 0.0000 -2.8333
v 0.9000 0.0000 -3.1667
v 0.9000 0.0000 -3.5000
v 1.3000 0.0000 -2.5000
v 1.3000 0.0000 -2.8333
v 1.3000 0.0000 -3.1667
v 1.3000 0.0000 -3.5000
v 1.7000 0.0000 -2.5000
v 1.7000 0.0000 -2.8333
v 1.7000 0.0000 -3.1667
v 1.7000 0.0000 -3.5000
v 2.1000 0.0000 -2.5000
v 2.1000 0.0000 -2.8333
v 2.1000 0.0000 -3.1667
v 2.1000 0.0000 -3.5000
f 11737 11738 11742
f 11737 11742 11741
f 11738 11739 11743
f 11738 11743 11742
f 11739 11740 11744
f 11739 11744 11743
f 11741 11742 11746
f 11741 11746 11745
f 11742 11743 11747
f 11742 11747 11746
f 11743 11744 11748
f 11743 11748 11747
f 11745 11746 11750
f 11745 11750 11749
f 11746 11747 11751
f 11746 11751 11750
f 11747 11748 11752
f 11747 11752 11751
f 11753 11754 11758
f 11753 11758 11757
f 11754 11755 11759
f 11754 11759 11758
f 11755 11756 11760
f 11755 11760 11759
f 11757 11758 11762
f 11757 11762 11761
f 11758 11759 11763
f 11758 11763 11762
f 11759 11760 11764
f 11759 11764 11763
f 11761 11762 11766
f 11761 11766 11765
f 11762 11763 11767
f 11762 11767 11766
f 11763 11764 11768
f 11763 11768 11767
f 11769 11770 11774
f 11769 11774 11773
f 11770 11771 11775
f 11770 11775 11774
f 11771 11772 11776
f 11771 11776 11775
f 11773 11774 11778
f 11773 11778 11777
f 11774 11775 11779
f 11774 11779 11778
f 11775 11776 11780
f 11775 11780 11779
f 11777 11778 11782
f 11777 11782 11781
f 11778 11779 11783
f 11778 11783 11782
f 11779 11780 11784
f 11779 11784 11783
f 11785 11786 11790
f 11785 11790 11789
f 11786 11787 11791
f 11786 11791 11790
f 11787 11788 11792
f 11787 11792 11791
f 11789 11790 11794
f 11789 11794 11793
f 11790 11791 11795
f 11790 11795 11794
f 11791 11792 11796
f 11791 11796 11795
f 11793 11794 11798
f 11793 11798 11797
f 11794 11795 11799
f 11794 11799 11798
f 11795 11796 11800
f 11795 11800 11799
f 11801 11802 11806
f 11801 11806 11805
f 11802 11803 11807
f 11802 11807 11806
f 11803 11804 11808
f 11803 11808 11807
f 11805 11806 11810
f 11805 11810 11809
f 11806 11807 11811
f 11806 11811 11810
f 11807 11808 11812
f 11807 11812 11811
f 11809 11810 11814
f 11809 11814 11813
f 11810 11811 11815
f 11810 11815 11814
f 11811 11812 11816
f 11811 11816 11815
f 11817 11818 11822
f 11817 11822 11821
f 11818 11819 11823
f 11818 11823 11822
f 11819 11820 11824
f 11819 11824 11823
f 11821 11822 11826
f 11821 11826 11825
f 11822 11823 11827
f 11822 11827 11826
f 11823 11824 11828
f 11823 11828 11827
f 11825 11826 11830
f 11825 11830 11829
f 11826 11827 11831
f 11826 11831 11830
f 11827 11828 11832
f 11827 11832 11831
g 팔레트_7
v 0.9000 0.0000 0.5000
v 0.9000 0.0467 0.5000
v 0.9000 0.0933 0.5000
v 0.9000 0.1400 0.5000
v 1.3000 0.0000 0.5000
v 1.3000 0.0467 0.5000
v 1.3000 0.0933 0.5000
v 1.3000 0.1400 0.5000
v 1.7000 0.0000 0.5000
v 1.7000 0.0467 0.5000
v 1.7000 0.0933 0.5000
v 1.7000 0.1400 0.5000
v 2.1000 0.0000 0.5000
v 2.1000 0.0467 0.5000
v 2.1000 0.0933 0.5000
v 2.1000 0.1400 0.5000
v 2.1000 0.0000 -0.5000
v 2.1000 0.0467 -0.5000
v 2.1000 0.0933 -0.5000
v 2.1000 0.1400 -0.5000
v 1.7000 0.0000 -0.5000
v 1.7000 0.0467 -0.5000
v 1.7000 0.0933 -0.5000
v 1.7000 0.1400 -0.5000
v 1.3000 0.0000 -0.5000
v 1.3000 0.0467 -0.5000
v 1.3000 0.0933 -0.5000
v 1.3000 0.1400 -0.5000
v 0.9000 0.0000 -0.5000
v 0.9000 0.0467 -0.5000
v 0.9000 0.0933 -0.5000
v 0.9000 0.1400 -0.5000
v 0.9000 0.0000 -0.5000
v 0.9000 0.0467 -0.5000
v 0.9000 0.0933 -0.5000
v 0.9000 0.1400 -0.5000
v 0.9000 0.0000 -0.1667
v 0.9000 0.0467 -0.1667
v 0.9000 0.0933 -0.1667
v 0.9000 0.1400 -0.1667
v 0.9000 0.0000 0.1667
v 0.9000 0.0467 0.1667
v 0.9000 0.0933 0.1667
v 0.9000 0.1400 0.1667
v 0.9000 0.0000 0.5000
v 0.9000 0.0467 0.5000
v 0.9000 0.0933 0.5000
v 0.9000 0.1400 0.5000
v 2.1000 0.0000 0.5000
v 2.1000 0.0467 0.5000
v 2.1000 0.0933 0.5000
v 2.1000 0.1400 0.5000
v 2.1000 0.0000 0.1667
v 2.1000 0.0467 0.1667
v 2.1000 0.0933 0.1667
v 2.1000 0.1400 0.1667
v 2.1000 0.0000 -0.1667
v 2.1000 0.0467 -0.1667
v 2.1000 0.0933 -0.1667
v 2.1000 0.1400 -0.1667
v 2.1000 0.0000 -0.5000
v 2.1000 0.0467 -0.5000
v 2.1000 0.0933 -0.5000
v 2.1000 0.1400 -0.5000
v 0.9000 0.1400 -0.5000
v 0.9000 0.1400 -0.1667
v 0.9000 0.1400 0.1667
v 0.9000 0.1400 0.5000
v 1.3000 0.1400 -0.5000
v 1.3000 0.1400 -0.1667
v 1.3000 0.1400 0.1667
v 1.3000 0.1400 0.5000
v 1.7000 0.1400 -0.5000
v 1.7000 0.1400 -0.1667
v 1.7000 0.1400 0.1667
v 1.7000 0.1400 0.5000
v 2.1000 0.1400 -0.5000
v 2.1000 0.1400 -0.1667
v 2.1000 0.1400 0.1667
v 2.1000 0.1400 0.5000
v 0.9000 0.0000 0.5000
v 0.9000 0.0000 0.1667
v 0.9000 0.0000 -0.1667
v 0.9000 0.0000 -0.5000
v 1.3000 0.0000 0.5000
v 1.3000 0.0000 0.1667
v 1.3000 0.0000 -0.1667
v 1.3000 0.0000 -0.5000
v 1.7000 0.0000 0.5000
v 1.7000 0.0000 0.1667
v 1.7000 0.0000 -0.1667
v 1.7000 0.0000 -0.5000
v 2.1000 0.0000 0.5000
v 2.1000 0.0000 0.1667
v 2.1000 0.0000 -0.1667
v 2.1000 0.0000 -0.5000
f 11833 11834 11838
f 11833 11838 11837
f 11834 11835 11839
f 11834 11839 11838
f 11835 11836 11840
f 11835 11840 11839
f 11837 11838 11842
f 11837 11842 11841
f 11838 11839 11843
f 11838 11843 11842
f 11839 11840 11844
f 11839 11844 11843
f 11841 11842 11846
f 11841 11846 11845
f 11842 11843 11847
f 11842 11847 11846
f 11843 11844 11848
f 11843 11848 11847
f 11849 11850 11854
f 11849 11854 11853
f 11850 11851 11855
f 11850 11855 11854
f 11851 11852 11856
f 11851 11856 11855
f 11853 11854 11858
f 11853 11858 11857
f 11854 11855 11859
f 11854 11859 11858
f 11855 11856 11860
f 11855 11860 11859
f 11857 11858 11862
f 11857 11862 11861
f 11858 11859 11863
f 11858 11863 11862
f 11859 11860 11864
f 11859 11864 11863
f 11865 11866 11870
f 11865 11870 11869
f 11866 11867 11871
f 11866 11871 11870
f 11867 11868 11872
f 11867 11872 11871
f 11869 11870 11874
f 11869 11874 11873
f 11870 11871 11875
f 11870 11875 11874
f 11871 11872 11876
f 11871 11876 11875
f 11873 11874 11878
f 11873 11878 11877
f 11874 11875 11879
f 11874 11879 11878
f 11875 11876 11880
f 11875 11880 11879
f 11881 11882 11886
f 11881 11886 11885
f 11882 11883 11887
f 11882 11887 11886
f 11883 11884 11888
f 11883 11888 11887
f 11885 11886 11890
f 11885 11890 11889
f 11886 11887 11891
f 11886 11891 11890
f 11887 11888 11892
f 11887 11892 11891
f 11889 11890 11894
f 11889 11894 11893
f 11890 11891 11895
f 11890 11895 11894
f 11891 11892 11896
f 11891 11896 11895
f 11897 11898 11902
f 11897 11902 11901
f 11898 11899 11903
f 11898 11903 11902
f 11899 11900 11904
f 11899 11904 11903
f 11901 11902 11906
f 11901 11906 11905
f 11902 11903 11907
f 11902 11907 11906
f 11903 11904 11908
f 11903 11908 11907
f 11905 11906 11910
f 11905 11910 11909
f 11906 11907 11911
f 11906 11911 11910
f 11907 11908 11912
f 11907 11912 11911
f 11913 11914 11918
f 11913 11918 11917
f 11914 11915 11919
f 11914 11919 11918
f 11915 11916 11920
f 11915 11920 11919
f 11917 11918 11922
f 11917 11922 11921
f 11918 11919 11923
f 11918 11923 11922
f 11919 11920 11924
f 11919 11924 11923
f 11921 11922 11926
f 11921 11926 11925
f 11922 11923 11927
f 11922 11927 11926
f 11923 11924 11928
f 11923 11928 11927
g 팔레트_8
v 0.9000 0.0000 3.5000
v 0.9000 0.0467 3.5000
v 0.9000 0.0933 3.5000
v 0.9000 0.1400 3.5000
v 1.3000 0.0000 3.5000
v 1.3000 0.0467 3.5000
v 1.3000 0.0933 3.5000
v 1.3000 0.1400 3.5000
v 1.7000 0.0000 3.5000
v 1.7000 0.0467 3.5000
v 1.7000 0.0933 3.5000
v 1.7000 0.1400 3.5000
v 2.1000 0.0000 3.5000
v 2.1000 0.0467 3.5000
v 2.1000 0.0933 3.5000
v 2.1000 0.1400 3.5000
v 2.1000 0.0000 2.5000
v 2.1000 0.0467 2.5000
v 2.1000 0.0933 2.5000
v 2.1000 0.1400 2.5000
v 1.7000 0.0000 2.5000
v 1.7000 0.0467 2.5000
v 1.7000 0.0933 2.5000
v 1.7000 0.1400 2.5000
v 1.3000 0.0000 2.5000
v 1.3000 0.0467 2.5000
v 1.3000 0.0933 2.5000
v 1.3000 0.1400 2.5000
v 0.9000 0.0000 2.5000
v 0.9000 0.0467 2.5000
v 0.9000 0.0933 2.5000
v 0.9000 0.1400 2.5000
v 0.9000 0.0000 2.5000
v 0.9000 0.0467 2.5000
v 0.9000 0.0933 2.5000
v 0.9000 0.1400 2.5000
v 0.9000 0.0000 2.8333
v 0.9000 0.0467 2.8333
v 0.9000 0.0933 2.8333
v 0.9000 0.1400 2.8333
v 0.9000 0.0000 3.1667
v 0.9000 0.0467 3.1667
v 0.9000 0.0933 3.1667
v 0.9000 0.1400 3.1667
v 0.9000 0.0000 3.5000
v 0.9000 0.0467 3.5000
v 0.9000 0.0933 3.5000
v 0.9000 0.1400 3.5000
v 2.1000 0.0000 3.5000
v 2.1000 0.0467 3.5000
v 2.1000 0.0933 3.5000
v 2.1000 0.1400 3.5000
v 2.1000 0.0000 3.1667
v 2.1000 0.0467 3.1667
v 2.1000 0.0933 3.1667
v 2.1000 0.1400 3.1667
v 2.1000 0.0000 2.8333
v 2.1000 0.0467 2.8333
v 2.1000 0.0933 2.8333
v 2.1000 0.1400 2.8333
v 2.1000 0.0000 2.5000
v 2.1000 0.0467 2.5000
v 2.1000 0.0933 2.5000
v 2.1000 0.1400 2.5000
v 0.9000 0.1400 2.5000
v 0.9000 0.1400 2.8333
v 0.9000 0.1400 3.1667
v 0.9000 0.1400 3.5000
v 1.3000 0.1400 2.5000
v 1.3000 0.1400 2.8333
v 1.3000 0.1400 3.1667
v 1.3000 0.1400 3.5000
v 1.7000 0.1400 2.5000
v 1.7000 0.1400 2.8333
v 1.7000 0.1400 3.1667
v 1.7000 0.1400 3.5000
v 2.1000 0.1400 2.5000
v 2.1000 0.1400 2.8333
v 2.1000 0.1400 3.1667
v 2.1000 0.1400 3.5000
v 0.9000 0.0000 3.5000
v 0.9000 0.0000 3.1667
v 0.9000 0.0000 2.8333
v 0.9000 0.0000 2.5000
v 1.3000 0.0000 3.5000
v 1.3000 0.0000 3.1667
v 1.3000 0.0000 2.8333
v 1.3000 0.0000 2.5000
v 1.7000 0.0000 3.5000
v 1.7000 0.0000 3.1667
v 1.7000 0.0000 2.8333
v 1.7000 0.0000 2.5000
v 2.1000 0.0000 3.5000
v 2.1000 0.0000 3.1667
v 2.1000 0.0000 2.8333
v 2.1000 0.0000 2.5000
f 11929 11930 11934
f 11929 11934 11933
f 11930 11931 11935
f 11930 11935 11934
f 11931 11932 11936
f 11931 11936 11935
f 11933 11934 11938
f 11933 11938 11937
f 11934 11935 11939
f 11934 11939 11938
f 11935 11936 11940
f 11935 11940 11939
f 11937 11938 11942
f 11937 11942 11941
f 11938 11939 11943
f 11938 11943 11942
f 11939 11940 11944
f 11939 11944 11943
f 11945 11946 11950
f 11945 11950 11949
f 11946 11947 11951
f 11946 11951 11950
f 11947 11948 11952
f 11947 11952 11951
f 11949 11950 11954
f 11949 11954 11953
f 11950 11951 11955
f 11950 11955 11954
f 11951 11952 11956
f 11951 11956 11955
f 11953 11954 11958
f 11953 11958 11957
f 11954 11955 11959
f 11954 11959 11958
f 11955 11956 11960
f 11955 11960 11959
f 11961 11962 11966
f 11961 11966 11965
f 11962 11963 11967
f 11962 11967 11966
f 11963 11964 11968
f 11963 11968 11967
f 11965 11966 11970
f 11965 11970 11969
f 11966 11967 11971
f 11966 11971 11970
f 11967 11968 11972
f 11967 11972 11971
f 11969 11970 11974
f 11969 11974 11973
f 11970 11971 11975
f 11970 11975 11974
f 11971 11972 11976
f 11971 11976 11975
f 11977 11978 11982
f 11977 11982 11981
f 11978 11979 11983
f 11978 11983 11982
f 11979 11980 11984
f 11979 11984 11983
f 11981 11982 11986
f 11981 11986 11985
f 11982 11983 11987
f 11982 11987 11986
f 11983 11984 11988
f 11983 11988 11987
f 11985 11986 11990
f 11985 11990 11989
f 11986 11987 11991
f 11986 11991 11990
f 11987 11988 11992
f 11987 11992 11991
f 11993 11994 11998
f 11993 11998 11997
f 11994 11995 11999
f 11994 11999 11998
f 11995 11996 12000
f 11995 12000 11999
f 11997 11998 12002
f 11997 12002 12001
f 11998 11999 12003
f 11998 12003 12002
f 11999 12000 12004
f 11999 12004 12003
f 12001 12002 12006
f 12001 12006 12005
f 12002 12003 12007
f 12002 12007 12006
f 12003 12004 12008
f 12003 12008 12007
f 12009 12010 12014
f 12009 12014 12013
f 12010 12011 12015
f 12010 12015 12014
f 12011 12012 12016
f 12011 12016 12015
f 12013 12014 12018
f 12013 12018 12017
f 12014 12015 12019
f 12014 12019 12018
f 12015 12016 12020
f 12015 12020 12019
f 12017 12018 12022
f 12017 12022 12021
f 12018 12019 12023
f 12018 12023 12022
f 12019 12020 12024
f 12019 12024 12023
g 팔레트_9
v 3.9000 0.0000 -2.5000
v 3.9000 0.0467 -2.5000
v 3.9000 0.0933 -2.5000
v 3.9000 0.1400 -2.5000
v 4.3000 0.0000 -2.5000
v 4.3000 0.0467 -2.5000
v 4.3000 0.0933 -2.5000
v 4.3000 0.1400 -2.5000
v 4.7000 0.0000 -2.5000
v 4.7000 0.0467 -2.5000
v 4.7000 0.0933 -2.5000
v 4.7000 0.1400 -2.5000
v 5.1000 0.0000 -2.5000
v 5.1000 0.0467 -2.5000
v 5.1000 0.0933 -2.5000
v 5.1000 0.1400 -2.5000
v 5.1000 0.0000 -3.5000
v 5.1000 0.0467 -3.5000
v 5.1000 0.0933 -3.5000
v 5.1000 0.1400 -3.5000
v 4.7000 0.0000 -3.5000
v 4.7000 0.0467 -3.5000
v 4.7000 0.0933 -3.5000
v 4.7000 0.1400 -3.5000
v 4.3000 0.0000 -3.5000
v 4.3000 0.0467 -3.5000
v 4.3000 0.0933 -3.5000
v 4.3000 0.1400 -3.5000
v 3.9000 0.0000 -3.5000
v 3.9000 0.0467 -3.5000
v 3.9000 0.0933 -3.5000
v 3.9000 0.1400 -3.5000
v 3.9000 0.0000 -3.5000
v 3.9000 0.0467 -3.5000
v 3.9000 0.0933 -3.5000
v 3.9000 0.1400 -3.5000
v 3.9000 0.0000 -3.1667
v 3.9000 0.0467 -3.1667
v 3.9000 0.0933 -3.1667
v 3.9000 0.1400 -3.1667
v 3.9000 0.0000 -2.8333
v 3.9000 0.0467 -2.8333
v 3.9000 0.0933 -2.8333
v 3.9000 0.1400 -2.8333
v 3.9000 0.0000 -2.5000
v 3.9000 0.0467 -2.5000
v 3.9000 0.0933 -2.5000
v 3.9000 0.1400 -2.5000
v 5.1000 0.0000 -2.5000
v 5.1000 0.0467 -2.5000
v 5.1000 0.0933 -2.5000
v 5.1000 0.1400 -2.5000
v 5.1000 0.0000 -2.8333
v 5.1000 0.0467 -2.8333
v 5.1000 0.0933 -2.8333
v 5.1000 0.1400 -2.8333
v 5.1000 0.0000 -3.1667
v 5.1000 0.0467 -3.1667
v 5.1000 0.0933 -3.1667
v 5.1000 0.1400 -3.1667
v 5.1000 0.0000 -3.5000
v 5.1000 0.0467 -3.5000
v 5.1000 0.0933 -3.5000
v 5.1000 0.1400 -3.5000
v 3.9000 0.1400 -3.5000
v 3.9000 0.1400 -3.1667
v 3.9000 0.1400 -2.8333
v 3.9000 0.1400 -2.5000
v 4.3000 0.1400 -3.5000
v 4.3000 0.1400 -3.1667
v 4.3000 0.1400 -2.8333
v 4.3000 0.1400 -2.5000
v 4.7000 0.1400 -3.5000
v 4.7000 0.1400 -3.1667
v 4.7000 0.1400 -2.8333
v 4.7000 0.1400 -2.5000
v 5.1000 0.1400 -3.5000
v 5.1000 0.1400 -3.1667
v 5.1000 0.1400 -2.8333
v 5.1000 0.1400 -2.5000
v 3.9000 0.0000 -2.5000
v 3.9000 0.0000 -2.8333
v 3.9000 0.0000 -3.1667
v 3.9000 0.0000 -3.5000
v 4.3000 0.0000 -2.5000
v 4.3000 0.0000 -2.8333
v 4.3000 0.0000 -3.1667
v 4.3000 0.0000 -3.5000
v 4.7000 0.0000 -2.5000
v 4.7000 0.0000 -2.8333
v 4.7000 0.0000 -3.1667
v 4.7000 0.0000 -3.5000
v 5.1000 0.0000 -2.5000
v 5.1000 0.0000 -2.8333
v 5.1000 0.0000 -3.1667
v 5.1000 0.0000 -3.5000
f 12025 12026 12030
f 12025 12030 12029
f 12026 12027 12031
f 12026 12031 12030
f 12027 12028 12032
f 12027 12032 12031
f 12029 12030 12034
f 12029 12034 12033
f 12030 12031 12035
f 12030 12035 12034
f 12031 12032 12036
f 12031 12036 12035
f 12033 12034 12038
f 12033 12038 12037
f 12034 12035 12039
f 12034 12039 12038
f 12035 12036 12040
f 12035 12040 12039
f 12041 12042 12046
f 12041 12046 12045
f 12042 12043 12047
f 12042 12047 12046
f 12043 12044 12048
f 12043 12048 12047
f 12045 12046 12050
f 12045 12050 12049
f 12046 12047 12051
f 12046 12051 12050
f 12047 12048 12052
f 12047 12052 12051
f 12049 12050 12054
f 12049 12054 12053
f 12050 12051 12055
f 12050 12055 12054
f 12051 12052 12056
f 12051 12056 12055
f 12057 12058 12062
f 12057 12062 12061
f 12058 12059 12063
f 12058 12063 12062
f 12059 12060 12064
f 12059 12064 12063
f 12061 12062 12066
f 12061 12066 12065
f 12062 12063 12067
f 12062 12067 12066
f 12063 12064 12068
f 12063 12068 12067
f 12065 12066 12070
f 12065 12070 12069
f 12066 12067 12071
f 12066 12071 12070
f 12067 12068 12072
f 12067 12072 12071
f 12073 12074 12078
f 12073 12078 12077
f 12074 12075 12079
f 12074 12079 12078
f 12075 12076 12080
f 12075 12080 12079
f 12077 12078 12082
f 12077 12082 12081
f 12078 12079 12083
f 12078 12083 12082
f 12079 12080 12084
f 12079 12084 12083
f 12081 12082 12086
f 12081 12086 12085
f 12082 12083 12087
f 12082 12087 12086
f 12083 12084 12088
f 12083 12088 12087
f 12089 12090 12094
f 12089 12094 12093
f 12090 12091 12095
f 12090 12095 12094
f 12091 12092 12096
f 12091 12096 12095
f 12093 12094 12098
f 12093 12098 12097
f 12094 12095 12099
f 12094 12099 12098
f 12095 12096 12100
f 12095 12100 12099
f 12097 12098 12102
f 12097 12102 12101
f 12098 12099 12103
f 12098 12103 12102
f 12099 12100 12104
f 12099 12104 12103
f 12105 12106 12110
f 12105 12110 12109
f 12106 12107 12111
f 12106 12111 12110
f 12107 12108 12112
f 12107 12112 12111
f 12109 12110 12114
f 12109 12114 12113
f 12110 12111 12115
f 12110 12115 12114
f 12111 12112 12116
f 12111 12116 12115
f 12113 12114 12118
f 12113 12118 12117
f 12114 12115 12119
f 12114 12119 12118
f 12115 12116 12120
f 12115 12120 12119
g 팔레트_10
v 3.9000 0.0000 0.5000
v 3.9000 0.0467 0.5000
v 3.9000 0.0933 0.5000
v 3.9000 0.1400 0.5000
v 4.3000 0.0000 0.5000
v 4.3000 0.0467 0.5000
v 4.3000 0.0933 0.5000
v 4.3000 0.1400 0.5000
v 4.7000 0.0000 0.5000
v 4.7000 0.0467 0.5000
v 4.7000 0.0933 0.5000
v 4.7000 0.1400 0.5000
v 5.1000 0.0000 0.5000
v 5.1000 0.0467 0.5000
v 5.1000 0.0933 0.5000
v 5.1000 0.1400 0.5000
v 5.1000 0.0000 -0.5000
v 5.1000 0.0467 -0.5000
v 5.1000 0.0933 -0.5000
v 5.1000 0.1400 -0.5000
v 4.7000 0.0000 -0.5000
v 4.7000 0.0467 -0.5000
v 4.7000 0.0933 -0.5000
v 4.7000 0.1400 -0.5000
v 4.3000 0.0000 -0.5000
v 4.3000 0.0467 -0.5000
v 4.3000 0.0933 -0.5000
v 4.3000 0.1400 -0.5000
v 3.9000 0.0000 -0.5000
v 3.9000 0.0467 -0.5000
v 3.9000 0.0933 -0.5000
v 3.9000 0.1400 -0.5000
v 3.9000 0.0000 -0.5000
v 3.9000 0.0467 -0.5000
v 3.9000 0.0933 -0.5000
v 3.9000 0.1400 -0.5000
v 3.9000 0.0000 -0.1667
v 3.9000 0.0467 -0.1667
v 3.9000 0.0933 -0.1667
v 3.9000 0.1400 -0.1667
v 3.9000 0.0000 0.1667
v 3.9000 0.0467 0.1667
v 3.9000 0.0933 0.1667
v 3.9000 0.1400 0.1667
v 3.9000 0.0000 0.5000
v 3.9000 0.0467 0.5000
v 3.9000 0.0933 0.5000
v 3.9000 0.1400 0.5000
v 5.1000 0.0000 0.5000
v 5.1000 0.0467 0.5000
v 5.1000 0.0933 0.5000
v 5.1000 0.1400 0.5000
v 5.1000 0.0000 0.1667
v 5.1000 0.0467 0.1667
v 5.1000 0.0933 0.1667
v 5.1000 0.1400 0.1667
v 5.1000 0.0000 -0.1667
v 5.1000 0.0467 -0.1667
v 5.1000 0.0933 -0.1667
v 5.1000 0.1400 -0.1667
v 5.1000 0.0000 -0.5000
v 5.1000 0.0467 -0.5000
v 5.1000 0.0933 -0.5000
v 5.1000 0.1400 -0.5000
v 3.9000 0.1400 -0.5000
v 3.9000 0.1400 -0.1667
v 3.9000 0.1400 0.1667
v 3.9000 0.1400 0.5000
v 4.3000 0.1400 -0.5000
v 4.3000 0.1400 -0.1667
v 4.3000 0.1400 0.1667
v 4.3000 0.1400 0.5000
v 4.7000 0.1400 -0.5000
v 4.7000 0.1400 -0.1667
v 4.7000 0.1400 0.1667
v 4.7000 0.1400 0.5000
v 5.1000 0.1400 -0.5000
v 5.1000 0.1400 -0.1667
v 5.1000 0.1400 0.1667
v 5.1000 0.1400 0.5000
v 3.9000 0.0000 0.5000
v 3.9000 0.0000 0.1667
v 3.9000 0.0000 -0.1667
v 3.9000 0.0000 -0.5000
v 4.3000 0.0000 0.5000
v 4.3000 0.0000 0.1667
v 4.3000 0.0000 -0.1667
v 4.3000 0.0000 -0.5000
v 4.7000 0.0000 0.5000
v 4.7000 0.0000 0.1667
v 4.7000 0.0000 -0.1667
v 4.7000 0.0000 -0.5000
v 5.1000 0.0000 0.5000
v 5.1000 0.0000 0.1667
v 5.1000 0.0000 -0.1667
v 5.1000 0.0000 -0.5000
f 12121 12122 12126
f 12121 12126 12125
f 12122 12123 12127
f 12122 12127 12126
f 12123 12124 12128
f 12123 12128 12127
f 12125 12126 12130
f 12125 12130 12129
f 12126 12127 12131
f 12126 12131 12130
f 12127 12128 12132
f 12127 12132 12131
f 12129 12130 12134
f 12129 12134 12133
f 12130 12131 12135
f 12130 12135 12134
f 12131 12132 12136
f 12131 12136 12135
f 12137 12138 12142
f 12137 12142 12141
f 12138 12139 12143
f 12138 12143 12142
f 12139 12140 12144
f 12139 12144 12143
f 12141 12142 12146
f 12141 12146 12145
f 12142 12143 12147
f 12142 12147 12146
f 12143 12144 12148
f 12143 12148 12147
f 12145 12146 12150
f 12145 12150 12149
f 12146 12147 12151
f 12146 12151 12150
f 12147 12148 12152
f 12147 12152 12151
f 12153 12154 12158
f 12153 12158 12157
f 12154 12155 12159
f 12154 12159 12158
f 12155 12156 12160
f 12155 12160 12159
f 12157 12158 12162
f 12157 12162 12161
f 12158 12159 12163
f 12158 12163 12162
f 12159 12160 12164
f 12159 12164 12163
f 12161 12162 12166
f 12161 12166 12165
f 12162 12163 12167
f 12162 12167 12166
f 12163 12164 12168
f 12163 12168 12167
f 12169 12170 12174
f 12169 12174 12173
f 12170 12171 12175
f 12170 12175 12174
f 12171 12172 12176
f 12171 12176 12175
f 12173 12174 12178
f 12173 12178 12177
f 12174 12175 12179
f 12174 12179 12178
f 12175 12176 12180
f 12175 12180 12179
f 12177 12178 12182
f 12177 12182 12181
f 12178 12179 12183
f 12178 12183 12182
f 12179 12180 12184
f 12179 12184 12183
f 12185 12186 12190
f 12185 12190 12189
f 12186 12187 12191
f 12186 12191 12190
f 12187 12188 12192
f 12187 12192 12191
f 12189 12190 12194
f 12189 12194 12193
f 12190 12191 12195
f 12190 12195 12194
f 12191 12192 12196
f 12191 12196 12195
f 12193 12194 12198
f 12193 12198 12197
f 12194 12195 12199
f 12194 12199 12198
f 12195 12196 12200
f 12195 12200 12199
f 12201 12202 12206
f 12201 12206 12205
f 12202 12203 12207
f 12202 12207 12206
f 12203 12204 12208
f 12203 12208 12207
f 12205 12206 12210
f 12205 12210 12209
f 12206 12207 12211
f 12206 12211 12210
f 12207 12208 12212
f 12207 12212 12211
f 12209 12210 12214
f 12209 12214 12213
f 12210 12211 12215
f 12210 12215 12214
f 12211 12212 12216
f 12211 12216 12215
g 팔레트_11
v 3.9000 0.0000 3.5000
v 3.9000 0.0467 3.5000
v 3.9000 0.0933 3.5000
v 3.9000 0.1400 3.5000
v 4.3000 0.0000 3.5000
v 4.3000 0.0467 3.5000
v 4.3000 0.0933 3.5000
v 4.3000 0.1400 3.5000
v 4.7000 0.0000 3.5000
v 4.7000 0.0467 3.5000
v 4.7000 0.0933 3.5000
v 4.7000 0.1400 3.5000
v 5.1000 0.0000 3.5000
v 5.1000 0.0467 3.5000
v 5.1000 0.0933 3.5000
v 5.1000 0.1400 3.5000
v 5.1000 0.0000 2.5000
v 5.1000 0.0467 2.5000
v 5.1000 0.0933 2.5000
v 5.1000 0.1400 2.5000
v 4.7000 0.0000 2.5000
v 4.7000 0.0467 2.5000
v 4.7000 0.0933 2.5000
v 4.7000 0.1400 2.5000
v 4.3000 0.0000 2.5000
v 4.3000 0.0467 2.5000
v 4.3000 0.0933 2.5000
v 4.3000 0.1400 2.5000
v 3.9000 0.0000 2.5000
v 3.9000 0.0467 2.5000
v 3.9000 0.0933 2.5000
v 3.9000 0.1400 2.5000
v 3.9000 0.0000 2.5000
v 3.9000 0.0467 2.5000
v 3.9000 0.0933 2.5000
v 3.9000 0.1400 2.5000
v 3.9000 0.0000 2.8333
v 3.9000 0.0467 2.8333
v 3.9000 0.0933 2.8333
v 3.9000 0.1400 2.8333
v 3.9000 0.0000 3.1667
v 3.9000 0.0467 3.1667
v 3.9000 0.0933 3.1667
v 3.9000 0.1400 3.1667
v 3.9000 0.0000 3.5000
v 3.9000 0.0467 3.5000
v 3.9000 0.0933 3.5000
v 3.9000 0.1400 3.5000
v 5.1000 0.0000 3.5000
v 5.1000 0.0467 3.5000
v 5.1000 0.0933 3.5000
v 5.1000 0.1400 3.5000
v 5.1000 0.0000 3.1667
v 5.1000 0.0467 3.1667
v 5.1000 0.0933 3.1667
v 5.1000 0.1400 3.1667
v 5.1000 0.0000 2.8333
v 5.1000 0.0467 2.8333
v 5.1000 0.0933 2.8333
v 5.1000 0.1400 2.8333
v 5.1000 0.0000 2.5000
v 5.1000 0.0467 2.5000
v 5.1000 0.0933 2.5000
v 5.1000 0.1400 2.5000
v 3.9000 0.1400 2.5000
v 3.9000 0.1400 2.8333
v 3.9000 0.1400 3.1667
v 3.9000 0.1400 3.5000
v 4.3000 0.1400 2.5000
v 4.3000 0.1400 2.8333
v 4.3000 0.1400 3.1667
v 4.3000 0.1400 3.5000
v 4.7000 0.1400 2.5000
v 4.7000 0.1400 2.8333
v 4.7000 0.1400 3.1667
v 4.7000 0.1400 3.5000
v 5.1000 0.1400 2.5000
v 5.1000 0.1400 2.8333
v 5.1000 0.1400 3.1667
v 5.1000 0.1400 3.5000
v 3.9000 0.0000 3.5000
v 3.9000 0.0000 3.1667
v 3.9000 0.0000 2.8333
v 3.9000 0.0000 2.5000
v 4.3000 0.0000 3.5000
v 4.3000 0.0000 3.1667
v 4.3000 0.0000 2.8333
v 4.3000 0.0000 2.5000
v 4.7000 0.0000 3.5000
v 4.7000 0.0000 3.1667
v 4.7000 0.0000 2.8333
v 4.7000 0.0000 2.5000
v 5.1000 0.0000 3.5000
v 5.1000 0.0000 3.1667
v 5.1000 0.0000 2.8333
v 5.1000 0.0000 2.5000
f 12217 12218 12222
f 12217 12222 12221
f 12218 12219 12223
f 12218 12223 12222
f 12219 12220 12224
f 12219 12224 12223
f 12221 12222 12226
f 12221 12226 12225
f 12222 12223 12227
f 12222 12227 12226
f 12223 12224 12228
f 12223 12228 12227
f 12225 12226 12230
f 12225 12230 12229
f 12226 12227 12231
f 12226 12231 12230
f 12227 12228 12232
f 12227 12232 12231
f 12233 12234 12238
f 12233 12238 12237
f 12234 12235 12239
f 12234 12239 12238
f 12235 12236 12240
f 12235 12240 12239
f 12237 12238 12242
f 12237 12242 12241
f 12238 12239 12243
f 12238 12243 12242
f 12239 12240 12244
f 12239 12244 12243
f 12241 12242 12246
f 12241 12246 12245
f 12242 12243 12247
f 12242 12247 12246
f 12243 12244 12248
f 12243 12248 12247
f 12249 12250 12254
f 12249 12254 12253
f 12250 12251 12255
f 12250 12255 12254
f 12251 12252 12256
f 12251 12256 12255
f 12253 12254 12258
f 12253 12258 12257
f 12254 12255 12259
f 12254 12259 12258
f 12255 12256 12260
f 12255 12260 12259
f 12257 12258 12262
f 12257 12262 12261
f 12258 12259 12263
f 12258 12263 12262
f 12259 12260 12264
f 12259 12264 12263
f 12265 12266 12270
f 12265 12270 12269
f 12266 12267 12271
f 12266 12271 12270
f 12267 12268 12272
f 12267 12272 12271
f 12269 12270 12274
f 12269 12274 12273
f 12270 12271 12275
f 12270 12275 12274
f 12271 12272 12276
f 12271 12276 12275
f 12273 12274 12278
f 12273 12278 12277
f 12274 12275 12279
f 12274 12279 12278
f 12275 12276 12280
f 12275 12280 12279
f 12281 12282 12286
f 12281 12286 12285
f 12282 12283 12287
f 12282 12287 12286
f 12283 12284 12288
f 12283 12288 12287
f 12285 12286 12290
f 12285 12290 12289
f 12286 12287 12291
f 12286 12291 12290
f 12287 12288 12292
f 12287 12292 12291
f 12289 12290 12294
f 12289 12294 12293
f 12290 12291 12295
f 12290 12295 12294
f 12291 12292 12296
f 12291 12296 12295
f 12297 12298 12302
f 12297 12302 12301
f 12298 12299 12303
f 12298 12303 12302
f 12299 12300 12304
f 12299 12304 12303
f 12301 12302 12306
f 12301 12306 12305
f 12302 12303 12307
f 12302 12307 12306
f 12303 12304 12308
f 12303 12308 12307
f 12305 12306 12310
f 12305 12310 12309
f 12306 12307 12311
f 12306 12311 12310
f 12307 12308 12312
f 12307 12312 12311
g 물자 상자_0
v -4.9000 0.1400 -2.6500
v -4.9000 0.3400 -2.6500
v -4.9000 0.5400 -2.6500
v -4.9000 0.7400 -2.6500
v -4.6333 0.1400 -2.6500
v -4.6333 0.3400 -2.6500
v -4.6333 0.5400 -2.6500
v -4.6333 0.7400 -2.6500
v -4.3667 0.1400 -2.6500
v -4.3667 0.3400 -2.6500
v -4.3667 0.5400 -2.6500
v -4.3667 0.7400 -2.6500
v -4.1000 0.1400 -2.6500
v -4.1000 0.3400 -2.6500
v -4.1000 0.5400 -2.6500
v -4.1000 0.7400 -2.6500
v -4.1000 0.1400 -3.3500
v -4.1000 0.3400 -3.3500
v -4.1000 0.5400 -3.3500
v -4.1000 0.7400 -3.3500
v -4.3667 0.1400 -3.3500
v -4.3667 0.3400 -3.3500
v -4.3667 0.5400 -3.3500
v -4.3667 0.7400 -3.3500
v -4.6333 0.1400 -3.3500
v -4.6333 0.3400 -3.3500
v -4.6333 0.5400 -3.3500
v -4.6333 0.7400 -3.3500
v -4.9000 0.1400 -3.3500
v -4.9000 0.3400 -3.3500
v -4.9000 0.5400 -3.3500
v -4.9000 0.7400 -3.3500
v -4.9000 0.1400 -3.3500
v -4.9000 0.3400 -3.3500
v -4.9000 0.5400 -3.3500
v -4.9000 0.7400 -3.3500
v -4.9000 0.1400 -3.1167
v -4.9000 0.3400 -3.1167
v -4.9000 0.5400 -3.1167
v -4.9000 0.7400 -3.1167
v -4.9000 0.1400 -2.8833
v -4.9000 0.3400 -2.8833
v -4.9000 0.5400 -2.8833
v -4.9000 0.7400 -2.8833
v -4.9000 0.1400 -2.6500
v -4.9000 0.3400 -2.6500
v -4.9000 0.5400 -2.6500
v -4.9000 0.7400 -2.6500
v -4.1000 0.1400 -2.6500
v -4.1000 0.3400 -2.6500
v -4.1000 0.5400 -2.6500
v -4.1000 0.7400 -2.6500
v -4.1000 0.1400 -2.8833
v -4.1000 0.3400 -2.8833
v -4.1000 0.5400 -2.8833
v -4.1000 0.7400 -2.8833
v -4.1000 0.1400 -3.1167
v -4.1000 0.3400 -3.1167
v -4.1000 0.5400 -3.1167
v -4.1000 0.7400 -3.1167
v -4.1000 0.1400 -3.3500
v -4.1000 0.3400 -3.3500
v -4.1000 0.5400 -3.3500
v -4.1000 0.7400 -3.3500
v -4.9000 0.7400 -3.3500
v -4.9000 0.7400 -3.1167
v -4.9000 0.7400 -2.8833
v -4.9000 0.7400 -2.6500
v -4.6333 0.7400 -3.3500
v -4.6333 0.7400 -3.1167
v -4.6333 0.7400 -2.8833
v -4.6333 0.7400 -2.6500
v -4.3667 0.7400 -3.3500
v -4.3667 0.7400 -3.1167
v -4.3667 0.7400 -2.8833
v -4.3667 0.7400 -2.6500
v -4.1000 0.7400 -3.3500
v -4.1000 0.7400 -3.1167
v -4.1000 0.7400 -2.8833
v -4.1000 0.7400 -2.6500
v -4.9000 0.1400 -2.6500
v -4.9000 0.1400 -2.8833
v -4.9000 0.1400 -3.1167
v -4.9000 0.1400 -3.3500
v -4.6333 0.1400 -2.6500
v -4.6333 0.1400 -2.8833
v -4.6333 0.1400 -3.1167
v -4.6333 0.1400 -3.3500
v -4.3667 0.1400 -2.6500
v -4.3667 0.1400 -2.8833
v -4.3667 0.1400 -3.1167
v -4.3667 0.1400 -3.3500
v -4.1000 0.1400 -2.6500
v -4.1000 0.1400 -2.8833
v -4.1000 0.1400 -3.1167
v -4.1000 0.1400 -3.3500
f 12313 12314 12318
f 12313 12318 12317
f 12314 12315 12319
f 12314 12319 12318
f 12315 12316 12320
f 12315 12320 12319
f 12317 12318 12322
f 12317 12322 12321
f 12318 12319 12323
f 12318 12323 12322
f 12319 12320 12324
f 12319 12324 12323
f 12321 12322 12326
f 12321 12326 12325
f 12322 12323 12327
f 12322 12327 12326
f 12323 12324 12328
f 12323 12328 12327
f 12329 12330 12334
f 12329 12334 12333
f 12330 12331 12335
f 12330 12335 12334
f 12331 12332 12336
f 12331 12336 12335
f 12333 12334 12338
f 12333 12338 12337
f 12334 12335 12339
f 12334 12339 12338
f 12335 12336 12340
f 12335 12340 12339
f 12337 12338 12342
f 12337 12342 12341
f 12338 12339 12343
f 12338 12343 12342
f 12339 12340 12344
f 12339 12344 12343
f 12345 12346 12350
f 12345 12350 12349
f 12346 12347 12351
f 12346 12351 12350
f 12347 12348 12352
f 12347 12352 12351
f 12349 12350 12354
f 12349 12354 12353
f 12350 12351 12355
f 12350 12355 12354
f 12351 12352 12356
f 12351 12356 12355
f 12353 12354 12358
f 12353 12358 12357
f 12354 12355 12359
f 12354 12359 12358
f 12355 12356 12360
f 12355 12360 12359
f 12361 12362 12366
f 12361 12366 12365
f 12362 12363 12367
f 12362 12367 12366
f 12363 12364 12368
f 12363 12368 12367
f 12365 12366 12370
f 12365 12370 12369
f 12366 12367 12371
f 12366 12371 12370
f 12367 12368 12372
f 12367 12372 12371
f 12369 12370 12374
f 12369 12374 12373
f 12370 12371 12375
f 12370 12375 12374
f 12371 12372 12376
f 12371 12376 12375
f 12377 12378 12382
f 12377 12382 12381
f 12378 12379 12383
f 12378 12383 12382
f 12379 12380 12384
f 12379 12384 12383
f 12381 12382 12386
f 12381 12386 12385
f 12382 12383 12387
f 12382 12387 12386
f 12383 12384 12388
f 12383 12388 12387
f 12385 12386 12390
f 12385 12390 12389
f 12386 12387 12391
f 12386 12391 12390
f 12387 12388 12392
f 12387 12392 12391
f 12393 12394 12398
f 12393 12398 12397
f 12394 12395 12399
f 12394 12399 12398
f 12395 12396 12400
f 12395 12400 12399
f 12397 12398 12402
f 12397 12402 12401
f 12398 12399 12403
f 12398 12403 12402
f 12399 12400 12404
f 12399 12404 12403
f 12401 12402 12406
f 12401 12406 12405
f 12402 12403 12407
f 12402 12407 12406
f 12403 12404 12408
f 12403 12408 12407
g 물자 상자_1
v -4.9000 0.1400 0.3500
v -4.9000 0.3400 0.3500
v -4.9000 0.5400 0.3500
v -4.9000 0.7400 0.3500
v -4.6333 0.1400 0.3500
v -4.6333 0.3400 0.3500
v -4.6333 0.5400 0.3500
v -4.6333 0.7400 0.3500
v -4.3667 0.1400 0.3500
v -4.3667 0.3400 0.3500
v -4.3667 0.5400 0.3500
v -4.3667 0.7400 0.3500
v -4.1000 0.1400 0.3500
v -4.1000 0.3400 0.3500
v -4.1000 0.5400 0.3500
v -4.1000 0.7400 0.3500
v -4.1000 0.1400 -0.3500
v -4.1000 0.3400 -0.3500
v -4.1000 0.5400 -0.3500
v -4.1000 0.7400 -0.3500
v -4.3667 0.1400 -0.3500
v -4.3667 0.3400 -0.3500
v -4.3667 0.5400 -0.3500
v -4.3667 0.7400 -0.3500
v -4.6333 0.1400 -0.3500
v -4.6333 0.3400 -0.3500
v -4.6333 0.5400 -0.3500
v -4.6333 0.7400 -0.3500
v -4.9000 0.1400 -0.3500
v -4.9000 0.3400 -0.3500
v -4.9000 0.5400 -0.3500
v -4.9000 0.7400 -0.3500
v -4.9000 0.1400 -0.3500
v -4.9000 0.3400 -0.3500
v -4.9000 0.5400 -0.3500
v -4.9000 0.7400 -0.3500
v -4.9000 0.1400 -0.1167
v -4.9000 0.3400 -0.1167
v -4.9000 0.5400 -0.1167
v -4.9000 0.7400 -0.1167
v -4.9000 0.1400 0.1167
v -4.9000 0.3400 0.1167
v -4.9000 0.5400 0.1167
v -4.9000 0.7400 0.1167
v -4.9000 0.1400 0.3500
v -4.9000 0.3400 0.3500
v -4.9000 0.5400 0.3500
v -4.9000 0.7400 0.3500
v -4.1000 0.1400 0.3500
v -4.1000 0.3400 0.3500
v -4.1000 0.5400 0.3500
v -4.1000 0.7400 0.3500
v -4.1000 0.1400 0.1167
v -4.1000 0.3400 0.1167
v -4.1000 0.5400 0.1167
v -4.1000 0.7400 0.1167
v -4.1000 0.1400 -0.1167
v -4.1000 0.3400 -0.1167
v -4.1000 0.5400 -0.1167
v -4.1000 0.7400 -0.1167
v -4.1000 0.1400 -0.3500
v -4.1000 0.3400 -0.3500
v -4.1000 0.5400 -0.3500
v -4.1000 0.7400 -0.3500
v -4.9000 0.7400 -0.3500
v -4.9000 0.7400 -0.1167
v -4.9000 0.7400 0.1167
v -4.9000 0.7400 0.3500
v -4.6333 0.7400 -0.3500
v -4.6333 0.7400 -0.1167
v -4.6333 0.7400 0.1167
v -4.6333 0.7400 0.3500
v -4.3667 0.7400 -0.3500
v -4.3667 0.7400 -0.1167
v -4.3667 0.7400 0.1167
v -4.3667 0.7400 0.3500
v -4.1000 0.7400 -0.3500
v -4.1000 0.7400 -0.1167
v -4.1000 0.7400 0.1167
v -4.1000 0.7400 0.3500
v -4.9000 0.1400 0.3500
v -4.9000 0.1400 0.1167
v -4.9000 0.1400 -0.1167
v -4.9000 0.1400 -0.3500
v -4.6333 0.1400 0.3500
v -4.6333 0.1400 0.1167
v -4.6333 0.1400 -0.1167
v -4.6333 0.1400 -0.3500
v -4.3667 0.1400 0.3500
v -4.3667 0.1400 0.1167
v -4.3667 0.1400 -0.1167
v -4.3667 0.1400 -0.3500
v -4.1000 0.1400 0.3500
v -4.1000 0.1400 0.1167
v -4.1000 0.1400 -0.1167
v -4.1000 0.1400 -0.3500
f 12409 12410 12414
f 12409 12414 12413
f 12410 12411 12415
f 12410 12415 12414
f 12411 12412 12416
f 12411 12416 12415
f 12413 12414 12418
f 12413 12418 12417
f 12414 12415 12419
f 12414 12419 12418
f 12415 12416 12420
f 12415 12420 12419
f 12417 12418 12422
f 12417 12422 12421
f 12418 12419 12423
f 12418 12423 12422
f 12419 12420 12424
f 12419 12424 12423
f 12425 12426 12430
f 12425 12430 12429
f 12426 12427 12431
f 12426 12431 12430
f 12427 12428 12432
f 12427 12432 12431
f 12429 12430 12434
f 12429 12434 12433
f 12430 12431 12435
f 12430 12435 12434
f 12431 12432 12436
f 12431 12436 12435
f 12433 12434 12438
f 12433 12438 12437
f 12434 12435 12439
f 12434 12439 12438
f 12435 12436 12440
f 12435 12440 12439
f 12441 12442 12446
f 12441 12446 12445
f 12442 12443 12447
f 12442 12447 12446
f 12443 12444 12448
f 12443 12448 12447
f 12445 12446 12450
f 12445 12450 12449
f 12446 12447 12451
f 12446 12451 12450
f 12447 12448 12452
f 12447 12452 12451
f 12449 12450 12454
f 12449 12454 12453
f 12450 12451 12455
f 12450 12455 12454
f 12451 12452 12456
f 12451 12456 12455
f 12457 12458 12462
f 12457 12462 12461
f 12458 12459 12463
f 12458 12463 12462
f 12459 12460 12464
f 12459 12464 12463
f 12461 12462 12466
f 12461 12466 12465
f 12462 12463 12467
f 12462 12467 12466
f 12463 12464 12468
f 12463 12468 12467
f 12465 12466 12470
f 12465 12470 12469
f 12466 12467 12471
f 12466 12471 12470
f 12467 12468 12472
f 12467 12472 12471
f 12473 12474 12478
f 12473 12478 12477
f 12474 12475 12479
f 12474 12479 12478
f 12475 12476 12480
f 12475 12480 12479
f 12477 12478 12482
f 12477 12482 12481
f 12478 12479 12483
f 12478 12483 12482
f 12479 12480 12484
f 12479 12484 12483
f 12481 12482 12486
f 12481 12486 12485
f 12482 12483 12487
f 12482 12487 12486
f 12483 12484 12488
f 12483 12488 12487
f 12489 12490 12494
f 12489 12494 12493
f 12490 12491 12495
f 12490 12495 12494
f 12491 12492 12496
f 12491 12496 12495
f 12493 12494 12498
f 12493 12498 12497
f 12494 12495 12499
f 12494 12499 12498
f 12495 12496 12500
f 12495 12500 12499
f 12497 12498 12502
f 12497 12502 12501
f 12498 12499 12503
f 12498 12503 12502
f 12499 12500 12504
f 12499 12504 12503
g 물자 상자_2
v -4.9000 0.1400 3.3500
v -4.9000 0.3400 3.3500
v -4.9000 0.5400 3.3500
v -4.9000 0.7400 3.3500
v -4.6333 0.1400 3.3500
v -4.6333 0.3400 3.3500
v -4.6333 0.5400 3.3500
v -4.6333 0.7400 3.3500
v -4.3667 0.1400 3.3500
v -4.3667 0.3400 3.3500
v -4.3667 0.5400 3.3500
v -4.3667 0.7400 3.3500
v -4.1000 0.1400 3.3500
v -4.1000 0.3400 3.3500
v -4.1000 0.5400 3.3500
v -4.1000 0.7400 3.3500
v -4.1000 0.1400 2.6500
v -4.1000 0.3400 2.6500
v -4.1000 0.5400 2.6500
v -4.1000 0.7400 2.6500
v -4.3667 0.1400 2.6500
v -4.3667 0.3400 2.6500
v -4.3667 0.5400 2.6500
v -4.3667 0.7400 2.6500
v -4.6333 0.1400 2.6500
v -4.6333 0.3400 2.6500
v -4.6333 0.5400 2.6500
v -4.6333 0.7400 2.6500
v -4.9000 0.1400 2.6500
v -4.9000 0.3400 2.6500
v -4.9000 0.5400 2.6500
v -4.9000 0.7400 2.6500
v -4.9000 0.1400 2.6500
v -4.9000 0.3400 2.6500
v -4.9000 0.5400 2.6500
v -4.9000 0.7400 2.6500
v -4.9000 0.1400 2.8833
v -4.9000 0.3400 2.8833
v -4.9000 0.5400 2.8833
v -4.9000 0.7400 2.8833
v -4.9000 0.1400 3.1167
v -4.9000 0.3400 3.1167
v -4.9000 0.5400 3.1167
v -4.9000 0.7400 3.1167
v -4.9000 0.1400 3.3500
v -4.9000 0.3400 3.3500
v -4.9000 0.5400 3.3500
v -4.9000 0.7400 3.3500
v -4.1000 0.1400 3.3500
v -4.1000 0.3400 3.3500
v -4.1000 0.5400 3.3500
v -4.1000 0.7400 3.3500
v -4.1000 0.1400 3.1167
v -4.1000 0.3400 3.1167
v -4.1000 0.5400 3.1167
v -4.1000 0.7400 3.1167
v -4.1000 0.1400 2.8833
v -4.1000 0.3400 2.8833
v -4.1000 0.5400 2.8833
v -4.1000 0.7400 2.8833
v -4.1000 0.1400 2.6500
v -4.1000 0.3400 2.6500
v -4.1000 0.5400 2.6500
v -4.1000 0.7400 2.6500
v -4.9000 0.7400 2.6500
v -4.9000 0.7400 2.8833
v -4.9000 0.7400 3.1167
v -4.9000 0.7400 3.3500
v -4.6333 0.7400 2.6500
v -4.6333 0.7400 2.8833
v -4.6333 0.7400 3.1167
v -4.6333 0.7400 3.3500
v -4.3667 0.7400 2.6500
v -4.3667 0.7400 2.8833
v -4.3667 0.7400 3.1167
v -4.3667 0.7400 3.3500
v -4.1000 0.7400 2.6500
v -4.1000 0.7400 2.8833
v -4.1000 0.7400 3.1167
v -4.1000 0.7400 3.3500
v -4.9000 0.1400 3.3500
v -4.9000 0.1400 3.1167
v -4.9000 0.1400 2.8833
v -4.9000 0.1400 2.6500
v -4.6333 0.1400 3.3500
v -4.6333 0.1400 3.1167
v -4.6333 0.1400 2.8833
v -4.6333 0.1400 2.6500
v -4.3667 0.1400 3.3500
v -4.3667 0.1400 3.1167
v -4.3667 0.1400 2.8833
v -4.3667 0.1400 2.6500
v -4.1000 0.1400 3.3500
v -4.1000 0.1400 3.1167
v -4.1000 0.1400 2.8833
v -4.1000 0.1400 2.6500
f 12505 12506 12510
f 12505 12510 12509
f 12506 12507 12511
f 12506 12511 12510
f 12507 12508 12512
f 12507 12512 12511
f 12509 12510 12514
f 12509 12514 12513
f 12510 12511 12515
f 12510 12515 12514
f 12511 12512 12516
f 12511 12516 12515
f 12513 12514 12518
f 12513 12518 12517
f 12514 12515 12519
f 12514 12519 12518
f 12515 12516 12520
f 12515 12520 12519
f 12521 12522 12526
f 12521 12526 12525
f 12522 12523 12527
f 12522 12527 12526
f 12523 12524 12528
f 12523 12528 12527
f 12525 12526 12530
f 12525 12530 12529
f 12526 12527 12531
f 12526 12531 12530
f 12527 12528 12532
f 12527 12532 12531
f 12529 12530 12534
f 12529 12534 12533
f 12530 12531 12535
f 12530 12535 12534
f 12531 12532 12536
f 12531 12536 12535
f 12537 12538 12542
f 12537 12542 12541
f 12538 12539 12543
f 12538 12543 12542
f 12539 12540 12544
f 12539 12544 12543
f 12541 12542 12546
f 12541 12546 12545
f 12542 12543 12547
f 12542 12547 12546
f 12543 12544 12548
f 12543 12548 12547
f 12545 12546 12550
f 12545 12550 12549
f 12546 12547 12551
f 12546 12551 12550
f 12547 12548 12552
f 12547 12552 12551
f 12553 12554 12558
f 12553 12558 12557
f 12554 12555 12559
f 12554 12559 12558
f 12555 12556 12560
f 12555 12560 12559
f 12557 12558 12562
f 12557 12562 12561
f 12558 12559 12563
f 12558 12563 12562
f 12559 12560 12564
f 12559 12564 12563
f 12561 12562 12566
f 12561 12566 12565
f 12562 12563 12567
f 12562 12567 12566
f 12563 12564 12568
f 12563 12568 12567
f 12569 12570 12574
f 12569 12574 12573
f 12570 12571 12575
f 12570 12575 12574
f 12571 12572 12576
f 12571 12576 12575
f 12573 12574 12578
f 12573 12578 12577
f 12574 12575 12579
f 12574 12579 12578
f 12575 12576 12580
f 12575 12580 12579
f 12577 12578 12582
f 12577 12582 12581
f 12578 12579 12583
f 12578 12583 12582
f 12579 12580 12584
f 12579 12584 12583
f 12585 12586 12590
f 12585 12590 12589
f 12586 12587 12591
f 12586 12591 12590
f 12587 12588 12592
f 12587 12592 12591
f 12589 12590 12594
f 12589 12594 12593
f 12590 12591 12595
f 12590 12595 12594
f 12591 12592 12596
f 12591 12596 12595
f 12593 12594 12598
f 12593 12598 12597
f 12594 12595 12599
f 12594 12599 12598
f 12595 12596 12600
f 12595 12600 12599
g 물자 상자_3
v -1.9000 0.1400 -2.6500
v -1.9000 0.3400 -2.6500
v -1.9000 0.5400 -2.6500
v -1.9000 0.7400 -2.6500
v -1.6333 0.1400 -2.6500
v -1.6333 0.3400 -2.6500
v -1.6333 0.5400 -2.6500
v -1.6333 0.7400 -2.6500
v -1.3667 0.1400 -2.6500
v -1.3667 0.3400 -2.6500
v -1.3667 0.5400 -2.6500
v -1.3667 0.7400 -2.6500
v -1.1000 0.1400 -2.6500
v -1.1000 0.3400 -2.6500
v -1.1000 0.5400 -2.6500
v -1.1000 0.7400 -2.6500
v -1.1000 0.1400 -3.3500
v -1.1000 0.3400 -3.3500
v -1.1000 0.5400 -3.3500
v -1.1000 0.7400 -3.3500
v -1.3667 0.1400 -3.3500
v -1.3667 0.3400 -3.3500
v -1.3667 0.5400 -3.3500
v -1.3667 0.7400 -3.3500
v -1.6333 0.1400 -3.3500
v -1.6333 0.3400 -3.3500
v -1.6333 0.5400 -3.3500
v -1.6333 0.7400 -3.3500
v -1.9000 0.1400 -3.3500
v -1.9000 0.3400 -3.3500
v -1.9000 0.5400 -3.3500
v -1.9000 0.7400 -3.3500
v -1.9000 0.1400 -3.3500
v -1.9000 0.3400 -3.3500
v -1.9000 0.5400 -3.3500
v -1.9000 0.7400 -3.3500
v -1.9000 0.1400 -3.1167
v -1.9000 0.3400 -3.1167
v -1.9000 0.5400 -3.1167
v -1.9000 0.7400 -3.1167
v -1.9000 0.1400 -2.8833
v -1.9000 0.3400 -2.8833
v -1.9000 0.5400 -2.8833
v -1.9000 0.7400 -2.8833
v -1.9000 0.1400 -2.6500
v -1.9000 0.3400 -2.6500
v -1.9000 0.5400 -2.6500
v -1.9000 0.7400 -2.6500
v -1.1000 0.1400 -2.6500
v -1.1000 0.3400 -2.6500
v -1.1000 0.5400 -2.6500
v -1.1000 0.7400 -2.6500
v -1.1000 0.1400 -2.8833
v -1.1000 0.3400 -2.8833
v -1.1000 0.5400 -2.8833
v -1.1000 0.7400 -2.8833
v -1.1000 0.1400 -3.1167
v -1.1000 0.3400 -3.1167
v -1.1000 0.5400 -3.1167
v -1.1000 0.7400 -3.1167
v -1.1000 0.1400 -3.3500
v -1.1000 0.3400 -3.3500
v -1.1000 0.5400 -3.3500
v -1.1000 0.7400 -3.3500
v -1.9000 0.7400 -3.3500
v -1.9000 0.7400 -3.1167
v -1.9000 0.7400 -2.8833
v -1.9000 0.7400 -2.6500
v -1.6333 0.7400 -3.3500
v -1.6333 0.7400 -3.1167
v -1.6333 0.7400 -2.8833
v -1.6333 0.7400 -2.6500
v -1.3667 0.7400 -3.3500
v -1.3667 0.7400 -3.1167
v -1.3667 0.7400 -2.8833
v -1.3667 0.7400 -2.6500
v -1.1000 0.7400 -3.3500
v -1.1000 0.7400 -3.1167
v -1.1000 0.7400 -2.8833
v -1.1000 0.7400 -2.6500
v -1.9000 0.1400 -2.6500
v -1.9000 0.1400 -2.8833
v -1.9000 0.1400 -3.1167
v -1.9000 0.1400 -3.3500
v -1.6333 0.1400 -2.6500
v -1.6333 0.1400 -2.8833
v -1.6333 0.1400 -3.1167
v -1.6333 0.1400 -3.3500
v -1.3667 0.1400 -2.6500
v -1.3667 0.1400 -2.8833
v -1.3667 0.1400 -3.1167
v -1.3667 0.1400 -3.3500
v -1.1000 0.1400 -2.6500
v -1.1000 0.1400 -2.8833
v -1.1000 0.1400 -3.1167
v -1.1000 0.1400 -3.3500
f 12601 12602 12606
f 12601 12606 12605
f 12602 12603 12607
f 12602 12607 12606
f 12603 12604 12608
f 12603 12608 12607
f 12605 12606 12610
f 12605 12610 12609
f 12606 12607 12611
f 12606 12611 12610
f 12607 12608 12612
f 12607 12612 12611
f 12609 12610 12614
f 12609 12614 12613
f 12610 12611 12615
f 12610 12615 12614
f 12611 12612 12616
f 12611 12616 12615
f 12617 12618 12622
f 12617 12622 12621
f 12618 12619 12623
f 12618 12623 12622
f 12619 12620 12624
f 12619 12624 12623
f 12621 12622 12626
f 12621 12626 12625
f 12622 12623 12627
f 12622 12627 12626
f 12623 12624 12628
f 12623 12628 12627
f 12625 12626 12630
f 12625 12630 12629
f 12626 12627 12631
f 12626 12631 12630
f 12627 12628 12632
f 12627 12632 12631
f 12633 12634 12638
f 12633 12638 12637
f 12634 12635 12639
f 12634 12639 12638
f 12635 12636 12640
f 12635 12640 12639
f 12637 12638 12642
f 12637 12642 12641
f 12638 12639 12643
f 12638 12643 12642
f 12639 12640 12644
f 12639 12644 12643
f 12641 12642 12646
f 12641 12646 12645
f 12642 12643 12647
f 12642 12647 12646
f 12643 12644 12648
f 12643 12648 12647
f 12649 12650 12654
f 12649 12654 12653
f 12650 12651 12655
f 12650 12655 12654
f 12651 12652 12656
f 12651 12656 12655
f 12653 12654 12658
f 12653 12658 12657
f 12654 12655 12659
f 12654 12659 12658
f 12655 12656 12660
f 12655 12660 12659
f 12657 12658 12662
f 12657 12662 12661
f 12658 12659 12663
f 12658 12663 12662
f 12659 12660 12664
f 12659 12664 12663
f 12665 12666 12670
f 12665 12670 12669
f 12666 12667 12671
f 12666 12671 12670
f 12667 12668 12672
f 12667 12672 12671
f 12669 12670 12674
f 12669 12674 12673
f 12670 12671 12675
f 12670 12675 12674
f 12671 12672 12676
f 12671 12676 12675
f 12673 12674 12678
f 12673 12678 12677
f 12674 12675 12679
f 12674 12679 12678
f 12675 12676 12680
f 12675 12680 12679
f 12681 12682 12686
f 12681 12686 12685
f 12682 12683 12687
f 12682 12687 12686
f 12683 12684 12688
f 12683 12688 12687
f 12685 12686 12690
f 12685 12690 12689
f 12686 12687 12691
f 12686 12691 12690
f 12687 12688 12692
f 12687 12692 12691
f 12689 12690 12694
f 12689 12694 12693
f 12690 12691 12695
f 12690 12695 12694
f 12691 12692 12696
f 12691 12696 12695
g 물자 상자_4
v -1.9000 0.1400 0.3500
v -1.9000 0.3400 0.3500
v -1.9000 0.5400 0.3500
v -1.9000 0.7400 0.3500
v -1.6333 0.1400 0.3500
v -1.6333 0.3400 0.3500
v -1.6333 0.5400 0.3500
v -1.6333 0.7400 0.3500
v -1.3667 0.1400 0.3500
v -1.3667 0.3400 0.3500
v -1.3667 0.5400 0.3500
v -1.3667 0.7400 0.3500
v -1.1000 0.1400 0.3500
v -1.1000 0.3400 0.3500
v -1.1000 0.5400 0.3500
v -1.1000 0.7400 0.3500
v -1.1000 0.1400 -0.3500
v -1.1000 0.3400 -0.3500
v -1.1000 0.5400 -0.3500
v -1.1000 0.7400 -0.3500
v -1.3667 0.1400 -0.3500
v -1.3667 0.3400 -0.3500
v -1.3667 0.5400 -0.3500
v -1.3667 0.7400 -0.3500
v -1.6333 0.1400 -0.3500
v -1.6333 0.3400 -0.3500
v -1.6333 0.5400 -0.3500
v -1.6333 0.7400 -0.3500
v -1.9000 0.1400 -0.3500
v -1.9000 0.3400 -0.3500
v -1.9000 0.5400 -0.3500
v -1.9000 0.7400 -0.3500
v -1.9000 0.1400 -0.3500
v -1.9000 0.3400 -0.3500
v -1.9000 0.5400 -0.3500
v -1.9000 0.7400 -0.3500
v -1.9000 0.1400 -0.1167
v -1.9000 0.3400 -0.1167
v -1.9000 0.5400 -0.1167
v -1.9000 0.7400 -0.1167
v -1.9000 0.1400 0.1167
v -1.9000 0.3400 0.1167
v -1.9000 0.5400 0.1167
v -1.9000 0.7400 0.1167
v -1.9000 0.1400 0.3500
v -1.9000 0.3400 0.3500
v -1.9000 0.5400 0.3500
v -1.9000 0.7400 0.3500
v -1.1000 0.1400 0.3500
v -1.1000 0.3400 0.3500
v -1.1000 0.5400 0.3500
v -1.1000 0.7400 0.3500
v -1.1000 0.1400 0.1167
v -1.1000 0.3400 0.1167
v -1.1000 0.5400 0.1167
v -1.1000 0.7400 0.1167
v -1.1000 0.1400 -0.1167
v -1.1000 0.3400 -0.1167
v -1.1000 0.5400 -0.1167
v -1.1000 0.7400 -0.1167
v -1.1000 0.1400 -0.3500
v -1.1000 0.3400 -0.3500
v -1.1000 0.5400 -0.3500
v -1.1000 0.7400 -0.3500
v -1.9000 0.7400 -0.3500
v -1.9000 0.7400 -0.1167
v -1.9000 0.7400 0.1167
v -1.9000 0.7400 0.3500
v -1.6333 0.7400 -0.3500
v -1.6333 0.7400 -0.1167
v -1.6333 0.7400 0.1167
v -1.6333 0.7400 0.3500
v -1.3667 0.7400 -0.3500
v -1.3667 0.7400 -0.1167
v -1.3667 0.7400 0.1167
v -1.3667 0.7400 0.3500
v -1.1000 0.7400 -0.3500
v -1.1000 0.7400 -0.1167
v -1.1000 0.7400 0.1167
v -1.1000 0.7400 0.3500
v -1.9000 0.1400 0.3500
v -1.9000 0.1400 0.1167
v -1.9000 0.1400 -0.1167
v -1.9000 0.1400 -0.3500
v -1.6333 0.1400 0.3500
v -1.6333 0.1400 0.1167
v -1.6333 0.1400 -0.1167
v -1.6333 0.1400 -0.3500
v -1.3667 0.1400 0.3500
v -1.3667 0.1400 0.1167
v -1.3667 0.1400 -0.1167
v -1.3667 0.1400 -0.3500
v -1.1000 0.1400 0.3500
v -1.1000 0.1400 0.1167
v -1.1000 0.1400 -0.1167
v -1.1000 0.1400 -0.3500
f 12697 12698 12702
f 12697 12702 12701
f 12698 12699 12703
f 12698 12703 12702
f 12699 12700 12704
f 12699 12704 12703
f 12701 12702 12706
f 12701 12706 12705
f 12702 12703 12707
f 12702 12707 12706
f 12703 12704 12708
f 12703 12708 12707
f 12705 12706 12710
f 12705 12710 12709
f 12706 12707 12711
f 12706 12711 12710
f 12707 12708 12712
f 12707 12712 12711
f 12713 12714 12718
f 12713 12718 12717
f 12714 12715 12719
f 12714 12719 12718
f 12715 12716 12720
f 12715 12720 12719
f 12717 12718 12722
f 12717 12722 12721
f 12718 12719 12723
f 12718 12723 12722
f 12719 12720 12724
f 12719 12724 12723
f 12721 12722 12726
f 12721 12726 12725
f 12722 12723 12727
f 12722 12727 12726
f 12723 12724 12728
f 12723 12728 12727
f 12729 12730 12734
f 12729 12734 12733
f 12730 12731 12735
f 12730 12735 12734
f 12731 12732 12736
f 12731 12736 12735
f 12733 12734 12738
f 12733 12738 12737
f 12734 12735 12739
f 12734 12739 12738
f 12735 12736 12740
f 12735 12740 12739
f 12737 12738 12742
f 12737 12742 12741
f 12738 12739 12743
f 12738 12743 12742
f 12739 12740 12744
f 12739 12744 12743
f 12745 12746 12750
f 12745 12750 12749
f 12746 12747 12751
f 12746 12751 12750
f 12747 12748 12752
f 12747 12752 12751
f 12749 12750 12754
f 12749 12754 12753
f 12750 12751 12755
f 12750 12755 12754
f 12751 12752 12756
f 12751 12756 12755
f 12753 12754 12758
f 12753 12758 12757
f 12754 12755 12759
f 12754 12759 12758
f 12755 12756 12760
f 12755 12760 12759
f 12761 12762 12766
f 12761 12766 12765
f 12762 12763 12767
f 12762 12767 12766
f 12763 12764 12768
f 12763 12768 12767
f 12765 12766 12770
f 12765 12770 12769
f 12766 12767 12771
f 12766 12771 12770
f 12767 12768 12772
f 12767 12772 12771
f 12769 12770 12774
f 12769 12774 12773
f 12770 12771 12775
f 12770 12775 12774
f 12771 12772 12776
f 12771 12776 12775
f 12777 12778 12782
f 12777 12782 12781
f 12778 12779 12783
f 12778 12783 12782
f 12779 12780 12784
f 12779 12784 12783
f 12781 12782 12786
f 12781 12786 12785
f 12782 12783 12787
f 12782 12787 12786
f 12783 12784 12788
f 12783 12788 12787
f 12785 12786 12790
f 12785 12790 12789
f 12786 12787 12791
f 12786 12791 12790
f 12787 12788 12792
f 12787 12792 12791
g 물자 상자_5
v -1.9000 0.1400 3.3500
v -1.9000 0.3400 3.3500
v -1.9000 0.5400 3.3500
v -1.9000 0.7400 3.3500
v -1.6333 0.1400 3.3500
v -1.6333 0.3400 3.3500
v -1.6333 0.5400 3.3500
v -1.6333 0.7400 3.3500
v -1.3667 0.1400 3.3500
v -1.3667 0.3400 3.3500
v -1.3667 0.5400 3.3500
v -1.3667 0.7400 3.3500
v -1.1000 0.1400 3.3500
v -1.1000 0.3400 3.3500
v -1.1000 0.5400 3.3500
v -1.1000 0.7400 3.3500
v -1.1000 0.1400 2.6500
v -1.1000 0.3400 2.6500
v -1.1000 0.5400 2.6500
v -1.1000 0.7400 2.6500
v -1.3667 0.1400 2.6500
v -1.3667 0.3400 2.6500
v -1.3667 0.5400 2.6500
v -1.3667 0.7400 2.6500
v -1.6333 0.1400 2.6500
v -1.6333 0.3400 2.6500
v -1.6333 0.5400 2.6500
v -1.6333 0.7400 2.6500
v -1.9000 0.1400 2.6500
v -1.9000 0.3400 2.6500
v -1.9000 0.5400 2.6500
v -1.9000 0.7400 2.6500
v -1.9000 0.1400 2.6500
v -1.9000 0.3400 2.6500
v -1.9000 0.5400 2.6500
v -1.9000 0.7400 2.6500
v -1.9000 0.1400 2.8833
v -1.9000 0.3400 2.8833
v -1.9000 0.5400 2.8833
v -1.9000 0.7400 2.8833
v -1.9000 0.1400 3.1167
v -1.9000 0.3400 3.1167
v -1.9000 0.5400 3.1167
v -1.9000 0.7400 3.1167
v -1.9000 0.1400 3.3500
v -1.9000 0.3400 3.3500
v -1.9000 0.5400 3.3500
v -1.9000 0.7400 3.3500
v -1.1000 0.1400 3.3500
v -1.1000 0.3400 3.3500
v -1.1000 0.5400 3.3500
v -1.1000 0.7400 3.3500
v -1.1000 0.1400 3.1167
v -1.1000 0.3400 3.1167
v -1.1000 0.5400 3.1167
v -1.1000 0.7400 3.1167
v -1.1000 0.1400 2.8833
v -1.1000 0.3400 2.8833
v -1.1000 0.5400 2.8833
v -1.1000 0.7400 2.8833
v -1.1000 0.1400 2.6500
v -1.1000 0.3400 2.6500
v -1.1000 0.5400 2.6500
v -1.1000 0.7400 2.6500
v -1.9000 0.7400 2.6500
v -1.9000 0.7400 2.8833
v -1.9000 0.7400 3.1167
v -1.9000 0.7400 3.3500
v -1.6333 0.7400 2.6500
v -1.6333 0.7400 2.8833
v -1.6333 0.7400 3.1167
v -1.6333 0.7400 3.3500
v -1.3667 0.7400 2.6500
v -1.3667 0.7400 2.8833
v -1.3667 0.7400 3.1167
v -1.3667 0.7400 3.3500
v -1.1000 0.7400 2.6500
v -1.1000 0.7400 2.8833
v -1.1000 0.7400 3.1167
v -1.1000 0.7400 3.3500
v -1.9000 0.1400 3.3500
v -1.9000 0.1400 3.1167
v -1.9000 0.1400 2.8833
v -1.9000 0.1400 2.6500
v -1.6333 0.1400 3.3500
v -1.6333 0.1400 3.1167
v -1.6333 0.1400 2.8833
v -1.6333 0.1400 2.6500
v -1.3667 0.1400 3.3500
v -1.3667 0.1400 3.1167
v -1.3667 0.1400 2.8833
v -1.3667 0.1400 2.6500
v -1.1000 0.1400 3.3500
v -1.1000 0.1400 3.1167
v -1.1000 0.1400 2.8833
v -1.1000 0.1400 2.6500
f 12793 12794 12798
f 12793 12798 12797
f 12794 12795 12799
f 12794 12799 12798
f 12795 12796 12800
f 12795 12800 12799
f 12797 12798 12802
f 12797 12802 12801
f 12798 12799 12803
f 12798 12803 12802
f 12799 12800 12804
f 12799 12804 12803
f 12801 12802 12806
f 12801 12806 12805
f 12802 12803 12807
f 12802 12807 12806
f 12803 12804 12808
f 12803 12808 12807
f 12809 12810 12814
f 12809 12814 12813
f 12810 12811 12815
f 12810 12815 12814
f 12811 12812 12816
f 12811 12816 12815
f 12813 12814 12818
f 12813 12818 12817
f 12814 12815 12819
f 12814 12819 12818
f 12815 12816 12820
f 12815 12820 12819
f 12817 12818 12822
f 12817 12822 12821
f 12818 12819 12823
f 12818 12823 12822
f 12819 12820 12824
f 12819 12824 12823
f 12825 12826 12830
f 12825 12830 12829
f 12826 12827 12831
f 12826 12831 12830
f 12827 12828 12832
f 12827 12832 12831
f 12829 12830 12834
f 12829 12834 12833
f 12830 12831 12835
f 12830 12835 12834
f 12831 12832 12836
f 12831 12836 12835
f 12833 12834 12838
f 12833 12838 12837
f 12834 12835 12839
f 12834 12839 12838
f 12835 12836 12840
f 12835 12840 12839
f 12841 12842 12846
f 12841 12846 12845
f 12842 12843 12847
f 12842 12847 12846
f 12843 12844 12848
f 12843 12848 12847
f 12845 12846 12850
f 12845 12850 12849
f 12846 12847 12851
f 12846 12851 12850
f 12847 12848 12852
f 12847 12852 12851
f 12849 12850 12854
f 12849 12854 12853
f 12850 12851 12855
f 12850 12855 12854
f 12851 12852 12856
f 12851 12856 12855
f 12857 12858 12862
f 12857 12862 12861
f 12858 12859 12863
f 12858 12863 12862
f 12859 12860 12864
f 12859 12864 12863
f 12861 12862 12866
f 12861 12866 12865
f 12862 12863 12867
f 12862 12867 12866
f 12863 12864 12868
f 12863 12868 12867
f 12865 12866 12870
f 12865 12870 12869
f 12866 12867 12871
f 12866 12871 12870
f 12867 12868 12872
f 12867 12872 12871
f 12873 12874 12878
f 12873 12878 12877
f 12874 12875 12879
f 12874 12879 12878
f 12875 12876 12880
f 12875 12880 12879
f 12877 12878 12882
f 12877 12882 12881
f 12878 12879 12883
f 12878 12883 12882
f 12879 12880 12884
f 12879 12884 12883
f 12881 12882 12886
f 12881 12886 12885
f 12882 12883 12887
f 12882 12887 12886
f 12883 12884 12888
f 12883 12888 12887
g 물자 상자_6
v 1.1000 0.1400 -2.6500
v 1.1000 0.3400 -2.6500
v 1.1000 0.5400 -2.6500
v 1.1000 0.7400 -2.6500
v 1.3667 0.1400 -2.6500
v 1.3667 0.3400 -2.6500
v 1.3667 0.5400 -2.6500
v 1.3667 0.7400 -2.6500
v 1.6333 0.1400 -2.6500
v 1.6333 0.3400 -2.6500
v 1.6333 0.5400 -2.6500
v 1.6333 0.7400 -2.6500
v 1.9000 0.1400 -2.6500
v 1.9000 0.3400 -2.6500
v 1.9000 0.5400 -2.6500
v 1.9000 0.7400 -2.6500
v 1.9000 0.1400 -3.3500
v 1.9000 0.3400 -3.3500
v 1.9000 0.5400 -3.3500
v 1.9000 0.7400 -3.3500
v 1.6333 0.1400 -3.3500
v 1.6333 0.3400 -3.3500
v 1.6333 0.5400 -3.3500
v 1.6333 0.7400 -3.3500
v 1.3667 0.1400 -3.3500
v 1.3667 0.3400 -3.3500
v 1.3667 0.5400 -3.3500
v 1.3667 0.7400 -3.3500
v 1.1000 0.1400 -3.3500
v 1.1000 0.3400 -3.3500
v 1.1000 0.5400 -3.3500
v 1.1000 0.7400 -3.3500
v 1.1000 0.1400 -3.3500
v 1.1000 0.3400 -3.3500
v 1.1000 0.5400 -3.3500
v 1.1000 0.7400 -3.3500
v 1.1000 0.1400 -3.1167
v 1.1000 0.3400 -3.1167
v 1.1000 0.5400 -3.1167
v 1.1000 0.7400 -3.1167
v 1.1000 0.1400 -2.8833
v 1.1000 0.3400 -2.8833
v 1.1000 0.5400 -2.8833
v 1.1000 0.7400 -2.8833
v 1.1000 0.1400 -2.6500
v 1.1000 0.3400 -2.6500
v 1.1000 0.5400 -2.6500
v 1.1000 0.7400 -2.6500
v 1.9000 0.1400 -2.6500
v 1.9000 0.3400 -2.6500
v 1.9000 0.5400 -2.6500
v 1.9000 0.7400 -2.6500
v 1.9000 0.1400 -2.8833
v 1.9000 0.3400 -2.8833
v 1.9000 0.5400 -2.8833
v 1.9000 0.7400 -2.8833
v 1.9000 0.1400 -3.1167
v 1.9000 0.3400 -3.1167
v 1.9000 0.5400 -3.1167
v 1.9000 0.7400 -3.1167
v 1.9000 0.1400 -3.3500
v 1.9000 0.3400 -3.3500
v 1.9000 0.5400 -3.3500
v 1.9000 0.7400 -3.3500
v 1.1000 0.7400 -3.3500
v 1.1000 0.7400 -3.1167
v 1.1000 0.7400 -2.8833
v 1.1000 0.7400 -2.6500
v 1.3667 0.7400 -3.3500
v 1.3667 0.7400 -3.1167
v 1.3667 0.7400 -2.8833
v 1.3667 0.7400 -2.6500
v 1.6333 0.7400 -3.3500
v 1.6333 0.7400 -3.1167
v 1.6333 0.7400 -2.8833
v 1.6333 0.7400 -2.6500
v 1.9000 0.7400 -3.3500
v 1.9000 0.7400 -3.1167
v 1.9000 0.7400 -2.8833
v 1.9000 0.7400 -2.6500
v 1.1000 0.1400 -2.6500
v 1.1000 0.1400 -2.8833
v 1.1000 0.1400 -3.1167
v 1.1000 0.1400 -3.3500
v 1.3667 0.1400 -2.6500
v 1.3667 0.1400 -2.8833
v 1.3667 0.1400 -3.1167
v 1.3667 0.1400 -3.3500
v 1.6333 0.1400 -2.6500
v 1.6333 0.1400 -2.8833
v 1.6333 0.1400 -3.1167
v 1.6333 0.1400 -3.3500
v 1.9000 0.1400 -2.6500
v 1.9000 0.1400 -2.8833
v 1.9000 0.1400 -3.1167
v 1.9000 0.1400 -3.3500
f 12889 12890 12894
f 12889 12894 12893
f 12890 12891 12895
f 12890 12895 12894
f 12891 12892 12896
f 12891 12896 12895
f 12893 12894 12898
f 12893 12898 12897
f 12894 12895 12899
f 12894 12899 12898
f 12895 12896 12900
f 12895 12900 12899
f 12897 12898 12902
f 12897 12902 12901
f 12898 12899 12903
f 12898 12903 12902
f 12899 12900 12904
f 12899 12904 12903
f 12905 12906 12910
f 12905 12910 12909
f 12906 12907 12911
f 12906 12911 12910
f 12907 12908 12912
f 12907 12912 12911
f 12909 12910 12914
f 12909 12914 12913
f 12910 12911 12915
f 12910 12915 12914
f 12911 12912 12916
f 12911 12916 12915
f 12913 12914 12918
f 12913 12918 12917
f 12914 12915 12919
f 12914 12919 12918
f 12915 12916 12920
f 12915 12920 12919
f 12921 12922 12926
f 12921 12926 12925
f 12922 12923 12927
f 12922 12927 12926
f 12923 12924 12928
f 12923 12928 12927
f 12925 12926 12930
f 12925 12930 12929
f 12926 12927 12931
f 12926 12931 12930
f 12927 12928 12932
f 12927 12932 12931
f 12929 12930 12934
f 12929 12934 12933
f 12930 12931 12935
f 12930 12935 12934
f 12931 12932 12936
f 12931 12936 12935
f 12937 12938 12942
f 12937 12942 12941
f 12938 12939 12943
f 12938 12943 12942
f 12939 12940 12944
f 12939 12944 12943
f 12941 12942 12946
f 12941 12946 12945
f 12942 12943 12947
f 12942 12947 12946
f 12943 12944 12948
f 12943 12948 12947
f 12945 12946 12950
f 12945 12950 12949
f 12946 12947 12951
f 12946 12951 12950
f 12947 12948 12952
f 12947 12952 12951
f 12953 12954 12958
f 12953 12958 12957
f 12954 12955 12959
f 12954 12959 12958
f 12955 12956 12960
f 12955 12960 12959
f 12957 12958 12962
f 12957 12962 12961
f 12958 12959 12963
f 12958 12963 12962
f 12959 12960 12964
f 12959 12964 12963
f 12961 12962 12966
f 12961 12966 12965
f 12962 12963 12967
f 12962 12967 12966
f 12963 12964 12968
f 12963 12968 12967
f 12969 12970 12974
f 12969 12974 12973
f 12970 12971 12975
f 12970 12975 12974
f 12971 12972 12976
f 12971 12976 12975
f 12973 12974 12978
f 12973 12978 12977
f 12974 12975 12979
f 12974 12979 12978
f 12975 12976 12980
f 12975 12980 12979
f 12977 12978 12982
f 12977 12982 12981
f 12978 12979 12983
f 12978 12983 12982
f 12979 12980 12984
f 12979 12984 12983
g 물자 상자_7
v 1.1000 0.1400 0.3500
v 1.1000 0.3400 0.3500
v 1.1000 0.5400 0.3500
v 1.1000 0.7400 0.3500
v 1.3667 0.1400 0.3500
v 1.3667 0.3400 0.3500
v 1.3667 0.5400 0.3500
v 1.3667 0.7400 0.3500
v 1.6333 0.1400 0.3500
v 1.6333 0.3400 0.3500
v 1.6333 0.5400 0.3500
v 1.6333 0.7400 0.3500
v 1.9000 0.1400 0.3500
v 1.9000 0.3400 0.3500
v 1.9000 0.5400 0.3500
v 1.9000 0.7400 0.3500
v 1.9000 0.1400 -0.3500
v 1.9000 0.3400 -0.3500
v 1.9000 0.5400 -0.3500
v 1.9000 0.7400 -0.3500
v 1.6333 0.1400 -0.3500
v 1.6333 0.3400 -0.3500
v 1.6333 0.5400 -0.3500
v 1.6333 0.7400 -0.3500
v 1.3667 0.1400 -0.3500
v 1.3667 0.3400 -0.3500
v 1.3667 0.5400 -0.3500
v 1.3667 0.7400 -0.3500
v 1.1000 0.1400 -0.3500
v 1.1000 0.3400 -0.3500
v 1.1000 0.5400 -0.3500
v 1.1000 0.7400 -0.3500
v 1.1000 0.1400 -0.3500
v 1.1000 0.3400 -0.3500
v 1.1000 0.5400 -0.3500
v 1.1000 0.7400 -0.3500
v 1.1000 0.1400 -0.1167
v 1.1000 0.3400 -0.1167
v 1.1000 0.5400 -0.1167
v 1.1000 0.7400 -0.1167
v 1.1000 0.1400 0.1167
v 1.1000 0.3400 0.1167
v 1.1000 0.5400 0.1167
v 1.1000 0.7400 0.1167
v 1.1000 0.1400 0.3500
v 1.1000 0.3400 0.3500
v 1.1000 0.5400 0.3500
v 1.1000 0.7400 0.3500
v 1.9000 0.1400 0.3500
v 1.9000 0.3400 0.3500
v 1.9000 0.5400 0.3500
v 1.9000 0.7400 0.3500
v 1.9000 0.1400 0.1167
v 1.9000 0.3400 0.1167
v 1.9000 0.5400 0.1167
v 1.9000 0.7400 0.1167
v 1.9000 0.1400 -0.1167
v 1.9000 0.3400 -0.1167
v 1.9000 0.5400 -0.1167
v 1.9000 0.7400 -0.1167
v 1.9000 0.1400 -0.3500
v 1.9000 0.3400 -0.3500
v 1.9000 0.5400 -0.3500
v 1.9000 0.7400 -0.3500
v 1.1000 0.7400 -0.3500
v 1.1000 0.7400 -0.1167
v 1.1000 0.7400 0.1167
v 1.1000 0.7400 0.3500
v 1.3667 0.7400 -0.3500
v 1.3667 0.7400 -0.1167
v 1.3667 0.7400 0.1167
v 1.3667 0.7400 0.3500
v 1.6333 0.7400 -0.3500
v 1.6333 0.7400 -0.1167
v 1.6333 0.7400 0.1167
v 1.6333 0.7400 0.3500
v 1.9000 0.7400 -0.3500
v 1.9000 0.7400 -0.1167
v 1.9000 0.7400 0.1167
v 1.9000 0.7400 0.3500
v 1.1000 0.1400 0.3500
v 1.1000 0.1400 0.1167
v 1.1000 0.1400 -0.1167
v 1.1000 0.1400 -0.3500
v 1.3667 0.1400 0.3500
v 1.3667 0.1400 0.1167
v 1.3667 0.1400 -0.1167
v 1.3667 0.1400 -0.3500
v 1.6333 0.1400 0.3500
v 1.6333 0.1400 0.1167
v 1.6333 0.1400 -0.1167
v 1.6333 0.1400 -0.3500
v 1.9000 0.1400 0.3500
v 1.9000 0.1400 0.1167
v 1.9000 0.1400 -0.1167
v 1.9000 0.1400 -0.3500
f 12985 12986 12990
f 12985 12990 12989
f 12986 12987 12991
f 12986 12991 12990
f 12987 12988 12992
f 12987 12992 12991
f 12989 12990 12994
f 12989 12994 12993
f 12990 12991 12995
f 12990 12995 12994
f 12991 12992 12996
f 12991 12996 12995
f 12993 12994 12998
f 12993 12998 12997
f 12994 12995 12999
f 12994 12999 12998
f 12995 12996 13000
f 12995 13000 12999
f 13001 13002 13006
f 13001 13006 13005
f 13002 13003 13007
f 13002 13007 13006
f 13003 13004 13008
f 13003 13008 13007
f 13005 13006 13010
f 13005 13010 13009
f 13006 13007 13011
f 13006 13011 13010
f 13007 13008 13012
f 13007 13012 13011
f 13009 13010 13014
f 13009 13014 13013
f 13010 13011 13015
f 13010 13015 13014
f 13011 13012 13016
f 13011 13016 13015
f 13017 13018 13022
f 13017 13022 13021
f 13018 13019 13023
f 13018 13023 13022
f 13019 13020 13024
f 13019 13024 13023
f 13021 13022 13026
f 13021 13026 13025
f 13022 13023 13027
f 13022 13027 13026
f 13023 13024 13028
f 13023 13028 13027
f 13025 13026 13030
f 13025 13030 13029
f 13026 13027 13031
f 13026 13031 13030
f 13027 13028 13032
f 13027 13032 13031
f 13033 13034 13038
f 13033 13038 13037
f 13034 13035 13039
f 13034 13039 13038
f 13035 13036 13040
f 13035 13040 13039
f 13037 13038 13042
f 13037 13042 13041
f 13038 13039 13043
f 13038 13043 13042
f 13039 13040 13044
f 13039 13044 13043
f 13041 13042 13046
f 13041 13046 13045
f 13042 13043 13047
f 13042 13047 13046
f 13043 13044 13048
f 13043 13048 13047
f 13049 13050 13054
f 13049 13054 13053
f 13050 13051 13055
f 13050 13055 13054
f 13051 13052 13056
f 13051 13056 13055
f 13053 13054 13058
f 13053 13058 13057
f 13054 13055 13059
f 13054 13059 13058
f 13055 13056 13060
f 13055 13060 13059
f 13057 13058 13062
f 13057 13062 13061
f 13058 13059 13063
f 13058 13063 13062
f 13059 13060 13064
f 13059 13064 13063
f 13065 13066 13070
f 13065 13070 13069
f 13066 13067 13071
f 13066 13071 13070
f 13067 13068 13072
f 13067 13072 13071
f 13069 13070 13074
f 13069 13074 13073
f 13070 13071 13075
f 13070 13075 13074
f 13071 13072 13076
f 13071 13076 13075
f 13073 13074 13078
f 13073 13078 13077
f 13074 13075 13079
f 13074 13079 13078
f 13075 13076 13080
f 13075 13080 13079
g 물자 상자_8
v 1.1000 0.1400 3.3500
v 1.1000 0.3400 3.3500
v 1.1000 0.5400 3.3500
v 1.1000 0.7400 3.3500
v 1.3667 0.1400 3.3500
v 1.3667 0.3400 3.3500
v 1.3667 0.5400 3.3500
v 1.3667 0.7400 3.3500
v 1.6333 0.1400 3.3500
v 1.6333 0.3400 3.3500
v 1.6333 0.5400 3.3500
v 1.6333 0.7400 3.3500
v 1.9000 0.1400 3.3500
v 1.9000 0.3400 3.3500
v 1.9000 0.5400 3.3500
v 1.9000 0.7400 3.3500
v 1.9000 0.1400 2.6500
v 1.9000 0.3400 2.6500
v 1.9000 0.5400 2.6500
v 1.9000 0.7400 2.6500
v 1.6333 0.1400 2.6500
v 1.6333 0.3400 2.6500
v 1.6333 0.5400 2.6500
v 1.6333 0.7400 2.6500
v 1.3667 0.1400 2.6500
v 1.3667 0.3400 2.6500
v 1.3667 0.5400 2.6500
v 1.3667 0.7400 2.6500
v 1.1000 0.1400 2.6500
v 1.1000 0.3400 2.6500
v 1.1000 0.5400 2.6500
v 1.1000 0.7400 2.6500
v 1.1000 0.1400 2.6500
v 1.1000 0.3400 2.6500
v 1.1000 0.5400 2.6500
v 1.1000 0.7400 2.6500
v 1.1000 0.1400 2.8833
v 1.1000 0.3400 2.8833
v 1.1000 0.5400 2.8833
v 1.1000 0.7400 2.8833
v 1.1000 0.1400 3.1167
v 1.1000 0.3400 3.1167
v 1.1000 0.5400 3.1167
v 1.1000 0.7400 3.1167
v 1.1000 0.1400 3.3500
v 1.1000 0.3400 3.3500
v 1.1000 0.5400 3.3500
v 1.1000 0.7400 3.3500
v 1.9000 0.1400 3.3500
v 1.9000 0.3400 3.3500
v 1.9000 0.5400 3.3500
v 1.9000 0.7400 3.3500
v 1.9000 0.1400 3.1167
v 1.9000 0.3400 3.1167
v 1.9000 0.5400 3.1167
v 1.9000 0.7400 3.1167
v 1.9000 0.1400 2.8833
v 1.9000 0.3400 2.8833
v 1.9000 0.5400 2.8833
v 1.9000 0.7400 2.8833
v 1.9000 0.1400 2.6500
v 1.9000 0.3400 2.6500
v 1.9000 0.5400 2.6500
v 1.9000 0.7400 2.6500
v 1.1000 0.7400 2.6500
v 1.1000 0.7400 2.8833
v 1.1000 0.7400 3.1167
v 1.1000 0.7400 3.3500
v 1.3667 0.7400 2.6500
v 1.3667 0.7400 2.8833
v 1.3667 0.7400 3.1167
v 1.3667 0.7400 3.3500
v 1.6333 0.7400 2.6500
v 1.6333 0.7400 2.8833
v 1.6333 0.7400 3.1167
v 1.6333 0.7400 3.3500
v 1.9000 0.7400 2.6500
v 1.9000 0.7400 2.8833
v 1.9000 0.7400 3.1167
v 1.9000 0.7400 3.3500
v 1.1000 0.1400 3.3500
v 1.1000 0.1400 3.1167
v 1.1000 0.1400 2.8833
v 1.1000 0.1400 2.6500
v 1.3667 0.1400 3.3500
v 1.3667 0.1400 3.1167
v 1.3667 0.1400 2.8833
v 1.3667 0.1400 2.6500
v 1.6333 0.1400 3.3500
v 1.6333 0.1400 3.1167
v 1.6333 0.1400 2.8833
v 1.6333 0.1400 2.6500
v 1.9000 0.1400 3.3500
v 1.9000 0.1400 3.1167
v 1.9000 0.1400 2.8833
v 1.9000 0.1400 2.6500
f 13081 13082 13086
f 13081 13086 13085
f 13082 13083 13087
f 13082 13087 13086
f 13083 13084 13088
f 13083 13088 13087
f 13085 13086 13090
f 13085 13090 13089
f 13086 13087 13091
f 13086 13091 13090
f 13087 13088 13092
f 13087 13092 13091
f 13089 13090 13094
f 13089 13094 13093
f 13090 13091 13095
f 13090 13095 13094
f 13091 13092 13096
f 13091 13096 13095
f 13097 13098 13102
f 13097 13102 13101
f 13098 13099 13103
f 13098 13103 13102
f 13099 13100 13104
f 13099 13104 13103
f 13101 13102 13106
f 13101 13106 13105
f 13102 13103 13107
f 13102 13107 13106
f 13103 13104 13108
f 13103 13108 13107
f 13105 13106 13110
f 13105 13110 13109
f 13106 13107 13111
f 13106 13111 13110
f 13107 13108 13112
f 13107 13112 13111
f 13113 13114 13118
f 13113 13118 13117
f 13114 13115 13119
f 13114 13119 13118
f 13115 13116 13120
f 13115 13120 13119
f 13117 13118 13122
f 13117 13122 13121
f 13118 13119 13123
f 13118 13123 13122
f 13119 13120 13124
f 13119 13124 13123
f 13121 13122 13126
f 13121 13126 13125
f 13122 13123 13127
f 13122 13127 13126
f 13123 13124 13128
f 13123 13128 13127
f 13129 13130 13134
f 13129 13134 13133
f 13130 13131 13135
f 13130 13135 13134
f 13131 13132 13136
f 13131 13136 13135
f 13133 13134 13138
f 13133 13138 13137
f 13134 13135 13139
f 13134 13139 13138
f 13135 13136 13140
f 13135 13140 13139
f 13137 13138 13142
f 13137 13142 13141
f 13138 13139 13143
f 13138 13143 13142
f 13139 13140 13144
f 13139 13144 13143
f 13145 13146 13150
f 13145 13150 13149
f 13146 13147 13151
f 13146 13151 13150
f 13147 13148 13152
f 13147 13152 13151
f 13149 13150 13154
f 13149 13154 13153
f 13150 13151 13155
f 13150 13155 13154
f 13151 13152 13156
f 13151 13156 13155
f 13153 13154 13158
f 13153 13158 13157
f 13154 13155 13159
f 13154 13159 13158
f 13155 13156 13160
f 13155 13160 13159
f 13161 13162 13166
f 13161 13166 13165
f 13162 13163 13167
f 13162 13167 13166
f 13163 13164 13168
f 13163 13168 13167
f 13165 13166 13170
f 13165 13170 13169
f 13166 13167 13171
f 13166 13171 13170
f 13167 13168 13172
f 13167 13172 13171
f 13169 13170 13174
f 13169 13174 13173
f 13170 13171 13175
f 13170 13175 13174
f 13171 13172 13176
f 13171 13176 13175
g 물자 상자_9
v 4.1000 0.1400 -2.6500
v 4.1000 0.3400 -2.6500
v 4.1000 0.5400 -2.6500
v 4.1000 0.7400 -2.6500
v 4.3667 0.1400 -2.6500
v 4.3667 0.3400 -2.6500
v 4.3667 0.5400 -2.6500
v 4.3667 0.7400 -2.6500
v 4.6333 0.1400 -2.6500
v 4.6333 0.3400 -2.6500
v 4.6333 0.5400 -2.6500
v 4.6333 0.7400 -2.6500
v 4.9000 0.1400 -2.6500
v 4.9000 0.3400 -2.6500
v 4.9000 0.5400 -2.6500
v 4.9000 0.7400 -2.6500
v 4.9000 0.1400 -3.3500
v 4.9000 0.3400 -3.3500
v 4.9000 0.5400 -3.3500
v 4.9000 0.7400 -3.3500
v 4.6333 0.1400 -3.3500
v 4.6333 0.3400 -3.3500
v 4.6333 0.5400 -3.3500
v 4.6333 0.7400 -3.3500
v 4.3667 0.1400 -3.3500
v 4.3667 0.3400 -3.3500
v 4.3667 0.5400 -3.3500
v 4.3667 0.7400 -3.3500
v 4.1000 0.1400 -3.3500
v 4.1000 0.3400 -3.3500
v 4.1000 0.5400 -3.3500
v 4.1000 0.7400 -3.3500
v 4.1000 0.1400 -3.3500
v 4.1000 0.3400 -3.3500
v 4.1000 0.5400 -3.3500
v 4.1000 0.7400 -3.3500
v 4.1000 0.1400 -3.1167
v 4.1000 0.3400 -3.1167
v 4.1000 0.5400 -3.1167
v 4.1000 0.7400 -3.1167
v 4.1000 0.1400 -2.8833
v 4.1000 0.3400 -2.8833
v 4.1000 0.5400 -2.8833
v 4.1000 0.7400 -2.8833
v 4.1000 0.1400 -2.6500
v 4.1000 0.3400 -2.6500
v 4.1000 0.5400 -2.6500
v 4.1000 0.7400 -2.6500
v 4.9000 0.1400 -2.6500
v 4.9000 0.3400 -2.6500
v 4.9000 0.5400 -2.6500
v 4.9000 0.7400 -2.6500
v 4.9000 0.1400 -2.8833
v 4.9000 0.3400 -2.8833
v 4.9000 0.5400 -2.8833
v 4.9000 0.7400 -2.8833
v 4.9000 0.1400 -3.1167
v 4.9000 0.3400 -3.1167
v 4.9000 0.5400 -3.1167
v 4.9000 0.7400 -3.1167
v 4.9000 0.1400 -3.3500
v 4.9000 0.3400 -3.3500
v 4.9000 0.5400 -3.3500
v 4.9000 0.7400 -3.3500
v 4.1000 0.7400 -3.3500
v 4.1000 0.7400 -3.1167
v 4.1000 0.7400 -2.8833
v 4.1000 0.7400 -2.6500
v 4.3667 0.7400 -3.3500
v 4.3667 0.7400 -3.1167
v 4.3667 0.7400 -2.8833
v 4.3667 0.7400 -2.6500
v 4.6333 0.7400 -3.3500
v 4.6333 0.7400 -3.1167
v 4.6333 0.7400 -2.8833
v 4.6333 0.7400 -2.6500
v 4.9000 0.7400 -3.3500
v 4.9000 0.7400 -3.1167
v 4.9000 0.7400 -2.8833
v 4.9000 0.7400 -2.6500
v 4.1000 0.1400 -2.6500
v 4.1000 0.1400 -2.8833
v 4.1000 0.1400 -3.1167
v 4.1000 0.1400 -3.3500
v 4.3667 0.1400 -2.6500
v 4.3667 0.1400 -2.8833
v 4.3667 0.1400 -3.1167
v 4.3667 0.1400 -3.3500
v 4.6333 0.1400 -2.6500
v 4.6333 0.1400 -2.8833
v 4.6333 0.1400 -3.1167
v 4.6333 0.1400 -3.3500
v 4.9000 0.1400 -2.6500
v 4.9000 0.1400 -2.8833
v 4.9000 0.1400 -3.1167
v 4.9000 0.1400 -3.3500
f 13177 13178 13182
f 13177 13182 13181
f 13178 13179 13183
f 13178 13183 13182
f 13179 13180 13184
f 13179 13184 13183
f 13181 13182 13186
f 13181 13186 13185
f 13182 13183 13187
f 13182 13187 13186
f 13183 13184 13188
f 13183 13188 13187
f 13185 13186 13190
f 13185 13190 13189
f 13186 13187 13191
f 13186 13191 13190
f 13187 13188 13192
f 13187 13192 13191
f 13193 13194 13198
f 13193 13198 13197
f 13194 13195 13199
f 13194 13199 13198
f 13195 13196 13200
f 13195 13200 13199
f 13197 13198 13202
f 13197 13202 13201
f 13198 13199 13203
f 13198 13203 13202
f 13199 13200 13204
f 13199 13204 13203
f 13201 13202 13206
f 13201 13206 13205
f 13202 13203 13207
f 13202 13207 13206
f 13203 13204 13208
f 13203 13208 13207
f 13209 13210 13214
f 13209 13214 13213
f 13210 13211 13215
f 13210 13215 13214
f 13211 13212 13216
f 13211 13216 13215
f 13213 13214 13218
f 13213 13218 13217
f 13214 13215 13219
f 13214 13219 13218
f 13215 13216 13220
f 13215 13220 13219
f 13217 13218 13222
f 13217 13222 13221
f 13218 13219 13223
f 13218 13223 13222
f 13219 13220 13224
f 13219 13224 13223
f 13225 13226 13230
f 13225 13230 13229
f 13226 13227 13231
f 13226 13231 13230
f 13227 13228 13232
f 13227 13232 13231
f 13229 13230 13234
f 13229 13234 13233
f 13230 13231 13235
f 13230 13235 13234
f 13231 13232 13236
f 13231 13236 13235
f 13233 13234 13238
f 13233 13238 13237
f 13234 13235 13239
f 13234 13239 13238
f 13235 13236 13240
f 13235 13240 13239
f 13241 13242 13246
f 13241 13246 13245
f 13242 13243 13247
f 13242 13247 13246
f 13243 13244 13248
f 13243 13248 13247
f 13245 13246 13250
f 13245 13250 13249
f 13246 13247 13251
f 13246 13251 13250
f 13247 13248 13252
f 13247 13252 13251
f 13249 13250 13254
f 13249 13254 13253
f 13250 13251 13255
f 13250 13255 13254
f 13251 13252 13256
f 13251 13256 13255
f 13257 13258 13262
f 13257 13262 13261
f 13258 13259 13263
f 13258 13263 13262
f 13259 13260 13264
f 13259 13264 13263
f 13261 13262 13266
f 13261 13266 13265
f 13262 13263 13267
f 13262 13267 13266
f 13263 13264 13268
f 13263 13268 13267
f 13265 13266 13270
f 13265 13270 13269
f 13266 13267 13271
f 13266 13271 13270
f 13267 13268 13272
f 13267 13272 13271
g 물자 상자_10
v 4.1000 0.1400 0.3500
v 4.1000 0.3400 0.3500
v 4.1000 0.5400 0.3500
v 4.1000 0.7400 0.3500
v 4.3667 0.1400 0.3500
v 4.3667 0.3400 0.3500
v 4.3667 0.5400 0.3500
v 4.3667 0.7400 0.3500
v 4.6333 0.1400 0.3500
v 4.6333 0.3400 0.3500
v 4.6333 0.5400 0.3500
v 4.6333 0.7400 0.3500
v 4.9000 0.1400 0.3500
v 4.9000 0.3400 0.3500
v 4.9000 0.5400 0.3500
v 4.9000 0.7400 0.3500
v 4.9000 0.1400 -0.3500
v 4.9000 0.3400 -0.3500
v 4.9000 0.5400 -0.3500
v 4.9000 0.7400 -0.3500
v 4.6333 0.1400 -0.3500
v 4.6333 0.3400 -0.3500
v 4.6333 0.5400 -0.3500
v 4.6333 0.7400 -0.3500
v 4.3667 0.1400 -0.3500
v 4.3667 0.3400 -0.3500
v 4.3667 0.5400 -0.3500
v 4.3667 0.7400 -0.3500
v 4.1000 0.1400 -0.3500
v 4.1000 0.3400 -0.3500
v 4.1000 0.5400 -0.3500
v 4.1000 0.7400 -0.3500
v 4.1000 0.1400 -0.3500
v 4.1000 0.3400 -0.3500
v 4.1000 0.5400 -0.3500
v 4.1000 0.7400 -0.3500
v 4.1000 0.1400 -0.1167
v 4.1000 0.3400 -0.1167
v 4.1000 0.5400 -0.1167
v 4.1000 0.7400 -0.1167
v 4.1000 0.1400 0.1167
v 4.1000 0.3400 0.1167
v 4.1000 0.5400 0.1167
v 4.1000 0.7400 0.1167
v 4.1000 0.1400 0.3500
v 4.1000 0.3400 0.3500
v 4.1000 0.5400 0.3500
v 4.1000 0.7400 0.3500
v 4.9000 0.1400 0.3500
v 4.9000 0.3400 0.3500
v 4.9000 0.5400 0.3500
v 4.9000 0.7400 0.3500
v 4.9000 0.1400 0.1167
v 4.9000 0.3400 0.1167
v 4.9000 0.5400 0.1167
v 4.9000 0.7400 0.1167
v 4.9000 0.1400 -0.1167
v 4.9000 0.3400 -0.1167
v 4.9000 0.5400 -0.1167
v 4.9000 0.7400 -0.1167
v 4.9000 0.1400 -0.3500
v 4.9000 0.3400 -0.3500
v 4.9000 0.5400 -0.3500
v 4.9000 0.7400 -0.3500
v 4.1000 0.7400 -0.3500
v 4.1000 0.7400 -0.1167
v 4.1000 0.7400 0.1167
v 4.1000 0.7400 0.3500
v 4.3667 0.7400 -0.3500
v 4.3667 0.7400 -0.1167
v 4.3667 0.7400 0.1167
v 4.3667 0.7400 0.3500
v 4.6333 0.7400 -0.3500
v 4.6333 0.7400 -0.1167
v 4.6333 0.7400 0.1167
v 4.6333 0.7400 0.3500
v 4.9000 0.7400 -0.3500
v 4.9000 0.7400 -0.1167
v 4.9000 0.7400 0.1167
v 4.9000 0.7400 0.3500
v 4.1000 0.1400 0.3500
v 4.1000 0.1400 0.1167
v 4.1000 0.1400 -0.1167
v 4.1000 0.1400 -0.3500
v 4.3667 0.1400 0.3500
v 4.3667 0.1400 0.1167
v 4.3667 0.1400 -0.1167
v 4.3667 0.1400 -0.3500
v 4.6333 0.1400 0.3500
v 4.6333 0.1400 0.1167
v 4.6333 0.1400 -0.1167
v 4.6333 0.1400 -0.3500
v 4.9000 0.1400 0.3500
v 4.9000 0.1400 0.1167
v 4.9000 0.1400 -0.1167
v 4.9000 0.1400 -0.3500
f 13273 13274 13278
f 13273 13278 13277
f 13274 13275 13279
f 13274 13279 13278
f 13275 13276 13280
f 13275 13280 13279
f 13277 13278 13282
f 13277 13282 13281
f 13278 13279 13283
f 13278 13283 13282
f 13279 13280 13284
f 13279 13284 13283
f 13281 13282 13286
f 13281 13286 13285
f 13282 13283 13287
f 13282 13287 13286
f 13283 13284 13288
f 13283 13288 13287
f 13289 13290 13294
f 13289 13294 13293
f 13290 13291 13295
f 13290 13295 13294
f 13291 13292 13296
f 13291 13296 13295
f 13293 13294 13298
f 13293 13298 13297
f 13294 13295 13299
f 13294 13299 13298
f 13295 13296 13300
f 13295 13300 13299
f 13297 13298 13302
f 13297 13302 13301
f 13298 13299 13303
f 13298 13303 13302
f 13299 13300 13304
f 13299 13304 13303
f 13305 13306 13310
f 13305 13310 13309
f 13306 13307 13311
f 13306 13311 13310
f 13307 13308 13312
f 13307 13312 13311
f 13309 13310 13314
f 13309 13314 13313
f 13310 13311 13315
f 13310 13315 13314
f 13311 13312 13316
f 13311 13316 13315
f 13313 13314 13318
f 13313 13318 13317
f 13314 13315 13319
f 13314 13319 13318
f 13315 13316 13320
f 13315 13320 13319
f 13321 13322 13326
f 13321 13326 13325
f 13322 13323 13327
f 13322 13327 13326
f 13323 13324 13328
f 13323 13328 13327
f 13325 13326 13330
f 13325 13330 13329
f 13326 13327 13331
f 13326 13331 13330
f 13327 13328 13332
f 13327 13332 13331
f 13329 13330 13334
f 13329 13334 13333
f 13330 13331 13335
f 13330 13335 13334
f 13331 13332 13336
f 13331 13336 13335
f 13337 13338 13342
f 13337 13342 13341
f 13338 13339 13343
f 13338 13343 13342
f 13339 13340 13344
f 13339 13344 13343
f 13341 13342 13346
f 13341 13346 13345
f 13342 13343 13347
f 13342 13347 13346
f 13343 13344 13348
f 13343 13348 13347
f 13345 13346 13350
f 13345 13350 13349
f 13346 13347 13351
f 13346 13351 13350
f 13347 13348 13352
f 13347 13352 13351
f 13353 13354 13358
f 13353 13358 13357
f 13354 13355 13359
f 13354 13359 13358
f 13355 13356 13360
f 13355 13360 13359
f 13357 13358 13362
f 13357 13362 13361
f 13358 13359 13363
f 13358 13363 13362
f 13359 13360 13364
f 13359 13364 13363
f 13361 13362 13366
f 13361 13366 13365
f 13362 13363 13367
f 13362 13367 13366
f 13363 13364 13368
f 13363 13368 13367
g 물자 상자_11
v 4.1000 0.1400 3.3500
v 4.1000 0.3400 3.3500
v 4.1000 0.5400 3.3500
v 4.1000 0.7400 3.3500
v 4.3667 0.1400 3.3500
v 4.3667 0.3400 3.3500
v 4.3667 0.5400 3.3500
v 4.3667 0.7400 3.3500
v 4.6333 0.1400 3.3500
v 4.6333 0.3400 3.3500
v 4.6333 0.5400 3.3500
v 4.6333 0.7400 3.3500
v 4.9000 0.1400 3.3500
v 4.9000 0.3400 3.3500
v 4.9000 0.5400 3.3500
v 4.9000 0.7400 3.3500
v 4.9000 0.1400 2.6500
v 4.9000 0.3400 2.6500
v 4.9000 0.5400 2.6500
v 4.9000 0.7400 2.6500
v 4.6333 0.1400 2.6500
v 4.6333 0.3400 2.6500
v 4.6333 0.5400 2.6500
v 4.6333 0.7400 2.6500
v 4.3667 0.1400 2.6500
v 4.3667 0.3400 2.6500
v 4.3667 0.5400 2.6500
v 4.3667 0.7400 2.6500
v 4.1000 0.1400 2.6500
v 4.1000 0.3400 2.6500
v 4.1000 0.5400 2.6500
v 4.1000 0.7400 2.6500
v 4.1000 0.1400 2.6500
v 4.1000 0.3400 2.6500
v 4.1000 0.5400 2.6500
v 4.1000 0.7400 2.6500
v 4.1000 0.1400 2.8833
v 4.1000 0.3400 2.8833
v 4.1000 0.5400 2.8833
v 4.1000 0.7400 2.8833
v 4.1000 0.1400 3.1167
v 4.1000 0.3400 3.1167
v 4.1000 0.5400 3.1167
v 4.1000 0.7400 3.1167
v 4.1000 0.1400 3.3500
v 4.1000 0.3400 3.3500
v 4.1000 0.5400 3.3500
v 4.1000 0.7400 3.3500
v 4.9000 0.1400 3.3500
v 4.9000 0.3400 3.3500
v 4.9000 0.5400 3.3500
v 4.9000 0.7400 3.3500
v 4.9000 0.1400 3.1167
v 4.9000 0.3400 3.1167
v 4.9000 0.5400 3.1167
v 4.9000 0.7400 3.1167
v 4.9000 0.1400 2.8833
v 4.9000 0.3400 2.8833
v 4.9000 0.5400 2.8833
v 4.9000 0.7400 2.8833
v 4.9000 0.1400 2.6500
v 4.9000 0.3400 2.6500
v 4.9000 0.5400 2.6500
v 4.9000 0.7400 2.6500
v 4.1000 0.7400 2.6500
v 4.1000 0.7400 2.8833
v 4.1000 0.7400 3.1167
v 4.1000 0.7400 3.3500
v 4.3667 0.7400 2.6500
v 4.3667 0.7400 2.8833
v 4.3667 0.7400 3.1167
v 4.3667 0.7400 3.3500
v 4.6333 0.7400 2.6500
v 4.6333 0.7400 2.8833
v 4.6333 0.7400 3.1167
v 4.6333 0.7400 3.3500
v 4.9000 0.7400 2.6500
v 4.9000 0.7400 2.8833
v 4.9000 0.7400 3.1167
v 4.9000 0.7400 3.3500
v 4.1000 0.1400 3.3500
v 4.1000 0.1400 3.1167
v 4.1000 0.1400 2.8833
v 4.1000 0.1400 2.6500
v 4.3667 0.1400 3.3500
v 4.3667 0.1400 3.1167
v 4.3667 0.1400 2.8833
v 4.3667 0.1400 2.6500
v 4.6333 0.1400 3.3500
v 4.6333 0.1400 3.1167
v 4.6333 0.1400 2.8833
v 4.6333 0.1400 2.6500
v 4.9000 0.1400 3.3500
v 4.9000 0.1400 3.1167
v 4.9000 0.1400 2.8833
v 4.9000 0.1400 2.6500
f 13369 13370 13374
f 13369 13374 13373
f 13370 13371 13375
f 13370 13375 13374
f 13371 13372 13376
f 13371 13376 13375
f 13373 13374 13378
f 13373 13378 13377
f 13374 13375 13379
f 13374 13379 13378
f 13375 13376 13380
f 13375 13380 13379
f 13377 13378 13382
f 13377 13382 13381
f 13378 13379 13383
f 13378 13383 13382
f 13379 13380 13384
f 13379 13384 13383
f 13385 13386 13390
f 13385 13390 13389
f 13386 13387 13391
f 13386 13391 13390
f 13387 13388 13392
f 13387 13392 13391
f 13389 13390 13394
f 13389 13394 13393
f 13390 13391 13395
f 13390 13395 13394
f 13391 13392 13396
f 13391 13396 13395
f 13393 13394 13398
f 13393 13398 13397
f 13394 13395 13399
f 13394 13399 13398
f 13395 13396 13400
f 13395 13400 13399
f 13401 13402 13406
f 13401 13406 13405
f 13402 13403 13407
f 13402 13407 13406
f 13403 13404 13408
f 13403 13408 13407
f 13405 13406 13410
f 13405 13410 13409
f 13406 13407 13411
f 13406 13411 13410
f 13407 13408 13412
f 13407 13412 13411
f 13409 13410 13414
f 13409 13414 13413
f 13410 13411 13415
f 13410 13415 13414
f 13411 13412 13416
f 13411 13416 13415
f 13417 13418 13422
f 13417 13422 13421
f 13418 13419 13423
f 13418 13423 13422
f 13419 13420 13424
f 13419 13424 13423
f 13421 13422 13426
f 13421 13426 13425
f 13422 13423 13427
f 13422 13427 13426
f 13423 13424 13428
f 13423 13428 13427
f 13425 13426 13430
f 13425 13430 13429
f 13426 13427 13431
f 13426 13431 13430
f 13427 13428 13432
f 13427 13432 13431
f 13433 13434 13438
f 13433 13438 13437
f 13434 13435 13439
f 13434 13439 13438
f 13435 13436 13440
f 13435 13440 13439
f 13437 13438 13442
f 13437 13442 13441
f 13438 13439 13443
f 13438 13443 13442
f 13439 13440 13444
f 13439 13444 13443
f 13441 13442 13446
f 13441 13446 13445
f 13442 13443 13447
f 13442 13447 13446
f 13443 13444 13448
f 13443 13448 13447
f 13449 13450 13454
f 13449 13454 13453
f 13450 13451 13455
f 13450 13455 13454
f 13451 13452 13456
f 13451 13456 13455
f 13453 13454 13458
f 13453 13458 13457
f 13454 13455 13459
f 13454 13459 13458
f 13455 13456 13460
f 13455 13460 13459
f 13457 13458 13462
f 13457 13462 13461
f 13458 13459 13463
f 13458 13463 13462
f 13459 13460 13464
f 13459 13464 13463
g 천장등_0
v -4.7500 3.9500 -3.0000
v -4.7500 4.0500 -3.0000
v -4.9227 3.9500 -2.7622
v -4.9227 4.0500 -2.7622
v -5.2023 3.9500 -2.8531
v -5.2023 4.0500 -2.8531
v -5.2023 3.9500 -3.1469
v -5.2023 4.0500 -3.1469
v -4.9227 3.9500 -3.2378
v -4.9227 4.0500 -3.2378
v -5.0000 4.0500 -3.0000
v -5.0000 3.9500 -3.0000
f 13465 13467 13468
f 13465 13468 13466
f 13467 13469 13470
f 13467 13470 13468
f 13469 13471 13472
f 13469 13472 13470
f 13471 13473 13474
f 13471 13474 13472
f 13473 13465 13466
f 13473 13466 13474
f 13475 13466 13468
f 13476 13467 13465
f 13475 13468 13470
f 13476 13469 13467
f 13475 13470 13472
f 13476 13471 13469
f 13475 13472 13474
f 13476 13473 13471
f 13475 13474 13466
f 13476 13465 13473
g 천장등_1
v -4.7500 3.9500 2.0000
v -4.7500 4.0500 2.0000
v -4.9227 3.9500 2.2378
v -4.9227 4.0500 2.2378
v -5.2023 3.9500 2.1469
v -5.2023 4.0500 2.1469
v -5.2023 3.9500 1.8531
v -5.2023 4.0500 1.8531
v -4.9227 3.9500 1.7622
v -4.9227 4.0500 1.7622
v -5.0000 4.0500 2.0000
v -5.0000 3.9500 2.0000
f 13477 13479 13480
f 13477 13480 13478
f 13479 13481 13482
f 13479 13482 13480
f 13481 13483 13484
f 13481 13484 13482
f 13483 13485 13486
f 13483 13486 13484
f 13485 13477 13478
f 13485 13478 13486
f 13487 13478 13480
f 13488 13479 13477
f 13487 13480 13482
f 13488 13481 13479
f 13487 13482 13484
f 13488 13483 13481
f 13487 13484 13486
f 13488 13485 13483
f 13487 13486 13478
f 13488 13477 13485
g 천장등_2
v 0.2500 3.9500 -3.0000
v 0.2500 4.0500 -3.0000
v 0.0773 3.9500 -2.7622
v 0.0773 4.0500 -2.7622
v -0.2023 3.9500 -2.8531
v -0.2023 4.0500 -2.8531
v -0.2023 3.9500 -3.1469
v -0.2023 4.0500 -3.1469
v 0.0773 3.9500 -3.2378
v 0.0773 4.0500 -3.2378
v 0.0000 4.0500 -3.0000
v 0.0000 3.9500 -3.0000
f 13489 13491 13492
f 13489 13492 13490
f 13491 13493 13494
f 13491 13494 13492
f 13493 13495 13496
f 13493 13496 13494
f 13495 13497 13498
f 13495 13498 13496
f 13497 13489 13490
f 13497 13490 13498
f 13499 13490 13492
f 13500 13491 13489
f 13499 13492 13494
f 13500 13493 13491
f 13499 13494 13496
f 13500 13495 13493
f 13499 13496 13498
f 13500 13497 13495
f 13499 13498 13490
f 13500 13489 13497
g 천장등_3
v 0.2500 3.9500 2.0000
v 0.2500 4.0500 2.0000
v 0.0773 3.9500 2.2378
v 0.0773 4.0500 2.2378
v -0.2023 3.9500 2.1469
v -0.2023 4.0500 2.1469
v -0.2023 3.9500 1.8531
v -0.2023 4.0500 1.8531
v 0.0773 3.9500 1.7622
v 0.0773 4.0500 1.7622
v 0.0000 4.0500 2.0000
v 0.0000 3.9500 2.0000
f 13501 13503 13504
f 13501 13504 13502
f 13503 13505 13506
f 13503 13506 13504
f 13505 13507 13508
f 13505 13508 13506
f 13507 13509 13510
f 13507 13510 13508
f 13509 13501 13502
f 13509 13502 13510
f 13511 13502 13504
f 13512 13503 13501
f 13511 13504 13506
f 13512 13505 13503
f 13511 13506 13508
f 13512 13507 13505
f 13511 13508 13510
f 13512 13509 13507
f 13511 13510 13502
f 13512 13501 13509
g 천장등_4
v 5.2500 3.9500 -3.0000
v 5.2500 4.0500 -3.0000
v 5.0773 3.9500 -2.7622
v 5.0773 4.0500 -2.7622
v 4.7977 3.9500 -2.8531
v 4.7977 4.0500 -2.8531
v 4.7977 3.9500 -3.1469
v 4.7977 4.0500 -3.1469
v 5.0773 3.9500 -3.2378
v 5.0773 4.0500 -3.2378
v 5.0000 4.0500 -3.0000
v 5.0000 3.9500 -3.0000
f 13513 13515 13516
f 13513 13516 13514
f 13515 13517 13518
f 13515 13518 13516
f 13517 13519 13520
f 13517 13520 13518
f 13519 13521 13522
f 13519 13522 13520
f 13521 13513 13514
f 13521 13514 13522
f 13523 13514 13516
f 13524 13515 13513
f 13523 13516 13518
f 13524 13517 13515
f 13523 13518 13520
f 13524 13519 13517
f 13523 13520 13522
f 13524 13521 13519
f 13523 13522 13514
f 13524 13513 13521
g 천장등_5
v 5.2500 3.9500 2.0000
v 5.2500 4.0500 2.0000
v 5.0773 3.9500 2.2378
v 5.0773 4.0500 2.2378
v 4.7977 3.9500 2.1469
v 4.7977 4.0500 2.1469
v 4.7977 3.9500 1.8531
v 4.7977 4.0500 1.8531
v 5.0773 3.9500 1.7622
v 5.0773 4.0500 1.7622
v 5.0000 4.0500 2.0000
v 5.0000 3.9500 2.0000
f 13525 13527 13528
f 13525 13528 13526
f 13527 13529 13530
f 13527 13530 13528
f 13529 13531 13532
f 13529 13532 13530
f 13531 13533 13534
f 13531 13534 13532
f 13533 13525 13526
f 13533 13526 13534
f 13535 13526 13528
f 13536 13527 13525
f 13535 13528 13530
f 13536 13529 13527
f 13535 13530 13532
f 13536 13531 13529
f 13535 13532 13534
f 13536 13533 13531
f 13535 13534 13526
f 13536 13525 13533
