# 초소 × 2 — 블록아웃 (예산 16,000 tris)
# 삼각형 14144 · 조각 22
# 생성: tools/blockout — 손으로 고치지 말 것, 생성기를 고칠 것
g 초소 바닥_0
v -31.2000 0.0000 1.2000
v -31.2000 0.0222 1.2000
v -31.2000 0.0444 1.2000
v -31.2000 0.0667 1.2000
v -31.2000 0.0889 1.2000
v -31.2000 0.1111 1.2000
v -31.2000 0.1333 1.2000
v -31.2000 0.1556 1.2000
v -31.2000 0.1778 1.2000
v -31.2000 0.2000 1.2000
v -30.9333 0.0000 1.2000
v -30.9333 0.0222 1.2000
v -30.9333 0.0444 1.2000
v -30.9333 0.0667 1.2000
v -30.9333 0.0889 1.2000
v -30.9333 0.1111 1.2000
v -30.9333 0.1333 1.2000
v -30.9333 0.1556 1.2000
v -30.9333 0.1778 1.2000
v -30.9333 0.2000 1.2000
v -30.6667 0.0000 1.2000
v -30.6667 0.0222 1.2000
v -30.6667 0.0444 1.2000
v -30.6667 0.0667 1.2000
v -30.6667 0.0889 1.2000
v -30.6667 0.1111 1.2000
v -30.6667 0.1333 1.2000
v -30.6667 0.1556 1.2000
v -30.6667 0.1778 1.2000
v -30.6667 0.2000 1.2000
v -30.4000 0.0000 1.2000
v -30.4000 0.0222 1.2000
v -30.4000 0.0444 1.2000
v -30.4000 0.0667 1.2000
v -30.4000 0.0889 1.2000
v -30.4000 0.1111 1.2000
v -30.4000 0.1333 1.2000
v -30.4000 0.1556 1.2000
v -30.4000 0.1778 1.2000
v -30.4000 0.2000 1.2000
v -30.1333 0.0000 1.2000
v -30.1333 0.0222 1.2000
v -30.1333 0.0444 1.2000
v -30.1333 0.0667 1.2000
v -30.1333 0.0889 1.2000
v -30.1333 0.1111 1.2000
v -30.1333 0.1333 1.2000
v -30.1333 0.1556 1.2000
v -30.1333 0.1778 1.2000
v -30.1333 0.2000 1.2000
v -29.8667 0.0000 1.2000
v -29.8667 0.0222 1.2000
v -29.8667 0.0444 1.2000
v -29.8667 0.0667 1.2000
v -29.8667 0.0889 1.2000
v -29.8667 0.1111 1.2000
v -29.8667 0.1333 1.2000
v -29.8667 0.1556 1.2000
v -29.8667 0.1778 1.2000
v -29.8667 0.2000 1.2000
v -29.6000 0.0000 1.2000
v -29.6000 0.0222 1.2000
v -29.6000 0.0444 1.2000
v -29.6000 0.0667 1.2000
v -29.6000 0.0889 1.2000
v -29.6000 0.1111 1.2000
v -29.6000 0.1333 1.2000
v -29.6000 0.1556 1.2000
v -29.6000 0.1778 1.2000
v -29.6000 0.2000 1.2000
v -29.3333 0.0000 1.2000
v -29.3333 0.0222 1.2000
v -29.3333 0.0444 1.2000
v -29.3333 0.0667 1.2000
v -29.3333 0.0889 1.2000
v -29.3333 0.1111 1.2000
v -29.3333 0.1333 1.2000
v -29.3333 0.1556 1.2000
v -29.3333 0.1778 1.2000
v -29.3333 0.2000 1.2000
v -29.0667 0.0000 1.2000
v -29.0667 0.0222 1.2000
v -29.0667 0.0444 1.2000
v -29.0667 0.0667 1.2000
v -29.0667 0.0889 1.2000
v -29.0667 0.1111 1.2000
v -29.0667 0.1333 1.2000
v -29.0667 0.1556 1.2000
v -29.0667 0.1778 1.2000
v -29.0667 0.2000 1.2000
v -28.8000 0.0000 1.2000
v -28.8000 0.0222 1.2000
v -28.8000 0.0444 1.2000
v -28.8000 0.0667 1.2000
v -28.8000 0.0889 1.2000
v -28.8000 0.1111 1.2000
v -28.8000 0.1333 1.2000
v -28.8000 0.1556 1.2000
v -28.8000 0.1778 1.2000
v -28.8000 0.2000 1.2000
v -28.8000 0.0000 -1.2000
v -28.8000 0.0222 -1.2000
v -28.8000 0.0444 -1.2000
v -28.8000 0.0667 -1.2000
v -28.8000 0.0889 -1.2000
v -28.8000 0.1111 -1.2000
v -28.8000 0.1333 -1.2000
v -28.8000 0.1556 -1.2000
v -28.8000 0.1778 -1.2000
v -28.8000 0.2000 -1.2000
v -29.0667 0.0000 -1.2000
v -29.0667 0.0222 -1.2000
v -29.0667 0.0444 -1.2000
v -29.0667 0.0667 -1.2000
v -29.0667 0.0889 -1.2000
v -29.0667 0.1111 -1.2000
v -29.0667 0.1333 -1.2000
v -29.0667 0.1556 -1.2000
v -29.0667 0.1778 -1.2000
v -29.0667 0.2000 -1.2000
v -29.3333 0.0000 -1.2000
v -29.3333 0.0222 -1.2000
v -29.3333 0.0444 -1.2000
v -29.3333 0.0667 -1.2000
v -29.3333 0.0889 -1.2000
v -29.3333 0.1111 -1.2000
v -29.3333 0.1333 -1.2000
v -29.3333 0.1556 -1.2000
v -29.3333 0.1778 -1.2000
v -29.3333 0.2000 -1.2000
v -29.6000 0.0000 -1.2000
v -29.6000 0.0222 -1.2000
v -29.6000 0.0444 -1.2000
v -29.6000 0.0667 -1.2000
v -29.6000 0.0889 -1.2000
v -29.6000 0.1111 -1.2000
v -29.6000 0.1333 -1.2000
v -29.6000 0.1556 -1.2000
v -29.6000 0.1778 -1.2000
v -29.6000 0.2000 -1.2000
v -29.8667 0.0000 -1.2000
v -29.8667 0.0222 -1.2000
v -29.8667 0.0444 -1.2000
v -29.8667 0.0667 -1.2000
v -29.8667 0.0889 -1.2000
v -29.8667 0.1111 -1.2000
v -29.8667 0.1333 -1.2000
v -29.8667 0.1556 -1.2000
v -29.8667 0.1778 -1.2000
v -29.8667 0.2000 -1.2000
v -30.1333 0.0000 -1.2000
v -30.1333 0.0222 -1.2000
v -30.1333 0.0444 -1.2000
v -30.1333 0.0667 -1.2000
v -30.1333 0.0889 -1.2000
v -30.1333 0.1111 -1.2000
v -30.1333 0.1333 -1.2000
v -30.1333 0.1556 -1.2000
v -30.1333 0.1778 -1.2000
v -30.1333 0.2000 -1.2000
v -30.4000 0.0000 -1.2000
v -30.4000 0.0222 -1.2000
v -30.4000 0.0444 -1.2000
v -30.4000 0.0667 -1.2000
v -30.4000 0.0889 -1.2000
v -30.4000 0.1111 -1.2000
v -30.4000 0.1333 -1.2000
v -30.4000 0.1556 -1.2000
v -30.4000 0.1778 -1.2000
v -30.4000 0.2000 -1.2000
v -30.6667 0.0000 -1.2000
v -30.6667 0.0222 -1.2000
v -30.6667 0.0444 -1.2000
v -30.6667 0.0667 -1.2000
v -30.6667 0.0889 -1.2000
v -30.6667 0.1111 -1.2000
v -30.6667 0.1333 -1.2000
v -30.6667 0.1556 -1.2000
v -30.6667 0.1778 -1.2000
v -30.6667 0.2000 -1.2000
v -30.9333 0.0000 -1.2000
v -30.9333 0.0222 -1.2000
v -30.9333 0.0444 -1.2000
v -30.9333 0.0667 -1.2000
v -30.9333 0.0889 -1.2000
v -30.9333 0.1111 -1.2000
v -30.9333 0.1333 -1.2000
v -30.9333 0.1556 -1.2000
v -30.9333 0.1778 -1.2000
v -30.9333 0.2000 -1.2000
v -31.2000 0.0000 -1.2000
v -31.2000 0.0222 -1.2000
v -31.2000 0.0444 -1.2000
v -31.2000 0.0667 -1.2000
v -31.2000 0.0889 -1.2000
v -31.2000 0.1111 -1.2000
v -31.2000 0.1333 -1.2000
v -31.2000 0.1556 -1.2000
v -31.2000 0.1778 -1.2000
v -31.2000 0.2000 -1.2000
v -31.2000 0.0000 -1.2000
v -31.2000 0.0222 -1.2000
v -31.2000 0.0444 -1.2000
v -31.2000 0.0667 -1.2000
v -31.2000 0.0889 -1.2000
v -31.2000 0.1111 -1.2000
v -31.2000 0.1333 -1.2000
v -31.2000 0.1556 -1.2000
v -31.2000 0.1778 -1.2000
v -31.2000 0.2000 -1.2000
v -31.2000 0.0000 -0.9333
v -31.2000 0.0222 -0.9333
v -31.2000 0.0444 -0.9333
v -31.2000 0.0667 -0.9333
v -31.2000 0.0889 -0.9333
v -31.2000 0.1111 -0.9333
v -31.2000 0.1333 -0.9333
v -31.2000 0.1556 -0.9333
v -31.2000 0.1778 -0.9333
v -31.2000 0.2000 -0.9333
v -31.2000 0.0000 -0.6667
v -31.2000 0.0222 -0.6667
v -31.2000 0.0444 -0.6667
v -31.2000 0.0667 -0.6667
v -31.2000 0.0889 -0.6667
v -31.2000 0.1111 -0.6667
v -31.2000 0.1333 -0.6667
v -31.2000 0.1556 -0.6667
v -31.2000 0.1778 -0.6667
v -31.2000 0.2000 -0.6667
v -31.2000 0.0000 -0.4000
v -31.2000 0.0222 -0.4000
v -31.2000 0.0444 -0.4000
v -31.2000 0.0667 -0.4000
v -31.2000 0.0889 -0.4000
v -31.2000 0.1111 -0.4000
v -31.2000 0.1333 -0.4000
v -31.2000 0.1556 -0.4000
v -31.2000 0.1778 -0.4000
v -31.2000 0.2000 -0.4000
v -31.2000 0.0000 -0.1333
v -31.2000 0.0222 -0.1333
v -31.2000 0.0444 -0.1333
v -31.2000 0.0667 -0.1333
v -31.2000 0.0889 -0.1333
v -31.2000 0.1111 -0.1333
v -31.2000 0.1333 -0.1333
v -31.2000 0.1556 -0.1333
v -31.2000 0.1778 -0.1333
v -31.2000 0.2000 -0.1333
v -31.2000 0.0000 0.1333
v -31.2000 0.0222 0.1333
v -31.2000 0.0444 0.1333
v -31.2000 0.0667 0.1333
v -31.2000 0.0889 0.1333
v -31.2000 0.1111 0.1333
v -31.2000 0.1333 0.1333
v -31.2000 0.1556 0.1333
v -31.2000 0.1778 0.1333
v -31.2000 0.2000 0.1333
v -31.2000 0.0000 0.4000
v -31.2000 0.0222 0.4000
v -31.2000 0.0444 0.4000
v -31.2000 0.0667 0.4000
v -31.2000 0.0889 0.4000
v -31.2000 0.1111 0.4000
v -31.2000 0.1333 0.4000
v -31.2000 0.1556 0.4000
v -31.2000 0.1778 0.4000
v -31.2000 0.2000 0.4000
v -31.2000 0.0000 0.6667
v -31.2000 0.0222 0.6667
v -31.2000 0.0444 0.6667
v -31.2000 0.0667 0.6667
v -31.2000 0.0889 0.6667
v -31.2000 0.1111 0.6667
v -31.2000 0.1333 0.6667
v -31.2000 0.1556 0.6667
v -31.2000 0.1778 0.6667
v -31.2000 0.2000 0.6667
v -31.2000 0.0000 0.9333
v -31.2000 0.0222 0.9333
v -31.2000 0.0444 0.9333
v -31.2000 0.0667 0.9333
v -31.2000 0.0889 0.9333
v -31.2000 0.1111 0.9333
v -31.2000 0.1333 0.9333
v -31.2000 0.1556 0.9333
v -31.2000 0.1778 0.9333
v -31.2000 0.2000 0.9333
v -31.2000 0.0000 1.2000
v -31.2000 0.0222 1.2000
v -31.2000 0.0444 1.2000
v -31.2000 0.0667 1.2000
v -31.2000 0.0889 1.2000
v -31.2000 0.1111 1.2000
v -31.2000 0.1333 1.2000
v -31.2000 0.1556 1.2000
v -31.2000 0.1778 1.2000
v -31.2000 0.2000 1.2000
v -28.8000 0.0000 1.2000
v -28.8000 0.0222 1.2000
v -28.8000 0.0444 1.2000
v -28.8000 0.0667 1.2000
v -28.8000 0.0889 1.2000
v -28.8000 0.1111 1.2000
v -28.8000 0.1333 1.2000
v -28.8000 0.1556 1.2000
v -28.8000 0.1778 1.2000
v -28.8000 0.2000 1.2000
v -28.8000 0.0000 0.9333
v -28.8000 0.0222 0.9333
v -28.8000 0.0444 0.9333
v -28.8000 0.0667 0.9333
v -28.8000 0.0889 0.9333
v -28.8000 0.1111 0.9333
v -28.8000 0.1333 0.9333
v -28.8000 0.1556 0.9333
v -28.8000 0.1778 0.9333
v -28.8000 0.2000 0.9333
v -28.8000 0.0000 0.6667
v -28.8000 0.0222 0.6667
v -28.8000 0.0444 0.6667
v -28.8000 0.0667 0.6667
v -28.8000 0.0889 0.6667
v -28.8000 0.1111 0.6667
v -28.8000 0.1333 0.6667
v -28.8000 0.1556 0.6667
v -28.8000 0.1778 0.6667
v -28.8000 0.2000 0.6667
v -28.8000 0.0000 0.4000
v -28.8000 0.0222 0.4000
v -28.8000 0.0444 0.4000
v -28.8000 0.0667 0.4000
v -28.8000 0.0889 0.4000
v -28.8000 0.1111 0.4000
v -28.8000 0.1333 0.4000
v -28.8000 0.1556 0.4000
v -28.8000 0.1778 0.4000
v -28.8000 0.2000 0.4000
v -28.8000 0.0000 0.1333
v -28.8000 0.0222 0.1333
v -28.8000 0.0444 0.1333
v -28.8000 0.0667 0.1333
v -28.8000 0.0889 0.1333
v -28.8000 0.1111 0.1333
v -28.8000 0.1333 0.1333
v -28.8000 0.1556 0.1333
v -28.8000 0.1778 0.1333
v -28.8000 0.2000 0.1333
v -28.8000 0.0000 -0.1333
v -28.8000 0.0222 -0.1333
v -28.8000 0.0444 -0.1333
v -28.8000 0.0667 -0.1333
v -28.8000 0.0889 -0.1333
v -28.8000 0.1111 -0.1333
v -28.8000 0.1333 -0.1333
v -28.8000 0.1556 -0.1333
v -28.8000 0.1778 -0.1333
v -28.8000 0.2000 -0.1333
v -28.8000 0.0000 -0.4000
v -28.8000 0.0222 -0.4000
v -28.8000 0.0444 -0.4000
v -28.8000 0.0667 -0.4000
v -28.8000 0.0889 -0.4000
v -28.8000 0.1111 -0.4000
v -28.8000 0.1333 -0.4000
v -28.8000 0.1556 -0.4000
v -28.8000 0.1778 -0.4000
v -28.8000 0.2000 -0.4000
v -28.8000 0.0000 -0.6667
v -28.8000 0.0222 -0.6667
v -28.8000 0.0444 -0.6667
v -28.8000 0.0667 -0.6667
v -28.8000 0.0889 -0.6667
v -28.8000 0.1111 -0.6667
v -28.8000 0.1333 -0.6667
v -28.8000 0.1556 -0.6667
v -28.8000 0.1778 -0.6667
v -28.8000 0.2000 -0.6667
v -28.8000 0.0000 -0.9333
v -28.8000 0.0222 -0.9333
v -28.8000 0.0444 -0.9333
v -28.8000 0.0667 -0.9333
v -28.8000 0.0889 -0.9333
v -28.8000 0.1111 -0.9333
v -28.8000 0.1333 -0.9333
v -28.8000 0.1556 -0.9333
v -28.8000 0.1778 -0.9333
v -28.8000 0.2000 -0.9333
v -28.8000 0.0000 -1.2000
v -28.8000 0.0222 -1.2000
v -28.8000 0.0444 -1.2000
v -28.8000 0.0667 -1.2000
v -28.8000 0.0889 -1.2000
v -28.8000 0.1111 -1.2000
v -28.8000 0.1333 -1.2000
v -28.8000 0.1556 -1.2000
v -28.8000 0.1778 -1.2000
v -28.8000 0.2000 -1.2000
v -31.2000 0.2000 -1.2000
v -31.2000 0.2000 -0.9333
v -31.2000 0.2000 -0.6667
v -31.2000 0.2000 -0.4000
v -31.2000 0.2000 -0.1333
v -31.2000 0.2000 0.1333
v -31.2000 0.2000 0.4000
v -31.2000 0.2000 0.6667
v -31.2000 0.2000 0.9333
v -31.2000 0.2000 1.2000
v -30.9333 0.2000 -1.2000
v -30.9333 0.2000 -0.9333
v -30.9333 0.2000 -0.6667
v -30.9333 0.2000 -0.4000
v -30.9333 0.2000 -0.1333
v -30.9333 0.2000 0.1333
v -30.9333 0.2000 0.4000
v -30.9333 0.2000 0.6667
v -30.9333 0.2000 0.9333
v -30.9333 0.2000 1.2000
v -30.6667 0.2000 -1.2000
v -30.6667 0.2000 -0.9333
v -30.6667 0.2000 -0.6667
v -30.6667 0.2000 -0.4000
v -30.6667 0.2000 -0.1333
v -30.6667 0.2000 0.1333
v -30.6667 0.2000 0.4000
v -30.6667 0.2000 0.6667
v -30.6667 0.2000 0.9333
v -30.6667 0.2000 1.2000
v -30.4000 0.2000 -1.2000
v -30.4000 0.2000 -0.9333
v -30.4000 0.2000 -0.6667
v -30.4000 0.2000 -0.4000
v -30.4000 0.2000 -0.1333
v -30.4000 0.2000 0.1333
v -30.4000 0.2000 0.4000
v -30.4000 0.2000 0.6667
v -30.4000 0.2000 0.9333
v -30.4000 0.2000 1.2000
v -30.1333 0.2000 -1.2000
v -30.1333 0.2000 -0.9333
v -30.1333 0.2000 -0.6667
v -30.1333 0.2000 -0.4000
v -30.1333 0.2000 -0.1333
v -30.1333 0.2000 0.1333
v -30.1333 0.2000 0.4000
v -30.1333 0.2000 0.6667
v -30.1333 0.2000 0.9333
v -30.1333 0.2000 1.2000
v -29.8667 0.2000 -1.2000
v -29.8667 0.2000 -0.9333
v -29.8667 0.2000 -0.6667
v -29.8667 0.2000 -0.4000
v -29.8667 0.2000 -0.1333
v -29.8667 0.2000 0.1333
v -29.8667 0.2000 0.4000
v -29.8667 0.2000 0.6667
v -29.8667 0.2000 0.9333
v -29.8667 0.2000 1.2000
v -29.6000 0.2000 -1.2000
v -29.6000 0.2000 -0.9333
v -29.6000 0.2000 -0.6667
v -29.6000 0.2000 -0.4000
v -29.6000 0.2000 -0.1333
v -29.6000 0.2000 0.1333
v -29.6000 0.2000 0.4000
v -29.6000 0.2000 0.6667
v -29.6000 0.2000 0.9333
v -29.6000 0.2000 1.2000
v -29.3333 0.2000 -1.2000
v -29.3333 0.2000 -0.9333
v -29.3333 0.2000 -0.6667
v -29.3333 0.2000 -0.4000
v -29.3333 0.2000 -0.1333
v -29.3333 0.2000 0.1333
v -29.3333 0.2000 0.4000
v -29.3333 0.2000 0.6667
v -29.3333 0.2000 0.9333
v -29.3333 0.2000 1.2000
v -29.0667 0.2000 -1.2000
v -29.0667 0.2000 -0.9333
v -29.0667 0.2000 -0.6667
v -29.0667 0.2000 -0.4000
v -29.0667 0.2000 -0.1333
v -29.0667 0.2000 0.1333
v -29.0667 0.2000 0.4000
v -29.0667 0.2000 0.6667
v -29.0667 0.2000 0.9333
v -29.0667 0.2000 1.2000
v -28.8000 0.2000 -1.2000
v -28.8000 0.2000 -0.9333
v -28.8000 0.2000 -0.6667
v -28.8000 0.2000 -0.4000
v -28.8000 0.2000 -0.1333
v -28.8000 0.2000 0.1333
v -28.8000 0.2000 0.4000
v -28.8000 0.2000 0.6667
v -28.8000 0.2000 0.9333
v -28.8000 0.2000 1.2000
v -31.2000 0.0000 1.2000
v -31.2000 0.0000 0.9333
v -31.2000 0.0000 0.6667
v -31.2000 0.0000 0.4000
v -31.2000 0.0000 0.1333
v -31.2000 0.0000 -0.1333
v -31.2000 0.0000 -0.4000
v -31.2000 0.0000 -0.6667
v -31.2000 0.0000 -0.9333
v -31.2000 0.0000 -1.2000
v -30.9333 0.0000 1.2000
v -30.9333 0.0000 0.9333
v -30.9333 0.0000 0.6667
v -30.9333 0.0000 0.4000
v -30.9333 0.0000 0.1333
v -30.9333 0.0000 -0.1333
v -30.9333 0.0000 -0.4000
v -30.9333 0.0000 -0.6667
v -30.9333 0.0000 -0.9333
v -30.9333 0.0000 -1.2000
v -30.6667 0.0000 1.2000
v -30.6667 0.0000 0.9333
v -30.6667 0.0000 0.6667
v -30.6667 0.0000 0.4000
v -30.6667 0.0000 0.1333
v -30.6667 0.0000 -0.1333
v -30.6667 0.0000 -0.4000
v -30.6667 0.0000 -0.6667
v -30.6667 0.0000 -0.9333
v -30.6667 0.0000 -1.2000
v -30.4000 0.0000 1.2000
v -30.4000 0.0000 0.9333
v -30.4000 0.0000 0.6667
v -30.4000 0.0000 0.4000
v -30.4000 0.0000 0.1333
v -30.4000 0.0000 -0.1333
v -30.4000 0.0000 -0.4000
v -30.4000 0.0000 -0.6667
v -30.4000 0.0000 -0.9333
v -30.4000 0.0000 -1.2000
v -30.1333 0.0000 1.2000
v -30.1333 0.0000 0.9333
v -30.1333 0.0000 0.6667
v -30.1333 0.0000 0.4000
v -30.1333 0.0000 0.1333
v -30.1333 0.0000 -0.1333
v -30.1333 0.0000 -0.4000
v -30.1333 0.0000 -0.6667
v -30.1333 0.0000 -0.9333
v -30.1333 0.0000 -1.2000
v -29.8667 0.0000 1.2000
v -29.8667 0.0000 0.9333
v -29.8667 0.0000 0.6667
v -29.8667 0.0000 0.4000
v -29.8667 0.0000 0.1333
v -29.8667 0.0000 -0.1333
v -29.8667 0.0000 -0.4000
v -29.8667 0.0000 -0.6667
v -29.8667 0.0000 -0.9333
v -29.8667 0.0000 -1.2000
v -29.6000 0.0000 1.2000
v -29.6000 0.0000 0.9333
v -29.6000 0.0000 0.6667
v -29.6000 0.0000 0.4000
v -29.6000 0.0000 0.1333
v -29.6000 0.0000 -0.1333
v -29.6000 0.0000 -0.4000
v -29.6000 0.0000 -0.6667
v -29.6000 0.0000 -0.9333
v -29.6000 0.0000 -1.2000
v -29.3333 0.0000 1.2000
v -29.3333 0.0000 0.9333
v -29.3333 0.0000 0.6667
v -29.3333 0.0000 0.4000
v -29.3333 0.0000 0.1333
v -29.3333 0.0000 -0.1333
v -29.3333 0.0000 -0.4000
v -29.3333 0.0000 -0.6667
v -29.3333 0.0000 -0.9333
v -29.3333 0.0000 -1.2000
v -29.0667 0.0000 1.2000
v -29.0667 0.0000 0.9333
v -29.0667 0.0000 0.6667
v -29.0667 0.0000 0.4000
v -29.0667 0.0000 0.1333
v -29.0667 0.0000 -0.1333
v -29.0667 0.0000 -0.4000
v -29.0667 0.0000 -0.6667
v -29.0667 0.0000 -0.9333
v -29.0667 0.0000 -1.2000
v -28.8000 0.0000 1.2000
v -28.8000 0.0000 0.9333
v -28.8000 0.0000 0.6667
v -28.8000 0.0000 0.4000
v -28.8000 0.0000 0.1333
v -28.8000 0.0000 -0.1333
v -28.8000 0.0000 -0.4000
v -28.8000 0.0000 -0.6667
v -28.8000 0.0000 -0.9333
v -28.8000 0.0000 -1.2000
f 1 2 12
f 1 12 11
f 2 3 13
f 2 13 12
f 3 4 14
f 3 14 13
f 4 5 15
f 4 15 14
f 5 6 16
f 5 16 15
f 6 7 17
f 6 17 16
f 7 8 18
f 7 18 17
f 8 9 19
f 8 19 18
f 9 10 20
f 9 20 19
f 11 12 22
f 11 22 21
f 12 13 23
f 12 23 22
f 13 14 24
f 13 24 23
f 14 15 25
f 14 25 24
f 15 16 26
f 15 26 25
f 16 17 27
f 16 27 26
f 17 18 28
f 17 28 27
f 18 19 29
f 18 29 28
f 19 20 30
f 19 30 29
f 21 22 32
f 21 32 31
f 22 23 33
f 22 33 32
f 23 24 34
f 23 34 33
f 24 25 35
f 24 35 34
f 25 26 36
f 25 36 35
f 26 27 37
f 26 37 36
f 27 28 38
f 27 38 37
f 28 29 39
f 28 39 38
f 29 30 40
f 29 40 39
f 31 32 42
f 31 42 41
f 32 33 43
f 32 43 42
f 33 34 44
f 33 44 43
f 34 35 45
f 34 45 44
f 35 36 46
f 35 46 45
f 36 37 47
f 36 47 46
f 37 38 48
f 37 48 47
f 38 39 49
f 38 49 48
f 39 40 50
f 39 50 49
f 41 42 52
f 41 52 51
f 42 43 53
f 42 53 52
f 43 44 54
f 43 54 53
f 44 45 55
f 44 55 54
f 45 46 56
f 45 56 55
f 46 47 57
f 46 57 56
f 47 48 58
f 47 58 57
f 48 49 59
f 48 59 58
f 49 50 60
f 49 60 59
f 51 52 62
f 51 62 61
f 52 53 63
f 52 63 62
f 53 54 64
f 53 64 63
f 54 55 65
f 54 65 64
f 55 56 66
f 55 66 65
f 56 57 67
f 56 67 66
f 57 58 68
f 57 68 67
f 58 59 69
f 58 69 68
f 59 60 70
f 59 70 69
f 61 62 72
f 61 72 71
f 62 63 73
f 62 73 72
f 63 64 74
f 63 74 73
f 64 65 75
f 64 75 74
f 65 66 76
f 65 76 75
f 66 67 77
f 66 77 76
f 67 68 78
f 67 78 77
f 68 69 79
f 68 79 78
f 69 70 80
f 69 80 79
f 71 72 82
f 71 82 81
f 72 73 83
f 72 83 82
f 73 74 84
f 73 84 83
f 74 75 85
f 74 85 84
f 75 76 86
f 75 86 85
f 76 77 87
f 76 87 86
f 77 78 88
f 77 88 87
f 78 79 89
f 78 89 88
f 79 80 90
f 79 90 89
f 81 82 92
f 81 92 91
f 82 83 93
f 82 93 92
f 83 84 94
f 83 94 93
f 84 85 95
f 84 95 94
f 85 86 96
f 85 96 95
f 86 87 97
f 86 97 96
f 87 88 98
f 87 98 97
f 88 89 99
f 88 99 98
f 89 90 100
f 89 100 99
f 101 102 112
f 101 112 111
f 102 103 113
f 102 113 112
f 103 104 114
f 103 114 113
f 104 105 115
f 104 115 114
f 105 106 116
f 105 116 115
f 106 107 117
f 106 117 116
f 107 108 118
f 107 118 117
f 108 109 119
f 108 119 118
f 109 110 120
f 109 120 119
f 111 112 122
f 111 122 121
f 112 113 123
f 112 123 122
f 113 114 124
f 113 124 123
f 114 115 125
f 114 125 124
f 115 116 126
f 115 126 125
f 116 117 127
f 116 127 126
f 117 118 128
f 117 128 127
f 118 119 129
f 118 129 128
f 119 120 130
f 119 130 129
f 121 122 132
f 121 132 131
f 122 123 133
f 122 133 132
f 123 124 134
f 123 134 133
f 124 125 135
f 124 135 134
f 125 126 136
f 125 136 135
f 126 127 137
f 126 137 136
f 127 128 138
f 127 138 137
f 128 129 139
f 128 139 138
f 129 130 140
f 129 140 139
f 131 132 142
f 131 142 141
f 132 133 143
f 132 143 142
f 133 134 144
f 133 144 143
f 134 135 145
f 134 145 144
f 135 136 146
f 135 146 145
f 136 137 147
f 136 147 146
f 137 138 148
f 137 148 147
f 138 139 149
f 138 149 148
f 139 140 150
f 139 150 149
f 141 142 152
f 141 152 151
f 142 143 153
f 142 153 152
f 143 144 154
f 143 154 153
f 144 145 155
f 144 155 154
f 145 146 156
f 145 156 155
f 146 147 157
f 146 157 156
f 147 148 158
f 147 158 157
f 148 149 159
f 148 159 158
f 149 150 160
f 149 160 159
f 151 152 162
f 151 162 161
f 152 153 163
f 152 163 162
f 153 154 164
f 153 164 163
f 154 155 165
f 154 165 164
f 155 156 166
f 155 166 165
f 156 157 167
f 156 167 166
f 157 158 168
f 157 168 167
f 158 159 169
f 158 169 168
f 159 160 170
f 159 170 169
f 161 162 172
f 161 172 171
f 162 163 173
f 162 173 172
f 163 164 174
f 163 174 173
f 164 165 175
f 164 175 174
f 165 166 176
f 165 176 175
f 166 167 177
f 166 177 176
f 167 168 178
f 167 178 177
f 168 169 179
f 168 179 178
f 169 170 180
f 169 180 179
f 171 172 182
f 171 182 181
f 172 173 183
f 172 183 182
f 173 174 184
f 173 184 183
f 174 175 185
f 174 185 184
f 175 176 186
f 175 186 185
f 176 177 187
f 176 187 186
f 177 178 188
f 177 188 187
f 178 179 189
f 178 189 188
f 179 180 190
f 179 190 189
f 181 182 192
f 181 192 191
f 182 183 193
f 182 193 192
f 183 184 194
f 183 194 193
f 184 185 195
f 184 195 194
f 185 186 196
f 185 196 195
f 186 187 197
f 186 197 196
f 187 188 198
f 187 198 197
f 188 189 199
f 188 199 198
f 189 190 200
f 189 200 199
f 201 202 212
f 201 212 211
f 202 203 213
f 202 213 212
f 203 204 214
f 203 214 213
f 204 205 215
f 204 215 214
f 205 206 216
f 205 216 215
f 206 207 217
f 206 217 216
f 207 208 218
f 207 218 217
f 208 209 219
f 208 219 218
f 209 210 220
f 209 220 219
f 211 212 222
f 211 222 221
f 212 213 223
f 212 223 222
f 213 214 224
f 213 224 223
f 214 215 225
f 214 225 224
f 215 216 226
f 215 226 225
f 216 217 227
f 216 227 226
f 217 218 228
f 217 228 227
f 218 219 229
f 218 229 228
f 219 220 230
f 219 230 229
f 221 222 232
f 221 232 231
f 222 223 233
f 222 233 232
f 223 224 234
f 223 234 233
f 224 225 235
f 224 235 234
f 225 226 236
f 225 236 235
f 226 227 237
f 226 237 236
f 227 228 238
f 227 238 237
f 228 229 239
f 228 239 238
f 229 230 240
f 229 240 239
f 231 232 242
f 231 242 241
f 232 233 243
f 232 243 242
f 233 234 244
f 233 244 243
f 234 235 245
f 234 245 244
f 235 236 246
f 235 246 245
f 236 237 247
f 236 247 246
f 237 238 248
f 237 248 247
f 238 239 249
f 238 249 248
f 239 240 250
f 239 250 249
f 241 242 252
f 241 252 251
f 242 243 253
f 242 253 252
f 243 244 254
f 243 254 253
f 244 245 255
f 244 255 254
f 245 246 256
f 245 256 255
f 246 247 257
f 246 257 256
f 247 248 258
f 247 258 257
f 248 249 259
f 248 259 258
f 249 250 260
f 249 260 259
f 251 252 262
f 251 262 261
f 252 253 263
f 252 263 262
f 253 254 264
f 253 264 263
f 254 255 265
f 254 265 264
f 255 256 266
f 255 266 265
f 256 257 267
f 256 267 266
f 257 258 268
f 257 268 267
f 258 259 269
f 258 269 268
f 259 260 270
f 259 270 269
f 261 262 272
f 261 272 271
f 262 263 273
f 262 273 272
f 263 264 274
f 263 274 273
f 264 265 275
f 264 275 274
f 265 266 276
f 265 276 275
f 266 267 277
f 266 277 276
f 267 268 278
f 267 278 277
f 268 269 279
f 268 279 278
f 269 270 280
f 269 280 279
f 271 272 282
f 271 282 281
f 272 273 283
f 272 283 282
f 273 274 284
f 273 284 283
f 274 275 285
f 274 285 284
f 275 276 286
f 275 286 285
f 276 277 287
f 276 287 286
f 277 278 288
f 277 288 287
f 278 279 289
f 278 289 288
f 279 280 290
f 279 290 289
f 281 282 292
f 281 292 291
f 282 283 293
f 282 293 292
f 283 284 294
f 283 294 293
f 284 285 295
f 284 295 294
f 285 286 296
f 285 296 295
f 286 287 297
f 286 297 296
f 287 288 298
f 287 298 297
f 288 289 299
f 288 299 298
f 289 290 300
f 289 300 299
f 301 302 312
f 301 312 311
f 302 303 313
f 302 313 312
f 303 304 314
f 303 314 313
f 304 305 315
f 304 315 314
f 305 306 316
f 305 316 315
f 306 307 317
f 306 317 316
f 307 308 318
f 307 318 317
f 308 309 319
f 308 319 318
f 309 310 320
f 309 320 319
f 311 312 322
f 311 322 321
f 312 313 323
f 312 323 322
f 313 314 324
f 313 324 323
f 314 315 325
f 314 325 324
f 315 316 326
f 315 326 325
f 316 317 327
f 316 327 326
f 317 318 328
f 317 328 327
f 318 319 329
f 318 329 328
f 319 320 330
f 319 330 329
f 321 322 332
f 321 332 331
f 322 323 333
f 322 333 332
f 323 324 334
f 323 334 333
f 324 325 335
f 324 335 334
f 325 326 336
f 325 336 335
f 326 327 337
f 326 337 336
f 327 328 338
f 327 338 337
f 328 329 339
f 328 339 338
f 329 330 340
f 329 340 339
f 331 332 342
f 331 342 341
f 332 333 343
f 332 343 342
f 333 334 344
f 333 344 343
f 334 335 345
f 334 345 344
f 335 336 346
f 335 346 345
f 336 337 347
f 336 347 346
f 337 338 348
f 337 348 347
f 338 339 349
f 338 349 348
f 339 340 350
f 339 350 349
f 341 342 352
f 341 352 351
f 342 343 353
f 342 353 352
f 343 344 354
f 343 354 353
f 344 345 355
f 344 355 354
f 345 346 356
f 345 356 355
f 346 347 357
f 346 357 356
f 347 348 358
f 347 358 357
f 348 349 359
f 348 359 358
f 349 350 360
f 349 360 359
f 351 352 362
f 351 362 361
f 352 353 363
f 352 363 362
f 353 354 364
f 353 364 363
f 354 355 365
f 354 365 364
f 355 356 366
f 355 366 365
f 356 357 367
f 356 367 366
f 357 358 368
f 357 368 367
f 358 359 369
f 358 369 368
f 359 360 370
f 359 370 369
f 361 362 372
f 361 372 371
f 362 363 373
f 362 373 372
f 363 364 374
f 363 374 373
f 364 365 375
f 364 375 374
f 365 366 376
f 365 376 375
f 366 367 377
f 366 377 376
f 367 368 378
f 367 378 377
f 368 369 379
f 368 379 378
f 369 370 380
f 369 380 379
f 371 372 382
f 371 382 381
f 372 373 383
f 372 383 382
f 373 374 384
f 373 384 383
f 374 375 385
f 374 385 384
f 375 376 386
f 375 386 385
f 376 377 387
f 376 387 386
f 377 378 388
f 377 388 387
f 378 379 389
f 378 389 388
f 379 380 390
f 379 390 389
f 381 382 392
f 381 392 391
f 382 383 393
f 382 393 392
f 383 384 394
f 383 394 393
f 384 385 395
f 384 395 394
f 385 386 396
f 385 396 395
f 386 387 397
f 386 397 396
f 387 388 398
f 387 398 397
f 388 389 399
f 388 399 398
f 389 390 400
f 389 400 399
f 401 402 412
f 401 412 411
f 402 403 413
f 402 413 412
f 403 404 414
f 403 414 413
f 404 405 415
f 404 415 414
f 405 406 416
f 405 416 415
f 406 407 417
f 406 417 416
f 407 408 418
f 407 418 417
f 408 409 419
f 408 419 418
f 409 410 420
f 409 420 419
f 411 412 422
f 411 422 421
f 412 413 423
f 412 423 422
f 413 414 424
f 413 424 423
f 414 415 425
f 414 425 424
f 415 416 426
f 415 426 425
f 416 417 427
f 416 427 426
f 417 418 428
f 417 428 427
f 418 419 429
f 418 429 428
f 419 420 430
f 419 430 429
f 421 422 432
f 421 432 431
f 422 423 433
f 422 433 432
f 423 424 434
f 423 434 433
f 424 425 435
f 424 435 434
f 425 426 436
f 425 436 435
f 426 427 437
f 426 437 436
f 427 428 438
f 427 438 437
f 428 429 439
f 428 439 438
f 429 430 440
f 429 440 439
f 431 432 442
f 431 442 441
f 432 433 443
f 432 443 442
f 433 434 444
f 433 444 443
f 434 435 445
f 434 445 444
f 435 436 446
f 435 446 445
f 436 437 447
f 436 447 446
f 437 438 448
f 437 448 447
f 438 439 449
f 438 449 448
f 439 440 450
f 439 450 449
f 441 442 452
f 441 452 451
f 442 443 453
f 442 453 452
f 443 444 454
f 443 454 453
f 444 445 455
f 444 455 454
f 445 446 456
f 445 456 455
f 446 447 457
f 446 457 456
f 447 448 458
f 447 458 457
f 448 449 459
f 448 459 458
f 449 450 460
f 449 460 459
f 451 452 462
f 451 462 461
f 452 453 463
f 452 463 462
f 453 454 464
f 453 464 463
f 454 455 465
f 454 465 464
f 455 456 466
f 455 466 465
f 456 457 467
f 456 467 466
f 457 458 468
f 457 468 467
f 458 459 469
f 458 469 468
f 459 460 470
f 459 470 469
f 461 462 472
f 461 472 471
f 462 463 473
f 462 473 472
f 463 464 474
f 463 474 473
f 464 465 475
f 464 475 474
f 465 466 476
f 465 476 475
f 466 467 477
f 466 477 476
f 467 468 478
f 467 478 477
f 468 469 479
f 468 479 478
f 469 470 480
f 469 480 479
f 471 472 482
f 471 482 481
f 472 473 483
f 472 483 482
f 473 474 484
f 473 484 483
f 474 475 485
f 474 485 484
f 475 476 486
f 475 486 485
f 476 477 487
f 476 487 486
f 477 478 488
f 477 488 487
f 478 479 489
f 478 489 488
f 479 480 490
f 479 490 489
f 481 482 492
f 481 492 491
f 482 483 493
f 482 493 492
f 483 484 494
f 483 494 493
f 484 485 495
f 484 495 494
f 485 486 496
f 485 496 495
f 486 487 497
f 486 497 496
f 487 488 498
f 487 498 497
f 488 489 499
f 488 499 498
f 489 490 500
f 489 500 499
f 501 502 512
f 501 512 511
f 502 503 513
f 502 513 512
f 503 504 514
f 503 514 513
f 504 505 515
f 504 515 514
f 505 506 516
f 505 516 515
f 506 507 517
f 506 517 516
f 507 508 518
f 507 518 517
f 508 509 519
f 508 519 518
f 509 510 520
f 509 520 519
f 511 512 522
f 511 522 521
f 512 513 523
f 512 523 522
f 513 514 524
f 513 524 523
f 514 515 525
f 514 525 524
f 515 516 526
f 515 526 525
f 516 517 527
f 516 527 526
f 517 518 528
f 517 528 527
f 518 519 529
f 518 529 528
f 519 520 530
f 519 530 529
f 521 522 532
f 521 532 531
f 522 523 533
f 522 533 532
f 523 524 534
f 523 534 533
f 524 525 535
f 524 535 534
f 525 526 536
f 525 536 535
f 526 527 537
f 526 537 536
f 527 528 538
f 527 538 537
f 528 529 539
f 528 539 538
f 529 530 540
f 529 540 539
f 531 532 542
f 531 542 541
f 532 533 543
f 532 543 542
f 533 534 544
f 533 544 543
f 534 535 545
f 534 545 544
f 535 536 546
f 535 546 545
f 536 537 547
f 536 547 546
f 537 538 548
f 537 548 547
f 538 539 549
f 538 549 548
f 539 540 550
f 539 550 549
f 541 542 552
f 541 552 551
f 542 543 553
f 542 553 552
f 543 544 554
f 543 554 553
f 544 545 555
f 544 555 554
f 545 546 556
f 545 556 555
f 546 547 557
f 546 557 556
f 547 548 558
f 547 558 557
f 548 549 559
f 548 559 558
f 549 550 560
f 549 560 559
f 551 552 562
f 551 562 561
f 552 553 563
f 552 563 562
f 553 554 564
f 553 564 563
f 554 555 565
f 554 565 564
f 555 556 566
f 555 566 565
f 556 557 567
f 556 567 566
f 557 558 568
f 557 568 567
f 558 559 569
f 558 569 568
f 559 560 570
f 559 570 569
f 561 562 572
f 561 572 571
f 562 563 573
f 562 573 572
f 563 564 574
f 563 574 573
f 564 565 575
f 564 575 574
f 565 566 576
f 565 576 575
f 566 567 577
f 566 577 576
f 567 568 578
f 567 578 577
f 568 569 579
f 568 579 578
f 569 570 580
f 569 580 579
f 571 572 582
f 571 582 581
f 572 573 583
f 572 583 582
f 573 574 584
f 573 584 583
f 574 575 585
f 574 585 584
f 575 576 586
f 575 586 585
f 576 577 587
f 576 587 586
f 577 578 588
f 577 588 587
f 578 579 589
f 578 589 588
f 579 580 590
f 579 590 589
f 581 582 592
f 581 592 591
f 582 583 593
f 582 593 592
f 583 584 594
f 583 594 593
f 584 585 595
f 584 595 594
f 585 586 596
f 585 596 595
f 586 587 597
f 586 597 596
f 587 588 598
f 587 598 597
f 588 589 599
f 588 599 598
f 589 590 600
f 589 600 599
g 초소 바닥_1
v 28.8000 0.0000 1.2000
v 28.8000 0.0222 1.2000
v 28.8000 0.0444 1.2000
v 28.8000 0.0667 1.2000
v 28.8000 0.0889 1.2000
v 28.8000 0.1111 1.2000
v 28.8000 0.1333 1.2000
v 28.8000 0.1556 1.2000
v 28.8000 0.1778 1.2000
v 28.8000 0.2000 1.2000
v 29.0667 0.0000 1.2000
v 29.0667 0.0222 1.2000
v 29.0667 0.0444 1.2000
v 29.0667 0.0667 1.2000
v 29.0667 0.0889 1.2000
v 29.0667 0.1111 1.2000
v 29.0667 0.1333 1.2000
v 29.0667 0.1556 1.2000
v 29.0667 0.1778 1.2000
v 29.0667 0.2000 1.2000
v 29.3333 0.0000 1.2000
v 29.3333 0.0222 1.2000
v 29.3333 0.0444 1.2000
v 29.3333 0.0667 1.2000
v 29.3333 0.0889 1.2000
v 29.3333 0.1111 1.2000
v 29.3333 0.1333 1.2000
v 29.3333 0.1556 1.2000
v 29.3333 0.1778 1.2000
v 29.3333 0.2000 1.2000
v 29.6000 0.0000 1.2000
v 29.6000 0.0222 1.2000
v 29.6000 0.0444 1.2000
v 29.6000 0.0667 1.2000
v 29.6000 0.0889 1.2000
v 29.6000 0.1111 1.2000
v 29.6000 0.1333 1.2000
v 29.6000 0.1556 1.2000
v 29.6000 0.1778 1.2000
v 29.6000 0.2000 1.2000
v 29.8667 0.0000 1.2000
v 29.8667 0.0222 1.2000
v 29.8667 0.0444 1.2000
v 29.8667 0.0667 1.2000
v 29.8667 0.0889 1.2000
v 29.8667 0.1111 1.2000
v 29.8667 0.1333 1.2000
v 29.8667 0.1556 1.2000
v 29.8667 0.1778 1.2000
v 29.8667 0.2000 1.2000
v 30.1333 0.0000 1.2000
v 30.1333 0.0222 1.2000
v 30.1333 0.0444 1.2000
v 30.1333 0.0667 1.2000
v 30.1333 0.0889 1.2000
v 30.1333 0.1111 1.2000
v 30.1333 0.1333 1.2000
v 30.1333 0.1556 1.2000
v 30.1333 0.1778 1.2000
v 30.1333 0.2000 1.2000
v 30.4000 0.0000 1.2000
v 30.4000 0.0222 1.2000
v 30.4000 0.0444 1.2000
v 30.4000 0.0667 1.2000
v 30.4000 0.0889 1.2000
v 30.4000 0.1111 1.2000
v 30.4000 0.1333 1.2000
v 30.4000 0.1556 1.2000
v 30.4000 0.1778 1.2000
v 30.4000 0.2000 1.2000
v 30.6667 0.0000 1.2000
v 30.6667 0.0222 1.2000
v 30.6667 0.0444 1.2000
v 30.6667 0.0667 1.2000
v 30.6667 0.0889 1.2000
v 30.6667 0.1111 1.2000
v 30.6667 0.1333 1.2000
v 30.6667 0.1556 1.2000
v 30.6667 0.1778 1.2000
v 30.6667 0.2000 1.2000
v 30.9333 0.0000 1.2000
v 30.9333 0.0222 1.2000
v 30.9333 0.0444 1.2000
v 30.9333 0.0667 1.2000
v 30.9333 0.0889 1.2000
v 30.9333 0.1111 1.2000
v 30.9333 0.1333 1.2000
v 30.9333 0.1556 1.2000
v 30.9333 0.1778 1.2000
v 30.9333 0.2000 1.2000
v 31.2000 0.0000 1.2000
v 31.2000 0.0222 1.2000
v 31.2000 0.0444 1.2000
v 31.2000 0.0667 1.2000
v 31.2000 0.0889 1.2000
v 31.2000 0.1111 1.2000
v 31.2000 0.1333 1.2000
v 31.2000 0.1556 1.2000
v 31.2000 0.1778 1.2000
v 31.2000 0.2000 1.2000
v 31.2000 0.0000 -1.2000
v 31.2000 0.0222 -1.2000
v 31.2000 0.0444 -1.2000
v 31.2000 0.0667 -1.2000
v 31.2000 0.0889 -1.2000
v 31.2000 0.1111 -1.2000
v 31.2000 0.1333 -1.2000
v 31.2000 0.1556 -1.2000
v 31.2000 0.1778 -1.2000
v 31.2000 0.2000 -1.2000
v 30.9333 0.0000 -1.2000
v 30.9333 0.0222 -1.2000
v 30.9333 0.0444 -1.2000
v 30.9333 0.0667 -1.2000
v 30.9333 0.0889 -1.2000
v 30.9333 0.1111 -1.2000
v 30.9333 0.1333 -1.2000
v 30.9333 0.1556 -1.2000
v 30.9333 0.1778 -1.2000
v 30.9333 0.2000 -1.2000
v 30.6667 0.0000 -1.2000
v 30.6667 0.0222 -1.2000
v 30.6667 0.0444 -1.2000
v 30.6667 0.0667 -1.2000
v 30.6667 0.0889 -1.2000
v 30.6667 0.1111 -1.2000
v 30.6667 0.1333 -1.2000
v 30.6667 0.1556 -1.2000
v 30.6667 0.1778 -1.2000
v 30.6667 0.2000 -1.2000
v 30.4000 0.0000 -1.2000
v 30.4000 0.0222 -1.2000
v 30.4000 0.0444 -1.2000
v 30.4000 0.0667 -1.2000
v 30.4000 0.0889 -1.2000
v 30.4000 0.1111 -1.2000
v 30.4000 0.1333 -1.2000
v 30.4000 0.1556 -1.2000
v 30.4000 0.1778 -1.2000
v 30.4000 0.2000 -1.2000
v 30.1333 0.0000 -1.2000
v 30.1333 0.0222 -1.2000
v 30.1333 0.0444 -1.2000
v 30.1333 0.0667 -1.2000
v 30.1333 0.0889 -1.2000
v 30.1333 0.1111 -1.2000
v 30.1333 0.1333 -1.2000
v 30.1333 0.1556 -1.2000
v 30.1333 0.1778 -1.2000
v 30.1333 0.2000 -1.2000
v 29.8667 0.0000 -1.2000
v 29.8667 0.0222 -1.2000
v 29.8667 0.0444 -1.2000
v 29.8667 0.0667 -1.2000
v 29.8667 0.0889 -1.2000
v 29.8667 0.1111 -1.2000
v 29.8667 0.1333 -1.2000
v 29.8667 0.1556 -1.2000
v 29.8667 0.1778 -1.2000
v 29.8667 0.2000 -1.2000
v 29.6000 0.0000 -1.2000
v 29.6000 0.0222 -1.2000
v 29.6000 0.0444 -1.2000
v 29.6000 0.0667 -1.2000
v 29.6000 0.0889 -1.2000
v 29.6000 0.1111 -1.2000
v 29.6000 0.1333 -1.2000
v 29.6000 0.1556 -1.2000
v 29.6000 0.1778 -1.2000
v 29.6000 0.2000 -1.2000
v 29.3333 0.0000 -1.2000
v 29.3333 0.0222 -1.2000
v 29.3333 0.0444 -1.2000
v 29.3333 0.0667 -1.2000
v 29.3333 0.0889 -1.2000
v 29.3333 0.1111 -1.2000
v 29.3333 0.1333 -1.2000
v 29.3333 0.1556 -1.2000
v 29.3333 0.1778 -1.2000
v 29.3333 0.2000 -1.2000
v 29.0667 0.0000 -1.2000
v 29.0667 0.0222 -1.2000
v 29.0667 0.0444 -1.2000
v 29.0667 0.0667 -1.2000
v 29.0667 0.0889 -1.2000
v 29.0667 0.1111 -1.2000
v 29.0667 0.1333 -1.2000
v 29.0667 0.1556 -1.2000
v 29.0667 0.1778 -1.2000
v 29.0667 0.2000 -1.2000
v 28.8000 0.0000 -1.2000
v 28.8000 0.0222 -1.2000
v 28.8000 0.0444 -1.2000
v 28.8000 0.0667 -1.2000
v 28.8000 0.0889 -1.2000
v 28.8000 0.1111 -1.2000
v 28.8000 0.1333 -1.2000
v 28.8000 0.1556 -1.2000
v 28.8000 0.1778 -1.2000
v 28.8000 0.2000 -1.2000
v 28.8000 0.0000 -1.2000
v 28.8000 0.0222 -1.2000
v 28.8000 0.0444 -1.2000
v 28.8000 0.0667 -1.2000
v 28.8000 0.0889 -1.2000
v 28.8000 0.1111 -1.2000
v 28.8000 0.1333 -1.2000
v 28.8000 0.1556 -1.2000
v 28.8000 0.1778 -1.2000
v 28.8000 0.2000 -1.2000
v 28.8000 0.0000 -0.9333
v 28.8000 0.0222 -0.9333
v 28.8000 0.0444 -0.9333
v 28.8000 0.0667 -0.9333
v 28.8000 0.0889 -0.9333
v 28.8000 0.1111 -0.9333
v 28.8000 0.1333 -0.9333
v 28.8000 0.1556 -0.9333
v 28.8000 0.1778 -0.9333
v 28.8000 0.2000 -0.9333
v 28.8000 0.0000 -0.6667
v 28.8000 0.0222 -0.6667
v 28.8000 0.0444 -0.6667
v 28.8000 0.0667 -0.6667
v 28.8000 0.0889 -0.6667
v 28.8000 0.1111 -0.6667
v 28.8000 0.1333 -0.6667
v 28.8000 0.1556 -0.6667
v 28.8000 0.1778 -0.6667
v 28.8000 0.2000 -0.6667
v 28.8000 0.0000 -0.4000
v 28.8000 0.0222 -0.4000
v 28.8000 0.0444 -0.4000
v 28.8000 0.0667 -0.4000
v 28.8000 0.0889 -0.4000
v 28.8000 0.1111 -0.4000
v 28.8000 0.1333 -0.4000
v 28.8000 0.1556 -0.4000
v 28.8000 0.1778 -0.4000
v 28.8000 0.2000 -0.4000
v 28.8000 0.0000 -0.1333
v 28.8000 0.0222 -0.1333
v 28.8000 0.0444 -0.1333
v 28.8000 0.0667 -0.1333
v 28.8000 0.0889 -0.1333
v 28.8000 0.1111 -0.1333
v 28.8000 0.1333 -0.1333
v 28.8000 0.1556 -0.1333
v 28.8000 0.1778 -0.1333
v 28.8000 0.2000 -0.1333
v 28.8000 0.0000 0.1333
v 28.8000 0.0222 0.1333
v 28.8000 0.0444 0.1333
v 28.8000 0.0667 0.1333
v 28.8000 0.0889 0.1333
v 28.8000 0.1111 0.1333
v 28.8000 0.1333 0.1333
v 28.8000 0.1556 0.1333
v 28.8000 0.1778 0.1333
v 28.8000 0.2000 0.1333
v 28.8000 0.0000 0.4000
v 28.8000 0.0222 0.4000
v 28.8000 0.0444 0.4000
v 28.8000 0.0667 0.4000
v 28.8000 0.0889 0.4000
v 28.8000 0.1111 0.4000
v 28.8000 0.1333 0.4000
v 28.8000 0.1556 0.4000
v 28.8000 0.1778 0.4000
v 28.8000 0.2000 0.4000
v 28.8000 0.0000 0.6667
v 28.8000 0.0222 0.6667
v 28.8000 0.0444 0.6667
v 28.8000 0.0667 0.6667
v 28.8000 0.0889 0.6667
v 28.8000 0.1111 0.6667
v 28.8000 0.1333 0.6667
v 28.8000 0.1556 0.6667
v 28.8000 0.1778 0.6667
v 28.8000 0.2000 0.6667
v 28.8000 0.0000 0.9333
v 28.8000 0.0222 0.9333
v 28.8000 0.0444 0.9333
v 28.8000 0.0667 0.9333
v 28.8000 0.0889 0.9333
v 28.8000 0.1111 0.9333
v 28.8000 0.1333 0.9333
v 28.8000 0.1556 0.9333
v 28.8000 0.1778 0.9333
v 28.8000 0.2000 0.9333
v 28.8000 0.0000 1.2000
v 28.8000 0.0222 1.2000
v 28.8000 0.0444 1.2000
v 28.8000 0.0667 1.2000
v 28.8000 0.0889 1.2000
v 28.8000 0.1111 1.2000
v 28.8000 0.1333 1.2000
v 28.8000 0.1556 1.2000
v 28.8000 0.1778 1.2000
v 28.8000 0.2000 1.2000
v 31.2000 0.0000 1.2000
v 31.2000 0.0222 1.2000
v 31.2000 0.0444 1.2000
v 31.2000 0.0667 1.2000
v 31.2000 0.0889 1.2000
v 31.2000 0.1111 1.2000
v 31.2000 0.1333 1.2000
v 31.2000 0.1556 1.2000
v 31.2000 0.1778 1.2000
v 31.2000 0.2000 1.2000
v 31.2000 0.0000 0.9333
v 31.2000 0.0222 0.9333
v 31.2000 0.0444 0.9333
v 31.2000 0.0667 0.9333
v 31.2000 0.0889 0.9333
v 31.2000 0.1111 0.9333
v 31.2000 0.1333 0.9333
v 31.2000 0.1556 0.9333
v 31.2000 0.1778 0.9333
v 31.2000 0.2000 0.9333
v 31.2000 0.0000 0.6667
v 31.2000 0.0222 0.6667
v 31.2000 0.0444 0.6667
v 31.2000 0.0667 0.6667
v 31.2000 0.0889 0.6667
v 31.2000 0.1111 0.6667
v 31.2000 0.1333 0.6667
v 31.2000 0.1556 0.6667
v 31.2000 0.1778 0.6667
v 31.2000 0.2000 0.6667
v 31.2000 0.0000 0.4000
v 31.2000 0.0222 0.4000
v 31.2000 0.0444 0.4000
v 31.2000 0.0667 0.4000
v 31.2000 0.0889 0.4000
v 31.2000 0.1111 0.4000
v 31.2000 0.1333 0.4000
v 31.2000 0.1556 0.4000
v 31.2000 0.1778 0.4000
v 31.2000 0.2000 0.4000
v 31.2000 0.0000 0.1333
v 31.2000 0.0222 0.1333
v 31.2000 0.0444 0.1333
v 31.2000 0.0667 0.1333
v 31.2000 0.0889 0.1333
v 31.2000 0.1111 0.1333
v 31.2000 0.1333 0.1333
v 31.2000 0.1556 0.1333
v 31.2000 0.1778 0.1333
v 31.2000 0.2000 0.1333
v 31.2000 0.0000 -0.1333
v 31.2000 0.0222 -0.1333
v 31.2000 0.0444 -0.1333
v 31.2000 0.0667 -0.1333
v 31.2000 0.0889 -0.1333
v 31.2000 0.1111 -0.1333
v 31.2000 0.1333 -0.1333
v 31.2000 0.1556 -0.1333
v 31.2000 0.1778 -0.1333
v 31.2000 0.2000 -0.1333
v 31.2000 0.0000 -0.4000
v 31.2000 0.0222 -0.4000
v 31.2000 0.0444 -0.4000
v 31.2000 0.0667 -0.4000
v 31.2000 0.0889 -0.4000
v 31.2000 0.1111 -0.4000
v 31.2000 0.1333 -0.4000
v 31.2000 0.1556 -0.4000
v 31.2000 0.1778 -0.4000
v 31.2000 0.2000 -0.4000
v 31.2000 0.0000 -0.6667
v 31.2000 0.0222 -0.6667
v 31.2000 0.0444 -0.6667
v 31.2000 0.0667 -0.6667
v 31.2000 0.0889 -0.6667
v 31.2000 0.1111 -0.6667
v 31.2000 0.1333 -0.6667
v 31.2000 0.1556 -0.6667
v 31.2000 0.1778 -0.6667
v 31.2000 0.2000 -0.6667
v 31.2000 0.0000 -0.9333
v 31.2000 0.0222 -0.9333
v 31.2000 0.0444 -0.9333
v 31.2000 0.0667 -0.9333
v 31.2000 0.0889 -0.9333
v 31.2000 0.1111 -0.9333
v 31.2000 0.1333 -0.9333
v 31.2000 0.1556 -0.9333
v 31.2000 0.1778 -0.9333
v 31.2000 0.2000 -0.9333
v 31.2000 0.0000 -1.2000
v 31.2000 0.0222 -1.2000
v 31.2000 0.0444 -1.2000
v 31.2000 0.0667 -1.2000
v 31.2000 0.0889 -1.2000
v 31.2000 0.1111 -1.2000
v 31.2000 0.1333 -1.2000
v 31.2000 0.1556 -1.2000
v 31.2000 0.1778 -1.2000
v 31.2000 0.2000 -1.2000
v 28.8000 0.2000 -1.2000
v 28.8000 0.2000 -0.9333
v 28.8000 0.2000 -0.6667
v 28.8000 0.2000 -0.4000
v 28.8000 0.2000 -0.1333
v 28.8000 0.2000 0.1333
v 28.8000 0.2000 0.4000
v 28.8000 0.2000 0.6667
v 28.8000 0.2000 0.9333
v 28.8000 0.2000 1.2000
v 29.0667 0.2000 -1.2000
v 29.0667 0.2000 -0.9333
v 29.0667 0.2000 -0.6667
v 29.0667 0.2000 -0.4000
v 29.0667 0.2000 -0.1333
v 29.0667 0.2000 0.1333
v 29.0667 0.2000 0.4000
v 29.0667 0.2000 0.6667
v 29.0667 0.2000 0.9333
v 29.0667 0.2000 1.2000
v 29.3333 0.2000 -1.2000
v 29.3333 0.2000 -0.9333
v 29.3333 0.2000 -0.6667
v 29.3333 0.2000 -0.4000
v 29.3333 0.2000 -0.1333
v 29.3333 0.2000 0.1333
v 29.3333 0.2000 0.4000
v 29.3333 0.2000 0.6667
v 29.3333 0.2000 0.9333
v 29.3333 0.2000 1.2000
v 29.6000 0.2000 -1.2000
v 29.6000 0.2000 -0.9333
v 29.6000 0.2000 -0.6667
v 29.6000 0.2000 -0.4000
v 29.6000 0.2000 -0.1333
v 29.6000 0.2000 0.1333
v 29.6000 0.2000 0.4000
v 29.6000 0.2000 0.6667
v 29.6000 0.2000 0.9333
v 29.6000 0.2000 1.2000
v 29.8667 0.2000 -1.2000
v 29.8667 0.2000 -0.9333
v 29.8667 0.2000 -0.6667
v 29.8667 0.2000 -0.4000
v 29.8667 0.2000 -0.1333
v 29.8667 0.2000 0.1333
v 29.8667 0.2000 0.4000
v 29.8667 0.2000 0.6667
v 29.8667 0.2000 0.9333
v 29.8667 0.2000 1.2000
v 30.1333 0.2000 -1.2000
v 30.1333 0.2000 -0.9333
v 30.1333 0.2000 -0.6667
v 30.1333 0.2000 -0.4000
v 30.1333 0.2000 -0.1333
v 30.1333 0.2000 0.1333
v 30.1333 0.2000 0.4000
v 30.1333 0.2000 0.6667
v 30.1333 0.2000 0.9333
v 30.1333 0.2000 1.2000
v 30.4000 0.2000 -1.2000
v 30.4000 0.2000 -0.9333
v 30.4000 0.2000 -0.6667
v 30.4000 0.2000 -0.4000
v 30.4000 0.2000 -0.1333
v 30.4000 0.2000 0.1333
v 30.4000 0.2000 0.4000
v 30.4000 0.2000 0.6667
v 30.4000 0.2000 0.9333
v 30.4000 0.2000 1.2000
v 30.6667 0.2000 -1.2000
v 30.6667 0.2000 -0.9333
v 30.6667 0.2000 -0.6667
v 30.6667 0.2000 -0.4000
v 30.6667 0.2000 -0.1333
v 30.6667 0.2000 0.1333
v 30.6667 0.2000 0.4000
v 30.6667 0.2000 0.6667
v 30.6667 0.2000 0.9333
v 30.6667 0.2000 1.2000
v 30.9333 0.2000 -1.2000
v 30.9333 0.2000 -0.9333
v 30.9333 0.2000 -0.6667
v 30.9333 0.2000 -0.4000
v 30.9333 0.2000 -0.1333
v 30.9333 0.2000 0.1333
v 30.9333 0.2000 0.4000
v 30.9333 0.2000 0.6667
v 30.9333 0.2000 0.9333
v 30.9333 0.2000 1.2000
v 31.2000 0.2000 -1.2000
v 31.2000 0.2000 -0.9333
v 31.2000 0.2000 -0.6667
v 31.2000 0.2000 -0.4000
v 31.2000 0.2000 -0.1333
v 31.2000 0.2000 0.1333
v 31.2000 0.2000 0.4000
v 31.2000 0.2000 0.6667
v 31.2000 0.2000 0.9333
v 31.2000 0.2000 1.2000
v 28.8000 0.0000 1.2000
v 28.8000 0.0000 0.9333
v 28.8000 0.0000 0.6667
v 28.8000 0.0000 0.4000
v 28.8000 0.0000 0.1333
v 28.8000 0.0000 -0.1333
v 28.8000 0.0000 -0.4000
v 28.8000 0.0000 -0.6667
v 28.8000 0.0000 -0.9333
v 28.8000 0.0000 -1.2000
v 29.0667 0.0000 1.2000
v 29.0667 0.0000 0.9333
v 29.0667 0.0000 0.6667
v 29.0667 0.0000 0.4000
v 29.0667 0.0000 0.1333
v 29.0667 0.0000 -0.1333
v 29.0667 0.0000 -0.4000
v 29.0667 0.0000 -0.6667
v 29.0667 0.0000 -0.9333
v 29.0667 0.0000 -1.2000
v 29.3333 0.0000 1.2000
v 29.3333 0.0000 0.9333
v 29.3333 0.0000 0.6667
v 29.3333 0.0000 0.4000
v 29.3333 0.0000 0.1333
v 29.3333 0.0000 -0.1333
v 29.3333 0.0000 -0.4000
v 29.3333 0.0000 -0.6667
v 29.3333 0.0000 -0.9333
v 29.3333 0.0000 -1.2000
v 29.6000 0.0000 1.2000
v 29.6000 0.0000 0.9333
v 29.6000 0.0000 0.6667
v 29.6000 0.0000 0.4000
v 29.6000 0.0000 0.1333
v 29.6000 0.0000 -0.1333
v 29.6000 0.0000 -0.4000
v 29.6000 0.0000 -0.6667
v 29.6000 0.0000 -0.9333
v 29.6000 0.0000 -1.2000
v 29.8667 0.0000 1.2000
v 29.8667 0.0000 0.9333
v 29.8667 0.0000 0.6667
v 29.8667 0.0000 0.4000
v 29.8667 0.0000 0.1333
v 29.8667 0.0000 -0.1333
v 29.8667 0.0000 -0.4000
v 29.8667 0.0000 -0.6667
v 29.8667 0.0000 -0.9333
v 29.8667 0.0000 -1.2000
v 30.1333 0.0000 1.2000
v 30.1333 0.0000 0.9333
v 30.1333 0.0000 0.6667
v 30.1333 0.0000 0.4000
v 30.1333 0.0000 0.1333
v 30.1333 0.0000 -0.1333
v 30.1333 0.0000 -0.4000
v 30.1333 0.0000 -0.6667
v 30.1333 0.0000 -0.9333
v 30.1333 0.0000 -1.2000
v 30.4000 0.0000 1.2000
v 30.4000 0.0000 0.9333
v 30.4000 0.0000 0.6667
v 30.4000 0.0000 0.4000
v 30.4000 0.0000 0.1333
v 30.4000 0.0000 -0.1333
v 30.4000 0.0000 -0.4000
v 30.4000 0.0000 -0.6667
v 30.4000 0.0000 -0.9333
v 30.4000 0.0000 -1.2000
v 30.6667 0.0000 1.2000
v 30.6667 0.0000 0.9333
v 30.6667 0.0000 0.6667
v 30.6667 0.0000 0.4000
v 30.6667 0.0000 0.1333
v 30.6667 0.0000 -0.1333
v 30.6667 0.0000 -0.4000
v 30.6667 0.0000 -0.6667
v 30.6667 0.0000 -0.9333
v 30.6667 0.0000 -1.2000
v 30.9333 0.0000 1.2000
v 30.9333 0.0000 0.9333
v 30.9333 0.0000 0.6667
v 30.9333 0.0000 0.4000
v 30.9333 0.0000 0.1333
v 30.9333 0.0000 -0.1333
v 30.9333 0.0000 -0.4000
v 30.9333 0.0000 -0.6667
v 30.9333 0.0000 -0.9333
v 30.9333 0.0000 -1.2000
v 31.2000 0.0000 1.2000
v 31.2000 0.0000 0.9333
v 31.2000 0.0000 0.6667
v 31.2000 0.0000 0.4000
v 31.2000 0.0000 0.1333
v 31.2000 0.0000 -0.1333
v 31.2000 0.0000 -0.4000
v 31.2000 0.0000 -0.6667
v 31.2000 0.0000 -0.9333
v 31.2000 0.0000 -1.2000
f 601 602 612
f 601 612 611
f 602 603 613
f 602 613 612
f 603 604 614
f 603 614 613
f 604 605 615
f 604 615 614
f 605 606 616
f 605 616 615
f 606 607 617
f 606 617 616
f 607 608 618
f 607 618 617
f 608 609 619
f 608 619 618
f 609 610 620
f 609 620 619
f 611 612 622
f 611 622 621
f 612 613 623
f 612 623 622
f 613 614 624
f 613 624 623
f 614 615 625
f 614 625 624
f 615 616 626
f 615 626 625
f 616 617 627
f 616 627 626
f 617 618 628
f 617 628 627
f 618 619 629
f 618 629 628
f 619 620 630
f 619 630 629
f 621 622 632
f 621 632 631
f 622 623 633
f 622 633 632
f 623 624 634
f 623 634 633
f 624 625 635
f 624 635 634
f 625 626 636
f 625 636 635
f 626 627 637
f 626 637 636
f 627 628 638
f 627 638 637
f 628 629 639
f 628 639 638
f 629 630 640
f 629 640 639
f 631 632 642
f 631 642 641
f 632 633 643
f 632 643 642
f 633 634 644
f 633 644 643
f 634 635 645
f 634 645 644
f 635 636 646
f 635 646 645
f 636 637 647
f 636 647 646
f 637 638 648
f 637 648 647
f 638 639 649
f 638 649 648
f 639 640 650
f 639 650 649
f 641 642 652
f 641 652 651
f 642 643 653
f 642 653 652
f 643 644 654
f 643 654 653
f 644 645 655
f 644 655 654
f 645 646 656
f 645 656 655
f 646 647 657
f 646 657 656
f 647 648 658
f 647 658 657
f 648 649 659
f 648 659 658
f 649 650 660
f 649 660 659
f 651 652 662
f 651 662 661
f 652 653 663
f 652 663 662
f 653 654 664
f 653 664 663
f 654 655 665
f 654 665 664
f 655 656 666
f 655 666 665
f 656 657 667
f 656 667 666
f 657 658 668
f 657 668 667
f 658 659 669
f 658 669 668
f 659 660 670
f 659 670 669
f 661 662 672
f 661 672 671
f 662 663 673
f 662 673 672
f 663 664 674
f 663 674 673
f 664 665 675
f 664 675 674
f 665 666 676
f 665 676 675
f 666 667 677
f 666 677 676
f 667 668 678
f 667 678 677
f 668 669 679
f 668 679 678
f 669 670 680
f 669 680 679
f 671 672 682
f 671 682 681
f 672 673 683
f 672 683 682
f 673 674 684
f 673 684 683
f 674 675 685
f 674 685 684
f 675 676 686
f 675 686 685
f 676 677 687
f 676 687 686
f 677 678 688
f 677 688 687
f 678 679 689
f 678 689 688
f 679 680 690
f 679 690 689
f 681 682 692
f 681 692 691
f 682 683 693
f 682 693 692
f 683 684 694
f 683 694 693
f 684 685 695
f 684 695 694
f 685 686 696
f 685 696 695
f 686 687 697
f 686 697 696
f 687 688 698
f 687 698 697
f 688 689 699
f 688 699 698
f 689 690 700
f 689 700 699
f 701 702 712
f 701 712 711
f 702 703 713
f 702 713 712
f 703 704 714
f 703 714 713
f 704 705 715
f 704 715 714
f 705 706 716
f 705 716 715
f 706 707 717
f 706 717 716
f 707 708 718
f 707 718 717
f 708 709 719
f 708 719 718
f 709 710 720
f 709 720 719
f 711 712 722
f 711 722 721
f 712 713 723
f 712 723 722
f 713 714 724
f 713 724 723
f 714 715 725
f 714 725 724
f 715 716 726
f 715 726 725
f 716 717 727
f 716 727 726
f 717 718 728
f 717 728 727
f 718 719 729
f 718 729 728
f 719 720 730
f 719 730 729
f 721 722 732
f 721 732 731
f 722 723 733
f 722 733 732
f 723 724 734
f 723 734 733
f 724 725 735
f 724 735 734
f 725 726 736
f 725 736 735
f 726 727 737
f 726 737 736
f 727 728 738
f 727 738 737
f 728 729 739
f 728 739 738
f 729 730 740
f 729 740 739
f 731 732 742
f 731 742 741
f 732 733 743
f 732 743 742
f 733 734 744
f 733 744 743
f 734 735 745
f 734 745 744
f 735 736 746
f 735 746 745
f 736 737 747
f 736 747 746
f 737 738 748
f 737 748 747
f 738 739 749
f 738 749 748
f 739 740 750
f 739 750 749
f 741 742 752
f 741 752 751
f 742 743 753
f 742 753 752
f 743 744 754
f 743 754 753
f 744 745 755
f 744 755 754
f 745 746 756
f 745 756 755
f 746 747 757
f 746 757 756
f 747 748 758
f 747 758 757
f 748 749 759
f 748 759 758
f 749 750 760
f 749 760 759
f 751 752 762
f 751 762 761
f 752 753 763
f 752 763 762
f 753 754 764
f 753 764 763
f 754 755 765
f 754 765 764
f 755 756 766
f 755 766 765
f 756 757 767
f 756 767 766
f 757 758 768
f 757 768 767
f 758 759 769
f 758 769 768
f 759 760 770
f 759 770 769
f 761 762 772
f 761 772 771
f 762 763 773
f 762 773 772
f 763 764 774
f 763 774 773
f 764 765 775
f 764 775 774
f 765 766 776
f 765 776 775
f 766 767 777
f 766 777 776
f 767 768 778
f 767 778 777
f 768 769 779
f 768 779 778
f 769 770 780
f 769 780 779
f 771 772 782
f 771 782 781
f 772 773 783
f 772 783 782
f 773 774 784
f 773 784 783
f 774 775 785
f 774 785 784
f 775 776 786
f 775 786 785
f 776 777 787
f 776 787 786
f 777 778 788
f 777 788 787
f 778 779 789
f 778 789 788
f 779 780 790
f 779 790 789
f 781 782 792
f 781 792 791
f 782 783 793
f 782 793 792
f 783 784 794
f 783 794 793
f 784 785 795
f 784 795 794
f 785 786 796
f 785 796 795
f 786 787 797
f 786 797 796
f 787 788 798
f 787 798 797
f 788 789 799
f 788 799 798
f 789 790 800
f 789 800 799
f 801 802 812
f 801 812 811
f 802 803 813
f 802 813 812
f 803 804 814
f 803 814 813
f 804 805 815
f 804 815 814
f 805 806 816
f 805 816 815
f 806 807 817
f 806 817 816
f 807 808 818
f 807 818 817
f 808 809 819
f 808 819 818
f 809 810 820
f 809 820 819
f 811 812 822
f 811 822 821
f 812 813 823
f 812 823 822
f 813 814 824
f 813 824 823
f 814 815 825
f 814 825 824
f 815 816 826
f 815 826 825
f 816 817 827
f 816 827 826
f 817 818 828
f 817 828 827
f 818 819 829
f 818 829 828
f 819 820 830
f 819 830 829
f 821 822 832
f 821 832 831
f 822 823 833
f 822 833 832
f 823 824 834
f 823 834 833
f 824 825 835
f 824 835 834
f 825 826 836
f 825 836 835
f 826 827 837
f 826 837 836
f 827 828 838
f 827 838 837
f 828 829 839
f 828 839 838
f 829 830 840
f 829 840 839
f 831 832 842
f 831 842 841
f 832 833 843
f 832 843 842
f 833 834 844
f 833 844 843
f 834 835 845
f 834 845 844
f 835 836 846
f 835 846 845
f 836 837 847
f 836 847 846
f 837 838 848
f 837 848 847
f 838 839 849
f 838 849 848
f 839 840 850
f 839 850 849
f 841 842 852
f 841 852 851
f 842 843 853
f 842 853 852
f 843 844 854
f 843 854 853
f 844 845 855
f 844 855 854
f 845 846 856
f 845 856 855
f 846 847 857
f 846 857 856
f 847 848 858
f 847 858 857
f 848 849 859
f 848 859 858
f 849 850 860
f 849 860 859
f 851 852 862
f 851 862 861
f 852 853 863
f 852 863 862
f 853 854 864
f 853 864 863
f 854 855 865
f 854 865 864
f 855 856 866
f 855 866 865
f 856 857 867
f 856 867 866
f 857 858 868
f 857 868 867
f 858 859 869
f 858 869 868
f 859 860 870
f 859 870 869
f 861 862 872
f 861 872 871
f 862 863 873
f 862 873 872
f 863 864 874
f 863 874 873
f 864 865 875
f 864 875 874
f 865 866 876
f 865 876 875
f 866 867 877
f 866 877 876
f 867 868 878
f 867 878 877
f 868 869 879
f 868 879 878
f 869 870 880
f 869 880 879
f 871 872 882
f 871 882 881
f 872 873 883
f 872 883 882
f 873 874 884
f 873 884 883
f 874 875 885
f 874 885 884
f 875 876 886
f 875 886 885
f 876 877 887
f 876 887 886
f 877 878 888
f 877 888 887
f 878 879 889
f 878 889 888
f 879 880 890
f 879 890 889
f 881 882 892
f 881 892 891
f 882 883 893
f 882 893 892
f 883 884 894
f 883 894 893
f 884 885 895
f 884 895 894
f 885 886 896
f 885 896 895
f 886 887 897
f 886 897 896
f 887 888 898
f 887 898 897
f 888 889 899
f 888 899 898
f 889 890 900
f 889 900 899
f 901 902 912
f 901 912 911
f 902 903 913
f 902 913 912
f 903 904 914
f 903 914 913
f 904 905 915
f 904 915 914
f 905 906 916
f 905 916 915
f 906 907 917
f 906 917 916
f 907 908 918
f 907 918 917
f 908 909 919
f 908 919 918
f 909 910 920
f 909 920 919
f 911 912 922
f 911 922 921
f 912 913 923
f 912 923 922
f 913 914 924
f 913 924 923
f 914 915 925
f 914 925 924
f 915 916 926
f 915 926 925
f 916 917 927
f 916 927 926
f 917 918 928
f 917 928 927
f 918 919 929
f 918 929 928
f 919 920 930
f 919 930 929
f 921 922 932
f 921 932 931
f 922 923 933
f 922 933 932
f 923 924 934
f 923 934 933
f 924 925 935
f 924 935 934
f 925 926 936
f 925 936 935
f 926 927 937
f 926 937 936
f 927 928 938
f 927 938 937
f 928 929 939
f 928 939 938
f 929 930 940
f 929 940 939
f 931 932 942
f 931 942 941
f 932 933 943
f 932 943 942
f 933 934 944
f 933 944 943
f 934 935 945
f 934 945 944
f 935 936 946
f 935 946 945
f 936 937 947
f 936 947 946
f 937 938 948
f 937 948 947
f 938 939 949
f 938 949 948
f 939 940 950
f 939 950 949
f 941 942 952
f 941 952 951
f 942 943 953
f 942 953 952
f 943 944 954
f 943 954 953
f 944 945 955
f 944 955 954
f 945 946 956
f 945 956 955
f 946 947 957
f 946 957 956
f 947 948 958
f 947 958 957
f 948 949 959
f 948 959 958
f 949 950 960
f 949 960 959
f 951 952 962
f 951 962 961
f 952 953 963
f 952 963 962
f 953 954 964
f 953 964 963
f 954 955 965
f 954 965 964
f 955 956 966
f 955 966 965
f 956 957 967
f 956 967 966
f 957 958 968
f 957 968 967
f 958 959 969
f 958 969 968
f 959 960 970
f 959 970 969
f 961 962 972
f 961 972 971
f 962 963 973
f 962 973 972
f 963 964 974
f 963 974 973
f 964 965 975
f 964 975 974
f 965 966 976
f 965 976 975
f 966 967 977
f 966 977 976
f 967 968 978
f 967 978 977
f 968 969 979
f 968 979 978
f 969 970 980
f 969 980 979
f 971 972 982
f 971 982 981
f 972 973 983
f 972 983 982
f 973 974 984
f 973 984 983
f 974 975 985
f 974 985 984
f 975 976 986
f 975 986 985
f 976 977 987
f 976 987 986
f 977 978 988
f 977 988 987
f 978 979 989
f 978 989 988
f 979 980 990
f 979 990 989
f 981 982 992
f 981 992 991
f 982 983 993
f 982 993 992
f 983 984 994
f 983 994 993
f 984 985 995
f 984 995 994
f 985 986 996
f 985 996 995
f 986 987 997
f 986 997 996
f 987 988 998
f 987 998 997
f 988 989 999
f 988 999 998
f 989 990 1000
f 989 1000 999
f 1001 1002 1012
f 1001 1012 1011
f 1002 1003 1013
f 1002 1013 1012
f 1003 1004 1014
f 1003 1014 1013
f 1004 1005 1015
f 1004 1015 1014
f 1005 1006 1016
f 1005 1016 1015
f 1006 1007 1017
f 1006 1017 1016
f 1007 1008 1018
f 1007 1018 1017
f 1008 1009 1019
f 1008 1019 1018
f 1009 1010 1020
f 1009 1020 1019
f 1011 1012 1022
f 1011 1022 1021
f 1012 1013 1023
f 1012 1023 1022
f 1013 1014 1024
f 1013 1024 1023
f 1014 1015 1025
f 1014 1025 1024
f 1015 1016 1026
f 1015 1026 1025
f 1016 1017 1027
f 1016 1027 1026
f 1017 1018 1028
f 1017 1028 1027
f 1018 1019 1029
f 1018 1029 1028
f 1019 1020 1030
f 1019 1030 1029
f 1021 1022 1032
f 1021 1032 1031
f 1022 1023 1033
f 1022 1033 1032
f 1023 1024 1034
f 1023 1034 1033
f 1024 1025 1035
f 1024 1035 1034
f 1025 1026 1036
f 1025 1036 1035
f 1026 1027 1037
f 1026 1037 1036
f 1027 1028 1038
f 1027 1038 1037
f 1028 1029 1039
f 1028 1039 1038
f 1029 1030 1040
f 1029 1040 1039
f 1031 1032 1042
f 1031 1042 1041
f 1032 1033 1043
f 1032 1043 1042
f 1033 1034 1044
f 1033 1044 1043
f 1034 1035 1045
f 1034 1045 1044
f 1035 1036 1046
f 1035 1046 1045
f 1036 1037 1047
f 1036 1047 1046
f 1037 1038 1048
f 1037 1048 1047
f 1038 1039 1049
f 1038 1049 1048
f 1039 1040 1050
f 1039 1050 1049
f 1041 1042 1052
f 1041 1052 1051
f 1042 1043 1053
f 1042 1053 1052
f 1043 1044 1054
f 1043 1054 1053
f 1044 1045 1055
f 1044 1055 1054
f 1045 1046 1056
f 1045 1056 1055
f 1046 1047 1057
f 1046 1057 1056
f 1047 1048 1058
f 1047 1058 1057
f 1048 1049 1059
f 1048 1059 1058
f 1049 1050 1060
f 1049 1060 1059
f 1051 1052 1062
f 1051 1062 1061
f 1052 1053 1063
f 1052 1063 1062
f 1053 1054 1064
f 1053 1064 1063
f 1054 1055 1065
f 1054 1065 1064
f 1055 1056 1066
f 1055 1066 1065
f 1056 1057 1067
f 1056 1067 1066
f 1057 1058 1068
f 1057 1068 1067
f 1058 1059 1069
f 1058 1069 1068
f 1059 1060 1070
f 1059 1070 1069
f 1061 1062 1072
f 1061 1072 1071
f 1062 1063 1073
f 1062 1073 1072
f 1063 1064 1074
f 1063 1074 1073
f 1064 1065 1075
f 1064 1075 1074
f 1065 1066 1076
f 1065 1076 1075
f 1066 1067 1077
f 1066 1077 1076
f 1067 1068 1078
f 1067 1078 1077
f 1068 1069 1079
f 1068 1079 1078
f 1069 1070 1080
f 1069 1080 1079
f 1071 1072 1082
f 1071 1082 1081
f 1072 1073 1083
f 1072 1083 1082
f 1073 1074 1084
f 1073 1084 1083
f 1074 1075 1085
f 1074 1085 1084
f 1075 1076 1086
f 1075 1086 1085
f 1076 1077 1087
f 1076 1087 1086
f 1077 1078 1088
f 1077 1088 1087
f 1078 1079 1089
f 1078 1089 1088
f 1079 1080 1090
f 1079 1090 1089
f 1081 1082 1092
f 1081 1092 1091
f 1082 1083 1093
f 1082 1093 1092
f 1083 1084 1094
f 1083 1094 1093
f 1084 1085 1095
f 1084 1095 1094
f 1085 1086 1096
f 1085 1096 1095
f 1086 1087 1097
f 1086 1097 1096
f 1087 1088 1098
f 1087 1098 1097
f 1088 1089 1099
f 1088 1099 1098
f 1089 1090 1100
f 1089 1100 1099
f 1101 1102 1112
f 1101 1112 1111
f 1102 1103 1113
f 1102 1113 1112
f 1103 1104 1114
f 1103 1114 1113
f 1104 1105 1115
f 1104 1115 1114
f 1105 1106 1116
f 1105 1116 1115
f 1106 1107 1117
f 1106 1117 1116
f 1107 1108 1118
f 1107 1118 1117
f 1108 1109 1119
f 1108 1119 1118
f 1109 1110 1120
f 1109 1120 1119
f 1111 1112 1122
f 1111 1122 1121
f 1112 1113 1123
f 1112 1123 1122
f 1113 1114 1124
f 1113 1124 1123
f 1114 1115 1125
f 1114 1125 1124
f 1115 1116 1126
f 1115 1126 1125
f 1116 1117 1127
f 1116 1127 1126
f 1117 1118 1128
f 1117 1128 1127
f 1118 1119 1129
f 1118 1129 1128
f 1119 1120 1130
f 1119 1130 1129
f 1121 1122 1132
f 1121 1132 1131
f 1122 1123 1133
f 1122 1133 1132
f 1123 1124 1134
f 1123 1134 1133
f 1124 1125 1135
f 1124 1135 1134
f 1125 1126 1136
f 1125 1136 1135
f 1126 1127 1137
f 1126 1137 1136
f 1127 1128 1138
f 1127 1138 1137
f 1128 1129 1139
f 1128 1139 1138
f 1129 1130 1140
f 1129 1140 1139
f 1131 1132 1142
f 1131 1142 1141
f 1132 1133 1143
f 1132 1143 1142
f 1133 1134 1144
f 1133 1144 1143
f 1134 1135 1145
f 1134 1145 1144
f 1135 1136 1146
f 1135 1146 1145
f 1136 1137 1147
f 1136 1147 1146
f 1137 1138 1148
f 1137 1148 1147
f 1138 1139 1149
f 1138 1149 1148
f 1139 1140 1150
f 1139 1150 1149
f 1141 1142 1152
f 1141 1152 1151
f 1142 1143 1153
f 1142 1153 1152
f 1143 1144 1154
f 1143 1154 1153
f 1144 1145 1155
f 1144 1155 1154
f 1145 1146 1156
f 1145 1156 1155
f 1146 1147 1157
f 1146 1157 1156
f 1147 1148 1158
f 1147 1158 1157
f 1148 1149 1159
f 1148 1159 1158
f 1149 1150 1160
f 1149 1160 1159
f 1151 1152 1162
f 1151 1162 1161
f 1152 1153 1163
f 1152 1163 1162
f 1153 1154 1164
f 1153 1164 1163
f 1154 1155 1165
f 1154 1165 1164
f 1155 1156 1166
f 1155 1166 1165
f 1156 1157 1167
f 1156 1167 1166
f 1157 1158 1168
f 1157 1168 1167
f 1158 1159 1169
f 1158 1169 1168
f 1159 1160 1170
f 1159 1170 1169
f 1161 1162 1172
f 1161 1172 1171
f 1162 1163 1173
f 1162 1173 1172
f 1163 1164 1174
f 1163 1174 1173
f 1164 1165 1175
f 1164 1175 1174
f 1165 1166 1176
f 1165 1176 1175
f 1166 1167 1177
f 1166 1177 1176
f 1167 1168 1178
f 1167 1178 1177
f 1168 1169 1179
f 1168 1179 1178
f 1169 1170 1180
f 1169 1180 1179
f 1171 1172 1182
f 1171 1182 1181
f 1172 1173 1183
f 1172 1183 1182
f 1173 1174 1184
f 1173 1184 1183
f 1174 1175 1185
f 1174 1185 1184
f 1175 1176 1186
f 1175 1186 1185
f 1176 1177 1187
f 1176 1187 1186
f 1177 1178 1188
f 1177 1188 1187
f 1178 1179 1189
f 1178 1189 1188
f 1179 1180 1190
f 1179 1190 1189
f 1181 1182 1192
f 1181 1192 1191
f 1182 1183 1193
f 1182 1193 1192
f 1183 1184 1194
f 1183 1194 1193
f 1184 1185 1195
f 1184 1195 1194
f 1185 1186 1196
f 1185 1196 1195
f 1186 1187 1197
f 1186 1197 1196
f 1187 1188 1198
f 1187 1198 1197
f 1188 1189 1199
f 1188 1199 1198
f 1189 1190 1200
f 1189 1200 1199
g 초소 벽_0
v -31.2000 0.2000 -1.1000
v -31.2000 0.4667 -1.1000
v -31.2000 0.7333 -1.1000
v -31.2000 1.0000 -1.1000
v -31.2000 1.2667 -1.1000
v -31.2000 1.5333 -1.1000
v -31.2000 1.8000 -1.1000
v -31.2000 2.0667 -1.1000
v -31.2000 2.3333 -1.1000
v -31.2000 2.6000 -1.1000
v -30.9333 0.2000 -1.1000
v -30.9333 0.4667 -1.1000
v -30.9333 0.7333 -1.1000
v -30.9333 1.0000 -1.1000
v -30.9333 1.2667 -1.1000
v -30.9333 1.5333 -1.1000
v -30.9333 1.8000 -1.1000
v -30.9333 2.0667 -1.1000
v -30.9333 2.3333 -1.1000
v -30.9333 2.6000 -1.1000
v -30.6667 0.2000 -1.1000
v -30.6667 0.4667 -1.1000
v -30.6667 0.7333 -1.1000
v -30.6667 1.0000 -1.1000
v -30.6667 1.2667 -1.1000
v -30.6667 1.5333 -1.1000
v -30.6667 1.8000 -1.1000
v -30.6667 2.0667 -1.1000
v -30.6667 2.3333 -1.1000
v -30.6667 2.6000 -1.1000
v -30.4000 0.2000 -1.1000
v -30.4000 0.4667 -1.1000
v -30.4000 0.7333 -1.1000
v -30.4000 1.0000 -1.1000
v -30.4000 1.2667 -1.1000
v -30.4000 1.5333 -1.1000
v -30.4000 1.8000 -1.1000
v -30.4000 2.0667 -1.1000
v -30.4000 2.3333 -1.1000
v -30.4000 2.6000 -1.1000
v -30.1333 0.2000 -1.1000
v -30.1333 0.4667 -1.1000
v -30.1333 0.7333 -1.1000
v -30.1333 1.0000 -1.1000
v -30.1333 1.2667 -1.1000
v -30.1333 1.5333 -1.1000
v -30.1333 1.8000 -1.1000
v -30.1333 2.0667 -1.1000
v -30.1333 2.3333 -1.1000
v -30.1333 2.6000 -1.1000
v -29.8667 0.2000 -1.1000
v -29.8667 0.4667 -1.1000
v -29.8667 0.7333 -1.1000
v -29.8667 1.0000 -1.1000
v -29.8667 1.2667 -1.1000
v -29.8667 1.5333 -1.1000
v -29.8667 1.8000 -1.1000
v -29.8667 2.0667 -1.1000
v -29.8667 2.3333 -1.1000
v -29.8667 2.6000 -1.1000
v -29.6000 0.2000 -1.1000
v -29.6000 0.4667 -1.1000
v -29.6000 0.7333 -1.1000
v -29.6000 1.0000 -1.1000
v -29.6000 1.2667 -1.1000
v -29.6000 1.5333 -1.1000
v -29.6000 1.8000 -1.1000
v -29.6000 2.0667 -1.1000
v -29.6000 2.3333 -1.1000
v -29.6000 2.6000 -1.1000
v -29.3333 0.2000 -1.1000
v -29.3333 0.4667 -1.1000
v -29.3333 0.7333 -1.1000
v -29.3333 1.0000 -1.1000
v -29.3333 1.2667 -1.1000
v -29.3333 1.5333 -1.1000
v -29.3333 1.8000 -1.1000
v -29.3333 2.0667 -1.1000
v -29.3333 2.3333 -1.1000
v -29.3333 2.6000 -1.1000
v -29.0667 0.2000 -1.1000
v -29.0667 0.4667 -1.1000
v -29.0667 0.7333 -1.1000
v -29.0667 1.0000 -1.1000
v -29.0667 1.2667 -1.1000
v -29.0667 1.5333 -1.1000
v -29.0667 1.8000 -1.1000
v -29.0667 2.0667 -1.1000
v -29.0667 2.3333 -1.1000
v -29.0667 2.6000 -1.1000
v -28.8000 0.2000 -1.1000
v -28.8000 0.4667 -1.1000
v -28.8000 0.7333 -1.1000
v -28.8000 1.0000 -1.1000
v -28.8000 1.2667 -1.1000
v -28.8000 1.5333 -1.1000
v -28.8000 1.8000 -1.1000
v -28.8000 2.0667 -1.1000
v -28.8000 2.3333 -1.1000
v -28.8000 2.6000 -1.1000
v -28.8000 0.2000 -1.3000
v -28.8000 0.4667 -1.3000
v -28.8000 0.7333 -1.3000
v -28.8000 1.0000 -1.3000
v -28.8000 1.2667 -1.3000
v -28.8000 1.5333 -1.3000
v -28.8000 1.8000 -1.3000
v -28.8000 2.0667 -1.3000
v -28.8000 2.3333 -1.3000
v -28.8000 2.6000 -1.3000
v -29.0667 0.2000 -1.3000
v -29.0667 0.4667 -1.3000
v -29.0667 0.7333 -1.3000
v -29.0667 1.0000 -1.3000
v -29.0667 1.2667 -1.3000
v -29.0667 1.5333 -1.3000
v -29.0667 1.8000 -1.3000
v -29.0667 2.0667 -1.3000
v -29.0667 2.3333 -1.3000
v -29.0667 2.6000 -1.3000
v -29.3333 0.2000 -1.3000
v -29.3333 0.4667 -1.3000
v -29.3333 0.7333 -1.3000
v -29.3333 1.0000 -1.3000
v -29.3333 1.2667 -1.3000
v -29.3333 1.5333 -1.3000
v -29.3333 1.8000 -1.3000
v -29.3333 2.0667 -1.3000
v -29.3333 2.3333 -1.3000
v -29.3333 2.6000 -1.3000
v -29.6000 0.2000 -1.3000
v -29.6000 0.4667 -1.3000
v -29.6000 0.7333 -1.3000
v -29.6000 1.0000 -1.3000
v -29.6000 1.2667 -1.3000
v -29.6000 1.5333 -1.3000
v -29.6000 1.8000 -1.3000
v -29.6000 2.0667 -1.3000
v -29.6000 2.3333 -1.3000
v -29.6000 2.6000 -1.3000
v -29.8667 0.2000 -1.3000
v -29.8667 0.4667 -1.3000
v -29.8667 0.7333 -1.3000
v -29.8667 1.0000 -1.3000
v -29.8667 1.2667 -1.3000
v -29.8667 1.5333 -1.3000
v -29.8667 1.8000 -1.3000
v -29.8667 2.0667 -1.3000
v -29.8667 2.3333 -1.3000
v -29.8667 2.6000 -1.3000
v -30.1333 0.2000 -1.3000
v -30.1333 0.4667 -1.3000
v -30.1333 0.7333 -1.3000
v -30.1333 1.0000 -1.3000
v -30.1333 1.2667 -1.3000
v -30.1333 1.5333 -1.3000
v -30.1333 1.8000 -1.3000
v -30.1333 2.0667 -1.3000
v -30.1333 2.3333 -1.3000
v -30.1333 2.6000 -1.3000
v -30.4000 0.2000 -1.3000
v -30.4000 0.4667 -1.3000
v -30.4000 0.7333 -1.3000
v -30.4000 1.0000 -1.3000
v -30.4000 1.2667 -1.3000
v -30.4000 1.5333 -1.3000
v -30.4000 1.8000 -1.3000
v -30.4000 2.0667 -1.3000
v -30.4000 2.3333 -1.3000
v -30.4000 2.6000 -1.3000
v -30.6667 0.2000 -1.3000
v -30.6667 0.4667 -1.3000
v -30.6667 0.7333 -1.3000
v -30.6667 1.0000 -1.3000
v -30.6667 1.2667 -1.3000
v -30.6667 1.5333 -1.3000
v -30.6667 1.8000 -1.3000
v -30.6667 2.0667 -1.3000
v -30.6667 2.3333 -1.3000
v -30.6667 2.6000 -1.3000
v -30.9333 0.2000 -1.3000
v -30.9333 0.4667 -1.3000
v -30.9333 0.7333 -1.3000
v -30.9333 1.0000 -1.3000
v -30.9333 1.2667 -1.3000
v -30.9333 1.5333 -1.3000
v -30.9333 1.8000 -1.3000
v -30.9333 2.0667 -1.3000
v -30.9333 2.3333 -1.3000
v -30.9333 2.6000 -1.3000
v -31.2000 0.2000 -1.3000
v -31.2000 0.4667 -1.3000
v -31.2000 0.7333 -1.3000
v -31.2000 1.0000 -1.3000
v -31.2000 1.2667 -1.3000
v -31.2000 1.5333 -1.3000
v -31.2000 1.8000 -1.3000
v -31.2000 2.0667 -1.3000
v -31.2000 2.3333 -1.3000
v -31.2000 2.6000 -1.3000
v -31.2000 0.2000 -1.3000
v -31.2000 0.4667 -1.3000
v -31.2000 0.7333 -1.3000
v -31.2000 1.0000 -1.3000
v -31.2000 1.2667 -1.3000
v -31.2000 1.5333 -1.3000
v -31.2000 1.8000 -1.3000
v -31.2000 2.0667 -1.3000
v -31.2000 2.3333 -1.3000
v -31.2000 2.6000 -1.3000
v -31.2000 0.2000 -1.2778
v -31.2000 0.4667 -1.2778
v -31.2000 0.7333 -1.2778
v -31.2000 1.0000 -1.2778
v -31.2000 1.2667 -1.2778
v -31.2000 1.5333 -1.2778
v -31.2000 1.8000 -1.2778
v -31.2000 2.0667 -1.2778
v -31.2000 2.3333 -1.2778
v -31.2000 2.6000 -1.2778
v -31.2000 0.2000 -1.2556
v -31.2000 0.4667 -1.2556
v -31.2000 0.7333 -1.2556
v -31.2000 1.0000 -1.2556
v -31.2000 1.2667 -1.2556
v -31.2000 1.5333 -1.2556
v -31.2000 1.8000 -1.2556
v -31.2000 2.0667 -1.2556
v -31.2000 2.3333 -1.2556
v -31.2000 2.6000 -1.2556
v -31.2000 0.2000 -1.2333
v -31.2000 0.4667 -1.2333
v -31.2000 0.7333 -1.2333
v -31.2000 1.0000 -1.2333
v -31.2000 1.2667 -1.2333
v -31.2000 1.5333 -1.2333
v -31.2000 1.8000 -1.2333
v -31.2000 2.0667 -1.2333
v -31.2000 2.3333 -1.2333
v -31.2000 2.6000 -1.2333
v -31.2000 0.2000 -1.2111
v -31.2000 0.4667 -1.2111
v -31.2000 0.7333 -1.2111
v -31.2000 1.0000 -1.2111
v -31.2000 1.2667 -1.2111
v -31.2000 1.5333 -1.2111
v -31.2000 1.8000 -1.2111
v -31.2000 2.0667 -1.2111
v -31.2000 2.3333 -1.2111
v -31.2000 2.6000 -1.2111
v -31.2000 0.2000 -1.1889
v -31.2000 0.4667 -1.1889
v -31.2000 0.7333 -1.1889
v -31.2000 1.0000 -1.1889
v -31.2000 1.2667 -1.1889
v -31.2000 1.5333 -1.1889
v -31.2000 1.8000 -1.1889
v -31.2000 2.0667 -1.1889
v -31.2000 2.3333 -1.1889
v -31.2000 2.6000 -1.1889
v -31.2000 0.2000 -1.1667
v -31.2000 0.4667 -1.1667
v -31.2000 0.7333 -1.1667
v -31.2000 1.0000 -1.1667
v -31.2000 1.2667 -1.1667
v -31.2000 1.5333 -1.1667
v -31.2000 1.8000 -1.1667
v -31.2000 2.0667 -1.1667
v -31.2000 2.3333 -1.1667
v -31.2000 2.6000 -1.1667
v -31.2000 0.2000 -1.1444
v -31.2000 0.4667 -1.1444
v -31.2000 0.7333 -1.1444
v -31.2000 1.0000 -1.1444
v -31.2000 1.2667 -1.1444
v -31.2000 1.5333 -1.1444
v -31.2000 1.8000 -1.1444
v -31.2000 2.0667 -1.1444
v -31.2000 2.3333 -1.1444
v -31.2000 2.6000 -1.1444
v -31.2000 0.2000 -1.1222
v -31.2000 0.4667 -1.1222
v -31.2000 0.7333 -1.1222
v -31.2000 1.0000 -1.1222
v -31.2000 1.2667 -1.1222
v -31.2000 1.5333 -1.1222
v -31.2000 1.8000 -1.1222
v -31.2000 2.0667 -1.1222
v -31.2000 2.3333 -1.1222
v -31.2000 2.6000 -1.1222
v -31.2000 0.2000 -1.1000
v -31.2000 0.4667 -1.1000
v -31.2000 0.7333 -1.1000
v -31.2000 1.0000 -1.1000
v -31.2000 1.2667 -1.1000
v -31.2000 1.5333 -1.1000
v -31.2000 1.8000 -1.1000
v -31.2000 2.0667 -1.1000
v -31.2000 2.3333 -1.1000
v -31.2000 2.6000 -1.1000
v -28.8000 0.2000 -1.1000
v -28.8000 0.4667 -1.1000
v -28.8000 0.7333 -1.1000
v -28.8000 1.0000 -1.1000
v -28.8000 1.2667 -1.1000
v -28.8000 1.5333 -1.1000
v -28.8000 1.8000 -1.1000
v -28.8000 2.0667 -1.1000
v -28.8000 2.3333 -1.1000
v -28.8000 2.6000 -1.1000
v -28.8000 0.2000 -1.1222
v -28.8000 0.4667 -1.1222
v -28.8000 0.7333 -1.1222
v -28.8000 1.0000 -1.1222
v -28.8000 1.2667 -1.1222
v -28.8000 1.5333 -1.1222
v -28.8000 1.8000 -1.1222
v -28.8000 2.0667 -1.1222
v -28.8000 2.3333 -1.1222
v -28.8000 2.6000 -1.1222
v -28.8000 0.2000 -1.1444
v -28.8000 0.4667 -1.1444
v -28.8000 0.7333 -1.1444
v -28.8000 1.0000 -1.1444
v -28.8000 1.2667 -1.1444
v -28.8000 1.5333 -1.1444
v -28.8000 1.8000 -1.1444
v -28.8000 2.0667 -1.1444
v -28.8000 2.3333 -1.1444
v -28.8000 2.6000 -1.1444
v -28.8000 0.2000 -1.1667
v -28.8000 0.4667 -1.1667
v -28.8000 0.7333 -1.1667
v -28.8000 1.0000 -1.1667
v -28.8000 1.2667 -1.1667
v -28.8000 1.5333 -1.1667
v -28.8000 1.8000 -1.1667
v -28.8000 2.0667 -1.1667
v -28.8000 2.3333 -1.1667
v -28.8000 2.6000 -1.1667
v -28.8000 0.2000 -1.1889
v -28.8000 0.4667 -1.1889
v -28.8000 0.7333 -1.1889
v -28.8000 1.0000 -1.1889
v -28.8000 1.2667 -1.1889
v -28.8000 1.5333 -1.1889
v -28.8000 1.8000 -1.1889
v -28.8000 2.0667 -1.1889
v -28.8000 2.3333 -1.1889
v -28.8000 2.6000 -1.1889
v -28.8000 0.2000 -1.2111
v -28.8000 0.4667 -1.2111
v -28.8000 0.7333 -1.2111
v -28.8000 1.0000 -1.2111
v -28.8000 1.2667 -1.2111
v -28.8000 1.5333 -1.2111
v -28.8000 1.8000 -1.2111
v -28.8000 2.0667 -1.2111
v -28.8000 2.3333 -1.2111
v -28.8000 2.6000 -1.2111
v -28.8000 0.2000 -1.2333
v -28.8000 0.4667 -1.2333
v -28.8000 0.7333 -1.2333
v -28.8000 1.0000 -1.2333
v -28.8000 1.2667 -1.2333
v -28.8000 1.5333 -1.2333
v -28.8000 1.8000 -1.2333
v -28.8000 2.0667 -1.2333
v -28.8000 2.3333 -1.2333
v -28.8000 2.6000 -1.2333
v -28.8000 0.2000 -1.2556
v -28.8000 0.4667 -1.2556
v -28.8000 0.7333 -1.2556
v -28.8000 1.0000 -1.2556
v -28.8000 1.2667 -1.2556
v -28.8000 1.5333 -1.2556
v -28.8000 1.8000 -1.2556
v -28.8000 2.0667 -1.2556
v -28.8000 2.3333 -1.2556
v -28.8000 2.6000 -1.2556
v -28.8000 0.2000 -1.2778
v -28.8000 0.4667 -1.2778
v -28.8000 0.7333 -1.2778
v -28.8000 1.0000 -1.2778
v -28.8000 1.2667 -1.2778
v -28.8000 1.5333 -1.2778
v -28.8000 1.8000 -1.2778
v -28.8000 2.0667 -1.2778
v -28.8000 2.3333 -1.2778
v -28.8000 2.6000 -1.2778
v -28.8000 0.2000 -1.3000
v -28.8000 0.4667 -1.3000
v -28.8000 0.7333 -1.3000
v -28.8000 1.0000 -1.3000
v -28.8000 1.2667 -1.3000
v -28.8000 1.5333 -1.3000
v -28.8000 1.8000 -1.3000
v -28.8000 2.0667 -1.3000
v -28.8000 2.3333 -1.3000
v -28.8000 2.6000 -1.3000
v -31.2000 2.6000 -1.3000
v -31.2000 2.6000 -1.2778
v -31.2000 2.6000 -1.2556
v -31.2000 2.6000 -1.2333
v -31.2000 2.6000 -1.2111
v -31.2000 2.6000 -1.1889
v -31.2000 2.6000 -1.1667
v -31.2000 2.6000 -1.1444
v -31.2000 2.6000 -1.1222
v -31.2000 2.6000 -1.1000
v -30.9333 2.6000 -1.3000
v -30.9333 2.6000 -1.2778
v -30.9333 2.6000 -1.2556
v -30.9333 2.6000 -1.2333
v -30.9333 2.6000 -1.2111
v -30.9333 2.6000 -1.1889
v -30.9333 2.6000 -1.1667
v -30.9333 2.6000 -1.1444
v -30.9333 2.6000 -1.1222
v -30.9333 2.6000 -1.1000
v -30.6667 2.6000 -1.3000
v -30.6667 2.6000 -1.2778
v -30.6667 2.6000 -1.2556
v -30.6667 2.6000 -1.2333
v -30.6667 2.6000 -1.2111
v -30.6667 2.6000 -1.1889
v -30.6667 2.6000 -1.1667
v -30.6667 2.6000 -1.1444
v -30.6667 2.6000 -1.1222
v -30.6667 2.6000 -1.1000
v -30.4000 2.6000 -1.3000
v -30.4000 2.6000 -1.2778
v -30.4000 2.6000 -1.2556
v -30.4000 2.6000 -1.2333
v -30.4000 2.6000 -1.2111
v -30.4000 2.6000 -1.1889
v -30.4000 2.6000 -1.1667
v -30.4000 2.6000 -1.1444
v -30.4000 2.6000 -1.1222
v -30.4000 2.6000 -1.1000
v -30.1333 2.6000 -1.3000
v -30.1333 2.6000 -1.2778
v -30.1333 2.6000 -1.2556
v -30.1333 2.6000 -1.2333
v -30.1333 2.6000 -1.2111
v -30.1333 2.6000 -1.1889
v -30.1333 2.6000 -1.1667
v -30.1333 2.6000 -1.1444
v -30.1333 2.6000 -1.1222
v -30.1333 2.6000 -1.1000
v -29.8667 2.6000 -1.3000
v -29.8667 2.6000 -1.2778
v -29.8667 2.6000 -1.2556
v -29.8667 2.6000 -1.2333
v -29.8667 2.6000 -1.2111
v -29.8667 2.6000 -1.1889
v -29.8667 2.6000 -1.1667
v -29.8667 2.6000 -1.1444
v -29.8667 2.6000 -1.1222
v -29.8667 2.6000 -1.1000
v -29.6000 2.6000 -1.3000
v -29.6000 2.6000 -1.2778
v -29.6000 2.6000 -1.2556
v -29.6000 2.6000 -1.2333
v -29.6000 2.6000 -1.2111
v -29.6000 2.6000 -1.1889
v -29.6000 2.6000 -1.1667
v -29.6000 2.6000 -1.1444
v -29.6000 2.6000 -1.1222
v -29.6000 2.6000 -1.1000
v -29.3333 2.6000 -1.3000
v -29.3333 2.6000 -1.2778
v -29.3333 2.6000 -1.2556
v -29.3333 2.6000 -1.2333
v -29.3333 2.6000 -1.2111
v -29.3333 2.6000 -1.1889
v -29.3333 2.6000 -1.1667
v -29.3333 2.6000 -1.1444
v -29.3333 2.6000 -1.1222
v -29.3333 2.6000 -1.1000
v -29.0667 2.6000 -1.3000
v -29.0667 2.6000 -1.2778
v -29.0667 2.6000 -1.2556
v -29.0667 2.6000 -1.2333
v -29.0667 2.6000 -1.2111
v -29.0667 2.6000 -1.1889
v -29.0667 2.6000 -1.1667
v -29.0667 2.6000 -1.1444
v -29.0667 2.6000 -1.1222
v -29.0667 2.6000 -1.1000
v -28.8000 2.6000 -1.3000
v -28.8000 2.6000 -1.2778
v -28.8000 2.6000 -1.2556
v -28.8000 2.6000 -1.2333
v -28.8000 2.6000 -1.2111
v -28.8000 2.6000 -1.1889
v -28.8000 2.6000 -1.1667
v -28.8000 2.6000 -1.1444
v -28.8000 2.6000 -1.1222
v -28.8000 2.6000 -1.1000
v -31.2000 0.2000 -1.1000
v -31.2000 0.2000 -1.1222
v -31.2000 0.2000 -1.1444
v -31.2000 0.2000 -1.1667
v -31.2000 0.2000 -1.1889
v -31.2000 0.2000 -1.2111
v -31.2000 0.2000 -1.2333
v -31.2000 0.2000 -1.2556
v -31.2000 0.2000 -1.2778
v -31.2000 0.2000 -1.3000
v -30.9333 0.2000 -1.1000
v -30.9333 0.2000 -1.1222
v -30.9333 0.2000 -1.1444
v -30.9333 0.2000 -1.1667
v -30.9333 0.2000 -1.1889
v -30.9333 0.2000 -1.2111
v -30.9333 0.2000 -1.2333
v -30.9333 0.2000 -1.2556
v -30.9333 0.2000 -1.2778
v -30.9333 0.2000 -1.3000
v -30.6667 0.2000 -1.1000
v -30.6667 0.2000 -1.1222
v -30.6667 0.2000 -1.1444
v -30.6667 0.2000 -1.1667
v -30.6667 0.2000 -1.1889
v -30.6667 0.2000 -1.2111
v -30.6667 0.2000 -1.2333
v -30.6667 0.2000 -1.2556
v -30.6667 0.2000 -1.2778
v -30.6667 0.2000 -1.3000
v -30.4000 0.2000 -1.1000
v -30.4000 0.2000 -1.1222
v -30.4000 0.2000 -1.1444
v -30.4000 0.2000 -1.1667
v -30.4000 0.2000 -1.1889
v -30.4000 0.2000 -1.2111
v -30.4000 0.2000 -1.2333
v -30.4000 0.2000 -1.2556
v -30.4000 0.2000 -1.2778
v -30.4000 0.2000 -1.3000
v -30.1333 0.2000 -1.1000
v -30.1333 0.2000 -1.1222
v -30.1333 0.2000 -1.1444
v -30.1333 0.2000 -1.1667
v -30.1333 0.2000 -1.1889
v -30.1333 0.2000 -1.2111
v -30.1333 0.2000 -1.2333
v -30.1333 0.2000 -1.2556
v -30.1333 0.2000 -1.2778
v -30.1333 0.2000 -1.3000
v -29.8667 0.2000 -1.1000
v -29.8667 0.2000 -1.1222
v -29.8667 0.2000 -1.1444
v -29.8667 0.2000 -1.1667
v -29.8667 0.2000 -1.1889
v -29.8667 0.2000 -1.2111
v -29.8667 0.2000 -1.2333
v -29.8667 0.2000 -1.2556
v -29.8667 0.2000 -1.2778
v -29.8667 0.2000 -1.3000
v -29.6000 0.2000 -1.1000
v -29.6000 0.2000 -1.1222
v -29.6000 0.2000 -1.1444
v -29.6000 0.2000 -1.1667
v -29.6000 0.2000 -1.1889
v -29.6000 0.2000 -1.2111
v -29.6000 0.2000 -1.2333
v -29.6000 0.2000 -1.2556
v -29.6000 0.2000 -1.2778
v -29.6000 0.2000 -1.3000
v -29.3333 0.2000 -1.1000
v -29.3333 0.2000 -1.1222
v -29.3333 0.2000 -1.1444
v -29.3333 0.2000 -1.1667
v -29.3333 0.2000 -1.1889
v -29.3333 0.2000 -1.2111
v -29.3333 0.2000 -1.2333
v -29.3333 0.2000 -1.2556
v -29.3333 0.2000 -1.2778
v -29.3333 0.2000 -1.3000
v -29.0667 0.2000 -1.1000
v -29.0667 0.2000 -1.1222
v -29.0667 0.2000 -1.1444
v -29.0667 0.2000 -1.1667
v -29.0667 0.2000 -1.1889
v -29.0667 0.2000 -1.2111
v -29.0667 0.2000 -1.2333
v -29.0667 0.2000 -1.2556
v -29.0667 0.2000 -1.2778
v -29.0667 0.2000 -1.3000
v -28.8000 0.2000 -1.1000
v -28.8000 0.2000 -1.1222
v -28.8000 0.2000 -1.1444
v -28.8000 0.2000 -1.1667
v -28.8000 0.2000 -1.1889
v -28.8000 0.2000 -1.2111
v -28.8000 0.2000 -1.2333
v -28.8000 0.2000 -1.2556
v -28.8000 0.2000 -1.2778
v -28.8000 0.2000 -1.3000
f 1201 1202 1212
f 1201 1212 1211
f 1202 1203 1213
f 1202 1213 1212
f 1203 1204 1214
f 1203 1214 1213
f 1204 1205 1215
f 1204 1215 1214
f 1205 1206 1216
f 1205 1216 1215
f 1206 1207 1217
f 1206 1217 1216
f 1207 1208 1218
f 1207 1218 1217
f 1208 1209 1219
f 1208 1219 1218
f 1209 1210 1220
f 1209 1220 1219
f 1211 1212 1222
f 1211 1222 1221
f 1212 1213 1223
f 1212 1223 1222
f 1213 1214 1224
f 1213 1224 1223
f 1214 1215 1225
f 1214 1225 1224
f 1215 1216 1226
f 1215 1226 1225
f 1216 1217 1227
f 1216 1227 1226
f 1217 1218 1228
f 1217 1228 1227
f 1218 1219 1229
f 1218 1229 1228
f 1219 1220 1230
f 1219 1230 1229
f 1221 1222 1232
f 1221 1232 1231
f 1222 1223 1233
f 1222 1233 1232
f 1223 1224 1234
f 1223 1234 1233
f 1224 1225 1235
f 1224 1235 1234
f 1225 1226 1236
f 1225 1236 1235
f 1226 1227 1237
f 1226 1237 1236
f 1227 1228 1238
f 1227 1238 1237
f 1228 1229 1239
f 1228 1239 1238
f 1229 1230 1240
f 1229 1240 1239
f 1231 1232 1242
f 1231 1242 1241
f 1232 1233 1243
f 1232 1243 1242
f 1233 1234 1244
f 1233 1244 1243
f 1234 1235 1245
f 1234 1245 1244
f 1235 1236 1246
f 1235 1246 1245
f 1236 1237 1247
f 1236 1247 1246
f 1237 1238 1248
f 1237 1248 1247
f 1238 1239 1249
f 1238 1249 1248
f 1239 1240 1250
f 1239 1250 1249
f 1241 1242 1252
f 1241 1252 1251
f 1242 1243 1253
f 1242 1253 1252
f 1243 1244 1254
f 1243 1254 1253
f 1244 1245 1255
f 1244 1255 1254
f 1245 1246 1256
f 1245 1256 1255
f 1246 1247 1257
f 1246 1257 1256
f 1247 1248 1258
f 1247 1258 1257
f 1248 1249 1259
f 1248 1259 1258
f 1249 1250 1260
f 1249 1260 1259
f 1251 1252 1262
f 1251 1262 1261
f 1252 1253 1263
f 1252 1263 1262
f 1253 1254 1264
f 1253 1264 1263
f 1254 1255 1265
f 1254 1265 1264
f 1255 1256 1266
f 1255 1266 1265
f 1256 1257 1267
f 1256 1267 1266
f 1257 1258 1268
f 1257 1268 1267
f 1258 1259 1269
f 1258 1269 1268
f 1259 1260 1270
f 1259 1270 1269
f 1261 1262 1272
f 1261 1272 1271
f 1262 1263 1273
f 1262 1273 1272
f 1263 1264 1274
f 1263 1274 1273
f 1264 1265 1275
f 1264 1275 1274
f 1265 1266 1276
f 1265 1276 1275
f 1266 1267 1277
f 1266 1277 1276
f 1267 1268 1278
f 1267 1278 1277
f 1268 1269 1279
f 1268 1279 1278
f 1269 1270 1280
f 1269 1280 1279
f 1271 1272 1282
f 1271 1282 1281
f 1272 1273 1283
f 1272 1283 1282
f 1273 1274 1284
f 1273 1284 1283
f 1274 1275 1285
f 1274 1285 1284
f 1275 1276 1286
f 1275 1286 1285
f 1276 1277 1287
f 1276 1287 1286
f 1277 1278 1288
f 1277 1288 1287
f 1278 1279 1289
f 1278 1289 1288
f 1279 1280 1290
f 1279 1290 1289
f 1281 1282 1292
f 1281 1292 1291
f 1282 1283 1293
f 1282 1293 1292
f 1283 1284 1294
f 1283 1294 1293
f 1284 1285 1295
f 1284 1295 1294
f 1285 1286 1296
f 1285 1296 1295
f 1286 1287 1297
f 1286 1297 1296
f 1287 1288 1298
f 1287 1298 1297
f 1288 1289 1299
f 1288 1299 1298
f 1289 1290 1300
f 1289 1300 1299
f 1301 1302 1312
f 1301 1312 1311
f 1302 1303 1313
f 1302 1313 1312
f 1303 1304 1314
f 1303 1314 1313
f 1304 1305 1315
f 1304 1315 1314
f 1305 1306 1316
f 1305 1316 1315
f 1306 1307 1317
f 1306 1317 1316
f 1307 1308 1318
f 1307 1318 1317
f 1308 1309 1319
f 1308 1319 1318
f 1309 1310 1320
f 1309 1320 1319
f 1311 1312 1322
f 1311 1322 1321
f 1312 1313 1323
f 1312 1323 1322
f 1313 1314 1324
f 1313 1324 1323
f 1314 1315 1325
f 1314 1325 1324
f 1315 1316 1326
f 1315 1326 1325
f 1316 1317 1327
f 1316 1327 1326
f 1317 1318 1328
f 1317 1328 1327
f 1318 1319 1329
f 1318 1329 1328
f 1319 1320 1330
f 1319 1330 1329
f 1321 1322 1332
f 1321 1332 1331
f 1322 1323 1333
f 1322 1333 1332
f 1323 1324 1334
f 1323 1334 1333
f 1324 1325 1335
f 1324 1335 1334
f 1325 1326 1336
f 1325 1336 1335
f 1326 1327 1337
f 1326 1337 1336
f 1327 1328 1338
f 1327 1338 1337
f 1328 1329 1339
f 1328 1339 1338
f 1329 1330 1340
f 1329 1340 1339
f 1331 1332 1342
f 1331 1342 1341
f 1332 1333 1343
f 1332 1343 1342
f 1333 1334 1344
f 1333 1344 1343
f 1334 1335 1345
f 1334 1345 1344
f 1335 1336 1346
f 1335 1346 1345
f 1336 1337 1347
f 1336 1347 1346
f 1337 1338 1348
f 1337 1348 1347
f 1338 1339 1349
f 1338 1349 1348
f 1339 1340 1350
f 1339 1350 1349
f 1341 1342 1352
f 1341 1352 1351
f 1342 1343 1353
f 1342 1353 1352
f 1343 1344 1354
f 1343 1354 1353
f 1344 1345 1355
f 1344 1355 1354
f 1345 1346 1356
f 1345 1356 1355
f 1346 1347 1357
f 1346 1357 1356
f 1347 1348 1358
f 1347 1358 1357
f 1348 1349 1359
f 1348 1359 1358
f 1349 1350 1360
f 1349 1360 1359
f 1351 1352 1362
f 1351 1362 1361
f 1352 1353 1363
f 1352 1363 1362
f 1353 1354 1364
f 1353 1364 1363
f 1354 1355 1365
f 1354 1365 1364
f 1355 1356 1366
f 1355 1366 1365
f 1356 1357 1367
f 1356 1367 1366
f 1357 1358 1368
f 1357 1368 1367
f 1358 1359 1369
f 1358 1369 1368
f 1359 1360 1370
f 1359 1370 1369
f 1361 1362 1372
f 1361 1372 1371
f 1362 1363 1373
f 1362 1373 1372
f 1363 1364 1374
f 1363 1374 1373
f 1364 1365 1375
f 1364 1375 1374
f 1365 1366 1376
f 1365 1376 1375
f 1366 1367 1377
f 1366 1377 1376
f 1367 1368 1378
f 1367 1378 1377
f 1368 1369 1379
f 1368 1379 1378
f 1369 1370 1380
f 1369 1380 1379
f 1371 1372 1382
f 1371 1382 1381
f 1372 1373 1383
f 1372 1383 1382
f 1373 1374 1384
f 1373 1384 1383
f 1374 1375 1385
f 1374 1385 1384
f 1375 1376 1386
f 1375 1386 1385
f 1376 1377 1387
f 1376 1387 1386
f 1377 1378 1388
f 1377 1388 1387
f 1378 1379 1389
f 1378 1389 1388
f 1379 1380 1390
f 1379 1390 1389
f 1381 1382 1392
f 1381 1392 1391
f 1382 1383 1393
f 1382 1393 1392
f 1383 1384 1394
f 1383 1394 1393
f 1384 1385 1395
f 1384 1395 1394
f 1385 1386 1396
f 1385 1396 1395
f 1386 1387 1397
f 1386 1397 1396
f 1387 1388 1398
f 1387 1398 1397
f 1388 1389 1399
f 1388 1399 1398
f 1389 1390 1400
f 1389 1400 1399
f 1401 1402 1412
f 1401 1412 1411
f 1402 1403 1413
f 1402 1413 1412
f 1403 1404 1414
f 1403 1414 1413
f 1404 1405 1415
f 1404 1415 1414
f 1405 1406 1416
f 1405 1416 1415
f 1406 1407 1417
f 1406 1417 1416
f 1407 1408 1418
f 1407 1418 1417
f 1408 1409 1419
f 1408 1419 1418
f 1409 1410 1420
f 1409 1420 1419
f 1411 1412 1422
f 1411 1422 1421
f 1412 1413 1423
f 1412 1423 1422
f 1413 1414 1424
f 1413 1424 1423
f 1414 1415 1425
f 1414 1425 1424
f 1415 1416 1426
f 1415 1426 1425
f 1416 1417 1427
f 1416 1427 1426
f 1417 1418 1428
f 1417 1428 1427
f 1418 1419 1429
f 1418 1429 1428
f 1419 1420 1430
f 1419 1430 1429
f 1421 1422 1432
f 1421 1432 1431
f 1422 1423 1433
f 1422 1433 1432
f 1423 1424 1434
f 1423 1434 1433
f 1424 1425 1435
f 1424 1435 1434
f 1425 1426 1436
f 1425 1436 1435
f 1426 1427 1437
f 1426 1437 1436
f 1427 1428 1438
f 1427 1438 1437
f 1428 1429 1439
f 1428 1439 1438
f 1429 1430 1440
f 1429 1440 1439
f 1431 1432 1442
f 1431 1442 1441
f 1432 1433 1443
f 1432 1443 1442
f 1433 1434 1444
f 1433 1444 1443
f 1434 1435 1445
f 1434 1445 1444
f 1435 1436 1446
f 1435 1446 1445
f 1436 1437 1447
f 1436 1447 1446
f 1437 1438 1448
f 1437 1448 1447
f 1438 1439 1449
f 1438 1449 1448
f 1439 1440 1450
f 1439 1450 1449
f 1441 1442 1452
f 1441 1452 1451
f 1442 1443 1453
f 1442 1453 1452
f 1443 1444 1454
f 1443 1454 1453
f 1444 1445 1455
f 1444 1455 1454
f 1445 1446 1456
f 1445 1456 1455
f 1446 1447 1457
f 1446 1457 1456
f 1447 1448 1458
f 1447 1458 1457
f 1448 1449 1459
f 1448 1459 1458
f 1449 1450 1460
f 1449 1460 1459
f 1451 1452 1462
f 1451 1462 1461
f 1452 1453 1463
f 1452 1463 1462
f 1453 1454 1464
f 1453 1464 1463
f 1454 1455 1465
f 1454 1465 1464
f 1455 1456 1466
f 1455 1466 1465
f 1456 1457 1467
f 1456 1467 1466
f 1457 1458 1468
f 1457 1468 1467
f 1458 1459 1469
f 1458 1469 1468
f 1459 1460 1470
f 1459 1470 1469
f 1461 1462 1472
f 1461 1472 1471
f 1462 1463 1473
f 1462 1473 1472
f 1463 1464 1474
f 1463 1474 1473
f 1464 1465 1475
f 1464 1475 1474
f 1465 1466 1476
f 1465 1476 1475
f 1466 1467 1477
f 1466 1477 1476
f 1467 1468 1478
f 1467 1478 1477
f 1468 1469 1479
f 1468 1479 1478
f 1469 1470 1480
f 1469 1480 1479
f 1471 1472 1482
f 1471 1482 1481
f 1472 1473 1483
f 1472 1483 1482
f 1473 1474 1484
f 1473 1484 1483
f 1474 1475 1485
f 1474 1485 1484
f 1475 1476 1486
f 1475 1486 1485
f 1476 1477 1487
f 1476 1487 1486
f 1477 1478 1488
f 1477 1488 1487
f 1478 1479 1489
f 1478 1489 1488
f 1479 1480 1490
f 1479 1490 1489
f 1481 1482 1492
f 1481 1492 1491
f 1482 1483 1493
f 1482 1493 1492
f 1483 1484 1494
f 1483 1494 1493
f 1484 1485 1495
f 1484 1495 1494
f 1485 1486 1496
f 1485 1496 1495
f 1486 1487 1497
f 1486 1497 1496
f 1487 1488 1498
f 1487 1498 1497
f 1488 1489 1499
f 1488 1499 1498
f 1489 1490 1500
f 1489 1500 1499
f 1501 1502 1512
f 1501 1512 1511
f 1502 1503 1513
f 1502 1513 1512
f 1503 1504 1514
f 1503 1514 1513
f 1504 1505 1515
f 1504 1515 1514
f 1505 1506 1516
f 1505 1516 1515
f 1506 1507 1517
f 1506 1517 1516
f 1507 1508 1518
f 1507 1518 1517
f 1508 1509 1519
f 1508 1519 1518
f 1509 1510 1520
f 1509 1520 1519
f 1511 1512 1522
f 1511 1522 1521
f 1512 1513 1523
f 1512 1523 1522
f 1513 1514 1524
f 1513 1524 1523
f 1514 1515 1525
f 1514 1525 1524
f 1515 1516 1526
f 1515 1526 1525
f 1516 1517 1527
f 1516 1527 1526
f 1517 1518 1528
f 1517 1528 1527
f 1518 1519 1529
f 1518 1529 1528
f 1519 1520 1530
f 1519 1530 1529
f 1521 1522 1532
f 1521 1532 1531
f 1522 1523 1533
f 1522 1533 1532
f 1523 1524 1534
f 1523 1534 1533
f 1524 1525 1535
f 1524 1535 1534
f 1525 1526 1536
f 1525 1536 1535
f 1526 1527 1537
f 1526 1537 1536
f 1527 1528 1538
f 1527 1538 1537
f 1528 1529 1539
f 1528 1539 1538
f 1529 1530 1540
f 1529 1540 1539
f 1531 1532 1542
f 1531 1542 1541
f 1532 1533 1543
f 1532 1543 1542
f 1533 1534 1544
f 1533 1544 1543
f 1534 1535 1545
f 1534 1545 1544
f 1535 1536 1546
f 1535 1546 1545
f 1536 1537 1547
f 1536 1547 1546
f 1537 1538 1548
f 1537 1548 1547
f 1538 1539 1549
f 1538 1549 1548
f 1539 1540 1550
f 1539 1550 1549
f 1541 1542 1552
f 1541 1552 1551
f 1542 1543 1553
f 1542 1553 1552
f 1543 1544 1554
f 1543 1554 1553
f 1544 1545 1555
f 1544 1555 1554
f 1545 1546 1556
f 1545 1556 1555
f 1546 1547 1557
f 1546 1557 1556
f 1547 1548 1558
f 1547 1558 1557
f 1548 1549 1559
f 1548 1559 1558
f 1549 1550 1560
f 1549 1560 1559
f 1551 1552 1562
f 1551 1562 1561
f 1552 1553 1563
f 1552 1563 1562
f 1553 1554 1564
f 1553 1564 1563
f 1554 1555 1565
f 1554 1565 1564
f 1555 1556 1566
f 1555 1566 1565
f 1556 1557 1567
f 1556 1567 1566
f 1557 1558 1568
f 1557 1568 1567
f 1558 1559 1569
f 1558 1569 1568
f 1559 1560 1570
f 1559 1570 1569
f 1561 1562 1572
f 1561 1572 1571
f 1562 1563 1573
f 1562 1573 1572
f 1563 1564 1574
f 1563 1574 1573
f 1564 1565 1575
f 1564 1575 1574
f 1565 1566 1576
f 1565 1576 1575
f 1566 1567 1577
f 1566 1577 1576
f 1567 1568 1578
f 1567 1578 1577
f 1568 1569 1579
f 1568 1579 1578
f 1569 1570 1580
f 1569 1580 1579
f 1571 1572 1582
f 1571 1582 1581
f 1572 1573 1583
f 1572 1583 1582
f 1573 1574 1584
f 1573 1584 1583
f 1574 1575 1585
f 1574 1585 1584
f 1575 1576 1586
f 1575 1586 1585
f 1576 1577 1587
f 1576 1587 1586
f 1577 1578 1588
f 1577 1588 1587
f 1578 1579 1589
f 1578 1589 1588
f 1579 1580 1590
f 1579 1590 1589
f 1581 1582 1592
f 1581 1592 1591
f 1582 1583 1593
f 1582 1593 1592
f 1583 1584 1594
f 1583 1594 1593
f 1584 1585 1595
f 1584 1595 1594
f 1585 1586 1596
f 1585 1596 1595
f 1586 1587 1597
f 1586 1597 1596
f 1587 1588 1598
f 1587 1598 1597
f 1588 1589 1599
f 1588 1599 1598
f 1589 1590 1600
f 1589 1600 1599
f 1601 1602 1612
f 1601 1612 1611
f 1602 1603 1613
f 1602 1613 1612
f 1603 1604 1614
f 1603 1614 1613
f 1604 1605 1615
f 1604 1615 1614
f 1605 1606 1616
f 1605 1616 1615
f 1606 1607 1617
f 1606 1617 1616
f 1607 1608 1618
f 1607 1618 1617
f 1608 1609 1619
f 1608 1619 1618
f 1609 1610 1620
f 1609 1620 1619
f 1611 1612 1622
f 1611 1622 1621
f 1612 1613 1623
f 1612 1623 1622
f 1613 1614 1624
f 1613 1624 1623
f 1614 1615 1625
f 1614 1625 1624
f 1615 1616 1626
f 1615 1626 1625
f 1616 1617 1627
f 1616 1627 1626
f 1617 1618 1628
f 1617 1628 1627
f 1618 1619 1629
f 1618 1629 1628
f 1619 1620 1630
f 1619 1630 1629
f 1621 1622 1632
f 1621 1632 1631
f 1622 1623 1633
f 1622 1633 1632
f 1623 1624 1634
f 1623 1634 1633
f 1624 1625 1635
f 1624 1635 1634
f 1625 1626 1636
f 1625 1636 1635
f 1626 1627 1637
f 1626 1637 1636
f 1627 1628 1638
f 1627 1638 1637
f 1628 1629 1639
f 1628 1639 1638
f 1629 1630 1640
f 1629 1640 1639
f 1631 1632 1642
f 1631 1642 1641
f 1632 1633 1643
f 1632 1643 1642
f 1633 1634 1644
f 1633 1644 1643
f 1634 1635 1645
f 1634 1645 1644
f 1635 1636 1646
f 1635 1646 1645
f 1636 1637 1647
f 1636 1647 1646
f 1637 1638 1648
f 1637 1648 1647
f 1638 1639 1649
f 1638 1649 1648
f 1639 1640 1650
f 1639 1650 1649
f 1641 1642 1652
f 1641 1652 1651
f 1642 1643 1653
f 1642 1653 1652
f 1643 1644 1654
f 1643 1654 1653
f 1644 1645 1655
f 1644 1655 1654
f 1645 1646 1656
f 1645 1656 1655
f 1646 1647 1657
f 1646 1657 1656
f 1647 1648 1658
f 1647 1658 1657
f 1648 1649 1659
f 1648 1659 1658
f 1649 1650 1660
f 1649 1660 1659
f 1651 1652 1662
f 1651 1662 1661
f 1652 1653 1663
f 1652 1663 1662
f 1653 1654 1664
f 1653 1664 1663
f 1654 1655 1665
f 1654 1665 1664
f 1655 1656 1666
f 1655 1666 1665
f 1656 1657 1667
f 1656 1667 1666
f 1657 1658 1668
f 1657 1668 1667
f 1658 1659 1669
f 1658 1669 1668
f 1659 1660 1670
f 1659 1670 1669
f 1661 1662 1672
f 1661 1672 1671
f 1662 1663 1673
f 1662 1673 1672
f 1663 1664 1674
f 1663 1674 1673
f 1664 1665 1675
f 1664 1675 1674
f 1665 1666 1676
f 1665 1676 1675
f 1666 1667 1677
f 1666 1677 1676
f 1667 1668 1678
f 1667 1678 1677
f 1668 1669 1679
f 1668 1679 1678
f 1669 1670 1680
f 1669 1680 1679
f 1671 1672 1682
f 1671 1682 1681
f 1672 1673 1683
f 1672 1683 1682
f 1673 1674 1684
f 1673 1684 1683
f 1674 1675 1685
f 1674 1685 1684
f 1675 1676 1686
f 1675 1686 1685
f 1676 1677 1687
f 1676 1687 1686
f 1677 1678 1688
f 1677 1688 1687
f 1678 1679 1689
f 1678 1689 1688
f 1679 1680 1690
f 1679 1690 1689
f 1681 1682 1692
f 1681 1692 1691
f 1682 1683 1693
f 1682 1693 1692
f 1683 1684 1694
f 1683 1694 1693
f 1684 1685 1695
f 1684 1695 1694
f 1685 1686 1696
f 1685 1696 1695
f 1686 1687 1697
f 1686 1697 1696
f 1687 1688 1698
f 1687 1698 1697
f 1688 1689 1699
f 1688 1699 1698
f 1689 1690 1700
f 1689 1700 1699
f 1701 1702 1712
f 1701 1712 1711
f 1702 1703 1713
f 1702 1713 1712
f 1703 1704 1714
f 1703 1714 1713
f 1704 1705 1715
f 1704 1715 1714
f 1705 1706 1716
f 1705 1716 1715
f 1706 1707 1717
f 1706 1717 1716
f 1707 1708 1718
f 1707 1718 1717
f 1708 1709 1719
f 1708 1719 1718
f 1709 1710 1720
f 1709 1720 1719
f 1711 1712 1722
f 1711 1722 1721
f 1712 1713 1723
f 1712 1723 1722
f 1713 1714 1724
f 1713 1724 1723
f 1714 1715 1725
f 1714 1725 1724
f 1715 1716 1726
f 1715 1726 1725
f 1716 1717 1727
f 1716 1727 1726
f 1717 1718 1728
f 1717 1728 1727
f 1718 1719 1729
f 1718 1729 1728
f 1719 1720 1730
f 1719 1730 1729
f 1721 1722 1732
f 1721 1732 1731
f 1722 1723 1733
f 1722 1733 1732
f 1723 1724 1734
f 1723 1734 1733
f 1724 1725 1735
f 1724 1735 1734
f 1725 1726 1736
f 1725 1736 1735
f 1726 1727 1737
f 1726 1737 1736
f 1727 1728 1738
f 1727 1738 1737
f 1728 1729 1739
f 1728 1739 1738
f 1729 1730 1740
f 1729 1740 1739
f 1731 1732 1742
f 1731 1742 1741
f 1732 1733 1743
f 1732 1743 1742
f 1733 1734 1744
f 1733 1744 1743
f 1734 1735 1745
f 1734 1745 1744
f 1735 1736 1746
f 1735 1746 1745
f 1736 1737 1747
f 1736 1747 1746
f 1737 1738 1748
f 1737 1748 1747
f 1738 1739 1749
f 1738 1749 1748
f 1739 1740 1750
f 1739 1750 1749
f 1741 1742 1752
f 1741 1752 1751
f 1742 1743 1753
f 1742 1753 1752
f 1743 1744 1754
f 1743 1754 1753
f 1744 1745 1755
f 1744 1755 1754
f 1745 1746 1756
f 1745 1756 1755
f 1746 1747 1757
f 1746 1757 1756
f 1747 1748 1758
f 1747 1758 1757
f 1748 1749 1759
f 1748 1759 1758
f 1749 1750 1760
f 1749 1760 1759
f 1751 1752 1762
f 1751 1762 1761
f 1752 1753 1763
f 1752 1763 1762
f 1753 1754 1764
f 1753 1764 1763
f 1754 1755 1765
f 1754 1765 1764
f 1755 1756 1766
f 1755 1766 1765
f 1756 1757 1767
f 1756 1767 1766
f 1757 1758 1768
f 1757 1768 1767
f 1758 1759 1769
f 1758 1769 1768
f 1759 1760 1770
f 1759 1770 1769
f 1761 1762 1772
f 1761 1772 1771
f 1762 1763 1773
f 1762 1773 1772
f 1763 1764 1774
f 1763 1774 1773
f 1764 1765 1775
f 1764 1775 1774
f 1765 1766 1776
f 1765 1776 1775
f 1766 1767 1777
f 1766 1777 1776
f 1767 1768 1778
f 1767 1778 1777
f 1768 1769 1779
f 1768 1779 1778
f 1769 1770 1780
f 1769 1780 1779
f 1771 1772 1782
f 1771 1782 1781
f 1772 1773 1783
f 1772 1783 1782
f 1773 1774 1784
f 1773 1784 1783
f 1774 1775 1785
f 1774 1785 1784
f 1775 1776 1786
f 1775 1786 1785
f 1776 1777 1787
f 1776 1787 1786
f 1777 1778 1788
f 1777 1788 1787
f 1778 1779 1789
f 1778 1789 1788
f 1779 1780 1790
f 1779 1790 1789
f 1781 1782 1792
f 1781 1792 1791
f 1782 1783 1793
f 1782 1793 1792
f 1783 1784 1794
f 1783 1794 1793
f 1784 1785 1795
f 1784 1795 1794
f 1785 1786 1796
f 1785 1796 1795
f 1786 1787 1797
f 1786 1797 1796
f 1787 1788 1798
f 1787 1798 1797
f 1788 1789 1799
f 1788 1799 1798
f 1789 1790 1800
f 1789 1800 1799
g 초소 벽_1
v -31.2000 0.2000 1.3000
v -31.2000 0.4667 1.3000
v -31.2000 0.7333 1.3000
v -31.2000 1.0000 1.3000
v -31.2000 1.2667 1.3000
v -31.2000 1.5333 1.3000
v -31.2000 1.8000 1.3000
v -31.2000 2.0667 1.3000
v -31.2000 2.3333 1.3000
v -31.2000 2.6000 1.3000
v -30.9333 0.2000 1.3000
v -30.9333 0.4667 1.3000
v -30.9333 0.7333 1.3000
v -30.9333 1.0000 1.3000
v -30.9333 1.2667 1.3000
v -30.9333 1.5333 1.3000
v -30.9333 1.8000 1.3000
v -30.9333 2.0667 1.3000
v -30.9333 2.3333 1.3000
v -30.9333 2.6000 1.3000
v -30.6667 0.2000 1.3000
v -30.6667 0.4667 1.3000
v -30.6667 0.7333 1.3000
v -30.6667 1.0000 1.3000
v -30.6667 1.2667 1.3000
v -30.6667 1.5333 1.3000
v -30.6667 1.8000 1.3000
v -30.6667 2.0667 1.3000
v -30.6667 2.3333 1.3000
v -30.6667 2.6000 1.3000
v -30.4000 0.2000 1.3000
v -30.4000 0.4667 1.3000
v -30.4000 0.7333 1.3000
v -30.4000 1.0000 1.3000
v -30.4000 1.2667 1.3000
v -30.4000 1.5333 1.3000
v -30.4000 1.8000 1.3000
v -30.4000 2.0667 1.3000
v -30.4000 2.3333 1.3000
v -30.4000 2.6000 1.3000
v -30.1333 0.2000 1.3000
v -30.1333 0.4667 1.3000
v -30.1333 0.7333 1.3000
v -30.1333 1.0000 1.3000
v -30.1333 1.2667 1.3000
v -30.1333 1.5333 1.3000
v -30.1333 1.8000 1.3000
v -30.1333 2.0667 1.3000
v -30.1333 2.3333 1.3000
v -30.1333 2.6000 1.3000
v -29.8667 0.2000 1.3000
v -29.8667 0.4667 1.3000
v -29.8667 0.7333 1.3000
v -29.8667 1.0000 1.3000
v -29.8667 1.2667 1.3000
v -29.8667 1.5333 1.3000
v -29.8667 1.8000 1.3000
v -29.8667 2.0667 1.3000
v -29.8667 2.3333 1.3000
v -29.8667 2.6000 1.3000
v -29.6000 0.2000 1.3000
v -29.6000 0.4667 1.3000
v -29.6000 0.7333 1.3000
v -29.6000 1.0000 1.3000
v -29.6000 1.2667 1.3000
v -29.6000 1.5333 1.3000
v -29.6000 1.8000 1.3000
v -29.6000 2.0667 1.3000
v -29.6000 2.3333 1.3000
v -29.6000 2.6000 1.3000
v -29.3333 0.2000 1.3000
v -29.3333 0.4667 1.3000
v -29.3333 0.7333 1.3000
v -29.3333 1.0000 1.3000
v -29.3333 1.2667 1.3000
v -29.3333 1.5333 1.3000
v -29.3333 1.8000 1.3000
v -29.3333 2.0667 1.3000
v -29.3333 2.3333 1.3000
v -29.3333 2.6000 1.3000
v -29.0667 0.2000 1.3000
v -29.0667 0.4667 1.3000
v -29.0667 0.7333 1.3000
v -29.0667 1.0000 1.3000
v -29.0667 1.2667 1.3000
v -29.0667 1.5333 1.3000
v -29.0667 1.8000 1.3000
v -29.0667 2.0667 1.3000
v -29.0667 2.3333 1.3000
v -29.0667 2.6000 1.3000
v -28.8000 0.2000 1.3000
v -28.8000 0.4667 1.3000
v -28.8000 0.7333 1.3000
v -28.8000 1.0000 1.3000
v -28.8000 1.2667 1.3000
v -28.8000 1.5333 1.3000
v -28.8000 1.8000 1.3000
v -28.8000 2.0667 1.3000
v -28.8000 2.3333 1.3000
v -28.8000 2.6000 1.3000
v -28.8000 0.2000 1.1000
v -28.8000 0.4667 1.1000
v -28.8000 0.7333 1.1000
v -28.8000 1.0000 1.1000
v -28.8000 1.2667 1.1000
v -28.8000 1.5333 1.1000
v -28.8000 1.8000 1.1000
v -28.8000 2.0667 1.1000
v -28.8000 2.3333 1.1000
v -28.8000 2.6000 1.1000
v -29.0667 0.2000 1.1000
v -29.0667 0.4667 1.1000
v -29.0667 0.7333 1.1000
v -29.0667 1.0000 1.1000
v -29.0667 1.2667 1.1000
v -29.0667 1.5333 1.1000
v -29.0667 1.8000 1.1000
v -29.0667 2.0667 1.1000
v -29.0667 2.3333 1.1000
v -29.0667 2.6000 1.1000
v -29.3333 0.2000 1.1000
v -29.3333 0.4667 1.1000
v -29.3333 0.7333 1.1000
v -29.3333 1.0000 1.1000
v -29.3333 1.2667 1.1000
v -29.3333 1.5333 1.1000
v -29.3333 1.8000 1.1000
v -29.3333 2.0667 1.1000
v -29.3333 2.3333 1.1000
v -29.3333 2.6000 1.1000
v -29.6000 0.2000 1.1000
v -29.6000 0.4667 1.1000
v -29.6000 0.7333 1.1000
v -29.6000 1.0000 1.1000
v -29.6000 1.2667 1.1000
v -29.6000 1.5333 1.1000
v -29.6000 1.8000 1.1000
v -29.6000 2.0667 1.1000
v -29.6000 2.3333 1.1000
v -29.6000 2.6000 1.1000
v -29.8667 0.2000 1.1000
v -29.8667 0.4667 1.1000
v -29.8667 0.7333 1.1000
v -29.8667 1.0000 1.1000
v -29.8667 1.2667 1.1000
v -29.8667 1.5333 1.1000
v -29.8667 1.8000 1.1000
v -29.8667 2.0667 1.1000
v -29.8667 2.3333 1.1000
v -29.8667 2.6000 1.1000
v -30.1333 0.2000 1.1000
v -30.1333 0.4667 1.1000
v -30.1333 0.7333 1.1000
v -30.1333 1.0000 1.1000
v -30.1333 1.2667 1.1000
v -30.1333 1.5333 1.1000
v -30.1333 1.8000 1.1000
v -30.1333 2.0667 1.1000
v -30.1333 2.3333 1.1000
v -30.1333 2.6000 1.1000
v -30.4000 0.2000 1.1000
v -30.4000 0.4667 1.1000
v -30.4000 0.7333 1.1000
v -30.4000 1.0000 1.1000
v -30.4000 1.2667 1.1000
v -30.4000 1.5333 1.1000
v -30.4000 1.8000 1.1000
v -30.4000 2.0667 1.1000
v -30.4000 2.3333 1.1000
v -30.4000 2.6000 1.1000
v -30.6667 0.2000 1.1000
v -30.6667 0.4667 1.1000
v -30.6667 0.7333 1.1000
v -30.6667 1.0000 1.1000
v -30.6667 1.2667 1.1000
v -30.6667 1.5333 1.1000
v -30.6667 1.8000 1.1000
v -30.6667 2.0667 1.1000
v -30.6667 2.3333 1.1000
v -30.6667 2.6000 1.1000
v -30.9333 0.2000 1.1000
v -30.9333 0.4667 1.1000
v -30.9333 0.7333 1.1000
v -30.9333 1.0000 1.1000
v -30.9333 1.2667 1.1000
v -30.9333 1.5333 1.1000
v -30.9333 1.8000 1.1000
v -30.9333 2.0667 1.1000
v -30.9333 2.3333 1.1000
v -30.9333 2.6000 1.1000
v -31.2000 0.2000 1.1000
v -31.2000 0.4667 1.1000
v -31.2000 0.7333 1.1000
v -31.2000 1.0000 1.1000
v -31.2000 1.2667 1.1000
v -31.2000 1.5333 1.1000
v -31.2000 1.8000 1.1000
v -31.2000 2.0667 1.1000
v -31.2000 2.3333 1.1000
v -31.2000 2.6000 1.1000
v -31.2000 0.2000 1.1000
v -31.2000 0.4667 1.1000
v -31.2000 0.7333 1.1000
v -31.2000 1.0000 1.1000
v -31.2000 1.2667 1.1000
v -31.2000 1.5333 1.1000
v -31.2000 1.8000 1.1000
v -31.2000 2.0667 1.1000
v -31.2000 2.3333 1.1000
v -31.2000 2.6000 1.1000
v -31.2000 0.2000 1.1222
v -31.2000 0.4667 1.1222
v -31.2000 0.7333 1.1222
v -31.2000 1.0000 1.1222
v -31.2000 1.2667 1.1222
v -31.2000 1.5333 1.1222
v -31.2000 1.8000 1.1222
v -31.2000 2.0667 1.1222
v -31.2000 2.3333 1.1222
v -31.2000 2.6000 1.1222
v -31.2000 0.2000 1.1444
v -31.2000 0.4667 1.1444
v -31.2000 0.7333 1.1444
v -31.2000 1.0000 1.1444
v -31.2000 1.2667 1.1444
v -31.2000 1.5333 1.1444
v -31.2000 1.8000 1.1444
v -31.2000 2.0667 1.1444
v -31.2000 2.3333 1.1444
v -31.2000 2.6000 1.1444
v -31.2000 0.2000 1.1667
v -31.2000 0.4667 1.1667
v -31.2000 0.7333 1.1667
v -31.2000 1.0000 1.1667
v -31.2000 1.2667 1.1667
v -31.2000 1.5333 1.1667
v -31.2000 1.8000 1.1667
v -31.2000 2.0667 1.1667
v -31.2000 2.3333 1.1667
v -31.2000 2.6000 1.1667
v -31.2000 0.2000 1.1889
v -31.2000 0.4667 1.1889
v -31.2000 0.7333 1.1889
v -31.2000 1.0000 1.1889
v -31.2000 1.2667 1.1889
v -31.2000 1.5333 1.1889
v -31.2000 1.8000 1.1889
v -31.2000 2.0667 1.1889
v -31.2000 2.3333 1.1889
v -31.2000 2.6000 1.1889
v -31.2000 0.2000 1.2111
v -31.2000 0.4667 1.2111
v -31.2000 0.7333 1.2111
v -31.2000 1.0000 1.2111
v -31.2000 1.2667 1.2111
v -31.2000 1.5333 1.2111
v -31.2000 1.8000 1.2111
v -31.2000 2.0667 1.2111
v -31.2000 2.3333 1.2111
v -31.2000 2.6000 1.2111
v -31.2000 0.2000 1.2333
v -31.2000 0.4667 1.2333
v -31.2000 0.7333 1.2333
v -31.2000 1.0000 1.2333
v -31.2000 1.2667 1.2333
v -31.2000 1.5333 1.2333
v -31.2000 1.8000 1.2333
v -31.2000 2.0667 1.2333
v -31.2000 2.3333 1.2333
v -31.2000 2.6000 1.2333
v -31.2000 0.2000 1.2556
v -31.2000 0.4667 1.2556
v -31.2000 0.7333 1.2556
v -31.2000 1.0000 1.2556
v -31.2000 1.2667 1.2556
v -31.2000 1.5333 1.2556
v -31.2000 1.8000 1.2556
v -31.2000 2.0667 1.2556
v -31.2000 2.3333 1.2556
v -31.2000 2.6000 1.2556
v -31.2000 0.2000 1.2778
v -31.2000 0.4667 1.2778
v -31.2000 0.7333 1.2778
v -31.2000 1.0000 1.2778
v -31.2000 1.2667 1.2778
v -31.2000 1.5333 1.2778
v -31.2000 1.8000 1.2778
v -31.2000 2.0667 1.2778
v -31.2000 2.3333 1.2778
v -31.2000 2.6000 1.2778
v -31.2000 0.2000 1.3000
v -31.2000 0.4667 1.3000
v -31.2000 0.7333 1.3000
v -31.2000 1.0000 1.3000
v -31.2000 1.2667 1.3000
v -31.2000 1.5333 1.3000
v -31.2000 1.8000 1.3000
v -31.2000 2.0667 1.3000
v -31.2000 2.3333 1.3000
v -31.2000 2.6000 1.3000
v -28.8000 0.2000 1.3000
v -28.8000 0.4667 1.3000
v -28.8000 0.7333 1.3000
v -28.8000 1.0000 1.3000
v -28.8000 1.2667 1.3000
v -28.8000 1.5333 1.3000
v -28.8000 1.8000 1.3000
v -28.8000 2.0667 1.3000
v -28.8000 2.3333 1.3000
v -28.8000 2.6000 1.3000
v -28.8000 0.2000 1.2778
v -28.8000 0.4667 1.2778
v -28.8000 0.7333 1.2778
v -28.8000 1.0000 1.2778
v -28.8000 1.2667 1.2778
v -28.8000 1.5333 1.2778
v -28.8000 1.8000 1.2778
v -28.8000 2.0667 1.2778
v -28.8000 2.3333 1.2778
v -28.8000 2.6000 1.2778
v -28.8000 0.2000 1.2556
v -28.8000 0.4667 1.2556
v -28.8000 0.7333 1.2556
v -28.8000 1.0000 1.2556
v -28.8000 1.2667 1.2556
v -28.8000 1.5333 1.2556
v -28.8000 1.8000 1.2556
v -28.8000 2.0667 1.2556
v -28.8000 2.3333 1.2556
v -28.8000 2.6000 1.2556
v -28.8000 0.2000 1.2333
v -28.8000 0.4667 1.2333
v -28.8000 0.7333 1.2333
v -28.8000 1.0000 1.2333
v -28.8000 1.2667 1.2333
v -28.8000 1.5333 1.2333
v -28.8000 1.8000 1.2333
v -28.8000 2.0667 1.2333
v -28.8000 2.3333 1.2333
v -28.8000 2.6000 1.2333
v -28.8000 0.2000 1.2111
v -28.8000 0.4667 1.2111
v -28.8000 0.7333 1.2111
v -28.8000 1.0000 1.2111
v -28.8000 1.2667 1.2111
v -28.8000 1.5333 1.2111
v -28.8000 1.8000 1.2111
v -28.8000 2.0667 1.2111
v -28.8000 2.3333 1.2111
v -28.8000 2.6000 1.2111
v -28.8000 0.2000 1.1889
v -28.8000 0.4667 1.1889
v -28.8000 0.7333 1.1889
v -28.8000 1.0000 1.1889
v -28.8000 1.2667 1.1889
v -28.8000 1.5333 1.1889
v -28.8000 1.8000 1.1889
v -28.8000 2.0667 1.1889
v -28.8000 2.3333 1.1889
v -28.8000 2.6000 1.1889
v -28.8000 0.2000 1.1667
v -28.8000 0.4667 1.1667
v -28.8000 0.7333 1.1667
v -28.8000 1.0000 1.1667
v -28.8000 1.2667 1.1667
v -28.8000 1.5333 1.1667
v -28.8000 1.8000 1.1667
v -28.8000 2.0667 1.1667
v -28.8000 2.3333 1.1667
v -28.8000 2.6000 1.1667
v -28.8000 0.2000 1.1444
v -28.8000 0.4667 1.1444
v -28.8000 0.7333 1.1444
v -28.8000 1.0000 1.1444
v -28.8000 1.2667 1.1444
v -28.8000 1.5333 1.1444
v -28.8000 1.8000 1.1444
v -28.8000 2.0667 1.1444
v -28.8000 2.3333 1.1444
v -28.8000 2.6000 1.1444
v -28.8000 0.2000 1.1222
v -28.8000 0.4667 1.1222
v -28.8000 0.7333 1.1222
v -28.8000 1.0000 1.1222
v -28.8000 1.2667 1.1222
v -28.8000 1.5333 1.1222
v -28.8000 1.8000 1.1222
v -28.8000 2.0667 1.1222
v -28.8000 2.3333 1.1222
v -28.8000 2.6000 1.1222
v -28.8000 0.2000 1.1000
v -28.8000 0.4667 1.1000
v -28.8000 0.7333 1.1000
v -28.8000 1.0000 1.1000
v -28.8000 1.2667 1.1000
v -28.8000 1.5333 1.1000
v -28.8000 1.8000 1.1000
v -28.8000 2.0667 1.1000
v -28.8000 2.3333 1.1000
v -28.8000 2.6000 1.1000
v -31.2000 2.6000 1.1000
v -31.2000 2.6000 1.1222
v -31.2000 2.6000 1.1444
v -31.2000 2.6000 1.1667
v -31.2000 2.6000 1.1889
v -31.2000 2.6000 1.2111
v -31.2000 2.6000 1.2333
v -31.2000 2.6000 1.2556
v -31.2000 2.6000 1.2778
v -31.2000 2.6000 1.3000
v -30.9333 2.6000 1.1000
v -30.9333 2.6000 1.1222
v -30.9333 2.6000 1.1444
v -30.9333 2.6000 1.1667
v -30.9333 2.6000 1.1889
v -30.9333 2.6000 1.2111
v -30.9333 2.6000 1.2333
v -30.9333 2.6000 1.2556
v -30.9333 2.6000 1.2778
v -30.9333 2.6000 1.3000
v -30.6667 2.6000 1.1000
v -30.6667 2.6000 1.1222
v -30.6667 2.6000 1.1444
v -30.6667 2.6000 1.1667
v -30.6667 2.6000 1.1889
v -30.6667 2.6000 1.2111
v -30.6667 2.6000 1.2333
v -30.6667 2.6000 1.2556
v -30.6667 2.6000 1.2778
v -30.6667 2.6000 1.3000
v -30.4000 2.6000 1.1000
v -30.4000 2.6000 1.1222
v -30.4000 2.6000 1.1444
v -30.4000 2.6000 1.1667
v -30.4000 2.6000 1.1889
v -30.4000 2.6000 1.2111
v -30.4000 2.6000 1.2333
v -30.4000 2.6000 1.2556
v -30.4000 2.6000 1.2778
v -30.4000 2.6000 1.3000
v -30.1333 2.6000 1.1000
v -30.1333 2.6000 1.1222
v -30.1333 2.6000 1.1444
v -30.1333 2.6000 1.1667
v -30.1333 2.6000 1.1889
v -30.1333 2.6000 1.2111
v -30.1333 2.6000 1.2333
v -30.1333 2.6000 1.2556
v -30.1333 2.6000 1.2778
v -30.1333 2.6000 1.3000
v -29.8667 2.6000 1.1000
v -29.8667 2.6000 1.1222
v -29.8667 2.6000 1.1444
v -29.8667 2.6000 1.1667
v -29.8667 2.6000 1.1889
v -29.8667 2.6000 1.2111
v -29.8667 2.6000 1.2333
v -29.8667 2.6000 1.2556
v -29.8667 2.6000 1.2778
v -29.8667 2.6000 1.3000
v -29.6000 2.6000 1.1000
v -29.6000 2.6000 1.1222
v -29.6000 2.6000 1.1444
v -29.6000 2.6000 1.1667
v -29.6000 2.6000 1.1889
v -29.6000 2.6000 1.2111
v -29.6000 2.6000 1.2333
v -29.6000 2.6000 1.2556
v -29.6000 2.6000 1.2778
v -29.6000 2.6000 1.3000
v -29.3333 2.6000 1.1000
v -29.3333 2.6000 1.1222
v -29.3333 2.6000 1.1444
v -29.3333 2.6000 1.1667
v -29.3333 2.6000 1.1889
v -29.3333 2.6000 1.2111
v -29.3333 2.6000 1.2333
v -29.3333 2.6000 1.2556
v -29.3333 2.6000 1.2778
v -29.3333 2.6000 1.3000
v -29.0667 2.6000 1.1000
v -29.0667 2.6000 1.1222
v -29.0667 2.6000 1.1444
v -29.0667 2.6000 1.1667
v -29.0667 2.6000 1.1889
v -29.0667 2.6000 1.2111
v -29.0667 2.6000 1.2333
v -29.0667 2.6000 1.2556
v -29.0667 2.6000 1.2778
v -29.0667 2.6000 1.3000
v -28.8000 2.6000 1.1000
v -28.8000 2.6000 1.1222
v -28.8000 2.6000 1.1444
v -28.8000 2.6000 1.1667
v -28.8000 2.6000 1.1889
v -28.8000 2.6000 1.2111
v -28.8000 2.6000 1.2333
v -28.8000 2.6000 1.2556
v -28.8000 2.6000 1.2778
v -28.8000 2.6000 1.3000
v -31.2000 0.2000 1.3000
v -31.2000 0.2000 1.2778
v -31.2000 0.2000 1.2556
v -31.2000 0.2000 1.2333
v -31.2000 0.2000 1.2111
v -31.2000 0.2000 1.1889
v -31.2000 0.2000 1.1667
v -31.2000 0.2000 1.1444
v -31.2000 0.2000 1.1222
v -31.2000 0.2000 1.1000
v -30.9333 0.2000 1.3000
v -30.9333 0.2000 1.2778
v -30.9333 0.2000 1.2556
v -30.9333 0.2000 1.2333
v -30.9333 0.2000 1.2111
v -30.9333 0.2000 1.1889
v -30.9333 0.2000 1.1667
v -30.9333 0.2000 1.1444
v -30.9333 0.2000 1.1222
v -30.9333 0.2000 1.1000
v -30.6667 0.2000 1.3000
v -30.6667 0.2000 1.2778
v -30.6667 0.2000 1.2556
v -30.6667 0.2000 1.2333
v -30.6667 0.2000 1.2111
v -30.6667 0.2000 1.1889
v -30.6667 0.2000 1.1667
v -30.6667 0.2000 1.1444
v -30.6667 0.2000 1.1222
v -30.6667 0.2000 1.1000
v -30.4000 0.2000 1.3000
v -30.4000 0.2000 1.2778
v -30.4000 0.2000 1.2556
v -30.4000 0.2000 1.2333
v -30.4000 0.2000 1.2111
v -30.4000 0.2000 1.1889
v -30.4000 0.2000 1.1667
v -30.4000 0.2000 1.1444
v -30.4000 0.2000 1.1222
v -30.4000 0.2000 1.1000
v -30.1333 0.2000 1.3000
v -30.1333 0.2000 1.2778
v -30.1333 0.2000 1.2556
v -30.1333 0.2000 1.2333
v -30.1333 0.2000 1.2111
v -30.1333 0.2000 1.1889
v -30.1333 0.2000 1.1667
v -30.1333 0.2000 1.1444
v -30.1333 0.2000 1.1222
v -30.1333 0.2000 1.1000
v -29.8667 0.2000 1.3000
v -29.8667 0.2000 1.2778
v -29.8667 0.2000 1.2556
v -29.8667 0.2000 1.2333
v -29.8667 0.2000 1.2111
v -29.8667 0.2000 1.1889
v -29.8667 0.2000 1.1667
v -29.8667 0.2000 1.1444
v -29.8667 0.2000 1.1222
v -29.8667 0.2000 1.1000
v -29.6000 0.2000 1.3000
v -29.6000 0.2000 1.2778
v -29.6000 0.2000 1.2556
v -29.6000 0.2000 1.2333
v -29.6000 0.2000 1.2111
v -29.6000 0.2000 1.1889
v -29.6000 0.2000 1.1667
v -29.6000 0.2000 1.1444
v -29.6000 0.2000 1.1222
v -29.6000 0.2000 1.1000
v -29.3333 0.2000 1.3000
v -29.3333 0.2000 1.2778
v -29.3333 0.2000 1.2556
v -29.3333 0.2000 1.2333
v -29.3333 0.2000 1.2111
v -29.3333 0.2000 1.1889
v -29.3333 0.2000 1.1667
v -29.3333 0.2000 1.1444
v -29.3333 0.2000 1.1222
v -29.3333 0.2000 1.1000
v -29.0667 0.2000 1.3000
v -29.0667 0.2000 1.2778
v -29.0667 0.2000 1.2556
v -29.0667 0.2000 1.2333
v -29.0667 0.2000 1.2111
v -29.0667 0.2000 1.1889
v -29.0667 0.2000 1.1667
v -29.0667 0.2000 1.1444
v -29.0667 0.2000 1.1222
v -29.0667 0.2000 1.1000
v -28.8000 0.2000 1.3000
v -28.8000 0.2000 1.2778
v -28.8000 0.2000 1.2556
v -28.8000 0.2000 1.2333
v -28.8000 0.2000 1.2111
v -28.8000 0.2000 1.1889
v -28.8000 0.2000 1.1667
v -28.8000 0.2000 1.1444
v -28.8000 0.2000 1.1222
v -28.8000 0.2000 1.1000
f 1801 1802 1812
f 1801 1812 1811
f 1802 1803 1813
f 1802 1813 1812
f 1803 1804 1814
f 1803 1814 1813
f 1804 1805 1815
f 1804 1815 1814
f 1805 1806 1816
f 1805 1816 1815
f 1806 1807 1817
f 1806 1817 1816
f 1807 1808 1818
f 1807 1818 1817
f 1808 1809 1819
f 1808 1819 1818
f 1809 1810 1820
f 1809 1820 1819
f 1811 1812 1822
f 1811 1822 1821
f 1812 1813 1823
f 1812 1823 1822
f 1813 1814 1824
f 1813 1824 1823
f 1814 1815 1825
f 1814 1825 1824
f 1815 1816 1826
f 1815 1826 1825
f 1816 1817 1827
f 1816 1827 1826
f 1817 1818 1828
f 1817 1828 1827
f 1818 1819 1829
f 1818 1829 1828
f 1819 1820 1830
f 1819 1830 1829
f 1821 1822 1832
f 1821 1832 1831
f 1822 1823 1833
f 1822 1833 1832
f 1823 1824 1834
f 1823 1834 1833
f 1824 1825 1835
f 1824 1835 1834
f 1825 1826 1836
f 1825 1836 1835
f 1826 1827 1837
f 1826 1837 1836
f 1827 1828 1838
f 1827 1838 1837
f 1828 1829 1839
f 1828 1839 1838
f 1829 1830 1840
f 1829 1840 1839
f 1831 1832 1842
f 1831 1842 1841
f 1832 1833 1843
f 1832 1843 1842
f 1833 1834 1844
f 1833 1844 1843
f 1834 1835 1845
f 1834 1845 1844
f 1835 1836 1846
f 1835 1846 1845
f 1836 1837 1847
f 1836 1847 1846
f 1837 1838 1848
f 1837 1848 1847
f 1838 1839 1849
f 1838 1849 1848
f 1839 1840 1850
f 1839 1850 1849
f 1841 1842 1852
f 1841 1852 1851
f 1842 1843 1853
f 1842 1853 1852
f 1843 1844 1854
f 1843 1854 1853
f 1844 1845 1855
f 1844 1855 1854
f 1845 1846 1856
f 1845 1856 1855
f 1846 1847 1857
f 1846 1857 1856
f 1847 1848 1858
f 1847 1858 1857
f 1848 1849 1859
f 1848 1859 1858
f 1849 1850 1860
f 1849 1860 1859
f 1851 1852 1862
f 1851 1862 1861
f 1852 1853 1863
f 1852 1863 1862
f 1853 1854 1864
f 1853 1864 1863
f 1854 1855 1865
f 1854 1865 1864
f 1855 1856 1866
f 1855 1866 1865
f 1856 1857 1867
f 1856 1867 1866
f 1857 1858 1868
f 1857 1868 1867
f 1858 1859 1869
f 1858 1869 1868
f 1859 1860 1870
f 1859 1870 1869
f 1861 1862 1872
f 1861 1872 1871
f 1862 1863 1873
f 1862 1873 1872
f 1863 1864 1874
f 1863 1874 1873
f 1864 1865 1875
f 1864 1875 1874
f 1865 1866 1876
f 1865 1876 1875
f 1866 1867 1877
f 1866 1877 1876
f 1867 1868 1878
f 1867 1878 1877
f 1868 1869 1879
f 1868 1879 1878
f 1869 1870 1880
f 1869 1880 1879
f 1871 1872 1882
f 1871 1882 1881
f 1872 1873 1883
f 1872 1883 1882
f 1873 1874 1884
f 1873 1884 1883
f 1874 1875 1885
f 1874 1885 1884
f 1875 1876 1886
f 1875 1886 1885
f 1876 1877 1887
f 1876 1887 1886
f 1877 1878 1888
f 1877 1888 1887
f 1878 1879 1889
f 1878 1889 1888
f 1879 1880 1890
f 1879 1890 1889
f 1881 1882 1892
f 1881 1892 1891
f 1882 1883 1893
f 1882 1893 1892
f 1883 1884 1894
f 1883 1894 1893
f 1884 1885 1895
f 1884 1895 1894
f 1885 1886 1896
f 1885 1896 1895
f 1886 1887 1897
f 1886 1897 1896
f 1887 1888 1898
f 1887 1898 1897
f 1888 1889 1899
f 1888 1899 1898
f 1889 1890 1900
f 1889 1900 1899
f 1901 1902 1912
f 1901 1912 1911
f 1902 1903 1913
f 1902 1913 1912
f 1903 1904 1914
f 1903 1914 1913
f 1904 1905 1915
f 1904 1915 1914
f 1905 1906 1916
f 1905 1916 1915
f 1906 1907 1917
f 1906 1917 1916
f 1907 1908 1918
f 1907 1918 1917
f 1908 1909 1919
f 1908 1919 1918
f 1909 1910 1920
f 1909 1920 1919
f 1911 1912 1922
f 1911 1922 1921
f 1912 1913 1923
f 1912 1923 1922
f 1913 1914 1924
f 1913 1924 1923
f 1914 1915 1925
f 1914 1925 1924
f 1915 1916 1926
f 1915 1926 1925
f 1916 1917 1927
f 1916 1927 1926
f 1917 1918 1928
f 1917 1928 1927
f 1918 1919 1929
f 1918 1929 1928
f 1919 1920 1930
f 1919 1930 1929
f 1921 1922 1932
f 1921 1932 1931
f 1922 1923 1933
f 1922 1933 1932
f 1923 1924 1934
f 1923 1934 1933
f 1924 1925 1935
f 1924 1935 1934
f 1925 1926 1936
f 1925 1936 1935
f 1926 1927 1937
f 1926 1937 1936
f 1927 1928 1938
f 1927 1938 1937
f 1928 1929 1939
f 1928 1939 1938
f 1929 1930 1940
f 1929 1940 1939
f 1931 1932 1942
f 1931 1942 1941
f 1932 1933 1943
f 1932 1943 1942
f 1933 1934 1944
f 1933 1944 1943
f 1934 1935 1945
f 1934 1945 1944
f 1935 1936 1946
f 1935 1946 1945
f 1936 1937 1947
f 1936 1947 1946
f 1937 1938 1948
f 1937 1948 1947
f 1938 1939 1949
f 1938 1949 1948
f 1939 1940 1950
f 1939 1950 1949
f 1941 1942 1952
f 1941 1952 1951
f 1942 1943 1953
f 1942 1953 1952
f 1943 1944 1954
f 1943 1954 1953
f 1944 1945 1955
f 1944 1955 1954
f 1945 1946 1956
f 1945 1956 1955
f 1946 1947 1957
f 1946 1957 1956
f 1947 1948 1958
f 1947 1958 1957
f 1948 1949 1959
f 1948 1959 1958
f 1949 1950 1960
f 1949 1960 1959
f 1951 1952 1962
f 1951 1962 1961
f 1952 1953 1963
f 1952 1963 1962
f 1953 1954 1964
f 1953 1964 1963
f 1954 1955 1965
f 1954 1965 1964
f 1955 1956 1966
f 1955 1966 1965
f 1956 1957 1967
f 1956 1967 1966
f 1957 1958 1968
f 1957 1968 1967
f 1958 1959 1969
f 1958 1969 1968
f 1959 1960 1970
f 1959 1970 1969
f 1961 1962 1972
f 1961 1972 1971
f 1962 1963 1973
f 1962 1973 1972
f 1963 1964 1974
f 1963 1974 1973
f 1964 1965 1975
f 1964 1975 1974
f 1965 1966 1976
f 1965 1976 1975
f 1966 1967 1977
f 1966 1977 1976
f 1967 1968 1978
f 1967 1978 1977
f 1968 1969 1979
f 1968 1979 1978
f 1969 1970 1980
f 1969 1980 1979
f 1971 1972 1982
f 1971 1982 1981
f 1972 1973 1983
f 1972 1983 1982
f 1973 1974 1984
f 1973 1984 1983
f 1974 1975 1985
f 1974 1985 1984
f 1975 1976 1986
f 1975 1986 1985
f 1976 1977 1987
f 1976 1987 1986
f 1977 1978 1988
f 1977 1988 1987
f 1978 1979 1989
f 1978 1989 1988
f 1979 1980 1990
f 1979 1990 1989
f 1981 1982 1992
f 1981 1992 1991
f 1982 1983 1993
f 1982 1993 1992
f 1983 1984 1994
f 1983 1994 1993
f 1984 1985 1995
f 1984 1995 1994
f 1985 1986 1996
f 1985 1996 1995
f 1986 1987 1997
f 1986 1997 1996
f 1987 1988 1998
f 1987 1998 1997
f 1988 1989 1999
f 1988 1999 1998
f 1989 1990 2000
f 1989 2000 1999
f 2001 2002 2012
f 2001 2012 2011
f 2002 2003 2013
f 2002 2013 2012
f 2003 2004 2014
f 2003 2014 2013
f 2004 2005 2015
f 2004 2015 2014
f 2005 2006 2016
f 2005 2016 2015
f 2006 2007 2017
f 2006 2017 2016
f 2007 2008 2018
f 2007 2018 2017
f 2008 2009 2019
f 2008 2019 2018
f 2009 2010 2020
f 2009 2020 2019
f 2011 2012 2022
f 2011 2022 2021
f 2012 2013 2023
f 2012 2023 2022
f 2013 2014 2024
f 2013 2024 2023
f 2014 2015 2025
f 2014 2025 2024
f 2015 2016 2026
f 2015 2026 2025
f 2016 2017 2027
f 2016 2027 2026
f 2017 2018 2028
f 2017 2028 2027
f 2018 2019 2029
f 2018 2029 2028
f 2019 2020 2030
f 2019 2030 2029
f 2021 2022 2032
f 2021 2032 2031
f 2022 2023 2033
f 2022 2033 2032
f 2023 2024 2034
f 2023 2034 2033
f 2024 2025 2035
f 2024 2035 2034
f 2025 2026 2036
f 2025 2036 2035
f 2026 2027 2037
f 2026 2037 2036
f 2027 2028 2038
f 2027 2038 2037
f 2028 2029 2039
f 2028 2039 2038
f 2029 2030 2040
f 2029 2040 2039
f 2031 2032 2042
f 2031 2042 2041
f 2032 2033 2043
f 2032 2043 2042
f 2033 2034 2044
f 2033 2044 2043
f 2034 2035 2045
f 2034 2045 2044
f 2035 2036 2046
f 2035 2046 2045
f 2036 2037 2047
f 2036 2047 2046
f 2037 2038 2048
f 2037 2048 2047
f 2038 2039 2049
f 2038 2049 2048
f 2039 2040 2050
f 2039 2050 2049
f 2041 2042 2052
f 2041 2052 2051
f 2042 2043 2053
f 2042 2053 2052
f 2043 2044 2054
f 2043 2054 2053
f 2044 2045 2055
f 2044 2055 2054
f 2045 2046 2056
f 2045 2056 2055
f 2046 2047 2057
f 2046 2057 2056
f 2047 2048 2058
f 2047 2058 2057
f 2048 2049 2059
f 2048 2059 2058
f 2049 2050 2060
f 2049 2060 2059
f 2051 2052 2062
f 2051 2062 2061
f 2052 2053 2063
f 2052 2063 2062
f 2053 2054 2064
f 2053 2064 2063
f 2054 2055 2065
f 2054 2065 2064
f 2055 2056 2066
f 2055 2066 2065
f 2056 2057 2067
f 2056 2067 2066
f 2057 2058 2068
f 2057 2068 2067
f 2058 2059 2069
f 2058 2069 2068
f 2059 2060 2070
f 2059 2070 2069
f 2061 2062 2072
f 2061 2072 2071
f 2062 2063 2073
f 2062 2073 2072
f 2063 2064 2074
f 2063 2074 2073
f 2064 2065 2075
f 2064 2075 2074
f 2065 2066 2076
f 2065 2076 2075
f 2066 2067 2077
f 2066 2077 2076
f 2067 2068 2078
f 2067 2078 2077
f 2068 2069 2079
f 2068 2079 2078
f 2069 2070 2080
f 2069 2080 2079
f 2071 2072 2082
f 2071 2082 2081
f 2072 2073 2083
f 2072 2083 2082
f 2073 2074 2084
f 2073 2084 2083
f 2074 2075 2085
f 2074 2085 2084
f 2075 2076 2086
f 2075 2086 2085
f 2076 2077 2087
f 2076 2087 2086
f 2077 2078 2088
f 2077 2088 2087
f 2078 2079 2089
f 2078 2089 2088
f 2079 2080 2090
f 2079 2090 2089
f 2081 2082 2092
f 2081 2092 2091
f 2082 2083 2093
f 2082 2093 2092
f 2083 2084 2094
f 2083 2094 2093
f 2084 2085 2095
f 2084 2095 2094
f 2085 2086 2096
f 2085 2096 2095
f 2086 2087 2097
f 2086 2097 2096
f 2087 2088 2098
f 2087 2098 2097
f 2088 2089 2099
f 2088 2099 2098
f 2089 2090 2100
f 2089 2100 2099
f 2101 2102 2112
f 2101 2112 2111
f 2102 2103 2113
f 2102 2113 2112
f 2103 2104 2114
f 2103 2114 2113
f 2104 2105 2115
f 2104 2115 2114
f 2105 2106 2116
f 2105 2116 2115
f 2106 2107 2117
f 2106 2117 2116
f 2107 2108 2118
f 2107 2118 2117
f 2108 2109 2119
f 2108 2119 2118
f 2109 2110 2120
f 2109 2120 2119
f 2111 2112 2122
f 2111 2122 2121
f 2112 2113 2123
f 2112 2123 2122
f 2113 2114 2124
f 2113 2124 2123
f 2114 2115 2125
f 2114 2125 2124
f 2115 2116 2126
f 2115 2126 2125
f 2116 2117 2127
f 2116 2127 2126
f 2117 2118 2128
f 2117 2128 2127
f 2118 2119 2129
f 2118 2129 2128
f 2119 2120 2130
f 2119 2130 2129
f 2121 2122 2132
f 2121 2132 2131
f 2122 2123 2133
f 2122 2133 2132
f 2123 2124 2134
f 2123 2134 2133
f 2124 2125 2135
f 2124 2135 2134
f 2125 2126 2136
f 2125 2136 2135
f 2126 2127 2137
f 2126 2137 2136
f 2127 2128 2138
f 2127 2138 2137
f 2128 2129 2139
f 2128 2139 2138
f 2129 2130 2140
f 2129 2140 2139
f 2131 2132 2142
f 2131 2142 2141
f 2132 2133 2143
f 2132 2143 2142
f 2133 2134 2144
f 2133 2144 2143
f 2134 2135 2145
f 2134 2145 2144
f 2135 2136 2146
f 2135 2146 2145
f 2136 2137 2147
f 2136 2147 2146
f 2137 2138 2148
f 2137 2148 2147
f 2138 2139 2149
f 2138 2149 2148
f 2139 2140 2150
f 2139 2150 2149
f 2141 2142 2152
f 2141 2152 2151
f 2142 2143 2153
f 2142 2153 2152
f 2143 2144 2154
f 2143 2154 2153
f 2144 2145 2155
f 2144 2155 2154
f 2145 2146 2156
f 2145 2156 2155
f 2146 2147 2157
f 2146 2157 2156
f 2147 2148 2158
f 2147 2158 2157
f 2148 2149 2159
f 2148 2159 2158
f 2149 2150 2160
f 2149 2160 2159
f 2151 2152 2162
f 2151 2162 2161
f 2152 2153 2163
f 2152 2163 2162
f 2153 2154 2164
f 2153 2164 2163
f 2154 2155 2165
f 2154 2165 2164
f 2155 2156 2166
f 2155 2166 2165
f 2156 2157 2167
f 2156 2167 2166
f 2157 2158 2168
f 2157 2168 2167
f 2158 2159 2169
f 2158 2169 2168
f 2159 2160 2170
f 2159 2170 2169
f 2161 2162 2172
f 2161 2172 2171
f 2162 2163 2173
f 2162 2173 2172
f 2163 2164 2174
f 2163 2174 2173
f 2164 2165 2175
f 2164 2175 2174
f 2165 2166 2176
f 2165 2176 2175
f 2166 2167 2177
f 2166 2177 2176
f 2167 2168 2178
f 2167 2178 2177
f 2168 2169 2179
f 2168 2179 2178
f 2169 2170 2180
f 2169 2180 2179
f 2171 2172 2182
f 2171 2182 2181
f 2172 2173 2183
f 2172 2183 2182
f 2173 2174 2184
f 2173 2184 2183
f 2174 2175 2185
f 2174 2185 2184
f 2175 2176 2186
f 2175 2186 2185
f 2176 2177 2187
f 2176 2187 2186
f 2177 2178 2188
f 2177 2188 2187
f 2178 2179 2189
f 2178 2189 2188
f 2179 2180 2190
f 2179 2190 2189
f 2181 2182 2192
f 2181 2192 2191
f 2182 2183 2193
f 2182 2193 2192
f 2183 2184 2194
f 2183 2194 2193
f 2184 2185 2195
f 2184 2195 2194
f 2185 2186 2196
f 2185 2196 2195
f 2186 2187 2197
f 2186 2197 2196
f 2187 2188 2198
f 2187 2198 2197
f 2188 2189 2199
f 2188 2199 2198
f 2189 2190 2200
f 2189 2200 2199
f 2201 2202 2212
f 2201 2212 2211
f 2202 2203 2213
f 2202 2213 2212
f 2203 2204 2214
f 2203 2214 2213
f 2204 2205 2215
f 2204 2215 2214
f 2205 2206 2216
f 2205 2216 2215
f 2206 2207 2217
f 2206 2217 2216
f 2207 2208 2218
f 2207 2218 2217
f 2208 2209 2219
f 2208 2219 2218
f 2209 2210 2220
f 2209 2220 2219
f 2211 2212 2222
f 2211 2222 2221
f 2212 2213 2223
f 2212 2223 2222
f 2213 2214 2224
f 2213 2224 2223
f 2214 2215 2225
f 2214 2225 2224
f 2215 2216 2226
f 2215 2226 2225
f 2216 2217 2227
f 2216 2227 2226
f 2217 2218 2228
f 2217 2228 2227
f 2218 2219 2229
f 2218 2229 2228
f 2219 2220 2230
f 2219 2230 2229
f 2221 2222 2232
f 2221 2232 2231
f 2222 2223 2233
f 2222 2233 2232
f 2223 2224 2234
f 2223 2234 2233
f 2224 2225 2235
f 2224 2235 2234
f 2225 2226 2236
f 2225 2236 2235
f 2226 2227 2237
f 2226 2237 2236
f 2227 2228 2238
f 2227 2238 2237
f 2228 2229 2239
f 2228 2239 2238
f 2229 2230 2240
f 2229 2240 2239
f 2231 2232 2242
f 2231 2242 2241
f 2232 2233 2243
f 2232 2243 2242
f 2233 2234 2244
f 2233 2244 2243
f 2234 2235 2245
f 2234 2245 2244
f 2235 2236 2246
f 2235 2246 2245
f 2236 2237 2247
f 2236 2247 2246
f 2237 2238 2248
f 2237 2248 2247
f 2238 2239 2249
f 2238 2249 2248
f 2239 2240 2250
f 2239 2250 2249
f 2241 2242 2252
f 2241 2252 2251
f 2242 2243 2253
f 2242 2253 2252
f 2243 2244 2254
f 2243 2254 2253
f 2244 2245 2255
f 2244 2255 2254
f 2245 2246 2256
f 2245 2256 2255
f 2246 2247 2257
f 2246 2257 2256
f 2247 2248 2258
f 2247 2258 2257
f 2248 2249 2259
f 2248 2259 2258
f 2249 2250 2260
f 2249 2260 2259
f 2251 2252 2262
f 2251 2262 2261
f 2252 2253 2263
f 2252 2263 2262
f 2253 2254 2264
f 2253 2264 2263
f 2254 2255 2265
f 2254 2265 2264
f 2255 2256 2266
f 2255 2266 2265
f 2256 2257 2267
f 2256 2267 2266
f 2257 2258 2268
f 2257 2268 2267
f 2258 2259 2269
f 2258 2269 2268
f 2259 2260 2270
f 2259 2270 2269
f 2261 2262 2272
f 2261 2272 2271
f 2262 2263 2273
f 2262 2273 2272
f 2263 2264 2274
f 2263 2274 2273
f 2264 2265 2275
f 2264 2275 2274
f 2265 2266 2276
f 2265 2276 2275
f 2266 2267 2277
f 2266 2277 2276
f 2267 2268 2278
f 2267 2278 2277
f 2268 2269 2279
f 2268 2279 2278
f 2269 2270 2280
f 2269 2280 2279
f 2271 2272 2282
f 2271 2282 2281
f 2272 2273 2283
f 2272 2283 2282
f 2273 2274 2284
f 2273 2284 2283
f 2274 2275 2285
f 2274 2285 2284
f 2275 2276 2286
f 2275 2286 2285
f 2276 2277 2287
f 2276 2287 2286
f 2277 2278 2288
f 2277 2288 2287
f 2278 2279 2289
f 2278 2289 2288
f 2279 2280 2290
f 2279 2290 2289
f 2281 2282 2292
f 2281 2292 2291
f 2282 2283 2293
f 2282 2293 2292
f 2283 2284 2294
f 2283 2294 2293
f 2284 2285 2295
f 2284 2295 2294
f 2285 2286 2296
f 2285 2296 2295
f 2286 2287 2297
f 2286 2297 2296
f 2287 2288 2298
f 2287 2298 2297
f 2288 2289 2299
f 2288 2299 2298
f 2289 2290 2300
f 2289 2300 2299
f 2301 2302 2312
f 2301 2312 2311
f 2302 2303 2313
f 2302 2313 2312
f 2303 2304 2314
f 2303 2314 2313
f 2304 2305 2315
f 2304 2315 2314
f 2305 2306 2316
f 2305 2316 2315
f 2306 2307 2317
f 2306 2317 2316
f 2307 2308 2318
f 2307 2318 2317
f 2308 2309 2319
f 2308 2319 2318
f 2309 2310 2320
f 2309 2320 2319
f 2311 2312 2322
f 2311 2322 2321
f 2312 2313 2323
f 2312 2323 2322
f 2313 2314 2324
f 2313 2324 2323
f 2314 2315 2325
f 2314 2325 2324
f 2315 2316 2326
f 2315 2326 2325
f 2316 2317 2327
f 2316 2327 2326
f 2317 2318 2328
f 2317 2328 2327
f 2318 2319 2329
f 2318 2329 2328
f 2319 2320 2330
f 2319 2330 2329
f 2321 2322 2332
f 2321 2332 2331
f 2322 2323 2333
f 2322 2333 2332
f 2323 2324 2334
f 2323 2334 2333
f 2324 2325 2335
f 2324 2335 2334
f 2325 2326 2336
f 2325 2336 2335
f 2326 2327 2337
f 2326 2337 2336
f 2327 2328 2338
f 2327 2338 2337
f 2328 2329 2339
f 2328 2339 2338
f 2329 2330 2340
f 2329 2340 2339
f 2331 2332 2342
f 2331 2342 2341
f 2332 2333 2343
f 2332 2343 2342
f 2333 2334 2344
f 2333 2344 2343
f 2334 2335 2345
f 2334 2345 2344
f 2335 2336 2346
f 2335 2346 2345
f 2336 2337 2347
f 2336 2347 2346
f 2337 2338 2348
f 2337 2348 2347
f 2338 2339 2349
f 2338 2349 2348
f 2339 2340 2350
f 2339 2350 2349
f 2341 2342 2352
f 2341 2352 2351
f 2342 2343 2353
f 2342 2353 2352
f 2343 2344 2354
f 2343 2354 2353
f 2344 2345 2355
f 2344 2355 2354
f 2345 2346 2356
f 2345 2356 2355
f 2346 2347 2357
f 2346 2357 2356
f 2347 2348 2358
f 2347 2358 2357
f 2348 2349 2359
f 2348 2359 2358
f 2349 2350 2360
f 2349 2360 2359
f 2351 2352 2362
f 2351 2362 2361
f 2352 2353 2363
f 2352 2363 2362
f 2353 2354 2364
f 2353 2364 2363
f 2354 2355 2365
f 2354 2365 2364
f 2355 2356 2366
f 2355 2366 2365
f 2356 2357 2367
f 2356 2367 2366
f 2357 2358 2368
f 2357 2368 2367
f 2358 2359 2369
f 2358 2369 2368
f 2359 2360 2370
f 2359 2370 2369
f 2361 2362 2372
f 2361 2372 2371
f 2362 2363 2373
f 2362 2373 2372
f 2363 2364 2374
f 2363 2374 2373
f 2364 2365 2375
f 2364 2375 2374
f 2365 2366 2376
f 2365 2376 2375
f 2366 2367 2377
f 2366 2377 2376
f 2367 2368 2378
f 2367 2378 2377
f 2368 2369 2379
f 2368 2379 2378
f 2369 2370 2380
f 2369 2380 2379
f 2371 2372 2382
f 2371 2382 2381
f 2372 2373 2383
f 2372 2383 2382
f 2373 2374 2384
f 2373 2384 2383
f 2374 2375 2385
f 2374 2385 2384
f 2375 2376 2386
f 2375 2386 2385
f 2376 2377 2387
f 2376 2387 2386
f 2377 2378 2388
f 2377 2388 2387
f 2378 2379 2389
f 2378 2389 2388
f 2379 2380 2390
f 2379 2390 2389
f 2381 2382 2392
f 2381 2392 2391
f 2382 2383 2393
f 2382 2393 2392
f 2383 2384 2394
f 2383 2394 2393
f 2384 2385 2395
f 2384 2395 2394
f 2385 2386 2396
f 2385 2396 2395
f 2386 2387 2397
f 2386 2397 2396
f 2387 2388 2398
f 2387 2398 2397
f 2388 2389 2399
f 2388 2399 2398
f 2389 2390 2400
f 2389 2400 2399
g 초소 벽_2
v 28.8000 0.2000 -1.1000
v 28.8000 0.4667 -1.1000
v 28.8000 0.7333 -1.1000
v 28.8000 1.0000 -1.1000
v 28.8000 1.2667 -1.1000
v 28.8000 1.5333 -1.1000
v 28.8000 1.8000 -1.1000
v 28.8000 2.0667 -1.1000
v 28.8000 2.3333 -1.1000
v 28.8000 2.6000 -1.1000
v 29.0667 0.2000 -1.1000
v 29.0667 0.4667 -1.1000
v 29.0667 0.7333 -1.1000
v 29.0667 1.0000 -1.1000
v 29.0667 1.2667 -1.1000
v 29.0667 1.5333 -1.1000
v 29.0667 1.8000 -1.1000
v 29.0667 2.0667 -1.1000
v 29.0667 2.3333 -1.1000
v 29.0667 2.6000 -1.1000
v 29.3333 0.2000 -1.1000
v 29.3333 0.4667 -1.1000
v 29.3333 0.7333 -1.1000
v 29.3333 1.0000 -1.1000
v 29.3333 1.2667 -1.1000
v 29.3333 1.5333 -1.1000
v 29.3333 1.8000 -1.1000
v 29.3333 2.0667 -1.1000
v 29.3333 2.3333 -1.1000
v 29.3333 2.6000 -1.1000
v 29.6000 0.2000 -1.1000
v 29.6000 0.4667 -1.1000
v 29.6000 0.7333 -1.1000
v 29.6000 1.0000 -1.1000
v 29.6000 1.2667 -1.1000
v 29.6000 1.5333 -1.1000
v 29.6000 1.8000 -1.1000
v 29.6000 2.0667 -1.1000
v 29.6000 2.3333 -1.1000
v 29.6000 2.6000 -1.1000
v 29.8667 0.2000 -1.1000
v 29.8667 0.4667 -1.1000
v 29.8667 0.7333 -1.1000
v 29.8667 1.0000 -1.1000
v 29.8667 1.2667 -1.1000
v 29.8667 1.5333 -1.1000
v 29.8667 1.8000 -1.1000
v 29.8667 2.0667 -1.1000
v 29.8667 2.3333 -1.1000
v 29.8667 2.6000 -1.1000
v 30.1333 0.2000 -1.1000
v 30.1333 0.4667 -1.1000
v 30.1333 0.7333 -1.1000
v 30.1333 1.0000 -1.1000
v 30.1333 1.2667 -1.1000
v 30.1333 1.5333 -1.1000
v 30.1333 1.8000 -1.1000
v 30.1333 2.0667 -1.1000
v 30.1333 2.3333 -1.1000
v 30.1333 2.6000 -1.1000
v 30.4000 0.2000 -1.1000
v 30.4000 0.4667 -1.1000
v 30.4000 0.7333 -1.1000
v 30.4000 1.0000 -1.1000
v 30.4000 1.2667 -1.1000
v 30.4000 1.5333 -1.1000
v 30.4000 1.8000 -1.1000
v 30.4000 2.0667 -1.1000
v 30.4000 2.3333 -1.1000
v 30.4000 2.6000 -1.1000
v 30.6667 0.2000 -1.1000
v 30.6667 0.4667 -1.1000
v 30.6667 0.7333 -1.1000
v 30.6667 1.0000 -1.1000
v 30.6667 1.2667 -1.1000
v 30.6667 1.5333 -1.1000
v 30.6667 1.8000 -1.1000
v 30.6667 2.0667 -1.1000
v 30.6667 2.3333 -1.1000
v 30.6667 2.6000 -1.1000
v 30.9333 0.2000 -1.1000
v 30.9333 0.4667 -1.1000
v 30.9333 0.7333 -1.1000
v 30.9333 1.0000 -1.1000
v 30.9333 1.2667 -1.1000
v 30.9333 1.5333 -1.1000
v 30.9333 1.8000 -1.1000
v 30.9333 2.0667 -1.1000
v 30.9333 2.3333 -1.1000
v 30.9333 2.6000 -1.1000
v 31.2000 0.2000 -1.1000
v 31.2000 0.4667 -1.1000
v 31.2000 0.7333 -1.1000
v 31.2000 1.0000 -1.1000
v 31.2000 1.2667 -1.1000
v 31.2000 1.5333 -1.1000
v 31.2000 1.8000 -1.1000
v 31.2000 2.0667 -1.1000
v 31.2000 2.3333 -1.1000
v 31.2000 2.6000 -1.1000
v 31.2000 0.2000 -1.3000
v 31.2000 0.4667 -1.3000
v 31.2000 0.7333 -1.3000
v 31.2000 1.0000 -1.3000
v 31.2000 1.2667 -1.3000
v 31.2000 1.5333 -1.3000
v 31.2000 1.8000 -1.3000
v 31.2000 2.0667 -1.3000
v 31.2000 2.3333 -1.3000
v 31.2000 2.6000 -1.3000
v 30.9333 0.2000 -1.3000
v 30.9333 0.4667 -1.3000
v 30.9333 0.7333 -1.3000
v 30.9333 1.0000 -1.3000
v 30.9333 1.2667 -1.3000
v 30.9333 1.5333 -1.3000
v 30.9333 1.8000 -1.3000
v 30.9333 2.0667 -1.3000
v 30.9333 2.3333 -1.3000
v 30.9333 2.6000 -1.3000
v 30.6667 0.2000 -1.3000
v 30.6667 0.4667 -1.3000
v 30.6667 0.7333 -1.3000
v 30.6667 1.0000 -1.3000
v 30.6667 1.2667 -1.3000
v 30.6667 1.5333 -1.3000
v 30.6667 1.8000 -1.3000
v 30.6667 2.0667 -1.3000
v 30.6667 2.3333 -1.3000
v 30.6667 2.6000 -1.3000
v 30.4000 0.2000 -1.3000
v 30.4000 0.4667 -1.3000
v 30.4000 0.7333 -1.3000
v 30.4000 1.0000 -1.3000
v 30.4000 1.2667 -1.3000
v 30.4000 1.5333 -1.3000
v 30.4000 1.8000 -1.3000
v 30.4000 2.0667 -1.3000
v 30.4000 2.3333 -1.3000
v 30.4000 2.6000 -1.3000
v 30.1333 0.2000 -1.3000
v 30.1333 0.4667 -1.3000
v 30.1333 0.7333 -1.3000
v 30.1333 1.0000 -1.3000
v 30.1333 1.2667 -1.3000
v 30.1333 1.5333 -1.3000
v 30.1333 1.8000 -1.3000
v 30.1333 2.0667 -1.3000
v 30.1333 2.3333 -1.3000
v 30.1333 2.6000 -1.3000
v 29.8667 0.2000 -1.3000
v 29.8667 0.4667 -1.3000
v 29.8667 0.7333 -1.3000
v 29.8667 1.0000 -1.3000
v 29.8667 1.2667 -1.3000
v 29.8667 1.5333 -1.3000
v 29.8667 1.8000 -1.3000
v 29.8667 2.0667 -1.3000
v 29.8667 2.3333 -1.3000
v 29.8667 2.6000 -1.3000
v 29.6000 0.2000 -1.3000
v 29.6000 0.4667 -1.3000
v 29.6000 0.7333 -1.3000
v 29.6000 1.0000 -1.3000
v 29.6000 1.2667 -1.3000
v 29.6000 1.5333 -1.3000
v 29.6000 1.8000 -1.3000
v 29.6000 2.0667 -1.3000
v 29.6000 2.3333 -1.3000
v 29.6000 2.6000 -1.3000
v 29.3333 0.2000 -1.3000
v 29.3333 0.4667 -1.3000
v 29.3333 0.7333 -1.3000
v 29.3333 1.0000 -1.3000
v 29.3333 1.2667 -1.3000
v 29.3333 1.5333 -1.3000
v 29.3333 1.8000 -1.3000
v 29.3333 2.0667 -1.3000
v 29.3333 2.3333 -1.3000
v 29.3333 2.6000 -1.3000
v 29.0667 0.2000 -1.3000
v 29.0667 0.4667 -1.3000
v 29.0667 0.7333 -1.3000
v 29.0667 1.0000 -1.3000
v 29.0667 1.2667 -1.3000
v 29.0667 1.5333 -1.3000
v 29.0667 1.8000 -1.3000
v 29.0667 2.0667 -1.3000
v 29.0667 2.3333 -1.3000
v 29.0667 2.6000 -1.3000
v 28.8000 0.2000 -1.3000
v 28.8000 0.4667 -1.3000
v 28.8000 0.7333 -1.3000
v 28.8000 1.0000 -1.3000
v 28.8000 1.2667 -1.3000
v 28.8000 1.5333 -1.3000
v 28.8000 1.8000 -1.3000
v 28.8000 2.0667 -1.3000
v 28.8000 2.3333 -1.3000
v 28.8000 2.6000 -1.3000
v 28.8000 0.2000 -1.3000
v 28.8000 0.4667 -1.3000
v 28.8000 0.7333 -1.3000
v 28.8000 1.0000 -1.3000
v 28.8000 1.2667 -1.3000
v 28.8000 1.5333 -1.3000
v 28.8000 1.8000 -1.3000
v 28.8000 2.0667 -1.3000
v 28.8000 2.3333 -1.3000
v 28.8000 2.6000 -1.3000
v 28.8000 0.2000 -1.2778
v 28.8000 0.4667 -1.2778
v 28.8000 0.7333 -1.2778
v 28.8000 1.0000 -1.2778
v 28.8000 1.2667 -1.2778
v 28.8000 1.5333 -1.2778
v 28.8000 1.8000 -1.2778
v 28.8000 2.0667 -1.2778
v 28.8000 2.3333 -1.2778
v 28.8000 2.6000 -1.2778
v 28.8000 0.2000 -1.2556
v 28.8000 0.4667 -1.2556
v 28.8000 0.7333 -1.2556
v 28.8000 1.0000 -1.2556
v 28.8000 1.2667 -1.2556
v 28.8000 1.5333 -1.2556
v 28.8000 1.8000 -1.2556
v 28.8000 2.0667 -1.2556
v 28.8000 2.3333 -1.2556
v 28.8000 2.6000 -1.2556
v 28.8000 0.2000 -1.2333
v 28.8000 0.4667 -1.2333
v 28.8000 0.7333 -1.2333
v 28.8000 1.0000 -1.2333
v 28.8000 1.2667 -1.2333
v 28.8000 1.5333 -1.2333
v 28.8000 1.8000 -1.2333
v 28.8000 2.0667 -1.2333
v 28.8000 2.3333 -1.2333
v 28.8000 2.6000 -1.2333
v 28.8000 0.2000 -1.2111
v 28.8000 0.4667 -1.2111
v 28.8000 0.7333 -1.2111
v 28.8000 1.0000 -1.2111
v 28.8000 1.2667 -1.2111
v 28.8000 1.5333 -1.2111
v 28.8000 1.8000 -1.2111
v 28.8000 2.0667 -1.2111
v 28.8000 2.3333 -1.2111
v 28.8000 2.6000 -1.2111
v 28.8000 0.2000 -1.1889
v 28.8000 0.4667 -1.1889
v 28.8000 0.7333 -1.1889
v 28.8000 1.0000 -1.1889
v 28.8000 1.2667 -1.1889
v 28.8000 1.5333 -1.1889
v 28.8000 1.8000 -1.1889
v 28.8000 2.0667 -1.1889
v 28.8000 2.3333 -1.1889
v 28.8000 2.6000 -1.1889
v 28.8000 0.2000 -1.1667
v 28.8000 0.4667 -1.1667
v 28.8000 0.7333 -1.1667
v 28.8000 1.0000 -1.1667
v 28.8000 1.2667 -1.1667
v 28.8000 1.5333 -1.1667
v 28.8000 1.8000 -1.1667
v 28.8000 2.0667 -1.1667
v 28.8000 2.3333 -1.1667
v 28.8000 2.6000 -1.1667
v 28.8000 0.2000 -1.1444
v 28.8000 0.4667 -1.1444
v 28.8000 0.7333 -1.1444
v 28.8000 1.0000 -1.1444
v 28.8000 1.2667 -1.1444
v 28.8000 1.5333 -1.1444
v 28.8000 1.8000 -1.1444
v 28.8000 2.0667 -1.1444
v 28.8000 2.3333 -1.1444
v 28.8000 2.6000 -1.1444
v 28.8000 0.2000 -1.1222
v 28.8000 0.4667 -1.1222
v 28.8000 0.7333 -1.1222
v 28.8000 1.0000 -1.1222
v 28.8000 1.2667 -1.1222
v 28.8000 1.5333 -1.1222
v 28.8000 1.8000 -1.1222
v 28.8000 2.0667 -1.1222
v 28.8000 2.3333 -1.1222
v 28.8000 2.6000 -1.1222
v 28.8000 0.2000 -1.1000
v 28.8000 0.4667 -1.1000
v 28.8000 0.7333 -1.1000
v 28.8000 1.0000 -1.1000
v 28.8000 1.2667 -1.1000
v 28.8000 1.5333 -1.1000
v 28.8000 1.8000 -1.1000
v 28.8000 2.0667 -1.1000
v 28.8000 2.3333 -1.1000
v 28.8000 2.6000 -1.1000
v 31.2000 0.2000 -1.1000
v 31.2000 0.4667 -1.1000
v 31.2000 0.7333 -1.1000
v 31.2000 1.0000 -1.1000
v 31.2000 1.2667 -1.1000
v 31.2000 1.5333 -1.1000
v 31.2000 1.8000 -1.1000
v 31.2000 2.0667 -1.1000
v 31.2000 2.3333 -1.1000
v 31.2000 2.6000 -1.1000
v 31.2000 0.2000 -1.1222
v 31.2000 0.4667 -1.1222
v 31.2000 0.7333 -1.1222
v 31.2000 1.0000 -1.1222
v 31.2000 1.2667 -1.1222
v 31.2000 1.5333 -1.1222
v 31.2000 1.8000 -1.1222
v 31.2000 2.0667 -1.1222
v 31.2000 2.3333 -1.1222
v 31.2000 2.6000 -1.1222
v 31.2000 0.2000 -1.1444
v 31.2000 0.4667 -1.1444
v 31.2000 0.7333 -1.1444
v 31.2000 1.0000 -1.1444
v 31.2000 1.2667 -1.1444
v 31.2000 1.5333 -1.1444
v 31.2000 1.8000 -1.1444
v 31.2000 2.0667 -1.1444
v 31.2000 2.3333 -1.1444
v 31.2000 2.6000 -1.1444
v 31.2000 0.2000 -1.1667
v 31.2000 0.4667 -1.1667
v 31.2000 0.7333 -1.1667
v 31.2000 1.0000 -1.1667
v 31.2000 1.2667 -1.1667
v 31.2000 1.5333 -1.1667
v 31.2000 1.8000 -1.1667
v 31.2000 2.0667 -1.1667
v 31.2000 2.3333 -1.1667
v 31.2000 2.6000 -1.1667
v 31.2000 0.2000 -1.1889
v 31.2000 0.4667 -1.1889
v 31.2000 0.7333 -1.1889
v 31.2000 1.0000 -1.1889
v 31.2000 1.2667 -1.1889
v 31.2000 1.5333 -1.1889
v 31.2000 1.8000 -1.1889
v 31.2000 2.0667 -1.1889
v 31.2000 2.3333 -1.1889
v 31.2000 2.6000 -1.1889
v 31.2000 0.2000 -1.2111
v 31.2000 0.4667 -1.2111
v 31.2000 0.7333 -1.2111
v 31.2000 1.0000 -1.2111
v 31.2000 1.2667 -1.2111
v 31.2000 1.5333 -1.2111
v 31.2000 1.8000 -1.2111
v 31.2000 2.0667 -1.2111
v 31.2000 2.3333 -1.2111
v 31.2000 2.6000 -1.2111
v 31.2000 0.2000 -1.2333
v 31.2000 0.4667 -1.2333
v 31.2000 0.7333 -1.2333
v 31.2000 1.0000 -1.2333
v 31.2000 1.2667 -1.2333
v 31.2000 1.5333 -1.2333
v 31.2000 1.8000 -1.2333
v 31.2000 2.0667 -1.2333
v 31.2000 2.3333 -1.2333
v 31.2000 2.6000 -1.2333
v 31.2000 0.2000 -1.2556
v 31.2000 0.4667 -1.2556
v 31.2000 0.7333 -1.2556
v 31.2000 1.0000 -1.2556
v 31.2000 1.2667 -1.2556
v 31.2000 1.5333 -1.2556
v 31.2000 1.8000 -1.2556
v 31.2000 2.0667 -1.2556
v 31.2000 2.3333 -1.2556
v 31.2000 2.6000 -1.2556
v 31.2000 0.2000 -1.2778
v 31.2000 0.4667 -1.2778
v 31.2000 0.7333 -1.2778
v 31.2000 1.0000 -1.2778
v 31.2000 1.2667 -1.2778
v 31.2000 1.5333 -1.2778
v 31.2000 1.8000 -1.2778
v 31.2000 2.0667 -1.2778
v 31.2000 2.3333 -1.2778
v 31.2000 2.6000 -1.2778
v 31.2000 0.2000 -1.3000
v 31.2000 0.4667 -1.3000
v 31.2000 0.7333 -1.3000
v 31.2000 1.0000 -1.3000
v 31.2000 1.2667 -1.3000
v 31.2000 1.5333 -1.3000
v 31.2000 1.8000 -1.3000
v 31.2000 2.0667 -1.3000
v 31.2000 2.3333 -1.3000
v 31.2000 2.6000 -1.3000
v 28.8000 2.6000 -1.3000
v 28.8000 2.6000 -1.2778
v 28.8000 2.6000 -1.2556
v 28.8000 2.6000 -1.2333
v 28.8000 2.6000 -1.2111
v 28.8000 2.6000 -1.1889
v 28.8000 2.6000 -1.1667
v 28.8000 2.6000 -1.1444
v 28.8000 2.6000 -1.1222
v 28.8000 2.6000 -1.1000
v 29.0667 2.6000 -1.3000
v 29.0667 2.6000 -1.2778
v 29.0667 2.6000 -1.2556
v 29.0667 2.6000 -1.2333
v 29.0667 2.6000 -1.2111
v 29.0667 2.6000 -1.1889
v 29.0667 2.6000 -1.1667
v 29.0667 2.6000 -1.1444
v 29.0667 2.6000 -1.1222
v 29.0667 2.6000 -1.1000
v 29.3333 2.6000 -1.3000
v 29.3333 2.6000 -1.2778
v 29.3333 2.6000 -1.2556
v 29.3333 2.6000 -1.2333
v 29.3333 2.6000 -1.2111
v 29.3333 2.6000 -1.1889
v 29.3333 2.6000 -1.1667
v 29.3333 2.6000 -1.1444
v 29.3333 2.6000 -1.1222
v 29.3333 2.6000 -1.1000
v 29.6000 2.6000 -1.3000
v 29.6000 2.6000 -1.2778
v 29.6000 2.6000 -1.2556
v 29.6000 2.6000 -1.2333
v 29.6000 2.6000 -1.2111
v 29.6000 2.6000 -1.1889
v 29.6000 2.6000 -1.1667
v 29.6000 2.6000 -1.1444
v 29.6000 2.6000 -1.1222
v 29.6000 2.6000 -1.1000
v 29.8667 2.6000 -1.3000
v 29.8667 2.6000 -1.2778
v 29.8667 2.6000 -1.2556
v 29.8667 2.6000 -1.2333
v 29.8667 2.6000 -1.2111
v 29.8667 2.6000 -1.1889
v 29.8667 2.6000 -1.1667
v 29.8667 2.6000 -1.1444
v 29.8667 2.6000 -1.1222
v 29.8667 2.6000 -1.1000
v 30.1333 2.6000 -1.3000
v 30.1333 2.6000 -1.2778
v 30.1333 2.6000 -1.2556
v 30.1333 2.6000 -1.2333
v 30.1333 2.6000 -1.2111
v 30.1333 2.6000 -1.1889
v 30.1333 2.6000 -1.1667
v 30.1333 2.6000 -1.1444
v 30.1333 2.6000 -1.1222
v 30.1333 2.6000 -1.1000
v 30.4000 2.6000 -1.3000
v 30.4000 2.6000 -1.2778
v 30.4000 2.6000 -1.2556
v 30.4000 2.6000 -1.2333
v 30.4000 2.6000 -1.2111
v 30.4000 2.6000 -1.1889
v 30.4000 2.6000 -1.1667
v 30.4000 2.6000 -1.1444
v 30.4000 2.6000 -1.1222
v 30.4000 2.6000 -1.1000
v 30.6667 2.6000 -1.3000
v 30.6667 2.6000 -1.2778
v 30.6667 2.6000 -1.2556
v 30.6667 2.6000 -1.2333
v 30.6667 2.6000 -1.2111
v 30.6667 2.6000 -1.1889
v 30.6667 2.6000 -1.1667
v 30.6667 2.6000 -1.1444
v 30.6667 2.6000 -1.1222
v 30.6667 2.6000 -1.1000
v 30.9333 2.6000 -1.3000
v 30.9333 2.6000 -1.2778
v 30.9333 2.6000 -1.2556
v 30.9333 2.6000 -1.2333
v 30.9333 2.6000 -1.2111
v 30.9333 2.6000 -1.1889
v 30.9333 2.6000 -1.1667
v 30.9333 2.6000 -1.1444
v 30.9333 2.6000 -1.1222
v 30.9333 2.6000 -1.1000
v 31.2000 2.6000 -1.3000
v 31.2000 2.6000 -1.2778
v 31.2000 2.6000 -1.2556
v 31.2000 2.6000 -1.2333
v 31.2000 2.6000 -1.2111
v 31.2000 2.6000 -1.1889
v 31.2000 2.6000 -1.1667
v 31.2000 2.6000 -1.1444
v 31.2000 2.6000 -1.1222
v 31.2000 2.6000 -1.1000
v 28.8000 0.2000 -1.1000
v 28.8000 0.2000 -1.1222
v 28.8000 0.2000 -1.1444
v 28.8000 0.2000 -1.1667
v 28.8000 0.2000 -1.1889
v 28.8000 0.2000 -1.2111
v 28.8000 0.2000 -1.2333
v 28.8000 0.2000 -1.2556
v 28.8000 0.2000 -1.2778
v 28.8000 0.2000 -1.3000
v 29.0667 0.2000 -1.1000
v 29.0667 0.2000 -1.1222
v 29.0667 0.2000 -1.1444
v 29.0667 0.2000 -1.1667
v 29.0667 0.2000 -1.1889
v 29.0667 0.2000 -1.2111
v 29.0667 0.2000 -1.2333
v 29.0667 0.2000 -1.2556
v 29.0667 0.2000 -1.2778
v 29.0667 0.2000 -1.3000
v 29.3333 0.2000 -1.1000
v 29.3333 0.2000 -1.1222
v 29.3333 0.2000 -1.1444
v 29.3333 0.2000 -1.1667
v 29.3333 0.2000 -1.1889
v 29.3333 0.2000 -1.2111
v 29.3333 0.2000 -1.2333
v 29.3333 0.2000 -1.2556
v 29.3333 0.2000 -1.2778
v 29.3333 0.2000 -1.3000
v 29.6000 0.2000 -1.1000
v 29.6000 0.2000 -1.1222
v 29.6000 0.2000 -1.1444
v 29.6000 0.2000 -1.1667
v 29.6000 0.2000 -1.1889
v 29.6000 0.2000 -1.2111
v 29.6000 0.2000 -1.2333
v 29.6000 0.2000 -1.2556
v 29.6000 0.2000 -1.2778
v 29.6000 0.2000 -1.3000
v 29.8667 0.2000 -1.1000
v 29.8667 0.2000 -1.1222
v 29.8667 0.2000 -1.1444
v 29.8667 0.2000 -1.1667
v 29.8667 0.2000 -1.1889
v 29.8667 0.2000 -1.2111
v 29.8667 0.2000 -1.2333
v 29.8667 0.2000 -1.2556
v 29.8667 0.2000 -1.2778
v 29.8667 0.2000 -1.3000
v 30.1333 0.2000 -1.1000
v 30.1333 0.2000 -1.1222
v 30.1333 0.2000 -1.1444
v 30.1333 0.2000 -1.1667
v 30.1333 0.2000 -1.1889
v 30.1333 0.2000 -1.2111
v 30.1333 0.2000 -1.2333
v 30.1333 0.2000 -1.2556
v 30.1333 0.2000 -1.2778
v 30.1333 0.2000 -1.3000
v 30.4000 0.2000 -1.1000
v 30.4000 0.2000 -1.1222
v 30.4000 0.2000 -1.1444
v 30.4000 0.2000 -1.1667
v 30.4000 0.2000 -1.1889
v 30.4000 0.2000 -1.2111
v 30.4000 0.2000 -1.2333
v 30.4000 0.2000 -1.2556
v 30.4000 0.2000 -1.2778
v 30.4000 0.2000 -1.3000
v 30.6667 0.2000 -1.1000
v 30.6667 0.2000 -1.1222
v 30.6667 0.2000 -1.1444
v 30.6667 0.2000 -1.1667
v 30.6667 0.2000 -1.1889
v 30.6667 0.2000 -1.2111
v 30.6667 0.2000 -1.2333
v 30.6667 0.2000 -1.2556
v 30.6667 0.2000 -1.2778
v 30.6667 0.2000 -1.3000
v 30.9333 0.2000 -1.1000
v 30.9333 0.2000 -1.1222
v 30.9333 0.2000 -1.1444
v 30.9333 0.2000 -1.1667
v 30.9333 0.2000 -1.1889
v 30.9333 0.2000 -1.2111
v 30.9333 0.2000 -1.2333
v 30.9333 0.2000 -1.2556
v 30.9333 0.2000 -1.2778
v 30.9333 0.2000 -1.3000
v 31.2000 0.2000 -1.1000
v 31.2000 0.2000 -1.1222
v 31.2000 0.2000 -1.1444
v 31.2000 0.2000 -1.1667
v 31.2000 0.2000 -1.1889
v 31.2000 0.2000 -1.2111
v 31.2000 0.2000 -1.2333
v 31.2000 0.2000 -1.2556
v 31.2000 0.2000 -1.2778
v 31.2000 0.2000 -1.3000
f 2401 2402 2412
f 2401 2412 2411
f 2402 2403 2413
f 2402 2413 2412
f 2403 2404 2414
f 2403 2414 2413
f 2404 2405 2415
f 2404 2415 2414
f 2405 2406 2416
f 2405 2416 2415
f 2406 2407 2417
f 2406 2417 2416
f 2407 2408 2418
f 2407 2418 2417
f 2408 2409 2419
f 2408 2419 2418
f 2409 2410 2420
f 2409 2420 2419
f 2411 2412 2422
f 2411 2422 2421
f 2412 2413 2423
f 2412 2423 2422
f 2413 2414 2424
f 2413 2424 2423
f 2414 2415 2425
f 2414 2425 2424
f 2415 2416 2426
f 2415 2426 2425
f 2416 2417 2427
f 2416 2427 2426
f 2417 2418 2428
f 2417 2428 2427
f 2418 2419 2429
f 2418 2429 2428
f 2419 2420 2430
f 2419 2430 2429
f 2421 2422 2432
f 2421 2432 2431
f 2422 2423 2433
f 2422 2433 2432
f 2423 2424 2434
f 2423 2434 2433
f 2424 2425 2435
f 2424 2435 2434
f 2425 2426 2436
f 2425 2436 2435
f 2426 2427 2437
f 2426 2437 2436
f 2427 2428 2438
f 2427 2438 2437
f 2428 2429 2439
f 2428 2439 2438
f 2429 2430 2440
f 2429 2440 2439
f 2431 2432 2442
f 2431 2442 2441
f 2432 2433 2443
f 2432 2443 2442
f 2433 2434 2444
f 2433 2444 2443
f 2434 2435 2445
f 2434 2445 2444
f 2435 2436 2446
f 2435 2446 2445
f 2436 2437 2447
f 2436 2447 2446
f 2437 2438 2448
f 2437 2448 2447
f 2438 2439 2449
f 2438 2449 2448
f 2439 2440 2450
f 2439 2450 2449
f 2441 2442 2452
f 2441 2452 2451
f 2442 2443 2453
f 2442 2453 2452
f 2443 2444 2454
f 2443 2454 2453
f 2444 2445 2455
f 2444 2455 2454
f 2445 2446 2456
f 2445 2456 2455
f 2446 2447 2457
f 2446 2457 2456
f 2447 2448 2458
f 2447 2458 2457
f 2448 2449 2459
f 2448 2459 2458
f 2449 2450 2460
f 2449 2460 2459
f 2451 2452 2462
f 2451 2462 2461
f 2452 2453 2463
f 2452 2463 2462
f 2453 2454 2464
f 2453 2464 2463
f 2454 2455 2465
f 2454 2465 2464
f 2455 2456 2466
f 2455 2466 2465
f 2456 2457 2467
f 2456 2467 2466
f 2457 2458 2468
f 2457 2468 2467
f 2458 2459 2469
f 2458 2469 2468
f 2459 2460 2470
f 2459 2470 2469
f 2461 2462 2472
f 2461 2472 2471
f 2462 2463 2473
f 2462 2473 2472
f 2463 2464 2474
f 2463 2474 2473
f 2464 2465 2475
f 2464 2475 2474
f 2465 2466 2476
f 2465 2476 2475
f 2466 2467 2477
f 2466 2477 2476
f 2467 2468 2478
f 2467 2478 2477
f 2468 2469 2479
f 2468 2479 2478
f 2469 2470 2480
f 2469 2480 2479
f 2471 2472 2482
f 2471 2482 2481
f 2472 2473 2483
f 2472 2483 2482
f 2473 2474 2484
f 2473 2484 2483
f 2474 2475 2485
f 2474 2485 2484
f 2475 2476 2486
f 2475 2486 2485
f 2476 2477 2487
f 2476 2487 2486
f 2477 2478 2488
f 2477 2488 2487
f 2478 2479 2489
f 2478 2489 2488
f 2479 2480 2490
f 2479 2490 2489
f 2481 2482 2492
f 2481 2492 2491
f 2482 2483 2493
f 2482 2493 2492
f 2483 2484 2494
f 2483 2494 2493
f 2484 2485 2495
f 2484 2495 2494
f 2485 2486 2496
f 2485 2496 2495
f 2486 2487 2497
f 2486 2497 2496
f 2487 2488 2498
f 2487 2498 2497
f 2488 2489 2499
f 2488 2499 2498
f 2489 2490 2500
f 2489 2500 2499
f 2501 2502 2512
f 2501 2512 2511
f 2502 2503 2513
f 2502 2513 2512
f 2503 2504 2514
f 2503 2514 2513
f 2504 2505 2515
f 2504 2515 2514
f 2505 2506 2516
f 2505 2516 2515
f 2506 2507 2517
f 2506 2517 2516
f 2507 2508 2518
f 2507 2518 2517
f 2508 2509 2519
f 2508 2519 2518
f 2509 2510 2520
f 2509 2520 2519
f 2511 2512 2522
f 2511 2522 2521
f 2512 2513 2523
f 2512 2523 2522
f 2513 2514 2524
f 2513 2524 2523
f 2514 2515 2525
f 2514 2525 2524
f 2515 2516 2526
f 2515 2526 2525
f 2516 2517 2527
f 2516 2527 2526
f 2517 2518 2528
f 2517 2528 2527
f 2518 2519 2529
f 2518 2529 2528
f 2519 2520 2530
f 2519 2530 2529
f 2521 2522 2532
f 2521 2532 2531
f 2522 2523 2533
f 2522 2533 2532
f 2523 2524 2534
f 2523 2534 2533
f 2524 2525 2535
f 2524 2535 2534
f 2525 2526 2536
f 2525 2536 2535
f 2526 2527 2537
f 2526 2537 2536
f 2527 2528 2538
f 2527 2538 2537
f 2528 2529 2539
f 2528 2539 2538
f 2529 2530 2540
f 2529 2540 2539
f 2531 2532 2542
f 2531 2542 2541
f 2532 2533 2543
f 2532 2543 2542
f 2533 2534 2544
f 2533 2544 2543
f 2534 2535 2545
f 2534 2545 2544
f 2535 2536 2546
f 2535 2546 2545
f 2536 2537 2547
f 2536 2547 2546
f 2537 2538 2548
f 2537 2548 2547
f 2538 2539 2549
f 2538 2549 2548
f 2539 2540 2550
f 2539 2550 2549
f 2541 2542 2552
f 2541 2552 2551
f 2542 2543 2553
f 2542 2553 2552
f 2543 2544 2554
f 2543 2554 2553
f 2544 2545 2555
f 2544 2555 2554
f 2545 2546 2556
f 2545 2556 2555
f 2546 2547 2557
f 2546 2557 2556
f 2547 2548 2558
f 2547 2558 2557
f 2548 2549 2559
f 2548 2559 2558
f 2549 2550 2560
f 2549 2560 2559
f 2551 2552 2562
f 2551 2562 2561
f 2552 2553 2563
f 2552 2563 2562
f 2553 2554 2564
f 2553 2564 2563
f 2554 2555 2565
f 2554 2565 2564
f 2555 2556 2566
f 2555 2566 2565
f 2556 2557 2567
f 2556 2567 2566
f 2557 2558 2568
f 2557 2568 2567
f 2558 2559 2569
f 2558 2569 2568
f 2559 2560 2570
f 2559 2570 2569
f 2561 2562 2572
f 2561 2572 2571
f 2562 2563 2573
f 2562 2573 2572
f 2563 2564 2574
f 2563 2574 2573
f 2564 2565 2575
f 2564 2575 2574
f 2565 2566 2576
f 2565 2576 2575
f 2566 2567 2577
f 2566 2577 2576
f 2567 2568 2578
f 2567 2578 2577
f 2568 2569 2579
f 2568 2579 2578
f 2569 2570 2580
f 2569 2580 2579
f 2571 2572 2582
f 2571 2582 2581
f 2572 2573 2583
f 2572 2583 2582
f 2573 2574 2584
f 2573 2584 2583
f 2574 2575 2585
f 2574 2585 2584
f 2575 2576 2586
f 2575 2586 2585
f 2576 2577 2587
f 2576 2587 2586
f 2577 2578 2588
f 2577 2588 2587
f 2578 2579 2589
f 2578 2589 2588
f 2579 2580 2590
f 2579 2590 2589
f 2581 2582 2592
f 2581 2592 2591
f 2582 2583 2593
f 2582 2593 2592
f 2583 2584 2594
f 2583 2594 2593
f 2584 2585 2595
f 2584 2595 2594
f 2585 2586 2596
f 2585 2596 2595
f 2586 2587 2597
f 2586 2597 2596
f 2587 2588 2598
f 2587 2598 2597
f 2588 2589 2599
f 2588 2599 2598
f 2589 2590 2600
f 2589 2600 2599
f 2601 2602 2612
f 2601 2612 2611
f 2602 2603 2613
f 2602 2613 2612
f 2603 2604 2614
f 2603 2614 2613
f 2604 2605 2615
f 2604 2615 2614
f 2605 2606 2616
f 2605 2616 2615
f 2606 2607 2617
f 2606 2617 2616
f 2607 2608 2618
f 2607 2618 2617
f 2608 2609 2619
f 2608 2619 2618
f 2609 2610 2620
f 2609 2620 2619
f 2611 2612 2622
f 2611 2622 2621
f 2612 2613 2623
f 2612 2623 2622
f 2613 2614 2624
f 2613 2624 2623
f 2614 2615 2625
f 2614 2625 2624
f 2615 2616 2626
f 2615 2626 2625
f 2616 2617 2627
f 2616 2627 2626
f 2617 2618 2628
f 2617 2628 2627
f 2618 2619 2629
f 2618 2629 2628
f 2619 2620 2630
f 2619 2630 2629
f 2621 2622 2632
f 2621 2632 2631
f 2622 2623 2633
f 2622 2633 2632
f 2623 2624 2634
f 2623 2634 2633
f 2624 2625 2635
f 2624 2635 2634
f 2625 2626 2636
f 2625 2636 2635
f 2626 2627 2637
f 2626 2637 2636
f 2627 2628 2638
f 2627 2638 2637
f 2628 2629 2639
f 2628 2639 2638
f 2629 2630 2640
f 2629 2640 2639
f 2631 2632 2642
f 2631 2642 2641
f 2632 2633 2643
f 2632 2643 2642
f 2633 2634 2644
f 2633 2644 2643
f 2634 2635 2645
f 2634 2645 2644
f 2635 2636 2646
f 2635 2646 2645
f 2636 2637 2647
f 2636 2647 2646
f 2637 2638 2648
f 2637 2648 2647
f 2638 2639 2649
f 2638 2649 2648
f 2639 2640 2650
f 2639 2650 2649
f 2641 2642 2652
f 2641 2652 2651
f 2642 2643 2653
f 2642 2653 2652
f 2643 2644 2654
f 2643 2654 2653
f 2644 2645 2655
f 2644 2655 2654
f 2645 2646 2656
f 2645 2656 2655
f 2646 2647 2657
f 2646 2657 2656
f 2647 2648 2658
f 2647 2658 2657
f 2648 2649 2659
f 2648 2659 2658
f 2649 2650 2660
f 2649 2660 2659
f 2651 2652 2662
f 2651 2662 2661
f 2652 2653 2663
f 2652 2663 2662
f 2653 2654 2664
f 2653 2664 2663
f 2654 2655 2665
f 2654 2665 2664
f 2655 2656 2666
f 2655 2666 2665
f 2656 2657 2667
f 2656 2667 2666
f 2657 2658 2668
f 2657 2668 2667
f 2658 2659 2669
f 2658 2669 2668
f 2659 2660 2670
f 2659 2670 2669
f 2661 2662 2672
f 2661 2672 2671
f 2662 2663 2673
f 2662 2673 2672
f 2663 2664 2674
f 2663 2674 2673
f 2664 2665 2675
f 2664 2675 2674
f 2665 2666 2676
f 2665 2676 2675
f 2666 2667 2677
f 2666 2677 2676
f 2667 2668 2678
f 2667 2678 2677
f 2668 2669 2679
f 2668 2679 2678
f 2669 2670 2680
f 2669 2680 2679
f 2671 2672 2682
f 2671 2682 2681
f 2672 2673 2683
f 2672 2683 2682
f 2673 2674 2684
f 2673 2684 2683
f 2674 2675 2685
f 2674 2685 2684
f 2675 2676 2686
f 2675 2686 2685
f 2676 2677 2687
f 2676 2687 2686
f 2677 2678 2688
f 2677 2688 2687
f 2678 2679 2689
f 2678 2689 2688
f 2679 2680 2690
f 2679 2690 2689
f 2681 2682 2692
f 2681 2692 2691
f 2682 2683 2693
f 2682 2693 2692
f 2683 2684 2694
f 2683 2694 2693
f 2684 2685 2695
f 2684 2695 2694
f 2685 2686 2696
f 2685 2696 2695
f 2686 2687 2697
f 2686 2697 2696
f 2687 2688 2698
f 2687 2698 2697
f 2688 2689 2699
f 2688 2699 2698
f 2689 2690 2700
f 2689 2700 2699
f 2701 2702 2712
f 2701 2712 2711
f 2702 2703 2713
f 2702 2713 2712
f 2703 2704 2714
f 2703 2714 2713
f 2704 2705 2715
f 2704 2715 2714
f 2705 2706 2716
f 2705 2716 2715
f 2706 2707 2717
f 2706 2717 2716
f 2707 2708 2718
f 2707 2718 2717
f 2708 2709 2719
f 2708 2719 2718
f 2709 2710 2720
f 2709 2720 2719
f 2711 2712 2722
f 2711 2722 2721
f 2712 2713 2723
f 2712 2723 2722
f 2713 2714 2724
f 2713 2724 2723
f 2714 2715 2725
f 2714 2725 2724
f 2715 2716 2726
f 2715 2726 2725
f 2716 2717 2727
f 2716 2727 2726
f 2717 2718 2728
f 2717 2728 2727
f 2718 2719 2729
f 2718 2729 2728
f 2719 2720 2730
f 2719 2730 2729
f 2721 2722 2732
f 2721 2732 2731
f 2722 2723 2733
f 2722 2733 2732
f 2723 2724 2734
f 2723 2734 2733
f 2724 2725 2735
f 2724 2735 2734
f 2725 2726 2736
f 2725 2736 2735
f 2726 2727 2737
f 2726 2737 2736
f 2727 2728 2738
f 2727 2738 2737
f 2728 2729 2739
f 2728 2739 2738
f 2729 2730 2740
f 2729 2740 2739
f 2731 2732 2742
f 2731 2742 2741
f 2732 2733 2743
f 2732 2743 2742
f 2733 2734 2744
f 2733 2744 2743
f 2734 2735 2745
f 2734 2745 2744
f 2735 2736 2746
f 2735 2746 2745
f 2736 2737 2747
f 2736 2747 2746
f 2737 2738 2748
f 2737 2748 2747
f 2738 2739 2749
f 2738 2749 2748
f 2739 2740 2750
f 2739 2750 2749
f 2741 2742 2752
f 2741 2752 2751
f 2742 2743 2753
f 2742 2753 2752
f 2743 2744 2754
f 2743 2754 2753
f 2744 2745 2755
f 2744 2755 2754
f 2745 2746 2756
f 2745 2756 2755
f 2746 2747 2757
f 2746 2757 2756
f 2747 2748 2758
f 2747 2758 2757
f 2748 2749 2759
f 2748 2759 2758
f 2749 2750 2760
f 2749 2760 2759
f 2751 2752 2762
f 2751 2762 2761
f 2752 2753 2763
f 2752 2763 2762
f 2753 2754 2764
f 2753 2764 2763
f 2754 2755 2765
f 2754 2765 2764
f 2755 2756 2766
f 2755 2766 2765
f 2756 2757 2767
f 2756 2767 2766
f 2757 2758 2768
f 2757 2768 2767
f 2758 2759 2769
f 2758 2769 2768
f 2759 2760 2770
f 2759 2770 2769
f 2761 2762 2772
f 2761 2772 2771
f 2762 2763 2773
f 2762 2773 2772
f 2763 2764 2774
f 2763 2774 2773
f 2764 2765 2775
f 2764 2775 2774
f 2765 2766 2776
f 2765 2776 2775
f 2766 2767 2777
f 2766 2777 2776
f 2767 2768 2778
f 2767 2778 2777
f 2768 2769 2779
f 2768 2779 2778
f 2769 2770 2780
f 2769 2780 2779
f 2771 2772 2782
f 2771 2782 2781
f 2772 2773 2783
f 2772 2783 2782
f 2773 2774 2784
f 2773 2784 2783
f 2774 2775 2785
f 2774 2785 2784
f 2775 2776 2786
f 2775 2786 2785
f 2776 2777 2787
f 2776 2787 2786
f 2777 2778 2788
f 2777 2788 2787
f 2778 2779 2789
f 2778 2789 2788
f 2779 2780 2790
f 2779 2790 2789
f 2781 2782 2792
f 2781 2792 2791
f 2782 2783 2793
f 2782 2793 2792
f 2783 2784 2794
f 2783 2794 2793
f 2784 2785 2795
f 2784 2795 2794
f 2785 2786 2796
f 2785 2796 2795
f 2786 2787 2797
f 2786 2797 2796
f 2787 2788 2798
f 2787 2798 2797
f 2788 2789 2799
f 2788 2799 2798
f 2789 2790 2800
f 2789 2800 2799
f 2801 2802 2812
f 2801 2812 2811
f 2802 2803 2813
f 2802 2813 2812
f 2803 2804 2814
f 2803 2814 2813
f 2804 2805 2815
f 2804 2815 2814
f 2805 2806 2816
f 2805 2816 2815
f 2806 2807 2817
f 2806 2817 2816
f 2807 2808 2818
f 2807 2818 2817
f 2808 2809 2819
f 2808 2819 2818
f 2809 2810 2820
f 2809 2820 2819
f 2811 2812 2822
f 2811 2822 2821
f 2812 2813 2823
f 2812 2823 2822
f 2813 2814 2824
f 2813 2824 2823
f 2814 2815 2825
f 2814 2825 2824
f 2815 2816 2826
f 2815 2826 2825
f 2816 2817 2827
f 2816 2827 2826
f 2817 2818 2828
f 2817 2828 2827
f 2818 2819 2829
f 2818 2829 2828
f 2819 2820 2830
f 2819 2830 2829
f 2821 2822 2832
f 2821 2832 2831
f 2822 2823 2833
f 2822 2833 2832
f 2823 2824 2834
f 2823 2834 2833
f 2824 2825 2835
f 2824 2835 2834
f 2825 2826 2836
f 2825 2836 2835
f 2826 2827 2837
f 2826 2837 2836
f 2827 2828 2838
f 2827 2838 2837
f 2828 2829 2839
f 2828 2839 2838
f 2829 2830 2840
f 2829 2840 2839
f 2831 2832 2842
f 2831 2842 2841
f 2832 2833 2843
f 2832 2843 2842
f 2833 2834 2844
f 2833 2844 2843
f 2834 2835 2845
f 2834 2845 2844
f 2835 2836 2846
f 2835 2846 2845
f 2836 2837 2847
f 2836 2847 2846
f 2837 2838 2848
f 2837 2848 2847
f 2838 2839 2849
f 2838 2849 2848
f 2839 2840 2850
f 2839 2850 2849
f 2841 2842 2852
f 2841 2852 2851
f 2842 2843 2853
f 2842 2853 2852
f 2843 2844 2854
f 2843 2854 2853
f 2844 2845 2855
f 2844 2855 2854
f 2845 2846 2856
f 2845 2856 2855
f 2846 2847 2857
f 2846 2857 2856
f 2847 2848 2858
f 2847 2858 2857
f 2848 2849 2859
f 2848 2859 2858
f 2849 2850 2860
f 2849 2860 2859
f 2851 2852 2862
f 2851 2862 2861
f 2852 2853 2863
f 2852 2863 2862
f 2853 2854 2864
f 2853 2864 2863
f 2854 2855 2865
f 2854 2865 2864
f 2855 2856 2866
f 2855 2866 2865
f 2856 2857 2867
f 2856 2867 2866
f 2857 2858 2868
f 2857 2868 2867
f 2858 2859 2869
f 2858 2869 2868
f 2859 2860 2870
f 2859 2870 2869
f 2861 2862 2872
f 2861 2872 2871
f 2862 2863 2873
f 2862 2873 2872
f 2863 2864 2874
f 2863 2874 2873
f 2864 2865 2875
f 2864 2875 2874
f 2865 2866 2876
f 2865 2876 2875
f 2866 2867 2877
f 2866 2877 2876
f 2867 2868 2878
f 2867 2878 2877
f 2868 2869 2879
f 2868 2879 2878
f 2869 2870 2880
f 2869 2880 2879
f 2871 2872 2882
f 2871 2882 2881
f 2872 2873 2883
f 2872 2883 2882
f 2873 2874 2884
f 2873 2884 2883
f 2874 2875 2885
f 2874 2885 2884
f 2875 2876 2886
f 2875 2886 2885
f 2876 2877 2887
f 2876 2887 2886
f 2877 2878 2888
f 2877 2888 2887
f 2878 2879 2889
f 2878 2889 2888
f 2879 2880 2890
f 2879 2890 2889
f 2881 2882 2892
f 2881 2892 2891
f 2882 2883 2893
f 2882 2893 2892
f 2883 2884 2894
f 2883 2894 2893
f 2884 2885 2895
f 2884 2895 2894
f 2885 2886 2896
f 2885 2896 2895
f 2886 2887 2897
f 2886 2897 2896
f 2887 2888 2898
f 2887 2898 2897
f 2888 2889 2899
f 2888 2899 2898
f 2889 2890 2900
f 2889 2900 2899
f 2901 2902 2912
f 2901 2912 2911
f 2902 2903 2913
f 2902 2913 2912
f 2903 2904 2914
f 2903 2914 2913
f 2904 2905 2915
f 2904 2915 2914
f 2905 2906 2916
f 2905 2916 2915
f 2906 2907 2917
f 2906 2917 2916
f 2907 2908 2918
f 2907 2918 2917
f 2908 2909 2919
f 2908 2919 2918
f 2909 2910 2920
f 2909 2920 2919
f 2911 2912 2922
f 2911 2922 2921
f 2912 2913 2923
f 2912 2923 2922
f 2913 2914 2924
f 2913 2924 2923
f 2914 2915 2925
f 2914 2925 2924
f 2915 2916 2926
f 2915 2926 2925
f 2916 2917 2927
f 2916 2927 2926
f 2917 2918 2928
f 2917 2928 2927
f 2918 2919 2929
f 2918 2929 2928
f 2919 2920 2930
f 2919 2930 2929
f 2921 2922 2932
f 2921 2932 2931
f 2922 2923 2933
f 2922 2933 2932
f 2923 2924 2934
f 2923 2934 2933
f 2924 2925 2935
f 2924 2935 2934
f 2925 2926 2936
f 2925 2936 2935
f 2926 2927 2937
f 2926 2937 2936
f 2927 2928 2938
f 2927 2938 2937
f 2928 2929 2939
f 2928 2939 2938
f 2929 2930 2940
f 2929 2940 2939
f 2931 2932 2942
f 2931 2942 2941
f 2932 2933 2943
f 2932 2943 2942
f 2933 2934 2944
f 2933 2944 2943
f 2934 2935 2945
f 2934 2945 2944
f 2935 2936 2946
f 2935 2946 2945
f 2936 2937 2947
f 2936 2947 2946
f 2937 2938 2948
f 2937 2948 2947
f 2938 2939 2949
f 2938 2949 2948
f 2939 2940 2950
f 2939 2950 2949
f 2941 2942 2952
f 2941 2952 2951
f 2942 2943 2953
f 2942 2953 2952
f 2943 2944 2954
f 2943 2954 2953
f 2944 2945 2955
f 2944 2955 2954
f 2945 2946 2956
f 2945 2956 2955
f 2946 2947 2957
f 2946 2957 2956
f 2947 2948 2958
f 2947 2958 2957
f 2948 2949 2959
f 2948 2959 2958
f 2949 2950 2960
f 2949 2960 2959
f 2951 2952 2962
f 2951 2962 2961
f 2952 2953 2963
f 2952 2963 2962
f 2953 2954 2964
f 2953 2964 2963
f 2954 2955 2965
f 2954 2965 2964
f 2955 2956 2966
f 2955 2966 2965
f 2956 2957 2967
f 2956 2967 2966
f 2957 2958 2968
f 2957 2968 2967
f 2958 2959 2969
f 2958 2969 2968
f 2959 2960 2970
f 2959 2970 2969
f 2961 2962 2972
f 2961 2972 2971
f 2962 2963 2973
f 2962 2973 2972
f 2963 2964 2974
f 2963 2974 2973
f 2964 2965 2975
f 2964 2975 2974
f 2965 2966 2976
f 2965 2976 2975
f 2966 2967 2977
f 2966 2977 2976
f 2967 2968 2978
f 2967 2978 2977
f 2968 2969 2979
f 2968 2979 2978
f 2969 2970 2980
f 2969 2980 2979
f 2971 2972 2982
f 2971 2982 2981
f 2972 2973 2983
f 2972 2983 2982
f 2973 2974 2984
f 2973 2984 2983
f 2974 2975 2985
f 2974 2985 2984
f 2975 2976 2986
f 2975 2986 2985
f 2976 2977 2987
f 2976 2987 2986
f 2977 2978 2988
f 2977 2988 2987
f 2978 2979 2989
f 2978 2989 2988
f 2979 2980 2990
f 2979 2990 2989
f 2981 2982 2992
f 2981 2992 2991
f 2982 2983 2993
f 2982 2993 2992
f 2983 2984 2994
f 2983 2994 2993
f 2984 2985 2995
f 2984 2995 2994
f 2985 2986 2996
f 2985 2996 2995
f 2986 2987 2997
f 2986 2997 2996
f 2987 2988 2998
f 2987 2998 2997
f 2988 2989 2999
f 2988 2999 2998
f 2989 2990 3000
f 2989 3000 2999
g 초소 벽_3
v 28.8000 0.2000 1.3000
v 28.8000 0.4667 1.3000
v 28.8000 0.7333 1.3000
v 28.8000 1.0000 1.3000
v 28.8000 1.2667 1.3000
v 28.8000 1.5333 1.3000
v 28.8000 1.8000 1.3000
v 28.8000 2.0667 1.3000
v 28.8000 2.3333 1.3000
v 28.8000 2.6000 1.3000
v 29.0667 0.2000 1.3000
v 29.0667 0.4667 1.3000
v 29.0667 0.7333 1.3000
v 29.0667 1.0000 1.3000
v 29.0667 1.2667 1.3000
v 29.0667 1.5333 1.3000
v 29.0667 1.8000 1.3000
v 29.0667 2.0667 1.3000
v 29.0667 2.3333 1.3000
v 29.0667 2.6000 1.3000
v 29.3333 0.2000 1.3000
v 29.3333 0.4667 1.3000
v 29.3333 0.7333 1.3000
v 29.3333 1.0000 1.3000
v 29.3333 1.2667 1.3000
v 29.3333 1.5333 1.3000
v 29.3333 1.8000 1.3000
v 29.3333 2.0667 1.3000
v 29.3333 2.3333 1.3000
v 29.3333 2.6000 1.3000
v 29.6000 0.2000 1.3000
v 29.6000 0.4667 1.3000
v 29.6000 0.7333 1.3000
v 29.6000 1.0000 1.3000
v 29.6000 1.2667 1.3000
v 29.6000 1.5333 1.3000
v 29.6000 1.8000 1.3000
v 29.6000 2.0667 1.3000
v 29.6000 2.3333 1.3000
v 29.6000 2.6000 1.3000
v 29.8667 0.2000 1.3000
v 29.8667 0.4667 1.3000
v 29.8667 0.7333 1.3000
v 29.8667 1.0000 1.3000
v 29.8667 1.2667 1.3000
v 29.8667 1.5333 1.3000
v 29.8667 1.8000 1.3000
v 29.8667 2.0667 1.3000
v 29.8667 2.3333 1.3000
v 29.8667 2.6000 1.3000
v 30.1333 0.2000 1.3000
v 30.1333 0.4667 1.3000
v 30.1333 0.7333 1.3000
v 30.1333 1.0000 1.3000
v 30.1333 1.2667 1.3000
v 30.1333 1.5333 1.3000
v 30.1333 1.8000 1.3000
v 30.1333 2.0667 1.3000
v 30.1333 2.3333 1.3000
v 30.1333 2.6000 1.3000
v 30.4000 0.2000 1.3000
v 30.4000 0.4667 1.3000
v 30.4000 0.7333 1.3000
v 30.4000 1.0000 1.3000
v 30.4000 1.2667 1.3000
v 30.4000 1.5333 1.3000
v 30.4000 1.8000 1.3000
v 30.4000 2.0667 1.3000
v 30.4000 2.3333 1.3000
v 30.4000 2.6000 1.3000
v 30.6667 0.2000 1.3000
v 30.6667 0.4667 1.3000
v 30.6667 0.7333 1.3000
v 30.6667 1.0000 1.3000
v 30.6667 1.2667 1.3000
v 30.6667 1.5333 1.3000
v 30.6667 1.8000 1.3000
v 30.6667 2.0667 1.3000
v 30.6667 2.3333 1.3000
v 30.6667 2.6000 1.3000
v 30.9333 0.2000 1.3000
v 30.9333 0.4667 1.3000
v 30.9333 0.7333 1.3000
v 30.9333 1.0000 1.3000
v 30.9333 1.2667 1.3000
v 30.9333 1.5333 1.3000
v 30.9333 1.8000 1.3000
v 30.9333 2.0667 1.3000
v 30.9333 2.3333 1.3000
v 30.9333 2.6000 1.3000
v 31.2000 0.2000 1.3000
v 31.2000 0.4667 1.3000
v 31.2000 0.7333 1.3000
v 31.2000 1.0000 1.3000
v 31.2000 1.2667 1.3000
v 31.2000 1.5333 1.3000
v 31.2000 1.8000 1.3000
v 31.2000 2.0667 1.3000
v 31.2000 2.3333 1.3000
v 31.2000 2.6000 1.3000
v 31.2000 0.2000 1.1000
v 31.2000 0.4667 1.1000
v 31.2000 0.7333 1.1000
v 31.2000 1.0000 1.1000
v 31.2000 1.2667 1.1000
v 31.2000 1.5333 1.1000
v 31.2000 1.8000 1.1000
v 31.2000 2.0667 1.1000
v 31.2000 2.3333 1.1000
v 31.2000 2.6000 1.1000
v 30.9333 0.2000 1.1000
v 30.9333 0.4667 1.1000
v 30.9333 0.7333 1.1000
v 30.9333 1.0000 1.1000
v 30.9333 1.2667 1.1000
v 30.9333 1.5333 1.1000
v 30.9333 1.8000 1.1000
v 30.9333 2.0667 1.1000
v 30.9333 2.3333 1.1000
v 30.9333 2.6000 1.1000
v 30.6667 0.2000 1.1000
v 30.6667 0.4667 1.1000
v 30.6667 0.7333 1.1000
v 30.6667 1.0000 1.1000
v 30.6667 1.2667 1.1000
v 30.6667 1.5333 1.1000
v 30.6667 1.8000 1.1000
v 30.6667 2.0667 1.1000
v 30.6667 2.3333 1.1000
v 30.6667 2.6000 1.1000
v 30.4000 0.2000 1.1000
v 30.4000 0.4667 1.1000
v 30.4000 0.7333 1.1000
v 30.4000 1.0000 1.1000
v 30.4000 1.2667 1.1000
v 30.4000 1.5333 1.1000
v 30.4000 1.8000 1.1000
v 30.4000 2.0667 1.1000
v 30.4000 2.3333 1.1000
v 30.4000 2.6000 1.1000
v 30.1333 0.2000 1.1000
v 30.1333 0.4667 1.1000
v 30.1333 0.7333 1.1000
v 30.1333 1.0000 1.1000
v 30.1333 1.2667 1.1000
v 30.1333 1.5333 1.1000
v 30.1333 1.8000 1.1000
v 30.1333 2.0667 1.1000
v 30.1333 2.3333 1.1000
v 30.1333 2.6000 1.1000
v 29.8667 0.2000 1.1000
v 29.8667 0.4667 1.1000
v 29.8667 0.7333 1.1000
v 29.8667 1.0000 1.1000
v 29.8667 1.2667 1.1000
v 29.8667 1.5333 1.1000
v 29.8667 1.8000 1.1000
v 29.8667 2.0667 1.1000
v 29.8667 2.3333 1.1000
v 29.8667 2.6000 1.1000
v 29.6000 0.2000 1.1000
v 29.6000 0.4667 1.1000
v 29.6000 0.7333 1.1000
v 29.6000 1.0000 1.1000
v 29.6000 1.2667 1.1000
v 29.6000 1.5333 1.1000
v 29.6000 1.8000 1.1000
v 29.6000 2.0667 1.1000
v 29.6000 2.3333 1.1000
v 29.6000 2.6000 1.1000
v 29.3333 0.2000 1.1000
v 29.3333 0.4667 1.1000
v 29.3333 0.7333 1.1000
v 29.3333 1.0000 1.1000
v 29.3333 1.2667 1.1000
v 29.3333 1.5333 1.1000
v 29.3333 1.8000 1.1000
v 29.3333 2.0667 1.1000
v 29.3333 2.3333 1.1000
v 29.3333 2.6000 1.1000
v 29.0667 0.2000 1.1000
v 29.0667 0.4667 1.1000
v 29.0667 0.7333 1.1000
v 29.0667 1.0000 1.1000
v 29.0667 1.2667 1.1000
v 29.0667 1.5333 1.1000
v 29.0667 1.8000 1.1000
v 29.0667 2.0667 1.1000
v 29.0667 2.3333 1.1000
v 29.0667 2.6000 1.1000
v 28.8000 0.2000 1.1000
v 28.8000 0.4667 1.1000
v 28.8000 0.7333 1.1000
v 28.8000 1.0000 1.1000
v 28.8000 1.2667 1.1000
v 28.8000 1.5333 1.1000
v 28.8000 1.8000 1.1000
v 28.8000 2.0667 1.1000
v 28.8000 2.3333 1.1000
v 28.8000 2.6000 1.1000
v 28.8000 0.2000 1.1000
v 28.8000 0.4667 1.1000
v 28.8000 0.7333 1.1000
v 28.8000 1.0000 1.1000
v 28.8000 1.2667 1.1000
v 28.8000 1.5333 1.1000
v 28.8000 1.8000 1.1000
v 28.8000 2.0667 1.1000
v 28.8000 2.3333 1.1000
v 28.8000 2.6000 1.1000
v 28.8000 0.2000 1.1222
v 28.8000 0.4667 1.1222
v 28.8000 0.7333 1.1222
v 28.8000 1.0000 1.1222
v 28.8000 1.2667 1.1222
v 28.8000 1.5333 1.1222
v 28.8000 1.8000 1.1222
v 28.8000 2.0667 1.1222
v 28.8000 2.3333 1.1222
v 28.8000 2.6000 1.1222
v 28.8000 0.2000 1.1444
v 28.8000 0.4667 1.1444
v 28.8000 0.7333 1.1444
v 28.8000 1.0000 1.1444
v 28.8000 1.2667 1.1444
v 28.8000 1.5333 1.1444
v 28.8000 1.8000 1.1444
v 28.8000 2.0667 1.1444
v 28.8000 2.3333 1.1444
v 28.8000 2.6000 1.1444
v 28.8000 0.2000 1.1667
v 28.8000 0.4667 1.1667
v 28.8000 0.7333 1.1667
v 28.8000 1.0000 1.1667
v 28.8000 1.2667 1.1667
v 28.8000 1.5333 1.1667
v 28.8000 1.8000 1.1667
v 28.8000 2.0667 1.1667
v 28.8000 2.3333 1.1667
v 28.8000 2.6000 1.1667
v 28.8000 0.2000 1.1889
v 28.8000 0.4667 1.1889
v 28.8000 0.7333 1.1889
v 28.8000 1.0000 1.1889
v 28.8000 1.2667 1.1889
v 28.8000 1.5333 1.1889
v 28.8000 1.8000 1.1889
v 28.8000 2.0667 1.1889
v 28.8000 2.3333 1.1889
v 28.8000 2.6000 1.1889
v 28.8000 0.2000 1.2111
v 28.8000 0.4667 1.2111
v 28.8000 0.7333 1.2111
v 28.8000 1.0000 1.2111
v 28.8000 1.2667 1.2111
v 28.8000 1.5333 1.2111
v 28.8000 1.8000 1.2111
v 28.8000 2.0667 1.2111
v 28.8000 2.3333 1.2111
v 28.8000 2.6000 1.2111
v 28.8000 0.2000 1.2333
v 28.8000 0.4667 1.2333
v 28.8000 0.7333 1.2333
v 28.8000 1.0000 1.2333
v 28.8000 1.2667 1.2333
v 28.8000 1.5333 1.2333
v 28.8000 1.8000 1.2333
v 28.8000 2.0667 1.2333
v 28.8000 2.3333 1.2333
v 28.8000 2.6000 1.2333
v 28.8000 0.2000 1.2556
v 28.8000 0.4667 1.2556
v 28.8000 0.7333 1.2556
v 28.8000 1.0000 1.2556
v 28.8000 1.2667 1.2556
v 28.8000 1.5333 1.2556
v 28.8000 1.8000 1.2556
v 28.8000 2.0667 1.2556
v 28.8000 2.3333 1.2556
v 28.8000 2.6000 1.2556
v 28.8000 0.2000 1.2778
v 28.8000 0.4667 1.2778
v 28.8000 0.7333 1.2778
v 28.8000 1.0000 1.2778
v 28.8000 1.2667 1.2778
v 28.8000 1.5333 1.2778
v 28.8000 1.8000 1.2778
v 28.8000 2.0667 1.2778
v 28.8000 2.3333 1.2778
v 28.8000 2.6000 1.2778
v 28.8000 0.2000 1.3000
v 28.8000 0.4667 1.3000
v 28.8000 0.7333 1.3000
v 28.8000 1.0000 1.3000
v 28.8000 1.2667 1.3000
v 28.8000 1.5333 1.3000
v 28.8000 1.8000 1.3000
v 28.8000 2.0667 1.3000
v 28.8000 2.3333 1.3000
v 28.8000 2.6000 1.3000
v 31.2000 0.2000 1.3000
v 31.2000 0.4667 1.3000
v 31.2000 0.7333 1.3000
v 31.2000 1.0000 1.3000
v 31.2000 1.2667 1.3000
v 31.2000 1.5333 1.3000
v 31.2000 1.8000 1.3000
v 31.2000 2.0667 1.3000
v 31.2000 2.3333 1.3000
v 31.2000 2.6000 1.3000
v 31.2000 0.2000 1.2778
v 31.2000 0.4667 1.2778
v 31.2000 0.7333 1.2778
v 31.2000 1.0000 1.2778
v 31.2000 1.2667 1.2778
v 31.2000 1.5333 1.2778
v 31.2000 1.8000 1.2778
v 31.2000 2.0667 1.2778
v 31.2000 2.3333 1.2778
v 31.2000 2.6000 1.2778
v 31.2000 0.2000 1.2556
v 31.2000 0.4667 1.2556
v 31.2000 0.7333 1.2556
v 31.2000 1.0000 1.2556
v 31.2000 1.2667 1.2556
v 31.2000 1.5333 1.2556
v 31.2000 1.8000 1.2556
v 31.2000 2.0667 1.2556
v 31.2000 2.3333 1.2556
v 31.2000 2.6000 1.2556
v 31.2000 0.2000 1.2333
v 31.2000 0.4667 1.2333
v 31.2000 0.7333 1.2333
v 31.2000 1.0000 1.2333
v 31.2000 1.2667 1.2333
v 31.2000 1.5333 1.2333
v 31.2000 1.8000 1.2333
v 31.2000 2.0667 1.2333
v 31.2000 2.3333 1.2333
v 31.2000 2.6000 1.2333
v 31.2000 0.2000 1.2111
v 31.2000 0.4667 1.2111
v 31.2000 0.7333 1.2111
v 31.2000 1.0000 1.2111
v 31.2000 1.2667 1.2111
v 31.2000 1.5333 1.2111
v 31.2000 1.8000 1.2111
v 31.2000 2.0667 1.2111
v 31.2000 2.3333 1.2111
v 31.2000 2.6000 1.2111
v 31.2000 0.2000 1.1889
v 31.2000 0.4667 1.1889
v 31.2000 0.7333 1.1889
v 31.2000 1.0000 1.1889
v 31.2000 1.2667 1.1889
v 31.2000 1.5333 1.1889
v 31.2000 1.8000 1.1889
v 31.2000 2.0667 1.1889
v 31.2000 2.3333 1.1889
v 31.2000 2.6000 1.1889
v 31.2000 0.2000 1.1667
v 31.2000 0.4667 1.1667
v 31.2000 0.7333 1.1667
v 31.2000 1.0000 1.1667
v 31.2000 1.2667 1.1667
v 31.2000 1.5333 1.1667
v 31.2000 1.8000 1.1667
v 31.2000 2.0667 1.1667
v 31.2000 2.3333 1.1667
v 31.2000 2.6000 1.1667
v 31.2000 0.2000 1.1444
v 31.2000 0.4667 1.1444
v 31.2000 0.7333 1.1444
v 31.2000 1.0000 1.1444
v 31.2000 1.2667 1.1444
v 31.2000 1.5333 1.1444
v 31.2000 1.8000 1.1444
v 31.2000 2.0667 1.1444
v 31.2000 2.3333 1.1444
v 31.2000 2.6000 1.1444
v 31.2000 0.2000 1.1222
v 31.2000 0.4667 1.1222
v 31.2000 0.7333 1.1222
v 31.2000 1.0000 1.1222
v 31.2000 1.2667 1.1222
v 31.2000 1.5333 1.1222
v 31.2000 1.8000 1.1222
v 31.2000 2.0667 1.1222
v 31.2000 2.3333 1.1222
v 31.2000 2.6000 1.1222
v 31.2000 0.2000 1.1000
v 31.2000 0.4667 1.1000
v 31.2000 0.7333 1.1000
v 31.2000 1.0000 1.1000
v 31.2000 1.2667 1.1000
v 31.2000 1.5333 1.1000
v 31.2000 1.8000 1.1000
v 31.2000 2.0667 1.1000
v 31.2000 2.3333 1.1000
v 31.2000 2.6000 1.1000
v 28.8000 2.6000 1.1000
v 28.8000 2.6000 1.1222
v 28.8000 2.6000 1.1444
v 28.8000 2.6000 1.1667
v 28.8000 2.6000 1.1889
v 28.8000 2.6000 1.2111
v 28.8000 2.6000 1.2333
v 28.8000 2.6000 1.2556
v 28.8000 2.6000 1.2778
v 28.8000 2.6000 1.3000
v 29.0667 2.6000 1.1000
v 29.0667 2.6000 1.1222
v 29.0667 2.6000 1.1444
v 29.0667 2.6000 1.1667
v 29.0667 2.6000 1.1889
v 29.0667 2.6000 1.2111
v 29.0667 2.6000 1.2333
v 29.0667 2.6000 1.2556
v 29.0667 2.6000 1.2778
v 29.0667 2.6000 1.3000
v 29.3333 2.6000 1.1000
v 29.3333 2.6000 1.1222
v 29.3333 2.6000 1.1444
v 29.3333 2.6000 1.1667
v 29.3333 2.6000 1.1889
v 29.3333 2.6000 1.2111
v 29.3333 2.6000 1.2333
v 29.3333 2.6000 1.2556
v 29.3333 2.6000 1.2778
v 29.3333 2.6000 1.3000
v 29.6000 2.6000 1.1000
v 29.6000 2.6000 1.1222
v 29.6000 2.6000 1.1444
v 29.6000 2.6000 1.1667
v 29.6000 2.6000 1.1889
v 29.6000 2.6000 1.2111
v 29.6000 2.6000 1.2333
v 29.6000 2.6000 1.2556
v 29.6000 2.6000 1.2778
v 29.6000 2.6000 1.3000
v 29.8667 2.6000 1.1000
v 29.8667 2.6000 1.1222
v 29.8667 2.6000 1.1444
v 29.8667 2.6000 1.1667
v 29.8667 2.6000 1.1889
v 29.8667 2.6000 1.2111
v 29.8667 2.6000 1.2333
v 29.8667 2.6000 1.2556
v 29.8667 2.6000 1.2778
v 29.8667 2.6000 1.3000
v 30.1333 2.6000 1.1000
v 30.1333 2.6000 1.1222
v 30.1333 2.6000 1.1444
v 30.1333 2.6000 1.1667
v 30.1333 2.6000 1.1889
v 30.1333 2.6000 1.2111
v 30.1333 2.6000 1.2333
v 30.1333 2.6000 1.2556
v 30.1333 2.6000 1.2778
v 30.1333 2.6000 1.3000
v 30.4000 2.6000 1.1000
v 30.4000 2.6000 1.1222
v 30.4000 2.6000 1.1444
v 30.4000 2.6000 1.1667
v 30.4000 2.6000 1.1889
v 30.4000 2.6000 1.2111
v 30.4000 2.6000 1.2333
v 30.4000 2.6000 1.2556
v 30.4000 2.6000 1.2778
v 30.4000 2.6000 1.3000
v 30.6667 2.6000 1.1000
v 30.6667 2.6000 1.1222
v 30.6667 2.6000 1.1444
v 30.6667 2.6000 1.1667
v 30.6667 2.6000 1.1889
v 30.6667 2.6000 1.2111
v 30.6667 2.6000 1.2333
v 30.6667 2.6000 1.2556
v 30.6667 2.6000 1.2778
v 30.6667 2.6000 1.3000
v 30.9333 2.6000 1.1000
v 30.9333 2.6000 1.1222
v 30.9333 2.6000 1.1444
v 30.9333 2.6000 1.1667
v 30.9333 2.6000 1.1889
v 30.9333 2.6000 1.2111
v 30.9333 2.6000 1.2333
v 30.9333 2.6000 1.2556
v 30.9333 2.6000 1.2778
v 30.9333 2.6000 1.3000
v 31.2000 2.6000 1.1000
v 31.2000 2.6000 1.1222
v 31.2000 2.6000 1.1444
v 31.2000 2.6000 1.1667
v 31.2000 2.6000 1.1889
v 31.2000 2.6000 1.2111
v 31.2000 2.6000 1.2333
v 31.2000 2.6000 1.2556
v 31.2000 2.6000 1.2778
v 31.2000 2.6000 1.3000
v 28.8000 0.2000 1.3000
v 28.8000 0.2000 1.2778
v 28.8000 0.2000 1.2556
v 28.8000 0.2000 1.2333
v 28.8000 0.2000 1.2111
v 28.8000 0.2000 1.1889
v 28.8000 0.2000 1.1667
v 28.8000 0.2000 1.1444
v 28.8000 0.2000 1.1222
v 28.8000 0.2000 1.1000
v 29.0667 0.2000 1.3000
v 29.0667 0.2000 1.2778
v 29.0667 0.2000 1.2556
v 29.0667 0.2000 1.2333
v 29.0667 0.2000 1.2111
v 29.0667 0.2000 1.1889
v 29.0667 0.2000 1.1667
v 29.0667 0.2000 1.1444
v 29.0667 0.2000 1.1222
v 29.0667 0.2000 1.1000
v 29.3333 0.2000 1.3000
v 29.3333 0.2000 1.2778
v 29.3333 0.2000 1.2556
v 29.3333 0.2000 1.2333
v 29.3333 0.2000 1.2111
v 29.3333 0.2000 1.1889
v 29.3333 0.2000 1.1667
v 29.3333 0.2000 1.1444
v 29.3333 0.2000 1.1222
v 29.3333 0.2000 1.1000
v 29.6000 0.2000 1.3000
v 29.6000 0.2000 1.2778
v 29.6000 0.2000 1.2556
v 29.6000 0.2000 1.2333
v 29.6000 0.2000 1.2111
v 29.6000 0.2000 1.1889
v 29.6000 0.2000 1.1667
v 29.6000 0.2000 1.1444
v 29.6000 0.2000 1.1222
v 29.6000 0.2000 1.1000
v 29.8667 0.2000 1.3000
v 29.8667 0.2000 1.2778
v 29.8667 0.2000 1.2556
v 29.8667 0.2000 1.2333
v 29.8667 0.2000 1.2111
v 29.8667 0.2000 1.1889
v 29.8667 0.2000 1.1667
v 29.8667 0.2000 1.1444
v 29.8667 0.2000 1.1222
v 29.8667 0.2000 1.1000
v 30.1333 0.2000 1.3000
v 30.1333 0.2000 1.2778
v 30.1333 0.2000 1.2556
v 30.1333 0.2000 1.2333
v 30.1333 0.2000 1.2111
v 30.1333 0.2000 1.1889
v 30.1333 0.2000 1.1667
v 30.1333 0.2000 1.1444
v 30.1333 0.2000 1.1222
v 30.1333 0.2000 1.1000
v 30.4000 0.2000 1.3000
v 30.4000 0.2000 1.2778
v 30.4000 0.2000 1.2556
v 30.4000 0.2000 1.2333
v 30.4000 0.2000 1.2111
v 30.4000 0.2000 1.1889
v 30.4000 0.2000 1.1667
v 30.4000 0.2000 1.1444
v 30.4000 0.2000 1.1222
v 30.4000 0.2000 1.1000
v 30.6667 0.2000 1.3000
v 30.6667 0.2000 1.2778
v 30.6667 0.2000 1.2556
v 30.6667 0.2000 1.2333
v 30.6667 0.2000 1.2111
v 30.6667 0.2000 1.1889
v 30.6667 0.2000 1.1667
v 30.6667 0.2000 1.1444
v 30.6667 0.2000 1.1222
v 30.6667 0.2000 1.1000
v 30.9333 0.2000 1.3000
v 30.9333 0.2000 1.2778
v 30.9333 0.2000 1.2556
v 30.9333 0.2000 1.2333
v 30.9333 0.2000 1.2111
v 30.9333 0.2000 1.1889
v 30.9333 0.2000 1.1667
v 30.9333 0.2000 1.1444
v 30.9333 0.2000 1.1222
v 30.9333 0.2000 1.1000
v 31.2000 0.2000 1.3000
v 31.2000 0.2000 1.2778
v 31.2000 0.2000 1.2556
v 31.2000 0.2000 1.2333
v 31.2000 0.2000 1.2111
v 31.2000 0.2000 1.1889
v 31.2000 0.2000 1.1667
v 31.2000 0.2000 1.1444
v 31.2000 0.2000 1.1222
v 31.2000 0.2000 1.1000
f 3001 3002 3012
f 3001 3012 3011
f 3002 3003 3013
f 3002 3013 3012
f 3003 3004 3014
f 3003 3014 3013
f 3004 3005 3015
f 3004 3015 3014
f 3005 3006 3016
f 3005 3016 3015
f 3006 3007 3017
f 3006 3017 3016
f 3007 3008 3018
f 3007 3018 3017
f 3008 3009 3019
f 3008 3019 3018
f 3009 3010 3020
f 3009 3020 3019
f 3011 3012 3022
f 3011 3022 3021
f 3012 3013 3023
f 3012 3023 3022
f 3013 3014 3024
f 3013 3024 3023
f 3014 3015 3025
f 3014 3025 3024
f 3015 3016 3026
f 3015 3026 3025
f 3016 3017 3027
f 3016 3027 3026
f 3017 3018 3028
f 3017 3028 3027
f 3018 3019 3029
f 3018 3029 3028
f 3019 3020 3030
f 3019 3030 3029
f 3021 3022 3032
f 3021 3032 3031
f 3022 3023 3033
f 3022 3033 3032
f 3023 3024 3034
f 3023 3034 3033
f 3024 3025 3035
f 3024 3035 3034
f 3025 3026 3036
f 3025 3036 3035
f 3026 3027 3037
f 3026 3037 3036
f 3027 3028 3038
f 3027 3038 3037
f 3028 3029 3039
f 3028 3039 3038
f 3029 3030 3040
f 3029 3040 3039
f 3031 3032 3042
f 3031 3042 3041
f 3032 3033 3043
f 3032 3043 3042
f 3033 3034 3044
f 3033 3044 3043
f 3034 3035 3045
f 3034 3045 3044
f 3035 3036 3046
f 3035 3046 3045
f 3036 3037 3047
f 3036 3047 3046
f 3037 3038 3048
f 3037 3048 3047
f 3038 3039 3049
f 3038 3049 3048
f 3039 3040 3050
f 3039 3050 3049
f 3041 3042 3052
f 3041 3052 3051
f 3042 3043 3053
f 3042 3053 3052
f 3043 3044 3054
f 3043 3054 3053
f 3044 3045 3055
f 3044 3055 3054
f 3045 3046 3056
f 3045 3056 3055
f 3046 3047 3057
f 3046 3057 3056
f 3047 3048 3058
f 3047 3058 3057
f 3048 3049 3059
f 3048 3059 3058
f 3049 3050 3060
f 3049 3060 3059
f 3051 3052 3062
f 3051 3062 3061
f 3052 3053 3063
f 3052 3063 3062
f 3053 3054 3064
f 3053 3064 3063
f 3054 3055 3065
f 3054 3065 3064
f 3055 3056 3066
f 3055 3066 3065
f 3056 3057 3067
f 3056 3067 3066
f 3057 3058 3068
f 3057 3068 3067
f 3058 3059 3069
f 3058 3069 3068
f 3059 3060 3070
f 3059 3070 3069
f 3061 3062 3072
f 3061 3072 3071
f 3062 3063 3073
f 3062 3073 3072
f 3063 3064 3074
f 3063 3074 3073
f 3064 3065 3075
f 3064 3075 3074
f 3065 3066 3076
f 3065 3076 3075
f 3066 3067 3077
f 3066 3077 3076
f 3067 3068 3078
f 3067 3078 3077
f 3068 3069 3079
f 3068 3079 3078
f 3069 3070 3080
f 3069 3080 3079
f 3071 3072 3082
f 3071 3082 3081
f 3072 3073 3083
f 3072 3083 3082
f 3073 3074 3084
f 3073 3084 3083
f 3074 3075 3085
f 3074 3085 3084
f 3075 3076 3086
f 3075 3086 3085
f 3076 3077 3087
f 3076 3087 3086
f 3077 3078 3088
f 3077 3088 3087
f 3078 3079 3089
f 3078 3089 3088
f 3079 3080 3090
f 3079 3090 3089
f 3081 3082 3092
f 3081 3092 3091
f 3082 3083 3093
f 3082 3093 3092
f 3083 3084 3094
f 3083 3094 3093
f 3084 3085 3095
f 3084 3095 3094
f 3085 3086 3096
f 3085 3096 3095
f 3086 3087 3097
f 3086 3097 3096
f 3087 3088 3098
f 3087 3098 3097
f 3088 3089 3099
f 3088 3099 3098
f 3089 3090 3100
f 3089 3100 3099
f 3101 3102 3112
f 3101 3112 3111
f 3102 3103 3113
f 3102 3113 3112
f 3103 3104 3114
f 3103 3114 3113
f 3104 3105 3115
f 3104 3115 3114
f 3105 3106 3116
f 3105 3116 3115
f 3106 3107 3117
f 3106 3117 3116
f 3107 3108 3118
f 3107 3118 3117
f 3108 3109 3119
f 3108 3119 3118
f 3109 3110 3120
f 3109 3120 3119
f 3111 3112 3122
f 3111 3122 3121
f 3112 3113 3123
f 3112 3123 3122
f 3113 3114 3124
f 3113 3124 3123
f 3114 3115 3125
f 3114 3125 3124
f 3115 3116 3126
f 3115 3126 3125
f 3116 3117 3127
f 3116 3127 3126
f 3117 3118 3128
f 3117 3128 3127
f 3118 3119 3129
f 3118 3129 3128
f 3119 3120 3130
f 3119 3130 3129
f 3121 3122 3132
f 3121 3132 3131
f 3122 3123 3133
f 3122 3133 3132
f 3123 3124 3134
f 3123 3134 3133
f 3124 3125 3135
f 3124 3135 3134
f 3125 3126 3136
f 3125 3136 3135
f 3126 3127 3137
f 3126 3137 3136
f 3127 3128 3138
f 3127 3138 3137
f 3128 3129 3139
f 3128 3139 3138
f 3129 3130 3140
f 3129 3140 3139
f 3131 3132 3142
f 3131 3142 3141
f 3132 3133 3143
f 3132 3143 3142
f 3133 3134 3144
f 3133 3144 3143
f 3134 3135 3145
f 3134 3145 3144
f 3135 3136 3146
f 3135 3146 3145
f 3136 3137 3147
f 3136 3147 3146
f 3137 3138 3148
f 3137 3148 3147
f 3138 3139 3149
f 3138 3149 3148
f 3139 3140 3150
f 3139 3150 3149
f 3141 3142 3152
f 3141 3152 3151
f 3142 3143 3153
f 3142 3153 3152
f 3143 3144 3154
f 3143 3154 3153
f 3144 3145 3155
f 3144 3155 3154
f 3145 3146 3156
f 3145 3156 3155
f 3146 3147 3157
f 3146 3157 3156
f 3147 3148 3158
f 3147 3158 3157
f 3148 3149 3159
f 3148 3159 3158
f 3149 3150 3160
f 3149 3160 3159
f 3151 3152 3162
f 3151 3162 3161
f 3152 3153 3163
f 3152 3163 3162
f 3153 3154 3164
f 3153 3164 3163
f 3154 3155 3165
f 3154 3165 3164
f 3155 3156 3166
f 3155 3166 3165
f 3156 3157 3167
f 3156 3167 3166
f 3157 3158 3168
f 3157 3168 3167
f 3158 3159 3169
f 3158 3169 3168
f 3159 3160 3170
f 3159 3170 3169
f 3161 3162 3172
f 3161 3172 3171
f 3162 3163 3173
f 3162 3173 3172
f 3163 3164 3174
f 3163 3174 3173
f 3164 3165 3175
f 3164 3175 3174
f 3165 3166 3176
f 3165 3176 3175
f 3166 3167 3177
f 3166 3177 3176
f 3167 3168 3178
f 3167 3178 3177
f 3168 3169 3179
f 3168 3179 3178
f 3169 3170 3180
f 3169 3180 3179
f 3171 3172 3182
f 3171 3182 3181
f 3172 3173 3183
f 3172 3183 3182
f 3173 3174 3184
f 3173 3184 3183
f 3174 3175 3185
f 3174 3185 3184
f 3175 3176 3186
f 3175 3186 3185
f 3176 3177 3187
f 3176 3187 3186
f 3177 3178 3188
f 3177 3188 3187
f 3178 3179 3189
f 3178 3189 3188
f 3179 3180 3190
f 3179 3190 3189
f 3181 3182 3192
f 3181 3192 3191
f 3182 3183 3193
f 3182 3193 3192
f 3183 3184 3194
f 3183 3194 3193
f 3184 3185 3195
f 3184 3195 3194
f 3185 3186 3196
f 3185 3196 3195
f 3186 3187 3197
f 3186 3197 3196
f 3187 3188 3198
f 3187 3198 3197
f 3188 3189 3199
f 3188 3199 3198
f 3189 3190 3200
f 3189 3200 3199
f 3201 3202 3212
f 3201 3212 3211
f 3202 3203 3213
f 3202 3213 3212
f 3203 3204 3214
f 3203 3214 3213
f 3204 3205 3215
f 3204 3215 3214
f 3205 3206 3216
f 3205 3216 3215
f 3206 3207 3217
f 3206 3217 3216
f 3207 3208 3218
f 3207 3218 3217
f 3208 3209 3219
f 3208 3219 3218
f 3209 3210 3220
f 3209 3220 3219
f 3211 3212 3222
f 3211 3222 3221
f 3212 3213 3223
f 3212 3223 3222
f 3213 3214 3224
f 3213 3224 3223
f 3214 3215 3225
f 3214 3225 3224
f 3215 3216 3226
f 3215 3226 3225
f 3216 3217 3227
f 3216 3227 3226
f 3217 3218 3228
f 3217 3228 3227
f 3218 3219 3229
f 3218 3229 3228
f 3219 3220 3230
f 3219 3230 3229
f 3221 3222 3232
f 3221 3232 3231
f 3222 3223 3233
f 3222 3233 3232
f 3223 3224 3234
f 3223 3234 3233
f 3224 3225 3235
f 3224 3235 3234
f 3225 3226 3236
f 3225 3236 3235
f 3226 3227 3237
f 3226 3237 3236
f 3227 3228 3238
f 3227 3238 3237
f 3228 3229 3239
f 3228 3239 3238
f 3229 3230 3240
f 3229 3240 3239
f 3231 3232 3242
f 3231 3242 3241
f 3232 3233 3243
f 3232 3243 3242
f 3233 3234 3244
f 3233 3244 3243
f 3234 3235 3245
f 3234 3245 3244
f 3235 3236 3246
f 3235 3246 3245
f 3236 3237 3247
f 3236 3247 3246
f 3237 3238 3248
f 3237 3248 3247
f 3238 3239 3249
f 3238 3249 3248
f 3239 3240 3250
f 3239 3250 3249
f 3241 3242 3252
f 3241 3252 3251
f 3242 3243 3253
f 3242 3253 3252
f 3243 3244 3254
f 3243 3254 3253
f 3244 3245 3255
f 3244 3255 3254
f 3245 3246 3256
f 3245 3256 3255
f 3246 3247 3257
f 3246 3257 3256
f 3247 3248 3258
f 3247 3258 3257
f 3248 3249 3259
f 3248 3259 3258
f 3249 3250 3260
f 3249 3260 3259
f 3251 3252 3262
f 3251 3262 3261
f 3252 3253 3263
f 3252 3263 3262
f 3253 3254 3264
f 3253 3264 3263
f 3254 3255 3265
f 3254 3265 3264
f 3255 3256 3266
f 3255 3266 3265
f 3256 3257 3267
f 3256 3267 3266
f 3257 3258 3268
f 3257 3268 3267
f 3258 3259 3269
f 3258 3269 3268
f 3259 3260 3270
f 3259 3270 3269
f 3261 3262 3272
f 3261 3272 3271
f 3262 3263 3273
f 3262 3273 3272
f 3263 3264 3274
f 3263 3274 3273
f 3264 3265 3275
f 3264 3275 3274
f 3265 3266 3276
f 3265 3276 3275
f 3266 3267 3277
f 3266 3277 3276
f 3267 3268 3278
f 3267 3278 3277
f 3268 3269 3279
f 3268 3279 3278
f 3269 3270 3280
f 3269 3280 3279
f 3271 3272 3282
f 3271 3282 3281
f 3272 3273 3283
f 3272 3283 3282
f 3273 3274 3284
f 3273 3284 3283
f 3274 3275 3285
f 3274 3285 3284
f 3275 3276 3286
f 3275 3286 3285
f 3276 3277 3287
f 3276 3287 3286
f 3277 3278 3288
f 3277 3288 3287
f 3278 3279 3289
f 3278 3289 3288
f 3279 3280 3290
f 3279 3290 3289
f 3281 3282 3292
f 3281 3292 3291
f 3282 3283 3293
f 3282 3293 3292
f 3283 3284 3294
f 3283 3294 3293
f 3284 3285 3295
f 3284 3295 3294
f 3285 3286 3296
f 3285 3296 3295
f 3286 3287 3297
f 3286 3297 3296
f 3287 3288 3298
f 3287 3298 3297
f 3288 3289 3299
f 3288 3299 3298
f 3289 3290 3300
f 3289 3300 3299
f 3301 3302 3312
f 3301 3312 3311
f 3302 3303 3313
f 3302 3313 3312
f 3303 3304 3314
f 3303 3314 3313
f 3304 3305 3315
f 3304 3315 3314
f 3305 3306 3316
f 3305 3316 3315
f 3306 3307 3317
f 3306 3317 3316
f 3307 3308 3318
f 3307 3318 3317
f 3308 3309 3319
f 3308 3319 3318
f 3309 3310 3320
f 3309 3320 3319
f 3311 3312 3322
f 3311 3322 3321
f 3312 3313 3323
f 3312 3323 3322
f 3313 3314 3324
f 3313 3324 3323
f 3314 3315 3325
f 3314 3325 3324
f 3315 3316 3326
f 3315 3326 3325
f 3316 3317 3327
f 3316 3327 3326
f 3317 3318 3328
f 3317 3328 3327
f 3318 3319 3329
f 3318 3329 3328
f 3319 3320 3330
f 3319 3330 3329
f 3321 3322 3332
f 3321 3332 3331
f 3322 3323 3333
f 3322 3333 3332
f 3323 3324 3334
f 3323 3334 3333
f 3324 3325 3335
f 3324 3335 3334
f 3325 3326 3336
f 3325 3336 3335
f 3326 3327 3337
f 3326 3337 3336
f 3327 3328 3338
f 3327 3338 3337
f 3328 3329 3339
f 3328 3339 3338
f 3329 3330 3340
f 3329 3340 3339
f 3331 3332 3342
f 3331 3342 3341
f 3332 3333 3343
f 3332 3343 3342
f 3333 3334 3344
f 3333 3344 3343
f 3334 3335 3345
f 3334 3345 3344
f 3335 3336 3346
f 3335 3346 3345
f 3336 3337 3347
f 3336 3347 3346
f 3337 3338 3348
f 3337 3348 3347
f 3338 3339 3349
f 3338 3349 3348
f 3339 3340 3350
f 3339 3350 3349
f 3341 3342 3352
f 3341 3352 3351
f 3342 3343 3353
f 3342 3353 3352
f 3343 3344 3354
f 3343 3354 3353
f 3344 3345 3355
f 3344 3355 3354
f 3345 3346 3356
f 3345 3356 3355
f 3346 3347 3357
f 3346 3357 3356
f 3347 3348 3358
f 3347 3358 3357
f 3348 3349 3359
f 3348 3359 3358
f 3349 3350 3360
f 3349 3360 3359
f 3351 3352 3362
f 3351 3362 3361
f 3352 3353 3363
f 3352 3363 3362
f 3353 3354 3364
f 3353 3364 3363
f 3354 3355 3365
f 3354 3365 3364
f 3355 3356 3366
f 3355 3366 3365
f 3356 3357 3367
f 3356 3367 3366
f 3357 3358 3368
f 3357 3368 3367
f 3358 3359 3369
f 3358 3369 3368
f 3359 3360 3370
f 3359 3370 3369
f 3361 3362 3372
f 3361 3372 3371
f 3362 3363 3373
f 3362 3373 3372
f 3363 3364 3374
f 3363 3374 3373
f 3364 3365 3375
f 3364 3375 3374
f 3365 3366 3376
f 3365 3376 3375
f 3366 3367 3377
f 3366 3377 3376
f 3367 3368 3378
f 3367 3378 3377
f 3368 3369 3379
f 3368 3379 3378
f 3369 3370 3380
f 3369 3380 3379
f 3371 3372 3382
f 3371 3382 3381
f 3372 3373 3383
f 3372 3383 3382
f 3373 3374 3384
f 3373 3384 3383
f 3374 3375 3385
f 3374 3385 3384
f 3375 3376 3386
f 3375 3386 3385
f 3376 3377 3387
f 3376 3387 3386
f 3377 3378 3388
f 3377 3388 3387
f 3378 3379 3389
f 3378 3389 3388
f 3379 3380 3390
f 3379 3390 3389
f 3381 3382 3392
f 3381 3392 3391
f 3382 3383 3393
f 3382 3393 3392
f 3383 3384 3394
f 3383 3394 3393
f 3384 3385 3395
f 3384 3395 3394
f 3385 3386 3396
f 3385 3396 3395
f 3386 3387 3397
f 3386 3397 3396
f 3387 3388 3398
f 3387 3398 3397
f 3388 3389 3399
f 3388 3399 3398
f 3389 3390 3400
f 3389 3400 3399
f 3401 3402 3412
f 3401 3412 3411
f 3402 3403 3413
f 3402 3413 3412
f 3403 3404 3414
f 3403 3414 3413
f 3404 3405 3415
f 3404 3415 3414
f 3405 3406 3416
f 3405 3416 3415
f 3406 3407 3417
f 3406 3417 3416
f 3407 3408 3418
f 3407 3418 3417
f 3408 3409 3419
f 3408 3419 3418
f 3409 3410 3420
f 3409 3420 3419
f 3411 3412 3422
f 3411 3422 3421
f 3412 3413 3423
f 3412 3423 3422
f 3413 3414 3424
f 3413 3424 3423
f 3414 3415 3425
f 3414 3425 3424
f 3415 3416 3426
f 3415 3426 3425
f 3416 3417 3427
f 3416 3427 3426
f 3417 3418 3428
f 3417 3428 3427
f 3418 3419 3429
f 3418 3429 3428
f 3419 3420 3430
f 3419 3430 3429
f 3421 3422 3432
f 3421 3432 3431
f 3422 3423 3433
f 3422 3433 3432
f 3423 3424 3434
f 3423 3434 3433
f 3424 3425 3435
f 3424 3435 3434
f 3425 3426 3436
f 3425 3436 3435
f 3426 3427 3437
f 3426 3437 3436
f 3427 3428 3438
f 3427 3438 3437
f 3428 3429 3439
f 3428 3439 3438
f 3429 3430 3440
f 3429 3440 3439
f 3431 3432 3442
f 3431 3442 3441
f 3432 3433 3443
f 3432 3443 3442
f 3433 3434 3444
f 3433 3444 3443
f 3434 3435 3445
f 3434 3445 3444
f 3435 3436 3446
f 3435 3446 3445
f 3436 3437 3447
f 3436 3447 3446
f 3437 3438 3448
f 3437 3448 3447
f 3438 3439 3449
f 3438 3449 3448
f 3439 3440 3450
f 3439 3450 3449
f 3441 3442 3452
f 3441 3452 3451
f 3442 3443 3453
f 3442 3453 3452
f 3443 3444 3454
f 3443 3454 3453
f 3444 3445 3455
f 3444 3455 3454
f 3445 3446 3456
f 3445 3456 3455
f 3446 3447 3457
f 3446 3457 3456
f 3447 3448 3458
f 3447 3458 3457
f 3448 3449 3459
f 3448 3459 3458
f 3449 3450 3460
f 3449 3460 3459
f 3451 3452 3462
f 3451 3462 3461
f 3452 3453 3463
f 3452 3463 3462
f 3453 3454 3464
f 3453 3464 3463
f 3454 3455 3465
f 3454 3465 3464
f 3455 3456 3466
f 3455 3466 3465
f 3456 3457 3467
f 3456 3467 3466
f 3457 3458 3468
f 3457 3468 3467
f 3458 3459 3469
f 3458 3469 3468
f 3459 3460 3470
f 3459 3470 3469
f 3461 3462 3472
f 3461 3472 3471
f 3462 3463 3473
f 3462 3473 3472
f 3463 3464 3474
f 3463 3474 3473
f 3464 3465 3475
f 3464 3475 3474
f 3465 3466 3476
f 3465 3476 3475
f 3466 3467 3477
f 3466 3477 3476
f 3467 3468 3478
f 3467 3478 3477
f 3468 3469 3479
f 3468 3479 3478
f 3469 3470 3480
f 3469 3480 3479
f 3471 3472 3482
f 3471 3482 3481
f 3472 3473 3483
f 3472 3483 3482
f 3473 3474 3484
f 3473 3484 3483
f 3474 3475 3485
f 3474 3485 3484
f 3475 3476 3486
f 3475 3486 3485
f 3476 3477 3487
f 3476 3487 3486
f 3477 3478 3488
f 3477 3488 3487
f 3478 3479 3489
f 3478 3489 3488
f 3479 3480 3490
f 3479 3490 3489
f 3481 3482 3492
f 3481 3492 3491
f 3482 3483 3493
f 3482 3493 3492
f 3483 3484 3494
f 3483 3494 3493
f 3484 3485 3495
f 3484 3495 3494
f 3485 3486 3496
f 3485 3496 3495
f 3486 3487 3497
f 3486 3497 3496
f 3487 3488 3498
f 3487 3498 3497
f 3488 3489 3499
f 3488 3499 3498
f 3489 3490 3500
f 3489 3500 3499
f 3501 3502 3512
f 3501 3512 3511
f 3502 3503 3513
f 3502 3513 3512
f 3503 3504 3514
f 3503 3514 3513
f 3504 3505 3515
f 3504 3515 3514
f 3505 3506 3516
f 3505 3516 3515
f 3506 3507 3517
f 3506 3517 3516
f 3507 3508 3518
f 3507 3518 3517
f 3508 3509 3519
f 3508 3519 3518
f 3509 3510 3520
f 3509 3520 3519
f 3511 3512 3522
f 3511 3522 3521
f 3512 3513 3523
f 3512 3523 3522
f 3513 3514 3524
f 3513 3524 3523
f 3514 3515 3525
f 3514 3525 3524
f 3515 3516 3526
f 3515 3526 3525
f 3516 3517 3527
f 3516 3527 3526
f 3517 3518 3528
f 3517 3528 3527
f 3518 3519 3529
f 3518 3529 3528
f 3519 3520 3530
f 3519 3530 3529
f 3521 3522 3532
f 3521 3532 3531
f 3522 3523 3533
f 3522 3533 3532
f 3523 3524 3534
f 3523 3534 3533
f 3524 3525 3535
f 3524 3535 3534
f 3525 3526 3536
f 3525 3536 3535
f 3526 3527 3537
f 3526 3537 3536
f 3527 3528 3538
f 3527 3538 3537
f 3528 3529 3539
f 3528 3539 3538
f 3529 3530 3540
f 3529 3540 3539
f 3531 3532 3542
f 3531 3542 3541
f 3532 3533 3543
f 3532 3543 3542
f 3533 3534 3544
f 3533 3544 3543
f 3534 3535 3545
f 3534 3545 3544
f 3535 3536 3546
f 3535 3546 3545
f 3536 3537 3547
f 3536 3547 3546
f 3537 3538 3548
f 3537 3548 3547
f 3538 3539 3549
f 3538 3549 3548
f 3539 3540 3550
f 3539 3550 3549
f 3541 3542 3552
f 3541 3552 3551
f 3542 3543 3553
f 3542 3553 3552
f 3543 3544 3554
f 3543 3554 3553
f 3544 3545 3555
f 3544 3555 3554
f 3545 3546 3556
f 3545 3556 3555
f 3546 3547 3557
f 3546 3557 3556
f 3547 3548 3558
f 3547 3558 3557
f 3548 3549 3559
f 3548 3559 3558
f 3549 3550 3560
f 3549 3560 3559
f 3551 3552 3562
f 3551 3562 3561
f 3552 3553 3563
f 3552 3563 3562
f 3553 3554 3564
f 3553 3564 3563
f 3554 3555 3565
f 3554 3565 3564
f 3555 3556 3566
f 3555 3566 3565
f 3556 3557 3567
f 3556 3567 3566
f 3557 3558 3568
f 3557 3568 3567
f 3558 3559 3569
f 3558 3569 3568
f 3559 3560 3570
f 3559 3570 3569
f 3561 3562 3572
f 3561 3572 3571
f 3562 3563 3573
f 3562 3573 3572
f 3563 3564 3574
f 3563 3574 3573
f 3564 3565 3575
f 3564 3575 3574
f 3565 3566 3576
f 3565 3576 3575
f 3566 3567 3577
f 3566 3577 3576
f 3567 3568 3578
f 3567 3578 3577
f 3568 3569 3579
f 3568 3579 3578
f 3569 3570 3580
f 3569 3580 3579
f 3571 3572 3582
f 3571 3582 3581
f 3572 3573 3583
f 3572 3583 3582
f 3573 3574 3584
f 3573 3584 3583
f 3574 3575 3585
f 3574 3585 3584
f 3575 3576 3586
f 3575 3586 3585
f 3576 3577 3587
f 3576 3587 3586
f 3577 3578 3588
f 3577 3588 3587
f 3578 3579 3589
f 3578 3589 3588
f 3579 3580 3590
f 3579 3590 3589
f 3581 3582 3592
f 3581 3592 3591
f 3582 3583 3593
f 3582 3593 3592
f 3583 3584 3594
f 3583 3594 3593
f 3584 3585 3595
f 3584 3595 3594
f 3585 3586 3596
f 3585 3596 3595
f 3586 3587 3597
f 3586 3597 3596
f 3587 3588 3598
f 3587 3598 3597
f 3588 3589 3599
f 3588 3599 3598
f 3589 3590 3600
f 3589 3600 3599
g 초소 측벽_0
v -31.1000 0.2000 1.2000
v -31.1000 0.4667 1.2000
v -31.1000 0.7333 1.2000
v -31.1000 1.0000 1.2000
v -31.1000 1.2667 1.2000
v -31.1000 1.5333 1.2000
v -31.1000 1.8000 1.2000
v -31.1000 2.0667 1.2000
v -31.1000 2.3333 1.2000
v -31.1000 2.6000 1.2000
v -31.1000 0.2000 0.9333
v -31.1000 0.4667 0.9333
v -31.1000 0.7333 0.9333
v -31.1000 1.0000 0.9333
v -31.1000 1.2667 0.9333
v -31.1000 1.5333 0.9333
v -31.1000 1.8000 0.9333
v -31.1000 2.0667 0.9333
v -31.1000 2.3333 0.9333
v -31.1000 2.6000 0.9333
v -31.1000 0.2000 0.6667
v -31.1000 0.4667 0.6667
v -31.1000 0.7333 0.6667
v -31.1000 1.0000 0.6667
v -31.1000 1.2667 0.6667
v -31.1000 1.5333 0.6667
v -31.1000 1.8000 0.6667
v -31.1000 2.0667 0.6667
v -31.1000 2.3333 0.6667
v -31.1000 2.6000 0.6667
v -31.1000 0.2000 0.4000
v -31.1000 0.4667 0.4000
v -31.1000 0.7333 0.4000
v -31.1000 1.0000 0.4000
v -31.1000 1.2667 0.4000
v -31.1000 1.5333 0.4000
v -31.1000 1.8000 0.4000
v -31.1000 2.0667 0.4000
v -31.1000 2.3333 0.4000
v -31.1000 2.6000 0.4000
v -31.1000 0.2000 0.1333
v -31.1000 0.4667 0.1333
v -31.1000 0.7333 0.1333
v -31.1000 1.0000 0.1333
v -31.1000 1.2667 0.1333
v -31.1000 1.5333 0.1333
v -31.1000 1.8000 0.1333
v -31.1000 2.0667 0.1333
v -31.1000 2.3333 0.1333
v -31.1000 2.6000 0.1333
v -31.1000 0.2000 -0.1333
v -31.1000 0.4667 -0.1333
v -31.1000 0.7333 -0.1333
v -31.1000 1.0000 -0.1333
v -31.1000 1.2667 -0.1333
v -31.1000 1.5333 -0.1333
v -31.1000 1.8000 -0.1333
v -31.1000 2.0667 -0.1333
v -31.1000 2.3333 -0.1333
v -31.1000 2.6000 -0.1333
v -31.1000 0.2000 -0.4000
v -31.1000 0.4667 -0.4000
v -31.1000 0.7333 -0.4000
v -31.1000 1.0000 -0.4000
v -31.1000 1.2667 -0.4000
v -31.1000 1.5333 -0.4000
v -31.1000 1.8000 -0.4000
v -31.1000 2.0667 -0.4000
v -31.1000 2.3333 -0.4000
v -31.1000 2.6000 -0.4000
v -31.1000 0.2000 -0.6667
v -31.1000 0.4667 -0.6667
v -31.1000 0.7333 -0.6667
v -31.1000 1.0000 -0.6667
v -31.1000 1.2667 -0.6667
v -31.1000 1.5333 -0.6667
v -31.1000 1.8000 -0.6667
v -31.1000 2.0667 -0.6667
v -31.1000 2.3333 -0.6667
v -31.1000 2.6000 -0.6667
v -31.1000 0.2000 -0.9333
v -31.1000 0.4667 -0.9333
v -31.1000 0.7333 -0.9333
v -31.1000 1.0000 -0.9333
v -31.1000 1.2667 -0.9333
v -31.1000 1.5333 -0.9333
v -31.1000 1.8000 -0.9333
v -31.1000 2.0667 -0.9333
v -31.1000 2.3333 -0.9333
v -31.1000 2.6000 -0.9333
v -31.1000 0.2000 -1.2000
v -31.1000 0.4667 -1.2000
v -31.1000 0.7333 -1.2000
v -31.1000 1.0000 -1.2000
v -31.1000 1.2667 -1.2000
v -31.1000 1.5333 -1.2000
v -31.1000 1.8000 -1.2000
v -31.1000 2.0667 -1.2000
v -31.1000 2.3333 -1.2000
v -31.1000 2.6000 -1.2000
v -31.3000 0.2000 -1.2000
v -31.3000 0.4667 -1.2000
v -31.3000 0.7333 -1.2000
v -31.3000 1.0000 -1.2000
v -31.3000 1.2667 -1.2000
v -31.3000 1.5333 -1.2000
v -31.3000 1.8000 -1.2000
v -31.3000 2.0667 -1.2000
v -31.3000 2.3333 -1.2000
v -31.3000 2.6000 -1.2000
v -31.3000 0.2000 -0.9333
v -31.3000 0.4667 -0.9333
v -31.3000 0.7333 -0.9333
v -31.3000 1.0000 -0.9333
v -31.3000 1.2667 -0.9333
v -31.3000 1.5333 -0.9333
v -31.3000 1.8000 -0.9333
v -31.3000 2.0667 -0.9333
v -31.3000 2.3333 -0.9333
v -31.3000 2.6000 -0.9333
v -31.3000 0.2000 -0.6667
v -31.3000 0.4667 -0.6667
v -31.3000 0.7333 -0.6667
v -31.3000 1.0000 -0.6667
v -31.3000 1.2667 -0.6667
v -31.3000 1.5333 -0.6667
v -31.3000 1.8000 -0.6667
v -31.3000 2.0667 -0.6667
v -31.3000 2.3333 -0.6667
v -31.3000 2.6000 -0.6667
v -31.3000 0.2000 -0.4000
v -31.3000 0.4667 -0.4000
v -31.3000 0.7333 -0.4000
v -31.3000 1.0000 -0.4000
v -31.3000 1.2667 -0.4000
v -31.3000 1.5333 -0.4000
v -31.3000 1.8000 -0.4000
v -31.3000 2.0667 -0.4000
v -31.3000 2.3333 -0.4000
v -31.3000 2.6000 -0.4000
v -31.3000 0.2000 -0.1333
v -31.3000 0.4667 -0.1333
v -31.3000 0.7333 -0.1333
v -31.3000 1.0000 -0.1333
v -31.3000 1.2667 -0.1333
v -31.3000 1.5333 -0.1333
v -31.3000 1.8000 -0.1333
v -31.3000 2.0667 -0.1333
v -31.3000 2.3333 -0.1333
v -31.3000 2.6000 -0.1333
v -31.3000 0.2000 0.1333
v -31.3000 0.4667 0.1333
v -31.3000 0.7333 0.1333
v -31.3000 1.0000 0.1333
v -31.3000 1.2667 0.1333
v -31.3000 1.5333 0.1333
v -31.3000 1.8000 0.1333
v -31.3000 2.0667 0.1333
v -31.3000 2.3333 0.1333
v -31.3000 2.6000 0.1333
v -31.3000 0.2000 0.4000
v -31.3000 0.4667 0.4000
v -31.3000 0.7333 0.4000
v -31.3000 1.0000 0.4000
v -31.3000 1.2667 0.4000
v -31.3000 1.5333 0.4000
v -31.3000 1.8000 0.4000
v -31.3000 2.0667 0.4000
v -31.3000 2.3333 0.4000
v -31.3000 2.6000 0.4000
v -31.3000 0.2000 0.6667
v -31.3000 0.4667 0.6667
v -31.3000 0.7333 0.6667
v -31.3000 1.0000 0.6667
v -31.3000 1.2667 0.6667
v -31.3000 1.5333 0.6667
v -31.3000 1.8000 0.6667
v -31.3000 2.0667 0.6667
v -31.3000 2.3333 0.6667
v -31.3000 2.6000 0.6667
v -31.3000 0.2000 0.9333
v -31.3000 0.4667 0.9333
v -31.3000 0.7333 0.9333
v -31.3000 1.0000 0.9333
v -31.3000 1.2667 0.9333
v -31.3000 1.5333 0.9333
v -31.3000 1.8000 0.9333
v -31.3000 2.0667 0.9333
v -31.3000 2.3333 0.9333
v -31.3000 2.6000 0.9333
v -31.3000 0.2000 1.2000
v -31.3000 0.4667 1.2000
v -31.3000 0.7333 1.2000
v -31.3000 1.0000 1.2000
v -31.3000 1.2667 1.2000
v -31.3000 1.5333 1.2000
v -31.3000 1.8000 1.2000
v -31.3000 2.0667 1.2000
v -31.3000 2.3333 1.2000
v -31.3000 2.6000 1.2000
v -31.3000 0.2000 1.2000
v -31.3000 0.4667 1.2000
v -31.3000 0.7333 1.2000
v -31.3000 1.0000 1.2000
v -31.3000 1.2667 1.2000
v -31.3000 1.5333 1.2000
v -31.3000 1.8000 1.2000
v -31.3000 2.0667 1.2000
v -31.3000 2.3333 1.2000
v -31.3000 2.6000 1.2000
v -31.2778 0.2000 1.2000
v -31.2778 0.4667 1.2000
v -31.2778 0.7333 1.2000
v -31.2778 1.0000 1.2000
v -31.2778 1.2667 1.2000
v -31.2778 1.5333 1.2000
v -31.2778 1.8000 1.2000
v -31.2778 2.0667 1.2000
v -31.2778 2.3333 1.2000
v -31.2778 2.6000 1.2000
v -31.2556 0.2000 1.2000
v -31.2556 0.4667 1.2000
v -31.2556 0.7333 1.2000
v -31.2556 1.0000 1.2000
v -31.2556 1.2667 1.2000
v -31.2556 1.5333 1.2000
v -31.2556 1.8000 1.2000
v -31.2556 2.0667 1.2000
v -31.2556 2.3333 1.2000
v -31.2556 2.6000 1.2000
v -31.2333 0.2000 1.2000
v -31.2333 0.4667 1.2000
v -31.2333 0.7333 1.2000
v -31.2333 1.0000 1.2000
v -31.2333 1.2667 1.2000
v -31.2333 1.5333 1.2000
v -31.2333 1.8000 1.2000
v -31.2333 2.0667 1.2000
v -31.2333 2.3333 1.2000
v -31.2333 2.6000 1.2000
v -31.2111 0.2000 1.2000
v -31.2111 0.4667 1.2000
v -31.2111 0.7333 1.2000
v -31.2111 1.0000 1.2000
v -31.2111 1.2667 1.2000
v -31.2111 1.5333 1.2000
v -31.2111 1.8000 1.2000
v -31.2111 2.0667 1.2000
v -31.2111 2.3333 1.2000
v -31.2111 2.6000 1.2000
v -31.1889 0.2000 1.2000
v -31.1889 0.4667 1.2000
v -31.1889 0.7333 1.2000
v -31.1889 1.0000 1.2000
v -31.1889 1.2667 1.2000
v -31.1889 1.5333 1.2000
v -31.1889 1.8000 1.2000
v -31.1889 2.0667 1.2000
v -31.1889 2.3333 1.2000
v -31.1889 2.6000 1.2000
v -31.1667 0.2000 1.2000
v -31.1667 0.4667 1.2000
v -31.1667 0.7333 1.2000
v -31.1667 1.0000 1.2000
v -31.1667 1.2667 1.2000
v -31.1667 1.5333 1.2000
v -31.1667 1.8000 1.2000
v -31.1667 2.0667 1.2000
v -31.1667 2.3333 1.2000
v -31.1667 2.6000 1.2000
v -31.1444 0.2000 1.2000
v -31.1444 0.4667 1.2000
v -31.1444 0.7333 1.2000
v -31.1444 1.0000 1.2000
v -31.1444 1.2667 1.2000
v -31.1444 1.5333 1.2000
v -31.1444 1.8000 1.2000
v -31.1444 2.0667 1.2000
v -31.1444 2.3333 1.2000
v -31.1444 2.6000 1.2000
v -31.1222 0.2000 1.2000
v -31.1222 0.4667 1.2000
v -31.1222 0.7333 1.2000
v -31.1222 1.0000 1.2000
v -31.1222 1.2667 1.2000
v -31.1222 1.5333 1.2000
v -31.1222 1.8000 1.2000
v -31.1222 2.0667 1.2000
v -31.1222 2.3333 1.2000
v -31.1222 2.6000 1.2000
v -31.1000 0.2000 1.2000
v -31.1000 0.4667 1.2000
v -31.1000 0.7333 1.2000
v -31.1000 1.0000 1.2000
v -31.1000 1.2667 1.2000
v -31.1000 1.5333 1.2000
v -31.1000 1.8000 1.2000
v -31.1000 2.0667 1.2000
v -31.1000 2.3333 1.2000
v -31.1000 2.6000 1.2000
v -31.1000 0.2000 -1.2000
v -31.1000 0.4667 -1.2000
v -31.1000 0.7333 -1.2000
v -31.1000 1.0000 -1.2000
v -31.1000 1.2667 -1.2000
v -31.1000 1.5333 -1.2000
v -31.1000 1.8000 -1.2000
v -31.1000 2.0667 -1.2000
v -31.1000 2.3333 -1.2000
v -31.1000 2.6000 -1.2000
v -31.1222 0.2000 -1.2000
v -31.1222 0.4667 -1.2000
v -31.1222 0.7333 -1.2000
v -31.1222 1.0000 -1.2000
v -31.1222 1.2667 -1.2000
v -31.1222 1.5333 -1.2000
v -31.1222 1.8000 -1.2000
v -31.1222 2.0667 -1.2000
v -31.1222 2.3333 -1.2000
v -31.1222 2.6000 -1.2000
v -31.1444 0.2000 -1.2000
v -31.1444 0.4667 -1.2000
v -31.1444 0.7333 -1.2000
v -31.1444 1.0000 -1.2000
v -31.1444 1.2667 -1.2000
v -31.1444 1.5333 -1.2000
v -31.1444 1.8000 -1.2000
v -31.1444 2.0667 -1.2000
v -31.1444 2.3333 -1.2000
v -31.1444 2.6000 -1.2000
v -31.1667 0.2000 -1.2000
v -31.1667 0.4667 -1.2000
v -31.1667 0.7333 -1.2000
v -31.1667 1.0000 -1.2000
v -31.1667 1.2667 -1.2000
v -31.1667 1.5333 -1.2000
v -31.1667 1.8000 -1.2000
v -31.1667 2.0667 -1.2000
v -31.1667 2.3333 -1.2000
v -31.1667 2.6000 -1.2000
v -31.1889 0.2000 -1.2000
v -31.1889 0.4667 -1.2000
v -31.1889 0.7333 -1.2000
v -31.1889 1.0000 -1.2000
v -31.1889 1.2667 -1.2000
v -31.1889 1.5333 -1.2000
v -31.1889 1.8000 -1.2000
v -31.1889 2.0667 -1.2000
v -31.1889 2.3333 -1.2000
v -31.1889 2.6000 -1.2000
v -31.2111 0.2000 -1.2000
v -31.2111 0.4667 -1.2000
v -31.2111 0.7333 -1.2000
v -31.2111 1.0000 -1.2000
v -31.2111 1.2667 -1.2000
v -31.2111 1.5333 -1.2000
v -31.2111 1.8000 -1.2000
v -31.2111 2.0667 -1.2000
v -31.2111 2.3333 -1.2000
v -31.2111 2.6000 -1.2000
v -31.2333 0.2000 -1.2000
v -31.2333 0.4667 -1.2000
v -31.2333 0.7333 -1.2000
v -31.2333 1.0000 -1.2000
v -31.2333 1.2667 -1.2000
v -31.2333 1.5333 -1.2000
v -31.2333 1.8000 -1.2000
v -31.2333 2.0667 -1.2000
v -31.2333 2.3333 -1.2000
v -31.2333 2.6000 -1.2000
v -31.2556 0.2000 -1.2000
v -31.2556 0.4667 -1.2000
v -31.2556 0.7333 -1.2000
v -31.2556 1.0000 -1.2000
v -31.2556 1.2667 -1.2000
v -31.2556 1.5333 -1.2000
v -31.2556 1.8000 -1.2000
v -31.2556 2.0667 -1.2000
v -31.2556 2.3333 -1.2000
v -31.2556 2.6000 -1.2000
v -31.2778 0.2000 -1.2000
v -31.2778 0.4667 -1.2000
v -31.2778 0.7333 -1.2000
v -31.2778 1.0000 -1.2000
v -31.2778 1.2667 -1.2000
v -31.2778 1.5333 -1.2000
v -31.2778 1.8000 -1.2000
v -31.2778 2.0667 -1.2000
v -31.2778 2.3333 -1.2000
v -31.2778 2.6000 -1.2000
v -31.3000 0.2000 -1.2000
v -31.3000 0.4667 -1.2000
v -31.3000 0.7333 -1.2000
v -31.3000 1.0000 -1.2000
v -31.3000 1.2667 -1.2000
v -31.3000 1.5333 -1.2000
v -31.3000 1.8000 -1.2000
v -31.3000 2.0667 -1.2000
v -31.3000 2.3333 -1.2000
v -31.3000 2.6000 -1.2000
v -31.3000 2.6000 1.2000
v -31.2778 2.6000 1.2000
v -31.2556 2.6000 1.2000
v -31.2333 2.6000 1.2000
v -31.2111 2.6000 1.2000
v -31.1889 2.6000 1.2000
v -31.1667 2.6000 1.2000
v -31.1444 2.6000 1.2000
v -31.1222 2.6000 1.2000
v -31.1000 2.6000 1.2000
v -31.3000 2.6000 0.9333
v -31.2778 2.6000 0.9333
v -31.2556 2.6000 0.9333
v -31.2333 2.6000 0.9333
v -31.2111 2.6000 0.9333
v -31.1889 2.6000 0.9333
v -31.1667 2.6000 0.9333
v -31.1444 2.6000 0.9333
v -31.1222 2.6000 0.9333
v -31.1000 2.6000 0.9333
v -31.3000 2.6000 0.6667
v -31.2778 2.6000 0.6667
v -31.2556 2.6000 0.6667
v -31.2333 2.6000 0.6667
v -31.2111 2.6000 0.6667
v -31.1889 2.6000 0.6667
v -31.1667 2.6000 0.6667
v -31.1444 2.6000 0.6667
v -31.1222 2.6000 0.6667
v -31.1000 2.6000 0.6667
v -31.3000 2.6000 0.4000
v -31.2778 2.6000 0.4000
v -31.2556 2.6000 0.4000
v -31.2333 2.6000 0.4000
v -31.2111 2.6000 0.4000
v -31.1889 2.6000 0.4000
v -31.1667 2.6000 0.4000
v -31.1444 2.6000 0.4000
v -31.1222 2.6000 0.4000
v -31.1000 2.6000 0.4000
v -31.3000 2.6000 0.1333
v -31.2778 2.6000 0.1333
v -31.2556 2.6000 0.1333
v -31.2333 2.6000 0.1333
v -31.2111 2.6000 0.1333
v -31.1889 2.6000 0.1333
v -31.1667 2.6000 0.1333
v -31.1444 2.6000 0.1333
v -31.1222 2.6000 0.1333
v -31.1000 2.6000 0.1333
v -31.3000 2.6000 -0.1333
v -31.2778 2.6000 -0.1333
v -31.2556 2.6000 -0.1333
v -31.2333 2.6000 -0.1333
v -31.2111 2.6000 -0.1333
v -31.1889 2.6000 -0.1333
v -31.1667 2.6000 -0.1333
v -31.1444 2.6000 -0.1333
v -31.1222 2.6000 -0.1333
v -31.1000 2.6000 -0.1333
v -31.3000 2.6000 -0.4000
v -31.2778 2.6000 -0.4000
v -31.2556 2.6000 -0.4000
v -31.2333 2.6000 -0.4000
v -31.2111 2.6000 -0.4000
v -31.1889 2.6000 -0.4000
v -31.1667 2.6000 -0.4000
v -31.1444 2.6000 -0.4000
v -31.1222 2.6000 -0.4000
v -31.1000 2.6000 -0.4000
v -31.3000 2.6000 -0.6667
v -31.2778 2.6000 -0.6667
v -31.2556 2.6000 -0.6667
v -31.2333 2.6000 -0.6667
v -31.2111 2.6000 -0.6667
v -31.1889 2.6000 -0.6667
v -31.1667 2.6000 -0.6667
v -31.1444 2.6000 -0.6667
v -31.1222 2.6000 -0.6667
v -31.1000 2.6000 -0.6667
v -31.3000 2.6000 -0.9333
v -31.2778 2.6000 -0.9333
v -31.2556 2.6000 -0.9333
v -31.2333 2.6000 -0.9333
v -31.2111 2.6000 -0.9333
v -31.1889 2.6000 -0.9333
v -31.1667 2.6000 -0.9333
v -31.1444 2.6000 -0.9333
v -31.1222 2.6000 -0.9333
v -31.1000 2.6000 -0.9333
v -31.3000 2.6000 -1.2000
v -31.2778 2.6000 -1.2000
v -31.2556 2.6000 -1.2000
v -31.2333 2.6000 -1.2000
v -31.2111 2.6000 -1.2000
v -31.1889 2.6000 -1.2000
v -31.1667 2.6000 -1.2000
v -31.1444 2.6000 -1.2000
v -31.1222 2.6000 -1.2000
v -31.1000 2.6000 -1.2000
v -31.1000 0.2000 1.2000
v -31.1222 0.2000 1.2000
v -31.1444 0.2000 1.2000
v -31.1667 0.2000 1.2000
v -31.1889 0.2000 1.2000
v -31.2111 0.2000 1.2000
v -31.2333 0.2000 1.2000
v -31.2556 0.2000 1.2000
v -31.2778 0.2000 1.2000
v -31.3000 0.2000 1.2000
v -31.1000 0.2000 0.9333
v -31.1222 0.2000 0.9333
v -31.1444 0.2000 0.9333
v -31.1667 0.2000 0.9333
v -31.1889 0.2000 0.9333
v -31.2111 0.2000 0.9333
v -31.2333 0.2000 0.9333
v -31.2556 0.2000 0.9333
v -31.2778 0.2000 0.9333
v -31.3000 0.2000 0.9333
v -31.1000 0.2000 0.6667
v -31.1222 0.2000 0.6667
v -31.1444 0.2000 0.6667
v -31.1667 0.2000 0.6667
v -31.1889 0.2000 0.6667
v -31.2111 0.2000 0.6667
v -31.2333 0.2000 0.6667
v -31.2556 0.2000 0.6667
v -31.2778 0.2000 0.6667
v -31.3000 0.2000 0.6667
v -31.1000 0.2000 0.4000
v -31.1222 0.2000 0.4000
v -31.1444 0.2000 0.4000
v -31.1667 0.2000 0.4000
v -31.1889 0.2000 0.4000
v -31.2111 0.2000 0.4000
v -31.2333 0.2000 0.4000
v -31.2556 0.2000 0.4000
v -31.2778 0.2000 0.4000
v -31.3000 0.2000 0.4000
v -31.1000 0.2000 0.1333
v -31.1222 0.2000 0.1333
v -31.1444 0.2000 0.1333
v -31.1667 0.2000 0.1333
v -31.1889 0.2000 0.1333
v -31.2111 0.2000 0.1333
v -31.2333 0.2000 0.1333
v -31.2556 0.2000 0.1333
v -31.2778 0.2000 0.1333
v -31.3000 0.2000 0.1333
v -31.1000 0.2000 -0.1333
v -31.1222 0.2000 -0.1333
v -31.1444 0.2000 -0.1333
v -31.1667 0.2000 -0.1333
v -31.1889 0.2000 -0.1333
v -31.2111 0.2000 -0.1333
v -31.2333 0.2000 -0.1333
v -31.2556 0.2000 -0.1333
v -31.2778 0.2000 -0.1333
v -31.3000 0.2000 -0.1333
v -31.1000 0.2000 -0.4000
v -31.1222 0.2000 -0.4000
v -31.1444 0.2000 -0.4000
v -31.1667 0.2000 -0.4000
v -31.1889 0.2000 -0.4000
v -31.2111 0.2000 -0.4000
v -31.2333 0.2000 -0.4000
v -31.2556 0.2000 -0.4000
v -31.2778 0.2000 -0.4000
v -31.3000 0.2000 -0.4000
v -31.1000 0.2000 -0.6667
v -31.1222 0.2000 -0.6667
v -31.1444 0.2000 -0.6667
v -31.1667 0.2000 -0.6667
v -31.1889 0.2000 -0.6667
v -31.2111 0.2000 -0.6667
v -31.2333 0.2000 -0.6667
v -31.2556 0.2000 -0.6667
v -31.2778 0.2000 -0.6667
v -31.3000 0.2000 -0.6667
v -31.1000 0.2000 -0.9333
v -31.1222 0.2000 -0.9333
v -31.1444 0.2000 -0.9333
v -31.1667 0.2000 -0.9333
v -31.1889 0.2000 -0.9333
v -31.2111 0.2000 -0.9333
v -31.2333 0.2000 -0.9333
v -31.2556 0.2000 -0.9333
v -31.2778 0.2000 -0.9333
v -31.3000 0.2000 -0.9333
v -31.1000 0.2000 -1.2000
v -31.1222 0.2000 -1.2000
v -31.1444 0.2000 -1.2000
v -31.1667 0.2000 -1.2000
v -31.1889 0.2000 -1.2000
v -31.2111 0.2000 -1.2000
v -31.2333 0.2000 -1.2000
v -31.2556 0.2000 -1.2000
v -31.2778 0.2000 -1.2000
v -31.3000 0.2000 -1.2000
f 3601 3602 3612
f 3601 3612 3611
f 3602 3603 3613
f 3602 3613 3612
f 3603 3604 3614
f 3603 3614 3613
f 3604 3605 3615
f 3604 3615 3614
f 3605 3606 3616
f 3605 3616 3615
f 3606 3607 3617
f 3606 3617 3616
f 3607 3608 3618
f 3607 3618 3617
f 3608 3609 3619
f 3608 3619 3618
f 3609 3610 3620
f 3609 3620 3619
f 3611 3612 3622
f 3611 3622 3621
f 3612 3613 3623
f 3612 3623 3622
f 3613 3614 3624
f 3613 3624 3623
f 3614 3615 3625
f 3614 3625 3624
f 3615 3616 3626
f 3615 3626 3625
f 3616 3617 3627
f 3616 3627 3626
f 3617 3618 3628
f 3617 3628 3627
f 3618 3619 3629
f 3618 3629 3628
f 3619 3620 3630
f 3619 3630 3629
f 3621 3622 3632
f 3621 3632 3631
f 3622 3623 3633
f 3622 3633 3632
f 3623 3624 3634
f 3623 3634 3633
f 3624 3625 3635
f 3624 3635 3634
f 3625 3626 3636
f 3625 3636 3635
f 3626 3627 3637
f 3626 3637 3636
f 3627 3628 3638
f 3627 3638 3637
f 3628 3629 3639
f 3628 3639 3638
f 3629 3630 3640
f 3629 3640 3639
f 3631 3632 3642
f 3631 3642 3641
f 3632 3633 3643
f 3632 3643 3642
f 3633 3634 3644
f 3633 3644 3643
f 3634 3635 3645
f 3634 3645 3644
f 3635 3636 3646
f 3635 3646 3645
f 3636 3637 3647
f 3636 3647 3646
f 3637 3638 3648
f 3637 3648 3647
f 3638 3639 3649
f 3638 3649 3648
f 3639 3640 3650
f 3639 3650 3649
f 3641 3642 3652
f 3641 3652 3651
f 3642 3643 3653
f 3642 3653 3652
f 3643 3644 3654
f 3643 3654 3653
f 3644 3645 3655
f 3644 3655 3654
f 3645 3646 3656
f 3645 3656 3655
f 3646 3647 3657
f 3646 3657 3656
f 3647 3648 3658
f 3647 3658 3657
f 3648 3649 3659
f 3648 3659 3658
f 3649 3650 3660
f 3649 3660 3659
f 3651 3652 3662
f 3651 3662 3661
f 3652 3653 3663
f 3652 3663 3662
f 3653 3654 3664
f 3653 3664 3663
f 3654 3655 3665
f 3654 3665 3664
f 3655 3656 3666
f 3655 3666 3665
f 3656 3657 3667
f 3656 3667 3666
f 3657 3658 3668
f 3657 3668 3667
f 3658 3659 3669
f 3658 3669 3668
f 3659 3660 3670
f 3659 3670 3669
f 3661 3662 3672
f 3661 3672 3671
f 3662 3663 3673
f 3662 3673 3672
f 3663 3664 3674
f 3663 3674 3673
f 3664 3665 3675
f 3664 3675 3674
f 3665 3666 3676
f 3665 3676 3675
f 3666 3667 3677
f 3666 3677 3676
f 3667 3668 3678
f 3667 3678 3677
f 3668 3669 3679
f 3668 3679 3678
f 3669 3670 3680
f 3669 3680 3679
f 3671 3672 3682
f 3671 3682 3681
f 3672 3673 3683
f 3672 3683 3682
f 3673 3674 3684
f 3673 3684 3683
f 3674 3675 3685
f 3674 3685 3684
f 3675 3676 3686
f 3675 3686 3685
f 3676 3677 3687
f 3676 3687 3686
f 3677 3678 3688
f 3677 3688 3687
f 3678 3679 3689
f 3678 3689 3688
f 3679 3680 3690
f 3679 3690 3689
f 3681 3682 3692
f 3681 3692 3691
f 3682 3683 3693
f 3682 3693 3692
f 3683 3684 3694
f 3683 3694 3693
f 3684 3685 3695
f 3684 3695 3694
f 3685 3686 3696
f 3685 3696 3695
f 3686 3687 3697
f 3686 3697 3696
f 3687 3688 3698
f 3687 3698 3697
f 3688 3689 3699
f 3688 3699 3698
f 3689 3690 3700
f 3689 3700 3699
f 3701 3702 3712
f 3701 3712 3711
f 3702 3703 3713
f 3702 3713 3712
f 3703 3704 3714
f 3703 3714 3713
f 3704 3705 3715
f 3704 3715 3714
f 3705 3706 3716
f 3705 3716 3715
f 3706 3707 3717
f 3706 3717 3716
f 3707 3708 3718
f 3707 3718 3717
f 3708 3709 3719
f 3708 3719 3718
f 3709 3710 3720
f 3709 3720 3719
f 3711 3712 3722
f 3711 3722 3721
f 3712 3713 3723
f 3712 3723 3722
f 3713 3714 3724
f 3713 3724 3723
f 3714 3715 3725
f 3714 3725 3724
f 3715 3716 3726
f 3715 3726 3725
f 3716 3717 3727
f 3716 3727 3726
f 3717 3718 3728
f 3717 3728 3727
f 3718 3719 3729
f 3718 3729 3728
f 3719 3720 3730
f 3719 3730 3729
f 3721 3722 3732
f 3721 3732 3731
f 3722 3723 3733
f 3722 3733 3732
f 3723 3724 3734
f 3723 3734 3733
f 3724 3725 3735
f 3724 3735 3734
f 3725 3726 3736
f 3725 3736 3735
f 3726 3727 3737
f 3726 3737 3736
f 3727 3728 3738
f 3727 3738 3737
f 3728 3729 3739
f 3728 3739 3738
f 3729 3730 3740
f 3729 3740 3739
f 3731 3732 3742
f 3731 3742 3741
f 3732 3733 3743
f 3732 3743 3742
f 3733 3734 3744
f 3733 3744 3743
f 3734 3735 3745
f 3734 3745 3744
f 3735 3736 3746
f 3735 3746 3745
f 3736 3737 3747
f 3736 3747 3746
f 3737 3738 3748
f 3737 3748 3747
f 3738 3739 3749
f 3738 3749 3748
f 3739 3740 3750
f 3739 3750 3749
f 3741 3742 3752
f 3741 3752 3751
f 3742 3743 3753
f 3742 3753 3752
f 3743 3744 3754
f 3743 3754 3753
f 3744 3745 3755
f 3744 3755 3754
f 3745 3746 3756
f 3745 3756 3755
f 3746 3747 3757
f 3746 3757 3756
f 3747 3748 3758
f 3747 3758 3757
f 3748 3749 3759
f 3748 3759 3758
f 3749 3750 3760
f 3749 3760 3759
f 3751 3752 3762
f 3751 3762 3761
f 3752 3753 3763
f 3752 3763 3762
f 3753 3754 3764
f 3753 3764 3763
f 3754 3755 3765
f 3754 3765 3764
f 3755 3756 3766
f 3755 3766 3765
f 3756 3757 3767
f 3756 3767 3766
f 3757 3758 3768
f 3757 3768 3767
f 3758 3759 3769
f 3758 3769 3768
f 3759 3760 3770
f 3759 3770 3769
f 3761 3762 3772
f 3761 3772 3771
f 3762 3763 3773
f 3762 3773 3772
f 3763 3764 3774
f 3763 3774 3773
f 3764 3765 3775
f 3764 3775 3774
f 3765 3766 3776
f 3765 3776 3775
f 3766 3767 3777
f 3766 3777 3776
f 3767 3768 3778
f 3767 3778 3777
f 3768 3769 3779
f 3768 3779 3778
f 3769 3770 3780
f 3769 3780 3779
f 3771 3772 3782
f 3771 3782 3781
f 3772 3773 3783
f 3772 3783 3782
f 3773 3774 3784
f 3773 3784 3783
f 3774 3775 3785
f 3774 3785 3784
f 3775 3776 3786
f 3775 3786 3785
f 3776 3777 3787
f 3776 3787 3786
f 3777 3778 3788
f 3777 3788 3787
f 3778 3779 3789
f 3778 3789 3788
f 3779 3780 3790
f 3779 3790 3789
f 3781 3782 3792
f 3781 3792 3791
f 3782 3783 3793
f 3782 3793 3792
f 3783 3784 3794
f 3783 3794 3793
f 3784 3785 3795
f 3784 3795 3794
f 3785 3786 3796
f 3785 3796 3795
f 3786 3787 3797
f 3786 3797 3796
f 3787 3788 3798
f 3787 3798 3797
f 3788 3789 3799
f 3788 3799 3798
f 3789 3790 3800
f 3789 3800 3799
f 3801 3802 3812
f 3801 3812 3811
f 3802 3803 3813
f 3802 3813 3812
f 3803 3804 3814
f 3803 3814 3813
f 3804 3805 3815
f 3804 3815 3814
f 3805 3806 3816
f 3805 3816 3815
f 3806 3807 3817
f 3806 3817 3816
f 3807 3808 3818
f 3807 3818 3817
f 3808 3809 3819
f 3808 3819 3818
f 3809 3810 3820
f 3809 3820 3819
f 3811 3812 3822
f 3811 3822 3821
f 3812 3813 3823
f 3812 3823 3822
f 3813 3814 3824
f 3813 3824 3823
f 3814 3815 3825
f 3814 3825 3824
f 3815 3816 3826
f 3815 3826 3825
f 3816 3817 3827
f 3816 3827 3826
f 3817 3818 3828
f 3817 3828 3827
f 3818 3819 3829
f 3818 3829 3828
f 3819 3820 3830
f 3819 3830 3829
f 3821 3822 3832
f 3821 3832 3831
f 3822 3823 3833
f 3822 3833 3832
f 3823 3824 3834
f 3823 3834 3833
f 3824 3825 3835
f 3824 3835 3834
f 3825 3826 3836
f 3825 3836 3835
f 3826 3827 3837
f 3826 3837 3836
f 3827 3828 3838
f 3827 3838 3837
f 3828 3829 3839
f 3828 3839 3838
f 3829 3830 3840
f 3829 3840 3839
f 3831 3832 3842
f 3831 3842 3841
f 3832 3833 3843
f 3832 3843 3842
f 3833 3834 3844
f 3833 3844 3843
f 3834 3835 3845
f 3834 3845 3844
f 3835 3836 3846
f 3835 3846 3845
f 3836 3837 3847
f 3836 3847 3846
f 3837 3838 3848
f 3837 3848 3847
f 3838 3839 3849
f 3838 3849 3848
f 3839 3840 3850
f 3839 3850 3849
f 3841 3842 3852
f 3841 3852 3851
f 3842 3843 3853
f 3842 3853 3852
f 3843 3844 3854
f 3843 3854 3853
f 3844 3845 3855
f 3844 3855 3854
f 3845 3846 3856
f 3845 3856 3855
f 3846 3847 3857
f 3846 3857 3856
f 3847 3848 3858
f 3847 3858 3857
f 3848 3849 3859
f 3848 3859 3858
f 3849 3850 3860
f 3849 3860 3859
f 3851 3852 3862
f 3851 3862 3861
f 3852 3853 3863
f 3852 3863 3862
f 3853 3854 3864
f 3853 3864 3863
f 3854 3855 3865
f 3854 3865 3864
f 3855 3856 3866
f 3855 3866 3865
f 3856 3857 3867
f 3856 3867 3866
f 3857 3858 3868
f 3857 3868 3867
f 3858 3859 3869
f 3858 3869 3868
f 3859 3860 3870
f 3859 3870 3869
f 3861 3862 3872
f 3861 3872 3871
f 3862 3863 3873
f 3862 3873 3872
f 3863 3864 3874
f 3863 3874 3873
f 3864 3865 3875
f 3864 3875 3874
f 3865 3866 3876
f 3865 3876 3875
f 3866 3867 3877
f 3866 3877 3876
f 3867 3868 3878
f 3867 3878 3877
f 3868 3869 3879
f 3868 3879 3878
f 3869 3870 3880
f 3869 3880 3879
f 3871 3872 3882
f 3871 3882 3881
f 3872 3873 3883
f 3872 3883 3882
f 3873 3874 3884
f 3873 3884 3883
f 3874 3875 3885
f 3874 3885 3884
f 3875 3876 3886
f 3875 3886 3885
f 3876 3877 3887
f 3876 3887 3886
f 3877 3878 3888
f 3877 3888 3887
f 3878 3879 3889
f 3878 3889 3888
f 3879 3880 3890
f 3879 3890 3889
f 3881 3882 3892
f 3881 3892 3891
f 3882 3883 3893
f 3882 3893 3892
f 3883 3884 3894
f 3883 3894 3893
f 3884 3885 3895
f 3884 3895 3894
f 3885 3886 3896
f 3885 3896 3895
f 3886 3887 3897
f 3886 3897 3896
f 3887 3888 3898
f 3887 3898 3897
f 3888 3889 3899
f 3888 3899 3898
f 3889 3890 3900
f 3889 3900 3899
f 3901 3902 3912
f 3901 3912 3911
f 3902 3903 3913
f 3902 3913 3912
f 3903 3904 3914
f 3903 3914 3913
f 3904 3905 3915
f 3904 3915 3914
f 3905 3906 3916
f 3905 3916 3915
f 3906 3907 3917
f 3906 3917 3916
f 3907 3908 3918
f 3907 3918 3917
f 3908 3909 3919
f 3908 3919 3918
f 3909 3910 3920
f 3909 3920 3919
f 3911 3912 3922
f 3911 3922 3921
f 3912 3913 3923
f 3912 3923 3922
f 3913 3914 3924
f 3913 3924 3923
f 3914 3915 3925
f 3914 3925 3924
f 3915 3916 3926
f 3915 3926 3925
f 3916 3917 3927
f 3916 3927 3926
f 3917 3918 3928
f 3917 3928 3927
f 3918 3919 3929
f 3918 3929 3928
f 3919 3920 3930
f 3919 3930 3929
f 3921 3922 3932
f 3921 3932 3931
f 3922 3923 3933
f 3922 3933 3932
f 3923 3924 3934
f 3923 3934 3933
f 3924 3925 3935
f 3924 3935 3934
f 3925 3926 3936
f 3925 3936 3935
f 3926 3927 3937
f 3926 3937 3936
f 3927 3928 3938
f 3927 3938 3937
f 3928 3929 3939
f 3928 3939 3938
f 3929 3930 3940
f 3929 3940 3939
f 3931 3932 3942
f 3931 3942 3941
f 3932 3933 3943
f 3932 3943 3942
f 3933 3934 3944
f 3933 3944 3943
f 3934 3935 3945
f 3934 3945 3944
f 3935 3936 3946
f 3935 3946 3945
f 3936 3937 3947
f 3936 3947 3946
f 3937 3938 3948
f 3937 3948 3947
f 3938 3939 3949
f 3938 3949 3948
f 3939 3940 3950
f 3939 3950 3949
f 3941 3942 3952
f 3941 3952 3951
f 3942 3943 3953
f 3942 3953 3952
f 3943 3944 3954
f 3943 3954 3953
f 3944 3945 3955
f 3944 3955 3954
f 3945 3946 3956
f 3945 3956 3955
f 3946 3947 3957
f 3946 3957 3956
f 3947 3948 3958
f 3947 3958 3957
f 3948 3949 3959
f 3948 3959 3958
f 3949 3950 3960
f 3949 3960 3959
f 3951 3952 3962
f 3951 3962 3961
f 3952 3953 3963
f 3952 3963 3962
f 3953 3954 3964
f 3953 3964 3963
f 3954 3955 3965
f 3954 3965 3964
f 3955 3956 3966
f 3955 3966 3965
f 3956 3957 3967
f 3956 3967 3966
f 3957 3958 3968
f 3957 3968 3967
f 3958 3959 3969
f 3958 3969 3968
f 3959 3960 3970
f 3959 3970 3969
f 3961 3962 3972
f 3961 3972 3971
f 3962 3963 3973
f 3962 3973 3972
f 3963 3964 3974
f 3963 3974 3973
f 3964 3965 3975
f 3964 3975 3974
f 3965 3966 3976
f 3965 3976 3975
f 3966 3967 3977
f 3966 3977 3976
f 3967 3968 3978
f 3967 3978 3977
f 3968 3969 3979
f 3968 3979 3978
f 3969 3970 3980
f 3969 3980 3979
f 3971 3972 3982
f 3971 3982 3981
f 3972 3973 3983
f 3972 3983 3982
f 3973 3974 3984
f 3973 3984 3983
f 3974 3975 3985
f 3974 3985 3984
f 3975 3976 3986
f 3975 3986 3985
f 3976 3977 3987
f 3976 3987 3986
f 3977 3978 3988
f 3977 3988 3987
f 3978 3979 3989
f 3978 3989 3988
f 3979 3980 3990
f 3979 3990 3989
f 3981 3982 3992
f 3981 3992 3991
f 3982 3983 3993
f 3982 3993 3992
f 3983 3984 3994
f 3983 3994 3993
f 3984 3985 3995
f 3984 3995 3994
f 3985 3986 3996
f 3985 3996 3995
f 3986 3987 3997
f 3986 3997 3996
f 3987 3988 3998
f 3987 3998 3997
f 3988 3989 3999
f 3988 3999 3998
f 3989 3990 4000
f 3989 4000 3999
f 4001 4002 4012
f 4001 4012 4011
f 4002 4003 4013
f 4002 4013 4012
f 4003 4004 4014
f 4003 4014 4013
f 4004 4005 4015
f 4004 4015 4014
f 4005 4006 4016
f 4005 4016 4015
f 4006 4007 4017
f 4006 4017 4016
f 4007 4008 4018
f 4007 4018 4017
f 4008 4009 4019
f 4008 4019 4018
f 4009 4010 4020
f 4009 4020 4019
f 4011 4012 4022
f 4011 4022 4021
f 4012 4013 4023
f 4012 4023 4022
f 4013 4014 4024
f 4013 4024 4023
f 4014 4015 4025
f 4014 4025 4024
f 4015 4016 4026
f 4015 4026 4025
f 4016 4017 4027
f 4016 4027 4026
f 4017 4018 4028
f 4017 4028 4027
f 4018 4019 4029
f 4018 4029 4028
f 4019 4020 4030
f 4019 4030 4029
f 4021 4022 4032
f 4021 4032 4031
f 4022 4023 4033
f 4022 4033 4032
f 4023 4024 4034
f 4023 4034 4033
f 4024 4025 4035
f 4024 4035 4034
f 4025 4026 4036
f 4025 4036 4035
f 4026 4027 4037
f 4026 4037 4036
f 4027 4028 4038
f 4027 4038 4037
f 4028 4029 4039
f 4028 4039 4038
f 4029 4030 4040
f 4029 4040 4039
f 4031 4032 4042
f 4031 4042 4041
f 4032 4033 4043
f 4032 4043 4042
f 4033 4034 4044
f 4033 4044 4043
f 4034 4035 4045
f 4034 4045 4044
f 4035 4036 4046
f 4035 4046 4045
f 4036 4037 4047
f 4036 4047 4046
f 4037 4038 4048
f 4037 4048 4047
f 4038 4039 4049
f 4038 4049 4048
f 4039 4040 4050
f 4039 4050 4049
f 4041 4042 4052
f 4041 4052 4051
f 4042 4043 4053
f 4042 4053 4052
f 4043 4044 4054
f 4043 4054 4053
f 4044 4045 4055
f 4044 4055 4054
f 4045 4046 4056
f 4045 4056 4055
f 4046 4047 4057
f 4046 4057 4056
f 4047 4048 4058
f 4047 4058 4057
f 4048 4049 4059
f 4048 4059 4058
f 4049 4050 4060
f 4049 4060 4059
f 4051 4052 4062
f 4051 4062 4061
f 4052 4053 4063
f 4052 4063 4062
f 4053 4054 4064
f 4053 4064 4063
f 4054 4055 4065
f 4054 4065 4064
f 4055 4056 4066
f 4055 4066 4065
f 4056 4057 4067
f 4056 4067 4066
f 4057 4058 4068
f 4057 4068 4067
f 4058 4059 4069
f 4058 4069 4068
f 4059 4060 4070
f 4059 4070 4069
f 4061 4062 4072
f 4061 4072 4071
f 4062 4063 4073
f 4062 4073 4072
f 4063 4064 4074
f 4063 4074 4073
f 4064 4065 4075
f 4064 4075 4074
f 4065 4066 4076
f 4065 4076 4075
f 4066 4067 4077
f 4066 4077 4076
f 4067 4068 4078
f 4067 4078 4077
f 4068 4069 4079
f 4068 4079 4078
f 4069 4070 4080
f 4069 4080 4079
f 4071 4072 4082
f 4071 4082 4081
f 4072 4073 4083
f 4072 4083 4082
f 4073 4074 4084
f 4073 4084 4083
f 4074 4075 4085
f 4074 4085 4084
f 4075 4076 4086
f 4075 4086 4085
f 4076 4077 4087
f 4076 4087 4086
f 4077 4078 4088
f 4077 4088 4087
f 4078 4079 4089
f 4078 4089 4088
f 4079 4080 4090
f 4079 4090 4089
f 4081 4082 4092
f 4081 4092 4091
f 4082 4083 4093
f 4082 4093 4092
f 4083 4084 4094
f 4083 4094 4093
f 4084 4085 4095
f 4084 4095 4094
f 4085 4086 4096
f 4085 4096 4095
f 4086 4087 4097
f 4086 4097 4096
f 4087 4088 4098
f 4087 4098 4097
f 4088 4089 4099
f 4088 4099 4098
f 4089 4090 4100
f 4089 4100 4099
f 4101 4102 4112
f 4101 4112 4111
f 4102 4103 4113
f 4102 4113 4112
f 4103 4104 4114
f 4103 4114 4113
f 4104 4105 4115
f 4104 4115 4114
f 4105 4106 4116
f 4105 4116 4115
f 4106 4107 4117
f 4106 4117 4116
f 4107 4108 4118
f 4107 4118 4117
f 4108 4109 4119
f 4108 4119 4118
f 4109 4110 4120
f 4109 4120 4119
f 4111 4112 4122
f 4111 4122 4121
f 4112 4113 4123
f 4112 4123 4122
f 4113 4114 4124
f 4113 4124 4123
f 4114 4115 4125
f 4114 4125 4124
f 4115 4116 4126
f 4115 4126 4125
f 4116 4117 4127
f 4116 4127 4126
f 4117 4118 4128
f 4117 4128 4127
f 4118 4119 4129
f 4118 4129 4128
f 4119 4120 4130
f 4119 4130 4129
f 4121 4122 4132
f 4121 4132 4131
f 4122 4123 4133
f 4122 4133 4132
f 4123 4124 4134
f 4123 4134 4133
f 4124 4125 4135
f 4124 4135 4134
f 4125 4126 4136
f 4125 4136 4135
f 4126 4127 4137
f 4126 4137 4136
f 4127 4128 4138
f 4127 4138 4137
f 4128 4129 4139
f 4128 4139 4138
f 4129 4130 4140
f 4129 4140 4139
f 4131 4132 4142
f 4131 4142 4141
f 4132 4133 4143
f 4132 4143 4142
f 4133 4134 4144
f 4133 4144 4143
f 4134 4135 4145
f 4134 4145 4144
f 4135 4136 4146
f 4135 4146 4145
f 4136 4137 4147
f 4136 4147 4146
f 4137 4138 4148
f 4137 4148 4147
f 4138 4139 4149
f 4138 4149 4148
f 4139 4140 4150
f 4139 4150 4149
f 4141 4142 4152
f 4141 4152 4151
f 4142 4143 4153
f 4142 4153 4152
f 4143 4144 4154
f 4143 4154 4153
f 4144 4145 4155
f 4144 4155 4154
f 4145 4146 4156
f 4145 4156 4155
f 4146 4147 4157
f 4146 4157 4156
f 4147 4148 4158
f 4147 4158 4157
f 4148 4149 4159
f 4148 4159 4158
f 4149 4150 4160
f 4149 4160 4159
f 4151 4152 4162
f 4151 4162 4161
f 4152 4153 4163
f 4152 4163 4162
f 4153 4154 4164
f 4153 4164 4163
f 4154 4155 4165
f 4154 4165 4164
f 4155 4156 4166
f 4155 4166 4165
f 4156 4157 4167
f 4156 4167 4166
f 4157 4158 4168
f 4157 4168 4167
f 4158 4159 4169
f 4158 4169 4168
f 4159 4160 4170
f 4159 4170 4169
f 4161 4162 4172
f 4161 4172 4171
f 4162 4163 4173
f 4162 4173 4172
f 4163 4164 4174
f 4163 4174 4173
f 4164 4165 4175
f 4164 4175 4174
f 4165 4166 4176
f 4165 4176 4175
f 4166 4167 4177
f 4166 4177 4176
f 4167 4168 4178
f 4167 4178 4177
f 4168 4169 4179
f 4168 4179 4178
f 4169 4170 4180
f 4169 4180 4179
f 4171 4172 4182
f 4171 4182 4181
f 4172 4173 4183
f 4172 4183 4182
f 4173 4174 4184
f 4173 4184 4183
f 4174 4175 4185
f 4174 4185 4184
f 4175 4176 4186
f 4175 4186 4185
f 4176 4177 4187
f 4176 4187 4186
f 4177 4178 4188
f 4177 4188 4187
f 4178 4179 4189
f 4178 4189 4188
f 4179 4180 4190
f 4179 4190 4189
f 4181 4182 4192
f 4181 4192 4191
f 4182 4183 4193
f 4182 4193 4192
f 4183 4184 4194
f 4183 4194 4193
f 4184 4185 4195
f 4184 4195 4194
f 4185 4186 4196
f 4185 4196 4195
f 4186 4187 4197
f 4186 4197 4196
f 4187 4188 4198
f 4187 4198 4197
f 4188 4189 4199
f 4188 4199 4198
f 4189 4190 4200
f 4189 4200 4199
g 초소 측벽_1
v -28.7000 0.2000 1.2000
v -28.7000 0.4667 1.2000
v -28.7000 0.7333 1.2000
v -28.7000 1.0000 1.2000
v -28.7000 1.2667 1.2000
v -28.7000 1.5333 1.2000
v -28.7000 1.8000 1.2000
v -28.7000 2.0667 1.2000
v -28.7000 2.3333 1.2000
v -28.7000 2.6000 1.2000
v -28.7000 0.2000 0.9333
v -28.7000 0.4667 0.9333
v -28.7000 0.7333 0.9333
v -28.7000 1.0000 0.9333
v -28.7000 1.2667 0.9333
v -28.7000 1.5333 0.9333
v -28.7000 1.8000 0.9333
v -28.7000 2.0667 0.9333
v -28.7000 2.3333 0.9333
v -28.7000 2.6000 0.9333
v -28.7000 0.2000 0.6667
v -28.7000 0.4667 0.6667
v -28.7000 0.7333 0.6667
v -28.7000 1.0000 0.6667
v -28.7000 1.2667 0.6667
v -28.7000 1.5333 0.6667
v -28.7000 1.8000 0.6667
v -28.7000 2.0667 0.6667
v -28.7000 2.3333 0.6667
v -28.7000 2.6000 0.6667
v -28.7000 0.2000 0.4000
v -28.7000 0.4667 0.4000
v -28.7000 0.7333 0.4000
v -28.7000 1.0000 0.4000
v -28.7000 1.2667 0.4000
v -28.7000 1.5333 0.4000
v -28.7000 1.8000 0.4000
v -28.7000 2.0667 0.4000
v -28.7000 2.3333 0.4000
v -28.7000 2.6000 0.4000
v -28.7000 0.2000 0.1333
v -28.7000 0.4667 0.1333
v -28.7000 0.7333 0.1333
v -28.7000 1.0000 0.1333
v -28.7000 1.2667 0.1333
v -28.7000 1.5333 0.1333
v -28.7000 1.8000 0.1333
v -28.7000 2.0667 0.1333
v -28.7000 2.3333 0.1333
v -28.7000 2.6000 0.1333
v -28.7000 0.2000 -0.1333
v -28.7000 0.4667 -0.1333
v -28.7000 0.7333 -0.1333
v -28.7000 1.0000 -0.1333
v -28.7000 1.2667 -0.1333
v -28.7000 1.5333 -0.1333
v -28.7000 1.8000 -0.1333
v -28.7000 2.0667 -0.1333
v -28.7000 2.3333 -0.1333
v -28.7000 2.6000 -0.1333
v -28.7000 0.2000 -0.4000
v -28.7000 0.4667 -0.4000
v -28.7000 0.7333 -0.4000
v -28.7000 1.0000 -0.4000
v -28.7000 1.2667 -0.4000
v -28.7000 1.5333 -0.4000
v -28.7000 1.8000 -0.4000
v -28.7000 2.0667 -0.4000
v -28.7000 2.3333 -0.4000
v -28.7000 2.6000 -0.4000
v -28.7000 0.2000 -0.6667
v -28.7000 0.4667 -0.6667
v -28.7000 0.7333 -0.6667
v -28.7000 1.0000 -0.6667
v -28.7000 1.2667 -0.6667
v -28.7000 1.5333 -0.6667
v -28.7000 1.8000 -0.6667
v -28.7000 2.0667 -0.6667
v -28.7000 2.3333 -0.6667
v -28.7000 2.6000 -0.6667
v -28.7000 0.2000 -0.9333
v -28.7000 0.4667 -0.9333
v -28.7000 0.7333 -0.9333
v -28.7000 1.0000 -0.9333
v -28.7000 1.2667 -0.9333
v -28.7000 1.5333 -0.9333
v -28.7000 1.8000 -0.9333
v -28.7000 2.0667 -0.9333
v -28.7000 2.3333 -0.9333
v -28.7000 2.6000 -0.9333
v -28.7000 0.2000 -1.2000
v -28.7000 0.4667 -1.2000
v -28.7000 0.7333 -1.2000
v -28.7000 1.0000 -1.2000
v -28.7000 1.2667 -1.2000
v -28.7000 1.5333 -1.2000
v -28.7000 1.8000 -1.2000
v -28.7000 2.0667 -1.2000
v -28.7000 2.3333 -1.2000
v -28.7000 2.6000 -1.2000
v -28.9000 0.2000 -1.2000
v -28.9000 0.4667 -1.2000
v -28.9000 0.7333 -1.2000
v -28.9000 1.0000 -1.2000
v -28.9000 1.2667 -1.2000
v -28.9000 1.5333 -1.2000
v -28.9000 1.8000 -1.2000
v -28.9000 2.0667 -1.2000
v -28.9000 2.3333 -1.2000
v -28.9000 2.6000 -1.2000
v -28.9000 0.2000 -0.9333
v -28.9000 0.4667 -0.9333
v -28.9000 0.7333 -0.9333
v -28.9000 1.0000 -0.9333
v -28.9000 1.2667 -0.9333
v -28.9000 1.5333 -0.9333
v -28.9000 1.8000 -0.9333
v -28.9000 2.0667 -0.9333
v -28.9000 2.3333 -0.9333
v -28.9000 2.6000 -0.9333
v -28.9000 0.2000 -0.6667
v -28.9000 0.4667 -0.6667
v -28.9000 0.7333 -0.6667
v -28.9000 1.0000 -0.6667
v -28.9000 1.2667 -0.6667
v -28.9000 1.5333 -0.6667
v -28.9000 1.8000 -0.6667
v -28.9000 2.0667 -0.6667
v -28.9000 2.3333 -0.6667
v -28.9000 2.6000 -0.6667
v -28.9000 0.2000 -0.4000
v -28.9000 0.4667 -0.4000
v -28.9000 0.7333 -0.4000
v -28.9000 1.0000 -0.4000
v -28.9000 1.2667 -0.4000
v -28.9000 1.5333 -0.4000
v -28.9000 1.8000 -0.4000
v -28.9000 2.0667 -0.4000
v -28.9000 2.3333 -0.4000
v -28.9000 2.6000 -0.4000
v -28.9000 0.2000 -0.1333
v -28.9000 0.4667 -0.1333
v -28.9000 0.7333 -0.1333
v -28.9000 1.0000 -0.1333
v -28.9000 1.2667 -0.1333
v -28.9000 1.5333 -0.1333
v -28.9000 1.8000 -0.1333
v -28.9000 2.0667 -0.1333
v -28.9000 2.3333 -0.1333
v -28.9000 2.6000 -0.1333
v -28.9000 0.2000 0.1333
v -28.9000 0.4667 0.1333
v -28.9000 0.7333 0.1333
v -28.9000 1.0000 0.1333
v -28.9000 1.2667 0.1333
v -28.9000 1.5333 0.1333
v -28.9000 1.8000 0.1333
v -28.9000 2.0667 0.1333
v -28.9000 2.3333 0.1333
v -28.9000 2.6000 0.1333
v -28.9000 0.2000 0.4000
v -28.9000 0.4667 0.4000
v -28.9000 0.7333 0.4000
v -28.9000 1.0000 0.4000
v -28.9000 1.2667 0.4000
v -28.9000 1.5333 0.4000
v -28.9000 1.8000 0.4000
v -28.9000 2.0667 0.4000
v -28.9000 2.3333 0.4000
v -28.9000 2.6000 0.4000
v -28.9000 0.2000 0.6667
v -28.9000 0.4667 0.6667
v -28.9000 0.7333 0.6667
v -28.9000 1.0000 0.6667
v -28.9000 1.2667 0.6667
v -28.9000 1.5333 0.6667
v -28.9000 1.8000 0.6667
v -28.9000 2.0667 0.6667
v -28.9000 2.3333 0.6667
v -28.9000 2.6000 0.6667
v -28.9000 0.2000 0.9333
v -28.9000 0.4667 0.9333
v -28.9000 0.7333 0.9333
v -28.9000 1.0000 0.9333
v -28.9000 1.2667 0.9333
v -28.9000 1.5333 0.9333
v -28.9000 1.8000 0.9333
v -28.9000 2.0667 0.9333
v -28.9000 2.3333 0.9333
v -28.9000 2.6000 0.9333
v -28.9000 0.2000 1.2000
v -28.9000 0.4667 1.2000
v -28.9000 0.7333 1.2000
v -28.9000 1.0000 1.2000
v -28.9000 1.2667 1.2000
v -28.9000 1.5333 1.2000
v -28.9000 1.8000 1.2000
v -28.9000 2.0667 1.2000
v -28.9000 2.3333 1.2000
v -28.9000 2.6000 1.2000
v -28.9000 0.2000 1.2000
v -28.9000 0.4667 1.2000
v -28.9000 0.7333 1.2000
v -28.9000 1.0000 1.2000
v -28.9000 1.2667 1.2000
v -28.9000 1.5333 1.2000
v -28.9000 1.8000 1.2000
v -28.9000 2.0667 1.2000
v -28.9000 2.3333 1.2000
v -28.9000 2.6000 1.2000
v -28.8778 0.2000 1.2000
v -28.8778 0.4667 1.2000
v -28.8778 0.7333 1.2000
v -28.8778 1.0000 1.2000
v -28.8778 1.2667 1.2000
v -28.8778 1.5333 1.2000
v -28.8778 1.8000 1.2000
v -28.8778 2.0667 1.2000
v -28.8778 2.3333 1.2000
v -28.8778 2.6000 1.2000
v -28.8556 0.2000 1.2000
v -28.8556 0.4667 1.2000
v -28.8556 0.7333 1.2000
v -28.8556 1.0000 1.2000
v -28.8556 1.2667 1.2000
v -28.8556 1.5333 1.2000
v -28.8556 1.8000 1.2000
v -28.8556 2.0667 1.2000
v -28.8556 2.3333 1.2000
v -28.8556 2.6000 1.2000
v -28.8333 0.2000 1.2000
v -28.8333 0.4667 1.2000
v -28.8333 0.7333 1.2000
v -28.8333 1.0000 1.2000
v -28.8333 1.2667 1.2000
v -28.8333 1.5333 1.2000
v -28.8333 1.8000 1.2000
v -28.8333 2.0667 1.2000
v -28.8333 2.3333 1.2000
v -28.8333 2.6000 1.2000
v -28.8111 0.2000 1.2000
v -28.8111 0.4667 1.2000
v -28.8111 0.7333 1.2000
v -28.8111 1.0000 1.2000
v -28.8111 1.2667 1.2000
v -28.8111 1.5333 1.2000
v -28.8111 1.8000 1.2000
v -28.8111 2.0667 1.2000
v -28.8111 2.3333 1.2000
v -28.8111 2.6000 1.2000
v -28.7889 0.2000 1.2000
v -28.7889 0.4667 1.2000
v -28.7889 0.7333 1.2000
v -28.7889 1.0000 1.2000
v -28.7889 1.2667 1.2000
v -28.7889 1.5333 1.2000
v -28.7889 1.8000 1.2000
v -28.7889 2.0667 1.2000
v -28.7889 2.3333 1.2000
v -28.7889 2.6000 1.2000
v -28.7667 0.2000 1.2000
v -28.7667 0.4667 1.2000
v -28.7667 0.7333 1.2000
v -28.7667 1.0000 1.2000
v -28.7667 1.2667 1.2000
v -28.7667 1.5333 1.2000
v -28.7667 1.8000 1.2000
v -28.7667 2.0667 1.2000
v -28.7667 2.3333 1.2000
v -28.7667 2.6000 1.2000
v -28.7444 0.2000 1.2000
v -28.7444 0.4667 1.2000
v -28.7444 0.7333 1.2000
v -28.7444 1.0000 1.2000
v -28.7444 1.2667 1.2000
v -28.7444 1.5333 1.2000
v -28.7444 1.8000 1.2000
v -28.7444 2.0667 1.2000
v -28.7444 2.3333 1.2000
v -28.7444 2.6000 1.2000
v -28.7222 0.2000 1.2000
v -28.7222 0.4667 1.2000
v -28.7222 0.7333 1.2000
v -28.7222 1.0000 1.2000
v -28.7222 1.2667 1.2000
v -28.7222 1.5333 1.2000
v -28.7222 1.8000 1.2000
v -28.7222 2.0667 1.2000
v -28.7222 2.3333 1.2000
v -28.7222 2.6000 1.2000
v -28.7000 0.2000 1.2000
v -28.7000 0.4667 1.2000
v -28.7000 0.7333 1.2000
v -28.7000 1.0000 1.2000
v -28.7000 1.2667 1.2000
v -28.7000 1.5333 1.2000
v -28.7000 1.8000 1.2000
v -28.7000 2.0667 1.2000
v -28.7000 2.3333 1.2000
v -28.7000 2.6000 1.2000
v -28.7000 0.2000 -1.2000
v -28.7000 0.4667 -1.2000
v -28.7000 0.7333 -1.2000
v -28.7000 1.0000 -1.2000
v -28.7000 1.2667 -1.2000
v -28.7000 1.5333 -1.2000
v -28.7000 1.8000 -1.2000
v -28.7000 2.0667 -1.2000
v -28.7000 2.3333 -1.2000
v -28.7000 2.6000 -1.2000
v -28.7222 0.2000 -1.2000
v -28.7222 0.4667 -1.2000
v -28.7222 0.7333 -1.2000
v -28.7222 1.0000 -1.2000
v -28.7222 1.2667 -1.2000
v -28.7222 1.5333 -1.2000
v -28.7222 1.8000 -1.2000
v -28.7222 2.0667 -1.2000
v -28.7222 2.3333 -1.2000
v -28.7222 2.6000 -1.2000
v -28.7444 0.2000 -1.2000
v -28.7444 0.4667 -1.2000
v -28.7444 0.7333 -1.2000
v -28.7444 1.0000 -1.2000
v -28.7444 1.2667 -1.2000
v -28.7444 1.5333 -1.2000
v -28.7444 1.8000 -1.2000
v -28.7444 2.0667 -1.2000
v -28.7444 2.3333 -1.2000
v -28.7444 2.6000 -1.2000
v -28.7667 0.2000 -1.2000
v -28.7667 0.4667 -1.2000
v -28.7667 0.7333 -1.2000
v -28.7667 1.0000 -1.2000
v -28.7667 1.2667 -1.2000
v -28.7667 1.5333 -1.2000
v -28.7667 1.8000 -1.2000
v -28.7667 2.0667 -1.2000
v -28.7667 2.3333 -1.2000
v -28.7667 2.6000 -1.2000
v -28.7889 0.2000 -1.2000
v -28.7889 0.4667 -1.2000
v -28.7889 0.7333 -1.2000
v -28.7889 1.0000 -1.2000
v -28.7889 1.2667 -1.2000
v -28.7889 1.5333 -1.2000
v -28.7889 1.8000 -1.2000
v -28.7889 2.0667 -1.2000
v -28.7889 2.3333 -1.2000
v -28.7889 2.6000 -1.2000
v -28.8111 0.2000 -1.2000
v -28.8111 0.4667 -1.2000
v -28.8111 0.7333 -1.2000
v -28.8111 1.0000 -1.2000
v -28.8111 1.2667 -1.2000
v -28.8111 1.5333 -1.2000
v -28.8111 1.8000 -1.2000
v -28.8111 2.0667 -1.2000
v -28.8111 2.3333 -1.2000
v -28.8111 2.6000 -1.2000
v -28.8333 0.2000 -1.2000
v -28.8333 0.4667 -1.2000
v -28.8333 0.7333 -1.2000
v -28.8333 1.0000 -1.2000
v -28.8333 1.2667 -1.2000
v -28.8333 1.5333 -1.2000
v -28.8333 1.8000 -1.2000
v -28.8333 2.0667 -1.2000
v -28.8333 2.3333 -1.2000
v -28.8333 2.6000 -1.2000
v -28.8556 0.2000 -1.2000
v -28.8556 0.4667 -1.2000
v -28.8556 0.7333 -1.2000
v -28.8556 1.0000 -1.2000
v -28.8556 1.2667 -1.2000
v -28.8556 1.5333 -1.2000
v -28.8556 1.8000 -1.2000
v -28.8556 2.0667 -1.2000
v -28.8556 2.3333 -1.2000
v -28.8556 2.6000 -1.2000
v -28.8778 0.2000 -1.2000
v -28.8778 0.4667 -1.2000
v -28.8778 0.7333 -1.2000
v -28.8778 1.0000 -1.2000
v -28.8778 1.2667 -1.2000
v -28.8778 1.5333 -1.2000
v -28.8778 1.8000 -1.2000
v -28.8778 2.0667 -1.2000
v -28.8778 2.3333 -1.2000
v -28.8778 2.6000 -1.2000
v -28.9000 0.2000 -1.2000
v -28.9000 0.4667 -1.2000
v -28.9000 0.7333 -1.2000
v -28.9000 1.0000 -1.2000
v -28.9000 1.2667 -1.2000
v -28.9000 1.5333 -1.2000
v -28.9000 1.8000 -1.2000
v -28.9000 2.0667 -1.2000
v -28.9000 2.3333 -1.2000
v -28.9000 2.6000 -1.2000
v -28.9000 2.6000 1.2000
v -28.8778 2.6000 1.2000
v -28.8556 2.6000 1.2000
v -28.8333 2.6000 1.2000
v -28.8111 2.6000 1.2000
v -28.7889 2.6000 1.2000
v -28.7667 2.6000 1.2000
v -28.7444 2.6000 1.2000
v -28.7222 2.6000 1.2000
v -28.7000 2.6000 1.2000
v -28.9000 2.6000 0.9333
v -28.8778 2.6000 0.9333
v -28.8556 2.6000 0.9333
v -28.8333 2.6000 0.9333
v -28.8111 2.6000 0.9333
v -28.7889 2.6000 0.9333
v -28.7667 2.6000 0.9333
v -28.7444 2.6000 0.9333
v -28.7222 2.6000 0.9333
v -28.7000 2.6000 0.9333
v -28.9000 2.6000 0.6667
v -28.8778 2.6000 0.6667
v -28.8556 2.6000 0.6667
v -28.8333 2.6000 0.6667
v -28.8111 2.6000 0.6667
v -28.7889 2.6000 0.6667
v -28.7667 2.6000 0.6667
v -28.7444 2.6000 0.6667
v -28.7222 2.6000 0.6667
v -28.7000 2.6000 0.6667
v -28.9000 2.6000 0.4000
v -28.8778 2.6000 0.4000
v -28.8556 2.6000 0.4000
v -28.8333 2.6000 0.4000
v -28.8111 2.6000 0.4000
v -28.7889 2.6000 0.4000
v -28.7667 2.6000 0.4000
v -28.7444 2.6000 0.4000
v -28.7222 2.6000 0.4000
v -28.7000 2.6000 0.4000
v -28.9000 2.6000 0.1333
v -28.8778 2.6000 0.1333
v -28.8556 2.6000 0.1333
v -28.8333 2.6000 0.1333
v -28.8111 2.6000 0.1333
v -28.7889 2.6000 0.1333
v -28.7667 2.6000 0.1333
v -28.7444 2.6000 0.1333
v -28.7222 2.6000 0.1333
v -28.7000 2.6000 0.1333
v -28.9000 2.6000 -0.1333
v -28.8778 2.6000 -0.1333
v -28.8556 2.6000 -0.1333
v -28.8333 2.6000 -0.1333
v -28.8111 2.6000 -0.1333
v -28.7889 2.6000 -0.1333
v -28.7667 2.6000 -0.1333
v -28.7444 2.6000 -0.1333
v -28.7222 2.6000 -0.1333
v -28.7000 2.6000 -0.1333
v -28.9000 2.6000 -0.4000
v -28.8778 2.6000 -0.4000
v -28.8556 2.6000 -0.4000
v -28.8333 2.6000 -0.4000
v -28.8111 2.6000 -0.4000
v -28.7889 2.6000 -0.4000
v -28.7667 2.6000 -0.4000
v -28.7444 2.6000 -0.4000
v -28.7222 2.6000 -0.4000
v -28.7000 2.6000 -0.4000
v -28.9000 2.6000 -0.6667
v -28.8778 2.6000 -0.6667
v -28.8556 2.6000 -0.6667
v -28.8333 2.6000 -0.6667
v -28.8111 2.6000 -0.6667
v -28.7889 2.6000 -0.6667
v -28.7667 2.6000 -0.6667
v -28.7444 2.6000 -0.6667
v -28.7222 2.6000 -0.6667
v -28.7000 2.6000 -0.6667
v -28.9000 2.6000 -0.9333
v -28.8778 2.6000 -0.9333
v -28.8556 2.6000 -0.9333
v -28.8333 2.6000 -0.9333
v -28.8111 2.6000 -0.9333
v -28.7889 2.6000 -0.9333
v -28.7667 2.6000 -0.9333
v -28.7444 2.6000 -0.9333
v -28.7222 2.6000 -0.9333
v -28.7000 2.6000 -0.9333
v -28.9000 2.6000 -1.2000
v -28.8778 2.6000 -1.2000
v -28.8556 2.6000 -1.2000
v -28.8333 2.6000 -1.2000
v -28.8111 2.6000 -1.2000
v -28.7889 2.6000 -1.2000
v -28.7667 2.6000 -1.2000
v -28.7444 2.6000 -1.2000
v -28.7222 2.6000 -1.2000
v -28.7000 2.6000 -1.2000
v -28.7000 0.2000 1.2000
v -28.7222 0.2000 1.2000
v -28.7444 0.2000 1.2000
v -28.7667 0.2000 1.2000
v -28.7889 0.2000 1.2000
v -28.8111 0.2000 1.2000
v -28.8333 0.2000 1.2000
v -28.8556 0.2000 1.2000
v -28.8778 0.2000 1.2000
v -28.9000 0.2000 1.2000
v -28.7000 0.2000 0.9333
v -28.7222 0.2000 0.9333
v -28.7444 0.2000 0.9333
v -28.7667 0.2000 0.9333
v -28.7889 0.2000 0.9333
v -28.8111 0.2000 0.9333
v -28.8333 0.2000 0.9333
v -28.8556 0.2000 0.9333
v -28.8778 0.2000 0.9333
v -28.9000 0.2000 0.9333
v -28.7000 0.2000 0.6667
v -28.7222 0.2000 0.6667
v -28.7444 0.2000 0.6667
v -28.7667 0.2000 0.6667
v -28.7889 0.2000 0.6667
v -28.8111 0.2000 0.6667
v -28.8333 0.2000 0.6667
v -28.8556 0.2000 0.6667
v -28.8778 0.2000 0.6667
v -28.9000 0.2000 0.6667
v -28.7000 0.2000 0.4000
v -28.7222 0.2000 0.4000
v -28.7444 0.2000 0.4000
v -28.7667 0.2000 0.4000
v -28.7889 0.2000 0.4000
v -28.8111 0.2000 0.4000
v -28.8333 0.2000 0.4000
v -28.8556 0.2000 0.4000
v -28.8778 0.2000 0.4000
v -28.9000 0.2000 0.4000
v -28.7000 0.2000 0.1333
v -28.7222 0.2000 0.1333
v -28.7444 0.2000 0.1333
v -28.7667 0.2000 0.1333
v -28.7889 0.2000 0.1333
v -28.8111 0.2000 0.1333
v -28.8333 0.2000 0.1333
v -28.8556 0.2000 0.1333
v -28.8778 0.2000 0.1333
v -28.9000 0.2000 0.1333
v -28.7000 0.2000 -0.1333
v -28.7222 0.2000 -0.1333
v -28.7444 0.2000 -0.1333
v -28.7667 0.2000 -0.1333
v -28.7889 0.2000 -0.1333
v -28.8111 0.2000 -0.1333
v -28.8333 0.2000 -0.1333
v -28.8556 0.2000 -0.1333
v -28.8778 0.2000 -0.1333
v -28.9000 0.2000 -0.1333
v -28.7000 0.2000 -0.4000
v -28.7222 0.2000 -0.4000
v -28.7444 0.2000 -0.4000
v -28.7667 0.2000 -0.4000
v -28.7889 0.2000 -0.4000
v -28.8111 0.2000 -0.4000
v -28.8333 0.2000 -0.4000
v -28.8556 0.2000 -0.4000
v -28.8778 0.2000 -0.4000
v -28.9000 0.2000 -0.4000
v -28.7000 0.2000 -0.6667
v -28.7222 0.2000 -0.6667
v -28.7444 0.2000 -0.6667
v -28.7667 0.2000 -0.6667
v -28.7889 0.2000 -0.6667
v -28.8111 0.2000 -0.6667
v -28.8333 0.2000 -0.6667
v -28.8556 0.2000 -0.6667
v -28.8778 0.2000 -0.6667
v -28.9000 0.2000 -0.6667
v -28.7000 0.2000 -0.9333
v -28.7222 0.2000 -0.9333
v -28.7444 0.2000 -0.9333
v -28.7667 0.2000 -0.9333
v -28.7889 0.2000 -0.9333
v -28.8111 0.2000 -0.9333
v -28.8333 0.2000 -0.9333
v -28.8556 0.2000 -0.9333
v -28.8778 0.2000 -0.9333
v -28.9000 0.2000 -0.9333
v -28.7000 0.2000 -1.2000
v -28.7222 0.2000 -1.2000
v -28.7444 0.2000 -1.2000
v -28.7667 0.2000 -1.2000
v -28.7889 0.2000 -1.2000
v -28.8111 0.2000 -1.2000
v -28.8333 0.2000 -1.2000
v -28.8556 0.2000 -1.2000
v -28.8778 0.2000 -1.2000
v -28.9000 0.2000 -1.2000
f 4201 4202 4212
f 4201 4212 4211
f 4202 4203 4213
f 4202 4213 4212
f 4203 4204 4214
f 4203 4214 4213
f 4204 4205 4215
f 4204 4215 4214
f 4205 4206 4216
f 4205 4216 4215
f 4206 4207 4217
f 4206 4217 4216
f 4207 4208 4218
f 4207 4218 4217
f 4208 4209 4219
f 4208 4219 4218
f 4209 4210 4220
f 4209 4220 4219
f 4211 4212 4222
f 4211 4222 4221
f 4212 4213 4223
f 4212 4223 4222
f 4213 4214 4224
f 4213 4224 4223
f 4214 4215 4225
f 4214 4225 4224
f 4215 4216 4226
f 4215 4226 4225
f 4216 4217 4227
f 4216 4227 4226
f 4217 4218 4228
f 4217 4228 4227
f 4218 4219 4229
f 4218 4229 4228
f 4219 4220 4230
f 4219 4230 4229
f 4221 4222 4232
f 4221 4232 4231
f 4222 4223 4233
f 4222 4233 4232
f 4223 4224 4234
f 4223 4234 4233
f 4224 4225 4235
f 4224 4235 4234
f 4225 4226 4236
f 4225 4236 4235
f 4226 4227 4237
f 4226 4237 4236
f 4227 4228 4238
f 4227 4238 4237
f 4228 4229 4239
f 4228 4239 4238
f 4229 4230 4240
f 4229 4240 4239
f 4231 4232 4242
f 4231 4242 4241
f 4232 4233 4243
f 4232 4243 4242
f 4233 4234 4244
f 4233 4244 4243
f 4234 4235 4245
f 4234 4245 4244
f 4235 4236 4246
f 4235 4246 4245
f 4236 4237 4247
f 4236 4247 4246
f 4237 4238 4248
f 4237 4248 4247
f 4238 4239 4249
f 4238 4249 4248
f 4239 4240 4250
f 4239 4250 4249
f 4241 4242 4252
f 4241 4252 4251
f 4242 4243 4253
f 4242 4253 4252
f 4243 4244 4254
f 4243 4254 4253
f 4244 4245 4255
f 4244 4255 4254
f 4245 4246 4256
f 4245 4256 4255
f 4246 4247 4257
f 4246 4257 4256
f 4247 4248 4258
f 4247 4258 4257
f 4248 4249 4259
f 4248 4259 4258
f 4249 4250 4260
f 4249 4260 4259
f 4251 4252 4262
f 4251 4262 4261
f 4252 4253 4263
f 4252 4263 4262
f 4253 4254 4264
f 4253 4264 4263
f 4254 4255 4265
f 4254 4265 4264
f 4255 4256 4266
f 4255 4266 4265
f 4256 4257 4267
f 4256 4267 4266
f 4257 4258 4268
f 4257 4268 4267
f 4258 4259 4269
f 4258 4269 4268
f 4259 4260 4270
f 4259 4270 4269
f 4261 4262 4272
f 4261 4272 4271
f 4262 4263 4273
f 4262 4273 4272
f 4263 4264 4274
f 4263 4274 4273
f 4264 4265 4275
f 4264 4275 4274
f 4265 4266 4276
f 4265 4276 4275
f 4266 4267 4277
f 4266 4277 4276
f 4267 4268 4278
f 4267 4278 4277
f 4268 4269 4279
f 4268 4279 4278
f 4269 4270 4280
f 4269 4280 4279
f 4271 4272 4282
f 4271 4282 4281
f 4272 4273 4283
f 4272 4283 4282
f 4273 4274 4284
f 4273 4284 4283
f 4274 4275 4285
f 4274 4285 4284
f 4275 4276 4286
f 4275 4286 4285
f 4276 4277 4287
f 4276 4287 4286
f 4277 4278 4288
f 4277 4288 4287
f 4278 4279 4289
f 4278 4289 4288
f 4279 4280 4290
f 4279 4290 4289
f 4281 4282 4292
f 4281 4292 4291
f 4282 4283 4293
f 4282 4293 4292
f 4283 4284 4294
f 4283 4294 4293
f 4284 4285 4295
f 4284 4295 4294
f 4285 4286 4296
f 4285 4296 4295
f 4286 4287 4297
f 4286 4297 4296
f 4287 4288 4298
f 4287 4298 4297
f 4288 4289 4299
f 4288 4299 4298
f 4289 4290 4300
f 4289 4300 4299
f 4301 4302 4312
f 4301 4312 4311
f 4302 4303 4313
f 4302 4313 4312
f 4303 4304 4314
f 4303 4314 4313
f 4304 4305 4315
f 4304 4315 4314
f 4305 4306 4316
f 4305 4316 4315
f 4306 4307 4317
f 4306 4317 4316
f 4307 4308 4318
f 4307 4318 4317
f 4308 4309 4319
f 4308 4319 4318
f 4309 4310 4320
f 4309 4320 4319
f 4311 4312 4322
f 4311 4322 4321
f 4312 4313 4323
f 4312 4323 4322
f 4313 4314 4324
f 4313 4324 4323
f 4314 4315 4325
f 4314 4325 4324
f 4315 4316 4326
f 4315 4326 4325
f 4316 4317 4327
f 4316 4327 4326
f 4317 4318 4328
f 4317 4328 4327
f 4318 4319 4329
f 4318 4329 4328
f 4319 4320 4330
f 4319 4330 4329
f 4321 4322 4332
f 4321 4332 4331
f 4322 4323 4333
f 4322 4333 4332
f 4323 4324 4334
f 4323 4334 4333
f 4324 4325 4335
f 4324 4335 4334
f 4325 4326 4336
f 4325 4336 4335
f 4326 4327 4337
f 4326 4337 4336
f 4327 4328 4338
f 4327 4338 4337
f 4328 4329 4339
f 4328 4339 4338
f 4329 4330 4340
f 4329 4340 4339
f 4331 4332 4342
f 4331 4342 4341
f 4332 4333 4343
f 4332 4343 4342
f 4333 4334 4344
f 4333 4344 4343
f 4334 4335 4345
f 4334 4345 4344
f 4335 4336 4346
f 4335 4346 4345
f 4336 4337 4347
f 4336 4347 4346
f 4337 4338 4348
f 4337 4348 4347
f 4338 4339 4349
f 4338 4349 4348
f 4339 4340 4350
f 4339 4350 4349
f 4341 4342 4352
f 4341 4352 4351
f 4342 4343 4353
f 4342 4353 4352
f 4343 4344 4354
f 4343 4354 4353
f 4344 4345 4355
f 4344 4355 4354
f 4345 4346 4356
f 4345 4356 4355
f 4346 4347 4357
f 4346 4357 4356
f 4347 4348 4358
f 4347 4358 4357
f 4348 4349 4359
f 4348 4359 4358
f 4349 4350 4360
f 4349 4360 4359
f 4351 4352 4362
f 4351 4362 4361
f 4352 4353 4363
f 4352 4363 4362
f 4353 4354 4364
f 4353 4364 4363
f 4354 4355 4365
f 4354 4365 4364
f 4355 4356 4366
f 4355 4366 4365
f 4356 4357 4367
f 4356 4367 4366
f 4357 4358 4368
f 4357 4368 4367
f 4358 4359 4369
f 4358 4369 4368
f 4359 4360 4370
f 4359 4370 4369
f 4361 4362 4372
f 4361 4372 4371
f 4362 4363 4373
f 4362 4373 4372
f 4363 4364 4374
f 4363 4374 4373
f 4364 4365 4375
f 4364 4375 4374
f 4365 4366 4376
f 4365 4376 4375
f 4366 4367 4377
f 4366 4377 4376
f 4367 4368 4378
f 4367 4378 4377
f 4368 4369 4379
f 4368 4379 4378
f 4369 4370 4380
f 4369 4380 4379
f 4371 4372 4382
f 4371 4382 4381
f 4372 4373 4383
f 4372 4383 4382
f 4373 4374 4384
f 4373 4384 4383
f 4374 4375 4385
f 4374 4385 4384
f 4375 4376 4386
f 4375 4386 4385
f 4376 4377 4387
f 4376 4387 4386
f 4377 4378 4388
f 4377 4388 4387
f 4378 4379 4389
f 4378 4389 4388
f 4379 4380 4390
f 4379 4390 4389
f 4381 4382 4392
f 4381 4392 4391
f 4382 4383 4393
f 4382 4393 4392
f 4383 4384 4394
f 4383 4394 4393
f 4384 4385 4395
f 4384 4395 4394
f 4385 4386 4396
f 4385 4396 4395
f 4386 4387 4397
f 4386 4397 4396
f 4387 4388 4398
f 4387 4398 4397
f 4388 4389 4399
f 4388 4399 4398
f 4389 4390 4400
f 4389 4400 4399
f 4401 4402 4412
f 4401 4412 4411
f 4402 4403 4413
f 4402 4413 4412
f 4403 4404 4414
f 4403 4414 4413
f 4404 4405 4415
f 4404 4415 4414
f 4405 4406 4416
f 4405 4416 4415
f 4406 4407 4417
f 4406 4417 4416
f 4407 4408 4418
f 4407 4418 4417
f 4408 4409 4419
f 4408 4419 4418
f 4409 4410 4420
f 4409 4420 4419
f 4411 4412 4422
f 4411 4422 4421
f 4412 4413 4423
f 4412 4423 4422
f 4413 4414 4424
f 4413 4424 4423
f 4414 4415 4425
f 4414 4425 4424
f 4415 4416 4426
f 4415 4426 4425
f 4416 4417 4427
f 4416 4427 4426
f 4417 4418 4428
f 4417 4428 4427
f 4418 4419 4429
f 4418 4429 4428
f 4419 4420 4430
f 4419 4430 4429
f 4421 4422 4432
f 4421 4432 4431
f 4422 4423 4433
f 4422 4433 4432
f 4423 4424 4434
f 4423 4434 4433
f 4424 4425 4435
f 4424 4435 4434
f 4425 4426 4436
f 4425 4436 4435
f 4426 4427 4437
f 4426 4437 4436
f 4427 4428 4438
f 4427 4438 4437
f 4428 4429 4439
f 4428 4439 4438
f 4429 4430 4440
f 4429 4440 4439
f 4431 4432 4442
f 4431 4442 4441
f 4432 4433 4443
f 4432 4443 4442
f 4433 4434 4444
f 4433 4444 4443
f 4434 4435 4445
f 4434 4445 4444
f 4435 4436 4446
f 4435 4446 4445
f 4436 4437 4447
f 4436 4447 4446
f 4437 4438 4448
f 4437 4448 4447
f 4438 4439 4449
f 4438 4449 4448
f 4439 4440 4450
f 4439 4450 4449
f 4441 4442 4452
f 4441 4452 4451
f 4442 4443 4453
f 4442 4453 4452
f 4443 4444 4454
f 4443 4454 4453
f 4444 4445 4455
f 4444 4455 4454
f 4445 4446 4456
f 4445 4456 4455
f 4446 4447 4457
f 4446 4457 4456
f 4447 4448 4458
f 4447 4458 4457
f 4448 4449 4459
f 4448 4459 4458
f 4449 4450 4460
f 4449 4460 4459
f 4451 4452 4462
f 4451 4462 4461
f 4452 4453 4463
f 4452 4463 4462
f 4453 4454 4464
f 4453 4464 4463
f 4454 4455 4465
f 4454 4465 4464
f 4455 4456 4466
f 4455 4466 4465
f 4456 4457 4467
f 4456 4467 4466
f 4457 4458 4468
f 4457 4468 4467
f 4458 4459 4469
f 4458 4469 4468
f 4459 4460 4470
f 4459 4470 4469
f 4461 4462 4472
f 4461 4472 4471
f 4462 4463 4473
f 4462 4473 4472
f 4463 4464 4474
f 4463 4474 4473
f 4464 4465 4475
f 4464 4475 4474
f 4465 4466 4476
f 4465 4476 4475
f 4466 4467 4477
f 4466 4477 4476
f 4467 4468 4478
f 4467 4478 4477
f 4468 4469 4479
f 4468 4479 4478
f 4469 4470 4480
f 4469 4480 4479
f 4471 4472 4482
f 4471 4482 4481
f 4472 4473 4483
f 4472 4483 4482
f 4473 4474 4484
f 4473 4484 4483
f 4474 4475 4485
f 4474 4485 4484
f 4475 4476 4486
f 4475 4486 4485
f 4476 4477 4487
f 4476 4487 4486
f 4477 4478 4488
f 4477 4488 4487
f 4478 4479 4489
f 4478 4489 4488
f 4479 4480 4490
f 4479 4490 4489
f 4481 4482 4492
f 4481 4492 4491
f 4482 4483 4493
f 4482 4493 4492
f 4483 4484 4494
f 4483 4494 4493
f 4484 4485 4495
f 4484 4495 4494
f 4485 4486 4496
f 4485 4496 4495
f 4486 4487 4497
f 4486 4497 4496
f 4487 4488 4498
f 4487 4498 4497
f 4488 4489 4499
f 4488 4499 4498
f 4489 4490 4500
f 4489 4500 4499
f 4501 4502 4512
f 4501 4512 4511
f 4502 4503 4513
f 4502 4513 4512
f 4503 4504 4514
f 4503 4514 4513
f 4504 4505 4515
f 4504 4515 4514
f 4505 4506 4516
f 4505 4516 4515
f 4506 4507 4517
f 4506 4517 4516
f 4507 4508 4518
f 4507 4518 4517
f 4508 4509 4519
f 4508 4519 4518
f 4509 4510 4520
f 4509 4520 4519
f 4511 4512 4522
f 4511 4522 4521
f 4512 4513 4523
f 4512 4523 4522
f 4513 4514 4524
f 4513 4524 4523
f 4514 4515 4525
f 4514 4525 4524
f 4515 4516 4526
f 4515 4526 4525
f 4516 4517 4527
f 4516 4527 4526
f 4517 4518 4528
f 4517 4528 4527
f 4518 4519 4529
f 4518 4529 4528
f 4519 4520 4530
f 4519 4530 4529
f 4521 4522 4532
f 4521 4532 4531
f 4522 4523 4533
f 4522 4533 4532
f 4523 4524 4534
f 4523 4534 4533
f 4524 4525 4535
f 4524 4535 4534
f 4525 4526 4536
f 4525 4536 4535
f 4526 4527 4537
f 4526 4537 4536
f 4527 4528 4538
f 4527 4538 4537
f 4528 4529 4539
f 4528 4539 4538
f 4529 4530 4540
f 4529 4540 4539
f 4531 4532 4542
f 4531 4542 4541
f 4532 4533 4543
f 4532 4543 4542
f 4533 4534 4544
f 4533 4544 4543
f 4534 4535 4545
f 4534 4545 4544
f 4535 4536 4546
f 4535 4546 4545
f 4536 4537 4547
f 4536 4547 4546
f 4537 4538 4548
f 4537 4548 4547
f 4538 4539 4549
f 4538 4549 4548
f 4539 4540 4550
f 4539 4550 4549
f 4541 4542 4552
f 4541 4552 4551
f 4542 4543 4553
f 4542 4553 4552
f 4543 4544 4554
f 4543 4554 4553
f 4544 4545 4555
f 4544 4555 4554
f 4545 4546 4556
f 4545 4556 4555
f 4546 4547 4557
f 4546 4557 4556
f 4547 4548 4558
f 4547 4558 4557
f 4548 4549 4559
f 4548 4559 4558
f 4549 4550 4560
f 4549 4560 4559
f 4551 4552 4562
f 4551 4562 4561
f 4552 4553 4563
f 4552 4563 4562
f 4553 4554 4564
f 4553 4564 4563
f 4554 4555 4565
f 4554 4565 4564
f 4555 4556 4566
f 4555 4566 4565
f 4556 4557 4567
f 4556 4567 4566
f 4557 4558 4568
f 4557 4568 4567
f 4558 4559 4569
f 4558 4569 4568
f 4559 4560 4570
f 4559 4570 4569
f 4561 4562 4572
f 4561 4572 4571
f 4562 4563 4573
f 4562 4573 4572
f 4563 4564 4574
f 4563 4574 4573
f 4564 4565 4575
f 4564 4575 4574
f 4565 4566 4576
f 4565 4576 4575
f 4566 4567 4577
f 4566 4577 4576
f 4567 4568 4578
f 4567 4578 4577
f 4568 4569 4579
f 4568 4579 4578
f 4569 4570 4580
f 4569 4580 4579
f 4571 4572 4582
f 4571 4582 4581
f 4572 4573 4583
f 4572 4583 4582
f 4573 4574 4584
f 4573 4584 4583
f 4574 4575 4585
f 4574 4585 4584
f 4575 4576 4586
f 4575 4586 4585
f 4576 4577 4587
f 4576 4587 4586
f 4577 4578 4588
f 4577 4588 4587
f 4578 4579 4589
f 4578 4589 4588
f 4579 4580 4590
f 4579 4590 4589
f 4581 4582 4592
f 4581 4592 4591
f 4582 4583 4593
f 4582 4593 4592
f 4583 4584 4594
f 4583 4594 4593
f 4584 4585 4595
f 4584 4595 4594
f 4585 4586 4596
f 4585 4596 4595
f 4586 4587 4597
f 4586 4597 4596
f 4587 4588 4598
f 4587 4598 4597
f 4588 4589 4599
f 4588 4599 4598
f 4589 4590 4600
f 4589 4600 4599
f 4601 4602 4612
f 4601 4612 4611
f 4602 4603 4613
f 4602 4613 4612
f 4603 4604 4614
f 4603 4614 4613
f 4604 4605 4615
f 4604 4615 4614
f 4605 4606 4616
f 4605 4616 4615
f 4606 4607 4617
f 4606 4617 4616
f 4607 4608 4618
f 4607 4618 4617
f 4608 4609 4619
f 4608 4619 4618
f 4609 4610 4620
f 4609 4620 4619
f 4611 4612 4622
f 4611 4622 4621
f 4612 4613 4623
f 4612 4623 4622
f 4613 4614 4624
f 4613 4624 4623
f 4614 4615 4625
f 4614 4625 4624
f 4615 4616 4626
f 4615 4626 4625
f 4616 4617 4627
f 4616 4627 4626
f 4617 4618 4628
f 4617 4628 4627
f 4618 4619 4629
f 4618 4629 4628
f 4619 4620 4630
f 4619 4630 4629
f 4621 4622 4632
f 4621 4632 4631
f 4622 4623 4633
f 4622 4633 4632
f 4623 4624 4634
f 4623 4634 4633
f 4624 4625 4635
f 4624 4635 4634
f 4625 4626 4636
f 4625 4636 4635
f 4626 4627 4637
f 4626 4637 4636
f 4627 4628 4638
f 4627 4638 4637
f 4628 4629 4639
f 4628 4639 4638
f 4629 4630 4640
f 4629 4640 4639
f 4631 4632 4642
f 4631 4642 4641
f 4632 4633 4643
f 4632 4643 4642
f 4633 4634 4644
f 4633 4644 4643
f 4634 4635 4645
f 4634 4645 4644
f 4635 4636 4646
f 4635 4646 4645
f 4636 4637 4647
f 4636 4647 4646
f 4637 4638 4648
f 4637 4648 4647
f 4638 4639 4649
f 4638 4649 4648
f 4639 4640 4650
f 4639 4650 4649
f 4641 4642 4652
f 4641 4652 4651
f 4642 4643 4653
f 4642 4653 4652
f 4643 4644 4654
f 4643 4654 4653
f 4644 4645 4655
f 4644 4655 4654
f 4645 4646 4656
f 4645 4656 4655
f 4646 4647 4657
f 4646 4657 4656
f 4647 4648 4658
f 4647 4658 4657
f 4648 4649 4659
f 4648 4659 4658
f 4649 4650 4660
f 4649 4660 4659
f 4651 4652 4662
f 4651 4662 4661
f 4652 4653 4663
f 4652 4663 4662
f 4653 4654 4664
f 4653 4664 4663
f 4654 4655 4665
f 4654 4665 4664
f 4655 4656 4666
f 4655 4666 4665
f 4656 4657 4667
f 4656 4667 4666
f 4657 4658 4668
f 4657 4668 4667
f 4658 4659 4669
f 4658 4669 4668
f 4659 4660 4670
f 4659 4670 4669
f 4661 4662 4672
f 4661 4672 4671
f 4662 4663 4673
f 4662 4673 4672
f 4663 4664 4674
f 4663 4674 4673
f 4664 4665 4675
f 4664 4675 4674
f 4665 4666 4676
f 4665 4676 4675
f 4666 4667 4677
f 4666 4677 4676
f 4667 4668 4678
f 4667 4678 4677
f 4668 4669 4679
f 4668 4679 4678
f 4669 4670 4680
f 4669 4680 4679
f 4671 4672 4682
f 4671 4682 4681
f 4672 4673 4683
f 4672 4683 4682
f 4673 4674 4684
f 4673 4684 4683
f 4674 4675 4685
f 4674 4685 4684
f 4675 4676 4686
f 4675 4686 4685
f 4676 4677 4687
f 4676 4687 4686
f 4677 4678 4688
f 4677 4688 4687
f 4678 4679 4689
f 4678 4689 4688
f 4679 4680 4690
f 4679 4690 4689
f 4681 4682 4692
f 4681 4692 4691
f 4682 4683 4693
f 4682 4693 4692
f 4683 4684 4694
f 4683 4694 4693
f 4684 4685 4695
f 4684 4695 4694
f 4685 4686 4696
f 4685 4696 4695
f 4686 4687 4697
f 4686 4697 4696
f 4687 4688 4698
f 4687 4698 4697
f 4688 4689 4699
f 4688 4699 4698
f 4689 4690 4700
f 4689 4700 4699
f 4701 4702 4712
f 4701 4712 4711
f 4702 4703 4713
f 4702 4713 4712
f 4703 4704 4714
f 4703 4714 4713
f 4704 4705 4715
f 4704 4715 4714
f 4705 4706 4716
f 4705 4716 4715
f 4706 4707 4717
f 4706 4717 4716
f 4707 4708 4718
f 4707 4718 4717
f 4708 4709 4719
f 4708 4719 4718
f 4709 4710 4720
f 4709 4720 4719
f 4711 4712 4722
f 4711 4722 4721
f 4712 4713 4723
f 4712 4723 4722
f 4713 4714 4724
f 4713 4724 4723
f 4714 4715 4725
f 4714 4725 4724
f 4715 4716 4726
f 4715 4726 4725
f 4716 4717 4727
f 4716 4727 4726
f 4717 4718 4728
f 4717 4728 4727
f 4718 4719 4729
f 4718 4729 4728
f 4719 4720 4730
f 4719 4730 4729
f 4721 4722 4732
f 4721 4732 4731
f 4722 4723 4733
f 4722 4733 4732
f 4723 4724 4734
f 4723 4734 4733
f 4724 4725 4735
f 4724 4735 4734
f 4725 4726 4736
f 4725 4736 4735
f 4726 4727 4737
f 4726 4737 4736
f 4727 4728 4738
f 4727 4738 4737
f 4728 4729 4739
f 4728 4739 4738
f 4729 4730 4740
f 4729 4740 4739
f 4731 4732 4742
f 4731 4742 4741
f 4732 4733 4743
f 4732 4743 4742
f 4733 4734 4744
f 4733 4744 4743
f 4734 4735 4745
f 4734 4745 4744
f 4735 4736 4746
f 4735 4746 4745
f 4736 4737 4747
f 4736 4747 4746
f 4737 4738 4748
f 4737 4748 4747
f 4738 4739 4749
f 4738 4749 4748
f 4739 4740 4750
f 4739 4750 4749
f 4741 4742 4752
f 4741 4752 4751
f 4742 4743 4753
f 4742 4753 4752
f 4743 4744 4754
f 4743 4754 4753
f 4744 4745 4755
f 4744 4755 4754
f 4745 4746 4756
f 4745 4756 4755
f 4746 4747 4757
f 4746 4757 4756
f 4747 4748 4758
f 4747 4758 4757
f 4748 4749 4759
f 4748 4759 4758
f 4749 4750 4760
f 4749 4760 4759
f 4751 4752 4762
f 4751 4762 4761
f 4752 4753 4763
f 4752 4763 4762
f 4753 4754 4764
f 4753 4764 4763
f 4754 4755 4765
f 4754 4765 4764
f 4755 4756 4766
f 4755 4766 4765
f 4756 4757 4767
f 4756 4767 4766
f 4757 4758 4768
f 4757 4768 4767
f 4758 4759 4769
f 4758 4769 4768
f 4759 4760 4770
f 4759 4770 4769
f 4761 4762 4772
f 4761 4772 4771
f 4762 4763 4773
f 4762 4773 4772
f 4763 4764 4774
f 4763 4774 4773
f 4764 4765 4775
f 4764 4775 4774
f 4765 4766 4776
f 4765 4776 4775
f 4766 4767 4777
f 4766 4777 4776
f 4767 4768 4778
f 4767 4778 4777
f 4768 4769 4779
f 4768 4779 4778
f 4769 4770 4780
f 4769 4780 4779
f 4771 4772 4782
f 4771 4782 4781
f 4772 4773 4783
f 4772 4783 4782
f 4773 4774 4784
f 4773 4784 4783
f 4774 4775 4785
f 4774 4785 4784
f 4775 4776 4786
f 4775 4786 4785
f 4776 4777 4787
f 4776 4787 4786
f 4777 4778 4788
f 4777 4788 4787
f 4778 4779 4789
f 4778 4789 4788
f 4779 4780 4790
f 4779 4790 4789
f 4781 4782 4792
f 4781 4792 4791
f 4782 4783 4793
f 4782 4793 4792
f 4783 4784 4794
f 4783 4794 4793
f 4784 4785 4795
f 4784 4795 4794
f 4785 4786 4796
f 4785 4796 4795
f 4786 4787 4797
f 4786 4797 4796
f 4787 4788 4798
f 4787 4798 4797
f 4788 4789 4799
f 4788 4799 4798
f 4789 4790 4800
f 4789 4800 4799
g 초소 측벽_2
v 31.3000 0.2000 1.2000
v 31.3000 0.4667 1.2000
v 31.3000 0.7333 1.2000
v 31.3000 1.0000 1.2000
v 31.3000 1.2667 1.2000
v 31.3000 1.5333 1.2000
v 31.3000 1.8000 1.2000
v 31.3000 2.0667 1.2000
v 31.3000 2.3333 1.2000
v 31.3000 2.6000 1.2000
v 31.3000 0.2000 0.9333
v 31.3000 0.4667 0.9333
v 31.3000 0.7333 0.9333
v 31.3000 1.0000 0.9333
v 31.3000 1.2667 0.9333
v 31.3000 1.5333 0.9333
v 31.3000 1.8000 0.9333
v 31.3000 2.0667 0.9333
v 31.3000 2.3333 0.9333
v 31.3000 2.6000 0.9333
v 31.3000 0.2000 0.6667
v 31.3000 0.4667 0.6667
v 31.3000 0.7333 0.6667
v 31.3000 1.0000 0.6667
v 31.3000 1.2667 0.6667
v 31.3000 1.5333 0.6667
v 31.3000 1.8000 0.6667
v 31.3000 2.0667 0.6667
v 31.3000 2.3333 0.6667
v 31.3000 2.6000 0.6667
v 31.3000 0.2000 0.4000
v 31.3000 0.4667 0.4000
v 31.3000 0.7333 0.4000
v 31.3000 1.0000 0.4000
v 31.3000 1.2667 0.4000
v 31.3000 1.5333 0.4000
v 31.3000 1.8000 0.4000
v 31.3000 2.0667 0.4000
v 31.3000 2.3333 0.4000
v 31.3000 2.6000 0.4000
v 31.3000 0.2000 0.1333
v 31.3000 0.4667 0.1333
v 31.3000 0.7333 0.1333
v 31.3000 1.0000 0.1333
v 31.3000 1.2667 0.1333
v 31.3000 1.5333 0.1333
v 31.3000 1.8000 0.1333
v 31.3000 2.0667 0.1333
v 31.3000 2.3333 0.1333
v 31.3000 2.6000 0.1333
v 31.3000 0.2000 -0.1333
v 31.3000 0.4667 -0.1333
v 31.3000 0.7333 -0.1333
v 31.3000 1.0000 -0.1333
v 31.3000 1.2667 -0.1333
v 31.3000 1.5333 -0.1333
v 31.3000 1.8000 -0.1333
v 31.3000 2.0667 -0.1333
v 31.3000 2.3333 -0.1333
v 31.3000 2.6000 -0.1333
v 31.3000 0.2000 -0.4000
v 31.3000 0.4667 -0.4000
v 31.3000 0.7333 -0.4000
v 31.3000 1.0000 -0.4000
v 31.3000 1.2667 -0.4000
v 31.3000 1.5333 -0.4000
v 31.3000 1.8000 -0.4000
v 31.3000 2.0667 -0.4000
v 31.3000 2.3333 -0.4000
v 31.3000 2.6000 -0.4000
v 31.3000 0.2000 -0.6667
v 31.3000 0.4667 -0.6667
v 31.3000 0.7333 -0.6667
v 31.3000 1.0000 -0.6667
v 31.3000 1.2667 -0.6667
v 31.3000 1.5333 -0.6667
v 31.3000 1.8000 -0.6667
v 31.3000 2.0667 -0.6667
v 31.3000 2.3333 -0.6667
v 31.3000 2.6000 -0.6667
v 31.3000 0.2000 -0.9333
v 31.3000 0.4667 -0.9333
v 31.3000 0.7333 -0.9333
v 31.3000 1.0000 -0.9333
v 31.3000 1.2667 -0.9333
v 31.3000 1.5333 -0.9333
v 31.3000 1.8000 -0.9333
v 31.3000 2.0667 -0.9333
v 31.3000 2.3333 -0.9333
v 31.3000 2.6000 -0.9333
v 31.3000 0.2000 -1.2000
v 31.3000 0.4667 -1.2000
v 31.3000 0.7333 -1.2000
v 31.3000 1.0000 -1.2000
v 31.3000 1.2667 -1.2000
v 31.3000 1.5333 -1.2000
v 31.3000 1.8000 -1.2000
v 31.3000 2.0667 -1.2000
v 31.3000 2.3333 -1.2000
v 31.3000 2.6000 -1.2000
v 31.1000 0.2000 -1.2000
v 31.1000 0.4667 -1.2000
v 31.1000 0.7333 -1.2000
v 31.1000 1.0000 -1.2000
v 31.1000 1.2667 -1.2000
v 31.1000 1.5333 -1.2000
v 31.1000 1.8000 -1.2000
v 31.1000 2.0667 -1.2000
v 31.1000 2.3333 -1.2000
v 31.1000 2.6000 -1.2000
v 31.1000 0.2000 -0.9333
v 31.1000 0.4667 -0.9333
v 31.1000 0.7333 -0.9333
v 31.1000 1.0000 -0.9333
v 31.1000 1.2667 -0.9333
v 31.1000 1.5333 -0.9333
v 31.1000 1.8000 -0.9333
v 31.1000 2.0667 -0.9333
v 31.1000 2.3333 -0.9333
v 31.1000 2.6000 -0.9333
v 31.1000 0.2000 -0.6667
v 31.1000 0.4667 -0.6667
v 31.1000 0.7333 -0.6667
v 31.1000 1.0000 -0.6667
v 31.1000 1.2667 -0.6667
v 31.1000 1.5333 -0.6667
v 31.1000 1.8000 -0.6667
v 31.1000 2.0667 -0.6667
v 31.1000 2.3333 -0.6667
v 31.1000 2.6000 -0.6667
v 31.1000 0.2000 -0.4000
v 31.1000 0.4667 -0.4000
v 31.1000 0.7333 -0.4000
v 31.1000 1.0000 -0.4000
v 31.1000 1.2667 -0.4000
v 31.1000 1.5333 -0.4000
v 31.1000 1.8000 -0.4000
v 31.1000 2.0667 -0.4000
v 31.1000 2.3333 -0.4000
v 31.1000 2.6000 -0.4000
v 31.1000 0.2000 -0.1333
v 31.1000 0.4667 -0.1333
v 31.1000 0.7333 -0.1333
v 31.1000 1.0000 -0.1333
v 31.1000 1.2667 -0.1333
v 31.1000 1.5333 -0.1333
v 31.1000 1.8000 -0.1333
v 31.1000 2.0667 -0.1333
v 31.1000 2.3333 -0.1333
v 31.1000 2.6000 -0.1333
v 31.1000 0.2000 0.1333
v 31.1000 0.4667 0.1333
v 31.1000 0.7333 0.1333
v 31.1000 1.0000 0.1333
v 31.1000 1.2667 0.1333
v 31.1000 1.5333 0.1333
v 31.1000 1.8000 0.1333
v 31.1000 2.0667 0.1333
v 31.1000 2.3333 0.1333
v 31.1000 2.6000 0.1333
v 31.1000 0.2000 0.4000
v 31.1000 0.4667 0.4000
v 31.1000 0.7333 0.4000
v 31.1000 1.0000 0.4000
v 31.1000 1.2667 0.4000
v 31.1000 1.5333 0.4000
v 31.1000 1.8000 0.4000
v 31.1000 2.0667 0.4000
v 31.1000 2.3333 0.4000
v 31.1000 2.6000 0.4000
v 31.1000 0.2000 0.6667
v 31.1000 0.4667 0.6667
v 31.1000 0.7333 0.6667
v 31.1000 1.0000 0.6667
v 31.1000 1.2667 0.6667
v 31.1000 1.5333 0.6667
v 31.1000 1.8000 0.6667
v 31.1000 2.0667 0.6667
v 31.1000 2.3333 0.6667
v 31.1000 2.6000 0.6667
v 31.1000 0.2000 0.9333
v 31.1000 0.4667 0.9333
v 31.1000 0.7333 0.9333
v 31.1000 1.0000 0.9333
v 31.1000 1.2667 0.9333
v 31.1000 1.5333 0.9333
v 31.1000 1.8000 0.9333
v 31.1000 2.0667 0.9333
v 31.1000 2.3333 0.9333
v 31.1000 2.6000 0.9333
v 31.1000 0.2000 1.2000
v 31.1000 0.4667 1.2000
v 31.1000 0.7333 1.2000
v 31.1000 1.0000 1.2000
v 31.1000 1.2667 1.2000
v 31.1000 1.5333 1.2000
v 31.1000 1.8000 1.2000
v 31.1000 2.0667 1.2000
v 31.1000 2.3333 1.2000
v 31.1000 2.6000 1.2000
v 31.1000 0.2000 1.2000
v 31.1000 0.4667 1.2000
v 31.1000 0.7333 1.2000
v 31.1000 1.0000 1.2000
v 31.1000 1.2667 1.2000
v 31.1000 1.5333 1.2000
v 31.1000 1.8000 1.2000
v 31.1000 2.0667 1.2000
v 31.1000 2.3333 1.2000
v 31.1000 2.6000 1.2000
v 31.1222 0.2000 1.2000
v 31.1222 0.4667 1.2000
v 31.1222 0.7333 1.2000
v 31.1222 1.0000 1.2000
v 31.1222 1.2667 1.2000
v 31.1222 1.5333 1.2000
v 31.1222 1.8000 1.2000
v 31.1222 2.0667 1.2000
v 31.1222 2.3333 1.2000
v 31.1222 2.6000 1.2000
v 31.1444 0.2000 1.2000
v 31.1444 0.4667 1.2000
v 31.1444 0.7333 1.2000
v 31.1444 1.0000 1.2000
v 31.1444 1.2667 1.2000
v 31.1444 1.5333 1.2000
v 31.1444 1.8000 1.2000
v 31.1444 2.0667 1.2000
v 31.1444 2.3333 1.2000
v 31.1444 2.6000 1.2000
v 31.1667 0.2000 1.2000
v 31.1667 0.4667 1.2000
v 31.1667 0.7333 1.2000
v 31.1667 1.0000 1.2000
v 31.1667 1.2667 1.2000
v 31.1667 1.5333 1.2000
v 31.1667 1.8000 1.2000
v 31.1667 2.0667 1.2000
v 31.1667 2.3333 1.2000
v 31.1667 2.6000 1.2000
v 31.1889 0.2000 1.2000
v 31.1889 0.4667 1.2000
v 31.1889 0.7333 1.2000
v 31.1889 1.0000 1.2000
v 31.1889 1.2667 1.2000
v 31.1889 1.5333 1.2000
v 31.1889 1.8000 1.2000
v 31.1889 2.0667 1.2000
v 31.1889 2.3333 1.2000
v 31.1889 2.6000 1.2000
v 31.2111 0.2000 1.2000
v 31.2111 0.4667 1.2000
v 31.2111 0.7333 1.2000
v 31.2111 1.0000 1.2000
v 31.2111 1.2667 1.2000
v 31.2111 1.5333 1.2000
v 31.2111 1.8000 1.2000
v 31.2111 2.0667 1.2000
v 31.2111 2.3333 1.2000
v 31.2111 2.6000 1.2000
v 31.2333 0.2000 1.2000
v 31.2333 0.4667 1.2000
v 31.2333 0.7333 1.2000
v 31.2333 1.0000 1.2000
v 31.2333 1.2667 1.2000
v 31.2333 1.5333 1.2000
v 31.2333 1.8000 1.2000
v 31.2333 2.0667 1.2000
v 31.2333 2.3333 1.2000
v 31.2333 2.6000 1.2000
v 31.2556 0.2000 1.2000
v 31.2556 0.4667 1.2000
v 31.2556 0.7333 1.2000
v 31.2556 1.0000 1.2000
v 31.2556 1.2667 1.2000
v 31.2556 1.5333 1.2000
v 31.2556 1.8000 1.2000
v 31.2556 2.0667 1.2000
v 31.2556 2.3333 1.2000
v 31.2556 2.6000 1.2000
v 31.2778 0.2000 1.2000
v 31.2778 0.4667 1.2000
v 31.2778 0.7333 1.2000
v 31.2778 1.0000 1.2000
v 31.2778 1.2667 1.2000
v 31.2778 1.5333 1.2000
v 31.2778 1.8000 1.2000
v 31.2778 2.0667 1.2000
v 31.2778 2.3333 1.2000
v 31.2778 2.6000 1.2000
v 31.3000 0.2000 1.2000
v 31.3000 0.4667 1.2000
v 31.3000 0.7333 1.2000
v 31.3000 1.0000 1.2000
v 31.3000 1.2667 1.2000
v 31.3000 1.5333 1.2000
v 31.3000 1.8000 1.2000
v 31.3000 2.0667 1.2000
v 31.3000 2.3333 1.2000
v 31.3000 2.6000 1.2000
v 31.3000 0.2000 -1.2000
v 31.3000 0.4667 -1.2000
v 31.3000 0.7333 -1.2000
v 31.3000 1.0000 -1.2000
v 31.3000 1.2667 -1.2000
v 31.3000 1.5333 -1.2000
v 31.3000 1.8000 -1.2000
v 31.3000 2.0667 -1.2000
v 31.3000 2.3333 -1.2000
v 31.3000 2.6000 -1.2000
v 31.2778 0.2000 -1.2000
v 31.2778 0.4667 -1.2000
v 31.2778 0.7333 -1.2000
v 31.2778 1.0000 -1.2000
v 31.2778 1.2667 -1.2000
v 31.2778 1.5333 -1.2000
v 31.2778 1.8000 -1.2000
v 31.2778 2.0667 -1.2000
v 31.2778 2.3333 -1.2000
v 31.2778 2.6000 -1.2000
v 31.2556 0.2000 -1.2000
v 31.2556 0.4667 -1.2000
v 31.2556 0.7333 -1.2000
v 31.2556 1.0000 -1.2000
v 31.2556 1.2667 -1.2000
v 31.2556 1.5333 -1.2000
v 31.2556 1.8000 -1.2000
v 31.2556 2.0667 -1.2000
v 31.2556 2.3333 -1.2000
v 31.2556 2.6000 -1.2000
v 31.2333 0.2000 -1.2000
v 31.2333 0.4667 -1.2000
v 31.2333 0.7333 -1.2000
v 31.2333 1.0000 -1.2000
v 31.2333 1.2667 -1.2000
v 31.2333 1.5333 -1.2000
v 31.2333 1.8000 -1.2000
v 31.2333 2.0667 -1.2000
v 31.2333 2.3333 -1.2000
v 31.2333 2.6000 -1.2000
v 31.2111 0.2000 -1.2000
v 31.2111 0.4667 -1.2000
v 31.2111 0.7333 -1.2000
v 31.2111 1.0000 -1.2000
v 31.2111 1.2667 -1.2000
v 31.2111 1.5333 -1.2000
v 31.2111 1.8000 -1.2000
v 31.2111 2.0667 -1.2000
v 31.2111 2.3333 -1.2000
v 31.2111 2.6000 -1.2000
v 31.1889 0.2000 -1.2000
v 31.1889 0.4667 -1.2000
v 31.1889 0.7333 -1.2000
v 31.1889 1.0000 -1.2000
v 31.1889 1.2667 -1.2000
v 31.1889 1.5333 -1.2000
v 31.1889 1.8000 -1.2000
v 31.1889 2.0667 -1.2000
v 31.1889 2.3333 -1.2000
v 31.1889 2.6000 -1.2000
v 31.1667 0.2000 -1.2000
v 31.1667 0.4667 -1.2000
v 31.1667 0.7333 -1.2000
v 31.1667 1.0000 -1.2000
v 31.1667 1.2667 -1.2000
v 31.1667 1.5333 -1.2000
v 31.1667 1.8000 -1.2000
v 31.1667 2.0667 -1.2000
v 31.1667 2.3333 -1.2000
v 31.1667 2.6000 -1.2000
v 31.1444 0.2000 -1.2000
v 31.1444 0.4667 -1.2000
v 31.1444 0.7333 -1.2000
v 31.1444 1.0000 -1.2000
v 31.1444 1.2667 -1.2000
v 31.1444 1.5333 -1.2000
v 31.1444 1.8000 -1.2000
v 31.1444 2.0667 -1.2000
v 31.1444 2.3333 -1.2000
v 31.1444 2.6000 -1.2000
v 31.1222 0.2000 -1.2000
v 31.1222 0.4667 -1.2000
v 31.1222 0.7333 -1.2000
v 31.1222 1.0000 -1.2000
v 31.1222 1.2667 -1.2000
v 31.1222 1.5333 -1.2000
v 31.1222 1.8000 -1.2000
v 31.1222 2.0667 -1.2000
v 31.1222 2.3333 -1.2000
v 31.1222 2.6000 -1.2000
v 31.1000 0.2000 -1.2000
v 31.1000 0.4667 -1.2000
v 31.1000 0.7333 -1.2000
v 31.1000 1.0000 -1.2000
v 31.1000 1.2667 -1.2000
v 31.1000 1.5333 -1.2000
v 31.1000 1.8000 -1.2000
v 31.1000 2.0667 -1.2000
v 31.1000 2.3333 -1.2000
v 31.1000 2.6000 -1.2000
v 31.1000 2.6000 1.2000
v 31.1222 2.6000 1.2000
v 31.1444 2.6000 1.2000
v 31.1667 2.6000 1.2000
v 31.1889 2.6000 1.2000
v 31.2111 2.6000 1.2000
v 31.2333 2.6000 1.2000
v 31.2556 2.6000 1.2000
v 31.2778 2.6000 1.2000
v 31.3000 2.6000 1.2000
v 31.1000 2.6000 0.9333
v 31.1222 2.6000 0.9333
v 31.1444 2.6000 0.9333
v 31.1667 2.6000 0.9333
v 31.1889 2.6000 0.9333
v 31.2111 2.6000 0.9333
v 31.2333 2.6000 0.9333
v 31.2556 2.6000 0.9333
v 31.2778 2.6000 0.9333
v 31.3000 2.6000 0.9333
v 31.1000 2.6000 0.6667
v 31.1222 2.6000 0.6667
v 31.1444 2.6000 0.6667
v 31.1667 2.6000 0.6667
v 31.1889 2.6000 0.6667
v 31.2111 2.6000 0.6667
v 31.2333 2.6000 0.6667
v 31.2556 2.6000 0.6667
v 31.2778 2.6000 0.6667
v 31.3000 2.6000 0.6667
v 31.1000 2.6000 0.4000
v 31.1222 2.6000 0.4000
v 31.1444 2.6000 0.4000
v 31.1667 2.6000 0.4000
v 31.1889 2.6000 0.4000
v 31.2111 2.6000 0.4000
v 31.2333 2.6000 0.4000
v 31.2556 2.6000 0.4000
v 31.2778 2.6000 0.4000
v 31.3000 2.6000 0.4000
v 31.1000 2.6000 0.1333
v 31.1222 2.6000 0.1333
v 31.1444 2.6000 0.1333
v 31.1667 2.6000 0.1333
v 31.1889 2.6000 0.1333
v 31.2111 2.6000 0.1333
v 31.2333 2.6000 0.1333
v 31.2556 2.6000 0.1333
v 31.2778 2.6000 0.1333
v 31.3000 2.6000 0.1333
v 31.1000 2.6000 -0.1333
v 31.1222 2.6000 -0.1333
v 31.1444 2.6000 -0.1333
v 31.1667 2.6000 -0.1333
v 31.1889 2.6000 -0.1333
v 31.2111 2.6000 -0.1333
v 31.2333 2.6000 -0.1333
v 31.2556 2.6000 -0.1333
v 31.2778 2.6000 -0.1333
v 31.3000 2.6000 -0.1333
v 31.1000 2.6000 -0.4000
v 31.1222 2.6000 -0.4000
v 31.1444 2.6000 -0.4000
v 31.1667 2.6000 -0.4000
v 31.1889 2.6000 -0.4000
v 31.2111 2.6000 -0.4000
v 31.2333 2.6000 -0.4000
v 31.2556 2.6000 -0.4000
v 31.2778 2.6000 -0.4000
v 31.3000 2.6000 -0.4000
v 31.1000 2.6000 -0.6667
v 31.1222 2.6000 -0.6667
v 31.1444 2.6000 -0.6667
v 31.1667 2.6000 -0.6667
v 31.1889 2.6000 -0.6667
v 31.2111 2.6000 -0.6667
v 31.2333 2.6000 -0.6667
v 31.2556 2.6000 -0.6667
v 31.2778 2.6000 -0.6667
v 31.3000 2.6000 -0.6667
v 31.1000 2.6000 -0.9333
v 31.1222 2.6000 -0.9333
v 31.1444 2.6000 -0.9333
v 31.1667 2.6000 -0.9333
v 31.1889 2.6000 -0.9333
v 31.2111 2.6000 -0.9333
v 31.2333 2.6000 -0.9333
v 31.2556 2.6000 -0.9333
v 31.2778 2.6000 -0.9333
v 31.3000 2.6000 -0.9333
v 31.1000 2.6000 -1.2000
v 31.1222 2.6000 -1.2000
v 31.1444 2.6000 -1.2000
v 31.1667 2.6000 -1.2000
v 31.1889 2.6000 -1.2000
v 31.2111 2.6000 -1.2000
v 31.2333 2.6000 -1.2000
v 31.2556 2.6000 -1.2000
v 31.2778 2.6000 -1.2000
v 31.3000 2.6000 -1.2000
v 31.3000 0.2000 1.2000
v 31.2778 0.2000 1.2000
v 31.2556 0.2000 1.2000
v 31.2333 0.2000 1.2000
v 31.2111 0.2000 1.2000
v 31.1889 0.2000 1.2000
v 31.1667 0.2000 1.2000
v 31.1444 0.2000 1.2000
v 31.1222 0.2000 1.2000
v 31.1000 0.2000 1.2000
v 31.3000 0.2000 0.9333
v 31.2778 0.2000 0.9333
v 31.2556 0.2000 0.9333
v 31.2333 0.2000 0.9333
v 31.2111 0.2000 0.9333
v 31.1889 0.2000 0.9333
v 31.1667 0.2000 0.9333
v 31.1444 0.2000 0.9333
v 31.1222 0.2000 0.9333
v 31.1000 0.2000 0.9333
v 31.3000 0.2000 0.6667
v 31.2778 0.2000 0.6667
v 31.2556 0.2000 0.6667
v 31.2333 0.2000 0.6667
v 31.2111 0.2000 0.6667
v 31.1889 0.2000 0.6667
v 31.1667 0.2000 0.6667
v 31.1444 0.2000 0.6667
v 31.1222 0.2000 0.6667
v 31.1000 0.2000 0.6667
v 31.3000 0.2000 0.4000
v 31.2778 0.2000 0.4000
v 31.2556 0.2000 0.4000
v 31.2333 0.2000 0.4000
v 31.2111 0.2000 0.4000
v 31.1889 0.2000 0.4000
v 31.1667 0.2000 0.4000
v 31.1444 0.2000 0.4000
v 31.1222 0.2000 0.4000
v 31.1000 0.2000 0.4000
v 31.3000 0.2000 0.1333
v 31.2778 0.2000 0.1333
v 31.2556 0.2000 0.1333
v 31.2333 0.2000 0.1333
v 31.2111 0.2000 0.1333
v 31.1889 0.2000 0.1333
v 31.1667 0.2000 0.1333
v 31.1444 0.2000 0.1333
v 31.1222 0.2000 0.1333
v 31.1000 0.2000 0.1333
v 31.3000 0.2000 -0.1333
v 31.2778 0.2000 -0.1333
v 31.2556 0.2000 -0.1333
v 31.2333 0.2000 -0.1333
v 31.2111 0.2000 -0.1333
v 31.1889 0.2000 -0.1333
v 31.1667 0.2000 -0.1333
v 31.1444 0.2000 -0.1333
v 31.1222 0.2000 -0.1333
v 31.1000 0.2000 -0.1333
v 31.3000 0.2000 -0.4000
v 31.2778 0.2000 -0.4000
v 31.2556 0.2000 -0.4000
v 31.2333 0.2000 -0.4000
v 31.2111 0.2000 -0.4000
v 31.1889 0.2000 -0.4000
v 31.1667 0.2000 -0.4000
v 31.1444 0.2000 -0.4000
v 31.1222 0.2000 -0.4000
v 31.1000 0.2000 -0.4000
v 31.3000 0.2000 -0.6667
v 31.2778 0.2000 -0.6667
v 31.2556 0.2000 -0.6667
v 31.2333 0.2000 -0.6667
v 31.2111 0.2000 -0.6667
v 31.1889 0.2000 -0.6667
v 31.1667 0.2000 -0.6667
v 31.1444 0.2000 -0.6667
v 31.1222 0.2000 -0.6667
v 31.1000 0.2000 -0.6667
v 31.3000 0.2000 -0.9333
v 31.2778 0.2000 -0.9333
v 31.2556 0.2000 -0.9333
v 31.2333 0.2000 -0.9333
v 31.2111 0.2000 -0.9333
v 31.1889 0.2000 -0.9333
v 31.1667 0.2000 -0.9333
v 31.1444 0.2000 -0.9333
v 31.1222 0.2000 -0.9333
v 31.1000 0.2000 -0.9333
v 31.3000 0.2000 -1.2000
v 31.2778 0.2000 -1.2000
v 31.2556 0.2000 -1.2000
v 31.2333 0.2000 -1.2000
v 31.2111 0.2000 -1.2000
v 31.1889 0.2000 -1.2000
v 31.1667 0.2000 -1.2000
v 31.1444 0.2000 -1.2000
v 31.1222 0.2000 -1.2000
v 31.1000 0.2000 -1.2000
f 4801 4802 4812
f 4801 4812 4811
f 4802 4803 4813
f 4802 4813 4812
f 4803 4804 4814
f 4803 4814 4813
f 4804 4805 4815
f 4804 4815 4814
f 4805 4806 4816
f 4805 4816 4815
f 4806 4807 4817
f 4806 4817 4816
f 4807 4808 4818
f 4807 4818 4817
f 4808 4809 4819
f 4808 4819 4818
f 4809 4810 4820
f 4809 4820 4819
f 4811 4812 4822
f 4811 4822 4821
f 4812 4813 4823
f 4812 4823 4822
f 4813 4814 4824
f 4813 4824 4823
f 4814 4815 4825
f 4814 4825 4824
f 4815 4816 4826
f 4815 4826 4825
f 4816 4817 4827
f 4816 4827 4826
f 4817 4818 4828
f 4817 4828 4827
f 4818 4819 4829
f 4818 4829 4828
f 4819 4820 4830
f 4819 4830 4829
f 4821 4822 4832
f 4821 4832 4831
f 4822 4823 4833
f 4822 4833 4832
f 4823 4824 4834
f 4823 4834 4833
f 4824 4825 4835
f 4824 4835 4834
f 4825 4826 4836
f 4825 4836 4835
f 4826 4827 4837
f 4826 4837 4836
f 4827 4828 4838
f 4827 4838 4837
f 4828 4829 4839
f 4828 4839 4838
f 4829 4830 4840
f 4829 4840 4839
f 4831 4832 4842
f 4831 4842 4841
f 4832 4833 4843
f 4832 4843 4842
f 4833 4834 4844
f 4833 4844 4843
f 4834 4835 4845
f 4834 4845 4844
f 4835 4836 4846
f 4835 4846 4845
f 4836 4837 4847
f 4836 4847 4846
f 4837 4838 4848
f 4837 4848 4847
f 4838 4839 4849
f 4838 4849 4848
f 4839 4840 4850
f 4839 4850 4849
f 4841 4842 4852
f 4841 4852 4851
f 4842 4843 4853
f 4842 4853 4852
f 4843 4844 4854
f 4843 4854 4853
f 4844 4845 4855
f 4844 4855 4854
f 4845 4846 4856
f 4845 4856 4855
f 4846 4847 4857
f 4846 4857 4856
f 4847 4848 4858
f 4847 4858 4857
f 4848 4849 4859
f 4848 4859 4858
f 4849 4850 4860
f 4849 4860 4859
f 4851 4852 4862
f 4851 4862 4861
f 4852 4853 4863
f 4852 4863 4862
f 4853 4854 4864
f 4853 4864 4863
f 4854 4855 4865
f 4854 4865 4864
f 4855 4856 4866
f 4855 4866 4865
f 4856 4857 4867
f 4856 4867 4866
f 4857 4858 4868
f 4857 4868 4867
f 4858 4859 4869
f 4858 4869 4868
f 4859 4860 4870
f 4859 4870 4869
f 4861 4862 4872
f 4861 4872 4871
f 4862 4863 4873
f 4862 4873 4872
f 4863 4864 4874
f 4863 4874 4873
f 4864 4865 4875
f 4864 4875 4874
f 4865 4866 4876
f 4865 4876 4875
f 4866 4867 4877
f 4866 4877 4876
f 4867 4868 4878
f 4867 4878 4877
f 4868 4869 4879
f 4868 4879 4878
f 4869 4870 4880
f 4869 4880 4879
f 4871 4872 4882
f 4871 4882 4881
f 4872 4873 4883
f 4872 4883 4882
f 4873 4874 4884
f 4873 4884 4883
f 4874 4875 4885
f 4874 4885 4884
f 4875 4876 4886
f 4875 4886 4885
f 4876 4877 4887
f 4876 4887 4886
f 4877 4878 4888
f 4877 4888 4887
f 4878 4879 4889
f 4878 4889 4888
f 4879 4880 4890
f 4879 4890 4889
f 4881 4882 4892
f 4881 4892 4891
f 4882 4883 4893
f 4882 4893 4892
f 4883 4884 4894
f 4883 4894 4893
f 4884 4885 4895
f 4884 4895 4894
f 4885 4886 4896
f 4885 4896 4895
f 4886 4887 4897
f 4886 4897 4896
f 4887 4888 4898
f 4887 4898 4897
f 4888 4889 4899
f 4888 4899 4898
f 4889 4890 4900
f 4889 4900 4899
f 4901 4902 4912
f 4901 4912 4911
f 4902 4903 4913
f 4902 4913 4912
f 4903 4904 4914
f 4903 4914 4913
f 4904 4905 4915
f 4904 4915 4914
f 4905 4906 4916
f 4905 4916 4915
f 4906 4907 4917
f 4906 4917 4916
f 4907 4908 4918
f 4907 4918 4917
f 4908 4909 4919
f 4908 4919 4918
f 4909 4910 4920
f 4909 4920 4919
f 4911 4912 4922
f 4911 4922 4921
f 4912 4913 4923
f 4912 4923 4922
f 4913 4914 4924
f 4913 4924 4923
f 4914 4915 4925
f 4914 4925 4924
f 4915 4916 4926
f 4915 4926 4925
f 4916 4917 4927
f 4916 4927 4926
f 4917 4918 4928
f 4917 4928 4927
f 4918 4919 4929
f 4918 4929 4928
f 4919 4920 4930
f 4919 4930 4929
f 4921 4922 4932
f 4921 4932 4931
f 4922 4923 4933
f 4922 4933 4932
f 4923 4924 4934
f 4923 4934 4933
f 4924 4925 4935
f 4924 4935 4934
f 4925 4926 4936
f 4925 4936 4935
f 4926 4927 4937
f 4926 4937 4936
f 4927 4928 4938
f 4927 4938 4937
f 4928 4929 4939
f 4928 4939 4938
f 4929 4930 4940
f 4929 4940 4939
f 4931 4932 4942
f 4931 4942 4941
f 4932 4933 4943
f 4932 4943 4942
f 4933 4934 4944
f 4933 4944 4943
f 4934 4935 4945
f 4934 4945 4944
f 4935 4936 4946
f 4935 4946 4945
f 4936 4937 4947
f 4936 4947 4946
f 4937 4938 4948
f 4937 4948 4947
f 4938 4939 4949
f 4938 4949 4948
f 4939 4940 4950
f 4939 4950 4949
f 4941 4942 4952
f 4941 4952 4951
f 4942 4943 4953
f 4942 4953 4952
f 4943 4944 4954
f 4943 4954 4953
f 4944 4945 4955
f 4944 4955 4954
f 4945 4946 4956
f 4945 4956 4955
f 4946 4947 4957
f 4946 4957 4956
f 4947 4948 4958
f 4947 4958 4957
f 4948 4949 4959
f 4948 4959 4958
f 4949 4950 4960
f 4949 4960 4959
f 4951 4952 4962
f 4951 4962 4961
f 4952 4953 4963
f 4952 4963 4962
f 4953 4954 4964
f 4953 4964 4963
f 4954 4955 4965
f 4954 4965 4964
f 4955 4956 4966
f 4955 4966 4965
f 4956 4957 4967
f 4956 4967 4966
f 4957 4958 4968
f 4957 4968 4967
f 4958 4959 4969
f 4958 4969 4968
f 4959 4960 4970
f 4959 4970 4969
f 4961 4962 4972
f 4961 4972 4971
f 4962 4963 4973
f 4962 4973 4972
f 4963 4964 4974
f 4963 4974 4973
f 4964 4965 4975
f 4964 4975 4974
f 4965 4966 4976
f 4965 4976 4975
f 4966 4967 4977
f 4966 4977 4976
f 4967 4968 4978
f 4967 4978 4977
f 4968 4969 4979
f 4968 4979 4978
f 4969 4970 4980
f 4969 4980 4979
f 4971 4972 4982
f 4971 4982 4981
f 4972 4973 4983
f 4972 4983 4982
f 4973 4974 4984
f 4973 4984 4983
f 4974 4975 4985
f 4974 4985 4984
f 4975 4976 4986
f 4975 4986 4985
f 4976 4977 4987
f 4976 4987 4986
f 4977 4978 4988
f 4977 4988 4987
f 4978 4979 4989
f 4978 4989 4988
f 4979 4980 4990
f 4979 4990 4989
f 4981 4982 4992
f 4981 4992 4991
f 4982 4983 4993
f 4982 4993 4992
f 4983 4984 4994
f 4983 4994 4993
f 4984 4985 4995
f 4984 4995 4994
f 4985 4986 4996
f 4985 4996 4995
f 4986 4987 4997
f 4986 4997 4996
f 4987 4988 4998
f 4987 4998 4997
f 4988 4989 4999
f 4988 4999 4998
f 4989 4990 5000
f 4989 5000 4999
f 5001 5002 5012
f 5001 5012 5011
f 5002 5003 5013
f 5002 5013 5012
f 5003 5004 5014
f 5003 5014 5013
f 5004 5005 5015
f 5004 5015 5014
f 5005 5006 5016
f 5005 5016 5015
f 5006 5007 5017
f 5006 5017 5016
f 5007 5008 5018
f 5007 5018 5017
f 5008 5009 5019
f 5008 5019 5018
f 5009 5010 5020
f 5009 5020 5019
f 5011 5012 5022
f 5011 5022 5021
f 5012 5013 5023
f 5012 5023 5022
f 5013 5014 5024
f 5013 5024 5023
f 5014 5015 5025
f 5014 5025 5024
f 5015 5016 5026
f 5015 5026 5025
f 5016 5017 5027
f 5016 5027 5026
f 5017 5018 5028
f 5017 5028 5027
f 5018 5019 5029
f 5018 5029 5028
f 5019 5020 5030
f 5019 5030 5029
f 5021 5022 5032
f 5021 5032 5031
f 5022 5023 5033
f 5022 5033 5032
f 5023 5024 5034
f 5023 5034 5033
f 5024 5025 5035
f 5024 5035 5034
f 5025 5026 5036
f 5025 5036 5035
f 5026 5027 5037
f 5026 5037 5036
f 5027 5028 5038
f 5027 5038 5037
f 5028 5029 5039
f 5028 5039 5038
f 5029 5030 5040
f 5029 5040 5039
f 5031 5032 5042
f 5031 5042 5041
f 5032 5033 5043
f 5032 5043 5042
f 5033 5034 5044
f 5033 5044 5043
f 5034 5035 5045
f 5034 5045 5044
f 5035 5036 5046
f 5035 5046 5045
f 5036 5037 5047
f 5036 5047 5046
f 5037 5038 5048
f 5037 5048 5047
f 5038 5039 5049
f 5038 5049 5048
f 5039 5040 5050
f 5039 5050 5049
f 5041 5042 5052
f 5041 5052 5051
f 5042 5043 5053
f 5042 5053 5052
f 5043 5044 5054
f 5043 5054 5053
f 5044 5045 5055
f 5044 5055 5054
f 5045 5046 5056
f 5045 5056 5055
f 5046 5047 5057
f 5046 5057 5056
f 5047 5048 5058
f 5047 5058 5057
f 5048 5049 5059
f 5048 5059 5058
f 5049 5050 5060
f 5049 5060 5059
f 5051 5052 5062
f 5051 5062 5061
f 5052 5053 5063
f 5052 5063 5062
f 5053 5054 5064
f 5053 5064 5063
f 5054 5055 5065
f 5054 5065 5064
f 5055 5056 5066
f 5055 5066 5065
f 5056 5057 5067
f 5056 5067 5066
f 5057 5058 5068
f 5057 5068 5067
f 5058 5059 5069
f 5058 5069 5068
f 5059 5060 5070
f 5059 5070 5069
f 5061 5062 5072
f 5061 5072 5071
f 5062 5063 5073
f 5062 5073 5072
f 5063 5064 5074
f 5063 5074 5073
f 5064 5065 5075
f 5064 5075 5074
f 5065 5066 5076
f 5065 5076 5075
f 5066 5067 5077
f 5066 5077 5076
f 5067 5068 5078
f 5067 5078 5077
f 5068 5069 5079
f 5068 5079 5078
f 5069 5070 5080
f 5069 5080 5079
f 5071 5072 5082
f 5071 5082 5081
f 5072 5073 5083
f 5072 5083 5082
f 5073 5074 5084
f 5073 5084 5083
f 5074 5075 5085
f 5074 5085 5084
f 5075 5076 5086
f 5075 5086 5085
f 5076 5077 5087
f 5076 5087 5086
f 5077 5078 5088
f 5077 5088 5087
f 5078 5079 5089
f 5078 5089 5088
f 5079 5080 5090
f 5079 5090 5089
f 5081 5082 5092
f 5081 5092 5091
f 5082 5083 5093
f 5082 5093 5092
f 5083 5084 5094
f 5083 5094 5093
f 5084 5085 5095
f 5084 5095 5094
f 5085 5086 5096
f 5085 5096 5095
f 5086 5087 5097
f 5086 5097 5096
f 5087 5088 5098
f 5087 5098 5097
f 5088 5089 5099
f 5088 5099 5098
f 5089 5090 5100
f 5089 5100 5099
f 5101 5102 5112
f 5101 5112 5111
f 5102 5103 5113
f 5102 5113 5112
f 5103 5104 5114
f 5103 5114 5113
f 5104 5105 5115
f 5104 5115 5114
f 5105 5106 5116
f 5105 5116 5115
f 5106 5107 5117
f 5106 5117 5116
f 5107 5108 5118
f 5107 5118 5117
f 5108 5109 5119
f 5108 5119 5118
f 5109 5110 5120
f 5109 5120 5119
f 5111 5112 5122
f 5111 5122 5121
f 5112 5113 5123
f 5112 5123 5122
f 5113 5114 5124
f 5113 5124 5123
f 5114 5115 5125
f 5114 5125 5124
f 5115 5116 5126
f 5115 5126 5125
f 5116 5117 5127
f 5116 5127 5126
f 5117 5118 5128
f 5117 5128 5127
f 5118 5119 5129
f 5118 5129 5128
f 5119 5120 5130
f 5119 5130 5129
f 5121 5122 5132
f 5121 5132 5131
f 5122 5123 5133
f 5122 5133 5132
f 5123 5124 5134
f 5123 5134 5133
f 5124 5125 5135
f 5124 5135 5134
f 5125 5126 5136
f 5125 5136 5135
f 5126 5127 5137
f 5126 5137 5136
f 5127 5128 5138
f 5127 5138 5137
f 5128 5129 5139
f 5128 5139 5138
f 5129 5130 5140
f 5129 5140 5139
f 5131 5132 5142
f 5131 5142 5141
f 5132 5133 5143
f 5132 5143 5142
f 5133 5134 5144
f 5133 5144 5143
f 5134 5135 5145
f 5134 5145 5144
f 5135 5136 5146
f 5135 5146 5145
f 5136 5137 5147
f 5136 5147 5146
f 5137 5138 5148
f 5137 5148 5147
f 5138 5139 5149
f 5138 5149 5148
f 5139 5140 5150
f 5139 5150 5149
f 5141 5142 5152
f 5141 5152 5151
f 5142 5143 5153
f 5142 5153 5152
f 5143 5144 5154
f 5143 5154 5153
f 5144 5145 5155
f 5144 5155 5154
f 5145 5146 5156
f 5145 5156 5155
f 5146 5147 5157
f 5146 5157 5156
f 5147 5148 5158
f 5147 5158 5157
f 5148 5149 5159
f 5148 5159 5158
f 5149 5150 5160
f 5149 5160 5159
f 5151 5152 5162
f 5151 5162 5161
f 5152 5153 5163
f 5152 5163 5162
f 5153 5154 5164
f 5153 5164 5163
f 5154 5155 5165
f 5154 5165 5164
f 5155 5156 5166
f 5155 5166 5165
f 5156 5157 5167
f 5156 5167 5166
f 5157 5158 5168
f 5157 5168 5167
f 5158 5159 5169
f 5158 5169 5168
f 5159 5160 5170
f 5159 5170 5169
f 5161 5162 5172
f 5161 5172 5171
f 5162 5163 5173
f 5162 5173 5172
f 5163 5164 5174
f 5163 5174 5173
f 5164 5165 5175
f 5164 5175 5174
f 5165 5166 5176
f 5165 5176 5175
f 5166 5167 5177
f 5166 5177 5176
f 5167 5168 5178
f 5167 5178 5177
f 5168 5169 5179
f 5168 5179 5178
f 5169 5170 5180
f 5169 5180 5179
f 5171 5172 5182
f 5171 5182 5181
f 5172 5173 5183
f 5172 5183 5182
f 5173 5174 5184
f 5173 5184 5183
f 5174 5175 5185
f 5174 5185 5184
f 5175 5176 5186
f 5175 5186 5185
f 5176 5177 5187
f 5176 5187 5186
f 5177 5178 5188
f 5177 5188 5187
f 5178 5179 5189
f 5178 5189 5188
f 5179 5180 5190
f 5179 5190 5189
f 5181 5182 5192
f 5181 5192 5191
f 5182 5183 5193
f 5182 5193 5192
f 5183 5184 5194
f 5183 5194 5193
f 5184 5185 5195
f 5184 5195 5194
f 5185 5186 5196
f 5185 5196 5195
f 5186 5187 5197
f 5186 5197 5196
f 5187 5188 5198
f 5187 5198 5197
f 5188 5189 5199
f 5188 5199 5198
f 5189 5190 5200
f 5189 5200 5199
f 5201 5202 5212
f 5201 5212 5211
f 5202 5203 5213
f 5202 5213 5212
f 5203 5204 5214
f 5203 5214 5213
f 5204 5205 5215
f 5204 5215 5214
f 5205 5206 5216
f 5205 5216 5215
f 5206 5207 5217
f 5206 5217 5216
f 5207 5208 5218
f 5207 5218 5217
f 5208 5209 5219
f 5208 5219 5218
f 5209 5210 5220
f 5209 5220 5219
f 5211 5212 5222
f 5211 5222 5221
f 5212 5213 5223
f 5212 5223 5222
f 5213 5214 5224
f 5213 5224 5223
f 5214 5215 5225
f 5214 5225 5224
f 5215 5216 5226
f 5215 5226 5225
f 5216 5217 5227
f 5216 5227 5226
f 5217 5218 5228
f 5217 5228 5227
f 5218 5219 5229
f 5218 5229 5228
f 5219 5220 5230
f 5219 5230 5229
f 5221 5222 5232
f 5221 5232 5231
f 5222 5223 5233
f 5222 5233 5232
f 5223 5224 5234
f 5223 5234 5233
f 5224 5225 5235
f 5224 5235 5234
f 5225 5226 5236
f 5225 5236 5235
f 5226 5227 5237
f 5226 5237 5236
f 5227 5228 5238
f 5227 5238 5237
f 5228 5229 5239
f 5228 5239 5238
f 5229 5230 5240
f 5229 5240 5239
f 5231 5232 5242
f 5231 5242 5241
f 5232 5233 5243
f 5232 5243 5242
f 5233 5234 5244
f 5233 5244 5243
f 5234 5235 5245
f 5234 5245 5244
f 5235 5236 5246
f 5235 5246 5245
f 5236 5237 5247
f 5236 5247 5246
f 5237 5238 5248
f 5237 5248 5247
f 5238 5239 5249
f 5238 5249 5248
f 5239 5240 5250
f 5239 5250 5249
f 5241 5242 5252
f 5241 5252 5251
f 5242 5243 5253
f 5242 5253 5252
f 5243 5244 5254
f 5243 5254 5253
f 5244 5245 5255
f 5244 5255 5254
f 5245 5246 5256
f 5245 5256 5255
f 5246 5247 5257
f 5246 5257 5256
f 5247 5248 5258
f 5247 5258 5257
f 5248 5249 5259
f 5248 5259 5258
f 5249 5250 5260
f 5249 5260 5259
f 5251 5252 5262
f 5251 5262 5261
f 5252 5253 5263
f 5252 5263 5262
f 5253 5254 5264
f 5253 5264 5263
f 5254 5255 5265
f 5254 5265 5264
f 5255 5256 5266
f 5255 5266 5265
f 5256 5257 5267
f 5256 5267 5266
f 5257 5258 5268
f 5257 5268 5267
f 5258 5259 5269
f 5258 5269 5268
f 5259 5260 5270
f 5259 5270 5269
f 5261 5262 5272
f 5261 5272 5271
f 5262 5263 5273
f 5262 5273 5272
f 5263 5264 5274
f 5263 5274 5273
f 5264 5265 5275
f 5264 5275 5274
f 5265 5266 5276
f 5265 5276 5275
f 5266 5267 5277
f 5266 5277 5276
f 5267 5268 5278
f 5267 5278 5277
f 5268 5269 5279
f 5268 5279 5278
f 5269 5270 5280
f 5269 5280 5279
f 5271 5272 5282
f 5271 5282 5281
f 5272 5273 5283
f 5272 5283 5282
f 5273 5274 5284
f 5273 5284 5283
f 5274 5275 5285
f 5274 5285 5284
f 5275 5276 5286
f 5275 5286 5285
f 5276 5277 5287
f 5276 5287 5286
f 5277 5278 5288
f 5277 5288 5287
f 5278 5279 5289
f 5278 5289 5288
f 5279 5280 5290
f 5279 5290 5289
f 5281 5282 5292
f 5281 5292 5291
f 5282 5283 5293
f 5282 5293 5292
f 5283 5284 5294
f 5283 5294 5293
f 5284 5285 5295
f 5284 5295 5294
f 5285 5286 5296
f 5285 5296 5295
f 5286 5287 5297
f 5286 5297 5296
f 5287 5288 5298
f 5287 5298 5297
f 5288 5289 5299
f 5288 5299 5298
f 5289 5290 5300
f 5289 5300 5299
f 5301 5302 5312
f 5301 5312 5311
f 5302 5303 5313
f 5302 5313 5312
f 5303 5304 5314
f 5303 5314 5313
f 5304 5305 5315
f 5304 5315 5314
f 5305 5306 5316
f 5305 5316 5315
f 5306 5307 5317
f 5306 5317 5316
f 5307 5308 5318
f 5307 5318 5317
f 5308 5309 5319
f 5308 5319 5318
f 5309 5310 5320
f 5309 5320 5319
f 5311 5312 5322
f 5311 5322 5321
f 5312 5313 5323
f 5312 5323 5322
f 5313 5314 5324
f 5313 5324 5323
f 5314 5315 5325
f 5314 5325 5324
f 5315 5316 5326
f 5315 5326 5325
f 5316 5317 5327
f 5316 5327 5326
f 5317 5318 5328
f 5317 5328 5327
f 5318 5319 5329
f 5318 5329 5328
f 5319 5320 5330
f 5319 5330 5329
f 5321 5322 5332
f 5321 5332 5331
f 5322 5323 5333
f 5322 5333 5332
f 5323 5324 5334
f 5323 5334 5333
f 5324 5325 5335
f 5324 5335 5334
f 5325 5326 5336
f 5325 5336 5335
f 5326 5327 5337
f 5326 5337 5336
f 5327 5328 5338
f 5327 5338 5337
f 5328 5329 5339
f 5328 5339 5338
f 5329 5330 5340
f 5329 5340 5339
f 5331 5332 5342
f 5331 5342 5341
f 5332 5333 5343
f 5332 5343 5342
f 5333 5334 5344
f 5333 5344 5343
f 5334 5335 5345
f 5334 5345 5344
f 5335 5336 5346
f 5335 5346 5345
f 5336 5337 5347
f 5336 5347 5346
f 5337 5338 5348
f 5337 5348 5347
f 5338 5339 5349
f 5338 5349 5348
f 5339 5340 5350
f 5339 5350 5349
f 5341 5342 5352
f 5341 5352 5351
f 5342 5343 5353
f 5342 5353 5352
f 5343 5344 5354
f 5343 5354 5353
f 5344 5345 5355
f 5344 5355 5354
f 5345 5346 5356
f 5345 5356 5355
f 5346 5347 5357
f 5346 5357 5356
f 5347 5348 5358
f 5347 5358 5357
f 5348 5349 5359
f 5348 5359 5358
f 5349 5350 5360
f 5349 5360 5359
f 5351 5352 5362
f 5351 5362 5361
f 5352 5353 5363
f 5352 5363 5362
f 5353 5354 5364
f 5353 5364 5363
f 5354 5355 5365
f 5354 5365 5364
f 5355 5356 5366
f 5355 5366 5365
f 5356 5357 5367
f 5356 5367 5366
f 5357 5358 5368
f 5357 5368 5367
f 5358 5359 5369
f 5358 5369 5368
f 5359 5360 5370
f 5359 5370 5369
f 5361 5362 5372
f 5361 5372 5371
f 5362 5363 5373
f 5362 5373 5372
f 5363 5364 5374
f 5363 5374 5373
f 5364 5365 5375
f 5364 5375 5374
f 5365 5366 5376
f 5365 5376 5375
f 5366 5367 5377
f 5366 5377 5376
f 5367 5368 5378
f 5367 5378 5377
f 5368 5369 5379
f 5368 5379 5378
f 5369 5370 5380
f 5369 5380 5379
f 5371 5372 5382
f 5371 5382 5381
f 5372 5373 5383
f 5372 5383 5382
f 5373 5374 5384
f 5373 5384 5383
f 5374 5375 5385
f 5374 5385 5384
f 5375 5376 5386
f 5375 5386 5385
f 5376 5377 5387
f 5376 5387 5386
f 5377 5378 5388
f 5377 5388 5387
f 5378 5379 5389
f 5378 5389 5388
f 5379 5380 5390
f 5379 5390 5389
f 5381 5382 5392
f 5381 5392 5391
f 5382 5383 5393
f 5382 5393 5392
f 5383 5384 5394
f 5383 5394 5393
f 5384 5385 5395
f 5384 5395 5394
f 5385 5386 5396
f 5385 5396 5395
f 5386 5387 5397
f 5386 5397 5396
f 5387 5388 5398
f 5387 5398 5397
f 5388 5389 5399
f 5388 5399 5398
f 5389 5390 5400
f 5389 5400 5399
g 초소 측벽_3
v 28.9000 0.2000 1.2000
v 28.9000 0.4667 1.2000
v 28.9000 0.7333 1.2000
v 28.9000 1.0000 1.2000
v 28.9000 1.2667 1.2000
v 28.9000 1.5333 1.2000
v 28.9000 1.8000 1.2000
v 28.9000 2.0667 1.2000
v 28.9000 2.3333 1.2000
v 28.9000 2.6000 1.2000
v 28.9000 0.2000 0.9333
v 28.9000 0.4667 0.9333
v 28.9000 0.7333 0.9333
v 28.9000 1.0000 0.9333
v 28.9000 1.2667 0.9333
v 28.9000 1.5333 0.9333
v 28.9000 1.8000 0.9333
v 28.9000 2.0667 0.9333
v 28.9000 2.3333 0.9333
v 28.9000 2.6000 0.9333
v 28.9000 0.2000 0.6667
v 28.9000 0.4667 0.6667
v 28.9000 0.7333 0.6667
v 28.9000 1.0000 0.6667
v 28.9000 1.2667 0.6667
v 28.9000 1.5333 0.6667
v 28.9000 1.8000 0.6667
v 28.9000 2.0667 0.6667
v 28.9000 2.3333 0.6667
v 28.9000 2.6000 0.6667
v 28.9000 0.2000 0.4000
v 28.9000 0.4667 0.4000
v 28.9000 0.7333 0.4000
v 28.9000 1.0000 0.4000
v 28.9000 1.2667 0.4000
v 28.9000 1.5333 0.4000
v 28.9000 1.8000 0.4000
v 28.9000 2.0667 0.4000
v 28.9000 2.3333 0.4000
v 28.9000 2.6000 0.4000
v 28.9000 0.2000 0.1333
v 28.9000 0.4667 0.1333
v 28.9000 0.7333 0.1333
v 28.9000 1.0000 0.1333
v 28.9000 1.2667 0.1333
v 28.9000 1.5333 0.1333
v 28.9000 1.8000 0.1333
v 28.9000 2.0667 0.1333
v 28.9000 2.3333 0.1333
v 28.9000 2.6000 0.1333
v 28.9000 0.2000 -0.1333
v 28.9000 0.4667 -0.1333
v 28.9000 0.7333 -0.1333
v 28.9000 1.0000 -0.1333
v 28.9000 1.2667 -0.1333
v 28.9000 1.5333 -0.1333
v 28.9000 1.8000 -0.1333
v 28.9000 2.0667 -0.1333
v 28.9000 2.3333 -0.1333
v 28.9000 2.6000 -0.1333
v 28.9000 0.2000 -0.4000
v 28.9000 0.4667 -0.4000
v 28.9000 0.7333 -0.4000
v 28.9000 1.0000 -0.4000
v 28.9000 1.2667 -0.4000
v 28.9000 1.5333 -0.4000
v 28.9000 1.8000 -0.4000
v 28.9000 2.0667 -0.4000
v 28.9000 2.3333 -0.4000
v 28.9000 2.6000 -0.4000
v 28.9000 0.2000 -0.6667
v 28.9000 0.4667 -0.6667
v 28.9000 0.7333 -0.6667
v 28.9000 1.0000 -0.6667
v 28.9000 1.2667 -0.6667
v 28.9000 1.5333 -0.6667
v 28.9000 1.8000 -0.6667
v 28.9000 2.0667 -0.6667
v 28.9000 2.3333 -0.6667
v 28.9000 2.6000 -0.6667
v 28.9000 0.2000 -0.9333
v 28.9000 0.4667 -0.9333
v 28.9000 0.7333 -0.9333
v 28.9000 1.0000 -0.9333
v 28.9000 1.2667 -0.9333
v 28.9000 1.5333 -0.9333
v 28.9000 1.8000 -0.9333
v 28.9000 2.0667 -0.9333
v 28.9000 2.3333 -0.9333
v 28.9000 2.6000 -0.9333
v 28.9000 0.2000 -1.2000
v 28.9000 0.4667 -1.2000
v 28.9000 0.7333 -1.2000
v 28.9000 1.0000 -1.2000
v 28.9000 1.2667 -1.2000
v 28.9000 1.5333 -1.2000
v 28.9000 1.8000 -1.2000
v 28.9000 2.0667 -1.2000
v 28.9000 2.3333 -1.2000
v 28.9000 2.6000 -1.2000
v 28.7000 0.2000 -1.2000
v 28.7000 0.4667 -1.2000
v 28.7000 0.7333 -1.2000
v 28.7000 1.0000 -1.2000
v 28.7000 1.2667 -1.2000
v 28.7000 1.5333 -1.2000
v 28.7000 1.8000 -1.2000
v 28.7000 2.0667 -1.2000
v 28.7000 2.3333 -1.2000
v 28.7000 2.6000 -1.2000
v 28.7000 0.2000 -0.9333
v 28.7000 0.4667 -0.9333
v 28.7000 0.7333 -0.9333
v 28.7000 1.0000 -0.9333
v 28.7000 1.2667 -0.9333
v 28.7000 1.5333 -0.9333
v 28.7000 1.8000 -0.9333
v 28.7000 2.0667 -0.9333
v 28.7000 2.3333 -0.9333
v 28.7000 2.6000 -0.9333
v 28.7000 0.2000 -0.6667
v 28.7000 0.4667 -0.6667
v 28.7000 0.7333 -0.6667
v 28.7000 1.0000 -0.6667
v 28.7000 1.2667 -0.6667
v 28.7000 1.5333 -0.6667
v 28.7000 1.8000 -0.6667
v 28.7000 2.0667 -0.6667
v 28.7000 2.3333 -0.6667
v 28.7000 2.6000 -0.6667
v 28.7000 0.2000 -0.4000
v 28.7000 0.4667 -0.4000
v 28.7000 0.7333 -0.4000
v 28.7000 1.0000 -0.4000
v 28.7000 1.2667 -0.4000
v 28.7000 1.5333 -0.4000
v 28.7000 1.8000 -0.4000
v 28.7000 2.0667 -0.4000
v 28.7000 2.3333 -0.4000
v 28.7000 2.6000 -0.4000
v 28.7000 0.2000 -0.1333
v 28.7000 0.4667 -0.1333
v 28.7000 0.7333 -0.1333
v 28.7000 1.0000 -0.1333
v 28.7000 1.2667 -0.1333
v 28.7000 1.5333 -0.1333
v 28.7000 1.8000 -0.1333
v 28.7000 2.0667 -0.1333
v 28.7000 2.3333 -0.1333
v 28.7000 2.6000 -0.1333
v 28.7000 0.2000 0.1333
v 28.7000 0.4667 0.1333
v 28.7000 0.7333 0.1333
v 28.7000 1.0000 0.1333
v 28.7000 1.2667 0.1333
v 28.7000 1.5333 0.1333
v 28.7000 1.8000 0.1333
v 28.7000 2.0667 0.1333
v 28.7000 2.3333 0.1333
v 28.7000 2.6000 0.1333
v 28.7000 0.2000 0.4000
v 28.7000 0.4667 0.4000
v 28.7000 0.7333 0.4000
v 28.7000 1.0000 0.4000
v 28.7000 1.2667 0.4000
v 28.7000 1.5333 0.4000
v 28.7000 1.8000 0.4000
v 28.7000 2.0667 0.4000
v 28.7000 2.3333 0.4000
v 28.7000 2.6000 0.4000
v 28.7000 0.2000 0.6667
v 28.7000 0.4667 0.6667
v 28.7000 0.7333 0.6667
v 28.7000 1.0000 0.6667
v 28.7000 1.2667 0.6667
v 28.7000 1.5333 0.6667
v 28.7000 1.8000 0.6667
v 28.7000 2.0667 0.6667
v 28.7000 2.3333 0.6667
v 28.7000 2.6000 0.6667
v 28.7000 0.2000 0.9333
v 28.7000 0.4667 0.9333
v 28.7000 0.7333 0.9333
v 28.7000 1.0000 0.9333
v 28.7000 1.2667 0.9333
v 28.7000 1.5333 0.9333
v 28.7000 1.8000 0.9333
v 28.7000 2.0667 0.9333
v 28.7000 2.3333 0.9333
v 28.7000 2.6000 0.9333
v 28.7000 0.2000 1.2000
v 28.7000 0.4667 1.2000
v 28.7000 0.7333 1.2000
v 28.7000 1.0000 1.2000
v 28.7000 1.2667 1.2000
v 28.7000 1.5333 1.2000
v 28.7000 1.8000 1.2000
v 28.7000 2.0667 1.2000
v 28.7000 2.3333 1.2000
v 28.7000 2.6000 1.2000
v 28.7000 0.2000 1.2000
v 28.7000 0.4667 1.2000
v 28.7000 0.7333 1.2000
v 28.7000 1.0000 1.2000
v 28.7000 1.2667 1.2000
v 28.7000 1.5333 1.2000
v 28.7000 1.8000 1.2000
v 28.7000 2.0667 1.2000
v 28.7000 2.3333 1.2000
v 28.7000 2.6000 1.2000
v 28.7222 0.2000 1.2000
v 28.7222 0.4667 1.2000
v 28.7222 0.7333 1.2000
v 28.7222 1.0000 1.2000
v 28.7222 1.2667 1.2000
v 28.7222 1.5333 1.2000
v 28.7222 1.8000 1.2000
v 28.7222 2.0667 1.2000
v 28.7222 2.3333 1.2000
v 28.7222 2.6000 1.2000
v 28.7444 0.2000 1.2000
v 28.7444 0.4667 1.2000
v 28.7444 0.7333 1.2000
v 28.7444 1.0000 1.2000
v 28.7444 1.2667 1.2000
v 28.7444 1.5333 1.2000
v 28.7444 1.8000 1.2000
v 28.7444 2.0667 1.2000
v 28.7444 2.3333 1.2000
v 28.7444 2.6000 1.2000
v 28.7667 0.2000 1.2000
v 28.7667 0.4667 1.2000
v 28.7667 0.7333 1.2000
v 28.7667 1.0000 1.2000
v 28.7667 1.2667 1.2000
v 28.7667 1.5333 1.2000
v 28.7667 1.8000 1.2000
v 28.7667 2.0667 1.2000
v 28.7667 2.3333 1.2000
v 28.7667 2.6000 1.2000
v 28.7889 0.2000 1.2000
v 28.7889 0.4667 1.2000
v 28.7889 0.7333 1.2000
v 28.7889 1.0000 1.2000
v 28.7889 1.2667 1.2000
v 28.7889 1.5333 1.2000
v 28.7889 1.8000 1.2000
v 28.7889 2.0667 1.2000
v 28.7889 2.3333 1.2000
v 28.7889 2.6000 1.2000
v 28.8111 0.2000 1.2000
v 28.8111 0.4667 1.2000
v 28.8111 0.7333 1.2000
v 28.8111 1.0000 1.2000
v 28.8111 1.2667 1.2000
v 28.8111 1.5333 1.2000
v 28.8111 1.8000 1.2000
v 28.8111 2.0667 1.2000
v 28.8111 2.3333 1.2000
v 28.8111 2.6000 1.2000
v 28.8333 0.2000 1.2000
v 28.8333 0.4667 1.2000
v 28.8333 0.7333 1.2000
v 28.8333 1.0000 1.2000
v 28.8333 1.2667 1.2000
v 28.8333 1.5333 1.2000
v 28.8333 1.8000 1.2000
v 28.8333 2.0667 1.2000
v 28.8333 2.3333 1.2000
v 28.8333 2.6000 1.2000
v 28.8556 0.2000 1.2000
v 28.8556 0.4667 1.2000
v 28.8556 0.7333 1.2000
v 28.8556 1.0000 1.2000
v 28.8556 1.2667 1.2000
v 28.8556 1.5333 1.2000
v 28.8556 1.8000 1.2000
v 28.8556 2.0667 1.2000
v 28.8556 2.3333 1.2000
v 28.8556 2.6000 1.2000
v 28.8778 0.2000 1.2000
v 28.8778 0.4667 1.2000
v 28.8778 0.7333 1.2000
v 28.8778 1.0000 1.2000
v 28.8778 1.2667 1.2000
v 28.8778 1.5333 1.2000
v 28.8778 1.8000 1.2000
v 28.8778 2.0667 1.2000
v 28.8778 2.3333 1.2000
v 28.8778 2.6000 1.2000
v 28.9000 0.2000 1.2000
v 28.9000 0.4667 1.2000
v 28.9000 0.7333 1.2000
v 28.9000 1.0000 1.2000
v 28.9000 1.2667 1.2000
v 28.9000 1.5333 1.2000
v 28.9000 1.8000 1.2000
v 28.9000 2.0667 1.2000
v 28.9000 2.3333 1.2000
v 28.9000 2.6000 1.2000
v 28.9000 0.2000 -1.2000
v 28.9000 0.4667 -1.2000
v 28.9000 0.7333 -1.2000
v 28.9000 1.0000 -1.2000
v 28.9000 1.2667 -1.2000
v 28.9000 1.5333 -1.2000
v 28.9000 1.8000 -1.2000
v 28.9000 2.0667 -1.2000
v 28.9000 2.3333 -1.2000
v 28.9000 2.6000 -1.2000
v 28.8778 0.2000 -1.2000
v 28.8778 0.4667 -1.2000
v 28.8778 0.7333 -1.2000
v 28.8778 1.0000 -1.2000
v 28.8778 1.2667 -1.2000
v 28.8778 1.5333 -1.2000
v 28.8778 1.8000 -1.2000
v 28.8778 2.0667 -1.2000
v 28.8778 2.3333 -1.2000
v 28.8778 2.6000 -1.2000
v 28.8556 0.2000 -1.2000
v 28.8556 0.4667 -1.2000
v 28.8556 0.7333 -1.2000
v 28.8556 1.0000 -1.2000
v 28.8556 1.2667 -1.2000
v 28.8556 1.5333 -1.2000
v 28.8556 1.8000 -1.2000
v 28.8556 2.0667 -1.2000
v 28.8556 2.3333 -1.2000
v 28.8556 2.6000 -1.2000
v 28.8333 0.2000 -1.2000
v 28.8333 0.4667 -1.2000
v 28.8333 0.7333 -1.2000
v 28.8333 1.0000 -1.2000
v 28.8333 1.2667 -1.2000
v 28.8333 1.5333 -1.2000
v 28.8333 1.8000 -1.2000
v 28.8333 2.0667 -1.2000
v 28.8333 2.3333 -1.2000
v 28.8333 2.6000 -1.2000
v 28.8111 0.2000 -1.2000
v 28.8111 0.4667 -1.2000
v 28.8111 0.7333 -1.2000
v 28.8111 1.0000 -1.2000
v 28.8111 1.2667 -1.2000
v 28.8111 1.5333 -1.2000
v 28.8111 1.8000 -1.2000
v 28.8111 2.0667 -1.2000
v 28.8111 2.3333 -1.2000
v 28.8111 2.6000 -1.2000
v 28.7889 0.2000 -1.2000
v 28.7889 0.4667 -1.2000
v 28.7889 0.7333 -1.2000
v 28.7889 1.0000 -1.2000
v 28.7889 1.2667 -1.2000
v 28.7889 1.5333 -1.2000
v 28.7889 1.8000 -1.2000
v 28.7889 2.0667 -1.2000
v 28.7889 2.3333 -1.2000
v 28.7889 2.6000 -1.2000
v 28.7667 0.2000 -1.2000
v 28.7667 0.4667 -1.2000
v 28.7667 0.7333 -1.2000
v 28.7667 1.0000 -1.2000
v 28.7667 1.2667 -1.2000
v 28.7667 1.5333 -1.2000
v 28.7667 1.8000 -1.2000
v 28.7667 2.0667 -1.2000
v 28.7667 2.3333 -1.2000
v 28.7667 2.6000 -1.2000
v 28.7444 0.2000 -1.2000
v 28.7444 0.4667 -1.2000
v 28.7444 0.7333 -1.2000
v 28.7444 1.0000 -1.2000
v 28.7444 1.2667 -1.2000
v 28.7444 1.5333 -1.2000
v 28.7444 1.8000 -1.2000
v 28.7444 2.0667 -1.2000
v 28.7444 2.3333 -1.2000
v 28.7444 2.6000 -1.2000
v 28.7222 0.2000 -1.2000
v 28.7222 0.4667 -1.2000
v 28.7222 0.7333 -1.2000
v 28.7222 1.0000 -1.2000
v 28.7222 1.2667 -1.2000
v 28.7222 1.5333 -1.2000
v 28.7222 1.8000 -1.2000
v 28.7222 2.0667 -1.2000
v 28.7222 2.3333 -1.2000
v 28.7222 2.6000 -1.2000
v 28.7000 0.2000 -1.2000
v 28.7000 0.4667 -1.2000
v 28.7000 0.7333 -1.2000
v 28.7000 1.0000 -1.2000
v 28.7000 1.2667 -1.2000
v 28.7000 1.5333 -1.2000
v 28.7000 1.8000 -1.2000
v 28.7000 2.0667 -1.2000
v 28.7000 2.3333 -1.2000
v 28.7000 2.6000 -1.2000
v 28.7000 2.6000 1.2000
v 28.7222 2.6000 1.2000
v 28.7444 2.6000 1.2000
v 28.7667 2.6000 1.2000
v 28.7889 2.6000 1.2000
v 28.8111 2.6000 1.2000
v 28.8333 2.6000 1.2000
v 28.8556 2.6000 1.2000
v 28.8778 2.6000 1.2000
v 28.9000 2.6000 1.2000
v 28.7000 2.6000 0.9333
v 28.7222 2.6000 0.9333
v 28.7444 2.6000 0.9333
v 28.7667 2.6000 0.9333
v 28.7889 2.6000 0.9333
v 28.8111 2.6000 0.9333
v 28.8333 2.6000 0.9333
v 28.8556 2.6000 0.9333
v 28.8778 2.6000 0.9333
v 28.9000 2.6000 0.9333
v 28.7000 2.6000 0.6667
v 28.7222 2.6000 0.6667
v 28.7444 2.6000 0.6667
v 28.7667 2.6000 0.6667
v 28.7889 2.6000 0.6667
v 28.8111 2.6000 0.6667
v 28.8333 2.6000 0.6667
v 28.8556 2.6000 0.6667
v 28.8778 2.6000 0.6667
v 28.9000 2.6000 0.6667
v 28.7000 2.6000 0.4000
v 28.7222 2.6000 0.4000
v 28.7444 2.6000 0.4000
v 28.7667 2.6000 0.4000
v 28.7889 2.6000 0.4000
v 28.8111 2.6000 0.4000
v 28.8333 2.6000 0.4000
v 28.8556 2.6000 0.4000
v 28.8778 2.6000 0.4000
v 28.9000 2.6000 0.4000
v 28.7000 2.6000 0.1333
v 28.7222 2.6000 0.1333
v 28.7444 2.6000 0.1333
v 28.7667 2.6000 0.1333
v 28.7889 2.6000 0.1333
v 28.8111 2.6000 0.1333
v 28.8333 2.6000 0.1333
v 28.8556 2.6000 0.1333
v 28.8778 2.6000 0.1333
v 28.9000 2.6000 0.1333
v 28.7000 2.6000 -0.1333
v 28.7222 2.6000 -0.1333
v 28.7444 2.6000 -0.1333
v 28.7667 2.6000 -0.1333
v 28.7889 2.6000 -0.1333
v 28.8111 2.6000 -0.1333
v 28.8333 2.6000 -0.1333
v 28.8556 2.6000 -0.1333
v 28.8778 2.6000 -0.1333
v 28.9000 2.6000 -0.1333
v 28.7000 2.6000 -0.4000
v 28.7222 2.6000 -0.4000
v 28.7444 2.6000 -0.4000
v 28.7667 2.6000 -0.4000
v 28.7889 2.6000 -0.4000
v 28.8111 2.6000 -0.4000
v 28.8333 2.6000 -0.4000
v 28.8556 2.6000 -0.4000
v 28.8778 2.6000 -0.4000
v 28.9000 2.6000 -0.4000
v 28.7000 2.6000 -0.6667
v 28.7222 2.6000 -0.6667
v 28.7444 2.6000 -0.6667
v 28.7667 2.6000 -0.6667
v 28.7889 2.6000 -0.6667
v 28.8111 2.6000 -0.6667
v 28.8333 2.6000 -0.6667
v 28.8556 2.6000 -0.6667
v 28.8778 2.6000 -0.6667
v 28.9000 2.6000 -0.6667
v 28.7000 2.6000 -0.9333
v 28.7222 2.6000 -0.9333
v 28.7444 2.6000 -0.9333
v 28.7667 2.6000 -0.9333
v 28.7889 2.6000 -0.9333
v 28.8111 2.6000 -0.9333
v 28.8333 2.6000 -0.9333
v 28.8556 2.6000 -0.9333
v 28.8778 2.6000 -0.9333
v 28.9000 2.6000 -0.9333
v 28.7000 2.6000 -1.2000
v 28.7222 2.6000 -1.2000
v 28.7444 2.6000 -1.2000
v 28.7667 2.6000 -1.2000
v 28.7889 2.6000 -1.2000
v 28.8111 2.6000 -1.2000
v 28.8333 2.6000 -1.2000
v 28.8556 2.6000 -1.2000
v 28.8778 2.6000 -1.2000
v 28.9000 2.6000 -1.2000
v 28.9000 0.2000 1.2000
v 28.8778 0.2000 1.2000
v 28.8556 0.2000 1.2000
v 28.8333 0.2000 1.2000
v 28.8111 0.2000 1.2000
v 28.7889 0.2000 1.2000
v 28.7667 0.2000 1.2000
v 28.7444 0.2000 1.2000
v 28.7222 0.2000 1.2000
v 28.7000 0.2000 1.2000
v 28.9000 0.2000 0.9333
v 28.8778 0.2000 0.9333
v 28.8556 0.2000 0.9333
v 28.8333 0.2000 0.9333
v 28.8111 0.2000 0.9333
v 28.7889 0.2000 0.9333
v 28.7667 0.2000 0.9333
v 28.7444 0.2000 0.9333
v 28.7222 0.2000 0.9333
v 28.7000 0.2000 0.9333
v 28.9000 0.2000 0.6667
v 28.8778 0.2000 0.6667
v 28.8556 0.2000 0.6667
v 28.8333 0.2000 0.6667
v 28.8111 0.2000 0.6667
v 28.7889 0.2000 0.6667
v 28.7667 0.2000 0.6667
v 28.7444 0.2000 0.6667
v 28.7222 0.2000 0.6667
v 28.7000 0.2000 0.6667
v 28.9000 0.2000 0.4000
v 28.8778 0.2000 0.4000
v 28.8556 0.2000 0.4000
v 28.8333 0.2000 0.4000
v 28.8111 0.2000 0.4000
v 28.7889 0.2000 0.4000
v 28.7667 0.2000 0.4000
v 28.7444 0.2000 0.4000
v 28.7222 0.2000 0.4000
v 28.7000 0.2000 0.4000
v 28.9000 0.2000 0.1333
v 28.8778 0.2000 0.1333
v 28.8556 0.2000 0.1333
v 28.8333 0.2000 0.1333
v 28.8111 0.2000 0.1333
v 28.7889 0.2000 0.1333
v 28.7667 0.2000 0.1333
v 28.7444 0.2000 0.1333
v 28.7222 0.2000 0.1333
v 28.7000 0.2000 0.1333
v 28.9000 0.2000 -0.1333
v 28.8778 0.2000 -0.1333
v 28.8556 0.2000 -0.1333
v 28.8333 0.2000 -0.1333
v 28.8111 0.2000 -0.1333
v 28.7889 0.2000 -0.1333
v 28.7667 0.2000 -0.1333
v 28.7444 0.2000 -0.1333
v 28.7222 0.2000 -0.1333
v 28.7000 0.2000 -0.1333
v 28.9000 0.2000 -0.4000
v 28.8778 0.2000 -0.4000
v 28.8556 0.2000 -0.4000
v 28.8333 0.2000 -0.4000
v 28.8111 0.2000 -0.4000
v 28.7889 0.2000 -0.4000
v 28.7667 0.2000 -0.4000
v 28.7444 0.2000 -0.4000
v 28.7222 0.2000 -0.4000
v 28.7000 0.2000 -0.4000
v 28.9000 0.2000 -0.6667
v 28.8778 0.2000 -0.6667
v 28.8556 0.2000 -0.6667
v 28.8333 0.2000 -0.6667
v 28.8111 0.2000 -0.6667
v 28.7889 0.2000 -0.6667
v 28.7667 0.2000 -0.6667
v 28.7444 0.2000 -0.6667
v 28.7222 0.2000 -0.6667
v 28.7000 0.2000 -0.6667
v 28.9000 0.2000 -0.9333
v 28.8778 0.2000 -0.9333
v 28.8556 0.2000 -0.9333
v 28.8333 0.2000 -0.9333
v 28.8111 0.2000 -0.9333
v 28.7889 0.2000 -0.9333
v 28.7667 0.2000 -0.9333
v 28.7444 0.2000 -0.9333
v 28.7222 0.2000 -0.9333
v 28.7000 0.2000 -0.9333
v 28.9000 0.2000 -1.2000
v 28.8778 0.2000 -1.2000
v 28.8556 0.2000 -1.2000
v 28.8333 0.2000 -1.2000
v 28.8111 0.2000 -1.2000
v 28.7889 0.2000 -1.2000
v 28.7667 0.2000 -1.2000
v 28.7444 0.2000 -1.2000
v 28.7222 0.2000 -1.2000
v 28.7000 0.2000 -1.2000
f 5401 5402 5412
f 5401 5412 5411
f 5402 5403 5413
f 5402 5413 5412
f 5403 5404 5414
f 5403 5414 5413
f 5404 5405 5415
f 5404 5415 5414
f 5405 5406 5416
f 5405 5416 5415
f 5406 5407 5417
f 5406 5417 5416
f 5407 5408 5418
f 5407 5418 5417
f 5408 5409 5419
f 5408 5419 5418
f 5409 5410 5420
f 5409 5420 5419
f 5411 5412 5422
f 5411 5422 5421
f 5412 5413 5423
f 5412 5423 5422
f 5413 5414 5424
f 5413 5424 5423
f 5414 5415 5425
f 5414 5425 5424
f 5415 5416 5426
f 5415 5426 5425
f 5416 5417 5427
f 5416 5427 5426
f 5417 5418 5428
f 5417 5428 5427
f 5418 5419 5429
f 5418 5429 5428
f 5419 5420 5430
f 5419 5430 5429
f 5421 5422 5432
f 5421 5432 5431
f 5422 5423 5433
f 5422 5433 5432
f 5423 5424 5434
f 5423 5434 5433
f 5424 5425 5435
f 5424 5435 5434
f 5425 5426 5436
f 5425 5436 5435
f 5426 5427 5437
f 5426 5437 5436
f 5427 5428 5438
f 5427 5438 5437
f 5428 5429 5439
f 5428 5439 5438
f 5429 5430 5440
f 5429 5440 5439
f 5431 5432 5442
f 5431 5442 5441
f 5432 5433 5443
f 5432 5443 5442
f 5433 5434 5444
f 5433 5444 5443
f 5434 5435 5445
f 5434 5445 5444
f 5435 5436 5446
f 5435 5446 5445
f 5436 5437 5447
f 5436 5447 5446
f 5437 5438 5448
f 5437 5448 5447
f 5438 5439 5449
f 5438 5449 5448
f 5439 5440 5450
f 5439 5450 5449
f 5441 5442 5452
f 5441 5452 5451
f 5442 5443 5453
f 5442 5453 5452
f 5443 5444 5454
f 5443 5454 5453
f 5444 5445 5455
f 5444 5455 5454
f 5445 5446 5456
f 5445 5456 5455
f 5446 5447 5457
f 5446 5457 5456
f 5447 5448 5458
f 5447 5458 5457
f 5448 5449 5459
f 5448 5459 5458
f 5449 5450 5460
f 5449 5460 5459
f 5451 5452 5462
f 5451 5462 5461
f 5452 5453 5463
f 5452 5463 5462
f 5453 5454 5464
f 5453 5464 5463
f 5454 5455 5465
f 5454 5465 5464
f 5455 5456 5466
f 5455 5466 5465
f 5456 5457 5467
f 5456 5467 5466
f 5457 5458 5468
f 5457 5468 5467
f 5458 5459 5469
f 5458 5469 5468
f 5459 5460 5470
f 5459 5470 5469
f 5461 5462 5472
f 5461 5472 5471
f 5462 5463 5473
f 5462 5473 5472
f 5463 5464 5474
f 5463 5474 5473
f 5464 5465 5475
f 5464 5475 5474
f 5465 5466 5476
f 5465 5476 5475
f 5466 5467 5477
f 5466 5477 5476
f 5467 5468 5478
f 5467 5478 5477
f 5468 5469 5479
f 5468 5479 5478
f 5469 5470 5480
f 5469 5480 5479
f 5471 5472 5482
f 5471 5482 5481
f 5472 5473 5483
f 5472 5483 5482
f 5473 5474 5484
f 5473 5484 5483
f 5474 5475 5485
f 5474 5485 5484
f 5475 5476 5486
f 5475 5486 5485
f 5476 5477 5487
f 5476 5487 5486
f 5477 5478 5488
f 5477 5488 5487
f 5478 5479 5489
f 5478 5489 5488
f 5479 5480 5490
f 5479 5490 5489
f 5481 5482 5492
f 5481 5492 5491
f 5482 5483 5493
f 5482 5493 5492
f 5483 5484 5494
f 5483 5494 5493
f 5484 5485 5495
f 5484 5495 5494
f 5485 5486 5496
f 5485 5496 5495
f 5486 5487 5497
f 5486 5497 5496
f 5487 5488 5498
f 5487 5498 5497
f 5488 5489 5499
f 5488 5499 5498
f 5489 5490 5500
f 5489 5500 5499
f 5501 5502 5512
f 5501 5512 5511
f 5502 5503 5513
f 5502 5513 5512
f 5503 5504 5514
f 5503 5514 5513
f 5504 5505 5515
f 5504 5515 5514
f 5505 5506 5516
f 5505 5516 5515
f 5506 5507 5517
f 5506 5517 5516
f 5507 5508 5518
f 5507 5518 5517
f 5508 5509 5519
f 5508 5519 5518
f 5509 5510 5520
f 5509 5520 5519
f 5511 5512 5522
f 5511 5522 5521
f 5512 5513 5523
f 5512 5523 5522
f 5513 5514 5524
f 5513 5524 5523
f 5514 5515 5525
f 5514 5525 5524
f 5515 5516 5526
f 5515 5526 5525
f 5516 5517 5527
f 5516 5527 5526
f 5517 5518 5528
f 5517 5528 5527
f 5518 5519 5529
f 5518 5529 5528
f 5519 5520 5530
f 5519 5530 5529
f 5521 5522 5532
f 5521 5532 5531
f 5522 5523 5533
f 5522 5533 5532
f 5523 5524 5534
f 5523 5534 5533
f 5524 5525 5535
f 5524 5535 5534
f 5525 5526 5536
f 5525 5536 5535
f 5526 5527 5537
f 5526 5537 5536
f 5527 5528 5538
f 5527 5538 5537
f 5528 5529 5539
f 5528 5539 5538
f 5529 5530 5540
f 5529 5540 5539
f 5531 5532 5542
f 5531 5542 5541
f 5532 5533 5543
f 5532 5543 5542
f 5533 5534 5544
f 5533 5544 5543
f 5534 5535 5545
f 5534 5545 5544
f 5535 5536 5546
f 5535 5546 5545
f 5536 5537 5547
f 5536 5547 5546
f 5537 5538 5548
f 5537 5548 5547
f 5538 5539 5549
f 5538 5549 5548
f 5539 5540 5550
f 5539 5550 5549
f 5541 5542 5552
f 5541 5552 5551
f 5542 5543 5553
f 5542 5553 5552
f 5543 5544 5554
f 5543 5554 5553
f 5544 5545 5555
f 5544 5555 5554
f 5545 5546 5556
f 5545 5556 5555
f 5546 5547 5557
f 5546 5557 5556
f 5547 5548 5558
f 5547 5558 5557
f 5548 5549 5559
f 5548 5559 5558
f 5549 5550 5560
f 5549 5560 5559
f 5551 5552 5562
f 5551 5562 5561
f 5552 5553 5563
f 5552 5563 5562
f 5553 5554 5564
f 5553 5564 5563
f 5554 5555 5565
f 5554 5565 5564
f 5555 5556 5566
f 5555 5566 5565
f 5556 5557 5567
f 5556 5567 5566
f 5557 5558 5568
f 5557 5568 5567
f 5558 5559 5569
f 5558 5569 5568
f 5559 5560 5570
f 5559 5570 5569
f 5561 5562 5572
f 5561 5572 5571
f 5562 5563 5573
f 5562 5573 5572
f 5563 5564 5574
f 5563 5574 5573
f 5564 5565 5575
f 5564 5575 5574
f 5565 5566 5576
f 5565 5576 5575
f 5566 5567 5577
f 5566 5577 5576
f 5567 5568 5578
f 5567 5578 5577
f 5568 5569 5579
f 5568 5579 5578
f 5569 5570 5580
f 5569 5580 5579
f 5571 5572 5582
f 5571 5582 5581
f 5572 5573 5583
f 5572 5583 5582
f 5573 5574 5584
f 5573 5584 5583
f 5574 5575 5585
f 5574 5585 5584
f 5575 5576 5586
f 5575 5586 5585
f 5576 5577 5587
f 5576 5587 5586
f 5577 5578 5588
f 5577 5588 5587
f 5578 5579 5589
f 5578 5589 5588
f 5579 5580 5590
f 5579 5590 5589
f 5581 5582 5592
f 5581 5592 5591
f 5582 5583 5593
f 5582 5593 5592
f 5583 5584 5594
f 5583 5594 5593
f 5584 5585 5595
f 5584 5595 5594
f 5585 5586 5596
f 5585 5596 5595
f 5586 5587 5597
f 5586 5597 5596
f 5587 5588 5598
f 5587 5598 5597
f 5588 5589 5599
f 5588 5599 5598
f 5589 5590 5600
f 5589 5600 5599
f 5601 5602 5612
f 5601 5612 5611
f 5602 5603 5613
f 5602 5613 5612
f 5603 5604 5614
f 5603 5614 5613
f 5604 5605 5615
f 5604 5615 5614
f 5605 5606 5616
f 5605 5616 5615
f 5606 5607 5617
f 5606 5617 5616
f 5607 5608 5618
f 5607 5618 5617
f 5608 5609 5619
f 5608 5619 5618
f 5609 5610 5620
f 5609 5620 5619
f 5611 5612 5622
f 5611 5622 5621
f 5612 5613 5623
f 5612 5623 5622
f 5613 5614 5624
f 5613 5624 5623
f 5614 5615 5625
f 5614 5625 5624
f 5615 5616 5626
f 5615 5626 5625
f 5616 5617 5627
f 5616 5627 5626
f 5617 5618 5628
f 5617 5628 5627
f 5618 5619 5629
f 5618 5629 5628
f 5619 5620 5630
f 5619 5630 5629
f 5621 5622 5632
f 5621 5632 5631
f 5622 5623 5633
f 5622 5633 5632
f 5623 5624 5634
f 5623 5634 5633
f 5624 5625 5635
f 5624 5635 5634
f 5625 5626 5636
f 5625 5636 5635
f 5626 5627 5637
f 5626 5637 5636
f 5627 5628 5638
f 5627 5638 5637
f 5628 5629 5639
f 5628 5639 5638
f 5629 5630 5640
f 5629 5640 5639
f 5631 5632 5642
f 5631 5642 5641
f 5632 5633 5643
f 5632 5643 5642
f 5633 5634 5644
f 5633 5644 5643
f 5634 5635 5645
f 5634 5645 5644
f 5635 5636 5646
f 5635 5646 5645
f 5636 5637 5647
f 5636 5647 5646
f 5637 5638 5648
f 5637 5648 5647
f 5638 5639 5649
f 5638 5649 5648
f 5639 5640 5650
f 5639 5650 5649
f 5641 5642 5652
f 5641 5652 5651
f 5642 5643 5653
f 5642 5653 5652
f 5643 5644 5654
f 5643 5654 5653
f 5644 5645 5655
f 5644 5655 5654
f 5645 5646 5656
f 5645 5656 5655
f 5646 5647 5657
f 5646 5657 5656
f 5647 5648 5658
f 5647 5658 5657
f 5648 5649 5659
f 5648 5659 5658
f 5649 5650 5660
f 5649 5660 5659
f 5651 5652 5662
f 5651 5662 5661
f 5652 5653 5663
f 5652 5663 5662
f 5653 5654 5664
f 5653 5664 5663
f 5654 5655 5665
f 5654 5665 5664
f 5655 5656 5666
f 5655 5666 5665
f 5656 5657 5667
f 5656 5667 5666
f 5657 5658 5668
f 5657 5668 5667
f 5658 5659 5669
f 5658 5669 5668
f 5659 5660 5670
f 5659 5670 5669
f 5661 5662 5672
f 5661 5672 5671
f 5662 5663 5673
f 5662 5673 5672
f 5663 5664 5674
f 5663 5674 5673
f 5664 5665 5675
f 5664 5675 5674
f 5665 5666 5676
f 5665 5676 5675
f 5666 5667 5677
f 5666 5677 5676
f 5667 5668 5678
f 5667 5678 5677
f 5668 5669 5679
f 5668 5679 5678
f 5669 5670 5680
f 5669 5680 5679
f 5671 5672 5682
f 5671 5682 5681
f 5672 5673 5683
f 5672 5683 5682
f 5673 5674 5684
f 5673 5684 5683
f 5674 5675 5685
f 5674 5685 5684
f 5675 5676 5686
f 5675 5686 5685
f 5676 5677 5687
f 5676 5687 5686
f 5677 5678 5688
f 5677 5688 5687
f 5678 5679 5689
f 5678 5689 5688
f 5679 5680 5690
f 5679 5690 5689
f 5681 5682 5692
f 5681 5692 5691
f 5682 5683 5693
f 5682 5693 5692
f 5683 5684 5694
f 5683 5694 5693
f 5684 5685 5695
f 5684 5695 5694
f 5685 5686 5696
f 5685 5696 5695
f 5686 5687 5697
f 5686 5697 5696
f 5687 5688 5698
f 5687 5698 5697
f 5688 5689 5699
f 5688 5699 5698
f 5689 5690 5700
f 5689 5700 5699
f 5701 5702 5712
f 5701 5712 5711
f 5702 5703 5713
f 5702 5713 5712
f 5703 5704 5714
f 5703 5714 5713
f 5704 5705 5715
f 5704 5715 5714
f 5705 5706 5716
f 5705 5716 5715
f 5706 5707 5717
f 5706 5717 5716
f 5707 5708 5718
f 5707 5718 5717
f 5708 5709 5719
f 5708 5719 5718
f 5709 5710 5720
f 5709 5720 5719
f 5711 5712 5722
f 5711 5722 5721
f 5712 5713 5723
f 5712 5723 5722
f 5713 5714 5724
f 5713 5724 5723
f 5714 5715 5725
f 5714 5725 5724
f 5715 5716 5726
f 5715 5726 5725
f 5716 5717 5727
f 5716 5727 5726
f 5717 5718 5728
f 5717 5728 5727
f 5718 5719 5729
f 5718 5729 5728
f 5719 5720 5730
f 5719 5730 5729
f 5721 5722 5732
f 5721 5732 5731
f 5722 5723 5733
f 5722 5733 5732
f 5723 5724 5734
f 5723 5734 5733
f 5724 5725 5735
f 5724 5735 5734
f 5725 5726 5736
f 5725 5736 5735
f 5726 5727 5737
f 5726 5737 5736
f 5727 5728 5738
f 5727 5738 5737
f 5728 5729 5739
f 5728 5739 5738
f 5729 5730 5740
f 5729 5740 5739
f 5731 5732 5742
f 5731 5742 5741
f 5732 5733 5743
f 5732 5743 5742
f 5733 5734 5744
f 5733 5744 5743
f 5734 5735 5745
f 5734 5745 5744
f 5735 5736 5746
f 5735 5746 5745
f 5736 5737 5747
f 5736 5747 5746
f 5737 5738 5748
f 5737 5748 5747
f 5738 5739 5749
f 5738 5749 5748
f 5739 5740 5750
f 5739 5750 5749
f 5741 5742 5752
f 5741 5752 5751
f 5742 5743 5753
f 5742 5753 5752
f 5743 5744 5754
f 5743 5754 5753
f 5744 5745 5755
f 5744 5755 5754
f 5745 5746 5756
f 5745 5756 5755
f 5746 5747 5757
f 5746 5757 5756
f 5747 5748 5758
f 5747 5758 5757
f 5748 5749 5759
f 5748 5759 5758
f 5749 5750 5760
f 5749 5760 5759
f 5751 5752 5762
f 5751 5762 5761
f 5752 5753 5763
f 5752 5763 5762
f 5753 5754 5764
f 5753 5764 5763
f 5754 5755 5765
f 5754 5765 5764
f 5755 5756 5766
f 5755 5766 5765
f 5756 5757 5767
f 5756 5767 5766
f 5757 5758 5768
f 5757 5768 5767
f 5758 5759 5769
f 5758 5769 5768
f 5759 5760 5770
f 5759 5770 5769
f 5761 5762 5772
f 5761 5772 5771
f 5762 5763 5773
f 5762 5773 5772
f 5763 5764 5774
f 5763 5774 5773
f 5764 5765 5775
f 5764 5775 5774
f 5765 5766 5776
f 5765 5776 5775
f 5766 5767 5777
f 5766 5777 5776
f 5767 5768 5778
f 5767 5778 5777
f 5768 5769 5779
f 5768 5779 5778
f 5769 5770 5780
f 5769 5780 5779
f 5771 5772 5782
f 5771 5782 5781
f 5772 5773 5783
f 5772 5783 5782
f 5773 5774 5784
f 5773 5784 5783
f 5774 5775 5785
f 5774 5785 5784
f 5775 5776 5786
f 5775 5786 5785
f 5776 5777 5787
f 5776 5787 5786
f 5777 5778 5788
f 5777 5788 5787
f 5778 5779 5789
f 5778 5789 5788
f 5779 5780 5790
f 5779 5790 5789
f 5781 5782 5792
f 5781 5792 5791
f 5782 5783 5793
f 5782 5793 5792
f 5783 5784 5794
f 5783 5794 5793
f 5784 5785 5795
f 5784 5795 5794
f 5785 5786 5796
f 5785 5796 5795
f 5786 5787 5797
f 5786 5797 5796
f 5787 5788 5798
f 5787 5798 5797
f 5788 5789 5799
f 5788 5799 5798
f 5789 5790 5800
f 5789 5800 5799
f 5801 5802 5812
f 5801 5812 5811
f 5802 5803 5813
f 5802 5813 5812
f 5803 5804 5814
f 5803 5814 5813
f 5804 5805 5815
f 5804 5815 5814
f 5805 5806 5816
f 5805 5816 5815
f 5806 5807 5817
f 5806 5817 5816
f 5807 5808 5818
f 5807 5818 5817
f 5808 5809 5819
f 5808 5819 5818
f 5809 5810 5820
f 5809 5820 5819
f 5811 5812 5822
f 5811 5822 5821
f 5812 5813 5823
f 5812 5823 5822
f 5813 5814 5824
f 5813 5824 5823
f 5814 5815 5825
f 5814 5825 5824
f 5815 5816 5826
f 5815 5826 5825
f 5816 5817 5827
f 5816 5827 5826
f 5817 5818 5828
f 5817 5828 5827
f 5818 5819 5829
f 5818 5829 5828
f 5819 5820 5830
f 5819 5830 5829
f 5821 5822 5832
f 5821 5832 5831
f 5822 5823 5833
f 5822 5833 5832
f 5823 5824 5834
f 5823 5834 5833
f 5824 5825 5835
f 5824 5835 5834
f 5825 5826 5836
f 5825 5836 5835
f 5826 5827 5837
f 5826 5837 5836
f 5827 5828 5838
f 5827 5838 5837
f 5828 5829 5839
f 5828 5839 5838
f 5829 5830 5840
f 5829 5840 5839
f 5831 5832 5842
f 5831 5842 5841
f 5832 5833 5843
f 5832 5843 5842
f 5833 5834 5844
f 5833 5844 5843
f 5834 5835 5845
f 5834 5845 5844
f 5835 5836 5846
f 5835 5846 5845
f 5836 5837 5847
f 5836 5847 5846
f 5837 5838 5848
f 5837 5848 5847
f 5838 5839 5849
f 5838 5849 5848
f 5839 5840 5850
f 5839 5850 5849
f 5841 5842 5852
f 5841 5852 5851
f 5842 5843 5853
f 5842 5853 5852
f 5843 5844 5854
f 5843 5854 5853
f 5844 5845 5855
f 5844 5855 5854
f 5845 5846 5856
f 5845 5856 5855
f 5846 5847 5857
f 5846 5857 5856
f 5847 5848 5858
f 5847 5858 5857
f 5848 5849 5859
f 5848 5859 5858
f 5849 5850 5860
f 5849 5860 5859
f 5851 5852 5862
f 5851 5862 5861
f 5852 5853 5863
f 5852 5863 5862
f 5853 5854 5864
f 5853 5864 5863
f 5854 5855 5865
f 5854 5865 5864
f 5855 5856 5866
f 5855 5866 5865
f 5856 5857 5867
f 5856 5867 5866
f 5857 5858 5868
f 5857 5868 5867
f 5858 5859 5869
f 5858 5869 5868
f 5859 5860 5870
f 5859 5870 5869
f 5861 5862 5872
f 5861 5872 5871
f 5862 5863 5873
f 5862 5873 5872
f 5863 5864 5874
f 5863 5874 5873
f 5864 5865 5875
f 5864 5875 5874
f 5865 5866 5876
f 5865 5876 5875
f 5866 5867 5877
f 5866 5877 5876
f 5867 5868 5878
f 5867 5878 5877
f 5868 5869 5879
f 5868 5879 5878
f 5869 5870 5880
f 5869 5880 5879
f 5871 5872 5882
f 5871 5882 5881
f 5872 5873 5883
f 5872 5883 5882
f 5873 5874 5884
f 5873 5884 5883
f 5874 5875 5885
f 5874 5885 5884
f 5875 5876 5886
f 5875 5886 5885
f 5876 5877 5887
f 5876 5887 5886
f 5877 5878 5888
f 5877 5888 5887
f 5878 5879 5889
f 5878 5889 5888
f 5879 5880 5890
f 5879 5890 5889
f 5881 5882 5892
f 5881 5892 5891
f 5882 5883 5893
f 5882 5893 5892
f 5883 5884 5894
f 5883 5894 5893
f 5884 5885 5895
f 5884 5895 5894
f 5885 5886 5896
f 5885 5896 5895
f 5886 5887 5897
f 5886 5897 5896
f 5887 5888 5898
f 5887 5898 5897
f 5888 5889 5899
f 5888 5899 5898
f 5889 5890 5900
f 5889 5900 5899
f 5901 5902 5912
f 5901 5912 5911
f 5902 5903 5913
f 5902 5913 5912
f 5903 5904 5914
f 5903 5914 5913
f 5904 5905 5915
f 5904 5915 5914
f 5905 5906 5916
f 5905 5916 5915
f 5906 5907 5917
f 5906 5917 5916
f 5907 5908 5918
f 5907 5918 5917
f 5908 5909 5919
f 5908 5919 5918
f 5909 5910 5920
f 5909 5920 5919
f 5911 5912 5922
f 5911 5922 5921
f 5912 5913 5923
f 5912 5923 5922
f 5913 5914 5924
f 5913 5924 5923
f 5914 5915 5925
f 5914 5925 5924
f 5915 5916 5926
f 5915 5926 5925
f 5916 5917 5927
f 5916 5927 5926
f 5917 5918 5928
f 5917 5928 5927
f 5918 5919 5929
f 5918 5929 5928
f 5919 5920 5930
f 5919 5930 5929
f 5921 5922 5932
f 5921 5932 5931
f 5922 5923 5933
f 5922 5933 5932
f 5923 5924 5934
f 5923 5934 5933
f 5924 5925 5935
f 5924 5935 5934
f 5925 5926 5936
f 5925 5936 5935
f 5926 5927 5937
f 5926 5937 5936
f 5927 5928 5938
f 5927 5938 5937
f 5928 5929 5939
f 5928 5939 5938
f 5929 5930 5940
f 5929 5940 5939
f 5931 5932 5942
f 5931 5942 5941
f 5932 5933 5943
f 5932 5943 5942
f 5933 5934 5944
f 5933 5944 5943
f 5934 5935 5945
f 5934 5945 5944
f 5935 5936 5946
f 5935 5946 5945
f 5936 5937 5947
f 5936 5947 5946
f 5937 5938 5948
f 5937 5948 5947
f 5938 5939 5949
f 5938 5949 5948
f 5939 5940 5950
f 5939 5950 5949
f 5941 5942 5952
f 5941 5952 5951
f 5942 5943 5953
f 5942 5953 5952
f 5943 5944 5954
f 5943 5954 5953
f 5944 5945 5955
f 5944 5955 5954
f 5945 5946 5956
f 5945 5956 5955
f 5946 5947 5957
f 5946 5957 5956
f 5947 5948 5958
f 5947 5958 5957
f 5948 5949 5959
f 5948 5959 5958
f 5949 5950 5960
f 5949 5960 5959
f 5951 5952 5962
f 5951 5962 5961
f 5952 5953 5963
f 5952 5963 5962
f 5953 5954 5964
f 5953 5964 5963
f 5954 5955 5965
f 5954 5965 5964
f 5955 5956 5966
f 5955 5966 5965
f 5956 5957 5967
f 5956 5967 5966
f 5957 5958 5968
f 5957 5968 5967
f 5958 5959 5969
f 5958 5969 5968
f 5959 5960 5970
f 5959 5970 5969
f 5961 5962 5972
f 5961 5972 5971
f 5962 5963 5973
f 5962 5973 5972
f 5963 5964 5974
f 5963 5974 5973
f 5964 5965 5975
f 5964 5975 5974
f 5965 5966 5976
f 5965 5976 5975
f 5966 5967 5977
f 5966 5977 5976
f 5967 5968 5978
f 5967 5978 5977
f 5968 5969 5979
f 5968 5979 5978
f 5969 5970 5980
f 5969 5980 5979
f 5971 5972 5982
f 5971 5982 5981
f 5972 5973 5983
f 5972 5983 5982
f 5973 5974 5984
f 5973 5984 5983
f 5974 5975 5985
f 5974 5985 5984
f 5975 5976 5986
f 5975 5986 5985
f 5976 5977 5987
f 5976 5987 5986
f 5977 5978 5988
f 5977 5988 5987
f 5978 5979 5989
f 5978 5989 5988
f 5979 5980 5990
f 5979 5990 5989
f 5981 5982 5992
f 5981 5992 5991
f 5982 5983 5993
f 5982 5993 5992
f 5983 5984 5994
f 5983 5994 5993
f 5984 5985 5995
f 5984 5995 5994
f 5985 5986 5996
f 5985 5996 5995
f 5986 5987 5997
f 5986 5997 5996
f 5987 5988 5998
f 5987 5998 5997
f 5988 5989 5999
f 5988 5999 5998
f 5989 5990 6000
f 5989 6000 5999
g 초소 지붕_0
v -31.5000 2.6000 1.5000
v -31.5000 2.6333 1.5000
v -31.5000 2.6667 1.5000
v -31.5000 2.7000 1.5000
v -31.5000 2.7333 1.5000
v -31.5000 2.7667 1.5000
v -31.5000 2.8000 1.5000
v -31.0000 2.6000 1.5000
v -31.0000 2.6333 1.5000
v -31.0000 2.6667 1.5000
v -31.0000 2.7000 1.5000
v -31.0000 2.7333 1.5000
v -31.0000 2.7667 1.5000
v -31.0000 2.8000 1.5000
v -30.5000 2.6000 1.5000
v -30.5000 2.6333 1.5000
v -30.5000 2.6667 1.5000
v -30.5000 2.7000 1.5000
v -30.5000 2.7333 1.5000
v -30.5000 2.7667 1.5000
v -30.5000 2.8000 1.5000
v -30.0000 2.6000 1.5000
v -30.0000 2.6333 1.5000
v -30.0000 2.6667 1.5000
v -30.0000 2.7000 1.5000
v -30.0000 2.7333 1.5000
v -30.0000 2.7667 1.5000
v -30.0000 2.8000 1.5000
v -29.5000 2.6000 1.5000
v -29.5000 2.6333 1.5000
v -29.5000 2.6667 1.5000
v -29.5000 2.7000 1.5000
v -29.5000 2.7333 1.5000
v -29.5000 2.7667 1.5000
v -29.5000 2.8000 1.5000
v -29.0000 2.6000 1.5000
v -29.0000 2.6333 1.5000
v -29.0000 2.6667 1.5000
v -29.0000 2.7000 1.5000
v -29.0000 2.7333 1.5000
v -29.0000 2.7667 1.5000
v -29.0000 2.8000 1.5000
v -28.5000 2.6000 1.5000
v -28.5000 2.6333 1.5000
v -28.5000 2.6667 1.5000
v -28.5000 2.7000 1.5000
v -28.5000 2.7333 1.5000
v -28.5000 2.7667 1.5000
v -28.5000 2.8000 1.5000
v -28.5000 2.6000 -1.5000
v -28.5000 2.6333 -1.5000
v -28.5000 2.6667 -1.5000
v -28.5000 2.7000 -1.5000
v -28.5000 2.7333 -1.5000
v -28.5000 2.7667 -1.5000
v -28.5000 2.8000 -1.5000
v -29.0000 2.6000 -1.5000
v -29.0000 2.6333 -1.5000
v -29.0000 2.6667 -1.5000
v -29.0000 2.7000 -1.5000
v -29.0000 2.7333 -1.5000
v -29.0000 2.7667 -1.5000
v -29.0000 2.8000 -1.5000
v -29.5000 2.6000 -1.5000
v -29.5000 2.6333 -1.5000
v -29.5000 2.6667 -1.5000
v -29.5000 2.7000 -1.5000
v -29.5000 2.7333 -1.5000
v -29.5000 2.7667 -1.5000
v -29.5000 2.8000 -1.5000
v -30.0000 2.6000 -1.5000
v -30.0000 2.6333 -1.5000
v -30.0000 2.6667 -1.5000
v -30.0000 2.7000 -1.5000
v -30.0000 2.7333 -1.5000
v -30.0000 2.7667 -1.5000
v -30.0000 2.8000 -1.5000
v -30.5000 2.6000 -1.5000
v -30.5000 2.6333 -1.5000
v -30.5000 2.6667 -1.5000
v -30.5000 2.7000 -1.5000
v -30.5000 2.7333 -1.5000
v -30.5000 2.7667 -1.5000
v -30.5000 2.8000 -1.5000
v -31.0000 2.6000 -1.5000
v -31.0000 2.6333 -1.5000
v -31.0000 2.6667 -1.5000
v -31.0000 2.7000 -1.5000
v -31.0000 2.7333 -1.5000
v -31.0000 2.7667 -1.5000
v -31.0000 2.8000 -1.5000
v -31.5000 2.6000 -1.5000
v -31.5000 2.6333 -1.5000
v -31.5000 2.6667 -1.5000
v -31.5000 2.7000 -1.5000
v -31.5000 2.7333 -1.5000
v -31.5000 2.7667 -1.5000
v -31.5000 2.8000 -1.5000
v -31.5000 2.6000 -1.5000
v -31.5000 2.6333 -1.5000
v -31.5000 2.6667 -1.5000
v -31.5000 2.7000 -1.5000
v -31.5000 2.7333 -1.5000
v -31.5000 2.7667 -1.5000
v -31.5000 2.8000 -1.5000
v -31.5000 2.6000 -1.0000
v -31.5000 2.6333 -1.0000
v -31.5000 2.6667 -1.0000
v -31.5000 2.7000 -1.0000
v -31.5000 2.7333 -1.0000
v -31.5000 2.7667 -1.0000
v -31.5000 2.8000 -1.0000
v -31.5000 2.6000 -0.5000
v -31.5000 2.6333 -0.5000
v -31.5000 2.6667 -0.5000
v -31.5000 2.7000 -0.5000
v -31.5000 2.7333 -0.5000
v -31.5000 2.7667 -0.5000
v -31.5000 2.8000 -0.5000
v -31.5000 2.6000 0.0000
v -31.5000 2.6333 0.0000
v -31.5000 2.6667 0.0000
v -31.5000 2.7000 0.0000
v -31.5000 2.7333 0.0000
v -31.5000 2.7667 0.0000
v -31.5000 2.8000 0.0000
v -31.5000 2.6000 0.5000
v -31.5000 2.6333 0.5000
v -31.5000 2.6667 0.5000
v -31.5000 2.7000 0.5000
v -31.5000 2.7333 0.5000
v -31.5000 2.7667 0.5000
v -31.5000 2.8000 0.5000
v -31.5000 2.6000 1.0000
v -31.5000 2.6333 1.0000
v -31.5000 2.6667 1.0000
v -31.5000 2.7000 1.0000
v -31.5000 2.7333 1.0000
v -31.5000 2.7667 1.0000
v -31.5000 2.8000 1.0000
v -31.5000 2.6000 1.5000
v -31.5000 2.6333 1.5000
v -31.5000 2.6667 1.5000
v -31.5000 2.7000 1.5000
v -31.5000 2.7333 1.5000
v -31.5000 2.7667 1.5000
v -31.5000 2.8000 1.5000
v -28.5000 2.6000 1.5000
v -28.5000 2.6333 1.5000
v -28.5000 2.6667 1.5000
v -28.5000 2.7000 1.5000
v -28.5000 2.7333 1.5000
v -28.5000 2.7667 1.5000
v -28.5000 2.8000 1.5000
v -28.5000 2.6000 1.0000
v -28.5000 2.6333 1.0000
v -28.5000 2.6667 1.0000
v -28.5000 2.7000 1.0000
v -28.5000 2.7333 1.0000
v -28.5000 2.7667 1.0000
v -28.5000 2.8000 1.0000
v -28.5000 2.6000 0.5000
v -28.5000 2.6333 0.5000
v -28.5000 2.6667 0.5000
v -28.5000 2.7000 0.5000
v -28.5000 2.7333 0.5000
v -28.5000 2.7667 0.5000
v -28.5000 2.8000 0.5000
v -28.5000 2.6000 0.0000
v -28.5000 2.6333 0.0000
v -28.5000 2.6667 0.0000
v -28.5000 2.7000 0.0000
v -28.5000 2.7333 0.0000
v -28.5000 2.7667 0.0000
v -28.5000 2.8000 0.0000
v -28.5000 2.6000 -0.5000
v -28.5000 2.6333 -0.5000
v -28.5000 2.6667 -0.5000
v -28.5000 2.7000 -0.5000
v -28.5000 2.7333 -0.5000
v -28.5000 2.7667 -0.5000
v -28.5000 2.8000 -0.5000
v -28.5000 2.6000 -1.0000
v -28.5000 2.6333 -1.0000
v -28.5000 2.6667 -1.0000
v -28.5000 2.7000 -1.0000
v -28.5000 2.7333 -1.0000
v -28.5000 2.7667 -1.0000
v -28.5000 2.8000 -1.0000
v -28.5000 2.6000 -1.5000
v -28.5000 2.6333 -1.5000
v -28.5000 2.6667 -1.5000
v -28.5000 2.7000 -1.5000
v -28.5000 2.7333 -1.5000
v -28.5000 2.7667 -1.5000
v -28.5000 2.8000 -1.5000
v -31.5000 2.8000 -1.5000
v -31.5000 2.8000 -1.0000
v -31.5000 2.8000 -0.5000
v -31.5000 2.8000 0.0000
v -31.5000 2.8000 0.5000
v -31.5000 2.8000 1.0000
v -31.5000 2.8000 1.5000
v -31.0000 2.8000 -1.5000
v -31.0000 2.8000 -1.0000
v -31.0000 2.8000 -0.5000
v -31.0000 2.8000 0.0000
v -31.0000 2.8000 0.5000
v -31.0000 2.8000 1.0000
v -31.0000 2.8000 1.5000
v -30.5000 2.8000 -1.5000
v -30.5000 2.8000 -1.0000
v -30.5000 2.8000 -0.5000
v -30.5000 2.8000 0.0000
v -30.5000 2.8000 0.5000
v -30.5000 2.8000 1.0000
v -30.5000 2.8000 1.5000
v -30.0000 2.8000 -1.5000
v -30.0000 2.8000 -1.0000
v -30.0000 2.8000 -0.5000
v -30.0000 2.8000 0.0000
v -30.0000 2.8000 0.5000
v -30.0000 2.8000 1.0000
v -30.0000 2.8000 1.5000
v -29.5000 2.8000 -1.5000
v -29.5000 2.8000 -1.0000
v -29.5000 2.8000 -0.5000
v -29.5000 2.8000 0.0000
v -29.5000 2.8000 0.5000
v -29.5000 2.8000 1.0000
v -29.5000 2.8000 1.5000
v -29.0000 2.8000 -1.5000
v -29.0000 2.8000 -1.0000
v -29.0000 2.8000 -0.5000
v -29.0000 2.8000 0.0000
v -29.0000 2.8000 0.5000
v -29.0000 2.8000 1.0000
v -29.0000 2.8000 1.5000
v -28.5000 2.8000 -1.5000
v -28.5000 2.8000 -1.0000
v -28.5000 2.8000 -0.5000
v -28.5000 2.8000 0.0000
v -28.5000 2.8000 0.5000
v -28.5000 2.8000 1.0000
v -28.5000 2.8000 1.5000
v -31.5000 2.6000 1.5000
v -31.5000 2.6000 1.0000
v -31.5000 2.6000 0.5000
v -31.5000 2.6000 0.0000
v -31.5000 2.6000 -0.5000
v -31.5000 2.6000 -1.0000
v -31.5000 2.6000 -1.5000
v -31.0000 2.6000 1.5000
v -31.0000 2.6000 1.0000
v -31.0000 2.6000 0.5000
v -31.0000 2.6000 0.0000
v -31.0000 2.6000 -0.5000
v -31.0000 2.6000 -1.0000
v -31.0000 2.6000 -1.5000
v -30.5000 2.6000 1.5000
v -30.5000 2.6000 1.0000
v -30.5000 2.6000 0.5000
v -30.5000 2.6000 0.0000
v -30.5000 2.6000 -0.5000
v -30.5000 2.6000 -1.0000
v -30.5000 2.6000 -1.5000
v -30.0000 2.6000 1.5000
v -30.0000 2.6000 1.0000
v -30.0000 2.6000 0.5000
v -30.0000 2.6000 0.0000
v -30.0000 2.6000 -0.5000
v -30.0000 2.6000 -1.0000
v -30.0000 2.6000 -1.5000
v -29.5000 2.6000 1.5000
v -29.5000 2.6000 1.0000
v -29.5000 2.6000 0.5000
v -29.5000 2.6000 0.0000
v -29.5000 2.6000 -0.5000
v -29.5000 2.6000 -1.0000
v -29.5000 2.6000 -1.5000
v -29.0000 2.6000 1.5000
v -29.0000 2.6000 1.0000
v -29.0000 2.6000 0.5000
v -29.0000 2.6000 0.0000
v -29.0000 2.6000 -0.5000
v -29.0000 2.6000 -1.0000
v -29.0000 2.6000 -1.5000
v -28.5000 2.6000 1.5000
v -28.5000 2.6000 1.0000
v -28.5000 2.6000 0.5000
v -28.5000 2.6000 0.0000
v -28.5000 2.6000 -0.5000
v -28.5000 2.6000 -1.0000
v -28.5000 2.6000 -1.5000
f 6001 6002 6009
f 6001 6009 6008
f 6002 6003 6010
f 6002 6010 6009
f 6003 6004 6011
f 6003 6011 6010
f 6004 6005 6012
f 6004 6012 6011
f 6005 6006 6013
f 6005 6013 6012
f 6006 6007 6014
f 6006 6014 6013
f 6008 6009 6016
f 6008 6016 6015
f 6009 6010 6017
f 6009 6017 6016
f 6010 6011 6018
f 6010 6018 6017
f 6011 6012 6019
f 6011 6019 6018
f 6012 6013 6020
f 6012 6020 6019
f 6013 6014 6021
f 6013 6021 6020
f 6015 6016 6023
f 6015 6023 6022
f 6016 6017 6024
f 6016 6024 6023
f 6017 6018 6025
f 6017 6025 6024
f 6018 6019 6026
f 6018 6026 6025
f 6019 6020 6027
f 6019 6027 6026
f 6020 6021 6028
f 6020 6028 6027
f 6022 6023 6030
f 6022 6030 6029
f 6023 6024 6031
f 6023 6031 6030
f 6024 6025 6032
f 6024 6032 6031
f 6025 6026 6033
f 6025 6033 6032
f 6026 6027 6034
f 6026 6034 6033
f 6027 6028 6035
f 6027 6035 6034
f 6029 6030 6037
f 6029 6037 6036
f 6030 6031 6038
f 6030 6038 6037
f 6031 6032 6039
f 6031 6039 6038
f 6032 6033 6040
f 6032 6040 6039
f 6033 6034 6041
f 6033 6041 6040
f 6034 6035 6042
f 6034 6042 6041
f 6036 6037 6044
f 6036 6044 6043
f 6037 6038 6045
f 6037 6045 6044
f 6038 6039 6046
f 6038 6046 6045
f 6039 6040 6047
f 6039 6047 6046
f 6040 6041 6048
f 6040 6048 6047
f 6041 6042 6049
f 6041 6049 6048
f 6050 6051 6058
f 6050 6058 6057
f 6051 6052 6059
f 6051 6059 6058
f 6052 6053 6060
f 6052 6060 6059
f 6053 6054 6061
f 6053 6061 6060
f 6054 6055 6062
f 6054 6062 6061
f 6055 6056 6063
f 6055 6063 6062
f 6057 6058 6065
f 6057 6065 6064
f 6058 6059 6066
f 6058 6066 6065
f 6059 6060 6067
f 6059 6067 6066
f 6060 6061 6068
f 6060 6068 6067
f 6061 6062 6069
f 6061 6069 6068
f 6062 6063 6070
f 6062 6070 6069
f 6064 6065 6072
f 6064 6072 6071
f 6065 6066 6073
f 6065 6073 6072
f 6066 6067 6074
f 6066 6074 6073
f 6067 6068 6075
f 6067 6075 6074
f 6068 6069 6076
f 6068 6076 6075
f 6069 6070 6077
f 6069 6077 6076
f 6071 6072 6079
f 6071 6079 6078
f 6072 6073 6080
f 6072 6080 6079
f 6073 6074 6081
f 6073 6081 6080
f 6074 6075 6082
f 6074 6082 6081
f 6075 6076 6083
f 6075 6083 6082
f 6076 6077 6084
f 6076 6084 6083
f 6078 6079 6086
f 6078 6086 6085
f 6079 6080 6087
f 6079 6087 6086
f 6080 6081 6088
f 6080 6088 6087
f 6081 6082 6089
f 6081 6089 6088
f 6082 6083 6090
f 6082 6090 6089
f 6083 6084 6091
f 6083 6091 6090
f 6085 6086 6093
f 6085 6093 6092
f 6086 6087 6094
f 6086 6094 6093
f 6087 6088 6095
f 6087 6095 6094
f 6088 6089 6096
f 6088 6096 6095
f 6089 6090 6097
f 6089 6097 6096
f 6090 6091 6098
f 6090 6098 6097
f 6099 6100 6107
f 6099 6107 6106
f 6100 6101 6108
f 6100 6108 6107
f 6101 6102 6109
f 6101 6109 6108
f 6102 6103 6110
f 6102 6110 6109
f 6103 6104 6111
f 6103 6111 6110
f 6104 6105 6112
f 6104 6112 6111
f 6106 6107 6114
f 6106 6114 6113
f 6107 6108 6115
f 6107 6115 6114
f 6108 6109 6116
f 6108 6116 6115
f 6109 6110 6117
f 6109 6117 6116
f 6110 6111 6118
f 6110 6118 6117
f 6111 6112 6119
f 6111 6119 6118
f 6113 6114 6121
f 6113 6121 6120
f 6114 6115 6122
f 6114 6122 6121
f 6115 6116 6123
f 6115 6123 6122
f 6116 6117 6124
f 6116 6124 6123
f 6117 6118 6125
f 6117 6125 6124
f 6118 6119 6126
f 6118 6126 6125
f 6120 6121 6128
f 6120 6128 6127
f 6121 6122 6129
f 6121 6129 6128
f 6122 6123 6130
f 6122 6130 6129
f 6123 6124 6131
f 6123 6131 6130
f 6124 6125 6132
f 6124 6132 6131
f 6125 6126 6133
f 6125 6133 6132
f 6127 6128 6135
f 6127 6135 6134
f 6128 6129 6136
f 6128 6136 6135
f 6129 6130 6137
f 6129 6137 6136
f 6130 6131 6138
f 6130 6138 6137
f 6131 6132 6139
f 6131 6139 6138
f 6132 6133 6140
f 6132 6140 6139
f 6134 6135 6142
f 6134 6142 6141
f 6135 6136 6143
f 6135 6143 6142
f 6136 6137 6144
f 6136 6144 6143
f 6137 6138 6145
f 6137 6145 6144
f 6138 6139 6146
f 6138 6146 6145
f 6139 6140 6147
f 6139 6147 6146
f 6148 6149 6156
f 6148 6156 6155
f 6149 6150 6157
f 6149 6157 6156
f 6150 6151 6158
f 6150 6158 6157
f 6151 6152 6159
f 6151 6159 6158
f 6152 6153 6160
f 6152 6160 6159
f 6153 6154 6161
f 6153 6161 6160
f 6155 6156 6163
f 6155 6163 6162
f 6156 6157 6164
f 6156 6164 6163
f 6157 6158 6165
f 6157 6165 6164
f 6158 6159 6166
f 6158 6166 6165
f 6159 6160 6167
f 6159 6167 6166
f 6160 6161 6168
f 6160 6168 6167
f 6162 6163 6170
f 6162 6170 6169
f 6163 6164 6171
f 6163 6171 6170
f 6164 6165 6172
f 6164 6172 6171
f 6165 6166 6173
f 6165 6173 6172
f 6166 6167 6174
f 6166 6174 6173
f 6167 6168 6175
f 6167 6175 6174
f 6169 6170 6177
f 6169 6177 6176
f 6170 6171 6178
f 6170 6178 6177
f 6171 6172 6179
f 6171 6179 6178
f 6172 6173 6180
f 6172 6180 6179
f 6173 6174 6181
f 6173 6181 6180
f 6174 6175 6182
f 6174 6182 6181
f 6176 6177 6184
f 6176 6184 6183
f 6177 6178 6185
f 6177 6185 6184
f 6178 6179 6186
f 6178 6186 6185
f 6179 6180 6187
f 6179 6187 6186
f 6180 6181 6188
f 6180 6188 6187
f 6181 6182 6189
f 6181 6189 6188
f 6183 6184 6191
f 6183 6191 6190
f 6184 6185 6192
f 6184 6192 6191
f 6185 6186 6193
f 6185 6193 6192
f 6186 6187 6194
f 6186 6194 6193
f 6187 6188 6195
f 6187 6195 6194
f 6188 6189 6196
f 6188 6196 6195
f 6197 6198 6205
f 6197 6205 6204
f 6198 6199 6206
f 6198 6206 6205
f 6199 6200 6207
f 6199 6207 6206
f 6200 6201 6208
f 6200 6208 6207
f 6201 6202 6209
f 6201 6209 6208
f 6202 6203 6210
f 6202 6210 6209
f 6204 6205 6212
f 6204 6212 6211
f 6205 6206 6213
f 6205 6213 6212
f 6206 6207 6214
f 6206 6214 6213
f 6207 6208 6215
f 6207 6215 6214
f 6208 6209 6216
f 6208 6216 6215
f 6209 6210 6217
f 6209 6217 6216
f 6211 6212 6219
f 6211 6219 6218
f 6212 6213 6220
f 6212 6220 6219
f 6213 6214 6221
f 6213 6221 6220
f 6214 6215 6222
f 6214 6222 6221
f 6215 6216 6223
f 6215 6223 6222
f 6216 6217 6224
f 6216 6224 6223
f 6218 6219 6226
f 6218 6226 6225
f 6219 6220 6227
f 6219 6227 6226
f 6220 6221 6228
f 6220 6228 6227
f 6221 6222 6229
f 6221 6229 6228
f 6222 6223 6230
f 6222 6230 6229
f 6223 6224 6231
f 6223 6231 6230
f 6225 6226 6233
f 6225 6233 6232
f 6226 6227 6234
f 6226 6234 6233
f 6227 6228 6235
f 6227 6235 6234
f 6228 6229 6236
f 6228 6236 6235
f 6229 6230 6237
f 6229 6237 6236
f 6230 6231 6238
f 6230 6238 6237
f 6232 6233 6240
f 6232 6240 6239
f 6233 6234 6241
f 6233 6241 6240
f 6234 6235 6242
f 6234 6242 6241
f 6235 6236 6243
f 6235 6243 6242
f 6236 6237 6244
f 6236 6244 6243
f 6237 6238 6245
f 6237 6245 6244
f 6246 6247 6254
f 6246 6254 6253
f 6247 6248 6255
f 6247 6255 6254
f 6248 6249 6256
f 6248 6256 6255
f 6249 6250 6257
f 6249 6257 6256
f 6250 6251 6258
f 6250 6258 6257
f 6251 6252 6259
f 6251 6259 6258
f 6253 6254 6261
f 6253 6261 6260
f 6254 6255 6262
f 6254 6262 6261
f 6255 6256 6263
f 6255 6263 6262
f 6256 6257 6264
f 6256 6264 6263
f 6257 6258 6265
f 6257 6265 6264
f 6258 6259 6266
f 6258 6266 6265
f 6260 6261 6268
f 6260 6268 6267
f 6261 6262 6269
f 6261 6269 6268
f 6262 6263 6270
f 6262 6270 6269
f 6263 6264 6271
f 6263 6271 6270
f 6264 6265 6272
f 6264 6272 6271
f 6265 6266 6273
f 6265 6273 6272
f 6267 6268 6275
f 6267 6275 6274
f 6268 6269 6276
f 6268 6276 6275
f 6269 6270 6277
f 6269 6277 6276
f 6270 6271 6278
f 6270 6278 6277
f 6271 6272 6279
f 6271 6279 6278
f 6272 6273 6280
f 6272 6280 6279
f 6274 6275 6282
f 6274 6282 6281
f 6275 6276 6283
f 6275 6283 6282
f 6276 6277 6284
f 6276 6284 6283
f 6277 6278 6285
f 6277 6285 6284
f 6278 6279 6286
f 6278 6286 6285
f 6279 6280 6287
f 6279 6287 6286
f 6281 6282 6289
f 6281 6289 6288
f 6282 6283 6290
f 6282 6290 6289
f 6283 6284 6291
f 6283 6291 6290
f 6284 6285 6292
f 6284 6292 6291
f 6285 6286 6293
f 6285 6293 6292
f 6286 6287 6294
f 6286 6294 6293
g 초소 지붕_1
v 28.5000 2.6000 1.5000
v 28.5000 2.6333 1.5000
v 28.5000 2.6667 1.5000
v 28.5000 2.7000 1.5000
v 28.5000 2.7333 1.5000
v 28.5000 2.7667 1.5000
v 28.5000 2.8000 1.5000
v 29.0000 2.6000 1.5000
v 29.0000 2.6333 1.5000
v 29.0000 2.6667 1.5000
v 29.0000 2.7000 1.5000
v 29.0000 2.7333 1.5000
v 29.0000 2.7667 1.5000
v 29.0000 2.8000 1.5000
v 29.5000 2.6000 1.5000
v 29.5000 2.6333 1.5000
v 29.5000 2.6667 1.5000
v 29.5000 2.7000 1.5000
v 29.5000 2.7333 1.5000
v 29.5000 2.7667 1.5000
v 29.5000 2.8000 1.5000
v 30.0000 2.6000 1.5000
v 30.0000 2.6333 1.5000
v 30.0000 2.6667 1.5000
v 30.0000 2.7000 1.5000
v 30.0000 2.7333 1.5000
v 30.0000 2.7667 1.5000
v 30.0000 2.8000 1.5000
v 30.5000 2.6000 1.5000
v 30.5000 2.6333 1.5000
v 30.5000 2.6667 1.5000
v 30.5000 2.7000 1.5000
v 30.5000 2.7333 1.5000
v 30.5000 2.7667 1.5000
v 30.5000 2.8000 1.5000
v 31.0000 2.6000 1.5000
v 31.0000 2.6333 1.5000
v 31.0000 2.6667 1.5000
v 31.0000 2.7000 1.5000
v 31.0000 2.7333 1.5000
v 31.0000 2.7667 1.5000
v 31.0000 2.8000 1.5000
v 31.5000 2.6000 1.5000
v 31.5000 2.6333 1.5000
v 31.5000 2.6667 1.5000
v 31.5000 2.7000 1.5000
v 31.5000 2.7333 1.5000
v 31.5000 2.7667 1.5000
v 31.5000 2.8000 1.5000
v 31.5000 2.6000 -1.5000
v 31.5000 2.6333 -1.5000
v 31.5000 2.6667 -1.5000
v 31.5000 2.7000 -1.5000
v 31.5000 2.7333 -1.5000
v 31.5000 2.7667 -1.5000
v 31.5000 2.8000 -1.5000
v 31.0000 2.6000 -1.5000
v 31.0000 2.6333 -1.5000
v 31.0000 2.6667 -1.5000
v 31.0000 2.7000 -1.5000
v 31.0000 2.7333 -1.5000
v 31.0000 2.7667 -1.5000
v 31.0000 2.8000 -1.5000
v 30.5000 2.6000 -1.5000
v 30.5000 2.6333 -1.5000
v 30.5000 2.6667 -1.5000
v 30.5000 2.7000 -1.5000
v 30.5000 2.7333 -1.5000
v 30.5000 2.7667 -1.5000
v 30.5000 2.8000 -1.5000
v 30.0000 2.6000 -1.5000
v 30.0000 2.6333 -1.5000
v 30.0000 2.6667 -1.5000
v 30.0000 2.7000 -1.5000
v 30.0000 2.7333 -1.5000
v 30.0000 2.7667 -1.5000
v 30.0000 2.8000 -1.5000
v 29.5000 2.6000 -1.5000
v 29.5000 2.6333 -1.5000
v 29.5000 2.6667 -1.5000
v 29.5000 2.7000 -1.5000
v 29.5000 2.7333 -1.5000
v 29.5000 2.7667 -1.5000
v 29.5000 2.8000 -1.5000
v 29.0000 2.6000 -1.5000
v 29.0000 2.6333 -1.5000
v 29.0000 2.6667 -1.5000
v 29.0000 2.7000 -1.5000
v 29.0000 2.7333 -1.5000
v 29.0000 2.7667 -1.5000
v 29.0000 2.8000 -1.5000
v 28.5000 2.6000 -1.5000
v 28.5000 2.6333 -1.5000
v 28.5000 2.6667 -1.5000
v 28.5000 2.7000 -1.5000
v 28.5000 2.7333 -1.5000
v 28.5000 2.7667 -1.5000
v 28.5000 2.8000 -1.5000
v 28.5000 2.6000 -1.5000
v 28.5000 2.6333 -1.5000
v 28.5000 2.6667 -1.5000
v 28.5000 2.7000 -1.5000
v 28.5000 2.7333 -1.5000
v 28.5000 2.7667 -1.5000
v 28.5000 2.8000 -1.5000
v 28.5000 2.6000 -1.0000
v 28.5000 2.6333 -1.0000
v 28.5000 2.6667 -1.0000
v 28.5000 2.7000 -1.0000
v 28.5000 2.7333 -1.0000
v 28.5000 2.7667 -1.0000
v 28.5000 2.8000 -1.0000
v 28.5000 2.6000 -0.5000
v 28.5000 2.6333 -0.5000
v 28.5000 2.6667 -0.5000
v 28.5000 2.7000 -0.5000
v 28.5000 2.7333 -0.5000
v 28.5000 2.7667 -0.5000
v 28.5000 2.8000 -0.5000
v 28.5000 2.6000 0.0000
v 28.5000 2.6333 0.0000
v 28.5000 2.6667 0.0000
v 28.5000 2.7000 0.0000
v 28.5000 2.7333 0.0000
v 28.5000 2.7667 0.0000
v 28.5000 2.8000 0.0000
v 28.5000 2.6000 0.5000
v 28.5000 2.6333 0.5000
v 28.5000 2.6667 0.5000
v 28.5000 2.7000 0.5000
v 28.5000 2.7333 0.5000
v 28.5000 2.7667 0.5000
v 28.5000 2.8000 0.5000
v 28.5000 2.6000 1.0000
v 28.5000 2.6333 1.0000
v 28.5000 2.6667 1.0000
v 28.5000 2.7000 1.0000
v 28.5000 2.7333 1.0000
v 28.5000 2.7667 1.0000
v 28.5000 2.8000 1.0000
v 28.5000 2.6000 1.5000
v 28.5000 2.6333 1.5000
v 28.5000 2.6667 1.5000
v 28.5000 2.7000 1.5000
v 28.5000 2.7333 1.5000
v 28.5000 2.7667 1.5000
v 28.5000 2.8000 1.5000
v 31.5000 2.6000 1.5000
v 31.5000 2.6333 1.5000
v 31.5000 2.6667 1.5000
v 31.5000 2.7000 1.5000
v 31.5000 2.7333 1.5000
v 31.5000 2.7667 1.5000
v 31.5000 2.8000 1.5000
v 31.5000 2.6000 1.0000
v 31.5000 2.6333 1.0000
v 31.5000 2.6667 1.0000
v 31.5000 2.7000 1.0000
v 31.5000 2.7333 1.0000
v 31.5000 2.7667 1.0000
v 31.5000 2.8000 1.0000
v 31.5000 2.6000 0.5000
v 31.5000 2.6333 0.5000
v 31.5000 2.6667 0.5000
v 31.5000 2.7000 0.5000
v 31.5000 2.7333 0.5000
v 31.5000 2.7667 0.5000
v 31.5000 2.8000 0.5000
v 31.5000 2.6000 0.0000
v 31.5000 2.6333 0.0000
v 31.5000 2.6667 0.0000
v 31.5000 2.7000 0.0000
v 31.5000 2.7333 0.0000
v 31.5000 2.7667 0.0000
v 31.5000 2.8000 0.0000
v 31.5000 2.6000 -0.5000
v 31.5000 2.6333 -0.5000
v 31.5000 2.6667 -0.5000
v 31.5000 2.7000 -0.5000
v 31.5000 2.7333 -0.5000
v 31.5000 2.7667 -0.5000
v 31.5000 2.8000 -0.5000
v 31.5000 2.6000 -1.0000
v 31.5000 2.6333 -1.0000
v 31.5000 2.6667 -1.0000
v 31.5000 2.7000 -1.0000
v 31.5000 2.7333 -1.0000
v 31.5000 2.7667 -1.0000
v 31.5000 2.8000 -1.0000
v 31.5000 2.6000 -1.5000
v 31.5000 2.6333 -1.5000
v 31.5000 2.6667 -1.5000
v 31.5000 2.7000 -1.5000
v 31.5000 2.7333 -1.5000
v 31.5000 2.7667 -1.5000
v 31.5000 2.8000 -1.5000
v 28.5000 2.8000 -1.5000
v 28.5000 2.8000 -1.0000
v 28.5000 2.8000 -0.5000
v 28.5000 2.8000 0.0000
v 28.5000 2.8000 0.5000
v 28.5000 2.8000 1.0000
v 28.5000 2.8000 1.5000
v 29.0000 2.8000 -1.5000
v 29.0000 2.8000 -1.0000
v 29.0000 2.8000 -0.5000
v 29.0000 2.8000 0.0000
v 29.0000 2.8000 0.5000
v 29.0000 2.8000 1.0000
v 29.0000 2.8000 1.5000
v 29.5000 2.8000 -1.5000
v 29.5000 2.8000 -1.0000
v 29.5000 2.8000 -0.5000
v 29.5000 2.8000 0.0000
v 29.5000 2.8000 0.5000
v 29.5000 2.8000 1.0000
v 29.5000 2.8000 1.5000
v 30.0000 2.8000 -1.5000
v 30.0000 2.8000 -1.0000
v 30.0000 2.8000 -0.5000
v 30.0000 2.8000 0.0000
v 30.0000 2.8000 0.5000
v 30.0000 2.8000 1.0000
v 30.0000 2.8000 1.5000
v 30.5000 2.8000 -1.5000
v 30.5000 2.8000 -1.0000
v 30.5000 2.8000 -0.5000
v 30.5000 2.8000 0.0000
v 30.5000 2.8000 0.5000
v 30.5000 2.8000 1.0000
v 30.5000 2.8000 1.5000
v 31.0000 2.8000 -1.5000
v 31.0000 2.8000 -1.0000
v 31.0000 2.8000 -0.5000
v 31.0000 2.8000 0.0000
v 31.0000 2.8000 0.5000
v 31.0000 2.8000 1.0000
v 31.0000 2.8000 1.5000
v 31.5000 2.8000 -1.5000
v 31.5000 2.8000 -1.0000
v 31.5000 2.8000 -0.5000
v 31.5000 2.8000 0.0000
v 31.5000 2.8000 0.5000
v 31.5000 2.8000 1.0000
v 31.5000 2.8000 1.5000
v 28.5000 2.6000 1.5000
v 28.5000 2.6000 1.0000
v 28.5000 2.6000 0.5000
v 28.5000 2.6000 0.0000
v 28.5000 2.6000 -0.5000
v 28.5000 2.6000 -1.0000
v 28.5000 2.6000 -1.5000
v 29.0000 2.6000 1.5000
v 29.0000 2.6000 1.0000
v 29.0000 2.6000 0.5000
v 29.0000 2.6000 0.0000
v 29.0000 2.6000 -0.5000
v 29.0000 2.6000 -1.0000
v 29.0000 2.6000 -1.5000
v 29.5000 2.6000 1.5000
v 29.5000 2.6000 1.0000
v 29.5000 2.6000 0.5000
v 29.5000 2.6000 0.0000
v 29.5000 2.6000 -0.5000
v 29.5000 2.6000 -1.0000
v 29.5000 2.6000 -1.5000
v 30.0000 2.6000 1.5000
v 30.0000 2.6000 1.0000
v 30.0000 2.6000 0.5000
v 30.0000 2.6000 0.0000
v 30.0000 2.6000 -0.5000
v 30.0000 2.6000 -1.0000
v 30.0000 2.6000 -1.5000
v 30.5000 2.6000 1.5000
v 30.5000 2.6000 1.0000
v 30.5000 2.6000 0.5000
v 30.5000 2.6000 0.0000
v 30.5000 2.6000 -0.5000
v 30.5000 2.6000 -1.0000
v 30.5000 2.6000 -1.5000
v 31.0000 2.6000 1.5000
v 31.0000 2.6000 1.0000
v 31.0000 2.6000 0.5000
v 31.0000 2.6000 0.0000
v 31.0000 2.6000 -0.5000
v 31.0000 2.6000 -1.0000
v 31.0000 2.6000 -1.5000
v 31.5000 2.6000 1.5000
v 31.5000 2.6000 1.0000
v 31.5000 2.6000 0.5000
v 31.5000 2.6000 0.0000
v 31.5000 2.6000 -0.5000
v 31.5000 2.6000 -1.0000
v 31.5000 2.6000 -1.5000
f 6295 6296 6303
f 6295 6303 6302
f 6296 6297 6304
f 6296 6304 6303
f 6297 6298 6305
f 6297 6305 6304
f 6298 6299 6306
f 6298 6306 6305
f 6299 6300 6307
f 6299 6307 6306
f 6300 6301 6308
f 6300 6308 6307
f 6302 6303 6310
f 6302 6310 6309
f 6303 6304 6311
f 6303 6311 6310
f 6304 6305 6312
f 6304 6312 6311
f 6305 6306 6313
f 6305 6313 6312
f 6306 6307 6314
f 6306 6314 6313
f 6307 6308 6315
f 6307 6315 6314
f 6309 6310 6317
f 6309 6317 6316
f 6310 6311 6318
f 6310 6318 6317
f 6311 6312 6319
f 6311 6319 6318
f 6312 6313 6320
f 6312 6320 6319
f 6313 6314 6321
f 6313 6321 6320
f 6314 6315 6322
f 6314 6322 6321
f 6316 6317 6324
f 6316 6324 6323
f 6317 6318 6325
f 6317 6325 6324
f 6318 6319 6326
f 6318 6326 6325
f 6319 6320 6327
f 6319 6327 6326
f 6320 6321 6328
f 6320 6328 6327
f 6321 6322 6329
f 6321 6329 6328
f 6323 6324 6331
f 6323 6331 6330
f 6324 6325 6332
f 6324 6332 6331
f 6325 6326 6333
f 6325 6333 6332
f 6326 6327 6334
f 6326 6334 6333
f 6327 6328 6335
f 6327 6335 6334
f 6328 6329 6336
f 6328 6336 6335
f 6330 6331 6338
f 6330 6338 6337
f 6331 6332 6339
f 6331 6339 6338
f 6332 6333 6340
f 6332 6340 6339
f 6333 6334 6341
f 6333 6341 6340
f 6334 6335 6342
f 6334 6342 6341
f 6335 6336 6343
f 6335 6343 6342
f 6344 6345 6352
f 6344 6352 6351
f 6345 6346 6353
f 6345 6353 6352
f 6346 6347 6354
f 6346 6354 6353
f 6347 6348 6355
f 6347 6355 6354
f 6348 6349 6356
f 6348 6356 6355
f 6349 6350 6357
f 6349 6357 6356
f 6351 6352 6359
f 6351 6359 6358
f 6352 6353 6360
f 6352 6360 6359
f 6353 6354 6361
f 6353 6361 6360
f 6354 6355 6362
f 6354 6362 6361
f 6355 6356 6363
f 6355 6363 6362
f 6356 6357 6364
f 6356 6364 6363
f 6358 6359 6366
f 6358 6366 6365
f 6359 6360 6367
f 6359 6367 6366
f 6360 6361 6368
f 6360 6368 6367
f 6361 6362 6369
f 6361 6369 6368
f 6362 6363 6370
f 6362 6370 6369
f 6363 6364 6371
f 6363 6371 6370
f 6365 6366 6373
f 6365 6373 6372
f 6366 6367 6374
f 6366 6374 6373
f 6367 6368 6375
f 6367 6375 6374
f 6368 6369 6376
f 6368 6376 6375
f 6369 6370 6377
f 6369 6377 6376
f 6370 6371 6378
f 6370 6378 6377
f 6372 6373 6380
f 6372 6380 6379
f 6373 6374 6381
f 6373 6381 6380
f 6374 6375 6382
f 6374 6382 6381
f 6375 6376 6383
f 6375 6383 6382
f 6376 6377 6384
f 6376 6384 6383
f 6377 6378 6385
f 6377 6385 6384
f 6379 6380 6387
f 6379 6387 6386
f 6380 6381 6388
f 6380 6388 6387
f 6381 6382 6389
f 6381 6389 6388
f 6382 6383 6390
f 6382 6390 6389
f 6383 6384 6391
f 6383 6391 6390
f 6384 6385 6392
f 6384 6392 6391
f 6393 6394 6401
f 6393 6401 6400
f 6394 6395 6402
f 6394 6402 6401
f 6395 6396 6403
f 6395 6403 6402
f 6396 6397 6404
f 6396 6404 6403
f 6397 6398 6405
f 6397 6405 6404
f 6398 6399 6406
f 6398 6406 6405
f 6400 6401 6408
f 6400 6408 6407
f 6401 6402 6409
f 6401 6409 6408
f 6402 6403 6410
f 6402 6410 6409
f 6403 6404 6411
f 6403 6411 6410
f 6404 6405 6412
f 6404 6412 6411
f 6405 6406 6413
f 6405 6413 6412
f 6407 6408 6415
f 6407 6415 6414
f 6408 6409 6416
f 6408 6416 6415
f 6409 6410 6417
f 6409 6417 6416
f 6410 6411 6418
f 6410 6418 6417
f 6411 6412 6419
f 6411 6419 6418
f 6412 6413 6420
f 6412 6420 6419
f 6414 6415 6422
f 6414 6422 6421
f 6415 6416 6423
f 6415 6423 6422
f 6416 6417 6424
f 6416 6424 6423
f 6417 6418 6425
f 6417 6425 6424
f 6418 6419 6426
f 6418 6426 6425
f 6419 6420 6427
f 6419 6427 6426
f 6421 6422 6429
f 6421 6429 6428
f 6422 6423 6430
f 6422 6430 6429
f 6423 6424 6431
f 6423 6431 6430
f 6424 6425 6432
f 6424 6432 6431
f 6425 6426 6433
f 6425 6433 6432
f 6426 6427 6434
f 6426 6434 6433
f 6428 6429 6436
f 6428 6436 6435
f 6429 6430 6437
f 6429 6437 6436
f 6430 6431 6438
f 6430 6438 6437
f 6431 6432 6439
f 6431 6439 6438
f 6432 6433 6440
f 6432 6440 6439
f 6433 6434 6441
f 6433 6441 6440
f 6442 6443 6450
f 6442 6450 6449
f 6443 6444 6451
f 6443 6451 6450
f 6444 6445 6452
f 6444 6452 6451
f 6445 6446 6453
f 6445 6453 6452
f 6446 6447 6454
f 6446 6454 6453
f 6447 6448 6455
f 6447 6455 6454
f 6449 6450 6457
f 6449 6457 6456
f 6450 6451 6458
f 6450 6458 6457
f 6451 6452 6459
f 6451 6459 6458
f 6452 6453 6460
f 6452 6460 6459
f 6453 6454 6461
f 6453 6461 6460
f 6454 6455 6462
f 6454 6462 6461
f 6456 6457 6464
f 6456 6464 6463
f 6457 6458 6465
f 6457 6465 6464
f 6458 6459 6466
f 6458 6466 6465
f 6459 6460 6467
f 6459 6467 6466
f 6460 6461 6468
f 6460 6468 6467
f 6461 6462 6469
f 6461 6469 6468
f 6463 6464 6471
f 6463 6471 6470
f 6464 6465 6472
f 6464 6472 6471
f 6465 6466 6473
f 6465 6473 6472
f 6466 6467 6474
f 6466 6474 6473
f 6467 6468 6475
f 6467 6475 6474
f 6468 6469 6476
f 6468 6476 6475
f 6470 6471 6478
f 6470 6478 6477
f 6471 6472 6479
f 6471 6479 6478
f 6472 6473 6480
f 6472 6480 6479
f 6473 6474 6481
f 6473 6481 6480
f 6474 6475 6482
f 6474 6482 6481
f 6475 6476 6483
f 6475 6483 6482
f 6477 6478 6485
f 6477 6485 6484
f 6478 6479 6486
f 6478 6486 6485
f 6479 6480 6487
f 6479 6487 6486
f 6480 6481 6488
f 6480 6488 6487
f 6481 6482 6489
f 6481 6489 6488
f 6482 6483 6490
f 6482 6490 6489
f 6491 6492 6499
f 6491 6499 6498
f 6492 6493 6500
f 6492 6500 6499
f 6493 6494 6501
f 6493 6501 6500
f 6494 6495 6502
f 6494 6502 6501
f 6495 6496 6503
f 6495 6503 6502
f 6496 6497 6504
f 6496 6504 6503
f 6498 6499 6506
f 6498 6506 6505
f 6499 6500 6507
f 6499 6507 6506
f 6500 6501 6508
f 6500 6508 6507
f 6501 6502 6509
f 6501 6509 6508
f 6502 6503 6510
f 6502 6510 6509
f 6503 6504 6511
f 6503 6511 6510
f 6505 6506 6513
f 6505 6513 6512
f 6506 6507 6514
f 6506 6514 6513
f 6507 6508 6515
f 6507 6515 6514
f 6508 6509 6516
f 6508 6516 6515
f 6509 6510 6517
f 6509 6517 6516
f 6510 6511 6518
f 6510 6518 6517
f 6512 6513 6520
f 6512 6520 6519
f 6513 6514 6521
f 6513 6521 6520
f 6514 6515 6522
f 6514 6522 6521
f 6515 6516 6523
f 6515 6523 6522
f 6516 6517 6524
f 6516 6524 6523
f 6517 6518 6525
f 6517 6525 6524
f 6519 6520 6527
f 6519 6527 6526
f 6520 6521 6528
f 6520 6528 6527
f 6521 6522 6529
f 6521 6529 6528
f 6522 6523 6530
f 6522 6530 6529
f 6523 6524 6531
f 6523 6531 6530
f 6524 6525 6532
f 6524 6532 6531
f 6526 6527 6534
f 6526 6534 6533
f 6527 6528 6535
f 6527 6535 6534
f 6528 6529 6536
f 6528 6536 6535
f 6529 6530 6537
f 6529 6537 6536
f 6530 6531 6538
f 6530 6538 6537
f 6531 6532 6539
f 6531 6539 6538
f 6540 6541 6548
f 6540 6548 6547
f 6541 6542 6549
f 6541 6549 6548
f 6542 6543 6550
f 6542 6550 6549
f 6543 6544 6551
f 6543 6551 6550
f 6544 6545 6552
f 6544 6552 6551
f 6545 6546 6553
f 6545 6553 6552
f 6547 6548 6555
f 6547 6555 6554
f 6548 6549 6556
f 6548 6556 6555
f 6549 6550 6557
f 6549 6557 6556
f 6550 6551 6558
f 6550 6558 6557
f 6551 6552 6559
f 6551 6559 6558
f 6552 6553 6560
f 6552 6560 6559
f 6554 6555 6562
f 6554 6562 6561
f 6555 6556 6563
f 6555 6563 6562
f 6556 6557 6564
f 6556 6564 6563
f 6557 6558 6565
f 6557 6565 6564
f 6558 6559 6566
f 6558 6566 6565
f 6559 6560 6567
f 6559 6567 6566
f 6561 6562 6569
f 6561 6569 6568
f 6562 6563 6570
f 6562 6570 6569
f 6563 6564 6571
f 6563 6571 6570
f 6564 6565 6572
f 6564 6572 6571
f 6565 6566 6573
f 6565 6573 6572
f 6566 6567 6574
f 6566 6574 6573
f 6568 6569 6576
f 6568 6576 6575
f 6569 6570 6577
f 6569 6577 6576
f 6570 6571 6578
f 6570 6578 6577
f 6571 6572 6579
f 6571 6579 6578
f 6572 6573 6580
f 6572 6580 6579
f 6573 6574 6581
f 6573 6581 6580
f 6575 6576 6583
f 6575 6583 6582
f 6576 6577 6584
f 6576 6584 6583
f 6577 6578 6585
f 6577 6585 6584
f 6578 6579 6586
f 6578 6586 6585
f 6579 6580 6587
f 6579 6587 6586
f 6580 6581 6588
f 6580 6588 6587
g 관측창_0
v -30.7000 1.2500 -1.2100
v -30.7000 1.4000 -1.2100
v -30.7000 1.5500 -1.2100
v -30.7000 1.7000 -1.2100
v -30.7000 1.8500 -1.2100
v -30.7000 2.0000 -1.2100
v -30.7000 2.1500 -1.2100
v -30.4667 1.2500 -1.2100
v -30.4667 1.4000 -1.2100
v -30.4667 1.5500 -1.2100
v -30.4667 1.7000 -1.2100
v -30.4667 1.8500 -1.2100
v -30.4667 2.0000 -1.2100
v -30.4667 2.1500 -1.2100
v -30.2333 1.2500 -1.2100
v -30.2333 1.4000 -1.2100
v -30.2333 1.5500 -1.2100
v -30.2333 1.7000 -1.2100
v -30.2333 1.8500 -1.2100
v -30.2333 2.0000 -1.2100
v -30.2333 2.1500 -1.2100
v -30.0000 1.2500 -1.2100
v -30.0000 1.4000 -1.2100
v -30.0000 1.5500 -1.2100
v -30.0000 1.7000 -1.2100
v -30.0000 1.8500 -1.2100
v -30.0000 2.0000 -1.2100
v -30.0000 2.1500 -1.2100
v -29.7667 1.2500 -1.2100
v -29.7667 1.4000 -1.2100
v -29.7667 1.5500 -1.2100
v -29.7667 1.7000 -1.2100
v -29.7667 1.8500 -1.2100
v -29.7667 2.0000 -1.2100
v -29.7667 2.1500 -1.2100
v -29.5333 1.2500 -1.2100
v -29.5333 1.4000 -1.2100
v -29.5333 1.5500 -1.2100
v -29.5333 1.7000 -1.2100
v -29.5333 1.8500 -1.2100
v -29.5333 2.0000 -1.2100
v -29.5333 2.1500 -1.2100
v -29.3000 1.2500 -1.2100
v -29.3000 1.4000 -1.2100
v -29.3000 1.5500 -1.2100
v -29.3000 1.7000 -1.2100
v -29.3000 1.8500 -1.2100
v -29.3000 2.0000 -1.2100
v -29.3000 2.1500 -1.2100
v -29.3000 1.2500 -1.2900
v -29.3000 1.4000 -1.2900
v -29.3000 1.5500 -1.2900
v -29.3000 1.7000 -1.2900
v -29.3000 1.8500 -1.2900
v -29.3000 2.0000 -1.2900
v -29.3000 2.1500 -1.2900
v -29.5333 1.2500 -1.2900
v -29.5333 1.4000 -1.2900
v -29.5333 1.5500 -1.2900
v -29.5333 1.7000 -1.2900
v -29.5333 1.8500 -1.2900
v -29.5333 2.0000 -1.2900
v -29.5333 2.1500 -1.2900
v -29.7667 1.2500 -1.2900
v -29.7667 1.4000 -1.2900
v -29.7667 1.5500 -1.2900
v -29.7667 1.7000 -1.2900
v -29.7667 1.8500 -1.2900
v -29.7667 2.0000 -1.2900
v -29.7667 2.1500 -1.2900
v -30.0000 1.2500 -1.2900
v -30.0000 1.4000 -1.2900
v -30.0000 1.5500 -1.2900
v -30.0000 1.7000 -1.2900
v -30.0000 1.8500 -1.2900
v -30.0000 2.0000 -1.2900
v -30.0000 2.1500 -1.2900
v -30.2333 1.2500 -1.2900
v -30.2333 1.4000 -1.2900
v -30.2333 1.5500 -1.2900
v -30.2333 1.7000 -1.2900
v -30.2333 1.8500 -1.2900
v -30.2333 2.0000 -1.2900
v -30.2333 2.1500 -1.2900
v -30.4667 1.2500 -1.2900
v -30.4667 1.4000 -1.2900
v -30.4667 1.5500 -1.2900
v -30.4667 1.7000 -1.2900
v -30.4667 1.8500 -1.2900
v -30.4667 2.0000 -1.2900
v -30.4667 2.1500 -1.2900
v -30.7000 1.2500 -1.2900
v -30.7000 1.4000 -1.2900
v -30.7000 1.5500 -1.2900
v -30.7000 1.7000 -1.2900
v -30.7000 1.8500 -1.2900
v -30.7000 2.0000 -1.2900
v -30.7000 2.1500 -1.2900
v -30.7000 1.2500 -1.2900
v -30.7000 1.4000 -1.2900
v -30.7000 1.5500 -1.2900
v -30.7000 1.7000 -1.2900
v -30.7000 1.8500 -1.2900
v -30.7000 2.0000 -1.2900
v -30.7000 2.1500 -1.2900
v -30.7000 1.2500 -1.2767
v -30.7000 1.4000 -1.2767
v -30.7000 1.5500 -1.2767
v -30.7000 1.7000 -1.2767
v -30.7000 1.8500 -1.2767
v -30.7000 2.0000 -1.2767
v -30.7000 2.1500 -1.2767
v -30.7000 1.2500 -1.2633
v -30.7000 1.4000 -1.2633
v -30.7000 1.5500 -1.2633
v -30.7000 1.7000 -1.2633
v -30.7000 1.8500 -1.2633
v -30.7000 2.0000 -1.2633
v -30.7000 2.1500 -1.2633
v -30.7000 1.2500 -1.2500
v -30.7000 1.4000 -1.2500
v -30.7000 1.5500 -1.2500
v -30.7000 1.7000 -1.2500
v -30.7000 1.8500 -1.2500
v -30.7000 2.0000 -1.2500
v -30.7000 2.1500 -1.2500
v -30.7000 1.2500 -1.2367
v -30.7000 1.4000 -1.2367
v -30.7000 1.5500 -1.2367
v -30.7000 1.7000 -1.2367
v -30.7000 1.8500 -1.2367
v -30.7000 2.0000 -1.2367
v -30.7000 2.1500 -1.2367
v -30.7000 1.2500 -1.2233
v -30.7000 1.4000 -1.2233
v -30.7000 1.5500 -1.2233
v -30.7000 1.7000 -1.2233
v -30.7000 1.8500 -1.2233
v -30.7000 2.0000 -1.2233
v -30.7000 2.1500 -1.2233
v -30.7000 1.2500 -1.2100
v -30.7000 1.4000 -1.2100
v -30.7000 1.5500 -1.2100
v -30.7000 1.7000 -1.2100
v -30.7000 1.8500 -1.2100
v -30.7000 2.0000 -1.2100
v -30.7000 2.1500 -1.2100
v -29.3000 1.2500 -1.2100
v -29.3000 1.4000 -1.2100
v -29.3000 1.5500 -1.2100
v -29.3000 1.7000 -1.2100
v -29.3000 1.8500 -1.2100
v -29.3000 2.0000 -1.2100
v -29.3000 2.1500 -1.2100
v -29.3000 1.2500 -1.2233
v -29.3000 1.4000 -1.2233
v -29.3000 1.5500 -1.2233
v -29.3000 1.7000 -1.2233
v -29.3000 1.8500 -1.2233
v -29.3000 2.0000 -1.2233
v -29.3000 2.1500 -1.2233
v -29.3000 1.2500 -1.2367
v -29.3000 1.4000 -1.2367
v -29.3000 1.5500 -1.2367
v -29.3000 1.7000 -1.2367
v -29.3000 1.8500 -1.2367
v -29.3000 2.0000 -1.2367
v -29.3000 2.1500 -1.2367
v -29.3000 1.2500 -1.2500
v -29.3000 1.4000 -1.2500
v -29.3000 1.5500 -1.2500
v -29.3000 1.7000 -1.2500
v -29.3000 1.8500 -1.2500
v -29.3000 2.0000 -1.2500
v -29.3000 2.1500 -1.2500
v -29.3000 1.2500 -1.2633
v -29.3000 1.4000 -1.2633
v -29.3000 1.5500 -1.2633
v -29.3000 1.7000 -1.2633
v -29.3000 1.8500 -1.2633
v -29.3000 2.0000 -1.2633
v -29.3000 2.1500 -1.2633
v -29.3000 1.2500 -1.2767
v -29.3000 1.4000 -1.2767
v -29.3000 1.5500 -1.2767
v -29.3000 1.7000 -1.2767
v -29.3000 1.8500 -1.2767
v -29.3000 2.0000 -1.2767
v -29.3000 2.1500 -1.2767
v -29.3000 1.2500 -1.2900
v -29.3000 1.4000 -1.2900
v -29.3000 1.5500 -1.2900
v -29.3000 1.7000 -1.2900
v -29.3000 1.8500 -1.2900
v -29.3000 2.0000 -1.2900
v -29.3000 2.1500 -1.2900
v -30.7000 2.1500 -1.2900
v -30.7000 2.1500 -1.2767
v -30.7000 2.1500 -1.2633
v -30.7000 2.1500 -1.2500
v -30.7000 2.1500 -1.2367
v -30.7000 2.1500 -1.2233
v -30.7000 2.1500 -1.2100
v -30.4667 2.1500 -1.2900
v -30.4667 2.1500 -1.2767
v -30.4667 2.1500 -1.2633
v -30.4667 2.1500 -1.2500
v -30.4667 2.1500 -1.2367
v -30.4667 2.1500 -1.2233
v -30.4667 2.1500 -1.2100
v -30.2333 2.1500 -1.2900
v -30.2333 2.1500 -1.2767
v -30.2333 2.1500 -1.2633
v -30.2333 2.1500 -1.2500
v -30.2333 2.1500 -1.2367
v -30.2333 2.1500 -1.2233
v -30.2333 2.1500 -1.2100
v -30.0000 2.1500 -1.2900
v -30.0000 2.1500 -1.2767
v -30.0000 2.1500 -1.2633
v -30.0000 2.1500 -1.2500
v -30.0000 2.1500 -1.2367
v -30.0000 2.1500 -1.2233
v -30.0000 2.1500 -1.2100
v -29.7667 2.1500 -1.2900
v -29.7667 2.1500 -1.2767
v -29.7667 2.1500 -1.2633
v -29.7667 2.1500 -1.2500
v -29.7667 2.1500 -1.2367
v -29.7667 2.1500 -1.2233
v -29.7667 2.1500 -1.2100
v -29.5333 2.1500 -1.2900
v -29.5333 2.1500 -1.2767
v -29.5333 2.1500 -1.2633
v -29.5333 2.1500 -1.2500
v -29.5333 2.1500 -1.2367
v -29.5333 2.1500 -1.2233
v -29.5333 2.1500 -1.2100
v -29.3000 2.1500 -1.2900
v -29.3000 2.1500 -1.2767
v -29.3000 2.1500 -1.2633
v -29.3000 2.1500 -1.2500
v -29.3000 2.1500 -1.2367
v -29.3000 2.1500 -1.2233
v -29.3000 2.1500 -1.2100
v -30.7000 1.2500 -1.2100
v -30.7000 1.2500 -1.2233
v -30.7000 1.2500 -1.2367
v -30.7000 1.2500 -1.2500
v -30.7000 1.2500 -1.2633
v -30.7000 1.2500 -1.2767
v -30.7000 1.2500 -1.2900
v -30.4667 1.2500 -1.2100
v -30.4667 1.2500 -1.2233
v -30.4667 1.2500 -1.2367
v -30.4667 1.2500 -1.2500
v -30.4667 1.2500 -1.2633
v -30.4667 1.2500 -1.2767
v -30.4667 1.2500 -1.2900
v -30.2333 1.2500 -1.2100
v -30.2333 1.2500 -1.2233
v -30.2333 1.2500 -1.2367
v -30.2333 1.2500 -1.2500
v -30.2333 1.2500 -1.2633
v -30.2333 1.2500 -1.2767
v -30.2333 1.2500 -1.2900
v -30.0000 1.2500 -1.2100
v -30.0000 1.2500 -1.2233
v -30.0000 1.2500 -1.2367
v -30.0000 1.2500 -1.2500
v -30.0000 1.2500 -1.2633
v -30.0000 1.2500 -1.2767
v -30.0000 1.2500 -1.2900
v -29.7667 1.2500 -1.2100
v -29.7667 1.2500 -1.2233
v -29.7667 1.2500 -1.2367
v -29.7667 1.2500 -1.2500
v -29.7667 1.2500 -1.2633
v -29.7667 1.2500 -1.2767
v -29.7667 1.2500 -1.2900
v -29.5333 1.2500 -1.2100
v -29.5333 1.2500 -1.2233
v -29.5333 1.2500 -1.2367
v -29.5333 1.2500 -1.2500
v -29.5333 1.2500 -1.2633
v -29.5333 1.2500 -1.2767
v -29.5333 1.2500 -1.2900
v -29.3000 1.2500 -1.2100
v -29.3000 1.2500 -1.2233
v -29.3000 1.2500 -1.2367
v -29.3000 1.2500 -1.2500
v -29.3000 1.2500 -1.2633
v -29.3000 1.2500 -1.2767
v -29.3000 1.2500 -1.2900
f 6589 6590 6597
f 6589 6597 6596
f 6590 6591 6598
f 6590 6598 6597
f 6591 6592 6599
f 6591 6599 6598
f 6592 6593 6600
f 6592 6600 6599
f 6593 6594 6601
f 6593 6601 6600
f 6594 6595 6602
f 6594 6602 6601
f 6596 6597 6604
f 6596 6604 6603
f 6597 6598 6605
f 6597 6605 6604
f 6598 6599 6606
f 6598 6606 6605
f 6599 6600 6607
f 6599 6607 6606
f 6600 6601 6608
f 6600 6608 6607
f 6601 6602 6609
f 6601 6609 6608
f 6603 6604 6611
f 6603 6611 6610
f 6604 6605 6612
f 6604 6612 6611
f 6605 6606 6613
f 6605 6613 6612
f 6606 6607 6614
f 6606 6614 6613
f 6607 6608 6615
f 6607 6615 6614
f 6608 6609 6616
f 6608 6616 6615
f 6610 6611 6618
f 6610 6618 6617
f 6611 6612 6619
f 6611 6619 6618
f 6612 6613 6620
f 6612 6620 6619
f 6613 6614 6621
f 6613 6621 6620
f 6614 6615 6622
f 6614 6622 6621
f 6615 6616 6623
f 6615 6623 6622
f 6617 6618 6625
f 6617 6625 6624
f 6618 6619 6626
f 6618 6626 6625
f 6619 6620 6627
f 6619 6627 6626
f 6620 6621 6628
f 6620 6628 6627
f 6621 6622 6629
f 6621 6629 6628
f 6622 6623 6630
f 6622 6630 6629
f 6624 6625 6632
f 6624 6632 6631
f 6625 6626 6633
f 6625 6633 6632
f 6626 6627 6634
f 6626 6634 6633
f 6627 6628 6635
f 6627 6635 6634
f 6628 6629 6636
f 6628 6636 6635
f 6629 6630 6637
f 6629 6637 6636
f 6638 6639 6646
f 6638 6646 6645
f 6639 6640 6647
f 6639 6647 6646
f 6640 6641 6648
f 6640 6648 6647
f 6641 6642 6649
f 6641 6649 6648
f 6642 6643 6650
f 6642 6650 6649
f 6643 6644 6651
f 6643 6651 6650
f 6645 6646 6653
f 6645 6653 6652
f 6646 6647 6654
f 6646 6654 6653
f 6647 6648 6655
f 6647 6655 6654
f 6648 6649 6656
f 6648 6656 6655
f 6649 6650 6657
f 6649 6657 6656
f 6650 6651 6658
f 6650 6658 6657
f 6652 6653 6660
f 6652 6660 6659
f 6653 6654 6661
f 6653 6661 6660
f 6654 6655 6662
f 6654 6662 6661
f 6655 6656 6663
f 6655 6663 6662
f 6656 6657 6664
f 6656 6664 6663
f 6657 6658 6665
f 6657 6665 6664
f 6659 6660 6667
f 6659 6667 6666
f 6660 6661 6668
f 6660 6668 6667
f 6661 6662 6669
f 6661 6669 6668
f 6662 6663 6670
f 6662 6670 6669
f 6663 6664 6671
f 6663 6671 6670
f 6664 6665 6672
f 6664 6672 6671
f 6666 6667 6674
f 6666 6674 6673
f 6667 6668 6675
f 6667 6675 6674
f 6668 6669 6676
f 6668 6676 6675
f 6669 6670 6677
f 6669 6677 6676
f 6670 6671 6678
f 6670 6678 6677
f 6671 6672 6679
f 6671 6679 6678
f 6673 6674 6681
f 6673 6681 6680
f 6674 6675 6682
f 6674 6682 6681
f 6675 6676 6683
f 6675 6683 6682
f 6676 6677 6684
f 6676 6684 6683
f 6677 6678 6685
f 6677 6685 6684
f 6678 6679 6686
f 6678 6686 6685
f 6687 6688 6695
f 6687 6695 6694
f 6688 6689 6696
f 6688 6696 6695
f 6689 6690 6697
f 6689 6697 6696
f 6690 6691 6698
f 6690 6698 6697
f 6691 6692 6699
f 6691 6699 6698
f 6692 6693 6700
f 6692 6700 6699
f 6694 6695 6702
f 6694 6702 6701
f 6695 6696 6703
f 6695 6703 6702
f 6696 6697 6704
f 6696 6704 6703
f 6697 6698 6705
f 6697 6705 6704
f 6698 6699 6706
f 6698 6706 6705
f 6699 6700 6707
f 6699 6707 6706
f 6701 6702 6709
f 6701 6709 6708
f 6702 6703 6710
f 6702 6710 6709
f 6703 6704 6711
f 6703 6711 6710
f 6704 6705 6712
f 6704 6712 6711
f 6705 6706 6713
f 6705 6713 6712
f 6706 6707 6714
f 6706 6714 6713
f 6708 6709 6716
f 6708 6716 6715
f 6709 6710 6717
f 6709 6717 6716
f 6710 6711 6718
f 6710 6718 6717
f 6711 6712 6719
f 6711 6719 6718
f 6712 6713 6720
f 6712 6720 6719
f 6713 6714 6721
f 6713 6721 6720
f 6715 6716 6723
f 6715 6723 6722
f 6716 6717 6724
f 6716 6724 6723
f 6717 6718 6725
f 6717 6725 6724
f 6718 6719 6726
f 6718 6726 6725
f 6719 6720 6727
f 6719 6727 6726
f 6720 6721 6728
f 6720 6728 6727
f 6722 6723 6730
f 6722 6730 6729
f 6723 6724 6731
f 6723 6731 6730
f 6724 6725 6732
f 6724 6732 6731
f 6725 6726 6733
f 6725 6733 6732
f 6726 6727 6734
f 6726 6734 6733
f 6727 6728 6735
f 6727 6735 6734
f 6736 6737 6744
f 6736 6744 6743
f 6737 6738 6745
f 6737 6745 6744
f 6738 6739 6746
f 6738 6746 6745
f 6739 6740 6747
f 6739 6747 6746
f 6740 6741 6748
f 6740 6748 6747
f 6741 6742 6749
f 6741 6749 6748
f 6743 6744 6751
f 6743 6751 6750
f 6744 6745 6752
f 6744 6752 6751
f 6745 6746 6753
f 6745 6753 6752
f 6746 6747 6754
f 6746 6754 6753
f 6747 6748 6755
f 6747 6755 6754
f 6748 6749 6756
f 6748 6756 6755
f 6750 6751 6758
f 6750 6758 6757
f 6751 6752 6759
f 6751 6759 6758
f 6752 6753 6760
f 6752 6760 6759
f 6753 6754 6761
f 6753 6761 6760
f 6754 6755 6762
f 6754 6762 6761
f 6755 6756 6763
f 6755 6763 6762
f 6757 6758 6765
f 6757 6765 6764
f 6758 6759 6766
f 6758 6766 6765
f 6759 6760 6767
f 6759 6767 6766
f 6760 6761 6768
f 6760 6768 6767
f 6761 6762 6769
f 6761 6769 6768
f 6762 6763 6770
f 6762 6770 6769
f 6764 6765 6772
f 6764 6772 6771
f 6765 6766 6773
f 6765 6773 6772
f 6766 6767 6774
f 6766 6774 6773
f 6767 6768 6775
f 6767 6775 6774
f 6768 6769 6776
f 6768 6776 6775
f 6769 6770 6777
f 6769 6777 6776
f 6771 6772 6779
f 6771 6779 6778
f 6772 6773 6780
f 6772 6780 6779
f 6773 6774 6781
f 6773 6781 6780
f 6774 6775 6782
f 6774 6782 6781
f 6775 6776 6783
f 6775 6783 6782
f 6776 6777 6784
f 6776 6784 6783
f 6785 6786 6793
f 6785 6793 6792
f 6786 6787 6794
f 6786 6794 6793
f 6787 6788 6795
f 6787 6795 6794
f 6788 6789 6796
f 6788 6796 6795
f 6789 6790 6797
f 6789 6797 6796
f 6790 6791 6798
f 6790 6798 6797
f 6792 6793 6800
f 6792 6800 6799
f 6793 6794 6801
f 6793 6801 6800
f 6794 6795 6802
f 6794 6802 6801
f 6795 6796 6803
f 6795 6803 6802
f 6796 6797 6804
f 6796 6804 6803
f 6797 6798 6805
f 6797 6805 6804
f 6799 6800 6807
f 6799 6807 6806
f 6800 6801 6808
f 6800 6808 6807
f 6801 6802 6809
f 6801 6809 6808
f 6802 6803 6810
f 6802 6810 6809
f 6803 6804 6811
f 6803 6811 6810
f 6804 6805 6812
f 6804 6812 6811
f 6806 6807 6814
f 6806 6814 6813
f 6807 6808 6815
f 6807 6815 6814
f 6808 6809 6816
f 6808 6816 6815
f 6809 6810 6817
f 6809 6817 6816
f 6810 6811 6818
f 6810 6818 6817
f 6811 6812 6819
f 6811 6819 6818
f 6813 6814 6821
f 6813 6821 6820
f 6814 6815 6822
f 6814 6822 6821
f 6815 6816 6823
f 6815 6823 6822
f 6816 6817 6824
f 6816 6824 6823
f 6817 6818 6825
f 6817 6825 6824
f 6818 6819 6826
f 6818 6826 6825
f 6820 6821 6828
f 6820 6828 6827
f 6821 6822 6829
f 6821 6829 6828
f 6822 6823 6830
f 6822 6830 6829
f 6823 6824 6831
f 6823 6831 6830
f 6824 6825 6832
f 6824 6832 6831
f 6825 6826 6833
f 6825 6833 6832
f 6834 6835 6842
f 6834 6842 6841
f 6835 6836 6843
f 6835 6843 6842
f 6836 6837 6844
f 6836 6844 6843
f 6837 6838 6845
f 6837 6845 6844
f 6838 6839 6846
f 6838 6846 6845
f 6839 6840 6847
f 6839 6847 6846
f 6841 6842 6849
f 6841 6849 6848
f 6842 6843 6850
f 6842 6850 6849
f 6843 6844 6851
f 6843 6851 6850
f 6844 6845 6852
f 6844 6852 6851
f 6845 6846 6853
f 6845 6853 6852
f 6846 6847 6854
f 6846 6854 6853
f 6848 6849 6856
f 6848 6856 6855
f 6849 6850 6857
f 6849 6857 6856
f 6850 6851 6858
f 6850 6858 6857
f 6851 6852 6859
f 6851 6859 6858
f 6852 6853 6860
f 6852 6860 6859
f 6853 6854 6861
f 6853 6861 6860
f 6855 6856 6863
f 6855 6863 6862
f 6856 6857 6864
f 6856 6864 6863
f 6857 6858 6865
f 6857 6865 6864
f 6858 6859 6866
f 6858 6866 6865
f 6859 6860 6867
f 6859 6867 6866
f 6860 6861 6868
f 6860 6868 6867
f 6862 6863 6870
f 6862 6870 6869
f 6863 6864 6871
f 6863 6871 6870
f 6864 6865 6872
f 6864 6872 6871
f 6865 6866 6873
f 6865 6873 6872
f 6866 6867 6874
f 6866 6874 6873
f 6867 6868 6875
f 6867 6875 6874
f 6869 6870 6877
f 6869 6877 6876
f 6870 6871 6878
f 6870 6878 6877
f 6871 6872 6879
f 6871 6879 6878
f 6872 6873 6880
f 6872 6880 6879
f 6873 6874 6881
f 6873 6881 6880
f 6874 6875 6882
f 6874 6882 6881
g 관측창_1
v 29.3000 1.2500 -1.2100
v 29.3000 1.4000 -1.2100
v 29.3000 1.5500 -1.2100
v 29.3000 1.7000 -1.2100
v 29.3000 1.8500 -1.2100
v 29.3000 2.0000 -1.2100
v 29.3000 2.1500 -1.2100
v 29.5333 1.2500 -1.2100
v 29.5333 1.4000 -1.2100
v 29.5333 1.5500 -1.2100
v 29.5333 1.7000 -1.2100
v 29.5333 1.8500 -1.2100
v 29.5333 2.0000 -1.2100
v 29.5333 2.1500 -1.2100
v 29.7667 1.2500 -1.2100
v 29.7667 1.4000 -1.2100
v 29.7667 1.5500 -1.2100
v 29.7667 1.7000 -1.2100
v 29.7667 1.8500 -1.2100
v 29.7667 2.0000 -1.2100
v 29.7667 2.1500 -1.2100
v 30.0000 1.2500 -1.2100
v 30.0000 1.4000 -1.2100
v 30.0000 1.5500 -1.2100
v 30.0000 1.7000 -1.2100
v 30.0000 1.8500 -1.2100
v 30.0000 2.0000 -1.2100
v 30.0000 2.1500 -1.2100
v 30.2333 1.2500 -1.2100
v 30.2333 1.4000 -1.2100
v 30.2333 1.5500 -1.2100
v 30.2333 1.7000 -1.2100
v 30.2333 1.8500 -1.2100
v 30.2333 2.0000 -1.2100
v 30.2333 2.1500 -1.2100
v 30.4667 1.2500 -1.2100
v 30.4667 1.4000 -1.2100
v 30.4667 1.5500 -1.2100
v 30.4667 1.7000 -1.2100
v 30.4667 1.8500 -1.2100
v 30.4667 2.0000 -1.2100
v 30.4667 2.1500 -1.2100
v 30.7000 1.2500 -1.2100
v 30.7000 1.4000 -1.2100
v 30.7000 1.5500 -1.2100
v 30.7000 1.7000 -1.2100
v 30.7000 1.8500 -1.2100
v 30.7000 2.0000 -1.2100
v 30.7000 2.1500 -1.2100
v 30.7000 1.2500 -1.2900
v 30.7000 1.4000 -1.2900
v 30.7000 1.5500 -1.2900
v 30.7000 1.7000 -1.2900
v 30.7000 1.8500 -1.2900
v 30.7000 2.0000 -1.2900
v 30.7000 2.1500 -1.2900
v 30.4667 1.2500 -1.2900
v 30.4667 1.4000 -1.2900
v 30.4667 1.5500 -1.2900
v 30.4667 1.7000 -1.2900
v 30.4667 1.8500 -1.2900
v 30.4667 2.0000 -1.2900
v 30.4667 2.1500 -1.2900
v 30.2333 1.2500 -1.2900
v 30.2333 1.4000 -1.2900
v 30.2333 1.5500 -1.2900
v 30.2333 1.7000 -1.2900
v 30.2333 1.8500 -1.2900
v 30.2333 2.0000 -1.2900
v 30.2333 2.1500 -1.2900
v 30.0000 1.2500 -1.2900
v 30.0000 1.4000 -1.2900
v 30.0000 1.5500 -1.2900
v 30.0000 1.7000 -1.2900
v 30.0000 1.8500 -1.2900
v 30.0000 2.0000 -1.2900
v 30.0000 2.1500 -1.2900
v 29.7667 1.2500 -1.2900
v 29.7667 1.4000 -1.2900
v 29.7667 1.5500 -1.2900
v 29.7667 1.7000 -1.2900
v 29.7667 1.8500 -1.2900
v 29.7667 2.0000 -1.2900
v 29.7667 2.1500 -1.2900
v 29.5333 1.2500 -1.2900
v 29.5333 1.4000 -1.2900
v 29.5333 1.5500 -1.2900
v 29.5333 1.7000 -1.2900
v 29.5333 1.8500 -1.2900
v 29.5333 2.0000 -1.2900
v 29.5333 2.1500 -1.2900
v 29.3000 1.2500 -1.2900
v 29.3000 1.4000 -1.2900
v 29.3000 1.5500 -1.2900
v 29.3000 1.7000 -1.2900
v 29.3000 1.8500 -1.2900
v 29.3000 2.0000 -1.2900
v 29.3000 2.1500 -1.2900
v 29.3000 1.2500 -1.2900
v 29.3000 1.4000 -1.2900
v 29.3000 1.5500 -1.2900
v 29.3000 1.7000 -1.2900
v 29.3000 1.8500 -1.2900
v 29.3000 2.0000 -1.2900
v 29.3000 2.1500 -1.2900
v 29.3000 1.2500 -1.2767
v 29.3000 1.4000 -1.2767
v 29.3000 1.5500 -1.2767
v 29.3000 1.7000 -1.2767
v 29.3000 1.8500 -1.2767
v 29.3000 2.0000 -1.2767
v 29.3000 2.1500 -1.2767
v 29.3000 1.2500 -1.2633
v 29.3000 1.4000 -1.2633
v 29.3000 1.5500 -1.2633
v 29.3000 1.7000 -1.2633
v 29.3000 1.8500 -1.2633
v 29.3000 2.0000 -1.2633
v 29.3000 2.1500 -1.2633
v 29.3000 1.2500 -1.2500
v 29.3000 1.4000 -1.2500
v 29.3000 1.5500 -1.2500
v 29.3000 1.7000 -1.2500
v 29.3000 1.8500 -1.2500
v 29.3000 2.0000 -1.2500
v 29.3000 2.1500 -1.2500
v 29.3000 1.2500 -1.2367
v 29.3000 1.4000 -1.2367
v 29.3000 1.5500 -1.2367
v 29.3000 1.7000 -1.2367
v 29.3000 1.8500 -1.2367
v 29.3000 2.0000 -1.2367
v 29.3000 2.1500 -1.2367
v 29.3000 1.2500 -1.2233
v 29.3000 1.4000 -1.2233
v 29.3000 1.5500 -1.2233
v 29.3000 1.7000 -1.2233
v 29.3000 1.8500 -1.2233
v 29.3000 2.0000 -1.2233
v 29.3000 2.1500 -1.2233
v 29.3000 1.2500 -1.2100
v 29.3000 1.4000 -1.2100
v 29.3000 1.5500 -1.2100
v 29.3000 1.7000 -1.2100
v 29.3000 1.8500 -1.2100
v 29.3000 2.0000 -1.2100
v 29.3000 2.1500 -1.2100
v 30.7000 1.2500 -1.2100
v 30.7000 1.4000 -1.2100
v 30.7000 1.5500 -1.2100
v 30.7000 1.7000 -1.2100
v 30.7000 1.8500 -1.2100
v 30.7000 2.0000 -1.2100
v 30.7000 2.1500 -1.2100
v 30.7000 1.2500 -1.2233
v 30.7000 1.4000 -1.2233
v 30.7000 1.5500 -1.2233
v 30.7000 1.7000 -1.2233
v 30.7000 1.8500 -1.2233
v 30.7000 2.0000 -1.2233
v 30.7000 2.1500 -1.2233
v 30.7000 1.2500 -1.2367
v 30.7000 1.4000 -1.2367
v 30.7000 1.5500 -1.2367
v 30.7000 1.7000 -1.2367
v 30.7000 1.8500 -1.2367
v 30.7000 2.0000 -1.2367
v 30.7000 2.1500 -1.2367
v 30.7000 1.2500 -1.2500
v 30.7000 1.4000 -1.2500
v 30.7000 1.5500 -1.2500
v 30.7000 1.7000 -1.2500
v 30.7000 1.8500 -1.2500
v 30.7000 2.0000 -1.2500
v 30.7000 2.1500 -1.2500
v 30.7000 1.2500 -1.2633
v 30.7000 1.4000 -1.2633
v 30.7000 1.5500 -1.2633
v 30.7000 1.7000 -1.2633
v 30.7000 1.8500 -1.2633
v 30.7000 2.0000 -1.2633
v 30.7000 2.1500 -1.2633
v 30.7000 1.2500 -1.2767
v 30.7000 1.4000 -1.2767
v 30.7000 1.5500 -1.2767
v 30.7000 1.7000 -1.2767
v 30.7000 1.8500 -1.2767
v 30.7000 2.0000 -1.2767
v 30.7000 2.1500 -1.2767
v 30.7000 1.2500 -1.2900
v 30.7000 1.4000 -1.2900
v 30.7000 1.5500 -1.2900
v 30.7000 1.7000 -1.2900
v 30.7000 1.8500 -1.2900
v 30.7000 2.0000 -1.2900
v 30.7000 2.1500 -1.2900
v 29.3000 2.1500 -1.2900
v 29.3000 2.1500 -1.2767
v 29.3000 2.1500 -1.2633
v 29.3000 2.1500 -1.2500
v 29.3000 2.1500 -1.2367
v 29.3000 2.1500 -1.2233
v 29.3000 2.1500 -1.2100
v 29.5333 2.1500 -1.2900
v 29.5333 2.1500 -1.2767
v 29.5333 2.1500 -1.2633
v 29.5333 2.1500 -1.2500
v 29.5333 2.1500 -1.2367
v 29.5333 2.1500 -1.2233
v 29.5333 2.1500 -1.2100
v 29.7667 2.1500 -1.2900
v 29.7667 2.1500 -1.2767
v 29.7667 2.1500 -1.2633
v 29.7667 2.1500 -1.2500
v 29.7667 2.1500 -1.2367
v 29.7667 2.1500 -1.2233
v 29.7667 2.1500 -1.2100
v 30.0000 2.1500 -1.2900
v 30.0000 2.1500 -1.2767
v 30.0000 2.1500 -1.2633
v 30.0000 2.1500 -1.2500
v 30.0000 2.1500 -1.2367
v 30.0000 2.1500 -1.2233
v 30.0000 2.1500 -1.2100
v 30.2333 2.1500 -1.2900
v 30.2333 2.1500 -1.2767
v 30.2333 2.1500 -1.2633
v 30.2333 2.1500 -1.2500
v 30.2333 2.1500 -1.2367
v 30.2333 2.1500 -1.2233
v 30.2333 2.1500 -1.2100
v 30.4667 2.1500 -1.2900
v 30.4667 2.1500 -1.2767
v 30.4667 2.1500 -1.2633
v 30.4667 2.1500 -1.2500
v 30.4667 2.1500 -1.2367
v 30.4667 2.1500 -1.2233
v 30.4667 2.1500 -1.2100
v 30.7000 2.1500 -1.2900
v 30.7000 2.1500 -1.2767
v 30.7000 2.1500 -1.2633
v 30.7000 2.1500 -1.2500
v 30.7000 2.1500 -1.2367
v 30.7000 2.1500 -1.2233
v 30.7000 2.1500 -1.2100
v 29.3000 1.2500 -1.2100
v 29.3000 1.2500 -1.2233
v 29.3000 1.2500 -1.2367
v 29.3000 1.2500 -1.2500
v 29.3000 1.2500 -1.2633
v 29.3000 1.2500 -1.2767
v 29.3000 1.2500 -1.2900
v 29.5333 1.2500 -1.2100
v 29.5333 1.2500 -1.2233
v 29.5333 1.2500 -1.2367
v 29.5333 1.2500 -1.2500
v 29.5333 1.2500 -1.2633
v 29.5333 1.2500 -1.2767
v 29.5333 1.2500 -1.2900
v 29.7667 1.2500 -1.2100
v 29.7667 1.2500 -1.2233
v 29.7667 1.2500 -1.2367
v 29.7667 1.2500 -1.2500
v 29.7667 1.2500 -1.2633
v 29.7667 1.2500 -1.2767
v 29.7667 1.2500 -1.2900
v 30.0000 1.2500 -1.2100
v 30.0000 1.2500 -1.2233
v 30.0000 1.2500 -1.2367
v 30.0000 1.2500 -1.2500
v 30.0000 1.2500 -1.2633
v 30.0000 1.2500 -1.2767
v 30.0000 1.2500 -1.2900
v 30.2333 1.2500 -1.2100
v 30.2333 1.2500 -1.2233
v 30.2333 1.2500 -1.2367
v 30.2333 1.2500 -1.2500
v 30.2333 1.2500 -1.2633
v 30.2333 1.2500 -1.2767
v 30.2333 1.2500 -1.2900
v 30.4667 1.2500 -1.2100
v 30.4667 1.2500 -1.2233
v 30.4667 1.2500 -1.2367
v 30.4667 1.2500 -1.2500
v 30.4667 1.2500 -1.2633
v 30.4667 1.2500 -1.2767
v 30.4667 1.2500 -1.2900
v 30.7000 1.2500 -1.2100
v 30.7000 1.2500 -1.2233
v 30.7000 1.2500 -1.2367
v 30.7000 1.2500 -1.2500
v 30.7000 1.2500 -1.2633
v 30.7000 1.2500 -1.2767
v 30.7000 1.2500 -1.2900
f 6883 6884 6891
f 6883 6891 6890
f 6884 6885 6892
f 6884 6892 6891
f 6885 6886 6893
f 6885 6893 6892
f 6886 6887 6894
f 6886 6894 6893
f 6887 6888 6895
f 6887 6895 6894
f 6888 6889 6896
f 6888 6896 6895
f 6890 6891 6898
f 6890 6898 6897
f 6891 6892 6899
f 6891 6899 6898
f 6892 6893 6900
f 6892 6900 6899
f 6893 6894 6901
f 6893 6901 6900
f 6894 6895 6902
f 6894 6902 6901
f 6895 6896 6903
f 6895 6903 6902
f 6897 6898 6905
f 6897 6905 6904
f 6898 6899 6906
f 6898 6906 6905
f 6899 6900 6907
f 6899 6907 6906
f 6900 6901 6908
f 6900 6908 6907
f 6901 6902 6909
f 6901 6909 6908
f 6902 6903 6910
f 6902 6910 6909
f 6904 6905 6912
f 6904 6912 6911
f 6905 6906 6913
f 6905 6913 6912
f 6906 6907 6914
f 6906 6914 6913
f 6907 6908 6915
f 6907 6915 6914
f 6908 6909 6916
f 6908 6916 6915
f 6909 6910 6917
f 6909 6917 6916
f 6911 6912 6919
f 6911 6919 6918
f 6912 6913 6920
f 6912 6920 6919
f 6913 6914 6921
f 6913 6921 6920
f 6914 6915 6922
f 6914 6922 6921
f 6915 6916 6923
f 6915 6923 6922
f 6916 6917 6924
f 6916 6924 6923
f 6918 6919 6926
f 6918 6926 6925
f 6919 6920 6927
f 6919 6927 6926
f 6920 6921 6928
f 6920 6928 6927
f 6921 6922 6929
f 6921 6929 6928
f 6922 6923 6930
f 6922 6930 6929
f 6923 6924 6931
f 6923 6931 6930
f 6932 6933 6940
f 6932 6940 6939
f 6933 6934 6941
f 6933 6941 6940
f 6934 6935 6942
f 6934 6942 6941
f 6935 6936 6943
f 6935 6943 6942
f 6936 6937 6944
f 6936 6944 6943
f 6937 6938 6945
f 6937 6945 6944
f 6939 6940 6947
f 6939 6947 6946
f 6940 6941 6948
f 6940 6948 6947
f 6941 6942 6949
f 6941 6949 6948
f 6942 6943 6950
f 6942 6950 6949
f 6943 6944 6951
f 6943 6951 6950
f 6944 6945 6952
f 6944 6952 6951
f 6946 6947 6954
f 6946 6954 6953
f 6947 6948 6955
f 6947 6955 6954
f 6948 6949 6956
f 6948 6956 6955
f 6949 6950 6957
f 6949 6957 6956
f 6950 6951 6958
f 6950 6958 6957
f 6951 6952 6959
f 6951 6959 6958
f 6953 6954 6961
f 6953 6961 6960
f 6954 6955 6962
f 6954 6962 6961
f 6955 6956 6963
f 6955 6963 6962
f 6956 6957 6964
f 6956 6964 6963
f 6957 6958 6965
f 6957 6965 6964
f 6958 6959 6966
f 6958 6966 6965
f 6960 6961 6968
f 6960 6968 6967
f 6961 6962 6969
f 6961 6969 6968
f 6962 6963 6970
f 6962 6970 6969
f 6963 6964 6971
f 6963 6971 6970
f 6964 6965 6972
f 6964 6972 6971
f 6965 6966 6973
f 6965 6973 6972
f 6967 6968 6975
f 6967 6975 6974
f 6968 6969 6976
f 6968 6976 6975
f 6969 6970 6977
f 6969 6977 6976
f 6970 6971 6978
f 6970 6978 6977
f 6971 6972 6979
f 6971 6979 6978
f 6972 6973 6980
f 6972 6980 6979
f 6981 6982 6989
f 6981 6989 6988
f 6982 6983 6990
f 6982 6990 6989
f 6983 6984 6991
f 6983 6991 6990
f 6984 6985 6992
f 6984 6992 6991
f 6985 6986 6993
f 6985 6993 6992
f 6986 6987 6994
f 6986 6994 6993
f 6988 6989 6996
f 6988 6996 6995
f 6989 6990 6997
f 6989 6997 6996
f 6990 6991 6998
f 6990 6998 6997
f 6991 6992 6999
f 6991 6999 6998
f 6992 6993 7000
f 6992 7000 6999
f 6993 6994 7001
f 6993 7001 7000
f 6995 6996 7003
f 6995 7003 7002
f 6996 6997 7004
f 6996 7004 7003
f 6997 6998 7005
f 6997 7005 7004
f 6998 6999 7006
f 6998 7006 7005
f 6999 7000 7007
f 6999 7007 7006
f 7000 7001 7008
f 7000 7008 7007
f 7002 7003 7010
f 7002 7010 7009
f 7003 7004 7011
f 7003 7011 7010
f 7004 7005 7012
f 7004 7012 7011
f 7005 7006 7013
f 7005 7013 7012
f 7006 7007 7014
f 7006 7014 7013
f 7007 7008 7015
f 7007 7015 7014
f 7009 7010 7017
f 7009 7017 7016
f 7010 7011 7018
f 7010 7018 7017
f 7011 7012 7019
f 7011 7019 7018
f 7012 7013 7020
f 7012 7020 7019
f 7013 7014 7021
f 7013 7021 7020
f 7014 7015 7022
f 7014 7022 7021
f 7016 7017 7024
f 7016 7024 7023
f 7017 7018 7025
f 7017 7025 7024
f 7018 7019 7026
f 7018 7026 7025
f 7019 7020 7027
f 7019 7027 7026
f 7020 7021 7028
f 7020 7028 7027
f 7021 7022 7029
f 7021 7029 7028
f 7030 7031 7038
f 7030 7038 7037
f 7031 7032 7039
f 7031 7039 7038
f 7032 7033 7040
f 7032 7040 7039
f 7033 7034 7041
f 7033 7041 7040
f 7034 7035 7042
f 7034 7042 7041
f 7035 7036 7043
f 7035 7043 7042
f 7037 7038 7045
f 7037 7045 7044
f 7038 7039 7046
f 7038 7046 7045
f 7039 7040 7047
f 7039 7047 7046
f 7040 7041 7048
f 7040 7048 7047
f 7041 7042 7049
f 7041 7049 7048
f 7042 7043 7050
f 7042 7050 7049
f 7044 7045 7052
f 7044 7052 7051
f 7045 7046 7053
f 7045 7053 7052
f 7046 7047 7054
f 7046 7054 7053
f 7047 7048 7055
f 7047 7055 7054
f 7048 7049 7056
f 7048 7056 7055
f 7049 7050 7057
f 7049 7057 7056
f 7051 7052 7059
f 7051 7059 7058
f 7052 7053 7060
f 7052 7060 7059
f 7053 7054 7061
f 7053 7061 7060
f 7054 7055 7062
f 7054 7062 7061
f 7055 7056 7063
f 7055 7063 7062
f 7056 7057 7064
f 7056 7064 7063
f 7058 7059 7066
f 7058 7066 7065
f 7059 7060 7067
f 7059 7067 7066
f 7060 7061 7068
f 7060 7068 7067
f 7061 7062 7069
f 7061 7069 7068
f 7062 7063 7070
f 7062 7070 7069
f 7063 7064 7071
f 7063 7071 7070
f 7065 7066 7073
f 7065 7073 7072
f 7066 7067 7074
f 7066 7074 7073
f 7067 7068 7075
f 7067 7075 7074
f 7068 7069 7076
f 7068 7076 7075
f 7069 7070 7077
f 7069 7077 7076
f 7070 7071 7078
f 7070 7078 7077
f 7079 7080 7087
f 7079 7087 7086
f 7080 7081 7088
f 7080 7088 7087
f 7081 7082 7089
f 7081 7089 7088
f 7082 7083 7090
f 7082 7090 7089
f 7083 7084 7091
f 7083 7091 7090
f 7084 7085 7092
f 7084 7092 7091
f 7086 7087 7094
f 7086 7094 7093
f 7087 7088 7095
f 7087 7095 7094
f 7088 7089 7096
f 7088 7096 7095
f 7089 7090 7097
f 7089 7097 7096
f 7090 7091 7098
f 7090 7098 7097
f 7091 7092 7099
f 7091 7099 7098
f 7093 7094 7101
f 7093 7101 7100
f 7094 7095 7102
f 7094 7102 7101
f 7095 7096 7103
f 7095 7103 7102
f 7096 7097 7104
f 7096 7104 7103
f 7097 7098 7105
f 7097 7105 7104
f 7098 7099 7106
f 7098 7106 7105
f 7100 7101 7108
f 7100 7108 7107
f 7101 7102 7109
f 7101 7109 7108
f 7102 7103 7110
f 7102 7110 7109
f 7103 7104 7111
f 7103 7111 7110
f 7104 7105 7112
f 7104 7112 7111
f 7105 7106 7113
f 7105 7113 7112
f 7107 7108 7115
f 7107 7115 7114
f 7108 7109 7116
f 7108 7116 7115
f 7109 7110 7117
f 7109 7117 7116
f 7110 7111 7118
f 7110 7118 7117
f 7111 7112 7119
f 7111 7119 7118
f 7112 7113 7120
f 7112 7120 7119
f 7114 7115 7122
f 7114 7122 7121
f 7115 7116 7123
f 7115 7123 7122
f 7116 7117 7124
f 7116 7124 7123
f 7117 7118 7125
f 7117 7125 7124
f 7118 7119 7126
f 7118 7126 7125
f 7119 7120 7127
f 7119 7127 7126
f 7128 7129 7136
f 7128 7136 7135
f 7129 7130 7137
f 7129 7137 7136
f 7130 7131 7138
f 7130 7138 7137
f 7131 7132 7139
f 7131 7139 7138
f 7132 7133 7140
f 7132 7140 7139
f 7133 7134 7141
f 7133 7141 7140
f 7135 7136 7143
f 7135 7143 7142
f 7136 7137 7144
f 7136 7144 7143
f 7137 7138 7145
f 7137 7145 7144
f 7138 7139 7146
f 7138 7146 7145
f 7139 7140 7147
f 7139 7147 7146
f 7140 7141 7148
f 7140 7148 7147
f 7142 7143 7150
f 7142 7150 7149
f 7143 7144 7151
f 7143 7151 7150
f 7144 7145 7152
f 7144 7152 7151
f 7145 7146 7153
f 7145 7153 7152
f 7146 7147 7154
f 7146 7154 7153
f 7147 7148 7155
f 7147 7155 7154
f 7149 7150 7157
f 7149 7157 7156
f 7150 7151 7158
f 7150 7158 7157
f 7151 7152 7159
f 7151 7159 7158
f 7152 7153 7160
f 7152 7160 7159
f 7153 7154 7161
f 7153 7161 7160
f 7154 7155 7162
f 7154 7162 7161
f 7156 7157 7164
f 7156 7164 7163
f 7157 7158 7165
f 7157 7165 7164
f 7158 7159 7166
f 7158 7166 7165
f 7159 7160 7167
f 7159 7167 7166
f 7160 7161 7168
f 7160 7168 7167
f 7161 7162 7169
f 7161 7169 7168
f 7163 7164 7171
f 7163 7171 7170
f 7164 7165 7172
f 7164 7172 7171
f 7165 7166 7173
f 7165 7173 7172
f 7166 7167 7174
f 7166 7174 7173
f 7167 7168 7175
f 7167 7175 7174
f 7168 7169 7176
f 7168 7176 7175
g 차단봉_0
v -27.0000 0.9400 0.0600
v -27.0000 0.9600 0.0600
v -27.0000 0.9800 0.0600
v -27.0000 1.0000 0.0600
v -27.0000 1.0200 0.0600
v -27.0000 1.0400 0.0600
v -27.0000 1.0600 0.0600
v -26.0000 0.9400 0.0600
v -26.0000 0.9600 0.0600
v -26.0000 0.9800 0.0600
v -26.0000 1.0000 0.0600
v -26.0000 1.0200 0.0600
v -26.0000 1.0400 0.0600
v -26.0000 1.0600 0.0600
v -25.0000 0.9400 0.0600
v -25.0000 0.9600 0.0600
v -25.0000 0.9800 0.0600
v -25.0000 1.0000 0.0600
v -25.0000 1.0200 0.0600
v -25.0000 1.0400 0.0600
v -25.0000 1.0600 0.0600
v -24.0000 0.9400 0.0600
v -24.0000 0.9600 0.0600
v -24.0000 0.9800 0.0600
v -24.0000 1.0000 0.0600
v -24.0000 1.0200 0.0600
v -24.0000 1.0400 0.0600
v -24.0000 1.0600 0.0600
v -23.0000 0.9400 0.0600
v -23.0000 0.9600 0.0600
v -23.0000 0.9800 0.0600
v -23.0000 1.0000 0.0600
v -23.0000 1.0200 0.0600
v -23.0000 1.0400 0.0600
v -23.0000 1.0600 0.0600
v -22.0000 0.9400 0.0600
v -22.0000 0.9600 0.0600
v -22.0000 0.9800 0.0600
v -22.0000 1.0000 0.0600
v -22.0000 1.0200 0.0600
v -22.0000 1.0400 0.0600
v -22.0000 1.0600 0.0600
v -21.0000 0.9400 0.0600
v -21.0000 0.9600 0.0600
v -21.0000 0.9800 0.0600
v -21.0000 1.0000 0.0600
v -21.0000 1.0200 0.0600
v -21.0000 1.0400 0.0600
v -21.0000 1.0600 0.0600
v -21.0000 0.9400 -0.0600
v -21.0000 0.9600 -0.0600
v -21.0000 0.9800 -0.0600
v -21.0000 1.0000 -0.0600
v -21.0000 1.0200 -0.0600
v -21.0000 1.0400 -0.0600
v -21.0000 1.0600 -0.0600
v -22.0000 0.9400 -0.0600
v -22.0000 0.9600 -0.0600
v -22.0000 0.9800 -0.0600
v -22.0000 1.0000 -0.0600
v -22.0000 1.0200 -0.0600
v -22.0000 1.0400 -0.0600
v -22.0000 1.0600 -0.0600
v -23.0000 0.9400 -0.0600
v -23.0000 0.9600 -0.0600
v -23.0000 0.9800 -0.0600
v -23.0000 1.0000 -0.0600
v -23.0000 1.0200 -0.0600
v -23.0000 1.0400 -0.0600
v -23.0000 1.0600 -0.0600
v -24.0000 0.9400 -0.0600
v -24.0000 0.9600 -0.0600
v -24.0000 0.9800 -0.0600
v -24.0000 1.0000 -0.0600
v -24.0000 1.0200 -0.0600
v -24.0000 1.0400 -0.0600
v -24.0000 1.0600 -0.0600
v -25.0000 0.9400 -0.0600
v -25.0000 0.9600 -0.0600
v -25.0000 0.9800 -0.0600
v -25.0000 1.0000 -0.0600
v -25.0000 1.0200 -0.0600
v -25.0000 1.0400 -0.0600
v -25.0000 1.0600 -0.0600
v -26.0000 0.9400 -0.0600
v -26.0000 0.9600 -0.0600
v -26.0000 0.9800 -0.0600
v -26.0000 1.0000 -0.0600
v -26.0000 1.0200 -0.0600
v -26.0000 1.0400 -0.0600
v -26.0000 1.0600 -0.0600
v -27.0000 0.9400 -0.0600
v -27.0000 0.9600 -0.0600
v -27.0000 0.9800 -0.0600
v -27.0000 1.0000 -0.0600
v -27.0000 1.0200 -0.0600
v -27.0000 1.0400 -0.0600
v -27.0000 1.0600 -0.0600
v -27.0000 0.9400 -0.0600
v -27.0000 0.9600 -0.0600
v -27.0000 0.9800 -0.0600
v -27.0000 1.0000 -0.0600
v -27.0000 1.0200 -0.0600
v -27.0000 1.0400 -0.0600
v -27.0000 1.0600 -0.0600
v -27.0000 0.9400 -0.0400
v -27.0000 0.9600 -0.0400
v -27.0000 0.9800 -0.0400
v -27.0000 1.0000 -0.0400
v -27.0000 1.0200 -0.0400
v -27.0000 1.0400 -0.0400
v -27.0000 1.0600 -0.0400
v -27.0000 0.9400 -0.0200
v -27.0000 0.9600 -0.0200
v -27.0000 0.9800 -0.0200
v -27.0000 1.0000 -0.0200
v -27.0000 1.0200 -0.0200
v -27.0000 1.0400 -0.0200
v -27.0000 1.0600 -0.0200
v -27.0000 0.9400 0.0000
v -27.0000 0.9600 0.0000
v -27.0000 0.9800 0.0000
v -27.0000 1.0000 0.0000
v -27.0000 1.0200 0.0000
v -27.0000 1.0400 0.0000
v -27.0000 1.0600 0.0000
v -27.0000 0.9400 0.0200
v -27.0000 0.9600 0.0200
v -27.0000 0.9800 0.0200
v -27.0000 1.0000 0.0200
v -27.0000 1.0200 0.0200
v -27.0000 1.0400 0.0200
v -27.0000 1.0600 0.0200
v -27.0000 0.9400 0.0400
v -27.0000 0.9600 0.0400
v -27.0000 0.9800 0.0400
v -27.0000 1.0000 0.0400
v -27.0000 1.0200 0.0400
v -27.0000 1.0400 0.0400
v -27.0000 1.0600 0.0400
v -27.0000 0.9400 0.0600
v -27.0000 0.9600 0.0600
v -27.0000 0.9800 0.0600
v -27.0000 1.0000 0.0600
v -27.0000 1.0200 0.0600
v -27.0000 1.0400 0.0600
v -27.0000 1.0600 0.0600
v -21.0000 0.9400 0.0600
v -21.0000 0.9600 0.0600
v -21.0000 0.9800 0.0600
v -21.0000 1.0000 0.0600
v -21.0000 1.0200 0.0600
v -21.0000 1.0400 0.0600
v -21.0000 1.0600 0.0600
v -21.0000 0.9400 0.0400
v -21.0000 0.9600 0.0400
v -21.0000 0.9800 0.0400
v -21.0000 1.0000 0.0400
v -21.0000 1.0200 0.0400
v -21.0000 1.0400 0.0400
v -21.0000 1.0600 0.0400
v -21.0000 0.9400 0.0200
v -21.0000 0.9600 0.0200
v -21.0000 0.9800 0.0200
v -21.0000 1.0000 0.0200
v -21.0000 1.0200 0.0200
v -21.0000 1.0400 0.0200
v -21.0000 1.0600 0.0200
v -21.0000 0.9400 0.0000
v -21.0000 0.9600 0.0000
v -21.0000 0.9800 0.0000
v -21.0000 1.0000 0.0000
v -21.0000 1.0200 0.0000
v -21.0000 1.0400 0.0000
v -21.0000 1.0600 0.0000
v -21.0000 0.9400 -0.0200
v -21.0000 0.9600 -0.0200
v -21.0000 0.9800 -0.0200
v -21.0000 1.0000 -0.0200
v -21.0000 1.0200 -0.0200
v -21.0000 1.0400 -0.0200
v -21.0000 1.0600 -0.0200
v -21.0000 0.9400 -0.0400
v -21.0000 0.9600 -0.0400
v -21.0000 0.9800 -0.0400
v -21.0000 1.0000 -0.0400
v -21.0000 1.0200 -0.0400
v -21.0000 1.0400 -0.0400
v -21.0000 1.0600 -0.0400
v -21.0000 0.9400 -0.0600
v -21.0000 0.9600 -0.0600
v -21.0000 0.9800 -0.0600
v -21.0000 1.0000 -0.0600
v -21.0000 1.0200 -0.0600
v -21.0000 1.0400 -0.0600
v -21.0000 1.0600 -0.0600
v -27.0000 1.0600 -0.0600
v -27.0000 1.0600 -0.0400
v -27.0000 1.0600 -0.0200
v -27.0000 1.0600 0.0000
v -27.0000 1.0600 0.0200
v -27.0000 1.0600 0.0400
v -27.0000 1.0600 0.0600
v -26.0000 1.0600 -0.0600
v -26.0000 1.0600 -0.0400
v -26.0000 1.0600 -0.0200
v -26.0000 1.0600 0.0000
v -26.0000 1.0600 0.0200
v -26.0000 1.0600 0.0400
v -26.0000 1.0600 0.0600
v -25.0000 1.0600 -0.0600
v -25.0000 1.0600 -0.0400
v -25.0000 1.0600 -0.0200
v -25.0000 1.0600 0.0000
v -25.0000 1.0600 0.0200
v -25.0000 1.0600 0.0400
v -25.0000 1.0600 0.0600
v -24.0000 1.0600 -0.0600
v -24.0000 1.0600 -0.0400
v -24.0000 1.0600 -0.0200
v -24.0000 1.0600 0.0000
v -24.0000 1.0600 0.0200
v -24.0000 1.0600 0.0400
v -24.0000 1.0600 0.0600
v -23.0000 1.0600 -0.0600
v -23.0000 1.0600 -0.0400
v -23.0000 1.0600 -0.0200
v -23.0000 1.0600 0.0000
v -23.0000 1.0600 0.0200
v -23.0000 1.0600 0.0400
v -23.0000 1.0600 0.0600
v -22.0000 1.0600 -0.0600
v -22.0000 1.0600 -0.0400
v -22.0000 1.0600 -0.0200
v -22.0000 1.0600 0.0000
v -22.0000 1.0600 0.0200
v -22.0000 1.0600 0.0400
v -22.0000 1.0600 0.0600
v -21.0000 1.0600 -0.0600
v -21.0000 1.0600 -0.0400
v -21.0000 1.0600 -0.0200
v -21.0000 1.0600 0.0000
v -21.0000 1.0600 0.0200
v -21.0000 1.0600 0.0400
v -21.0000 1.0600 0.0600
v -27.0000 0.9400 0.0600
v -27.0000 0.9400 0.0400
v -27.0000 0.9400 0.0200
v -27.0000 0.9400 0.0000
v -27.0000 0.9400 -0.0200
v -27.0000 0.9400 -0.0400
v -27.0000 0.9400 -0.0600
v -26.0000 0.9400 0.0600
v -26.0000 0.9400 0.0400
v -26.0000 0.9400 0.0200
v -26.0000 0.9400 0.0000
v -26.0000 0.9400 -0.0200
v -26.0000 0.9400 -0.0400
v -26.0000 0.9400 -0.0600
v -25.0000 0.9400 0.0600
v -25.0000 0.9400 0.0400
v -25.0000 0.9400 0.0200
v -25.0000 0.9400 0.0000
v -25.0000 0.9400 -0.0200
v -25.0000 0.9400 -0.0400
v -25.0000 0.9400 -0.0600
v -24.0000 0.9400 0.0600
v -24.0000 0.9400 0.0400
v -24.0000 0.9400 0.0200
v -24.0000 0.9400 0.0000
v -24.0000 0.9400 -0.0200
v -24.0000 0.9400 -0.0400
v -24.0000 0.9400 -0.0600
v -23.0000 0.9400 0.0600
v -23.0000 0.9400 0.0400
v -23.0000 0.9400 0.0200
v -23.0000 0.9400 0.0000
v -23.0000 0.9400 -0.0200
v -23.0000 0.9400 -0.0400
v -23.0000 0.9400 -0.0600
v -22.0000 0.9400 0.0600
v -22.0000 0.9400 0.0400
v -22.0000 0.9400 0.0200
v -22.0000 0.9400 0.0000
v -22.0000 0.9400 -0.0200
v -22.0000 0.9400 -0.0400
v -22.0000 0.9400 -0.0600
v -21.0000 0.9400 0.0600
v -21.0000 0.9400 0.0400
v -21.0000 0.9400 0.0200
v -21.0000 0.9400 0.0000
v -21.0000 0.9400 -0.0200
v -21.0000 0.9400 -0.0400
v -21.0000 0.9400 -0.0600
f 7177 7178 7185
f 7177 7185 7184
f 7178 7179 7186
f 7178 7186 7185
f 7179 7180 7187
f 7179 7187 7186
f 7180 7181 7188
f 7180 7188 7187
f 7181 7182 7189
f 7181 7189 7188
f 7182 7183 7190
f 7182 7190 7189
f 7184 7185 7192
f 7184 7192 7191
f 7185 7186 7193
f 7185 7193 7192
f 7186 7187 7194
f 7186 7194 7193
f 7187 7188 7195
f 7187 7195 7194
f 7188 7189 7196
f 7188 7196 7195
f 7189 7190 7197
f 7189 7197 7196
f 7191 7192 7199
f 7191 7199 7198
f 7192 7193 7200
f 7192 7200 7199
f 7193 7194 7201
f 7193 7201 7200
f 7194 7195 7202
f 7194 7202 7201
f 7195 7196 7203
f 7195 7203 7202
f 7196 7197 7204
f 7196 7204 7203
f 7198 7199 7206
f 7198 7206 7205
f 7199 7200 7207
f 7199 7207 7206
f 7200 7201 7208
f 7200 7208 7207
f 7201 7202 7209
f 7201 7209 7208
f 7202 7203 7210
f 7202 7210 7209
f 7203 7204 7211
f 7203 7211 7210
f 7205 7206 7213
f 7205 7213 7212
f 7206 7207 7214
f 7206 7214 7213
f 7207 7208 7215
f 7207 7215 7214
f 7208 7209 7216
f 7208 7216 7215
f 7209 7210 7217
f 7209 7217 7216
f 7210 7211 7218
f 7210 7218 7217
f 7212 7213 7220
f 7212 7220 7219
f 7213 7214 7221
f 7213 7221 7220
f 7214 7215 7222
f 7214 7222 7221
f 7215 7216 7223
f 7215 7223 7222
f 7216 7217 7224
f 7216 7224 7223
f 7217 7218 7225
f 7217 7225 7224
f 7226 7227 7234
f 7226 7234 7233
f 7227 7228 7235
f 7227 7235 7234
f 7228 7229 7236
f 7228 7236 7235
f 7229 7230 7237
f 7229 7237 7236
f 7230 7231 7238
f 7230 7238 7237
f 7231 7232 7239
f 7231 7239 7238
f 7233 7234 7241
f 7233 7241 7240
f 7234 7235 7242
f 7234 7242 7241
f 7235 7236 7243
f 7235 7243 7242
f 7236 7237 7244
f 7236 7244 7243
f 7237 7238 7245
f 7237 7245 7244
f 7238 7239 7246
f 7238 7246 7245
f 7240 7241 7248
f 7240 7248 7247
f 7241 7242 7249
f 7241 7249 7248
f 7242 7243 7250
f 7242 7250 7249
f 7243 7244 7251
f 7243 7251 7250
f 7244 7245 7252
f 7244 7252 7251
f 7245 7246 7253
f 7245 7253 7252
f 7247 7248 7255
f 7247 7255 7254
f 7248 7249 7256
f 7248 7256 7255
f 7249 7250 7257
f 7249 7257 7256
f 7250 7251 7258
f 7250 7258 7257
f 7251 7252 7259
f 7251 7259 7258
f 7252 7253 7260
f 7252 7260 7259
f 7254 7255 7262
f 7254 7262 7261
f 7255 7256 7263
f 7255 7263 7262
f 7256 7257 7264
f 7256 7264 7263
f 7257 7258 7265
f 7257 7265 7264
f 7258 7259 7266
f 7258 7266 7265
f 7259 7260 7267
f 7259 7267 7266
f 7261 7262 7269
f 7261 7269 7268
f 7262 7263 7270
f 7262 7270 7269
f 7263 7264 7271
f 7263 7271 7270
f 7264 7265 7272
f 7264 7272 7271
f 7265 7266 7273
f 7265 7273 7272
f 7266 7267 7274
f 7266 7274 7273
f 7275 7276 7283
f 7275 7283 7282
f 7276 7277 7284
f 7276 7284 7283
f 7277 7278 7285
f 7277 7285 7284
f 7278 7279 7286
f 7278 7286 7285
f 7279 7280 7287
f 7279 7287 7286
f 7280 7281 7288
f 7280 7288 7287
f 7282 7283 7290
f 7282 7290 7289
f 7283 7284 7291
f 7283 7291 7290
f 7284 7285 7292
f 7284 7292 7291
f 7285 7286 7293
f 7285 7293 7292
f 7286 7287 7294
f 7286 7294 7293
f 7287 7288 7295
f 7287 7295 7294
f 7289 7290 7297
f 7289 7297 7296
f 7290 7291 7298
f 7290 7298 7297
f 7291 7292 7299
f 7291 7299 7298
f 7292 7293 7300
f 7292 7300 7299
f 7293 7294 7301
f 7293 7301 7300
f 7294 7295 7302
f 7294 7302 7301
f 7296 7297 7304
f 7296 7304 7303
f 7297 7298 7305
f 7297 7305 7304
f 7298 7299 7306
f 7298 7306 7305
f 7299 7300 7307
f 7299 7307 7306
f 7300 7301 7308
f 7300 7308 7307
f 7301 7302 7309
f 7301 7309 7308
f 7303 7304 7311
f 7303 7311 7310
f 7304 7305 7312
f 7304 7312 7311
f 7305 7306 7313
f 7305 7313 7312
f 7306 7307 7314
f 7306 7314 7313
f 7307 7308 7315
f 7307 7315 7314
f 7308 7309 7316
f 7308 7316 7315
f 7310 7311 7318
f 7310 7318 7317
f 7311 7312 7319
f 7311 7319 7318
f 7312 7313 7320
f 7312 7320 7319
f 7313 7314 7321
f 7313 7321 7320
f 7314 7315 7322
f 7314 7322 7321
f 7315 7316 7323
f 7315 7323 7322
f 7324 7325 7332
f 7324 7332 7331
f 7325 7326 7333
f 7325 7333 7332
f 7326 7327 7334
f 7326 7334 7333
f 7327 7328 7335
f 7327 7335 7334
f 7328 7329 7336
f 7328 7336 7335
f 7329 7330 7337
f 7329 7337 7336
f 7331 7332 7339
f 7331 7339 7338
f 7332 7333 7340
f 7332 7340 7339
f 7333 7334 7341
f 7333 7341 7340
f 7334 7335 7342
f 7334 7342 7341
f 7335 7336 7343
f 7335 7343 7342
f 7336 7337 7344
f 7336 7344 7343
f 7338 7339 7346
f 7338 7346 7345
f 7339 7340 7347
f 7339 7347 7346
f 7340 7341 7348
f 7340 7348 7347
f 7341 7342 7349
f 7341 7349 7348
f 7342 7343 7350
f 7342 7350 7349
f 7343 7344 7351
f 7343 7351 7350
f 7345 7346 7353
f 7345 7353 7352
f 7346 7347 7354
f 7346 7354 7353
f 7347 7348 7355
f 7347 7355 7354
f 7348 7349 7356
f 7348 7356 7355
f 7349 7350 7357
f 7349 7357 7356
f 7350 7351 7358
f 7350 7358 7357
f 7352 7353 7360
f 7352 7360 7359
f 7353 7354 7361
f 7353 7361 7360
f 7354 7355 7362
f 7354 7362 7361
f 7355 7356 7363
f 7355 7363 7362
f 7356 7357 7364
f 7356 7364 7363
f 7357 7358 7365
f 7357 7365 7364
f 7359 7360 7367
f 7359 7367 7366
f 7360 7361 7368
f 7360 7368 7367
f 7361 7362 7369
f 7361 7369 7368
f 7362 7363 7370
f 7362 7370 7369
f 7363 7364 7371
f 7363 7371 7370
f 7364 7365 7372
f 7364 7372 7371
f 7373 7374 7381
f 7373 7381 7380
f 7374 7375 7382
f 7374 7382 7381
f 7375 7376 7383
f 7375 7383 7382
f 7376 7377 7384
f 7376 7384 7383
f 7377 7378 7385
f 7377 7385 7384
f 7378 7379 7386
f 7378 7386 7385
f 7380 7381 7388
f 7380 7388 7387
f 7381 7382 7389
f 7381 7389 7388
f 7382 7383 7390
f 7382 7390 7389
f 7383 7384 7391
f 7383 7391 7390
f 7384 7385 7392
f 7384 7392 7391
f 7385 7386 7393
f 7385 7393 7392
f 7387 7388 7395
f 7387 7395 7394
f 7388 7389 7396
f 7388 7396 7395
f 7389 7390 7397
f 7389 7397 7396
f 7390 7391 7398
f 7390 7398 7397
f 7391 7392 7399
f 7391 7399 7398
f 7392 7393 7400
f 7392 7400 7399
f 7394 7395 7402
f 7394 7402 7401
f 7395 7396 7403
f 7395 7403 7402
f 7396 7397 7404
f 7396 7404 7403
f 7397 7398 7405
f 7397 7405 7404
f 7398 7399 7406
f 7398 7406 7405
f 7399 7400 7407
f 7399 7407 7406
f 7401 7402 7409
f 7401 7409 7408
f 7402 7403 7410
f 7402 7410 7409
f 7403 7404 7411
f 7403 7411 7410
f 7404 7405 7412
f 7404 7412 7411
f 7405 7406 7413
f 7405 7413 7412
f 7406 7407 7414
f 7406 7414 7413
f 7408 7409 7416
f 7408 7416 7415
f 7409 7410 7417
f 7409 7417 7416
f 7410 7411 7418
f 7410 7418 7417
f 7411 7412 7419
f 7411 7419 7418
f 7412 7413 7420
f 7412 7420 7419
f 7413 7414 7421
f 7413 7421 7420
f 7422 7423 7430
f 7422 7430 7429
f 7423 7424 7431
f 7423 7431 7430
f 7424 7425 7432
f 7424 7432 7431
f 7425 7426 7433
f 7425 7433 7432
f 7426 7427 7434
f 7426 7434 7433
f 7427 7428 7435
f 7427 7435 7434
f 7429 7430 7437
f 7429 7437 7436
f 7430 7431 7438
f 7430 7438 7437
f 7431 7432 7439
f 7431 7439 7438
f 7432 7433 7440
f 7432 7440 7439
f 7433 7434 7441
f 7433 7441 7440
f 7434 7435 7442
f 7434 7442 7441
f 7436 7437 7444
f 7436 7444 7443
f 7437 7438 7445
f 7437 7445 7444
f 7438 7439 7446
f 7438 7446 7445
f 7439 7440 7447
f 7439 7447 7446
f 7440 7441 7448
f 7440 7448 7447
f 7441 7442 7449
f 7441 7449 7448
f 7443 7444 7451
f 7443 7451 7450
f 7444 7445 7452
f 7444 7452 7451
f 7445 7446 7453
f 7445 7453 7452
f 7446 7447 7454
f 7446 7454 7453
f 7447 7448 7455
f 7447 7455 7454
f 7448 7449 7456
f 7448 7456 7455
f 7450 7451 7458
f 7450 7458 7457
f 7451 7452 7459
f 7451 7459 7458
f 7452 7453 7460
f 7452 7460 7459
f 7453 7454 7461
f 7453 7461 7460
f 7454 7455 7462
f 7454 7462 7461
f 7455 7456 7463
f 7455 7463 7462
f 7457 7458 7465
f 7457 7465 7464
f 7458 7459 7466
f 7458 7466 7465
f 7459 7460 7467
f 7459 7467 7466
f 7460 7461 7468
f 7460 7468 7467
f 7461 7462 7469
f 7461 7469 7468
f 7462 7463 7470
f 7462 7470 7469
g 차단봉_1
v 21.0000 0.9400 0.0600
v 21.0000 0.9600 0.0600
v 21.0000 0.9800 0.0600
v 21.0000 1.0000 0.0600
v 21.0000 1.0200 0.0600
v 21.0000 1.0400 0.0600
v 21.0000 1.0600 0.0600
v 22.0000 0.9400 0.0600
v 22.0000 0.9600 0.0600
v 22.0000 0.9800 0.0600
v 22.0000 1.0000 0.0600
v 22.0000 1.0200 0.0600
v 22.0000 1.0400 0.0600
v 22.0000 1.0600 0.0600
v 23.0000 0.9400 0.0600
v 23.0000 0.9600 0.0600
v 23.0000 0.9800 0.0600
v 23.0000 1.0000 0.0600
v 23.0000 1.0200 0.0600
v 23.0000 1.0400 0.0600
v 23.0000 1.0600 0.0600
v 24.0000 0.9400 0.0600
v 24.0000 0.9600 0.0600
v 24.0000 0.9800 0.0600
v 24.0000 1.0000 0.0600
v 24.0000 1.0200 0.0600
v 24.0000 1.0400 0.0600
v 24.0000 1.0600 0.0600
v 25.0000 0.9400 0.0600
v 25.0000 0.9600 0.0600
v 25.0000 0.9800 0.0600
v 25.0000 1.0000 0.0600
v 25.0000 1.0200 0.0600
v 25.0000 1.0400 0.0600
v 25.0000 1.0600 0.0600
v 26.0000 0.9400 0.0600
v 26.0000 0.9600 0.0600
v 26.0000 0.9800 0.0600
v 26.0000 1.0000 0.0600
v 26.0000 1.0200 0.0600
v 26.0000 1.0400 0.0600
v 26.0000 1.0600 0.0600
v 27.0000 0.9400 0.0600
v 27.0000 0.9600 0.0600
v 27.0000 0.9800 0.0600
v 27.0000 1.0000 0.0600
v 27.0000 1.0200 0.0600
v 27.0000 1.0400 0.0600
v 27.0000 1.0600 0.0600
v 27.0000 0.9400 -0.0600
v 27.0000 0.9600 -0.0600
v 27.0000 0.9800 -0.0600
v 27.0000 1.0000 -0.0600
v 27.0000 1.0200 -0.0600
v 27.0000 1.0400 -0.0600
v 27.0000 1.0600 -0.0600
v 26.0000 0.9400 -0.0600
v 26.0000 0.9600 -0.0600
v 26.0000 0.9800 -0.0600
v 26.0000 1.0000 -0.0600
v 26.0000 1.0200 -0.0600
v 26.0000 1.0400 -0.0600
v 26.0000 1.0600 -0.0600
v 25.0000 0.9400 -0.0600
v 25.0000 0.9600 -0.0600
v 25.0000 0.9800 -0.0600
v 25.0000 1.0000 -0.0600
v 25.0000 1.0200 -0.0600
v 25.0000 1.0400 -0.0600
v 25.0000 1.0600 -0.0600
v 24.0000 0.9400 -0.0600
v 24.0000 0.9600 -0.0600
v 24.0000 0.9800 -0.0600
v 24.0000 1.0000 -0.0600
v 24.0000 1.0200 -0.0600
v 24.0000 1.0400 -0.0600
v 24.0000 1.0600 -0.0600
v 23.0000 0.9400 -0.0600
v 23.0000 0.9600 -0.0600
v 23.0000 0.9800 -0.0600
v 23.0000 1.0000 -0.0600
v 23.0000 1.0200 -0.0600
v 23.0000 1.0400 -0.0600
v 23.0000 1.0600 -0.0600
v 22.0000 0.9400 -0.0600
v 22.0000 0.9600 -0.0600
v 22.0000 0.9800 -0.0600
v 22.0000 1.0000 -0.0600
v 22.0000 1.0200 -0.0600
v 22.0000 1.0400 -0.0600
v 22.0000 1.0600 -0.0600
v 21.0000 0.9400 -0.0600
v 21.0000 0.9600 -0.0600
v 21.0000 0.9800 -0.0600
v 21.0000 1.0000 -0.0600
v 21.0000 1.0200 -0.0600
v 21.0000 1.0400 -0.0600
v 21.0000 1.0600 -0.0600
v 21.0000 0.9400 -0.0600
v 21.0000 0.9600 -0.0600
v 21.0000 0.9800 -0.0600
v 21.0000 1.0000 -0.0600
v 21.0000 1.0200 -0.0600
v 21.0000 1.0400 -0.0600
v 21.0000 1.0600 -0.0600
v 21.0000 0.9400 -0.0400
v 21.0000 0.9600 -0.0400
v 21.0000 0.9800 -0.0400
v 21.0000 1.0000 -0.0400
v 21.0000 1.0200 -0.0400
v 21.0000 1.0400 -0.0400
v 21.0000 1.0600 -0.0400
v 21.0000 0.9400 -0.0200
v 21.0000 0.9600 -0.0200
v 21.0000 0.9800 -0.0200
v 21.0000 1.0000 -0.0200
v 21.0000 1.0200 -0.0200
v 21.0000 1.0400 -0.0200
v 21.0000 1.0600 -0.0200
v 21.0000 0.9400 0.0000
v 21.0000 0.9600 0.0000
v 21.0000 0.9800 0.0000
v 21.0000 1.0000 0.0000
v 21.0000 1.0200 0.0000
v 21.0000 1.0400 0.0000
v 21.0000 1.0600 0.0000
v 21.0000 0.9400 0.0200
v 21.0000 0.9600 0.0200
v 21.0000 0.9800 0.0200
v 21.0000 1.0000 0.0200
v 21.0000 1.0200 0.0200
v 21.0000 1.0400 0.0200
v 21.0000 1.0600 0.0200
v 21.0000 0.9400 0.0400
v 21.0000 0.9600 0.0400
v 21.0000 0.9800 0.0400
v 21.0000 1.0000 0.0400
v 21.0000 1.0200 0.0400
v 21.0000 1.0400 0.0400
v 21.0000 1.0600 0.0400
v 21.0000 0.9400 0.0600
v 21.0000 0.9600 0.0600
v 21.0000 0.9800 0.0600
v 21.0000 1.0000 0.0600
v 21.0000 1.0200 0.0600
v 21.0000 1.0400 0.0600
v 21.0000 1.0600 0.0600
v 27.0000 0.9400 0.0600
v 27.0000 0.9600 0.0600
v 27.0000 0.9800 0.0600
v 27.0000 1.0000 0.0600
v 27.0000 1.0200 0.0600
v 27.0000 1.0400 0.0600
v 27.0000 1.0600 0.0600
v 27.0000 0.9400 0.0400
v 27.0000 0.9600 0.0400
v 27.0000 0.9800 0.0400
v 27.0000 1.0000 0.0400
v 27.0000 1.0200 0.0400
v 27.0000 1.0400 0.0400
v 27.0000 1.0600 0.0400
v 27.0000 0.9400 0.0200
v 27.0000 0.9600 0.0200
v 27.0000 0.9800 0.0200
v 27.0000 1.0000 0.0200
v 27.0000 1.0200 0.0200
v 27.0000 1.0400 0.0200
v 27.0000 1.0600 0.0200
v 27.0000 0.9400 0.0000
v 27.0000 0.9600 0.0000
v 27.0000 0.9800 0.0000
v 27.0000 1.0000 0.0000
v 27.0000 1.0200 0.0000
v 27.0000 1.0400 0.0000
v 27.0000 1.0600 0.0000
v 27.0000 0.9400 -0.0200
v 27.0000 0.9600 -0.0200
v 27.0000 0.9800 -0.0200
v 27.0000 1.0000 -0.0200
v 27.0000 1.0200 -0.0200
v 27.0000 1.0400 -0.0200
v 27.0000 1.0600 -0.0200
v 27.0000 0.9400 -0.0400
v 27.0000 0.9600 -0.0400
v 27.0000 0.9800 -0.0400
v 27.0000 1.0000 -0.0400
v 27.0000 1.0200 -0.0400
v 27.0000 1.0400 -0.0400
v 27.0000 1.0600 -0.0400
v 27.0000 0.9400 -0.0600
v 27.0000 0.9600 -0.0600
v 27.0000 0.9800 -0.0600
v 27.0000 1.0000 -0.0600
v 27.0000 1.0200 -0.0600
v 27.0000 1.0400 -0.0600
v 27.0000 1.0600 -0.0600
v 21.0000 1.0600 -0.0600
v 21.0000 1.0600 -0.0400
v 21.0000 1.0600 -0.0200
v 21.0000 1.0600 0.0000
v 21.0000 1.0600 0.0200
v 21.0000 1.0600 0.0400
v 21.0000 1.0600 0.0600
v 22.0000 1.0600 -0.0600
v 22.0000 1.0600 -0.0400
v 22.0000 1.0600 -0.0200
v 22.0000 1.0600 0.0000
v 22.0000 1.0600 0.0200
v 22.0000 1.0600 0.0400
v 22.0000 1.0600 0.0600
v 23.0000 1.0600 -0.0600
v 23.0000 1.0600 -0.0400
v 23.0000 1.0600 -0.0200
v 23.0000 1.0600 0.0000
v 23.0000 1.0600 0.0200
v 23.0000 1.0600 0.0400
v 23.0000 1.0600 0.0600
v 24.0000 1.0600 -0.0600
v 24.0000 1.0600 -0.0400
v 24.0000 1.0600 -0.0200
v 24.0000 1.0600 0.0000
v 24.0000 1.0600 0.0200
v 24.0000 1.0600 0.0400
v 24.0000 1.0600 0.0600
v 25.0000 1.0600 -0.0600
v 25.0000 1.0600 -0.0400
v 25.0000 1.0600 -0.0200
v 25.0000 1.0600 0.0000
v 25.0000 1.0600 0.0200
v 25.0000 1.0600 0.0400
v 25.0000 1.0600 0.0600
v 26.0000 1.0600 -0.0600
v 26.0000 1.0600 -0.0400
v 26.0000 1.0600 -0.0200
v 26.0000 1.0600 0.0000
v 26.0000 1.0600 0.0200
v 26.0000 1.0600 0.0400
v 26.0000 1.0600 0.0600
v 27.0000 1.0600 -0.0600
v 27.0000 1.0600 -0.0400
v 27.0000 1.0600 -0.0200
v 27.0000 1.0600 0.0000
v 27.0000 1.0600 0.0200
v 27.0000 1.0600 0.0400
v 27.0000 1.0600 0.0600
v 21.0000 0.9400 0.0600
v 21.0000 0.9400 0.0400
v 21.0000 0.9400 0.0200
v 21.0000 0.9400 0.0000
v 21.0000 0.9400 -0.0200
v 21.0000 0.9400 -0.0400
v 21.0000 0.9400 -0.0600
v 22.0000 0.9400 0.0600
v 22.0000 0.9400 0.0400
v 22.0000 0.9400 0.0200
v 22.0000 0.9400 0.0000
v 22.0000 0.9400 -0.0200
v 22.0000 0.9400 -0.0400
v 22.0000 0.9400 -0.0600
v 23.0000 0.9400 0.0600
v 23.0000 0.9400 0.0400
v 23.0000 0.9400 0.0200
v 23.0000 0.9400 0.0000
v 23.0000 0.9400 -0.0200
v 23.0000 0.9400 -0.0400
v 23.0000 0.9400 -0.0600
v 24.0000 0.9400 0.0600
v 24.0000 0.9400 0.0400
v 24.0000 0.9400 0.0200
v 24.0000 0.9400 0.0000
v 24.0000 0.9400 -0.0200
v 24.0000 0.9400 -0.0400
v 24.0000 0.9400 -0.0600
v 25.0000 0.9400 0.0600
v 25.0000 0.9400 0.0400
v 25.0000 0.9400 0.0200
v 25.0000 0.9400 0.0000
v 25.0000 0.9400 -0.0200
v 25.0000 0.9400 -0.0400
v 25.0000 0.9400 -0.0600
v 26.0000 0.9400 0.0600
v 26.0000 0.9400 0.0400
v 26.0000 0.9400 0.0200
v 26.0000 0.9400 0.0000
v 26.0000 0.9400 -0.0200
v 26.0000 0.9400 -0.0400
v 26.0000 0.9400 -0.0600
v 27.0000 0.9400 0.0600
v 27.0000 0.9400 0.0400
v 27.0000 0.9400 0.0200
v 27.0000 0.9400 0.0000
v 27.0000 0.9400 -0.0200
v 27.0000 0.9400 -0.0400
v 27.0000 0.9400 -0.0600
f 7471 7472 7479
f 7471 7479 7478
f 7472 7473 7480
f 7472 7480 7479
f 7473 7474 7481
f 7473 7481 7480
f 7474 7475 7482
f 7474 7482 7481
f 7475 7476 7483
f 7475 7483 7482
f 7476 7477 7484
f 7476 7484 7483
f 7478 7479 7486
f 7478 7486 7485
f 7479 7480 7487
f 7479 7487 7486
f 7480 7481 7488
f 7480 7488 7487
f 7481 7482 7489
f 7481 7489 7488
f 7482 7483 7490
f 7482 7490 7489
f 7483 7484 7491
f 7483 7491 7490
f 7485 7486 7493
f 7485 7493 7492
f 7486 7487 7494
f 7486 7494 7493
f 7487 7488 7495
f 7487 7495 7494
f 7488 7489 7496
f 7488 7496 7495
f 7489 7490 7497
f 7489 7497 7496
f 7490 7491 7498
f 7490 7498 7497
f 7492 7493 7500
f 7492 7500 7499
f 7493 7494 7501
f 7493 7501 7500
f 7494 7495 7502
f 7494 7502 7501
f 7495 7496 7503
f 7495 7503 7502
f 7496 7497 7504
f 7496 7504 7503
f 7497 7498 7505
f 7497 7505 7504
f 7499 7500 7507
f 7499 7507 7506
f 7500 7501 7508
f 7500 7508 7507
f 7501 7502 7509
f 7501 7509 7508
f 7502 7503 7510
f 7502 7510 7509
f 7503 7504 7511
f 7503 7511 7510
f 7504 7505 7512
f 7504 7512 7511
f 7506 7507 7514
f 7506 7514 7513
f 7507 7508 7515
f 7507 7515 7514
f 7508 7509 7516
f 7508 7516 7515
f 7509 7510 7517
f 7509 7517 7516
f 7510 7511 7518
f 7510 7518 7517
f 7511 7512 7519
f 7511 7519 7518
f 7520 7521 7528
f 7520 7528 7527
f 7521 7522 7529
f 7521 7529 7528
f 7522 7523 7530
f 7522 7530 7529
f 7523 7524 7531
f 7523 7531 7530
f 7524 7525 7532
f 7524 7532 7531
f 7525 7526 7533
f 7525 7533 7532
f 7527 7528 7535
f 7527 7535 7534
f 7528 7529 7536
f 7528 7536 7535
f 7529 7530 7537
f 7529 7537 7536
f 7530 7531 7538
f 7530 7538 7537
f 7531 7532 7539
f 7531 7539 7538
f 7532 7533 7540
f 7532 7540 7539
f 7534 7535 7542
f 7534 7542 7541
f 7535 7536 7543
f 7535 7543 7542
f 7536 7537 7544
f 7536 7544 7543
f 7537 7538 7545
f 7537 7545 7544
f 7538 7539 7546
f 7538 7546 7545
f 7539 7540 7547
f 7539 7547 7546
f 7541 7542 7549
f 7541 7549 7548
f 7542 7543 7550
f 7542 7550 7549
f 7543 7544 7551
f 7543 7551 7550
f 7544 7545 7552
f 7544 7552 7551
f 7545 7546 7553
f 7545 7553 7552
f 7546 7547 7554
f 7546 7554 7553
f 7548 7549 7556
f 7548 7556 7555
f 7549 7550 7557
f 7549 7557 7556
f 7550 7551 7558
f 7550 7558 7557
f 7551 7552 7559
f 7551 7559 7558
f 7552 7553 7560
f 7552 7560 7559
f 7553 7554 7561
f 7553 7561 7560
f 7555 7556 7563
f 7555 7563 7562
f 7556 7557 7564
f 7556 7564 7563
f 7557 7558 7565
f 7557 7565 7564
f 7558 7559 7566
f 7558 7566 7565
f 7559 7560 7567
f 7559 7567 7566
f 7560 7561 7568
f 7560 7568 7567
f 7569 7570 7577
f 7569 7577 7576
f 7570 7571 7578
f 7570 7578 7577
f 7571 7572 7579
f 7571 7579 7578
f 7572 7573 7580
f 7572 7580 7579
f 7573 7574 7581
f 7573 7581 7580
f 7574 7575 7582
f 7574 7582 7581
f 7576 7577 7584
f 7576 7584 7583
f 7577 7578 7585
f 7577 7585 7584
f 7578 7579 7586
f 7578 7586 7585
f 7579 7580 7587
f 7579 7587 7586
f 7580 7581 7588
f 7580 7588 7587
f 7581 7582 7589
f 7581 7589 7588
f 7583 7584 7591
f 7583 7591 7590
f 7584 7585 7592
f 7584 7592 7591
f 7585 7586 7593
f 7585 7593 7592
f 7586 7587 7594
f 7586 7594 7593
f 7587 7588 7595
f 7587 7595 7594
f 7588 7589 7596
f 7588 7596 7595
f 7590 7591 7598
f 7590 7598 7597
f 7591 7592 7599
f 7591 7599 7598
f 7592 7593 7600
f 7592 7600 7599
f 7593 7594 7601
f 7593 7601 7600
f 7594 7595 7602
f 7594 7602 7601
f 7595 7596 7603
f 7595 7603 7602
f 7597 7598 7605
f 7597 7605 7604
f 7598 7599 7606
f 7598 7606 7605
f 7599 7600 7607
f 7599 7607 7606
f 7600 7601 7608
f 7600 7608 7607
f 7601 7602 7609
f 7601 7609 7608
f 7602 7603 7610
f 7602 7610 7609
f 7604 7605 7612
f 7604 7612 7611
f 7605 7606 7613
f 7605 7613 7612
f 7606 7607 7614
f 7606 7614 7613
f 7607 7608 7615
f 7607 7615 7614
f 7608 7609 7616
f 7608 7616 7615
f 7609 7610 7617
f 7609 7617 7616
f 7618 7619 7626
f 7618 7626 7625
f 7619 7620 7627
f 7619 7627 7626
f 7620 7621 7628
f 7620 7628 7627
f 7621 7622 7629
f 7621 7629 7628
f 7622 7623 7630
f 7622 7630 7629
f 7623 7624 7631
f 7623 7631 7630
f 7625 7626 7633
f 7625 7633 7632
f 7626 7627 7634
f 7626 7634 7633
f 7627 7628 7635
f 7627 7635 7634
f 7628 7629 7636
f 7628 7636 7635
f 7629 7630 7637
f 7629 7637 7636
f 7630 7631 7638
f 7630 7638 7637
f 7632 7633 7640
f 7632 7640 7639
f 7633 7634 7641
f 7633 7641 7640
f 7634 7635 7642
f 7634 7642 7641
f 7635 7636 7643
f 7635 7643 7642
f 7636 7637 7644
f 7636 7644 7643
f 7637 7638 7645
f 7637 7645 7644
f 7639 7640 7647
f 7639 7647 7646
f 7640 7641 7648
f 7640 7648 7647
f 7641 7642 7649
f 7641 7649 7648
f 7642 7643 7650
f 7642 7650 7649
f 7643 7644 7651
f 7643 7651 7650
f 7644 7645 7652
f 7644 7652 7651
f 7646 7647 7654
f 7646 7654 7653
f 7647 7648 7655
f 7647 7655 7654
f 7648 7649 7656
f 7648 7656 7655
f 7649 7650 7657
f 7649 7657 7656
f 7650 7651 7658
f 7650 7658 7657
f 7651 7652 7659
f 7651 7659 7658
f 7653 7654 7661
f 7653 7661 7660
f 7654 7655 7662
f 7654 7662 7661
f 7655 7656 7663
f 7655 7663 7662
f 7656 7657 7664
f 7656 7664 7663
f 7657 7658 7665
f 7657 7665 7664
f 7658 7659 7666
f 7658 7666 7665
f 7667 7668 7675
f 7667 7675 7674
f 7668 7669 7676
f 7668 7676 7675
f 7669 7670 7677
f 7669 7677 7676
f 7670 7671 7678
f 7670 7678 7677
f 7671 7672 7679
f 7671 7679 7678
f 7672 7673 7680
f 7672 7680 7679
f 7674 7675 7682
f 7674 7682 7681
f 7675 7676 7683
f 7675 7683 7682
f 7676 7677 7684
f 7676 7684 7683
f 7677 7678 7685
f 7677 7685 7684
f 7678 7679 7686
f 7678 7686 7685
f 7679 7680 7687
f 7679 7687 7686
f 7681 7682 7689
f 7681 7689 7688
f 7682 7683 7690
f 7682 7690 7689
f 7683 7684 7691
f 7683 7691 7690
f 7684 7685 7692
f 7684 7692 7691
f 7685 7686 7693
f 7685 7693 7692
f 7686 7687 7694
f 7686 7694 7693
f 7688 7689 7696
f 7688 7696 7695
f 7689 7690 7697
f 7689 7697 7696
f 7690 7691 7698
f 7690 7698 7697
f 7691 7692 7699
f 7691 7699 7698
f 7692 7693 7700
f 7692 7700 7699
f 7693 7694 7701
f 7693 7701 7700
f 7695 7696 7703
f 7695 7703 7702
f 7696 7697 7704
f 7696 7704 7703
f 7697 7698 7705
f 7697 7705 7704
f 7698 7699 7706
f 7698 7706 7705
f 7699 7700 7707
f 7699 7707 7706
f 7700 7701 7708
f 7700 7708 7707
f 7702 7703 7710
f 7702 7710 7709
f 7703 7704 7711
f 7703 7711 7710
f 7704 7705 7712
f 7704 7712 7711
f 7705 7706 7713
f 7705 7713 7712
f 7706 7707 7714
f 7706 7714 7713
f 7707 7708 7715
f 7707 7715 7714
f 7716 7717 7724
f 7716 7724 7723
f 7717 7718 7725
f 7717 7725 7724
f 7718 7719 7726
f 7718 7726 7725
f 7719 7720 7727
f 7719 7727 7726
f 7720 7721 7728
f 7720 7728 7727
f 7721 7722 7729
f 7721 7729 7728
f 7723 7724 7731
f 7723 7731 7730
f 7724 7725 7732
f 7724 7732 7731
f 7725 7726 7733
f 7725 7733 7732
f 7726 7727 7734
f 7726 7734 7733
f 7727 7728 7735
f 7727 7735 7734
f 7728 7729 7736
f 7728 7736 7735
f 7730 7731 7738
f 7730 7738 7737
f 7731 7732 7739
f 7731 7739 7738
f 7732 7733 7740
f 7732 7740 7739
f 7733 7734 7741
f 7733 7741 7740
f 7734 7735 7742
f 7734 7742 7741
f 7735 7736 7743
f 7735 7743 7742
f 7737 7738 7745
f 7737 7745 7744
f 7738 7739 7746
f 7738 7746 7745
f 7739 7740 7747
f 7739 7747 7746
f 7740 7741 7748
f 7740 7748 7747
f 7741 7742 7749
f 7741 7749 7748
f 7742 7743 7750
f 7742 7750 7749
f 7744 7745 7752
f 7744 7752 7751
f 7745 7746 7753
f 7745 7753 7752
f 7746 7747 7754
f 7746 7754 7753
f 7747 7748 7755
f 7747 7755 7754
f 7748 7749 7756
f 7748 7756 7755
f 7749 7750 7757
f 7749 7757 7756
f 7751 7752 7759
f 7751 7759 7758
f 7752 7753 7760
f 7752 7760 7759
f 7753 7754 7761
f 7753 7761 7760
f 7754 7755 7762
f 7754 7762 7761
f 7755 7756 7763
f 7755 7763 7762
f 7756 7757 7764
f 7756 7764 7763
g 차단봉 지주_0
v -27.0800 0.0000 0.0000
v -27.0800 1.2000 0.0000
v -27.0937 0.0000 0.0558
v -27.0937 1.2000 0.0558
v -27.1318 0.0000 0.0988
v -27.1318 1.2000 0.0988
v -27.1855 0.0000 0.1191
v -27.1855 1.2000 0.1191
v -27.2426 0.0000 0.1122
v -27.2426 1.2000 0.1122
v -27.2898 0.0000 0.0796
v -27.2898 1.2000 0.0796
v -27.3165 0.0000 0.0287
v -27.3165 1.2000 0.0287
v -27.3165 0.0000 -0.0287
v -27.3165 1.2000 -0.0287
v -27.2898 0.0000 -0.0796
v -27.2898 1.2000 -0.0796
v -27.2426 0.0000 -0.1122
v -27.2426 1.2000 -0.1122
v -27.1855 0.0000 -0.1191
v -27.1855 1.2000 -0.1191
v -27.1318 0.0000 -0.0988
v -27.1318 1.2000 -0.0988
v -27.0937 0.0000 -0.0558
v -27.0937 1.2000 -0.0558
v -27.2000 1.2000 0.0000
v -27.2000 0.0000 0.0000
f 7765 7767 7768
f 7765 7768 7766
f 7767 7769 7770
f 7767 7770 7768
f 7769 7771 7772
f 7769 7772 7770
f 7771 7773 7774
f 7771 7774 7772
f 7773 7775 7776
f 7773 7776 7774
f 7775 7777 7778
f 7775 7778 7776
f 7777 7779 7780
f 7777 7780 7778
f 7779 7781 7782
f 7779 7782 7780
f 7781 7783 7784
f 7781 7784 7782
f 7783 7785 7786
f 7783 7786 7784
f 7785 7787 7788
f 7785 7788 7786
f 7787 7789 7790
f 7787 7790 7788
f 7789 7765 7766
f 7789 7766 7790
f 7791 7766 7768
f 7792 7767 7765
f 7791 7768 7770
f 7792 7769 7767
f 7791 7770 7772
f 7792 7771 7769
f 7791 7772 7774
f 7792 7773 7771
f 7791 7774 7776
f 7792 7775 7773
f 7791 7776 7778
f 7792 7777 7775
f 7791 7778 7780
f 7792 7779 7777
f 7791 7780 7782
f 7792 7781 7779
f 7791 7782 7784
f 7792 7783 7781
f 7791 7784 7786
f 7792 7785 7783
f 7791 7786 7788
f 7792 7787 7785
f 7791 7788 7790
f 7792 7789 7787
f 7791 7790 7766
f 7792 7765 7789
g 차단봉 지주_1
v 27.3200 0.0000 0.0000
v 27.3200 1.2000 0.0000
v 27.3063 0.0000 0.0558
v 27.3063 1.2000 0.0558
v 27.2682 0.0000 0.0988
v 27.2682 1.2000 0.0988
v 27.2145 0.0000 0.1191
v 27.2145 1.2000 0.1191
v 27.1574 0.0000 0.1122
v 27.1574 1.2000 0.1122
v 27.1102 0.0000 0.0796
v 27.1102 1.2000 0.0796
v 27.0835 0.0000 0.0287
v 27.0835 1.2000 0.0287
v 27.0835 0.0000 -0.0287
v 27.0835 1.2000 -0.0287
v 27.1102 0.0000 -0.0796
v 27.1102 1.2000 -0.0796
v 27.1574 0.0000 -0.1122
v 27.1574 1.2000 -0.1122
v 27.2145 0.0000 -0.1191
v 27.2145 1.2000 -0.1191
v 27.2682 0.0000 -0.0988
v 27.2682 1.2000 -0.0988
v 27.3063 0.0000 -0.0558
v 27.3063 1.2000 -0.0558
v 27.2000 1.2000 0.0000
v 27.2000 0.0000 0.0000
f 7793 7795 7796
f 7793 7796 7794
f 7795 7797 7798
f 7795 7798 7796
f 7797 7799 7800
f 7797 7800 7798
f 7799 7801 7802
f 7799 7802 7800
f 7801 7803 7804
f 7801 7804 7802
f 7803 7805 7806
f 7803 7806 7804
f 7805 7807 7808
f 7805 7808 7806
f 7807 7809 7810
f 7807 7810 7808
f 7809 7811 7812
f 7809 7812 7810
f 7811 7813 7814
f 7811 7814 7812
f 7813 7815 7816
f 7813 7816 7814
f 7815 7817 7818
f 7815 7818 7816
f 7817 7793 7794
f 7817 7794 7818
f 7819 7794 7796
f 7820 7795 7793
f 7819 7796 7798
f 7820 7797 7795
f 7819 7798 7800
f 7820 7799 7797
f 7819 7800 7802
f 7820 7801 7799
f 7819 7802 7804
f 7820 7803 7801
f 7819 7804 7806
f 7820 7805 7803
f 7819 7806 7808
f 7820 7807 7805
f 7819 7808 7810
f 7820 7809 7807
f 7819 7810 7812
f 7820 7811 7809
f 7819 7812 7814
f 7820 7813 7811
f 7819 7814 7816
f 7820 7815 7813
f 7819 7816 7818
f 7820 7817 7815
f 7819 7818 7794
f 7820 7793 7817
g 방호벽_0
v -33.6000 0.0000 -1.8000
v -33.6000 0.1667 -1.8000
v -33.6000 0.3333 -1.8000
v -33.6000 0.5000 -1.8000
v -33.6000 0.6667 -1.8000
v -33.6000 0.8333 -1.8000
v -33.6000 1.0000 -1.8000
v -33.4000 0.0000 -1.8000
v -33.4000 0.1667 -1.8000
v -33.4000 0.3333 -1.8000
v -33.4000 0.5000 -1.8000
v -33.4000 0.6667 -1.8000
v -33.4000 0.8333 -1.8000
v -33.4000 1.0000 -1.8000
v -33.2000 0.0000 -1.8000
v -33.2000 0.1667 -1.8000
v -33.2000 0.3333 -1.8000
v -33.2000 0.5000 -1.8000
v -33.2000 0.6667 -1.8000
v -33.2000 0.8333 -1.8000
v -33.2000 1.0000 -1.8000
v -33.0000 0.0000 -1.8000
v -33.0000 0.1667 -1.8000
v -33.0000 0.3333 -1.8000
v -33.0000 0.5000 -1.8000
v -33.0000 0.6667 -1.8000
v -33.0000 0.8333 -1.8000
v -33.0000 1.0000 -1.8000
v -32.8000 0.0000 -1.8000
v -32.8000 0.1667 -1.8000
v -32.8000 0.3333 -1.8000
v -32.8000 0.5000 -1.8000
v -32.8000 0.6667 -1.8000
v -32.8000 0.8333 -1.8000
v -32.8000 1.0000 -1.8000
v -32.6000 0.0000 -1.8000
v -32.6000 0.1667 -1.8000
v -32.6000 0.3333 -1.8000
v -32.6000 0.5000 -1.8000
v -32.6000 0.6667 -1.8000
v -32.6000 0.8333 -1.8000
v -32.6000 1.0000 -1.8000
v -32.4000 0.0000 -1.8000
v -32.4000 0.1667 -1.8000
v -32.4000 0.3333 -1.8000
v -32.4000 0.5000 -1.8000
v -32.4000 0.6667 -1.8000
v -32.4000 0.8333 -1.8000
v -32.4000 1.0000 -1.8000
v -32.4000 0.0000 -2.2000
v -32.4000 0.1667 -2.2000
v -32.4000 0.3333 -2.2000
v -32.4000 0.5000 -2.2000
v -32.4000 0.6667 -2.2000
v -32.4000 0.8333 -2.2000
v -32.4000 1.0000 -2.2000
v -32.6000 0.0000 -2.2000
v -32.6000 0.1667 -2.2000
v -32.6000 0.3333 -2.2000
v -32.6000 0.5000 -2.2000
v -32.6000 0.6667 -2.2000
v -32.6000 0.8333 -2.2000
v -32.6000 1.0000 -2.2000
v -32.8000 0.0000 -2.2000
v -32.8000 0.1667 -2.2000
v -32.8000 0.3333 -2.2000
v -32.8000 0.5000 -2.2000
v -32.8000 0.6667 -2.2000
v -32.8000 0.8333 -2.2000
v -32.8000 1.0000 -2.2000
v -33.0000 0.0000 -2.2000
v -33.0000 0.1667 -2.2000
v -33.0000 0.3333 -2.2000
v -33.0000 0.5000 -2.2000
v -33.0000 0.6667 -2.2000
v -33.0000 0.8333 -2.2000
v -33.0000 1.0000 -2.2000
v -33.2000 0.0000 -2.2000
v -33.2000 0.1667 -2.2000
v -33.2000 0.3333 -2.2000
v -33.2000 0.5000 -2.2000
v -33.2000 0.6667 -2.2000
v -33.2000 0.8333 -2.2000
v -33.2000 1.0000 -2.2000
v -33.4000 0.0000 -2.2000
v -33.4000 0.1667 -2.2000
v -33.4000 0.3333 -2.2000
v -33.4000 0.5000 -2.2000
v -33.4000 0.6667 -2.2000
v -33.4000 0.8333 -2.2000
v -33.4000 1.0000 -2.2000
v -33.6000 0.0000 -2.2000
v -33.6000 0.1667 -2.2000
v -33.6000 0.3333 -2.2000
v -33.6000 0.5000 -2.2000
v -33.6000 0.6667 -2.2000
v -33.6000 0.8333 -2.2000
v -33.6000 1.0000 -2.2000
v -33.6000 0.0000 -2.2000
v -33.6000 0.1667 -2.2000
v -33.6000 0.3333 -2.2000
v -33.6000 0.5000 -2.2000
v -33.6000 0.6667 -2.2000
v -33.6000 0.8333 -2.2000
v -33.6000 1.0000 -2.2000
v -33.6000 0.0000 -2.1333
v -33.6000 0.1667 -2.1333
v -33.6000 0.3333 -2.1333
v -33.6000 0.5000 -2.1333
v -33.6000 0.6667 -2.1333
v -33.6000 0.8333 -2.1333
v -33.6000 1.0000 -2.1333
v -33.6000 0.0000 -2.0667
v -33.6000 0.1667 -2.0667
v -33.6000 0.3333 -2.0667
v -33.6000 0.5000 -2.0667
v -33.6000 0.6667 -2.0667
v -33.6000 0.8333 -2.0667
v -33.6000 1.0000 -2.0667
v -33.6000 0.0000 -2.0000
v -33.6000 0.1667 -2.0000
v -33.6000 0.3333 -2.0000
v -33.6000 0.5000 -2.0000
v -33.6000 0.6667 -2.0000
v -33.6000 0.8333 -2.0000
v -33.6000 1.0000 -2.0000
v -33.6000 0.0000 -1.9333
v -33.6000 0.1667 -1.9333
v -33.6000 0.3333 -1.9333
v -33.6000 0.5000 -1.9333
v -33.6000 0.6667 -1.9333
v -33.6000 0.8333 -1.9333
v -33.6000 1.0000 -1.9333
v -33.6000 0.0000 -1.8667
v -33.6000 0.1667 -1.8667
v -33.6000 0.3333 -1.8667
v -33.6000 0.5000 -1.8667
v -33.6000 0.6667 -1.8667
v -33.6000 0.8333 -1.8667
v -33.6000 1.0000 -1.8667
v -33.6000 0.0000 -1.8000
v -33.6000 0.1667 -1.8000
v -33.6000 0.3333 -1.8000
v -33.6000 0.5000 -1.8000
v -33.6000 0.6667 -1.8000
v -33.6000 0.8333 -1.8000
v -33.6000 1.0000 -1.8000
v -32.4000 0.0000 -1.8000
v -32.4000 0.1667 -1.8000
v -32.4000 0.3333 -1.8000
v -32.4000 0.5000 -1.8000
v -32.4000 0.6667 -1.8000
v -32.4000 0.8333 -1.8000
v -32.4000 1.0000 -1.8000
v -32.4000 0.0000 -1.8667
v -32.4000 0.1667 -1.8667
v -32.4000 0.3333 -1.8667
v -32.4000 0.5000 -1.8667
v -32.4000 0.6667 -1.8667
v -32.4000 0.8333 -1.8667
v -32.4000 1.0000 -1.8667
v -32.4000 0.0000 -1.9333
v -32.4000 0.1667 -1.9333
v -32.4000 0.3333 -1.9333
v -32.4000 0.5000 -1.9333
v -32.4000 0.6667 -1.9333
v -32.4000 0.8333 -1.9333
v -32.4000 1.0000 -1.9333
v -32.4000 0.0000 -2.0000
v -32.4000 0.1667 -2.0000
v -32.4000 0.3333 -2.0000
v -32.4000 0.5000 -2.0000
v -32.4000 0.6667 -2.0000
v -32.4000 0.8333 -2.0000
v -32.4000 1.0000 -2.0000
v -32.4000 0.0000 -2.0667
v -32.4000 0.1667 -2.0667
v -32.4000 0.3333 -2.0667
v -32.4000 0.5000 -2.0667
v -32.4000 0.6667 -2.0667
v -32.4000 0.8333 -2.0667
v -32.4000 1.0000 -2.0667
v -32.4000 0.0000 -2.1333
v -32.4000 0.1667 -2.1333
v -32.4000 0.3333 -2.1333
v -32.4000 0.5000 -2.1333
v -32.4000 0.6667 -2.1333
v -32.4000 0.8333 -2.1333
v -32.4000 1.0000 -2.1333
v -32.4000 0.0000 -2.2000
v -32.4000 0.1667 -2.2000
v -32.4000 0.3333 -2.2000
v -32.4000 0.5000 -2.2000
v -32.4000 0.6667 -2.2000
v -32.4000 0.8333 -2.2000
v -32.4000 1.0000 -2.2000
v -33.6000 1.0000 -2.2000
v -33.6000 1.0000 -2.1333
v -33.6000 1.0000 -2.0667
v -33.6000 1.0000 -2.0000
v -33.6000 1.0000 -1.9333
v -33.6000 1.0000 -1.8667
v -33.6000 1.0000 -1.8000
v -33.4000 1.0000 -2.2000
v -33.4000 1.0000 -2.1333
v -33.4000 1.0000 -2.0667
v -33.4000 1.0000 -2.0000
v -33.4000 1.0000 -1.9333
v -33.4000 1.0000 -1.8667
v -33.4000 1.0000 -1.8000
v -33.2000 1.0000 -2.2000
v -33.2000 1.0000 -2.1333
v -33.2000 1.0000 -2.0667
v -33.2000 1.0000 -2.0000
v -33.2000 1.0000 -1.9333
v -33.2000 1.0000 -1.8667
v -33.2000 1.0000 -1.8000
v -33.0000 1.0000 -2.2000
v -33.0000 1.0000 -2.1333
v -33.0000 1.0000 -2.0667
v -33.0000 1.0000 -2.0000
v -33.0000 1.0000 -1.9333
v -33.0000 1.0000 -1.8667
v -33.0000 1.0000 -1.8000
v -32.8000 1.0000 -2.2000
v -32.8000 1.0000 -2.1333
v -32.8000 1.0000 -2.0667
v -32.8000 1.0000 -2.0000
v -32.8000 1.0000 -1.9333
v -32.8000 1.0000 -1.8667
v -32.8000 1.0000 -1.8000
v -32.6000 1.0000 -2.2000
v -32.6000 1.0000 -2.1333
v -32.6000 1.0000 -2.0667
v -32.6000 1.0000 -2.0000
v -32.6000 1.0000 -1.9333
v -32.6000 1.0000 -1.8667
v -32.6000 1.0000 -1.8000
v -32.4000 1.0000 -2.2000
v -32.4000 1.0000 -2.1333
v -32.4000 1.0000 -2.0667
v -32.4000 1.0000 -2.0000
v -32.4000 1.0000 -1.9333
v -32.4000 1.0000 -1.8667
v -32.4000 1.0000 -1.8000
v -33.6000 0.0000 -1.8000
v -33.6000 0.0000 -1.8667
v -33.6000 0.0000 -1.9333
v -33.6000 0.0000 -2.0000
v -33.6000 0.0000 -2.0667
v -33.6000 0.0000 -2.1333
v -33.6000 0.0000 -2.2000
v -33.4000 0.0000 -1.8000
v -33.4000 0.0000 -1.8667
v -33.4000 0.0000 -1.9333
v -33.4000 0.0000 -2.0000
v -33.4000 0.0000 -2.0667
v -33.4000 0.0000 -2.1333
v -33.4000 0.0000 -2.2000
v -33.2000 0.0000 -1.8000
v -33.2000 0.0000 -1.8667
v -33.2000 0.0000 -1.9333
v -33.2000 0.0000 -2.0000
v -33.2000 0.0000 -2.0667
v -33.2000 0.0000 -2.1333
v -33.2000 0.0000 -2.2000
v -33.0000 0.0000 -1.8000
v -33.0000 0.0000 -1.8667
v -33.0000 0.0000 -1.9333
v -33.0000 0.0000 -2.0000
v -33.0000 0.0000 -2.0667
v -33.0000 0.0000 -2.1333
v -33.0000 0.0000 -2.2000
v -32.8000 0.0000 -1.8000
v -32.8000 0.0000 -1.8667
v -32.8000 0.0000 -1.9333
v -32.8000 0.0000 -2.0000
v -32.8000 0.0000 -2.0667
v -32.8000 0.0000 -2.1333
v -32.8000 0.0000 -2.2000
v -32.6000 0.0000 -1.8000
v -32.6000 0.0000 -1.8667
v -32.6000 0.0000 -1.9333
v -32.6000 0.0000 -2.0000
v -32.6000 0.0000 -2.0667
v -32.6000 0.0000 -2.1333
v -32.6000 0.0000 -2.2000
v -32.4000 0.0000 -1.8000
v -32.4000 0.0000 -1.8667
v -32.4000 0.0000 -1.9333
v -32.4000 0.0000 -2.0000
v -32.4000 0.0000 -2.0667
v -32.4000 0.0000 -2.1333
v -32.4000 0.0000 -2.2000
f 7821 7822 7829
f 7821 7829 7828
f 7822 7823 7830
f 7822 7830 7829
f 7823 7824 7831
f 7823 7831 7830
f 7824 7825 7832
f 7824 7832 7831
f 7825 7826 7833
f 7825 7833 7832
f 7826 7827 7834
f 7826 7834 7833
f 7828 7829 7836
f 7828 7836 7835
f 7829 7830 7837
f 7829 7837 7836
f 7830 7831 7838
f 7830 7838 7837
f 7831 7832 7839
f 7831 7839 7838
f 7832 7833 7840
f 7832 7840 7839
f 7833 7834 7841
f 7833 7841 7840
f 7835 7836 7843
f 7835 7843 7842
f 7836 7837 7844
f 7836 7844 7843
f 7837 7838 7845
f 7837 7845 7844
f 7838 7839 7846
f 7838 7846 7845
f 7839 7840 7847
f 7839 7847 7846
f 7840 7841 7848
f 7840 7848 7847
f 7842 7843 7850
f 7842 7850 7849
f 7843 7844 7851
f 7843 7851 7850
f 7844 7845 7852
f 7844 7852 7851
f 7845 7846 7853
f 7845 7853 7852
f 7846 7847 7854
f 7846 7854 7853
f 7847 7848 7855
f 7847 7855 7854
f 7849 7850 7857
f 7849 7857 7856
f 7850 7851 7858
f 7850 7858 7857
f 7851 7852 7859
f 7851 7859 7858
f 7852 7853 7860
f 7852 7860 7859
f 7853 7854 7861
f 7853 7861 7860
f 7854 7855 7862
f 7854 7862 7861
f 7856 7857 7864
f 7856 7864 7863
f 7857 7858 7865
f 7857 7865 7864
f 7858 7859 7866
f 7858 7866 7865
f 7859 7860 7867
f 7859 7867 7866
f 7860 7861 7868
f 7860 7868 7867
f 7861 7862 7869
f 7861 7869 7868
f 7870 7871 7878
f 7870 7878 7877
f 7871 7872 7879
f 7871 7879 7878
f 7872 7873 7880
f 7872 7880 7879
f 7873 7874 7881
f 7873 7881 7880
f 7874 7875 7882
f 7874 7882 7881
f 7875 7876 7883
f 7875 7883 7882
f 7877 7878 7885
f 7877 7885 7884
f 7878 7879 7886
f 7878 7886 7885
f 7879 7880 7887
f 7879 7887 7886
f 7880 7881 7888
f 7880 7888 7887
f 7881 7882 7889
f 7881 7889 7888
f 7882 7883 7890
f 7882 7890 7889
f 7884 7885 7892
f 7884 7892 7891
f 7885 7886 7893
f 7885 7893 7892
f 7886 7887 7894
f 7886 7894 7893
f 7887 7888 7895
f 7887 7895 7894
f 7888 7889 7896
f 7888 7896 7895
f 7889 7890 7897
f 7889 7897 7896
f 7891 7892 7899
f 7891 7899 7898
f 7892 7893 7900
f 7892 7900 7899
f 7893 7894 7901
f 7893 7901 7900
f 7894 7895 7902
f 7894 7902 7901
f 7895 7896 7903
f 7895 7903 7902
f 7896 7897 7904
f 7896 7904 7903
f 7898 7899 7906
f 7898 7906 7905
f 7899 7900 7907
f 7899 7907 7906
f 7900 7901 7908
f 7900 7908 7907
f 7901 7902 7909
f 7901 7909 7908
f 7902 7903 7910
f 7902 7910 7909
f 7903 7904 7911
f 7903 7911 7910
f 7905 7906 7913
f 7905 7913 7912
f 7906 7907 7914
f 7906 7914 7913
f 7907 7908 7915
f 7907 7915 7914
f 7908 7909 7916
f 7908 7916 7915
f 7909 7910 7917
f 7909 7917 7916
f 7910 7911 7918
f 7910 7918 7917
f 7919 7920 7927
f 7919 7927 7926
f 7920 7921 7928
f 7920 7928 7927
f 7921 7922 7929
f 7921 7929 7928
f 7922 7923 7930
f 7922 7930 7929
f 7923 7924 7931
f 7923 7931 7930
f 7924 7925 7932
f 7924 7932 7931
f 7926 7927 7934
f 7926 7934 7933
f 7927 7928 7935
f 7927 7935 7934
f 7928 7929 7936
f 7928 7936 7935
f 7929 7930 7937
f 7929 7937 7936
f 7930 7931 7938
f 7930 7938 7937
f 7931 7932 7939
f 7931 7939 7938
f 7933 7934 7941
f 7933 7941 7940
f 7934 7935 7942
f 7934 7942 7941
f 7935 7936 7943
f 7935 7943 7942
f 7936 7937 7944
f 7936 7944 7943
f 7937 7938 7945
f 7937 7945 7944
f 7938 7939 7946
f 7938 7946 7945
f 7940 7941 7948
f 7940 7948 7947
f 7941 7942 7949
f 7941 7949 7948
f 7942 7943 7950
f 7942 7950 7949
f 7943 7944 7951
f 7943 7951 7950
f 7944 7945 7952
f 7944 7952 7951
f 7945 7946 7953
f 7945 7953 7952
f 7947 7948 7955
f 7947 7955 7954
f 7948 7949 7956
f 7948 7956 7955
f 7949 7950 7957
f 7949 7957 7956
f 7950 7951 7958
f 7950 7958 7957
f 7951 7952 7959
f 7951 7959 7958
f 7952 7953 7960
f 7952 7960 7959
f 7954 7955 7962
f 7954 7962 7961
f 7955 7956 7963
f 7955 7963 7962
f 7956 7957 7964
f 7956 7964 7963
f 7957 7958 7965
f 7957 7965 7964
f 7958 7959 7966
f 7958 7966 7965
f 7959 7960 7967
f 7959 7967 7966
f 7968 7969 7976
f 7968 7976 7975
f 7969 7970 7977
f 7969 7977 7976
f 7970 7971 7978
f 7970 7978 7977
f 7971 7972 7979
f 7971 7979 7978
f 7972 7973 7980
f 7972 7980 7979
f 7973 7974 7981
f 7973 7981 7980
f 7975 7976 7983
f 7975 7983 7982
f 7976 7977 7984
f 7976 7984 7983
f 7977 7978 7985
f 7977 7985 7984
f 7978 7979 7986
f 7978 7986 7985
f 7979 7980 7987
f 7979 7987 7986
f 7980 7981 7988
f 7980 7988 7987
f 7982 7983 7990
f 7982 7990 7989
f 7983 7984 7991
f 7983 7991 7990
f 7984 7985 7992
f 7984 7992 7991
f 7985 7986 7993
f 7985 7993 7992
f 7986 7987 7994
f 7986 7994 7993
f 7987 7988 7995
f 7987 7995 7994
f 7989 7990 7997
f 7989 7997 7996
f 7990 7991 7998
f 7990 7998 7997
f 7991 7992 7999
f 7991 7999 7998
f 7992 7993 8000
f 7992 8000 7999
f 7993 7994 8001
f 7993 8001 8000
f 7994 7995 8002
f 7994 8002 8001
f 7996 7997 8004
f 7996 8004 8003
f 7997 7998 8005
f 7997 8005 8004
f 7998 7999 8006
f 7998 8006 8005
f 7999 8000 8007
f 7999 8007 8006
f 8000 8001 8008
f 8000 8008 8007
f 8001 8002 8009
f 8001 8009 8008
f 8003 8004 8011
f 8003 8011 8010
f 8004 8005 8012
f 8004 8012 8011
f 8005 8006 8013
f 8005 8013 8012
f 8006 8007 8014
f 8006 8014 8013
f 8007 8008 8015
f 8007 8015 8014
f 8008 8009 8016
f 8008 8016 8015
f 8017 8018 8025
f 8017 8025 8024
f 8018 8019 8026
f 8018 8026 8025
f 8019 8020 8027
f 8019 8027 8026
f 8020 8021 8028
f 8020 8028 8027
f 8021 8022 8029
f 8021 8029 8028
f 8022 8023 8030
f 8022 8030 8029
f 8024 8025 8032
f 8024 8032 8031
f 8025 8026 8033
f 8025 8033 8032
f 8026 8027 8034
f 8026 8034 8033
f 8027 8028 8035
f 8027 8035 8034
f 8028 8029 8036
f 8028 8036 8035
f 8029 8030 8037
f 8029 8037 8036
f 8031 8032 8039
f 8031 8039 8038
f 8032 8033 8040
f 8032 8040 8039
f 8033 8034 8041
f 8033 8041 8040
f 8034 8035 8042
f 8034 8042 8041
f 8035 8036 8043
f 8035 8043 8042
f 8036 8037 8044
f 8036 8044 8043
f 8038 8039 8046
f 8038 8046 8045
f 8039 8040 8047
f 8039 8047 8046
f 8040 8041 8048
f 8040 8048 8047
f 8041 8042 8049
f 8041 8049 8048
f 8042 8043 8050
f 8042 8050 8049
f 8043 8044 8051
f 8043 8051 8050
f 8045 8046 8053
f 8045 8053 8052
f 8046 8047 8054
f 8046 8054 8053
f 8047 8048 8055
f 8047 8055 8054
f 8048 8049 8056
f 8048 8056 8055
f 8049 8050 8057
f 8049 8057 8056
f 8050 8051 8058
f 8050 8058 8057
f 8052 8053 8060
f 8052 8060 8059
f 8053 8054 8061
f 8053 8061 8060
f 8054 8055 8062
f 8054 8062 8061
f 8055 8056 8063
f 8055 8063 8062
f 8056 8057 8064
f 8056 8064 8063
f 8057 8058 8065
f 8057 8065 8064
f 8066 8067 8074
f 8066 8074 8073
f 8067 8068 8075
f 8067 8075 8074
f 8068 8069 8076
f 8068 8076 8075
f 8069 8070 8077
f 8069 8077 8076
f 8070 8071 8078
f 8070 8078 8077
f 8071 8072 8079
f 8071 8079 8078
f 8073 8074 8081
f 8073 8081 8080
f 8074 8075 8082
f 8074 8082 8081
f 8075 8076 8083
f 8075 8083 8082
f 8076 8077 8084
f 8076 8084 8083
f 8077 8078 8085
f 8077 8085 8084
f 8078 8079 8086
f 8078 8086 8085
f 8080 8081 8088
f 8080 8088 8087
f 8081 8082 8089
f 8081 8089 8088
f 8082 8083 8090
f 8082 8090 8089
f 8083 8084 8091
f 8083 8091 8090
f 8084 8085 8092
f 8084 8092 8091
f 8085 8086 8093
f 8085 8093 8092
f 8087 8088 8095
f 8087 8095 8094
f 8088 8089 8096
f 8088 8096 8095
f 8089 8090 8097
f 8089 8097 8096
f 8090 8091 8098
f 8090 8098 8097
f 8091 8092 8099
f 8091 8099 8098
f 8092 8093 8100
f 8092 8100 8099
f 8094 8095 8102
f 8094 8102 8101
f 8095 8096 8103
f 8095 8103 8102
f 8096 8097 8104
f 8096 8104 8103
f 8097 8098 8105
f 8097 8105 8104
f 8098 8099 8106
f 8098 8106 8105
f 8099 8100 8107
f 8099 8107 8106
f 8101 8102 8109
f 8101 8109 8108
f 8102 8103 8110
f 8102 8110 8109
f 8103 8104 8111
f 8103 8111 8110
f 8104 8105 8112
f 8104 8112 8111
f 8105 8106 8113
f 8105 8113 8112
f 8106 8107 8114
f 8106 8114 8113
g 방호벽_1
v -33.6000 0.0000 2.2000
v -33.6000 0.1667 2.2000
v -33.6000 0.3333 2.2000
v -33.6000 0.5000 2.2000
v -33.6000 0.6667 2.2000
v -33.6000 0.8333 2.2000
v -33.6000 1.0000 2.2000
v -33.4000 0.0000 2.2000
v -33.4000 0.1667 2.2000
v -33.4000 0.3333 2.2000
v -33.4000 0.5000 2.2000
v -33.4000 0.6667 2.2000
v -33.4000 0.8333 2.2000
v -33.4000 1.0000 2.2000
v -33.2000 0.0000 2.2000
v -33.2000 0.1667 2.2000
v -33.2000 0.3333 2.2000
v -33.2000 0.5000 2.2000
v -33.2000 0.6667 2.2000
v -33.2000 0.8333 2.2000
v -33.2000 1.0000 2.2000
v -33.0000 0.0000 2.2000
v -33.0000 0.1667 2.2000
v -33.0000 0.3333 2.2000
v -33.0000 0.5000 2.2000
v -33.0000 0.6667 2.2000
v -33.0000 0.8333 2.2000
v -33.0000 1.0000 2.2000
v -32.8000 0.0000 2.2000
v -32.8000 0.1667 2.2000
v -32.8000 0.3333 2.2000
v -32.8000 0.5000 2.2000
v -32.8000 0.6667 2.2000
v -32.8000 0.8333 2.2000
v -32.8000 1.0000 2.2000
v -32.6000 0.0000 2.2000
v -32.6000 0.1667 2.2000
v -32.6000 0.3333 2.2000
v -32.6000 0.5000 2.2000
v -32.6000 0.6667 2.2000
v -32.6000 0.8333 2.2000
v -32.6000 1.0000 2.2000
v -32.4000 0.0000 2.2000
v -32.4000 0.1667 2.2000
v -32.4000 0.3333 2.2000
v -32.4000 0.5000 2.2000
v -32.4000 0.6667 2.2000
v -32.4000 0.8333 2.2000
v -32.4000 1.0000 2.2000
v -32.4000 0.0000 1.8000
v -32.4000 0.1667 1.8000
v -32.4000 0.3333 1.8000
v -32.4000 0.5000 1.8000
v -32.4000 0.6667 1.8000
v -32.4000 0.8333 1.8000
v -32.4000 1.0000 1.8000
v -32.6000 0.0000 1.8000
v -32.6000 0.1667 1.8000
v -32.6000 0.3333 1.8000
v -32.6000 0.5000 1.8000
v -32.6000 0.6667 1.8000
v -32.6000 0.8333 1.8000
v -32.6000 1.0000 1.8000
v -32.8000 0.0000 1.8000
v -32.8000 0.1667 1.8000
v -32.8000 0.3333 1.8000
v -32.8000 0.5000 1.8000
v -32.8000 0.6667 1.8000
v -32.8000 0.8333 1.8000
v -32.8000 1.0000 1.8000
v -33.0000 0.0000 1.8000
v -33.0000 0.1667 1.8000
v -33.0000 0.3333 1.8000
v -33.0000 0.5000 1.8000
v -33.0000 0.6667 1.8000
v -33.0000 0.8333 1.8000
v -33.0000 1.0000 1.8000
v -33.2000 0.0000 1.8000
v -33.2000 0.1667 1.8000
v -33.2000 0.3333 1.8000
v -33.2000 0.5000 1.8000
v -33.2000 0.6667 1.8000
v -33.2000 0.8333 1.8000
v -33.2000 1.0000 1.8000
v -33.4000 0.0000 1.8000
v -33.4000 0.1667 1.8000
v -33.4000 0.3333 1.8000
v -33.4000 0.5000 1.8000
v -33.4000 0.6667 1.8000
v -33.4000 0.8333 1.8000
v -33.4000 1.0000 1.8000
v -33.6000 0.0000 1.8000
v -33.6000 0.1667 1.8000
v -33.6000 0.3333 1.8000
v -33.6000 0.5000 1.8000
v -33.6000 0.6667 1.8000
v -33.6000 0.8333 1.8000
v -33.6000 1.0000 1.8000
v -33.6000 0.0000 1.8000
v -33.6000 0.1667 1.8000
v -33.6000 0.3333 1.8000
v -33.6000 0.5000 1.8000
v -33.6000 0.6667 1.8000
v -33.6000 0.8333 1.8000
v -33.6000 1.0000 1.8000
v -33.6000 0.0000 1.8667
v -33.6000 0.1667 1.8667
v -33.6000 0.3333 1.8667
v -33.6000 0.5000 1.8667
v -33.6000 0.6667 1.8667
v -33.6000 0.8333 1.8667
v -33.6000 1.0000 1.8667
v -33.6000 0.0000 1.9333
v -33.6000 0.1667 1.9333
v -33.6000 0.3333 1.9333
v -33.6000 0.5000 1.9333
v -33.6000 0.6667 1.9333
v -33.6000 0.8333 1.9333
v -33.6000 1.0000 1.9333
v -33.6000 0.0000 2.0000
v -33.6000 0.1667 2.0000
v -33.6000 0.3333 2.0000
v -33.6000 0.5000 2.0000
v -33.6000 0.6667 2.0000
v -33.6000 0.8333 2.0000
v -33.6000 1.0000 2.0000
v -33.6000 0.0000 2.0667
v -33.6000 0.1667 2.0667
v -33.6000 0.3333 2.0667
v -33.6000 0.5000 2.0667
v -33.6000 0.6667 2.0667
v -33.6000 0.8333 2.0667
v -33.6000 1.0000 2.0667
v -33.6000 0.0000 2.1333
v -33.6000 0.1667 2.1333
v -33.6000 0.3333 2.1333
v -33.6000 0.5000 2.1333
v -33.6000 0.6667 2.1333
v -33.6000 0.8333 2.1333
v -33.6000 1.0000 2.1333
v -33.6000 0.0000 2.2000
v -33.6000 0.1667 2.2000
v -33.6000 0.3333 2.2000
v -33.6000 0.5000 2.2000
v -33.6000 0.6667 2.2000
v -33.6000 0.8333 2.2000
v -33.6000 1.0000 2.2000
v -32.4000 0.0000 2.2000
v -32.4000 0.1667 2.2000
v -32.4000 0.3333 2.2000
v -32.4000 0.5000 2.2000
v -32.4000 0.6667 2.2000
v -32.4000 0.8333 2.2000
v -32.4000 1.0000 2.2000
v -32.4000 0.0000 2.1333
v -32.4000 0.1667 2.1333
v -32.4000 0.3333 2.1333
v -32.4000 0.5000 2.1333
v -32.4000 0.6667 2.1333
v -32.4000 0.8333 2.1333
v -32.4000 1.0000 2.1333
v -32.4000 0.0000 2.0667
v -32.4000 0.1667 2.0667
v -32.4000 0.3333 2.0667
v -32.4000 0.5000 2.0667
v -32.4000 0.6667 2.0667
v -32.4000 0.8333 2.0667
v -32.4000 1.0000 2.0667
v -32.4000 0.0000 2.0000
v -32.4000 0.1667 2.0000
v -32.4000 0.3333 2.0000
v -32.4000 0.5000 2.0000
v -32.4000 0.6667 2.0000
v -32.4000 0.8333 2.0000
v -32.4000 1.0000 2.0000
v -32.4000 0.0000 1.9333
v -32.4000 0.1667 1.9333
v -32.4000 0.3333 1.9333
v -32.4000 0.5000 1.9333
v -32.4000 0.6667 1.9333
v -32.4000 0.8333 1.9333
v -32.4000 1.0000 1.9333
v -32.4000 0.0000 1.8667
v -32.4000 0.1667 1.8667
v -32.4000 0.3333 1.8667
v -32.4000 0.5000 1.8667
v -32.4000 0.6667 1.8667
v -32.4000 0.8333 1.8667
v -32.4000 1.0000 1.8667
v -32.4000 0.0000 1.8000
v -32.4000 0.1667 1.8000
v -32.4000 0.3333 1.8000
v -32.4000 0.5000 1.8000
v -32.4000 0.6667 1.8000
v -32.4000 0.8333 1.8000
v -32.4000 1.0000 1.8000
v -33.6000 1.0000 1.8000
v -33.6000 1.0000 1.8667
v -33.6000 1.0000 1.9333
v -33.6000 1.0000 2.0000
v -33.6000 1.0000 2.0667
v -33.6000 1.0000 2.1333
v -33.6000 1.0000 2.2000
v -33.4000 1.0000 1.8000
v -33.4000 1.0000 1.8667
v -33.4000 1.0000 1.9333
v -33.4000 1.0000 2.0000
v -33.4000 1.0000 2.0667
v -33.4000 1.0000 2.1333
v -33.4000 1.0000 2.2000
v -33.2000 1.0000 1.8000
v -33.2000 1.0000 1.8667
v -33.2000 1.0000 1.9333
v -33.2000 1.0000 2.0000
v -33.2000 1.0000 2.0667
v -33.2000 1.0000 2.1333
v -33.2000 1.0000 2.2000
v -33.0000 1.0000 1.8000
v -33.0000 1.0000 1.8667
v -33.0000 1.0000 1.9333
v -33.0000 1.0000 2.0000
v -33.0000 1.0000 2.0667
v -33.0000 1.0000 2.1333
v -33.0000 1.0000 2.2000
v -32.8000 1.0000 1.8000
v -32.8000 1.0000 1.8667
v -32.8000 1.0000 1.9333
v -32.8000 1.0000 2.0000
v -32.8000 1.0000 2.0667
v -32.8000 1.0000 2.1333
v -32.8000 1.0000 2.2000
v -32.6000 1.0000 1.8000
v -32.6000 1.0000 1.8667
v -32.6000 1.0000 1.9333
v -32.6000 1.0000 2.0000
v -32.6000 1.0000 2.0667
v -32.6000 1.0000 2.1333
v -32.6000 1.0000 2.2000
v -32.4000 1.0000 1.8000
v -32.4000 1.0000 1.8667
v -32.4000 1.0000 1.9333
v -32.4000 1.0000 2.0000
v -32.4000 1.0000 2.0667
v -32.4000 1.0000 2.1333
v -32.4000 1.0000 2.2000
v -33.6000 0.0000 2.2000
v -33.6000 0.0000 2.1333
v -33.6000 0.0000 2.0667
v -33.6000 0.0000 2.0000
v -33.6000 0.0000 1.9333
v -33.6000 0.0000 1.8667
v -33.6000 0.0000 1.8000
v -33.4000 0.0000 2.2000
v -33.4000 0.0000 2.1333
v -33.4000 0.0000 2.0667
v -33.4000 0.0000 2.0000
v -33.4000 0.0000 1.9333
v -33.4000 0.0000 1.8667
v -33.4000 0.0000 1.8000
v -33.2000 0.0000 2.2000
v -33.2000 0.0000 2.1333
v -33.2000 0.0000 2.0667
v -33.2000 0.0000 2.0000
v -33.2000 0.0000 1.9333
v -33.2000 0.0000 1.8667
v -33.2000 0.0000 1.8000
v -33.0000 0.0000 2.2000
v -33.0000 0.0000 2.1333
v -33.0000 0.0000 2.0667
v -33.0000 0.0000 2.0000
v -33.0000 0.0000 1.9333
v -33.0000 0.0000 1.8667
v -33.0000 0.0000 1.8000
v -32.8000 0.0000 2.2000
v -32.8000 0.0000 2.1333
v -32.8000 0.0000 2.0667
v -32.8000 0.0000 2.0000
v -32.8000 0.0000 1.9333
v -32.8000 0.0000 1.8667
v -32.8000 0.0000 1.8000
v -32.6000 0.0000 2.2000
v -32.6000 0.0000 2.1333
v -32.6000 0.0000 2.0667
v -32.6000 0.0000 2.0000
v -32.6000 0.0000 1.9333
v -32.6000 0.0000 1.8667
v -32.6000 0.0000 1.8000
v -32.4000 0.0000 2.2000
v -32.4000 0.0000 2.1333
v -32.4000 0.0000 2.0667
v -32.4000 0.0000 2.0000
v -32.4000 0.0000 1.9333
v -32.4000 0.0000 1.8667
v -32.4000 0.0000 1.8000
f 8115 8116 8123
f 8115 8123 8122
f 8116 8117 8124
f 8116 8124 8123
f 8117 8118 8125
f 8117 8125 8124
f 8118 8119 8126
f 8118 8126 8125
f 8119 8120 8127
f 8119 8127 8126
f 8120 8121 8128
f 8120 8128 8127
f 8122 8123 8130
f 8122 8130 8129
f 8123 8124 8131
f 8123 8131 8130
f 8124 8125 8132
f 8124 8132 8131
f 8125 8126 8133
f 8125 8133 8132
f 8126 8127 8134
f 8126 8134 8133
f 8127 8128 8135
f 8127 8135 8134
f 8129 8130 8137
f 8129 8137 8136
f 8130 8131 8138
f 8130 8138 8137
f 8131 8132 8139
f 8131 8139 8138
f 8132 8133 8140
f 8132 8140 8139
f 8133 8134 8141
f 8133 8141 8140
f 8134 8135 8142
f 8134 8142 8141
f 8136 8137 8144
f 8136 8144 8143
f 8137 8138 8145
f 8137 8145 8144
f 8138 8139 8146
f 8138 8146 8145
f 8139 8140 8147
f 8139 8147 8146
f 8140 8141 8148
f 8140 8148 8147
f 8141 8142 8149
f 8141 8149 8148
f 8143 8144 8151
f 8143 8151 8150
f 8144 8145 8152
f 8144 8152 8151
f 8145 8146 8153
f 8145 8153 8152
f 8146 8147 8154
f 8146 8154 8153
f 8147 8148 8155
f 8147 8155 8154
f 8148 8149 8156
f 8148 8156 8155
f 8150 8151 8158
f 8150 8158 8157
f 8151 8152 8159
f 8151 8159 8158
f 8152 8153 8160
f 8152 8160 8159
f 8153 8154 8161
f 8153 8161 8160
f 8154 8155 8162
f 8154 8162 8161
f 8155 8156 8163
f 8155 8163 8162
f 8164 8165 8172
f 8164 8172 8171
f 8165 8166 8173
f 8165 8173 8172
f 8166 8167 8174
f 8166 8174 8173
f 8167 8168 8175
f 8167 8175 8174
f 8168 8169 8176
f 8168 8176 8175
f 8169 8170 8177
f 8169 8177 8176
f 8171 8172 8179
f 8171 8179 8178
f 8172 8173 8180
f 8172 8180 8179
f 8173 8174 8181
f 8173 8181 8180
f 8174 8175 8182
f 8174 8182 8181
f 8175 8176 8183
f 8175 8183 8182
f 8176 8177 8184
f 8176 8184 8183
f 8178 8179 8186
f 8178 8186 8185
f 8179 8180 8187
f 8179 8187 8186
f 8180 8181 8188
f 8180 8188 8187
f 8181 8182 8189
f 8181 8189 8188
f 8182 8183 8190
f 8182 8190 8189
f 8183 8184 8191
f 8183 8191 8190
f 8185 8186 8193
f 8185 8193 8192
f 8186 8187 8194
f 8186 8194 8193
f 8187 8188 8195
f 8187 8195 8194
f 8188 8189 8196
f 8188 8196 8195
f 8189 8190 8197
f 8189 8197 8196
f 8190 8191 8198
f 8190 8198 8197
f 8192 8193 8200
f 8192 8200 8199
f 8193 8194 8201
f 8193 8201 8200
f 8194 8195 8202
f 8194 8202 8201
f 8195 8196 8203
f 8195 8203 8202
f 8196 8197 8204
f 8196 8204 8203
f 8197 8198 8205
f 8197 8205 8204
f 8199 8200 8207
f 8199 8207 8206
f 8200 8201 8208
f 8200 8208 8207
f 8201 8202 8209
f 8201 8209 8208
f 8202 8203 8210
f 8202 8210 8209
f 8203 8204 8211
f 8203 8211 8210
f 8204 8205 8212
f 8204 8212 8211
f 8213 8214 8221
f 8213 8221 8220
f 8214 8215 8222
f 8214 8222 8221
f 8215 8216 8223
f 8215 8223 8222
f 8216 8217 8224
f 8216 8224 8223
f 8217 8218 8225
f 8217 8225 8224
f 8218 8219 8226
f 8218 8226 8225
f 8220 8221 8228
f 8220 8228 8227
f 8221 8222 8229
f 8221 8229 8228
f 8222 8223 8230
f 8222 8230 8229
f 8223 8224 8231
f 8223 8231 8230
f 8224 8225 8232
f 8224 8232 8231
f 8225 8226 8233
f 8225 8233 8232
f 8227 8228 8235
f 8227 8235 8234
f 8228 8229 8236
f 8228 8236 8235
f 8229 8230 8237
f 8229 8237 8236
f 8230 8231 8238
f 8230 8238 8237
f 8231 8232 8239
f 8231 8239 8238
f 8232 8233 8240
f 8232 8240 8239
f 8234 8235 8242
f 8234 8242 8241
f 8235 8236 8243
f 8235 8243 8242
f 8236 8237 8244
f 8236 8244 8243
f 8237 8238 8245
f 8237 8245 8244
f 8238 8239 8246
f 8238 8246 8245
f 8239 8240 8247
f 8239 8247 8246
f 8241 8242 8249
f 8241 8249 8248
f 8242 8243 8250
f 8242 8250 8249
f 8243 8244 8251
f 8243 8251 8250
f 8244 8245 8252
f 8244 8252 8251
f 8245 8246 8253
f 8245 8253 8252
f 8246 8247 8254
f 8246 8254 8253
f 8248 8249 8256
f 8248 8256 8255
f 8249 8250 8257
f 8249 8257 8256
f 8250 8251 8258
f 8250 8258 8257
f 8251 8252 8259
f 8251 8259 8258
f 8252 8253 8260
f 8252 8260 8259
f 8253 8254 8261
f 8253 8261 8260
f 8262 8263 8270
f 8262 8270 8269
f 8263 8264 8271
f 8263 8271 8270
f 8264 8265 8272
f 8264 8272 8271
f 8265 8266 8273
f 8265 8273 8272
f 8266 8267 8274
f 8266 8274 8273
f 8267 8268 8275
f 8267 8275 8274
f 8269 8270 8277
f 8269 8277 8276
f 8270 8271 8278
f 8270 8278 8277
f 8271 8272 8279
f 8271 8279 8278
f 8272 8273 8280
f 8272 8280 8279
f 8273 8274 8281
f 8273 8281 8280
f 8274 8275 8282
f 8274 8282 8281
f 8276 8277 8284
f 8276 8284 8283
f 8277 8278 8285
f 8277 8285 8284
f 8278 8279 8286
f 8278 8286 8285
f 8279 8280 8287
f 8279 8287 8286
f 8280 8281 8288
f 8280 8288 8287
f 8281 8282 8289
f 8281 8289 8288
f 8283 8284 8291
f 8283 8291 8290
f 8284 8285 8292
f 8284 8292 8291
f 8285 8286 8293
f 8285 8293 8292
f 8286 8287 8294
f 8286 8294 8293
f 8287 8288 8295
f 8287 8295 8294
f 8288 8289 8296
f 8288 8296 8295
f 8290 8291 8298
f 8290 8298 8297
f 8291 8292 8299
f 8291 8299 8298
f 8292 8293 8300
f 8292 8300 8299
f 8293 8294 8301
f 8293 8301 8300
f 8294 8295 8302
f 8294 8302 8301
f 8295 8296 8303
f 8295 8303 8302
f 8297 8298 8305
f 8297 8305 8304
f 8298 8299 8306
f 8298 8306 8305
f 8299 8300 8307
f 8299 8307 8306
f 8300 8301 8308
f 8300 8308 8307
f 8301 8302 8309
f 8301 8309 8308
f 8302 8303 8310
f 8302 8310 8309
f 8311 8312 8319
f 8311 8319 8318
f 8312 8313 8320
f 8312 8320 8319
f 8313 8314 8321
f 8313 8321 8320
f 8314 8315 8322
f 8314 8322 8321
f 8315 8316 8323
f 8315 8323 8322
f 8316 8317 8324
f 8316 8324 8323
f 8318 8319 8326
f 8318 8326 8325
f 8319 8320 8327
f 8319 8327 8326
f 8320 8321 8328
f 8320 8328 8327
f 8321 8322 8329
f 8321 8329 8328
f 8322 8323 8330
f 8322 8330 8329
f 8323 8324 8331
f 8323 8331 8330
f 8325 8326 8333
f 8325 8333 8332
f 8326 8327 8334
f 8326 8334 8333
f 8327 8328 8335
f 8327 8335 8334
f 8328 8329 8336
f 8328 8336 8335
f 8329 8330 8337
f 8329 8337 8336
f 8330 8331 8338
f 8330 8338 8337
f 8332 8333 8340
f 8332 8340 8339
f 8333 8334 8341
f 8333 8341 8340
f 8334 8335 8342
f 8334 8342 8341
f 8335 8336 8343
f 8335 8343 8342
f 8336 8337 8344
f 8336 8344 8343
f 8337 8338 8345
f 8337 8345 8344
f 8339 8340 8347
f 8339 8347 8346
f 8340 8341 8348
f 8340 8348 8347
f 8341 8342 8349
f 8341 8349 8348
f 8342 8343 8350
f 8342 8350 8349
f 8343 8344 8351
f 8343 8351 8350
f 8344 8345 8352
f 8344 8352 8351
f 8346 8347 8354
f 8346 8354 8353
f 8347 8348 8355
f 8347 8355 8354
f 8348 8349 8356
f 8348 8356 8355
f 8349 8350 8357
f 8349 8357 8356
f 8350 8351 8358
f 8350 8358 8357
f 8351 8352 8359
f 8351 8359 8358
f 8360 8361 8368
f 8360 8368 8367
f 8361 8362 8369
f 8361 8369 8368
f 8362 8363 8370
f 8362 8370 8369
f 8363 8364 8371
f 8363 8371 8370
f 8364 8365 8372
f 8364 8372 8371
f 8365 8366 8373
f 8365 8373 8372
f 8367 8368 8375
f 8367 8375 8374
f 8368 8369 8376
f 8368 8376 8375
f 8369 8370 8377
f 8369 8377 8376
f 8370 8371 8378
f 8370 8378 8377
f 8371 8372 8379
f 8371 8379 8378
f 8372 8373 8380
f 8372 8380 8379
f 8374 8375 8382
f 8374 8382 8381
f 8375 8376 8383
f 8375 8383 8382
f 8376 8377 8384
f 8376 8384 8383
f 8377 8378 8385
f 8377 8385 8384
f 8378 8379 8386
f 8378 8386 8385
f 8379 8380 8387
f 8379 8387 8386
f 8381 8382 8389
f 8381 8389 8388
f 8382 8383 8390
f 8382 8390 8389
f 8383 8384 8391
f 8383 8391 8390
f 8384 8385 8392
f 8384 8392 8391
f 8385 8386 8393
f 8385 8393 8392
f 8386 8387 8394
f 8386 8394 8393
f 8388 8389 8396
f 8388 8396 8395
f 8389 8390 8397
f 8389 8397 8396
f 8390 8391 8398
f 8390 8398 8397
f 8391 8392 8399
f 8391 8399 8398
f 8392 8393 8400
f 8392 8400 8399
f 8393 8394 8401
f 8393 8401 8400
f 8395 8396 8403
f 8395 8403 8402
f 8396 8397 8404
f 8396 8404 8403
f 8397 8398 8405
f 8397 8405 8404
f 8398 8399 8406
f 8398 8406 8405
f 8399 8400 8407
f 8399 8407 8406
f 8400 8401 8408
f 8400 8408 8407
g 방호벽_2
v 32.4000 0.0000 -1.8000
v 32.4000 0.1667 -1.8000
v 32.4000 0.3333 -1.8000
v 32.4000 0.5000 -1.8000
v 32.4000 0.6667 -1.8000
v 32.4000 0.8333 -1.8000
v 32.4000 1.0000 -1.8000
v 32.6000 0.0000 -1.8000
v 32.6000 0.1667 -1.8000
v 32.6000 0.3333 -1.8000
v 32.6000 0.5000 -1.8000
v 32.6000 0.6667 -1.8000
v 32.6000 0.8333 -1.8000
v 32.6000 1.0000 -1.8000
v 32.8000 0.0000 -1.8000
v 32.8000 0.1667 -1.8000
v 32.8000 0.3333 -1.8000
v 32.8000 0.5000 -1.8000
v 32.8000 0.6667 -1.8000
v 32.8000 0.8333 -1.8000
v 32.8000 1.0000 -1.8000
v 33.0000 0.0000 -1.8000
v 33.0000 0.1667 -1.8000
v 33.0000 0.3333 -1.8000
v 33.0000 0.5000 -1.8000
v 33.0000 0.6667 -1.8000
v 33.0000 0.8333 -1.8000
v 33.0000 1.0000 -1.8000
v 33.2000 0.0000 -1.8000
v 33.2000 0.1667 -1.8000
v 33.2000 0.3333 -1.8000
v 33.2000 0.5000 -1.8000
v 33.2000 0.6667 -1.8000
v 33.2000 0.8333 -1.8000
v 33.2000 1.0000 -1.8000
v 33.4000 0.0000 -1.8000
v 33.4000 0.1667 -1.8000
v 33.4000 0.3333 -1.8000
v 33.4000 0.5000 -1.8000
v 33.4000 0.6667 -1.8000
v 33.4000 0.8333 -1.8000
v 33.4000 1.0000 -1.8000
v 33.6000 0.0000 -1.8000
v 33.6000 0.1667 -1.8000
v 33.6000 0.3333 -1.8000
v 33.6000 0.5000 -1.8000
v 33.6000 0.6667 -1.8000
v 33.6000 0.8333 -1.8000
v 33.6000 1.0000 -1.8000
v 33.6000 0.0000 -2.2000
v 33.6000 0.1667 -2.2000
v 33.6000 0.3333 -2.2000
v 33.6000 0.5000 -2.2000
v 33.6000 0.6667 -2.2000
v 33.6000 0.8333 -2.2000
v 33.6000 1.0000 -2.2000
v 33.4000 0.0000 -2.2000
v 33.4000 0.1667 -2.2000
v 33.4000 0.3333 -2.2000
v 33.4000 0.5000 -2.2000
v 33.4000 0.6667 -2.2000
v 33.4000 0.8333 -2.2000
v 33.4000 1.0000 -2.2000
v 33.2000 0.0000 -2.2000
v 33.2000 0.1667 -2.2000
v 33.2000 0.3333 -2.2000
v 33.2000 0.5000 -2.2000
v 33.2000 0.6667 -2.2000
v 33.2000 0.8333 -2.2000
v 33.2000 1.0000 -2.2000
v 33.0000 0.0000 -2.2000
v 33.0000 0.1667 -2.2000
v 33.0000 0.3333 -2.2000
v 33.0000 0.5000 -2.2000
v 33.0000 0.6667 -2.2000
v 33.0000 0.8333 -2.2000
v 33.0000 1.0000 -2.2000
v 32.8000 0.0000 -2.2000
v 32.8000 0.1667 -2.2000
v 32.8000 0.3333 -2.2000
v 32.8000 0.5000 -2.2000
v 32.8000 0.6667 -2.2000
v 32.8000 0.8333 -2.2000
v 32.8000 1.0000 -2.2000
v 32.6000 0.0000 -2.2000
v 32.6000 0.1667 -2.2000
v 32.6000 0.3333 -2.2000
v 32.6000 0.5000 -2.2000
v 32.6000 0.6667 -2.2000
v 32.6000 0.8333 -2.2000
v 32.6000 1.0000 -2.2000
v 32.4000 0.0000 -2.2000
v 32.4000 0.1667 -2.2000
v 32.4000 0.3333 -2.2000
v 32.4000 0.5000 -2.2000
v 32.4000 0.6667 -2.2000
v 32.4000 0.8333 -2.2000
v 32.4000 1.0000 -2.2000
v 32.4000 0.0000 -2.2000
v 32.4000 0.1667 -2.2000
v 32.4000 0.3333 -2.2000
v 32.4000 0.5000 -2.2000
v 32.4000 0.6667 -2.2000
v 32.4000 0.8333 -2.2000
v 32.4000 1.0000 -2.2000
v 32.4000 0.0000 -2.1333
v 32.4000 0.1667 -2.1333
v 32.4000 0.3333 -2.1333
v 32.4000 0.5000 -2.1333
v 32.4000 0.6667 -2.1333
v 32.4000 0.8333 -2.1333
v 32.4000 1.0000 -2.1333
v 32.4000 0.0000 -2.0667
v 32.4000 0.1667 -2.0667
v 32.4000 0.3333 -2.0667
v 32.4000 0.5000 -2.0667
v 32.4000 0.6667 -2.0667
v 32.4000 0.8333 -2.0667
v 32.4000 1.0000 -2.0667
v 32.4000 0.0000 -2.0000
v 32.4000 0.1667 -2.0000
v 32.4000 0.3333 -2.0000
v 32.4000 0.5000 -2.0000
v 32.4000 0.6667 -2.0000
v 32.4000 0.8333 -2.0000
v 32.4000 1.0000 -2.0000
v 32.4000 0.0000 -1.9333
v 32.4000 0.1667 -1.9333
v 32.4000 0.3333 -1.9333
v 32.4000 0.5000 -1.9333
v 32.4000 0.6667 -1.9333
v 32.4000 0.8333 -1.9333
v 32.4000 1.0000 -1.9333
v 32.4000 0.0000 -1.8667
v 32.4000 0.1667 -1.8667
v 32.4000 0.3333 -1.8667
v 32.4000 0.5000 -1.8667
v 32.4000 0.6667 -1.8667
v 32.4000 0.8333 -1.8667
v 32.4000 1.0000 -1.8667
v 32.4000 0.0000 -1.8000
v 32.4000 0.1667 -1.8000
v 32.4000 0.3333 -1.8000
v 32.4000 0.5000 -1.8000
v 32.4000 0.6667 -1.8000
v 32.4000 0.8333 -1.8000
v 32.4000 1.0000 -1.8000
v 33.6000 0.0000 -1.8000
v 33.6000 0.1667 -1.8000
v 33.6000 0.3333 -1.8000
v 33.6000 0.5000 -1.8000
v 33.6000 0.6667 -1.8000
v 33.6000 0.8333 -1.8000
v 33.6000 1.0000 -1.8000
v 33.6000 0.0000 -1.8667
v 33.6000 0.1667 -1.8667
v 33.6000 0.3333 -1.8667
v 33.6000 0.5000 -1.8667
v 33.6000 0.6667 -1.8667
v 33.6000 0.8333 -1.8667
v 33.6000 1.0000 -1.8667
v 33.6000 0.0000 -1.9333
v 33.6000 0.1667 -1.9333
v 33.6000 0.3333 -1.9333
v 33.6000 0.5000 -1.9333
v 33.6000 0.6667 -1.9333
v 33.6000 0.8333 -1.9333
v 33.6000 1.0000 -1.9333
v 33.6000 0.0000 -2.0000
v 33.6000 0.1667 -2.0000
v 33.6000 0.3333 -2.0000
v 33.6000 0.5000 -2.0000
v 33.6000 0.6667 -2.0000
v 33.6000 0.8333 -2.0000
v 33.6000 1.0000 -2.0000
v 33.6000 0.0000 -2.0667
v 33.6000 0.1667 -2.0667
v 33.6000 0.3333 -2.0667
v 33.6000 0.5000 -2.0667
v 33.6000 0.6667 -2.0667
v 33.6000 0.8333 -2.0667
v 33.6000 1.0000 -2.0667
v 33.6000 0.0000 -2.1333
v 33.6000 0.1667 -2.1333
v 33.6000 0.3333 -2.1333
v 33.6000 0.5000 -2.1333
v 33.6000 0.6667 -2.1333
v 33.6000 0.8333 -2.1333
v 33.6000 1.0000 -2.1333
v 33.6000 0.0000 -2.2000
v 33.6000 0.1667 -2.2000
v 33.6000 0.3333 -2.2000
v 33.6000 0.5000 -2.2000
v 33.6000 0.6667 -2.2000
v 33.6000 0.8333 -2.2000
v 33.6000 1.0000 -2.2000
v 32.4000 1.0000 -2.2000
v 32.4000 1.0000 -2.1333
v 32.4000 1.0000 -2.0667
v 32.4000 1.0000 -2.0000
v 32.4000 1.0000 -1.9333
v 32.4000 1.0000 -1.8667
v 32.4000 1.0000 -1.8000
v 32.6000 1.0000 -2.2000
v 32.6000 1.0000 -2.1333
v 32.6000 1.0000 -2.0667
v 32.6000 1.0000 -2.0000
v 32.6000 1.0000 -1.9333
v 32.6000 1.0000 -1.8667
v 32.6000 1.0000 -1.8000
v 32.8000 1.0000 -2.2000
v 32.8000 1.0000 -2.1333
v 32.8000 1.0000 -2.0667
v 32.8000 1.0000 -2.0000
v 32.8000 1.0000 -1.9333
v 32.8000 1.0000 -1.8667
v 32.8000 1.0000 -1.8000
v 33.0000 1.0000 -2.2000
v 33.0000 1.0000 -2.1333
v 33.0000 1.0000 -2.0667
v 33.0000 1.0000 -2.0000
v 33.0000 1.0000 -1.9333
v 33.0000 1.0000 -1.8667
v 33.0000 1.0000 -1.8000
v 33.2000 1.0000 -2.2000
v 33.2000 1.0000 -2.1333
v 33.2000 1.0000 -2.0667
v 33.2000 1.0000 -2.0000
v 33.2000 1.0000 -1.9333
v 33.2000 1.0000 -1.8667
v 33.2000 1.0000 -1.8000
v 33.4000 1.0000 -2.2000
v 33.4000 1.0000 -2.1333
v 33.4000 1.0000 -2.0667
v 33.4000 1.0000 -2.0000
v 33.4000 1.0000 -1.9333
v 33.4000 1.0000 -1.8667
v 33.4000 1.0000 -1.8000
v 33.6000 1.0000 -2.2000
v 33.6000 1.0000 -2.1333
v 33.6000 1.0000 -2.0667
v 33.6000 1.0000 -2.0000
v 33.6000 1.0000 -1.9333
v 33.6000 1.0000 -1.8667
v 33.6000 1.0000 -1.8000
v 32.4000 0.0000 -1.8000
v 32.4000 0.0000 -1.8667
v 32.4000 0.0000 -1.9333
v 32.4000 0.0000 -2.0000
v 32.4000 0.0000 -2.0667
v 32.4000 0.0000 -2.1333
v 32.4000 0.0000 -2.2000
v 32.6000 0.0000 -1.8000
v 32.6000 0.0000 -1.8667
v 32.6000 0.0000 -1.9333
v 32.6000 0.0000 -2.0000
v 32.6000 0.0000 -2.0667
v 32.6000 0.0000 -2.1333
v 32.6000 0.0000 -2.2000
v 32.8000 0.0000 -1.8000
v 32.8000 0.0000 -1.8667
v 32.8000 0.0000 -1.9333
v 32.8000 0.0000 -2.0000
v 32.8000 0.0000 -2.0667
v 32.8000 0.0000 -2.1333
v 32.8000 0.0000 -2.2000
v 33.0000 0.0000 -1.8000
v 33.0000 0.0000 -1.8667
v 33.0000 0.0000 -1.9333
v 33.0000 0.0000 -2.0000
v 33.0000 0.0000 -2.0667
v 33.0000 0.0000 -2.1333
v 33.0000 0.0000 -2.2000
v 33.2000 0.0000 -1.8000
v 33.2000 0.0000 -1.8667
v 33.2000 0.0000 -1.9333
v 33.2000 0.0000 -2.0000
v 33.2000 0.0000 -2.0667
v 33.2000 0.0000 -2.1333
v 33.2000 0.0000 -2.2000
v 33.4000 0.0000 -1.8000
v 33.4000 0.0000 -1.8667
v 33.4000 0.0000 -1.9333
v 33.4000 0.0000 -2.0000
v 33.4000 0.0000 -2.0667
v 33.4000 0.0000 -2.1333
v 33.4000 0.0000 -2.2000
v 33.6000 0.0000 -1.8000
v 33.6000 0.0000 -1.8667
v 33.6000 0.0000 -1.9333
v 33.6000 0.0000 -2.0000
v 33.6000 0.0000 -2.0667
v 33.6000 0.0000 -2.1333
v 33.6000 0.0000 -2.2000
f 8409 8410 8417
f 8409 8417 8416
f 8410 8411 8418
f 8410 8418 8417
f 8411 8412 8419
f 8411 8419 8418
f 8412 8413 8420
f 8412 8420 8419
f 8413 8414 8421
f 8413 8421 8420
f 8414 8415 8422
f 8414 8422 8421
f 8416 8417 8424
f 8416 8424 8423
f 8417 8418 8425
f 8417 8425 8424
f 8418 8419 8426
f 8418 8426 8425
f 8419 8420 8427
f 8419 8427 8426
f 8420 8421 8428
f 8420 8428 8427
f 8421 8422 8429
f 8421 8429 8428
f 8423 8424 8431
f 8423 8431 8430
f 8424 8425 8432
f 8424 8432 8431
f 8425 8426 8433
f 8425 8433 8432
f 8426 8427 8434
f 8426 8434 8433
f 8427 8428 8435
f 8427 8435 8434
f 8428 8429 8436
f 8428 8436 8435
f 8430 8431 8438
f 8430 8438 8437
f 8431 8432 8439
f 8431 8439 8438
f 8432 8433 8440
f 8432 8440 8439
f 8433 8434 8441
f 8433 8441 8440
f 8434 8435 8442
f 8434 8442 8441
f 8435 8436 8443
f 8435 8443 8442
f 8437 8438 8445
f 8437 8445 8444
f 8438 8439 8446
f 8438 8446 8445
f 8439 8440 8447
f 8439 8447 8446
f 8440 8441 8448
f 8440 8448 8447
f 8441 8442 8449
f 8441 8449 8448
f 8442 8443 8450
f 8442 8450 8449
f 8444 8445 8452
f 8444 8452 8451
f 8445 8446 8453
f 8445 8453 8452
f 8446 8447 8454
f 8446 8454 8453
f 8447 8448 8455
f 8447 8455 8454
f 8448 8449 8456
f 8448 8456 8455
f 8449 8450 8457
f 8449 8457 8456
f 8458 8459 8466
f 8458 8466 8465
f 8459 8460 8467
f 8459 8467 8466
f 8460 8461 8468
f 8460 8468 8467
f 8461 8462 8469
f 8461 8469 8468
f 8462 8463 8470
f 8462 8470 8469
f 8463 8464 8471
f 8463 8471 8470
f 8465 8466 8473
f 8465 8473 8472
f 8466 8467 8474
f 8466 8474 8473
f 8467 8468 8475
f 8467 8475 8474
f 8468 8469 8476
f 8468 8476 8475
f 8469 8470 8477
f 8469 8477 8476
f 8470 8471 8478
f 8470 8478 8477
f 8472 8473 8480
f 8472 8480 8479
f 8473 8474 8481
f 8473 8481 8480
f 8474 8475 8482
f 8474 8482 8481
f 8475 8476 8483
f 8475 8483 8482
f 8476 8477 8484
f 8476 8484 8483
f 8477 8478 8485
f 8477 8485 8484
f 8479 8480 8487
f 8479 8487 8486
f 8480 8481 8488
f 8480 8488 8487
f 8481 8482 8489
f 8481 8489 8488
f 8482 8483 8490
f 8482 8490 8489
f 8483 8484 8491
f 8483 8491 8490
f 8484 8485 8492
f 8484 8492 8491
f 8486 8487 8494
f 8486 8494 8493
f 8487 8488 8495
f 8487 8495 8494
f 8488 8489 8496
f 8488 8496 8495
f 8489 8490 8497
f 8489 8497 8496
f 8490 8491 8498
f 8490 8498 8497
f 8491 8492 8499
f 8491 8499 8498
f 8493 8494 8501
f 8493 8501 8500
f 8494 8495 8502
f 8494 8502 8501
f 8495 8496 8503
f 8495 8503 8502
f 8496 8497 8504
f 8496 8504 8503
f 8497 8498 8505
f 8497 8505 8504
f 8498 8499 8506
f 8498 8506 8505
f 8507 8508 8515
f 8507 8515 8514
f 8508 8509 8516
f 8508 8516 8515
f 8509 8510 8517
f 8509 8517 8516
f 8510 8511 8518
f 8510 8518 8517
f 8511 8512 8519
f 8511 8519 8518
f 8512 8513 8520
f 8512 8520 8519
f 8514 8515 8522
f 8514 8522 8521
f 8515 8516 8523
f 8515 8523 8522
f 8516 8517 8524
f 8516 8524 8523
f 8517 8518 8525
f 8517 8525 8524
f 8518 8519 8526
f 8518 8526 8525
f 8519 8520 8527
f 8519 8527 8526
f 8521 8522 8529
f 8521 8529 8528
f 8522 8523 8530
f 8522 8530 8529
f 8523 8524 8531
f 8523 8531 8530
f 8524 8525 8532
f 8524 8532 8531
f 8525 8526 8533
f 8525 8533 8532
f 8526 8527 8534
f 8526 8534 8533
f 8528 8529 8536
f 8528 8536 8535
f 8529 8530 8537
f 8529 8537 8536
f 8530 8531 8538
f 8530 8538 8537
f 8531 8532 8539
f 8531 8539 8538
f 8532 8533 8540
f 8532 8540 8539
f 8533 8534 8541
f 8533 8541 8540
f 8535 8536 8543
f 8535 8543 8542
f 8536 8537 8544
f 8536 8544 8543
f 8537 8538 8545
f 8537 8545 8544
f 8538 8539 8546
f 8538 8546 8545
f 8539 8540 8547
f 8539 8547 8546
f 8540 8541 8548
f 8540 8548 8547
f 8542 8543 8550
f 8542 8550 8549
f 8543 8544 8551
f 8543 8551 8550
f 8544 8545 8552
f 8544 8552 8551
f 8545 8546 8553
f 8545 8553 8552
f 8546 8547 8554
f 8546 8554 8553
f 8547 8548 8555
f 8547 8555 8554
f 8556 8557 8564
f 8556 8564 8563
f 8557 8558 8565
f 8557 8565 8564
f 8558 8559 8566
f 8558 8566 8565
f 8559 8560 8567
f 8559 8567 8566
f 8560 8561 8568
f 8560 8568 8567
f 8561 8562 8569
f 8561 8569 8568
f 8563 8564 8571
f 8563 8571 8570
f 8564 8565 8572
f 8564 8572 8571
f 8565 8566 8573
f 8565 8573 8572
f 8566 8567 8574
f 8566 8574 8573
f 8567 8568 8575
f 8567 8575 8574
f 8568 8569 8576
f 8568 8576 8575
f 8570 8571 8578
f 8570 8578 8577
f 8571 8572 8579
f 8571 8579 8578
f 8572 8573 8580
f 8572 8580 8579
f 8573 8574 8581
f 8573 8581 8580
f 8574 8575 8582
f 8574 8582 8581
f 8575 8576 8583
f 8575 8583 8582
f 8577 8578 8585
f 8577 8585 8584
f 8578 8579 8586
f 8578 8586 8585
f 8579 8580 8587
f 8579 8587 8586
f 8580 8581 8588
f 8580 8588 8587
f 8581 8582 8589
f 8581 8589 8588
f 8582 8583 8590
f 8582 8590 8589
f 8584 8585 8592
f 8584 8592 8591
f 8585 8586 8593
f 8585 8593 8592
f 8586 8587 8594
f 8586 8594 8593
f 8587 8588 8595
f 8587 8595 8594
f 8588 8589 8596
f 8588 8596 8595
f 8589 8590 8597
f 8589 8597 8596
f 8591 8592 8599
f 8591 8599 8598
f 8592 8593 8600
f 8592 8600 8599
f 8593 8594 8601
f 8593 8601 8600
f 8594 8595 8602
f 8594 8602 8601
f 8595 8596 8603
f 8595 8603 8602
f 8596 8597 8604
f 8596 8604 8603
f 8605 8606 8613
f 8605 8613 8612
f 8606 8607 8614
f 8606 8614 8613
f 8607 8608 8615
f 8607 8615 8614
f 8608 8609 8616
f 8608 8616 8615
f 8609 8610 8617
f 8609 8617 8616
f 8610 8611 8618
f 8610 8618 8617
f 8612 8613 8620
f 8612 8620 8619
f 8613 8614 8621
f 8613 8621 8620
f 8614 8615 8622
f 8614 8622 8621
f 8615 8616 8623
f 8615 8623 8622
f 8616 8617 8624
f 8616 8624 8623
f 8617 8618 8625
f 8617 8625 8624
f 8619 8620 8627
f 8619 8627 8626
f 8620 8621 8628
f 8620 8628 8627
f 8621 8622 8629
f 8621 8629 8628
f 8622 8623 8630
f 8622 8630 8629
f 8623 8624 8631
f 8623 8631 8630
f 8624 8625 8632
f 8624 8632 8631
f 8626 8627 8634
f 8626 8634 8633
f 8627 8628 8635
f 8627 8635 8634
f 8628 8629 8636
f 8628 8636 8635
f 8629 8630 8637
f 8629 8637 8636
f 8630 8631 8638
f 8630 8638 8637
f 8631 8632 8639
f 8631 8639 8638
f 8633 8634 8641
f 8633 8641 8640
f 8634 8635 8642
f 8634 8642 8641
f 8635 8636 8643
f 8635 8643 8642
f 8636 8637 8644
f 8636 8644 8643
f 8637 8638 8645
f 8637 8645 8644
f 8638 8639 8646
f 8638 8646 8645
f 8640 8641 8648
f 8640 8648 8647
f 8641 8642 8649
f 8641 8649 8648
f 8642 8643 8650
f 8642 8650 8649
f 8643 8644 8651
f 8643 8651 8650
f 8644 8645 8652
f 8644 8652 8651
f 8645 8646 8653
f 8645 8653 8652
f 8654 8655 8662
f 8654 8662 8661
f 8655 8656 8663
f 8655 8663 8662
f 8656 8657 8664
f 8656 8664 8663
f 8657 8658 8665
f 8657 8665 8664
f 8658 8659 8666
f 8658 8666 8665
f 8659 8660 8667
f 8659 8667 8666
f 8661 8662 8669
f 8661 8669 8668
f 8662 8663 8670
f 8662 8670 8669
f 8663 8664 8671
f 8663 8671 8670
f 8664 8665 8672
f 8664 8672 8671
f 8665 8666 8673
f 8665 8673 8672
f 8666 8667 8674
f 8666 8674 8673
f 8668 8669 8676
f 8668 8676 8675
f 8669 8670 8677
f 8669 8677 8676
f 8670 8671 8678
f 8670 8678 8677
f 8671 8672 8679
f 8671 8679 8678
f 8672 8673 8680
f 8672 8680 8679
f 8673 8674 8681
f 8673 8681 8680
f 8675 8676 8683
f 8675 8683 8682
f 8676 8677 8684
f 8676 8684 8683
f 8677 8678 8685
f 8677 8685 8684
f 8678 8679 8686
f 8678 8686 8685
f 8679 8680 8687
f 8679 8687 8686
f 8680 8681 8688
f 8680 8688 8687
f 8682 8683 8690
f 8682 8690 8689
f 8683 8684 8691
f 8683 8691 8690
f 8684 8685 8692
f 8684 8692 8691
f 8685 8686 8693
f 8685 8693 8692
f 8686 8687 8694
f 8686 8694 8693
f 8687 8688 8695
f 8687 8695 8694
f 8689 8690 8697
f 8689 8697 8696
f 8690 8691 8698
f 8690 8698 8697
f 8691 8692 8699
f 8691 8699 8698
f 8692 8693 8700
f 8692 8700 8699
f 8693 8694 8701
f 8693 8701 8700
f 8694 8695 8702
f 8694 8702 8701
g 방호벽_3
v 32.4000 0.0000 2.2000
v 32.4000 0.1667 2.2000
v 32.4000 0.3333 2.2000
v 32.4000 0.5000 2.2000
v 32.4000 0.6667 2.2000
v 32.4000 0.8333 2.2000
v 32.4000 1.0000 2.2000
v 32.6000 0.0000 2.2000
v 32.6000 0.1667 2.2000
v 32.6000 0.3333 2.2000
v 32.6000 0.5000 2.2000
v 32.6000 0.6667 2.2000
v 32.6000 0.8333 2.2000
v 32.6000 1.0000 2.2000
v 32.8000 0.0000 2.2000
v 32.8000 0.1667 2.2000
v 32.8000 0.3333 2.2000
v 32.8000 0.5000 2.2000
v 32.8000 0.6667 2.2000
v 32.8000 0.8333 2.2000
v 32.8000 1.0000 2.2000
v 33.0000 0.0000 2.2000
v 33.0000 0.1667 2.2000
v 33.0000 0.3333 2.2000
v 33.0000 0.5000 2.2000
v 33.0000 0.6667 2.2000
v 33.0000 0.8333 2.2000
v 33.0000 1.0000 2.2000
v 33.2000 0.0000 2.2000
v 33.2000 0.1667 2.2000
v 33.2000 0.3333 2.2000
v 33.2000 0.5000 2.2000
v 33.2000 0.6667 2.2000
v 33.2000 0.8333 2.2000
v 33.2000 1.0000 2.2000
v 33.4000 0.0000 2.2000
v 33.4000 0.1667 2.2000
v 33.4000 0.3333 2.2000
v 33.4000 0.5000 2.2000
v 33.4000 0.6667 2.2000
v 33.4000 0.8333 2.2000
v 33.4000 1.0000 2.2000
v 33.6000 0.0000 2.2000
v 33.6000 0.1667 2.2000
v 33.6000 0.3333 2.2000
v 33.6000 0.5000 2.2000
v 33.6000 0.6667 2.2000
v 33.6000 0.8333 2.2000
v 33.6000 1.0000 2.2000
v 33.6000 0.0000 1.8000
v 33.6000 0.1667 1.8000
v 33.6000 0.3333 1.8000
v 33.6000 0.5000 1.8000
v 33.6000 0.6667 1.8000
v 33.6000 0.8333 1.8000
v 33.6000 1.0000 1.8000
v 33.4000 0.0000 1.8000
v 33.4000 0.1667 1.8000
v 33.4000 0.3333 1.8000
v 33.4000 0.5000 1.8000
v 33.4000 0.6667 1.8000
v 33.4000 0.8333 1.8000
v 33.4000 1.0000 1.8000
v 33.2000 0.0000 1.8000
v 33.2000 0.1667 1.8000
v 33.2000 0.3333 1.8000
v 33.2000 0.5000 1.8000
v 33.2000 0.6667 1.8000
v 33.2000 0.8333 1.8000
v 33.2000 1.0000 1.8000
v 33.0000 0.0000 1.8000
v 33.0000 0.1667 1.8000
v 33.0000 0.3333 1.8000
v 33.0000 0.5000 1.8000
v 33.0000 0.6667 1.8000
v 33.0000 0.8333 1.8000
v 33.0000 1.0000 1.8000
v 32.8000 0.0000 1.8000
v 32.8000 0.1667 1.8000
v 32.8000 0.3333 1.8000
v 32.8000 0.5000 1.8000
v 32.8000 0.6667 1.8000
v 32.8000 0.8333 1.8000
v 32.8000 1.0000 1.8000
v 32.6000 0.0000 1.8000
v 32.6000 0.1667 1.8000
v 32.6000 0.3333 1.8000
v 32.6000 0.5000 1.8000
v 32.6000 0.6667 1.8000
v 32.6000 0.8333 1.8000
v 32.6000 1.0000 1.8000
v 32.4000 0.0000 1.8000
v 32.4000 0.1667 1.8000
v 32.4000 0.3333 1.8000
v 32.4000 0.5000 1.8000
v 32.4000 0.6667 1.8000
v 32.4000 0.8333 1.8000
v 32.4000 1.0000 1.8000
v 32.4000 0.0000 1.8000
v 32.4000 0.1667 1.8000
v 32.4000 0.3333 1.8000
v 32.4000 0.5000 1.8000
v 32.4000 0.6667 1.8000
v 32.4000 0.8333 1.8000
v 32.4000 1.0000 1.8000
v 32.4000 0.0000 1.8667
v 32.4000 0.1667 1.8667
v 32.4000 0.3333 1.8667
v 32.4000 0.5000 1.8667
v 32.4000 0.6667 1.8667
v 32.4000 0.8333 1.8667
v 32.4000 1.0000 1.8667
v 32.4000 0.0000 1.9333
v 32.4000 0.1667 1.9333
v 32.4000 0.3333 1.9333
v 32.4000 0.5000 1.9333
v 32.4000 0.6667 1.9333
v 32.4000 0.8333 1.9333
v 32.4000 1.0000 1.9333
v 32.4000 0.0000 2.0000
v 32.4000 0.1667 2.0000
v 32.4000 0.3333 2.0000
v 32.4000 0.5000 2.0000
v 32.4000 0.6667 2.0000
v 32.4000 0.8333 2.0000
v 32.4000 1.0000 2.0000
v 32.4000 0.0000 2.0667
v 32.4000 0.1667 2.0667
v 32.4000 0.3333 2.0667
v 32.4000 0.5000 2.0667
v 32.4000 0.6667 2.0667
v 32.4000 0.8333 2.0667
v 32.4000 1.0000 2.0667
v 32.4000 0.0000 2.1333
v 32.4000 0.1667 2.1333
v 32.4000 0.3333 2.1333
v 32.4000 0.5000 2.1333
v 32.4000 0.6667 2.1333
v 32.4000 0.8333 2.1333
v 32.4000 1.0000 2.1333
v 32.4000 0.0000 2.2000
v 32.4000 0.1667 2.2000
v 32.4000 0.3333 2.2000
v 32.4000 0.5000 2.2000
v 32.4000 0.6667 2.2000
v 32.4000 0.8333 2.2000
v 32.4000 1.0000 2.2000
v 33.6000 0.0000 2.2000
v 33.6000 0.1667 2.2000
v 33.6000 0.3333 2.2000
v 33.6000 0.5000 2.2000
v 33.6000 0.6667 2.2000
v 33.6000 0.8333 2.2000
v 33.6000 1.0000 2.2000
v 33.6000 0.0000 2.1333
v 33.6000 0.1667 2.1333
v 33.6000 0.3333 2.1333
v 33.6000 0.5000 2.1333
v 33.6000 0.6667 2.1333
v 33.6000 0.8333 2.1333
v 33.6000 1.0000 2.1333
v 33.6000 0.0000 2.0667
v 33.6000 0.1667 2.0667
v 33.6000 0.3333 2.0667
v 33.6000 0.5000 2.0667
v 33.6000 0.6667 2.0667
v 33.6000 0.8333 2.0667
v 33.6000 1.0000 2.0667
v 33.6000 0.0000 2.0000
v 33.6000 0.1667 2.0000
v 33.6000 0.3333 2.0000
v 33.6000 0.5000 2.0000
v 33.6000 0.6667 2.0000
v 33.6000 0.8333 2.0000
v 33.6000 1.0000 2.0000
v 33.6000 0.0000 1.9333
v 33.6000 0.1667 1.9333
v 33.6000 0.3333 1.9333
v 33.6000 0.5000 1.9333
v 33.6000 0.6667 1.9333
v 33.6000 0.8333 1.9333
v 33.6000 1.0000 1.9333
v 33.6000 0.0000 1.8667
v 33.6000 0.1667 1.8667
v 33.6000 0.3333 1.8667
v 33.6000 0.5000 1.8667
v 33.6000 0.6667 1.8667
v 33.6000 0.8333 1.8667
v 33.6000 1.0000 1.8667
v 33.6000 0.0000 1.8000
v 33.6000 0.1667 1.8000
v 33.6000 0.3333 1.8000
v 33.6000 0.5000 1.8000
v 33.6000 0.6667 1.8000
v 33.6000 0.8333 1.8000
v 33.6000 1.0000 1.8000
v 32.4000 1.0000 1.8000
v 32.4000 1.0000 1.8667
v 32.4000 1.0000 1.9333
v 32.4000 1.0000 2.0000
v 32.4000 1.0000 2.0667
v 32.4000 1.0000 2.1333
v 32.4000 1.0000 2.2000
v 32.6000 1.0000 1.8000
v 32.6000 1.0000 1.8667
v 32.6000 1.0000 1.9333
v 32.6000 1.0000 2.0000
v 32.6000 1.0000 2.0667
v 32.6000 1.0000 2.1333
v 32.6000 1.0000 2.2000
v 32.8000 1.0000 1.8000
v 32.8000 1.0000 1.8667
v 32.8000 1.0000 1.9333
v 32.8000 1.0000 2.0000
v 32.8000 1.0000 2.0667
v 32.8000 1.0000 2.1333
v 32.8000 1.0000 2.2000
v 33.0000 1.0000 1.8000
v 33.0000 1.0000 1.8667
v 33.0000 1.0000 1.9333
v 33.0000 1.0000 2.0000
v 33.0000 1.0000 2.0667
v 33.0000 1.0000 2.1333
v 33.0000 1.0000 2.2000
v 33.2000 1.0000 1.8000
v 33.2000 1.0000 1.8667
v 33.2000 1.0000 1.9333
v 33.2000 1.0000 2.0000
v 33.2000 1.0000 2.0667
v 33.2000 1.0000 2.1333
v 33.2000 1.0000 2.2000
v 33.4000 1.0000 1.8000
v 33.4000 1.0000 1.8667
v 33.4000 1.0000 1.9333
v 33.4000 1.0000 2.0000
v 33.4000 1.0000 2.0667
v 33.4000 1.0000 2.1333
v 33.4000 1.0000 2.2000
v 33.6000 1.0000 1.8000
v 33.6000 1.0000 1.8667
v 33.6000 1.0000 1.9333
v 33.6000 1.0000 2.0000
v 33.6000 1.0000 2.0667
v 33.6000 1.0000 2.1333
v 33.6000 1.0000 2.2000
v 32.4000 0.0000 2.2000
v 32.4000 0.0000 2.1333
v 32.4000 0.0000 2.0667
v 32.4000 0.0000 2.0000
v 32.4000 0.0000 1.9333
v 32.4000 0.0000 1.8667
v 32.4000 0.0000 1.8000
v 32.6000 0.0000 2.2000
v 32.6000 0.0000 2.1333
v 32.6000 0.0000 2.0667
v 32.6000 0.0000 2.0000
v 32.6000 0.0000 1.9333
v 32.6000 0.0000 1.8667
v 32.6000 0.0000 1.8000
v 32.8000 0.0000 2.2000
v 32.8000 0.0000 2.1333
v 32.8000 0.0000 2.0667
v 32.8000 0.0000 2.0000
v 32.8000 0.0000 1.9333
v 32.8000 0.0000 1.8667
v 32.8000 0.0000 1.8000
v 33.0000 0.0000 2.2000
v 33.0000 0.0000 2.1333
v 33.0000 0.0000 2.0667
v 33.0000 0.0000 2.0000
v 33.0000 0.0000 1.9333
v 33.0000 0.0000 1.8667
v 33.0000 0.0000 1.8000
v 33.2000 0.0000 2.2000
v 33.2000 0.0000 2.1333
v 33.2000 0.0000 2.0667
v 33.2000 0.0000 2.0000
v 33.2000 0.0000 1.9333
v 33.2000 0.0000 1.8667
v 33.2000 0.0000 1.8000
v 33.4000 0.0000 2.2000
v 33.4000 0.0000 2.1333
v 33.4000 0.0000 2.0667
v 33.4000 0.0000 2.0000
v 33.4000 0.0000 1.9333
v 33.4000 0.0000 1.8667
v 33.4000 0.0000 1.8000
v 33.6000 0.0000 2.2000
v 33.6000 0.0000 2.1333
v 33.6000 0.0000 2.0667
v 33.6000 0.0000 2.0000
v 33.6000 0.0000 1.9333
v 33.6000 0.0000 1.8667
v 33.6000 0.0000 1.8000
f 8703 8704 8711
f 8703 8711 8710
f 8704 8705 8712
f 8704 8712 8711
f 8705 8706 8713
f 8705 8713 8712
f 8706 8707 8714
f 8706 8714 8713
f 8707 8708 8715
f 8707 8715 8714
f 8708 8709 8716
f 8708 8716 8715
f 8710 8711 8718
f 8710 8718 8717
f 8711 8712 8719
f 8711 8719 8718
f 8712 8713 8720
f 8712 8720 8719
f 8713 8714 8721
f 8713 8721 8720
f 8714 8715 8722
f 8714 8722 8721
f 8715 8716 8723
f 8715 8723 8722
f 8717 8718 8725
f 8717 8725 8724
f 8718 8719 8726
f 8718 8726 8725
f 8719 8720 8727
f 8719 8727 8726
f 8720 8721 8728
f 8720 8728 8727
f 8721 8722 8729
f 8721 8729 8728
f 8722 8723 8730
f 8722 8730 8729
f 8724 8725 8732
f 8724 8732 8731
f 8725 8726 8733
f 8725 8733 8732
f 8726 8727 8734
f 8726 8734 8733
f 8727 8728 8735
f 8727 8735 8734
f 8728 8729 8736
f 8728 8736 8735
f 8729 8730 8737
f 8729 8737 8736
f 8731 8732 8739
f 8731 8739 8738
f 8732 8733 8740
f 8732 8740 8739
f 8733 8734 8741
f 8733 8741 8740
f 8734 8735 8742
f 8734 8742 8741
f 8735 8736 8743
f 8735 8743 8742
f 8736 8737 8744
f 8736 8744 8743
f 8738 8739 8746
f 8738 8746 8745
f 8739 8740 8747
f 8739 8747 8746
f 8740 8741 8748
f 8740 8748 8747
f 8741 8742 8749
f 8741 8749 8748
f 8742 8743 8750
f 8742 8750 8749
f 8743 8744 8751
f 8743 8751 8750
f 8752 8753 8760
f 8752 8760 8759
f 8753 8754 8761
f 8753 8761 8760
f 8754 8755 8762
f 8754 8762 8761
f 8755 8756 8763
f 8755 8763 8762
f 8756 8757 8764
f 8756 8764 8763
f 8757 8758 8765
f 8757 8765 8764
f 8759 8760 8767
f 8759 8767 8766
f 8760 8761 8768
f 8760 8768 8767
f 8761 8762 8769
f 8761 8769 8768
f 8762 8763 8770
f 8762 8770 8769
f 8763 8764 8771
f 8763 8771 8770
f 8764 8765 8772
f 8764 8772 8771
f 8766 8767 8774
f 8766 8774 8773
f 8767 8768 8775
f 8767 8775 8774
f 8768 8769 8776
f 8768 8776 8775
f 8769 8770 8777
f 8769 8777 8776
f 8770 8771 8778
f 8770 8778 8777
f 8771 8772 8779
f 8771 8779 8778
f 8773 8774 8781
f 8773 8781 8780
f 8774 8775 8782
f 8774 8782 8781
f 8775 8776 8783
f 8775 8783 8782
f 8776 8777 8784
f 8776 8784 8783
f 8777 8778 8785
f 8777 8785 8784
f 8778 8779 8786
f 8778 8786 8785
f 8780 8781 8788
f 8780 8788 8787
f 8781 8782 8789
f 8781 8789 8788
f 8782 8783 8790
f 8782 8790 8789
f 8783 8784 8791
f 8783 8791 8790
f 8784 8785 8792
f 8784 8792 8791
f 8785 8786 8793
f 8785 8793 8792
f 8787 8788 8795
f 8787 8795 8794
f 8788 8789 8796
f 8788 8796 8795
f 8789 8790 8797
f 8789 8797 8796
f 8790 8791 8798
f 8790 8798 8797
f 8791 8792 8799
f 8791 8799 8798
f 8792 8793 8800
f 8792 8800 8799
f 8801 8802 8809
f 8801 8809 8808
f 8802 8803 8810
f 8802 8810 8809
f 8803 8804 8811
f 8803 8811 8810
f 8804 8805 8812
f 8804 8812 8811
f 8805 8806 8813
f 8805 8813 8812
f 8806 8807 8814
f 8806 8814 8813
f 8808 8809 8816
f 8808 8816 8815
f 8809 8810 8817
f 8809 8817 8816
f 8810 8811 8818
f 8810 8818 8817
f 8811 8812 8819
f 8811 8819 8818
f 8812 8813 8820
f 8812 8820 8819
f 8813 8814 8821
f 8813 8821 8820
f 8815 8816 8823
f 8815 8823 8822
f 8816 8817 8824
f 8816 8824 8823
f 8817 8818 8825
f 8817 8825 8824
f 8818 8819 8826
f 8818 8826 8825
f 8819 8820 8827
f 8819 8827 8826
f 8820 8821 8828
f 8820 8828 8827
f 8822 8823 8830
f 8822 8830 8829
f 8823 8824 8831
f 8823 8831 8830
f 8824 8825 8832
f 8824 8832 8831
f 8825 8826 8833
f 8825 8833 8832
f 8826 8827 8834
f 8826 8834 8833
f 8827 8828 8835
f 8827 8835 8834
f 8829 8830 8837
f 8829 8837 8836
f 8830 8831 8838
f 8830 8838 8837
f 8831 8832 8839
f 8831 8839 8838
f 8832 8833 8840
f 8832 8840 8839
f 8833 8834 8841
f 8833 8841 8840
f 8834 8835 8842
f 8834 8842 8841
f 8836 8837 8844
f 8836 8844 8843
f 8837 8838 8845
f 8837 8845 8844
f 8838 8839 8846
f 8838 8846 8845
f 8839 8840 8847
f 8839 8847 8846
f 8840 8841 8848
f 8840 8848 8847
f 8841 8842 8849
f 8841 8849 8848
f 8850 8851 8858
f 8850 8858 8857
f 8851 8852 8859
f 8851 8859 8858
f 8852 8853 8860
f 8852 8860 8859
f 8853 8854 8861
f 8853 8861 8860
f 8854 8855 8862
f 8854 8862 8861
f 8855 8856 8863
f 8855 8863 8862
f 8857 8858 8865
f 8857 8865 8864
f 8858 8859 8866
f 8858 8866 8865
f 8859 8860 8867
f 8859 8867 8866
f 8860 8861 8868
f 8860 8868 8867
f 8861 8862 8869
f 8861 8869 8868
f 8862 8863 8870
f 8862 8870 8869
f 8864 8865 8872
f 8864 8872 8871
f 8865 8866 8873
f 8865 8873 8872
f 8866 8867 8874
f 8866 8874 8873
f 8867 8868 8875
f 8867 8875 8874
f 8868 8869 8876
f 8868 8876 8875
f 8869 8870 8877
f 8869 8877 8876
f 8871 8872 8879
f 8871 8879 8878
f 8872 8873 8880
f 8872 8880 8879
f 8873 8874 8881
f 8873 8881 8880
f 8874 8875 8882
f 8874 8882 8881
f 8875 8876 8883
f 8875 8883 8882
f 8876 8877 8884
f 8876 8884 8883
f 8878 8879 8886
f 8878 8886 8885
f 8879 8880 8887
f 8879 8887 8886
f 8880 8881 8888
f 8880 8888 8887
f 8881 8882 8889
f 8881 8889 8888
f 8882 8883 8890
f 8882 8890 8889
f 8883 8884 8891
f 8883 8891 8890
f 8885 8886 8893
f 8885 8893 8892
f 8886 8887 8894
f 8886 8894 8893
f 8887 8888 8895
f 8887 8895 8894
f 8888 8889 8896
f 8888 8896 8895
f 8889 8890 8897
f 8889 8897 8896
f 8890 8891 8898
f 8890 8898 8897
f 8899 8900 8907
f 8899 8907 8906
f 8900 8901 8908
f 8900 8908 8907
f 8901 8902 8909
f 8901 8909 8908
f 8902 8903 8910
f 8902 8910 8909
f 8903 8904 8911
f 8903 8911 8910
f 8904 8905 8912
f 8904 8912 8911
f 8906 8907 8914
f 8906 8914 8913
f 8907 8908 8915
f 8907 8915 8914
f 8908 8909 8916
f 8908 8916 8915
f 8909 8910 8917
f 8909 8917 8916
f 8910 8911 8918
f 8910 8918 8917
f 8911 8912 8919
f 8911 8919 8918
f 8913 8914 8921
f 8913 8921 8920
f 8914 8915 8922
f 8914 8922 8921
f 8915 8916 8923
f 8915 8923 8922
f 8916 8917 8924
f 8916 8924 8923
f 8917 8918 8925
f 8917 8925 8924
f 8918 8919 8926
f 8918 8926 8925
f 8920 8921 8928
f 8920 8928 8927
f 8921 8922 8929
f 8921 8929 8928
f 8922 8923 8930
f 8922 8930 8929
f 8923 8924 8931
f 8923 8931 8930
f 8924 8925 8932
f 8924 8932 8931
f 8925 8926 8933
f 8925 8933 8932
f 8927 8928 8935
f 8927 8935 8934
f 8928 8929 8936
f 8928 8936 8935
f 8929 8930 8937
f 8929 8937 8936
f 8930 8931 8938
f 8930 8938 8937
f 8931 8932 8939
f 8931 8939 8938
f 8932 8933 8940
f 8932 8940 8939
f 8934 8935 8942
f 8934 8942 8941
f 8935 8936 8943
f 8935 8943 8942
f 8936 8937 8944
f 8936 8944 8943
f 8937 8938 8945
f 8937 8945 8944
f 8938 8939 8946
f 8938 8946 8945
f 8939 8940 8947
f 8939 8947 8946
f 8948 8949 8956
f 8948 8956 8955
f 8949 8950 8957
f 8949 8957 8956
f 8950 8951 8958
f 8950 8958 8957
f 8951 8952 8959
f 8951 8959 8958
f 8952 8953 8960
f 8952 8960 8959
f 8953 8954 8961
f 8953 8961 8960
f 8955 8956 8963
f 8955 8963 8962
f 8956 8957 8964
f 8956 8964 8963
f 8957 8958 8965
f 8957 8965 8964
f 8958 8959 8966
f 8958 8966 8965
f 8959 8960 8967
f 8959 8967 8966
f 8960 8961 8968
f 8960 8968 8967
f 8962 8963 8970
f 8962 8970 8969
f 8963 8964 8971
f 8963 8971 8970
f 8964 8965 8972
f 8964 8972 8971
f 8965 8966 8973
f 8965 8973 8972
f 8966 8967 8974
f 8966 8974 8973
f 8967 8968 8975
f 8967 8975 8974
f 8969 8970 8977
f 8969 8977 8976
f 8970 8971 8978
f 8970 8978 8977
f 8971 8972 8979
f 8971 8979 8978
f 8972 8973 8980
f 8972 8980 8979
f 8973 8974 8981
f 8973 8981 8980
f 8974 8975 8982
f 8974 8982 8981
f 8976 8977 8984
f 8976 8984 8983
f 8977 8978 8985
f 8977 8985 8984
f 8978 8979 8986
f 8978 8986 8985
f 8979 8980 8987
f 8979 8987 8986
f 8980 8981 8988
f 8980 8988 8987
f 8981 8982 8989
f 8981 8989 8988
f 8983 8984 8991
f 8983 8991 8990
f 8984 8985 8992
f 8984 8992 8991
f 8985 8986 8993
f 8985 8993 8992
f 8986 8987 8994
f 8986 8994 8993
f 8987 8988 8995
f 8987 8995 8994
f 8988 8989 8996
f 8988 8996 8995
