# Blender 4.4.0
# www.blender.org
mtllib Meshy_AI_Rectangular_fluoresce_0731081451_texture.mtl
o Meshy_AI_Rectangular_fluoresce_0731081451_texture
v -0.496094 -0.024414 -0.113281
v -0.490234 -0.023926 -0.109375
v -0.486328 -0.024170 -0.111328
v -0.488281 -0.024414 -0.109863
v -0.488281 -0.023560 -0.104980
v -0.498047 0.002686 -0.105957
v -0.498047 -0.024048 -0.114258
v -0.498047 -0.024780 -0.114258
v 0.177734 -0.001137 -0.023438
v 0.332031 -0.000885 -0.015625
v 0.176758 0.000839 -0.015259
v 0.333984 -0.003052 -0.024292
v 0.178711 -0.004639 -0.035889
v 0.490234 -0.028809 -0.103027
v 0.490234 -0.027954 -0.102051
v 0.492188 -0.028076 -0.101074
v 0.492188 -0.028198 -0.100098
v 0.492188 -0.027954 -0.099609
v -0.476562 -0.003052 0.031250
v -0.482422 -0.002167 0.029541
v -0.335938 -0.009094 0.052490
v -0.478516 -0.004486 0.038086
v -0.339844 -0.004150 0.035400
v -0.167969 -0.005005 0.039062
v -0.168945 -0.001022 0.027100
v 0.500000 0.021973 -0.107910
v 0.500000 -0.004730 -0.101074
v 0.500000 -0.028809 -0.102051
v 0.500000 0.022217 -0.097656
v 0.486328 -0.030395 0.105957
v 0.488281 -0.029419 0.103516
v 0.488281 -0.031128 0.104980
v 0.486328 -0.031494 0.111328
v -0.488281 -0.021606 -0.069336
v -0.486328 -0.021606 -0.087891
v -0.488281 -0.021851 -0.087891
v -0.484375 -0.021851 -0.070312
v -0.488281 -0.021851 0.105957
v -0.488281 -0.022461 0.107910
v -0.488281 -0.021973 0.108398
v -0.488281 -0.022583 0.106934
v -0.490234 -0.022217 0.105469
v 0.490234 -0.005249 -0.036133
v 0.490234 0.021118 -0.037109
v 0.488281 -0.030640 -0.048828
v 0.492188 -0.003891 -0.021484
v 0.492188 0.022095 -0.022461
v 0.488281 -0.030518 -0.034668
v 0.494141 -0.028931 0.101074
v 0.492188 -0.028931 0.102539
v 0.492188 -0.028809 0.102051
v 0.494141 -0.028931 0.101562
v 0.492188 -0.029297 0.101562
v -0.167969 -0.010986 -0.068848
v -0.166992 -0.007599 -0.058350
v -0.335938 -0.010986 -0.068359
v -0.337891 -0.006500 -0.056885
v -0.486328 -0.022705 -0.089844
v -0.484375 -0.022095 -0.102539
v 0.490234 -0.030151 0.103516
v 0.490234 -0.029663 0.102539
v 0.332031 -0.026489 -0.101074
v 0.183594 -0.024292 -0.106445
v 0.326172 -0.004974 -0.107910
v 0.330078 -0.027954 -0.107910
v -0.498047 0.027954 0.025635
v -0.486328 0.027954 0.006958
v -0.496094 0.027588 0.009216
v -0.498047 0.002609 0.039795
v -0.496094 0.027710 0.039062
v -0.498047 0.003006 0.025879
v -0.486328 0.027710 0.019409
v -0.488281 -0.022095 -0.007751
v -0.484375 -0.022339 -0.006866
v -0.486328 -0.022461 -0.027466
v -0.486328 -0.021729 0.008667
v -0.486328 -0.022705 -0.033935
v 0.492188 -0.028442 -0.102539
v 0.492188 -0.027588 -0.100586
v 0.492188 -0.029053 -0.102539
v 0.494141 -0.028320 -0.102539
v 0.492188 -0.028565 -0.104492
v 0.494141 -0.028565 -0.103027
v -0.484375 0.001801 0.016602
v -0.474609 0.000679 0.020264
v -0.339844 0.000040 0.022095
v 0.494141 -0.027710 -0.099609
v 0.496094 -0.027588 -0.098633
v 0.492188 -0.028076 -0.100098
v 0.492188 -0.027588 -0.097656
v 0.490234 -0.027710 0.022339
v 0.492188 -0.027344 0.005432
v 0.488281 -0.027466 0.044922
v -0.492188 0.002487 -0.113770
v -0.490234 0.002396 -0.112793
v -0.496094 0.028076 -0.114258
v -0.486328 0.027100 -0.113770
v -0.488281 -0.021240 0.068848
v -0.488281 -0.021973 0.041992
v -0.488281 -0.022339 0.018433
v -0.484375 -0.022461 0.038818
v -0.486328 -0.021728 0.066406
v 0.488281 -0.025757 -0.102539
v 0.488281 -0.022583 -0.082031
v 0.332031 -0.022095 -0.101562
v 0.492188 -0.030151 0.102051
v 0.490234 -0.030518 0.102539
v 0.488281 -0.030029 0.101562
v 0.492188 -0.029419 0.104492
v 0.490234 -0.029297 0.103027
v 0.492188 -0.029907 0.100586
v 0.490234 -0.029907 0.101562
v 0.490234 -0.029785 0.103027
v -0.158203 0.025757 -0.102051
v 0.018799 0.023437 -0.109375
v -0.486328 -0.021973 -0.106445
v -0.488281 -0.021606 -0.106445
v -0.486328 -0.022095 -0.106445
v -0.486328 -0.022217 -0.107422
v 0.490234 -0.007874 0.032715
v 0.490234 -0.010193 0.032715
v 0.486328 -0.009277 0.033447
v 0.486328 -0.013611 0.049805
v 0.492188 -0.012878 0.049805
v 0.490234 -0.006104 0.020874
v 0.490234 -0.003937 0.022217
v -0.498047 0.002731 0.109863
v -0.498047 -0.024048 0.101074
v -0.498047 -0.023926 0.107422
v -0.498047 -0.024780 0.109863
v -0.488281 -0.022949 0.103027
v -0.488281 -0.022827 0.102051
v -0.490234 -0.023804 0.100586
v 0.186523 -0.001556 -0.102539
v 0.019043 0.024658 -0.102539
v 0.018189 0.002060 -0.102051
v 0.186523 0.024780 -0.102051
v 0.183594 -0.024414 -0.099121
v 0.490234 -0.030395 0.105957
v 0.488281 -0.029663 0.104492
v 0.490234 -0.029785 0.104492
v 0.490234 -0.029541 0.104492
v 0.492188 -0.028686 0.104980
v 0.490234 -0.030151 0.106934
v -0.337891 0.001228 -0.026367
v -0.474609 0.000248 -0.027832
v -0.484375 0.002380 -0.021729
v -0.337891 -0.001953 -0.036377
v -0.476562 0.003098 -0.018677
v 0.492188 -0.002487 0.013977
v 0.486328 -0.005219 0.023315
v 0.492188 -0.002594 0.005981
v 0.492188 -0.000360 0.007385
v 0.482422 -0.002731 0.016602
v 0.484375 -0.008789 0.023438
v 0.484375 -0.005646 0.015442
v 0.486328 -0.015442 -0.051514
v 0.333984 -0.018433 -0.064453
v 0.486328 -0.019898 -0.064941
v -0.490234 0.028809 0.102051
v -0.484375 0.003281 0.101562
v -0.488281 0.028931 0.101562
v -0.484375 0.028320 0.101074
v -0.486328 -0.024170 -0.087402
v -0.498047 -0.025269 -0.066895
v -0.496094 -0.024902 -0.086426
v -0.488281 0.002274 -0.085938
v 0.488281 -0.029541 0.103027
v 0.486328 -0.021362 0.076660
v 0.490234 -0.022339 0.076172
v 0.486328 -0.026977 0.103516
v 0.490234 -0.027344 0.103516
v 0.490234 -0.023071 0.076660
v 0.490234 -0.014648 0.049316
v 0.494141 -0.028198 -0.103027
v 0.496094 -0.027710 -0.104980
v 0.500000 -0.029297 -0.109863
v 0.492188 -0.029053 -0.110840
v 0.500000 -0.029663 -0.109863
v 0.012207 0.003998 -0.012695
v 0.011658 0.004242 -0.002930
v 0.177734 0.003159 0.007568
v 0.011536 0.003586 0.007202
v -0.161133 -0.020630 0.097656
v -0.335938 -0.016846 0.073730
v -0.165039 -0.017334 0.074219
v -0.335938 -0.022461 0.099609
v -0.478516 -0.022339 0.100586
v 0.500000 0.021240 -0.037354
v 0.490234 -0.028686 0.045898
v 0.492188 -0.029175 0.023682
v 0.490234 -0.029297 0.045654
v 0.488281 -0.028809 0.066895
v 0.490234 -0.028198 0.023438
v -0.486328 -0.023804 -0.109375
v -0.486328 -0.024048 -0.108398
v -0.490234 -0.022461 0.104980
v -0.494141 -0.022339 0.104492
v -0.492188 -0.021973 0.104004
v -0.492188 -0.022827 0.105957
v -0.490234 -0.022339 0.104004
v 0.332031 -0.010376 -0.052734
v 0.180664 -0.003799 -0.040771
v 0.335938 -0.005341 -0.038818
v 0.486328 -0.007935 -0.038574
v 0.333984 -0.001205 -0.026123
v 0.492188 -0.028076 -0.010071
v 0.490234 -0.028198 0.004669
v 0.012878 0.001648 -0.017334
v 0.012695 -0.000345 -0.024780
v -0.166992 0.000160 -0.026733
v -0.168945 -0.003159 -0.037842
v 0.500000 0.019653 0.110352
v 0.500000 0.019898 0.102051
v 0.500000 0.019409 0.110840
v 0.490234 -0.028565 -0.104492
v 0.490234 -0.027832 -0.105469
v 0.490234 -0.028687 -0.102539
v -0.488281 -0.023071 0.104004
v -0.486328 -0.023682 0.104492
v -0.486328 -0.022827 0.103027
v -0.488281 -0.023193 0.101562
v -0.488281 -0.022583 0.102051
v -0.488281 -0.022217 -0.104980
v -0.490234 -0.022217 -0.106445
v -0.490234 -0.022705 -0.106445
v -0.488281 -0.023926 -0.108398
v -0.488281 -0.022461 -0.106445
v -0.486328 -0.023071 -0.106934
v -0.488281 -0.022827 -0.107422
v 0.490234 0.018433 0.106934
v 0.484375 0.017700 0.104980
v 0.328125 -0.007446 0.101074
v 0.484375 -0.004517 0.104004
v 0.484375 0.017456 0.106445
v 0.492188 -0.029663 -0.026245
v 0.492188 -0.029053 -0.045166
v 0.490234 -0.028931 -0.044434
v 0.490234 -0.029419 -0.062500
v 0.492188 -0.029541 -0.026245
v -0.158203 -0.021118 0.102051
v -0.158203 0.002335 0.106934
v -0.332031 0.001595 0.106934
v -0.482422 0.003662 0.109375
v -0.333984 -0.024292 0.105957
v -0.486328 -0.023804 0.020264
v -0.486328 -0.023071 0.034424
v -0.486328 -0.024414 0.019043
v -0.486328 -0.024292 0.008423
v 0.490234 -0.025757 -0.102539
v 0.494141 -0.002319 -0.103027
v 0.018677 -0.020874 0.097168
v 0.181641 -0.019897 0.075195
v 0.182617 -0.023560 0.099121
v 0.333984 -0.022583 0.077148
v -0.498047 0.002869 -0.034912
v -0.498047 0.002411 -0.050049
v -0.498047 0.028198 -0.021240
v -0.498047 0.028076 -0.035645
v -0.496094 0.002594 -0.020630
v -0.498047 -0.025147 -0.034912
v -0.494141 -0.022827 0.104492
v -0.492188 -0.022705 0.102539
v -0.492188 -0.022827 0.102051
v -0.494141 -0.022705 0.106934
v -0.488281 -0.023682 -0.114258
v -0.484375 -0.024536 -0.034912
v -0.486328 -0.024536 -0.050781
v -0.486328 0.002884 -0.034912
v -0.484375 -0.024292 -0.019897
v -0.498047 -0.024414 -0.020630
v 0.494141 -0.028442 0.105957
v 0.494141 -0.029907 0.105957
v 0.494141 -0.029053 0.104492
v 0.494141 -0.028442 0.104492
v 0.492188 -0.029419 0.105469
v 0.492188 -0.030029 0.107422
v 0.490234 -0.028198 -0.101074
v 0.490234 -0.028320 -0.101074
v -0.486328 -0.023071 0.103027
v -0.486328 -0.023804 0.103516
v -0.488281 -0.023804 0.101074
v -0.486328 0.003830 0.100586
v -0.482422 -0.023560 0.104492
v -0.484375 -0.023682 0.106445
v -0.488281 -0.024170 0.102539
v -0.486328 -0.022583 0.101562
v -0.486328 -0.021240 0.101562
v -0.490234 -0.022705 -0.108887
v -0.488281 -0.022949 -0.110352
v -0.488281 -0.023193 -0.109375
v -0.490234 -0.023071 -0.109863
v 0.494141 -0.028687 -0.097656
v 0.500000 -0.030396 -0.082520
v 0.500000 -0.028687 -0.095703
v 0.500000 -0.027832 -0.098145
v 0.500000 -0.005310 -0.082031
v -0.484375 -0.022583 -0.006531
v -0.484375 -0.021851 0.012940
v 0.500000 0.021851 -0.108887
v 0.500000 0.022461 -0.108887
v 0.500000 -0.004028 -0.109375
v 0.490234 -0.003830 -0.109863
v 0.330078 -0.025879 0.098145
v 0.189453 -0.001259 0.102051
v 0.482422 -0.030762 0.105469
v 0.330078 -0.026489 0.102051
v -0.488281 -0.022095 -0.104980
v -0.488281 -0.021973 -0.104492
v -0.490234 -0.021606 -0.104980
v -0.490234 -0.022217 -0.104980
v -0.490234 -0.023071 0.101074
v -0.490234 -0.022095 0.100586
v -0.488281 -0.022827 0.101074
v -0.492188 -0.022705 0.101074
v -0.492188 -0.023315 0.102051
v -0.492188 -0.022217 0.103516
v -0.488281 -0.022461 0.103027
v -0.490234 -0.022095 0.104004
v 0.490234 -0.026123 -0.102539
v 0.486328 -0.029541 -0.101562
v 0.492188 -0.028442 0.104492
v 0.492188 -0.028320 0.104004
v 0.492188 -0.029053 0.104980
v -0.337891 0.001190 -0.031250
v -0.474609 0.002792 -0.028320
v -0.339844 0.003494 -0.020874
v -0.168945 0.004578 -0.012634
v -0.474609 0.004578 -0.018433
v -0.168945 0.003494 -0.020508
v 0.019165 -0.021606 -0.104004
v 0.014954 -0.018799 -0.082031
v -0.159180 -0.020752 -0.103516
v 0.179688 -0.024292 -0.103027
v 0.176758 -0.021118 -0.082520
v 0.500000 0.022461 0.017578
v 0.500000 0.022461 0.001785
v 0.500000 -0.003906 0.003586
v 0.498047 -0.003738 -0.009644
v 0.500000 -0.004120 0.019287
v 0.498047 0.022949 -0.010437
v 0.490234 0.022461 0.004150
v 0.490234 -0.027466 -0.097168
v 0.488281 -0.028687 -0.080566
v 0.490234 -0.028320 -0.095215
v 0.490234 -0.028198 -0.080566
v 0.492188 0.018433 0.105469
v 0.488281 -0.004608 0.106445
v 0.486328 -0.029785 0.104980
v 0.490234 -0.005554 0.105469
v 0.494141 -0.027710 -0.104980
v 0.494141 -0.027832 -0.105957
v 0.496094 -0.027710 -0.105469
v 0.494141 -0.027588 -0.103516
v -0.169922 0.000702 0.016479
v -0.339844 -0.002335 0.023804
v 0.012573 -0.001038 0.019165
v -0.339844 0.001503 0.012207
v -0.169922 0.003159 0.007446
v -0.168945 -0.002899 0.027344
v -0.486328 -0.023193 0.111328
v 0.492188 -0.001709 -0.009644
v 0.486328 -0.004334 -0.011108
v 0.486328 -0.004242 -0.021484
v 0.492188 -0.000193 -0.009827
v 0.492188 -0.001846 -0.002914
v 0.492188 -0.002594 -0.019043
v 0.490234 -0.000694 -0.017090
v 0.333984 -0.014404 0.060547
v 0.182617 -0.019287 0.075195
v 0.333984 -0.020386 0.077637
v 0.181641 -0.013245 0.059326
v 0.335938 -0.009583 0.047363
v -0.498047 0.027710 -0.085938
v -0.498047 0.027344 -0.102539
v -0.498047 0.027710 -0.066406
v -0.488281 0.026977 -0.067383
v -0.486328 0.026733 -0.085938
v -0.498047 0.002106 -0.065918
v -0.498047 -0.025391 -0.050781
v 0.191406 0.023804 0.103027
v 0.328125 0.006042 0.102539
v 0.020142 -0.022949 0.094727
v 0.185547 -0.024048 0.096680
v 0.492188 -0.028442 -0.105957
v 0.492188 -0.029541 -0.104492
v 0.492188 -0.028687 -0.104004
v -0.484375 0.004303 0.007568
v -0.339844 0.005280 0.001953
v -0.476562 0.003845 0.009277
v -0.159180 -0.022583 0.094727
v 0.020508 -0.022461 0.096680
v 0.019531 0.001633 0.099609
v 0.492188 -0.027100 -0.101562
v 0.496094 -0.028198 -0.100098
v 0.492188 -0.028565 -0.100586
v 0.492188 -0.027954 -0.101562
v 0.488281 -0.029907 -0.023071
v 0.490234 -0.028809 -0.008240
v -0.488281 -0.022827 -0.111816
v -0.490234 -0.023560 -0.111328
v -0.488281 -0.023560 -0.109375
v -0.484375 -0.023437 0.097168
v -0.484375 -0.024170 0.074707
v -0.488281 0.002457 0.080078
v -0.486328 -0.023804 0.099609
v -0.488281 -0.022217 0.099121
v 0.496094 -0.029297 0.103027
v 0.494141 -0.029297 0.102539
v 0.494141 -0.027710 0.104004
v 0.494141 -0.027832 0.103516
v -0.169922 0.001266 -0.030640
v 0.012451 0.001099 -0.029297
v 0.012817 -0.002579 -0.040771
v 0.012634 0.002853 -0.020019
v -0.484375 -0.024414 -0.108887
v -0.484375 -0.024536 -0.113770
v -0.482422 -0.023193 -0.108398
v 0.492188 -0.029663 0.101074
v 0.492188 -0.029053 0.101562
v 0.494141 -0.030029 0.103027
v 0.486328 -0.010986 -0.037842
v 0.333984 -0.012573 -0.050049
v 0.180664 -0.009827 -0.049560
v 0.178711 -0.015564 -0.065918
v 0.333984 -0.007782 -0.036621
v -0.486328 0.003998 0.109375
v -0.498047 0.028809 0.109863
v -0.498047 -0.024902 0.110352
v -0.498047 -0.024414 0.110840
v -0.498047 0.028687 0.109375
v -0.498047 0.028687 0.109863
v -0.492188 -0.022583 -0.110352
v -0.492188 -0.021729 -0.108398
v -0.490234 -0.022095 -0.108398
v -0.492188 -0.021973 -0.107422
v -0.490234 -0.022339 -0.109375
v 0.333984 0.001427 0.008118
v 0.333984 -0.000273 0.020630
v 0.333984 0.002289 -0.000908
v -0.478516 0.004425 0.101562
v -0.332031 0.028320 0.099121
v -0.480469 -0.024536 0.104492
v -0.482422 -0.023071 0.102539
v 0.017212 -0.017700 0.073242
v -0.166016 -0.011902 0.056396
v 0.492188 -0.027466 -0.102051
v 0.496094 -0.027344 -0.104004
v 0.486328 -0.030273 0.103516
v -0.486328 0.027588 -0.007050
v -0.486328 0.003494 0.008484
v -0.496094 0.028320 -0.006531
v -0.484375 0.003891 0.023071
v -0.490234 -0.024536 0.106445
v -0.490234 -0.022949 0.105957
v -0.488281 -0.022949 0.107422
v -0.488281 -0.022339 0.106934
v 0.492188 -0.005280 -0.026123
v 0.484375 -0.006714 -0.027222
v 0.490234 -0.009705 -0.037842
v 0.492188 -0.030884 0.103027
v -0.480469 0.007111 -0.105957
v -0.480469 0.002151 -0.108398
v -0.335938 -0.023926 -0.101074
v -0.333984 0.026611 -0.102539
v -0.335938 0.001129 -0.104492
v -0.159180 -0.022949 -0.100098
v -0.158203 0.002686 -0.103516
v -0.482422 -0.006714 -0.052490
v -0.482422 -0.010681 -0.067871
v -0.484375 -0.016968 -0.084473
v -0.484375 -0.016968 -0.084961
v -0.484375 -0.009521 -0.067383
v -0.476562 -0.012329 -0.066406
v 0.490234 0.018677 0.113770
v 0.492188 0.018555 0.112793
v -0.498047 -0.024658 0.045898
v -0.496094 0.001984 0.054688
v -0.492188 -0.021729 -0.105957
v -0.492188 -0.021851 -0.105469
v -0.494141 -0.021362 -0.106445
v -0.492188 -0.022705 -0.107422
v 0.193359 0.022461 0.110352
v 0.020264 0.023560 0.108887
v 0.492188 -0.028931 -0.104004
v 0.492188 -0.028320 -0.104004
v -0.476562 0.003906 -0.010254
v -0.474609 0.003540 -0.001358
v -0.339844 0.003769 0.003006
v -0.339844 0.003998 -0.005707
v -0.482422 0.004333 -0.000053
v -0.333984 -0.022949 0.095703
v -0.335938 -0.022949 0.101074
v -0.160156 -0.022461 0.097656
v 0.500000 -0.005402 -0.037598
v 0.500000 -0.006073 -0.050293
v 0.500000 -0.005829 -0.065430
v 0.500000 0.020630 -0.048584
v 0.484375 -0.011841 0.033935
v 0.486328 -0.025146 0.076172
v 0.484375 -0.017456 0.050049
v -0.486328 0.027222 -0.104004
v -0.486328 0.027832 -0.105957
v -0.498047 0.027954 -0.105469
v -0.488281 -0.025024 0.104492
v -0.486328 -0.023804 0.104980
v -0.486328 -0.022461 0.104980
v -0.488281 -0.024658 0.105469
v 0.490234 -0.017212 -0.064941
v 0.492188 -0.026978 -0.102539
v 0.490234 -0.022827 -0.083984
v 0.490234 -0.018921 -0.066406
v 0.490234 -0.023804 -0.082520
v 0.500000 -0.029785 0.109375
v 0.490234 -0.029541 0.104980
v 0.492188 -0.030029 0.106445
v 0.500000 -0.030640 0.099609
v 0.496094 -0.028686 0.105957
v 0.500000 -0.004913 0.103516
v 0.500000 -0.030395 0.111328
v 0.011231 0.003036 0.000767
v 0.176758 0.001213 0.011414
v 0.012268 0.001595 0.010071
v 0.011475 0.003098 -0.008057
v -0.480469 -0.024536 -0.109375
v -0.474609 -0.017334 -0.083008
v -0.480469 -0.023193 -0.108887
v 0.490234 0.022461 -0.005249
v 0.490234 -0.005157 0.017212
v 0.490234 0.021484 0.017700
v 0.490234 -0.005035 0.003830
v 0.486328 -0.025757 -0.082031
v 0.332031 -0.026733 -0.102051
v 0.332031 -0.023071 -0.082031
v 0.486328 -0.030029 -0.101562
v -0.490234 -0.022949 0.103516
v -0.488281 -0.023804 0.104004
v -0.490234 -0.024170 0.106445
v -0.488281 -0.022217 0.106934
v -0.492188 -0.022583 0.103027
v -0.488281 -0.023071 0.102539
v -0.488281 -0.023682 0.106934
v -0.488281 -0.024048 0.103027
v -0.492188 -0.022827 -0.105957
v -0.490234 -0.022949 -0.107422
v 0.333984 -0.003708 0.034180
v 0.181641 -0.002914 0.032959
v 0.492188 -0.028565 -0.061035
v 0.488281 -0.028442 -0.062500
v 0.490234 -0.028931 -0.046631
v 0.490234 -0.028442 -0.080078
v 0.015869 -0.013000 0.056885
v 0.013428 -0.007721 0.043213
v -0.167969 -0.006500 0.040039
v 0.013062 -0.004089 0.030640
v 0.494141 -0.028809 -0.104492
v 0.494141 -0.027954 -0.104492
v 0.488281 -0.030273 0.103027
v 0.490234 -0.030029 0.103516
v -0.488281 -0.022461 0.103516
v -0.488281 -0.022339 0.103516
v -0.488281 -0.022461 0.104980
v 0.500000 -0.031128 -0.021973
v 0.500000 -0.031128 -0.036133
v 0.500000 -0.003830 -0.023071
v 0.500000 -0.030640 -0.009521
v 0.490234 -0.030396 -0.023437
v -0.157227 0.024658 -0.108398
v -0.332031 0.026245 -0.109863
v -0.486328 0.003174 -0.050537
v -0.486328 -0.024780 -0.066895
v 0.488281 -0.029907 0.104492
v 0.490234 -0.028809 0.105957
v 0.019531 -0.021851 -0.106934
v 0.182617 -0.024292 -0.101074
v 0.019775 -0.022705 -0.101074
v -0.498047 0.028076 0.054932
v -0.486328 0.027222 0.031494
v -0.496094 0.028687 0.077148
v -0.486328 0.027344 0.050049
v -0.492188 -0.022339 0.107422
v -0.490234 -0.022095 0.105469
v -0.490234 -0.022339 0.106445
v -0.492188 -0.022339 0.106934
v -0.490234 -0.021240 0.107910
v 0.333984 0.000633 -0.007416
v 0.176758 0.002258 -0.007080
v 0.490234 -0.029297 0.105469
v -0.337891 -0.001595 -0.042725
v -0.168945 -0.002197 -0.042480
v 0.500000 0.019531 0.075684
v 0.490234 0.019775 0.103027
v 0.490234 -0.028687 -0.103027
v 0.488281 -0.030273 -0.110840
v 0.488281 -0.030151 -0.104492
v 0.488281 -0.028687 -0.100586
v -0.488281 -0.020752 0.092773
v -0.484375 -0.021118 0.074707
v -0.486328 -0.020874 0.077637
v -0.486328 -0.021728 0.093262
v 0.490234 -0.004608 -0.009827
v 0.490234 0.021851 -0.010681
v 0.488281 -0.030762 -0.008545
v 0.488281 -0.031738 0.003860
v 0.494141 -0.028076 -0.100586
v 0.494141 -0.027466 -0.101074
v 0.494141 -0.027344 -0.102051
v 0.494141 -0.027832 -0.102051
v 0.494141 -0.028198 -0.100586
v 0.496094 -0.027954 -0.102051
v -0.165039 -0.015625 0.072754
v 0.018799 -0.018799 0.098145
v 0.184570 -0.020752 0.099609
v 0.018066 -0.017456 0.073730
v -0.337891 -0.011230 0.054932
v -0.474609 -0.009460 0.042480
v 0.332031 -0.026001 0.100586
v -0.488281 0.027710 -0.020630
v -0.486328 0.002777 -0.021484
v -0.488281 -0.020874 0.062256
v -0.488281 -0.020996 0.046631
v 0.492188 -0.029419 0.102051
v 0.490234 -0.028442 0.101562
v -0.478516 -0.008606 -0.063965
v -0.484375 -0.004822 -0.051758
v 0.500000 -0.031128 0.076172
v 0.500000 -0.031494 0.055664
v 0.500000 -0.003342 0.035889
v 0.490234 -0.029907 0.094727
v 0.488281 -0.029541 0.057861
v 0.500000 -0.004639 0.056152
v 0.490234 -0.029541 -0.062500
v -0.486328 -0.022583 0.107422
v -0.486328 -0.022461 0.107422
v -0.486328 -0.023193 0.105957
v -0.486328 -0.022583 0.107910
v -0.486328 -0.022827 -0.006226
v -0.486328 -0.022705 0.014587
v -0.486328 -0.022827 -0.025879
v 0.484375 -0.004791 0.112793
v 0.484375 0.017456 0.112793
v 0.326172 0.004761 0.109863
v 0.490234 -0.005188 0.111816
v 0.496094 -0.028442 -0.101074
v 0.494141 -0.028076 -0.102051
v -0.484375 -0.023560 0.105469
v -0.488281 -0.023193 0.104492
v 0.490234 0.020142 -0.063477
v 0.490234 0.020874 -0.082520
v 0.490234 -0.004883 -0.083984
v 0.490234 -0.006897 -0.065430
v 0.500000 0.020996 -0.083984
v 0.490234 0.020752 -0.048340
v 0.500000 0.020264 -0.064453
v 0.179688 -0.009827 0.045898
v 0.179688 -0.005615 0.034668
v 0.180664 -0.014465 0.058105
v -0.490234 -0.023315 -0.110840
v -0.490234 -0.022705 -0.109375
v -0.492188 -0.023071 -0.109375
v -0.498047 -0.023560 0.097168
v -0.496094 0.002518 0.076660
v -0.496094 -0.024658 0.080566
v -0.496094 -0.024414 0.061523
v 0.187500 0.023804 -0.108887
v 0.490234 -0.029419 0.103027
v 0.488281 -0.029541 0.103516
v 0.486328 -0.029419 0.102539
v 0.488281 -0.028686 0.102539
v 0.488281 -0.029663 0.103516
v 0.490234 -0.029785 0.102539
v -0.488281 0.027588 -0.035889
v -0.484375 0.002106 -0.068359
v -0.337891 -0.016113 -0.083008
v -0.163086 -0.016480 -0.103516
v -0.166992 -0.015259 -0.083008
v 0.500000 0.020996 0.054443
v 0.490234 -0.028565 -0.025757
v 0.488281 -0.028564 -0.007996
v -0.486328 -0.023071 -0.050537
v -0.486328 -0.022949 -0.068848
v -0.486328 -0.023315 -0.051270
v -0.484375 -0.023560 -0.027100
v -0.484375 -0.022583 -0.050781
v -0.486328 -0.023071 -0.068848
v 0.012085 -0.001602 0.027588
v 0.178711 0.000237 0.020386
v 0.012085 0.001488 0.017212
v 0.012939 -0.006104 0.040283
v 0.490234 -0.029175 -0.099609
v 0.492188 -0.028320 -0.100098
v 0.492188 -0.028687 -0.100098
v 0.492188 -0.029053 -0.102051
v 0.492188 -0.028931 -0.100586
v 0.490234 -0.028442 -0.101074
v -0.498047 -0.024780 -0.113770
v -0.490234 -0.024414 -0.114258
v 0.178711 0.000984 -0.025635
v 0.177734 0.002716 -0.015869
v 0.333984 0.000839 -0.017578
v 0.486328 -0.001274 -0.016968
v 0.333984 0.001450 -0.011231
v -0.476562 -0.021851 -0.109375
v -0.476562 -0.016357 -0.083984
v -0.333984 -0.020264 -0.106445
v -0.480469 -0.021484 -0.107910
v 0.012695 -0.014710 -0.066406
v 0.494141 -0.029907 0.101562
v 0.492188 -0.028198 -0.104980
v 0.494141 -0.028687 -0.104980
v -0.476562 0.005432 -0.009399
v -0.476562 0.005157 -0.000496
v -0.339844 0.004639 -0.013489
v -0.482422 0.006134 -0.008057
v -0.482422 0.006348 -0.014038
v -0.488281 -0.024048 -0.110352
v -0.488281 -0.023315 -0.109863
v -0.486328 -0.023438 -0.108398
v -0.486328 -0.024170 -0.108887
v 0.333984 -0.006683 0.032227
v 0.333984 -0.002625 0.021606
v 0.492188 -0.028565 -0.099121
v 0.494141 -0.028565 -0.100098
v 0.494141 -0.028320 -0.100098
v -0.157227 0.025391 0.108398
v -0.332031 0.027100 0.108398
v -0.476562 -0.006073 0.031982
v -0.337891 -0.006195 0.036377
v -0.482422 -0.004120 0.030640
v -0.484375 -0.000235 0.017334
v 0.490234 0.021484 -0.097656
v 0.492188 0.021973 -0.100098
v 0.184570 -0.023804 0.103027
v 0.189453 -0.000595 0.108398
v 0.330078 -0.026977 0.106445
v 0.328125 -0.006104 0.109863
v -0.498047 0.003433 -0.006775
v -0.496094 -0.024170 -0.005646
v -0.498047 0.002701 0.010681
v -0.490234 -0.022217 -0.106934
v -0.490234 -0.023804 -0.106445
v -0.490234 -0.022583 -0.107422
v 0.492188 -0.029175 -0.096191
v 0.490234 -0.029175 -0.081543
v -0.488281 0.028198 0.109863
v -0.484375 0.027466 0.108887
v -0.486328 0.028320 0.109375
v 0.494141 -0.027466 -0.103027
v 0.494141 -0.029419 -0.103027
v 0.494141 -0.027832 -0.104004
v 0.494141 -0.029053 -0.104980
v 0.494141 -0.028198 -0.103516
v -0.486328 -0.023560 0.104492
v -0.490234 -0.021973 0.106445
v 0.488281 -0.011231 -0.051025
v 0.486328 -0.017578 -0.063965
v 0.490234 -0.013611 -0.051025
v 0.500000 0.019531 0.112305
v 0.500000 -0.005798 0.111328
v 0.492188 -0.005280 0.112305
v 0.500000 -0.030151 0.111328
v 0.500000 0.019898 0.113281
v -0.339844 0.005035 -0.005219
v -0.482422 0.005737 0.000454
v 0.020264 -0.021118 0.102051
v 0.500000 0.022461 -0.023071
v 0.488281 -0.027710 0.068848
v 0.490234 -0.028809 0.070801
v -0.486328 -0.023560 -0.106934
v -0.484375 -0.022583 -0.106934
v 0.488281 0.018921 -0.108398
v 0.490234 0.021118 -0.102539
v 0.490234 0.020019 -0.109863
v 0.486328 -0.004364 -0.109375
v -0.168945 0.002762 -0.017456
v 0.484375 -0.003571 -0.003754
v 0.013611 -0.016113 -0.083496
v 0.017090 -0.017334 -0.103516
v -0.498047 0.028687 0.093750
v -0.496094 0.003098 0.093262
v -0.498047 0.028565 0.098145
v -0.486328 0.028076 0.096191
v -0.486328 0.027466 0.078613
v -0.498047 0.003021 0.100098
v -0.484375 -0.000448 -0.031128
v -0.482422 -0.002136 -0.038330
v -0.482422 -0.000832 -0.040527
v 0.492188 -0.000069 -0.001129
v 0.490234 -0.028442 -0.101562
v -0.486328 -0.023315 -0.089355
v -0.486328 -0.022461 -0.089355
v -0.486328 -0.024170 -0.106934
v 0.490234 0.018311 0.105469
v 0.490234 -0.005005 0.104980
v -0.170898 0.004089 0.005646
v -0.480469 -0.023560 0.109375
v 0.484375 -0.000526 -0.002914
v -0.498047 -0.024780 -0.104004
v -0.498047 -0.024292 -0.106445
v 0.486328 -0.013123 -0.050293
v 0.333984 -0.015320 -0.065918
v 0.492188 -0.027954 0.022827
v 0.490234 -0.027222 0.047119
v -0.478516 0.026489 -0.106445
v -0.486328 0.027100 -0.107422
v 0.490234 -0.029053 -0.101074
v 0.490234 -0.028076 -0.102539
v 0.490234 -0.028809 -0.101074
v -0.490234 -0.021973 -0.109863
v -0.486328 -0.024048 -0.005951
v -0.486328 0.003342 -0.007538
v 0.494141 -0.028198 -0.106445
v 0.492188 -0.027954 -0.106934
v 0.492188 -0.028320 -0.105469
v -0.498047 0.028442 -0.049316
v -0.492188 -0.022949 -0.109863
v 0.176758 0.002548 0.002029
v 0.333984 -0.000656 0.011108
v 0.178711 -0.002228 0.023193
v -0.335938 -0.015442 0.073242
v 0.015747 -0.011352 0.055908
v -0.482422 0.004089 -0.007812
v 0.490234 -0.007446 -0.039795
v 0.492188 -0.003098 -0.025879
v 0.498047 -0.030884 0.091797
v 0.013855 -0.008667 -0.057617
v 0.014221 -0.012390 -0.071289
v 0.179688 -0.013306 -0.069336
v 0.492188 -0.029175 0.103027
v 0.492188 -0.029541 0.101562
v 0.494141 -0.029053 0.101074
v 0.494141 -0.029297 0.103516
v 0.492188 -0.028320 0.103027
v 0.492188 -0.028686 0.101562
v -0.498047 -0.024780 0.027222
v -0.498047 0.002090 -0.084473
v 0.494141 -0.029297 -0.104004
v 0.490234 -0.028565 -0.104004
v 0.492188 -0.028442 -0.104004
v -0.476562 -0.001755 0.020630
v -0.484375 0.002869 0.008667
v 0.490234 -0.028198 -0.010132
v 0.492188 -0.027832 -0.025391
v -0.498047 0.027954 -0.113770
v -0.498047 0.002304 -0.113281
v -0.472656 -0.000862 -0.039795
v 0.490234 0.020142 0.054443
v 0.492188 0.020752 0.035645
v 0.490234 -0.006622 0.096191
v 0.490234 -0.005981 0.055664
v 0.013550 -0.008362 -0.049072
v -0.498047 -0.024536 0.011353
v 0.019653 0.001396 0.107422
v 0.492188 -0.029297 -0.101562
v 0.492188 -0.028442 -0.101074
v 0.494141 -0.029785 -0.101074
v 0.492188 -0.028198 -0.099609
v -0.486328 0.003113 0.035645
v -0.484375 -0.024048 0.049805
v -0.161133 -0.018310 0.098633
v 0.488281 -0.031128 0.018555
v 0.500000 -0.031494 0.040772
v 0.500000 -0.031494 0.020142
v -0.488281 -0.023438 -0.109375
v -0.490234 -0.023315 -0.109863
v -0.486328 -0.021973 0.090820
v 0.492188 0.020752 -0.109863
v 0.012634 -0.004364 -0.037109
v -0.478516 -0.024780 -0.106934
v -0.484375 0.002975 -0.107910
v -0.480469 -0.025147 -0.112305
v 0.490234 -0.027710 0.092773
v 0.490234 -0.028320 0.094238
v 0.177734 0.003311 -0.005676
v 0.484375 -0.000019 -0.009460
v 0.492188 -0.027466 -0.101562
v -0.474609 -0.013428 0.063965
v -0.166992 -0.010681 0.056152
v 0.492188 -0.028564 0.100586
v 0.490234 -0.029053 0.099121
v 0.492188 -0.029419 0.099609
v 0.490234 -0.029053 0.100586
v -0.337891 -0.018189 -0.082031
v -0.474609 -0.007782 -0.052246
v 0.332031 0.021118 -0.108398
v 0.188477 0.024414 -0.108398
v 0.490234 -0.029053 0.006104
v 0.488281 -0.029297 0.005310
v -0.484375 0.026733 -0.113770
v -0.486328 0.002441 -0.112793
v -0.337891 -0.006348 -0.047607
v -0.486328 0.003021 0.050537
v 0.498047 -0.030762 -0.049316
v 0.330078 0.019897 -0.099609
v 0.488281 -0.004578 -0.102539
v 0.326172 -0.004944 -0.101562
v 0.486328 0.018921 -0.100098
v 0.488281 -0.029419 0.110840
v 0.490234 -0.029419 0.104980
v -0.484375 0.005310 -0.021606
v -0.159180 -0.023193 -0.103027
v 0.020142 -0.023438 -0.099609
v 0.500000 -0.030884 0.005371
v 0.490234 -0.029907 -0.083984
v 0.488281 -0.030273 -0.064941
v 0.500000 -0.030640 -0.064941
v -0.490234 -0.024536 -0.105469
v 0.494141 -0.027710 -0.104004
v -0.169922 0.003830 -0.008911
v -0.169922 0.004303 -0.000343
v -0.488281 -0.021484 0.105469
v 0.333984 -0.011780 0.045166
v -0.337891 -0.023926 -0.105957
v -0.163086 -0.017822 -0.082520
v 0.498047 -0.005188 0.081543
v -0.486328 -0.021728 0.034912
v -0.488281 -0.021118 0.026856
v -0.484375 -0.021240 0.052246
v 0.484375 -0.001556 0.006287
v -0.157227 0.026367 0.100586
v 0.020630 0.024902 0.101074
v -0.158203 0.002701 0.100586
v -0.333984 0.002777 0.099609
v -0.476562 -0.005157 -0.052490
v 0.492188 -0.028687 -0.046875
v 0.332031 -0.023437 0.100098
v -0.170898 0.001984 0.017334
v -0.339844 0.003052 0.012268
v -0.474609 -0.014954 0.065430
v -0.482422 -0.014099 0.063965
v -0.484375 -0.021728 0.100586
v 0.490234 -0.028320 -0.105957
v 0.490234 -0.027954 -0.105469
v 0.492188 -0.028198 -0.086426
v 0.490234 -0.027222 0.072754
v 0.490234 -0.004425 -0.102539
v -0.335938 -0.023926 -0.105957
v 0.486328 -0.029297 -0.103027
v -0.490234 -0.023315 -0.109375
v -0.490234 -0.023193 -0.110352
v -0.492188 -0.024170 -0.109863
v -0.480469 0.027954 0.108398
v 0.490234 -0.028686 0.098633
v -0.486328 -0.022217 -0.098633
v -0.488281 -0.023193 -0.107422
v 0.490234 -0.007446 -0.051514
v 0.490234 -0.029297 0.085938
v -0.492188 -0.022217 -0.107910
v 0.180664 -0.007721 0.044922
v -0.482422 -0.020264 0.102051
v -0.478516 -0.019897 0.101074
v -0.484375 -0.010376 0.062988
v 0.488281 -0.029175 0.103516
v -0.488281 0.026245 -0.050781
v 0.488281 -0.017578 -0.065918
v 0.484375 -0.029907 -0.103027
v 0.488281 -0.030395 0.037354
v -0.488281 0.002823 -0.108398
v 0.488281 0.021362 -0.101074
v -0.337891 0.003357 -0.016479
v 0.017822 0.000244 -0.107910
v 0.185547 -0.001587 -0.107422
v -0.335938 -0.024292 -0.109375
v -0.159180 -0.022461 -0.108398
v 0.500000 0.021606 0.034668
v 0.332031 0.000500 0.002823
v -0.498047 0.028442 -0.112305
v -0.490234 -0.021362 0.108398
v -0.488281 -0.022583 0.108398
v -0.166016 -0.012634 -0.064941
v -0.166992 -0.006653 -0.048584
v -0.337891 -0.011536 -0.062988
v 0.494141 -0.027832 0.104004
v 0.492188 -0.029419 0.103027
v 0.484375 -0.005127 0.006042
v -0.478516 0.028931 0.102051
v 0.494141 0.022095 -0.101074
v -0.488281 -0.021851 -0.052002
v 0.492188 -0.029785 0.105469
v 0.490234 -0.030151 -0.022583
v -0.484375 -0.005829 0.038330
v -0.484375 0.004059 -0.014099
v -0.488281 -0.021728 0.085938
v 0.333984 -0.020752 -0.082520
v -0.158203 0.001144 -0.108398
v -0.476562 0.001541 0.009888
v 0.488281 -0.027710 -0.099121
v 0.488281 -0.029297 -0.084961
v 0.492188 -0.029541 0.104004
v -0.169922 0.004913 -0.004395
v 0.330078 -0.027466 -0.099121
v 0.490234 -0.029297 0.104004
v -0.490234 -0.022461 0.106445
v 0.490234 0.019653 0.078125
v 0.494141 -0.028565 -0.099121
v 0.492188 -0.027832 -0.099121
v -0.337891 -0.020630 0.099121
v -0.488281 -0.021973 -0.107422
v -0.488281 -0.022949 -0.107422
v 0.333984 -0.017090 0.059815
v -0.490234 -0.022095 -0.106934
v 0.180664 -0.009155 -0.057373
v -0.474609 -0.002838 -0.038086
v -0.490234 -0.023682 0.100586
v -0.486328 -0.022949 -0.107422
v -0.488281 -0.021729 -0.108398
v 0.178711 -0.017822 -0.083496
v 0.488281 -0.027832 0.082031
v 0.500000 -0.004822 -0.094238
v 0.486328 -0.002563 -0.024536
v -0.490234 -0.023926 0.104004
v -0.490234 -0.023437 0.103027
v 0.184570 -0.019531 -0.103027
v -0.488281 -0.022461 0.099121
v -0.486328 -0.023438 -0.109375
v -0.484375 0.002792 -0.029297
v -0.330078 0.000683 -0.109863
v 0.490234 -0.006287 0.036377
v -0.480469 0.002869 -0.113770
v 0.489843 -0.027245 -0.101371
v 0.490234 -0.028565 -0.100098
v 0.488281 -0.027832 -0.101074
v 0.491480 -0.030087 0.103281
v 0.489583 -0.028483 -0.100749
v 0.493175 -0.028264 -0.104609
v -0.491536 -0.022787 -0.109701
vn -0.0946 -0.6656 0.7403
vn 0.0282 -0.9980 0.0567
vn 0.4325 -0.9004 -0.0470
vn -0.0285 -0.9992 -0.0277
vn 0.0069 -0.9905 0.1376
vn -0.0050 -0.9387 -0.3446
vn -0.6232 -0.3254 -0.7112
vn -0.2957 -0.9489 -0.1106
vn -0.9980 -0.0551 -0.0319
vn -0.6767 0.2024 -0.7079
vn -0.2364 -0.0349 0.9710
vn -0.0091 -0.9645 0.2638
vn -0.0194 -0.9792 0.2020
vn 0.0013 -0.9587 0.2845
vn -0.0577 -0.9759 0.2106
vn -0.0144 -0.9496 0.3132
vn -0.0122 -0.9528 0.3034
vn -0.0184 -0.9476 0.3188
vn 0.7072 -0.0000 -0.7070
vn -0.4436 -0.5824 0.6812
vn 0.9519 0.2340 -0.1977
vn -0.2414 -0.9656 0.0964
vn 1.0000 -0.0000 -0.0000
vn -0.0152 0.9684 0.2488
vn -0.0004 0.9574 0.2886
vn 0.0336 0.9719 0.2331
vn -0.2060 0.9366 0.2834
vn -0.0004 0.9579 0.2870
vn 0.1606 0.9502 0.2672
vn -0.7868 0.5934 0.1701
vn -0.9999 -0.0118 -0.0101
vn 0.0010 0.9482 0.3176
vn 0.0021 0.9528 0.3035
vn -0.0016 0.9549 0.2970
vn 0.7108 0.0133 -0.7033
vn 0.9473 0.3196 -0.0210
vn -0.5330 -0.7752 -0.3391
vn -0.5452 -0.6233 -0.5606
vn 0.3922 -0.9188 -0.0450
vn 0.3889 -0.9120 0.1306
vn -0.4807 -0.4853 -0.7303
vn 0.0256 0.9997 0.0055
vn 0.1394 0.9863 -0.0886
vn -0.1324 0.9910 -0.0181
vn 0.0661 0.9977 0.0141
vn 0.9521 0.3037 -0.0354
vn -0.2308 -0.9718 -0.0486
vn -0.4893 -0.8460 0.2116
vn -0.2709 -0.9626 0.0002
vn -0.1824 -0.8338 -0.5211
vn 0.0248 -0.9847 0.1724
vn -0.9971 0.0409 0.0634
vn -0.9499 0.3114 0.0279
vn -0.9989 0.0455 0.0065
vn -0.6198 -0.7311 -0.2854
vn -0.9988 0.0428 -0.0229
vn -0.9263 0.3761 0.0235
vn -0.9748 -0.2027 0.0930
vn 0.2311 -0.8702 0.4351
vn -0.3291 -0.3252 0.8865
vn 0.2452 -0.8873 0.3906
vn 0.1466 -0.9384 0.3128
vn 0.1162 -0.9300 0.3487
vn -0.2864 -0.6109 0.7381
vn -0.1384 0.4429 0.8858
vn 0.2425 -0.0000 0.9701
vn 0.0027 0.9537 -0.3006
vn 0.0073 0.9628 -0.2700
vn -0.0189 0.9852 -0.1706
vn 0.0315 0.9859 -0.1644
vn 0.0050 0.9500 -0.3123
vn -0.0007 0.9381 -0.3464
vn -0.0004 0.9385 -0.3453
vn 0.9769 -0.0372 -0.2102
vn 0.7964 0.5994 -0.0807
vn 0.3806 0.9176 -0.1147
vn 0.4595 -0.1104 0.8813
vn 0.4974 -0.2970 -0.8151
vn -0.0208 -0.8019 -0.5971
vn -0.0104 -0.9771 0.2124
vn -0.0917 -0.9763 0.1962
vn -0.0624 -0.8050 -0.5899
vn -0.0023 -0.0104 -0.9999
vn -0.0663 0.0614 -0.9959
vn -0.0177 0.0551 -0.9983
vn -0.9095 0.4157 0.0015
vn 0.7832 0.5271 -0.3297
vn -0.9702 0.2411 -0.0261
vn -0.9952 0.0369 0.0904
vn -0.9236 0.3807 0.0452
vn -0.9997 0.0119 -0.0201
vn 0.8771 0.4768 0.0570
vn 0.0457 0.9987 -0.0217
vn 0.0866 0.8979 0.4315
vn 0.4345 0.9003 -0.0269
vn 0.1102 0.9936 -0.0234
vn 0.0517 0.9986 0.0102
vn -0.0350 -0.9806 0.1926
vn 0.8579 -0.4914 -0.1500
vn -0.6325 -0.7733 0.0452
vn 0.0422 -0.0000 -0.9991
vn 0.7718 -0.1049 0.6272
vn 0.6606 -0.3115 0.6831
vn 0.1298 -0.9915 -0.0118
vn 0.2249 -0.9688 -0.1038
vn -0.1919 0.9316 0.3088
vn -0.0050 0.9535 0.3013
vn 0.3419 -0.9117 0.2279
vn -0.7009 -0.1954 -0.6860
vn 0.9444 -0.2294 -0.2357
vn 0.0612 -0.9787 0.1957
vn -0.2981 0.9545 -0.0046
vn -0.2760 0.9584 0.0733
vn -0.3924 0.9170 0.0713
vn 0.1139 0.9934 0.0136
vn -0.7060 -0.5847 -0.3997
vn -0.9751 0.1887 -0.1169
vn -0.9148 -0.3095 0.2596
vn 0.1016 0.0482 -0.9937
vn 0.1387 0.0054 -0.9903
vn 0.4062 0.6601 -0.6319
vn 0.0348 0.3777 -0.9253
vn -0.1127 -0.9935 0.0179
vn -0.0440 -0.9990 0.0026
vn -0.1886 -0.9821 -0.0000
vn -0.1344 -0.9908 0.0151
vn 0.2212 -0.9725 -0.0733
vn 0.2951 0.9442 -0.1461
vn 0.0122 0.9882 -0.1529
vn 0.0229 0.9971 -0.0727
vn 0.0203 0.9972 -0.0724
vn 0.0469 0.9913 -0.1227
vn 0.2496 -0.9394 -0.2348
vn 0.1563 -0.9783 0.1359
vn -0.0352 -0.9646 -0.2612
vn 0.4309 -0.7035 0.5652
vn 0.3675 0.9207 -0.1312
vn 0.7577 0.6475 0.0809
vn 0.7529 -0.3650 0.5477
vn 0.5452 0.7371 0.3993
vn 0.5584 0.7658 -0.3190
vn -0.5623 0.8063 0.1835
vn -0.0014 0.2529 0.9675
vn -0.0248 0.9906 0.1342
vn -0.0902 0.4694 -0.8784
vn 0.0093 0.6529 -0.7574
vn 0.0112 0.8975 0.4409
vn -0.0055 0.0305 0.9995
vn 0.0041 0.0891 0.9960
vn 0.3907 -0.8930 0.2233
vn 0.3476 0.8659 0.3597
vn 0.9747 -0.1808 0.1314
vn -0.6128 -0.6626 -0.4306
vn 0.2526 -0.8654 0.4327
vn 0.6108 0.7255 0.3172
vn 0.4465 0.8927 0.0612
vn 0.8700 -0.4040 -0.2824
vn 0.7444 -0.6617 -0.0894
vn 0.0169 0.9483 0.3168
vn -0.0551 0.9660 0.2524
vn 0.1591 0.9296 0.3325
vn -0.7191 -0.6276 -0.2983
vn -0.6971 0.0138 0.7168
vn -0.9935 -0.0316 -0.1091
vn -0.6617 -0.7475 0.0585
vn -0.9322 -0.3617 -0.0129
vn 0.1483 -0.9870 -0.0617
vn 0.4658 -0.8843 -0.0316
vn -0.4470 -0.8940 -0.0319
vn 0.1727 -0.9803 0.0960
vn -0.0140 0.0665 0.9977
vn -0.4740 0.6371 0.6078
vn -0.0190 -0.0048 0.9998
vn -0.0022 0.0412 0.9991
vn 0.1032 -0.0999 0.9896
vn 0.2659 -0.9453 -0.1890
vn -0.7363 -0.5199 0.4330
vn 0.1540 -0.9861 0.0618
vn 0.5437 -0.7250 -0.4229
vn 0.4867 -0.8111 -0.3244
vn -0.4103 -0.7295 0.5472
vn -0.0056 -0.9569 0.2903
vn -0.0003 -0.9662 0.2580
vn 0.0003 -0.9906 0.1366
vn -0.9765 -0.2138 0.0276
vn -0.0449 -0.9439 0.3273
vn -0.7208 -0.6706 0.1752
vn -0.0009 -0.9427 0.3337
vn -0.0036 -0.9790 0.2039
vn 0.8422 0.0847 0.5325
vn 0.0314 0.9271 0.3736
vn 0.1465 -0.9799 -0.1355
vn 0.8788 -0.3766 -0.2931
vn 0.0784 0.9873 0.1383
vn 0.0221 0.9741 0.2252
vn -0.0195 -0.9409 -0.3382
vn 0.0014 -0.9473 0.3203
vn -0.0165 -0.9458 0.3243
vn 0.2793 -0.9234 0.2632
vn 0.8160 -0.5468 0.1872
vn 0.9535 -0.2900 0.0824
vn 0.3254 -0.8944 0.3068
vn -0.0157 -0.9418 0.3358
vn -0.0085 -0.9666 0.2560
vn 0.7456 -0.6484 -0.1540
vn 0.2963 0.1575 -0.9420
vn 0.8361 0.0447 -0.5468
vn -0.1487 0.9886 -0.0244
vn -0.0074 0.1755 -0.9844
vn 0.6998 -0.7103 0.0753
vn -0.6556 -0.7506 0.0827
vn -0.3510 -0.9355 -0.0411
vn 0.9931 0.0481 -0.1072
vn 0.9976 0.0445 -0.0522
vn 0.6934 -0.6971 -0.1825
vn 0.9944 0.0587 0.0881
vn 0.8710 0.4428 0.2128
vn 0.1553 0.9361 0.3156
vn 0.8006 0.5894 0.1079
vn 0.0920 0.9795 0.1793
vn 0.5662 -0.7877 -0.2427
vn 0.5047 -0.8268 -0.2485
vn 0.2610 0.9449 0.1976
vn 0.7551 -0.6449 -0.1180
vn 0.4170 0.3224 0.8498
vn 0.9271 -0.3728 0.0385
vn -0.2105 -0.9763 0.0495
vn -0.4356 -0.7468 -0.5026
vn 0.1333 -0.6977 -0.7039
vn -0.1622 0.1494 0.9754
vn 0.0015 0.9996 0.0288
vn -0.0062 0.9961 -0.0876
vn 0.0034 0.9979 -0.0639
vn 0.0001 0.9989 0.0479
vn -0.0007 0.9997 -0.0252
vn 0.0080 0.9934 0.1142
vn 0.0038 0.9909 0.1345
vn 0.0088 -0.9900 -0.1407
vn -0.0014 -0.9773 -0.2120
vn -0.0376 -0.9708 -0.2370
vn -0.0035 -0.9688 -0.2480
vn -0.0038 -0.9705 -0.2411
vn -0.0022 -0.9786 -0.2058
vn 0.9038 0.4235 0.0612
vn -0.6387 0.6580 0.3988
vn 0.9400 0.3403 -0.0231
vn -0.7844 -0.5291 -0.3237
vn -0.4552 -0.8904 0.0086
vn -0.5051 -0.8627 -0.0256
vn -0.6330 -0.7513 0.1864
vn -0.0184 -0.9804 0.1963
vn 0.0306 -0.9885 -0.1484
vn -0.0176 -0.9362 -0.3511
vn 0.0311 -0.9939 -0.1061
vn 0.1989 -0.9624 0.1851
vn -0.5450 -0.6707 0.5031
vn -0.1025 -0.9812 0.1636
vn 0.0162 0.9470 -0.3208
vn 0.0019 0.9386 -0.3450
vn 0.0210 0.9522 -0.3047
vn 0.0144 0.9302 -0.3668
vn 0.0137 0.9580 -0.2864
vn -0.0111 0.9629 -0.2697
vn -0.1807 0.9835 -0.0105
vn -0.0053 -0.9530 0.3029
vn -0.0058 -0.9618 0.2735
vn -0.0222 -0.9781 0.2068
vn -0.0036 -0.9853 0.1710
vn -0.0053 -0.9526 0.3043
vn -0.0054 -0.9631 0.2690
vn -0.0043 -0.9579 0.2870
vn 0.9998 0.0006 -0.0207
vn 0.9230 0.3846 0.0149
vn 0.4031 0.9146 0.0326
vn 0.6019 -0.0173 0.7984
vn 0.9990 -0.0339 -0.0297
vn 0.8564 0.3769 0.3528
vn -0.4284 -0.7763 -0.4624
vn -1.0000 -0.0000 -0.0000
vn 0.1518 0.9715 0.1822
vn -0.4102 0.7878 0.4595
vn -0.4859 -0.5688 0.6636
vn -0.4268 -0.7669 0.4792
vn 0.8128 0.5652 -0.1413
vn 0.0685 -0.9746 0.2132
vn 0.2337 -0.8976 0.3737
vn 0.1236 -0.9889 0.0823
vn 0.4701 -0.2507 0.8463
vn 0.1130 -0.9640 0.2409
vn -0.0000 -0.8000 0.6000
vn -0.1916 -0.6131 0.7664
vn 0.4879 -0.7807 -0.3904
vn -0.1754 0.1539 -0.9724
vn 0.2021 0.2914 -0.9350
vn 0.3136 -0.0690 -0.9470
vn 0.0052 0.1512 -0.9885
vn -0.3526 0.7296 -0.5859
vn -0.1278 0.9910 0.0390
vn -0.0357 -0.9988 0.0325
vn 0.0614 -0.9981 -0.0027
vn -0.4165 -0.8865 -0.2014
vn 0.5059 -0.7661 -0.3963
vn 0.9986 -0.0000 0.0529
vn 0.0124 -0.0559 0.9984
vn 0.0001 -0.5697 0.8218
vn -0.0047 -0.1491 0.9888
vn 0.0105 0.6381 0.7699
vn 0.0157 -0.0389 0.9991
vn -0.4298 -0.1224 0.8946
vn 0.0653 0.0520 0.9965
vn 0.9980 -0.0445 -0.0456
vn 0.9976 -0.0296 -0.0621
vn 1.0000 -0.0066 0.0032
vn 0.8844 -0.4667 0.0030
vn 0.0585 -0.9982 0.0110
vn 0.9493 -0.3144 -0.0046
vn -0.3042 0.8876 -0.3458
vn -0.7413 -0.2680 0.6154
vn -0.8763 -0.1147 0.4679
vn -0.4659 -0.7285 -0.5022
vn -0.0151 -0.9887 -0.1492
vn -0.0126 -0.9912 -0.1318
vn -0.0150 -0.9793 -0.2020
vn -0.0200 -0.9823 -0.1865
vn -0.0276 -0.9888 -0.1467
vn -0.9990 -0.0112 0.0438
vn -0.6525 -0.7439 -0.1446
vn -0.9839 0.1757 0.0316
vn -0.9311 0.3648 0.0010
vn -0.9020 -0.4293 0.0447
vn 0.4498 -0.8725 0.1908
vn -0.6163 -0.7043 -0.3522
vn 0.1448 -0.9265 0.3475
vn 0.7373 -0.6554 -0.1638
vn -0.2452 0.8638 -0.4402
vn -0.0891 -0.9960 0.0101
vn 0.0488 -0.0110 -0.9987
vn -0.0878 -0.0042 -0.9961
vn 0.9177 -0.3961 -0.0311
vn 0.8339 -0.5365 0.1299
vn 0.9972 0.0742 -0.0104
vn 0.9985 0.0513 -0.0173
vn 0.9231 -0.3816 0.0480
vn -0.8958 -0.4442 0.0116
vn 0.4721 0.6042 0.6419
vn 0.1151 -0.9691 -0.2181
vn 0.2480 -0.1240 -0.9608
vn -0.0891 0.9507 0.2971
vn 0.1562 -0.3124 0.9370
vn -0.4877 0.4181 0.7664
vn -0.1423 -0.7230 0.6761
vn 0.3005 0.6689 0.6799
vn -0.1034 -0.5517 -0.8276
vn -0.0773 -0.6964 -0.7135
vn 0.6621 -0.3825 0.6445
vn 0.8312 0.2850 0.4774
vn 0.0932 -0.9953 0.0248
vn 0.3101 -0.9296 0.1993
vn 0.1856 -0.5102 -0.8398
vn -0.1790 -0.9545 -0.2386
vn -0.0365 -0.9985 0.0396
vn 0.0932 -0.9931 -0.0709
vn 0.2627 -0.9215 -0.2860
vn 0.5318 -0.8316 -0.1599
vn 0.5561 -0.7326 -0.3925
vn 0.8846 -0.4634 -0.0528
vn -0.0092 -0.8793 0.4763
vn -0.3758 -0.9249 0.0578
vn -0.1984 -0.7935 0.5753
vn -0.3237 -0.8931 -0.3124
vn -0.3974 -0.8810 0.2567
vn 0.0156 0.9469 0.3211
vn 0.0245 0.9273 0.3734
vn 0.4272 -0.8904 -0.1571
vn 0.0621 -0.9880 -0.1411
vn 0.0914 -0.9934 -0.0690
vn 0.6596 -0.6623 -0.3554
vn 0.7011 -0.6410 -0.3122
vn 0.6324 0.7746 0.0036
vn 0.0825 0.0064 -0.9966
vn 0.0775 0.9942 -0.0750
vn 0.0503 0.0190 -0.9986
vn 0.0430 0.0049 -0.9991
vn -0.3285 -0.5199 -0.7886
vn 0.0246 0.1306 -0.9911
vn 0.0316 -0.9071 0.4197
vn -0.4906 -0.7370 -0.4649
vn 0.1443 -0.7742 -0.6162
vn -0.0231 -0.9909 -0.1328
vn -0.0415 -0.0001 0.9991
vn 1.0000 -0.0001 -0.0000
vn -0.1933 0.2378 0.9519
vn -0.0551 -0.8818 0.4684
vn 0.1102 -0.9675 0.2276
vn 0.3481 0.3481 -0.8704
vn 0.2442 -0.8377 -0.4886
vn -0.1163 -0.6204 0.7756
vn 0.1569 0.8377 0.5231
vn -0.8633 -0.0058 0.5047
vn 0.1752 -0.9340 0.3114
vn 0.0725 0.9581 -0.2772
vn 0.0277 -0.9605 0.2770
vn -0.1520 0.7286 -0.6679
vn 0.2427 -0.0000 0.9701
vn 0.0879 -0.0532 0.9947
vn -0.9352 -0.2512 0.2496
vn 0.5103 -0.6751 0.5328
vn -0.1958 -0.8771 -0.4386
vn -0.1347 -0.7184 -0.6825
vn 0.1934 -0.8597 -0.4728
vn 0.0036 0.9828 -0.1847
vn 0.0018 0.9739 -0.2271
vn 0.0107 0.9646 -0.2636
vn 0.0003 0.9907 -0.1364
vn 0.0386 0.9848 -0.1695
vn 0.0029 0.9949 -0.1010
vn 0.0027 0.9826 -0.1859
vn 0.0011 0.9882 -0.1532
vn -0.0131 -0.9911 0.1325
vn -0.0295 -0.9806 0.1939
vn -0.0051 -0.9913 0.1314
vn -0.0192 -0.9871 0.1590
vn 0.0117 -0.9685 0.2486
vn 0.2788 0.9533 0.1163
vn -0.7016 0.7126 -0.0083
vn 0.9407 0.3391 0.0134
vn 0.9973 -0.0049 -0.0732
vn 0.9998 0.0195 -0.0000
vn 0.8285 0.5600 -0.0062
vn 0.2143 -0.7546 0.6202
vn -0.8606 0.1802 -0.4763
vn 0.2842 0.9396 -0.1905
vn -0.5466 -0.8335 -0.0810
vn 0.9058 -0.3953 -0.1523
vn 0.4561 -0.7727 0.4415
vn -0.0072 -0.0181 -0.9998
vn 0.0431 0.0213 -0.9988
vn -0.3621 0.9199 -0.1509
vn -0.8630 -0.4266 -0.2705
vn -0.0207 -0.9921 -0.1240
vn -0.3007 -0.7402 0.6014
vn -0.2581 -0.9529 -0.1592
vn 1.0000 -0.0005 -0.0000
vn 0.3731 -0.8528 0.3653
vn 0.0034 -0.9494 -0.3142
vn 0.0033 -0.9494 -0.3142
vn -0.0026 -0.9557 -0.2943
vn -0.0034 -0.9776 -0.2107
vn -0.0113 -0.9633 -0.2683
vn 0.0020 -0.9649 -0.2625
vn -0.0055 -0.9778 -0.2093
vn -0.0039 -0.9566 -0.2913
vn 0.0058 -0.9550 -0.2965
vn 0.0803 -0.1896 0.9786
vn 0.0121 0.0127 0.9998
vn -0.2222 -0.5192 0.8252
vn -0.3695 -0.8014 0.4703
vn 0.5729 -0.8196 -0.0050
vn -0.0113 -0.9965 0.0823
vn -0.0053 -0.9842 0.1770
vn 0.1475 0.9878 -0.0493
vn 0.9260 -0.2354 -0.2951
vn 0.5093 -0.8190 0.2643
vn 0.2212 0.9602 -0.1705
vn -0.0032 0.9411 0.3382
vn 0.0279 0.9770 0.2114
vn 0.0107 0.9791 0.2030
vn 0.0049 0.9372 0.3487
vn -0.7319 0.6814 0.0004
vn 0.7766 0.5870 -0.2290
vn -0.9761 0.2171 0.0027
vn -0.8439 0.4479 -0.2953
vn 0.5729 0.8126 0.1073
vn -0.9998 -0.0205 0.0011
vn 0.9323 0.3580 0.0521
vn -0.9998 -0.0155 -0.0135
vn 0.4607 0.6783 -0.5725
vn -0.0311 -0.0361 -0.9989
vn 0.0378 0.1286 -0.9910
vn -0.6405 -0.7674 -0.0278
vn 0.2258 -0.9663 -0.1234
vn -0.9916 -0.1271 -0.0226
vn 0.0007 0.9775 0.2110
vn 0.0970 0.9902 0.1002
vn -0.7830 0.5850 -0.2112
vn -0.1364 0.9624 0.2350
vn -0.0000 0.9643 0.2648
vn 0.0032 0.9988 0.0484
vn 0.0011 0.9775 0.2111
vn 0.0014 0.9775 0.2111
vn -0.0032 0.1170 -0.9931
vn -0.0427 -0.9692 0.2427
vn 0.0009 -0.9827 0.1850
vn 0.0049 0.1391 -0.9903
vn -0.0232 -0.2223 -0.9747
vn -0.0711 -0.9859 -0.1517
vn 0.0091 -0.9996 -0.0267
vn 0.1341 -0.6133 -0.7784
vn -0.3868 -0.9221 -0.0021
vn 0.0421 -0.9986 0.0323
vn 0.2122 -0.9270 0.3092
vn 0.3415 -0.4205 0.8406
vn -0.4473 -0.0000 0.8944
vn -0.9136 -0.4027 0.0564
vn 0.8889 -0.3980 -0.2268
vn 0.5093 -0.1243 0.8515
vn 0.9997 0.0070 0.0235
vn -1.0000 -0.0000 -0.0001
vn 0.0312 0.9986 0.0416
vn -0.3902 -0.4569 -0.7994
vn -0.1929 -0.8678 0.4579
vn -0.0082 0.9690 -0.2468
vn 0.0019 0.9528 -0.3037
vn 0.0026 0.9679 -0.2515
vn -0.0125 0.9708 -0.2395
vn 0.0069 0.9478 -0.3187
vn 0.0067 0.9914 -0.1311
vn -0.0046 0.9841 -0.1778
vn -0.1582 -0.9858 0.0562
vn 0.0475 -0.1705 -0.9842
vn -0.4229 -0.5822 0.6944
vn -0.0438 -0.0089 0.9990
vn -0.0380 -0.8114 -0.5832
vn -0.3617 -0.9184 -0.1606
vn -0.0060 -0.9344 0.3561
vn -0.0088 -0.9415 0.3370
vn -0.0165 -0.9389 0.3438
vn -0.0118 -0.9398 0.3415
vn 0.0011 -0.9457 0.3251
vn -0.8834 0.3267 0.3361
vn 0.6897 -0.0509 -0.7223
vn -0.9795 0.2013 -0.0021
vn -0.9421 0.3254 -0.0816
vn 0.9322 -0.3210 0.1673
vn 0.8617 -0.4419 0.2493
vn 0.5985 -0.5937 0.5379
vn -0.6225 -0.5534 -0.5534
vn -0.2186 -0.7496 0.6247
vn 0.0138 0.9953 0.0959
vn -0.0069 0.9999 0.0136
vn -0.0426 0.9863 0.1593
vn -0.0086 0.9965 0.0832
vn 0.0247 0.9713 0.2365
vn 0.0120 0.9851 0.1718
vn 0.2932 0.8679 -0.4010
vn -0.0018 -0.0190 -0.9998
vn -0.0146 -0.0997 -0.9949
vn -0.4044 0.5579 -0.7247
vn 0.6557 -0.1196 -0.7455
vn -0.0069 -0.9503 -0.3112
vn -0.0288 -0.9778 -0.2074
vn -0.0001 -0.9552 -0.2959
vn -0.0022 -0.9908 -0.1351
vn 0.0750 -0.9599 0.2700
vn 0.1531 0.4902 0.8580
vn 0.2980 -0.9319 -0.2066
vn 0.9598 0.2766 -0.0484
vn -0.5773 0.8000 0.1635
vn 0.9996 0.0228 0.0167
vn 0.4488 0.0012 -0.8936
vn -0.6816 -0.6494 0.3373
vn -0.1109 -0.8889 -0.4445
vn -0.3328 0.1105 0.9365
vn -0.5874 0.0959 0.8036
vn 0.4888 -0.8275 0.2762
vn -0.0108 -0.9284 0.3714
vn 0.7653 -0.6432 0.0235
vn -0.0081 0.0283 0.9996
vn -0.4519 -0.5573 0.6966
vn 0.1075 -0.0986 0.9893
vn -0.0113 -0.1271 0.9918
vn -0.0048 -0.0761 0.9971
vn -0.0020 -0.8340 0.5518
vn -0.0066 0.1324 0.9912
vn -0.4134 -0.8859 0.2105
vn -0.2125 -0.9409 0.2637
vn -0.4031 -0.9032 0.1475
vn -0.2994 -0.2336 0.9251
vn -0.4367 0.7598 -0.4817
vn -0.8220 0.4310 0.3722
vn -0.0623 -0.9480 0.3121
vn 0.0313 0.2326 0.9721
vn -0.0311 0.2648 0.9638
vn -0.8045 -0.5937 -0.0180
vn -0.4963 -0.8667 0.0507
vn -0.9981 -0.0269 0.0546
vn -0.5623 -0.8178 -0.1227
vn -0.3394 -0.6651 0.6652
vn -0.3338 -0.8216 0.4621
vn -0.7578 0.5429 -0.3620
vn -0.9727 -0.2299 -0.0318
vn -0.1192 0.6565 0.7449
vn 0.0518 0.6724 -0.7384
vn 0.3543 0.5649 0.7452
vn 0.2373 0.6053 0.7598
vn 0.3245 -0.9386 0.1174
vn 0.1571 -0.8375 -0.5234
vn -0.0811 -0.9913 -0.1041
vn -0.5128 -0.7851 0.3474
vn -0.0201 -0.9987 0.0475
vn 0.0025 -0.9997 -0.0263
vn 0.0026 -0.9997 -0.0263
vn -0.0006 -0.9984 0.0572
vn -0.6172 -0.5434 -0.5690
vn -0.0865 -0.9553 -0.2827
vn 0.0034 -0.9714 -0.2374
vn 0.0098 -0.9863 -0.1644
vn 0.0028 -1.0000 0.0010
vn -0.0385 -0.9950 -0.0922
vn 0.0083 -0.9573 0.2889
vn 0.9998 -0.0158 0.0132
vn 0.9996 -0.0247 -0.0157
vn 0.5588 -0.7509 -0.3519
vn 0.8641 -0.5030 0.0155
vn 0.1886 -0.9373 -0.2931
vn -0.0149 -0.9471 -0.3206
vn -0.0130 -0.9468 -0.3217
vn 0.1580 -0.9639 -0.2141
vn 0.4328 -0.3658 0.8239
vn 0.6308 0.7753 0.0309
vn -0.8820 0.4684 0.0516
vn -0.2425 0.0001 -0.9702
vn -0.4397 -0.8793 -0.1831
vn 0.6034 -0.5364 0.5901
vn 0.2240 -0.8540 0.4696
vn -0.1746 0.9403 -0.2921
vn 0.7574 0.6489 -0.0722
vn 0.6079 0.7551 -0.2456
vn 0.7167 -0.6748 0.1760
vn -0.1069 0.9678 -0.2278
vn 0.9272 -0.3351 0.1677
vn -0.1654 0.9244 -0.3436
vn -0.6393 0.0452 -0.7676
vn 0.0377 0.9981 -0.0478
vn 0.2860 -0.8706 -0.4003
vn -0.0220 -0.9833 -0.1806
vn 0.2691 -0.9630 0.0175
vn 0.0302 -0.9968 -0.0739
vn -0.0127 -0.9774 -0.2110
vn -0.0082 -0.9989 -0.0451
vn -0.0069 -0.9966 -0.0819
vn -0.0123 -0.9968 0.0788
vn -0.0051 -0.9964 0.0850
vn 0.1206 -0.9453 -0.3031
vn -0.0048 -0.9683 0.2497
vn -0.9792 0.0877 -0.1827
vn -0.9893 0.1460 -0.0059
vn -0.9988 0.0484 0.0003
vn -0.7411 0.6685 0.0627
vn -0.9992 0.0395 0.0004
vn -0.0170 -0.9768 0.2136
vn -0.0158 -0.9747 0.2228
vn -0.0169 -0.9835 0.1799
vn -0.0216 -0.9835 0.1799
vn -0.2965 -0.9487 -0.1095
vn -0.0624 -0.9981 -0.0001
vn -0.4995 0.2959 0.8142
vn -0.1841 -0.9829 -0.0000
vn -0.6024 -0.3571 -0.7139
vn 0.0699 -0.7844 0.6163
vn -0.4173 -0.9066 0.0618
vn -0.0558 -0.4465 0.8930
vn 0.1771 -0.8501 0.4959
vn -0.0035 0.9475 0.3198
vn 0.0176 0.9314 0.3636
vn 0.0338 0.9994 -0.0003
vn -0.5786 0.1632 0.7991
vn -0.0336 0.9994 -0.0009
vn 0.5606 0.7321 -0.3871
vn -0.1732 0.9832 -0.0575
vn 0.0044 -0.9478 -0.3187
vn -0.0057 -0.9353 -0.3537
vn 0.0001 -0.9550 -0.2967
vn -0.0014 -0.9646 -0.2638
vn -0.0065 -0.9524 -0.3049
vn -0.6572 0.7511 0.0626
vn -0.6852 -0.2810 0.6720
vn -0.3465 0.8871 -0.3050
vn -0.0185 -0.9849 0.1723
vn 0.5051 -0.8081 0.3030
vn 0.0997 -0.9116 0.3988
vn 0.6745 -0.7381 0.0139
vn 0.7079 -0.7038 -0.0588
vn 0.9988 0.0120 0.0471
vn 0.7198 -0.6936 0.0293
vn -0.0564 -0.9984 0.0059
vn -0.0090 -0.0507 -0.9987
vn 0.0005 -0.0054 -1.0000
vn 0.1388 0.3681 -0.9194
vn 0.9978 0.0320 0.0581
vn 0.0576 -0.9215 0.3840
vn -0.2046 0.7481 0.6312
vn -0.0291 -0.9989 0.0379
vn 0.4594 -0.5987 -0.6562
vn 0.1392 -0.9450 -0.2961
vn -0.4664 0.8473 -0.2539
vn 0.8793 0.4501 0.1559
vn 0.9213 0.3889 0.0006
vn -0.9999 -0.0028 0.0105
vn -0.8955 0.4450 -0.0040
vn 0.0276 -0.8828 -0.4689
vn -0.0464 -0.9275 0.3710
vn -0.1111 0.8889 -0.4444
vn -0.1239 0.9923 -0.0000
vn 0.7242 -0.5671 -0.3923
vn -0.0335 -0.9959 0.0846
vn -0.0393 -0.9943 0.0988
vn 0.0022 0.9582 -0.2861
vn 0.6805 0.6974 0.2248
vn -0.8089 0.5878 0.0127
vn 0.3346 -0.9229 0.1904
vn 0.1545 -0.8689 -0.4702
vn 0.1526 -0.9767 0.1511
vn 0.8934 0.1428 -0.4260
vn 0.3028 -0.9531 -0.0029
vn 0.4311 0.9018 0.0309
vn 0.8193 -0.0952 -0.5654
vn 0.1182 0.9930 -0.0040
vn 0.5614 0.8263 0.0445
vn -0.9978 0.0382 -0.0542
vn -0.9769 0.1652 -0.1352
vn -0.9155 -0.3874 -0.1084
vn -0.4029 -0.9096 -0.1018
vn -0.8611 0.2839 0.4217
vn -0.5345 -0.8018 0.2672
vn -0.4473 -0.8944 0.0001
vn -0.1028 0.9870 0.1234
vn -0.3458 -0.9222 -0.1732
vn 0.0116 0.9975 0.0702
vn 0.0047 0.9845 0.1755
vn 0.0016 0.9942 0.1073
vn 0.0157 0.9982 0.0586
vn -0.0045 0.9839 0.1785
vn 0.0045 -0.9618 -0.2738
vn 0.0066 -0.9604 -0.2785
vn -0.0259 -0.9642 -0.2640
vn -0.0237 -0.9826 -0.1842
vn 0.4787 -0.8630 -0.1618
vn 0.8565 0.5144 -0.0421
vn 0.0824 0.9966 -0.0077
vn 0.6551 0.6413 -0.3994
vn 0.1528 0.9882 0.0052
vn 0.3714 -0.5571 0.7428
vn 0.0009 0.9326 -0.3610
vn 0.0353 0.9469 -0.3197
vn -0.0436 0.9516 -0.3043
vn 0.0071 0.9573 -0.2889
vn -0.4178 0.7609 -0.4965
vn 0.0041 0.9471 -0.3210
vn 0.0056 0.9436 -0.3310
vn -0.0030 0.9684 -0.2494
vn 0.7926 -0.6044 -0.0810
vn 0.9994 0.0065 0.0329
vn 0.2565 -0.9238 0.2842
vn 0.9141 -0.4054 0.0042
vn -0.6007 -0.7980 0.0485
vn -0.7077 -0.6508 0.2750
vn -0.3266 -0.9444 0.0374
vn -0.2901 -0.9284 -0.2321
vn -0.2051 -0.9570 0.2052
vn -0.2121 -0.9697 -0.1212
vn 0.0282 -0.9995 -0.0156
vn 0.1279 -0.9918 0.0084
vn -0.2072 -0.9781 0.0184
vn 0.0646 0.0023 0.9979
vn -0.2275 0.3052 0.9247
vn -0.0641 -0.1071 0.9922
vn -0.5641 -0.7592 0.3247
vn -0.0523 -0.2069 0.9770
vn 0.5613 -0.8164 -0.1361
vn 0.3040 -0.9507 -0.0614
vn 0.8499 -0.2615 -0.4575
vn -0.0203 -0.8479 0.5297
vn -0.0172 -0.9996 -0.0227
vn -0.0001 -0.9701 0.2426
vn -0.9372 0.3486 0.0056
vn -0.9355 0.3530 0.0139
vn -0.9950 0.0277 -0.0957
vn -0.9994 0.0352 0.0015
vn 0.7951 0.6058 0.0296
vn 0.9398 0.3417 -0.0017
vn -0.0253 -0.9321 -0.3614
vn -0.0115 -0.9362 -0.3514
vn -0.0190 -0.9428 -0.3327
vn 0.1521 -0.9123 0.3802
vn 0.5255 -0.6709 0.5232
vn 0.6829 -0.4794 0.5512
vn -0.3696 -0.9237 -0.1011
vn -0.9826 -0.0627 -0.1749
vn 0.1912 0.5463 -0.8155
vn 0.1656 -0.9763 -0.1394
vn 0.2172 -0.9140 -0.3427
vn -0.2505 -0.7286 -0.6375
vn 0.0686 -0.9976 -0.0054
vn -0.5447 -0.0952 -0.8332
vn -0.4104 -0.7295 0.5472
vn -0.9268 -0.3455 0.1473
vn 0.5879 0.8006 -0.1156
vn 0.9121 0.4099 -0.0103
vn -0.0111 0.9843 -0.1762
vn -0.0005 0.9847 -0.1745
vn -0.0002 0.9979 -0.0644
vn 0.9988 -0.0472 -0.0144
vn 0.6168 0.6671 0.4177
vn 0.9536 0.2983 0.0415
vn -0.3910 0.9198 -0.0314
vn -0.6902 0.7236 -0.0090
vn -0.0933 -0.2235 -0.9702
vn -0.7317 -0.6172 -0.2892
vn 0.9650 -0.2555 -0.0590
vn 0.3622 -0.9321 -0.0063
vn 0.4335 -0.9010 -0.0141
vn 0.0130 0.9509 0.3093
vn 0.0094 0.9452 0.3262
vn 0.0022 0.9664 0.2570
vn -0.0584 -0.9347 -0.3506
vn -0.0603 -0.9684 0.2421
vn 0.0897 -0.9944 -0.0552
vn -0.3219 -0.8257 0.4633
vn 0.2493 -0.9496 0.1899
vn -0.1935 -0.9777 -0.0814
vn 0.9989 0.0469 -0.0000
vn 0.0219 0.9872 -0.1582
vn 0.0275 0.9956 -0.0893
vn -0.0592 0.9898 -0.1295
vn -0.0065 0.9774 -0.2115
vn -0.0374 0.9783 -0.2036
vn -0.3088 0.9227 -0.2307
vn -0.0057 -0.9566 0.2912
vn -0.0069 -0.9758 0.2186
vn 0.0806 0.0448 -0.9957
vn 0.3831 -0.9093 0.1623
vn 0.1379 -0.9843 0.1103
vn 0.0812 0.9954 0.0503
vn 0.0031 0.9992 -0.0392
vn -0.1400 0.9899 0.0223
vn -0.6605 0.7503 0.0291
vn 1.0000 -0.0000 0.0002
vn 0.4385 -0.8956 -0.0746
vn -1.0000 0.0001 -0.0001
vn 0.0147 -0.9628 -0.2697
vn 0.1204 -0.9888 -0.0882
vn -0.0798 -0.9960 -0.0398
vn 0.0069 -0.9965 0.0830
vn -0.0001 -0.9923 0.1240
vn 0.0007 0.2572 0.9664
vn -0.0308 -0.1463 0.9888
vn 0.0072 0.9168 -0.3993
vn -0.0720 -0.9713 -0.2266
vn -0.0005 -0.9454 -0.3260
vn -0.7029 -0.5998 -0.3822
vn -0.3021 -0.9088 -0.2878
vn -0.7694 0.5893 0.2463
vn -0.6381 0.1504 -0.7551
vn -0.0431 -0.1557 0.9869
vn -0.0834 -0.5689 0.8182
vn -0.9980 0.0090 -0.0621
vn -0.4870 -0.8567 0.1700
vn -0.9997 0.0109 -0.0206
vn -0.5624 -0.2433 -0.7902
vn -0.6199 -0.4191 -0.6634
vn -1.0000 -0.0001 -0.0000
vn -0.2210 -0.9749 -0.0255
vn 0.0522 0.3023 0.9518
vn 0.1098 0.1570 0.9815
vn 0.1931 0.7080 0.6793
vn 0.0042 -0.9620 -0.2732
vn 0.6383 -0.0001 0.7698
vn 0.4385 -0.8398 0.3202
vn 0.9278 -0.3619 -0.0905
vn -0.1341 -0.8091 0.5721
vn -0.4695 -0.8732 -0.1310
vn -0.3708 -0.9128 -0.1712
vn 0.0200 0.9772 -0.2115
vn 0.6391 0.6750 -0.3687
vn -0.0611 0.9790 -0.1946
vn -0.0811 0.9413 -0.3278
vn 0.6523 -0.7245 0.2228
vn 0.9542 0.2935 -0.0587
vn -0.0900 0.0407 0.9951
vn 0.0225 -0.0318 0.9992
vn 0.0753 0.1181 0.9901
vn 0.9877 0.1442 0.0613
vn -0.7547 0.5923 -0.2822
vn -0.2907 -0.9533 0.0819
vn -0.8255 0.5371 0.1734
vn 0.2357 -0.9428 0.2357
vn 0.3501 -0.9335 0.0779
vn -0.0107 0.3759 -0.9266
vn 0.3075 0.7175 -0.6250
vn 0.2482 0.7481 0.6154
vn -0.4484 0.8732 -0.1910
vn -0.3091 0.1668 -0.9363
vn -0.0125 -0.9997 -0.0191
vn 0.0124 0.9979 -0.0633
vn 0.0312 0.9772 -0.2100
vn 0.0168 0.9965 -0.0818
vn -0.8650 0.4840 -0.1322
vn -0.8754 0.4830 -0.0193
vn 0.9682 0.2500 -0.0120
vn 0.9091 0.4166 -0.0034
vn -0.7676 0.4991 -0.4021
vn -0.2785 -0.9171 0.2854
vn -0.6428 0.7533 -0.1392
vn 0.5403 0.7289 -0.4204
vn 0.3689 -0.9080 0.1986
vn 0.6271 -0.7568 0.1843
vn 0.7712 -0.6343 0.0545
vn -1.0000 0.0002 -0.0002
vn 0.8150 -0.5721 -0.0920
vn -0.9857 0.0160 0.1678
vn -0.9999 0.0111 0.0068
vn -0.8703 0.4789 -0.1152
vn 0.0018 0.9913 0.1319
vn -0.0054 0.9701 0.2427
vn 0.0328 0.9985 -0.0427
vn -0.9773 -0.2081 0.0390
vn -0.0905 -0.0705 -0.9934
vn 0.0200 0.9420 -0.3350
vn 0.0164 0.9481 -0.3176
vn -0.1544 0.9880 -0.0095
vn 0.5397 0.6660 0.5149
vn -0.0590 0.9482 -0.3121
vn 0.5362 -0.8438 0.0223
vn -0.2903 -0.4966 -0.8180
vn -0.2427 0.7760 -0.5822
vn 0.2449 -0.9675 -0.0636
vn -0.0679 0.1061 -0.9920
vn 0.0356 0.9968 0.0712
vn 0.0342 0.9905 0.1330
vn -0.8521 0.5230 -0.0196
vn -1.0000 0.0001 -0.0000
vn -0.0275 -0.9966 -0.0778
vn -0.0454 -0.9863 -0.1583
vn -0.0078 -0.9549 -0.2967
vn 0.0003 0.9703 0.2418
vn -0.0070 0.9468 0.3217
vn 0.0024 0.9530 0.3028
vn -0.8496 -0.3837 0.3619
vn 0.6473 0.5562 -0.5212
vn 0.0073 0.9511 -0.3088
vn 0.0233 0.9491 -0.3142
vn -0.1204 -0.9631 0.2408
vn -0.2976 -0.9523 0.0680
vn -0.1172 -0.9879 0.1013
vn -0.1808 -0.9640 0.1949
vn -0.5392 -0.2104 0.8155
vn -0.6420 -0.7608 -0.0951
vn 0.1211 -0.9766 0.1779
vn -0.0220 -0.9991 0.0358
vn -0.1301 0.0462 -0.9904
vn -0.9144 -0.4047 0.0099
vn -0.1919 -0.9344 -0.3002
vn -0.1848 -0.9461 -0.2661
vn -0.2636 -0.6026 -0.7532
vn -0.2234 -0.9306 -0.2899
vn 0.0033 -0.9706 -0.2405
vn -0.1781 0.9840 -0.0063
vn -0.2691 0.9629 -0.0179
vn -0.5926 0.4396 -0.6750
vn 0.9466 -0.3182 -0.0524
vn 0.9987 0.0442 0.0261
vn 0.0090 0.9485 -0.3166
vn -0.9622 0.2721 -0.0121
vn -0.6814 0.6476 0.3411
vn -0.7743 0.5107 -0.3737
vn -0.9996 -0.0005 -0.0275
vn -0.9990 0.0448 0.0064
vn -0.0072 -0.9461 0.3237
vn -0.9091 -0.4119 -0.0617
vn -0.5095 -0.7410 0.4375
vn -0.2901 -0.9284 0.2321
vn -0.4831 -0.8357 0.2612
vn 0.9979 0.0005 0.0654
vn -0.0059 0.9806 0.1961
vn -0.9191 -0.3940 0.0097
vn -0.8869 -0.3597 -0.2900
vn 0.9213 -0.3888 -0.0000
vn -0.1244 -0.9048 -0.4072
vn -0.0592 -0.9471 -0.3156
vn 0.4419 -0.8970 -0.0141
vn -0.0059 0.3889 -0.9213
vn -0.0048 -0.9468 0.3217
vn 0.4169 -0.7568 -0.5034
vn -0.0765 -0.0097 0.9970
vn -0.6492 0.7427 0.1641
vn -0.9610 0.1800 -0.2099
vn -0.2327 0.9723 0.0221
vn -0.5827 -0.7610 0.2853
vn -0.2292 -0.9552 0.1872
vn -0.1822 -0.9430 0.2785
vn 0.2405 -0.9631 -0.1204
vn -0.0027 -0.9440 0.3298
vn -0.0025 -0.9440 0.3298
vn -0.0303 -0.9469 0.3202
vn -0.0021 -0.9520 0.3060
vn -0.0079 -0.9667 0.2559
vn -0.3664 0.5872 0.7218
vn 0.5869 0.6326 -0.5054
vn -0.0806 0.0596 -0.9950
vn -0.0007 -0.9400 0.3412
vn -0.2603 -0.9652 0.0254
vn 0.0057 0.1087 0.9941
vn 0.0135 -0.1016 0.9947
vn 0.0137 -0.2779 0.9605
vn -0.1204 -0.9631 -0.2406
vn -0.0843 -0.9959 0.0341
vn -0.1429 0.9703 -0.1953
vn 0.0038 -0.9955 -0.0944
vn 0.0095 -0.9986 0.0519
vn -0.0209 -0.6416 -0.7667
vn -0.1527 -0.9743 0.1654
vn 0.8184 -0.5714 -0.0608
vn -0.0924 -0.9945 -0.0495
vn -0.6762 -0.7307 0.0938
vn -0.5295 -0.8421 -0.1028
vn 0.4472 0.0001 0.8944
vn 0.2209 -0.9736 0.0575
vn 0.0001 -0.9985 0.0551
vn -0.6075 -0.5116 -0.6076
vn 0.2426 -0.0000 -0.9701
vn -0.0023 -0.9440 0.3298
vn 0.0027 -0.9724 0.2332
vn 0.0028 -0.9590 0.2835
vn 0.9960 0.0135 -0.0887
vn 0.2734 0.9618 -0.0119
vn 0.2229 0.9748 -0.0016
vn -0.0246 0.1501 -0.9884
vn 0.0056 -0.0002 -1.0000
vn -0.0045 -0.0510 -0.9987
vn 0.0131 0.9847 0.1736
vn -0.3685 -0.9000 -0.2328
vn -0.0669 -0.9749 -0.2122
vn -0.7193 0.6650 0.2008
vn -0.1015 -0.9728 -0.2081
vn 0.1204 0.9631 0.2409
vn 0.1841 -0.9814 0.0545
vn 0.0242 0.9997 0.0081
vn -0.7885 -0.5394 0.2955
vn -0.0031 0.0393 0.9992
vn 0.6376 -0.5887 -0.4969
vn 0.3318 -0.7322 -0.5948
vn -0.1536 0.6702 0.7261
vn 0.2408 0.9631 0.1205
vn 0.0037 0.2779 0.9606
vn -0.9908 -0.0115 -0.1351
vn -0.1957 0.9783 -0.0673
vn 0.0127 0.9733 -0.2290
vn -0.5669 -0.8234 -0.0253
vn -0.3077 0.9186 0.2479
vn 0.0117 0.9705 0.2408
vn 0.0088 0.9639 -0.2661
vn 0.0123 0.9640 -0.2657
vn -0.0004 -0.9475 0.3196
vn -0.0258 -0.8835 -0.4678
vn -0.9983 0.0580 0.0108
vn -0.8736 0.4853 -0.0365
vn -0.0508 -0.8205 -0.5694
vn -0.1240 -0.0000 -0.9923
vn -0.0083 -0.9464 0.3229
vn -0.0021 -0.9392 0.3433
vn -0.2190 -0.4915 0.8429
vn 0.6526 -0.7459 -0.1332
vn -0.2206 -0.1342 0.9661
vn -0.9245 -0.1707 -0.3407
vn 0.1729 0.9842 0.0369
vn 0.1758 0.9840 0.0275
vn -0.1484 0.9002 -0.4094
vn -0.9973 0.0735 0.0007
vn -0.0056 -0.9929 -0.1189
vn 0.0157 -0.9899 0.1411
vn 0.0181 0.9503 -0.3109
vn 0.0002 -0.9894 -0.1453
vn 0.0085 -0.0004 -1.0000
vn 0.0547 -0.0084 -0.9985
vn 0.0028 -0.9710 -0.2391
vn -0.9968 0.0794 0.0089
vn -0.9968 0.0794 0.0088
vn -0.9968 0.0794 0.0087
vn -0.1924 -0.9622 -0.1925
vn 0.0006 0.9992 -0.0406
vn 0.0153 -0.0216 0.9996
vn 0.0161 0.0378 0.9992
vn -0.2816 -0.8045 0.5229
vn 0.0075 0.9850 0.1725
vn -0.9968 0.0794 0.0086
vn 0.1644 -0.0000 0.9864
vn -0.1961 -0.7845 -0.5883
vn 0.0118 0.9705 0.2408
vn 0.5060 -0.8624 -0.0131
vn 0.1002 -0.9945 0.0314
vn 0.7167 -0.6748 0.1759
vn 0.0896 -0.9561 0.2789
vn -0.3649 -0.9287 -0.0664
vn -0.0966 -0.7725 0.6276
vn -0.2564 0.6975 0.6691
vn -0.4153 0.0980 0.9044
vn -0.0996 0.9868 0.1278
vn -0.2357 -0.9429 -0.2355
vn 0.4880 0.7807 -0.3904
vn -0.2227 0.9715 0.0809
vn -0.1655 0.8822 0.4407
vt 0.764776 0.186523
vt 0.765147 0.183981
vt 0.766121 0.182239
vt 0.761496 0.183234
vt 0.763612 0.183626
vt 0.766444 0.187253
vt 0.759149 0.186295
vt 0.795281 0.189436
vt 0.795584 0.199226
vt 0.763596 0.191489
vt 0.770128 0.185198
vt 0.793543 0.187992
vt 0.793520 0.186805
vt 0.797383 0.198242
vt 0.725102 0.698056
vt 0.732894 0.698944
vt 0.724368 0.850838
vt 0.687506 0.297951
vt 0.830351 0.304919
vt 0.686608 0.305742
vt 0.712363 0.850912
vt 0.713129 0.697172
vt 0.832154 0.296648
vt 0.688404 0.285978
vt 0.124996 0.047012
vt 0.126853 0.048534
vt 0.126216 0.049289
vt 0.125168 0.048012
vt 0.005187 0.058254
vt 0.005747 0.058010
vt 0.005220 0.058772
vt 0.591439 0.547812
vt 0.603117 0.409193
vt 0.595298 0.548969
vt 0.587810 0.554902
vt 0.536959 0.570597
vt 0.404700 0.581705
vt 0.408675 0.565319
vt 0.877890 0.182447
vt 0.902713 0.188715
vt 0.877890 0.315171
vt 0.102268 0.030029
vt 0.110894 0.052749
vt 0.101825 0.055629
vt 0.583429 0.549043
vt 0.583555 0.536628
vt 0.249534 0.565319
vt 0.620615 0.126601
vt 0.620615 0.285016
vt 0.607719 0.127269
vt 0.610100 0.000416
vt 0.361382 0.540786
vt 0.388696 0.462234
vt 0.408510 0.461972
vt 0.027670 0.703715
vt 0.038883 0.708386
vt 0.032856 0.730948
vt 0.106096 0.198517
vt 0.128403 0.198376
vt 0.105806 0.206223
vt 0.027672 0.733138
vt 0.105884 0.192192
vt 0.024282 0.706677
vt 0.898095 0.603344
vt 0.900081 0.600875
vt 0.900094 0.602919
vt 0.897242 0.608924
vt 0.897903 0.602250
vt 0.127665 0.106472
vt 0.122999 0.089843
vt 0.124795 0.089536
vt 0.130349 0.122293
vt 0.123942 0.106190
vt 0.075856 0.183948
vt 0.077026 0.183832
vt 0.076941 0.184646
vt 0.076921 0.183182
vt 0.075343 0.185767
vt 0.758883 0.937611
vt 0.759815 0.913452
vt 0.772972 0.939646
vt 0.770468 0.960969
vt 0.745343 0.936341
vt 0.746275 0.912532
vt 0.757493 0.960831
vt 0.142090 0.194141
vt 0.141334 0.192900
vt 0.141949 0.192023
vt 0.141363 0.194954
vt 0.141005 0.194395
vt 0.142362 0.194808
vt 0.142839 0.193261
vt 0.141246 0.193371
vt 0.158514 0.199244
vt 0.362085 0.208341
vt 0.361104 0.218149
vt 0.158060 0.215418
vt 0.161685 0.186573
vt 0.074501 0.268618
vt 0.071959 0.130512
vt 0.535986 0.584087
vt 0.380898 0.595324
vt 0.378238 0.584087
vt 0.231985 0.095191
vt 0.232839 0.097104
vt 0.230940 0.108972
vt 0.230183 0.094820
vt 0.121837 0.088125
vt 0.044520 0.073103
vt 0.043517 0.072836
vt 0.046692 0.071662
vt 0.337941 0.625785
vt 0.484430 0.625354
vt 0.339631 0.632288
vt 0.202291 0.625354
vt 0.177137 0.231142
vt 0.198711 0.230742
vt 0.177137 0.377427
vt 0.982740 0.628337
vt 0.984424 0.763976
vt 0.961618 0.632746
vt 0.708163 0.147858
vt 0.684171 0.003552
vt 0.708163 0.001369
vt 0.817194 0.935431
vt 0.799703 0.946002
vt 0.801943 0.936979
vt 0.827329 0.910501
vt 0.829610 0.937451
vt 0.814573 0.912454
vt 0.811245 0.946198
vt 0.113889 0.071080
vt 0.115552 0.070116
vt 0.116208 0.081637
vt 0.113081 0.060816
vt 0.114072 0.085211
vt 0.124722 0.049314
vt 0.124289 0.048215
vt 0.124275 0.047164
vt 0.124531 0.047694
vt 0.124831 0.048501
vt 0.123561 0.049224
vt 0.124414 0.048534
vt 0.124795 0.050967
vt 0.123744 0.049838
vt 0.588618 0.565654
vt 0.601537 0.560277
vt 0.653391 0.498540
vt 0.006514 0.061011
vt 0.007782 0.062256
vt 0.006347 0.061883
vt 0.006073 0.059509
vt 0.004811 0.059792
vt 0.124467 0.921951
vt 0.134161 0.938730
vt 0.134240 0.939678
vt 0.125274 0.920822
vt 0.123624 0.920722
vt 0.134240 0.896724
vt 0.133748 0.939137
vt 0.729458 0.190349
vt 0.729939 0.187914
vt 0.104098 0.194162
vt 0.091557 0.187522
vt 0.097973 0.178146
vt 0.730533 0.194610
vt 0.715929 0.217896
vt 0.713113 0.184136
vt 0.156690 0.939678
vt 0.169872 0.921650
vt 0.171550 0.922862
vt 0.000169 0.047392
vt 0.000390 0.025555
vt 0.003842 0.044480
vt 0.001754 0.070038
vt 0.181141 0.102217
vt 0.184823 0.083361
vt 0.184823 0.103112
vt 0.576113 0.338492
vt 0.595324 0.195676
vt 0.595324 0.338517
vt 0.282098 0.669253
vt 0.137413 0.668087
vt 0.139224 0.650417
vt 0.143138 0.206201
vt 0.143886 0.205093
vt 0.145516 0.206239
vt 0.046047 0.074423
vt 0.046692 0.075563
vt 0.044771 0.075500
vt 0.142796 0.204047
vt 0.142099 0.208103
vt 0.142240 0.206302
vt 0.142218 0.204510
vt 0.043078 0.075875
vt 0.487564 0.146700
vt 0.505280 0.001789
vt 0.510694 0.002072
vt 0.492679 0.148815
vt 0.510694 0.288907
vt 0.465810 0.149213
vt 0.482194 0.002715
vt 0.127207 0.017398
vt 0.126660 0.015645
vt 0.127229 0.017239
vt 0.128052 0.016751
vt 0.127695 0.018261
vt 0.191349 0.766365
vt 0.196222 0.754993
vt 0.192637 0.768109
vt 0.178167 0.767847
vt 0.880018 0.783286
vt 0.879318 0.786385
vt 0.860478 0.783152
vt 0.901370 0.227624
vt 0.900640 0.210552
vt 0.905992 0.211685
vt 0.893418 0.782577
vt 0.893188 0.784472
vt 0.143972 0.063375
vt 0.145850 0.085071
vt 0.135253 0.085602
vt 0.146586 0.062353
vt 0.138602 0.062466
vt 0.141721 0.055043
vt 0.890621 0.257999
vt 0.897556 0.253421
vt 0.891051 0.260171
vt 0.139007 0.054791
vt 0.138580 0.054312
vt 0.136205 0.056808
vt 0.307573 0.881193
vt 0.281887 0.726384
vt 0.302803 0.725401
vt 0.283190 0.881418
vt 0.908747 0.762957
vt 0.906003 0.633673
vt 0.933131 0.763028
vt 0.885044 0.629981
vt 0.328940 0.878272
vt 0.887343 0.765591
vt 0.145128 0.202190
vt 0.146391 0.203809
vt 0.143991 0.203104
vt 0.143502 0.202795
vt 0.143156 0.200638
vt 0.145908 0.201706
vt 0.601315 0.126150
vt 0.607017 0.252593
vt 0.597670 0.253127
vt 0.679475 0.566735
vt 0.669174 0.562652
vt 0.684557 0.561741
vt 0.086670 0.011761
vt 0.080375 0.003483
vt 0.089493 0.002343
vt 0.721781 0.692599
vt 0.616724 0.252035
vt 0.089493 0.136185
vt 0.077464 0.011172
vt 0.903196 0.783269
vt 0.892244 0.787525
vt 0.904788 0.776764
vt 0.912435 0.780758
vt 0.910982 0.782872
vt 0.901284 0.791029
vt 0.169160 0.766085
vt 0.179155 0.772933
vt 0.168317 0.772519
vt 0.246516 0.072652
vt 0.387155 0.039081
vt 0.259116 0.079712
vt 0.248354 0.077300
vt 0.242109 0.093746
vt 0.240605 0.088961
vt 0.111941 0.039081
vt 0.528219 0.146141
vt 0.544741 0.286204
vt 0.528219 0.289880
vt 0.283192 0.691646
vt 0.271260 0.690715
vt 0.272634 0.687489
vt 0.633631 0.932869
vt 0.631785 0.954741
vt 0.632164 0.932139
vt 0.282723 0.699910
vt 0.283338 0.694291
vt 0.394551 0.916041
vt 0.414824 0.914107
vt 0.401480 0.924221
vt 0.343110 0.878141
vt 0.352662 0.900590
vt 0.338823 0.902909
vt 0.797656 0.215823
vt 0.790204 0.217896
vt 0.383654 0.893017
vt 0.408452 0.904508
vt 0.025679 0.935787
vt 0.008305 0.928706
vt 0.031128 0.910127
vt 0.203738 0.147858
vt 0.203738 0.122056
vt 0.204278 0.147247
vt 0.908806 0.185825
vt 0.905129 0.185051
vt 0.194550 0.125822
vt 0.194550 0.151749
vt 0.190946 0.151301
vt 0.909342 0.185210
vt 0.908475 0.211700
vt 0.196718 0.119985
vt 0.200387 0.120781
vt 0.196718 0.145913
vt 0.188227 0.150837
vt 0.126665 0.136183
vt 0.136185 0.117248
vt 0.133376 0.138921
vt 0.130034 0.143292
vt 0.127283 0.142317
vt 0.112839 0.132436
vt 0.106245 0.136434
vt 0.112665 0.132140
vt 0.126519 0.136458
vt 0.112839 0.138758
vt 0.442267 0.282432
vt 0.450841 0.279808
vt 0.449451 0.462273
vt 0.441674 0.458501
vt 0.514608 0.691920
vt 0.511837 0.845656
vt 0.505564 0.692416
vt 0.524098 0.845676
vt 0.524006 0.691823
vt 0.432075 0.284269
vt 0.556414 0.499994
vt 0.534460 0.341500
vt 0.556414 0.338160
vt 0.196655 0.581825
vt 0.321981 0.624506
vt 0.194670 0.606257
vt 0.037031 0.592910
vt 0.949844 0.001176
vt 0.964969 0.132294
vt 0.931518 0.132294
vt 0.770637 0.904868
vt 0.770104 0.913804
vt 0.759454 0.904508
vt 0.902372 0.023292
vt 0.929950 0.023652
vt 0.903021 0.023713
vt 0.890616 0.044659
vt 0.900271 0.021510
vt 0.096413 0.919725
vt 0.122849 0.921664
vt 0.904396 0.009273
vt 0.763644 0.182915
vt 0.764634 0.182684
vt 0.077625 0.169222
vt 0.077655 0.166513
vt 0.078850 0.168034
vt 0.076074 0.167014
vt 0.077914 0.170016
vt 0.709591 0.514739
vt 0.713210 0.501040
vt 0.853341 0.513552
vt 0.946141 0.558602
vt 0.949335 0.436830
vt 0.960861 0.562736
vt 0.711392 0.527099
vt 0.931203 0.560582
vt 0.931048 0.437933
vt 0.077953 0.079623
vt 0.079766 0.090447
vt 0.076075 0.080938
vt 0.616724 0.410501
vt 0.180481 0.400458
vt 0.172416 0.568807
vt 0.171176 0.397994
vt 0.194500 0.396237
vt 0.180046 0.570089
vt 0.166183 0.230896
vt 0.175095 0.232738
vt 0.166183 0.389100
vt 0.001063 0.494158
vt 0.001063 0.335692
vt 0.011673 0.491736
vt 0.237367 0.908167
vt 0.242757 0.909904
vt 0.236867 0.908167
vt 0.237917 0.884091
vt 0.245665 0.886442
vt 0.125891 0.051295
vt 0.126341 0.050577
vt 0.126547 0.051624
vt 0.126426 0.050388
vt 0.081133 0.178748
vt 0.079593 0.180231
vt 0.079283 0.178809
vt 0.079305 0.176365
vt 0.080002 0.176478
vt 0.129831 0.068252
vt 0.131246 0.069047
vt 0.129230 0.069998
vt 0.065614 0.002411
vt 0.069177 0.003007
vt 0.066514 0.004744
vt 0.068182 0.006725
vt 0.131390 0.067069
vt 0.129506 0.067297
vt 0.227896 0.916106
vt 0.232880 0.914968
vt 0.225125 0.935262
vt 0.053223 0.902355
vt 0.045916 0.755990
vt 0.058399 0.757387
vt 0.032764 0.900084
vt 0.054597 0.902409
vt 0.227615 0.915044
vt 0.071562 0.116730
vt 0.070814 0.102346
vt 0.074836 0.114808
vt 0.216190 0.094540
vt 0.218065 0.094067
vt 0.216190 0.110693
vt 0.070740 0.102275
vt 0.201380 0.364664
vt 0.384520 0.217274
vt 0.395613 0.228514
vt 0.575850 0.161143
vt 0.578861 0.000256
vt 0.599497 0.161484
vt 0.524584 0.482485
vt 0.533054 0.343491
vt 0.548632 0.482485
vt 0.615020 0.701459
vt 0.639031 0.702794
vt 0.615020 0.863803
vt 0.575877 0.300391
vt 0.804918 0.876359
vt 0.786441 0.854385
vt 0.806316 0.850531
vt 0.817997 0.875070
vt 0.803788 0.876980
vt 0.794145 0.878961
vt 0.173540 0.090443
vt 0.185344 0.071877
vt 0.173408 0.090755
vt 0.170243 0.091439
vt 0.842403 0.693143
vt 0.840591 0.844922
vt 0.819999 0.694097
vt 0.692624 0.415234
vt 0.832675 0.394404
vt 0.830958 0.416337
vt 0.691626 0.392831
vt 0.688406 0.911770
vt 0.702284 0.911659
vt 0.703931 0.937093
vt 0.674998 0.889053
vt 0.688193 0.888660
vt 0.675215 0.912527
vt 0.689389 0.937426
vt 0.079014 0.166301
vt 0.080855 0.168182
vt 0.080633 0.168550
vt 0.077675 0.164461
vt 0.277314 0.883258
vt 0.275457 0.726191
vt 0.132855 0.938433
vt 0.757953 0.184643
vt 0.729597 0.183483
vt 0.689664 0.949965
vt 0.704165 0.947859
vt 0.693502 0.974864
vt 0.681325 0.976642
vt 0.675692 0.949855
vt 0.676284 0.937321
vt 0.146059 0.196560
vt 0.145126 0.198049
vt 0.144208 0.197237
vt 0.144273 0.196604
vt 0.147686 0.199042
vt 0.145911 0.200194
vt 0.013241 0.035670
vt 0.011178 0.036091
vt 0.012353 0.031909
vt 0.013619 0.035404
vt 0.013312 0.035756
vt 0.902740 0.250545
vt 0.899101 0.248498
vt 0.901137 0.247943
vt 0.901592 0.251826
vt 0.898720 0.251198
vt 0.910495 0.230848
vt 0.905031 0.251321
vt 0.904588 0.253047
vt 0.903043 0.254587
vt 0.135370 0.027133
vt 0.133412 0.025610
vt 0.137362 0.026746
vt 0.137098 0.025406
vt 0.138131 0.024820
vt 0.130349 0.022300
vt 0.127765 0.021622
vt 0.128523 0.020766
vt 0.129525 0.022669
vt 0.129658 0.020251
vt 0.888937 0.912551
vt 0.872968 0.911463
vt 0.115473 0.217016
vt 0.111710 0.212692
vt 0.116730 0.214971
vt 0.751974 0.437105
vt 0.743460 0.455248
vt 0.743748 0.432277
vt 0.109177 0.227624
vt 0.128015 0.192512
vt 0.127331 0.194807
vt 0.105806 0.180883
vt 0.115828 0.070148
vt 0.004336 0.002129
vt 0.006087 0.016545
vt 0.004245 0.020492
vt 0.004100 0.002434
vt 0.033343 0.731596
vt 0.033210 0.732132
vt 0.140076 0.189862
vt 0.131673 0.212060
vt 0.131673 0.186494
vt 0.046430 0.713812
vt 0.505928 0.983449
vt 0.512681 0.851415
vt 0.522848 0.979511
vt 0.484780 0.850331
vt 0.490727 0.850504
vt 0.028545 0.755848
vt 0.102830 0.757173
vt 0.110894 0.898203
vt 0.105851 0.902389
vt 0.008758 0.895716
vt 0.502297 0.983910
vt 0.099192 0.757572
vt 0.131349 0.069207
vt 0.131700 0.069309
vt 0.130576 0.071091
vt 0.130187 0.070668
vt 0.080269 0.173426
vt 0.081106 0.174104
vt 0.079605 0.175618
vt 0.082564 0.168751
vt 0.083657 0.168983
vt 0.081702 0.170440
vt 0.078075 0.172191
vt 0.080477 0.172235
vt 0.078101 0.176153
vt 0.077990 0.170246
vt 0.124512 0.207792
vt 0.121333 0.227624
vt 0.121333 0.204078
vt 0.186768 0.075757
vt 0.013093 0.037457
vt 0.010612 0.031502
vt 0.142853 0.199554
vt 0.142773 0.199081
vt 0.143284 0.200243
vt 0.653689 0.160859
vt 0.643846 0.162646
vt 0.647080 0.036086
vt 0.071984 0.172347
vt 0.071984 0.330735
vt 0.064635 0.330379
vt 0.652612 0.353284
vt 0.659525 0.228693
vt 0.659525 0.353535
vt 0.653689 0.319062
vt 0.654555 0.511667
vt 0.672266 0.050440
vt 0.706768 0.150564
vt 0.697793 0.157205
vt 0.247538 0.598116
vt 0.231859 0.588111
vt 0.249808 0.411968
vt 0.648122 0.845014
vt 0.648122 0.696394
vt 0.667342 0.699040
vt 0.668643 0.848832
vt 0.579760 0.963846
vt 0.577466 0.972751
vt 0.565307 0.963638
vt 0.724820 0.905580
vt 0.722099 0.881517
vt 0.734347 0.881118
vt 0.564092 0.939292
vt 0.736172 0.905550
vt 0.578458 0.939693
vt 0.721877 0.910623
vt 0.582587 0.856014
vt 0.593139 0.874291
vt 0.592253 0.874324
vt 0.113242 0.019900
vt 0.115799 0.020131
vt 0.116730 0.035019
vt 0.112203 0.021578
vt 0.112858 0.016192
vt 0.110399 0.035019
vt 0.208520 0.125327
vt 0.214005 0.124658
vt 0.208581 0.149804
vt 0.206546 0.124658
vt 0.271618 0.697435
vt 0.132294 0.068255
vt 0.229087 0.934989
vt 0.234982 0.915228
vt 0.223815 0.130408
vt 0.226039 0.130869
vt 0.224491 0.151614
vt 0.220318 0.152855
vt 0.219753 0.129601
vt 0.231449 0.936734
vt 0.106796 0.014864
vt 0.107156 0.015012
vt 0.106549 0.016386
vt 0.106589 0.014475
vt 0.104694 0.016797
vt 0.284043 0.632288
vt 0.126581 0.632288
vt 0.127108 0.620992
vt 0.132852 0.394529
vt 0.142355 0.565615
vt 0.131322 0.566521
vt 0.250086 0.536959
vt 0.254115 0.379662
vt 0.258752 0.536959
vt 0.143456 0.394897
vt 0.119845 0.394734
vt 0.127708 0.307300
vt 0.901623 0.259481
vt 0.905512 0.283603
vt 0.891253 0.261203
vt 0.906675 0.256739
vt 0.910495 0.282382
vt 0.912216 0.054367
vt 0.912546 0.059947
vt 0.902165 0.060509
vt 0.912288 0.052961
vt 0.918293 0.053545
vt 0.903416 0.055244
vt 0.905563 0.053127
vt 0.710986 0.610099
vt 0.851021 0.625219
vt 0.710888 0.626859
vt 0.852019 0.609506
vt 0.859309 0.914397
vt 0.845333 0.918277
vt 0.709255 0.597093
vt 0.363531 0.930864
vt 0.377244 0.914842
vt 0.379350 0.925842
vt 0.347023 0.937643
vt 0.341095 0.920903
vt 0.371970 0.953913
vt 0.360400 0.920244
vt 0.424759 0.939678
vt 0.344696 0.984424
vt 0.342445 0.965153
vt 0.354113 0.961542
vt 0.331504 0.982220
vt 0.426065 0.900360
vt 0.535945 0.850331
vt 0.535311 0.977955
vt 0.759180 0.158719
vt 0.733453 0.002667
vt 0.756625 0.001403
vt 0.782446 0.159767
vt 0.737410 0.155746
vt 0.124171 0.052299
vt 0.122437 0.056426
vt 0.108602 0.142022
vt 0.108840 0.140777
vt 0.109131 0.141017
vt 0.602537 0.574014
vt 0.600832 0.581234
vt 0.594271 0.580488
vt 0.591734 0.574124
vt 0.683844 0.584209
vt 0.683844 0.688708
vt 0.485403 0.647766
vt 0.359055 0.655634
vt 0.358668 0.645873
vt 0.501075 0.679789
vt 0.645318 0.692285
vt 0.499984 0.682698
vt 0.499743 0.652010
vt 0.644045 0.665108
vt 0.645090 0.690810
vt 0.365506 0.698435
vt 0.131084 0.145290
vt 0.133534 0.142736
vt 0.132862 0.145913
vt 0.130373 0.145238
vt 0.072077 0.099509
vt 0.070740 0.089458
vt 0.127866 0.023243
vt 0.126324 0.024733
vt 0.128109 0.020776
vt 0.306049 0.335047
vt 0.321151 0.323774
vt 0.326844 0.334493
vt 0.898272 0.249877
vt 0.321732 0.359377
vt 0.135253 0.050272
vt 0.136881 0.052390
vt 0.302753 0.337646
vt 0.302753 0.329691
vt 0.142947 0.196437
vt 0.143083 0.195241
vt 0.142555 0.197743
vt 0.142092 0.197102
vt 0.365831 0.178333
vt 0.158261 0.165967
vt 0.163500 0.158509
vt 0.489961 0.692635
vt 0.493204 0.846545
vt 0.478807 0.692976
vt 0.502386 0.845645
vt 0.498700 0.692808
vt 0.462909 0.274490
vt 0.463368 0.460984
vt 0.456282 0.277363
vt 0.363003 0.187113
vt 0.764176 0.181317
vt 0.759251 0.181279
vt 0.005833 0.929437
vt 0.000379 0.929542
vt 0.004320 0.928009
vt 0.766528 0.177455
vt 0.052063 0.004276
vt 0.050840 0.004310
vt 0.052002 0.002384
vt 0.054474 0.004139
vt 0.867791 0.181711
vt 0.883579 0.059420
vt 0.882925 0.180221
vt 0.832170 0.271226
vt 0.690222 0.272443
vt 0.688420 0.256395
vt 0.832163 0.284424
vt 0.832186 0.256831
vt 0.869894 0.057065
vt 0.856518 0.184823
vt 0.294946 0.658073
vt 0.297741 0.674403
vt 0.284185 0.675784
vt 0.147222 0.062802
vt 0.147858 0.062855
vt 0.637863 0.896964
vt 0.637628 0.922557
vt 0.629428 0.898875
vt 0.892757 0.285989
vt 0.638041 0.922589
vt 0.128956 0.029077
vt 0.128348 0.029183
vt 0.129434 0.027242
vt 0.130129 0.075587
vt 0.128724 0.075875
vt 0.130182 0.074701
vt 0.130349 0.028994
vt 0.711287 0.559116
vt 0.711328 0.550723
vt 0.855938 0.559144
vt 0.915544 0.913900
vt 0.913607 0.788853
vt 0.922168 0.787799
vt 0.854959 0.571308
vt 0.711224 0.570805
vt 0.903439 0.912743
vt 0.922168 0.915656
vt 0.029770 0.000805
vt 0.048739 0.136901
vt 0.025138 0.134538
vt 0.390195 0.888155
vt 0.416337 0.756918
vt 0.416337 0.894931
vt 0.283544 0.709911
vt 0.153552 0.747073
vt 0.139492 0.157586
vt 0.139492 0.130580
vt 0.142022 0.131987
vt 0.075867 0.403935
vt 0.091689 0.575635
vt 0.077904 0.581446
vt 0.090843 0.399855
vt 0.060641 0.402761
vt 0.000012 0.318883
vt 0.129837 0.143656
vt 0.104904 0.019239
vt 0.106866 0.017672
vt 0.200544 0.130509
vt 0.202332 0.129651
vt 0.202332 0.155640
vt 0.648847 0.879083
vt 0.661682 0.878683
vt 0.661469 0.887668
vt 0.801052 0.968678
vt 0.786201 0.968776
vt 0.787333 0.936764
vt 0.814695 0.968342
vt 0.664327 0.856616
vt 0.033638 0.005474
vt 0.034102 0.004625
vt 0.034501 0.007294
vt 0.033021 0.007782
vt 0.033527 0.005128
vt 0.895797 0.055621
vt 0.895661 0.061657
vt 0.882468 0.056001
vt 0.051057 0.001008
vt 0.943598 0.297501
vt 0.954898 0.430937
vt 0.949788 0.431202
vt 0.920205 0.298334
vt 0.967154 0.294653
vt 0.533068 0.324382
vt 0.519030 0.488321
vt 0.509341 0.324382
vt 0.466492 0.293951
vt 0.489680 0.297158
vt 0.466492 0.459139
vt 0.497159 0.298663
vt 0.513613 0.463030
vt 0.489655 0.463030
vt 0.156927 0.121795
vt 0.152046 0.118670
vt 0.162762 0.108298
vt 0.232554 0.049540
vt 0.236037 0.065701
vt 0.235963 0.066147
vt 0.234447 0.048518
vt 0.226764 0.065447
vt 0.226764 0.049294
vt 0.159072 0.121953
vt 0.228273 0.908853
vt 0.229718 0.908680
vt 0.829833 0.884724
vt 0.844348 0.883176
vt 0.841430 0.912180
vt 0.130124 0.073291
vt 0.130244 0.072697
vt 0.131274 0.074773
vt 0.128480 0.074143
vt 0.130296 0.075309
vt 0.542239 0.976325
vt 0.778231 0.001721
vt 0.542795 0.852293
vt 0.785563 0.001278
vt 0.789363 0.161477
vt 0.127609 0.053500
vt 0.043542 0.064313
vt 0.043775 0.065485
vt 0.042123 0.064068
vt 0.589535 0.014437
vt 0.594785 0.007232
vt 0.598189 0.012296
vt 0.655224 0.000167
vt 0.663288 0.124724
vt 0.655224 0.124985
vt 0.599215 0.132294
vt 0.587271 0.007641
vt 0.142022 0.766712
vt 0.131556 0.764354
vt 0.141339 0.759334
vt 0.131556 0.891040
vt 0.643961 0.701827
vt 0.376383 0.045417
vt 0.381318 0.047321
vt 0.376383 0.208169
vt 0.640948 0.755882
vt 0.645907 0.755070
vt 0.616964 0.887553
vt 0.026890 0.166164
vt 0.031128 0.328891
vt 0.026890 0.330735
vt 0.636445 0.753105
vt 0.774310 0.880626
vt 0.038046 0.375914
vt 0.045264 0.371906
vt 0.046308 0.398378
vt 0.760204 0.880106
vt 0.284043 0.231816
vt 0.282338 0.245831
vt 0.259701 0.238516
vt 0.031593 0.401379
vt 0.023016 0.378660
vt 0.211034 0.771041
vt 0.192358 0.773103
vt 0.914386 0.210379
vt 0.908453 0.227624
vt 0.206356 0.898200
vt 0.913464 0.185211
vt 0.219842 0.902713
vt 0.851813 0.439907
vt 0.876967 0.437458
vt 0.880751 0.578455
vt 0.375736 0.892467
vt 0.088552 0.174549
vt 0.083725 0.164647
vt 0.089939 0.174111
vt 0.382152 0.924508
vt 0.082963 0.186738
vt 0.036345 0.006338
vt 0.038337 0.006108
vt 0.038910 0.007782
vt 0.035839 0.006683
vt 0.184823 0.155640
vt 0.183185 0.153664
vt 0.184823 0.138131
vt 0.867694 0.205027
vt 0.848185 0.216128
vt 0.849574 0.214271
vt 0.123240 0.130225
vt 0.121787 0.147858
vt 0.121787 0.128110
vt 0.124512 0.129206
vt 0.849123 0.217982
vt 0.083657 0.113680
vt 0.083657 0.130349
vt 0.082480 0.114807
vt 0.147519 0.027051
vt 0.141696 0.021186
vt 0.143697 0.021820
vt 0.214005 0.062256
vt 0.210036 0.061410
vt 0.211859 0.057157
vt 0.141696 0.031128
vt 0.147858 0.021747
vt 0.215951 0.157586
vt 0.214321 0.132967
vt 0.215951 0.133932
vt 0.748367 0.852130
vt 0.757789 0.698865
vt 0.757079 0.851138
vt 0.749015 0.698898
vt 0.152843 0.565385
vt 0.152176 0.395945
vt 0.162110 0.396529
vt 0.162324 0.566547
vt 0.740198 0.851933
vt 0.964969 0.765670
vt 0.950300 0.896877
vt 0.939291 0.768873
vt 0.096370 0.195465
vt 0.105057 0.219842
vt 0.095842 0.219396
vt 0.095292 0.196233
vt 0.730391 0.911923
vt 0.721958 0.937080
vt 0.565034 0.972617
vt 0.579760 0.854651
vt 0.565985 0.879665
vt 0.565010 0.855298
vt 0.579542 0.879816
vt 0.868804 0.723727
vt 0.868804 0.579612
vt 0.887149 0.582058
vt 0.830356 0.240004
vt 0.689271 0.220974
vt 0.830317 0.221164
vt 0.686608 0.240191
vt 0.153695 0.392991
vt 0.135019 0.390514
vt 0.153695 0.248872
vt 0.034851 0.001681
vt 0.035857 0.002669
vt 0.009727 0.010997
vt 0.008715 0.011673
vt 0.008799 0.009078
vt 0.033722 0.001751
vt 0.037505 0.002207
vt 0.035040 0.007409
vt 0.037862 0.003186
vt 0.129075 0.072973
vt 0.128486 0.070198
vt 0.711147 0.583744
vt 0.852178 0.583290
vt 0.853009 0.595231
vt 0.221787 0.109094
vt 0.218368 0.110894
vt 0.218327 0.096084
vt 0.582587 0.894931
vt 0.592003 0.874697
vt 0.585087 0.893806
vt 0.220163 0.096085
vt 0.788944 0.849942
vt 0.791317 0.696022
vt 0.802502 0.847625
vt 0.104694 0.570456
vt 0.105226 0.395130
vt 0.118104 0.567929
vt 0.780215 0.696068
vt 0.776832 0.850327
vt 0.108948 0.016729
vt 0.107490 0.014980
vt 0.108635 0.017326
vt 0.145232 0.204838
vt 0.143711 0.204004
vt 0.077868 0.176597
vt 0.077825 0.176349
vt 0.077190 0.177747
vt 0.746397 0.856231
vt 0.759369 0.856510
vt 0.746865 0.881260
vt 0.745752 0.971467
vt 0.734336 0.971319
vt 0.747184 0.962508
vt 0.735024 0.856411
vt 0.758727 0.971596
vt 0.133588 0.679138
vt 0.268479 0.670101
vt 0.267166 0.698182
vt 0.130898 0.704272
vt 0.000533 0.670101
vt 0.394937 0.000765
vt 0.233245 0.007489
vt 0.231210 0.000765
vt 0.707704 0.973007
vt 0.421487 0.893017
vt 0.202618 0.103112
vt 0.187713 0.102504
vt 0.204278 0.077513
vt 0.146306 0.203921
vt 0.147858 0.201601
vt 0.885548 0.766528
vt 0.882978 0.628224
vt 0.227025 0.878036
vt 0.233476 0.727089
vt 0.231991 0.878973
vt 0.880559 0.765716
vt 0.330735 0.877335
vt 0.328039 0.726607
vt 0.227992 0.727288
vt 0.844348 0.935859
vt 0.839651 0.946669
vt 0.822454 0.946404
vt 0.588494 0.922533
vt 0.604741 0.899400
vt 0.609058 0.922954
vt 0.585514 0.934261
vt 0.584120 0.896964
vt 0.076255 0.163399
vt 0.075713 0.165309
vt 0.076260 0.161252
vt 0.075924 0.163317
vt 0.075390 0.161292
vt 0.832170 0.312644
vt 0.731503 0.850655
vt 0.740577 0.698926
vt 0.686619 0.313425
vt 0.054474 0.000298
vt 0.092539 0.000674
vt 0.679188 0.267280
vt 0.682871 0.424252
vt 0.669029 0.423349
vt 0.266534 0.913361
vt 0.239248 0.916563
vt 0.129527 0.054595
vt 0.124426 0.060311
vt 0.129390 0.057496
vt 0.132038 0.056064
vt 0.130142 0.054247
vt 0.190659 0.921803
vt 0.177206 0.922127
vt 0.180274 0.921297
vt 0.022925 0.011339
vt 0.024330 0.004628
vt 0.024940 0.011619
vt 0.022925 0.027237
vt 0.734511 0.936976
vt 0.735334 0.912733
vt 0.733354 0.961158
vt 0.721995 0.961912
vt 0.006364 0.061987
vt 0.107063 0.021079
vt 0.106971 0.023346
vt 0.106717 0.021641
vt 0.105650 0.020503
vt 0.108488 0.020041
vt 0.107069 0.021120
vt 0.106877 0.019652
vt 0.353075 0.260886
vt 0.357947 0.449917
vt 0.340915 0.439450
vt 0.611284 0.698666
vt 0.612833 0.852130
vt 0.588649 0.698002
vt 0.368457 0.265506
vt 0.040358 0.316511
vt 0.636179 0.392627
vt 0.618404 0.391750
vt 0.629497 0.234804
vt 0.618404 0.518476
vt 0.371591 0.096079
vt 0.268327 0.139236
vt 0.253626 0.122486
vt 0.195000 0.624506
vt 0.036538 0.610130
vt 0.902713 0.436846
vt 0.902713 0.579760
vt 0.209552 0.081257
vt 0.210114 0.107003
vt 0.205995 0.107003
vt 0.674175 0.880113
vt 0.677097 0.857366
vt 0.170503 0.912268
vt 0.163328 0.910083
vt 0.161595 0.905917
vt 0.141005 0.208169
vt 0.141504 0.206396
vt 0.091489 0.136185
vt 0.091489 0.004636
vt 0.110894 0.131534
vt 0.165368 0.121239
vt 0.158785 0.140076
vt 0.054474 0.319062
vt 0.043327 0.317636
vt 0.054474 0.186996
vt 0.332681 0.404827
vt 0.328086 0.408908
vt 0.317787 0.406039
vt 0.165368 0.108224
vt 0.056590 0.297662
vt 0.056590 0.165602
vt 0.071011 0.166910
vt 0.834384 0.672420
vt 0.808318 0.688708
vt 0.835366 0.657874
vt 0.307580 0.966457
vt 0.288756 0.966871
vt 0.270496 0.941102
vt 0.842485 0.654745
vt 0.291043 0.977723
vt 0.846293 0.688708
vt 0.289103 0.942216
vt 0.585792 0.894174
vt 0.216302 0.110708
vt 0.078600 0.183296
vt 0.078423 0.183124
vt 0.078969 0.181793
vt 0.078494 0.183487
vt 0.002419 0.002714
vt 0.002258 0.022005
vt 0.118161 0.069555
vt 0.120621 0.081543
vt 0.221804 0.888117
vt 0.224299 0.909776
vt 0.081037 0.901748
vt 0.065347 0.755848
vt 0.075477 0.757183
vt 0.095124 0.758015
vt 0.227535 0.887524
vt 0.060465 0.902713
vt 0.894316 0.629899
vt 0.901068 0.628013
vt 0.062399 0.007523
vt 0.060769 0.005539
vt 0.063210 0.006299
vt 0.060420 0.007782
vt 0.902366 0.254057
vt 0.900229 0.252929
vt 0.249427 0.251999
vt 0.250488 0.268129
vt 0.223900 0.263853
vt 0.224487 0.244734
vt 0.262419 0.270929
vt 0.250673 0.238026
vt 0.259245 0.252530
vt 0.689626 0.364156
vt 0.689548 0.353054
vt 0.832374 0.350275
vt 0.832468 0.363148
vt 0.803401 0.695066
vt 0.690616 0.376238
vt 0.127007 0.024884
vt 0.129011 0.025227
vt 0.128359 0.026972
vt 0.305707 0.322367
vt 0.310135 0.297756
vt 0.325482 0.298731
vt 0.365754 0.147913
vt 0.362751 0.173150
vt 0.342404 0.173150
vt 0.348137 0.148567
vt 0.359926 0.137267
vt 0.276590 0.882356
vt 0.253940 0.725401
vt 0.902351 0.601488
vt 0.900830 0.601532
vt 0.900559 0.600363
vt 0.902346 0.602220
vt 0.900254 0.599310
vt 0.901540 0.600143
vt 0.902016 0.599631
vt 0.701458 0.857386
vt 0.701482 0.878606
vt 0.687822 0.879704
vt 0.717890 0.856414
vt 0.686428 0.857018
vt 0.187651 0.077513
vt 0.412471 0.564196
vt 0.406343 0.542724
vt 0.539877 0.548501
vt 0.072002 0.351071
vt 0.166101 0.226986
vt 0.249547 0.564196
vt 0.065277 0.008818
vt 0.810844 0.665264
vt 0.269281 0.918205
vt 0.287437 0.918691
vt 0.312482 0.942620
vt 0.074302 0.101944
vt 0.074943 0.090052
vt 0.008715 0.009154
vt 0.121838 0.123837
vt 0.121603 0.124512
vt 0.121708 0.107562
vt 0.119145 0.096257
vt 0.118731 0.082260
vt 0.119608 0.096288
vt 0.115229 0.096401
vt 0.121821 0.107563
vt 0.123770 0.124282
vt 0.543493 0.692374
vt 0.548259 0.849344
vt 0.536266 0.846604
vt 0.555961 0.693192
vt 0.408452 0.283011
vt 0.533473 0.692352
vt 0.420272 0.283861
vt 0.394942 0.280214
vt 0.109177 0.207083
vt 0.110437 0.208686
vt 0.109743 0.208896
vt 0.114850 0.016553
vt 0.114743 0.015837
vt 0.111657 0.210172
vt 0.013687 0.008850
vt 0.013437 0.007512
vt 0.015354 0.007573
vt 0.912909 0.182213
vt 0.923695 0.181690
vt 0.899543 0.180313
vt 0.792474 0.187246
vt 0.797656 0.179937
vt 0.711378 0.535233
vt 0.855138 0.528247
vt 0.856021 0.537431
vt 0.922641 0.561607
vt 0.916534 0.561600
vt 0.921162 0.437980
vt 0.711360 0.541136
vt 0.945514 0.272370
vt 0.921466 0.272370
vt 0.942553 0.140382
vt 0.090516 0.195829
vt 0.095766 0.219842
vt 0.088497 0.219793
vt 0.094004 0.197521
vt 0.683545 0.697211
vt 0.683599 0.850894
vt 0.232854 0.408411
vt 0.219198 0.581527
vt 0.143027 0.194494
vt 0.225896 0.087463
vt 0.229569 0.086535
vt 0.226409 0.110894
vt 0.109873 0.140628
vt 0.111088 0.139578
vt 0.218645 0.086535
vt 0.522732 0.283227
vt 0.514064 0.282734
vt 0.525286 0.162714
vt 0.643961 0.000197
vt 0.643961 0.126808
vt 0.636300 0.126575
vt 0.706293 0.162625
vt 0.713112 0.160185
vt 0.672266 0.268479
vt 0.520178 0.288346
vt 0.525286 0.289880
vt 0.069514 0.004220
vt 0.070270 0.003614
vt 0.068841 0.006434
vt 0.069783 0.003356
vt 0.175925 0.895879
vt 0.163841 0.896269
vt 0.909407 0.775654
vt 0.157363 0.771398
vt 0.112826 0.210718
vt 0.110847 0.210595
vt 0.133477 0.144372
vt 0.114440 0.211611
vt 0.112840 0.210492
vt 0.114691 0.210834
vt 0.416783 0.220230
vt 0.409113 0.006395
vt 0.422392 0.217929
vt 0.599516 0.364588
vt 0.423432 0.000012
vt 0.419429 0.001498
vt 0.574198 0.553285
vt 0.574530 0.565188
vt 0.456118 0.559700
vt 0.623353 0.000412
vt 0.634234 0.126779
vt 0.622099 0.128841
vt 0.249224 0.135336
vt 0.137624 0.096079
vt 0.583953 0.552968
vt 0.586017 0.565443
vt 0.250380 0.142994
vt 0.246864 0.280299
vt 0.032498 0.740263
vt 0.015788 0.761158
vt 0.000967 0.762637
vt 0.252970 0.282038
vt 0.036965 0.742425
vt 0.247088 0.283317
vt 0.731499 0.155063
vt 0.731602 0.003070
vt 0.832675 0.152533
vt 0.810715 0.157473
vt 0.827544 0.000496
vt 0.498237 0.984424
vt 0.478574 0.984233
vt 0.832675 0.000541
vt 0.463183 0.856681
vt 0.662379 0.912110
vt 0.662302 0.937491
vt 0.788519 0.913654
vt 0.800552 0.913842
vt 0.786876 0.888042
vt 0.065943 0.000679
vt 0.066259 0.001522
vt 0.065464 0.001189
vt 0.614779 0.871320
vt 0.596053 0.874858
vt 0.286497 0.687253
vt 0.299765 0.679705
vt 0.287248 0.695535
vt 0.286041 0.693409
vt 0.338517 0.278459
vt 0.338517 0.435793
vt 0.326324 0.279621
vt 0.064064 0.004150
vt 0.064202 0.005756
vt 0.062864 0.005226
vt 0.123485 0.050600
vt 0.062780 0.002581
vt 0.111803 0.140980
vt 0.111252 0.140700
vt 0.112642 0.141703
vt 0.383710 0.971520
vt 0.078710 0.180714
vt 0.075718 0.181938
vt 0.877360 0.046661
vt 0.882799 0.053967
vt 0.833941 0.216430
vt 0.847211 0.220235
vt 0.833810 0.218953
vt 0.824794 0.205027
vt 0.834782 0.215038
vt 0.825739 0.208452
vt 0.275085 0.966927
vt 0.235571 0.907481
vt 0.910305 0.630343
vt 0.902465 0.627961
vt 0.910495 0.608497
vt 0.234663 0.907252
vt 0.229450 0.887381
vt 0.209099 0.155130
vt 0.283071 0.649798
vt 0.156488 0.649541
vt 0.156620 0.642900
vt 0.512466 0.287859
vt 0.398929 0.006418
vt 0.501571 0.686249
vt 0.645334 0.698435
vt 0.746346 0.905344
vt 0.888967 0.046822
vt 0.115036 0.099230
vt 0.116730 0.102901
vt 0.114539 0.113262
vt 0.114072 0.101067
vt 0.889219 0.049487
vt 0.068361 0.006625
vt 0.068149 0.009728
vt 0.045733 0.737502
vt 0.188714 0.762637
vt 0.044101 0.744505
vt 0.040267 0.741436
vt 0.042160 0.736159
vt 0.049593 0.716188
vt 0.607587 0.409211
vt 0.920034 0.061123
vt 0.418721 0.696906
vt 0.437295 0.693725
vt 0.436881 0.846566
vt 0.367228 0.229568
vt 0.418722 0.851957
vt 0.624462 0.922878
vt 0.622086 0.899440
vt 0.628501 0.922761
vt 0.626973 0.933466
vt 0.610799 0.932199
vt 0.303553 0.297706
vt 0.135319 0.062174
vt 0.727618 0.155007
vt 0.721318 0.158030
vt 0.721554 0.155142
vt 0.671744 0.558927
vt 0.662964 0.564096
vt 0.668658 0.558905
vt 0.915044 0.775190
vt 0.922019 0.047453
vt 0.918410 0.051210
vt 0.918096 0.782237
vt 0.052529 0.035967
vt 0.052529 0.054474
vt 0.048638 0.054160
vt 0.078418 0.115023
vt 0.081569 0.096687
vt 0.302782 0.361863
vt 0.610808 0.954667
vt 0.233460 0.096719
vt 0.232667 0.096623
vt 0.233460 0.113168
vt 0.236434 0.916964
vt 0.226561 0.130548
vt 0.226192 0.151031
vt 0.232079 0.936457
vt 0.435482 0.461036
vt 0.418064 0.461927
vt 0.000049 0.649798
vt 0.202537 0.655634
vt 0.459858 0.543601
vt 0.502562 0.534349
vt 0.621477 0.888492
vt 0.645907 0.894931
vt 0.905912 0.253495
vt 0.905682 0.050005
vt 0.912321 0.047201
vt 0.916583 0.046304
vt 0.787174 0.205484
vt 0.787249 0.203628
vt 0.711401 0.488006
vt 0.853354 0.497404
vt 0.964059 0.434373
vt 0.972751 0.564196
vt 0.886229 0.000739
vt 0.898771 0.022468
vt 0.972751 0.428379
vt 0.079427 0.153825
vt 0.091118 0.173138
vt 0.075287 0.150222
vt 0.113087 0.015675
vt 0.112712 0.014737
vt 0.113538 0.015169
vt 0.015564 0.008097
vt 0.009578 0.001606
vt 0.008405 0.003094
vt 0.008405 0.000475
vt 0.015564 0.009728
vt 0.009728 0.001776
vt 0.129442 0.024360
vt 0.781372 0.882758
vt 0.662066 0.946443
vt 0.668256 0.976642
vt 0.652604 0.973325
vt 0.108948 0.013729
vt 0.046692 0.067984
vt 0.044579 0.067850
vt 0.045213 0.066662
vt 0.590191 0.850334
vt 0.574473 0.849397
vt 0.849112 0.647852
vt 0.712585 0.647852
vt 0.716377 0.887916
vt 0.700701 0.887845
vt 0.717242 0.878938
vt 0.129801 0.027018
vt 0.686687 0.330636
vt 0.686643 0.321862
vt 0.830394 0.322128
vt 0.832240 0.329864
vt 0.688572 0.341984
vt 0.769143 0.697014
vt 0.765842 0.850822
vt 0.257834 0.543640
vt 0.381485 0.273473
vt 0.370860 0.458477
vt 0.724965 0.452227
vt 0.282134 0.263009
vt 0.178045 0.120058
vt 0.188714 0.116306
vt 0.188714 0.142022
vt 0.594087 0.005482
vt 0.595933 0.001513
vt 0.599215 0.004786
vt 0.724173 0.160332
vt 0.718550 0.159842
vt 0.950810 0.433655
vt 0.933550 0.433609
vt 0.896634 0.054052
vt 0.835700 0.650424
vt 0.214005 0.046661
vt 0.206178 0.048834
vt 0.363875 0.198768
vt 0.449108 0.694286
vt 0.462226 0.693947
vt 0.450640 0.847465
vt 0.121603 0.088572
vt 0.206313 0.057321
vt 0.206168 0.056119
vt 0.207574 0.056477
vt 0.208011 0.058573
vt 0.206325 0.057950
vt 0.205604 0.056106
vt 0.131746 0.058489
vt 0.132294 0.060311
vt 0.156426 0.244126
vt 0.163422 0.248193
vt 0.156426 0.389100
vt 0.085602 0.229569
vt 0.082000 0.205750
vt 0.085602 0.205008
vt 0.812758 0.886733
vt 0.759868 0.213858
vt 0.468404 0.983238
vt 0.442127 0.862020
vt 0.062213 0.003254
vt 0.059494 0.001986
vt 0.061236 0.002228
vt 0.000299 0.623450
vt 0.589339 0.573487
vt 0.579221 0.576569
vt 0.470084 0.639843
vt 0.077281 0.090914
vt 0.076659 0.101082
vt 0.089317 0.188526
vt 0.075287 0.214005
vt 0.336889 0.138123
vt 0.336511 0.112994
vt 0.363910 0.112177
vt 0.333749 0.150918
vt 0.658122 0.422639
vt 0.658122 0.547659
vt 0.577826 0.522111
vt 0.455727 0.464531
vt 0.280844 0.509722
vt 0.303208 0.415828
vt 0.316945 0.419283
vt 0.667673 0.267437
vt 0.243188 0.064396
vt 0.287703 0.909695
vt 0.306945 0.919895
vt 0.270394 0.911020
vt 0.309686 0.911070
vt 0.324899 0.883451
vt 0.287758 0.885689
vt 0.699589 0.695380
vt 0.700686 0.850082
vt 0.798179 0.888700
vt 0.806112 0.000343
vt 0.059494 0.005647
vt 0.059689 0.005125
vt 0.015396 0.001703
vt 0.015564 0.003891
vt 0.014022 0.001680
vt 0.811936 0.851542
vt 0.831999 0.871711
vt 0.825136 0.847500
vt 0.826500 0.968860
vt 0.840304 0.968838
vt 0.551550 0.290853
vt 0.527127 0.129149
vt 0.551550 0.127212
vt 0.565276 0.903522
vt 0.548061 0.903229
vt 0.544792 0.913959
vt 0.579124 0.904316
vt 0.563671 0.914230
vt 0.070041 0.002830
vt 0.071984 0.001806
vt 0.190213 0.925455
vt 0.156690 0.900597
vt 0.039714 0.735614
vt 0.192225 0.573099
vt 0.201894 0.403323
vt 0.203707 0.576913
vt 0.924769 0.430353
vt 0.919937 0.432535
vt 0.003277 0.904457
vt 0.006342 0.904334
vt 0.760853 0.177968
vt 0.113111 0.123268
vt 0.113546 0.124672
vt 0.900369 0.591518
vt 0.900653 0.592667
vt 0.112340 0.104747
vt 0.855986 0.546883
vt 0.907601 0.562733
vt 0.907601 0.436809
vt 0.912975 0.438296
vt 0.007782 0.058423
vt 0.105400 0.022655
vt 0.507039 0.129261
vt 0.517662 0.000828
vt 0.511572 0.285631
vt 0.308991 0.535481
vt 0.136185 0.141457
vt 0.205350 0.055236
vt 0.204773 0.052952
vt 0.206330 0.054630
vt 0.204088 0.056062
vt 0.553311 0.000511
vt 0.571978 0.128455
vt 0.553311 0.128924
vt 0.644742 0.549433
vt 0.673101 0.549538
vt 0.660971 0.553543
vt 0.138032 0.961078
vt 0.138032 0.832671
vt 0.151749 0.958924
vt 0.923458 0.765670
vt 0.927610 0.894899
vt 0.929077 0.630105
vt 0.937274 0.628224
vt 0.938992 0.761137
vt 0.072427 0.079242
vt 0.074985 0.081005
vt 0.713113 0.161768
vt 0.730058 0.178767
vt 0.120621 0.177824
vt 0.099064 0.176621
vt 0.275262 0.338831
vt 0.643993 0.215133
vt 0.647852 0.371481
vt 0.636689 0.371637
vt 0.110976 0.015975
vt 0.582125 0.957187
vt 0.058365 0.398596
vt 0.049902 0.406431
vt 0.771571 0.857101
vt 0.634234 0.285016
vt 0.894316 0.601757
vt 0.333698 0.879367
vt 0.333698 0.729469
vt 0.355978 0.872385
vt 0.854494 0.001685
vt 0.875476 0.005240
vt 0.854494 0.151749
vt 0.852128 0.628451
vt 0.874866 0.774518
vt 0.852753 0.776107
vt 0.900518 0.609814
vt 0.141724 0.020946
vt 0.910489 0.608271
vt 0.713381 0.156535
vt 0.021113 0.460031
vt 0.000644 0.321434
vt 0.025183 0.460012
vt 0.000644 0.600175
vt 0.019287 0.458858
vt 0.002198 0.599916
vt 0.577179 0.914982
vt 0.721393 0.855752
vt 0.743389 0.423051
vt 0.752909 0.417763
vt 0.724965 0.419772
vt 0.743539 0.421479
vt 0.726155 0.430230
vt 0.073869 0.193201
vt 0.075742 0.194149
vt 0.073869 0.208169
vt 0.066237 0.001942
vt 0.106998 0.014127
vt 0.611815 0.356316
vt 0.614779 0.513613
vt 0.606835 0.513613
vt 0.319327 0.642016
vt 0.192871 0.635420
vt 0.321322 0.632061
vt 0.663416 0.282098
vt 0.476648 0.642016
vt 0.077110 0.179262
vt 0.900489 0.253592
vt 0.238743 0.116730
vt 0.832299 0.339751
vt 0.217896 0.082550
vt 0.211513 0.105057
vt 0.211513 0.080236
vt 0.391046 0.946544
vt 0.478509 0.848357
vt 0.191121 0.896212
vt 0.559354 0.287934
vt 0.852130 0.437738
vt 0.829354 0.437738
vt 0.851769 0.275916
vt 0.426614 0.163422
vt 0.426614 0.001607
vt 0.443574 0.004354
vt 0.266534 0.884834
vt 0.166109 0.124745
vt 0.182877 0.136402
vt 0.166109 0.153695
vt 0.007782 0.051732
vt 0.005808 0.040877
vt 0.007782 0.033431
vt 0.004206 0.056972
vt 0.922404 0.043840
vt 0.501409 0.622766
vt 0.645907 0.642486
vt 0.000492 0.299607
vt 0.000492 0.135099
vt 0.024319 0.138637
vt 0.258557 0.482582
vt 0.280152 0.321296
vt 0.280152 0.486376
vt 0.963334 0.762950
vt 0.363809 0.869317
vt 0.939740 0.762018
vt 0.221787 0.239714
vt 0.318738 0.410874
vt 0.280844 0.312821
vt 0.249908 0.589480
vt 0.075083 0.116465
vt 0.075910 0.116503
vt 0.365082 0.748135
vt 0.390471 0.748794
vt 0.386103 0.889758
vt 0.365082 0.891040
vt 0.415673 0.531977
vt 0.665579 0.000040
vt 0.675089 0.156205
vt 0.665579 0.156493
vt 0.045102 0.037290
vt 0.037894 0.035613
vt 0.042363 0.002461
vt 0.048638 0.002794
vt 0.048638 0.039151
vt 0.046412 0.062256
vt 0.048638 0.116730
vt 0.043187 0.082224
vt 0.048638 0.082056
vt 0.043475 0.066128
vt 0.042922 0.066305
vt 0.163276 0.145913
vt 0.161619 0.140009
vt 0.163422 0.145415
vt 0.886229 0.050583
vt 0.875476 0.776233
vt 0.875045 0.780146
vt 0.852128 0.779106
vt 0.011673 0.027237
vt 0.009908 0.026820
vt 0.011673 0.003691
vt 0.915698 0.298674
vt 0.894001 0.433847
vt 0.912525 0.298917
vt 0.012475 0.030192
vt 0.009487 0.005837
vt 0.071634 0.001866
vt 0.071896 0.000679
vt 0.071338 0.001637
vt 0.288856 0.702160
vt 0.414392 0.747073
vt 0.202279 0.052628
vt 0.204711 0.052617
vt 0.229885 0.105026
vt 0.232133 0.114785
vt 0.052832 0.426267
vt 0.033698 0.411892
vt 0.223789 0.231816
vt 0.036863 0.431902
vt 0.116730 0.116920
vt 0.128306 0.028638
vt 0.560195 0.848464
vt 0.073584 0.062256
vt 0.069864 0.061841
vt 0.069864 0.025098
vt 0.075875 0.060953
vt 0.900041 0.600446
vt 0.331504 0.923061
vt 0.710264 0.143899
vt 0.727618 0.142088
vt 0.725883 0.143967
vt 0.710264 0.001053
vt 0.721393 0.972751
vt 0.394937 0.031675
vt 0.268832 0.046692
vt 0.268300 0.031675
vt 0.721781 0.426374
vt 0.385209 0.045718
vt 0.383216 0.186768
vt 0.383216 0.043879
vt 0.639936 0.284043
vt 0.062193 0.590380
vt 0.818251 0.846324
vt 0.272068 0.977766
vt 0.272145 0.999988
vt 0.548471 0.881077
vt 0.009665 0.904411
vt 0.000379 0.885006
vt 0.041382 0.743711
vt 0.249075 0.307277
vt 0.007512 0.599959
vt 0.057392 0.467760
vt 0.027163 0.605051
vt 0.253038 0.880672
vt 0.494158 0.297775
vt 0.852130 0.210114
vt 0.848947 0.210074
vt 0.852130 0.046470
vt 0.549648 0.963434
vt 0.548891 0.939786
vt 0.585856 0.894205
vt 0.571214 0.695822
vt 0.153671 0.897424
vt 0.147586 0.769531
vt 0.147586 0.899839
vt 0.088150 0.188372
vt 0.075343 0.160921
vt 0.076633 0.186747
vt 0.076364 0.186433
vt 0.077227 0.184863
vt 0.217381 0.405578
vt 0.559721 0.350981
vt 0.575869 0.350981
vt 0.570672 0.509722
vt 0.146923 0.019266
vt 0.207290 0.059763
vt 0.143392 0.018773
vt 0.924897 0.054421
vt 0.933841 0.184823
vt 0.043106 0.298635
vt 0.057392 0.137287
vt 0.057392 0.001548
vt 0.036753 0.743838
vt 0.168809 0.089809
vt 0.168809 0.064390
vt 0.218116 0.047264
vt 0.221787 0.046109
vt 0.221787 0.064202
vt 0.113081 0.097275
vt 0.324899 0.976325
vt 0.289847 0.999554
vt 0.110235 0.038234
vt 0.045788 0.073855
vt 0.746335 0.960471
vt 0.254414 0.138257
vt 0.072924 0.004264
vt 0.184764 0.925674
vt 0.097615 0.008879
vt 0.025292 0.315171
vt 0.005612 0.311871
vt 0.025292 0.149693
vt 0.548623 0.970610
vt 0.006151 0.058747
vt 0.042123 0.070038
vt 0.069555 0.011872
vt 0.112353 0.900750
vt 0.128403 0.760614
vt 0.128403 0.902713
vt 0.854262 0.485682
vt 0.711412 0.471836
vt 0.834435 0.357972
vt 0.850184 0.852130
vt 0.842896 0.852130
vt 0.847045 0.694833
vt 0.704272 0.646837
vt 0.682698 0.647852
vt 0.682698 0.610331
vt 0.235406 0.153695
vt 0.232103 0.152089
vt 0.235406 0.132538
vt 0.577345 0.366321
vt 0.599215 0.366321
vt 0.584348 0.525286
vt 0.394431 0.028808
vt 0.235334 0.031128
vt 0.126666 0.642016
vt 0.000214 0.636188
vt 0.126927 0.633248
vt 0.284043 0.642016
vt 0.075875 0.207338
vt 0.162038 0.091439
vt 0.151181 0.083948
vt 0.165368 0.066239
vt 0.143122 0.019423
vt 0.684960 0.492212
vt 0.684961 0.334008
vt 0.692599 0.491347
vt 0.855607 0.217748
vt 0.879367 0.358654
vt 0.878232 0.360637
vt 0.855607 0.365754
vt 0.143298 0.203311
vt 0.658435 0.554357
vt 0.075409 0.186768
vt 0.263477 0.921766
vt 0.592516 0.580976
vt 0.586225 0.006425
vt 0.013469 0.003494
vt 0.013469 0.001563
vt 0.430154 0.850342
vt 0.464975 0.976472
vt 0.430154 0.980533
vt 0.025291 0.013671
vt 0.151181 0.056377
vt 0.458290 0.000293
vt 0.326530 0.726978
vt 0.548505 0.856259
vt 0.023016 0.425649
vt 0.129151 0.066368
vt 0.129657 0.065520
vt 0.240290 0.939678
vt 0.227275 0.150992
vt 0.832568 0.377572
vt 0.889160 0.294653
vt 0.128493 0.065128
vt 0.110894 0.089493
vt 0.462361 0.848363
vt 0.647852 0.498049
vt 0.122567 0.029183
vt 0.120093 0.024984
vt 0.120713 0.017101
vt 0.122567 0.015384
vt 0.128134 0.018345
vt 0.130553 0.064622
vt 0.128741 0.063041
vt 0.855177 0.471924
vt 0.671153 0.281125
vt 0.020210 0.000686
vt 0.001610 0.099221
vt 0.001610 0.080367
vt 0.003891 0.098370
vt 0.116705 0.132294
vt 0.900540 0.582378
vt 0.262086 0.295716
vt 0.430154 0.146934
vt 0.416337 0.749483
vt 0.898471 0.049774
vt 0.134656 0.029183
vt 0.133587 0.027773
vt 0.000881 0.669253
vt 0.849849 0.453746
vt 0.134907 0.023715
vt 0.133412 0.016548
vt 0.127315 0.019654
vt 0.325218 0.413486
vt 0.638125 0.922652
vt 0.163422 0.131900
vt 0.825996 0.203965
vt 0.270056 0.886128
vt 0.871054 0.432979
vt 0.094216 0.167707
vt 0.111275 0.165589
vt 0.010920 0.036160
vt 0.011263 0.037447
vt 0.010612 0.038910
vt 0.027237 0.001100
vt 0.027237 0.002963
vt 0.026318 0.002370
vt 0.027153 0.003891
vt 0.044406 0.074305
vt 0.053465 0.005837
vt 0.111869 0.014339
vt 0.112259 0.015463
vt 0.110381 0.141187
vt 0.128935 0.026480
s 1
usemtl Material.002
f 1/1/1 2/2/2 792/3/3
f 1/1/1 3/4/4 4/5/5
f 1/1/1 8/6/6 697/7/7
f 1/8/1 5/9/8 6/10/9
f 1/8/1 6/10/9 845/11/10
f 1/8/1 7/12/11 8/13/6
f 1/1/1 697/7/7 3/4/4
f 1/1/1 4/5/5 2/2/2
f 1/8/1 845/11/10 7/12/11
f 1/8/1 792/14/3 5/9/8
f 9/15/12 11/16/13 210/17/14
f 9/18/12 10/19/15 11/20/13
f 9/15/12 868/21/16 13/22/17
f 9/18/12 12/23/18 10/19/15
f 9/18/12 13/24/17 12/23/18
f 9/15/12 210/17/14 868/21/16
f 17/25/19 14/26/20 15/27/21
f 17/25/19 15/27/21 16/28/22
f 17/29/23 16/30/23 18/31/23
f 22/32/24 23/33/25 19/34/26
f 22/32/24 19/34/26 20/35/27
f 22/36/24 21/37/28 23/38/25
f 22/39/24 877/40/29 21/41/28
f 22/42/24 952/43/30 877/44/29
f 22/32/24 981/45/31 952/46/30
f 22/32/24 20/35/27 981/45/31
f 23/38/25 21/37/28 24/47/32
f 23/48/25 25/49/33 86/50/34
f 23/48/25 86/50/34 19/51/26
f 23/52/25 24/53/32 25/54/33
f 27/55/23 302/56/35 26/57/23
f 27/58/23 28/59/23 302/60/23
f 27/55/23 26/57/23 29/61/36
f 27/58/23 1009/62/23 28/59/23
f 27/55/23 29/61/36 1009/63/23
f 30/64/37 31/65/38 32/66/39
f 30/64/37 33/67/40 349/68/41
f 30/64/37 32/66/39 33/67/40
f 30/64/37 349/68/41 31/65/38
f 34/69/42 35/70/43 36/71/44
f 34/69/42 978/72/45 37/73/46
f 34/69/42 37/73/46 35/70/43
f 38/74/47 39/75/48 40/76/49
f 38/74/47 41/77/50 39/75/48
f 38/74/47 40/76/49 42/78/51
f 43/79/52 44/80/53 946/81/54
f 43/79/52 946/81/54 45/82/55
f 43/79/52 46/83/56 47/84/57
f 43/79/52 45/82/55 48/85/58
f 43/79/52 47/84/57 44/80/53
f 43/79/52 48/85/58 46/83/56
f 49/86/59 622/87/60 111/88/61
f 49/86/59 50/89/62 51/90/63
f 49/86/59 52/91/64 50/89/62
f 49/86/59 830/92/65 52/91/64
f 49/86/59 51/90/63 53/93/66
f 49/86/59 53/93/66 622/87/60
f 54/94/67 827/95/68 777/96/69
f 54/94/67 777/96/69 676/97/70
f 54/94/67 55/98/71 827/95/68
f 54/94/67 676/97/70 56/99/72
f 54/94/67 57/100/73 55/98/71
f 54/101/67 56/102/72 57/103/73
f 35/104/43 58/105/74 59/106/75
f 35/104/43 59/106/75 36/107/44
f 35/70/43 37/73/46 58/108/74
f 60/109/76 61/110/77 588/111/78
f 65/112/79 594/113/80 62/114/81
f 65/112/79 62/114/81 63/115/82
f 65/116/79 64/117/83 774/118/84
f 65/119/79 63/120/82 64/121/83
f 65/122/85 774/123/85 594/124/85
f 66/125/86 67/126/87 68/127/88
f 66/125/86 69/128/89 70/129/90
f 66/125/86 71/130/91 69/128/89
f 66/125/86 68/127/88 71/130/91
f 66/125/86 72/131/92 67/126/87
f 66/125/86 70/129/90 72/131/92
f 73/132/93 74/133/94 75/134/95
f 73/132/93 76/135/96 74/133/94
f 73/132/93 75/134/95 77/136/97
f 78/137/98 876/138/99 89/139/100
f 78/137/98 79/140/23 80/141/101
f 78/137/98 81/142/102 397/143/103
f 78/137/98 80/141/101 16/28/22
f 78/137/98 15/27/21 82/144/104
f 78/137/98 89/139/100 79/140/23
f 78/137/98 83/145/105 81/142/102
f 78/137/98 16/28/22 15/27/21
f 19/34/26 84/146/106 20/35/27
f 19/34/26 85/147/107 84/146/106
f 19/34/26 86/148/34 85/147/107
f 87/149/108 88/150/109 609/151/110
f 87/149/108 89/152/100 88/150/109
f 87/149/108 90/153/111 89/152/100
f 91/154/112 92/155/113 208/156/114
f 91/154/112 802/157/115 92/155/113
f 91/154/112 194/158/116 93/159/117
f 91/154/112 93/159/117 802/157/115
f 91/154/112 208/156/114 888/160/118
f 91/154/112 888/160/118 194/158/116
f 94/161/119 95/162/120 697/7/7
f 94/163/119 96/164/121 97/165/122
f 94/161/119 697/7/7 845/166/10
f 94/161/119 845/166/10 96/167/121
f 94/161/119 97/168/122 95/162/120
f 99/169/123 102/170/124 98/171/125
f 99/172/123 100/173/126 101/174/127
f 99/172/123 101/174/127 102/175/124
f 103/176/128 104/177/128 510/178/128
f 103/179/129 984/180/129 104/181/129
f 103/182/130 105/183/131 984/184/132
f 106/185/133 107/186/134 108/187/135
f 109/188/136 461/189/137 106/190/138
f 106/185/133 110/191/139 107/186/134
f 106/185/133 111/192/61 112/193/140
f 106/185/133 108/187/135 111/192/61
f 106/185/133 112/193/140 113/194/141
f 106/185/133 113/194/141 110/191/139
f 420/195/142 106/190/138 461/189/137
f 114/196/143 135/197/144 115/198/145
f 114/196/143 568/199/146 465/200/147
f 114/196/143 115/198/145 568/199/146
f 114/196/143 465/200/147 468/201/148
f 114/196/143 136/202/149 135/197/144
f 114/196/143 468/201/148 136/202/149
f 116/203/150 117/204/151 118/205/152
f 116/203/150 118/205/152 999/206/153
f 116/203/150 999/206/153 119/207/154
f 120/208/155 124/209/156 121/210/157
f 120/208/155 121/210/157 125/211/158
f 120/212/155 122/213/159 123/214/160
f 120/215/155 123/216/160 124/217/156
f 120/212/155 125/218/158 126/219/161
f 120/212/155 126/219/161 122/213/159
f 129/220/162 127/221/163 784/222/164
f 129/220/162 130/223/165 127/221/163
f 129/220/162 784/222/164 128/224/166
f 129/220/162 128/224/166 1011/225/167
f 129/226/162 1011/227/167 130/228/165
f 131/229/168 132/230/169 1011/225/167
f 131/229/168 133/231/170 132/230/169
f 131/229/168 1011/225/167 133/231/170
f 134/232/171 135/233/144 136/234/149
f 134/232/171 137/235/172 135/233/144
f 134/236/171 896/237/173 137/238/172
f 134/236/171 991/239/174 896/237/173
f 134/232/171 136/234/149 138/240/175
f 134/236/171 138/241/175 991/239/174
f 139/242/176 140/243/177 141/244/178
f 139/242/176 141/244/178 142/245/179
f 139/242/176 143/246/180 144/247/181
f 139/242/176 144/247/181 140/243/177
f 139/242/176 142/245/179 143/246/180
f 146/248/182 145/249/183 960/250/184
f 146/251/182 785/252/185 1003/253/186
f 146/254/182 147/255/187 785/256/185
f 146/251/182 1003/253/186 148/257/188
f 146/248/182 148/258/188 145/249/183
f 146/254/182 960/259/184 149/260/189
f 146/254/182 149/260/189 147/255/187
f 150/261/190 151/262/191 126/219/161
f 150/261/190 156/263/192 152/264/193
f 150/261/190 152/264/193 153/265/194
f 150/261/190 154/266/195 151/262/191
f 150/261/190 153/265/194 154/266/195
f 150/267/190 155/268/196 156/269/192
f 150/267/190 125/211/158 155/268/196
f 150/261/190 126/219/161 125/218/158
f 159/270/197 534/271/198 532/272/199
f 159/270/197 532/272/199 512/273/200
f 159/270/197 757/274/201 157/275/202
f 159/270/197 157/275/202 158/276/203
f 159/277/204 158/278/204 534/279/204
f 159/270/197 512/273/200 757/274/201
f 160/280/205 161/281/206 283/282/207
f 160/283/205 283/284/207 162/285/208
f 160/280/205 163/286/209 161/281/206
f 160/280/205 162/287/208 163/286/209
f 164/288/210 165/289/211 166/290/212
f 164/291/210 167/292/213 673/293/214
f 164/294/210 5/9/8 792/14/3
f 164/294/210 166/295/212 5/9/8
f 164/288/210 673/296/214 571/297/215
f 164/298/210 792/299/3 167/300/213
f 164/288/210 571/297/215 165/289/211
f 170/301/216 168/302/216 173/303/216
f 170/304/217 124/217/156 169/305/218
f 170/306/219 171/307/220 172/308/219
f 170/304/217 173/309/221 174/310/222
f 170/304/217 174/310/222 124/217/156
f 170/311/223 169/312/223 171/313/223
f 170/306/219 172/308/219 168/314/224
f 177/315/225 302/316/23 28/317/226
f 177/315/225 175/318/227 176/319/228
f 177/320/225 178/321/229 179/322/230
f 177/315/225 28/317/226 175/318/227
f 177/315/225 179/323/230 302/316/23
f 177/320/225 176/324/228 178/321/229
f 181/325/231 180/326/232 328/327/233
f 181/325/231 328/327/233 990/328/234
f 181/329/231 874/330/235 180/331/232
f 181/329/231 182/332/236 874/330/235
f 181/329/231 183/333/237 182/332/236
f 181/325/231 990/328/234 183/334/237
f 187/335/238 186/336/238 184/337/238
f 187/338/239 929/339/240 185/340/241
f 187/338/239 185/340/241 186/341/242
f 187/342/243 188/343/243 929/344/243
f 44/80/53 498/345/244 653/346/245
f 44/80/53 189/347/246 498/345/244
f 44/80/53 47/84/57 189/347/246
f 44/80/53 653/346/245 946/81/54
f 190/348/247 191/349/248 192/350/249
f 190/348/247 193/351/250 93/352/117
f 190/353/247 194/158/116 191/354/248
f 190/348/247 93/352/117 194/355/116
f 190/348/247 192/350/249 193/351/250
f 2/2/2 195/356/251 196/357/252
f 2/2/2 196/357/252 792/3/3
f 2/2/2 4/5/5 195/356/251
f 197/358/253 198/359/254 199/360/255
f 197/358/253 200/361/256 198/359/254
f 197/358/253 199/360/255 201/362/257
f 204/363/258 202/364/259 203/365/260
f 204/366/258 205/367/261 202/368/259
f 204/363/258 203/365/260 206/369/262
f 204/366/258 206/370/262 1010/371/263
f 204/366/258 1010/371/263 205/367/261
f 92/372/113 207/373/264 208/374/114
f 211/375/265 145/249/183 148/258/188
f 211/376/266 209/377/267 775/378/268
f 211/376/266 212/379/269 210/380/14
f 211/381/270 775/382/270 145/383/270
f 211/384/271 148/385/271 212/386/271
f 211/376/266 210/380/14 209/377/267
f 213/387/272 214/388/273 215/389/274
f 213/387/272 759/390/275 519/391/276
f 213/387/272 215/389/274 759/390/275
f 213/387/272 519/391/276 214/388/273
f 216/392/277 82/144/104 14/393/20
f 217/394/278 14/393/20 218/395/279
f 216/392/277 14/393/20 217/394/278
f 15/27/21 14/393/20 82/144/104
f 219/396/280 220/397/281 221/398/282
f 219/396/280 221/398/282 222/399/283
f 219/396/280 222/399/283 223/400/284
f 228/401/285 224/402/286 225/403/287
f 226/404/288 227/405/289 228/406/290
f 229/407/291 228/406/290 227/405/289
f 228/401/285 118/408/152 224/402/286
f 228/401/285 230/409/292 118/408/152
f 232/410/293 231/411/294 234/412/295
f 232/413/293 233/414/296 382/415/297
f 232/413/293 234/416/295 233/414/296
f 232/413/293 382/415/297 235/417/298
f 232/410/293 235/418/298 231/411/294
f 237/419/299 236/420/300 238/421/301
f 237/422/299 238/423/301 239/424/302
f 237/419/299 240/425/303 236/420/300
f 243/426/304 241/427/305 242/428/306
f 243/429/304 242/430/306 726/431/307
f 243/432/308 244/433/308 245/434/308
f 243/435/304 245/436/309 241/437/305
f 243/429/304 726/431/307 244/438/310
f 246/439/311 451/440/312 453/441/313
f 246/439/311 453/441/313 247/442/314
f 246/439/311 247/442/314 248/443/315
f 246/439/311 248/443/315 249/444/316
f 246/439/311 249/444/316 451/440/312
f 250/445/317 251/446/318 320/447/319
f 250/445/317 1021/448/320 251/446/318
f 254/449/321 252/450/322 253/451/323
f 254/452/321 255/453/324 617/454/325
f 254/452/321 253/455/323 255/453/324
f 256/456/326 257/457/279 380/458/327
f 256/456/326 258/459/328 259/460/329
f 256/456/326 260/461/279 258/459/328
f 256/456/326 380/458/327 261/462/330
f 256/456/326 261/462/330 260/461/279
f 256/456/326 259/460/329 257/457/279
f 262/463/331 263/464/332 264/465/333
f 262/463/331 264/465/333 199/360/255
f 262/463/331 199/360/255 265/466/334
f 135/233/144 137/235/172 886/467/335
f 135/233/144 886/467/335 115/468/145
f 191/354/248 194/158/116 887/469/336
f 95/162/120 266/470/337 697/7/7
f 95/162/120 890/471/338 266/470/337
f 95/162/120 97/168/122 890/471/338
f 267/472/339 268/473/340 269/474/341
f 267/472/339 269/474/341 619/475/342
f 267/472/339 270/476/343 271/477/344
f 267/472/339 271/477/344 261/462/330
f 267/472/339 619/475/342 270/476/343
f 267/472/339 261/462/330 268/473/340
f 272/478/345 273/479/346 274/480/347
f 272/478/345 274/480/347 275/481/23
f 272/478/345 276/482/348 277/483/349
f 272/478/345 277/483/349 273/479/346
f 278/484/350 320/485/319 938/486/351
f 278/484/350 938/486/351 808/487/352
f 278/484/350 279/488/353 320/485/319
f 280/489/354 403/490/355 407/491/356
f 280/489/354 281/492/357 1011/227/167
f 280/489/354 282/493/358 403/490/355
f 280/489/354 283/494/207 444/495/359
f 280/489/354 407/491/356 283/494/207
f 280/489/354 284/496/360 285/497/361
f 286/498/362 1004/499/363 280/500/364
f 1004/499/363 287/501/365 280/500/364
f 280/489/354 444/495/359 284/496/360
f 288/502/366 280/500/364 287/501/365
f 280/489/354 285/497/361 281/492/357
f 289/503/367 290/504/368 291/505/369
f 289/503/367 292/506/370 290/504/368
f 289/503/367 291/505/369 1006/507/371
f 151/262/191 546/508/372 373/509/373
f 151/262/191 154/266/195 546/508/372
f 151/262/191 122/213/159 126/219/161
f 151/262/191 373/509/373 122/213/159
f 295/510/374 293/511/375 296/512/376
f 295/513/374 297/514/23 294/515/377
f 295/510/374 294/516/377 293/511/375
f 295/517/23 296/518/23 1009/62/23
f 295/517/23 1009/62/23 297/519/23
f 74/133/94 298/520/378 75/134/95
f 74/521/94 76/522/96 299/523/379
f 74/521/94 299/523/379 298/524/378
f 302/56/35 300/525/380 301/526/381
f 302/56/35 301/526/381 26/57/23
f 302/527/382 179/528/382 303/529/382
f 302/56/35 303/530/383 300/525/380
f 304/531/384 305/532/385 233/533/296
f 304/531/384 733/534/386 384/535/387
f 304/536/384 233/414/296 234/416/295
f 304/537/384 306/538/388 33/539/40
f 304/536/384 234/416/295 306/540/388
f 304/531/384 307/541/389 733/534/386
f 304/537/384 33/539/40 307/542/389
f 304/531/384 384/535/387 305/532/385
f 308/543/390 224/402/286 309/544/391
f 308/543/390 310/545/392 311/546/393
f 308/543/390 311/546/393 224/402/286
f 312/547/394 313/548/395 314/549/396
f 315/550/397 316/551/398 312/552/399
f 315/550/397 312/552/399 263/464/332
f 263/464/332 312/552/399 264/465/333
f 312/547/394 317/553/400 316/554/401
f 312/547/394 314/549/396 318/555/402
f 312/547/394 318/555/402 317/553/400
f 319/556/403 312/552/399 316/554/401
f 264/465/333 312/552/399 319/556/403
f 320/557/404 936/558/404 321/559/404
f 320/447/319 251/446/318 936/560/405
f 320/485/319 279/488/353 1022/561/406
f 320/485/319 321/562/407 938/486/351
f 322/563/408 323/564/409 273/479/346
f 322/563/408 273/479/346 277/483/349
f 322/563/408 277/483/349 324/565/410
f 327/566/411 325/567/412 326/568/413
f 327/569/414 328/570/414 330/571/414
f 327/572/411 329/573/415 713/574/416
f 327/566/411 330/575/417 325/567/412
f 327/572/411 713/574/416 328/576/418
f 327/577/411 326/578/413 329/579/415
f 331/580/419 332/581/420 333/582/421
f 331/583/419 334/584/422 335/585/423
f 331/583/419 335/585/423 332/586/420
f 337/587/424 342/588/425 336/589/426
f 337/590/424 338/591/427 339/592/428
f 337/587/424 336/589/426 340/593/23
f 337/590/424 339/592/428 341/594/429
f 337/587/424 340/593/23 338/595/427
f 337/590/424 341/594/429 342/596/425
f 343/597/430 344/598/431 346/599/432
f 343/600/430 743/601/433 344/602/431
f 343/600/430 345/603/434 695/604/435
f 343/600/430 346/605/432 345/603/434
f 343/600/430 695/604/435 743/601/433
f 161/606/206 441/607/436 444/608/359
f 161/606/206 444/608/359 283/609/207
f 161/281/206 163/286/209 441/610/436
f 224/402/286 117/611/151 309/544/391
f 224/402/286 118/408/152 117/611/151
f 224/402/286 311/546/393 225/403/287
f 348/612/437 231/411/294 347/613/438
f 348/614/437 350/615/439 349/616/41
f 348/614/437 306/617/388 234/618/295
f 348/612/437 347/613/438 350/619/439
f 348/612/437 234/412/295 231/411/294
f 348/614/437 349/616/41 306/617/388
f 351/620/440 352/621/441 353/622/442
f 351/620/440 354/623/443 352/621/441
f 351/620/440 353/622/442 175/624/444
f 355/625/445 356/626/446 358/627/446
f 355/628/447 523/629/448 357/630/449
f 355/631/450 358/632/450 359/633/450
f 355/628/447 359/634/451 523/629/448
f 355/628/447 360/635/452 356/636/453
f 355/628/447 357/630/449 360/635/452
f 361/637/454 427/638/455 430/639/456
f 361/637/454 796/640/457 244/641/310
f 361/637/454 130/228/165 1011/227/167
f 361/637/454 244/641/310 427/638/455
f 361/637/454 430/639/456 130/228/165
f 361/637/454 285/497/361 796/640/457
f 361/637/454 1011/227/167 285/497/361
f 362/642/458 363/643/459 364/644/460
f 362/642/458 365/645/461 366/646/462
f 362/642/458 366/646/462 363/643/459
f 362/642/458 367/647/463 368/648/464
f 362/642/458 364/644/460 367/647/463
f 362/642/458 368/648/464 365/645/461
f 369/649/465 370/650/466 371/651/467
f 369/649/465 372/652/468 370/650/466
f 369/653/465 122/213/159 373/509/373
f 369/653/465 123/214/160 122/213/159
f 369/653/465 371/654/467 123/214/160
f 369/649/465 373/655/373 372/652/468
f 374/656/469 502/657/470 375/658/471
f 374/656/469 376/659/472 377/660/473
f 374/656/469 836/661/474 376/659/472
f 374/656/469 377/660/473 378/662/475
f 374/656/469 378/662/475 502/657/470
f 374/656/469 375/658/471 836/661/474
f 165/289/211 379/663/476 166/290/212
f 165/664/211 257/665/279 379/666/476
f 165/664/279 380/667/279 257/665/279
f 165/289/211 571/297/215 380/668/327
f 305/532/385 381/669/477 382/670/297
f 305/532/385 382/670/297 233/533/296
f 305/671/385 383/672/478 393/673/479
f 305/671/385 393/673/479 381/674/477
f 305/671/385 384/675/387 383/672/478
f 385/676/480 216/392/277 178/677/229
f 385/678/480 178/321/229 386/679/481
f 385/678/480 386/679/481 387/680/482
f 390/681/483 712/682/484 764/683/485
f 390/681/483 764/683/485 388/684/486
f 390/681/483 85/147/107 928/685/487
f 390/681/483 389/686/488 712/682/484
f 390/681/483 388/684/486 85/147/107
f 390/687/489 928/688/490 389/689/490
f 391/690/491 392/691/492 494/692/493
f 391/690/491 922/693/494 393/694/479
f 391/690/491 383/695/478 392/691/492
f 391/690/491 492/696/495 922/693/494
f 391/690/491 393/694/479 383/695/478
f 391/690/491 494/692/493 492/696/495
f 394/697/496 175/318/227 395/698/497
f 394/697/496 395/698/497 396/699/498
f 394/697/496 397/700/103 175/318/227
f 236/420/300 398/701/499 238/421/301
f 236/420/300 399/702/500 398/701/499
f 236/420/300 240/425/303 399/702/500
f 290/504/368 292/506/370 400/703/501
f 290/504/368 400/703/501 401/704/502
f 290/504/368 402/705/503 291/505/369
f 403/706/355 663/707/504 404/708/505
f 403/490/355 282/493/358 406/709/506
f 403/706/355 404/708/505 405/710/507
f 403/711/355 406/712/506 133/231/170
f 403/706/355 405/710/507 407/713/356
f 403/706/355 133/714/170 663/707/504
f 408/715/508 52/91/64 409/716/509
f 408/715/508 274/480/347 410/717/510
f 408/715/508 410/717/510 411/718/511
f 408/715/508 409/716/509 274/480/347
f 408/715/508 411/718/511 52/91/64
f 413/719/512 590/720/513 412/721/514
f 413/722/512 698/723/515 414/724/516
f 413/722/512 699/725/517 698/723/515
f 413/722/512 415/726/518 699/725/517
f 413/727/512 412/728/514 415/729/518
f 413/719/512 414/730/516 590/720/513
f 416/731/519 3/4/4 417/732/520
f 416/733/519 869/734/521 418/735/522
f 416/731/519 417/732/520 869/736/521
f 416/731/519 792/3/3 3/4/4
f 416/733/519 418/735/522 792/299/3
f 419/737/523 420/738/142 421/739/524
f 419/737/523 421/739/524 61/740/77
f 423/741/525 422/742/526 426/743/527
f 423/744/525 424/745/528 425/746/529
f 423/744/525 426/747/527 424/745/528
f 423/744/525 425/746/529 158/748/203
f 423/741/525 157/749/202 422/742/526
f 423/741/525 158/750/203 157/749/202
f 127/751/163 427/752/455 428/753/530
f 127/221/163 429/754/531 430/755/456
f 127/756/163 431/757/532 784/758/164
f 127/221/163 130/223/165 429/754/531
f 127/759/163 430/639/456 427/638/455
f 127/756/163 432/760/533 431/757/532
f 434/761/534 436/762/535 433/763/536
f 434/764/534 435/765/537 436/766/535
f 434/761/534 433/763/536 437/767/538
f 438/768/539 440/769/540 182/770/236
f 438/771/539 919/772/541 797/773/542
f 438/768/539 687/774/543 439/775/544
f 438/771/539 439/776/544 919/772/541
f 438/771/539 797/773/542 440/777/540
f 438/768/539 182/770/236 687/774/543
f 441/778/436 442/779/545 923/780/546
f 441/781/547 923/782/547 443/783/547
f 441/610/436 163/286/209 976/784/548
f 441/610/436 976/784/548 442/785/545
f 441/786/549 443/787/549 444/788/549
f 186/789/242 552/790/550 445/791/551
f 186/789/242 446/792/552 552/790/550
f 186/789/242 445/791/551 184/793/553
f 186/789/242 185/794/241 446/792/552
f 175/318/227 28/317/226 395/698/497
f 175/318/227 81/795/102 176/319/228
f 175/318/227 397/700/103 81/795/102
f 447/796/554 175/624/444 448/797/555
f 448/797/555 175/624/444 353/622/442
f 168/798/556 449/799/556 173/800/556
f 67/801/87 450/802/557 452/803/558
f 67/126/87 451/804/312 811/805/559
f 67/126/87 452/806/558 68/127/88
f 67/126/87 453/807/313 451/804/312
f 67/126/87 72/131/92 453/807/313
f 67/801/87 811/808/559 450/802/557
f 454/809/560 455/810/561 456/811/562
f 454/809/560 457/812/563 538/813/564
f 454/809/560 538/813/564 455/810/561
f 454/809/560 456/811/562 457/812/563
f 422/742/526 458/814/565 459/815/566
f 422/742/526 460/816/567 458/814/565
f 422/742/526 157/749/202 460/816/567
f 422/742/526 459/815/566 426/743/527
f 420/738/142 461/817/137 421/739/524
f 466/818/568 462/819/569 463/820/570
f 466/818/568 463/820/570 464/821/571
f 466/818/568 465/822/147 462/819/569
f 466/823/572 468/824/572 465/825/572
f 466/826/568 464/827/571 467/828/573
f 466/829/574 467/830/574 468/831/574
f 470/832/575 474/833/576 469/834/577
f 470/835/575 471/836/578 472/837/579
f 470/835/575 473/838/580 471/836/578
f 470/835/575 526/839/581 474/840/576
f 470/832/575 469/834/577 473/841/580
f 470/835/575 472/837/579 526/839/581
f 231/411/294 475/842/582 476/843/583
f 231/411/294 476/843/583 347/613/438
f 231/411/294 235/418/298 475/842/582
f 69/128/89 71/130/91 477/844/584
f 69/128/89 664/845/585 478/846/586
f 69/128/89 477/844/584 664/845/585
f 69/128/89 478/846/586 70/129/90
f 479/847/587 480/848/588 481/849/589
f 479/847/587 436/766/535 435/765/537
f 479/847/587 435/765/537 482/850/590
f 479/847/587 481/849/589 948/851/591
f 479/847/587 482/850/590 480/848/588
f 479/847/587 948/851/591 436/766/535
f 381/669/477 642/852/592 382/670/297
f 381/674/477 393/673/479 921/853/593
f 381/669/477 483/854/594 642/852/592
f 381/674/477 921/853/593 484/855/595
f 381/674/477 484/855/595 483/856/594
f 216/392/277 485/857/596 178/677/229
f 216/858/277 217/859/278 486/860/597
f 488/861/598 822/862/599 487/863/600
f 488/864/601 490/865/602 489/866/602
f 488/861/598 487/863/600 490/867/603
f 488/861/598 491/868/604 822/862/599
f 488/869/598 986/870/605 491/871/604
f 488/869/598 489/872/606 986/870/605
f 493/873/607 241/437/305 245/436/309
f 493/874/608 492/875/608 494/876/608
f 493/877/607 245/878/309 443/879/609
f 493/880/610 494/881/610 241/882/610
f 493/877/607 443/879/609 492/883/495
f 496/884/611 498/345/244 189/347/246
f 496/885/611 495/886/612 893/887/613
f 496/884/611 189/347/246 495/888/612
f 496/889/611 497/890/23 498/891/244
f 496/885/611 906/892/614 497/893/23
f 496/885/611 893/887/613 906/892/614
f 501/894/615 499/895/616 121/210/157
f 501/896/615 121/897/157 174/310/222
f 501/894/615 1000/898/617 499/895/616
f 501/896/615 174/310/222 500/899/618
f 501/894/615 255/900/324 1000/898/617
f 501/901/615 500/902/618 255/903/324
f 502/657/470 167/292/213 958/904/619
f 502/905/470 958/906/619 503/907/620
f 502/657/470 504/908/621 375/658/471
f 502/657/470 378/662/475 167/292/213
f 502/905/470 503/907/620 504/909/621
f 505/910/622 455/810/561 506/911/623
f 505/910/622 507/912/624 508/913/625
f 505/910/622 508/913/625 455/810/561
f 505/910/622 506/911/623 507/912/624
f 511/914/626 104/915/626 955/916/626
f 511/917/627 509/918/628 512/919/200
f 511/920/627 510/921/629 104/922/630
f 511/920/627 513/923/631 510/921/629
f 511/917/627 955/924/632 509/918/628
f 511/925/627 512/926/200 513/927/631
f 514/928/633 515/929/634 516/930/635
f 514/931/633 518/932/636 517/933/637
f 514/928/633 517/934/637 515/929/634
f 514/928/633 516/930/635 518/935/636
f 519/936/23 520/937/23 514/938/23
f 521/939/638 522/940/639 523/941/448
f 521/939/638 817/942/640 522/940/639
f 521/943/638 523/629/448 910/944/641
f 521/943/638 909/945/642 524/946/643
f 521/943/638 910/944/641 909/945/642
f 521/939/638 524/947/643 817/942/640
f 525/948/644 913/949/645 526/950/581
f 525/951/644 526/952/581 472/953/579
f 525/951/644 472/953/579 527/954/646
f 342/596/425 528/955/647 531/956/648
f 342/588/425 530/957/649 336/589/426
f 342/958/425 529/959/650 530/960/649
f 342/958/425 531/961/648 529/959/650
f 342/596/425 341/594/429 528/955/647
f 534/962/651 535/963/651 532/964/651
f 534/965/652 334/966/422 533/967/653
f 534/965/652 425/746/529 335/968/423
f 534/969/654 533/970/654 535/971/654
f 534/965/652 158/748/203 425/746/529
f 534/965/652 335/968/423 334/966/422
f 455/810/561 536/972/655 537/973/656
f 455/974/561 538/975/564 539/976/657
f 455/810/561 540/977/658 536/972/655
f 455/810/561 537/973/656 541/978/659
f 455/810/561 542/979/660 456/811/562
f 455/810/561 543/980/661 506/911/623
f 455/810/561 508/913/625 542/979/660
f 455/810/561 541/978/659 543/980/661
f 544/981/662 480/848/588 482/850/590
f 544/981/662 545/982/663 480/848/588
f 546/508/372 154/266/195 439/776/544
f 546/983/372 547/984/664 949/985/665
f 546/983/372 439/775/544 547/984/664
f 546/983/372 949/985/665 373/655/373
f 548/986/666 549/987/667 550/988/668
f 548/989/666 551/990/669 549/991/667
f 548/986/666 550/988/668 925/992/670
f 553/993/671 655/994/672 552/995/550
f 553/996/671 554/997/673 555/998/674
f 553/993/671 656/999/675 655/994/672
f 553/996/671 552/790/550 446/792/552
f 553/996/671 446/792/552 554/997/673
f 553/993/671 555/1000/674 656/999/675
f 556/1001/676 352/621/441 812/1002/677
f 556/1001/676 557/1003/678 353/622/442
f 556/1001/676 353/622/442 352/621/441
f 107/186/134 558/1004/679 108/187/135
f 107/186/134 110/191/139 559/1005/680
f 107/186/134 559/1005/680 558/1004/679
f 560/1006/279 561/1007/279 222/399/283
f 560/1006/279 222/399/283 562/1008/681
f 563/1009/682 564/1010/683 565/1011/684
f 563/1012/682 566/1013/685 567/1014/686
f 563/1009/682 565/1011/684 566/1015/685
f 563/1012/682 567/1014/686 564/1016/683
f 568/1017/146 115/1018/145 961/1019/687
f 568/1017/146 985/1020/688 569/1021/689
f 568/1022/146 569/1023/689 465/1024/147
f 568/1017/146 961/1019/687 985/1020/688
f 268/473/340 570/1025/690 269/474/341
f 268/1026/340 380/668/327 571/297/215
f 268/1027/340 571/1028/215 570/1029/690
f 268/473/340 261/462/330 380/458/327
f 140/243/177 572/1030/691 141/244/178
f 140/243/177 144/247/181 573/1031/692
f 575/1032/693 62/1033/81 991/239/174
f 575/1034/693 574/1035/694 63/1036/82
f 575/1032/693 991/239/174 138/241/175
f 575/1032/693 63/1037/82 62/1033/81
f 575/1038/693 138/240/175 576/1039/695
f 575/1034/693 576/1040/695 574/1035/694
f 577/1041/696 580/1042/697 578/1043/698
f 577/1044/696 662/1045/699 579/1046/700
f 577/1041/696 578/1043/698 70/129/90
f 577/1044/696 579/1046/700 580/1047/697
f 577/1044/696 478/1048/586 662/1045/699
f 577/1041/696 70/129/90 478/846/586
f 581/1049/701 198/359/254 582/1050/702
f 581/1049/701 265/466/334 198/359/254
f 581/1049/701 583/1051/703 265/466/334
f 581/1049/701 582/1050/702 584/1052/704
f 581/1049/701 585/1053/705 583/1051/703
f 11/20/13 10/19/15 586/1054/706
f 11/16/13 209/1055/267 210/17/14
f 11/16/13 587/1056/707 209/1055/267
f 11/20/13 586/1054/706 587/1057/707
f 61/740/77 421/739/524 588/1058/78
f 167/292/213 377/660/473 673/293/214
f 167/292/213 378/662/475 377/660/473
f 590/720/513 55/98/71 57/100/73
f 590/720/513 589/1059/708 412/721/514
f 590/720/513 414/730/516 55/98/71
f 590/1060/513 57/1061/73 589/1062/708
f 214/388/273 347/613/438 215/389/274
f 214/388/273 591/1063/709 592/1064/710
f 214/388/273 592/1064/710 347/613/438
f 214/388/273 519/391/276 591/1063/709
f 593/1065/711 594/1066/712 485/857/596
f 593/1065/711 595/1067/713 594/1066/712
f 593/1065/711 596/1068/714 595/1067/713
f 593/1065/711 807/1069/715 596/1068/714
f 597/1070/716 598/1071/717 599/1072/718
f 597/1073/716 288/1074/366 600/1075/719
f 597/1073/716 600/1075/719 598/1076/717
f 3/4/4 266/470/337 417/732/520
f 3/4/4 195/356/251 4/5/5
f 3/4/4 697/7/7 266/470/337
f 3/4/4 792/3/3 195/356/251
f 601/1077/720 602/1078/721 46/83/56
f 601/1077/720 46/83/56 603/1079/722
f 601/1077/720 528/955/647 602/1078/721
f 601/1077/720 604/1080/723 531/956/648
f 601/1077/720 603/1079/722 604/1080/723
f 601/1077/720 531/956/648 528/955/647
f 605/1081/724 609/151/110 88/150/109
f 605/1082/724 88/1083/109 606/1084/725
f 605/1082/724 606/1084/725 607/1085/726
f 605/1082/724 608/1086/727 609/1087/110
f 605/1082/724 610/1088/728 608/1086/727
f 605/1082/724 607/1085/726 610/1088/728
f 612/1089/729 611/1090/730 860/1091/731
f 612/1092/729 613/1093/732 614/1094/733
f 612/1089/729 614/1095/733 611/1090/730
f 615/1096/734 554/997/673 446/792/552
f 615/1097/734 728/1098/735 554/1099/673
f 615/1097/734 616/1100/736 728/1098/735
f 615/1101/734 929/1102/240 616/1103/736
f 615/1104/734 446/1105/552 185/340/241
f 615/1104/734 185/340/241 929/339/240
f 449/1106/737 617/1107/325 500/902/618
f 449/1108/738 500/1109/738 173/1110/738
f 450/802/557 618/1111/739 452/803/558
f 450/802/557 619/1112/342 618/1111/739
f 450/802/557 811/808/559 619/1112/342
f 620/1113/740 599/1072/718 598/1071/717
f 620/1113/740 918/1114/741 621/1115/742
f 620/1113/740 598/1071/717 918/1114/741
f 622/1116/60 623/1117/743 111/192/61
f 624/1118/744 674/1119/744 704/1120/744
f 624/1121/745 704/1122/746 473/841/580
f 624/1123/747 924/1124/747 56/1125/747
f 624/1126/745 625/1127/748 924/1128/749
f 624/1121/745 473/841/580 625/1129/748
f 624/1130/750 56/1131/72 674/1132/751
f 626/1133/752 631/1134/753 825/1135/754
f 626/1136/752 627/1137/755 628/1138/23
f 626/1133/752 825/1135/754 629/1139/756
f 626/1136/752 630/1140/757 627/1137/755
f 626/1133/752 629/1139/756 630/1141/757
f 626/1136/752 628/1138/23 631/1142/753
f 549/991/667 344/598/431 632/1143/758
f 549/991/667 551/990/669 346/599/432
f 549/987/667 238/423/301 550/988/668
f 549/987/667 632/1144/758 238/423/301
f 549/991/667 346/599/432 344/598/431
f 633/1145/759 634/1146/760 635/1147/279
f 633/1145/759 39/75/48 634/1146/760
f 633/1145/759 636/1148/761 39/75/48
f 637/1149/762 298/524/378 638/1150/763
f 637/1151/762 639/1152/764 298/520/378
f 637/1149/762 638/1150/763 100/173/126
f 640/1153/765 475/842/582 641/1154/766
f 640/1155/765 642/1156/592 736/1157/767
f 640/1155/765 735/1158/768 33/539/40
f 640/1153/765 643/1159/769 475/842/582
f 640/1155/765 736/1157/767 735/1158/768
f 640/1155/765 641/1160/766 642/1156/592
f 640/1161/765 33/67/40 643/1162/769
f 644/1163/770 856/1164/771 645/1165/772
f 644/1163/770 995/1166/773 856/1164/771
f 281/492/357 646/1167/774 647/1168/775
f 281/492/357 647/1168/775 1011/227/167
f 281/492/357 285/497/361 646/1167/774
f 648/1169/776 649/1170/777 650/1171/778
f 648/1169/776 650/1171/778 651/1172/779
f 648/1169/776 652/1173/780 649/1170/777
f 648/1169/776 653/1174/245 654/1175/781
f 648/1169/776 651/1172/779 653/1174/245
f 648/1169/776 654/1175/781 652/1173/780
f 655/1176/672 656/1177/675 720/1178/782
f 655/1176/672 720/1178/782 912/1179/783
f 655/994/672 657/1180/784 552/995/550
f 655/1176/672 912/1179/783 657/1181/784
f 658/1182/785 659/1183/786 660/1184/787
f 658/1182/785 401/704/502 659/1183/786
f 663/707/504 661/1185/788 780/1186/789
f 663/707/504 780/1186/789 662/1187/699
f 663/1188/504 662/1189/699 478/1190/586
f 663/1188/504 664/1191/585 404/1192/505
f 663/707/504 133/714/170 661/1185/788
f 663/1188/504 478/1190/586 664/1191/585
f 115/468/145 665/1193/790 961/1194/687
f 115/468/145 886/467/335 665/1193/790
f 666/1195/791 667/1196/792 668/1197/793
f 666/1195/791 515/1198/794 667/1196/792
f 666/1195/791 668/1197/793 669/1199/795
f 666/1195/791 670/1200/796 671/1201/797
f 666/1195/791 669/1199/795 670/1200/796
f 570/1202/690 954/1203/798 672/1204/799
f 570/1202/690 673/1205/214 954/1203/798
f 570/1202/690 672/1204/799 269/1206/341
f 570/1029/690 571/1028/215 673/1207/214
f 674/1208/751 705/1209/800 704/1210/801
f 674/1211/751 676/97/70 675/1212/802
f 674/1208/751 675/1213/802 705/1209/800
f 674/1132/751 56/1131/72 676/1214/70
f 631/1134/753 915/1215/803 825/1135/754
f 631/1142/753 965/1216/804 677/1217/805
f 631/1142/753 677/1217/805 915/1218/803
f 631/1142/753 628/1138/23 965/1216/804
f 398/701/499 678/1219/806 238/421/301
f 398/701/499 399/702/500 679/1220/807
f 398/701/499 679/1220/807 678/1219/806
f 457/1221/563 539/976/657 538/975/564
f 682/1222/808 680/1223/809 681/1224/279
f 682/1225/808 683/1226/810 680/1227/809
f 682/1225/808 684/1228/811 75/134/95
f 682/1222/808 685/1229/812 37/73/46
f 682/1222/808 681/1224/279 685/1229/812
f 682/1225/808 75/134/95 683/1226/810
f 682/1222/808 37/73/46 684/1230/811
f 475/842/582 643/1159/769 476/843/583
f 475/842/582 235/418/298 641/1154/766
f 686/1231/813 547/1232/664 687/1233/543
f 686/1231/813 689/1234/814 547/1232/664
f 686/1235/813 25/54/33 24/53/32
f 686/1231/813 687/1233/543 688/1236/815
f 686/1235/813 688/1237/815 25/54/33
f 686/1235/813 24/53/32 689/1238/814
f 694/1239/816 690/1240/817 1021/1241/320
f 691/1242/818 695/604/435 694/1243/819
f 694/1239/816 692/1244/820 690/1240/817
f 693/1245/821 694/1246/819 695/1247/435
f 10/1248/15 363/643/459 586/1249/706
f 10/1248/15 12/1250/18 364/644/460
f 10/1248/15 364/644/460 363/643/459
f 8/13/6 7/12/11 696/1251/822
f 8/13/6 696/1251/822 845/11/10
f 8/13/6 845/11/10 697/1252/7
f 700/1253/823 698/1254/515 699/1255/517
f 700/1256/823 702/1257/824 701/1258/825
f 700/1253/823 699/1255/517 702/1259/824
f 700/1256/823 701/1258/825 206/370/262
f 700/1253/823 206/369/262 698/1254/515
f 421/739/524 461/817/137 588/1058/78
f 703/1260/826 704/1261/826 705/1262/826
f 703/1263/827 471/1264/578 704/1265/746
f 703/1263/827 706/1266/828 471/1264/578
f 332/586/420 425/1267/529 707/1268/829
f 332/581/420 914/1269/830 333/582/421
f 332/581/420 707/1270/829 914/1269/830
f 332/586/420 335/585/423 425/1267/529
f 708/1271/503 52/91/64 830/92/65
f 708/1271/503 409/716/509 52/91/64
f 178/1272/229 594/1273/712 303/1274/831
f 178/321/229 709/1275/832 386/679/481
f 178/677/229 485/857/596 594/1066/712
f 178/321/229 710/1276/833 709/1275/832
f 178/321/229 176/324/228 710/1276/833
f 178/1272/229 303/1274/831 179/1277/230
f 711/1278/834 712/1279/484 763/1280/835
f 711/1281/834 763/1282/835 713/1283/416
f 711/1284/834 329/579/415 715/1285/836
f 711/1284/834 713/1286/416 329/579/415
f 711/1278/834 714/1287/837 712/1279/484
f 711/1278/834 715/1288/836 714/1287/837
f 716/1289/838 717/1290/759 718/1291/839
f 716/1289/838 227/405/289 719/1292/840
f 716/1289/838 718/1291/839 227/405/289
f 716/1289/838 719/1292/840 717/1290/759
f 156/269/192 720/1293/782 721/1294/841
f 156/263/192 975/1295/842 152/264/193
f 156/269/192 721/1294/841 975/1296/842
f 156/269/192 155/268/196 720/1293/782
f 723/1297/843 293/511/375 722/1298/844
f 723/1299/843 396/699/498 395/698/497
f 723/1297/843 395/1300/497 293/511/375
f 723/1297/843 724/1301/845 396/1302/498
f 723/1297/843 722/1298/844 724/1301/845
f 725/1303/846 242/428/306 853/1304/847
f 725/1303/846 920/1305/848 726/1306/307
f 725/1303/846 921/1307/593 920/1305/848
f 725/1303/846 726/1306/307 242/428/306
f 725/1303/846 853/1304/847 484/1308/595
f 725/1303/846 484/1308/595 921/1307/593
f 727/1309/849 840/1310/850 356/1311/453
f 727/1312/849 356/1313/453 728/1314/735
f 727/1315/849 728/1316/735 616/1103/736
f 727/1309/849 729/1317/851 730/1318/852
f 727/1315/849 616/1103/736 729/1319/851
f 727/1309/849 730/1318/852 840/1310/850
f 731/1320/853 649/1170/777 652/1173/780
f 731/1321/853 251/1322/318 650/1323/778
f 731/1320/853 650/1171/778 649/1170/777
f 731/1320/853 652/1173/780 29/1324/36
f 731/1321/853 732/1325/854 251/1322/318
f 731/1320/853 29/1324/36 732/1326/854
f 733/1327/386 392/1328/492 383/672/478
f 733/1329/386 734/1330/855 765/1331/856
f 733/534/386 735/1332/768 736/1333/767
f 733/534/386 307/541/389 735/1332/768
f 733/1329/386 765/1331/856 392/1334/492
f 733/534/386 736/1333/767 734/1335/855
f 733/1327/386 383/672/478 384/675/387
f 737/1336/857 258/459/328 260/461/279
f 737/1336/857 452/803/558 258/459/328
f 737/1336/857 271/477/344 738/1337/858
f 737/1338/857 68/127/88 452/806/558
f 737/1336/857 260/461/279 271/477/344
f 737/1338/857 739/1339/859 68/127/88
f 737/1338/857 738/1340/858 739/1339/859
f 740/1341/860 227/405/289 741/1342/861
f 740/1341/860 741/1342/861 742/1343/862
f 344/598/431 743/1344/433 744/1345/863
f 344/598/431 744/1345/863 632/1143/758
f 427/752/455 745/1346/864 428/753/530
f 427/752/455 244/1347/310 746/1348/865
f 427/752/455 746/1348/865 747/1349/866
f 427/752/455 747/1349/866 745/1346/864
f 554/1350/867 728/1351/867 360/1352/867
f 554/997/673 360/635/452 555/998/674
f 750/1353/23 748/1354/23 749/1355/868
f 81/142/102 83/145/105 750/1356/869
f 750/1353/23 856/1164/771 751/1357/870
f 750/1353/23 749/1355/868 856/1164/771
f 710/1276/833 176/324/228 750/1358/869
f 710/1276/833 750/1358/869 752/1359/871
f 81/1360/102 750/1358/869 176/324/228
f 558/1004/679 141/244/178 572/1030/691
f 558/1004/679 559/1005/680 141/244/178
f 379/666/476 376/659/472 836/661/474
f 379/666/476 257/665/279 376/659/472
f 379/666/476 836/661/474 166/1361/212
f 634/1146/760 39/75/48 41/77/50
f 634/1146/760 753/1362/872 635/1147/279
f 634/1146/760 754/1363/873 753/1362/872
f 634/1146/760 41/77/50 754/1363/873
f 755/1364/874 823/1365/875 460/816/567
f 755/1366/874 756/1367/876 800/1368/877
f 755/1366/874 460/1369/567 757/1370/201
f 755/1366/874 955/924/632 756/1367/876
f 755/1366/874 800/1368/877 823/1371/875
f 627/1137/755 630/1140/757 862/1372/878
f 627/1137/755 862/1372/878 628/1138/23
f 298/520/378 683/1226/810 75/134/95
f 298/520/378 639/1152/764 683/1226/810
f 298/524/378 299/523/379 638/1150/763
f 759/390/275 215/389/274 758/1373/879
f 759/1374/275 760/1375/880 761/1376/881
f 759/390/275 758/1373/879 762/1377/882
f 759/390/275 762/1377/882 760/1378/880
f 759/1379/23 520/937/23 519/936/23
f 536/972/655 541/978/659 537/973/656
f 480/848/588 310/545/392 481/849/589
f 480/848/588 545/982/663 311/546/393
f 480/848/588 311/546/393 310/545/392
f 386/679/481 709/1275/832 387/680/482
f 712/1380/484 389/1381/488 763/1382/835
f 712/1279/484 714/1287/837 764/1383/485
f 241/427/305 765/1384/856 242/428/306
f 241/1385/305 494/692/493 765/1386/856
f 766/1387/883 495/888/612 189/347/246
f 766/1387/883 189/347/246 47/84/57
f 766/1387/883 565/1011/684 495/888/612
f 766/1387/883 339/592/428 565/1011/684
f 766/1387/883 47/84/57 341/594/429
f 766/1387/883 341/594/429 339/592/428
f 193/351/250 767/1388/884 93/352/117
f 193/1389/250 768/1390/885 1008/1391/886
f 193/1389/250 1008/1391/886 767/1392/884
f 193/351/250 192/350/249 768/1393/885
f 229/407/291 227/405/289 769/1394/887
f 229/407/291 769/1394/887 770/1395/888
f 282/493/358 1011/227/167 406/709/506
f 771/1396/889 885/1397/890 897/1398/891
f 771/1396/889 897/1398/891 772/1399/892
f 771/1396/889 772/1399/892 773/1400/893
f 771/1396/889 773/1400/893 774/1401/84
f 771/1396/889 774/1401/84 885/1397/890
f 323/564/409 274/480/347 273/479/346
f 323/564/409 410/717/510 274/480/347
f 145/249/183 775/1402/268 960/250/184
f 266/470/337 890/471/338 417/732/520
f 363/643/459 776/1403/894 586/1249/706
f 363/643/459 366/646/462 776/1403/894
f 778/1404/895 777/1405/69 1007/1406/896
f 778/1407/895 676/97/70 777/96/69
f 778/1407/895 675/1212/802 676/97/70
f 778/1404/895 1007/1406/896 1013/1408/897
f 779/1409/898 780/1410/789 784/758/164
f 779/1409/898 781/1411/899 782/1412/900
f 779/1409/898 784/758/164 781/1411/899
f 779/1409/898 782/1412/900 783/1413/901
f 779/1409/898 579/1046/700 780/1410/789
f 779/1409/898 783/1413/901 579/1046/700
f 661/1185/788 784/1414/164 780/1186/789
f 661/1415/788 133/231/170 128/224/166
f 661/1415/788 128/224/166 784/222/164
f 785/1416/185 147/1417/187 1016/1418/902
f 785/252/185 786/1419/903 1003/253/186
f 785/252/185 1016/1420/902 787/1421/904
f 785/252/185 787/1421/904 786/1419/903
f 152/264/193 975/1295/842 366/1422/462
f 152/1423/193 366/646/462 788/1424/905
f 152/264/193 788/1425/905 153/265/194
f 532/1426/906 535/1427/906 789/1428/906
f 532/1429/199 513/927/631 512/926/200
f 532/1429/199 789/1430/907 513/927/631
f 283/1431/207 407/713/356 405/710/507
f 283/284/207 405/1432/507 782/1412/900
f 283/284/207 782/1412/900 162/285/208
f 790/1433/908 58/105/74 791/1434/909
f 790/1433/908 792/1435/910 59/106/75
f 790/1433/908 59/106/75 58/105/74
f 350/619/439 347/613/438 793/1436/911
f 350/615/439 794/1437/912 953/1438/913
f 350/615/439 953/1438/913 349/616/41
f 350/619/439 793/1436/911 794/1439/912
f 748/1354/23 645/1165/772 749/1355/868
f 795/1440/914 927/1441/915 183/334/237
f 795/1442/914 763/1382/835 389/1381/488
f 795/1443/914 389/689/488 928/688/487
f 795/1440/914 928/1444/487 927/1441/915
f 795/1440/914 183/334/237 990/328/234
f 795/1440/914 990/328/234 763/1445/835
f 796/1446/457 245/878/309 244/1447/310
f 796/640/457 285/497/361 443/1448/609
f 796/1446/457 443/879/609 245/878/309
f 365/645/461 701/1449/825 875/1450/916
f 365/645/461 797/1451/542 788/1424/905
f 365/645/461 788/1424/905 366/646/462
f 365/645/461 875/1450/916 797/1451/542
f 365/645/461 368/648/464 701/1449/825
f 5/9/8 166/295/212 798/1452/917
f 5/9/8 798/1452/917 799/1453/918
f 5/9/8 799/1453/918 6/10/9
f 202/364/259 801/1454/919 1002/1455/920
f 202/368/259 205/367/261 800/1456/877
f 202/368/259 800/1456/877 801/1457/919
f 202/364/259 1002/1455/920 203/365/260
f 802/1458/115 93/352/117 803/1459/921
f 462/819/569 465/822/147 804/1460/922
f 462/1461/569 805/1462/923 463/1463/570
f 209/1055/267 587/1056/707 524/947/643
f 209/377/267 524/946/643 775/378/268
f 215/389/274 347/613/438 758/1373/879
f 806/1464/924 1021/1465/925 279/1466/279
f 806/1467/924 693/1245/821 695/1247/435
f 806/1468/924 596/1469/714 807/1470/715
f 806/1467/924 807/1471/715 693/1245/821
f 806/1468/924 808/1472/352 596/1469/714
f 220/397/281 635/1147/279 221/398/282
f 292/506/370 809/1473/926 400/703/501
f 154/266/195 919/772/541 439/776/544
f 154/266/195 153/265/194 919/772/541
f 293/511/375 395/1300/497 296/512/376
f 293/511/375 1021/1241/320 722/1298/844
f 293/511/375 294/516/377 1021/1241/320
f 242/428/306 765/1384/856 853/1304/847
f 810/1474/927 451/440/312 249/444/316
f 810/1475/927 270/476/343 811/1476/559
f 810/1475/927 811/1476/559 451/1477/312
f 810/1475/927 738/1337/858 270/476/343
f 810/1474/927 249/444/316 738/1340/858
f 812/1002/677 352/621/441 813/1478/928
f 812/1479/677 813/1480/928 814/1481/929
f 370/1482/466 372/1483/468 614/1094/733
f 370/650/466 613/1484/732 926/1485/930
f 370/650/466 926/1485/930 371/651/467
f 370/1482/466 614/1094/733 613/1093/732
f 376/1486/472 257/457/279 815/1487/931
f 376/1486/472 954/1203/798 377/1488/473
f 376/1486/472 815/1487/931 954/1203/798
f 437/767/538 433/763/536 816/1489/932
f 522/1490/639 817/1491/640 966/1492/933
f 522/1490/639 818/1493/934 819/1494/935
f 522/940/639 819/1495/935 357/1496/449
f 522/1490/639 966/1492/933 818/1493/934
f 522/940/639 357/1496/449 523/941/448
f 690/1240/817 692/1244/820 722/1298/844
f 690/1240/817 722/1298/844 1021/1241/320
f 611/1090/730 820/1497/936 860/1091/731
f 611/1090/730 614/1095/733 821/1498/937
f 611/1090/730 878/1499/938 820/1497/936
f 611/1090/730 821/1498/937 878/1499/938
f 297/514/23 497/1500/23 294/515/377
f 297/1501/23 652/1173/780 654/1175/781
f 297/1501/23 654/1175/781 497/890/23
f 297/1502/23 1009/1503/23 652/1504/23
f 822/862/599 491/868/604 714/1505/837
f 822/862/599 714/1505/837 715/1506/836
f 822/862/599 982/1507/939 487/863/600
f 822/1508/599 715/1285/836 982/1509/939
f 823/1365/875 458/814/565 460/816/567
f 823/1510/875 205/367/261 824/1511/940
f 823/1510/875 800/1456/877 205/367/261
f 823/1365/875 824/1512/940 458/814/565
f 825/1135/754 915/1215/803 517/1513/637
f 825/1514/754 517/933/637 629/1515/756
f 827/95/68 55/98/71 826/1516/941
f 827/1517/68 826/1518/941 828/1519/942
f 827/1517/68 828/1519/942 1007/1406/896
f 827/1517/68 1007/1406/896 777/1405/69
f 58/108/74 685/1229/812 791/1520/909
f 58/108/74 37/73/46 685/1229/812
f 829/1521/943 830/1522/944 831/1523/945
f 829/1521/943 832/1524/946 833/1525/947
f 829/1521/943 834/1526/948 830/1522/944
f 829/1521/943 831/1523/945 832/1524/946
f 594/1066/712 938/1527/351 956/1528/949
f 594/1066/712 595/1067/713 938/1527/351
f 594/1529/950 956/1530/950 62/1531/950
f 594/1532/951 774/1533/951 303/1534/951
f 71/130/91 835/1535/952 477/844/584
f 71/130/91 68/127/88 739/1339/859
f 71/130/91 739/1339/859 835/1535/952
f 166/295/212 836/1536/474 798/1452/917
f 642/1537/592 734/1335/855 736/1333/767
f 642/1537/592 483/1538/594 734/1335/855
f 642/1156/592 641/1160/766 235/417/298
f 642/1156/592 235/417/298 382/415/297
f 837/1539/953 856/1164/771 838/1540/954
f 837/1539/953 839/1541/955 751/1357/870
f 837/1539/953 838/1540/954 839/1541/955
f 837/1539/953 751/1357/870 856/1164/771
f 840/1542/446 358/627/446 356/626/446
f 840/1310/850 730/1318/852 841/1543/956
f 840/1310/850 841/1543/956 986/1544/605
f 840/1310/850 986/1544/605 358/1545/957
f 392/691/492 765/1386/856 494/692/493
f 842/1546/958 678/1219/806 679/1220/807
f 842/1546/958 207/373/264 843/1547/959
f 842/1546/958 679/1220/807 208/374/114
f 842/1546/958 208/374/114 207/373/264
f 842/1546/958 843/1547/959 678/1219/806
f 96/164/121 844/1548/960 805/1462/923
f 96/164/121 805/1462/923 97/165/122
f 96/164/121 845/1549/10 844/1548/960
f 404/1192/505 859/1550/961 892/1551/962
f 404/1192/505 892/1551/962 405/1552/507
f 404/1192/505 664/1191/585 477/1553/584
f 404/1192/505 477/1553/584 859/1550/961
f 50/89/62 52/91/64 411/718/511
f 325/1554/412 589/1062/708 846/1555/963
f 325/1556/412 330/1557/417 412/728/514
f 325/1558/412 846/1559/963 326/1560/413
f 325/1554/412 412/1561/514 589/1062/708
f 704/1562/746 471/836/578 473/838/580
f 847/1563/964 591/1564/709 677/1217/805
f 847/1563/964 677/1217/805 848/1565/965
f 847/1563/964 994/1566/966 591/1564/709
f 847/1563/964 849/1567/967 994/1566/966
f 847/1563/964 848/1565/965 850/1568/968
f 847/1563/964 850/1568/968 849/1567/967
f 424/745/528 426/747/527 13/24/17
f 424/1569/528 851/1570/969 707/1268/829
f 424/1569/528 707/1268/829 425/1267/529
f 424/1569/528 13/22/17 851/1570/969
f 429/754/531 130/223/165 430/755/456
f 852/1571/970 835/1535/952 739/1339/859
f 852/1571/970 739/1339/859 738/1340/858
f 852/1571/970 738/1340/858 248/443/315
f 852/1571/970 248/443/315 835/1535/952
f 734/1330/855 483/856/594 853/1572/847
f 734/1330/855 853/1572/847 765/1331/856
f 855/1573/971 854/1574/972 856/1164/771
f 855/1575/971 856/1576/771 857/1577/973
f 858/1578/974 859/1579/961 247/442/314
f 858/1578/974 892/1580/962 859/1579/961
f 858/1581/974 578/1043/698 892/1582/962
f 858/1581/974 453/807/313 72/131/92
f 858/1581/974 72/131/92 578/1043/698
f 858/1578/974 247/442/314 453/441/313
f 860/1583/731 820/1584/936 997/1585/975
f 498/891/244 497/890/23 654/1175/781
f 498/891/244 654/1175/781 653/1174/245
f 861/1586/976 957/1587/977 529/959/650
f 861/1586/976 862/1588/878 957/1587/977
f 861/1586/976 604/1589/723 863/1590/978
f 861/1586/976 529/959/650 531/961/648
f 861/1586/976 863/1590/978 862/1588/878
f 861/1586/976 531/961/648 604/1589/723
f 864/1591/979 717/1290/759 719/1292/840
f 864/1591/979 227/405/289 865/1592/980
f 864/1591/979 719/1292/840 227/405/289
f 102/170/124 918/1114/741 598/1071/717
f 102/170/124 598/1071/717 866/1593/981
f 102/170/124 866/1593/981 98/171/125
f 102/170/124 101/1594/127 918/1114/741
f 867/1595/982 300/525/380 303/530/383
f 867/1595/982 301/526/381 300/525/380
f 867/1595/982 772/1399/892 732/1325/854
f 867/1595/982 773/1400/893 772/1399/892
f 867/1595/982 732/1325/854 301/526/381
f 867/1595/982 303/530/383 773/1400/893
f 868/1596/16 212/379/269 971/1597/983
f 868/21/16 851/1570/969 13/22/17
f 868/1596/16 971/1597/983 851/1598/969
f 868/1596/16 210/380/14 212/379/269
f 869/1599/521 871/1600/984 464/821/571
f 869/734/521 463/1601/570 870/1602/985
f 869/736/521 417/732/520 871/1603/984
f 869/734/521 870/1602/985 418/735/522
f 869/1599/521 464/821/571 463/820/570
f 872/1604/986 1008/1391/886 873/1605/987
f 872/1606/986 873/1607/987 669/1199/795
f 872/1604/986 935/1608/988 1008/1391/886
f 426/747/527 12/23/18 13/24/17
f 426/743/527 459/815/566 12/1250/18
f 431/757/532 781/1411/899 784/758/164
f 431/757/532 432/760/533 162/285/208
f 431/757/532 162/285/208 781/1411/899
f 440/769/540 702/1259/824 874/1609/235
f 440/769/540 874/1609/235 182/770/236
f 440/1610/540 797/1611/542 875/1612/916
f 440/1610/540 875/1612/916 702/1257/824
f 876/1613/99 88/150/109 89/152/100
f 876/1614/99 606/1084/725 88/1083/109
f 21/1615/28 877/1616/29 820/1584/936
f 21/1615/28 820/1584/936 878/1617/938
f 21/1618/28 878/1499/938 24/53/32
f 28/317/226 296/1619/376 395/698/497
f 28/59/23 1009/62/23 296/518/23
f 667/1196/792 515/1198/794 32/66/39
f 667/1196/792 31/65/38 668/1197/793
f 667/1196/792 32/66/39 31/65/38
f 269/1206/341 672/1204/799 618/1111/739
f 269/1206/341 618/1111/739 619/1112/342
f 39/75/48 636/1148/761 40/76/49
f 458/814/565 367/647/463 459/815/566
f 458/814/565 824/1512/940 367/647/463
f 879/1620/989 830/1522/944 834/1526/948
f 879/1620/989 880/1621/990 881/1622/991
f 879/1620/989 834/1526/948 882/1623/992
f 879/1620/989 881/1622/991 830/1522/944
f 474/1624/993 883/1625/994 972/1626/994
f 474/1627/576 884/1628/995 469/1629/577
f 474/1630/996 972/1631/996 884/1632/996
f 474/1633/576 526/950/581 883/1634/997
f 137/238/172 896/237/173 894/1635/998
f 137/238/172 885/1636/890 886/1637/335
f 137/238/172 894/1635/998 885/1636/890
f 887/469/336 194/158/116 888/160/118
f 887/1638/336 888/1639/118 399/702/500
f 890/471/338 889/1640/999 1019/1641/1000
f 890/471/338 1019/1641/1000 417/732/520
f 890/1642/338 97/165/122 889/1643/999
f 212/379/269 891/1644/1001 971/1597/983
f 212/1645/269 148/1646/188 891/1647/1001
f 275/481/23 274/480/347 409/716/509
f 345/603/434 1022/1648/1002 695/604/435
f 580/1042/697 892/1582/962 578/1043/698
f 580/1047/697 405/1432/507 892/1649/962
f 580/1047/697 579/1046/700 783/1413/901
f 580/1047/697 783/1413/901 405/1432/507
f 195/356/251 792/3/3 196/357/252
f 124/217/156 174/310/222 121/897/157
f 124/217/156 123/216/160 169/305/218
f 564/1010/683 495/888/612 565/1011/684
f 564/1650/683 45/1651/55 893/887/613
f 564/1016/683 48/85/58 45/82/55
f 564/1016/683 567/1014/686 48/85/58
f 564/1010/683 893/1652/613 495/888/612
f 356/1313/453 360/1653/452 728/1314/735
f 306/1654/388 349/68/41 33/67/40
f 257/457/279 259/460/329 815/1487/931
f 896/1655/173 897/1656/891 894/1657/998
f 896/1658/1003 991/1659/1003 895/1660/1003
f 896/1661/173 895/1662/1004 897/1663/891
f 898/1664/1005 32/66/39 515/1198/794
f 515/929/634 899/1665/1006 516/930/635
f 898/1664/1005 515/1198/794 520/1666/1007
f 900/1667/1008 147/1417/187 982/1509/939
f 900/1667/1008 329/579/415 326/578/413
f 900/1667/1008 1016/1418/902 147/1417/187
f 900/1667/1008 326/578/413 1016/1418/902
f 900/1667/1008 982/1509/939 715/1285/836
f 900/1667/1008 715/1285/836 329/579/415
f 901/1668/1009 937/1669/1010 964/1670/1011
f 901/1668/1009 902/1671/1012 467/1672/573
f 901/1668/1009 964/1670/1011 576/1673/695
f 901/1668/1009 576/1673/695 902/1671/1012
f 901/1668/1009 467/1672/573 937/1669/1010
f 338/595/427 863/1590/978 903/1674/1013
f 338/591/427 903/1675/1013 339/592/428
f 338/595/427 340/593/23 863/1590/978
f 904/1676/1014 1021/1677/320 294/515/377
f 904/1676/1014 905/1678/1015 988/1679/1016
f 904/1676/1014 294/515/377 906/1680/614
f 904/1681/1014 988/1682/1016 1021/1683/320
f 904/1676/1014 906/1680/614 905/1678/1015
f 507/912/624 542/979/660 508/913/625
f 226/404/288 742/1343/862 907/1684/1017
f 226/404/288 907/1684/1017 227/405/289
f 352/621/441 908/1685/1018 813/1478/928
f 352/621/441 354/623/443 908/1685/1018
f 490/1686/1019 909/1687/1019 910/1688/1019
f 490/1689/603 487/1690/600 960/1691/184
f 490/865/602 910/1692/602 489/866/602
f 490/1689/603 960/1691/184 909/1693/642
f 753/1362/872 754/1363/873 911/1694/1020
f 753/1362/872 221/398/282 635/1147/279
f 646/1167/774 1011/227/167 753/1695/1021
f 753/1362/872 911/1694/1020 221/398/282
f 646/1167/774 753/1695/1021 647/1168/775
f 647/1168/775 753/1695/1021 1011/227/167
f 757/274/201 460/1696/567 157/275/202
f 757/1370/201 512/919/200 509/918/628
f 656/1177/675 819/1494/935 721/1697/841
f 656/1177/675 721/1697/841 720/1178/782
f 656/999/675 555/1000/674 819/1495/935
f 6/1698/279 504/1699/279 845/1700/279
f 6/1701/9 836/661/474 375/658/471
f 6/10/9 798/1452/917 836/1536/474
f 6/10/9 799/1453/918 798/1452/917
f 6/1701/9 375/658/471 504/908/621
f 198/359/254 265/466/334 199/360/255
f 198/359/254 200/361/256 582/1050/702
f 698/723/515 203/1702/260 414/724/516
f 698/1254/515 206/369/262 203/365/260
f 499/895/616 1000/898/617 912/1703/783
f 499/895/616 155/268/196 125/211/158
f 499/895/616 912/1703/783 155/268/196
f 499/895/616 125/211/158 121/210/157
f 889/1643/999 97/165/122 805/1462/923
f 883/1625/994 970/1704/1022 972/1626/994
f 883/1705/1023 913/1706/1023 914/1707/1023
f 883/1708/1024 914/1709/1024 970/1710/1024
f 883/1634/997 526/950/581 913/949/645
f 915/1711/803 591/1063/709 519/391/276
f 915/1218/803 677/1217/805 591/1564/709
f 915/1712/1025 519/1713/1025 517/1714/1025
f 621/1715/742 916/1716/1026 917/1717/1027
f 621/1715/742 918/1718/741 916/1716/1026
f 919/772/541 153/265/194 788/1425/905
f 919/1719/541 788/1424/905 797/1451/542
f 922/693/494 920/1720/848 921/1721/593
f 922/1722/494 492/1723/495 923/1724/1028
f 922/1725/1029 923/1726/1029 920/1727/1029
f 922/693/494 921/1721/593 393/694/479
f 859/1579/961 477/844/584 247/442/314
f 854/1574/972 838/1540/954 856/1164/771
f 735/1158/768 307/542/389 33/539/40
f 258/459/328 452/803/558 618/1111/739
f 258/459/328 618/1111/739 259/460/329
f 406/712/506 132/230/169 133/231/170
f 406/712/506 1011/225/167 132/230/169
f 885/1636/890 64/121/83 962/1728/1030
f 885/1729/890 894/1657/998 897/1656/891
f 885/1636/890 665/1730/790 886/1637/335
f 885/1731/890 774/118/84 64/117/83
f 885/1636/890 962/1728/1030 665/1730/790
f 324/565/410 277/483/349 144/247/181
f 324/565/410 144/247/181 143/246/180
f 924/1128/749 625/1127/748 787/1732/904
f 924/1128/749 846/1559/963 57/1733/73
f 924/1734/749 57/103/73 56/102/72
f 924/1128/749 787/1732/904 846/1559/963
f 881/1622/991 831/1523/945 830/1522/944
f 678/1219/806 550/1735/668 238/421/301
f 678/1219/806 925/1736/670 550/1735/668
f 678/1219/806 843/1547/959 925/1736/670
f 745/1346/864 747/1349/866 162/287/208
f 745/1346/864 162/287/208 428/753/530
f 680/1227/809 683/1226/810 639/1152/764
f 171/1737/1031 169/1738/218 371/1739/467
f 171/1737/1031 371/1739/467 926/1740/930
f 447/796/554 610/1088/728 607/1085/726
f 447/796/554 448/797/555 610/1088/728
f 927/1441/915 25/54/33 688/1237/815
f 927/1441/915 688/1237/815 183/334/237
f 927/1441/915 86/1741/34 25/54/33
f 927/1742/915 928/1743/487 86/1744/34
f 930/1745/1032 929/1746/240 188/1747/1033
f 930/1745/1032 931/1748/1034 952/1749/30
f 930/1745/1032 952/1749/30 981/1750/31
f 930/1745/1032 981/1750/31 929/1746/240
f 930/1751/1035 188/1752/1035 931/1753/1035
f 817/1491/640 587/1057/707 966/1492/933
f 817/942/640 524/947/643 587/1056/707
f 7/12/11 845/11/10 696/1251/822
f 932/1754/1036 813/1480/928 933/1755/1037
f 932/1754/1036 217/859/278 814/1481/929
f 932/1754/1036 933/1755/1037 486/860/597
f 932/1754/1036 486/860/597 217/859/278
f 932/1754/1036 814/1481/929 813/1480/928
f 551/1756/669 934/1757/1038 346/1758/432
f 767/1388/884 803/1459/921 93/352/117
f 767/1392/884 1008/1391/886 935/1608/988
f 767/1388/884 935/1759/988 803/1459/921
f 916/1716/1026 918/1718/741 101/174/127
f 916/1716/1026 299/523/379 917/1717/1027
f 916/1716/1026 101/174/127 299/523/379
f 936/1760/405 251/1761/318 959/1762/1039
f 936/1760/405 959/1762/1039 895/1662/1004
f 936/1763/1040 895/1764/1040 321/1765/1040
f 832/1524/946 518/932/636 833/1525/947
f 832/1524/946 517/933/637 518/932/636
f 832/1524/946 831/1523/945 517/933/637
f 871/1600/984 937/1766/1010 464/821/571
f 871/1603/984 417/732/520 1019/1641/1000
f 871/1600/984 1019/1767/1000 963/1768/1041
f 871/1600/984 963/1768/1041 937/1766/1010
f 602/1078/721 528/955/647 341/594/429
f 602/1078/721 47/84/57 46/83/56
f 602/1078/721 341/594/429 47/84/57
f 938/1527/351 595/1067/713 596/1068/714
f 938/486/351 321/562/407 956/1769/949
f 938/1770/351 596/1469/714 808/1472/352
f 313/548/395 223/400/284 314/549/396
f 227/405/289 718/1291/839 770/1395/888
f 227/405/289 939/1771/1042 865/1592/980
f 227/405/289 770/1395/888 769/1394/887
f 227/405/289 940/1772/1043 941/1773/1044
f 227/405/289 941/1773/1044 939/1771/1042
f 227/405/289 907/1684/1017 741/1342/861
f 720/1293/782 155/268/196 912/1703/783
f 743/601/433 695/604/435 691/1242/818
f 942/1774/1045 244/1347/310 726/1775/307
f 942/1774/1045 746/1348/865 244/1347/310
f 942/1774/1045 726/1775/307 976/784/548
f 942/1774/1045 976/784/548 746/1348/865
f 523/629/448 359/634/451 910/944/641
f 301/526/381 732/1325/854 29/61/36
f 301/526/381 29/61/36 26/57/23
f 880/1621/990 629/1515/756 517/933/637
f 880/1621/990 517/933/637 881/1622/991
f 880/1621/990 671/1776/862 943/1777/1046
f 880/1621/990 943/1777/1046 629/1515/756
f 944/1778/1047 36/107/44 59/106/75
f 944/1778/1047 59/106/75 945/1779/1048
f 946/1780/54 905/1781/1015 45/1651/55
f 946/1782/54 653/1174/245 651/1172/779
f 946/1780/54 651/1783/779 905/1781/1015
f 768/1390/885 947/1784/1049 1008/1391/886
f 573/1031/692 277/483/349 276/482/348
f 573/1031/692 144/247/181 277/483/349
f 780/1410/789 579/1046/700 662/1045/699
f 436/762/535 660/1184/787 433/763/536
f 436/762/535 948/1785/591 660/1184/787
f 547/1232/664 689/1234/814 949/1786/665
f 547/984/664 439/775/544 687/774/543
f 238/423/301 632/1144/758 239/424/302
f 950/1787/1050 951/1788/1051 952/1789/30
f 950/1787/1050 952/1789/30 931/1790/1034
f 668/1197/793 31/65/38 953/1791/913
f 668/1197/793 953/1791/913 669/1199/795
f 954/1792/798 673/293/214 377/660/473
f 954/1203/798 815/1487/931 672/1204/799
f 221/398/282 562/1008/681 222/399/283
f 221/398/282 911/1694/1020 562/1008/681
f 104/1793/1052 756/1794/876 955/1795/632
f 104/1793/1052 984/1796/1053 756/1794/876
f 566/1015/685 565/1011/684 339/592/428
f 566/1013/685 603/1079/722 567/1014/686
f 566/1015/685 339/592/428 903/1675/1013
f 566/1013/685 903/1797/1013 603/1079/722
f 884/1798/995 972/1799/1054 891/1800/1001
f 884/1628/995 891/1801/1001 1003/253/186
f 884/1628/995 1003/253/186 786/1419/903
f 884/1628/995 786/1419/903 469/1629/577
f 347/613/438 476/843/583 762/1377/882
f 347/613/438 592/1064/710 793/1436/911
f 347/613/438 762/1377/882 758/1373/879
f 62/1802/1055 956/1803/1055 991/1804/1055
f 225/403/287 311/546/393 545/982/663
f 709/1275/832 710/1276/833 752/1359/871
f 763/1282/835 990/1805/234 713/1283/416
f 252/1806/322 184/793/553 445/791/551
f 252/450/322 445/1807/551 253/451/323
f 957/1808/977 630/1140/757 1018/1809/1056
f 957/1808/977 862/1372/878 630/1140/757
f 957/1587/977 1018/1810/1056 529/959/650
f 958/906/619 805/1462/923 503/907/620
f 958/1811/619 792/299/3 418/735/522
f 958/1811/619 870/1602/985 805/1812/923
f 958/1811/619 418/735/522 870/1602/985
f 561/1007/279 314/549/396 222/399/283
f 561/1007/279 318/555/402 314/549/396
f 897/1398/891 959/1813/1039 772/1399/892
f 897/1663/891 895/1662/1004 959/1762/1039
f 909/945/642 775/378/268 524/946/643
f 909/945/642 960/1814/184 775/378/268
f 835/1535/952 247/442/314 477/844/584
f 835/1535/952 248/443/315 247/442/314
f 574/1815/694 985/1816/688 961/1817/687
f 574/1035/694 962/1818/1030 63/1036/82
f 574/1815/694 964/1670/1011 985/1816/688
f 574/1815/694 576/1673/695 964/1670/1011
f 574/1035/694 961/1194/687 962/1818/1030
f 937/1819/1010 467/828/573 464/827/571
f 937/1820/1010 963/1821/1041 964/1822/1011
f 336/589/426 965/1823/804 628/1824/23
f 336/589/426 530/957/649 965/1823/804
f 336/589/426 628/1824/23 340/593/23
f 632/1143/758 744/1345/863 239/1825/302
f 476/843/583 760/1378/880 762/1377/882
f 476/843/583 643/1159/769 760/1378/880
f 645/1165/772 856/1164/771 749/1355/868
f 689/1238/814 24/53/32 878/1499/938
f 689/1238/814 878/1499/938 821/1498/937
f 689/1234/814 821/1826/937 949/1786/665
f 818/1827/934 776/1828/894 975/1296/842
f 818/1827/934 975/1296/842 721/1294/841
f 818/1493/934 721/1697/841 819/1494/935
f 818/1827/934 966/1829/933 776/1828/894
f 844/1548/960 845/1549/10 967/1830/1057
f 844/1548/960 967/1830/1057 805/1462/923
f 968/1831/1058 583/1051/703 585/1053/705
f 968/1832/1058 585/1833/705 40/76/49
f 968/1832/1058 40/76/49 969/1834/1059
f 702/1259/824 699/1255/517 874/1609/235
f 702/1257/824 875/1612/916 701/1258/825
f 623/1117/743 112/193/140 111/192/61
f 623/1117/743 113/194/141 112/193/140
f 463/1601/570 805/1812/923 870/1602/985
f 970/1835/1060 851/1598/969 971/1597/983
f 970/1835/1060 914/1269/830 707/1270/829
f 970/1835/1060 707/1270/829 851/1598/969
f 970/1836/1061 971/1837/1061 972/1838/1061
f 973/1839/1062 518/935/636 516/930/635
f 973/1840/1062 833/1525/947 518/932/636
f 973/1839/1062 516/930/635 974/1841/1063
f 659/1183/786 400/703/501 809/1473/926
f 659/1183/786 401/704/502 400/703/501
f 776/1403/894 366/646/462 975/1842/842
f 776/1403/894 966/1843/933 586/1249/706
f 442/779/545 920/1844/848 923/780/546
f 442/779/545 726/1845/307 920/1844/848
f 442/779/545 976/1846/548 726/1845/307
f 251/1322/318 977/1847/1064 959/1813/1039
f 251/446/318 987/1848/1065 650/1849/778
f 251/446/318 1021/448/320 987/1848/1065
f 251/1322/318 732/1325/854 977/1847/1064
f 978/1850/1066 684/1851/1066 37/1852/1066
f 978/1853/1067 77/136/97 684/1228/811
f 699/725/517 180/331/232 874/330/235
f 699/725/517 415/726/518 180/331/232
f 630/1140/757 629/1854/756 850/1855/968
f 630/1140/757 850/1855/968 1018/1809/1056
f 471/1264/578 706/1266/828 472/953/579
f 972/1799/1054 971/1856/983 891/1800/1001
f 109/188/136 979/1857/1068 588/111/78
f 109/188/136 588/111/78 461/189/137
f 578/1043/698 72/131/92 70/129/90
f 46/83/56 980/1858/1069 603/1079/722
f 46/83/56 48/85/58 980/1858/1069
f 729/1319/851 616/1103/736 981/1859/31
f 729/1317/851 84/146/106 730/1318/852
f 729/1317/851 981/45/31 20/35/27
f 729/1317/851 20/35/27 84/146/106
f 977/1847/1064 732/1325/854 959/1813/1039
f 147/255/187 149/260/189 982/1860/939
f 98/171/125 866/1593/981 983/1861/1070
f 64/121/83 63/120/82 962/1728/1030
f 465/1024/147 569/1023/689 804/1862/922
f 333/1863/1071 914/1864/1071 913/1865/1071
f 965/1823/804 530/957/649 848/1866/965
f 965/1216/804 848/1565/965 677/1217/805
f 45/1651/55 905/1781/1015 893/887/613
f 76/522/96 917/1717/1027 299/523/379
f 646/1167/774 285/497/361 1011/227/167
f 18/31/23 79/1867/23 90/153/111
f 18/31/23 16/30/23 79/1867/23
f 819/1495/935 555/1000/674 357/1496/449
f 741/1342/861 907/1684/1017 742/1343/862
f 372/1483/468 949/1786/665 821/1826/937
f 372/1483/468 821/1826/937 614/1094/733
f 372/652/468 373/655/373 949/985/665
f 813/1480/928 908/1868/1018 933/1755/1037
f 487/1869/600 982/1860/939 149/260/189
f 487/1869/600 149/260/189 960/259/184
f 616/1103/736 929/1102/240 981/1859/31
f 772/1399/892 959/1813/1039 732/1325/854
f 180/326/232 415/729/518 330/1557/417
f 180/326/232 330/1557/417 328/327/233
f 801/1870/1072 756/1871/1072 984/1872/1072
f 801/1454/919 828/1873/942 1002/1455/920
f 801/1454/919 984/1874/132 828/1873/942
f 801/1875/919 800/1368/877 756/1367/876
f 781/1411/899 162/285/208 782/1412/900
f 552/995/550 657/1180/784 445/1807/551
f 557/1003/678 608/1086/727 448/797/555
f 557/1003/678 448/797/555 353/622/442
f 31/65/38 349/68/41 953/1791/913
f 672/1204/799 815/1487/931 259/460/329
f 672/1204/799 259/460/329 618/1111/739
f 684/1228/811 77/136/97 75/134/95
f 760/1375/880 643/1162/769 898/1664/1005
f 760/1375/880 898/1664/1005 761/1376/881
f 687/1233/543 182/332/236 688/1236/815
f 79/1867/23 89/152/100 90/153/111
f 79/140/23 16/28/22 80/141/101
f 746/1348/865 976/784/548 747/1349/866
f 910/1876/1073 359/1877/1073 489/1878/1073
f 629/1879/279 849/1880/279 850/1881/279
f 629/1882/756 943/1883/1046 849/1884/967
f 862/1588/878 863/1590/978 340/593/23
f 862/1588/878 340/593/23 628/1824/23
f 985/1885/1074 964/1886/1074 1017/1887/1074
f 985/1888/688 1017/1889/1075 569/1023/689
f 270/476/343 619/475/342 811/1476/559
f 270/476/343 738/1337/858 271/477/344
f 405/1432/507 783/1413/901 782/1412/900
f 791/1520/909 685/1229/812 681/1224/279
f 358/1890/957 986/1891/605 489/1892/606
f 358/1890/957 489/1892/606 359/1893/1076
f 173/309/221 500/899/618 174/310/222
f 805/1462/923 967/1830/1057 503/907/620
f 222/399/283 314/549/396 223/400/284
f 987/1894/1065 1021/1683/320 988/1682/1016
f 987/1895/1077 988/1896/1078 650/1897/1079
f 974/1841/1063 516/930/635 989/1898/1080
f 328/1899/1081 713/1900/1081 990/1901/1081
f 527/954/646 472/953/579 706/1266/828
f 991/1902/1082 956/1903/949 321/1904/407
f 991/1902/1082 321/1904/407 895/1905/1083
f 110/191/139 992/1906/23 559/1005/680
f 625/1907/748 786/1419/903 787/1421/904
f 625/1129/748 473/841/580 469/834/577
f 625/1907/748 469/1629/577 786/1419/903
f 881/1622/991 517/933/637 831/1523/945
f 969/1834/1059 40/76/49 636/1148/761
f 643/1162/769 33/67/40 898/1664/1005
f 688/1236/815 182/332/236 183/333/237
f 980/1858/1069 48/85/58 567/1014/686
f 980/1858/1069 567/1014/686 603/1079/722
f 993/1908/23 42/78/51 585/1833/705
f 12/1250/18 459/815/566 364/644/460
f 804/1862/922 569/1023/689 1017/1889/1075
f 55/98/71 414/730/516 826/1516/941
f 591/1063/709 994/1909/966 592/1064/710
f 764/683/485 491/1910/604 841/1543/956
f 764/683/485 841/1543/956 388/684/486
f 764/1911/485 714/1505/837 491/868/604
f 856/1576/771 995/1912/773 996/1913/1084
f 856/1576/771 996/1913/1084 857/1577/973
f 997/1914/1085 877/1915/1085 951/1916/1085
f 997/1585/975 820/1584/936 877/1616/29
f 598/1076/717 600/1075/719 866/1917/981
f 650/1897/1079 988/1896/1078 651/1918/1086
f 264/465/333 201/362/257 199/360/255
f 264/465/333 319/556/403 201/362/257
f 136/202/149 468/201/148 902/1919/1012
f 136/234/149 902/1920/1012 138/240/175
f 898/1664/1005 33/67/40 32/66/39
f 898/1664/1005 520/1666/1007 761/1376/881
f 530/960/649 529/959/650 1018/1810/1056
f 530/960/649 1018/1810/1056 848/1921/965
f 905/1781/1015 651/1783/779 988/1922/1016
f 905/1781/1015 906/892/614 893/887/613
f 118/408/152 998/1923/1087 999/1924/153
f 118/408/152 230/409/292 998/1923/1087
f 794/1439/912 793/1436/911 849/1925/967
f 794/1437/912 849/1884/967 669/1926/795
f 794/1437/912 669/1926/795 953/1438/913
f 284/496/360 444/495/359 443/1448/609
f 284/496/360 443/1448/609 285/497/361
f 1000/1927/617 255/453/324 253/455/323
f 1000/1927/617 657/1181/784 912/1179/783
f 1000/1927/617 253/455/323 657/1181/784
f 504/909/621 967/1830/1057 845/1549/10
f 504/909/621 503/907/620 967/1830/1057
f 317/553/400 319/556/403 316/554/401
f 399/702/500 888/1639/118 679/1220/807
f 1019/1767/1000 1017/1928/1075 963/1768/1041
f 84/146/106 85/147/107 388/684/486
f 84/146/106 388/684/486 730/1318/852
f 998/1923/1087 1001/1929/1088 999/1924/153
f 730/1318/852 388/684/486 841/1543/956
f 877/44/29 952/43/30 951/1930/1089
f 608/1086/727 610/1088/728 448/797/555
f 826/1518/941 203/1702/260 1002/1931/920
f 826/1518/941 414/724/516 203/1702/260
f 826/1518/941 1002/1931/920 828/1519/942
f 891/1647/1001 148/1646/188 1003/1932/186
f 592/1064/710 994/1909/966 849/1925/967
f 592/1064/710 849/1925/967 793/1436/911
f 983/1933/1070 866/1934/981 1014/1935/1090
f 983/1933/1070 1014/1935/1090 1004/1936/363
f 271/477/344 260/461/279 261/462/330
f 497/1500/23 906/1680/614 294/515/377
f 604/1080/723 603/1079/722 903/1797/1013
f 604/1589/723 903/1674/1013 863/1590/978
f 589/1062/708 57/1061/73 846/1555/963
f 1005/1937/1091 1006/507/371 291/505/369
f 1005/1937/1091 291/505/369 119/207/154
f 1005/1938/1091 999/1924/153 1001/1929/1088
f 1005/1938/1091 1001/1929/1088 1006/1939/371
f 1005/1937/1091 119/207/154 999/206/153
f 828/1873/942 984/1874/132 1007/1940/896
f 85/1941/107 86/1744/34 928/1743/487
f 492/1723/495 443/1942/609 923/1724/1028
f 510/1943/1092 513/1944/631 789/1945/907
f 415/729/518 412/728/514 330/1557/417
f 59/106/75 792/1435/910 945/1779/1048
f 671/1946/797 1008/1391/886 947/1784/1049
f 671/1201/797 873/1607/987 1008/1947/886
f 671/1201/797 670/1200/796 669/1199/795
f 671/1201/797 669/1199/795 873/1607/987
f 724/1301/845 722/1298/844 692/1244/820
f 445/1807/551 657/1180/784 253/451/323
f 652/1173/780 1009/1948/23 29/1324/36
f 141/244/178 559/1005/680 992/1906/23
f 141/244/178 992/1906/23 142/245/179
f 205/367/261 1010/371/263 824/1511/940
f 468/201/148 467/1949/573 902/1919/1012
f 638/1150/763 299/523/379 101/174/127
f 638/1150/763 101/174/127 100/173/126
f 255/903/324 500/902/618 617/1107/325
f 665/1193/790 962/1818/1030 961/1194/687
f 169/1738/218 123/1950/160 371/1739/467
f 701/1258/825 1010/371/263 206/370/262
f 701/1449/825 368/648/464 1010/1951/263
f 483/856/594 484/855/595 853/1572/847
f 286/498/362 1011/1952/1093 1012/1953/1094
f 286/498/362 1012/1953/1094 1004/499/363
f 773/1400/893 303/530/383 774/1401/84
f 984/184/132 105/183/131 1013/1954/897
f 984/1874/132 1013/1955/897 1007/1940/896
f 288/1074/366 866/1917/981 600/1075/719
f 288/502/366 1014/1956/1090 866/1957/981
f 288/502/366 287/501/365 1014/1956/1090
f 555/998/674 360/635/452 357/630/449
f 138/240/175 902/1920/1012 576/1039/695
f 1004/499/363 1014/1956/1090 287/501/365
f 291/505/369 1015/1958/1095 119/207/154
f 291/505/369 402/705/503 1015/1958/1095
f 491/1910/604 986/1544/605 841/1543/956
f 133/231/170 1011/225/167 128/224/166
f 899/1665/1006 989/1898/1080 516/930/635
f 846/1559/963 1016/1959/902 326/1560/413
f 846/1559/963 787/1732/904 1016/1959/902
f 587/1057/707 586/1054/706 966/1492/933
f 428/1960/530 162/285/208 432/760/533
f 939/1771/1042 941/1773/1044 940/1772/1043
f 459/815/566 367/647/463 364/644/460
f 934/1757/1038 345/1961/434 346/1758/432
f 679/1220/807 888/1639/118 208/374/114
f 964/1822/1011 963/1821/1041 1017/1962/1075
f 367/647/463 824/1512/940 368/648/464
f 1018/1963/1056 850/1568/968 848/1565/965
f 747/1349/866 163/286/209 162/287/208
f 747/1349/866 976/784/548 163/286/209
f 849/1884/967 943/1883/1046 669/1926/795
f 824/1512/940 1010/1951/263 368/648/464
f 738/1340/858 249/444/316 248/443/315
f 585/1833/705 42/78/51 40/76/49
f 286/498/362 280/500/364 1011/1952/1093
f 280/489/354 1011/227/167 282/493/358
f 167/300/213 792/299/3 958/1811/619
f 755/1366/874 757/1370/201 509/918/628
f 755/1366/874 509/918/628 955/924/632
f 804/1964/922 1017/1928/1075 1019/1767/1000
f 889/1643/999 804/1965/922 1019/1966/1000
f 462/1461/569 804/1965/922 805/1462/923
f 889/1643/999 805/1462/923 804/1965/922
f 250/1967/317 1020/1968/1096 1021/1969/320
f 250/1967/317 320/485/319 1020/1968/1096
f 320/485/319 1022/561/406 1020/1968/1096
f 1022/1970/406 279/1971/1097 1020/1972/1096
f 1021/1973/320 1020/1972/1096 279/1971/1097
f 60/109/76 1023/1974/1098 61/110/77
f 60/109/76 588/111/78 1023/1974/1098
f 979/1857/1068 1023/1974/1098 588/111/78
f 109/188/136 1023/1974/1098 979/1857/1068
f 109/188/136 106/190/138 1023/1974/1098
f 420/195/142 1023/1974/1098 106/190/138
f 419/737/523 1023/1975/1098 420/738/142
f 419/737/523 61/740/77 1023/1975/1098
f 1022/1648/1002 279/1976/1099 1021/1465/925
f 806/1464/924 695/604/435 1022/1648/1002
f 806/1464/924 1024/1977/1100 1021/1465/925
f 806/1464/924 1022/1648/1002 1024/1977/1100
f 1024/1977/1100 1022/1648/1002 1021/1465/925
f 385/676/480 82/144/104 216/392/277
f 385/678/480 387/680/482 709/1275/832
f 78/137/98 82/144/104 83/145/105
f 83/145/105 82/144/104 750/1356/869
f 385/676/480 750/1356/869 82/144/104
f 385/678/480 1025/1978/1101 750/1358/869
f 385/678/480 709/1275/832 1025/1978/1101
f 709/1275/832 752/1359/871 1025/1978/1101
f 752/1359/871 750/1358/869 1025/1978/1101
f 659/1183/786 816/1489/932 433/763/536
f 659/1183/786 1026/1979/1102 660/1184/787
f 659/1183/786 433/763/536 1026/1979/1102
f 660/1184/787 1026/1979/1102 433/763/536
