# Blender 4.4.0
# www.blender.org
mtllib desk.mtl
o Meshy_AI_Long_wooden_workbench_0731081450_texture
v -0.476562 -0.189453 -0.196289
v -0.457031 -0.190430 -0.196289
v -0.476562 -0.189453 -0.180664
v 0.419922 0.146484 0.103516
v 0.433594 0.146484 0.103516
v 0.419922 0.147461 0.112305
v 0.419922 0.150391 0.104004
v 0.441406 0.141602 -0.097168
v 0.439453 0.142578 -0.098145
v 0.439453 0.143555 -0.097656
v 0.439453 0.140625 -0.096680
v 0.439453 0.141602 -0.095215
v -0.425781 0.145508 0.107910
v -0.425781 0.146484 0.107910
v -0.425781 0.146484 0.106445
v -0.423828 0.145508 0.107422
v -0.423828 0.146484 0.109863
v 0.500000 0.188477 -0.192383
v 0.498047 0.191406 -0.190430
v 0.500000 0.169922 -0.191406
v 0.500000 0.188477 -0.190430
v -0.449219 0.157227 -0.091309
v -0.449219 0.157227 -0.090820
v -0.451172 0.158203 -0.091309
v -0.451172 0.156250 -0.091309
v -0.449219 0.156250 -0.092773
v -0.451172 0.149414 0.109375
v -0.449219 0.150391 0.108887
v -0.451172 0.150391 0.108398
v -0.453125 0.150391 0.109863
v -0.451172 0.147461 0.110352
v -0.433594 0.148438 -0.090332
v -0.433594 0.148438 -0.098145
v 0.441406 0.149414 -0.097168
v 0.441406 0.147461 -0.088379
v 0.441406 0.168945 -0.088379
v 0.480469 -0.195312 0.189453
v 0.478516 -0.195312 0.188477
v 0.478516 -0.194336 0.184570
v 0.470703 -0.195312 0.181641
v 0.478516 -0.192383 0.183594
v 0.480469 -0.191406 0.188477
v -0.423828 0.146484 -0.097168
v -0.423828 0.145508 -0.095215
v -0.423828 0.147461 -0.097656
v -0.423828 0.148438 -0.096680
v -0.421875 0.148438 -0.097656
v 0.455078 0.159180 0.106934
v 0.457031 0.160156 0.105957
v 0.455078 0.159180 0.105957
v 0.457031 0.159180 0.105957
v 0.455078 0.158203 0.106445
v 0.457031 0.158203 0.105957
v 0.433594 0.148438 -0.096191
v 0.433594 0.146484 -0.095703
v 0.433594 0.145508 -0.096680
v 0.431641 0.146484 -0.096680
v -0.445312 0.170898 0.095215
v -0.447266 0.157227 0.098633
v -0.445312 0.151367 0.099121
v -0.449219 0.149414 -0.092285
v -0.449219 0.156250 -0.090332
v -0.447266 0.162109 -0.089844
v -0.445312 0.148438 -0.091309
v -0.445312 0.157227 -0.090820
v -0.445312 0.162109 -0.089844
v -0.451172 0.156250 -0.096191
v 0.447266 0.155273 0.115723
v 0.447266 0.154297 0.114746
v 0.445312 0.154297 0.115234
v 0.447266 0.154297 0.113281
v 0.447266 0.154297 0.116699
v 0.449219 0.156250 0.116699
v 0.445312 0.154297 0.116211
v 0.460938 -0.024658 -0.139648
v 0.460938 -0.023071 -0.137695
v 0.460938 -0.024292 0.144531
v 0.460938 -0.024414 0.144531
v 0.460938 -0.044678 -0.142578
v -0.425781 0.149414 0.109375
v -0.425781 0.147461 0.108887
v -0.423828 0.149414 0.110840
v -0.425781 0.150391 0.106934
v 0.458984 0.158203 -0.091309
v 0.458984 0.159180 -0.092773
v 0.458984 0.161133 -0.091309
v 0.457031 0.157227 -0.091309
v 0.458984 0.159180 -0.091309
v 0.439453 0.141602 0.107422
v 0.437500 0.141602 0.107422
v 0.439453 0.142578 0.107422
v 0.441406 0.144531 0.108398
v -0.449219 0.142578 0.105469
v -0.451172 0.149414 0.105469
v -0.447266 0.142578 0.105957
v -0.449219 0.149414 0.109863
v -0.449219 0.143555 0.111328
v 0.460938 0.147461 0.107422
v 0.458984 0.147461 0.108887
v 0.457031 0.146484 0.107422
v 0.458984 0.149414 0.105957
v 0.460938 0.148438 0.108398
v 0.457031 0.146484 0.106445
v 0.458984 0.148438 0.109375
v 0.460938 0.147461 0.105957
v -0.425781 0.149414 -0.096680
v -0.423828 0.149414 -0.098145
v -0.421875 0.147461 -0.097656
v -0.425781 0.147461 -0.096191
v -0.425781 0.149414 -0.095215
v 0.455078 0.159180 0.103027
v 0.457031 0.159180 0.103516
v 0.455078 0.158203 0.102539
v 0.453125 0.160156 0.103516
v -0.498047 0.169922 0.191406
v -0.498047 0.168945 0.193359
v -0.498047 0.189453 0.192383
v -0.496094 0.170898 -0.190430
v -0.496094 0.169922 -0.189453
v -0.453125 0.146484 0.106445
v -0.451172 0.145508 0.106934
v -0.453125 0.146484 0.107910
v -0.453125 0.149414 0.108887
v -0.453125 0.151367 0.106445
v -0.453125 0.146484 0.105469
v 0.427734 0.150391 -0.096680
v 0.429688 0.149414 -0.099121
v 0.429688 0.147461 -0.098145
v 0.427734 0.150391 -0.093750
v 0.464844 -0.195312 0.195312
v 0.466797 -0.193359 0.194336
v 0.462891 -0.191406 0.189453
v 0.470703 -0.194336 0.198242
v 0.462891 -0.195312 0.190430
v -0.429688 0.144531 -0.091309
v -0.435547 0.147461 -0.089844
v -0.427734 0.146484 -0.090820
v -0.435547 0.150391 -0.089356
v 0.455078 0.158203 0.103027
v 0.457031 0.160156 0.103027
v 0.457031 0.159180 0.103027
v 0.457031 0.157227 0.103516
v 0.437500 0.144531 -0.094727
v 0.437500 0.144531 -0.096191
v 0.437500 0.143555 -0.095703
v 0.437500 0.143555 -0.094727
v 0.439453 0.143555 -0.094238
v 0.439453 0.145508 -0.095703
v 0.441406 0.145508 -0.094727
v -0.447266 0.162109 0.107910
v -0.449219 0.161133 0.102539
v -0.447266 0.161133 0.108887
v -0.458984 -0.191406 -0.184570
v -0.466797 -0.192383 -0.181641
v -0.458984 -0.194336 -0.183594
v -0.458984 -0.191406 -0.191406
v 0.449219 0.152344 0.115234
v 0.451172 0.152344 0.114746
v 0.453125 0.153320 0.117188
v 0.498047 0.168945 -0.190430
v 0.498047 0.168945 0.189453
v 0.496094 0.168945 -0.191406
v 0.496094 0.169922 -0.192383
v -0.412109 0.146484 0.104980
v -0.410156 0.146484 0.112305
v -0.431641 0.144531 0.111328
v -0.427734 0.145508 0.109863
v -0.429688 0.145508 0.108887
v -0.429688 0.145508 0.109863
v -0.431641 0.145508 0.109863
v 0.464844 -0.190430 -0.181641
v 0.482422 -0.189453 -0.180664
v 0.453125 0.171875 -0.081055
v -0.451172 0.149414 -0.098145
v -0.449219 0.162109 -0.095703
v -0.453125 0.145508 0.105957
v -0.451172 0.145508 0.107422
v 0.433594 0.148438 -0.094727
v 0.453125 0.150391 0.097656
v 0.451172 0.170898 0.094238
v 0.445312 0.150391 0.098144
v 0.453125 0.154297 0.098144
v 0.455078 0.155273 0.007263
v -0.423828 0.146484 -0.093750
v -0.421875 0.145508 -0.094238
v -0.423828 0.148438 -0.094238
v -0.421875 0.146484 -0.096191
v 0.498047 0.188477 0.193359
v 0.496094 0.189453 0.191406
v 0.498047 0.168945 0.192383
v 0.500000 0.169922 0.190430
v 0.500000 0.168945 0.191406
v 0.451172 -0.024780 -0.138672
v 0.453125 -0.043701 -0.142578
v 0.451172 -0.044434 0.146484
v 0.453125 -0.024536 0.144531
v -0.449219 0.156250 0.104980
v -0.451172 0.157227 0.104004
v -0.449219 0.157227 0.103516
v -0.451172 0.156250 0.104492
v -0.449219 0.156250 0.104004
v -0.451172 0.151367 -0.095703
v -0.453125 0.151367 -0.094727
v -0.451172 0.150391 -0.093262
v -0.451172 0.150391 -0.095703
v -0.453125 0.150391 -0.097168
v -0.429688 0.145508 0.104492
v -0.425781 0.147461 0.104492
v -0.433594 0.150391 0.112793
v -0.429688 0.147461 0.112305
v -0.412109 0.150391 0.111816
v -0.425781 0.147461 0.112305
v -0.447266 -0.045166 -0.141602
v -0.447266 -0.045166 0.147461
v -0.457031 -0.045410 0.147461
v -0.455078 -0.045410 -0.141602
v 0.431641 0.146484 0.110352
v 0.429688 0.147461 0.109375
v 0.429688 0.146484 0.109863
v 0.431641 0.144531 0.108887
v -0.451172 0.157227 -0.093262
v -0.451172 0.156250 -0.092285
v -0.449219 0.160156 -0.094727
v -0.451172 0.159180 -0.094238
v -0.449219 0.157227 -0.090332
v -0.449219 0.159180 -0.090820
v -0.451172 0.158203 -0.094238
v -0.449219 0.160156 -0.091309
v -0.449219 0.160156 -0.091797
v -0.451172 0.161133 -0.093750
v -0.449219 0.160156 -0.093262
v -0.449219 0.160156 -0.092285
v -0.451172 0.150391 0.109375
v 0.429688 0.150391 -0.093262
v 0.429688 0.147461 -0.094727
v 0.427734 0.148438 -0.091797
v 0.431641 0.149414 -0.090820
v 0.453125 -0.044922 0.146484
v 0.453125 -0.045166 -0.141602
v 0.460938 -0.045410 -0.140625
v 0.460938 -0.044434 0.146484
v 0.500000 0.168945 0.190430
v 0.498047 0.169922 0.193359
v -0.496094 0.167969 0.193359
v 0.496094 0.170898 0.191406
v 0.498047 0.167969 0.190430
v 0.439453 0.144531 -0.098633
v 0.439453 0.145508 -0.096680
v 0.439453 0.144531 -0.098145
v 0.441406 0.144531 -0.097656
v 0.441406 0.142578 -0.099121
v -0.451172 0.159180 0.107422
v -0.449219 0.159180 0.105957
v -0.451172 0.160156 0.106445
v -0.449219 0.158203 0.106934
v -0.449219 0.158203 0.105957
v -0.447266 0.142578 -0.098633
v -0.451172 0.142578 -0.098633
v 0.433594 0.149414 0.108398
v 0.433594 0.148438 0.109863
v 0.433594 0.150391 0.110352
v 0.431641 0.147461 0.112305
v 0.458984 0.149414 -0.093262
v 0.457031 0.149414 -0.092285
v 0.458984 0.149414 -0.093750
v 0.460938 0.150391 -0.094727
v 0.458984 0.151367 -0.094238
v -0.433594 0.170898 0.114258
v -0.431641 0.170898 0.099121
v -0.445312 0.170898 0.114746
v -0.429688 0.144531 0.104004
v -0.435547 0.147461 0.103516
v -0.433594 0.150391 0.102051
v 0.498047 0.189453 -0.192383
v 0.496094 0.188477 -0.190430
v 0.496094 0.170898 -0.193359
v -0.451172 0.157227 -0.093750
v -0.451172 0.157227 -0.094238
v -0.460938 -0.195312 0.183594
v -0.458984 -0.191406 0.183594
v -0.464844 -0.192383 0.181641
v -0.466797 -0.195312 0.181641
v 0.435547 0.148438 -0.098145
v 0.435547 0.150391 -0.096191
v 0.435547 0.147461 -0.096191
v 0.431641 0.148438 -0.098145
v 0.433594 0.149414 -0.098145
v 0.457031 0.148438 0.108398
v 0.458984 0.150391 0.108398
v 0.457031 0.149414 0.107910
v -0.425781 0.150391 -0.091797
v -0.419922 0.147461 -0.091797
v -0.421875 0.149414 -0.091309
v -0.425781 0.147461 -0.093262
v -0.414062 0.146484 -0.097656
v -0.425781 0.147461 -0.098633
v -0.412109 0.149414 -0.096680
v -0.412109 0.147461 -0.091309
v -0.427734 0.146484 -0.090332
v 0.449219 0.170898 0.007263
v 0.447266 0.170898 0.094727
v 0.441406 0.141602 -0.095215
v 0.439453 0.142578 -0.094727
v 0.439453 0.141602 -0.095703
v 0.439453 0.142578 -0.094238
v 0.441406 0.143555 -0.093750
v -0.451172 0.148438 -0.092773
v -0.451172 0.149414 -0.092773
v -0.451172 0.149414 -0.093262
v -0.453125 0.150391 -0.092285
v -0.453125 0.147461 -0.092773
v -0.451172 0.147461 -0.093262
v 0.445312 0.152344 0.115234
v 0.447266 0.151367 0.115723
v 0.447266 0.152344 0.116211
v 0.445312 0.153320 0.115723
v 0.478516 -0.194336 -0.195312
v 0.478516 -0.192383 -0.196289
v 0.480469 -0.191406 -0.189453
v 0.480469 -0.195312 -0.190430
v 0.470703 -0.195312 -0.197266
v -0.423828 0.148438 0.105469
v -0.419922 0.148438 0.107910
v -0.421875 0.146484 0.105957
v -0.425781 0.148438 0.106445
v -0.423828 0.147461 0.104980
v -0.433594 0.139648 0.106445
v -0.435547 0.144531 0.113281
v 0.457031 0.160156 -0.089356
v 0.458984 0.162109 -0.090820
v 0.457031 0.162109 -0.090332
v 0.458984 0.160156 -0.089844
v 0.457031 0.159180 -0.089844
v 0.427734 0.147461 0.111328
v 0.427734 0.147461 0.107422
v 0.429688 0.147461 0.105957
v 0.429688 0.148438 0.112793
v 0.431641 0.147461 0.110352
v 0.429688 0.147461 0.108398
v -0.451172 0.161133 -0.094238
v -0.451172 0.159180 -0.095215
v -0.449219 0.158203 -0.094238
v -0.457031 -0.044678 -0.141602
v -0.457031 -0.044189 0.146484
v -0.455078 -0.025146 0.143555
v 0.455078 0.149414 -0.096680
v 0.457031 0.149414 -0.096680
v 0.455078 0.142578 -0.097168
v 0.455078 0.157227 -0.096191
v 0.455078 0.157227 -0.095703
v -0.431641 0.140625 0.108887
v -0.429688 0.141602 0.108398
v -0.429688 0.142578 0.109375
v -0.431641 0.143555 0.111816
v -0.429688 0.142578 0.106934
v -0.429688 0.144531 0.107910
v -0.427734 0.144531 0.106934
v -0.431641 0.141602 0.109375
v 0.458984 0.160156 -0.093750
v 0.458984 0.160156 -0.092773
v 0.457031 0.159180 -0.093750
v 0.458984 0.161133 -0.094238
v -0.496094 0.169922 -0.193359
v -0.496094 0.168945 -0.192383
v -0.494141 0.189453 -0.191406
v -0.494141 0.169922 -0.191406
v -0.447266 0.151367 0.007111
v 0.460938 -0.043945 0.146484
v -0.419922 0.148438 -0.093750
v -0.421875 0.148438 -0.095215
v 0.457031 0.150391 0.106934
v 0.457031 0.150391 0.107422
v 0.457031 0.151367 0.106934
v 0.457031 0.150391 0.105957
v 0.435547 0.147461 -0.092773
v 0.433594 0.148438 -0.091797
v 0.429688 0.147461 -0.096680
v 0.431641 0.148438 -0.091309
v -0.494141 0.189453 0.193359
v -0.496094 0.189453 0.193359
v -0.496094 0.188477 0.193359
v -0.451172 0.148438 -0.096680
v -0.451172 0.147461 -0.097168
v -0.453125 0.146484 -0.097168
v -0.453125 0.149414 -0.097656
v -0.453125 0.149414 -0.097168
v 0.427734 0.149414 0.105469
v 0.427734 0.150391 0.107910
v 0.429688 0.149414 0.104980
v 0.441406 0.169922 -0.084961
v -0.433594 0.147461 0.103516
v -0.433594 0.148438 0.112305
v -0.433594 0.167969 0.112305
v -0.431641 0.140625 0.109375
v 0.458984 0.159180 -0.094238
v 0.449219 0.152344 0.117188
v 0.449219 0.151367 0.115723
v 0.447266 0.153320 0.116699
v 0.447266 0.151367 0.116699
v -0.441406 0.172852 0.006195
v -0.445312 0.171875 -0.078125
v -0.468750 -0.191406 0.198242
v -0.466797 -0.194336 0.197266
v -0.466797 -0.195312 0.187500
v -0.457031 -0.195312 0.190430
v -0.472656 -0.194336 0.195312
v -0.474609 -0.195312 0.189453
v -0.460938 -0.195312 0.196289
v 0.435547 0.151367 -0.092773
v 0.458984 0.145508 0.106445
v 0.457031 0.145508 0.106934
v 0.458984 0.146484 0.104492
v 0.458984 0.146484 0.106445
v -0.419922 0.149414 -0.097656
v -0.419922 0.147461 -0.098633
v 0.451172 0.154297 0.116211
v 0.447266 0.155273 0.115234
v 0.451172 0.154297 0.115234
v -0.451172 0.160156 0.104980
v -0.451172 0.159180 0.104004
v -0.449219 0.158203 0.103027
v -0.453125 0.146484 -0.094238
v -0.453125 0.147461 -0.093750
v -0.453125 0.146484 -0.092285
v -0.453125 0.146484 -0.095703
v -0.453125 0.149414 -0.094727
v 0.427734 0.149414 0.109375
v -0.437500 0.151367 0.098144
v -0.437500 0.169922 0.006409
v -0.433594 0.143555 0.111816
v -0.431641 0.141602 0.110840
v -0.431641 0.141602 0.111328
v -0.433594 0.140625 0.109863
v -0.431641 0.141602 0.107910
v 0.457031 0.160156 -0.089844
v 0.457031 0.158203 -0.091309
v 0.435547 0.146484 0.107910
v 0.433594 0.146484 0.108887
v -0.435547 0.169922 -0.101074
v -0.447266 0.170898 -0.100586
v -0.447266 0.170898 -0.081543
v -0.457031 -0.192383 0.189453
v 0.441406 0.150391 -0.098633
v 0.443359 0.149414 -0.099609
v 0.437500 0.144531 -0.099121
v 0.437500 0.147461 -0.097656
v 0.441406 0.145508 -0.099609
v -0.419922 0.149414 -0.092773
v 0.453125 0.162109 0.101562
v 0.455078 0.162109 0.102539
v 0.453125 0.157227 0.104004
v -0.451172 0.157227 0.109863
v -0.455078 -0.024780 -0.138672
v -0.455078 -0.024170 0.144531
v -0.455078 -0.023926 -0.137695
v 0.433594 0.148438 0.109375
v 0.433594 0.145508 0.108887
v 0.433594 0.148438 0.108398
v 0.435547 0.146484 0.108887
v 0.433594 0.148438 0.107422
v 0.457031 0.149414 -0.091309
v 0.455078 0.143555 -0.091309
v 0.457031 0.143555 -0.092285
v 0.457031 0.156250 -0.090332
v 0.455078 0.148438 -0.091309
v -0.421875 0.146484 0.107422
v -0.421875 0.146484 0.107910
v -0.423828 0.145508 0.108398
v 0.496094 0.190430 -0.190430
v -0.453125 0.151367 0.107910
v -0.451172 0.151367 0.107910
v -0.451172 0.151367 0.108398
v -0.449219 0.150391 0.106934
v 0.455078 0.141602 0.105469
v 0.457031 0.148438 0.110352
v 0.457031 0.142578 0.110840
v 0.455078 0.147461 0.104004
v -0.445312 -0.024536 -0.138672
v -0.445312 -0.023926 -0.138672
v 0.453125 0.156250 0.109375
v 0.453125 0.148438 0.111328
v 0.457031 0.156250 0.108398
v 0.453125 0.162109 0.107910
v 0.429688 0.148438 -0.097656
v 0.431641 0.148438 -0.097168
v 0.431641 0.147461 -0.096191
v 0.429688 0.148438 -0.096680
v -0.449219 0.158203 0.103516
v -0.449219 0.159180 0.104004
v -0.458984 -0.192383 0.198242
v -0.476562 -0.190430 0.199219
v 0.433594 0.150391 0.105957
v 0.457031 0.145508 0.107910
v -0.423828 0.148438 -0.093262
v -0.425781 0.146484 -0.094238
v 0.498047 0.190430 0.189453
v -0.435547 0.140625 -0.098633
v -0.433594 0.139648 -0.093262
v -0.433594 0.144531 -0.099609
v 0.441406 0.148438 0.103516
v 0.441406 0.167969 0.103027
v 0.441406 0.149414 0.112305
v -0.433594 0.167969 0.103516
v 0.476562 -0.194336 -0.183594
v -0.419922 0.147461 0.110352
v -0.419922 0.147461 0.108398
v -0.417969 0.149414 0.109863
v -0.419922 0.145508 0.107910
v -0.431641 0.142578 0.106445
v 0.457031 0.158203 -0.092285
v 0.458984 0.160156 -0.093262
v 0.437500 0.146484 0.111816
v 0.435547 0.143555 0.104004
v 0.441406 0.147461 0.112305
v 0.441406 0.150391 0.112793
v 0.437500 0.144531 0.111328
v -0.445312 0.162109 -0.094727
v -0.451172 0.150391 0.105957
v -0.449219 0.148438 0.104492
v -0.453125 0.150391 0.106445
v -0.445312 0.148438 0.105469
v -0.453125 0.147461 0.105469
v -0.453125 0.148438 0.104980
v 0.464844 -0.192383 0.183594
v 0.472656 -0.192383 0.180664
v -0.425781 0.148438 -0.095215
v -0.425781 0.148438 -0.093750
v -0.425781 0.146484 -0.096680
v 0.457031 0.150391 0.105469
v 0.457031 0.149414 0.104980
v 0.457031 0.149414 0.105469
v 0.441406 0.144531 -0.090332
v 0.441406 0.148438 -0.089844
v 0.441406 0.141602 -0.093262
v -0.453125 0.145508 -0.093750
v 0.451172 0.153320 0.118164
v 0.457031 0.150391 -0.095215
v 0.457031 0.151367 -0.095215
v 0.458984 0.151367 -0.095215
v 0.458984 0.150391 -0.095703
v -0.431641 0.144531 0.110840
v 0.455078 0.162109 -0.090332
v 0.457031 0.162109 -0.090820
v 0.457031 0.162109 -0.092285
v 0.455078 0.162109 -0.091797
v -0.496094 0.169922 -0.190430
v -0.496094 0.169922 -0.191406
v -0.451172 0.146484 0.105957
v 0.455078 0.160156 0.105957
v 0.453125 0.161133 0.105469
v -0.494141 0.167969 -0.188477
v -0.496094 0.168945 0.192383
v -0.451172 0.151367 -0.093262
v -0.451172 0.151367 -0.092285
v -0.449219 0.150391 -0.093262
v 0.451172 0.154297 0.115723
v 0.451172 0.152344 0.117188
v -0.421875 0.148438 0.108398
v 0.457031 0.150391 -0.093262
v 0.431641 0.145508 0.105957
v 0.429688 0.144531 0.106445
v 0.429688 0.146484 0.105957
v 0.431641 0.146484 0.105957
v 0.431641 0.144531 0.106445
v -0.498047 0.190430 -0.188477
v -0.498047 0.189453 -0.190430
v -0.496094 0.188477 -0.189453
v -0.451172 0.147461 0.109375
v 0.433594 0.147461 -0.094238
v 0.433594 0.147461 -0.092773
v 0.431641 0.148438 -0.093262
v 0.431641 0.148438 -0.092773
v -0.435547 0.149414 -0.100098
v 0.457031 0.157227 0.104492
v 0.457031 0.157227 0.104980
v 0.457031 0.156250 0.104492
v 0.457031 0.157227 0.106445
v -0.458984 -0.191406 -0.196289
v -0.460938 -0.195312 -0.196289
v 0.431641 0.148438 0.105469
v 0.429688 0.147461 0.106934
v 0.431641 0.147461 0.105957
v 0.460938 0.148438 -0.093262
v 0.460938 0.147461 -0.094238
v 0.460938 0.147461 -0.093750
v 0.458984 0.149414 -0.092285
v 0.458984 0.148438 -0.092285
v 0.460938 0.147461 -0.095215
v 0.457031 0.146484 -0.093750
v 0.458984 0.147461 -0.093262
v -0.423828 0.149414 0.112305
v -0.423828 0.147461 0.111328
v -0.419922 0.147461 0.111816
v -0.419922 0.150391 0.112305
v -0.429688 0.145508 0.109375
v 0.455078 0.163086 -0.093262
v 0.457031 0.143555 -0.097168
v 0.437500 0.143555 0.108398
v 0.437500 0.145508 0.107910
v 0.439453 0.144531 0.109863
v -0.449219 0.161133 -0.090820
v -0.449219 0.161133 -0.092773
v -0.449219 0.160156 -0.090820
v -0.458984 -0.192383 0.196289
v 0.435547 0.147461 -0.099121
v 0.419922 0.149414 -0.098145
v 0.458984 0.148438 0.105957
v 0.457031 0.148438 0.105469
v 0.458984 0.147461 0.105957
v -0.429688 0.144531 -0.098633
v -0.433594 0.144531 -0.090332
v -0.431641 0.140625 -0.093750
v -0.494141 0.189453 0.192383
v 0.500000 0.187500 0.194336
v -0.496094 0.190430 0.193359
v -0.451172 0.150391 0.106445
v -0.451172 0.151367 0.105469
v -0.472656 -0.194336 -0.182617
v -0.464844 -0.193359 -0.180664
v -0.472656 -0.191406 -0.183594
v -0.476562 -0.195312 -0.189453
v 0.431641 0.147461 0.110840
v 0.433594 0.145508 0.109863
v 0.458984 0.148438 -0.096680
v 0.458984 0.148438 -0.096191
v 0.458984 0.146484 -0.095703
v -0.423828 0.146484 0.110352
v -0.423828 0.148438 0.110352
v -0.423828 0.149414 0.109375
v -0.421875 0.147461 0.110840
v 0.453125 0.170898 0.007874
v 0.449219 0.170898 -0.078125
v 0.451172 0.170898 -0.079102
v 0.455078 0.155273 -0.085449
v 0.439453 0.142578 0.110352
v 0.439453 0.140625 0.109863
v 0.439453 0.141602 0.108398
v 0.437500 0.140625 0.109863
v 0.439453 0.140625 0.108887
v -0.445312 0.157227 -0.097168
v 0.472656 -0.193359 0.196289
v -0.425781 0.147461 -0.094238
v -0.425781 0.148438 -0.092285
v -0.431641 0.140625 -0.099121
v 0.445312 0.170898 0.094727
v 0.443359 0.170898 0.007141
v 0.429688 0.148438 -0.094727
v 0.429688 0.148438 -0.094238
v -0.496094 0.191406 0.192383
v -0.496094 0.190430 0.191406
v 0.421875 0.149414 -0.089844
v 0.419922 0.147461 -0.098145
v 0.439453 0.143555 0.110352
v 0.437500 0.142578 0.110840
v 0.439453 0.141602 0.111816
v -0.412109 0.150391 -0.090820
v 0.437500 0.144531 -0.097168
v -0.451172 0.161133 0.106934
v -0.449219 0.161133 0.105957
v -0.451172 0.145508 -0.094727
v 0.460938 0.149414 -0.096680
v 0.458984 0.149414 -0.095703
v 0.460938 0.148438 -0.095703
v -0.419922 0.149414 0.106445
v -0.421875 0.150391 0.104980
v -0.417969 0.150391 0.107422
v -0.417969 0.148438 0.106445
v -0.453125 0.151367 -0.093262
v 0.435547 0.147461 -0.094238
v 0.457031 0.147461 0.105469
v 0.457031 0.148438 0.104492
v 0.457031 0.146484 0.105469
v -0.421875 0.147461 -0.093262
v -0.421875 0.149414 -0.093750
v -0.451172 0.157227 0.105469
v -0.451172 0.156250 0.103516
v -0.451172 0.156250 0.106445
v 0.478516 -0.192383 -0.183594
v 0.470703 -0.191406 -0.181641
v 0.470703 -0.194336 -0.181641
v -0.431641 0.139648 0.107422
v -0.435547 0.144531 0.104492
v -0.429688 0.144531 0.112305
v -0.431641 0.140625 0.113281
v 0.496094 0.169922 -0.191406
v -0.449219 0.161133 -0.093750
v -0.449219 0.143555 -0.091797
v 0.429688 0.147461 0.106445
v -0.421875 0.146484 0.109375
v -0.421875 0.147461 0.105469
v 0.457031 0.161133 -0.093262
v -0.447266 0.157227 -0.086426
v -0.445312 0.151367 -0.085938
v -0.447266 0.170898 0.006653
v -0.447266 0.156250 0.005951
v -0.419922 0.148438 -0.096680
v -0.421875 0.147461 -0.097168
v 0.457031 0.150391 0.108398
v 0.458984 0.150391 0.108887
v 0.439453 0.140625 -0.098145
v 0.431641 0.149414 0.111328
v 0.464844 -0.194336 -0.196289
v 0.470703 -0.196289 -0.189453
v 0.464844 -0.196289 -0.189453
v 0.464844 -0.194336 -0.182617
v 0.462891 -0.190430 -0.190430
v -0.425781 0.148438 0.107910
v 0.441406 0.148438 0.103027
v 0.441406 0.144531 0.104004
v -0.496094 0.190430 -0.191406
v 0.498047 0.191406 -0.192383
v -0.458984 -0.190430 0.181641
v -0.425781 0.149414 -0.092285
v 0.455078 0.161133 0.105469
v 0.455078 0.160156 0.104492
v 0.429688 0.146484 -0.093262
v 0.460938 0.147461 -0.095703
v -0.435547 0.148438 0.113281
v 0.455078 0.162109 -0.088379
v 0.455078 0.163086 -0.094238
v 0.453125 0.163086 -0.087891
v 0.437500 0.142578 0.107910
v 0.439453 0.143555 0.107910
v 0.439453 0.143555 0.107422
v -0.449219 0.156250 0.103516
v -0.445312 0.156250 0.103027
v 0.478516 -0.194336 0.194336
v 0.455078 0.158203 0.104004
v 0.433594 0.146484 -0.094238
v 0.431641 0.146484 -0.092773
v -0.496094 0.167969 -0.190430
v 0.498047 0.169922 -0.191406
v -0.496094 0.167969 0.192383
v 0.441406 0.169922 0.099121
v 0.441406 0.169922 0.113770
v 0.464844 -0.191406 0.181641
v 0.464844 -0.191406 0.196289
v 0.464844 -0.191406 -0.182617
v -0.433594 0.168945 -0.089844
v 0.435547 0.146484 -0.090820
v 0.419922 0.146484 -0.091309
v 0.437500 0.147461 -0.089844
v 0.441406 0.150391 -0.088867
v -0.417969 0.149414 -0.097168
v -0.417969 0.147461 -0.096680
v -0.419922 0.149414 -0.094727
v 0.500000 0.188477 0.190430
v -0.449219 0.161133 0.104004
v -0.449219 0.160156 0.104004
v -0.451172 0.161133 0.105469
v -0.458984 -0.194336 -0.190430
v -0.466797 -0.194336 -0.189453
v 0.496094 0.190430 0.191406
v 0.498047 0.191406 0.190430
v 0.498047 0.192383 -0.190430
v 0.496094 0.191406 -0.189453
v -0.437500 0.169922 -0.079102
v -0.437500 0.151367 -0.084961
v 0.464844 -0.191406 -0.196289
v -0.496094 0.190430 -0.188477
v -0.472656 -0.192383 0.197266
v -0.474609 -0.192383 0.189453
v 0.439453 0.145508 0.109375
v 0.458984 0.145508 -0.094727
v -0.421875 0.148438 0.110840
v -0.447266 -0.023804 0.145508
v -0.447266 -0.024536 0.145508
v 0.470703 -0.195312 0.188477
v -0.425781 0.146484 -0.094727
v -0.425781 0.146484 -0.095703
v -0.421875 0.146484 -0.096680
v 0.445312 0.150391 0.006348
v 0.445312 0.149414 -0.086426
v 0.453125 0.151367 0.008179
v 0.498047 0.190430 0.193359
v 0.457031 0.161133 -0.092773
v 0.451172 0.170898 0.096680
v -0.451172 0.158203 0.106445
v -0.451172 0.158203 0.105957
v -0.464844 -0.193359 -0.196289
v -0.421875 0.145508 0.106934
v -0.449219 0.157227 -0.094238
v 0.464844 -0.194336 0.182617
v -0.419922 0.146484 -0.095215
v -0.423828 0.146484 -0.095215
v 0.451172 0.152344 0.116211
v 0.451172 0.153320 0.116211
v -0.449219 0.158203 0.106445
v -0.451172 0.146484 -0.095703
v 0.451172 -0.024292 -0.138672
v 0.453125 -0.024414 0.144531
v -0.431641 0.143555 0.106934
v -0.431641 0.142578 0.107422
v 0.437500 0.145508 0.110352
v 0.437500 0.144531 0.109863
v -0.445312 0.170898 0.095703
v -0.421875 0.147461 0.109375
v 0.453125 0.170898 0.113770
v 0.484375 -0.191406 0.180664
v 0.484375 -0.192383 0.199219
v 0.433594 0.145508 -0.093262
v -0.498047 0.191406 0.193359
v -0.476562 -0.190430 0.181641
v -0.425781 0.147461 -0.097168
v 0.455078 0.160156 0.104004
v -0.494141 0.189453 -0.189453
v 0.443359 0.170898 -0.101074
v 0.441406 0.167969 -0.097656
v -0.445312 0.162109 0.102051
v -0.464844 -0.190430 -0.196289
v -0.474609 -0.194336 -0.195312
v -0.474609 -0.191406 -0.194336
v 0.435547 0.146484 0.104004
v 0.439453 0.143555 -0.091797
v -0.460938 -0.190430 -0.179688
v -0.433594 0.169922 -0.086426
v -0.429688 0.145508 0.107910
v 0.441406 0.140625 -0.092285
v 0.441406 0.140625 -0.098633
v -0.410156 0.149414 0.105469
v 0.439453 0.140625 0.112793
v 0.439453 0.139648 0.107422
v 0.441406 0.139648 0.106934
v 0.476562 -0.192383 0.194336
v 0.433594 0.145508 -0.095215
v 0.437500 0.143555 0.110352
v 0.437500 0.145508 0.111816
v 0.453125 0.148438 0.104004
v -0.447266 0.142578 0.110840
v -0.445312 -0.044434 0.146484
v -0.425781 0.147461 0.105957
v -0.425781 0.149414 0.105957
v 0.457031 0.161133 -0.092285
v 0.441406 0.140625 -0.098145
v -0.472656 -0.191406 0.184570
v -0.472656 -0.195312 0.183594
v 0.441406 0.144531 0.113281
v 0.441406 0.140625 0.112793
v -0.437500 0.150391 0.007263
v 0.419922 0.149414 0.111816
v 0.435547 0.146484 0.111816
v 0.455078 0.151367 -0.084961
v 0.453125 0.170898 -0.099609
v 0.484375 -0.190430 -0.198242
v 0.464844 -0.190430 -0.196289
v -0.498047 0.168945 0.192383
v 0.445312 0.170898 -0.077637
v 0.433594 0.149414 -0.097656
v 0.449219 0.154297 0.114258
v 0.437500 0.143555 0.108887
v -0.445312 -0.044190 -0.140625
v -0.449219 0.158203 -0.090332
v -0.435547 0.148438 -0.099609
v -0.429688 0.147461 -0.098145
v 0.446875 0.170898 -0.009326
v -0.466068 -0.192486 0.190057
v -0.440236 0.170161 0.007309
v -0.435547 0.170898 0.093750
v -0.443359 0.171875 -0.078613
v 0.430570 0.149508 0.108392
v 0.429688 0.149414 0.111816
v 0.471428 -0.191778 -0.189694
v 0.470703 -0.192383 -0.197266
v 0.433594 0.150391 -0.091309
v -0.450683 -0.034541 -0.140142
v -0.423339 0.148575 0.108337
v 0.431461 0.148555 -0.095110
v 0.433594 0.147461 -0.093750
v -0.466308 -0.191091 -0.189678
v -0.474609 -0.191406 -0.189453
v 0.471926 -0.192574 0.188833
v 0.437502 0.148837 0.108809
v 0.441406 0.151367 0.103027
v -0.451427 -0.034588 0.146051
v -0.433594 0.140625 0.113281
v -0.429067 0.141764 0.108283
v 0.454622 0.152949 -0.093039
v 0.455078 0.156250 -0.090332
v -0.422257 0.149596 0.108632
v 0.456565 -0.034318 -0.141241
v 0.453755 0.152720 0.106722
v 0.453125 0.163086 0.107422
v 0.453125 0.142578 0.104980
v 0.455078 0.143555 0.111328
v -0.423200 0.147961 -0.095151
v -0.446399 0.152763 -0.094060
v -0.447266 0.142578 -0.091797
v -0.445312 0.149414 -0.098145
v -0.430496 0.147859 -0.094938
v -0.497070 0.190431 -0.093262
v -0.496094 0.189453 -0.189453
v -0.447429 0.152503 0.106888
v -0.445312 0.156250 0.109863
v -0.447266 0.149414 0.111328
v 0.456787 -0.034427 0.145472
v 0.003906 0.167969 0.107544
v 0.441406 0.167969 0.111328
v -0.433594 0.168945 -0.098145
v 0.003906 0.168943 -0.093520
vn -0.6029 0.2196 -0.7670
vn 0.0206 0.8002 -0.5994
vn 0.1874 -0.1188 -0.9751
vn -0.7202 -0.1922 0.6666
vn -0.3747 -0.8743 -0.3086
vn -0.0832 -0.7426 -0.6645
vn -0.0976 -0.9781 0.1840
vn -0.6386 0.6209 0.4546
vn -0.3707 0.7020 -0.6081
vn 0.5298 -0.6623 -0.5298
vn 0.9363 -0.3511 -0.0000
vn 0.6247 -0.4685 0.6247
vn 0.4841 -0.8301 -0.2767
vn 0.4685 -0.6247 0.6246
vn -0.4791 -0.8515 0.2129
vn -0.9138 -0.0000 0.4061
vn -0.5645 -0.4159 -0.7130
vn 0.1422 -0.8966 -0.4194
vn -0.6905 -0.1023 0.7161
vn 0.1590 -0.8179 0.5530
vn 0.9667 -0.0803 0.2429
vn 0.1121 0.0708 -0.9912
vn 0.3054 0.9113 -0.2761
vn 0.7071 0.7071 -0.0000
vn 0.8264 -0.1159 -0.5511
vn 0.1413 -0.3322 0.9326
vn 0.8320 0.5548 0.0014
vn 0.9945 -0.1047 -0.0000
vn 0.1373 -0.5494 0.8242
vn -0.5186 -0.2074 0.8295
vn -0.3802 0.1522 0.9123
vn -0.6965 -0.5969 0.3982
vn 0.0624 -0.9981 -0.0000
vn 0.2874 0.5747 0.7662
vn -0.3180 0.4240 0.8480
vn 0.2074 0.5185 0.8296
vn -0.2427 0.0001 0.9701
vn -0.4082 0.4083 0.8165
vn -0.0003 -0.7794 0.6265
vn -0.0025 -0.3752 0.9269
vn -0.0011 -0.9999 -0.0149
vn 0.0015 -0.4122 -0.9111
vn 1.0000 -0.0000 -0.0000
vn -0.0894 -0.1054 0.9904
vn -0.0016 0.2010 0.9796
vn 0.6144 -0.5998 -0.5127
vn 0.6936 -0.7200 -0.0220
vn 0.0343 -0.9994 -0.0000
vn 0.1043 -0.7553 -0.6471
vn 0.2261 0.8439 -0.4865
vn 0.4272 0.9036 0.0309
vn 0.0559 -0.4465 -0.8930
vn -0.0933 -0.9701 -0.2239
vn -0.0559 -0.4466 -0.8930
vn -0.2225 0.9187 -0.3263
vn 0.1840 -0.4200 -0.8887
vn 0.2177 0.1811 -0.9591
vn 0.0820 0.1639 0.9831
vn 0.2426 0.7761 0.5821
vn -0.3492 0.4191 0.8381
vn 0.8944 -0.0000 0.4473
vn -0.0000 -0.0001 1.0000
vn 0.9079 -0.0000 0.4191
vn 0.4853 -0.7571 -0.4374
vn 0.6821 0.6326 -0.3668
vn 0.8422 0.0886 -0.5318
vn -0.7191 -0.5685 -0.3997
vn 0.2029 0.5843 -0.7857
vn -0.3848 -0.9013 -0.1991
vn 0.1217 0.1946 0.9733
vn -0.5803 0.5663 0.5852
vn 0.3504 0.9004 0.2579
vn -0.6707 0.7412 0.0286
vn 0.9115 -0.2096 0.3538
vn 0.7289 0.6795 0.0833
vn -0.9993 0.0036 0.0383
vn -0.9480 -0.3100 0.0716
vn -0.5159 0.0482 0.8553
vn -0.8839 0.1610 -0.4391
vn -0.7839 -0.0813 0.6156
vn -0.5970 0.6966 0.3980
vn -0.6705 0.7090 -0.2184
vn 0.4805 -0.1927 0.8556
vn 0.7240 -0.1867 0.6641
vn 0.1301 0.6502 0.7485
vn -0.4927 0.8689 -0.0481
vn -0.5774 0.5773 -0.5773
vn -0.6163 0.7043 -0.3522
vn 0.7905 0.5243 -0.3166
vn -0.2894 0.8972 -0.3336
vn -0.3506 0.0573 0.9348
vn -0.6449 0.3265 0.6910
vn 0.8600 0.5079 0.0492
vn 0.0338 0.9988 -0.0354
vn 0.6080 0.7938 -0.0117
vn 0.9894 -0.0357 0.1408
vn -0.6592 -0.7518 -0.0154
vn -0.4475 0.7890 0.4210
vn -0.6053 -0.7857 0.1276
vn -0.6775 0.5480 0.4906
vn -0.7339 0.6792 -0.0000
vn 0.7627 -0.4112 0.4992
vn 0.7759 -0.5643 -0.2821
vn 0.9226 0.3195 -0.2161
vn 0.3081 -0.8977 0.3149
vn 0.3419 -0.2279 0.9117
vn 0.0562 0.4682 -0.8818
vn 0.6667 -0.3333 -0.6667
vn -0.6049 -0.6798 -0.4147
vn 0.2673 0.5345 -0.8018
vn -0.3610 -0.8641 0.3509
vn -0.9567 -0.2897 0.0290
vn -0.8011 -0.1617 -0.5762
vn 0.6039 -0.3956 -0.6920
vn -0.8554 -0.1321 0.5008
vn -0.8525 -0.4208 0.3100
vn 0.6661 -0.7172 0.2048
vn 0.3761 -0.8467 0.3763
vn 0.5659 -0.8084 0.1617
vn 0.6150 0.6735 -0.4101
vn 0.8550 0.4987 0.1425
vn 0.3983 -0.7964 0.4551
vn 0.0356 -0.0712 0.9968
vn 0.7927 -0.3657 -0.4878
vn -0.5571 -0.3714 -0.7428
vn -0.2386 -0.1790 -0.9545
vn -0.2425 -0.7621 -0.6004
vn -0.6516 -0.5923 -0.4739
vn -1.0000 -0.0000 -0.0000
vn 0.1961 0.5884 -0.7844
vn 0.0001 0.5547 -0.8320
vn 0.4472 -0.0000 -0.8944
vn 0.2120 0.7420 -0.6360
vn -0.4556 -0.0212 0.8900
vn -0.9076 -0.3422 0.2431
vn -1.0000 0.0003 -0.0051
vn -0.6730 -0.5699 -0.4715
vn -1.0000 -0.0015 -0.0051
vn -0.9975 -0.0668 0.0226
vn -1.0000 -0.0043 -0.0042
vn -1.0000 -0.0052 -0.0051
vn -0.9798 -0.2000 -0.0000
vn -0.6667 -0.6667 0.3333
vn -0.8363 -0.3041 0.4562
vn -0.9327 0.1036 0.3454
vn -0.9567 0.2527 0.1444
vn -0.9583 -0.1278 0.2556
vn -0.6876 0.7212 0.0840
vn -0.1598 -0.6546 -0.7389
vn -0.3602 -0.7992 -0.4812
vn -0.0528 0.5292 -0.8468
vn -0.7896 0.5865 0.1805
vn -0.2982 -0.2344 0.9253
vn -0.0793 0.9425 0.3247
vn -0.6803 0.7280 0.0852
vn -0.1310 -0.1142 0.9848
vn -0.2491 -0.9684 -0.0094
vn -0.9052 -0.2845 0.3157
vn 0.5002 -0.4621 0.7323
vn 0.1682 -0.9724 0.1615
vn -0.8054 0.4330 0.4048
vn -0.2099 -0.5692 0.7949
vn 0.0001 -0.2424 -0.9702
vn 0.8238 0.5070 -0.2535
vn 0.1622 -0.1622 -0.9733
vn 0.7804 0.5204 0.3468
vn -0.4073 0.6109 0.6789
vn -0.5072 0.8451 -0.1690
vn -0.8213 -0.3883 -0.4180
vn -0.5145 -0.5145 0.6860
vn -0.2102 0.1801 0.9609
vn -0.4143 0.9097 0.0301
vn -0.1708 0.5466 0.8198
vn 0.2414 0.9609 0.1353
vn 0.4384 0.6138 -0.6566
vn -0.8801 0.4353 -0.1894
vn -0.7930 0.4677 0.3902
vn 0.9012 0.1996 0.3847
vn 0.2042 0.9444 0.2578
vn 0.0010 0.7892 0.6142
vn 0.7970 -0.3731 0.4749
vn 0.7353 0.6757 -0.0520
vn 0.4482 -0.7122 -0.5403
vn -0.8478 -0.4313 -0.3086
vn 0.6904 -0.4006 0.6024
vn 0.4851 -0.7276 0.4850
vn -0.3425 -0.9098 0.2345
vn 0.5214 -0.7866 0.3307
vn 0.8406 0.1151 0.5292
vn -0.0317 -0.9975 -0.0624
vn -0.5978 -0.3314 -0.7299
vn 0.0064 -0.0256 -0.9997
vn -0.4363 0.3950 0.8085
vn 0.3778 -0.8509 -0.3649
vn 0.6766 0.6478 0.3501
vn 0.1613 0.6891 0.7065
vn 0.0689 -0.9640 0.2570
vn 0.2558 -0.7686 -0.5863
vn -0.0000 0.9231 0.3845
vn 0.2311 0.6530 0.7213
vn 0.5759 0.7940 0.1946
vn 0.7022 0.1171 -0.7023
vn -0.1374 0.8242 0.5494
vn -0.0000 1.0000 -0.0000
vn -0.0386 -0.2685 0.9625
vn -0.6297 -0.2715 0.7278
vn 0.3071 -0.8746 0.3752
vn -0.2646 -0.2659 0.9270
vn -0.1473 0.9877 -0.0520
vn 0.0529 0.8061 -0.5895
vn -0.6570 0.7499 -0.0774
vn 0.9966 0.0820 -0.0043
vn -0.3610 -0.8641 0.3508
vn 0.7103 0.0983 -0.6970
vn 0.8676 -0.0630 -0.4932
vn -0.8656 0.0890 -0.4928
vn 0.3182 -0.4238 -0.8480
vn 0.2673 -0.8018 -0.5345
vn 0.4961 0.8681 0.0171
vn 0.6306 -0.4229 0.6508
vn 0.5995 0.2040 0.7739
vn 0.0432 0.5525 0.8324
vn -0.6488 -0.6686 0.3634
vn 0.4560 -0.8499 -0.2641
vn 0.1549 0.1114 0.9816
vn 0.9750 -0.1684 -0.1452
vn 0.6692 -0.6461 0.3669
vn -0.1907 -0.4767 0.8581
vn 0.6097 -0.5352 0.5847
vn 0.7937 -0.5849 0.1671
vn 0.9547 -0.2162 0.2043
vn 0.9490 0.1292 0.2876
vn 0.4636 0.7210 0.5150
vn 1.0000 0.0001 -0.0000
vn -0.0000 -0.0000 -1.0000
vn 0.4472 -0.0000 0.8944
vn 0.7019 0.3420 -0.6248
vn 0.8942 0.0224 0.4471
vn 0.8275 0.1052 0.5516
vn 0.7151 -0.0332 0.6983
vn -0.8090 -0.4235 -0.4076
vn -0.2127 -0.7925 0.5716
vn -0.7259 0.5247 0.4447
vn -0.9955 -0.0924 -0.0219
vn -0.7531 0.0779 -0.6533
vn 0.1374 -0.8242 -0.5494
vn -0.7454 -0.5963 -0.2980
vn -0.0880 -0.7043 -0.7044
vn -0.6000 -0.8000 -0.0000
vn 0.6668 -0.3333 -0.6665
vn -0.2682 0.8944 0.3578
vn -0.2956 0.6755 -0.6755
vn 0.4473 0.8944 -0.0000
vn -0.7442 0.6202 -0.2480
vn -0.7022 0.6936 -0.1609
vn -0.0185 -0.7723 0.6350
vn 0.3011 -0.8230 -0.4817
vn 0.3393 -0.4213 0.8411
vn 0.3927 0.9074 0.1499
vn -0.3778 -0.6991 0.6070
vn -0.3875 -0.3017 -0.8711
vn -0.2523 -0.8495 -0.4633
vn 0.4772 -0.7947 0.3752
vn -0.1032 -0.9939 0.0387
vn -0.2182 -0.4365 0.8729
vn -0.6000 -0.0000 0.8000
vn -0.7124 -0.5480 0.4384
vn -0.0468 -0.2064 0.9773
vn -0.2989 -0.8968 0.3261
vn 0.5234 -0.3177 0.7907
vn -0.8042 0.5244 0.2797
vn -0.9800 0.0891 0.1782
vn -1.0000 0.0001 -0.0000
vn -0.8445 0.1297 0.5196
vn -0.6838 0.5698 -0.4558
vn -0.4686 0.6249 0.6245
vn -0.9285 -0.3713 0.0001
vn -0.9701 0.2426 -0.0000
vn -0.0238 0.9997 -0.0000
vn -0.5039 -0.8638 -0.0000
vn -0.7777 -0.4445 0.4445
vn -0.6659 0.7173 0.2051
vn -0.4472 -0.0000 0.8944
vn -0.3857 0.9200 0.0697
vn -0.3718 -0.9248 -0.0810
vn -0.5927 -0.6187 0.5157
vn -0.2494 0.5486 0.7980
vn -0.6150 -0.5172 0.5952
vn -0.0154 -0.8782 -0.4781
vn 0.6310 -0.7741 0.0509
vn 0.1238 -0.9915 0.0398
vn 0.7454 -0.5962 -0.2982
vn -0.0014 0.7071 0.7071
vn -0.0013 0.8940 0.4481
vn 0.0016 -0.8320 0.5548
vn -0.5269 0.5639 -0.6359
vn 0.0751 -0.9668 -0.2442
vn -0.7280 0.6831 0.0580
vn -0.1112 0.8888 -0.4446
vn 0.7093 0.6305 -0.3152
vn 0.3982 0.1138 0.9102
vn -0.7145 -0.6496 0.2599
vn -0.5570 -0.3713 -0.7428
vn 0.4281 -0.4713 -0.7711
vn -0.7960 -0.5880 -0.1435
vn 0.3285 -0.8619 0.3862
vn 0.9583 -0.1129 0.2626
vn 0.6901 -0.7201 -0.0717
vn -0.3269 -0.4454 -0.8335
vn 0.8896 0.3787 -0.2554
vn 0.4614 0.8654 0.1952
vn 0.5152 -0.3435 0.7852
vn 0.4790 0.2130 0.8516
vn 0.2294 0.6883 0.6882
vn 0.2962 0.8292 0.4740
vn 0.8496 0.5274 -0.0000
vn 0.2722 0.6804 0.6804
vn 0.7489 0.0991 0.6552
vn 0.5615 -0.8021 0.2033
vn 0.9915 -0.0409 0.1236
vn 0.0406 0.2224 0.9741
vn 0.7357 -0.4030 -0.5445
vn -0.7246 0.6299 0.2795
vn -0.2760 0.7858 -0.5535
vn -0.0010 0.0996 -0.9950
vn -0.0001 0.0525 -0.9986
vn 0.7284 -0.1016 0.6776
vn 0.5445 0.0418 -0.8377
vn 0.8504 -0.0865 0.5190
vn -0.0010 -0.0000 -1.0000
vn -0.0010 -0.0006 -1.0000
vn -0.0010 -0.0014 -1.0000
vn 0.7220 -0.3094 0.6188
vn -0.4474 -0.8943 -0.0000
vn -0.2357 -0.2357 -0.9428
vn 0.4542 0.4169 -0.7874
vn 0.5707 -0.5610 -0.5997
vn -0.3094 -0.6751 -0.6698
vn 0.2305 0.9454 -0.2304
vn -0.3916 0.7702 -0.5034
vn 0.5185 -0.2074 -0.8295
vn 0.5416 0.8250 -0.1615
vn 0.7008 -0.6893 -0.1838
vn -0.4309 0.8308 -0.3522
vn 0.1740 0.6964 -0.6963
vn -0.4364 0.2182 0.8729
vn -0.4444 0.1113 0.8889
vn -0.2182 -0.4364 0.8729
vn 0.1719 -0.7056 0.6875
vn 0.1476 -0.0984 0.9841
vn -0.4797 -0.6852 0.5481
vn 0.1040 -0.9755 -0.1940
vn 0.0141 -0.7764 -0.6301
vn 0.2468 -0.3245 -0.9131
vn 0.3228 -0.8586 0.3983
vn 0.1455 -0.8535 0.5004
vn 0.7330 0.6433 0.2209
vn -0.2672 -0.7581 0.5949
vn -0.8867 -0.4525 0.0949
vn -0.1759 -0.9790 0.1029
vn -0.1622 0.1623 0.9733
vn -0.0021 -0.1580 0.9874
vn 0.2358 0.2358 0.9428
vn 0.1150 -0.1433 0.9830
vn -0.5167 -0.3179 0.7949
vn -0.9988 0.0457 -0.0183
vn -0.4073 0.0916 0.9087
vn 0.2185 -0.4367 0.8727
vn -0.5571 -0.3714 0.7428
vn -0.2481 -0.6201 0.7442
vn -0.4083 -0.4081 0.8165
vn -0.5413 -0.2952 0.7873
vn 0.5571 -0.4807 -0.6772
vn 0.1256 0.9531 -0.2755
vn 0.5568 0.8293 0.0477
vn 0.3402 0.5915 -0.7311
vn 0.3034 -0.9511 0.0574
vn 0.0219 -0.9028 -0.4295
vn 0.0926 0.7637 -0.6389
vn 0.7112 0.6394 -0.2922
vn 0.5921 -0.3604 -0.7208
vn -0.6050 0.7333 -0.3102
vn -0.0857 0.5418 -0.8361
vn -0.6657 -0.7326 -0.1419
vn 0.1200 0.5055 -0.8544
vn 0.4340 -0.6610 0.6121
vn -0.9518 -0.1802 0.2481
vn 0.2329 0.2794 0.9315
vn 0.3979 0.6965 0.5971
vn 0.1961 0.5884 0.7845
vn 0.7778 -0.4445 0.4444
vn 0.8944 -0.4472 -0.0000
vn -0.7462 -0.4975 0.4423
vn -0.6407 -0.7645 -0.0705
vn -0.0769 -0.9883 0.1318
vn -0.3099 -0.7078 -0.6348
vn 0.2523 -0.8014 -0.5423
vn -0.0588 -0.7059 0.7059
vn -0.2592 -0.9502 0.1728
vn -0.8340 -0.5306 -0.1516
vn -0.2673 -0.5345 0.8018
vn -0.2414 -0.0966 0.9656
vn -0.6000 -0.0000 -0.8000
vn -0.2433 -0.8553 -0.4575
vn -0.9764 -0.0166 0.2155
vn -0.9505 -0.1705 0.2599
vn 0.6000 0.7269 -0.3340
vn -0.8253 0.5400 0.1655
vn -0.3587 0.8016 0.4783
vn -0.7422 0.0938 -0.6636
vn 0.4167 0.2083 -0.8849
vn -0.9354 -0.1501 -0.3202
vn -0.9937 0.0273 -0.1089
vn 0.9852 0.0379 -0.1673
vn 0.7687 -0.4509 0.4536
vn 0.6165 -0.3521 0.7042
vn 0.5571 -0.7428 -0.3713
vn 0.5337 -0.2676 0.8022
vn 0.8255 -0.2907 0.4838
vn 0.5454 -0.6364 -0.5455
vn 0.6204 0.7440 -0.2480
vn 0.6667 0.3334 -0.6666
vn 0.8363 -0.4562 -0.3041
vn 0.8955 0.1991 -0.3980
vn 0.1360 0.9526 -0.2721
vn 0.0010 -1.0000 -0.0010
vn -1.0000 -0.0000 -0.0002
vn -0.9030 0.0226 -0.4290
vn -0.8462 0.0505 -0.5304
vn -0.1373 -0.8242 -0.5494
vn -0.9487 -0.3161 0.0033
vn -0.0000 -1.0000 -0.0000
vn -0.9998 0.0051 0.0212
vn 0.6280 -0.6152 0.4765
vn 0.5947 -0.7973 0.1033
vn 0.7822 -0.6147 -0.1018
vn 0.3070 0.8346 0.4574
vn 0.7443 0.6678 -0.0001
vn 0.4473 0.8944 -0.0001
vn -1.0000 -0.0001 -0.0000
vn 0.4651 -0.7424 0.4823
vn 0.4798 -0.7360 0.4777
vn 0.2283 0.4515 0.8625
vn 0.0790 -0.9967 -0.0161
vn 0.1505 -0.9886 -0.0000
vn 0.1220 -0.5693 0.8131
vn 0.7482 0.0889 0.6575
vn 0.9918 -0.0902 -0.0905
vn 0.2182 0.4364 0.8729
vn -0.0150 -0.0298 0.9994
vn -0.8705 0.1564 0.4667
vn 0.7890 -0.0862 0.6083
vn -0.0486 0.2741 -0.9605
vn 0.3419 0.2280 -0.9117
vn 0.2381 -0.1905 -0.9524
vn -0.7241 -0.4138 -0.5517
vn -0.4702 -0.6473 0.6000
vn -0.5073 0.5315 -0.6783
vn -0.5853 0.8108 -0.0000
vn -0.0773 0.7767 -0.6251
vn -0.5980 -0.7691 -0.2254
vn 0.0011 -0.9923 0.1239
vn 0.0004 -0.7530 -0.6580
vn 0.0009 -0.3714 0.9285
vn 0.0011 -0.4104 -0.9119
vn 0.0011 -0.0000 1.0000
vn -0.0001 0.0526 0.9986
vn 0.8028 -0.5073 0.3133
vn -0.2984 -0.7452 -0.5963
vn 0.3714 -0.5571 -0.7428
vn -0.7070 -0.7072 -0.0000
vn -0.4176 -0.1285 0.8995
vn 0.9390 -0.2868 0.1898
vn -0.0452 0.9139 -0.4034
vn -0.7035 0.3429 -0.6225
vn 0.0105 -0.7236 0.6902
vn 0.0644 0.5557 0.8289
vn -0.0214 0.9201 0.3912
vn -0.0035 -0.9980 0.0624
vn 0.1314 -0.9910 0.0263
vn -0.0980 -0.7546 0.6488
vn -0.6343 -0.7571 0.1566
vn -0.1837 -0.9804 0.0715
vn 0.2684 0.8337 0.4827
vn 0.6396 -0.6396 0.4264
vn -0.0000 -0.9701 -0.2427
vn 0.1571 -0.5234 -0.8375
vn 0.6247 -0.4686 0.6246
vn 0.1475 0.4423 -0.8846
vn 0.1832 -0.4396 -0.8793
vn 0.2066 0.9682 0.1412
vn -0.0096 0.9991 0.0425
vn 0.2357 0.9428 -0.2357
vn -0.9488 0.2233 -0.2233
vn -0.4083 0.4083 -0.8164
vn 0.9441 0.3116 -0.1073
vn -0.9128 -0.3652 0.1826
vn 0.1284 -0.9899 -0.0606
vn -0.7865 -0.5992 -0.1498
vn -0.2886 -0.8558 -0.4293
vn 0.7381 0.6747 -0.0040
vn -0.5720 -0.7735 0.2729
vn 0.6338 -0.7015 0.3258
vn 0.1622 0.1622 0.9733
vn 0.4474 -0.8943 -0.0000
vn 0.4470 -0.8945 -0.0000
vn 0.6396 -0.6395 0.4264
vn 0.4082 -0.4082 0.8165
vn 0.6690 -0.4459 -0.5946
vn 0.4472 -0.8944 -0.0000
vn -0.2698 -0.8149 -0.5129
vn 0.0712 0.9975 -0.0000
vn 0.6217 0.7794 -0.0780
vn 0.5654 0.6202 -0.5438
vn -0.9967 0.0810 -0.0000
vn 0.6613 0.7490 0.0417
vn -0.3651 0.1823 -0.9130
vn -0.3118 0.2834 -0.9069
vn -0.8109 -0.3973 -0.4297
vn -0.5240 -0.7617 -0.3811
vn -0.0293 -0.0878 -0.9957
vn 0.8428 0.2407 0.4815
vn -0.5376 0.5018 -0.6777
vn 0.0569 0.9916 0.1163
vn 0.8321 0.5547 -0.0000
vn 0.7381 0.1590 -0.6557
vn -0.5853 -0.1427 -0.7982
vn -0.8189 0.2458 0.5186
vn -0.7257 0.0191 -0.6877
vn 0.5201 0.0912 0.8492
vn -0.7699 0.5863 0.2521
vn -0.0871 0.9955 -0.0375
vn 0.6326 0.5650 0.5297
vn 0.8544 0.0854 0.5126
vn 0.5571 0.3714 0.7428
vn 0.6623 0.5298 -0.5298
vn 0.9820 0.0716 0.1749
vn -0.0806 -0.7655 0.6384
vn 0.8157 -0.0002 0.5784
vn 0.9662 0.0424 0.2543
vn -0.4991 -0.0836 0.8625
vn 0.6000 -0.8000 -0.0000
vn 0.6364 -0.5455 0.5454
vn 0.0001 0.3162 -0.9487
vn 0.3549 0.9126 -0.2027
vn -0.0308 -0.9946 0.0991
vn -0.5918 -0.4483 -0.6699
vn 0.1111 0.8890 -0.4442
vn 0.8867 -0.2169 -0.4084
vn 0.9863 0.0205 0.1639
vn 0.7029 -0.6748 0.2250
vn 0.8757 -0.1397 -0.4622
vn -0.5280 -0.7240 -0.4438
vn 0.9999 0.0012 -0.0118
vn 0.7692 0.0766 -0.6344
vn 0.9702 0.0690 0.2325
vn 0.4187 -0.3418 -0.8413
vn -0.6849 0.1620 0.7104
vn -0.7523 -0.0348 0.6579
vn 0.8907 0.1609 0.4252
vn 0.7641 0.4561 0.4562
vn -0.1973 0.5813 -0.7894
vn -0.4038 -0.7208 0.5634
vn -0.9042 -0.2620 0.3374
vn 0.8338 0.2930 -0.4679
vn -0.3676 0.2941 -0.8823
vn 0.0785 0.2205 0.9722
vn -0.9993 0.0377 -0.0000
vn -0.8463 -0.4908 0.2073
vn -0.9963 0.0862 -0.0000
vn 0.2311 0.8316 -0.5050
vn 0.8018 -0.2672 -0.5345
vn 0.1599 -0.3251 0.9321
vn -0.3848 -0.4687 0.7951
vn -0.3333 -0.6667 0.6666
vn 0.9045 -0.3015 0.3016
vn 1.0000 -0.0001 -0.0000
vn 0.4057 0.2054 -0.8906
vn -0.9906 0.1085 0.0834
vn 0.4294 -0.6886 -0.5843
vn -0.7548 -0.5230 -0.3959
vn -0.5862 0.0831 -0.8059
vn -0.0944 0.0988 -0.9906
vn -0.0006 0.1902 -0.9818
vn 0.5697 -0.6838 0.4559
vn 0.1518 0.1455 0.9776
vn 0.2558 -0.5949 0.7620
vn 0.9029 -0.3439 0.2579
vn 0.4760 0.4917 0.7291
vn 0.8089 -0.1718 0.5623
vn 0.8729 -0.4364 0.2182
vn 0.8095 0.5486 0.2090
vn 0.3513 -0.9245 -0.1479
vn 0.4089 -0.5843 -0.7010
vn 0.1654 -0.8821 -0.4411
vn 0.0790 -0.3924 0.9164
vn -0.7094 -0.5132 -0.4830
vn -0.7743 0.0291 0.6322
vn 0.8491 -0.1279 0.5125
vn 0.6170 0.2713 0.7387
vn -0.3218 -0.3559 -0.8774
vn 0.0913 -0.7725 0.6284
vn 0.7658 0.4573 -0.4522
vn -0.1622 0.1622 -0.9733
vn -0.2808 0.3370 -0.8986
vn -0.1448 0.3475 -0.9264
vn -0.0954 0.2860 -0.9535
vn 0.6443 -0.7562 -0.1143
vn -0.3161 -0.0000 -0.9487
vn -0.1562 0.3123 -0.9371
vn -0.0749 0.9785 -0.1920
vn -0.0083 0.9051 -0.4252
vn -0.7282 -0.1469 -0.6695
vn -0.6262 0.7497 -0.2142
vn -0.3579 0.9337 -0.0000
vn -0.7014 -0.5602 -0.4407
vn -0.7883 -0.4970 -0.3627
vn 0.2563 0.6835 -0.6835
vn 0.2426 -0.0000 -0.9701
vn -0.6389 -0.3440 0.6881
vn -0.0685 -0.3563 0.9319
vn -0.7164 -0.5396 0.4423
vn -0.7774 -0.6062 -0.1681
vn -0.8320 -0.5547 0.0001
vn -0.1240 -0.0000 0.9923
vn 0.6190 0.3960 -0.6783
vn -0.1374 0.5494 -0.8242
vn 0.0464 0.9275 -0.3710
vn 0.2438 0.4709 -0.8478
vn 0.1374 0.5495 -0.8241
vn -0.3333 0.6668 0.6666
vn 0.1790 0.9545 -0.2386
vn 0.2261 0.9044 -0.3619
vn -0.1111 0.8889 -0.4444
vn -0.0000 -0.9487 0.3162
vn -0.4467 0.0496 -0.8933
vn -0.9701 -0.2427 -0.0000
vn 0.2673 -0.5345 -0.8018
vn -0.5005 -0.4176 0.7584
vn 0.1645 0.9864 -0.0001
vn -0.0819 0.1639 0.9831
vn -0.4860 -0.7250 -0.4881
vn 0.0010 -0.0001 1.0000
vn -0.4472 -0.8944 -0.0000
vn -1.0000 -0.0000 -0.0051
vn 0.3980 0.8955 0.1990
vn 0.1561 0.3124 0.9370
vn 0.8944 0.4472 -0.0000
vn 0.1961 0.9806 -0.0000
vn 0.1960 0.5884 0.7844
vn 0.7531 0.4251 0.5021
vn -0.1111 0.8889 0.4445
vn 0.0469 -0.6577 -0.7518
vn -0.7071 -0.7071 -0.0001
vn -0.3163 -0.0000 -0.9487
vn -0.0000 -0.1644 -0.9864
vn 0.4686 -0.6246 -0.6247
vn 0.4856 -0.0000 -0.8742
vn 0.2184 0.8727 -0.4366
vn 0.0554 0.0554 -0.9969
vn -0.4469 -0.0470 0.8933
vn -0.4634 0.0647 -0.8838
vn -0.7453 -0.2981 0.5963
vn 0.5075 0.8612 -0.0267
vn 0.4376 -0.3432 0.8311
vn -0.3020 -0.5763 0.7594
vn 0.8177 0.1778 0.5475
vn -0.2543 0.5437 0.7998
vn 0.2594 -0.8135 -0.5205
vn -0.5575 0.5792 -0.5947
vn 0.1741 0.6963 0.6963
vn -0.0692 -0.5534 -0.8301
vn 0.7454 0.2981 0.5963
vn 0.3521 0.8450 -0.4024
vn 0.5571 -0.7428 -0.3714
vn 0.1132 -0.8799 -0.4614
vn 0.2343 0.7217 -0.6513
vn -0.3801 0.1520 -0.9124
vn -0.5774 0.5774 -0.5773
vn 0.7071 -0.0000 0.7071
vn 0.4913 -0.5639 0.6638
vn -0.7897 0.4764 -0.3866
vn 0.3676 0.8823 0.2941
vn 0.3586 -0.5975 0.7172
vn 0.1849 -0.6471 0.7396
vn 0.2386 -0.5569 0.7956
vn -0.3204 0.4866 0.8128
vn -0.3981 -0.6965 0.5970
vn -0.0000 -0.0000 -0.0000
vn -0.9616 0.1456 -0.2327
vn 0.7985 0.4861 0.3551
vn -0.0896 0.8433 -0.5299
vn -0.0151 0.5229 0.8523
vn 0.8364 -0.4949 -0.2357
vn -0.7274 -0.4853 0.4851
vn -0.9521 -0.0484 -0.3019
vn -0.7278 0.4396 -0.5263
vn -0.9555 -0.1793 0.2344
vn -0.9406 -0.3019 -0.1551
vn -0.8956 0.1990 0.3978
vn 0.1919 -0.2245 -0.9554
vn 0.0874 -0.8240 -0.5598
vn 0.1919 -0.2246 -0.9554
vn -0.7068 0.3415 -0.6195
vn 0.1240 -0.0000 -0.9923
vn 0.4987 0.1425 -0.8550
vn 0.1111 0.4444 -0.8889
vn 0.6907 0.3709 0.6208
vn 0.8500 -0.2040 -0.4857
vn 0.6179 -0.6607 0.4263
vn -0.0028 -0.7095 0.7047
vn -0.0023 -0.1733 0.9849
vn -0.0000 0.3163 0.9487
vn 0.5039 0.8638 -0.0000
vn 0.3181 0.8480 -0.4240
vn -0.6666 -0.3333 0.6667
vn 0.9701 -0.2224 -0.0976
vn -0.5464 0.6007 0.5836
vn -0.1076 -0.9941 0.0167
vn -0.5933 0.8026 0.0619
vn -0.4590 0.7086 -0.5359
vn 0.6144 0.4448 -0.6517
vn -0.8959 0.4092 -0.1731
vn 0.1374 -0.5495 -0.8241
vn -0.4368 -0.4991 0.7484
vn -0.5507 0.8248 0.1282
vn -0.7199 0.4961 0.4854
vn 0.4876 -0.5485 0.6792
vn 0.2823 0.6713 -0.6853
vn -0.1872 0.7901 -0.5837
vn 0.2478 0.2769 -0.9284
vn 0.7071 0.4242 -0.5657
vn 0.7585 0.6516 -0.0000
vn -0.1960 0.5884 -0.7845
vn -0.3712 0.5572 -0.7428
vn 0.4082 0.4084 0.8165
vn -0.0149 0.9539 0.2998
vn -0.3386 0.9373 -0.0824
vn -0.2929 -0.9475 0.1286
vn -0.6334 0.7645 0.1200
vn -0.3194 0.9380 -0.1349
vn -0.9867 -0.1624 -0.0000
vn -0.7843 0.4476 0.4296
vn -0.5450 -0.7785 -0.3114
vn -0.5137 0.4753 0.7142
vn -0.3997 0.6540 0.6423
vn -0.1834 -0.7692 -0.6121
vn -0.8592 -0.4883 0.1529
vn -0.2101 -0.3113 0.9268
vn 0.3289 0.0940 0.9397
vn -0.0741 -0.3152 0.9461
vn -0.6146 -0.4389 0.6555
vn -0.4044 -0.6468 0.6467
vn -0.6667 -0.3335 -0.6666
vn -0.1562 0.3124 0.9370
vn 0.2408 0.8427 0.4816
vn 0.6667 0.6667 -0.3333
vn 0.7167 0.2205 -0.6616
vn 0.2548 0.7069 -0.6599
vn 0.0159 -0.5199 -0.8541
vn 0.0463 0.8306 -0.5549
vn 0.6005 0.7993 -0.0232
vn 0.7552 -0.3303 -0.5663
vn -0.7176 0.6697 0.1913
vn -0.7402 -0.3698 0.5616
vn 0.9619 0.0835 0.2605
vn 0.2182 -0.4364 -0.8729
vn 0.7810 -0.0000 -0.6246
vn -0.2425 -0.0001 -0.9702
vn -0.5636 0.1025 -0.8197
vn 0.0616 0.8987 0.4343
vn -0.2709 -0.9584 0.0895
vn 0.5735 -0.8191 -0.0153
vn -0.7491 -0.5510 -0.3678
vn 0.8117 -0.1872 0.5532
vn -0.0000 -0.8945 -0.4470
vn -0.2425 0.9701 -0.0000
vn -0.9004 -0.1284 0.4156
vn -0.8954 -0.2469 0.3706
vn 0.6201 0.5550 -0.5545
vn -0.4472 0.0001 -0.8944
vn -0.9993 0.0103 -0.0351
vn -0.7266 -0.6642 -0.1758
vn -0.9970 -0.0775 -0.0049
vn 0.7442 0.6679 -0.0000
vn 0.3248 0.9093 0.2601
vn 0.5038 0.8638 -0.0000
vn 0.0496 0.7905 0.6104
vn -0.4592 -0.8791 0.1278
vn -0.7131 -0.5705 -0.4075
vn 0.0661 -0.9959 0.0622
vn -0.6859 -0.5054 0.5235
vn -0.8034 0.5950 -0.0224
vn -0.7399 0.4709 0.4803
vn 0.8158 -0.0317 -0.5775
vn -0.4060 -0.8889 -0.2125
vn 0.8144 -0.2496 -0.5239
vn -0.0013 0.8943 -0.4474
vn -0.4606 0.6539 -0.6002
vn -0.8191 -0.5438 -0.1827
vn 0.1749 0.9832 0.0529
vn -1.0000 0.0006 -0.0017
vn -0.0010 -0.0020 -1.0000
vn -0.0025 1.0000 -0.0014
vn 0.9918 -0.1266 -0.0149
vn -0.0000 -0.2314 -0.9729
vn 0.2359 -0.2333 -0.9434
vn 0.6402 0.7682 -0.0000
vn 0.3248 0.9094 -0.2598
vn -0.2018 -0.9418 -0.2690
vn -0.0870 -0.9011 0.4247
vn 0.8663 -0.4199 -0.2704
vn 0.3824 -0.8737 0.3006
vn -0.9475 0.3047 0.0970
vn -0.4444 0.1111 -0.8889
vn -0.2962 0.1185 -0.9478
vn 0.1793 -0.1450 -0.9731
vn 0.7972 -0.1464 -0.5857
vn 0.5996 -0.3054 0.7397
vn -0.6666 -0.3335 0.6666
vn 0.0019 -1.0000 -0.0051
vn -0.0000 -0.4470 -0.8945
vn 0.0016 -1.0000 -0.0041
vn 0.0004 -1.0000 -0.0010
vn 0.0020 -1.0000 -0.0051
vn -0.6603 0.7510 0.0042
vn -0.6174 0.6029 0.5054
vn -0.0463 0.7602 0.6481
vn -0.2142 -0.2307 -0.9492
vn -0.0967 0.9953 0.0111
vn -0.6045 -0.2464 -0.7575
vn -0.7751 -0.1593 0.6114
vn -0.1329 0.9652 0.2253
vn 0.1592 -0.8898 0.4278
vn -0.8053 -0.3282 0.4937
vn -0.0816 -0.2792 0.9568
vn 0.9129 0.1826 -0.3651
vn 0.8729 -0.4365 0.2182
vn 0.9231 -0.0000 0.3846
vn 1.0000 -0.0000 -0.0051
vn -0.3181 0.8479 -0.4240
vn -0.6001 -0.0000 -0.8000
vn -0.4488 0.7132 -0.5385
vn 0.1064 -0.9943 0.0102
vn 0.0668 -0.9977 -0.0115
vn 0.5092 0.5691 0.6456
vn -0.4461 0.8950 0.0023
vn 0.0002 1.0000 0.0031
vn 0.0010 1.0000 0.0051
vn 0.5243 -0.8202 0.2288
vn 0.7095 0.0857 -0.6995
vn 1.0000 0.0001 -0.0051
vn 0.8872 0.4417 -0.1333
vn 0.9046 -0.4196 -0.0757
vn -0.3140 0.6221 -0.7172
vn -0.4465 -0.8948 0.0023
vn -0.0000 1.0000 -0.0026
vn -0.2342 0.9710 0.0483
vn -0.7831 0.6146 0.0950
vn -0.0976 0.9759 -0.1952
vn 0.4090 0.8785 0.2468
vn 0.0419 0.9984 0.0382
vn 0.0073 -0.9982 0.0587
vn -0.5548 -0.8320 -0.0000
vn -0.4470 -0.8945 -0.0000
vn -0.6034 -0.7233 -0.3357
vn -0.0000 0.7071 0.7071
vn -0.0002 0.4472 -0.8944
vn -1.0000 -0.0039 -0.0038
vn -0.3630 -0.5546 0.7487
vn -0.8552 -0.4581 -0.2424
vn 0.9915 0.0646 -0.1133
vn -0.0486 -0.2298 -0.9720
vn 0.6536 -0.1752 -0.7362
vn -0.3418 -0.2280 0.9117
vn -0.5261 0.6014 0.6013
vn -0.7068 -0.7074 -0.0000
vn 0.3792 -0.9241 0.0474
vn -0.1145 -0.9927 0.0382
vn -0.7715 -0.1543 0.6172
vn -0.0312 0.9989 0.0361
vn 0.8729 0.2181 -0.4364
vn -0.1236 0.0826 -0.9889
vn -0.4084 0.4086 -0.8163
vn -0.9437 0.2421 -0.2256
vn -0.1087 0.9879 0.1103
vn 0.9122 -0.3286 0.2446
vn 0.5353 -0.5173 0.6678
vn -0.7332 0.3100 -0.6053
vn -1.0000 0.0006 -0.0051
vn -0.0995 0.5970 -0.7960
vn 0.4465 0.8948 -0.0023
vn -0.5393 0.5628 -0.6264
vn 0.0006 -0.0000 -1.0000
vn 0.0011 -0.0263 -0.9997
vn -0.4715 -0.3858 -0.7930
vn -0.2355 0.9509 -0.2006
vn 0.4635 0.5521 -0.6931
vn -0.0841 -0.2994 0.9504
vn 0.9649 -0.1320 0.2271
vn 0.6963 -0.1741 -0.6963
vn -0.6759 -0.6276 -0.3864
vn 0.2825 -0.9419 -0.1815
vn -0.5079 -0.6764 0.5334
vn 0.0308 0.9620 0.2713
vn 0.4475 -0.8943 -0.0000
vn -0.0740 -0.3152 0.9461
vn 0.5918 -0.3703 0.7160
vn -0.6396 -0.6396 -0.4264
vn -0.3096 0.2614 -0.9142
vn -0.7226 -0.3692 -0.5845
vn 0.6838 -0.4031 0.6082
vn 0.6276 -0.2730 -0.7291
vn 0.9926 0.0566 0.1071
vn 0.9939 0.0028 0.1103
vn -0.0962 0.2544 -0.9623
vn -0.7057 -0.7084 -0.0054
vn 0.3082 -0.2602 0.9150
vn -0.0763 -0.2587 0.9629
vn -0.7695 0.3392 -0.5411
vn 0.2182 0.8729 -0.4364
vn 0.0036 1.0000 0.0016
vn 0.5665 0.8241 0.0060
vn -0.0362 0.9989 0.0290
vn 0.0662 0.9972 -0.0336
vn 0.0372 0.1531 -0.9875
vn 0.2309 0.9646 -0.1272
vn 0.0629 0.9964 0.0561
vn 0.0002 0.9972 0.0752
vn -0.0178 0.9990 0.0408
vn 0.6081 0.7938 -0.0089
vn -0.1110 0.1337 0.9848
vn -0.5966 0.8023 -0.0174
vn -0.9989 -0.0249 0.0396
vn -0.0371 0.9975 0.0593
vn -0.0473 0.1443 -0.9884
vn -0.9976 -0.0507 0.0468
vn -0.0792 0.9896 -0.1201
vn 0.9917 -0.1268 -0.0222
vn -0.5671 0.8236 0.0078
vn -0.4927 -0.8697 0.0294
vn -0.4467 -0.8947 0.0015
vn -0.0016 -1.0000 -0.0000
vn 0.9859 -0.0158 0.1663
vn -0.0033 0.0957 0.9954
vn 0.0012 0.9939 -0.1103
vn 0.0012 0.9943 -0.1063
vn 0.0012 0.9941 -0.1087
vn -0.0000 1.0000 -0.0005
vn 0.0012 0.9945 -0.1046
vt 0.124148 0.208445
vt 0.155404 0.400898
vt 0.112391 0.205128
vt 0.135056 0.198915
vt 0.037292 0.079135
vt 0.036703 0.070823
vt 0.041598 0.079337
vt 0.042793 0.081081
vt 0.035059 0.080926
vt 0.040780 0.096200
vt 0.041766 0.097535
vt 0.041239 0.097970
vt 0.042075 0.095872
vt 0.041859 0.094885
vt 0.167899 0.027368
vt 0.167573 0.026893
vt 0.168132 0.026237
vt 0.168918 0.027848
vt 0.166316 0.028037
vt 0.167995 0.028439
vt 0.015400 0.008878
vt 0.014117 0.008727
vt 0.015671 0.006566
vt 0.698193 0.603599
vt 0.696439 0.362299
vt 0.698193 0.361678
vt 0.013329 0.020986
vt 0.014602 0.021204
vt 0.711707 0.263512
vt 0.709471 0.263512
vt 0.709987 0.022273
vt 0.497202 0.338890
vt 0.509005 0.097297
vt 0.509005 0.340088
vt 0.088735 0.001886
vt 0.089242 0.001845
vt 0.088784 0.002661
vt 0.087770 0.002960
vt 0.086895 0.002404
vt 0.092653 0.145925
vt 0.091610 0.146395
vt 0.091706 0.145242
vt 0.093016 0.145090
vt 0.094622 0.146232
vt 0.439665 0.000664
vt 0.438531 0.508967
vt 0.433992 0.508967
vt 0.202701 0.000705
vt 0.197040 0.509005
vt 0.197471 0.000705
vt 0.121621 0.031531
vt 0.116039 0.030291
vt 0.121621 0.017887
vt 0.450447 0.509005
vt 0.451484 0.000552
vt 0.463961 0.000858
vt 0.451484 0.509005
vt 0.118881 0.132421
vt 0.121764 0.131859
vt 0.121258 0.133320
vt 0.127676 0.057178
vt 0.131851 0.052784
vt 0.129206 0.057371
vt 0.129066 0.060473
vt 0.127208 0.061662
vt 0.116583 0.136982
vt 0.145032 0.142744
vt 0.145013 0.144107
vt 0.144483 0.142444
vt 0.144589 0.141581
vt 0.146357 0.142465
vt 0.146339 0.141696
vt 0.146835 0.117790
vt 0.147531 0.118611
vt 0.146136 0.118169
vt 0.147813 0.118039
vt 0.146546 0.117206
vt 0.147989 0.117395
vt 0.103603 0.098526
vt 0.103328 0.099906
vt 0.102756 0.098766
vt 0.009009 0.002252
vt 0.007719 0.001743
vt 0.007626 0.000468
vt 0.009009 0.000366
vt 0.101729 0.098131
vt 0.103295 0.097185
vt 0.085277 0.016634
vt 0.085585 0.029279
vt 0.080585 0.029279
vt 0.047358 0.112612
vt 0.045633 0.056035
vt 0.049549 0.056396
vt 0.151474 0.586388
vt 0.145826 0.574140
vt 0.155921 0.581966
vt 0.661358 0.600995
vt 0.652325 0.601156
vt 0.648812 0.599382
vt 0.675671 0.655401
vt 0.059401 0.120782
vt 0.059938 0.116490
vt 0.063839 0.119955
vt 0.164407 0.000697
vt 0.164429 0.004793
vt 0.160947 0.004906
vt 0.064861 0.122165
vt 0.059996 0.124479
vt 0.165426 0.005519
vt 0.166405 0.002037
vt 0.160411 0.000697
vt 0.066647 0.021888
vt 0.067201 0.021771
vt 0.066714 0.023055
vt 0.030834 0.069624
vt 0.029328 0.069819
vt 0.031531 0.068107
vt 0.021265 0.043962
vt 0.020934 0.044720
vt 0.019877 0.042863
vt 0.022522 0.044356
vt 0.067567 0.020860
vt 0.066161 0.023330
vt 0.157609 0.821218
vt 0.158294 0.819380
vt 0.281530 0.771753
vt 0.271689 0.940145
vt 0.144840 0.829377
vt 0.695879 0.358873
vt 0.817091 0.331597
vt 0.817187 0.331652
vt 0.162040 0.164139
vt 0.160865 0.164004
vt 0.162460 0.162922
vt 0.161968 0.165531
vt 0.101166 0.115915
vt 0.102012 0.116248
vt 0.101134 0.117703
vt 0.102580 0.114737
vt 0.134175 0.097707
vt 0.134615 0.097282
vt 0.135102 0.099098
vt 0.166057 0.123484
vt 0.166130 0.124067
vt 0.164931 0.124638
vt 0.127205 0.089517
vt 0.125942 0.090089
vt 0.128377 0.088073
vt 0.166665 0.123696
vt 0.126865 0.094324
vt 0.124373 0.098568
vt 0.126589 0.092653
vt 0.128638 0.098524
vt 0.129497 0.094931
vt 0.164657 0.142298
vt 0.166359 0.143220
vt 0.164137 0.143707
vt 0.163115 0.140647
vt 0.164652 0.141555
vt 0.163773 0.143235
vt 0.165912 0.141723
vt 0.163422 0.141897
vt 0.119804 0.111681
vt 0.120652 0.109965
vt 0.122194 0.111364
vt 0.120578 0.112890
vt 0.119565 0.113219
vt 0.149836 0.120555
vt 0.149563 0.119746
vt 0.150762 0.120055
vt 0.148741 0.121621
vt 0.135134 0.043992
vt 0.133493 0.044074
vt 0.134913 0.033248
vt 0.486360 0.001427
vt 0.498760 0.000743
vt 0.499996 0.243242
vt 0.537155 0.243242
vt 0.537155 0.001117
vt 0.548952 0.001101
vt 0.134000 0.044537
vt 0.549546 0.001753
vt 0.522519 0.100422
vt 0.521900 0.342340
vt 0.521900 0.099801
vt 0.095042 0.142629
vt 0.096223 0.142916
vt 0.095569 0.143821
vt 0.093542 0.144230
vt 0.091961 0.142344
vt 0.095079 0.141899
vt 0.037116 0.052420
vt 0.039174 0.054278
vt 0.037603 0.054730
vt 0.084772 0.093356
vt 0.085216 0.095707
vt 0.084727 0.096565
vt 0.084727 0.091130
vt 0.086799 0.092935
vt 0.139639 0.062339
vt 0.137919 0.061843
vt 0.139639 0.057876
vt 0.136236 0.065315
vt 0.124600 0.142295
vt 0.120044 0.144143
vt 0.121050 0.142003
vt 0.126125 0.138383
vt 0.090018 0.102673
vt 0.093092 0.104806
vt 0.093120 0.106820
vt 0.053813 0.120448
vt 0.056306 0.116069
vt 0.055303 0.121604
vt 0.051636 0.119849
vt 0.050798 0.117433
vt 0.150772 0.119582
vt 0.149070 0.119186
vt 0.149733 0.118872
vt 0.150900 0.117954
vt 0.142479 0.050393
vt 0.143098 0.050776
vt 0.142167 0.051337
vt 0.142033 0.050667
vt 0.141308 0.049705
vt 0.143744 0.050030
vt 0.142807 0.048885
vt 0.125827 0.105855
vt 0.120760 0.105516
vt 0.121844 0.104285
vt 0.126300 0.105134
vt 0.130630 0.104189
vt 0.122459 0.005820
vt 0.124442 0.001822
vt 0.123660 0.005993
vt 0.121340 0.009015
vt 0.058829 0.092342
vt 0.059000 0.090029
vt 0.059309 0.092255
vt 0.060810 0.110360
vt 0.059610 0.109919
vt 0.059491 0.107842
vt 0.701457 0.361768
vt 0.701457 0.602979
vt 0.700837 0.603599
vt 0.012148 0.022039
vt 0.015766 0.022058
vt 0.686566 0.003782
vt 0.687794 0.003141
vt 0.689184 0.245494
vt 0.702698 0.603599
vt 0.010690 0.021427
vt 0.010675 0.020782
vt 0.639635 0.001328
vt 0.639018 0.243241
vt 0.639018 0.000705
vt 0.011374 0.022522
vt 0.069534 0.009644
vt 0.070370 0.011521
vt 0.064812 0.010821
vt 0.066555 0.008546
vt 0.072071 0.000980
vt 0.059671 0.145982
vt 0.058905 0.144542
vt 0.060810 0.146395
vt 0.126270 0.150806
vt 0.124805 0.150900
vt 0.126461 0.150124
vt 0.058532 0.145569
vt 0.019960 0.021282
vt 0.020270 0.021282
vt 0.019960 0.022522
vt 0.179053 0.000960
vt 0.152427 0.184571
vt 0.142494 0.177089
vt 0.797292 0.614860
vt 0.789518 0.613233
vt 0.797292 0.375954
vt 0.146395 0.033166
vt 0.144875 0.044868
vt 0.138606 0.034718
vt 0.734229 0.353586
vt 0.734229 0.592338
vt 0.723030 0.357304
vt 0.166298 0.124788
vt 0.059130 0.112767
vt 0.064650 0.112584
vt 0.064486 0.115791
vt 0.057251 0.113670
vt 0.096049 0.141808
vt 0.096666 0.143151
vt 0.102323 0.100072
vt 0.116593 0.054362
vt 0.115362 0.067567
vt 0.112862 0.067516
vt 0.072907 0.031105
vt 0.077870 0.030824
vt 0.072575 0.087931
vt 0.117116 0.056807
vt 0.111622 0.054312
vt 0.069803 0.088523
vt 0.070426 0.030794
vt 0.146138 0.144831
vt 0.144880 0.145263
vt 0.146004 0.146191
vt 0.150257 0.092342
vt 0.151118 0.091499
vt 0.152316 0.092342
vt 0.146379 0.143526
vt 0.149222 0.090343
vt 0.037955 0.041648
vt 0.040093 0.043857
vt 0.038646 0.043392
vt 0.036277 0.040941
vt 0.038107 0.031187
vt 0.037487 0.043559
vt 0.040540 0.031790
vt 0.040353 0.042308
vt 0.039751 0.031586
vt 0.817744 0.198096
vt 0.834952 0.327007
vt 0.819003 0.326706
vt 0.154452 0.813762
vt 0.143280 0.823724
vt 0.064331 0.695022
vt 0.197006 0.695022
vt 0.154688 0.813718
vt 0.166183 0.148070
vt 0.164609 0.148810
vt 0.164436 0.147782
vt 0.166665 0.149930
vt 0.165918 0.148684
vt 0.164502 0.020184
vt 0.165933 0.019476
vt 0.167334 0.020270
vt 0.164857 0.019526
vt 0.164008 0.019137
vt 0.153876 0.044713
vt 0.158926 0.042573
vt 0.158267 0.045045
vt 0.154398 0.042073
vt 0.080196 0.158339
vt 0.085585 0.161260
vt 0.081758 0.160168
vt 0.133337 0.073545
vt 0.138834 0.066565
vt 0.132821 0.078828
vt 0.063336 0.001314
vt 0.597378 0.795945
vt 0.749680 0.690410
vt 0.752419 0.694602
vt 0.847881 0.142786
vt 0.837373 0.319818
vt 0.846287 0.143230
vt 0.850748 0.137222
vt 0.972897 0.190897
vt 0.121147 0.037254
vt 0.121344 0.039086
vt 0.120928 0.038424
vt 0.121621 0.037366
vt 0.119756 0.037025
vt 0.120195 0.035619
vt 0.089392 0.004510
vt 0.086776 0.004212
vt 0.087376 0.003411
vt 0.088425 0.006720
vt 0.087505 0.005589
vt 0.089598 0.003605
vt 0.090089 0.003526
vt 0.086986 0.005159
vt 0.089747 0.004427
vt 0.089541 0.008975
vt 0.089203 0.009001
vt 0.088984 0.007824
vt 0.089393 0.009101
vt 0.092235 0.144327
vt 0.091432 0.144503
vt 0.088047 0.093139
vt 0.087326 0.090887
vt 0.037116 0.059836
vt 0.038137 0.058464
vt 0.039196 0.059780
vt 0.037539 0.055901
vt 0.835405 0.328395
vt 0.968461 0.225256
vt 0.002150 0.872948
vt 0.142432 0.824615
vt 0.143536 0.829995
vt 0.968461 0.425912
vt 0.833182 0.333836
vt 0.037691 0.030300
vt 0.040502 0.030037
vt 0.040266 0.031211
vt 0.576572 0.659905
vt 0.000194 0.659905
vt 0.000194 0.659102
vt 0.576572 0.651882
vt 0.575439 0.653148
vt 0.000193 0.651882
vt 0.576572 0.650896
vt 0.000194 0.650896
vt 0.576572 0.648854
vt 0.036277 0.031278
vt 0.040042 0.029401
vt 0.144143 0.052225
vt 0.142906 0.054054
vt 0.042385 0.100333
vt 0.042305 0.100651
vt 0.041319 0.100886
vt 0.144083 0.051879
vt 0.041335 0.099359
vt 0.042700 0.098572
vt 0.163392 0.152359
vt 0.161918 0.153152
vt 0.163334 0.151849
vt 0.164876 0.152621
vt 0.165251 0.153152
vt 0.069819 0.114939
vt 0.068156 0.116772
vt 0.069361 0.120654
vt 0.121085 0.165753
vt 0.119870 0.166665
vt 0.117728 0.165532
vt 0.120301 0.165021
vt 0.121621 0.164222
vt 0.157853 0.067270
vt 0.159603 0.066515
vt 0.159750 0.068171
vt 0.157244 0.068536
vt 0.075436 0.023519
vt 0.074277 0.023051
vt 0.075670 0.023323
vt 0.076621 0.024319
vt 0.075261 0.024820
vt 0.767371 0.350681
vt 0.758038 0.587834
vt 0.758038 0.348068
vt 0.120380 0.148126
vt 0.121621 0.157738
vt 0.112939 0.147816
vt 0.774769 0.351548
vt 0.159069 0.041829
vt 0.162925 0.042427
vt 0.164413 0.044548
vt 0.577698 0.638509
vt 0.000075 0.638509
vt 0.001434 0.627132
vt 0.646392 0.577698
vt 0.635622 0.576352
vt 0.646392 0.000077
vt 0.013491 0.004011
vt 0.013352 0.005943
vt 0.010565 0.017391
vt 0.658772 0.576572
vt 0.658772 0.000197
vt 0.659905 0.576572
vt 0.014736 0.003669
vt 0.086496 0.004030
vt 0.086370 0.004893
vt 0.072072 0.100202
vt 0.069098 0.101712
vt 0.071836 0.096924
vt 0.069369 0.103994
vt 0.108107 0.076442
vt 0.106811 0.078828
vt 0.103113 0.075971
vt 0.148810 0.109690
vt 0.148719 0.108475
vt 0.149989 0.110074
vt 0.147647 0.111054
vt 0.147733 0.109275
vt 0.148275 0.109216
vt 0.166665 0.140533
vt 0.165418 0.140235
vt 0.165947 0.139465
vt 0.122646 0.117116
vt 0.124678 0.114500
vt 0.124766 0.115917
vt 0.120759 0.114923
vt 0.094910 0.114993
vt 0.097453 0.109052
vt 0.095793 0.117116
vt 0.091777 0.115489
vt 0.092863 0.106826
vt 0.059805 0.033246
vt 0.059805 0.088108
vt 0.094611 0.033290
vt 0.094374 0.088539
vt 0.092125 0.033026
vt 0.096846 0.088106
vt 0.042442 0.093833
vt 0.042703 0.094570
vt 0.042013 0.095025
vt 0.140520 0.051340
vt 0.140888 0.050421
vt 0.140742 0.050119
vt 0.140998 0.048695
vt 0.140520 0.049948
vt 0.168371 0.016963
vt 0.168185 0.017287
vt 0.167812 0.017124
vt 0.166632 0.018147
vt 0.165377 0.018064
vt 0.166983 0.016795
vt 0.165618 0.016064
vt 0.165560 0.014916
vt 0.165823 0.014926
vt 0.067377 0.024124
vt 0.067567 0.025781
vt 0.066703 0.025154
vt 0.066696 0.023807
vt 0.080962 0.010377
vt 0.082213 0.010386
vt 0.081178 0.013652
vt 0.083354 0.006746
vt 0.079450 0.012904
vt 0.079335 0.007316
vt 0.147343 0.005975
vt 0.148669 0.003633
vt 0.149024 0.005219
vt 0.167749 0.024606
vt 0.167342 0.025423
vt 0.148214 0.006757
vt 0.168918 0.025113
vt 0.080901 0.166182
vt 0.078213 0.168918
vt 0.079720 0.165286
vt 0.082569 0.164219
vt 0.137386 0.097618
vt 0.136215 0.096025
vt 0.136909 0.095495
vt 0.136255 0.097053
vt 0.136411 0.098001
vt 0.160950 0.069835
vt 0.160154 0.072043
vt 0.159459 0.070217
vt 0.158493 0.072072
vt 0.157244 0.070896
vt 0.160968 0.068556
vt 0.158928 0.068993
vt 0.120627 0.039508
vt 0.088101 0.008364
vt 0.087227 0.007681
vt 0.086642 0.006464
vt 0.749424 0.689098
vt 0.568200 0.724235
vt 0.999993 0.000927
vt 0.852719 0.136661
vt 0.841637 0.127254
vt 0.706468 0.511053
vt 0.761077 0.683455
vt 0.161951 0.070559
vt 0.162161 0.068309
vt 0.110382 0.011727
vt 0.112281 0.012905
vt 0.109095 0.013046
vt 0.112115 0.007563
vt 0.112612 0.007585
vt 0.141711 0.025087
vt 0.142101 0.020223
vt 0.142844 0.025137
vt 0.125077 0.148717
vt 0.125065 0.146352
vt 0.125962 0.147095
vt 0.060810 0.143663
vt 0.058789 0.143874
vt 0.060142 0.142484
vt 0.126316 0.147816
vt 0.123534 0.150032
vt 0.127306 0.149745
vt 0.126798 0.148750
vt 0.124616 0.146705
vt 0.102545 0.117569
vt 0.102139 0.117178
vt 0.103603 0.116842
vt 0.102633 0.118249
vt 0.576572 0.657653
vt 0.000197 0.657653
vt 0.575439 0.656519
vt 0.086595 0.144819
vt 0.085467 0.144692
vt 0.087837 0.135864
vt 0.085169 0.145519
vt 0.629470 0.655401
vt 0.024775 0.000115
vt 0.024775 0.058558
vt 0.019801 0.000630
vt 0.032978 0.063063
vt 0.032978 0.003799
vt 0.036036 0.004697
vt 0.832804 0.333892
vt 0.803992 0.493240
vt 0.152104 0.090195
vt 0.149437 0.090060
vt 0.153152 0.090457
vt 0.151432 0.089268
vt 0.164423 0.138449
vt 0.164972 0.138455
vt 0.164284 0.138843
vt 0.163381 0.138748
vt 0.152142 0.112258
vt 0.151896 0.110567
vt 0.153152 0.112612
vt 0.148700 0.112340
vt 0.040540 0.058798
vt 0.038030 0.055492
vt 0.039650 0.055597
vt 0.039564 0.059165
vt 0.040023 0.060810
vt 0.017410 0.014406
vt 0.017494 0.001568
vt 0.018018 0.014382
vt 0.131924 0.033761
vt 0.133348 0.033065
vt 0.133214 0.034095
vt 0.132726 0.032613
vt 0.017410 0.000963
vt 0.017467 0.015766
vt 0.131924 0.044669
vt 0.039943 0.026469
vt 0.038162 0.027027
vt 0.037719 0.026354
vt 0.039478 0.025445
vt 0.040540 0.026450
vt 0.164177 0.018653
vt 0.040279 0.027027
vt 0.117111 0.162674
vt 0.116299 0.164872
vt 0.115841 0.161993
vt 0.118018 0.161687
vt 0.117450 0.163487
vt 0.179012 0.364862
vt 0.138376 0.186130
vt 0.507879 0.681804
vt 0.000576 0.686932
vt 0.000576 0.681804
vt 0.095769 0.135134
vt 0.095769 0.122731
vt 0.101351 0.122731
vt 0.667668 0.000835
vt 0.672794 0.000715
vt 0.684680 0.507879
vt 0.626122 0.691436
vt 0.118692 0.691436
vt 0.625868 0.680115
vt 0.084745 0.112612
vt 0.084745 0.099010
vt 0.090089 0.110887
vt 0.000563 0.671036
vt 0.124069 0.145782
vt 0.125054 0.145935
vt 0.102569 0.116578
vt 0.066433 0.026217
vt 0.067385 0.026897
vt 0.065730 0.024946
vt 0.065434 0.027027
vt 0.110215 0.624761
vt 0.121579 0.602798
vt 0.122028 0.603176
vt 0.049148 0.002539
vt 0.102313 0.065012
vt 0.108090 0.065469
vt 0.102757 0.067080
vt 0.060402 0.099747
vt 0.066894 0.097796
vt 0.065236 0.103867
vt 0.061796 0.104535
vt 0.060291 0.095559
vt 0.064298 0.094388
vt 0.105989 0.063564
vt 0.099568 0.068685
vt 0.050192 0.112612
vt 0.050272 0.110133
vt 0.051801 0.110803
vt 0.151343 0.107595
vt 0.163001 0.143244
vt 0.162873 0.144031
vt 0.162170 0.142657
vt 0.163225 0.142800
vt 0.123793 0.109958
vt 0.123446 0.110841
vt 0.036036 0.083104
vt 0.035735 0.085585
vt 0.035735 0.083029
vt 0.019877 0.047297
vt 0.019916 0.044613
vt 0.029328 0.065886
vt 0.029946 0.065831
vt 0.030171 0.068378
vt 0.163760 0.150623
vt 0.163867 0.149652
vt 0.163505 0.148284
vt 0.039405 0.024062
vt 0.039235 0.022617
vt 0.039587 0.023328
vt 0.039376 0.024742
vt 0.038201 0.024483
vt 0.040398 0.023486
vt 0.118359 0.160751
vt 0.198197 0.546034
vt 0.081081 0.095008
vt 0.081081 0.153152
vt 0.074893 0.152394
vt 0.062512 0.151471
vt 0.057591 0.143693
vt 0.058992 0.142535
vt 0.009009 0.013341
vt 0.008752 0.013513
vt 0.008752 0.011844
vt 0.124647 0.144769
vt 0.123534 0.144340
vt 0.058733 0.142379
vt 0.135882 0.097692
vt 0.135772 0.098730
vt 0.135359 0.096170
vt 0.117120 0.166403
vt 0.117990 0.035707
vt 0.119089 0.035554
vt 0.119441 0.034823
vt 0.157154 0.075754
vt 0.157657 0.087837
vt 0.148831 0.085101
vt 0.149680 0.075754
vt 0.713193 0.041939
vt 0.720663 0.042187
vt 0.720663 0.279277
vt 0.821664 0.577879
vt 0.833327 0.343003
vt 0.833327 0.581077
vt 0.066234 0.105741
vt 0.050777 0.094594
vt 0.050777 0.090480
vt 0.051801 0.093472
vt 0.102852 0.052218
vt 0.104697 0.055508
vt 0.102612 0.056122
vt 0.105802 0.053145
vt 0.125925 0.114586
vt 0.104178 0.019788
vt 0.109491 0.019832
vt 0.105647 0.020761
vt 0.105433 0.023753
vt 0.156443 0.029104
vt 0.155202 0.026346
vt 0.157776 0.026485
vt 0.126681 0.102517
vt 0.120743 0.102068
vt 0.130135 0.098715
vt 0.056444 0.108107
vt 0.057466 0.005372
vt 0.058558 0.005036
vt 0.876120 0.543110
vt 0.761897 0.683316
vt 0.002734 0.002252
vt 0.002734 0.001632
vt 0.004504 0.001741
vt 0.117351 0.034556
vt 0.118057 0.035323
vt 0.116702 0.035476
vt 0.146171 0.023665
vt 0.148291 0.026654
vt 0.146982 0.027027
vt 0.145777 0.019539
vt 0.147523 0.023867
vt 0.149651 0.003876
vt 0.149518 0.003157
vt 0.150777 0.003617
vt 0.014597 0.005601
vt 0.091070 0.141414
vt 0.090379 0.141734
vt 0.090235 0.141404
vt 0.090742 0.139525
vt 0.090919 0.146023
vt 0.091075 0.145760
vt 0.107126 0.032521
vt 0.109859 0.029367
vt 0.109741 0.032415
vt 0.105514 0.029757
vt 0.106417 0.033784
vt 0.764464 0.688634
vt 0.764791 0.688421
vt 0.876120 0.832485
vt 0.753748 0.695367
vt 0.111468 0.023883
vt 0.112612 0.029508
vt 0.108859 0.024538
vt 0.109655 0.020484
vt 0.162523 0.047833
vt 0.163287 0.049327
vt 0.162463 0.049840
vt 0.163752 0.047934
vt 0.163644 0.049002
vt 0.102788 0.096863
vt 0.163055 0.148558
vt 0.163734 0.147851
vt 0.162997 0.149146
vt 0.846841 0.575912
vt 0.835611 0.576572
vt 0.835611 0.339688
vt 0.471106 0.390053
vt 0.481979 0.387521
vt 0.474301 0.400898
vt 0.471105 0.153643
vt 0.118845 0.164607
vt 0.163923 0.144143
vt 0.144472 0.146395
vt 0.143360 0.145268
vt 0.143758 0.144808
vt 0.038780 0.044675
vt 0.707202 0.020048
vt 0.706582 0.261259
vt 0.706582 0.019428
vt 0.042792 0.096761
vt 0.134691 0.086993
vt 0.132691 0.087816
vt 0.132862 0.084385
vt 0.134476 0.089442
vt 0.684680 0.000449
vt 0.139639 0.016872
vt 0.139639 0.029279
vt 0.134043 0.017352
vt 0.685743 0.698193
vt 0.685743 0.190764
vt 0.697067 0.697940
vt 0.078299 0.016668
vt 0.081500 0.017103
vt 0.073436 0.018018
vt 0.151060 0.102641
vt 0.153152 0.101640
vt 0.151266 0.103603
vt 0.150320 0.101532
vt 0.151754 0.100854
vt 0.149281 0.101620
vt 0.127536 0.146801
vt 0.103187 0.115687
vt 0.103603 0.118344
vt 0.042793 0.068231
vt 0.037143 0.067388
vt 0.042517 0.067125
vt 0.157032 0.064083
vt 0.158036 0.061705
vt 0.159909 0.061967
vt 0.036845 0.069532
vt 0.156863 0.065315
vt 0.155762 0.063912
vt 0.042719 0.069393
vt 0.162417 0.007053
vt 0.092396 0.140970
vt 0.093403 0.139525
vt 0.093023 0.140736
vt 0.092547 0.141779
vt 0.122946 0.096039
vt 0.094456 0.141732
vt 0.093442 0.141665
vt 0.136950 0.054498
vt 0.132187 0.054857
vt 0.136924 0.052643
vt 0.111457 0.075179
vt 0.110742 0.076102
vt 0.110500 0.074800
vt 0.112173 0.076576
vt 0.112612 0.075846
vt 0.163233 0.139088
vt 0.162544 0.139586
vt 0.162391 0.139322
vt 0.130182 0.112353
vt 0.128989 0.110156
vt 0.131850 0.112279
vt 0.131996 0.114259
vt 0.131361 0.114864
vt 0.164745 0.015188
vt 0.064105 0.025837
vt 0.063102 0.026077
vt 0.064967 0.024252
vt 0.074454 0.026415
vt 0.074424 0.025726
vt 0.075397 0.025434
vt 0.076143 0.025741
vt 0.075029 0.027026
vt 0.058661 0.144722
vt 0.137386 0.094503
vt 0.136472 0.095166
vt 0.135695 0.094642
vt 0.136785 0.093878
vt 0.084382 0.144798
vt 0.084619 0.144496
vt 0.083992 0.145332
vt 0.096846 0.140883
vt 0.111265 0.033377
vt 0.147174 0.119806
vt 0.146136 0.120585
vt 0.132691 0.045045
vt 0.649770 0.671166
vt 0.074525 0.671166
vt 0.648614 0.659281
vt 0.696334 0.254503
vt 0.696334 0.012492
vt 0.696955 0.012492
vt 0.698193 0.012489
vt 0.167688 0.018709
vt 0.167487 0.018311
vt 0.168918 0.019209
vt 0.058295 0.110360
vt 0.058951 0.109262
vt 0.058512 0.108824
vt 0.058513 0.109701
vt 0.062788 0.025175
vt 0.148507 0.002845
vt 0.074099 0.024085
vt 0.117509 0.038528
vt 0.118369 0.038857
vt 0.118180 0.039771
vt 0.117243 0.039088
vt 0.118179 0.037766
vt 0.116702 0.038230
vt 0.037017 0.048163
vt 0.038288 0.048717
vt 0.037017 0.049549
vt 0.083692 0.144251
vt 0.083423 0.135694
vt 0.040540 0.085078
vt 0.039154 0.096846
vt 0.039154 0.085045
vt 0.084928 0.136018
vt 0.094610 0.145417
vt 0.069530 0.024398
vt 0.070002 0.025761
vt 0.069707 0.025620
vt 0.070800 0.025205
vt 0.165325 0.050584
vt 0.165589 0.050263
vt 0.166665 0.050487
vt 0.097950 0.106090
vt 0.100353 0.104937
vt 0.149194 0.117230
vt 0.149841 0.116737
vt 0.149476 0.117333
vt 0.147916 0.116763
vt 0.118729 0.009884
vt 0.119629 0.011341
vt 0.117863 0.013513
vt 0.115921 0.011167
vt 0.117230 0.040365
vt 0.118918 0.040540
vt 0.035885 0.001575
vt 0.036036 0.000974
vt 0.036036 0.002252
vt 0.077293 0.023075
vt 0.078062 0.023024
vt 0.077927 0.023283
vt 0.075752 0.022566
vt 0.076233 0.022171
vt 0.078259 0.024323
vt 0.077320 0.020503
vt 0.077462 0.021831
vt 0.162228 0.162065
vt 0.161046 0.162380
vt 0.160364 0.160029
vt 0.163268 0.160029
vt 0.126465 0.150504
vt 0.111502 0.003841
vt 0.109175 0.001608
vt 0.112141 0.004188
vt 0.107171 0.002612
vt 0.106767 0.014252
vt 0.109218 0.013767
vt 0.108287 0.015766
vt 0.164303 0.126494
vt 0.164058 0.127368
vt 0.163420 0.126184
vt 0.164818 0.126321
vt 0.164864 0.127016
vt 0.089662 0.010455
vt 0.089165 0.009291
vt 0.089608 0.009836
vt 0.089682 0.010176
vt 0.063240 0.108107
vt 0.076411 0.099098
vt 0.077163 0.096644
vt 0.078828 0.096749
vt 0.054911 0.126838
vt 0.057408 0.129693
vt 0.057122 0.139037
vt 0.162700 0.141117
vt 0.161960 0.140289
vt 0.162181 0.141675
vt 0.090018 0.116646
vt 0.097069 0.104374
vt 0.020270 0.031384
vt 0.018427 0.032995
vt 0.017519 0.029772
vt 0.093944 0.102330
vt 0.577699 0.645266
vt 0.000186 0.645266
vt 0.001320 0.644469
vt 0.647873 0.576572
vt 0.647873 0.000194
vt 0.657653 0.574324
vt 0.577699 0.640100
vt 0.576559 0.641887
vt 0.000184 0.640100
vt 0.091991 0.140635
vt 0.092067 0.141230
vt 0.105900 0.083412
vt 0.100846 0.080270
vt 0.107836 0.082548
vt 0.105246 0.087123
vt 0.108107 0.088376
vt 0.002870 0.000075
vt 0.004433 0.000946
vt 0.019323 0.038074
vt 0.019924 0.036884
vt 0.019743 0.038186
vt 0.019102 0.036884
vt 0.076411 0.027027
vt 0.018851 0.039245
vt 0.165983 0.028060
vt 0.165260 0.027076
vt 0.165678 0.026376
vt 0.164832 0.028682
vt 0.575271 0.103792
vt 0.572388 0.049007
vt 0.574856 0.048546
vt 0.574013 0.103210
vt 0.091619 0.014794
vt 0.094594 0.025378
vt 0.090239 0.014655
vt 0.585552 0.107690
vt 0.033397 0.073853
vt 0.032355 0.072918
vt 0.032391 0.072439
vt 0.031451 0.072465
vt 0.033783 0.071934
vt 0.009009 0.006757
vt 0.008445 0.005490
vt 0.009009 0.005086
vt 0.158922 0.007629
vt 0.134679 0.064286
vt 0.109869 0.074640
vt 0.110534 0.074103
vt 0.097455 0.102064
vt 0.098894 0.103150
vt 0.015947 0.026861
vt 0.016011 0.030615
vt 0.077568 0.089119
vt 0.111622 0.067516
vt 0.090885 0.033048
vt 0.090654 0.088684
vt 0.164474 0.049309
vt 0.164692 0.049353
vt 0.164990 0.048601
vt 0.166665 0.047271
vt 0.132735 0.031928
vt 0.132482 0.031976
vt 0.436311 0.001918
vt 0.434932 0.243241
vt 0.434932 0.000669
vt 0.134660 0.032124
vt 0.436934 0.001301
vt 0.037823 0.001291
vt 0.039309 0.001051
vt 0.040465 0.004999
vt 0.038282 0.006395
vt 0.058485 0.138829
vt 0.033652 0.074540
vt 0.033783 0.076576
vt 0.031992 0.075281
vt 0.032673 0.074077
vt 0.139134 0.013513
vt 0.135852 0.009033
vt 0.135956 0.008849
vt 0.140431 0.001660
vt 0.143118 0.051191
vt 0.162902 0.151559
vt 0.161863 0.151085
vt 0.164902 0.016318
vt 0.164008 0.014950
vt 0.077444 0.026229
vt 0.076796 0.025528
vt 0.078045 0.024936
vt 0.078828 0.025980
vt 0.150593 0.098585
vt 0.147915 0.098380
vt 0.150181 0.097521
vt 0.150971 0.099599
vt 0.149921 0.099677
vt 0.166427 0.018778
vt 0.071121 0.026516
vt 0.069530 0.027027
vt 0.101136 0.100493
vt 0.100959 0.099450
vt 0.101467 0.100505
vt 0.161294 0.141834
vt 0.161259 0.140350
vt 0.161259 0.142995
vt 0.110201 0.071358
vt 0.110730 0.072381
vt 0.109795 0.073418
vt 0.165875 0.150852
vt 0.166125 0.149784
vt 0.166644 0.151104
vt 0.128377 0.117400
vt 0.125371 0.120342
vt 0.124528 0.118902
vt 0.159226 0.162397
vt 0.158741 0.037705
vt 0.160235 0.037306
vt 0.162043 0.040431
vt 0.154847 0.039919
vt 0.076889 0.164239
vt 0.079919 0.161941
vt 0.158253 0.035060
vt 0.664410 0.575446
vt 0.663139 0.575446
vt 0.663139 0.000208
vt 0.088863 0.008820
vt 0.067142 0.119445
vt 0.118764 0.040226
vt 0.148269 0.102513
vt 0.158903 0.166665
vt 0.101386 0.119219
vt 0.102226 0.119368
vt 0.125182 0.599374
vt 0.125219 0.597567
vt 0.131224 0.626122
vt 0.135134 0.624394
vt 0.084444 0.954948
vt 0.150092 0.088968
vt 0.149187 0.089244
vt 0.149577 0.088057
vt 0.165068 0.139161
vt 0.165130 0.140198
vt 0.140620 0.053161
vt 0.160952 0.067279
vt 0.073436 0.008488
vt 0.077675 0.004850
vt 0.075512 0.010884
vt 0.117461 0.123573
vt 0.122127 0.122500
vt 0.120861 0.127253
vt 0.074798 0.002442
vt 0.166859 0.026010
vt 0.033438 0.067203
vt 0.038760 0.064344
vt 0.034663 0.065170
vt 0.577699 0.643013
vt 0.000190 0.643013
vt 0.000190 0.641743
vt 0.085954 0.134957
vt 0.084919 0.135012
vt 0.085358 0.134074
vt 0.084949 0.135598
vt 0.577699 0.647518
vt 0.000189 0.647518
vt 0.576565 0.646949
vt 0.208216 0.000186
vt 0.209485 0.001320
vt 0.208216 0.577698
vt 0.485331 0.234457
vt 0.495492 0.237812
vt 0.482335 0.245494
vt 0.482335 0.001449
vt 0.891885 0.839149
vt 0.880761 0.840084
vt 0.880761 0.603392
vt 0.894199 0.905399
vt 0.894199 0.669380
vt 0.903147 0.669563
vt 0.119565 0.115032
vt 0.147253 0.120487
vt 0.148100 0.120291
vt 0.165946 0.048577
vt 0.166552 0.049114
vt 0.020237 0.039605
vt 0.018572 0.040090
vt 0.084174 0.162445
vt 0.145717 0.015709
vt 0.141711 0.016418
vt 0.146929 0.014834
vt 0.164775 0.125413
vt 0.163672 0.125012
vt 0.126985 0.088679
vt 0.163359 0.124765
vt 0.087540 0.158376
vt 0.084073 0.154534
vt 0.086761 0.154090
vt 0.125840 0.132730
vt 0.130465 0.064587
vt 0.150058 0.117836
vt 0.071756 0.025706
vt 0.072071 0.024616
vt 0.516774 0.243241
vt 0.516774 0.000173
vt 0.518014 0.242001
vt 0.084559 0.146154
vt 0.083565 0.146395
vt 0.000071 0.000926
vt 0.206803 0.538954
vt 0.207206 0.540011
vt 0.000197 0.655401
vt 0.001333 0.654136
vt 0.576572 0.655401
vt 0.209921 0.575917
vt 0.432429 0.000192
vt 0.431865 0.576571
vt 0.000071 0.619365
vt 0.073272 0.156578
vt 0.074324 0.165821
vt 0.066904 0.166665
vt 0.891885 0.607374
vt 0.885504 0.608104
vt 0.885504 0.371624
vt 0.066904 0.155741
vt 0.134849 0.000469
vt 0.105436 0.177660
vt 0.092249 0.168897
vt 0.861920 0.804048
vt 0.862010 0.565953
vt 0.870905 0.801641
vt 0.123414 0.123081
vt 0.130320 0.070309
vt 0.130630 0.083333
vt 0.125358 0.070309
vt 0.063063 0.130016
vt 0.063063 0.139639
vt 0.040540 0.014407
vt 0.078008 0.092452
vt 0.076411 0.092572
vt 0.132882 0.108989
vt 0.131390 0.109276
vt 0.128241 0.108989
vt 0.037823 0.018018
vt 0.125608 0.110723
vt 0.124837 0.111557
vt 0.126125 0.113180
vt 0.530907 0.000741
vt 0.531528 0.000739
vt 0.531528 0.243241
vt 0.519124 0.000771
vt 0.040780 0.101351
vt 0.162067 0.149802
vt 0.162509 0.149412
vt 0.163072 0.150784
vt 0.123102 0.010834
vt 0.126125 0.003150
vt 0.125773 0.013513
vt 0.156148 0.061159
vt 0.692306 0.249998
vt 0.692306 0.007607
vt 0.693689 0.008236
vt 0.411491 0.633785
vt 0.634004 0.057627
vt 0.632873 0.632871
vt 0.015766 0.003613
vt 0.015391 0.005149
vt 0.700064 0.256755
vt 0.700064 0.014915
vt 0.701451 0.256133
vt 0.431303 0.000460
vt 0.089918 0.002605
vt 0.120382 0.601446
vt 0.096006 0.596243
vt 0.123181 0.596513
vt 0.079408 0.003301
vt 0.513510 0.242612
vt 0.512127 0.243241
vt 0.512127 0.000099
vt 0.680175 0.666662
vt 0.678935 0.666655
vt 0.680175 0.424207
vt 0.101179 0.068885
vt 0.100266 0.073442
vt 0.125942 0.087235
vt 0.127449 0.086870
vt 0.100171 0.060810
vt 0.094289 0.002051
vt 0.103603 0.002051
vt 0.134369 0.029147
vt 0.020270 0.040540
vt 0.078828 0.021467
vt 0.147343 0.001166
vt 0.149283 0.001477
vt 0.148467 0.001887
vt 0.836912 0.130660
vt 0.689900 0.000927
vt 0.839654 0.128959
vt 0.837204 0.131389
vt 0.120497 0.137625
vt 0.143631 0.144562
vt 0.143499 0.143944
vt 0.146395 0.143217
vt 0.143384 0.143339
vt 0.592654 0.049212
vt 0.594376 0.108107
vt 0.587624 0.048190
vt 0.605707 0.048190
vt 0.661357 0.576572
vt 0.661357 0.000194
vt 0.662157 0.576572
vt 0.100367 0.086648
vt 0.102847 0.080603
vt 0.078420 0.024569
vt 0.135055 0.094303
vt 0.083423 0.144958
vt 0.878372 0.801493
vt 0.147085 0.019229
vt 0.100031 0.104361
vt 0.561446 0.001613
vt 0.572068 0.004164
vt 0.561446 0.238737
vt 0.135134 0.349097
vt 0.092761 0.179046
vt 0.165446 0.151544
vt 0.165222 0.151280
vt 0.099011 0.091630
vt 0.150158 0.004624
vt 0.150900 0.004837
vt 0.085825 0.006231
vt 0.116583 0.140660
vt 0.123987 0.112618
vt 0.121846 0.113343
vt 0.040540 0.020270
vt 0.039920 0.020270
vt 0.040540 0.019650
vt 0.164743 0.152257
vt 0.037971 0.025305
vt 0.698027 0.278292
vt 0.818816 0.326772
vt 0.128377 0.147715
vt 0.127833 0.147962
vt 0.126390 0.085923
vt 0.126984 0.085564
vt 0.012381 0.026014
vt 0.013513 0.025508
vt 0.012664 0.026647
vt 0.009009 0.017397
vt 0.008699 0.018018
vt 0.008699 0.016777
vt 0.037561 0.045045
vt 0.634004 0.634005
vt 0.112939 0.159909
vt 0.165888 0.029279
vt 0.149348 0.002182
vt 0.907596 0.391612
vt 0.894992 0.626122
vt 0.894992 0.392993
vt 0.918912 0.395494
vt 0.074635 0.175515
vt 0.156830 0.022272
vt 0.100959 0.097867
vt 0.499996 0.000117
vt 0.317565 0.697602
vt 0.275093 0.927921
vt 0.262999 0.927921
vt 0.143360 0.142563
vt 0.148480 0.120387
vt 0.059895 0.090498
vt 0.060810 0.092342
vt 0.552668 0.242612
vt 0.554050 0.000732
vt 0.554050 0.243241
vt 0.432429 0.576572
vt 0.138606 0.045045
vt 0.752247 0.590086
vt 0.742228 0.587585
vt 0.752247 0.350110
vt 0.677923 0.509005
vt 0.666010 0.509005
vt 0.666577 0.000705
vt 0.186689 0.000686
vt 0.125358 0.083333
vt 0.086404 0.150446
vt 0.099989 0.094594
vt 0.104254 0.090101
vt 0.105406 0.090938
vt 0.110604 0.038146
vt 0.105681 0.041331
vt 0.109316 0.038206
vt 0.117116 0.042669
vt 0.105316 0.059782
vt 0.102612 0.060810
vt 0.122221 0.193361
vt 0.773347 0.637383
vt 0.773347 0.397678
vt 0.783778 0.634468
vt 0.729724 0.039744
vt 0.105577 0.039779
vt 0.127782 0.149976
vt 0.108107 0.059394
vt 0.107425 0.059104
vt 0.107733 0.055367
vt 0.092342 0.130630
vt 0.084997 0.117488
vt 0.091408 0.125188
vt 0.005515 0.005294
vt 0.006757 0.004988
vt 0.005516 0.008762
vt 0.151752 0.056316
vt 0.155544 0.055067
vt 0.152642 0.057239
vt 0.151752 0.065056
vt 0.153497 0.062051
vt 0.131940 0.063478
vt 0.101975 0.098622
vt 0.689184 0.003147
vt 0.020270 0.027027
vt 0.019340 0.027027
vt 0.019340 0.025787
vt 0.166665 0.128377
vt 0.165805 0.127042
vt 0.166433 0.126799
vt 0.104178 0.029769
vt 0.085989 0.004847
vt 0.130630 0.094267
vt 0.734901 0.878372
vt 0.160759 0.165767
vt 0.161526 0.166526
vt 0.135119 0.094735
vt 0.064009 0.092780
vt 0.107929 0.055170
vt 0.069044 0.093036
vt 0.068360 0.094574
vt 0.006757 0.011261
vt 0.006756 0.008762
vt 0.132466 0.571284
vt 0.149999 0.095730
vt 0.115729 0.018508
vt 0.105517 0.048736
vt 0.117116 0.048257
vt 0.108849 0.051801
vt 0.093960 0.027796
vt 0.087742 0.029279
vt 0.588028 0.107351
vt 0.584860 0.048816
vt 0.735968 0.587202
vt 0.477474 0.249998
vt 0.466828 0.014978
vt 0.477474 0.011350
vt 0.784900 0.581077
vt 0.784900 0.342389
vt 0.797291 0.343747
vt 0.556799 0.242624
vt 0.558554 0.000755
vt 0.558554 0.243241
vt 0.882877 0.370166
vt 0.882877 0.608104
vt 0.873701 0.371258
vt 0.155404 0.000878
vt 0.087742 0.014537
vt 0.607794 0.102002
vt 0.135134 0.572316
vt 0.086659 0.096846
vt 0.030738 0.066969
vt 0.013513 0.027027
vt 0.726333 0.176413
vt 0.090089 0.011261
vt 0.702698 0.256740
vt 0.471076 0.000589
vt 0.136849 0.089799
vt 0.137386 0.090066
vt 0.134650 0.092342
vt 0.093076 0.099098
vt 0.571216 0.059583
vt 0.571524 0.102974
vt 0.608104 0.058611
vt 0.071770 0.108107
vt 0.105930 0.071391
vt 0.043793 0.056803
vt 0.198197 0.617113
vt 0.054054 0.002838
vt 0.053469 0.058315
vt 0.051718 0.057762
vt 0.054054 0.112612
vt 0.103451 0.620111
vt 0.043793 0.002188
vt 0.119687 0.162771
vt 0.120797 0.161185
vt 0.121621 0.162310
vt 0.085585 0.011461
vt 0.128377 0.130354
vt 0.124139 0.130630
vt 0.127800 0.125720
vt 0.090089 0.094923
vt 0.147647 0.105231
vt 0.050192 0.107877
vt 0.757144 0.689153
vt 0.147652 0.002698
vt 0.165336 0.024880
vt 0.102674 0.101351
vt 0.162360 0.050831
vt 0.164218 0.051221
vt 0.165354 0.051801
vt 0.118072 0.005164
vt 0.108101 0.094044
vt 0.113641 0.001336
vt 0.118090 0.000067
vt 0.133924 0.059442
vt 0.159004 0.058394
vt 0.153235 0.060973
vt 0.157910 0.054083
vt 0.159741 0.053729
vt 0.107558 0.045704
vt 0.843616 0.133770
vt 0.056444 0.001574
vt 0.162183 0.034131
vt 0.164413 0.036126
vt 0.085585 0.168250
vt 0.139639 0.078828
vt 0.063336 0.020270
vt 0.084997 0.130566
vt 0.108070 0.008426
vt 0.148648 0.021258
vt 0.106767 0.007213
vt 0.164413 0.164334
vt 0.153152 0.097104
vt 0.149946 0.821832
vt 0.159498 0.024186
vt 0.162161 0.029279
vt 0.156964 0.018607
vt 0.160596 0.017988
vt 0.162005 0.021072
vt 0.162161 0.025042
vt 0.152078 0.088355
vt 0.144428 0.140670
vt 0.112612 0.073894
vt 0.148512 0.126288
vt 0.145174 0.131894
vt 0.144245 0.125709
vt 0.148648 0.130854
vt 0.146319 0.134866
vt 0.144245 0.137386
vt 0.166665 0.011261
vt 0.057251 0.126125
vt 0.063213 0.125029
vt 0.050798 0.123873
vt 0.144143 0.010883
vt 0.144143 0.001351
vt 0.103603 0.111188
vt 0.137386 0.082481
vt 0.015947 0.036036
vt 0.462965 0.420848
vt 0.462528 0.238709
vt 0.463961 0.481348
vt 0.027425 0.001963
vt 0.029279 0.062411
vt 0.028039 0.062436
vt 0.027425 0.063063
vt 0.462528 0.481979
vt 0.090393 0.150446
vt 0.089394 0.156151
vt 0.092342 0.153993
vt 0.092340 0.157851
vt 0.092153 0.162133
vt 0.088857 0.162161
vt 0.826151 0.330046
vt 0.468465 0.154003
vt 0.465778 0.407655
vt 0.463369 0.154003
vt 0.207206 0.001702
vt 0.207206 0.509005
vt 0.204729 0.255355
vt 0.179412 0.279277
vt 0.182231 0.001411
vt 0.184683 0.279277
vt 0.693881 0.444295
vt 0.203827 0.509005
vt 0.201267 0.254854
vt 0.203827 0.000705
vt 0.177927 0.292791
vt 0.173107 0.292791
vt 0.175240 0.038639
vt 0.460281 0.255000
vt 0.185516 0.432429
vt 0.188169 0.154597
vt 0.191440 0.432429
s 1
usemtl furn_desk
f 1/1/1 440/2/2 2/3/3
f 1/1/1 2/3/3 3/4/4
f 1/1/1 3/4/4 440/2/2
f 4/5/5 5/6/6 6/7/7
f 4/5/5 6/7/7 840/8/8
f 4/5/5 7/9/9 5/6/6
f 4/5/5 840/8/8 7/9/9
f 8/10/10 9/11/11 10/12/12
f 8/10/10 11/13/13 9/11/11
f 8/10/10 12/14/14 11/13/13
f 13/15/15 14/16/16 15/17/17
f 13/15/15 15/17/17 16/18/18
f 13/15/15 17/19/19 14/16/16
f 13/15/15 468/20/20 17/19/19
f 13/15/15 16/18/18 468/20/20
f 21/21/21 18/22/22 19/23/23
f 21/24/24 496/25/24 747/26/24
f 21/21/21 20/27/25 18/22/22
f 21/21/21 732/28/26 20/27/25
f 21/29/21 19/30/23 496/31/27
f 21/32/28 747/33/28 732/34/28
f 22/35/29 23/36/30 24/37/31
f 22/35/29 24/37/31 25/38/32
f 22/35/29 25/38/32 26/39/33
f 27/40/34 28/41/35 29/42/36
f 27/40/34 30/43/37 31/44/38
f 27/40/34 29/42/36 30/43/37
f 35/45/39 32/46/40 33/47/41
f 35/48/39 33/49/41 34/50/42
f 35/51/43 34/52/43 36/53/43
f 35/45/39 739/54/44 32/46/40
f 35/55/39 36/56/45 739/57/44
f 39/58/46 37/59/47 38/60/48
f 39/61/46 40/62/49 41/63/50
f 39/61/46 41/63/50 42/64/51
f 39/61/46 42/64/51 37/65/47
f 39/58/46 38/60/48 40/66/49
f 43/67/52 44/68/53 45/69/54
f 43/67/52 45/69/54 46/70/55
f 43/67/52 697/71/56 44/68/53
f 43/67/52 47/72/57 697/71/56
f 43/67/52 46/70/55 47/72/57
f 48/73/58 49/74/59 50/75/60
f 48/73/58 51/76/61 49/74/59
f 48/73/58 50/75/60 52/77/62
f 48/73/58 53/78/63 51/76/61
f 48/73/58 52/77/62 53/78/63
f 56/79/64 54/80/65 55/81/66
f 56/82/64 57/83/67 485/84/68
f 56/82/64 485/84/68 54/85/65
f 56/79/64 729/86/69 57/87/67
f 56/79/64 55/81/66 729/86/69
f 58/88/70 60/89/70 428/90/70
f 58/91/71 400/92/72 694/93/73
f 58/94/71 428/95/74 858/96/75
f 58/97/71 59/98/76 60/99/77
f 58/97/71 694/100/73 59/98/76
f 62/101/78 67/102/79 61/103/80
f 62/104/78 63/105/81 175/106/82
f 62/101/78 64/107/83 65/108/84
f 62/101/78 61/103/80 64/107/83
f 62/104/78 66/109/85 63/105/81
f 62/104/78 65/110/84 66/109/85
f 62/104/78 175/106/82 67/111/79
f 68/112/86 69/113/87 70/114/88
f 68/115/86 73/116/89 71/117/90
f 68/118/86 72/119/91 73/120/89
f 68/118/86 74/121/92 72/119/91
f 68/112/86 71/122/90 69/113/87
f 68/112/86 70/114/88 74/123/92
f 75/124/93 76/125/94 77/126/95
f 75/124/93 78/127/96 79/128/97
f 75/129/93 77/130/95 78/131/96
f 80/132/98 81/133/99 82/134/100
f 80/132/98 83/135/101 81/133/99
f 84/136/102 85/137/103 86/138/104
f 84/136/102 87/139/105 85/137/103
f 84/140/102 88/141/106 87/142/105
f 91/143/107 89/144/108 90/145/109
f 91/146/107 90/147/109 92/148/110
f 91/143/107 637/149/111 89/144/108
f 93/150/112 94/151/113 95/152/114
f 93/150/112 96/153/115 94/151/113
f 93/150/112 95/152/114 97/154/116
f 93/150/112 97/154/116 96/153/115
f 98/155/117 99/156/118 100/157/119
f 98/155/117 101/158/120 102/159/121
f 98/155/117 100/157/119 103/160/122
f 98/155/117 104/161/123 99/156/118
f 98/155/117 105/162/124 101/158/120
f 98/155/117 103/160/122 105/162/124
f 98/155/117 102/159/121 104/161/123
f 106/163/125 107/164/126 108/165/127
f 106/163/125 108/165/127 109/166/128
f 106/163/125 109/166/128 110/167/129
f 111/168/130 112/169/131 113/170/132
f 111/168/130 114/171/133 112/169/131
f 115/172/129 116/173/134 117/174/135
f 115/175/136 117/176/136 891/177/136
f 115/178/136 891/179/136 118/180/136
f 115/172/129 846/181/137 116/173/134
f 115/178/138 118/180/139 119/182/140
f 115/183/138 119/184/140 846/185/141
f 120/186/142 121/187/143 122/188/144
f 120/186/142 123/189/145 124/190/146
f 120/186/142 122/188/144 123/189/145
f 120/186/142 125/191/147 121/187/143
f 120/186/142 124/190/146 125/191/147
f 126/192/148 286/193/149 128/194/150
f 126/195/148 127/196/151 286/197/149
f 126/195/148 128/198/150 129/199/152
f 130/200/153 131/201/154 132/202/155
f 130/200/153 133/203/156 131/201/154
f 130/204/153 132/205/155 134/206/157
f 130/204/153 134/206/157 133/207/156
f 136/208/158 135/209/159 137/210/160
f 136/211/158 137/212/160 138/213/161
f 136/211/158 611/214/162 135/215/159
f 139/216/163 140/217/164 141/218/165
f 139/216/163 113/170/132 112/169/131
f 139/216/163 112/169/131 140/217/164
f 139/216/163 141/218/165 142/219/166
f 143/220/167 144/221/168 145/222/169
f 143/220/167 145/222/169 146/223/170
f 143/220/167 146/223/170 147/224/171
f 143/220/167 148/225/172 144/221/168
f 143/220/167 147/224/171 149/226/173
f 143/220/167 149/226/173 148/225/172
f 150/227/174 809/228/175 151/229/176
f 150/227/174 151/229/176 152/230/177
f 150/227/174 152/230/177 893/231/178
f 153/232/179 154/233/180 155/234/181
f 153/232/179 155/234/181 156/235/182
f 157/236/183 159/237/184 397/238/185
f 157/239/183 158/240/186 159/241/184
f 160/242/187 161/243/188 246/244/43
f 160/245/187 20/27/25 162/246/189
f 160/247/187 162/248/189 242/249/190
f 160/242/187 242/250/190 161/243/188
f 160/245/187 685/251/191 163/252/192
f 160/245/187 163/252/192 20/27/25
f 160/253/129 246/254/129 732/255/129
f 160/245/187 732/256/193 685/251/191
f 164/257/194 820/258/195 211/259/196
f 164/257/194 211/259/196 165/260/197
f 164/257/194 208/261/198 820/258/195
f 164/257/194 165/260/197 208/261/198
f 169/262/199 166/263/200 167/264/201
f 169/265/199 167/266/201 168/267/202
f 169/262/199 170/268/203 166/263/200
f 169/269/204 595/270/204 170/271/204
f 173/272/205 171/273/206 172/274/207
f 173/275/208 390/276/208 171/277/208
f 173/278/209 843/279/210 390/280/211
f 173/281/212 172/282/212 843/283/212
f 89/144/108 637/284/213 90/145/109
f 67/102/79 640/285/214 888/286/215
f 67/102/79 174/287/216 61/103/80
f 67/102/79 888/286/215 174/287/216
f 67/102/79 175/288/82 640/285/214
f 121/187/143 176/289/217 177/290/218
f 121/187/143 125/191/147 176/289/217
f 121/187/143 177/290/218 122/188/144
f 54/80/65 178/291/219 55/81/66
f 179/292/220 180/293/221 301/294/222
f 179/295/220 181/296/223 774/297/224
f 179/292/220 182/298/225 180/293/221
f 179/292/220 301/294/222 181/299/223
f 179/295/220 183/300/226 182/301/225
f 179/295/220 774/297/224 183/300/226
f 185/302/227 184/303/228 44/68/53
f 185/302/227 673/304/229 184/303/228
f 185/305/227 186/306/230 673/307/229
f 185/302/227 44/68/53 187/308/231
f 185/305/227 187/309/231 186/306/230
f 188/310/232 496/311/233 189/312/234
f 188/310/232 614/313/235 190/314/236
f 188/310/232 189/312/234 775/315/237
f 188/310/232 191/316/238 747/317/239
f 188/310/232 775/315/237 614/313/235
f 188/310/232 190/314/236 192/318/240
f 188/310/232 192/318/240 191/316/238
f 188/310/232 747/317/239 496/311/233
f 193/319/241 195/320/242 196/321/243
f 193/322/241 194/323/244 195/324/242
f 193/322/241 196/325/243 790/326/245
f 197/327/246 198/328/247 199/329/248
f 197/327/246 200/330/249 201/331/250
f 197/327/246 201/331/250 198/328/247
f 202/332/251 203/333/252 204/334/253
f 202/332/251 205/335/254 203/333/252
f 202/332/251 206/336/255 205/335/254
f 76/125/94 790/326/245 77/126/95
f 212/337/256 207/338/257 208/339/198
f 212/337/256 210/340/258 207/338/257
f 212/341/256 209/342/259 210/343/258
f 212/344/256 211/345/196 209/346/259
f 212/347/256 208/261/198 165/260/197
f 212/347/256 165/260/197 211/259/196
f 214/348/260 216/349/261 213/350/262
f 214/351/260 213/352/262 830/353/263
f 214/351/260 215/354/264 216/355/261
f 217/356/265 218/357/266 219/358/267
f 217/356/265 622/359/268 218/357/266
f 217/356/265 219/358/267 220/360/269
f 217/356/265 623/361/270 622/359/268
f 217/356/265 220/360/269 623/361/270
f 229/362/271 221/363/272 222/364/273
f 229/362/271 223/365/274 224/366/275
f 229/362/271 225/367/276 226/368/277
f 229/362/271 24/37/31 225/367/276
f 229/362/271 25/38/32 24/37/31
f 229/362/271 224/366/275 227/369/278
f 229/362/271 227/369/278 221/363/272
f 229/362/271 226/368/277 228/370/129
f 229/362/271 222/364/273 25/38/32
f 229/371/279 230/372/273 231/373/280
f 229/371/279 232/374/281 230/372/273
f 233/375/282 472/376/283 124/190/146
f 233/375/282 123/189/145 30/43/37
f 233/375/282 30/43/37 472/376/283
f 233/375/282 124/190/146 123/189/145
f 234/377/284 129/199/152 235/378/285
f 234/379/284 236/380/286 237/381/287
f 234/379/284 235/382/285 236/380/286
f 238/383/288 195/320/242 239/384/289
f 238/385/288 239/386/289 240/387/290
f 238/383/288 240/388/290 241/389/291
f 243/390/292 161/391/188 242/392/190
f 243/393/293 552/394/293 244/395/293
f 243/396/294 245/397/294 552/398/294
f 243/390/292 242/392/190 190/314/236
f 243/399/295 244/400/295 246/401/295
f 243/390/292 190/314/236 245/402/283
f 243/390/292 246/403/43 161/391/188
f 247/404/296 251/405/297 145/222/169
f 247/406/296 249/407/298 248/408/299
f 247/404/296 145/222/169 249/409/298
f 247/406/296 250/410/300 251/411/297
f 247/406/296 248/408/299 250/410/300
f 252/412/253 253/413/301 254/414/302
f 252/412/253 254/414/302 255/415/303
f 252/412/253 255/415/303 256/416/236
f 257/417/304 258/418/305 174/287/216
f 257/417/304 174/287/216 888/286/215
f 257/417/304 887/419/306 258/418/305
f 260/420/307 438/421/308 580/422/309
f 260/420/307 580/422/309 259/423/310
f 260/420/307 259/423/310 261/424/311
f 260/425/307 261/426/311 262/427/312
f 260/425/307 262/427/312 438/428/308
f 263/429/313 264/430/314 265/431/315
f 263/429/313 266/432/316 267/433/317
f 263/429/313 265/431/315 266/432/316
f 263/429/313 267/433/317 264/430/314
f 268/434/318 490/435/319 269/436/320
f 268/437/204 269/438/204 270/439/204
f 268/434/318 270/440/321 490/435/319
f 207/338/257 210/340/258 271/441/322
f 207/338/257 272/442/323 273/443/324
f 207/338/257 273/443/324 208/339/198
f 207/338/257 271/441/322 272/442/323
f 274/444/325 363/445/325 365/446/325
f 274/447/326 276/448/326 363/449/326
f 274/450/327 275/451/328 276/452/329
f 274/453/330 365/454/331 711/455/332
f 274/450/327 711/456/333 275/451/328
f 221/363/272 26/39/33 222/364/273
f 221/363/272 277/457/334 26/39/33
f 221/363/272 227/369/278 278/458/335
f 281/459/336 279/460/337 282/461/338
f 281/459/336 280/462/339 279/460/337
f 281/463/336 282/464/338 835/465/340
f 283/466/341 284/467/342 285/468/343
f 283/466/341 286/469/149 848/470/344
f 283/466/341 848/470/344 287/471/345
f 283/466/341 285/468/343 286/469/149
f 283/466/341 287/471/345 284/467/342
f 288/472/346 99/156/118 104/161/123
f 288/472/346 289/473/347 290/474/283
f 288/472/346 104/161/123 289/473/347
f 291/475/348 292/476/349 293/477/350
f 291/475/348 294/478/351 292/476/349
f 295/479/352 296/480/353 297/481/354
f 295/479/352 297/481/354 298/482/355
f 295/479/352 298/482/355 299/483/356
f 295/479/352 299/483/356 296/480/353
f 180/484/221 182/301/225 631/485/357
f 180/486/204 300/487/204 301/488/204
f 180/486/204 631/489/204 300/487/204
f 302/490/348 303/491/358 304/492/359
f 145/222/169 304/493/359 303/494/358
f 145/222/169 303/494/358 146/223/170
f 147/224/171 303/494/358 305/495/360
f 306/496/361 305/495/360 303/497/358
f 146/223/170 303/494/358 147/224/171
f 307/498/362 308/499/363 309/500/364
f 310/501/365 426/502/366 307/503/362
f 310/501/365 307/503/362 309/500/364
f 426/502/366 311/504/367 307/503/362
f 312/505/368 307/506/362 311/504/367
f 313/507/369 314/508/370 315/509/371
f 313/507/369 316/510/372 70/114/88
f 313/507/369 315/509/371 316/510/372
f 317/511/373 318/512/374 319/513/375
f 317/511/373 863/514/376 318/512/374
f 317/511/373 320/515/377 321/516/378
f 317/511/373 319/513/375 320/515/377
f 317/511/373 321/516/378 863/514/376
f 322/517/379 323/518/380 324/519/381
f 322/520/379 15/17/17 325/521/382
f 322/517/379 324/519/381 326/522/383
f 322/520/379 326/523/383 15/17/17
f 875/524/384 327/525/385 684/526/386
f 875/524/384 684/526/386 328/527/387
f 329/528/388 330/529/389 331/530/390
f 329/528/388 332/531/391 330/529/389
f 329/528/388 333/532/392 332/531/391
f 334/533/393 335/534/394 218/535/395
f 336/536/396 563/537/397 218/535/395
f 334/533/393 218/535/395 337/538/398
f 336/536/396 218/535/395 335/534/394
f 337/538/398 218/535/395 338/539/399
f 338/539/399 218/535/395 563/537/397
f 218/357/266 339/540/400 219/358/267
f 223/365/274 231/373/280 340/541/401
f 223/365/274 341/542/402 342/543/403
f 223/365/274 342/543/403 224/366/275
f 223/365/274 340/541/401 341/542/402
f 343/544/404 216/349/261 344/545/405
f 343/546/404 344/547/405 345/548/406
f 343/544/404 345/549/406 453/550/407
f 334/533/393 427/551/408 335/534/394
f 334/533/393 337/538/398 861/552/409
f 334/533/393 861/552/409 427/551/408
f 346/553/410 347/554/411 348/555/412
f 346/553/410 349/556/413 350/557/414
f 346/558/410 350/559/414 347/560/411
f 353/561/415 351/562/416 352/563/417
f 353/561/415 168/267/202 167/266/201
f 353/564/415 354/565/418 358/566/419
f 353/564/415 166/263/200 354/565/418
f 353/561/415 352/563/417 355/567/420
f 353/561/415 167/266/201 166/568/200
f 353/561/415 356/569/421 168/267/202
f 353/561/415 355/567/420 357/570/422
f 353/561/415 357/570/422 356/569/421
f 353/561/415 358/571/419 351/562/416
f 359/572/423 360/573/424 361/574/335
f 359/572/423 361/574/335 362/575/425
f 359/572/423 362/575/425 86/138/104
f 359/572/423 86/138/104 360/573/424
f 363/576/426 276/577/426 366/578/426
f 363/579/427 364/580/428 365/581/429
f 363/579/427 366/582/430 364/580/428
f 60/99/77 59/98/76 695/583/431
f 60/584/432 367/585/432 428/586/432
f 60/587/433 695/588/433 367/589/433
f 78/131/96 368/590/434 79/591/97
f 369/592/435 673/307/229 186/306/230
f 369/592/435 186/306/230 771/593/436
f 369/592/435 674/594/437 673/307/229
f 369/592/435 771/593/436 370/595/438
f 371/596/129 372/597/129 373/598/439
f 371/596/129 373/598/439 374/599/440
f 376/600/441 375/601/442 864/602/443
f 376/600/441 486/603/444 375/601/442
f 376/604/441 377/605/445 486/606/444
f 376/604/441 236/380/286 235/382/285
f 376/604/441 235/382/285 377/605/445
f 376/604/441 378/607/446 236/380/286
f 376/604/441 864/608/443 378/607/446
f 379/609/447 552/610/448 613/611/43
f 379/612/447 380/613/449 381/614/450
f 379/612/447 615/615/451 380/613/449
f 379/609/447 733/616/452 552/610/448
f 379/609/447 613/611/43 615/617/451
f 379/612/447 381/614/450 733/618/452
f 386/619/453 382/620/454 383/621/455
f 386/619/453 383/621/455 384/622/456
f 386/619/453 384/622/456 385/623/457
f 386/624/453 426/502/366 206/336/255
f 386/619/453 206/625/255 382/620/454
f 387/626/458 336/627/396 335/628/394
f 387/626/458 335/628/394 388/629/459
f 387/626/458 389/630/460 336/627/396
f 171/273/206 390/631/211 845/632/461
f 171/273/206 845/632/461 172/274/207
f 392/633/462 500/634/463 502/635/464
f 392/636/129 393/637/129 503/638/129
f 392/639/462 391/640/465 500/641/463
f 392/642/466 897/643/466 393/644/466
f 392/645/129 503/646/129 391/647/129
f 392/633/462 502/635/464 897/648/467
f 351/562/416 431/649/468 394/650/469
f 351/562/416 394/650/469 352/563/417
f 351/562/416 358/571/419 431/649/468
f 360/573/424 85/137/103 395/651/470
f 360/573/424 395/651/470 361/574/335
f 360/573/424 86/138/104 85/137/103
f 396/652/471 314/508/370 397/653/185
f 396/652/471 315/509/371 314/508/370
f 396/652/471 398/654/472 315/509/371
f 396/652/471 399/655/473 398/654/472
f 396/652/471 397/653/185 399/655/473
f 400/656/72 859/657/474 401/658/475
f 400/92/72 401/659/475 694/93/73
f 403/660/476 604/661/477 402/662/478
f 403/663/476 404/664/479 405/665/480
f 403/663/476 405/665/480 408/666/481
f 403/663/476 406/667/482 407/668/483
f 403/660/476 408/669/481 604/661/477
f 403/660/476 402/662/478 406/670/482
f 403/663/476 407/668/483 404/664/479
f 375/601/442 486/603/444 285/468/343
f 375/671/442 409/672/484 864/673/443
f 375/601/442 285/468/343 409/674/484
f 410/675/485 411/676/486 412/677/487
f 410/675/485 412/677/487 413/678/488
f 410/675/485 413/678/488 103/160/122
f 410/675/485 100/157/119 411/676/486
f 410/675/485 103/160/122 100/157/119
f 107/164/126 414/679/489 415/680/490
f 107/164/126 415/680/490 108/165/127
f 416/681/432 72/682/432 556/683/432
f 416/684/491 417/685/492 72/119/91
f 416/686/491 418/687/493 417/688/492
f 198/328/247 201/331/250 419/689/494
f 198/328/247 420/690/495 421/691/496
f 198/328/247 421/691/496 199/329/248
f 198/328/247 419/689/494 420/690/495
f 422/692/497 423/693/498 424/694/129
f 422/692/497 425/695/499 660/696/500
f 422/692/497 660/696/500 423/693/498
f 422/692/497 424/694/129 426/697/366
f 422/692/497 426/697/366 425/695/499
f 427/698/408 388/629/459 335/628/394
f 428/95/74 429/699/501 858/96/75
f 428/700/74 367/701/502 839/702/503
f 428/700/74 839/702/503 429/703/501
f 354/565/418 430/704/504 431/705/468
f 431/706/505 432/707/505 433/708/505
f 431/649/468 434/709/432 394/650/469
f 431/649/468 433/710/506 434/709/432
f 430/704/504 432/711/24 431/705/468
f 354/565/418 431/705/468 358/566/419
f 435/712/507 436/713/508 88/141/106
f 435/712/507 332/531/391 333/532/392
f 435/712/507 333/532/392 436/713/508
f 435/712/507 86/714/104 332/531/391
f 435/712/507 88/141/106 86/714/104
f 438/428/308 338/539/399 563/537/397
f 438/421/308 563/715/397 580/422/309
f 220/360/269 437/716/509 438/717/510
f 438/428/308 262/427/312 338/539/399
f 220/360/269 438/717/510 457/718/511
f 457/718/511 438/717/510 437/716/509
f 440/719/2 441/720/512 816/721/513
f 440/719/2 816/721/513 439/722/514
f 440/723/2 439/724/514 2/725/3
f 440/726/515 3/727/515 441/728/515
f 279/460/337 442/729/516 405/665/480
f 279/460/337 405/665/480 282/461/338
f 279/460/337 280/462/339 442/729/516
f 444/730/517 446/731/517 443/732/517
f 444/733/518 445/734/519 446/735/520
f 444/733/518 447/736/521 445/734/519
f 293/477/350 292/476/349 448/737/522
f 449/738/523 882/739/524 450/740/525
f 449/738/523 450/740/525 142/741/526
f 449/742/523 142/743/526 451/744/527
f 452/745/528 94/151/113 96/153/115
f 452/745/528 152/230/177 725/746/529
f 452/745/528 894/747/530 893/231/178
f 452/745/528 96/153/115 894/747/530
f 452/745/528 893/231/178 152/230/177
f 452/745/528 725/746/529 94/151/113
f 453/748/407 345/749/406 454/750/531
f 453/550/407 454/751/531 455/752/532
f 458/753/533 456/754/534 457/755/511
f 458/756/533 459/757/535 460/758/536
f 458/756/533 457/718/511 459/757/535
f 461/759/537 462/760/538 463/761/539
f 461/759/537 464/762/540 465/763/541
f 461/759/537 347/560/411 350/559/414
f 461/759/537 463/761/539 347/560/411
f 461/759/537 465/763/541 462/760/538
f 461/759/537 350/559/414 464/762/540
f 466/764/542 323/518/380 467/765/543
f 466/764/542 324/519/381 323/518/380
f 466/764/542 468/766/20 324/519/381
f 466/764/542 467/765/543 468/766/20
f 18/22/22 469/767/544 19/23/23
f 18/22/22 20/27/25 163/252/192
f 18/22/22 275/451/328 469/767/544
f 18/22/22 163/252/192 275/451/328
f 26/39/33 25/38/32 222/364/273
f 470/768/545 471/769/546 472/770/547
f 470/768/545 472/770/547 473/771/548
f 472/376/283 30/43/37 29/42/36
f 28/41/35 472/772/547 471/773/546
f 474/774/549 475/775/550 476/776/551
f 474/774/549 477/777/552 475/775/550
f 474/774/549 476/776/551 883/778/553
f 474/774/549 883/778/553 477/777/552
f 478/779/554 479/780/555 767/781/556
f 478/779/554 767/781/556 851/782/557
f 480/783/558 481/784/559 482/785/560
f 480/783/558 482/785/560 483/786/561
f 480/783/558 483/786/561 882/739/524
f 57/787/67 484/788/562 485/789/68
f 57/787/67 486/790/563 487/791/564
f 57/87/67 729/86/69 486/792/563
f 57/787/67 487/791/564 484/788/562
f 420/690/495 419/689/494 488/793/565
f 199/329/248 421/691/496 488/794/565
f 420/690/495 488/793/565 421/691/496
f 419/689/494 489/795/566 488/793/565
f 491/796/567 490/797/567 270/798/567
f 491/799/568 803/800/569 490/801/319
f 491/799/568 270/802/570 803/800/569
f 336/627/396 580/422/309 563/715/397
f 336/627/396 492/803/571 580/422/309
f 336/627/396 389/630/460 492/803/571
f 493/804/572 411/676/486 100/157/119
f 493/804/572 100/157/119 99/156/118
f 184/303/228 673/304/229 494/805/573
f 184/303/228 642/806/574 495/807/575
f 184/303/228 494/805/573 642/806/574
f 184/303/228 495/807/575 44/68/53
f 496/311/233 754/808/576 189/312/234
f 496/809/577 19/810/577 754/811/577
f 9/11/11 11/13/13 700/812/578
f 9/11/11 251/411/297 10/12/12
f 9/11/11 700/812/578 251/411/297
f 497/813/579 644/814/580 498/815/581
f 497/813/579 499/816/582 644/814/580
f 500/641/463 391/640/465 503/817/583
f 500/818/43 501/819/43 502/820/43
f 500/821/463 503/822/583 501/823/584
f 504/824/585 678/825/586 680/826/587
f 504/824/585 320/515/377 319/513/375
f 504/824/585 319/513/375 678/825/586
f 504/824/585 680/826/587 320/515/377
f 505/827/588 594/828/589 593/829/590
f 505/827/588 506/830/591 507/831/592
f 505/827/588 507/831/592 594/828/589
f 505/827/588 508/832/593 506/830/591
f 505/827/588 593/829/590 508/832/593
f 394/650/469 509/833/594 352/563/417
f 361/574/335 395/651/470 510/834/595
f 361/574/335 511/835/273 362/575/425
f 512/836/596 513/837/597 516/838/598
f 512/839/596 514/840/599 515/841/600
f 512/836/596 813/842/601 513/837/597
f 512/839/596 515/841/600 841/843/602
f 512/839/596 516/844/598 514/840/599
f 512/836/596 841/845/602 813/842/601
f 63/105/81 517/846/603 175/106/82
f 63/105/81 66/109/85 517/846/603
f 518/847/604 519/848/605 94/849/606
f 518/847/604 94/849/606 520/850/607
f 94/151/113 521/851/608 95/152/114
f 519/848/605 522/852/609 94/849/606
f 522/852/609 523/853/610 94/849/606
f 520/850/607 94/849/606 523/853/610
f 94/151/113 725/746/529 521/851/608
f 524/854/611 525/855/612 783/856/613
f 524/854/611 783/856/613 132/202/155
f 526/857/614 769/858/129 527/859/615
f 526/857/614 528/860/616 769/858/129
f 526/857/614 804/861/617 528/860/616
f 529/862/618 101/158/120 530/863/619
f 529/862/618 373/598/439 101/158/120
f 529/862/618 531/864/129 374/599/440
f 529/862/618 374/599/440 373/598/439
f 529/862/618 530/863/619 531/864/129
f 532/865/620 533/866/621 814/867/622
f 532/865/620 814/867/622 534/868/623
f 532/865/620 534/868/623 818/869/129
f 312/505/368 311/504/367 535/870/624
f 536/871/625 557/872/626 72/873/91
f 536/871/625 72/873/91 398/654/472
f 536/871/625 398/654/472 399/655/473
f 536/871/625 399/655/473 557/872/626
f 537/874/627 538/875/204 539/876/628
f 537/874/627 540/877/629 347/878/630
f 537/874/627 539/876/628 540/877/629
f 541/879/631 354/565/418 166/263/200
f 541/879/631 166/263/200 170/268/203
f 541/879/631 430/704/504 354/565/418
f 542/880/204 330/529/389 543/881/632
f 542/880/204 543/881/632 544/882/633
f 542/880/204 544/882/633 545/883/634
f 542/880/204 331/530/390 330/529/389
f 546/884/635 547/885/636 364/580/428
f 546/884/635 364/580/428 366/582/430
f 546/884/635 366/582/430 119/886/637
f 176/289/217 522/852/609 548/887/638
f 176/289/217 125/191/147 522/852/609
f 176/289/217 548/887/638 177/290/218
f 481/784/559 475/775/550 482/785/560
f 481/784/559 884/888/639 475/775/550
f 49/74/59 51/76/61 140/217/164
f 49/74/59 140/217/164 549/889/640
f 49/74/59 550/890/641 50/75/60
f 49/74/59 549/889/640 550/890/641
f 733/618/452 846/181/137 552/891/642
f 552/892/643 245/893/643 613/894/643
f 551/895/644 733/896/645 552/897/642
f 551/895/644 552/897/642 846/898/137
f 308/499/363 553/899/646 554/900/647
f 308/499/363 554/900/647 309/500/364
f 308/499/363 555/901/648 553/899/646
f 556/902/43 786/903/649 158/240/186
f 556/902/43 557/904/43 787/905/43
f 556/906/650 72/873/91 557/872/626
f 556/902/43 787/905/43 786/903/649
f 323/518/380 558/907/651 467/765/543
f 538/875/204 559/908/652 539/876/628
f 560/909/653 561/910/654 562/911/655
f 560/909/653 220/360/269 561/910/654
f 560/909/653 562/911/655 563/912/656
f 560/909/653 564/913/657 220/360/269
f 560/909/653 582/914/658 564/913/657
f 566/915/659 565/916/659 891/917/659
f 547/885/636 118/918/139 566/919/660
f 566/920/661 118/921/661 891/922/661
f 547/885/636 566/919/660 567/923/662
f 568/924/663 123/189/145 122/188/144
f 568/924/663 122/188/144 31/44/38
f 568/924/663 31/44/38 30/43/37
f 568/924/663 30/43/37 123/189/145
f 571/925/664 569/926/665 868/927/666
f 571/925/664 570/928/667 569/926/665
f 571/929/664 572/930/668 570/931/667
f 525/855/612 40/62/49 783/856/613
f 525/855/612 41/63/50 40/62/49
f 296/480/353 137/210/160 854/932/669
f 296/480/353 299/483/356 137/210/160
f 296/480/353 573/933/670 297/481/354
f 296/480/353 854/932/669 573/933/670
f 574/934/43 575/935/671 576/936/672
f 574/934/43 576/936/672 140/217/164
f 574/934/43 140/217/164 53/78/63
f 574/934/43 53/78/63 577/937/673
f 578/938/674 156/235/182 579/939/675
f 578/938/674 780/940/676 810/941/677
f 578/938/674 579/939/675 780/940/676
f 562/911/655 580/942/678 563/912/656
f 580/422/309 492/803/571 259/423/310
f 581/943/679 580/942/678 562/911/655
f 582/944/43 563/945/43 580/946/43
f 583/947/680 584/948/681 585/949/682
f 583/947/680 586/950/683 587/951/684
f 583/947/680 266/432/316 265/431/315
f 583/947/680 585/949/682 588/952/43
f 583/947/680 589/953/685 590/954/686
f 583/947/680 265/431/315 586/950/683
f 583/947/680 588/952/43 266/432/316
f 583/947/680 587/951/684 589/953/685
f 583/947/680 590/954/686 584/948/681
f 591/955/687 592/956/688 593/957/590
f 591/955/687 82/134/100 592/956/688
f 591/955/687 593/957/590 594/958/589
f 168/267/202 356/569/421 595/959/689
f 596/960/690 719/961/691 720/962/692
f 596/960/690 720/962/692 349/556/413
f 596/960/690 721/963/693 719/961/691
f 225/367/276 24/37/31 226/368/277
f 385/623/457 384/622/456 426/697/366
f 462/964/538 348/555/412 597/965/694
f 462/964/538 597/965/694 463/966/539
f 598/967/695 795/968/696 599/969/697
f 598/967/695 850/970/698 600/971/699
f 598/967/695 600/971/699 795/968/696
f 598/967/695 599/969/697 850/970/698
f 601/972/700 602/973/204 230/372/273
f 601/972/700 228/974/129 603/975/129
f 601/972/700 230/372/273 232/374/281
f 601/972/700 232/374/281 228/974/129
f 604/976/477 408/666/481 442/729/516
f 443/977/701 446/978/520 605/979/702
f 443/980/703 605/981/702 606/982/704
f 607/983/705 101/158/120 105/162/124
f 607/983/705 608/984/706 101/158/120
f 607/983/705 105/162/124 609/985/707
f 607/983/705 609/985/707 608/984/706
f 297/481/354 656/986/708 298/482/355
f 135/209/159 610/987/709 854/932/669
f 135/988/159 611/989/162 612/990/710
f 135/209/159 612/991/710 610/987/709
f 135/209/159 854/932/669 137/210/160
f 614/992/711 615/993/711 613/994/711
f 614/313/235 245/402/283 190/314/236
f 614/995/712 613/996/712 245/997/712
f 614/998/713 775/999/713 615/1000/713
f 470/768/545 473/771/548 616/1001/714
f 470/768/545 616/1001/714 617/1002/715
f 470/768/545 617/1002/715 124/190/146
f 470/768/545 124/190/146 471/769/546
f 618/1003/716 619/1004/717 620/1005/718
f 618/1003/716 621/1006/719 619/1004/717
f 618/1003/716 870/1007/720 621/1006/719
f 618/1003/716 620/1005/718 870/1007/720
f 622/1008/268 623/1009/270 456/754/534
f 625/1010/721 661/1011/722 624/1012/723
f 625/1010/721 540/1013/629 661/1011/722
f 625/1014/721 347/878/630 540/877/629
f 625/1010/721 624/1012/723 626/1015/724
f 627/1016/725 628/1017/726 629/1018/727
f 627/1016/725 630/1019/728 628/1017/726
f 627/1016/725 629/1018/727 17/19/19
f 627/1016/725 17/19/19 468/20/20
f 627/1016/725 468/20/20 630/1019/728
f 633/1020/729 300/1021/204 631/1022/357
f 633/1020/729 632/1023/730 300/1021/204
f 633/1024/729 634/1025/731 632/1026/730
f 633/1020/729 631/1022/357 634/1027/731
f 635/1028/732 636/1029/733 639/1030/734
f 636/1029/733 637/1031/213 639/1030/734
f 635/1028/732 639/1030/734 638/1032/735
f 638/1033/736 639/1034/736 637/1035/736
f 640/1036/214 175/106/82 517/846/603
f 518/847/604 520/850/607 617/1002/715
f 518/847/604 617/1002/715 616/1001/714
f 131/201/154 133/203/156 641/1037/737
f 527/859/615 642/1038/574 643/1039/738
f 644/1040/580 610/987/709 612/991/710
f 644/1040/580 499/1041/582 610/987/709
f 644/1042/580 612/990/710 498/1043/581
f 181/296/223 772/1044/739 774/297/224
f 181/299/223 301/294/222 645/1045/740
f 181/296/223 645/1046/740 646/1047/741
f 181/296/223 646/1047/741 772/1044/739
f 486/606/444 377/605/445 286/193/149
f 647/1048/742 487/791/564 486/790/563
f 648/1049/743 486/790/563 235/1050/744
f 486/603/444 286/469/149 285/468/343
f 647/1048/742 486/790/563 648/1049/743
f 729/1051/69 235/1050/744 486/790/563
f 650/1052/745 380/613/449 615/615/451
f 650/1052/745 615/615/451 649/1053/129
f 650/1054/745 760/1055/204 802/1056/746
f 650/1052/745 802/1057/746 380/613/449
f 650/1054/745 649/1058/129 760/1055/204
f 520/850/607 523/853/610 124/190/146
f 520/850/607 124/190/146 617/1002/715
f 606/1059/704 652/1060/747 741/1061/748
f 606/1059/704 741/1061/748 651/1062/749
f 606/982/704 605/981/702 652/1063/747
f 653/1064/750 827/1065/751 654/1066/752
f 653/1064/750 655/1067/753 635/1028/732
f 653/1064/750 654/1066/752 655/1067/753
f 138/1068/161 137/1069/160 299/1070/356
f 138/1068/161 299/1070/356 656/1071/708
f 182/301/225 183/300/226 631/485/357
f 144/221/168 249/409/298 657/1072/754
f 144/221/168 657/1072/754 145/222/169
f 144/221/168 148/225/172 249/409/298
f 253/413/301 658/1073/755 254/414/302
f 253/413/301 659/1074/756 658/1073/755
f 535/870/624 423/1075/498 660/1076/500
f 535/870/624 311/504/367 423/1075/498
f 661/1077/722 540/877/629 662/1078/757
f 661/1077/722 662/1078/757 663/1079/758
f 661/1077/722 663/1079/758 624/1080/723
f 664/1081/759 690/1082/760 665/1083/761
f 664/1081/759 666/1084/762 667/1085/763
f 664/1081/759 667/1085/763 690/1082/760
f 203/333/252 553/899/646 555/901/648
f 203/333/252 668/1086/764 553/899/646
f 203/333/252 205/335/254 426/502/366
f 203/333/252 426/502/366 668/1086/764
f 203/333/252 555/901/648 204/334/253
f 404/664/479 282/461/338 405/665/480
f 404/664/479 407/668/483 282/461/338
f 569/926/665 570/928/667 801/1087/765
f 569/926/665 801/1087/765 669/1088/766
f 569/1089/665 669/1090/766 868/1091/666
f 670/1092/767 671/1093/768 609/985/707
f 670/1092/767 609/985/707 672/1094/769
f 673/1095/229 674/1096/437 494/1097/573
f 189/312/234 754/808/576 775/315/237
f 11/13/13 304/492/359 700/812/578
f 11/13/13 12/14/14 304/492/359
f 200/330/249 675/1098/129 676/1099/770
f 200/330/249 676/1099/770 201/331/250
f 200/330/249 677/1100/266 675/1098/129
f 678/1101/586 679/1102/771 680/1103/587
f 592/956/688 689/1104/772 593/957/590
f 592/956/688 82/134/100 81/133/99
f 592/956/688 81/133/99 689/1104/772
f 681/1105/773 327/1106/385 682/1107/774
f 681/1105/773 271/441/322 683/1108/775
f 681/1109/773 683/1110/775 684/526/386
f 681/1105/773 682/1107/774 271/441/322
f 681/1105/773 684/1111/386 327/1106/385
f 276/452/329 275/451/328 163/252/192
f 276/1112/776 685/1113/776 366/1114/776
f 276/452/329 163/252/192 685/251/191
f 219/358/267 339/540/400 220/360/269
f 231/373/280 686/1115/777 340/541/401
f 231/373/280 230/372/273 686/1115/777
f 258/418/305 887/419/306 687/1116/778
f 258/418/305 687/1116/778 174/287/216
f 581/943/679 562/911/655 688/1117/779
f 264/430/314 586/950/683 265/431/315
f 264/430/314 267/433/317 559/908/652
f 689/1118/772 690/1082/760 508/832/593
f 689/1118/772 508/832/593 593/829/590
f 689/1104/772 81/133/99 690/1119/760
f 362/575/425 833/1120/780 86/138/104
f 362/575/425 691/1121/781 833/1120/780
f 362/575/425 511/835/273 691/1121/781
f 692/1122/782 859/657/474 693/1123/783
f 692/1122/782 401/658/475 859/657/474
f 692/1122/782 694/1124/73 401/658/475
f 692/1122/782 693/1123/783 695/1125/784
f 692/1122/782 695/1125/784 694/1124/73
f 368/590/434 241/389/291 240/388/290
f 368/1126/434 240/387/290 79/128/97
f 696/1127/785 697/1128/56 47/1129/57
f 696/1127/785 771/593/436 697/1128/56
f 696/1127/785 370/595/438 771/593/436
f 698/1130/786 101/158/120 373/598/439
f 698/1130/786 699/1131/787 101/158/120
f 698/1130/786 289/473/347 699/1131/787
f 698/1130/786 372/597/129 290/474/283
f 698/1130/786 373/598/439 372/597/129
f 698/1130/786 290/474/283 289/473/347
f 251/411/297 250/410/300 10/12/12
f 251/405/297 700/1132/578 145/222/169
f 423/693/498 426/697/366 424/694/129
f 423/1075/498 311/504/367 426/502/366
f 701/1133/788 337/538/398 262/427/312
f 701/1133/788 262/427/312 261/426/311
f 701/1133/788 861/552/409 337/538/398
f 704/1134/789 702/1135/790 321/516/378
f 704/1134/789 321/516/378 703/1136/791
f 704/1137/789 705/1138/792 706/1139/793
f 704/1137/789 680/1103/587 705/1138/792
f 704/1134/789 703/1136/791 680/826/587
f 704/1134/789 706/1140/793 702/1135/790
f 14/16/16 707/1141/794 325/521/382
f 14/16/16 17/19/19 707/1141/794
f 14/16/16 325/521/382 15/17/17
f 85/137/103 510/834/595 395/651/470
f 85/137/103 87/139/105 510/834/595
f 513/837/597 813/842/601 708/1142/795
f 513/837/597 822/1143/796 516/838/598
f 513/837/597 708/1142/795 709/1144/797
f 513/837/597 709/1144/797 822/1143/796
f 710/1145/798 755/1146/798 711/1147/798
f 710/1148/799 760/1149/800 806/1150/801
f 710/1148/799 891/1151/802 760/1149/800
f 710/1148/799 365/581/429 567/923/662
f 710/1152/803 711/1153/332 365/1154/331
f 710/1155/799 806/1156/801 755/1157/804
f 710/1148/799 567/923/662 891/1151/802
f 712/1158/805 490/1159/319 803/1160/569
f 712/1158/805 269/1161/320 490/1159/319
f 712/1162/806 803/1163/806 796/1164/806
f 712/1165/807 796/1166/807 269/1167/807
f 713/1168/129 110/167/129 294/478/351
f 714/1169/808 550/890/641 549/889/640
f 714/1169/808 549/889/640 715/1170/809
f 714/1169/808 715/1170/809 114/171/133
f 716/1171/810 235/1050/744 729/1051/69
f 716/1171/810 729/1051/69 730/1172/811
f 716/1171/810 730/1172/811 235/1050/744
f 116/173/134 733/618/452 381/614/450
f 116/173/134 846/181/137 733/618/452
f 116/173/134 381/614/450 117/174/135
f 216/355/261 215/354/264 344/547/405
f 337/538/398 338/539/399 262/427/312
f 626/1015/724 717/1173/812 764/1174/813
f 626/1015/724 624/1012/723 717/1173/812
f 210/343/258 209/342/259 718/1175/814
f 210/340/258 683/1108/775 271/441/322
f 210/343/258 718/1175/814 683/1110/775
f 719/1176/691 464/762/540 720/1177/692
f 719/1176/691 721/1178/693 464/762/540
f 90/145/109 722/1179/815 723/1180/816
f 90/147/109 724/1181/817 92/148/110
f 90/145/109 850/970/698 722/1179/815
f 90/145/109 637/284/213 850/970/698
f 90/145/109 723/1180/816 724/1182/817
f 521/1183/608 725/1184/529 726/1185/818
f 37/59/47 133/207/156 38/60/48
f 37/59/47 727/1186/819 133/207/156
f 37/65/47 42/64/51 727/1187/819
f 186/306/230 187/309/231 771/593/436
f 575/935/671 142/219/166 728/1188/43
f 575/935/671 728/1188/43 576/936/672
f 570/931/667 572/930/668 730/1172/811
f 570/928/667 729/1189/69 801/1087/765
f 570/928/667 730/1190/811 729/1189/69
f 380/613/449 802/1057/746 381/614/450
f 731/1191/204 733/1192/204 551/1193/204
f 731/1194/129 551/1195/820 119/886/637
f 731/1196/821 685/1197/191 732/1198/193
f 731/1199/822 366/1200/822 685/1201/822
f 731/1202/823 246/1203/824 733/1204/432
f 731/1194/129 119/886/637 366/582/430
f 731/1196/823 732/1198/825 246/1205/824
f 734/1206/826 735/1207/827 798/1208/828
f 734/1209/829 777/1210/829 736/1211/829
f 734/1206/826 798/1208/828 777/1212/830
f 734/1213/826 736/1214/831 737/1215/832
f 734/1216/826 737/1217/832 735/1218/827
f 738/1219/833 705/1138/792 679/1102/771
f 738/1219/833 706/1139/793 705/1138/792
f 540/877/629 266/432/316 662/1078/757
f 540/877/629 539/876/628 266/432/316
f 635/1028/732 655/1067/753 636/1029/733
f 32/1220/129 739/1221/129 33/1222/129
f 740/1223/834 652/1063/747 605/981/702
f 740/1223/834 741/1224/748 652/1063/747
f 740/1225/834 651/1062/749 741/1061/748
f 740/1226/834 605/979/702 742/1227/835
f 740/1228/834 742/1229/835 743/1230/836
f 740/1225/834 743/1231/836 651/1062/749
f 101/158/120 699/1131/787 102/159/121
f 101/158/120 608/984/706 530/863/619
f 744/1232/837 745/1233/838 415/680/490
f 744/1232/837 415/680/490 414/679/489
f 744/1232/837 746/1234/839 745/1233/838
f 882/739/524 483/786/561 450/740/525
f 201/331/250 676/1099/770 419/689/494
f 129/199/152 128/198/150 235/378/285
f 191/1235/840 242/1236/840 732/1237/840
f 191/316/238 192/318/240 242/392/190
f 191/1235/840 732/1237/840 747/1238/840
f 249/409/298 145/222/169 657/1072/754
f 249/407/298 148/1239/172 248/408/299
f 748/1240/841 749/1241/842 750/1242/843
f 748/1240/841 750/1242/843 659/1074/756
f 751/1243/844 619/1244/717 752/1245/845
f 751/1243/844 752/1245/845 780/940/676
f 751/1243/844 156/235/182 155/234/181
f 751/1243/844 780/940/676 579/939/675
f 751/1243/844 579/939/675 156/235/182
f 751/1243/844 155/234/181 619/1244/717
f 514/840/599 516/844/598 837/1246/846
f 15/17/17 326/523/383 16/18/18
f 755/1247/847 753/1248/847 754/1249/847
f 755/1250/804 649/1251/848 753/1252/849
f 755/1253/850 756/1254/851 711/456/333
f 755/1255/850 754/1256/852 756/1257/851
f 755/1157/804 806/1156/801 649/1258/848
f 636/1029/733 655/1067/753 637/1031/213
f 23/36/30 226/368/277 24/37/31
f 23/36/30 852/1259/129 226/368/277
f 475/775/550 477/777/552 482/785/560
f 475/775/550 884/888/639 476/776/551
f 757/1260/853 429/1261/501 758/1262/854
f 757/1260/853 758/1262/854 859/657/474
f 73/120/89 72/119/91 417/685/492
f 73/116/89 417/688/492 71/117/90
f 863/514/376 321/516/378 759/1263/855
f 442/729/516 408/666/481 405/665/480
f 533/866/621 742/1229/835 814/867/622
f 533/866/621 743/1230/836 742/1229/835
f 565/1264/856 891/1265/856 802/1266/856
f 760/1267/857 565/1268/857 802/1269/857
f 761/1270/858 406/670/482 402/662/478
f 761/1270/858 762/1271/859 406/670/482
f 572/930/668 648/1049/743 730/1172/811
f 92/148/110 724/1181/817 599/1272/697
f 92/148/110 599/1272/697 763/1273/860
f 51/76/61 53/78/63 140/217/164
f 59/1274/129 694/1275/129 695/1276/129
f 174/287/216 687/1116/778 61/103/80
f 501/819/43 897/1277/43 502/820/43
f 584/1278/681 764/1174/813 717/1173/812
f 584/948/681 590/954/686 764/1279/813
f 628/1280/726 630/1281/728 765/1282/861
f 766/1283/862 479/1284/555 454/1285/531
f 766/1283/862 767/1286/556 479/1284/555
f 623/361/270 220/360/269 457/718/511
f 623/1009/270 457/755/511 456/754/534
f 859/657/474 758/1262/854 693/1123/783
f 133/203/156 727/1187/819 641/1037/737
f 133/207/156 134/206/157 768/1287/863
f 133/207/156 768/1287/863 38/60/48
f 769/1288/864 44/68/53 495/807/575
f 769/1288/864 495/807/575 642/806/574
f 769/1288/864 770/1289/865 44/68/53
f 44/68/53 697/71/56 771/1290/436
f 44/68/53 528/1291/616 45/69/54
f 44/68/53 771/1290/436 187/308/231
f 44/68/53 770/1289/865 528/1291/616
f 576/936/672 728/1188/43 140/217/164
f 772/1292/739 773/1293/866 774/1294/224
f 772/1292/739 646/1295/741 773/1293/866
f 615/1296/867 775/1297/867 649/1298/867
f 619/1004/717 621/1006/719 752/1299/845
f 619/1004/717 154/1300/180 620/1005/718
f 619/1244/717 155/234/181 154/233/180
f 717/1301/812 624/1080/723 663/1079/758
f 717/1301/812 663/1079/758 588/952/43
f 707/1141/794 17/19/19 629/1018/727
f 545/883/634 544/882/633 776/1302/868
f 547/885/636 119/1303/869 118/918/139
f 547/885/636 567/923/662 364/580/428
f 553/899/646 668/1086/764 554/900/647
f 735/1218/827 737/1217/832 798/1304/828
f 759/1263/855 702/1135/790 706/1140/793
f 759/1263/855 321/516/378 702/1135/790
f 272/442/323 271/441/322 682/1107/774
f 464/762/540 878/1305/870 465/763/541
f 464/762/540 721/1178/693 878/1305/870
f 464/762/540 350/559/414 720/1177/692
f 722/1179/815 850/970/698 599/969/697
f 722/1179/815 599/969/697 723/1180/816
f 699/1131/787 289/473/347 104/161/123
f 699/1131/787 104/161/123 102/159/121
f 656/986/708 299/483/356 298/482/355
f 499/1041/582 853/1306/871 610/987/709
f 853/1306/871 854/932/669 610/987/709
f 777/1307/872 798/1308/872 799/1309/872
f 777/1310/873 799/1311/874 736/1214/831
f 145/222/169 700/1132/578 304/493/359
f 302/490/348 304/492/359 12/14/14
f 675/1098/129 778/1312/875 779/1313/876
f 675/1098/129 677/1100/266 778/1312/875
f 675/1098/129 779/1313/876 419/689/494
f 675/1098/129 419/689/494 676/1099/770
f 752/1299/845 621/1006/719 780/1314/676
f 324/519/381 468/766/20 781/1315/510
f 324/519/381 16/1316/18 326/522/383
f 324/519/381 781/1315/510 16/1316/18
f 469/767/544 275/451/328 711/456/333
f 469/767/544 756/1254/851 19/23/23
f 469/767/544 711/456/333 756/1254/851
f 341/542/402 782/1317/877 342/543/403
f 284/467/342 409/674/484 285/468/343
f 40/66/49 134/206/157 783/1318/613
f 40/66/49 768/1287/863 134/206/157
f 40/66/49 38/60/48 768/1287/863
f 108/165/127 784/1319/878 785/1320/879
f 108/165/127 415/680/490 784/1319/878
f 108/165/127 785/1320/879 109/166/128
f 498/1043/581 612/990/710 611/989/162
f 786/903/649 557/904/626 159/241/184
f 786/1321/43 787/1322/43 557/1323/43
f 786/903/649 159/241/184 158/240/186
f 377/605/445 128/194/150 286/193/149
f 254/414/302 788/1324/880 255/415/303
f 254/414/302 658/1073/755 419/689/494
f 254/414/302 419/689/494 788/1324/880
f 425/695/499 789/1325/595 660/696/500
f 425/695/499 384/622/456 789/1325/595
f 425/695/499 426/697/366 384/622/456
f 790/1326/245 791/1327/881 77/130/95
f 790/1326/245 196/321/243 791/1327/881
f 352/563/417 509/833/594 792/1328/882
f 352/563/417 792/1328/882 793/1329/883
f 352/563/417 793/1329/883 355/567/420
f 20/27/25 732/28/26 162/246/189
f 795/1330/696 763/1273/860 599/1272/697
f 795/1330/696 794/1331/884 763/1273/860
f 795/1332/696 600/1333/699 826/1334/885
f 795/1335/129 826/1336/129 794/1337/129
f 602/973/204 686/1115/777 230/372/273
f 608/984/706 531/864/129 530/863/619
f 608/984/706 671/1093/768 531/864/129
f 608/984/706 609/985/707 671/1093/768
f 642/1038/574 494/1097/573 643/1039/738
f 753/1338/886 775/315/237 754/808/576
f 753/1252/886 649/1251/849 775/1339/237
f 347/554/411 463/966/539 597/965/694
f 347/554/411 597/965/694 348/555/412
f 269/438/204 796/1340/204 270/439/204
f 630/1019/728 468/20/20 797/1341/887
f 630/1281/728 797/1342/887 765/1282/861
f 330/529/389 332/531/391 86/714/104
f 330/529/389 86/714/104 543/881/632
f 800/1343/888 798/1344/828 737/1345/832
f 800/1343/888 799/1346/874 798/1344/828
f 800/1347/888 737/1215/832 799/1311/874
f 292/476/349 784/1319/878 746/1234/839
f 292/476/349 294/478/351 785/1320/879
f 292/476/349 785/1320/879 784/1319/878
f 292/476/349 746/1234/839 448/737/522
f 451/744/527 142/743/526 828/1348/889
f 801/1349/765 729/86/69 669/1090/766
f 117/176/135 802/1350/746 891/177/890
f 117/174/135 381/614/450 802/1057/746
f 803/1351/570 270/1352/570 796/1353/570
f 411/676/486 672/1094/769 412/677/487
f 45/69/54 528/1291/616 804/1354/617
f 45/69/54 804/1354/617 46/70/55
f 805/1355/891 140/217/164 112/169/131
f 805/1355/891 112/169/131 114/171/133
f 805/1355/891 715/1170/809 140/217/164
f 805/1355/891 114/171/133 715/1170/809
f 64/107/83 61/103/80 887/419/306
f 557/1356/626 399/1357/473 159/237/184
f 320/515/377 680/826/587 703/1136/791
f 320/515/377 703/1136/791 321/516/378
f 506/830/591 508/832/593 667/1085/763
f 506/830/591 666/1084/762 507/831/592
f 506/830/591 667/1085/763 666/1084/762
f 436/713/508 87/142/105 88/141/106
f 760/1358/892 649/1359/892 806/1360/892
f 244/1361/432 733/1204/432 246/1203/432
f 390/280/211 843/279/210 807/1362/893
f 390/1363/211 807/1364/893 845/1365/461
f 33/1366/894 898/1367/894 808/1368/894
f 33/49/41 808/1369/895 34/50/42
f 33/1222/129 739/1221/129 898/1370/129
f 809/1371/175 726/1185/818 725/1184/529
f 809/228/175 725/746/529 151/229/176
f 810/1372/677 780/1314/676 811/1373/896
f 810/1372/677 811/1373/896 812/1374/897
f 5/6/6 813/842/601 841/845/602
f 5/1375/6 873/1376/898 813/1377/601
f 5/1375/6 7/1378/9 873/1376/898
f 5/6/6 841/845/602 6/7/7
f 266/432/316 588/952/43 663/1079/758
f 266/432/316 663/1079/758 662/1078/757
f 266/432/316 539/876/628 267/433/317
f 668/1086/764 310/501/365 554/900/647
f 668/1086/764 426/502/366 310/501/365
f 482/785/560 477/777/552 142/741/526
f 482/785/560 142/741/526 483/786/561
f 446/735/520 814/1379/622 742/1380/835
f 446/735/520 445/734/519 814/1379/622
f 446/978/520 742/1227/835 605/979/702
f 151/229/176 725/746/529 152/230/177
f 2/3/3 815/1381/899 3/4/4
f 2/1382/900 816/1383/900 815/1384/900
f 2/725/3 439/724/514 816/1385/513
f 813/1377/601 873/1376/898 708/1386/795
f 817/1387/901 356/569/421 793/1329/883
f 817/1387/901 793/1329/883 792/1328/882
f 817/1387/901 595/959/689 356/569/421
f 720/962/692 350/557/414 349/556/413
f 522/852/609 125/191/147 124/190/146
f 522/852/609 124/190/146 523/853/610
f 140/217/164 142/219/166 141/218/165
f 140/217/164 728/1188/43 142/219/166
f 140/217/164 715/1170/809 549/889/640
f 818/1388/129 534/1389/623 819/1390/902
f 61/103/80 687/1116/778 887/419/306
f 72/873/91 316/510/372 398/654/472
f 72/873/91 74/123/92 316/510/372
f 561/910/654 688/1117/779 562/911/655
f 561/910/654 220/360/269 688/1117/779
f 621/1006/719 870/1007/720 811/1373/896
f 621/1006/719 811/1373/896 780/1314/676
f 339/540/400 688/1117/779 220/360/269
f 273/1391/324 820/1392/195 208/1393/198
f 543/881/632 86/714/104 544/882/633
f 822/1394/796 823/1395/903 821/1396/904
f 822/1397/796 709/1398/797 823/1399/903
f 822/1400/796 821/1401/904 516/844/598
f 727/1187/819 824/1402/905 641/1037/737
f 727/1187/819 42/64/51 824/1402/905
f 669/1090/766 178/291/219 868/1091/666
f 669/1090/766 825/1403/906 55/81/66
f 669/1090/766 729/86/69 825/1403/906
f 669/1090/766 55/81/66 178/291/219
f 205/335/254 206/336/255 426/502/366
f 162/248/189 732/1404/26 242/249/190
f 827/1405/129 794/1406/129 826/1407/129
f 827/1408/907 826/1409/885 654/1410/752
f 477/777/552 883/778/553 828/1411/889
f 477/777/552 828/1411/889 142/741/526
f 870/1007/720 812/1374/897 811/1373/896
f 277/1412/432 278/458/335 782/1317/877
f 894/747/530 96/153/115 829/1413/908
f 412/677/487 672/1094/769 609/985/707
f 412/677/487 105/162/124 413/678/488
f 412/677/487 609/985/707 105/162/124
f 213/350/262 851/782/557 830/1414/263
f 788/1324/880 779/1313/876 255/415/303
f 788/1324/880 419/689/494 779/1313/876
f 554/900/647 310/501/365 309/500/364
f 316/510/372 315/509/371 398/654/472
f 316/510/372 74/123/92 70/114/88
f 831/1415/909 690/1119/760 81/133/99
f 831/1415/909 832/1416/910 690/1119/760
f 831/1415/909 81/133/99 83/135/101
f 831/1415/909 83/135/101 832/1416/910
f 476/776/551 884/888/639 883/778/553
f 643/1039/738 494/1097/573 674/1096/437
f 301/488/222 646/1047/741 645/1046/740
f 778/1312/875 677/1100/266 256/416/236
f 778/1312/875 255/415/303 779/1313/876
f 778/1312/875 256/416/236 255/415/303
f 132/205/155 783/1318/613 134/206/157
f 109/166/128 294/478/351 110/167/129
f 109/166/128 785/1320/879 294/478/351
f 814/1379/622 445/734/519 534/1389/623
f 159/237/184 399/1357/473 397/238/185
f 356/569/421 357/570/422 793/1329/883
f 776/1302/868 544/882/633 833/1417/780
f 364/580/428 567/923/662 365/581/429
f 406/667/482 762/1418/859 407/668/483
f 236/380/286 378/607/446 237/381/287
f 784/1319/878 745/1233/838 746/1234/839
f 784/1319/878 415/680/490 745/1233/838
f 483/786/561 142/741/526 450/740/525
f 819/1390/902 445/734/519 447/736/521
f 819/1390/902 534/1389/623 445/734/519
f 819/1390/902 447/736/521 834/1419/43
f 750/1242/843 749/1241/842 489/795/566
f 750/1242/843 489/795/566 419/689/494
f 383/621/455 789/1325/595 384/622/456
f 679/1102/771 705/1138/792 680/1103/587
f 6/7/7 841/845/602 840/8/8
f 835/1420/340 282/461/338 836/1421/911
f 835/1420/340 836/1421/911 762/1418/859
f 837/1246/846 516/844/598 821/1401/904
f 837/1422/846 821/1396/904 838/1423/912
f 429/1261/501 839/1424/503 758/1262/854
f 306/496/361 147/224/171 305/495/360
f 690/1082/760 832/1425/910 665/1083/761
f 690/1082/760 667/1085/763 508/832/593
f 342/543/403 227/369/278 224/366/275
f 342/543/403 782/1317/877 278/458/335
f 342/543/403 278/458/335 227/369/278
f 28/41/35 471/773/546 29/42/36
f 808/1426/43 36/53/43 34/52/43
f 242/392/190 192/318/240 190/314/236
f 515/1427/600 840/1428/8 841/1429/602
f 842/1430/913 773/1431/866 632/1026/730
f 842/1432/913 183/1433/226 774/1294/224
f 842/1430/913 632/1026/730 634/1025/731
f 842/1432/913 774/1294/224 773/1293/866
f 842/1432/913 634/1027/731 183/1433/226
f 843/1434/210 845/1365/461 807/1364/893
f 843/1435/914 172/1436/207 844/1437/915
f 843/1438/916 844/1439/916 845/1440/916
f 551/1441/917 846/1442/917 119/1443/917
f 355/567/420 793/1329/883 357/570/422
f 441/1444/918 815/1445/918 816/1446/918
f 441/1447/919 3/4/4 815/1381/899
f 773/1431/866 847/1448/920 632/1026/730
f 773/1293/866 646/1295/741 847/1449/920
f 413/678/488 105/162/124 103/160/122
f 468/766/20 16/1316/18 781/1315/510
f 468/766/20 467/765/543 797/1342/887
f 86/714/104 833/1417/780 544/882/633
f 195/324/242 194/323/244 239/386/289
f 367/1450/502 758/1262/854 839/1424/503
f 367/1450/502 693/1123/783 758/1262/854
f 367/1450/502 695/1125/784 693/1123/783
f 648/1049/743 235/1050/744 730/1172/811
f 724/1182/817 723/1180/816 599/969/697
f 454/751/531 479/780/555 455/752/532
f 589/953/685 764/1279/813 590/954/686
f 838/1423/912 821/1396/904 823/1395/903
f 96/153/115 97/154/116 829/1413/908
f 286/197/149 127/196/151 848/1451/344
f 71/117/90 417/688/492 849/1452/921
f 765/1282/861 797/1342/887 558/907/651
f 850/970/698 637/284/213 654/1410/752
f 850/970/698 654/1410/752 826/1409/885
f 850/1453/698 826/1334/885 600/1333/699
f 183/1433/226 634/1027/731 631/1022/357
f 658/1073/755 750/1242/843 419/689/494
f 658/1073/755 659/1074/756 750/1242/843
f 220/360/269 564/913/657 437/716/509
f 683/1110/775 718/1175/814 328/527/387
f 683/1110/775 328/527/387 684/526/386
f 825/1403/906 729/86/69 55/81/66
f 460/758/536 459/757/535 437/716/509
f 460/758/536 437/716/509 582/914/658
f 53/78/63 52/77/62 577/937/673
f 282/461/338 407/668/483 836/1421/911
f 378/607/446 864/608/443 237/381/287
f 558/907/651 797/1342/887 467/765/543
f 830/353/263 851/1454/557 767/1286/556
f 228/974/129 852/1455/129 603/975/129
f 756/1257/851 754/1256/852 19/1456/23
f 655/1067/753 654/1066/752 637/1031/213
f 799/1311/874 737/1215/832 736/1214/831
f 845/1457/461 844/1437/915 172/1436/207
f 267/433/317 539/876/628 559/908/652
f 829/1413/908 97/154/116 95/152/114
f 417/688/492 418/687/493 849/1452/921
f 853/1458/871 573/1459/670 854/1460/669
f 459/757/535 457/718/511 437/716/509
f 407/668/483 762/1418/859 836/1421/911
f 306/496/361 149/226/173 147/224/171
f 564/913/657 582/914/658 437/716/509
f 300/487/204 855/1461/204 301/488/204
f 300/1021/204 632/1023/204 855/1462/204
f 847/1463/204 855/1462/204 632/1023/204
f 847/1449/920 646/1295/741 855/1464/204
f 301/488/222 855/1461/204 646/1047/741
f 281/459/336 856/1465/922 280/462/339
f 281/463/336 835/465/340 856/1466/922
f 835/465/340 762/1271/859 856/1466/922
f 761/1270/858 856/1466/922 762/1271/859
f 761/1270/858 402/662/478 856/1466/922
f 604/661/477 856/1466/922 402/662/478
f 604/976/477 442/729/516 856/1465/922
f 442/729/516 280/462/339 856/1465/922
f 58/91/71 857/1467/923 400/92/72
f 58/94/71 858/96/75 857/1468/923
f 858/1469/75 429/1470/501 857/1471/923
f 757/1472/853 857/1471/923 429/1470/501
f 757/1260/853 859/657/474 857/1473/923
f 400/92/72 857/1467/923 859/1474/474
f 387/626/458 860/1475/924 389/630/460
f 387/626/458 388/629/459 860/1475/924
f 427/698/408 860/1475/924 388/629/459
f 427/698/408 861/1476/409 860/1475/924
f 701/1477/788 860/1475/924 861/1476/409
f 701/1477/788 261/424/311 860/1475/924
f 259/423/310 860/1475/924 261/424/311
f 259/423/310 492/803/571 860/1475/924
f 492/803/571 389/630/460 860/1475/924
f 318/512/374 862/1478/925 319/513/375
f 318/512/374 863/514/376 862/1478/925
f 863/1479/376 759/1480/855 862/1481/925
f 759/1480/855 706/1139/793 862/1481/925
f 738/1219/833 862/1481/925 706/1139/793
f 738/1219/833 679/1102/771 862/1481/925
f 678/1101/586 862/1481/925 679/1102/771
f 678/825/586 319/513/375 862/1478/925
f 284/467/342 287/471/345 848/470/344
f 234/379/284 237/381/287 864/608/443
f 126/195/148 848/1451/344 127/196/151
f 126/195/148 129/199/152 848/1451/344
f 234/377/284 848/1451/344 129/199/152
f 234/377/284 864/1482/443 848/1451/344
f 284/467/342 848/470/344 864/1483/443
f 284/1484/342 864/673/443 409/672/484
f 343/544/404 865/1485/926 216/349/261
f 343/544/404 453/550/407 865/1485/926
f 453/550/407 455/752/532 865/1485/926
f 479/780/555 865/1485/926 455/752/532
f 478/779/554 865/1485/926 479/780/555
f 478/779/554 851/782/557 865/1485/926
f 213/350/262 865/1485/926 851/782/557
f 216/349/261 865/1485/926 213/350/262
f 322/517/379 866/1486/927 323/518/380
f 322/520/379 325/521/382 866/1487/927
f 707/1141/794 866/1487/927 325/521/382
f 707/1141/794 629/1018/727 866/1487/927
f 628/1017/726 866/1487/927 629/1018/727
f 628/1280/726 765/1282/861 866/1486/927
f 765/1282/861 558/907/651 866/1486/927
f 323/518/380 866/1486/927 558/907/651
f 54/80/65 867/1488/928 178/291/219
f 54/1489/65 485/789/68 867/1490/928
f 484/788/562 867/1490/928 485/789/68
f 484/788/562 487/791/564 867/1490/928
f 647/1048/742 867/1490/928 487/791/564
f 647/1048/742 648/1049/743 867/1490/928
f 572/930/668 867/1490/928 648/1049/743
f 571/929/664 867/1490/928 572/930/668
f 571/929/664 868/1491/666 867/1490/928
f 178/291/219 867/1488/928 868/1091/666
f 153/232/179 869/1492/929 154/233/180
f 153/232/179 156/235/182 869/1492/929
f 578/938/674 869/1492/929 156/235/182
f 578/938/674 810/941/677 869/1492/929
f 810/1372/677 812/1374/897 869/1493/929
f 870/1007/720 869/1493/929 812/1374/897
f 870/1494/720 620/1495/718 869/1492/929
f 154/233/180 869/1492/929 620/1495/718
f 524/854/611 871/1496/930 525/855/612
f 524/854/611 132/202/155 871/1496/930
f 131/201/154 871/1496/930 132/202/155
f 131/201/154 641/1037/737 871/1496/930
f 824/1402/905 871/1496/930 641/1037/737
f 824/1402/905 42/64/51 871/1496/930
f 41/63/50 871/1496/930 42/64/51
f 525/855/612 871/1496/930 41/63/50
f 514/840/599 872/1497/931 515/841/600
f 514/840/599 837/1246/846 872/1497/931
f 837/1246/846 838/1498/912 872/1497/931
f 838/1498/912 823/1399/903 872/1497/931
f 823/1399/903 709/1398/797 872/1497/931
f 708/1499/795 872/1497/931 709/1398/797
f 708/1499/795 873/1500/898 872/1497/931
f 873/1376/898 7/1378/9 872/1501/931
f 7/1378/9 840/1428/8 872/1501/931
f 515/1427/600 872/1501/931 840/1428/8
f 214/351/260 874/1502/932 215/354/264
f 214/351/260 830/353/263 874/1502/932
f 830/353/263 767/1286/556 874/1502/932
f 766/1283/862 874/1502/932 767/1286/556
f 766/1283/862 454/1285/531 874/1502/932
f 345/749/406 874/1503/932 454/750/531
f 344/547/405 874/1502/932 345/548/406
f 344/547/405 215/354/264 874/1502/932
f 875/1504/384 876/1505/933 327/1106/385
f 875/524/384 328/527/387 876/1506/933
f 718/1175/814 876/1506/933 328/527/387
f 209/342/259 876/1506/933 718/1175/814
f 209/346/259 211/345/196 876/1507/933
f 820/258/195 876/1508/933 211/259/196
f 273/1391/324 876/1509/933 820/1392/195
f 272/442/323 876/1505/933 273/443/324
f 272/442/323 682/1107/774 876/1505/933
f 327/1106/385 876/1505/933 682/1107/774
f 346/553/410 877/1510/934 349/556/413
f 346/553/410 348/555/412 877/1510/934
f 462/964/538 877/1510/934 348/555/412
f 462/760/538 465/763/541 877/1511/934
f 878/1305/870 877/1511/934 465/763/541
f 878/1512/870 721/963/693 877/1510/934
f 596/960/690 877/1510/934 721/963/693
f 596/960/690 349/556/413 877/1510/934
f 80/132/98 879/1513/935 83/135/101
f 80/132/98 82/134/100 879/1513/935
f 591/955/687 879/1513/935 82/134/100
f 591/955/687 594/958/589 879/1513/935
f 594/828/589 507/831/592 879/1514/935
f 507/831/592 666/1084/762 879/1514/935
f 664/1081/759 879/1514/935 666/1084/762
f 664/1081/759 665/1083/761 879/1514/935
f 832/1425/910 879/1514/935 665/1083/761
f 832/1416/910 83/135/101 879/1513/935
f 75/124/93 880/1515/936 76/125/94
f 75/124/93 79/128/97 880/1515/936
f 79/128/97 240/387/290 880/1515/936
f 239/386/289 880/1515/936 240/387/290
f 239/386/289 194/323/244 880/1515/936
f 193/322/241 880/1515/936 194/323/244
f 193/322/241 790/326/245 880/1515/936
f 76/125/94 880/1515/936 790/326/245
f 449/742/523 881/1516/937 882/1517/524
f 449/742/523 451/744/527 881/1516/937
f 451/744/527 828/1348/889 881/1516/937
f 883/1518/553 881/1516/937 828/1348/889
f 883/1518/553 884/1519/639 881/1516/937
f 481/1520/559 881/1516/937 884/1519/639
f 480/1521/558 881/1516/937 481/1520/559
f 480/1521/558 882/1517/524 881/1516/937
f 369/592/435 885/1522/938 674/594/437
f 369/592/435 370/595/438 885/1522/938
f 696/1127/785 885/1522/938 370/595/438
f 696/1127/785 47/1129/57 885/1522/938
f 47/72/57 46/70/55 885/1523/938
f 804/1354/617 885/1523/938 46/70/55
f 526/857/614 885/1524/938 804/861/617
f 526/857/614 527/859/615 885/1524/938
f 527/859/615 643/1039/738 885/1524/938
f 643/1039/738 674/1096/437 885/1524/938
f 257/1525/304 886/1526/939 887/1527/306
f 257/1525/304 888/1528/215 886/1526/939
f 640/1529/214 886/1526/939 888/1528/215
f 640/1529/214 517/1530/603 886/1526/939
f 517/846/603 66/109/85 886/1531/939
f 66/1532/85 65/108/84 886/1533/939
f 64/107/83 886/1533/939 65/108/84
f 64/107/83 887/419/306 886/1533/939
f 136/211/158 889/1534/940 611/214/162
f 136/211/158 138/213/161 889/1534/940
f 138/1068/161 656/1071/708 889/1535/940
f 297/1536/354 889/1535/940 656/1071/708
f 297/481/354 573/933/670 889/1537/940
f 853/1458/871 889/1538/940 573/1459/670
f 499/816/582 889/1538/940 853/1458/871
f 497/813/579 889/1538/940 499/816/582
f 497/813/579 498/815/581 889/1538/940
f 498/1043/581 611/989/162 889/1539/940
f 890/1540/941 802/1541/942 565/1542/943
f 890/1543/941 565/1544/943 760/1545/800
f 890/1543/941 760/1545/800 891/1546/802
f 890/1540/941 891/1547/802 802/1541/942
f 150/1548/174 892/1549/944 809/1371/175
f 150/1548/174 893/1550/178 892/1549/944
f 894/1551/530 892/1549/944 893/1550/178
f 894/1551/530 829/1552/908 892/1549/944
f 829/1552/908 95/1553/114 892/1549/944
f 521/1183/608 892/1549/944 95/1553/114
f 521/1183/608 726/1185/818 892/1549/944
f 809/1371/175 892/1549/944 726/1185/818
f 238/383/288 895/1554/945 195/320/242
f 238/383/288 241/389/291 895/1554/945
f 368/590/434 895/1554/945 241/389/291
f 78/131/96 895/1554/945 368/590/434
f 78/131/96 77/130/95 895/1554/945
f 791/1327/881 895/1554/945 77/130/95
f 791/1327/881 196/321/243 895/1554/945
f 195/320/242 895/1554/945 196/321/243
f 393/1555/204 896/1556/204 503/1557/204
f 393/1558/204 897/1559/204 896/1560/204
f 501/1561/204 896/1562/204 897/1563/204
f 501/823/584 503/822/583 896/1564/204
f 898/1565/946 899/1566/947 808/1567/948
f 898/1568/204 739/1569/204 899/1570/204
f 739/57/44 36/56/45 899/1571/949
f 808/1572/948 899/1573/947 36/1574/950
