# 들것 — 블록아웃 (예산 6000 tris)
# 삼각형 5948 · 조각 1
# 생성: tools/blockout — 손으로 고치지 말 것, 생성기를 고칠 것
g stretcher
v -0.3100 0.2750 1.0000
v -0.3100 0.2783 1.0000
v -0.3100 0.2817 1.0000
v -0.3100 0.2850 1.0000
v -0.3100 0.2883 1.0000
v -0.3100 0.2917 1.0000
v -0.3100 0.2950 1.0000
v -0.3100 0.2983 1.0000
v -0.3100 0.3017 1.0000
v -0.3100 0.3050 1.0000
v -0.3100 0.3083 1.0000
v -0.3100 0.3117 1.0000
v -0.3100 0.3150 1.0000
v -0.3100 0.3183 1.0000
v -0.3100 0.3217 1.0000
v -0.3100 0.3250 1.0000
v -0.2687 0.2750 1.0000
v -0.2687 0.2783 1.0000
v -0.2687 0.2817 1.0000
v -0.2687 0.2850 1.0000
v -0.2687 0.2883 1.0000
v -0.2687 0.2917 1.0000
v -0.2687 0.2950 1.0000
v -0.2687 0.2983 1.0000
v -0.2687 0.3017 1.0000
v -0.2687 0.3050 1.0000
v -0.2687 0.3083 1.0000
v -0.2687 0.3117 1.0000
v -0.2687 0.3150 1.0000
v -0.2687 0.3183 1.0000
v -0.2687 0.3217 1.0000
v -0.2687 0.3250 1.0000
v -0.2273 0.2750 1.0000
v -0.2273 0.2783 1.0000
v -0.2273 0.2817 1.0000
v -0.2273 0.2850 1.0000
v -0.2273 0.2883 1.0000
v -0.2273 0.2917 1.0000
v -0.2273 0.2950 1.0000
v -0.2273 0.2983 1.0000
v -0.2273 0.3017 1.0000
v -0.2273 0.3050 1.0000
v -0.2273 0.3083 1.0000
v -0.2273 0.3117 1.0000
v -0.2273 0.3150 1.0000
v -0.2273 0.3183 1.0000
v -0.2273 0.3217 1.0000
v -0.2273 0.3250 1.0000
v -0.1860 0.2750 1.0000
v -0.1860 0.2783 1.0000
v -0.1860 0.2817 1.0000
v -0.1860 0.2850 1.0000
v -0.1860 0.2883 1.0000
v -0.1860 0.2917 1.0000
v -0.1860 0.2950 1.0000
v -0.1860 0.2983 1.0000
v -0.1860 0.3017 1.0000
v -0.1860 0.3050 1.0000
v -0.1860 0.3083 1.0000
v -0.1860 0.3117 1.0000
v -0.1860 0.3150 1.0000
v -0.1860 0.3183 1.0000
v -0.1860 0.3217 1.0000
v -0.1860 0.3250 1.0000
v -0.1447 0.2750 1.0000
v -0.1447 0.2783 1.0000
v -0.1447 0.2817 1.0000
v -0.1447 0.2850 1.0000
v -0.1447 0.2883 1.0000
v -0.1447 0.2917 1.0000
v -0.1447 0.2950 1.0000
v -0.1447 0.2983 1.0000
v -0.1447 0.3017 1.0000
v -0.1447 0.3050 1.0000
v -0.1447 0.3083 1.0000
v -0.1447 0.3117 1.0000
v -0.1447 0.3150 1.0000
v -0.1447 0.3183 1.0000
v -0.1447 0.3217 1.0000
v -0.1447 0.3250 1.0000
v -0.1033 0.2750 1.0000
v -0.1033 0.2783 1.0000
v -0.1033 0.2817 1.0000
v -0.1033 0.2850 1.0000
v -0.1033 0.2883 1.0000
v -0.1033 0.2917 1.0000
v -0.1033 0.2950 1.0000
v -0.1033 0.2983 1.0000
v -0.1033 0.3017 1.0000
v -0.1033 0.3050 1.0000
v -0.1033 0.3083 1.0000
v -0.1033 0.3117 1.0000
v -0.1033 0.3150 1.0000
v -0.1033 0.3183 1.0000
v -0.1033 0.3217 1.0000
v -0.1033 0.3250 1.0000
v -0.0620 0.2750 1.0000
v -0.0620 0.2783 1.0000
v -0.0620 0.2817 1.0000
v -0.0620 0.2850 1.0000
v -0.0620 0.2883 1.0000
v -0.0620 0.2917 1.0000
v -0.0620 0.2950 1.0000
v -0.0620 0.2983 1.0000
v -0.0620 0.3017 1.0000
v -0.0620 0.3050 1.0000
v -0.0620 0.3083 1.0000
v -0.0620 0.3117 1.0000
v -0.0620 0.3150 1.0000
v -0.0620 0.3183 1.0000
v -0.0620 0.3217 1.0000
v -0.0620 0.3250 1.0000
v -0.0207 0.2750 1.0000
v -0.0207 0.2783 1.0000
v -0.0207 0.2817 1.0000
v -0.0207 0.2850 1.0000
v -0.0207 0.2883 1.0000
v -0.0207 0.2917 1.0000
v -0.0207 0.2950 1.0000
v -0.0207 0.2983 1.0000
v -0.0207 0.3017 1.0000
v -0.0207 0.3050 1.0000
v -0.0207 0.3083 1.0000
v -0.0207 0.3117 1.0000
v -0.0207 0.3150 1.0000
v -0.0207 0.3183 1.0000
v -0.0207 0.3217 1.0000
v -0.0207 0.3250 1.0000
v 0.0207 0.2750 1.0000
v 0.0207 0.2783 1.0000
v 0.0207 0.2817 1.0000
v 0.0207 0.2850 1.0000
v 0.0207 0.2883 1.0000
v 0.0207 0.2917 1.0000
v 0.0207 0.2950 1.0000
v 0.0207 0.2983 1.0000
v 0.0207 0.3017 1.0000
v 0.0207 0.3050 1.0000
v 0.0207 0.3083 1.0000
v 0.0207 0.3117 1.0000
v 0.0207 0.3150 1.0000
v 0.0207 0.3183 1.0000
v 0.0207 0.3217 1.0000
v 0.0207 0.3250 1.0000
v 0.0620 0.2750 1.0000
v 0.0620 0.2783 1.0000
v 0.0620 0.2817 1.0000
v 0.0620 0.2850 1.0000
v 0.0620 0.2883 1.0000
v 0.0620 0.2917 1.0000
v 0.0620 0.2950 1.0000
v 0.0620 0.2983 1.0000
v 0.0620 0.3017 1.0000
v 0.0620 0.3050 1.0000
v 0.0620 0.3083 1.0000
v 0.0620 0.3117 1.0000
v 0.0620 0.3150 1.0000
v 0.0620 0.3183 1.0000
v 0.0620 0.3217 1.0000
v 0.0620 0.3250 1.0000
v 0.1033 0.2750 1.0000
v 0.1033 0.2783 1.0000
v 0.1033 0.2817 1.0000
v 0.1033 0.2850 1.0000
v 0.1033 0.2883 1.0000
v 0.1033 0.2917 1.0000
v 0.1033 0.2950 1.0000
v 0.1033 0.2983 1.0000
v 0.1033 0.3017 1.0000
v 0.1033 0.3050 1.0000
v 0.1033 0.3083 1.0000
v 0.1033 0.3117 1.0000
v 0.1033 0.3150 1.0000
v 0.1033 0.3183 1.0000
v 0.1033 0.3217 1.0000
v 0.1033 0.3250 1.0000
v 0.1447 0.2750 1.0000
v 0.1447 0.2783 1.0000
v 0.1447 0.2817 1.0000
v 0.1447 0.2850 1.0000
v 0.1447 0.2883 1.0000
v 0.1447 0.2917 1.0000
v 0.1447 0.2950 1.0000
v 0.1447 0.2983 1.0000
v 0.1447 0.3017 1.0000
v 0.1447 0.3050 1.0000
v 0.1447 0.3083 1.0000
v 0.1447 0.3117 1.0000
v 0.1447 0.3150 1.0000
v 0.1447 0.3183 1.0000
v 0.1447 0.3217 1.0000
v 0.1447 0.3250 1.0000
v 0.1860 0.2750 1.0000
v 0.1860 0.2783 1.0000
v 0.1860 0.2817 1.0000
v 0.1860 0.2850 1.0000
v 0.1860 0.2883 1.0000
v 0.1860 0.2917 1.0000
v 0.1860 0.2950 1.0000
v 0.1860 0.2983 1.0000
v 0.1860 0.3017 1.0000
v 0.1860 0.3050 1.0000
v 0.1860 0.3083 1.0000
v 0.1860 0.3117 1.0000
v 0.1860 0.3150 1.0000
v 0.1860 0.3183 1.0000
v 0.1860 0.3217 1.0000
v 0.1860 0.3250 1.0000
v 0.2273 0.2750 1.0000
v 0.2273 0.2783 1.0000
v 0.2273 0.2817 1.0000
v 0.2273 0.2850 1.0000
v 0.2273 0.2883 1.0000
v 0.2273 0.2917 1.0000
v 0.2273 0.2950 1.0000
v 0.2273 0.2983 1.0000
v 0.2273 0.3017 1.0000
v 0.2273 0.3050 1.0000
v 0.2273 0.3083 1.0000
v 0.2273 0.3117 1.0000
v 0.2273 0.3150 1.0000
v 0.2273 0.3183 1.0000
v 0.2273 0.3217 1.0000
v 0.2273 0.3250 1.0000
v 0.2687 0.2750 1.0000
v 0.2687 0.2783 1.0000
v 0.2687 0.2817 1.0000
v 0.2687 0.2850 1.0000
v 0.2687 0.2883 1.0000
v 0.2687 0.2917 1.0000
v 0.2687 0.2950 1.0000
v 0.2687 0.2983 1.0000
v 0.2687 0.3017 1.0000
v 0.2687 0.3050 1.0000
v 0.2687 0.3083 1.0000
v 0.2687 0.3117 1.0000
v 0.2687 0.3150 1.0000
v 0.2687 0.3183 1.0000
v 0.2687 0.3217 1.0000
v 0.2687 0.3250 1.0000
v 0.3100 0.2750 1.0000
v 0.3100 0.2783 1.0000
v 0.3100 0.2817 1.0000
v 0.3100 0.2850 1.0000
v 0.3100 0.2883 1.0000
v 0.3100 0.2917 1.0000
v 0.3100 0.2950 1.0000
v 0.3100 0.2983 1.0000
v 0.3100 0.3017 1.0000
v 0.3100 0.3050 1.0000
v 0.3100 0.3083 1.0000
v 0.3100 0.3117 1.0000
v 0.3100 0.3150 1.0000
v 0.3100 0.3183 1.0000
v 0.3100 0.3217 1.0000
v 0.3100 0.3250 1.0000
v 0.3100 0.2750 -1.0000
v 0.3100 0.2783 -1.0000
v 0.3100 0.2817 -1.0000
v 0.3100 0.2850 -1.0000
v 0.3100 0.2883 -1.0000
v 0.3100 0.2917 -1.0000
v 0.3100 0.2950 -1.0000
v 0.3100 0.2983 -1.0000
v 0.3100 0.3017 -1.0000
v 0.3100 0.3050 -1.0000
v 0.3100 0.3083 -1.0000
v 0.3100 0.3117 -1.0000
v 0.3100 0.3150 -1.0000
v 0.3100 0.3183 -1.0000
v 0.3100 0.3217 -1.0000
v 0.3100 0.3250 -1.0000
v 0.2687 0.2750 -1.0000
v 0.2687 0.2783 -1.0000
v 0.2687 0.2817 -1.0000
v 0.2687 0.2850 -1.0000
v 0.2687 0.2883 -1.0000
v 0.2687 0.2917 -1.0000
v 0.2687 0.2950 -1.0000
v 0.2687 0.2983 -1.0000
v 0.2687 0.3017 -1.0000
v 0.2687 0.3050 -1.0000
v 0.2687 0.3083 -1.0000
v 0.2687 0.3117 -1.0000
v 0.2687 0.3150 -1.0000
v 0.2687 0.3183 -1.0000
v 0.2687 0.3217 -1.0000
v 0.2687 0.3250 -1.0000
v 0.2273 0.2750 -1.0000
v 0.2273 0.2783 -1.0000
v 0.2273 0.2817 -1.0000
v 0.2273 0.2850 -1.0000
v 0.2273 0.2883 -1.0000
v 0.2273 0.2917 -1.0000
v 0.2273 0.2950 -1.0000
v 0.2273 0.2983 -1.0000
v 0.2273 0.3017 -1.0000
v 0.2273 0.3050 -1.0000
v 0.2273 0.3083 -1.0000
v 0.2273 0.3117 -1.0000
v 0.2273 0.3150 -1.0000
v 0.2273 0.3183 -1.0000
v 0.2273 0.3217 -1.0000
v 0.2273 0.3250 -1.0000
v 0.1860 0.2750 -1.0000
v 0.1860 0.2783 -1.0000
v 0.1860 0.2817 -1.0000
v 0.1860 0.2850 -1.0000
v 0.1860 0.2883 -1.0000
v 0.1860 0.2917 -1.0000
v 0.1860 0.2950 -1.0000
v 0.1860 0.2983 -1.0000
v 0.1860 0.3017 -1.0000
v 0.1860 0.3050 -1.0000
v 0.1860 0.3083 -1.0000
v 0.1860 0.3117 -1.0000
v 0.1860 0.3150 -1.0000
v 0.1860 0.3183 -1.0000
v 0.1860 0.3217 -1.0000
v 0.1860 0.3250 -1.0000
v 0.1447 0.2750 -1.0000
v 0.1447 0.2783 -1.0000
v 0.1447 0.2817 -1.0000
v 0.1447 0.2850 -1.0000
v 0.1447 0.2883 -1.0000
v 0.1447 0.2917 -1.0000
v 0.1447 0.2950 -1.0000
v 0.1447 0.2983 -1.0000
v 0.1447 0.3017 -1.0000
v 0.1447 0.3050 -1.0000
v 0.1447 0.3083 -1.0000
v 0.1447 0.3117 -1.0000
v 0.1447 0.3150 -1.0000
v 0.1447 0.3183 -1.0000
v 0.1447 0.3217 -1.0000
v 0.1447 0.3250 -1.0000
v 0.1033 0.2750 -1.0000
v 0.1033 0.2783 -1.0000
v 0.1033 0.2817 -1.0000
v 0.1033 0.2850 -1.0000
v 0.1033 0.2883 -1.0000
v 0.1033 0.2917 -1.0000
v 0.1033 0.2950 -1.0000
v 0.1033 0.2983 -1.0000
v 0.1033 0.3017 -1.0000
v 0.1033 0.3050 -1.0000
v 0.1033 0.3083 -1.0000
v 0.1033 0.3117 -1.0000
v 0.1033 0.3150 -1.0000
v 0.1033 0.3183 -1.0000
v 0.1033 0.3217 -1.0000
v 0.1033 0.3250 -1.0000
v 0.0620 0.2750 -1.0000
v 0.0620 0.2783 -1.0000
v 0.0620 0.2817 -1.0000
v 0.0620 0.2850 -1.0000
v 0.0620 0.2883 -1.0000
v 0.0620 0.2917 -1.0000
v 0.0620 0.2950 -1.0000
v 0.0620 0.2983 -1.0000
v 0.0620 0.3017 -1.0000
v 0.0620 0.3050 -1.0000
v 0.0620 0.3083 -1.0000
v 0.0620 0.3117 -1.0000
v 0.0620 0.3150 -1.0000
v 0.0620 0.3183 -1.0000
v 0.0620 0.3217 -1.0000
v 0.0620 0.3250 -1.0000
v 0.0207 0.2750 -1.0000
v 0.0207 0.2783 -1.0000
v 0.0207 0.2817 -1.0000
v 0.0207 0.2850 -1.0000
v 0.0207 0.2883 -1.0000
v 0.0207 0.2917 -1.0000
v 0.0207 0.2950 -1.0000
v 0.0207 0.2983 -1.0000
v 0.0207 0.3017 -1.0000
v 0.0207 0.3050 -1.0000
v 0.0207 0.3083 -1.0000
v 0.0207 0.3117 -1.0000
v 0.0207 0.3150 -1.0000
v 0.0207 0.3183 -1.0000
v 0.0207 0.3217 -1.0000
v 0.0207 0.3250 -1.0000
v -0.0207 0.2750 -1.0000
v -0.0207 0.2783 -1.0000
v -0.0207 0.2817 -1.0000
v -0.0207 0.2850 -1.0000
v -0.0207 0.2883 -1.0000
v -0.0207 0.2917 -1.0000
v -0.0207 0.2950 -1.0000
v -0.0207 0.2983 -1.0000
v -0.0207 0.3017 -1.0000
v -0.0207 0.3050 -1.0000
v -0.0207 0.3083 -1.0000
v -0.0207 0.3117 -1.0000
v -0.0207 0.3150 -1.0000
v -0.0207 0.3183 -1.0000
v -0.0207 0.3217 -1.0000
v -0.0207 0.3250 -1.0000
v -0.0620 0.2750 -1.0000
v -0.0620 0.2783 -1.0000
v -0.0620 0.2817 -1.0000
v -0.0620 0.2850 -1.0000
v -0.0620 0.2883 -1.0000
v -0.0620 0.2917 -1.0000
v -0.0620 0.2950 -1.0000
v -0.0620 0.2983 -1.0000
v -0.0620 0.3017 -1.0000
v -0.0620 0.3050 -1.0000
v -0.0620 0.3083 -1.0000
v -0.0620 0.3117 -1.0000
v -0.0620 0.3150 -1.0000
v -0.0620 0.3183 -1.0000
v -0.0620 0.3217 -1.0000
v -0.0620 0.3250 -1.0000
v -0.1033 0.2750 -1.0000
v -0.1033 0.2783 -1.0000
v -0.1033 0.2817 -1.0000
v -0.1033 0.2850 -1.0000
v -0.1033 0.2883 -1.0000
v -0.1033 0.2917 -1.0000
v -0.1033 0.2950 -1.0000
v -0.1033 0.2983 -1.0000
v -0.1033 0.3017 -1.0000
v -0.1033 0.3050 -1.0000
v -0.1033 0.3083 -1.0000
v -0.1033 0.3117 -1.0000
v -0.1033 0.3150 -1.0000
v -0.1033 0.3183 -1.0000
v -0.1033 0.3217 -1.0000
v -0.1033 0.3250 -1.0000
v -0.1447 0.2750 -1.0000
v -0.1447 0.2783 -1.0000
v -0.1447 0.2817 -1.0000
v -0.1447 0.2850 -1.0000
v -0.1447 0.2883 -1.0000
v -0.1447 0.2917 -1.0000
v -0.1447 0.2950 -1.0000
v -0.1447 0.2983 -1.0000
v -0.1447 0.3017 -1.0000
v -0.1447 0.3050 -1.0000
v -0.1447 0.3083 -1.0000
v -0.1447 0.3117 -1.0000
v -0.1447 0.3150 -1.0000
v -0.1447 0.3183 -1.0000
v -0.1447 0.3217 -1.0000
v -0.1447 0.3250 -1.0000
v -0.1860 0.2750 -1.0000
v -0.1860 0.2783 -1.0000
v -0.1860 0.2817 -1.0000
v -0.1860 0.2850 -1.0000
v -0.1860 0.2883 -1.0000
v -0.1860 0.2917 -1.0000
v -0.1860 0.2950 -1.0000
v -0.1860 0.2983 -1.0000
v -0.1860 0.3017 -1.0000
v -0.1860 0.3050 -1.0000
v -0.1860 0.3083 -1.0000
v -0.1860 0.3117 -1.0000
v -0.1860 0.3150 -1.0000
v -0.1860 0.3183 -1.0000
v -0.1860 0.3217 -1.0000
v -0.1860 0.3250 -1.0000
v -0.2273 0.2750 -1.0000
v -0.2273 0.2783 -1.0000
v -0.2273 0.2817 -1.0000
v -0.2273 0.2850 -1.0000
v -0.2273 0.2883 -1.0000
v -0.2273 0.2917 -1.0000
v -0.2273 0.2950 -1.0000
v -0.2273 0.2983 -1.0000
v -0.2273 0.3017 -1.0000
v -0.2273 0.3050 -1.0000
v -0.2273 0.3083 -1.0000
v -0.2273 0.3117 -1.0000
v -0.2273 0.3150 -1.0000
v -0.2273 0.3183 -1.0000
v -0.2273 0.3217 -1.0000
v -0.2273 0.3250 -1.0000
v -0.2687 0.2750 -1.0000
v -0.2687 0.2783 -1.0000
v -0.2687 0.2817 -1.0000
v -0.2687 0.2850 -1.0000
v -0.2687 0.2883 -1.0000
v -0.2687 0.2917 -1.0000
v -0.2687 0.2950 -1.0000
v -0.2687 0.2983 -1.0000
v -0.2687 0.3017 -1.0000
v -0.2687 0.3050 -1.0000
v -0.2687 0.3083 -1.0000
v -0.2687 0.3117 -1.0000
v -0.2687 0.3150 -1.0000
v -0.2687 0.3183 -1.0000
v -0.2687 0.3217 -1.0000
v -0.2687 0.3250 -1.0000
v -0.3100 0.2750 -1.0000
v -0.3100 0.2783 -1.0000
v -0.3100 0.2817 -1.0000
v -0.3100 0.2850 -1.0000
v -0.3100 0.2883 -1.0000
v -0.3100 0.2917 -1.0000
v -0.3100 0.2950 -1.0000
v -0.3100 0.2983 -1.0000
v -0.3100 0.3017 -1.0000
v -0.3100 0.3050 -1.0000
v -0.3100 0.3083 -1.0000
v -0.3100 0.3117 -1.0000
v -0.3100 0.3150 -1.0000
v -0.3100 0.3183 -1.0000
v -0.3100 0.3217 -1.0000
v -0.3100 0.3250 -1.0000
v -0.3100 0.2750 -1.0000
v -0.3100 0.2783 -1.0000
v -0.3100 0.2817 -1.0000
v -0.3100 0.2850 -1.0000
v -0.3100 0.2883 -1.0000
v -0.3100 0.2917 -1.0000
v -0.3100 0.2950 -1.0000
v -0.3100 0.2983 -1.0000
v -0.3100 0.3017 -1.0000
v -0.3100 0.3050 -1.0000
v -0.3100 0.3083 -1.0000
v -0.3100 0.3117 -1.0000
v -0.3100 0.3150 -1.0000
v -0.3100 0.3183 -1.0000
v -0.3100 0.3217 -1.0000
v -0.3100 0.3250 -1.0000
v -0.3100 0.2750 -0.8667
v -0.3100 0.2783 -0.8667
v -0.3100 0.2817 -0.8667
v -0.3100 0.2850 -0.8667
v -0.3100 0.2883 -0.8667
v -0.3100 0.2917 -0.8667
v -0.3100 0.2950 -0.8667
v -0.3100 0.2983 -0.8667
v -0.3100 0.3017 -0.8667
v -0.3100 0.3050 -0.8667
v -0.3100 0.3083 -0.8667
v -0.3100 0.3117 -0.8667
v -0.3100 0.3150 -0.8667
v -0.3100 0.3183 -0.8667
v -0.3100 0.3217 -0.8667
v -0.3100 0.3250 -0.8667
v -0.3100 0.2750 -0.7333
v -0.3100 0.2783 -0.7333
v -0.3100 0.2817 -0.7333
v -0.3100 0.2850 -0.7333
v -0.3100 0.2883 -0.7333
v -0.3100 0.2917 -0.7333
v -0.3100 0.2950 -0.7333
v -0.3100 0.2983 -0.7333
v -0.3100 0.3017 -0.7333
v -0.3100 0.3050 -0.7333
v -0.3100 0.3083 -0.7333
v -0.3100 0.3117 -0.7333
v -0.3100 0.3150 -0.7333
v -0.3100 0.3183 -0.7333
v -0.3100 0.3217 -0.7333
v -0.3100 0.3250 -0.7333
v -0.3100 0.2750 -0.6000
v -0.3100 0.2783 -0.6000
v -0.3100 0.2817 -0.6000
v -0.3100 0.2850 -0.6000
v -0.3100 0.2883 -0.6000
v -0.3100 0.2917 -0.6000
v -0.3100 0.2950 -0.6000
v -0.3100 0.2983 -0.6000
v -0.3100 0.3017 -0.6000
v -0.3100 0.3050 -0.6000
v -0.3100 0.3083 -0.6000
v -0.3100 0.3117 -0.6000
v -0.3100 0.3150 -0.6000
v -0.3100 0.3183 -0.6000
v -0.3100 0.3217 -0.6000
v -0.3100 0.3250 -0.6000
v -0.3100 0.2750 -0.4667
v -0.3100 0.2783 -0.4667
v -0.3100 0.2817 -0.4667
v -0.3100 0.2850 -0.4667
v -0.3100 0.2883 -0.4667
v -0.3100 0.2917 -0.4667
v -0.3100 0.2950 -0.4667
v -0.3100 0.2983 -0.4667
v -0.3100 0.3017 -0.4667
v -0.3100 0.3050 -0.4667
v -0.3100 0.3083 -0.4667
v -0.3100 0.3117 -0.4667
v -0.3100 0.3150 -0.4667
v -0.3100 0.3183 -0.4667
v -0.3100 0.3217 -0.4667
v -0.3100 0.3250 -0.4667
v -0.3100 0.2750 -0.3333
v -0.3100 0.2783 -0.3333
v -0.3100 0.2817 -0.3333
v -0.3100 0.2850 -0.3333
v -0.3100 0.2883 -0.3333
v -0.3100 0.2917 -0.3333
v -0.3100 0.2950 -0.3333
v -0.3100 0.2983 -0.3333
v -0.3100 0.3017 -0.3333
v -0.3100 0.3050 -0.3333
v -0.3100 0.3083 -0.3333
v -0.3100 0.3117 -0.3333
v -0.3100 0.3150 -0.3333
v -0.3100 0.3183 -0.3333
v -0.3100 0.3217 -0.3333
v -0.3100 0.3250 -0.3333
v -0.3100 0.2750 -0.2000
v -0.3100 0.2783 -0.2000
v -0.3100 0.2817 -0.2000
v -0.3100 0.2850 -0.2000
v -0.3100 0.2883 -0.2000
v -0.3100 0.2917 -0.2000
v -0.3100 0.2950 -0.2000
v -0.3100 0.2983 -0.2000
v -0.3100 0.3017 -0.2000
v -0.3100 0.3050 -0.2000
v -0.3100 0.3083 -0.2000
v -0.3100 0.3117 -0.2000
v -0.3100 0.3150 -0.2000
v -0.3100 0.3183 -0.2000
v -0.3100 0.3217 -0.2000
v -0.3100 0.3250 -0.2000
v -0.3100 0.2750 -0.0667
v -0.3100 0.2783 -0.0667
v -0.3100 0.2817 -0.0667
v -0.3100 0.2850 -0.0667
v -0.3100 0.2883 -0.0667
v -0.3100 0.2917 -0.0667
v -0.3100 0.2950 -0.0667
v -0.3100 0.2983 -0.0667
v -0.3100 0.3017 -0.0667
v -0.3100 0.3050 -0.0667
v -0.3100 0.3083 -0.0667
v -0.3100 0.3117 -0.0667
v -0.3100 0.3150 -0.0667
v -0.3100 0.3183 -0.0667
v -0.3100 0.3217 -0.0667
v -0.3100 0.3250 -0.0667
v -0.3100 0.2750 0.0667
v -0.3100 0.2783 0.0667
v -0.3100 0.2817 0.0667
v -0.3100 0.2850 0.0667
v -0.3100 0.2883 0.0667
v -0.3100 0.2917 0.0667
v -0.3100 0.2950 0.0667
v -0.3100 0.2983 0.0667
v -0.3100 0.3017 0.0667
v -0.3100 0.3050 0.0667
v -0.3100 0.3083 0.0667
v -0.3100 0.3117 0.0667
v -0.3100 0.3150 0.0667
v -0.3100 0.3183 0.0667
v -0.3100 0.3217 0.0667
v -0.3100 0.3250 0.0667
v -0.3100 0.2750 0.2000
v -0.3100 0.2783 0.2000
v -0.3100 0.2817 0.2000
v -0.3100 0.2850 0.2000
v -0.3100 0.2883 0.2000
v -0.3100 0.2917 0.2000
v -0.3100 0.2950 0.2000
v -0.3100 0.2983 0.2000
v -0.3100 0.3017 0.2000
v -0.3100 0.3050 0.2000
v -0.3100 0.3083 0.2000
v -0.3100 0.3117 0.2000
v -0.3100 0.3150 0.2000
v -0.3100 0.3183 0.2000
v -0.3100 0.3217 0.2000
v -0.3100 0.3250 0.2000
v -0.3100 0.2750 0.3333
v -0.3100 0.2783 0.3333
v -0.3100 0.2817 0.3333
v -0.3100 0.2850 0.3333
v -0.3100 0.2883 0.3333
v -0.3100 0.2917 0.3333
v -0.3100 0.2950 0.3333
v -0.3100 0.2983 0.3333
v -0.3100 0.3017 0.3333
v -0.3100 0.3050 0.3333
v -0.3100 0.3083 0.3333
v -0.3100 0.3117 0.3333
v -0.3100 0.3150 0.3333
v -0.3100 0.3183 0.3333
v -0.3100 0.3217 0.3333
v -0.3100 0.3250 0.3333
v -0.3100 0.2750 0.4667
v -0.3100 0.2783 0.4667
v -0.3100 0.2817 0.4667
v -0.3100 0.2850 0.4667
v -0.3100 0.2883 0.4667
v -0.3100 0.2917 0.4667
v -0.3100 0.2950 0.4667
v -0.3100 0.2983 0.4667
v -0.3100 0.3017 0.4667
v -0.3100 0.3050 0.4667
v -0.3100 0.3083 0.4667
v -0.3100 0.3117 0.4667
v -0.3100 0.3150 0.4667
v -0.3100 0.3183 0.4667
v -0.3100 0.3217 0.4667
v -0.3100 0.3250 0.4667
v -0.3100 0.2750 0.6000
v -0.3100 0.2783 0.6000
v -0.3100 0.2817 0.6000
v -0.3100 0.2850 0.6000
v -0.3100 0.2883 0.6000
v -0.3100 0.2917 0.6000
v -0.3100 0.2950 0.6000
v -0.3100 0.2983 0.6000
v -0.3100 0.3017 0.6000
v -0.3100 0.3050 0.6000
v -0.3100 0.3083 0.6000
v -0.3100 0.3117 0.6000
v -0.3100 0.3150 0.6000
v -0.3100 0.3183 0.6000
v -0.3100 0.3217 0.6000
v -0.3100 0.3250 0.6000
v -0.3100 0.2750 0.7333
v -0.3100 0.2783 0.7333
v -0.3100 0.2817 0.7333
v -0.3100 0.2850 0.7333
v -0.3100 0.2883 0.7333
v -0.3100 0.2917 0.7333
v -0.3100 0.2950 0.7333
v -0.3100 0.2983 0.7333
v -0.3100 0.3017 0.7333
v -0.3100 0.3050 0.7333
v -0.3100 0.3083 0.7333
v -0.3100 0.3117 0.7333
v -0.3100 0.3150 0.7333
v -0.3100 0.3183 0.7333
v -0.3100 0.3217 0.7333
v -0.3100 0.3250 0.7333
v -0.3100 0.2750 0.8667
v -0.3100 0.2783 0.8667
v -0.3100 0.2817 0.8667
v -0.3100 0.2850 0.8667
v -0.3100 0.2883 0.8667
v -0.3100 0.2917 0.8667
v -0.3100 0.2950 0.8667
v -0.3100 0.2983 0.8667
v -0.3100 0.3017 0.8667
v -0.3100 0.3050 0.8667
v -0.3100 0.3083 0.8667
v -0.3100 0.3117 0.8667
v -0.3100 0.3150 0.8667
v -0.3100 0.3183 0.8667
v -0.3100 0.3217 0.8667
v -0.3100 0.3250 0.8667
v -0.3100 0.2750 1.0000
v -0.3100 0.2783 1.0000
v -0.3100 0.2817 1.0000
v -0.3100 0.2850 1.0000
v -0.3100 0.2883 1.0000
v -0.3100 0.2917 1.0000
v -0.3100 0.2950 1.0000
v -0.3100 0.2983 1.0000
v -0.3100 0.3017 1.0000
v -0.3100 0.3050 1.0000
v -0.3100 0.3083 1.0000
v -0.3100 0.3117 1.0000
v -0.3100 0.3150 1.0000
v -0.3100 0.3183 1.0000
v -0.3100 0.3217 1.0000
v -0.3100 0.3250 1.0000
v 0.3100 0.2750 1.0000
v 0.3100 0.2783 1.0000
v 0.3100 0.2817 1.0000
v 0.3100 0.2850 1.0000
v 0.3100 0.2883 1.0000
v 0.3100 0.2917 1.0000
v 0.3100 0.2950 1.0000
v 0.3100 0.2983 1.0000
v 0.3100 0.3017 1.0000
v 0.3100 0.3050 1.0000
v 0.3100 0.3083 1.0000
v 0.3100 0.3117 1.0000
v 0.3100 0.3150 1.0000
v 0.3100 0.3183 1.0000
v 0.3100 0.3217 1.0000
v 0.3100 0.3250 1.0000
v 0.3100 0.2750 0.8667
v 0.3100 0.2783 0.8667
v 0.3100 0.2817 0.8667
v 0.3100 0.2850 0.8667
v 0.3100 0.2883 0.8667
v 0.3100 0.2917 0.8667
v 0.3100 0.2950 0.8667
v 0.3100 0.2983 0.8667
v 0.3100 0.3017 0.8667
v 0.3100 0.3050 0.8667
v 0.3100 0.3083 0.8667
v 0.3100 0.3117 0.8667
v 0.3100 0.3150 0.8667
v 0.3100 0.3183 0.8667
v 0.3100 0.3217 0.8667
v 0.3100 0.3250 0.8667
v 0.3100 0.2750 0.7333
v 0.3100 0.2783 0.7333
v 0.3100 0.2817 0.7333
v 0.3100 0.2850 0.7333
v 0.3100 0.2883 0.7333
v 0.3100 0.2917 0.7333
v 0.3100 0.2950 0.7333
v 0.3100 0.2983 0.7333
v 0.3100 0.3017 0.7333
v 0.3100 0.3050 0.7333
v 0.3100 0.3083 0.7333
v 0.3100 0.3117 0.7333
v 0.3100 0.3150 0.7333
v 0.3100 0.3183 0.7333
v 0.3100 0.3217 0.7333
v 0.3100 0.3250 0.7333
v 0.3100 0.2750 0.6000
v 0.3100 0.2783 0.6000
v 0.3100 0.2817 0.6000
v 0.3100 0.2850 0.6000
v 0.3100 0.2883 0.6000
v 0.3100 0.2917 0.6000
v 0.3100 0.2950 0.6000
v 0.3100 0.2983 0.6000
v 0.3100 0.3017 0.6000
v 0.3100 0.3050 0.6000
v 0.3100 0.3083 0.6000
v 0.3100 0.3117 0.6000
v 0.3100 0.3150 0.6000
v 0.3100 0.3183 0.6000
v 0.3100 0.3217 0.6000
v 0.3100 0.3250 0.6000
v 0.3100 0.2750 0.4667
v 0.3100 0.2783 0.4667
v 0.3100 0.2817 0.4667
v 0.3100 0.2850 0.4667
v 0.3100 0.2883 0.4667
v 0.3100 0.2917 0.4667
v 0.3100 0.2950 0.4667
v 0.3100 0.2983 0.4667
v 0.3100 0.3017 0.4667
v 0.3100 0.3050 0.4667
v 0.3100 0.3083 0.4667
v 0.3100 0.3117 0.4667
v 0.3100 0.3150 0.4667
v 0.3100 0.3183 0.4667
v 0.3100 0.3217 0.4667
v 0.3100 0.3250 0.4667
v 0.3100 0.2750 0.3333
v 0.3100 0.2783 0.3333
v 0.3100 0.2817 0.3333
v 0.3100 0.2850 0.3333
v 0.3100 0.2883 0.3333
v 0.3100 0.2917 0.3333
v 0.3100 0.2950 0.3333
v 0.3100 0.2983 0.3333
v 0.3100 0.3017 0.3333
v 0.3100 0.3050 0.3333
v 0.3100 0.3083 0.3333
v 0.3100 0.3117 0.3333
v 0.3100 0.3150 0.3333
v 0.3100 0.3183 0.3333
v 0.3100 0.3217 0.3333
v 0.3100 0.3250 0.3333
v 0.3100 0.2750 0.2000
v 0.3100 0.2783 0.2000
v 0.3100 0.2817 0.2000
v 0.3100 0.2850 0.2000
v 0.3100 0.2883 0.2000
v 0.3100 0.2917 0.2000
v 0.3100 0.2950 0.2000
v 0.3100 0.2983 0.2000
v 0.3100 0.3017 0.2000
v 0.3100 0.3050 0.2000
v 0.3100 0.3083 0.2000
v 0.3100 0.3117 0.2000
v 0.3100 0.3150 0.2000
v 0.3100 0.3183 0.2000
v 0.3100 0.3217 0.2000
v 0.3100 0.3250 0.2000
v 0.3100 0.2750 0.0667
v 0.3100 0.2783 0.0667
v 0.3100 0.2817 0.0667
v 0.3100 0.2850 0.0667
v 0.3100 0.2883 0.0667
v 0.3100 0.2917 0.0667
v 0.3100 0.2950 0.0667
v 0.3100 0.2983 0.0667
v 0.3100 0.3017 0.0667
v 0.3100 0.3050 0.0667
v 0.3100 0.3083 0.0667
v 0.3100 0.3117 0.0667
v 0.3100 0.3150 0.0667
v 0.3100 0.3183 0.0667
v 0.3100 0.3217 0.0667
v 0.3100 0.3250 0.0667
v 0.3100 0.2750 -0.0667
v 0.3100 0.2783 -0.0667
v 0.3100 0.2817 -0.0667
v 0.3100 0.2850 -0.0667
v 0.3100 0.2883 -0.0667
v 0.3100 0.2917 -0.0667
v 0.3100 0.2950 -0.0667
v 0.3100 0.2983 -0.0667
v 0.3100 0.3017 -0.0667
v 0.3100 0.3050 -0.0667
v 0.3100 0.3083 -0.0667
v 0.3100 0.3117 -0.0667
v 0.3100 0.3150 -0.0667
v 0.3100 0.3183 -0.0667
v 0.3100 0.3217 -0.0667
v 0.3100 0.3250 -0.0667
v 0.3100 0.2750 -0.2000
v 0.3100 0.2783 -0.2000
v 0.3100 0.2817 -0.2000
v 0.3100 0.2850 -0.2000
v 0.3100 0.2883 -0.2000
v 0.3100 0.2917 -0.2000
v 0.3100 0.2950 -0.2000
v 0.3100 0.2983 -0.2000
v 0.3100 0.3017 -0.2000
v 0.3100 0.3050 -0.2000
v 0.3100 0.3083 -0.2000
v 0.3100 0.3117 -0.2000
v 0.3100 0.3150 -0.2000
v 0.3100 0.3183 -0.2000
v 0.3100 0.3217 -0.2000
v 0.3100 0.3250 -0.2000
v 0.3100 0.2750 -0.3333
v 0.3100 0.2783 -0.3333
v 0.3100 0.2817 -0.3333
v 0.3100 0.2850 -0.3333
v 0.3100 0.2883 -0.3333
v 0.3100 0.2917 -0.3333
v 0.3100 0.2950 -0.3333
v 0.3100 0.2983 -0.3333
v 0.3100 0.3017 -0.3333
v 0.3100 0.3050 -0.3333
v 0.3100 0.3083 -0.3333
v 0.3100 0.3117 -0.3333
v 0.3100 0.3150 -0.3333
v 0.3100 0.3183 -0.3333
v 0.3100 0.3217 -0.3333
v 0.3100 0.3250 -0.3333
v 0.3100 0.2750 -0.4667
v 0.3100 0.2783 -0.4667
v 0.3100 0.2817 -0.4667
v 0.3100 0.2850 -0.4667
v 0.3100 0.2883 -0.4667
v 0.3100 0.2917 -0.4667
v 0.3100 0.2950 -0.4667
v 0.3100 0.2983 -0.4667
v 0.3100 0.3017 -0.4667
v 0.3100 0.3050 -0.4667
v 0.3100 0.3083 -0.4667
v 0.3100 0.3117 -0.4667
v 0.3100 0.3150 -0.4667
v 0.3100 0.3183 -0.4667
v 0.3100 0.3217 -0.4667
v 0.3100 0.3250 -0.4667
v 0.3100 0.2750 -0.6000
v 0.3100 0.2783 -0.6000
v 0.3100 0.2817 -0.6000
v 0.3100 0.2850 -0.6000
v 0.3100 0.2883 -0.6000
v 0.3100 0.2917 -0.6000
v 0.3100 0.2950 -0.6000
v 0.3100 0.2983 -0.6000
v 0.3100 0.3017 -0.6000
v 0.3100 0.3050 -0.6000
v 0.3100 0.3083 -0.6000
v 0.3100 0.3117 -0.6000
v 0.3100 0.3150 -0.6000
v 0.3100 0.3183 -0.6000
v 0.3100 0.3217 -0.6000
v 0.3100 0.3250 -0.6000
v 0.3100 0.2750 -0.7333
v 0.3100 0.2783 -0.7333
v 0.3100 0.2817 -0.7333
v 0.3100 0.2850 -0.7333
v 0.3100 0.2883 -0.7333
v 0.3100 0.2917 -0.7333
v 0.3100 0.2950 -0.7333
v 0.3100 0.2983 -0.7333
v 0.3100 0.3017 -0.7333
v 0.3100 0.3050 -0.7333
v 0.3100 0.3083 -0.7333
v 0.3100 0.3117 -0.7333
v 0.3100 0.3150 -0.7333
v 0.3100 0.3183 -0.7333
v 0.3100 0.3217 -0.7333
v 0.3100 0.3250 -0.7333
v 0.3100 0.2750 -0.8667
v 0.3100 0.2783 -0.8667
v 0.3100 0.2817 -0.8667
v 0.3100 0.2850 -0.8667
v 0.3100 0.2883 -0.8667
v 0.3100 0.2917 -0.8667
v 0.3100 0.2950 -0.8667
v 0.3100 0.2983 -0.8667
v 0.3100 0.3017 -0.8667
v 0.3100 0.3050 -0.8667
v 0.3100 0.3083 -0.8667
v 0.3100 0.3117 -0.8667
v 0.3100 0.3150 -0.8667
v 0.3100 0.3183 -0.8667
v 0.3100 0.3217 -0.8667
v 0.3100 0.3250 -0.8667
v 0.3100 0.2750 -1.0000
v 0.3100 0.2783 -1.0000
v 0.3100 0.2817 -1.0000
v 0.3100 0.2850 -1.0000
v 0.3100 0.2883 -1.0000
v 0.3100 0.2917 -1.0000
v 0.3100 0.2950 -1.0000
v 0.3100 0.2983 -1.0000
v 0.3100 0.3017 -1.0000
v 0.3100 0.3050 -1.0000
v 0.3100 0.3083 -1.0000
v 0.3100 0.3117 -1.0000
v 0.3100 0.3150 -1.0000
v 0.3100 0.3183 -1.0000
v 0.3100 0.3217 -1.0000
v 0.3100 0.3250 -1.0000
v -0.3100 0.3250 -1.0000
v -0.3100 0.3250 -0.8667
v -0.3100 0.3250 -0.7333
v -0.3100 0.3250 -0.6000
v -0.3100 0.3250 -0.4667
v -0.3100 0.3250 -0.3333
v -0.3100 0.3250 -0.2000
v -0.3100 0.3250 -0.0667
v -0.3100 0.3250 0.0667
v -0.3100 0.3250 0.2000
v -0.3100 0.3250 0.3333
v -0.3100 0.3250 0.4667
v -0.3100 0.3250 0.6000
v -0.3100 0.3250 0.7333
v -0.3100 0.3250 0.8667
v -0.3100 0.3250 1.0000
v -0.2687 0.3250 -1.0000
v -0.2687 0.3250 -0.8667
v -0.2687 0.3250 -0.7333
v -0.2687 0.3250 -0.6000
v -0.2687 0.3250 -0.4667
v -0.2687 0.3250 -0.3333
v -0.2687 0.3250 -0.2000
v -0.2687 0.3250 -0.0667
v -0.2687 0.3250 0.0667
v -0.2687 0.3250 0.2000
v -0.2687 0.3250 0.3333
v -0.2687 0.3250 0.4667
v -0.2687 0.3250 0.6000
v -0.2687 0.3250 0.7333
v -0.2687 0.3250 0.8667
v -0.2687 0.3250 1.0000
v -0.2273 0.3250 -1.0000
v -0.2273 0.3250 -0.8667
v -0.2273 0.3250 -0.7333
v -0.2273 0.3250 -0.6000
v -0.2273 0.3250 -0.4667
v -0.2273 0.3250 -0.3333
v -0.2273 0.3250 -0.2000
v -0.2273 0.3250 -0.0667
v -0.2273 0.3250 0.0667
v -0.2273 0.3250 0.2000
v -0.2273 0.3250 0.3333
v -0.2273 0.3250 0.4667
v -0.2273 0.3250 0.6000
v -0.2273 0.3250 0.7333
v -0.2273 0.3250 0.8667
v -0.2273 0.3250 1.0000
v -0.1860 0.3250 -1.0000
v -0.1860 0.3250 -0.8667
v -0.1860 0.3250 -0.7333
v -0.1860 0.3250 -0.6000
v -0.1860 0.3250 -0.4667
v -0.1860 0.3250 -0.3333
v -0.1860 0.3250 -0.2000
v -0.1860 0.3250 -0.0667
v -0.1860 0.3250 0.0667
v -0.1860 0.3250 0.2000
v -0.1860 0.3250 0.3333
v -0.1860 0.3250 0.4667
v -0.1860 0.3250 0.6000
v -0.1860 0.3250 0.7333
v -0.1860 0.3250 0.8667
v -0.1860 0.3250 1.0000
v -0.1447 0.3250 -1.0000
v -0.1447 0.3250 -0.8667
v -0.1447 0.3250 -0.7333
v -0.1447 0.3250 -0.6000
v -0.1447 0.3250 -0.4667
v -0.1447 0.3250 -0.3333
v -0.1447 0.3250 -0.2000
v -0.1447 0.3250 -0.0667
v -0.1447 0.3250 0.0667
v -0.1447 0.3250 0.2000
v -0.1447 0.3250 0.3333
v -0.1447 0.3250 0.4667
v -0.1447 0.3250 0.6000
v -0.1447 0.3250 0.7333
v -0.1447 0.3250 0.8667
v -0.1447 0.3250 1.0000
v -0.1033 0.3250 -1.0000
v -0.1033 0.3250 -0.8667
v -0.1033 0.3250 -0.7333
v -0.1033 0.3250 -0.6000
v -0.1033 0.3250 -0.4667
v -0.1033 0.3250 -0.3333
v -0.1033 0.3250 -0.2000
v -0.1033 0.3250 -0.0667
v -0.1033 0.3250 0.0667
v -0.1033 0.3250 0.2000
v -0.1033 0.3250 0.3333
v -0.1033 0.3250 0.4667
v -0.1033 0.3250 0.6000
v -0.1033 0.3250 0.7333
v -0.1033 0.3250 0.8667
v -0.1033 0.3250 1.0000
v -0.0620 0.3250 -1.0000
v -0.0620 0.3250 -0.8667
v -0.0620 0.3250 -0.7333
v -0.0620 0.3250 -0.6000
v -0.0620 0.3250 -0.4667
v -0.0620 0.3250 -0.3333
v -0.0620 0.3250 -0.2000
v -0.0620 0.3250 -0.0667
v -0.0620 0.3250 0.0667
v -0.0620 0.3250 0.2000
v -0.0620 0.3250 0.3333
v -0.0620 0.3250 0.4667
v -0.0620 0.3250 0.6000
v -0.0620 0.3250 0.7333
v -0.0620 0.3250 0.8667
v -0.0620 0.3250 1.0000
v -0.0207 0.3250 -1.0000
v -0.0207 0.3250 -0.8667
v -0.0207 0.3250 -0.7333
v -0.0207 0.3250 -0.6000
v -0.0207 0.3250 -0.4667
v -0.0207 0.3250 -0.3333
v -0.0207 0.3250 -0.2000
v -0.0207 0.3250 -0.0667
v -0.0207 0.3250 0.0667
v -0.0207 0.3250 0.2000
v -0.0207 0.3250 0.3333
v -0.0207 0.3250 0.4667
v -0.0207 0.3250 0.6000
v -0.0207 0.3250 0.7333
v -0.0207 0.3250 0.8667
v -0.0207 0.3250 1.0000
v 0.0207 0.3250 -1.0000
v 0.0207 0.3250 -0.8667
v 0.0207 0.3250 -0.7333
v 0.0207 0.3250 -0.6000
v 0.0207 0.3250 -0.4667
v 0.0207 0.3250 -0.3333
v 0.0207 0.3250 -0.2000
v 0.0207 0.3250 -0.0667
v 0.0207 0.3250 0.0667
v 0.0207 0.3250 0.2000
v 0.0207 0.3250 0.3333
v 0.0207 0.3250 0.4667
v 0.0207 0.3250 0.6000
v 0.0207 0.3250 0.7333
v 0.0207 0.3250 0.8667
v 0.0207 0.3250 1.0000
v 0.0620 0.3250 -1.0000
v 0.0620 0.3250 -0.8667
v 0.0620 0.3250 -0.7333
v 0.0620 0.3250 -0.6000
v 0.0620 0.3250 -0.4667
v 0.0620 0.3250 -0.3333
v 0.0620 0.3250 -0.2000
v 0.0620 0.3250 -0.0667
v 0.0620 0.3250 0.0667
v 0.0620 0.3250 0.2000
v 0.0620 0.3250 0.3333
v 0.0620 0.3250 0.4667
v 0.0620 0.3250 0.6000
v 0.0620 0.3250 0.7333
v 0.0620 0.3250 0.8667
v 0.0620 0.3250 1.0000
v 0.1033 0.3250 -1.0000
v 0.1033 0.3250 -0.8667
v 0.1033 0.3250 -0.7333
v 0.1033 0.3250 -0.6000
v 0.1033 0.3250 -0.4667
v 0.1033 0.3250 -0.3333
v 0.1033 0.3250 -0.2000
v 0.1033 0.3250 -0.0667
v 0.1033 0.3250 0.0667
v 0.1033 0.3250 0.2000
v 0.1033 0.3250 0.3333
v 0.1033 0.3250 0.4667
v 0.1033 0.3250 0.6000
v 0.1033 0.3250 0.7333
v 0.1033 0.3250 0.8667
v 0.1033 0.3250 1.0000
v 0.1447 0.3250 -1.0000
v 0.1447 0.3250 -0.8667
v 0.1447 0.3250 -0.7333
v 0.1447 0.3250 -0.6000
v 0.1447 0.3250 -0.4667
v 0.1447 0.3250 -0.3333
v 0.1447 0.3250 -0.2000
v 0.1447 0.3250 -0.0667
v 0.1447 0.3250 0.0667
v 0.1447 0.3250 0.2000
v 0.1447 0.3250 0.3333
v 0.1447 0.3250 0.4667
v 0.1447 0.3250 0.6000
v 0.1447 0.3250 0.7333
v 0.1447 0.3250 0.8667
v 0.1447 0.3250 1.0000
v 0.1860 0.3250 -1.0000
v 0.1860 0.3250 -0.8667
v 0.1860 0.3250 -0.7333
v 0.1860 0.3250 -0.6000
v 0.1860 0.3250 -0.4667
v 0.1860 0.3250 -0.3333
v 0.1860 0.3250 -0.2000
v 0.1860 0.3250 -0.0667
v 0.1860 0.3250 0.0667
v 0.1860 0.3250 0.2000
v 0.1860 0.3250 0.3333
v 0.1860 0.3250 0.4667
v 0.1860 0.3250 0.6000
v 0.1860 0.3250 0.7333
v 0.1860 0.3250 0.8667
v 0.1860 0.3250 1.0000
v 0.2273 0.3250 -1.0000
v 0.2273 0.3250 -0.8667
v 0.2273 0.3250 -0.7333
v 0.2273 0.3250 -0.6000
v 0.2273 0.3250 -0.4667
v 0.2273 0.3250 -0.3333
v 0.2273 0.3250 -0.2000
v 0.2273 0.3250 -0.0667
v 0.2273 0.3250 0.0667
v 0.2273 0.3250 0.2000
v 0.2273 0.3250 0.3333
v 0.2273 0.3250 0.4667
v 0.2273 0.3250 0.6000
v 0.2273 0.3250 0.7333
v 0.2273 0.3250 0.8667
v 0.2273 0.3250 1.0000
v 0.2687 0.3250 -1.0000
v 0.2687 0.3250 -0.8667
v 0.2687 0.3250 -0.7333
v 0.2687 0.3250 -0.6000
v 0.2687 0.3250 -0.4667
v 0.2687 0.3250 -0.3333
v 0.2687 0.3250 -0.2000
v 0.2687 0.3250 -0.0667
v 0.2687 0.3250 0.0667
v 0.2687 0.3250 0.2000
v 0.2687 0.3250 0.3333
v 0.2687 0.3250 0.4667
v 0.2687 0.3250 0.6000
v 0.2687 0.3250 0.7333
v 0.2687 0.3250 0.8667
v 0.2687 0.3250 1.0000
v 0.3100 0.3250 -1.0000
v 0.3100 0.3250 -0.8667
v 0.3100 0.3250 -0.7333
v 0.3100 0.3250 -0.6000
v 0.3100 0.3250 -0.4667
v 0.3100 0.3250 -0.3333
v 0.3100 0.3250 -0.2000
v 0.3100 0.3250 -0.0667
v 0.3100 0.3250 0.0667
v 0.3100 0.3250 0.2000
v 0.3100 0.3250 0.3333
v 0.3100 0.3250 0.4667
v 0.3100 0.3250 0.6000
v 0.3100 0.3250 0.7333
v 0.3100 0.3250 0.8667
v 0.3100 0.3250 1.0000
v -0.3100 0.2750 1.0000
v -0.3100 0.2750 0.8667
v -0.3100 0.2750 0.7333
v -0.3100 0.2750 0.6000
v -0.3100 0.2750 0.4667
v -0.3100 0.2750 0.3333
v -0.3100 0.2750 0.2000
v -0.3100 0.2750 0.0667
v -0.3100 0.2750 -0.0667
v -0.3100 0.2750 -0.2000
v -0.3100 0.2750 -0.3333
v -0.3100 0.2750 -0.4667
v -0.3100 0.2750 -0.6000
v -0.3100 0.2750 -0.7333
v -0.3100 0.2750 -0.8667
v -0.3100 0.2750 -1.0000
v -0.2687 0.2750 1.0000
v -0.2687 0.2750 0.8667
v -0.2687 0.2750 0.7333
v -0.2687 0.2750 0.6000
v -0.2687 0.2750 0.4667
v -0.2687 0.2750 0.3333
v -0.2687 0.2750 0.2000
v -0.2687 0.2750 0.0667
v -0.2687 0.2750 -0.0667
v -0.2687 0.2750 -0.2000
v -0.2687 0.2750 -0.3333
v -0.2687 0.2750 -0.4667
v -0.2687 0.2750 -0.6000
v -0.2687 0.2750 -0.7333
v -0.2687 0.2750 -0.8667
v -0.2687 0.2750 -1.0000
v -0.2273 0.2750 1.0000
v -0.2273 0.2750 0.8667
v -0.2273 0.2750 0.7333
v -0.2273 0.2750 0.6000
v -0.2273 0.2750 0.4667
v -0.2273 0.2750 0.3333
v -0.2273 0.2750 0.2000
v -0.2273 0.2750 0.0667
v -0.2273 0.2750 -0.0667
v -0.2273 0.2750 -0.2000
v -0.2273 0.2750 -0.3333
v -0.2273 0.2750 -0.4667
v -0.2273 0.2750 -0.6000
v -0.2273 0.2750 -0.7333
v -0.2273 0.2750 -0.8667
v -0.2273 0.2750 -1.0000
v -0.1860 0.2750 1.0000
v -0.1860 0.2750 0.8667
v -0.1860 0.2750 0.7333
v -0.1860 0.2750 0.6000
v -0.1860 0.2750 0.4667
v -0.1860 0.2750 0.3333
v -0.1860 0.2750 0.2000
v -0.1860 0.2750 0.0667
v -0.1860 0.2750 -0.0667
v -0.1860 0.2750 -0.2000
v -0.1860 0.2750 -0.3333
v -0.1860 0.2750 -0.4667
v -0.1860 0.2750 -0.6000
v -0.1860 0.2750 -0.7333
v -0.1860 0.2750 -0.8667
v -0.1860 0.2750 -1.0000
v -0.1447 0.2750 1.0000
v -0.1447 0.2750 0.8667
v -0.1447 0.2750 0.7333
v -0.1447 0.2750 0.6000
v -0.1447 0.2750 0.4667
v -0.1447 0.2750 0.3333
v -0.1447 0.2750 0.2000
v -0.1447 0.2750 0.0667
v -0.1447 0.2750 -0.0667
v -0.1447 0.2750 -0.2000
v -0.1447 0.2750 -0.3333
v -0.1447 0.2750 -0.4667
v -0.1447 0.2750 -0.6000
v -0.1447 0.2750 -0.7333
v -0.1447 0.2750 -0.8667
v -0.1447 0.2750 -1.0000
v -0.1033 0.2750 1.0000
v -0.1033 0.2750 0.8667
v -0.1033 0.2750 0.7333
v -0.1033 0.2750 0.6000
v -0.1033 0.2750 0.4667
v -0.1033 0.2750 0.3333
v -0.1033 0.2750 0.2000
v -0.1033 0.2750 0.0667
v -0.1033 0.2750 -0.0667
v -0.1033 0.2750 -0.2000
v -0.1033 0.2750 -0.3333
v -0.1033 0.2750 -0.4667
v -0.1033 0.2750 -0.6000
v -0.1033 0.2750 -0.7333
v -0.1033 0.2750 -0.8667
v -0.1033 0.2750 -1.0000
v -0.0620 0.2750 1.0000
v -0.0620 0.2750 0.8667
v -0.0620 0.2750 0.7333
v -0.0620 0.2750 0.6000
v -0.0620 0.2750 0.4667
v -0.0620 0.2750 0.3333
v -0.0620 0.2750 0.2000
v -0.0620 0.2750 0.0667
v -0.0620 0.2750 -0.0667
v -0.0620 0.2750 -0.2000
v -0.0620 0.2750 -0.3333
v -0.0620 0.2750 -0.4667
v -0.0620 0.2750 -0.6000
v -0.0620 0.2750 -0.7333
v -0.0620 0.2750 -0.8667
v -0.0620 0.2750 -1.0000
v -0.0207 0.2750 1.0000
v -0.0207 0.2750 0.8667
v -0.0207 0.2750 0.7333
v -0.0207 0.2750 0.6000
v -0.0207 0.2750 0.4667
v -0.0207 0.2750 0.3333
v -0.0207 0.2750 0.2000
v -0.0207 0.2750 0.0667
v -0.0207 0.2750 -0.0667
v -0.0207 0.2750 -0.2000
v -0.0207 0.2750 -0.3333
v -0.0207 0.2750 -0.4667
v -0.0207 0.2750 -0.6000
v -0.0207 0.2750 -0.7333
v -0.0207 0.2750 -0.8667
v -0.0207 0.2750 -1.0000
v 0.0207 0.2750 1.0000
v 0.0207 0.2750 0.8667
v 0.0207 0.2750 0.7333
v 0.0207 0.2750 0.6000
v 0.0207 0.2750 0.4667
v 0.0207 0.2750 0.3333
v 0.0207 0.2750 0.2000
v 0.0207 0.2750 0.0667
v 0.0207 0.2750 -0.0667
v 0.0207 0.2750 -0.2000
v 0.0207 0.2750 -0.3333
v 0.0207 0.2750 -0.4667
v 0.0207 0.2750 -0.6000
v 0.0207 0.2750 -0.7333
v 0.0207 0.2750 -0.8667
v 0.0207 0.2750 -1.0000
v 0.0620 0.2750 1.0000
v 0.0620 0.2750 0.8667
v 0.0620 0.2750 0.7333
v 0.0620 0.2750 0.6000
v 0.0620 0.2750 0.4667
v 0.0620 0.2750 0.3333
v 0.0620 0.2750 0.2000
v 0.0620 0.2750 0.0667
v 0.0620 0.2750 -0.0667
v 0.0620 0.2750 -0.2000
v 0.0620 0.2750 -0.3333
v 0.0620 0.2750 -0.4667
v 0.0620 0.2750 -0.6000
v 0.0620 0.2750 -0.7333
v 0.0620 0.2750 -0.8667
v 0.0620 0.2750 -1.0000
v 0.1033 0.2750 1.0000
v 0.1033 0.2750 0.8667
v 0.1033 0.2750 0.7333
v 0.1033 0.2750 0.6000
v 0.1033 0.2750 0.4667
v 0.1033 0.2750 0.3333
v 0.1033 0.2750 0.2000
v 0.1033 0.2750 0.0667
v 0.1033 0.2750 -0.0667
v 0.1033 0.2750 -0.2000
v 0.1033 0.2750 -0.3333
v 0.1033 0.2750 -0.4667
v 0.1033 0.2750 -0.6000
v 0.1033 0.2750 -0.7333
v 0.1033 0.2750 -0.8667
v 0.1033 0.2750 -1.0000
v 0.1447 0.2750 1.0000
v 0.1447 0.2750 0.8667
v 0.1447 0.2750 0.7333
v 0.1447 0.2750 0.6000
v 0.1447 0.2750 0.4667
v 0.1447 0.2750 0.3333
v 0.1447 0.2750 0.2000
v 0.1447 0.2750 0.0667
v 0.1447 0.2750 -0.0667
v 0.1447 0.2750 -0.2000
v 0.1447 0.2750 -0.3333
v 0.1447 0.2750 -0.4667
v 0.1447 0.2750 -0.6000
v 0.1447 0.2750 -0.7333
v 0.1447 0.2750 -0.8667
v 0.1447 0.2750 -1.0000
v 0.1860 0.2750 1.0000
v 0.1860 0.2750 0.8667
v 0.1860 0.2750 0.7333
v 0.1860 0.2750 0.6000
v 0.1860 0.2750 0.4667
v 0.1860 0.2750 0.3333
v 0.1860 0.2750 0.2000
v 0.1860 0.2750 0.0667
v 0.1860 0.2750 -0.0667
v 0.1860 0.2750 -0.2000
v 0.1860 0.2750 -0.3333
v 0.1860 0.2750 -0.4667
v 0.1860 0.2750 -0.6000
v 0.1860 0.2750 -0.7333
v 0.1860 0.2750 -0.8667
v 0.1860 0.2750 -1.0000
v 0.2273 0.2750 1.0000
v 0.2273 0.2750 0.8667
v 0.2273 0.2750 0.7333
v 0.2273 0.2750 0.6000
v 0.2273 0.2750 0.4667
v 0.2273 0.2750 0.3333
v 0.2273 0.2750 0.2000
v 0.2273 0.2750 0.0667
v 0.2273 0.2750 -0.0667
v 0.2273 0.2750 -0.2000
v 0.2273 0.2750 -0.3333
v 0.2273 0.2750 -0.4667
v 0.2273 0.2750 -0.6000
v 0.2273 0.2750 -0.7333
v 0.2273 0.2750 -0.8667
v 0.2273 0.2750 -1.0000
v 0.2687 0.2750 1.0000
v 0.2687 0.2750 0.8667
v 0.2687 0.2750 0.7333
v 0.2687 0.2750 0.6000
v 0.2687 0.2750 0.4667
v 0.2687 0.2750 0.3333
v 0.2687 0.2750 0.2000
v 0.2687 0.2750 0.0667
v 0.2687 0.2750 -0.0667
v 0.2687 0.2750 -0.2000
v 0.2687 0.2750 -0.3333
v 0.2687 0.2750 -0.4667
v 0.2687 0.2750 -0.6000
v 0.2687 0.2750 -0.7333
v 0.2687 0.2750 -0.8667
v 0.2687 0.2750 -1.0000
v 0.3100 0.2750 1.0000
v 0.3100 0.2750 0.8667
v 0.3100 0.2750 0.7333
v 0.3100 0.2750 0.6000
v 0.3100 0.2750 0.4667
v 0.3100 0.2750 0.3333
v 0.3100 0.2750 0.2000
v 0.3100 0.2750 0.0667
v 0.3100 0.2750 -0.0667
v 0.3100 0.2750 -0.2000
v 0.3100 0.2750 -0.3333
v 0.3100 0.2750 -0.4667
v 0.3100 0.2750 -0.6000
v 0.3100 0.2750 -0.7333
v 0.3100 0.2750 -0.8667
v 0.3100 0.2750 -1.0000
v -0.2980 0.3000 -1.2000
v -0.2980 0.3000 1.2000
v -0.2989 0.3062 -1.2000
v -0.2989 0.3062 1.2000
v -0.3015 0.3119 -1.2000
v -0.3015 0.3119 1.2000
v -0.3056 0.3166 -1.2000
v -0.3056 0.3166 1.2000
v -0.3109 0.3200 -1.2000
v -0.3109 0.3200 1.2000
v -0.3169 0.3218 -1.2000
v -0.3169 0.3218 1.2000
v -0.3231 0.3218 -1.2000
v -0.3231 0.3218 1.2000
v -0.3291 0.3200 -1.2000
v -0.3291 0.3200 1.2000
v -0.3344 0.3166 -1.2000
v -0.3344 0.3166 1.2000
v -0.3385 0.3119 -1.2000
v -0.3385 0.3119 1.2000
v -0.3411 0.3062 -1.2000
v -0.3411 0.3062 1.2000
v -0.3420 0.3000 -1.2000
v -0.3420 0.3000 1.2000
v -0.3411 0.2938 -1.2000
v -0.3411 0.2938 1.2000
v -0.3385 0.2881 -1.2000
v -0.3385 0.2881 1.2000
v -0.3344 0.2834 -1.2000
v -0.3344 0.2834 1.2000
v -0.3291 0.2800 -1.2000
v -0.3291 0.2800 1.2000
v -0.3231 0.2782 -1.2000
v -0.3231 0.2782 1.2000
v -0.3169 0.2782 -1.2000
v -0.3169 0.2782 1.2000
v -0.3109 0.2800 -1.2000
v -0.3109 0.2800 1.2000
v -0.3056 0.2834 -1.2000
v -0.3056 0.2834 1.2000
v -0.3015 0.2881 -1.2000
v -0.3015 0.2881 1.2000
v -0.2989 0.2938 -1.2000
v -0.2989 0.2938 1.2000
v -0.3200 0.3000 1.2000
v -0.3200 0.3000 -1.2000
v 0.3420 0.3000 -1.2000
v 0.3420 0.3000 1.2000
v 0.3411 0.3062 -1.2000
v 0.3411 0.3062 1.2000
v 0.3385 0.3119 -1.2000
v 0.3385 0.3119 1.2000
v 0.3344 0.3166 -1.2000
v 0.3344 0.3166 1.2000
v 0.3291 0.3200 -1.2000
v 0.3291 0.3200 1.2000
v 0.3231 0.3218 -1.2000
v 0.3231 0.3218 1.2000
v 0.3169 0.3218 -1.2000
v 0.3169 0.3218 1.2000
v 0.3109 0.3200 -1.2000
v 0.3109 0.3200 1.2000
v 0.3056 0.3166 -1.2000
v 0.3056 0.3166 1.2000
v 0.3015 0.3119 -1.2000
v 0.3015 0.3119 1.2000
v 0.2989 0.3062 -1.2000
v 0.2989 0.3062 1.2000
v 0.2980 0.3000 -1.2000
v 0.2980 0.3000 1.2000
v 0.2989 0.2938 -1.2000
v 0.2989 0.2938 1.2000
v 0.3015 0.2881 -1.2000
v 0.3015 0.2881 1.2000
v 0.3056 0.2834 -1.2000
v 0.3056 0.2834 1.2000
v 0.3109 0.2800 -1.2000
v 0.3109 0.2800 1.2000
v 0.3169 0.2782 -1.2000
v 0.3169 0.2782 1.2000
v 0.3231 0.2782 -1.2000
v 0.3231 0.2782 1.2000
v 0.3291 0.2800 -1.2000
v 0.3291 0.2800 1.2000
v 0.3344 0.2834 -1.2000
v 0.3344 0.2834 1.2000
v 0.3385 0.2881 -1.2000
v 0.3385 0.2881 1.2000
v 0.3411 0.2938 -1.2000
v 0.3411 0.2938 1.2000
v 0.3200 0.3000 1.2000
v 0.3200 0.3000 -1.2000
v -0.3100 0.0000 -0.7700
v -0.3100 0.0375 -0.7700
v -0.3100 0.0750 -0.7700
v -0.3100 0.1125 -0.7700
v -0.3100 0.1500 -0.7700
v -0.3100 0.1875 -0.7700
v -0.3100 0.2250 -0.7700
v -0.3100 0.2625 -0.7700
v -0.3100 0.3000 -0.7700
v -0.3025 0.0000 -0.7700
v -0.3025 0.0375 -0.7700
v -0.3025 0.0750 -0.7700
v -0.3025 0.1125 -0.7700
v -0.3025 0.1500 -0.7700
v -0.3025 0.1875 -0.7700
v -0.3025 0.2250 -0.7700
v -0.3025 0.2625 -0.7700
v -0.3025 0.3000 -0.7700
v -0.2950 0.0000 -0.7700
v -0.2950 0.0375 -0.7700
v -0.2950 0.0750 -0.7700
v -0.2950 0.1125 -0.7700
v -0.2950 0.1500 -0.7700
v -0.2950 0.1875 -0.7700
v -0.2950 0.2250 -0.7700
v -0.2950 0.2625 -0.7700
v -0.2950 0.3000 -0.7700
v -0.2875 0.0000 -0.7700
v -0.2875 0.0375 -0.7700
v -0.2875 0.0750 -0.7700
v -0.2875 0.1125 -0.7700
v -0.2875 0.1500 -0.7700
v -0.2875 0.1875 -0.7700
v -0.2875 0.2250 -0.7700
v -0.2875 0.2625 -0.7700
v -0.2875 0.3000 -0.7700
v -0.2800 0.0000 -0.7700
v -0.2800 0.0375 -0.7700
v -0.2800 0.0750 -0.7700
v -0.2800 0.1125 -0.7700
v -0.2800 0.1500 -0.7700
v -0.2800 0.1875 -0.7700
v -0.2800 0.2250 -0.7700
v -0.2800 0.2625 -0.7700
v -0.2800 0.3000 -0.7700
v -0.2725 0.0000 -0.7700
v -0.2725 0.0375 -0.7700
v -0.2725 0.0750 -0.7700
v -0.2725 0.1125 -0.7700
v -0.2725 0.1500 -0.7700
v -0.2725 0.1875 -0.7700
v -0.2725 0.2250 -0.7700
v -0.2725 0.2625 -0.7700
v -0.2725 0.3000 -0.7700
v -0.2650 0.0000 -0.7700
v -0.2650 0.0375 -0.7700
v -0.2650 0.0750 -0.7700
v -0.2650 0.1125 -0.7700
v -0.2650 0.1500 -0.7700
v -0.2650 0.1875 -0.7700
v -0.2650 0.2250 -0.7700
v -0.2650 0.2625 -0.7700
v -0.2650 0.3000 -0.7700
v -0.2575 0.0000 -0.7700
v -0.2575 0.0375 -0.7700
v -0.2575 0.0750 -0.7700
v -0.2575 0.1125 -0.7700
v -0.2575 0.1500 -0.7700
v -0.2575 0.1875 -0.7700
v -0.2575 0.2250 -0.7700
v -0.2575 0.2625 -0.7700
v -0.2575 0.3000 -0.7700
v -0.2500 0.0000 -0.7700
v -0.2500 0.0375 -0.7700
v -0.2500 0.0750 -0.7700
v -0.2500 0.1125 -0.7700
v -0.2500 0.1500 -0.7700
v -0.2500 0.1875 -0.7700
v -0.2500 0.2250 -0.7700
v -0.2500 0.2625 -0.7700
v -0.2500 0.3000 -0.7700
v -0.2500 0.0000 -0.8300
v -0.2500 0.0375 -0.8300
v -0.2500 0.0750 -0.8300
v -0.2500 0.1125 -0.8300
v -0.2500 0.1500 -0.8300
v -0.2500 0.1875 -0.8300
v -0.2500 0.2250 -0.8300
v -0.2500 0.2625 -0.8300
v -0.2500 0.3000 -0.8300
v -0.2575 0.0000 -0.8300
v -0.2575 0.0375 -0.8300
v -0.2575 0.0750 -0.8300
v -0.2575 0.1125 -0.8300
v -0.2575 0.1500 -0.8300
v -0.2575 0.1875 -0.8300
v -0.2575 0.2250 -0.8300
v -0.2575 0.2625 -0.8300
v -0.2575 0.3000 -0.8300
v -0.2650 0.0000 -0.8300
v -0.2650 0.0375 -0.8300
v -0.2650 0.0750 -0.8300
v -0.2650 0.1125 -0.8300
v -0.2650 0.1500 -0.8300
v -0.2650 0.1875 -0.8300
v -0.2650 0.2250 -0.8300
v -0.2650 0.2625 -0.8300
v -0.2650 0.3000 -0.8300
v -0.2725 0.0000 -0.8300
v -0.2725 0.0375 -0.8300
v -0.2725 0.0750 -0.8300
v -0.2725 0.1125 -0.8300
v -0.2725 0.1500 -0.8300
v -0.2725 0.1875 -0.8300
v -0.2725 0.2250 -0.8300
v -0.2725 0.2625 -0.8300
v -0.2725 0.3000 -0.8300
v -0.2800 0.0000 -0.8300
v -0.2800 0.0375 -0.8300
v -0.2800 0.0750 -0.8300
v -0.2800 0.1125 -0.8300
v -0.2800 0.1500 -0.8300
v -0.2800 0.1875 -0.8300
v -0.2800 0.2250 -0.8300
v -0.2800 0.2625 -0.8300
v -0.2800 0.3000 -0.8300
v -0.2875 0.0000 -0.8300
v -0.2875 0.0375 -0.8300
v -0.2875 0.0750 -0.8300
v -0.2875 0.1125 -0.8300
v -0.2875 0.1500 -0.8300
v -0.2875 0.1875 -0.8300
v -0.2875 0.2250 -0.8300
v -0.2875 0.2625 -0.8300
v -0.2875 0.3000 -0.8300
v -0.2950 0.0000 -0.8300
v -0.2950 0.0375 -0.8300
v -0.2950 0.0750 -0.8300
v -0.2950 0.1125 -0.8300
v -0.2950 0.1500 -0.8300
v -0.2950 0.1875 -0.8300
v -0.2950 0.2250 -0.8300
v -0.2950 0.2625 -0.8300
v -0.2950 0.3000 -0.8300
v -0.3025 0.0000 -0.8300
v -0.3025 0.0375 -0.8300
v -0.3025 0.0750 -0.8300
v -0.3025 0.1125 -0.8300
v -0.3025 0.1500 -0.8300
v -0.3025 0.1875 -0.8300
v -0.3025 0.2250 -0.8300
v -0.3025 0.2625 -0.8300
v -0.3025 0.3000 -0.8300
v -0.3100 0.0000 -0.8300
v -0.3100 0.0375 -0.8300
v -0.3100 0.0750 -0.8300
v -0.3100 0.1125 -0.8300
v -0.3100 0.1500 -0.8300
v -0.3100 0.1875 -0.8300
v -0.3100 0.2250 -0.8300
v -0.3100 0.2625 -0.8300
v -0.3100 0.3000 -0.8300
v -0.3100 0.0000 -0.8300
v -0.3100 0.0375 -0.8300
v -0.3100 0.0750 -0.8300
v -0.3100 0.1125 -0.8300
v -0.3100 0.1500 -0.8300
v -0.3100 0.1875 -0.8300
v -0.3100 0.2250 -0.8300
v -0.3100 0.2625 -0.8300
v -0.3100 0.3000 -0.8300
v -0.3100 0.0000 -0.8225
v -0.3100 0.0375 -0.8225
v -0.3100 0.0750 -0.8225
v -0.3100 0.1125 -0.8225
v -0.3100 0.1500 -0.8225
v -0.3100 0.1875 -0.8225
v -0.3100 0.2250 -0.8225
v -0.3100 0.2625 -0.8225
v -0.3100 0.3000 -0.8225
v -0.3100 0.0000 -0.8150
v -0.3100 0.0375 -0.8150
v -0.3100 0.0750 -0.8150
v -0.3100 0.1125 -0.8150
v -0.3100 0.1500 -0.8150
v -0.3100 0.1875 -0.8150
v -0.3100 0.2250 -0.8150
v -0.3100 0.2625 -0.8150
v -0.3100 0.3000 -0.8150
v -0.3100 0.0000 -0.8075
v -0.3100 0.0375 -0.8075
v -0.3100 0.0750 -0.8075
v -0.3100 0.1125 -0.8075
v -0.3100 0.1500 -0.8075
v -0.3100 0.1875 -0.8075
v -0.3100 0.2250 -0.8075
v -0.3100 0.2625 -0.8075
v -0.3100 0.3000 -0.8075
v -0.3100 0.0000 -0.8000
v -0.3100 0.0375 -0.8000
v -0.3100 0.0750 -0.8000
v -0.3100 0.1125 -0.8000
v -0.3100 0.1500 -0.8000
v -0.3100 0.1875 -0.8000
v -0.3100 0.2250 -0.8000
v -0.3100 0.2625 -0.8000
v -0.3100 0.3000 -0.8000
v -0.3100 0.0000 -0.7925
v -0.3100 0.0375 -0.7925
v -0.3100 0.0750 -0.7925
v -0.3100 0.1125 -0.7925
v -0.3100 0.1500 -0.7925
v -0.3100 0.1875 -0.7925
v -0.3100 0.2250 -0.7925
v -0.3100 0.2625 -0.7925
v -0.3100 0.3000 -0.7925
v -0.3100 0.0000 -0.7850
v -0.3100 0.0375 -0.7850
v -0.3100 0.0750 -0.7850
v -0.3100 0.1125 -0.7850
v -0.3100 0.1500 -0.7850
v -0.3100 0.1875 -0.7850
v -0.3100 0.2250 -0.7850
v -0.3100 0.2625 -0.7850
v -0.3100 0.3000 -0.7850
v -0.3100 0.0000 -0.7775
v -0.3100 0.0375 -0.7775
v -0.3100 0.0750 -0.7775
v -0.3100 0.1125 -0.7775
v -0.3100 0.1500 -0.7775
v -0.3100 0.1875 -0.7775
v -0.3100 0.2250 -0.7775
v -0.3100 0.2625 -0.7775
v -0.3100 0.3000 -0.7775
v -0.3100 0.0000 -0.7700
v -0.3100 0.0375 -0.7700
v -0.3100 0.0750 -0.7700
v -0.3100 0.1125 -0.7700
v -0.3100 0.1500 -0.7700
v -0.3100 0.1875 -0.7700
v -0.3100 0.2250 -0.7700
v -0.3100 0.2625 -0.7700
v -0.3100 0.3000 -0.7700
v -0.2500 0.0000 -0.7700
v -0.2500 0.0375 -0.7700
v -0.2500 0.0750 -0.7700
v -0.2500 0.1125 -0.7700
v -0.2500 0.1500 -0.7700
v -0.2500 0.1875 -0.7700
v -0.2500 0.2250 -0.7700
v -0.2500 0.2625 -0.7700
v -0.2500 0.3000 -0.7700
v -0.2500 0.0000 -0.7775
v -0.2500 0.0375 -0.7775
v -0.2500 0.0750 -0.7775
v -0.2500 0.1125 -0.7775
v -0.2500 0.1500 -0.7775
v -0.2500 0.1875 -0.7775
v -0.2500 0.2250 -0.7775
v -0.2500 0.2625 -0.7775
v -0.2500 0.3000 -0.7775
v -0.2500 0.0000 -0.7850
v -0.2500 0.0375 -0.7850
v -0.2500 0.0750 -0.7850
v -0.2500 0.1125 -0.7850
v -0.2500 0.1500 -0.7850
v -0.2500 0.1875 -0.7850
v -0.2500 0.2250 -0.7850
v -0.2500 0.2625 -0.7850
v -0.2500 0.3000 -0.7850
v -0.2500 0.0000 -0.7925
v -0.2500 0.0375 -0.7925
v -0.2500 0.0750 -0.7925
v -0.2500 0.1125 -0.7925
v -0.2500 0.1500 -0.7925
v -0.2500 0.1875 -0.7925
v -0.2500 0.2250 -0.7925
v -0.2500 0.2625 -0.7925
v -0.2500 0.3000 -0.7925
v -0.2500 0.0000 -0.8000
v -0.2500 0.0375 -0.8000
v -0.2500 0.0750 -0.8000
v -0.2500 0.1125 -0.8000
v -0.2500 0.1500 -0.8000
v -0.2500 0.1875 -0.8000
v -0.2500 0.2250 -0.8000
v -0.2500 0.2625 -0.8000
v -0.2500 0.3000 -0.8000
v -0.2500 0.0000 -0.8075
v -0.2500 0.0375 -0.8075
v -0.2500 0.0750 -0.8075
v -0.2500 0.1125 -0.8075
v -0.2500 0.1500 -0.8075
v -0.2500 0.1875 -0.8075
v -0.2500 0.2250 -0.8075
v -0.2500 0.2625 -0.8075
v -0.2500 0.3000 -0.8075
v -0.2500 0.0000 -0.8150
v -0.2500 0.0375 -0.8150
v -0.2500 0.0750 -0.8150
v -0.2500 0.1125 -0.8150
v -0.2500 0.1500 -0.8150
v -0.2500 0.1875 -0.8150
v -0.2500 0.2250 -0.8150
v -0.2500 0.2625 -0.8150
v -0.2500 0.3000 -0.8150
v -0.2500 0.0000 -0.8225
v -0.2500 0.0375 -0.8225
v -0.2500 0.0750 -0.8225
v -0.2500 0.1125 -0.8225
v -0.2500 0.1500 -0.8225
v -0.2500 0.1875 -0.8225
v -0.2500 0.2250 -0.8225
v -0.2500 0.2625 -0.8225
v -0.2500 0.3000 -0.8225
v -0.2500 0.0000 -0.8300
v -0.2500 0.0375 -0.8300
v -0.2500 0.0750 -0.8300
v -0.2500 0.1125 -0.8300
v -0.2500 0.1500 -0.8300
v -0.2500 0.1875 -0.8300
v -0.2500 0.2250 -0.8300
v -0.2500 0.2625 -0.8300
v -0.2500 0.3000 -0.8300
v -0.3100 0.3000 -0.8300
v -0.3100 0.3000 -0.8225
v -0.3100 0.3000 -0.8150
v -0.3100 0.3000 -0.8075
v -0.3100 0.3000 -0.8000
v -0.3100 0.3000 -0.7925
v -0.3100 0.3000 -0.7850
v -0.3100 0.3000 -0.7775
v -0.3100 0.3000 -0.7700
v -0.3025 0.3000 -0.8300
v -0.3025 0.3000 -0.8225
v -0.3025 0.3000 -0.8150
v -0.3025 0.3000 -0.8075
v -0.3025 0.3000 -0.8000
v -0.3025 0.3000 -0.7925
v -0.3025 0.3000 -0.7850
v -0.3025 0.3000 -0.7775
v -0.3025 0.3000 -0.7700
v -0.2950 0.3000 -0.8300
v -0.2950 0.3000 -0.8225
v -0.2950 0.3000 -0.8150
v -0.2950 0.3000 -0.8075
v -0.2950 0.3000 -0.8000
v -0.2950 0.3000 -0.7925
v -0.2950 0.3000 -0.7850
v -0.2950 0.3000 -0.7775
v -0.2950 0.3000 -0.7700
v -0.2875 0.3000 -0.8300
v -0.2875 0.3000 -0.8225
v -0.2875 0.3000 -0.8150
v -0.2875 0.3000 -0.8075
v -0.2875 0.3000 -0.8000
v -0.2875 0.3000 -0.7925
v -0.2875 0.3000 -0.7850
v -0.2875 0.3000 -0.7775
v -0.2875 0.3000 -0.7700
v -0.2800 0.3000 -0.8300
v -0.2800 0.3000 -0.8225
v -0.2800 0.3000 -0.8150
v -0.2800 0.3000 -0.8075
v -0.2800 0.3000 -0.8000
v -0.2800 0.3000 -0.7925
v -0.2800 0.3000 -0.7850
v -0.2800 0.3000 -0.7775
v -0.2800 0.3000 -0.7700
v -0.2725 0.3000 -0.8300
v -0.2725 0.3000 -0.8225
v -0.2725 0.3000 -0.8150
v -0.2725 0.3000 -0.8075
v -0.2725 0.3000 -0.8000
v -0.2725 0.3000 -0.7925
v -0.2725 0.3000 -0.7850
v -0.2725 0.3000 -0.7775
v -0.2725 0.3000 -0.7700
v -0.2650 0.3000 -0.8300
v -0.2650 0.3000 -0.8225
v -0.2650 0.3000 -0.8150
v -0.2650 0.3000 -0.8075
v -0.2650 0.3000 -0.8000
v -0.2650 0.3000 -0.7925
v -0.2650 0.3000 -0.7850
v -0.2650 0.3000 -0.7775
v -0.2650 0.3000 -0.7700
v -0.2575 0.3000 -0.8300
v -0.2575 0.3000 -0.8225
v -0.2575 0.3000 -0.8150
v -0.2575 0.3000 -0.8075
v -0.2575 0.3000 -0.8000
v -0.2575 0.3000 -0.7925
v -0.2575 0.3000 -0.7850
v -0.2575 0.3000 -0.7775
v -0.2575 0.3000 -0.7700
v -0.2500 0.3000 -0.8300
v -0.2500 0.3000 -0.8225
v -0.2500 0.3000 -0.8150
v -0.2500 0.3000 -0.8075
v -0.2500 0.3000 -0.8000
v -0.2500 0.3000 -0.7925
v -0.2500 0.3000 -0.7850
v -0.2500 0.3000 -0.7775
v -0.2500 0.3000 -0.7700
v -0.3100 0.0000 -0.7700
v -0.3100 0.0000 -0.7775
v -0.3100 0.0000 -0.7850
v -0.3100 0.0000 -0.7925
v -0.3100 0.0000 -0.8000
v -0.3100 0.0000 -0.8075
v -0.3100 0.0000 -0.8150
v -0.3100 0.0000 -0.8225
v -0.3100 0.0000 -0.8300
v -0.3025 0.0000 -0.7700
v -0.3025 0.0000 -0.7775
v -0.3025 0.0000 -0.7850
v -0.3025 0.0000 -0.7925
v -0.3025 0.0000 -0.8000
v -0.3025 0.0000 -0.8075
v -0.3025 0.0000 -0.8150
v -0.3025 0.0000 -0.8225
v -0.3025 0.0000 -0.8300
v -0.2950 0.0000 -0.7700
v -0.2950 0.0000 -0.7775
v -0.2950 0.0000 -0.7850
v -0.2950 0.0000 -0.7925
v -0.2950 0.0000 -0.8000
v -0.2950 0.0000 -0.8075
v -0.2950 0.0000 -0.8150
v -0.2950 0.0000 -0.8225
v -0.2950 0.0000 -0.8300
v -0.2875 0.0000 -0.7700
v -0.2875 0.0000 -0.7775
v -0.2875 0.0000 -0.7850
v -0.2875 0.0000 -0.7925
v -0.2875 0.0000 -0.8000
v -0.2875 0.0000 -0.8075
v -0.2875 0.0000 -0.8150
v -0.2875 0.0000 -0.8225
v -0.2875 0.0000 -0.8300
v -0.2800 0.0000 -0.7700
v -0.2800 0.0000 -0.7775
v -0.2800 0.0000 -0.7850
v -0.2800 0.0000 -0.7925
v -0.2800 0.0000 -0.8000
v -0.2800 0.0000 -0.8075
v -0.2800 0.0000 -0.8150
v -0.2800 0.0000 -0.8225
v -0.2800 0.0000 -0.8300
v -0.2725 0.0000 -0.7700
v -0.2725 0.0000 -0.7775
v -0.2725 0.0000 -0.7850
v -0.2725 0.0000 -0.7925
v -0.2725 0.0000 -0.8000
v -0.2725 0.0000 -0.8075
v -0.2725 0.0000 -0.8150
v -0.2725 0.0000 -0.8225
v -0.2725 0.0000 -0.8300
v -0.2650 0.0000 -0.7700
v -0.2650 0.0000 -0.7775
v -0.2650 0.0000 -0.7850
v -0.2650 0.0000 -0.7925
v -0.2650 0.0000 -0.8000
v -0.2650 0.0000 -0.8075
v -0.2650 0.0000 -0.8150
v -0.2650 0.0000 -0.8225
v -0.2650 0.0000 -0.8300
v -0.2575 0.0000 -0.7700
v -0.2575 0.0000 -0.7775
v -0.2575 0.0000 -0.7850
v -0.2575 0.0000 -0.7925
v -0.2575 0.0000 -0.8000
v -0.2575 0.0000 -0.8075
v -0.2575 0.0000 -0.8150
v -0.2575 0.0000 -0.8225
v -0.2575 0.0000 -0.8300
v -0.2500 0.0000 -0.7700
v -0.2500 0.0000 -0.7775
v -0.2500 0.0000 -0.7850
v -0.2500 0.0000 -0.7925
v -0.2500 0.0000 -0.8000
v -0.2500 0.0000 -0.8075
v -0.2500 0.0000 -0.8150
v -0.2500 0.0000 -0.8225
v -0.2500 0.0000 -0.8300
v 0.2500 0.0000 -0.7700
v 0.2500 0.0375 -0.7700
v 0.2500 0.0750 -0.7700
v 0.2500 0.1125 -0.7700
v 0.2500 0.1500 -0.7700
v 0.2500 0.1875 -0.7700
v 0.2500 0.2250 -0.7700
v 0.2500 0.2625 -0.7700
v 0.2500 0.3000 -0.7700
v 0.2575 0.0000 -0.7700
v 0.2575 0.0375 -0.7700
v 0.2575 0.0750 -0.7700
v 0.2575 0.1125 -0.7700
v 0.2575 0.1500 -0.7700
v 0.2575 0.1875 -0.7700
v 0.2575 0.2250 -0.7700
v 0.2575 0.2625 -0.7700
v 0.2575 0.3000 -0.7700
v 0.2650 0.0000 -0.7700
v 0.2650 0.0375 -0.7700
v 0.2650 0.0750 -0.7700
v 0.2650 0.1125 -0.7700
v 0.2650 0.1500 -0.7700
v 0.2650 0.1875 -0.7700
v 0.2650 0.2250 -0.7700
v 0.2650 0.2625 -0.7700
v 0.2650 0.3000 -0.7700
v 0.2725 0.0000 -0.7700
v 0.2725 0.0375 -0.7700
v 0.2725 0.0750 -0.7700
v 0.2725 0.1125 -0.7700
v 0.2725 0.1500 -0.7700
v 0.2725 0.1875 -0.7700
v 0.2725 0.2250 -0.7700
v 0.2725 0.2625 -0.7700
v 0.2725 0.3000 -0.7700
v 0.2800 0.0000 -0.7700
v 0.2800 0.0375 -0.7700
v 0.2800 0.0750 -0.7700
v 0.2800 0.1125 -0.7700
v 0.2800 0.1500 -0.7700
v 0.2800 0.1875 -0.7700
v 0.2800 0.2250 -0.7700
v 0.2800 0.2625 -0.7700
v 0.2800 0.3000 -0.7700
v 0.2875 0.0000 -0.7700
v 0.2875 0.0375 -0.7700
v 0.2875 0.0750 -0.7700
v 0.2875 0.1125 -0.7700
v 0.2875 0.1500 -0.7700
v 0.2875 0.1875 -0.7700
v 0.2875 0.2250 -0.7700
v 0.2875 0.2625 -0.7700
v 0.2875 0.3000 -0.7700
v 0.2950 0.0000 -0.7700
v 0.2950 0.0375 -0.7700
v 0.2950 0.0750 -0.7700
v 0.2950 0.1125 -0.7700
v 0.2950 0.1500 -0.7700
v 0.2950 0.1875 -0.7700
v 0.2950 0.2250 -0.7700
v 0.2950 0.2625 -0.7700
v 0.2950 0.3000 -0.7700
v 0.3025 0.0000 -0.7700
v 0.3025 0.0375 -0.7700
v 0.3025 0.0750 -0.7700
v 0.3025 0.1125 -0.7700
v 0.3025 0.1500 -0.7700
v 0.3025 0.1875 -0.7700
v 0.3025 0.2250 -0.7700
v 0.3025 0.2625 -0.7700
v 0.3025 0.3000 -0.7700
v 0.3100 0.0000 -0.7700
v 0.3100 0.0375 -0.7700
v 0.3100 0.0750 -0.7700
v 0.3100 0.1125 -0.7700
v 0.3100 0.1500 -0.7700
v 0.3100 0.1875 -0.7700
v 0.3100 0.2250 -0.7700
v 0.3100 0.2625 -0.7700
v 0.3100 0.3000 -0.7700
v 0.3100 0.0000 -0.8300
v 0.3100 0.0375 -0.8300
v 0.3100 0.0750 -0.8300
v 0.3100 0.1125 -0.8300
v 0.3100 0.1500 -0.8300
v 0.3100 0.1875 -0.8300
v 0.3100 0.2250 -0.8300
v 0.3100 0.2625 -0.8300
v 0.3100 0.3000 -0.8300
v 0.3025 0.0000 -0.8300
v 0.3025 0.0375 -0.8300
v 0.3025 0.0750 -0.8300
v 0.3025 0.1125 -0.8300
v 0.3025 0.1500 -0.8300
v 0.3025 0.1875 -0.8300
v 0.3025 0.2250 -0.8300
v 0.3025 0.2625 -0.8300
v 0.3025 0.3000 -0.8300
v 0.2950 0.0000 -0.8300
v 0.2950 0.0375 -0.8300
v 0.2950 0.0750 -0.8300
v 0.2950 0.1125 -0.8300
v 0.2950 0.1500 -0.8300
v 0.2950 0.1875 -0.8300
v 0.2950 0.2250 -0.8300
v 0.2950 0.2625 -0.8300
v 0.2950 0.3000 -0.8300
v 0.2875 0.0000 -0.8300
v 0.2875 0.0375 -0.8300
v 0.2875 0.0750 -0.8300
v 0.2875 0.1125 -0.8300
v 0.2875 0.1500 -0.8300
v 0.2875 0.1875 -0.8300
v 0.2875 0.2250 -0.8300
v 0.2875 0.2625 -0.8300
v 0.2875 0.3000 -0.8300
v 0.2800 0.0000 -0.8300
v 0.2800 0.0375 -0.8300
v 0.2800 0.0750 -0.8300
v 0.2800 0.1125 -0.8300
v 0.2800 0.1500 -0.8300
v 0.2800 0.1875 -0.8300
v 0.2800 0.2250 -0.8300
v 0.2800 0.2625 -0.8300
v 0.2800 0.3000 -0.8300
v 0.2725 0.0000 -0.8300
v 0.2725 0.0375 -0.8300
v 0.2725 0.0750 -0.8300
v 0.2725 0.1125 -0.8300
v 0.2725 0.1500 -0.8300
v 0.2725 0.1875 -0.8300
v 0.2725 0.2250 -0.8300
v 0.2725 0.2625 -0.8300
v 0.2725 0.3000 -0.8300
v 0.2650 0.0000 -0.8300
v 0.2650 0.0375 -0.8300
v 0.2650 0.0750 -0.8300
v 0.2650 0.1125 -0.8300
v 0.2650 0.1500 -0.8300
v 0.2650 0.1875 -0.8300
v 0.2650 0.2250 -0.8300
v 0.2650 0.2625 -0.8300
v 0.2650 0.3000 -0.8300
v 0.2575 0.0000 -0.8300
v 0.2575 0.0375 -0.8300
v 0.2575 0.0750 -0.8300
v 0.2575 0.1125 -0.8300
v 0.2575 0.1500 -0.8300
v 0.2575 0.1875 -0.8300
v 0.2575 0.2250 -0.8300
v 0.2575 0.2625 -0.8300
v 0.2575 0.3000 -0.8300
v 0.2500 0.0000 -0.8300
v 0.2500 0.0375 -0.8300
v 0.2500 0.0750 -0.8300
v 0.2500 0.1125 -0.8300
v 0.2500 0.1500 -0.8300
v 0.2500 0.1875 -0.8300
v 0.2500 0.2250 -0.8300
v 0.2500 0.2625 -0.8300
v 0.2500 0.3000 -0.8300
v 0.2500 0.0000 -0.8300
v 0.2500 0.0375 -0.8300
v 0.2500 0.0750 -0.8300
v 0.2500 0.1125 -0.8300
v 0.2500 0.1500 -0.8300
v 0.2500 0.1875 -0.8300
v 0.2500 0.2250 -0.8300
v 0.2500 0.2625 -0.8300
v 0.2500 0.3000 -0.8300
v 0.2500 0.0000 -0.8225
v 0.2500 0.0375 -0.8225
v 0.2500 0.0750 -0.8225
v 0.2500 0.1125 -0.8225
v 0.2500 0.1500 -0.8225
v 0.2500 0.1875 -0.8225
v 0.2500 0.2250 -0.8225
v 0.2500 0.2625 -0.8225
v 0.2500 0.3000 -0.8225
v 0.2500 0.0000 -0.8150
v 0.2500 0.0375 -0.8150
v 0.2500 0.0750 -0.8150
v 0.2500 0.1125 -0.8150
v 0.2500 0.1500 -0.8150
v 0.2500 0.1875 -0.8150
v 0.2500 0.2250 -0.8150
v 0.2500 0.2625 -0.8150
v 0.2500 0.3000 -0.8150
v 0.2500 0.0000 -0.8075
v 0.2500 0.0375 -0.8075
v 0.2500 0.0750 -0.8075
v 0.2500 0.1125 -0.8075
v 0.2500 0.1500 -0.8075
v 0.2500 0.1875 -0.8075
v 0.2500 0.2250 -0.8075
v 0.2500 0.2625 -0.8075
v 0.2500 0.3000 -0.8075
v 0.2500 0.0000 -0.8000
v 0.2500 0.0375 -0.8000
v 0.2500 0.0750 -0.8000
v 0.2500 0.1125 -0.8000
v 0.2500 0.1500 -0.8000
v 0.2500 0.1875 -0.8000
v 0.2500 0.2250 -0.8000
v 0.2500 0.2625 -0.8000
v 0.2500 0.3000 -0.8000
v 0.2500 0.0000 -0.7925
v 0.2500 0.0375 -0.7925
v 0.2500 0.0750 -0.7925
v 0.2500 0.1125 -0.7925
v 0.2500 0.1500 -0.7925
v 0.2500 0.1875 -0.7925
v 0.2500 0.2250 -0.7925
v 0.2500 0.2625 -0.7925
v 0.2500 0.3000 -0.7925
v 0.2500 0.0000 -0.7850
v 0.2500 0.0375 -0.7850
v 0.2500 0.0750 -0.7850
v 0.2500 0.1125 -0.7850
v 0.2500 0.1500 -0.7850
v 0.2500 0.1875 -0.7850
v 0.2500 0.2250 -0.7850
v 0.2500 0.2625 -0.7850
v 0.2500 0.3000 -0.7850
v 0.2500 0.0000 -0.7775
v 0.2500 0.0375 -0.7775
v 0.2500 0.0750 -0.7775
v 0.2500 0.1125 -0.7775
v 0.2500 0.1500 -0.7775
v 0.2500 0.1875 -0.7775
v 0.2500 0.2250 -0.7775
v 0.2500 0.2625 -0.7775
v 0.2500 0.3000 -0.7775
v 0.2500 0.0000 -0.7700
v 0.2500 0.0375 -0.7700
v 0.2500 0.0750 -0.7700
v 0.2500 0.1125 -0.7700
v 0.2500 0.1500 -0.7700
v 0.2500 0.1875 -0.7700
v 0.2500 0.2250 -0.7700
v 0.2500 0.2625 -0.7700
v 0.2500 0.3000 -0.7700
v 0.3100 0.0000 -0.7700
v 0.3100 0.0375 -0.7700
v 0.3100 0.0750 -0.7700
v 0.3100 0.1125 -0.7700
v 0.3100 0.1500 -0.7700
v 0.3100 0.1875 -0.7700
v 0.3100 0.2250 -0.7700
v 0.3100 0.2625 -0.7700
v 0.3100 0.3000 -0.7700
v 0.3100 0.0000 -0.7775
v 0.3100 0.0375 -0.7775
v 0.3100 0.0750 -0.7775
v 0.3100 0.1125 -0.7775
v 0.3100 0.1500 -0.7775
v 0.3100 0.1875 -0.7775
v 0.3100 0.2250 -0.7775
v 0.3100 0.2625 -0.7775
v 0.3100 0.3000 -0.7775
v 0.3100 0.0000 -0.7850
v 0.3100 0.0375 -0.7850
v 0.3100 0.0750 -0.7850
v 0.3100 0.1125 -0.7850
v 0.3100 0.1500 -0.7850
v 0.3100 0.1875 -0.7850
v 0.3100 0.2250 -0.7850
v 0.3100 0.2625 -0.7850
v 0.3100 0.3000 -0.7850
v 0.3100 0.0000 -0.7925
v 0.3100 0.0375 -0.7925
v 0.3100 0.0750 -0.7925
v 0.3100 0.1125 -0.7925
v 0.3100 0.1500 -0.7925
v 0.3100 0.1875 -0.7925
v 0.3100 0.2250 -0.7925
v 0.3100 0.2625 -0.7925
v 0.3100 0.3000 -0.7925
v 0.3100 0.0000 -0.8000
v 0.3100 0.0375 -0.8000
v 0.3100 0.0750 -0.8000
v 0.3100 0.1125 -0.8000
v 0.3100 0.1500 -0.8000
v 0.3100 0.1875 -0.8000
v 0.3100 0.2250 -0.8000
v 0.3100 0.2625 -0.8000
v 0.3100 0.3000 -0.8000
v 0.3100 0.0000 -0.8075
v 0.3100 0.0375 -0.8075
v 0.3100 0.0750 -0.8075
v 0.3100 0.1125 -0.8075
v 0.3100 0.1500 -0.8075
v 0.3100 0.1875 -0.8075
v 0.3100 0.2250 -0.8075
v 0.3100 0.2625 -0.8075
v 0.3100 0.3000 -0.8075
v 0.3100 0.0000 -0.8150
v 0.3100 0.0375 -0.8150
v 0.3100 0.0750 -0.8150
v 0.3100 0.1125 -0.8150
v 0.3100 0.1500 -0.8150
v 0.3100 0.1875 -0.8150
v 0.3100 0.2250 -0.8150
v 0.3100 0.2625 -0.8150
v 0.3100 0.3000 -0.8150
v 0.3100 0.0000 -0.8225
v 0.3100 0.0375 -0.8225
v 0.3100 0.0750 -0.8225
v 0.3100 0.1125 -0.8225
v 0.3100 0.1500 -0.8225
v 0.3100 0.1875 -0.8225
v 0.3100 0.2250 -0.8225
v 0.3100 0.2625 -0.8225
v 0.3100 0.3000 -0.8225
v 0.3100 0.0000 -0.8300
v 0.3100 0.0375 -0.8300
v 0.3100 0.0750 -0.8300
v 0.3100 0.1125 -0.8300
v 0.3100 0.1500 -0.8300
v 0.3100 0.1875 -0.8300
v 0.3100 0.2250 -0.8300
v 0.3100 0.2625 -0.8300
v 0.3100 0.3000 -0.8300
v 0.2500 0.3000 -0.8300
v 0.2500 0.3000 -0.8225
v 0.2500 0.3000 -0.8150
v 0.2500 0.3000 -0.8075
v 0.2500 0.3000 -0.8000
v 0.2500 0.3000 -0.7925
v 0.2500 0.3000 -0.7850
v 0.2500 0.3000 -0.7775
v 0.2500 0.3000 -0.7700
v 0.2575 0.3000 -0.8300
v 0.2575 0.3000 -0.8225
v 0.2575 0.3000 -0.8150
v 0.2575 0.3000 -0.8075
v 0.2575 0.3000 -0.8000
v 0.2575 0.3000 -0.7925
v 0.2575 0.3000 -0.7850
v 0.2575 0.3000 -0.7775
v 0.2575 0.3000 -0.7700
v 0.2650 0.3000 -0.8300
v 0.2650 0.3000 -0.8225
v 0.2650 0.3000 -0.8150
v 0.2650 0.3000 -0.8075
v 0.2650 0.3000 -0.8000
v 0.2650 0.3000 -0.7925
v 0.2650 0.3000 -0.7850
v 0.2650 0.3000 -0.7775
v 0.2650 0.3000 -0.7700
v 0.2725 0.3000 -0.8300
v 0.2725 0.3000 -0.8225
v 0.2725 0.3000 -0.8150
v 0.2725 0.3000 -0.8075
v 0.2725 0.3000 -0.8000
v 0.2725 0.3000 -0.7925
v 0.2725 0.3000 -0.7850
v 0.2725 0.3000 -0.7775
v 0.2725 0.3000 -0.7700
v 0.2800 0.3000 -0.8300
v 0.2800 0.3000 -0.8225
v 0.2800 0.3000 -0.8150
v 0.2800 0.3000 -0.8075
v 0.2800 0.3000 -0.8000
v 0.2800 0.3000 -0.7925
v 0.2800 0.3000 -0.7850
v 0.2800 0.3000 -0.7775
v 0.2800 0.3000 -0.7700
v 0.2875 0.3000 -0.8300
v 0.2875 0.3000 -0.8225
v 0.2875 0.3000 -0.8150
v 0.2875 0.3000 -0.8075
v 0.2875 0.3000 -0.8000
v 0.2875 0.3000 -0.7925
v 0.2875 0.3000 -0.7850
v 0.2875 0.3000 -0.7775
v 0.2875 0.3000 -0.7700
v 0.2950 0.3000 -0.8300
v 0.2950 0.3000 -0.8225
v 0.2950 0.3000 -0.8150
v 0.2950 0.3000 -0.8075
v 0.2950 0.3000 -0.8000
v 0.2950 0.3000 -0.7925
v 0.2950 0.3000 -0.7850
v 0.2950 0.3000 -0.7775
v 0.2950 0.3000 -0.7700
v 0.3025 0.3000 -0.8300
v 0.3025 0.3000 -0.8225
v 0.3025 0.3000 -0.8150
v 0.3025 0.3000 -0.8075
v 0.3025 0.3000 -0.8000
v 0.3025 0.3000 -0.7925
v 0.3025 0.3000 -0.7850
v 0.3025 0.3000 -0.7775
v 0.3025 0.3000 -0.7700
v 0.3100 0.3000 -0.8300
v 0.3100 0.3000 -0.8225
v 0.3100 0.3000 -0.8150
v 0.3100 0.3000 -0.8075
v 0.3100 0.3000 -0.8000
v 0.3100 0.3000 -0.7925
v 0.3100 0.3000 -0.7850
v 0.3100 0.3000 -0.7775
v 0.3100 0.3000 -0.7700
v 0.2500 0.0000 -0.7700
v 0.2500 0.0000 -0.7775
v 0.2500 0.0000 -0.7850
v 0.2500 0.0000 -0.7925
v 0.2500 0.0000 -0.8000
v 0.2500 0.0000 -0.8075
v 0.2500 0.0000 -0.8150
v 0.2500 0.0000 -0.8225
v 0.2500 0.0000 -0.8300
v 0.2575 0.0000 -0.7700
v 0.2575 0.0000 -0.7775
v 0.2575 0.0000 -0.7850
v 0.2575 0.0000 -0.7925
v 0.2575 0.0000 -0.8000
v 0.2575 0.0000 -0.8075
v 0.2575 0.0000 -0.8150
v 0.2575 0.0000 -0.8225
v 0.2575 0.0000 -0.8300
v 0.2650 0.0000 -0.7700
v 0.2650 0.0000 -0.7775
v 0.2650 0.0000 -0.7850
v 0.2650 0.0000 -0.7925
v 0.2650 0.0000 -0.8000
v 0.2650 0.0000 -0.8075
v 0.2650 0.0000 -0.8150
v 0.2650 0.0000 -0.8225
v 0.2650 0.0000 -0.8300
v 0.2725 0.0000 -0.7700
v 0.2725 0.0000 -0.7775
v 0.2725 0.0000 -0.7850
v 0.2725 0.0000 -0.7925
v 0.2725 0.0000 -0.8000
v 0.2725 0.0000 -0.8075
v 0.2725 0.0000 -0.8150
v 0.2725 0.0000 -0.8225
v 0.2725 0.0000 -0.8300
v 0.2800 0.0000 -0.7700
v 0.2800 0.0000 -0.7775
v 0.2800 0.0000 -0.7850
v 0.2800 0.0000 -0.7925
v 0.2800 0.0000 -0.8000
v 0.2800 0.0000 -0.8075
v 0.2800 0.0000 -0.8150
v 0.2800 0.0000 -0.8225
v 0.2800 0.0000 -0.8300
v 0.2875 0.0000 -0.7700
v 0.2875 0.0000 -0.7775
v 0.2875 0.0000 -0.7850
v 0.2875 0.0000 -0.7925
v 0.2875 0.0000 -0.8000
v 0.2875 0.0000 -0.8075
v 0.2875 0.0000 -0.8150
v 0.2875 0.0000 -0.8225
v 0.2875 0.0000 -0.8300
v 0.2950 0.0000 -0.7700
v 0.2950 0.0000 -0.7775
v 0.2950 0.0000 -0.7850
v 0.2950 0.0000 -0.7925
v 0.2950 0.0000 -0.8000
v 0.2950 0.0000 -0.8075
v 0.2950 0.0000 -0.8150
v 0.2950 0.0000 -0.8225
v 0.2950 0.0000 -0.8300
v 0.3025 0.0000 -0.7700
v 0.3025 0.0000 -0.7775
v 0.3025 0.0000 -0.7850
v 0.3025 0.0000 -0.7925
v 0.3025 0.0000 -0.8000
v 0.3025 0.0000 -0.8075
v 0.3025 0.0000 -0.8150
v 0.3025 0.0000 -0.8225
v 0.3025 0.0000 -0.8300
v 0.3100 0.0000 -0.7700
v 0.3100 0.0000 -0.7775
v 0.3100 0.0000 -0.7850
v 0.3100 0.0000 -0.7925
v 0.3100 0.0000 -0.8000
v 0.3100 0.0000 -0.8075
v 0.3100 0.0000 -0.8150
v 0.3100 0.0000 -0.8225
v 0.3100 0.0000 -0.8300
v -0.3100 0.0000 0.8300
v -0.3100 0.0375 0.8300
v -0.3100 0.0750 0.8300
v -0.3100 0.1125 0.8300
v -0.3100 0.1500 0.8300
v -0.3100 0.1875 0.8300
v -0.3100 0.2250 0.8300
v -0.3100 0.2625 0.8300
v -0.3100 0.3000 0.8300
v -0.3025 0.0000 0.8300
v -0.3025 0.0375 0.8300
v -0.3025 0.0750 0.8300
v -0.3025 0.1125 0.8300
v -0.3025 0.1500 0.8300
v -0.3025 0.1875 0.8300
v -0.3025 0.2250 0.8300
v -0.3025 0.2625 0.8300
v -0.3025 0.3000 0.8300
v -0.2950 0.0000 0.8300
v -0.2950 0.0375 0.8300
v -0.2950 0.0750 0.8300
v -0.2950 0.1125 0.8300
v -0.2950 0.1500 0.8300
v -0.2950 0.1875 0.8300
v -0.2950 0.2250 0.8300
v -0.2950 0.2625 0.8300
v -0.2950 0.3000 0.8300
v -0.2875 0.0000 0.8300
v -0.2875 0.0375 0.8300
v -0.2875 0.0750 0.8300
v -0.2875 0.1125 0.8300
v -0.2875 0.1500 0.8300
v -0.2875 0.1875 0.8300
v -0.2875 0.2250 0.8300
v -0.2875 0.2625 0.8300
v -0.2875 0.3000 0.8300
v -0.2800 0.0000 0.8300
v -0.2800 0.0375 0.8300
v -0.2800 0.0750 0.8300
v -0.2800 0.1125 0.8300
v -0.2800 0.1500 0.8300
v -0.2800 0.1875 0.8300
v -0.2800 0.2250 0.8300
v -0.2800 0.2625 0.8300
v -0.2800 0.3000 0.8300
v -0.2725 0.0000 0.8300
v -0.2725 0.0375 0.8300
v -0.2725 0.0750 0.8300
v -0.2725 0.1125 0.8300
v -0.2725 0.1500 0.8300
v -0.2725 0.1875 0.8300
v -0.2725 0.2250 0.8300
v -0.2725 0.2625 0.8300
v -0.2725 0.3000 0.8300
v -0.2650 0.0000 0.8300
v -0.2650 0.0375 0.8300
v -0.2650 0.0750 0.8300
v -0.2650 0.1125 0.8300
v -0.2650 0.1500 0.8300
v -0.2650 0.1875 0.8300
v -0.2650 0.2250 0.8300
v -0.2650 0.2625 0.8300
v -0.2650 0.3000 0.8300
v -0.2575 0.0000 0.8300
v -0.2575 0.0375 0.8300
v -0.2575 0.0750 0.8300
v -0.2575 0.1125 0.8300
v -0.2575 0.1500 0.8300
v -0.2575 0.1875 0.8300
v -0.2575 0.2250 0.8300
v -0.2575 0.2625 0.8300
v -0.2575 0.3000 0.8300
v -0.2500 0.0000 0.8300
v -0.2500 0.0375 0.8300
v -0.2500 0.0750 0.8300
v -0.2500 0.1125 0.8300
v -0.2500 0.1500 0.8300
v -0.2500 0.1875 0.8300
v -0.2500 0.2250 0.8300
v -0.2500 0.2625 0.8300
v -0.2500 0.3000 0.8300
v -0.2500 0.0000 0.7700
v -0.2500 0.0375 0.7700
v -0.2500 0.0750 0.7700
v -0.2500 0.1125 0.7700
v -0.2500 0.1500 0.7700
v -0.2500 0.1875 0.7700
v -0.2500 0.2250 0.7700
v -0.2500 0.2625 0.7700
v -0.2500 0.3000 0.7700
v -0.2575 0.0000 0.7700
v -0.2575 0.0375 0.7700
v -0.2575 0.0750 0.7700
v -0.2575 0.1125 0.7700
v -0.2575 0.1500 0.7700
v -0.2575 0.1875 0.7700
v -0.2575 0.2250 0.7700
v -0.2575 0.2625 0.7700
v -0.2575 0.3000 0.7700
v -0.2650 0.0000 0.7700
v -0.2650 0.0375 0.7700
v -0.2650 0.0750 0.7700
v -0.2650 0.1125 0.7700
v -0.2650 0.1500 0.7700
v -0.2650 0.1875 0.7700
v -0.2650 0.2250 0.7700
v -0.2650 0.2625 0.7700
v -0.2650 0.3000 0.7700
v -0.2725 0.0000 0.7700
v -0.2725 0.0375 0.7700
v -0.2725 0.0750 0.7700
v -0.2725 0.1125 0.7700
v -0.2725 0.1500 0.7700
v -0.2725 0.1875 0.7700
v -0.2725 0.2250 0.7700
v -0.2725 0.2625 0.7700
v -0.2725 0.3000 0.7700
v -0.2800 0.0000 0.7700
v -0.2800 0.0375 0.7700
v -0.2800 0.0750 0.7700
v -0.2800 0.1125 0.7700
v -0.2800 0.1500 0.7700
v -0.2800 0.1875 0.7700
v -0.2800 0.2250 0.7700
v -0.2800 0.2625 0.7700
v -0.2800 0.3000 0.7700
v -0.2875 0.0000 0.7700
v -0.2875 0.0375 0.7700
v -0.2875 0.0750 0.7700
v -0.2875 0.1125 0.7700
v -0.2875 0.1500 0.7700
v -0.2875 0.1875 0.7700
v -0.2875 0.2250 0.7700
v -0.2875 0.2625 0.7700
v -0.2875 0.3000 0.7700
v -0.2950 0.0000 0.7700
v -0.2950 0.0375 0.7700
v -0.2950 0.0750 0.7700
v -0.2950 0.1125 0.7700
v -0.2950 0.1500 0.7700
v -0.2950 0.1875 0.7700
v -0.2950 0.2250 0.7700
v -0.2950 0.2625 0.7700
v -0.2950 0.3000 0.7700
v -0.3025 0.0000 0.7700
v -0.3025 0.0375 0.7700
v -0.3025 0.0750 0.7700
v -0.3025 0.1125 0.7700
v -0.3025 0.1500 0.7700
v -0.3025 0.1875 0.7700
v -0.3025 0.2250 0.7700
v -0.3025 0.2625 0.7700
v -0.3025 0.3000 0.7700
v -0.3100 0.0000 0.7700
v -0.3100 0.0375 0.7700
v -0.3100 0.0750 0.7700
v -0.3100 0.1125 0.7700
v -0.3100 0.1500 0.7700
v -0.3100 0.1875 0.7700
v -0.3100 0.2250 0.7700
v -0.3100 0.2625 0.7700
v -0.3100 0.3000 0.7700
v -0.3100 0.0000 0.7700
v -0.3100 0.0375 0.7700
v -0.3100 0.0750 0.7700
v -0.3100 0.1125 0.7700
v -0.3100 0.1500 0.7700
v -0.3100 0.1875 0.7700
v -0.3100 0.2250 0.7700
v -0.3100 0.2625 0.7700
v -0.3100 0.3000 0.7700
v -0.3100 0.0000 0.7775
v -0.3100 0.0375 0.7775
v -0.3100 0.0750 0.7775
v -0.3100 0.1125 0.7775
v -0.3100 0.1500 0.7775
v -0.3100 0.1875 0.7775
v -0.3100 0.2250 0.7775
v -0.3100 0.2625 0.7775
v -0.3100 0.3000 0.7775
v -0.3100 0.0000 0.7850
v -0.3100 0.0375 0.7850
v -0.3100 0.0750 0.7850
v -0.3100 0.1125 0.7850
v -0.3100 0.1500 0.7850
v -0.3100 0.1875 0.7850
v -0.3100 0.2250 0.7850
v -0.3100 0.2625 0.7850
v -0.3100 0.3000 0.7850
v -0.3100 0.0000 0.7925
v -0.3100 0.0375 0.7925
v -0.3100 0.0750 0.7925
v -0.3100 0.1125 0.7925
v -0.3100 0.1500 0.7925
v -0.3100 0.1875 0.7925
v -0.3100 0.2250 0.7925
v -0.3100 0.2625 0.7925
v -0.3100 0.3000 0.7925
v -0.3100 0.0000 0.8000
v -0.3100 0.0375 0.8000
v -0.3100 0.0750 0.8000
v -0.3100 0.1125 0.8000
v -0.3100 0.1500 0.8000
v -0.3100 0.1875 0.8000
v -0.3100 0.2250 0.8000
v -0.3100 0.2625 0.8000
v -0.3100 0.3000 0.8000
v -0.3100 0.0000 0.8075
v -0.3100 0.0375 0.8075
v -0.3100 0.0750 0.8075
v -0.3100 0.1125 0.8075
v -0.3100 0.1500 0.8075
v -0.3100 0.1875 0.8075
v -0.3100 0.2250 0.8075
v -0.3100 0.2625 0.8075
v -0.3100 0.3000 0.8075
v -0.3100 0.0000 0.8150
v -0.3100 0.0375 0.8150
v -0.3100 0.0750 0.8150
v -0.3100 0.1125 0.8150
v -0.3100 0.1500 0.8150
v -0.3100 0.1875 0.8150
v -0.3100 0.2250 0.8150
v -0.3100 0.2625 0.8150
v -0.3100 0.3000 0.8150
v -0.3100 0.0000 0.8225
v -0.3100 0.0375 0.8225
v -0.3100 0.0750 0.8225
v -0.3100 0.1125 0.8225
v -0.3100 0.1500 0.8225
v -0.3100 0.1875 0.8225
v -0.3100 0.2250 0.8225
v -0.3100 0.2625 0.8225
v -0.3100 0.3000 0.8225
v -0.3100 0.0000 0.8300
v -0.3100 0.0375 0.8300
v -0.3100 0.0750 0.8300
v -0.3100 0.1125 0.8300
v -0.3100 0.1500 0.8300
v -0.3100 0.1875 0.8300
v -0.3100 0.2250 0.8300
v -0.3100 0.2625 0.8300
v -0.3100 0.3000 0.8300
v -0.2500 0.0000 0.8300
v -0.2500 0.0375 0.8300
v -0.2500 0.0750 0.8300
v -0.2500 0.1125 0.8300
v -0.2500 0.1500 0.8300
v -0.2500 0.1875 0.8300
v -0.2500 0.2250 0.8300
v -0.2500 0.2625 0.8300
v -0.2500 0.3000 0.8300
v -0.2500 0.0000 0.8225
v -0.2500 0.0375 0.8225
v -0.2500 0.0750 0.8225
v -0.2500 0.1125 0.8225
v -0.2500 0.1500 0.8225
v -0.2500 0.1875 0.8225
v -0.2500 0.2250 0.8225
v -0.2500 0.2625 0.8225
v -0.2500 0.3000 0.8225
v -0.2500 0.0000 0.8150
v -0.2500 0.0375 0.8150
v -0.2500 0.0750 0.8150
v -0.2500 0.1125 0.8150
v -0.2500 0.1500 0.8150
v -0.2500 0.1875 0.8150
v -0.2500 0.2250 0.8150
v -0.2500 0.2625 0.8150
v -0.2500 0.3000 0.8150
v -0.2500 0.0000 0.8075
v -0.2500 0.0375 0.8075
v -0.2500 0.0750 0.8075
v -0.2500 0.1125 0.8075
v -0.2500 0.1500 0.8075
v -0.2500 0.1875 0.8075
v -0.2500 0.2250 0.8075
v -0.2500 0.2625 0.8075
v -0.2500 0.3000 0.8075
v -0.2500 0.0000 0.8000
v -0.2500 0.0375 0.8000
v -0.2500 0.0750 0.8000
v -0.2500 0.1125 0.8000
v -0.2500 0.1500 0.8000
v -0.2500 0.1875 0.8000
v -0.2500 0.2250 0.8000
v -0.2500 0.2625 0.8000
v -0.2500 0.3000 0.8000
v -0.2500 0.0000 0.7925
v -0.2500 0.0375 0.7925
v -0.2500 0.0750 0.7925
v -0.2500 0.1125 0.7925
v -0.2500 0.1500 0.7925
v -0.2500 0.1875 0.7925
v -0.2500 0.2250 0.7925
v -0.2500 0.2625 0.7925
v -0.2500 0.3000 0.7925
v -0.2500 0.0000 0.7850
v -0.2500 0.0375 0.7850
v -0.2500 0.0750 0.7850
v -0.2500 0.1125 0.7850
v -0.2500 0.1500 0.7850
v -0.2500 0.1875 0.7850
v -0.2500 0.2250 0.7850
v -0.2500 0.2625 0.7850
v -0.2500 0.3000 0.7850
v -0.2500 0.0000 0.7775
v -0.2500 0.0375 0.7775
v -0.2500 0.0750 0.7775
v -0.2500 0.1125 0.7775
v -0.2500 0.1500 0.7775
v -0.2500 0.1875 0.7775
v -0.2500 0.2250 0.7775
v -0.2500 0.2625 0.7775
v -0.2500 0.3000 0.7775
v -0.2500 0.0000 0.7700
v -0.2500 0.0375 0.7700
v -0.2500 0.0750 0.7700
v -0.2500 0.1125 0.7700
v -0.2500 0.1500 0.7700
v -0.2500 0.1875 0.7700
v -0.2500 0.2250 0.7700
v -0.2500 0.2625 0.7700
v -0.2500 0.3000 0.7700
v -0.3100 0.3000 0.7700
v -0.3100 0.3000 0.7775
v -0.3100 0.3000 0.7850
v -0.3100 0.3000 0.7925
v -0.3100 0.3000 0.8000
v -0.3100 0.3000 0.8075
v -0.3100 0.3000 0.8150
v -0.3100 0.3000 0.8225
v -0.3100 0.3000 0.8300
v -0.3025 0.3000 0.7700
v -0.3025 0.3000 0.7775
v -0.3025 0.3000 0.7850
v -0.3025 0.3000 0.7925
v -0.3025 0.3000 0.8000
v -0.3025 0.3000 0.8075
v -0.3025 0.3000 0.8150
v -0.3025 0.3000 0.8225
v -0.3025 0.3000 0.8300
v -0.2950 0.3000 0.7700
v -0.2950 0.3000 0.7775
v -0.2950 0.3000 0.7850
v -0.2950 0.3000 0.7925
v -0.2950 0.3000 0.8000
v -0.2950 0.3000 0.8075
v -0.2950 0.3000 0.8150
v -0.2950 0.3000 0.8225
v -0.2950 0.3000 0.8300
v -0.2875 0.3000 0.7700
v -0.2875 0.3000 0.7775
v -0.2875 0.3000 0.7850
v -0.2875 0.3000 0.7925
v -0.2875 0.3000 0.8000
v -0.2875 0.3000 0.8075
v -0.2875 0.3000 0.8150
v -0.2875 0.3000 0.8225
v -0.2875 0.3000 0.8300
v -0.2800 0.3000 0.7700
v -0.2800 0.3000 0.7775
v -0.2800 0.3000 0.7850
v -0.2800 0.3000 0.7925
v -0.2800 0.3000 0.8000
v -0.2800 0.3000 0.8075
v -0.2800 0.3000 0.8150
v -0.2800 0.3000 0.8225
v -0.2800 0.3000 0.8300
v -0.2725 0.3000 0.7700
v -0.2725 0.3000 0.7775
v -0.2725 0.3000 0.7850
v -0.2725 0.3000 0.7925
v -0.2725 0.3000 0.8000
v -0.2725 0.3000 0.8075
v -0.2725 0.3000 0.8150
v -0.2725 0.3000 0.8225
v -0.2725 0.3000 0.8300
v -0.2650 0.3000 0.7700
v -0.2650 0.3000 0.7775
v -0.2650 0.3000 0.7850
v -0.2650 0.3000 0.7925
v -0.2650 0.3000 0.8000
v -0.2650 0.3000 0.8075
v -0.2650 0.3000 0.8150
v -0.2650 0.3000 0.8225
v -0.2650 0.3000 0.8300
v -0.2575 0.3000 0.7700
v -0.2575 0.3000 0.7775
v -0.2575 0.3000 0.7850
v -0.2575 0.3000 0.7925
v -0.2575 0.3000 0.8000
v -0.2575 0.3000 0.8075
v -0.2575 0.3000 0.8150
v -0.2575 0.3000 0.8225
v -0.2575 0.3000 0.8300
v -0.2500 0.3000 0.7700
v -0.2500 0.3000 0.7775
v -0.2500 0.3000 0.7850
v -0.2500 0.3000 0.7925
v -0.2500 0.3000 0.8000
v -0.2500 0.3000 0.8075
v -0.2500 0.3000 0.8150
v -0.2500 0.3000 0.8225
v -0.2500 0.3000 0.8300
v -0.3100 0.0000 0.8300
v -0.3100 0.0000 0.8225
v -0.3100 0.0000 0.8150
v -0.3100 0.0000 0.8075
v -0.3100 0.0000 0.8000
v -0.3100 0.0000 0.7925
v -0.3100 0.0000 0.7850
v -0.3100 0.0000 0.7775
v -0.3100 0.0000 0.7700
v -0.3025 0.0000 0.8300
v -0.3025 0.0000 0.8225
v -0.3025 0.0000 0.8150
v -0.3025 0.0000 0.8075
v -0.3025 0.0000 0.8000
v -0.3025 0.0000 0.7925
v -0.3025 0.0000 0.7850
v -0.3025 0.0000 0.7775
v -0.3025 0.0000 0.7700
v -0.2950 0.0000 0.8300
v -0.2950 0.0000 0.8225
v -0.2950 0.0000 0.8150
v -0.2950 0.0000 0.8075
v -0.2950 0.0000 0.8000
v -0.2950 0.0000 0.7925
v -0.2950 0.0000 0.7850
v -0.2950 0.0000 0.7775
v -0.2950 0.0000 0.7700
v -0.2875 0.0000 0.8300
v -0.2875 0.0000 0.8225
v -0.2875 0.0000 0.8150
v -0.2875 0.0000 0.8075
v -0.2875 0.0000 0.8000
v -0.2875 0.0000 0.7925
v -0.2875 0.0000 0.7850
v -0.2875 0.0000 0.7775
v -0.2875 0.0000 0.7700
v -0.2800 0.0000 0.8300
v -0.2800 0.0000 0.8225
v -0.2800 0.0000 0.8150
v -0.2800 0.0000 0.8075
v -0.2800 0.0000 0.8000
v -0.2800 0.0000 0.7925
v -0.2800 0.0000 0.7850
v -0.2800 0.0000 0.7775
v -0.2800 0.0000 0.7700
v -0.2725 0.0000 0.8300
v -0.2725 0.0000 0.8225
v -0.2725 0.0000 0.8150
v -0.2725 0.0000 0.8075
v -0.2725 0.0000 0.8000
v -0.2725 0.0000 0.7925
v -0.2725 0.0000 0.7850
v -0.2725 0.0000 0.7775
v -0.2725 0.0000 0.7700
v -0.2650 0.0000 0.8300
v -0.2650 0.0000 0.8225
v -0.2650 0.0000 0.8150
v -0.2650 0.0000 0.8075
v -0.2650 0.0000 0.8000
v -0.2650 0.0000 0.7925
v -0.2650 0.0000 0.7850
v -0.2650 0.0000 0.7775
v -0.2650 0.0000 0.7700
v -0.2575 0.0000 0.8300
v -0.2575 0.0000 0.8225
v -0.2575 0.0000 0.8150
v -0.2575 0.0000 0.8075
v -0.2575 0.0000 0.8000
v -0.2575 0.0000 0.7925
v -0.2575 0.0000 0.7850
v -0.2575 0.0000 0.7775
v -0.2575 0.0000 0.7700
v -0.2500 0.0000 0.8300
v -0.2500 0.0000 0.8225
v -0.2500 0.0000 0.8150
v -0.2500 0.0000 0.8075
v -0.2500 0.0000 0.8000
v -0.2500 0.0000 0.7925
v -0.2500 0.0000 0.7850
v -0.2500 0.0000 0.7775
v -0.2500 0.0000 0.7700
v 0.2500 0.0000 0.8300
v 0.2500 0.0375 0.8300
v 0.2500 0.0750 0.8300
v 0.2500 0.1125 0.8300
v 0.2500 0.1500 0.8300
v 0.2500 0.1875 0.8300
v 0.2500 0.2250 0.8300
v 0.2500 0.2625 0.8300
v 0.2500 0.3000 0.8300
v 0.2575 0.0000 0.8300
v 0.2575 0.0375 0.8300
v 0.2575 0.0750 0.8300
v 0.2575 0.1125 0.8300
v 0.2575 0.1500 0.8300
v 0.2575 0.1875 0.8300
v 0.2575 0.2250 0.8300
v 0.2575 0.2625 0.8300
v 0.2575 0.3000 0.8300
v 0.2650 0.0000 0.8300
v 0.2650 0.0375 0.8300
v 0.2650 0.0750 0.8300
v 0.2650 0.1125 0.8300
v 0.2650 0.1500 0.8300
v 0.2650 0.1875 0.8300
v 0.2650 0.2250 0.8300
v 0.2650 0.2625 0.8300
v 0.2650 0.3000 0.8300
v 0.2725 0.0000 0.8300
v 0.2725 0.0375 0.8300
v 0.2725 0.0750 0.8300
v 0.2725 0.1125 0.8300
v 0.2725 0.1500 0.8300
v 0.2725 0.1875 0.8300
v 0.2725 0.2250 0.8300
v 0.2725 0.2625 0.8300
v 0.2725 0.3000 0.8300
v 0.2800 0.0000 0.8300
v 0.2800 0.0375 0.8300
v 0.2800 0.0750 0.8300
v 0.2800 0.1125 0.8300
v 0.2800 0.1500 0.8300
v 0.2800 0.1875 0.8300
v 0.2800 0.2250 0.8300
v 0.2800 0.2625 0.8300
v 0.2800 0.3000 0.8300
v 0.2875 0.0000 0.8300
v 0.2875 0.0375 0.8300
v 0.2875 0.0750 0.8300
v 0.2875 0.1125 0.8300
v 0.2875 0.1500 0.8300
v 0.2875 0.1875 0.8300
v 0.2875 0.2250 0.8300
v 0.2875 0.2625 0.8300
v 0.2875 0.3000 0.8300
v 0.2950 0.0000 0.8300
v 0.2950 0.0375 0.8300
v 0.2950 0.0750 0.8300
v 0.2950 0.1125 0.8300
v 0.2950 0.1500 0.8300
v 0.2950 0.1875 0.8300
v 0.2950 0.2250 0.8300
v 0.2950 0.2625 0.8300
v 0.2950 0.3000 0.8300
v 0.3025 0.0000 0.8300
v 0.3025 0.0375 0.8300
v 0.3025 0.0750 0.8300
v 0.3025 0.1125 0.8300
v 0.3025 0.1500 0.8300
v 0.3025 0.1875 0.8300
v 0.3025 0.2250 0.8300
v 0.3025 0.2625 0.8300
v 0.3025 0.3000 0.8300
v 0.3100 0.0000 0.8300
v 0.3100 0.0375 0.8300
v 0.3100 0.0750 0.8300
v 0.3100 0.1125 0.8300
v 0.3100 0.1500 0.8300
v 0.3100 0.1875 0.8300
v 0.3100 0.2250 0.8300
v 0.3100 0.2625 0.8300
v 0.3100 0.3000 0.8300
v 0.3100 0.0000 0.7700
v 0.3100 0.0375 0.7700
v 0.3100 0.0750 0.7700
v 0.3100 0.1125 0.7700
v 0.3100 0.1500 0.7700
v 0.3100 0.1875 0.7700
v 0.3100 0.2250 0.7700
v 0.3100 0.2625 0.7700
v 0.3100 0.3000 0.7700
v 0.3025 0.0000 0.7700
v 0.3025 0.0375 0.7700
v 0.3025 0.0750 0.7700
v 0.3025 0.1125 0.7700
v 0.3025 0.1500 0.7700
v 0.3025 0.1875 0.7700
v 0.3025 0.2250 0.7700
v 0.3025 0.2625 0.7700
v 0.3025 0.3000 0.7700
v 0.2950 0.0000 0.7700
v 0.2950 0.0375 0.7700
v 0.2950 0.0750 0.7700
v 0.2950 0.1125 0.7700
v 0.2950 0.1500 0.7700
v 0.2950 0.1875 0.7700
v 0.2950 0.2250 0.7700
v 0.2950 0.2625 0.7700
v 0.2950 0.3000 0.7700
v 0.2875 0.0000 0.7700
v 0.2875 0.0375 0.7700
v 0.2875 0.0750 0.7700
v 0.2875 0.1125 0.7700
v 0.2875 0.1500 0.7700
v 0.2875 0.1875 0.7700
v 0.2875 0.2250 0.7700
v 0.2875 0.2625 0.7700
v 0.2875 0.3000 0.7700
v 0.2800 0.0000 0.7700
v 0.2800 0.0375 0.7700
v 0.2800 0.0750 0.7700
v 0.2800 0.1125 0.7700
v 0.2800 0.1500 0.7700
v 0.2800 0.1875 0.7700
v 0.2800 0.2250 0.7700
v 0.2800 0.2625 0.7700
v 0.2800 0.3000 0.7700
v 0.2725 0.0000 0.7700
v 0.2725 0.0375 0.7700
v 0.2725 0.0750 0.7700
v 0.2725 0.1125 0.7700
v 0.2725 0.1500 0.7700
v 0.2725 0.1875 0.7700
v 0.2725 0.2250 0.7700
v 0.2725 0.2625 0.7700
v 0.2725 0.3000 0.7700
v 0.2650 0.0000 0.7700
v 0.2650 0.0375 0.7700
v 0.2650 0.0750 0.7700
v 0.2650 0.1125 0.7700
v 0.2650 0.1500 0.7700
v 0.2650 0.1875 0.7700
v 0.2650 0.2250 0.7700
v 0.2650 0.2625 0.7700
v 0.2650 0.3000 0.7700
v 0.2575 0.0000 0.7700
v 0.2575 0.0375 0.7700
v 0.2575 0.0750 0.7700
v 0.2575 0.1125 0.7700
v 0.2575 0.1500 0.7700
v 0.2575 0.1875 0.7700
v 0.2575 0.2250 0.7700
v 0.2575 0.2625 0.7700
v 0.2575 0.3000 0.7700
v 0.2500 0.0000 0.7700
v 0.2500 0.0375 0.7700
v 0.2500 0.0750 0.7700
v 0.2500 0.1125 0.7700
v 0.2500 0.1500 0.7700
v 0.2500 0.1875 0.7700
v 0.2500 0.2250 0.7700
v 0.2500 0.2625 0.7700
v 0.2500 0.3000 0.7700
v 0.2500 0.0000 0.7700
v 0.2500 0.0375 0.7700
v 0.2500 0.0750 0.7700
v 0.2500 0.1125 0.7700
v 0.2500 0.1500 0.7700
v 0.2500 0.1875 0.7700
v 0.2500 0.2250 0.7700
v 0.2500 0.2625 0.7700
v 0.2500 0.3000 0.7700
v 0.2500 0.0000 0.7775
v 0.2500 0.0375 0.7775
v 0.2500 0.0750 0.7775
v 0.2500 0.1125 0.7775
v 0.2500 0.1500 0.7775
v 0.2500 0.1875 0.7775
v 0.2500 0.2250 0.7775
v 0.2500 0.2625 0.7775
v 0.2500 0.3000 0.7775
v 0.2500 0.0000 0.7850
v 0.2500 0.0375 0.7850
v 0.2500 0.0750 0.7850
v 0.2500 0.1125 0.7850
v 0.2500 0.1500 0.7850
v 0.2500 0.1875 0.7850
v 0.2500 0.2250 0.7850
v 0.2500 0.2625 0.7850
v 0.2500 0.3000 0.7850
v 0.2500 0.0000 0.7925
v 0.2500 0.0375 0.7925
v 0.2500 0.0750 0.7925
v 0.2500 0.1125 0.7925
v 0.2500 0.1500 0.7925
v 0.2500 0.1875 0.7925
v 0.2500 0.2250 0.7925
v 0.2500 0.2625 0.7925
v 0.2500 0.3000 0.7925
v 0.2500 0.0000 0.8000
v 0.2500 0.0375 0.8000
v 0.2500 0.0750 0.8000
v 0.2500 0.1125 0.8000
v 0.2500 0.1500 0.8000
v 0.2500 0.1875 0.8000
v 0.2500 0.2250 0.8000
v 0.2500 0.2625 0.8000
v 0.2500 0.3000 0.8000
v 0.2500 0.0000 0.8075
v 0.2500 0.0375 0.8075
v 0.2500 0.0750 0.8075
v 0.2500 0.1125 0.8075
v 0.2500 0.1500 0.8075
v 0.2500 0.1875 0.8075
v 0.2500 0.2250 0.8075
v 0.2500 0.2625 0.8075
v 0.2500 0.3000 0.8075
v 0.2500 0.0000 0.8150
v 0.2500 0.0375 0.8150
v 0.2500 0.0750 0.8150
v 0.2500 0.1125 0.8150
v 0.2500 0.1500 0.8150
v 0.2500 0.1875 0.8150
v 0.2500 0.2250 0.8150
v 0.2500 0.2625 0.8150
v 0.2500 0.3000 0.8150
v 0.2500 0.0000 0.8225
v 0.2500 0.0375 0.8225
v 0.2500 0.0750 0.8225
v 0.2500 0.1125 0.8225
v 0.2500 0.1500 0.8225
v 0.2500 0.1875 0.8225
v 0.2500 0.2250 0.8225
v 0.2500 0.2625 0.8225
v 0.2500 0.3000 0.8225
v 0.2500 0.0000 0.8300
v 0.2500 0.0375 0.8300
v 0.2500 0.0750 0.8300
v 0.2500 0.1125 0.8300
v 0.2500 0.1500 0.8300
v 0.2500 0.1875 0.8300
v 0.2500 0.2250 0.8300
v 0.2500 0.2625 0.8300
v 0.2500 0.3000 0.8300
v 0.3100 0.0000 0.8300
v 0.3100 0.0375 0.8300
v 0.3100 0.0750 0.8300
v 0.3100 0.1125 0.8300
v 0.3100 0.1500 0.8300
v 0.3100 0.1875 0.8300
v 0.3100 0.2250 0.8300
v 0.3100 0.2625 0.8300
v 0.3100 0.3000 0.8300
v 0.3100 0.0000 0.8225
v 0.3100 0.0375 0.8225
v 0.3100 0.0750 0.8225
v 0.3100 0.1125 0.8225
v 0.3100 0.1500 0.8225
v 0.3100 0.1875 0.8225
v 0.3100 0.2250 0.8225
v 0.3100 0.2625 0.8225
v 0.3100 0.3000 0.8225
v 0.3100 0.0000 0.8150
v 0.3100 0.0375 0.8150
v 0.3100 0.0750 0.8150
v 0.3100 0.1125 0.8150
v 0.3100 0.1500 0.8150
v 0.3100 0.1875 0.8150
v 0.3100 0.2250 0.8150
v 0.3100 0.2625 0.8150
v 0.3100 0.3000 0.8150
v 0.3100 0.0000 0.8075
v 0.3100 0.0375 0.8075
v 0.3100 0.0750 0.8075
v 0.3100 0.1125 0.8075
v 0.3100 0.1500 0.8075
v 0.3100 0.1875 0.8075
v 0.3100 0.2250 0.8075
v 0.3100 0.2625 0.8075
v 0.3100 0.3000 0.8075
v 0.3100 0.0000 0.8000
v 0.3100 0.0375 0.8000
v 0.3100 0.0750 0.8000
v 0.3100 0.1125 0.8000
v 0.3100 0.1500 0.8000
v 0.3100 0.1875 0.8000
v 0.3100 0.2250 0.8000
v 0.3100 0.2625 0.8000
v 0.3100 0.3000 0.8000
v 0.3100 0.0000 0.7925
v 0.3100 0.0375 0.7925
v 0.3100 0.0750 0.7925
v 0.3100 0.1125 0.7925
v 0.3100 0.1500 0.7925
v 0.3100 0.1875 0.7925
v 0.3100 0.2250 0.7925
v 0.3100 0.2625 0.7925
v 0.3100 0.3000 0.7925
v 0.3100 0.0000 0.7850
v 0.3100 0.0375 0.7850
v 0.3100 0.0750 0.7850
v 0.3100 0.1125 0.7850
v 0.3100 0.1500 0.7850
v 0.3100 0.1875 0.7850
v 0.3100 0.2250 0.7850
v 0.3100 0.2625 0.7850
v 0.3100 0.3000 0.7850
v 0.3100 0.0000 0.7775
v 0.3100 0.0375 0.7775
v 0.3100 0.0750 0.7775
v 0.3100 0.1125 0.7775
v 0.3100 0.1500 0.7775
v 0.3100 0.1875 0.7775
v 0.3100 0.2250 0.7775
v 0.3100 0.2625 0.7775
v 0.3100 0.3000 0.7775
v 0.3100 0.0000 0.7700
v 0.3100 0.0375 0.7700
v 0.3100 0.0750 0.7700
v 0.3100 0.1125 0.7700
v 0.3100 0.1500 0.7700
v 0.3100 0.1875 0.7700
v 0.3100 0.2250 0.7700
v 0.3100 0.2625 0.7700
v 0.3100 0.3000 0.7700
v 0.2500 0.3000 0.7700
v 0.2500 0.3000 0.7775
v 0.2500 0.3000 0.7850
v 0.2500 0.3000 0.7925
v 0.2500 0.3000 0.8000
v 0.2500 0.3000 0.8075
v 0.2500 0.3000 0.8150
v 0.2500 0.3000 0.8225
v 0.2500 0.3000 0.8300
v 0.2575 0.3000 0.7700
v 0.2575 0.3000 0.7775
v 0.2575 0.3000 0.7850
v 0.2575 0.3000 0.7925
v 0.2575 0.3000 0.8000
v 0.2575 0.3000 0.8075
v 0.2575 0.3000 0.8150
v 0.2575 0.3000 0.8225
v 0.2575 0.3000 0.8300
v 0.2650 0.3000 0.7700
v 0.2650 0.3000 0.7775
v 0.2650 0.3000 0.7850
v 0.2650 0.3000 0.7925
v 0.2650 0.3000 0.8000
v 0.2650 0.3000 0.8075
v 0.2650 0.3000 0.8150
v 0.2650 0.3000 0.8225
v 0.2650 0.3000 0.8300
v 0.2725 0.3000 0.7700
v 0.2725 0.3000 0.7775
v 0.2725 0.3000 0.7850
v 0.2725 0.3000 0.7925
v 0.2725 0.3000 0.8000
v 0.2725 0.3000 0.8075
v 0.2725 0.3000 0.8150
v 0.2725 0.3000 0.8225
v 0.2725 0.3000 0.8300
v 0.2800 0.3000 0.7700
v 0.2800 0.3000 0.7775
v 0.2800 0.3000 0.7850
v 0.2800 0.3000 0.7925
v 0.2800 0.3000 0.8000
v 0.2800 0.3000 0.8075
v 0.2800 0.3000 0.8150
v 0.2800 0.3000 0.8225
v 0.2800 0.3000 0.8300
v 0.2875 0.3000 0.7700
v 0.2875 0.3000 0.7775
v 0.2875 0.3000 0.7850
v 0.2875 0.3000 0.7925
v 0.2875 0.3000 0.8000
v 0.2875 0.3000 0.8075
v 0.2875 0.3000 0.8150
v 0.2875 0.3000 0.8225
v 0.2875 0.3000 0.8300
v 0.2950 0.3000 0.7700
v 0.2950 0.3000 0.7775
v 0.2950 0.3000 0.7850
v 0.2950 0.3000 0.7925
v 0.2950 0.3000 0.8000
v 0.2950 0.3000 0.8075
v 0.2950 0.3000 0.8150
v 0.2950 0.3000 0.8225
v 0.2950 0.3000 0.8300
v 0.3025 0.3000 0.7700
v 0.3025 0.3000 0.7775
v 0.3025 0.3000 0.7850
v 0.3025 0.3000 0.7925
v 0.3025 0.3000 0.8000
v 0.3025 0.3000 0.8075
v 0.3025 0.3000 0.8150
v 0.3025 0.3000 0.8225
v 0.3025 0.3000 0.8300
v 0.3100 0.3000 0.7700
v 0.3100 0.3000 0.7775
v 0.3100 0.3000 0.7850
v 0.3100 0.3000 0.7925
v 0.3100 0.3000 0.8000
v 0.3100 0.3000 0.8075
v 0.3100 0.3000 0.8150
v 0.3100 0.3000 0.8225
v 0.3100 0.3000 0.8300
v 0.2500 0.0000 0.8300
v 0.2500 0.0000 0.8225
v 0.2500 0.0000 0.8150
v 0.2500 0.0000 0.8075
v 0.2500 0.0000 0.8000
v 0.2500 0.0000 0.7925
v 0.2500 0.0000 0.7850
v 0.2500 0.0000 0.7775
v 0.2500 0.0000 0.7700
v 0.2575 0.0000 0.8300
v 0.2575 0.0000 0.8225
v 0.2575 0.0000 0.8150
v 0.2575 0.0000 0.8075
v 0.2575 0.0000 0.8000
v 0.2575 0.0000 0.7925
v 0.2575 0.0000 0.7850
v 0.2575 0.0000 0.7775
v 0.2575 0.0000 0.7700
v 0.2650 0.0000 0.8300
v 0.2650 0.0000 0.8225
v 0.2650 0.0000 0.8150
v 0.2650 0.0000 0.8075
v 0.2650 0.0000 0.8000
v 0.2650 0.0000 0.7925
v 0.2650 0.0000 0.7850
v 0.2650 0.0000 0.7775
v 0.2650 0.0000 0.7700
v 0.2725 0.0000 0.8300
v 0.2725 0.0000 0.8225
v 0.2725 0.0000 0.8150
v 0.2725 0.0000 0.8075
v 0.2725 0.0000 0.8000
v 0.2725 0.0000 0.7925
v 0.2725 0.0000 0.7850
v 0.2725 0.0000 0.7775
v 0.2725 0.0000 0.7700
v 0.2800 0.0000 0.8300
v 0.2800 0.0000 0.8225
v 0.2800 0.0000 0.8150
v 0.2800 0.0000 0.8075
v 0.2800 0.0000 0.8000
v 0.2800 0.0000 0.7925
v 0.2800 0.0000 0.7850
v 0.2800 0.0000 0.7775
v 0.2800 0.0000 0.7700
v 0.2875 0.0000 0.8300
v 0.2875 0.0000 0.8225
v 0.2875 0.0000 0.8150
v 0.2875 0.0000 0.8075
v 0.2875 0.0000 0.8000
v 0.2875 0.0000 0.7925
v 0.2875 0.0000 0.7850
v 0.2875 0.0000 0.7775
v 0.2875 0.0000 0.7700
v 0.2950 0.0000 0.8300
v 0.2950 0.0000 0.8225
v 0.2950 0.0000 0.8150
v 0.2950 0.0000 0.8075
v 0.2950 0.0000 0.8000
v 0.2950 0.0000 0.7925
v 0.2950 0.0000 0.7850
v 0.2950 0.0000 0.7775
v 0.2950 0.0000 0.7700
v 0.3025 0.0000 0.8300
v 0.3025 0.0000 0.8225
v 0.3025 0.0000 0.8150
v 0.3025 0.0000 0.8075
v 0.3025 0.0000 0.8000
v 0.3025 0.0000 0.7925
v 0.3025 0.0000 0.7850
v 0.3025 0.0000 0.7775
v 0.3025 0.0000 0.7700
v 0.3100 0.0000 0.8300
v 0.3100 0.0000 0.8225
v 0.3100 0.0000 0.8150
v 0.3100 0.0000 0.8075
v 0.3100 0.0000 0.8000
v 0.3100 0.0000 0.7925
v 0.3100 0.0000 0.7850
v 0.3100 0.0000 0.7775
v 0.3100 0.0000 0.7700
f 1 2 18
f 1 18 17
f 2 3 19
f 2 19 18
f 3 4 20
f 3 20 19
f 4 5 21
f 4 21 20
f 5 6 22
f 5 22 21
f 6 7 23
f 6 23 22
f 7 8 24
f 7 24 23
f 8 9 25
f 8 25 24
f 9 10 26
f 9 26 25
f 10 11 27
f 10 27 26
f 11 12 28
f 11 28 27
f 12 13 29
f 12 29 28
f 13 14 30
f 13 30 29
f 14 15 31
f 14 31 30
f 15 16 32
f 15 32 31
f 17 18 34
f 17 34 33
f 18 19 35
f 18 35 34
f 19 20 36
f 19 36 35
f 20 21 37
f 20 37 36
f 21 22 38
f 21 38 37
f 22 23 39
f 22 39 38
f 23 24 40
f 23 40 39
f 24 25 41
f 24 41 40
f 25 26 42
f 25 42 41
f 26 27 43
f 26 43 42
f 27 28 44
f 27 44 43
f 28 29 45
f 28 45 44
f 29 30 46
f 29 46 45
f 30 31 47
f 30 47 46
f 31 32 48
f 31 48 47
f 33 34 50
f 33 50 49
f 34 35 51
f 34 51 50
f 35 36 52
f 35 52 51
f 36 37 53
f 36 53 52
f 37 38 54
f 37 54 53
f 38 39 55
f 38 55 54
f 39 40 56
f 39 56 55
f 40 41 57
f 40 57 56
f 41 42 58
f 41 58 57
f 42 43 59
f 42 59 58
f 43 44 60
f 43 60 59
f 44 45 61
f 44 61 60
f 45 46 62
f 45 62 61
f 46 47 63
f 46 63 62
f 47 48 64
f 47 64 63
f 49 50 66
f 49 66 65
f 50 51 67
f 50 67 66
f 51 52 68
f 51 68 67
f 52 53 69
f 52 69 68
f 53 54 70
f 53 70 69
f 54 55 71
f 54 71 70
f 55 56 72
f 55 72 71
f 56 57 73
f 56 73 72
f 57 58 74
f 57 74 73
f 58 59 75
f 58 75 74
f 59 60 76
f 59 76 75
f 60 61 77
f 60 77 76
f 61 62 78
f 61 78 77
f 62 63 79
f 62 79 78
f 63 64 80
f 63 80 79
f 65 66 82
f 65 82 81
f 66 67 83
f 66 83 82
f 67 68 84
f 67 84 83
f 68 69 85
f 68 85 84
f 69 70 86
f 69 86 85
f 70 71 87
f 70 87 86
f 71 72 88
f 71 88 87
f 72 73 89
f 72 89 88
f 73 74 90
f 73 90 89
f 74 75 91
f 74 91 90
f 75 76 92
f 75 92 91
f 76 77 93
f 76 93 92
f 77 78 94
f 77 94 93
f 78 79 95
f 78 95 94
f 79 80 96
f 79 96 95
f 81 82 98
f 81 98 97
f 82 83 99
f 82 99 98
f 83 84 100
f 83 100 99
f 84 85 101
f 84 101 100
f 85 86 102
f 85 102 101
f 86 87 103
f 86 103 102
f 87 88 104
f 87 104 103
f 88 89 105
f 88 105 104
f 89 90 106
f 89 106 105
f 90 91 107
f 90 107 106
f 91 92 108
f 91 108 107
f 92 93 109
f 92 109 108
f 93 94 110
f 93 110 109
f 94 95 111
f 94 111 110
f 95 96 112
f 95 112 111
f 97 98 114
f 97 114 113
f 98 99 115
f 98 115 114
f 99 100 116
f 99 116 115
f 100 101 117
f 100 117 116
f 101 102 118
f 101 118 117
f 102 103 119
f 102 119 118
f 103 104 120
f 103 120 119
f 104 105 121
f 104 121 120
f 105 106 122
f 105 122 121
f 106 107 123
f 106 123 122
f 107 108 124
f 107 124 123
f 108 109 125
f 108 125 124
f 109 110 126
f 109 126 125
f 110 111 127
f 110 127 126
f 111 112 128
f 111 128 127
f 113 114 130
f 113 130 129
f 114 115 131
f 114 131 130
f 115 116 132
f 115 132 131
f 116 117 133
f 116 133 132
f 117 118 134
f 117 134 133
f 118 119 135
f 118 135 134
f 119 120 136
f 119 136 135
f 120 121 137
f 120 137 136
f 121 122 138
f 121 138 137
f 122 123 139
f 122 139 138
f 123 124 140
f 123 140 139
f 124 125 141
f 124 141 140
f 125 126 142
f 125 142 141
f 126 127 143
f 126 143 142
f 127 128 144
f 127 144 143
f 129 130 146
f 129 146 145
f 130 131 147
f 130 147 146
f 131 132 148
f 131 148 147
f 132 133 149
f 132 149 148
f 133 134 150
f 133 150 149
f 134 135 151
f 134 151 150
f 135 136 152
f 135 152 151
f 136 137 153
f 136 153 152
f 137 138 154
f 137 154 153
f 138 139 155
f 138 155 154
f 139 140 156
f 139 156 155
f 140 141 157
f 140 157 156
f 141 142 158
f 141 158 157
f 142 143 159
f 142 159 158
f 143 144 160
f 143 160 159
f 145 146 162
f 145 162 161
f 146 147 163
f 146 163 162
f 147 148 164
f 147 164 163
f 148 149 165
f 148 165 164
f 149 150 166
f 149 166 165
f 150 151 167
f 150 167 166
f 151 152 168
f 151 168 167
f 152 153 169
f 152 169 168
f 153 154 170
f 153 170 169
f 154 155 171
f 154 171 170
f 155 156 172
f 155 172 171
f 156 157 173
f 156 173 172
f 157 158 174
f 157 174 173
f 158 159 175
f 158 175 174
f 159 160 176
f 159 176 175
f 161 162 178
f 161 178 177
f 162 163 179
f 162 179 178
f 163 164 180
f 163 180 179
f 164 165 181
f 164 181 180
f 165 166 182
f 165 182 181
f 166 167 183
f 166 183 182
f 167 168 184
f 167 184 183
f 168 169 185
f 168 185 184
f 169 170 186
f 169 186 185
f 170 171 187
f 170 187 186
f 171 172 188
f 171 188 187
f 172 173 189
f 172 189 188
f 173 174 190
f 173 190 189
f 174 175 191
f 174 191 190
f 175 176 192
f 175 192 191
f 177 178 194
f 177 194 193
f 178 179 195
f 178 195 194
f 179 180 196
f 179 196 195
f 180 181 197
f 180 197 196
f 181 182 198
f 181 198 197
f 182 183 199
f 182 199 198
f 183 184 200
f 183 200 199
f 184 185 201
f 184 201 200
f 185 186 202
f 185 202 201
f 186 187 203
f 186 203 202
f 187 188 204
f 187 204 203
f 188 189 205
f 188 205 204
f 189 190 206
f 189 206 205
f 190 191 207
f 190 207 206
f 191 192 208
f 191 208 207
f 193 194 210
f 193 210 209
f 194 195 211
f 194 211 210
f 195 196 212
f 195 212 211
f 196 197 213
f 196 213 212
f 197 198 214
f 197 214 213
f 198 199 215
f 198 215 214
f 199 200 216
f 199 216 215
f 200 201 217
f 200 217 216
f 201 202 218
f 201 218 217
f 202 203 219
f 202 219 218
f 203 204 220
f 203 220 219
f 204 205 221
f 204 221 220
f 205 206 222
f 205 222 221
f 206 207 223
f 206 223 222
f 207 208 224
f 207 224 223
f 209 210 226
f 209 226 225
f 210 211 227
f 210 227 226
f 211 212 228
f 211 228 227
f 212 213 229
f 212 229 228
f 213 214 230
f 213 230 229
f 214 215 231
f 214 231 230
f 215 216 232
f 215 232 231
f 216 217 233
f 216 233 232
f 217 218 234
f 217 234 233
f 218 219 235
f 218 235 234
f 219 220 236
f 219 236 235
f 220 221 237
f 220 237 236
f 221 222 238
f 221 238 237
f 222 223 239
f 222 239 238
f 223 224 240
f 223 240 239
f 225 226 242
f 225 242 241
f 226 227 243
f 226 243 242
f 227 228 244
f 227 244 243
f 228 229 245
f 228 245 244
f 229 230 246
f 229 246 245
f 230 231 247
f 230 247 246
f 231 232 248
f 231 248 247
f 232 233 249
f 232 249 248
f 233 234 250
f 233 250 249
f 234 235 251
f 234 251 250
f 235 236 252
f 235 252 251
f 236 237 253
f 236 253 252
f 237 238 254
f 237 254 253
f 238 239 255
f 238 255 254
f 239 240 256
f 239 256 255
f 257 258 274
f 257 274 273
f 258 259 275
f 258 275 274
f 259 260 276
f 259 276 275
f 260 261 277
f 260 277 276
f 261 262 278
f 261 278 277
f 262 263 279
f 262 279 278
f 263 264 280
f 263 280 279
f 264 265 281
f 264 281 280
f 265 266 282
f 265 282 281
f 266 267 283
f 266 283 282
f 267 268 284
f 267 284 283
f 268 269 285
f 268 285 284
f 269 270 286
f 269 286 285
f 270 271 287
f 270 287 286
f 271 272 288
f 271 288 287
f 273 274 290
f 273 290 289
f 274 275 291
f 274 291 290
f 275 276 292
f 275 292 291
f 276 277 293
f 276 293 292
f 277 278 294
f 277 294 293
f 278 279 295
f 278 295 294
f 279 280 296
f 279 296 295
f 280 281 297
f 280 297 296
f 281 282 298
f 281 298 297
f 282 283 299
f 282 299 298
f 283 284 300
f 283 300 299
f 284 285 301
f 284 301 300
f 285 286 302
f 285 302 301
f 286 287 303
f 286 303 302
f 287 288 304
f 287 304 303
f 289 290 306
f 289 306 305
f 290 291 307
f 290 307 306
f 291 292 308
f 291 308 307
f 292 293 309
f 292 309 308
f 293 294 310
f 293 310 309
f 294 295 311
f 294 311 310
f 295 296 312
f 295 312 311
f 296 297 313
f 296 313 312
f 297 298 314
f 297 314 313
f 298 299 315
f 298 315 314
f 299 300 316
f 299 316 315
f 300 301 317
f 300 317 316
f 301 302 318
f 301 318 317
f 302 303 319
f 302 319 318
f 303 304 320
f 303 320 319
f 305 306 322
f 305 322 321
f 306 307 323
f 306 323 322
f 307 308 324
f 307 324 323
f 308 309 325
f 308 325 324
f 309 310 326
f 309 326 325
f 310 311 327
f 310 327 326
f 311 312 328
f 311 328 327
f 312 313 329
f 312 329 328
f 313 314 330
f 313 330 329
f 314 315 331
f 314 331 330
f 315 316 332
f 315 332 331
f 316 317 333
f 316 333 332
f 317 318 334
f 317 334 333
f 318 319 335
f 318 335 334
f 319 320 336
f 319 336 335
f 321 322 338
f 321 338 337
f 322 323 339
f 322 339 338
f 323 324 340
f 323 340 339
f 324 325 341
f 324 341 340
f 325 326 342
f 325 342 341
f 326 327 343
f 326 343 342
f 327 328 344
f 327 344 343
f 328 329 345
f 328 345 344
f 329 330 346
f 329 346 345
f 330 331 347
f 330 347 346
f 331 332 348
f 331 348 347
f 332 333 349
f 332 349 348
f 333 334 350
f 333 350 349
f 334 335 351
f 334 351 350
f 335 336 352
f 335 352 351
f 337 338 354
f 337 354 353
f 338 339 355
f 338 355 354
f 339 340 356
f 339 356 355
f 340 341 357
f 340 357 356
f 341 342 358
f 341 358 357
f 342 343 359
f 342 359 358
f 343 344 360
f 343 360 359
f 344 345 361
f 344 361 360
f 345 346 362
f 345 362 361
f 346 347 363
f 346 363 362
f 347 348 364
f 347 364 363
f 348 349 365
f 348 365 364
f 349 350 366
f 349 366 365
f 350 351 367
f 350 367 366
f 351 352 368
f 351 368 367
f 353 354 370
f 353 370 369
f 354 355 371
f 354 371 370
f 355 356 372
f 355 372 371
f 356 357 373
f 356 373 372
f 357 358 374
f 357 374 373
f 358 359 375
f 358 375 374
f 359 360 376
f 359 376 375
f 360 361 377
f 360 377 376
f 361 362 378
f 361 378 377
f 362 363 379
f 362 379 378
f 363 364 380
f 363 380 379
f 364 365 381
f 364 381 380
f 365 366 382
f 365 382 381
f 366 367 383
f 366 383 382
f 367 368 384
f 367 384 383
f 369 370 386
f 369 386 385
f 370 371 387
f 370 387 386
f 371 372 388
f 371 388 387
f 372 373 389
f 372 389 388
f 373 374 390
f 373 390 389
f 374 375 391
f 374 391 390
f 375 376 392
f 375 392 391
f 376 377 393
f 376 393 392
f 377 378 394
f 377 394 393
f 378 379 395
f 378 395 394
f 379 380 396
f 379 396 395
f 380 381 397
f 380 397 396
f 381 382 398
f 381 398 397
f 382 383 399
f 382 399 398
f 383 384 400
f 383 400 399
f 385 386 402
f 385 402 401
f 386 387 403
f 386 403 402
f 387 388 404
f 387 404 403
f 388 389 405
f 388 405 404
f 389 390 406
f 389 406 405
f 390 391 407
f 390 407 406
f 391 392 408
f 391 408 407
f 392 393 409
f 392 409 408
f 393 394 410
f 393 410 409
f 394 395 411
f 394 411 410
f 395 396 412
f 395 412 411
f 396 397 413
f 396 413 412
f 397 398 414
f 397 414 413
f 398 399 415
f 398 415 414
f 399 400 416
f 399 416 415
f 401 402 418
f 401 418 417
f 402 403 419
f 402 419 418
f 403 404 420
f 403 420 419
f 404 405 421
f 404 421 420
f 405 406 422
f 405 422 421
f 406 407 423
f 406 423 422
f 407 408 424
f 407 424 423
f 408 409 425
f 408 425 424
f 409 410 426
f 409 426 425
f 410 411 427
f 410 427 426
f 411 412 428
f 411 428 427
f 412 413 429
f 412 429 428
f 413 414 430
f 413 430 429
f 414 415 431
f 414 431 430
f 415 416 432
f 415 432 431
f 417 418 434
f 417 434 433
f 418 419 435
f 418 435 434
f 419 420 436
f 419 436 435
f 420 421 437
f 420 437 436
f 421 422 438
f 421 438 437
f 422 423 439
f 422 439 438
f 423 424 440
f 423 440 439
f 424 425 441
f 424 441 440
f 425 426 442
f 425 442 441
f 426 427 443
f 426 443 442
f 427 428 444
f 427 444 443
f 428 429 445
f 428 445 444
f 429 430 446
f 429 446 445
f 430 431 447
f 430 447 446
f 431 432 448
f 431 448 447
f 433 434 450
f 433 450 449
f 434 435 451
f 434 451 450
f 435 436 452
f 435 452 451
f 436 437 453
f 436 453 452
f 437 438 454
f 437 454 453
f 438 439 455
f 438 455 454
f 439 440 456
f 439 456 455
f 440 441 457
f 440 457 456
f 441 442 458
f 441 458 457
f 442 443 459
f 442 459 458
f 443 444 460
f 443 460 459
f 444 445 461
f 444 461 460
f 445 446 462
f 445 462 461
f 446 447 463
f 446 463 462
f 447 448 464
f 447 464 463
f 449 450 466
f 449 466 465
f 450 451 467
f 450 467 466
f 451 452 468
f 451 468 467
f 452 453 469
f 452 469 468
f 453 454 470
f 453 470 469
f 454 455 471
f 454 471 470
f 455 456 472
f 455 472 471
f 456 457 473
f 456 473 472
f 457 458 474
f 457 474 473
f 458 459 475
f 458 475 474
f 459 460 476
f 459 476 475
f 460 461 477
f 460 477 476
f 461 462 478
f 461 478 477
f 462 463 479
f 462 479 478
f 463 464 480
f 463 480 479
f 465 466 482
f 465 482 481
f 466 467 483
f 466 483 482
f 467 468 484
f 467 484 483
f 468 469 485
f 468 485 484
f 469 470 486
f 469 486 485
f 470 471 487
f 470 487 486
f 471 472 488
f 471 488 487
f 472 473 489
f 472 489 488
f 473 474 490
f 473 490 489
f 474 475 491
f 474 491 490
f 475 476 492
f 475 492 491
f 476 477 493
f 476 493 492
f 477 478 494
f 477 494 493
f 478 479 495
f 478 495 494
f 479 480 496
f 479 496 495
f 481 482 498
f 481 498 497
f 482 483 499
f 482 499 498
f 483 484 500
f 483 500 499
f 484 485 501
f 484 501 500
f 485 486 502
f 485 502 501
f 486 487 503
f 486 503 502
f 487 488 504
f 487 504 503
f 488 489 505
f 488 505 504
f 489 490 506
f 489 506 505
f 490 491 507
f 490 507 506
f 491 492 508
f 491 508 507
f 492 493 509
f 492 509 508
f 493 494 510
f 493 510 509
f 494 495 511
f 494 511 510
f 495 496 512
f 495 512 511
f 513 514 530
f 513 530 529
f 514 515 531
f 514 531 530
f 515 516 532
f 515 532 531
f 516 517 533
f 516 533 532
f 517 518 534
f 517 534 533
f 518 519 535
f 518 535 534
f 519 520 536
f 519 536 535
f 520 521 537
f 520 537 536
f 521 522 538
f 521 538 537
f 522 523 539
f 522 539 538
f 523 524 540
f 523 540 539
f 524 525 541
f 524 541 540
f 525 526 542
f 525 542 541
f 526 527 543
f 526 543 542
f 527 528 544
f 527 544 543
f 529 530 546
f 529 546 545
f 530 531 547
f 530 547 546
f 531 532 548
f 531 548 547
f 532 533 549
f 532 549 548
f 533 534 550
f 533 550 549
f 534 535 551
f 534 551 550
f 535 536 552
f 535 552 551
f 536 537 553
f 536 553 552
f 537 538 554
f 537 554 553
f 538 539 555
f 538 555 554
f 539 540 556
f 539 556 555
f 540 541 557
f 540 557 556
f 541 542 558
f 541 558 557
f 542 543 559
f 542 559 558
f 543 544 560
f 543 560 559
f 545 546 562
f 545 562 561
f 546 547 563
f 546 563 562
f 547 548 564
f 547 564 563
f 548 549 565
f 548 565 564
f 549 550 566
f 549 566 565
f 550 551 567
f 550 567 566
f 551 552 568
f 551 568 567
f 552 553 569
f 552 569 568
f 553 554 570
f 553 570 569
f 554 555 571
f 554 571 570
f 555 556 572
f 555 572 571
f 556 557 573
f 556 573 572
f 557 558 574
f 557 574 573
f 558 559 575
f 558 575 574
f 559 560 576
f 559 576 575
f 561 562 578
f 561 578 577
f 562 563 579
f 562 579 578
f 563 564 580
f 563 580 579
f 564 565 581
f 564 581 580
f 565 566 582
f 565 582 581
f 566 567 583
f 566 583 582
f 567 568 584
f 567 584 583
f 568 569 585
f 568 585 584
f 569 570 586
f 569 586 585
f 570 571 587
f 570 587 586
f 571 572 588
f 571 588 587
f 572 573 589
f 572 589 588
f 573 574 590
f 573 590 589
f 574 575 591
f 574 591 590
f 575 576 592
f 575 592 591
f 577 578 594
f 577 594 593
f 578 579 595
f 578 595 594
f 579 580 596
f 579 596 595
f 580 581 597
f 580 597 596
f 581 582 598
f 581 598 597
f 582 583 599
f 582 599 598
f 583 584 600
f 583 600 599
f 584 585 601
f 584 601 600
f 585 586 602
f 585 602 601
f 586 587 603
f 586 603 602
f 587 588 604
f 587 604 603
f 588 589 605
f 588 605 604
f 589 590 606
f 589 606 605
f 590 591 607
f 590 607 606
f 591 592 608
f 591 608 607
f 593 594 610
f 593 610 609
f 594 595 611
f 594 611 610
f 595 596 612
f 595 612 611
f 596 597 613
f 596 613 612
f 597 598 614
f 597 614 613
f 598 599 615
f 598 615 614
f 599 600 616
f 599 616 615
f 600 601 617
f 600 617 616
f 601 602 618
f 601 618 617
f 602 603 619
f 602 619 618
f 603 604 620
f 603 620 619
f 604 605 621
f 604 621 620
f 605 606 622
f 605 622 621
f 606 607 623
f 606 623 622
f 607 608 624
f 607 624 623
f 609 610 626
f 609 626 625
f 610 611 627
f 610 627 626
f 611 612 628
f 611 628 627
f 612 613 629
f 612 629 628
f 613 614 630
f 613 630 629
f 614 615 631
f 614 631 630
f 615 616 632
f 615 632 631
f 616 617 633
f 616 633 632
f 617 618 634
f 617 634 633
f 618 619 635
f 618 635 634
f 619 620 636
f 619 636 635
f 620 621 637
f 620 637 636
f 621 622 638
f 621 638 637
f 622 623 639
f 622 639 638
f 623 624 640
f 623 640 639
f 625 626 642
f 625 642 641
f 626 627 643
f 626 643 642
f 627 628 644
f 627 644 643
f 628 629 645
f 628 645 644
f 629 630 646
f 629 646 645
f 630 631 647
f 630 647 646
f 631 632 648
f 631 648 647
f 632 633 649
f 632 649 648
f 633 634 650
f 633 650 649
f 634 635 651
f 634 651 650
f 635 636 652
f 635 652 651
f 636 637 653
f 636 653 652
f 637 638 654
f 637 654 653
f 638 639 655
f 638 655 654
f 639 640 656
f 639 656 655
f 641 642 658
f 641 658 657
f 642 643 659
f 642 659 658
f 643 644 660
f 643 660 659
f 644 645 661
f 644 661 660
f 645 646 662
f 645 662 661
f 646 647 663
f 646 663 662
f 647 648 664
f 647 664 663
f 648 649 665
f 648 665 664
f 649 650 666
f 649 666 665
f 650 651 667
f 650 667 666
f 651 652 668
f 651 668 667
f 652 653 669
f 652 669 668
f 653 654 670
f 653 670 669
f 654 655 671
f 654 671 670
f 655 656 672
f 655 672 671
f 657 658 674
f 657 674 673
f 658 659 675
f 658 675 674
f 659 660 676
f 659 676 675
f 660 661 677
f 660 677 676
f 661 662 678
f 661 678 677
f 662 663 679
f 662 679 678
f 663 664 680
f 663 680 679
f 664 665 681
f 664 681 680
f 665 666 682
f 665 682 681
f 666 667 683
f 666 683 682
f 667 668 684
f 667 684 683
f 668 669 685
f 668 685 684
f 669 670 686
f 669 686 685
f 670 671 687
f 670 687 686
f 671 672 688
f 671 688 687
f 673 674 690
f 673 690 689
f 674 675 691
f 674 691 690
f 675 676 692
f 675 692 691
f 676 677 693
f 676 693 692
f 677 678 694
f 677 694 693
f 678 679 695
f 678 695 694
f 679 680 696
f 679 696 695
f 680 681 697
f 680 697 696
f 681 682 698
f 681 698 697
f 682 683 699
f 682 699 698
f 683 684 700
f 683 700 699
f 684 685 701
f 684 701 700
f 685 686 702
f 685 702 701
f 686 687 703
f 686 703 702
f 687 688 704
f 687 704 703
f 689 690 706
f 689 706 705
f 690 691 707
f 690 707 706
f 691 692 708
f 691 708 707
f 692 693 709
f 692 709 708
f 693 694 710
f 693 710 709
f 694 695 711
f 694 711 710
f 695 696 712
f 695 712 711
f 696 697 713
f 696 713 712
f 697 698 714
f 697 714 713
f 698 699 715
f 698 715 714
f 699 700 716
f 699 716 715
f 700 701 717
f 700 717 716
f 701 702 718
f 701 718 717
f 702 703 719
f 702 719 718
f 703 704 720
f 703 720 719
f 705 706 722
f 705 722 721
f 706 707 723
f 706 723 722
f 707 708 724
f 707 724 723
f 708 709 725
f 708 725 724
f 709 710 726
f 709 726 725
f 710 711 727
f 710 727 726
f 711 712 728
f 711 728 727
f 712 713 729
f 712 729 728
f 713 714 730
f 713 730 729
f 714 715 731
f 714 731 730
f 715 716 732
f 715 732 731
f 716 717 733
f 716 733 732
f 717 718 734
f 717 734 733
f 718 719 735
f 718 735 734
f 719 720 736
f 719 736 735
f 721 722 738
f 721 738 737
f 722 723 739
f 722 739 738
f 723 724 740
f 723 740 739
f 724 725 741
f 724 741 740
f 725 726 742
f 725 742 741
f 726 727 743
f 726 743 742
f 727 728 744
f 727 744 743
f 728 729 745
f 728 745 744
f 729 730 746
f 729 746 745
f 730 731 747
f 730 747 746
f 731 732 748
f 731 748 747
f 732 733 749
f 732 749 748
f 733 734 750
f 733 750 749
f 734 735 751
f 734 751 750
f 735 736 752
f 735 752 751
f 737 738 754
f 737 754 753
f 738 739 755
f 738 755 754
f 739 740 756
f 739 756 755
f 740 741 757
f 740 757 756
f 741 742 758
f 741 758 757
f 742 743 759
f 742 759 758
f 743 744 760
f 743 760 759
f 744 745 761
f 744 761 760
f 745 746 762
f 745 762 761
f 746 747 763
f 746 763 762
f 747 748 764
f 747 764 763
f 748 749 765
f 748 765 764
f 749 750 766
f 749 766 765
f 750 751 767
f 750 767 766
f 751 752 768
f 751 768 767
f 769 770 786
f 769 786 785
f 770 771 787
f 770 787 786
f 771 772 788
f 771 788 787
f 772 773 789
f 772 789 788
f 773 774 790
f 773 790 789
f 774 775 791
f 774 791 790
f 775 776 792
f 775 792 791
f 776 777 793
f 776 793 792
f 777 778 794
f 777 794 793
f 778 779 795
f 778 795 794
f 779 780 796
f 779 796 795
f 780 781 797
f 780 797 796
f 781 782 798
f 781 798 797
f 782 783 799
f 782 799 798
f 783 784 800
f 783 800 799
f 785 786 802
f 785 802 801
f 786 787 803
f 786 803 802
f 787 788 804
f 787 804 803
f 788 789 805
f 788 805 804
f 789 790 806
f 789 806 805
f 790 791 807
f 790 807 806
f 791 792 808
f 791 808 807
f 792 793 809
f 792 809 808
f 793 794 810
f 793 810 809
f 794 795 811
f 794 811 810
f 795 796 812
f 795 812 811
f 796 797 813
f 796 813 812
f 797 798 814
f 797 814 813
f 798 799 815
f 798 815 814
f 799 800 816
f 799 816 815
f 801 802 818
f 801 818 817
f 802 803 819
f 802 819 818
f 803 804 820
f 803 820 819
f 804 805 821
f 804 821 820
f 805 806 822
f 805 822 821
f 806 807 823
f 806 823 822
f 807 808 824
f 807 824 823
f 808 809 825
f 808 825 824
f 809 810 826
f 809 826 825
f 810 811 827
f 810 827 826
f 811 812 828
f 811 828 827
f 812 813 829
f 812 829 828
f 813 814 830
f 813 830 829
f 814 815 831
f 814 831 830
f 815 816 832
f 815 832 831
f 817 818 834
f 817 834 833
f 818 819 835
f 818 835 834
f 819 820 836
f 819 836 835
f 820 821 837
f 820 837 836
f 821 822 838
f 821 838 837
f 822 823 839
f 822 839 838
f 823 824 840
f 823 840 839
f 824 825 841
f 824 841 840
f 825 826 842
f 825 842 841
f 826 827 843
f 826 843 842
f 827 828 844
f 827 844 843
f 828 829 845
f 828 845 844
f 829 830 846
f 829 846 845
f 830 831 847
f 830 847 846
f 831 832 848
f 831 848 847
f 833 834 850
f 833 850 849
f 834 835 851
f 834 851 850
f 835 836 852
f 835 852 851
f 836 837 853
f 836 853 852
f 837 838 854
f 837 854 853
f 838 839 855
f 838 855 854
f 839 840 856
f 839 856 855
f 840 841 857
f 840 857 856
f 841 842 858
f 841 858 857
f 842 843 859
f 842 859 858
f 843 844 860
f 843 860 859
f 844 845 861
f 844 861 860
f 845 846 862
f 845 862 861
f 846 847 863
f 846 863 862
f 847 848 864
f 847 864 863
f 849 850 866
f 849 866 865
f 850 851 867
f 850 867 866
f 851 852 868
f 851 868 867
f 852 853 869
f 852 869 868
f 853 854 870
f 853 870 869
f 854 855 871
f 854 871 870
f 855 856 872
f 855 872 871
f 856 857 873
f 856 873 872
f 857 858 874
f 857 874 873
f 858 859 875
f 858 875 874
f 859 860 876
f 859 876 875
f 860 861 877
f 860 877 876
f 861 862 878
f 861 878 877
f 862 863 879
f 862 879 878
f 863 864 880
f 863 880 879
f 865 866 882
f 865 882 881
f 866 867 883
f 866 883 882
f 867 868 884
f 867 884 883
f 868 869 885
f 868 885 884
f 869 870 886
f 869 886 885
f 870 871 887
f 870 887 886
f 871 872 888
f 871 888 887
f 872 873 889
f 872 889 888
f 873 874 890
f 873 890 889
f 874 875 891
f 874 891 890
f 875 876 892
f 875 892 891
f 876 877 893
f 876 893 892
f 877 878 894
f 877 894 893
f 878 879 895
f 878 895 894
f 879 880 896
f 879 896 895
f 881 882 898
f 881 898 897
f 882 883 899
f 882 899 898
f 883 884 900
f 883 900 899
f 884 885 901
f 884 901 900
f 885 886 902
f 885 902 901
f 886 887 903
f 886 903 902
f 887 888 904
f 887 904 903
f 888 889 905
f 888 905 904
f 889 890 906
f 889 906 905
f 890 891 907
f 890 907 906
f 891 892 908
f 891 908 907
f 892 893 909
f 892 909 908
f 893 894 910
f 893 910 909
f 894 895 911
f 894 911 910
f 895 896 912
f 895 912 911
f 897 898 914
f 897 914 913
f 898 899 915
f 898 915 914
f 899 900 916
f 899 916 915
f 900 901 917
f 900 917 916
f 901 902 918
f 901 918 917
f 902 903 919
f 902 919 918
f 903 904 920
f 903 920 919
f 904 905 921
f 904 921 920
f 905 906 922
f 905 922 921
f 906 907 923
f 906 923 922
f 907 908 924
f 907 924 923
f 908 909 925
f 908 925 924
f 909 910 926
f 909 926 925
f 910 911 927
f 910 927 926
f 911 912 928
f 911 928 927
f 913 914 930
f 913 930 929
f 914 915 931
f 914 931 930
f 915 916 932
f 915 932 931
f 916 917 933
f 916 933 932
f 917 918 934
f 917 934 933
f 918 919 935
f 918 935 934
f 919 920 936
f 919 936 935
f 920 921 937
f 920 937 936
f 921 922 938
f 921 938 937
f 922 923 939
f 922 939 938
f 923 924 940
f 923 940 939
f 924 925 941
f 924 941 940
f 925 926 942
f 925 942 941
f 926 927 943
f 926 943 942
f 927 928 944
f 927 944 943
f 929 930 946
f 929 946 945
f 930 931 947
f 930 947 946
f 931 932 948
f 931 948 947
f 932 933 949
f 932 949 948
f 933 934 950
f 933 950 949
f 934 935 951
f 934 951 950
f 935 936 952
f 935 952 951
f 936 937 953
f 936 953 952
f 937 938 954
f 937 954 953
f 938 939 955
f 938 955 954
f 939 940 956
f 939 956 955
f 940 941 957
f 940 957 956
f 941 942 958
f 941 958 957
f 942 943 959
f 942 959 958
f 943 944 960
f 943 960 959
f 945 946 962
f 945 962 961
f 946 947 963
f 946 963 962
f 947 948 964
f 947 964 963
f 948 949 965
f 948 965 964
f 949 950 966
f 949 966 965
f 950 951 967
f 950 967 966
f 951 952 968
f 951 968 967
f 952 953 969
f 952 969 968
f 953 954 970
f 953 970 969
f 954 955 971
f 954 971 970
f 955 956 972
f 955 972 971
f 956 957 973
f 956 973 972
f 957 958 974
f 957 974 973
f 958 959 975
f 958 975 974
f 959 960 976
f 959 976 975
f 961 962 978
f 961 978 977
f 962 963 979
f 962 979 978
f 963 964 980
f 963 980 979
f 964 965 981
f 964 981 980
f 965 966 982
f 965 982 981
f 966 967 983
f 966 983 982
f 967 968 984
f 967 984 983
f 968 969 985
f 968 985 984
f 969 970 986
f 969 986 985
f 970 971 987
f 970 987 986
f 971 972 988
f 971 988 987
f 972 973 989
f 972 989 988
f 973 974 990
f 973 990 989
f 974 975 991
f 974 991 990
f 975 976 992
f 975 992 991
f 977 978 994
f 977 994 993
f 978 979 995
f 978 995 994
f 979 980 996
f 979 996 995
f 980 981 997
f 980 997 996
f 981 982 998
f 981 998 997
f 982 983 999
f 982 999 998
f 983 984 1000
f 983 1000 999
f 984 985 1001
f 984 1001 1000
f 985 986 1002
f 985 1002 1001
f 986 987 1003
f 986 1003 1002
f 987 988 1004
f 987 1004 1003
f 988 989 1005
f 988 1005 1004
f 989 990 1006
f 989 1006 1005
f 990 991 1007
f 990 1007 1006
f 991 992 1008
f 991 1008 1007
f 993 994 1010
f 993 1010 1009
f 994 995 1011
f 994 1011 1010
f 995 996 1012
f 995 1012 1011
f 996 997 1013
f 996 1013 1012
f 997 998 1014
f 997 1014 1013
f 998 999 1015
f 998 1015 1014
f 999 1000 1016
f 999 1016 1015
f 1000 1001 1017
f 1000 1017 1016
f 1001 1002 1018
f 1001 1018 1017
f 1002 1003 1019
f 1002 1019 1018
f 1003 1004 1020
f 1003 1020 1019
f 1004 1005 1021
f 1004 1021 1020
f 1005 1006 1022
f 1005 1022 1021
f 1006 1007 1023
f 1006 1023 1022
f 1007 1008 1024
f 1007 1024 1023
f 1025 1026 1042
f 1025 1042 1041
f 1026 1027 1043
f 1026 1043 1042
f 1027 1028 1044
f 1027 1044 1043
f 1028 1029 1045
f 1028 1045 1044
f 1029 1030 1046
f 1029 1046 1045
f 1030 1031 1047
f 1030 1047 1046
f 1031 1032 1048
f 1031 1048 1047
f 1032 1033 1049
f 1032 1049 1048
f 1033 1034 1050
f 1033 1050 1049
f 1034 1035 1051
f 1034 1051 1050
f 1035 1036 1052
f 1035 1052 1051
f 1036 1037 1053
f 1036 1053 1052
f 1037 1038 1054
f 1037 1054 1053
f 1038 1039 1055
f 1038 1055 1054
f 1039 1040 1056
f 1039 1056 1055
f 1041 1042 1058
f 1041 1058 1057
f 1042 1043 1059
f 1042 1059 1058
f 1043 1044 1060
f 1043 1060 1059
f 1044 1045 1061
f 1044 1061 1060
f 1045 1046 1062
f 1045 1062 1061
f 1046 1047 1063
f 1046 1063 1062
f 1047 1048 1064
f 1047 1064 1063
f 1048 1049 1065
f 1048 1065 1064
f 1049 1050 1066
f 1049 1066 1065
f 1050 1051 1067
f 1050 1067 1066
f 1051 1052 1068
f 1051 1068 1067
f 1052 1053 1069
f 1052 1069 1068
f 1053 1054 1070
f 1053 1070 1069
f 1054 1055 1071
f 1054 1071 1070
f 1055 1056 1072
f 1055 1072 1071
f 1057 1058 1074
f 1057 1074 1073
f 1058 1059 1075
f 1058 1075 1074
f 1059 1060 1076
f 1059 1076 1075
f 1060 1061 1077
f 1060 1077 1076
f 1061 1062 1078
f 1061 1078 1077
f 1062 1063 1079
f 1062 1079 1078
f 1063 1064 1080
f 1063 1080 1079
f 1064 1065 1081
f 1064 1081 1080
f 1065 1066 1082
f 1065 1082 1081
f 1066 1067 1083
f 1066 1083 1082
f 1067 1068 1084
f 1067 1084 1083
f 1068 1069 1085
f 1068 1085 1084
f 1069 1070 1086
f 1069 1086 1085
f 1070 1071 1087
f 1070 1087 1086
f 1071 1072 1088
f 1071 1088 1087
f 1073 1074 1090
f 1073 1090 1089
f 1074 1075 1091
f 1074 1091 1090
f 1075 1076 1092
f 1075 1092 1091
f 1076 1077 1093
f 1076 1093 1092
f 1077 1078 1094
f 1077 1094 1093
f 1078 1079 1095
f 1078 1095 1094
f 1079 1080 1096
f 1079 1096 1095
f 1080 1081 1097
f 1080 1097 1096
f 1081 1082 1098
f 1081 1098 1097
f 1082 1083 1099
f 1082 1099 1098
f 1083 1084 1100
f 1083 1100 1099
f 1084 1085 1101
f 1084 1101 1100
f 1085 1086 1102
f 1085 1102 1101
f 1086 1087 1103
f 1086 1103 1102
f 1087 1088 1104
f 1087 1104 1103
f 1089 1090 1106
f 1089 1106 1105
f 1090 1091 1107
f 1090 1107 1106
f 1091 1092 1108
f 1091 1108 1107
f 1092 1093 1109
f 1092 1109 1108
f 1093 1094 1110
f 1093 1110 1109
f 1094 1095 1111
f 1094 1111 1110
f 1095 1096 1112
f 1095 1112 1111
f 1096 1097 1113
f 1096 1113 1112
f 1097 1098 1114
f 1097 1114 1113
f 1098 1099 1115
f 1098 1115 1114
f 1099 1100 1116
f 1099 1116 1115
f 1100 1101 1117
f 1100 1117 1116
f 1101 1102 1118
f 1101 1118 1117
f 1102 1103 1119
f 1102 1119 1118
f 1103 1104 1120
f 1103 1120 1119
f 1105 1106 1122
f 1105 1122 1121
f 1106 1107 1123
f 1106 1123 1122
f 1107 1108 1124
f 1107 1124 1123
f 1108 1109 1125
f 1108 1125 1124
f 1109 1110 1126
f 1109 1126 1125
f 1110 1111 1127
f 1110 1127 1126
f 1111 1112 1128
f 1111 1128 1127
f 1112 1113 1129
f 1112 1129 1128
f 1113 1114 1130
f 1113 1130 1129
f 1114 1115 1131
f 1114 1131 1130
f 1115 1116 1132
f 1115 1132 1131
f 1116 1117 1133
f 1116 1133 1132
f 1117 1118 1134
f 1117 1134 1133
f 1118 1119 1135
f 1118 1135 1134
f 1119 1120 1136
f 1119 1136 1135
f 1121 1122 1138
f 1121 1138 1137
f 1122 1123 1139
f 1122 1139 1138
f 1123 1124 1140
f 1123 1140 1139
f 1124 1125 1141
f 1124 1141 1140
f 1125 1126 1142
f 1125 1142 1141
f 1126 1127 1143
f 1126 1143 1142
f 1127 1128 1144
f 1127 1144 1143
f 1128 1129 1145
f 1128 1145 1144
f 1129 1130 1146
f 1129 1146 1145
f 1130 1131 1147
f 1130 1147 1146
f 1131 1132 1148
f 1131 1148 1147
f 1132 1133 1149
f 1132 1149 1148
f 1133 1134 1150
f 1133 1150 1149
f 1134 1135 1151
f 1134 1151 1150
f 1135 1136 1152
f 1135 1152 1151
f 1137 1138 1154
f 1137 1154 1153
f 1138 1139 1155
f 1138 1155 1154
f 1139 1140 1156
f 1139 1156 1155
f 1140 1141 1157
f 1140 1157 1156
f 1141 1142 1158
f 1141 1158 1157
f 1142 1143 1159
f 1142 1159 1158
f 1143 1144 1160
f 1143 1160 1159
f 1144 1145 1161
f 1144 1161 1160
f 1145 1146 1162
f 1145 1162 1161
f 1146 1147 1163
f 1146 1163 1162
f 1147 1148 1164
f 1147 1164 1163
f 1148 1149 1165
f 1148 1165 1164
f 1149 1150 1166
f 1149 1166 1165
f 1150 1151 1167
f 1150 1167 1166
f 1151 1152 1168
f 1151 1168 1167
f 1153 1154 1170
f 1153 1170 1169
f 1154 1155 1171
f 1154 1171 1170
f 1155 1156 1172
f 1155 1172 1171
f 1156 1157 1173
f 1156 1173 1172
f 1157 1158 1174
f 1157 1174 1173
f 1158 1159 1175
f 1158 1175 1174
f 1159 1160 1176
f 1159 1176 1175
f 1160 1161 1177
f 1160 1177 1176
f 1161 1162 1178
f 1161 1178 1177
f 1162 1163 1179
f 1162 1179 1178
f 1163 1164 1180
f 1163 1180 1179
f 1164 1165 1181
f 1164 1181 1180
f 1165 1166 1182
f 1165 1182 1181
f 1166 1167 1183
f 1166 1183 1182
f 1167 1168 1184
f 1167 1184 1183
f 1169 1170 1186
f 1169 1186 1185
f 1170 1171 1187
f 1170 1187 1186
f 1171 1172 1188
f 1171 1188 1187
f 1172 1173 1189
f 1172 1189 1188
f 1173 1174 1190
f 1173 1190 1189
f 1174 1175 1191
f 1174 1191 1190
f 1175 1176 1192
f 1175 1192 1191
f 1176 1177 1193
f 1176 1193 1192
f 1177 1178 1194
f 1177 1194 1193
f 1178 1179 1195
f 1178 1195 1194
f 1179 1180 1196
f 1179 1196 1195
f 1180 1181 1197
f 1180 1197 1196
f 1181 1182 1198
f 1181 1198 1197
f 1182 1183 1199
f 1182 1199 1198
f 1183 1184 1200
f 1183 1200 1199
f 1185 1186 1202
f 1185 1202 1201
f 1186 1187 1203
f 1186 1203 1202
f 1187 1188 1204
f 1187 1204 1203
f 1188 1189 1205
f 1188 1205 1204
f 1189 1190 1206
f 1189 1206 1205
f 1190 1191 1207
f 1190 1207 1206
f 1191 1192 1208
f 1191 1208 1207
f 1192 1193 1209
f 1192 1209 1208
f 1193 1194 1210
f 1193 1210 1209
f 1194 1195 1211
f 1194 1211 1210
f 1195 1196 1212
f 1195 1212 1211
f 1196 1197 1213
f 1196 1213 1212
f 1197 1198 1214
f 1197 1214 1213
f 1198 1199 1215
f 1198 1215 1214
f 1199 1200 1216
f 1199 1216 1215
f 1201 1202 1218
f 1201 1218 1217
f 1202 1203 1219
f 1202 1219 1218
f 1203 1204 1220
f 1203 1220 1219
f 1204 1205 1221
f 1204 1221 1220
f 1205 1206 1222
f 1205 1222 1221
f 1206 1207 1223
f 1206 1223 1222
f 1207 1208 1224
f 1207 1224 1223
f 1208 1209 1225
f 1208 1225 1224
f 1209 1210 1226
f 1209 1226 1225
f 1210 1211 1227
f 1210 1227 1226
f 1211 1212 1228
f 1211 1228 1227
f 1212 1213 1229
f 1212 1229 1228
f 1213 1214 1230
f 1213 1230 1229
f 1214 1215 1231
f 1214 1231 1230
f 1215 1216 1232
f 1215 1232 1231
f 1217 1218 1234
f 1217 1234 1233
f 1218 1219 1235
f 1218 1235 1234
f 1219 1220 1236
f 1219 1236 1235
f 1220 1221 1237
f 1220 1237 1236
f 1221 1222 1238
f 1221 1238 1237
f 1222 1223 1239
f 1222 1239 1238
f 1223 1224 1240
f 1223 1240 1239
f 1224 1225 1241
f 1224 1241 1240
f 1225 1226 1242
f 1225 1242 1241
f 1226 1227 1243
f 1226 1243 1242
f 1227 1228 1244
f 1227 1244 1243
f 1228 1229 1245
f 1228 1245 1244
f 1229 1230 1246
f 1229 1246 1245
f 1230 1231 1247
f 1230 1247 1246
f 1231 1232 1248
f 1231 1248 1247
f 1233 1234 1250
f 1233 1250 1249
f 1234 1235 1251
f 1234 1251 1250
f 1235 1236 1252
f 1235 1252 1251
f 1236 1237 1253
f 1236 1253 1252
f 1237 1238 1254
f 1237 1254 1253
f 1238 1239 1255
f 1238 1255 1254
f 1239 1240 1256
f 1239 1256 1255
f 1240 1241 1257
f 1240 1257 1256
f 1241 1242 1258
f 1241 1258 1257
f 1242 1243 1259
f 1242 1259 1258
f 1243 1244 1260
f 1243 1260 1259
f 1244 1245 1261
f 1244 1261 1260
f 1245 1246 1262
f 1245 1262 1261
f 1246 1247 1263
f 1246 1263 1262
f 1247 1248 1264
f 1247 1264 1263
f 1249 1250 1266
f 1249 1266 1265
f 1250 1251 1267
f 1250 1267 1266
f 1251 1252 1268
f 1251 1268 1267
f 1252 1253 1269
f 1252 1269 1268
f 1253 1254 1270
f 1253 1270 1269
f 1254 1255 1271
f 1254 1271 1270
f 1255 1256 1272
f 1255 1272 1271
f 1256 1257 1273
f 1256 1273 1272
f 1257 1258 1274
f 1257 1274 1273
f 1258 1259 1275
f 1258 1275 1274
f 1259 1260 1276
f 1259 1276 1275
f 1260 1261 1277
f 1260 1277 1276
f 1261 1262 1278
f 1261 1278 1277
f 1262 1263 1279
f 1262 1279 1278
f 1263 1264 1280
f 1263 1280 1279
f 1281 1282 1298
f 1281 1298 1297
f 1282 1283 1299
f 1282 1299 1298
f 1283 1284 1300
f 1283 1300 1299
f 1284 1285 1301
f 1284 1301 1300
f 1285 1286 1302
f 1285 1302 1301
f 1286 1287 1303
f 1286 1303 1302
f 1287 1288 1304
f 1287 1304 1303
f 1288 1289 1305
f 1288 1305 1304
f 1289 1290 1306
f 1289 1306 1305
f 1290 1291 1307
f 1290 1307 1306
f 1291 1292 1308
f 1291 1308 1307
f 1292 1293 1309
f 1292 1309 1308
f 1293 1294 1310
f 1293 1310 1309
f 1294 1295 1311
f 1294 1311 1310
f 1295 1296 1312
f 1295 1312 1311
f 1297 1298 1314
f 1297 1314 1313
f 1298 1299 1315
f 1298 1315 1314
f 1299 1300 1316
f 1299 1316 1315
f 1300 1301 1317
f 1300 1317 1316
f 1301 1302 1318
f 1301 1318 1317
f 1302 1303 1319
f 1302 1319 1318
f 1303 1304 1320
f 1303 1320 1319
f 1304 1305 1321
f 1304 1321 1320
f 1305 1306 1322
f 1305 1322 1321
f 1306 1307 1323
f 1306 1323 1322
f 1307 1308 1324
f 1307 1324 1323
f 1308 1309 1325
f 1308 1325 1324
f 1309 1310 1326
f 1309 1326 1325
f 1310 1311 1327
f 1310 1327 1326
f 1311 1312 1328
f 1311 1328 1327
f 1313 1314 1330
f 1313 1330 1329
f 1314 1315 1331
f 1314 1331 1330
f 1315 1316 1332
f 1315 1332 1331
f 1316 1317 1333
f 1316 1333 1332
f 1317 1318 1334
f 1317 1334 1333
f 1318 1319 1335
f 1318 1335 1334
f 1319 1320 1336
f 1319 1336 1335
f 1320 1321 1337
f 1320 1337 1336
f 1321 1322 1338
f 1321 1338 1337
f 1322 1323 1339
f 1322 1339 1338
f 1323 1324 1340
f 1323 1340 1339
f 1324 1325 1341
f 1324 1341 1340
f 1325 1326 1342
f 1325 1342 1341
f 1326 1327 1343
f 1326 1343 1342
f 1327 1328 1344
f 1327 1344 1343
f 1329 1330 1346
f 1329 1346 1345
f 1330 1331 1347
f 1330 1347 1346
f 1331 1332 1348
f 1331 1348 1347
f 1332 1333 1349
f 1332 1349 1348
f 1333 1334 1350
f 1333 1350 1349
f 1334 1335 1351
f 1334 1351 1350
f 1335 1336 1352
f 1335 1352 1351
f 1336 1337 1353
f 1336 1353 1352
f 1337 1338 1354
f 1337 1354 1353
f 1338 1339 1355
f 1338 1355 1354
f 1339 1340 1356
f 1339 1356 1355
f 1340 1341 1357
f 1340 1357 1356
f 1341 1342 1358
f 1341 1358 1357
f 1342 1343 1359
f 1342 1359 1358
f 1343 1344 1360
f 1343 1360 1359
f 1345 1346 1362
f 1345 1362 1361
f 1346 1347 1363
f 1346 1363 1362
f 1347 1348 1364
f 1347 1364 1363
f 1348 1349 1365
f 1348 1365 1364
f 1349 1350 1366
f 1349 1366 1365
f 1350 1351 1367
f 1350 1367 1366
f 1351 1352 1368
f 1351 1368 1367
f 1352 1353 1369
f 1352 1369 1368
f 1353 1354 1370
f 1353 1370 1369
f 1354 1355 1371
f 1354 1371 1370
f 1355 1356 1372
f 1355 1372 1371
f 1356 1357 1373
f 1356 1373 1372
f 1357 1358 1374
f 1357 1374 1373
f 1358 1359 1375
f 1358 1375 1374
f 1359 1360 1376
f 1359 1376 1375
f 1361 1362 1378
f 1361 1378 1377
f 1362 1363 1379
f 1362 1379 1378
f 1363 1364 1380
f 1363 1380 1379
f 1364 1365 1381
f 1364 1381 1380
f 1365 1366 1382
f 1365 1382 1381
f 1366 1367 1383
f 1366 1383 1382
f 1367 1368 1384
f 1367 1384 1383
f 1368 1369 1385
f 1368 1385 1384
f 1369 1370 1386
f 1369 1386 1385
f 1370 1371 1387
f 1370 1387 1386
f 1371 1372 1388
f 1371 1388 1387
f 1372 1373 1389
f 1372 1389 1388
f 1373 1374 1390
f 1373 1390 1389
f 1374 1375 1391
f 1374 1391 1390
f 1375 1376 1392
f 1375 1392 1391
f 1377 1378 1394
f 1377 1394 1393
f 1378 1379 1395
f 1378 1395 1394
f 1379 1380 1396
f 1379 1396 1395
f 1380 1381 1397
f 1380 1397 1396
f 1381 1382 1398
f 1381 1398 1397
f 1382 1383 1399
f 1382 1399 1398
f 1383 1384 1400
f 1383 1400 1399
f 1384 1385 1401
f 1384 1401 1400
f 1385 1386 1402
f 1385 1402 1401
f 1386 1387 1403
f 1386 1403 1402
f 1387 1388 1404
f 1387 1404 1403
f 1388 1389 1405
f 1388 1405 1404
f 1389 1390 1406
f 1389 1406 1405
f 1390 1391 1407
f 1390 1407 1406
f 1391 1392 1408
f 1391 1408 1407
f 1393 1394 1410
f 1393 1410 1409
f 1394 1395 1411
f 1394 1411 1410
f 1395 1396 1412
f 1395 1412 1411
f 1396 1397 1413
f 1396 1413 1412
f 1397 1398 1414
f 1397 1414 1413
f 1398 1399 1415
f 1398 1415 1414
f 1399 1400 1416
f 1399 1416 1415
f 1400 1401 1417
f 1400 1417 1416
f 1401 1402 1418
f 1401 1418 1417
f 1402 1403 1419
f 1402 1419 1418
f 1403 1404 1420
f 1403 1420 1419
f 1404 1405 1421
f 1404 1421 1420
f 1405 1406 1422
f 1405 1422 1421
f 1406 1407 1423
f 1406 1423 1422
f 1407 1408 1424
f 1407 1424 1423
f 1409 1410 1426
f 1409 1426 1425
f 1410 1411 1427
f 1410 1427 1426
f 1411 1412 1428
f 1411 1428 1427
f 1412 1413 1429
f 1412 1429 1428
f 1413 1414 1430
f 1413 1430 1429
f 1414 1415 1431
f 1414 1431 1430
f 1415 1416 1432
f 1415 1432 1431
f 1416 1417 1433
f 1416 1433 1432
f 1417 1418 1434
f 1417 1434 1433
f 1418 1419 1435
f 1418 1435 1434
f 1419 1420 1436
f 1419 1436 1435
f 1420 1421 1437
f 1420 1437 1436
f 1421 1422 1438
f 1421 1438 1437
f 1422 1423 1439
f 1422 1439 1438
f 1423 1424 1440
f 1423 1440 1439
f 1425 1426 1442
f 1425 1442 1441
f 1426 1427 1443
f 1426 1443 1442
f 1427 1428 1444
f 1427 1444 1443
f 1428 1429 1445
f 1428 1445 1444
f 1429 1430 1446
f 1429 1446 1445
f 1430 1431 1447
f 1430 1447 1446
f 1431 1432 1448
f 1431 1448 1447
f 1432 1433 1449
f 1432 1449 1448
f 1433 1434 1450
f 1433 1450 1449
f 1434 1435 1451
f 1434 1451 1450
f 1435 1436 1452
f 1435 1452 1451
f 1436 1437 1453
f 1436 1453 1452
f 1437 1438 1454
f 1437 1454 1453
f 1438 1439 1455
f 1438 1455 1454
f 1439 1440 1456
f 1439 1456 1455
f 1441 1442 1458
f 1441 1458 1457
f 1442 1443 1459
f 1442 1459 1458
f 1443 1444 1460
f 1443 1460 1459
f 1444 1445 1461
f 1444 1461 1460
f 1445 1446 1462
f 1445 1462 1461
f 1446 1447 1463
f 1446 1463 1462
f 1447 1448 1464
f 1447 1464 1463
f 1448 1449 1465
f 1448 1465 1464
f 1449 1450 1466
f 1449 1466 1465
f 1450 1451 1467
f 1450 1467 1466
f 1451 1452 1468
f 1451 1468 1467
f 1452 1453 1469
f 1452 1469 1468
f 1453 1454 1470
f 1453 1470 1469
f 1454 1455 1471
f 1454 1471 1470
f 1455 1456 1472
f 1455 1472 1471
f 1457 1458 1474
f 1457 1474 1473
f 1458 1459 1475
f 1458 1475 1474
f 1459 1460 1476
f 1459 1476 1475
f 1460 1461 1477
f 1460 1477 1476
f 1461 1462 1478
f 1461 1478 1477
f 1462 1463 1479
f 1462 1479 1478
f 1463 1464 1480
f 1463 1480 1479
f 1464 1465 1481
f 1464 1481 1480
f 1465 1466 1482
f 1465 1482 1481
f 1466 1467 1483
f 1466 1483 1482
f 1467 1468 1484
f 1467 1484 1483
f 1468 1469 1485
f 1468 1485 1484
f 1469 1470 1486
f 1469 1486 1485
f 1470 1471 1487
f 1470 1487 1486
f 1471 1472 1488
f 1471 1488 1487
f 1473 1474 1490
f 1473 1490 1489
f 1474 1475 1491
f 1474 1491 1490
f 1475 1476 1492
f 1475 1492 1491
f 1476 1477 1493
f 1476 1493 1492
f 1477 1478 1494
f 1477 1494 1493
f 1478 1479 1495
f 1478 1495 1494
f 1479 1480 1496
f 1479 1496 1495
f 1480 1481 1497
f 1480 1497 1496
f 1481 1482 1498
f 1481 1498 1497
f 1482 1483 1499
f 1482 1499 1498
f 1483 1484 1500
f 1483 1500 1499
f 1484 1485 1501
f 1484 1501 1500
f 1485 1486 1502
f 1485 1502 1501
f 1486 1487 1503
f 1486 1503 1502
f 1487 1488 1504
f 1487 1504 1503
f 1489 1490 1506
f 1489 1506 1505
f 1490 1491 1507
f 1490 1507 1506
f 1491 1492 1508
f 1491 1508 1507
f 1492 1493 1509
f 1492 1509 1508
f 1493 1494 1510
f 1493 1510 1509
f 1494 1495 1511
f 1494 1511 1510
f 1495 1496 1512
f 1495 1512 1511
f 1496 1497 1513
f 1496 1513 1512
f 1497 1498 1514
f 1497 1514 1513
f 1498 1499 1515
f 1498 1515 1514
f 1499 1500 1516
f 1499 1516 1515
f 1500 1501 1517
f 1500 1517 1516
f 1501 1502 1518
f 1501 1518 1517
f 1502 1503 1519
f 1502 1519 1518
f 1503 1504 1520
f 1503 1520 1519
f 1505 1506 1522
f 1505 1522 1521
f 1506 1507 1523
f 1506 1523 1522
f 1507 1508 1524
f 1507 1524 1523
f 1508 1509 1525
f 1508 1525 1524
f 1509 1510 1526
f 1509 1526 1525
f 1510 1511 1527
f 1510 1527 1526
f 1511 1512 1528
f 1511 1528 1527
f 1512 1513 1529
f 1512 1529 1528
f 1513 1514 1530
f 1513 1530 1529
f 1514 1515 1531
f 1514 1531 1530
f 1515 1516 1532
f 1515 1532 1531
f 1516 1517 1533
f 1516 1533 1532
f 1517 1518 1534
f 1517 1534 1533
f 1518 1519 1535
f 1518 1535 1534
f 1519 1520 1536
f 1519 1536 1535
f 1537 1539 1540
f 1537 1540 1538
f 1539 1541 1542
f 1539 1542 1540
f 1541 1543 1544
f 1541 1544 1542
f 1543 1545 1546
f 1543 1546 1544
f 1545 1547 1548
f 1545 1548 1546
f 1547 1549 1550
f 1547 1550 1548
f 1549 1551 1552
f 1549 1552 1550
f 1551 1553 1554
f 1551 1554 1552
f 1553 1555 1556
f 1553 1556 1554
f 1555 1557 1558
f 1555 1558 1556
f 1557 1559 1560
f 1557 1560 1558
f 1559 1561 1562
f 1559 1562 1560
f 1561 1563 1564
f 1561 1564 1562
f 1563 1565 1566
f 1563 1566 1564
f 1565 1567 1568
f 1565 1568 1566
f 1567 1569 1570
f 1567 1570 1568
f 1569 1571 1572
f 1569 1572 1570
f 1571 1573 1574
f 1571 1574 1572
f 1573 1575 1576
f 1573 1576 1574
f 1575 1577 1578
f 1575 1578 1576
f 1577 1579 1580
f 1577 1580 1578
f 1579 1537 1538
f 1579 1538 1580
f 1581 1538 1540
f 1582 1539 1537
f 1581 1540 1542
f 1582 1541 1539
f 1581 1542 1544
f 1582 1543 1541
f 1581 1544 1546
f 1582 1545 1543
f 1581 1546 1548
f 1582 1547 1545
f 1581 1548 1550
f 1582 1549 1547
f 1581 1550 1552
f 1582 1551 1549
f 1581 1552 1554
f 1582 1553 1551
f 1581 1554 1556
f 1582 1555 1553
f 1581 1556 1558
f 1582 1557 1555
f 1581 1558 1560
f 1582 1559 1557
f 1581 1560 1562
f 1582 1561 1559
f 1581 1562 1564
f 1582 1563 1561
f 1581 1564 1566
f 1582 1565 1563
f 1581 1566 1568
f 1582 1567 1565
f 1581 1568 1570
f 1582 1569 1567
f 1581 1570 1572
f 1582 1571 1569
f 1581 1572 1574
f 1582 1573 1571
f 1581 1574 1576
f 1582 1575 1573
f 1581 1576 1578
f 1582 1577 1575
f 1581 1578 1580
f 1582 1579 1577
f 1581 1580 1538
f 1582 1537 1579
f 1583 1585 1586
f 1583 1586 1584
f 1585 1587 1588
f 1585 1588 1586
f 1587 1589 1590
f 1587 1590 1588
f 1589 1591 1592
f 1589 1592 1590
f 1591 1593 1594
f 1591 1594 1592
f 1593 1595 1596
f 1593 1596 1594
f 1595 1597 1598
f 1595 1598 1596
f 1597 1599 1600
f 1597 1600 1598
f 1599 1601 1602
f 1599 1602 1600
f 1601 1603 1604
f 1601 1604 1602
f 1603 1605 1606
f 1603 1606 1604
f 1605 1607 1608
f 1605 1608 1606
f 1607 1609 1610
f 1607 1610 1608
f 1609 1611 1612
f 1609 1612 1610
f 1611 1613 1614
f 1611 1614 1612
f 1613 1615 1616
f 1613 1616 1614
f 1615 1617 1618
f 1615 1618 1616
f 1617 1619 1620
f 1617 1620 1618
f 1619 1621 1622
f 1619 1622 1620
f 1621 1623 1624
f 1621 1624 1622
f 1623 1625 1626
f 1623 1626 1624
f 1625 1583 1584
f 1625 1584 1626
f 1627 1584 1586
f 1628 1585 1583
f 1627 1586 1588
f 1628 1587 1585
f 1627 1588 1590
f 1628 1589 1587
f 1627 1590 1592
f 1628 1591 1589
f 1627 1592 1594
f 1628 1593 1591
f 1627 1594 1596
f 1628 1595 1593
f 1627 1596 1598
f 1628 1597 1595
f 1627 1598 1600
f 1628 1599 1597
f 1627 1600 1602
f 1628 1601 1599
f 1627 1602 1604
f 1628 1603 1601
f 1627 1604 1606
f 1628 1605 1603
f 1627 1606 1608
f 1628 1607 1605
f 1627 1608 1610
f 1628 1609 1607
f 1627 1610 1612
f 1628 1611 1609
f 1627 1612 1614
f 1628 1613 1611
f 1627 1614 1616
f 1628 1615 1613
f 1627 1616 1618
f 1628 1617 1615
f 1627 1618 1620
f 1628 1619 1617
f 1627 1620 1622
f 1628 1621 1619
f 1627 1622 1624
f 1628 1623 1621
f 1627 1624 1626
f 1628 1625 1623
f 1627 1626 1584
f 1628 1583 1625
f 1629 1630 1639
f 1629 1639 1638
f 1630 1631 1640
f 1630 1640 1639
f 1631 1632 1641
f 1631 1641 1640
f 1632 1633 1642
f 1632 1642 1641
f 1633 1634 1643
f 1633 1643 1642
f 1634 1635 1644
f 1634 1644 1643
f 1635 1636 1645
f 1635 1645 1644
f 1636 1637 1646
f 1636 1646 1645
f 1638 1639 1648
f 1638 1648 1647
f 1639 1640 1649
f 1639 1649 1648
f 1640 1641 1650
f 1640 1650 1649
f 1641 1642 1651
f 1641 1651 1650
f 1642 1643 1652
f 1642 1652 1651
f 1643 1644 1653
f 1643 1653 1652
f 1644 1645 1654
f 1644 1654 1653
f 1645 1646 1655
f 1645 1655 1654
f 1647 1648 1657
f 1647 1657 1656
f 1648 1649 1658
f 1648 1658 1657
f 1649 1650 1659
f 1649 1659 1658
f 1650 1651 1660
f 1650 1660 1659
f 1651 1652 1661
f 1651 1661 1660
f 1652 1653 1662
f 1652 1662 1661
f 1653 1654 1663
f 1653 1663 1662
f 1654 1655 1664
f 1654 1664 1663
f 1656 1657 1666
f 1656 1666 1665
f 1657 1658 1667
f 1657 1667 1666
f 1658 1659 1668
f 1658 1668 1667
f 1659 1660 1669
f 1659 1669 1668
f 1660 1661 1670
f 1660 1670 1669
f 1661 1662 1671
f 1661 1671 1670
f 1662 1663 1672
f 1662 1672 1671
f 1663 1664 1673
f 1663 1673 1672
f 1665 1666 1675
f 1665 1675 1674
f 1666 1667 1676
f 1666 1676 1675
f 1667 1668 1677
f 1667 1677 1676
f 1668 1669 1678
f 1668 1678 1677
f 1669 1670 1679
f 1669 1679 1678
f 1670 1671 1680
f 1670 1680 1679
f 1671 1672 1681
f 1671 1681 1680
f 1672 1673 1682
f 1672 1682 1681
f 1674 1675 1684
f 1674 1684 1683
f 1675 1676 1685
f 1675 1685 1684
f 1676 1677 1686
f 1676 1686 1685
f 1677 1678 1687
f 1677 1687 1686
f 1678 1679 1688
f 1678 1688 1687
f 1679 1680 1689
f 1679 1689 1688
f 1680 1681 1690
f 1680 1690 1689
f 1681 1682 1691
f 1681 1691 1690
f 1683 1684 1693
f 1683 1693 1692
f 1684 1685 1694
f 1684 1694 1693
f 1685 1686 1695
f 1685 1695 1694
f 1686 1687 1696
f 1686 1696 1695
f 1687 1688 1697
f 1687 1697 1696
f 1688 1689 1698
f 1688 1698 1697
f 1689 1690 1699
f 1689 1699 1698
f 1690 1691 1700
f 1690 1700 1699
f 1692 1693 1702
f 1692 1702 1701
f 1693 1694 1703
f 1693 1703 1702
f 1694 1695 1704
f 1694 1704 1703
f 1695 1696 1705
f 1695 1705 1704
f 1696 1697 1706
f 1696 1706 1705
f 1697 1698 1707
f 1697 1707 1706
f 1698 1699 1708
f 1698 1708 1707
f 1699 1700 1709
f 1699 1709 1708
f 1710 1711 1720
f 1710 1720 1719
f 1711 1712 1721
f 1711 1721 1720
f 1712 1713 1722
f 1712 1722 1721
f 1713 1714 1723
f 1713 1723 1722
f 1714 1715 1724
f 1714 1724 1723
f 1715 1716 1725
f 1715 1725 1724
f 1716 1717 1726
f 1716 1726 1725
f 1717 1718 1727
f 1717 1727 1726
f 1719 1720 1729
f 1719 1729 1728
f 1720 1721 1730
f 1720 1730 1729
f 1721 1722 1731
f 1721 1731 1730
f 1722 1723 1732
f 1722 1732 1731
f 1723 1724 1733
f 1723 1733 1732
f 1724 1725 1734
f 1724 1734 1733
f 1725 1726 1735
f 1725 1735 1734
f 1726 1727 1736
f 1726 1736 1735
f 1728 1729 1738
f 1728 1738 1737
f 1729 1730 1739
f 1729 1739 1738
f 1730 1731 1740
f 1730 1740 1739
f 1731 1732 1741
f 1731 1741 1740
f 1732 1733 1742
f 1732 1742 1741
f 1733 1734 1743
f 1733 1743 1742
f 1734 1735 1744
f 1734 1744 1743
f 1735 1736 1745
f 1735 1745 1744
f 1737 1738 1747
f 1737 1747 1746
f 1738 1739 1748
f 1738 1748 1747
f 1739 1740 1749
f 1739 1749 1748
f 1740 1741 1750
f 1740 1750 1749
f 1741 1742 1751
f 1741 1751 1750
f 1742 1743 1752
f 1742 1752 1751
f 1743 1744 1753
f 1743 1753 1752
f 1744 1745 1754
f 1744 1754 1753
f 1746 1747 1756
f 1746 1756 1755
f 1747 1748 1757
f 1747 1757 1756
f 1748 1749 1758
f 1748 1758 1757
f 1749 1750 1759
f 1749 1759 1758
f 1750 1751 1760
f 1750 1760 1759
f 1751 1752 1761
f 1751 1761 1760
f 1752 1753 1762
f 1752 1762 1761
f 1753 1754 1763
f 1753 1763 1762
f 1755 1756 1765
f 1755 1765 1764
f 1756 1757 1766
f 1756 1766 1765
f 1757 1758 1767
f 1757 1767 1766
f 1758 1759 1768
f 1758 1768 1767
f 1759 1760 1769
f 1759 1769 1768
f 1760 1761 1770
f 1760 1770 1769
f 1761 1762 1771
f 1761 1771 1770
f 1762 1763 1772
f 1762 1772 1771
f 1764 1765 1774
f 1764 1774 1773
f 1765 1766 1775
f 1765 1775 1774
f 1766 1767 1776
f 1766 1776 1775
f 1767 1768 1777
f 1767 1777 1776
f 1768 1769 1778
f 1768 1778 1777
f 1769 1770 1779
f 1769 1779 1778
f 1770 1771 1780
f 1770 1780 1779
f 1771 1772 1781
f 1771 1781 1780
f 1773 1774 1783
f 1773 1783 1782
f 1774 1775 1784
f 1774 1784 1783
f 1775 1776 1785
f 1775 1785 1784
f 1776 1777 1786
f 1776 1786 1785
f 1777 1778 1787
f 1777 1787 1786
f 1778 1779 1788
f 1778 1788 1787
f 1779 1780 1789
f 1779 1789 1788
f 1780 1781 1790
f 1780 1790 1789
f 1791 1792 1801
f 1791 1801 1800
f 1792 1793 1802
f 1792 1802 1801
f 1793 1794 1803
f 1793 1803 1802
f 1794 1795 1804
f 1794 1804 1803
f 1795 1796 1805
f 1795 1805 1804
f 1796 1797 1806
f 1796 1806 1805
f 1797 1798 1807
f 1797 1807 1806
f 1798 1799 1808
f 1798 1808 1807
f 1800 1801 1810
f 1800 1810 1809
f 1801 1802 1811
f 1801 1811 1810
f 1802 1803 1812
f 1802 1812 1811
f 1803 1804 1813
f 1803 1813 1812
f 1804 1805 1814
f 1804 1814 1813
f 1805 1806 1815
f 1805 1815 1814
f 1806 1807 1816
f 1806 1816 1815
f 1807 1808 1817
f 1807 1817 1816
f 1809 1810 1819
f 1809 1819 1818
f 1810 1811 1820
f 1810 1820 1819
f 1811 1812 1821
f 1811 1821 1820
f 1812 1813 1822
f 1812 1822 1821
f 1813 1814 1823
f 1813 1823 1822
f 1814 1815 1824
f 1814 1824 1823
f 1815 1816 1825
f 1815 1825 1824
f 1816 1817 1826
f 1816 1826 1825
f 1818 1819 1828
f 1818 1828 1827
f 1819 1820 1829
f 1819 1829 1828
f 1820 1821 1830
f 1820 1830 1829
f 1821 1822 1831
f 1821 1831 1830
f 1822 1823 1832
f 1822 1832 1831
f 1823 1824 1833
f 1823 1833 1832
f 1824 1825 1834
f 1824 1834 1833
f 1825 1826 1835
f 1825 1835 1834
f 1827 1828 1837
f 1827 1837 1836
f 1828 1829 1838
f 1828 1838 1837
f 1829 1830 1839
f 1829 1839 1838
f 1830 1831 1840
f 1830 1840 1839
f 1831 1832 1841
f 1831 1841 1840
f 1832 1833 1842
f 1832 1842 1841
f 1833 1834 1843
f 1833 1843 1842
f 1834 1835 1844
f 1834 1844 1843
f 1836 1837 1846
f 1836 1846 1845
f 1837 1838 1847
f 1837 1847 1846
f 1838 1839 1848
f 1838 1848 1847
f 1839 1840 1849
f 1839 1849 1848
f 1840 1841 1850
f 1840 1850 1849
f 1841 1842 1851
f 1841 1851 1850
f 1842 1843 1852
f 1842 1852 1851
f 1843 1844 1853
f 1843 1853 1852
f 1845 1846 1855
f 1845 1855 1854
f 1846 1847 1856
f 1846 1856 1855
f 1847 1848 1857
f 1847 1857 1856
f 1848 1849 1858
f 1848 1858 1857
f 1849 1850 1859
f 1849 1859 1858
f 1850 1851 1860
f 1850 1860 1859
f 1851 1852 1861
f 1851 1861 1860
f 1852 1853 1862
f 1852 1862 1861
f 1854 1855 1864
f 1854 1864 1863
f 1855 1856 1865
f 1855 1865 1864
f 1856 1857 1866
f 1856 1866 1865
f 1857 1858 1867
f 1857 1867 1866
f 1858 1859 1868
f 1858 1868 1867
f 1859 1860 1869
f 1859 1869 1868
f 1860 1861 1870
f 1860 1870 1869
f 1861 1862 1871
f 1861 1871 1870
f 1872 1873 1882
f 1872 1882 1881
f 1873 1874 1883
f 1873 1883 1882
f 1874 1875 1884
f 1874 1884 1883
f 1875 1876 1885
f 1875 1885 1884
f 1876 1877 1886
f 1876 1886 1885
f 1877 1878 1887
f 1877 1887 1886
f 1878 1879 1888
f 1878 1888 1887
f 1879 1880 1889
f 1879 1889 1888
f 1881 1882 1891
f 1881 1891 1890
f 1882 1883 1892
f 1882 1892 1891
f 1883 1884 1893
f 1883 1893 1892
f 1884 1885 1894
f 1884 1894 1893
f 1885 1886 1895
f 1885 1895 1894
f 1886 1887 1896
f 1886 1896 1895
f 1887 1888 1897
f 1887 1897 1896
f 1888 1889 1898
f 1888 1898 1897
f 1890 1891 1900
f 1890 1900 1899
f 1891 1892 1901
f 1891 1901 1900
f 1892 1893 1902
f 1892 1902 1901
f 1893 1894 1903
f 1893 1903 1902
f 1894 1895 1904
f 1894 1904 1903
f 1895 1896 1905
f 1895 1905 1904
f 1896 1897 1906
f 1896 1906 1905
f 1897 1898 1907
f 1897 1907 1906
f 1899 1900 1909
f 1899 1909 1908
f 1900 1901 1910
f 1900 1910 1909
f 1901 1902 1911
f 1901 1911 1910
f 1902 1903 1912
f 1902 1912 1911
f 1903 1904 1913
f 1903 1913 1912
f 1904 1905 1914
f 1904 1914 1913
f 1905 1906 1915
f 1905 1915 1914
f 1906 1907 1916
f 1906 1916 1915
f 1908 1909 1918
f 1908 1918 1917
f 1909 1910 1919
f 1909 1919 1918
f 1910 1911 1920
f 1910 1920 1919
f 1911 1912 1921
f 1911 1921 1920
f 1912 1913 1922
f 1912 1922 1921
f 1913 1914 1923
f 1913 1923 1922
f 1914 1915 1924
f 1914 1924 1923
f 1915 1916 1925
f 1915 1925 1924
f 1917 1918 1927
f 1917 1927 1926
f 1918 1919 1928
f 1918 1928 1927
f 1919 1920 1929
f 1919 1929 1928
f 1920 1921 1930
f 1920 1930 1929
f 1921 1922 1931
f 1921 1931 1930
f 1922 1923 1932
f 1922 1932 1931
f 1923 1924 1933
f 1923 1933 1932
f 1924 1925 1934
f 1924 1934 1933
f 1926 1927 1936
f 1926 1936 1935
f 1927 1928 1937
f 1927 1937 1936
f 1928 1929 1938
f 1928 1938 1937
f 1929 1930 1939
f 1929 1939 1938
f 1930 1931 1940
f 1930 1940 1939
f 1931 1932 1941
f 1931 1941 1940
f 1932 1933 1942
f 1932 1942 1941
f 1933 1934 1943
f 1933 1943 1942
f 1935 1936 1945
f 1935 1945 1944
f 1936 1937 1946
f 1936 1946 1945
f 1937 1938 1947
f 1937 1947 1946
f 1938 1939 1948
f 1938 1948 1947
f 1939 1940 1949
f 1939 1949 1948
f 1940 1941 1950
f 1940 1950 1949
f 1941 1942 1951
f 1941 1951 1950
f 1942 1943 1952
f 1942 1952 1951
f 1953 1954 1963
f 1953 1963 1962
f 1954 1955 1964
f 1954 1964 1963
f 1955 1956 1965
f 1955 1965 1964
f 1956 1957 1966
f 1956 1966 1965
f 1957 1958 1967
f 1957 1967 1966
f 1958 1959 1968
f 1958 1968 1967
f 1959 1960 1969
f 1959 1969 1968
f 1960 1961 1970
f 1960 1970 1969
f 1962 1963 1972
f 1962 1972 1971
f 1963 1964 1973
f 1963 1973 1972
f 1964 1965 1974
f 1964 1974 1973
f 1965 1966 1975
f 1965 1975 1974
f 1966 1967 1976
f 1966 1976 1975
f 1967 1968 1977
f 1967 1977 1976
f 1968 1969 1978
f 1968 1978 1977
f 1969 1970 1979
f 1969 1979 1978
f 1971 1972 1981
f 1971 1981 1980
f 1972 1973 1982
f 1972 1982 1981
f 1973 1974 1983
f 1973 1983 1982
f 1974 1975 1984
f 1974 1984 1983
f 1975 1976 1985
f 1975 1985 1984
f 1976 1977 1986
f 1976 1986 1985
f 1977 1978 1987
f 1977 1987 1986
f 1978 1979 1988
f 1978 1988 1987
f 1980 1981 1990
f 1980 1990 1989
f 1981 1982 1991
f 1981 1991 1990
f 1982 1983 1992
f 1982 1992 1991
f 1983 1984 1993
f 1983 1993 1992
f 1984 1985 1994
f 1984 1994 1993
f 1985 1986 1995
f 1985 1995 1994
f 1986 1987 1996
f 1986 1996 1995
f 1987 1988 1997
f 1987 1997 1996
f 1989 1990 1999
f 1989 1999 1998
f 1990 1991 2000
f 1990 2000 1999
f 1991 1992 2001
f 1991 2001 2000
f 1992 1993 2002
f 1992 2002 2001
f 1993 1994 2003
f 1993 2003 2002
f 1994 1995 2004
f 1994 2004 2003
f 1995 1996 2005
f 1995 2005 2004
f 1996 1997 2006
f 1996 2006 2005
f 1998 1999 2008
f 1998 2008 2007
f 1999 2000 2009
f 1999 2009 2008
f 2000 2001 2010
f 2000 2010 2009
f 2001 2002 2011
f 2001 2011 2010
f 2002 2003 2012
f 2002 2012 2011
f 2003 2004 2013
f 2003 2013 2012
f 2004 2005 2014
f 2004 2014 2013
f 2005 2006 2015
f 2005 2015 2014
f 2007 2008 2017
f 2007 2017 2016
f 2008 2009 2018
f 2008 2018 2017
f 2009 2010 2019
f 2009 2019 2018
f 2010 2011 2020
f 2010 2020 2019
f 2011 2012 2021
f 2011 2021 2020
f 2012 2013 2022
f 2012 2022 2021
f 2013 2014 2023
f 2013 2023 2022
f 2014 2015 2024
f 2014 2024 2023
f 2016 2017 2026
f 2016 2026 2025
f 2017 2018 2027
f 2017 2027 2026
f 2018 2019 2028
f 2018 2028 2027
f 2019 2020 2029
f 2019 2029 2028
f 2020 2021 2030
f 2020 2030 2029
f 2021 2022 2031
f 2021 2031 2030
f 2022 2023 2032
f 2022 2032 2031
f 2023 2024 2033
f 2023 2033 2032
f 2034 2035 2044
f 2034 2044 2043
f 2035 2036 2045
f 2035 2045 2044
f 2036 2037 2046
f 2036 2046 2045
f 2037 2038 2047
f 2037 2047 2046
f 2038 2039 2048
f 2038 2048 2047
f 2039 2040 2049
f 2039 2049 2048
f 2040 2041 2050
f 2040 2050 2049
f 2041 2042 2051
f 2041 2051 2050
f 2043 2044 2053
f 2043 2053 2052
f 2044 2045 2054
f 2044 2054 2053
f 2045 2046 2055
f 2045 2055 2054
f 2046 2047 2056
f 2046 2056 2055
f 2047 2048 2057
f 2047 2057 2056
f 2048 2049 2058
f 2048 2058 2057
f 2049 2050 2059
f 2049 2059 2058
f 2050 2051 2060
f 2050 2060 2059
f 2052 2053 2062
f 2052 2062 2061
f 2053 2054 2063
f 2053 2063 2062
f 2054 2055 2064
f 2054 2064 2063
f 2055 2056 2065
f 2055 2065 2064
f 2056 2057 2066
f 2056 2066 2065
f 2057 2058 2067
f 2057 2067 2066
f 2058 2059 2068
f 2058 2068 2067
f 2059 2060 2069
f 2059 2069 2068
f 2061 2062 2071
f 2061 2071 2070
f 2062 2063 2072
f 2062 2072 2071
f 2063 2064 2073
f 2063 2073 2072
f 2064 2065 2074
f 2064 2074 2073
f 2065 2066 2075
f 2065 2075 2074
f 2066 2067 2076
f 2066 2076 2075
f 2067 2068 2077
f 2067 2077 2076
f 2068 2069 2078
f 2068 2078 2077
f 2070 2071 2080
f 2070 2080 2079
f 2071 2072 2081
f 2071 2081 2080
f 2072 2073 2082
f 2072 2082 2081
f 2073 2074 2083
f 2073 2083 2082
f 2074 2075 2084
f 2074 2084 2083
f 2075 2076 2085
f 2075 2085 2084
f 2076 2077 2086
f 2076 2086 2085
f 2077 2078 2087
f 2077 2087 2086
f 2079 2080 2089
f 2079 2089 2088
f 2080 2081 2090
f 2080 2090 2089
f 2081 2082 2091
f 2081 2091 2090
f 2082 2083 2092
f 2082 2092 2091
f 2083 2084 2093
f 2083 2093 2092
f 2084 2085 2094
f 2084 2094 2093
f 2085 2086 2095
f 2085 2095 2094
f 2086 2087 2096
f 2086 2096 2095
f 2088 2089 2098
f 2088 2098 2097
f 2089 2090 2099
f 2089 2099 2098
f 2090 2091 2100
f 2090 2100 2099
f 2091 2092 2101
f 2091 2101 2100
f 2092 2093 2102
f 2092 2102 2101
f 2093 2094 2103
f 2093 2103 2102
f 2094 2095 2104
f 2094 2104 2103
f 2095 2096 2105
f 2095 2105 2104
f 2097 2098 2107
f 2097 2107 2106
f 2098 2099 2108
f 2098 2108 2107
f 2099 2100 2109
f 2099 2109 2108
f 2100 2101 2110
f 2100 2110 2109
f 2101 2102 2111
f 2101 2111 2110
f 2102 2103 2112
f 2102 2112 2111
f 2103 2104 2113
f 2103 2113 2112
f 2104 2105 2114
f 2104 2114 2113
f 2115 2116 2125
f 2115 2125 2124
f 2116 2117 2126
f 2116 2126 2125
f 2117 2118 2127
f 2117 2127 2126
f 2118 2119 2128
f 2118 2128 2127
f 2119 2120 2129
f 2119 2129 2128
f 2120 2121 2130
f 2120 2130 2129
f 2121 2122 2131
f 2121 2131 2130
f 2122 2123 2132
f 2122 2132 2131
f 2124 2125 2134
f 2124 2134 2133
f 2125 2126 2135
f 2125 2135 2134
f 2126 2127 2136
f 2126 2136 2135
f 2127 2128 2137
f 2127 2137 2136
f 2128 2129 2138
f 2128 2138 2137
f 2129 2130 2139
f 2129 2139 2138
f 2130 2131 2140
f 2130 2140 2139
f 2131 2132 2141
f 2131 2141 2140
f 2133 2134 2143
f 2133 2143 2142
f 2134 2135 2144
f 2134 2144 2143
f 2135 2136 2145
f 2135 2145 2144
f 2136 2137 2146
f 2136 2146 2145
f 2137 2138 2147
f 2137 2147 2146
f 2138 2139 2148
f 2138 2148 2147
f 2139 2140 2149
f 2139 2149 2148
f 2140 2141 2150
f 2140 2150 2149
f 2142 2143 2152
f 2142 2152 2151
f 2143 2144 2153
f 2143 2153 2152
f 2144 2145 2154
f 2144 2154 2153
f 2145 2146 2155
f 2145 2155 2154
f 2146 2147 2156
f 2146 2156 2155
f 2147 2148 2157
f 2147 2157 2156
f 2148 2149 2158
f 2148 2158 2157
f 2149 2150 2159
f 2149 2159 2158
f 2151 2152 2161
f 2151 2161 2160
f 2152 2153 2162
f 2152 2162 2161
f 2153 2154 2163
f 2153 2163 2162
f 2154 2155 2164
f 2154 2164 2163
f 2155 2156 2165
f 2155 2165 2164
f 2156 2157 2166
f 2156 2166 2165
f 2157 2158 2167
f 2157 2167 2166
f 2158 2159 2168
f 2158 2168 2167
f 2160 2161 2170
f 2160 2170 2169
f 2161 2162 2171
f 2161 2171 2170
f 2162 2163 2172
f 2162 2172 2171
f 2163 2164 2173
f 2163 2173 2172
f 2164 2165 2174
f 2164 2174 2173
f 2165 2166 2175
f 2165 2175 2174
f 2166 2167 2176
f 2166 2176 2175
f 2167 2168 2177
f 2167 2177 2176
f 2169 2170 2179
f 2169 2179 2178
f 2170 2171 2180
f 2170 2180 2179
f 2171 2172 2181
f 2171 2181 2180
f 2172 2173 2182
f 2172 2182 2181
f 2173 2174 2183
f 2173 2183 2182
f 2174 2175 2184
f 2174 2184 2183
f 2175 2176 2185
f 2175 2185 2184
f 2176 2177 2186
f 2176 2186 2185
f 2178 2179 2188
f 2178 2188 2187
f 2179 2180 2189
f 2179 2189 2188
f 2180 2181 2190
f 2180 2190 2189
f 2181 2182 2191
f 2181 2191 2190
f 2182 2183 2192
f 2182 2192 2191
f 2183 2184 2193
f 2183 2193 2192
f 2184 2185 2194
f 2184 2194 2193
f 2185 2186 2195
f 2185 2195 2194
f 2196 2197 2206
f 2196 2206 2205
f 2197 2198 2207
f 2197 2207 2206
f 2198 2199 2208
f 2198 2208 2207
f 2199 2200 2209
f 2199 2209 2208
f 2200 2201 2210
f 2200 2210 2209
f 2201 2202 2211
f 2201 2211 2210
f 2202 2203 2212
f 2202 2212 2211
f 2203 2204 2213
f 2203 2213 2212
f 2205 2206 2215
f 2205 2215 2214
f 2206 2207 2216
f 2206 2216 2215
f 2207 2208 2217
f 2207 2217 2216
f 2208 2209 2218
f 2208 2218 2217
f 2209 2210 2219
f 2209 2219 2218
f 2210 2211 2220
f 2210 2220 2219
f 2211 2212 2221
f 2211 2221 2220
f 2212 2213 2222
f 2212 2222 2221
f 2214 2215 2224
f 2214 2224 2223
f 2215 2216 2225
f 2215 2225 2224
f 2216 2217 2226
f 2216 2226 2225
f 2217 2218 2227
f 2217 2227 2226
f 2218 2219 2228
f 2218 2228 2227
f 2219 2220 2229
f 2219 2229 2228
f 2220 2221 2230
f 2220 2230 2229
f 2221 2222 2231
f 2221 2231 2230
f 2223 2224 2233
f 2223 2233 2232
f 2224 2225 2234
f 2224 2234 2233
f 2225 2226 2235
f 2225 2235 2234
f 2226 2227 2236
f 2226 2236 2235
f 2227 2228 2237
f 2227 2237 2236
f 2228 2229 2238
f 2228 2238 2237
f 2229 2230 2239
f 2229 2239 2238
f 2230 2231 2240
f 2230 2240 2239
f 2232 2233 2242
f 2232 2242 2241
f 2233 2234 2243
f 2233 2243 2242
f 2234 2235 2244
f 2234 2244 2243
f 2235 2236 2245
f 2235 2245 2244
f 2236 2237 2246
f 2236 2246 2245
f 2237 2238 2247
f 2237 2247 2246
f 2238 2239 2248
f 2238 2248 2247
f 2239 2240 2249
f 2239 2249 2248
f 2241 2242 2251
f 2241 2251 2250
f 2242 2243 2252
f 2242 2252 2251
f 2243 2244 2253
f 2243 2253 2252
f 2244 2245 2254
f 2244 2254 2253
f 2245 2246 2255
f 2245 2255 2254
f 2246 2247 2256
f 2246 2256 2255
f 2247 2248 2257
f 2247 2257 2256
f 2248 2249 2258
f 2248 2258 2257
f 2250 2251 2260
f 2250 2260 2259
f 2251 2252 2261
f 2251 2261 2260
f 2252 2253 2262
f 2252 2262 2261
f 2253 2254 2263
f 2253 2263 2262
f 2254 2255 2264
f 2254 2264 2263
f 2255 2256 2265
f 2255 2265 2264
f 2256 2257 2266
f 2256 2266 2265
f 2257 2258 2267
f 2257 2267 2266
f 2259 2260 2269
f 2259 2269 2268
f 2260 2261 2270
f 2260 2270 2269
f 2261 2262 2271
f 2261 2271 2270
f 2262 2263 2272
f 2262 2272 2271
f 2263 2264 2273
f 2263 2273 2272
f 2264 2265 2274
f 2264 2274 2273
f 2265 2266 2275
f 2265 2275 2274
f 2266 2267 2276
f 2266 2276 2275
f 2277 2278 2287
f 2277 2287 2286
f 2278 2279 2288
f 2278 2288 2287
f 2279 2280 2289
f 2279 2289 2288
f 2280 2281 2290
f 2280 2290 2289
f 2281 2282 2291
f 2281 2291 2290
f 2282 2283 2292
f 2282 2292 2291
f 2283 2284 2293
f 2283 2293 2292
f 2284 2285 2294
f 2284 2294 2293
f 2286 2287 2296
f 2286 2296 2295
f 2287 2288 2297
f 2287 2297 2296
f 2288 2289 2298
f 2288 2298 2297
f 2289 2290 2299
f 2289 2299 2298
f 2290 2291 2300
f 2290 2300 2299
f 2291 2292 2301
f 2291 2301 2300
f 2292 2293 2302
f 2292 2302 2301
f 2293 2294 2303
f 2293 2303 2302
f 2295 2296 2305
f 2295 2305 2304
f 2296 2297 2306
f 2296 2306 2305
f 2297 2298 2307
f 2297 2307 2306
f 2298 2299 2308
f 2298 2308 2307
f 2299 2300 2309
f 2299 2309 2308
f 2300 2301 2310
f 2300 2310 2309
f 2301 2302 2311
f 2301 2311 2310
f 2302 2303 2312
f 2302 2312 2311
f 2304 2305 2314
f 2304 2314 2313
f 2305 2306 2315
f 2305 2315 2314
f 2306 2307 2316
f 2306 2316 2315
f 2307 2308 2317
f 2307 2317 2316
f 2308 2309 2318
f 2308 2318 2317
f 2309 2310 2319
f 2309 2319 2318
f 2310 2311 2320
f 2310 2320 2319
f 2311 2312 2321
f 2311 2321 2320
f 2313 2314 2323
f 2313 2323 2322
f 2314 2315 2324
f 2314 2324 2323
f 2315 2316 2325
f 2315 2325 2324
f 2316 2317 2326
f 2316 2326 2325
f 2317 2318 2327
f 2317 2327 2326
f 2318 2319 2328
f 2318 2328 2327
f 2319 2320 2329
f 2319 2329 2328
f 2320 2321 2330
f 2320 2330 2329
f 2322 2323 2332
f 2322 2332 2331
f 2323 2324 2333
f 2323 2333 2332
f 2324 2325 2334
f 2324 2334 2333
f 2325 2326 2335
f 2325 2335 2334
f 2326 2327 2336
f 2326 2336 2335
f 2327 2328 2337
f 2327 2337 2336
f 2328 2329 2338
f 2328 2338 2337
f 2329 2330 2339
f 2329 2339 2338
f 2331 2332 2341
f 2331 2341 2340
f 2332 2333 2342
f 2332 2342 2341
f 2333 2334 2343
f 2333 2343 2342
f 2334 2335 2344
f 2334 2344 2343
f 2335 2336 2345
f 2335 2345 2344
f 2336 2337 2346
f 2336 2346 2345
f 2337 2338 2347
f 2337 2347 2346
f 2338 2339 2348
f 2338 2348 2347
f 2340 2341 2350
f 2340 2350 2349
f 2341 2342 2351
f 2341 2351 2350
f 2342 2343 2352
f 2342 2352 2351
f 2343 2344 2353
f 2343 2353 2352
f 2344 2345 2354
f 2344 2354 2353
f 2345 2346 2355
f 2345 2355 2354
f 2346 2347 2356
f 2346 2356 2355
f 2347 2348 2357
f 2347 2357 2356
f 2358 2359 2368
f 2358 2368 2367
f 2359 2360 2369
f 2359 2369 2368
f 2360 2361 2370
f 2360 2370 2369
f 2361 2362 2371
f 2361 2371 2370
f 2362 2363 2372
f 2362 2372 2371
f 2363 2364 2373
f 2363 2373 2372
f 2364 2365 2374
f 2364 2374 2373
f 2365 2366 2375
f 2365 2375 2374
f 2367 2368 2377
f 2367 2377 2376
f 2368 2369 2378
f 2368 2378 2377
f 2369 2370 2379
f 2369 2379 2378
f 2370 2371 2380
f 2370 2380 2379
f 2371 2372 2381
f 2371 2381 2380
f 2372 2373 2382
f 2372 2382 2381
f 2373 2374 2383
f 2373 2383 2382
f 2374 2375 2384
f 2374 2384 2383
f 2376 2377 2386
f 2376 2386 2385
f 2377 2378 2387
f 2377 2387 2386
f 2378 2379 2388
f 2378 2388 2387
f 2379 2380 2389
f 2379 2389 2388
f 2380 2381 2390
f 2380 2390 2389
f 2381 2382 2391
f 2381 2391 2390
f 2382 2383 2392
f 2382 2392 2391
f 2383 2384 2393
f 2383 2393 2392
f 2385 2386 2395
f 2385 2395 2394
f 2386 2387 2396
f 2386 2396 2395
f 2387 2388 2397
f 2387 2397 2396
f 2388 2389 2398
f 2388 2398 2397
f 2389 2390 2399
f 2389 2399 2398
f 2390 2391 2400
f 2390 2400 2399
f 2391 2392 2401
f 2391 2401 2400
f 2392 2393 2402
f 2392 2402 2401
f 2394 2395 2404
f 2394 2404 2403
f 2395 2396 2405
f 2395 2405 2404
f 2396 2397 2406
f 2396 2406 2405
f 2397 2398 2407
f 2397 2407 2406
f 2398 2399 2408
f 2398 2408 2407
f 2399 2400 2409
f 2399 2409 2408
f 2400 2401 2410
f 2400 2410 2409
f 2401 2402 2411
f 2401 2411 2410
f 2403 2404 2413
f 2403 2413 2412
f 2404 2405 2414
f 2404 2414 2413
f 2405 2406 2415
f 2405 2415 2414
f 2406 2407 2416
f 2406 2416 2415
f 2407 2408 2417
f 2407 2417 2416
f 2408 2409 2418
f 2408 2418 2417
f 2409 2410 2419
f 2409 2419 2418
f 2410 2411 2420
f 2410 2420 2419
f 2412 2413 2422
f 2412 2422 2421
f 2413 2414 2423
f 2413 2423 2422
f 2414 2415 2424
f 2414 2424 2423
f 2415 2416 2425
f 2415 2425 2424
f 2416 2417 2426
f 2416 2426 2425
f 2417 2418 2427
f 2417 2427 2426
f 2418 2419 2428
f 2418 2428 2427
f 2419 2420 2429
f 2419 2429 2428
f 2421 2422 2431
f 2421 2431 2430
f 2422 2423 2432
f 2422 2432 2431
f 2423 2424 2433
f 2423 2433 2432
f 2424 2425 2434
f 2424 2434 2433
f 2425 2426 2435
f 2425 2435 2434
f 2426 2427 2436
f 2426 2436 2435
f 2427 2428 2437
f 2427 2437 2436
f 2428 2429 2438
f 2428 2438 2437
f 2439 2440 2449
f 2439 2449 2448
f 2440 2441 2450
f 2440 2450 2449
f 2441 2442 2451
f 2441 2451 2450
f 2442 2443 2452
f 2442 2452 2451
f 2443 2444 2453
f 2443 2453 2452
f 2444 2445 2454
f 2444 2454 2453
f 2445 2446 2455
f 2445 2455 2454
f 2446 2447 2456
f 2446 2456 2455
f 2448 2449 2458
f 2448 2458 2457
f 2449 2450 2459
f 2449 2459 2458
f 2450 2451 2460
f 2450 2460 2459
f 2451 2452 2461
f 2451 2461 2460
f 2452 2453 2462
f 2452 2462 2461
f 2453 2454 2463
f 2453 2463 2462
f 2454 2455 2464
f 2454 2464 2463
f 2455 2456 2465
f 2455 2465 2464
f 2457 2458 2467
f 2457 2467 2466
f 2458 2459 2468
f 2458 2468 2467
f 2459 2460 2469
f 2459 2469 2468
f 2460 2461 2470
f 2460 2470 2469
f 2461 2462 2471
f 2461 2471 2470
f 2462 2463 2472
f 2462 2472 2471
f 2463 2464 2473
f 2463 2473 2472
f 2464 2465 2474
f 2464 2474 2473
f 2466 2467 2476
f 2466 2476 2475
f 2467 2468 2477
f 2467 2477 2476
f 2468 2469 2478
f 2468 2478 2477
f 2469 2470 2479
f 2469 2479 2478
f 2470 2471 2480
f 2470 2480 2479
f 2471 2472 2481
f 2471 2481 2480
f 2472 2473 2482
f 2472 2482 2481
f 2473 2474 2483
f 2473 2483 2482
f 2475 2476 2485
f 2475 2485 2484
f 2476 2477 2486
f 2476 2486 2485
f 2477 2478 2487
f 2477 2487 2486
f 2478 2479 2488
f 2478 2488 2487
f 2479 2480 2489
f 2479 2489 2488
f 2480 2481 2490
f 2480 2490 2489
f 2481 2482 2491
f 2481 2491 2490
f 2482 2483 2492
f 2482 2492 2491
f 2484 2485 2494
f 2484 2494 2493
f 2485 2486 2495
f 2485 2495 2494
f 2486 2487 2496
f 2486 2496 2495
f 2487 2488 2497
f 2487 2497 2496
f 2488 2489 2498
f 2488 2498 2497
f 2489 2490 2499
f 2489 2499 2498
f 2490 2491 2500
f 2490 2500 2499
f 2491 2492 2501
f 2491 2501 2500
f 2493 2494 2503
f 2493 2503 2502
f 2494 2495 2504
f 2494 2504 2503
f 2495 2496 2505
f 2495 2505 2504
f 2496 2497 2506
f 2496 2506 2505
f 2497 2498 2507
f 2497 2507 2506
f 2498 2499 2508
f 2498 2508 2507
f 2499 2500 2509
f 2499 2509 2508
f 2500 2501 2510
f 2500 2510 2509
f 2502 2503 2512
f 2502 2512 2511
f 2503 2504 2513
f 2503 2513 2512
f 2504 2505 2514
f 2504 2514 2513
f 2505 2506 2515
f 2505 2515 2514
f 2506 2507 2516
f 2506 2516 2515
f 2507 2508 2517
f 2507 2517 2516
f 2508 2509 2518
f 2508 2518 2517
f 2509 2510 2519
f 2509 2519 2518
f 2520 2521 2530
f 2520 2530 2529
f 2521 2522 2531
f 2521 2531 2530
f 2522 2523 2532
f 2522 2532 2531
f 2523 2524 2533
f 2523 2533 2532
f 2524 2525 2534
f 2524 2534 2533
f 2525 2526 2535
f 2525 2535 2534
f 2526 2527 2536
f 2526 2536 2535
f 2527 2528 2537
f 2527 2537 2536
f 2529 2530 2539
f 2529 2539 2538
f 2530 2531 2540
f 2530 2540 2539
f 2531 2532 2541
f 2531 2541 2540
f 2532 2533 2542
f 2532 2542 2541
f 2533 2534 2543
f 2533 2543 2542
f 2534 2535 2544
f 2534 2544 2543
f 2535 2536 2545
f 2535 2545 2544
f 2536 2537 2546
f 2536 2546 2545
f 2538 2539 2548
f 2538 2548 2547
f 2539 2540 2549
f 2539 2549 2548
f 2540 2541 2550
f 2540 2550 2549
f 2541 2542 2551
f 2541 2551 2550
f 2542 2543 2552
f 2542 2552 2551
f 2543 2544 2553
f 2543 2553 2552
f 2544 2545 2554
f 2544 2554 2553
f 2545 2546 2555
f 2545 2555 2554
f 2547 2548 2557
f 2547 2557 2556
f 2548 2549 2558
f 2548 2558 2557
f 2549 2550 2559
f 2549 2559 2558
f 2550 2551 2560
f 2550 2560 2559
f 2551 2552 2561
f 2551 2561 2560
f 2552 2553 2562
f 2552 2562 2561
f 2553 2554 2563
f 2553 2563 2562
f 2554 2555 2564
f 2554 2564 2563
f 2556 2557 2566
f 2556 2566 2565
f 2557 2558 2567
f 2557 2567 2566
f 2558 2559 2568
f 2558 2568 2567
f 2559 2560 2569
f 2559 2569 2568
f 2560 2561 2570
f 2560 2570 2569
f 2561 2562 2571
f 2561 2571 2570
f 2562 2563 2572
f 2562 2572 2571
f 2563 2564 2573
f 2563 2573 2572
f 2565 2566 2575
f 2565 2575 2574
f 2566 2567 2576
f 2566 2576 2575
f 2567 2568 2577
f 2567 2577 2576
f 2568 2569 2578
f 2568 2578 2577
f 2569 2570 2579
f 2569 2579 2578
f 2570 2571 2580
f 2570 2580 2579
f 2571 2572 2581
f 2571 2581 2580
f 2572 2573 2582
f 2572 2582 2581
f 2574 2575 2584
f 2574 2584 2583
f 2575 2576 2585
f 2575 2585 2584
f 2576 2577 2586
f 2576 2586 2585
f 2577 2578 2587
f 2577 2587 2586
f 2578 2579 2588
f 2578 2588 2587
f 2579 2580 2589
f 2579 2589 2588
f 2580 2581 2590
f 2580 2590 2589
f 2581 2582 2591
f 2581 2591 2590
f 2583 2584 2593
f 2583 2593 2592
f 2584 2585 2594
f 2584 2594 2593
f 2585 2586 2595
f 2585 2595 2594
f 2586 2587 2596
f 2586 2596 2595
f 2587 2588 2597
f 2587 2597 2596
f 2588 2589 2598
f 2588 2598 2597
f 2589 2590 2599
f 2589 2599 2598
f 2590 2591 2600
f 2590 2600 2599
f 2601 2602 2611
f 2601 2611 2610
f 2602 2603 2612
f 2602 2612 2611
f 2603 2604 2613
f 2603 2613 2612
f 2604 2605 2614
f 2604 2614 2613
f 2605 2606 2615
f 2605 2615 2614
f 2606 2607 2616
f 2606 2616 2615
f 2607 2608 2617
f 2607 2617 2616
f 2608 2609 2618
f 2608 2618 2617
f 2610 2611 2620
f 2610 2620 2619
f 2611 2612 2621
f 2611 2621 2620
f 2612 2613 2622
f 2612 2622 2621
f 2613 2614 2623
f 2613 2623 2622
f 2614 2615 2624
f 2614 2624 2623
f 2615 2616 2625
f 2615 2625 2624
f 2616 2617 2626
f 2616 2626 2625
f 2617 2618 2627
f 2617 2627 2626
f 2619 2620 2629
f 2619 2629 2628
f 2620 2621 2630
f 2620 2630 2629
f 2621 2622 2631
f 2621 2631 2630
f 2622 2623 2632
f 2622 2632 2631
f 2623 2624 2633
f 2623 2633 2632
f 2624 2625 2634
f 2624 2634 2633
f 2625 2626 2635
f 2625 2635 2634
f 2626 2627 2636
f 2626 2636 2635
f 2628 2629 2638
f 2628 2638 2637
f 2629 2630 2639
f 2629 2639 2638
f 2630 2631 2640
f 2630 2640 2639
f 2631 2632 2641
f 2631 2641 2640
f 2632 2633 2642
f 2632 2642 2641
f 2633 2634 2643
f 2633 2643 2642
f 2634 2635 2644
f 2634 2644 2643
f 2635 2636 2645
f 2635 2645 2644
f 2637 2638 2647
f 2637 2647 2646
f 2638 2639 2648
f 2638 2648 2647
f 2639 2640 2649
f 2639 2649 2648
f 2640 2641 2650
f 2640 2650 2649
f 2641 2642 2651
f 2641 2651 2650
f 2642 2643 2652
f 2642 2652 2651
f 2643 2644 2653
f 2643 2653 2652
f 2644 2645 2654
f 2644 2654 2653
f 2646 2647 2656
f 2646 2656 2655
f 2647 2648 2657
f 2647 2657 2656
f 2648 2649 2658
f 2648 2658 2657
f 2649 2650 2659
f 2649 2659 2658
f 2650 2651 2660
f 2650 2660 2659
f 2651 2652 2661
f 2651 2661 2660
f 2652 2653 2662
f 2652 2662 2661
f 2653 2654 2663
f 2653 2663 2662
f 2655 2656 2665
f 2655 2665 2664
f 2656 2657 2666
f 2656 2666 2665
f 2657 2658 2667
f 2657 2667 2666
f 2658 2659 2668
f 2658 2668 2667
f 2659 2660 2669
f 2659 2669 2668
f 2660 2661 2670
f 2660 2670 2669
f 2661 2662 2671
f 2661 2671 2670
f 2662 2663 2672
f 2662 2672 2671
f 2664 2665 2674
f 2664 2674 2673
f 2665 2666 2675
f 2665 2675 2674
f 2666 2667 2676
f 2666 2676 2675
f 2667 2668 2677
f 2667 2677 2676
f 2668 2669 2678
f 2668 2678 2677
f 2669 2670 2679
f 2669 2679 2678
f 2670 2671 2680
f 2670 2680 2679
f 2671 2672 2681
f 2671 2681 2680
f 2682 2683 2692
f 2682 2692 2691
f 2683 2684 2693
f 2683 2693 2692
f 2684 2685 2694
f 2684 2694 2693
f 2685 2686 2695
f 2685 2695 2694
f 2686 2687 2696
f 2686 2696 2695
f 2687 2688 2697
f 2687 2697 2696
f 2688 2689 2698
f 2688 2698 2697
f 2689 2690 2699
f 2689 2699 2698
f 2691 2692 2701
f 2691 2701 2700
f 2692 2693 2702
f 2692 2702 2701
f 2693 2694 2703
f 2693 2703 2702
f 2694 2695 2704
f 2694 2704 2703
f 2695 2696 2705
f 2695 2705 2704
f 2696 2697 2706
f 2696 2706 2705
f 2697 2698 2707
f 2697 2707 2706
f 2698 2699 2708
f 2698 2708 2707
f 2700 2701 2710
f 2700 2710 2709
f 2701 2702 2711
f 2701 2711 2710
f 2702 2703 2712
f 2702 2712 2711
f 2703 2704 2713
f 2703 2713 2712
f 2704 2705 2714
f 2704 2714 2713
f 2705 2706 2715
f 2705 2715 2714
f 2706 2707 2716
f 2706 2716 2715
f 2707 2708 2717
f 2707 2717 2716
f 2709 2710 2719
f 2709 2719 2718
f 2710 2711 2720
f 2710 2720 2719
f 2711 2712 2721
f 2711 2721 2720
f 2712 2713 2722
f 2712 2722 2721
f 2713 2714 2723
f 2713 2723 2722
f 2714 2715 2724
f 2714 2724 2723
f 2715 2716 2725
f 2715 2725 2724
f 2716 2717 2726
f 2716 2726 2725
f 2718 2719 2728
f 2718 2728 2727
f 2719 2720 2729
f 2719 2729 2728
f 2720 2721 2730
f 2720 2730 2729
f 2721 2722 2731
f 2721 2731 2730
f 2722 2723 2732
f 2722 2732 2731
f 2723 2724 2733
f 2723 2733 2732
f 2724 2725 2734
f 2724 2734 2733
f 2725 2726 2735
f 2725 2735 2734
f 2727 2728 2737
f 2727 2737 2736
f 2728 2729 2738
f 2728 2738 2737
f 2729 2730 2739
f 2729 2739 2738
f 2730 2731 2740
f 2730 2740 2739
f 2731 2732 2741
f 2731 2741 2740
f 2732 2733 2742
f 2732 2742 2741
f 2733 2734 2743
f 2733 2743 2742
f 2734 2735 2744
f 2734 2744 2743
f 2736 2737 2746
f 2736 2746 2745
f 2737 2738 2747
f 2737 2747 2746
f 2738 2739 2748
f 2738 2748 2747
f 2739 2740 2749
f 2739 2749 2748
f 2740 2741 2750
f 2740 2750 2749
f 2741 2742 2751
f 2741 2751 2750
f 2742 2743 2752
f 2742 2752 2751
f 2743 2744 2753
f 2743 2753 2752
f 2745 2746 2755
f 2745 2755 2754
f 2746 2747 2756
f 2746 2756 2755
f 2747 2748 2757
f 2747 2757 2756
f 2748 2749 2758
f 2748 2758 2757
f 2749 2750 2759
f 2749 2759 2758
f 2750 2751 2760
f 2750 2760 2759
f 2751 2752 2761
f 2751 2761 2760
f 2752 2753 2762
f 2752 2762 2761
f 2763 2764 2773
f 2763 2773 2772
f 2764 2765 2774
f 2764 2774 2773
f 2765 2766 2775
f 2765 2775 2774
f 2766 2767 2776
f 2766 2776 2775
f 2767 2768 2777
f 2767 2777 2776
f 2768 2769 2778
f 2768 2778 2777
f 2769 2770 2779
f 2769 2779 2778
f 2770 2771 2780
f 2770 2780 2779
f 2772 2773 2782
f 2772 2782 2781
f 2773 2774 2783
f 2773 2783 2782
f 2774 2775 2784
f 2774 2784 2783
f 2775 2776 2785
f 2775 2785 2784
f 2776 2777 2786
f 2776 2786 2785
f 2777 2778 2787
f 2777 2787 2786
f 2778 2779 2788
f 2778 2788 2787
f 2779 2780 2789
f 2779 2789 2788
f 2781 2782 2791
f 2781 2791 2790
f 2782 2783 2792
f 2782 2792 2791
f 2783 2784 2793
f 2783 2793 2792
f 2784 2785 2794
f 2784 2794 2793
f 2785 2786 2795
f 2785 2795 2794
f 2786 2787 2796
f 2786 2796 2795
f 2787 2788 2797
f 2787 2797 2796
f 2788 2789 2798
f 2788 2798 2797
f 2790 2791 2800
f 2790 2800 2799
f 2791 2792 2801
f 2791 2801 2800
f 2792 2793 2802
f 2792 2802 2801
f 2793 2794 2803
f 2793 2803 2802
f 2794 2795 2804
f 2794 2804 2803
f 2795 2796 2805
f 2795 2805 2804
f 2796 2797 2806
f 2796 2806 2805
f 2797 2798 2807
f 2797 2807 2806
f 2799 2800 2809
f 2799 2809 2808
f 2800 2801 2810
f 2800 2810 2809
f 2801 2802 2811
f 2801 2811 2810
f 2802 2803 2812
f 2802 2812 2811
f 2803 2804 2813
f 2803 2813 2812
f 2804 2805 2814
f 2804 2814 2813
f 2805 2806 2815
f 2805 2815 2814
f 2806 2807 2816
f 2806 2816 2815
f 2808 2809 2818
f 2808 2818 2817
f 2809 2810 2819
f 2809 2819 2818
f 2810 2811 2820
f 2810 2820 2819
f 2811 2812 2821
f 2811 2821 2820
f 2812 2813 2822
f 2812 2822 2821
f 2813 2814 2823
f 2813 2823 2822
f 2814 2815 2824
f 2814 2824 2823
f 2815 2816 2825
f 2815 2825 2824
f 2817 2818 2827
f 2817 2827 2826
f 2818 2819 2828
f 2818 2828 2827
f 2819 2820 2829
f 2819 2829 2828
f 2820 2821 2830
f 2820 2830 2829
f 2821 2822 2831
f 2821 2831 2830
f 2822 2823 2832
f 2822 2832 2831
f 2823 2824 2833
f 2823 2833 2832
f 2824 2825 2834
f 2824 2834 2833
f 2826 2827 2836
f 2826 2836 2835
f 2827 2828 2837
f 2827 2837 2836
f 2828 2829 2838
f 2828 2838 2837
f 2829 2830 2839
f 2829 2839 2838
f 2830 2831 2840
f 2830 2840 2839
f 2831 2832 2841
f 2831 2841 2840
f 2832 2833 2842
f 2832 2842 2841
f 2833 2834 2843
f 2833 2843 2842
f 2844 2845 2854
f 2844 2854 2853
f 2845 2846 2855
f 2845 2855 2854
f 2846 2847 2856
f 2846 2856 2855
f 2847 2848 2857
f 2847 2857 2856
f 2848 2849 2858
f 2848 2858 2857
f 2849 2850 2859
f 2849 2859 2858
f 2850 2851 2860
f 2850 2860 2859
f 2851 2852 2861
f 2851 2861 2860
f 2853 2854 2863
f 2853 2863 2862
f 2854 2855 2864
f 2854 2864 2863
f 2855 2856 2865
f 2855 2865 2864
f 2856 2857 2866
f 2856 2866 2865
f 2857 2858 2867
f 2857 2867 2866
f 2858 2859 2868
f 2858 2868 2867
f 2859 2860 2869
f 2859 2869 2868
f 2860 2861 2870
f 2860 2870 2869
f 2862 2863 2872
f 2862 2872 2871
f 2863 2864 2873
f 2863 2873 2872
f 2864 2865 2874
f 2864 2874 2873
f 2865 2866 2875
f 2865 2875 2874
f 2866 2867 2876
f 2866 2876 2875
f 2867 2868 2877
f 2867 2877 2876
f 2868 2869 2878
f 2868 2878 2877
f 2869 2870 2879
f 2869 2879 2878
f 2871 2872 2881
f 2871 2881 2880
f 2872 2873 2882
f 2872 2882 2881
f 2873 2874 2883
f 2873 2883 2882
f 2874 2875 2884
f 2874 2884 2883
f 2875 2876 2885
f 2875 2885 2884
f 2876 2877 2886
f 2876 2886 2885
f 2877 2878 2887
f 2877 2887 2886
f 2878 2879 2888
f 2878 2888 2887
f 2880 2881 2890
f 2880 2890 2889
f 2881 2882 2891
f 2881 2891 2890
f 2882 2883 2892
f 2882 2892 2891
f 2883 2884 2893
f 2883 2893 2892
f 2884 2885 2894
f 2884 2894 2893
f 2885 2886 2895
f 2885 2895 2894
f 2886 2887 2896
f 2886 2896 2895
f 2887 2888 2897
f 2887 2897 2896
f 2889 2890 2899
f 2889 2899 2898
f 2890 2891 2900
f 2890 2900 2899
f 2891 2892 2901
f 2891 2901 2900
f 2892 2893 2902
f 2892 2902 2901
f 2893 2894 2903
f 2893 2903 2902
f 2894 2895 2904
f 2894 2904 2903
f 2895 2896 2905
f 2895 2905 2904
f 2896 2897 2906
f 2896 2906 2905
f 2898 2899 2908
f 2898 2908 2907
f 2899 2900 2909
f 2899 2909 2908
f 2900 2901 2910
f 2900 2910 2909
f 2901 2902 2911
f 2901 2911 2910
f 2902 2903 2912
f 2902 2912 2911
f 2903 2904 2913
f 2903 2913 2912
f 2904 2905 2914
f 2904 2914 2913
f 2905 2906 2915
f 2905 2915 2914
f 2907 2908 2917
f 2907 2917 2916
f 2908 2909 2918
f 2908 2918 2917
f 2909 2910 2919
f 2909 2919 2918
f 2910 2911 2920
f 2910 2920 2919
f 2911 2912 2921
f 2911 2921 2920
f 2912 2913 2922
f 2912 2922 2921
f 2913 2914 2923
f 2913 2923 2922
f 2914 2915 2924
f 2914 2924 2923
f 2925 2926 2935
f 2925 2935 2934
f 2926 2927 2936
f 2926 2936 2935
f 2927 2928 2937
f 2927 2937 2936
f 2928 2929 2938
f 2928 2938 2937
f 2929 2930 2939
f 2929 2939 2938
f 2930 2931 2940
f 2930 2940 2939
f 2931 2932 2941
f 2931 2941 2940
f 2932 2933 2942
f 2932 2942 2941
f 2934 2935 2944
f 2934 2944 2943
f 2935 2936 2945
f 2935 2945 2944
f 2936 2937 2946
f 2936 2946 2945
f 2937 2938 2947
f 2937 2947 2946
f 2938 2939 2948
f 2938 2948 2947
f 2939 2940 2949
f 2939 2949 2948
f 2940 2941 2950
f 2940 2950 2949
f 2941 2942 2951
f 2941 2951 2950
f 2943 2944 2953
f 2943 2953 2952
f 2944 2945 2954
f 2944 2954 2953
f 2945 2946 2955
f 2945 2955 2954
f 2946 2947 2956
f 2946 2956 2955
f 2947 2948 2957
f 2947 2957 2956
f 2948 2949 2958
f 2948 2958 2957
f 2949 2950 2959
f 2949 2959 2958
f 2950 2951 2960
f 2950 2960 2959
f 2952 2953 2962
f 2952 2962 2961
f 2953 2954 2963
f 2953 2963 2962
f 2954 2955 2964
f 2954 2964 2963
f 2955 2956 2965
f 2955 2965 2964
f 2956 2957 2966
f 2956 2966 2965
f 2957 2958 2967
f 2957 2967 2966
f 2958 2959 2968
f 2958 2968 2967
f 2959 2960 2969
f 2959 2969 2968
f 2961 2962 2971
f 2961 2971 2970
f 2962 2963 2972
f 2962 2972 2971
f 2963 2964 2973
f 2963 2973 2972
f 2964 2965 2974
f 2964 2974 2973
f 2965 2966 2975
f 2965 2975 2974
f 2966 2967 2976
f 2966 2976 2975
f 2967 2968 2977
f 2967 2977 2976
f 2968 2969 2978
f 2968 2978 2977
f 2970 2971 2980
f 2970 2980 2979
f 2971 2972 2981
f 2971 2981 2980
f 2972 2973 2982
f 2972 2982 2981
f 2973 2974 2983
f 2973 2983 2982
f 2974 2975 2984
f 2974 2984 2983
f 2975 2976 2985
f 2975 2985 2984
f 2976 2977 2986
f 2976 2986 2985
f 2977 2978 2987
f 2977 2987 2986
f 2979 2980 2989
f 2979 2989 2988
f 2980 2981 2990
f 2980 2990 2989
f 2981 2982 2991
f 2981 2991 2990
f 2982 2983 2992
f 2982 2992 2991
f 2983 2984 2993
f 2983 2993 2992
f 2984 2985 2994
f 2984 2994 2993
f 2985 2986 2995
f 2985 2995 2994
f 2986 2987 2996
f 2986 2996 2995
f 2988 2989 2998
f 2988 2998 2997
f 2989 2990 2999
f 2989 2999 2998
f 2990 2991 3000
f 2990 3000 2999
f 2991 2992 3001
f 2991 3001 3000
f 2992 2993 3002
f 2992 3002 3001
f 2993 2994 3003
f 2993 3003 3002
f 2994 2995 3004
f 2994 3004 3003
f 2995 2996 3005
f 2995 3005 3004
f 3006 3007 3016
f 3006 3016 3015
f 3007 3008 3017
f 3007 3017 3016
f 3008 3009 3018
f 3008 3018 3017
f 3009 3010 3019
f 3009 3019 3018
f 3010 3011 3020
f 3010 3020 3019
f 3011 3012 3021
f 3011 3021 3020
f 3012 3013 3022
f 3012 3022 3021
f 3013 3014 3023
f 3013 3023 3022
f 3015 3016 3025
f 3015 3025 3024
f 3016 3017 3026
f 3016 3026 3025
f 3017 3018 3027
f 3017 3027 3026
f 3018 3019 3028
f 3018 3028 3027
f 3019 3020 3029
f 3019 3029 3028
f 3020 3021 3030
f 3020 3030 3029
f 3021 3022 3031
f 3021 3031 3030
f 3022 3023 3032
f 3022 3032 3031
f 3024 3025 3034
f 3024 3034 3033
f 3025 3026 3035
f 3025 3035 3034
f 3026 3027 3036
f 3026 3036 3035
f 3027 3028 3037
f 3027 3037 3036
f 3028 3029 3038
f 3028 3038 3037
f 3029 3030 3039
f 3029 3039 3038
f 3030 3031 3040
f 3030 3040 3039
f 3031 3032 3041
f 3031 3041 3040
f 3033 3034 3043
f 3033 3043 3042
f 3034 3035 3044
f 3034 3044 3043
f 3035 3036 3045
f 3035 3045 3044
f 3036 3037 3046
f 3036 3046 3045
f 3037 3038 3047
f 3037 3047 3046
f 3038 3039 3048
f 3038 3048 3047
f 3039 3040 3049
f 3039 3049 3048
f 3040 3041 3050
f 3040 3050 3049
f 3042 3043 3052
f 3042 3052 3051
f 3043 3044 3053
f 3043 3053 3052
f 3044 3045 3054
f 3044 3054 3053
f 3045 3046 3055
f 3045 3055 3054
f 3046 3047 3056
f 3046 3056 3055
f 3047 3048 3057
f 3047 3057 3056
f 3048 3049 3058
f 3048 3058 3057
f 3049 3050 3059
f 3049 3059 3058
f 3051 3052 3061
f 3051 3061 3060
f 3052 3053 3062
f 3052 3062 3061
f 3053 3054 3063
f 3053 3063 3062
f 3054 3055 3064
f 3054 3064 3063
f 3055 3056 3065
f 3055 3065 3064
f 3056 3057 3066
f 3056 3066 3065
f 3057 3058 3067
f 3057 3067 3066
f 3058 3059 3068
f 3058 3068 3067
f 3060 3061 3070
f 3060 3070 3069
f 3061 3062 3071
f 3061 3071 3070
f 3062 3063 3072
f 3062 3072 3071
f 3063 3064 3073
f 3063 3073 3072
f 3064 3065 3074
f 3064 3074 3073
f 3065 3066 3075
f 3065 3075 3074
f 3066 3067 3076
f 3066 3076 3075
f 3067 3068 3077
f 3067 3077 3076
f 3069 3070 3079
f 3069 3079 3078
f 3070 3071 3080
f 3070 3080 3079
f 3071 3072 3081
f 3071 3081 3080
f 3072 3073 3082
f 3072 3082 3081
f 3073 3074 3083
f 3073 3083 3082
f 3074 3075 3084
f 3074 3084 3083
f 3075 3076 3085
f 3075 3085 3084
f 3076 3077 3086
f 3076 3086 3085
f 3087 3088 3097
f 3087 3097 3096
f 3088 3089 3098
f 3088 3098 3097
f 3089 3090 3099
f 3089 3099 3098
f 3090 3091 3100
f 3090 3100 3099
f 3091 3092 3101
f 3091 3101 3100
f 3092 3093 3102
f 3092 3102 3101
f 3093 3094 3103
f 3093 3103 3102
f 3094 3095 3104
f 3094 3104 3103
f 3096 3097 3106
f 3096 3106 3105
f 3097 3098 3107
f 3097 3107 3106
f 3098 3099 3108
f 3098 3108 3107
f 3099 3100 3109
f 3099 3109 3108
f 3100 3101 3110
f 3100 3110 3109
f 3101 3102 3111
f 3101 3111 3110
f 3102 3103 3112
f 3102 3112 3111
f 3103 3104 3113
f 3103 3113 3112
f 3105 3106 3115
f 3105 3115 3114
f 3106 3107 3116
f 3106 3116 3115
f 3107 3108 3117
f 3107 3117 3116
f 3108 3109 3118
f 3108 3118 3117
f 3109 3110 3119
f 3109 3119 3118
f 3110 3111 3120
f 3110 3120 3119
f 3111 3112 3121
f 3111 3121 3120
f 3112 3113 3122
f 3112 3122 3121
f 3114 3115 3124
f 3114 3124 3123
f 3115 3116 3125
f 3115 3125 3124
f 3116 3117 3126
f 3116 3126 3125
f 3117 3118 3127
f 3117 3127 3126
f 3118 3119 3128
f 3118 3128 3127
f 3119 3120 3129
f 3119 3129 3128
f 3120 3121 3130
f 3120 3130 3129
f 3121 3122 3131
f 3121 3131 3130
f 3123 3124 3133
f 3123 3133 3132
f 3124 3125 3134
f 3124 3134 3133
f 3125 3126 3135
f 3125 3135 3134
f 3126 3127 3136
f 3126 3136 3135
f 3127 3128 3137
f 3127 3137 3136
f 3128 3129 3138
f 3128 3138 3137
f 3129 3130 3139
f 3129 3139 3138
f 3130 3131 3140
f 3130 3140 3139
f 3132 3133 3142
f 3132 3142 3141
f 3133 3134 3143
f 3133 3143 3142
f 3134 3135 3144
f 3134 3144 3143
f 3135 3136 3145
f 3135 3145 3144
f 3136 3137 3146
f 3136 3146 3145
f 3137 3138 3147
f 3137 3147 3146
f 3138 3139 3148
f 3138 3148 3147
f 3139 3140 3149
f 3139 3149 3148
f 3141 3142 3151
f 3141 3151 3150
f 3142 3143 3152
f 3142 3152 3151
f 3143 3144 3153
f 3143 3153 3152
f 3144 3145 3154
f 3144 3154 3153
f 3145 3146 3155
f 3145 3155 3154
f 3146 3147 3156
f 3146 3156 3155
f 3147 3148 3157
f 3147 3157 3156
f 3148 3149 3158
f 3148 3158 3157
f 3150 3151 3160
f 3150 3160 3159
f 3151 3152 3161
f 3151 3161 3160
f 3152 3153 3162
f 3152 3162 3161
f 3153 3154 3163
f 3153 3163 3162
f 3154 3155 3164
f 3154 3164 3163
f 3155 3156 3165
f 3155 3165 3164
f 3156 3157 3166
f 3156 3166 3165
f 3157 3158 3167
f 3157 3167 3166
f 3168 3169 3178
f 3168 3178 3177
f 3169 3170 3179
f 3169 3179 3178
f 3170 3171 3180
f 3170 3180 3179
f 3171 3172 3181
f 3171 3181 3180
f 3172 3173 3182
f 3172 3182 3181
f 3173 3174 3183
f 3173 3183 3182
f 3174 3175 3184
f 3174 3184 3183
f 3175 3176 3185
f 3175 3185 3184
f 3177 3178 3187
f 3177 3187 3186
f 3178 3179 3188
f 3178 3188 3187
f 3179 3180 3189
f 3179 3189 3188
f 3180 3181 3190
f 3180 3190 3189
f 3181 3182 3191
f 3181 3191 3190
f 3182 3183 3192
f 3182 3192 3191
f 3183 3184 3193
f 3183 3193 3192
f 3184 3185 3194
f 3184 3194 3193
f 3186 3187 3196
f 3186 3196 3195
f 3187 3188 3197
f 3187 3197 3196
f 3188 3189 3198
f 3188 3198 3197
f 3189 3190 3199
f 3189 3199 3198
f 3190 3191 3200
f 3190 3200 3199
f 3191 3192 3201
f 3191 3201 3200
f 3192 3193 3202
f 3192 3202 3201
f 3193 3194 3203
f 3193 3203 3202
f 3195 3196 3205
f 3195 3205 3204
f 3196 3197 3206
f 3196 3206 3205
f 3197 3198 3207
f 3197 3207 3206
f 3198 3199 3208
f 3198 3208 3207
f 3199 3200 3209
f 3199 3209 3208
f 3200 3201 3210
f 3200 3210 3209
f 3201 3202 3211
f 3201 3211 3210
f 3202 3203 3212
f 3202 3212 3211
f 3204 3205 3214
f 3204 3214 3213
f 3205 3206 3215
f 3205 3215 3214
f 3206 3207 3216
f 3206 3216 3215
f 3207 3208 3217
f 3207 3217 3216
f 3208 3209 3218
f 3208 3218 3217
f 3209 3210 3219
f 3209 3219 3218
f 3210 3211 3220
f 3210 3220 3219
f 3211 3212 3221
f 3211 3221 3220
f 3213 3214 3223
f 3213 3223 3222
f 3214 3215 3224
f 3214 3224 3223
f 3215 3216 3225
f 3215 3225 3224
f 3216 3217 3226
f 3216 3226 3225
f 3217 3218 3227
f 3217 3227 3226
f 3218 3219 3228
f 3218 3228 3227
f 3219 3220 3229
f 3219 3229 3228
f 3220 3221 3230
f 3220 3230 3229
f 3222 3223 3232
f 3222 3232 3231
f 3223 3224 3233
f 3223 3233 3232
f 3224 3225 3234
f 3224 3234 3233
f 3225 3226 3235
f 3225 3235 3234
f 3226 3227 3236
f 3226 3236 3235
f 3227 3228 3237
f 3227 3237 3236
f 3228 3229 3238
f 3228 3238 3237
f 3229 3230 3239
f 3229 3239 3238
f 3231 3232 3241
f 3231 3241 3240
f 3232 3233 3242
f 3232 3242 3241
f 3233 3234 3243
f 3233 3243 3242
f 3234 3235 3244
f 3234 3244 3243
f 3235 3236 3245
f 3235 3245 3244
f 3236 3237 3246
f 3236 3246 3245
f 3237 3238 3247
f 3237 3247 3246
f 3238 3239 3248
f 3238 3248 3247
f 3249 3250 3259
f 3249 3259 3258
f 3250 3251 3260
f 3250 3260 3259
f 3251 3252 3261
f 3251 3261 3260
f 3252 3253 3262
f 3252 3262 3261
f 3253 3254 3263
f 3253 3263 3262
f 3254 3255 3264
f 3254 3264 3263
f 3255 3256 3265
f 3255 3265 3264
f 3256 3257 3266
f 3256 3266 3265
f 3258 3259 3268
f 3258 3268 3267
f 3259 3260 3269
f 3259 3269 3268
f 3260 3261 3270
f 3260 3270 3269
f 3261 3262 3271
f 3261 3271 3270
f 3262 3263 3272
f 3262 3272 3271
f 3263 3264 3273
f 3263 3273 3272
f 3264 3265 3274
f 3264 3274 3273
f 3265 3266 3275
f 3265 3275 3274
f 3267 3268 3277
f 3267 3277 3276
f 3268 3269 3278
f 3268 3278 3277
f 3269 3270 3279
f 3269 3279 3278
f 3270 3271 3280
f 3270 3280 3279
f 3271 3272 3281
f 3271 3281 3280
f 3272 3273 3282
f 3272 3282 3281
f 3273 3274 3283
f 3273 3283 3282
f 3274 3275 3284
f 3274 3284 3283
f 3276 3277 3286
f 3276 3286 3285
f 3277 3278 3287
f 3277 3287 3286
f 3278 3279 3288
f 3278 3288 3287
f 3279 3280 3289
f 3279 3289 3288
f 3280 3281 3290
f 3280 3290 3289
f 3281 3282 3291
f 3281 3291 3290
f 3282 3283 3292
f 3282 3292 3291
f 3283 3284 3293
f 3283 3293 3292
f 3285 3286 3295
f 3285 3295 3294
f 3286 3287 3296
f 3286 3296 3295
f 3287 3288 3297
f 3287 3297 3296
f 3288 3289 3298
f 3288 3298 3297
f 3289 3290 3299
f 3289 3299 3298
f 3290 3291 3300
f 3290 3300 3299
f 3291 3292 3301
f 3291 3301 3300
f 3292 3293 3302
f 3292 3302 3301
f 3294 3295 3304
f 3294 3304 3303
f 3295 3296 3305
f 3295 3305 3304
f 3296 3297 3306
f 3296 3306 3305
f 3297 3298 3307
f 3297 3307 3306
f 3298 3299 3308
f 3298 3308 3307
f 3299 3300 3309
f 3299 3309 3308
f 3300 3301 3310
f 3300 3310 3309
f 3301 3302 3311
f 3301 3311 3310
f 3303 3304 3313
f 3303 3313 3312
f 3304 3305 3314
f 3304 3314 3313
f 3305 3306 3315
f 3305 3315 3314
f 3306 3307 3316
f 3306 3316 3315
f 3307 3308 3317
f 3307 3317 3316
f 3308 3309 3318
f 3308 3318 3317
f 3309 3310 3319
f 3309 3319 3318
f 3310 3311 3320
f 3310 3320 3319
f 3312 3313 3322
f 3312 3322 3321
f 3313 3314 3323
f 3313 3323 3322
f 3314 3315 3324
f 3314 3324 3323
f 3315 3316 3325
f 3315 3325 3324
f 3316 3317 3326
f 3316 3326 3325
f 3317 3318 3327
f 3317 3327 3326
f 3318 3319 3328
f 3318 3328 3327
f 3319 3320 3329
f 3319 3329 3328
f 3330 3331 3340
f 3330 3340 3339
f 3331 3332 3341
f 3331 3341 3340
f 3332 3333 3342
f 3332 3342 3341
f 3333 3334 3343
f 3333 3343 3342
f 3334 3335 3344
f 3334 3344 3343
f 3335 3336 3345
f 3335 3345 3344
f 3336 3337 3346
f 3336 3346 3345
f 3337 3338 3347
f 3337 3347 3346
f 3339 3340 3349
f 3339 3349 3348
f 3340 3341 3350
f 3340 3350 3349
f 3341 3342 3351
f 3341 3351 3350
f 3342 3343 3352
f 3342 3352 3351
f 3343 3344 3353
f 3343 3353 3352
f 3344 3345 3354
f 3344 3354 3353
f 3345 3346 3355
f 3345 3355 3354
f 3346 3347 3356
f 3346 3356 3355
f 3348 3349 3358
f 3348 3358 3357
f 3349 3350 3359
f 3349 3359 3358
f 3350 3351 3360
f 3350 3360 3359
f 3351 3352 3361
f 3351 3361 3360
f 3352 3353 3362
f 3352 3362 3361
f 3353 3354 3363
f 3353 3363 3362
f 3354 3355 3364
f 3354 3364 3363
f 3355 3356 3365
f 3355 3365 3364
f 3357 3358 3367
f 3357 3367 3366
f 3358 3359 3368
f 3358 3368 3367
f 3359 3360 3369
f 3359 3369 3368
f 3360 3361 3370
f 3360 3370 3369
f 3361 3362 3371
f 3361 3371 3370
f 3362 3363 3372
f 3362 3372 3371
f 3363 3364 3373
f 3363 3373 3372
f 3364 3365 3374
f 3364 3374 3373
f 3366 3367 3376
f 3366 3376 3375
f 3367 3368 3377
f 3367 3377 3376
f 3368 3369 3378
f 3368 3378 3377
f 3369 3370 3379
f 3369 3379 3378
f 3370 3371 3380
f 3370 3380 3379
f 3371 3372 3381
f 3371 3381 3380
f 3372 3373 3382
f 3372 3382 3381
f 3373 3374 3383
f 3373 3383 3382
f 3375 3376 3385
f 3375 3385 3384
f 3376 3377 3386
f 3376 3386 3385
f 3377 3378 3387
f 3377 3387 3386
f 3378 3379 3388
f 3378 3388 3387
f 3379 3380 3389
f 3379 3389 3388
f 3380 3381 3390
f 3380 3390 3389
f 3381 3382 3391
f 3381 3391 3390
f 3382 3383 3392
f 3382 3392 3391
f 3384 3385 3394
f 3384 3394 3393
f 3385 3386 3395
f 3385 3395 3394
f 3386 3387 3396
f 3386 3396 3395
f 3387 3388 3397
f 3387 3397 3396
f 3388 3389 3398
f 3388 3398 3397
f 3389 3390 3399
f 3389 3399 3398
f 3390 3391 3400
f 3390 3400 3399
f 3391 3392 3401
f 3391 3401 3400
f 3393 3394 3403
f 3393 3403 3402
f 3394 3395 3404
f 3394 3404 3403
f 3395 3396 3405
f 3395 3405 3404
f 3396 3397 3406
f 3396 3406 3405
f 3397 3398 3407
f 3397 3407 3406
f 3398 3399 3408
f 3398 3408 3407
f 3399 3400 3409
f 3399 3409 3408
f 3400 3401 3410
f 3400 3410 3409
f 3411 3412 3421
f 3411 3421 3420
f 3412 3413 3422
f 3412 3422 3421
f 3413 3414 3423
f 3413 3423 3422
f 3414 3415 3424
f 3414 3424 3423
f 3415 3416 3425
f 3415 3425 3424
f 3416 3417 3426
f 3416 3426 3425
f 3417 3418 3427
f 3417 3427 3426
f 3418 3419 3428
f 3418 3428 3427
f 3420 3421 3430
f 3420 3430 3429
f 3421 3422 3431
f 3421 3431 3430
f 3422 3423 3432
f 3422 3432 3431
f 3423 3424 3433
f 3423 3433 3432
f 3424 3425 3434
f 3424 3434 3433
f 3425 3426 3435
f 3425 3435 3434
f 3426 3427 3436
f 3426 3436 3435
f 3427 3428 3437
f 3427 3437 3436
f 3429 3430 3439
f 3429 3439 3438
f 3430 3431 3440
f 3430 3440 3439
f 3431 3432 3441
f 3431 3441 3440
f 3432 3433 3442
f 3432 3442 3441
f 3433 3434 3443
f 3433 3443 3442
f 3434 3435 3444
f 3434 3444 3443
f 3435 3436 3445
f 3435 3445 3444
f 3436 3437 3446
f 3436 3446 3445
f 3438 3439 3448
f 3438 3448 3447
f 3439 3440 3449
f 3439 3449 3448
f 3440 3441 3450
f 3440 3450 3449
f 3441 3442 3451
f 3441 3451 3450
f 3442 3443 3452
f 3442 3452 3451
f 3443 3444 3453
f 3443 3453 3452
f 3444 3445 3454
f 3444 3454 3453
f 3445 3446 3455
f 3445 3455 3454
f 3447 3448 3457
f 3447 3457 3456
f 3448 3449 3458
f 3448 3458 3457
f 3449 3450 3459
f 3449 3459 3458
f 3450 3451 3460
f 3450 3460 3459
f 3451 3452 3461
f 3451 3461 3460
f 3452 3453 3462
f 3452 3462 3461
f 3453 3454 3463
f 3453 3463 3462
f 3454 3455 3464
f 3454 3464 3463
f 3456 3457 3466
f 3456 3466 3465
f 3457 3458 3467
f 3457 3467 3466
f 3458 3459 3468
f 3458 3468 3467
f 3459 3460 3469
f 3459 3469 3468
f 3460 3461 3470
f 3460 3470 3469
f 3461 3462 3471
f 3461 3471 3470
f 3462 3463 3472
f 3462 3472 3471
f 3463 3464 3473
f 3463 3473 3472
f 3465 3466 3475
f 3465 3475 3474
f 3466 3467 3476
f 3466 3476 3475
f 3467 3468 3477
f 3467 3477 3476
f 3468 3469 3478
f 3468 3478 3477
f 3469 3470 3479
f 3469 3479 3478
f 3470 3471 3480
f 3470 3480 3479
f 3471 3472 3481
f 3471 3481 3480
f 3472 3473 3482
f 3472 3482 3481
f 3474 3475 3484
f 3474 3484 3483
f 3475 3476 3485
f 3475 3485 3484
f 3476 3477 3486
f 3476 3486 3485
f 3477 3478 3487
f 3477 3487 3486
f 3478 3479 3488
f 3478 3488 3487
f 3479 3480 3489
f 3479 3489 3488
f 3480 3481 3490
f 3480 3490 3489
f 3481 3482 3491
f 3481 3491 3490
f 3492 3493 3502
f 3492 3502 3501
f 3493 3494 3503
f 3493 3503 3502
f 3494 3495 3504
f 3494 3504 3503
f 3495 3496 3505
f 3495 3505 3504
f 3496 3497 3506
f 3496 3506 3505
f 3497 3498 3507
f 3497 3507 3506
f 3498 3499 3508
f 3498 3508 3507
f 3499 3500 3509
f 3499 3509 3508
f 3501 3502 3511
f 3501 3511 3510
f 3502 3503 3512
f 3502 3512 3511
f 3503 3504 3513
f 3503 3513 3512
f 3504 3505 3514
f 3504 3514 3513
f 3505 3506 3515
f 3505 3515 3514
f 3506 3507 3516
f 3506 3516 3515
f 3507 3508 3517
f 3507 3517 3516
f 3508 3509 3518
f 3508 3518 3517
f 3510 3511 3520
f 3510 3520 3519
f 3511 3512 3521
f 3511 3521 3520
f 3512 3513 3522
f 3512 3522 3521
f 3513 3514 3523
f 3513 3523 3522
f 3514 3515 3524
f 3514 3524 3523
f 3515 3516 3525
f 3515 3525 3524
f 3516 3517 3526
f 3516 3526 3525
f 3517 3518 3527
f 3517 3527 3526
f 3519 3520 3529
f 3519 3529 3528
f 3520 3521 3530
f 3520 3530 3529
f 3521 3522 3531
f 3521 3531 3530
f 3522 3523 3532
f 3522 3532 3531
f 3523 3524 3533
f 3523 3533 3532
f 3524 3525 3534
f 3524 3534 3533
f 3525 3526 3535
f 3525 3535 3534
f 3526 3527 3536
f 3526 3536 3535
f 3528 3529 3538
f 3528 3538 3537
f 3529 3530 3539
f 3529 3539 3538
f 3530 3531 3540
f 3530 3540 3539
f 3531 3532 3541
f 3531 3541 3540
f 3532 3533 3542
f 3532 3542 3541
f 3533 3534 3543
f 3533 3543 3542
f 3534 3535 3544
f 3534 3544 3543
f 3535 3536 3545
f 3535 3545 3544
f 3537 3538 3547
f 3537 3547 3546
f 3538 3539 3548
f 3538 3548 3547
f 3539 3540 3549
f 3539 3549 3548
f 3540 3541 3550
f 3540 3550 3549
f 3541 3542 3551
f 3541 3551 3550
f 3542 3543 3552
f 3542 3552 3551
f 3543 3544 3553
f 3543 3553 3552
f 3544 3545 3554
f 3544 3554 3553
f 3546 3547 3556
f 3546 3556 3555
f 3547 3548 3557
f 3547 3557 3556
f 3548 3549 3558
f 3548 3558 3557
f 3549 3550 3559
f 3549 3559 3558
f 3550 3551 3560
f 3550 3560 3559
f 3551 3552 3561
f 3551 3561 3560
f 3552 3553 3562
f 3552 3562 3561
f 3553 3554 3563
f 3553 3563 3562
f 3555 3556 3565
f 3555 3565 3564
f 3556 3557 3566
f 3556 3566 3565
f 3557 3558 3567
f 3557 3567 3566
f 3558 3559 3568
f 3558 3568 3567
f 3559 3560 3569
f 3559 3569 3568
f 3560 3561 3570
f 3560 3570 3569
f 3561 3562 3571
f 3561 3571 3570
f 3562 3563 3572
f 3562 3572 3571
