# 보급 트럭 — 블록아웃 (예산 6000 tris)
# 삼각형 5952 · 조각 1
# 생성: tools/blockout — 손으로 고치지 말 것, 생성기를 고칠 것
g supplyTruck
v -1.2000 0.9000 1.7000
v -1.2000 1.0375 1.7000
v -1.2000 1.1750 1.7000
v -1.2000 1.3125 1.7000
v -1.2000 1.4500 1.7000
v -1.2000 1.5875 1.7000
v -1.2000 1.7250 1.7000
v -1.2000 1.8625 1.7000
v -1.2000 2.0000 1.7000
v -1.2000 2.1375 1.7000
v -1.2000 2.2750 1.7000
v -1.2000 2.4125 1.7000
v -1.2000 2.5500 1.7000
v -1.2000 2.6875 1.7000
v -1.2000 2.8250 1.7000
v -1.2000 2.9625 1.7000
v -1.2000 3.1000 1.7000
v -1.0500 0.9000 1.7000
v -1.0500 1.0375 1.7000
v -1.0500 1.1750 1.7000
v -1.0500 1.3125 1.7000
v -1.0500 1.4500 1.7000
v -1.0500 1.5875 1.7000
v -1.0500 1.7250 1.7000
v -1.0500 1.8625 1.7000
v -1.0500 2.0000 1.7000
v -1.0500 2.1375 1.7000
v -1.0500 2.2750 1.7000
v -1.0500 2.4125 1.7000
v -1.0500 2.5500 1.7000
v -1.0500 2.6875 1.7000
v -1.0500 2.8250 1.7000
v -1.0500 2.9625 1.7000
v -1.0500 3.1000 1.7000
v -0.9000 0.9000 1.7000
v -0.9000 1.0375 1.7000
v -0.9000 1.1750 1.7000
v -0.9000 1.3125 1.7000
v -0.9000 1.4500 1.7000
v -0.9000 1.5875 1.7000
v -0.9000 1.7250 1.7000
v -0.9000 1.8625 1.7000
v -0.9000 2.0000 1.7000
v -0.9000 2.1375 1.7000
v -0.9000 2.2750 1.7000
v -0.9000 2.4125 1.7000
v -0.9000 2.5500 1.7000
v -0.9000 2.6875 1.7000
v -0.9000 2.8250 1.7000
v -0.9000 2.9625 1.7000
v -0.9000 3.1000 1.7000
v -0.7500 0.9000 1.7000
v -0.7500 1.0375 1.7000
v -0.7500 1.1750 1.7000
v -0.7500 1.3125 1.7000
v -0.7500 1.4500 1.7000
v -0.7500 1.5875 1.7000
v -0.7500 1.7250 1.7000
v -0.7500 1.8625 1.7000
v -0.7500 2.0000 1.7000
v -0.7500 2.1375 1.7000
v -0.7500 2.2750 1.7000
v -0.7500 2.4125 1.7000
v -0.7500 2.5500 1.7000
v -0.7500 2.6875 1.7000
v -0.7500 2.8250 1.7000
v -0.7500 2.9625 1.7000
v -0.7500 3.1000 1.7000
v -0.6000 0.9000 1.7000
v -0.6000 1.0375 1.7000
v -0.6000 1.1750 1.7000
v -0.6000 1.3125 1.7000
v -0.6000 1.4500 1.7000
v -0.6000 1.5875 1.7000
v -0.6000 1.7250 1.7000
v -0.6000 1.8625 1.7000
v -0.6000 2.0000 1.7000
v -0.6000 2.1375 1.7000
v -0.6000 2.2750 1.7000
v -0.6000 2.4125 1.7000
v -0.6000 2.5500 1.7000
v -0.6000 2.6875 1.7000
v -0.6000 2.8250 1.7000
v -0.6000 2.9625 1.7000
v -0.6000 3.1000 1.7000
v -0.4500 0.9000 1.7000
v -0.4500 1.0375 1.7000
v -0.4500 1.1750 1.7000
v -0.4500 1.3125 1.7000
v -0.4500 1.4500 1.7000
v -0.4500 1.5875 1.7000
v -0.4500 1.7250 1.7000
v -0.4500 1.8625 1.7000
v -0.4500 2.0000 1.7000
v -0.4500 2.1375 1.7000
v -0.4500 2.2750 1.7000
v -0.4500 2.4125 1.7000
v -0.4500 2.5500 1.7000
v -0.4500 2.6875 1.7000
v -0.4500 2.8250 1.7000
v -0.4500 2.9625 1.7000
v -0.4500 3.1000 1.7000
v -0.3000 0.9000 1.7000
v -0.3000 1.0375 1.7000
v -0.3000 1.1750 1.7000
v -0.3000 1.3125 1.7000
v -0.3000 1.4500 1.7000
v -0.3000 1.5875 1.7000
v -0.3000 1.7250 1.7000
v -0.3000 1.8625 1.7000
v -0.3000 2.0000 1.7000
v -0.3000 2.1375 1.7000
v -0.3000 2.2750 1.7000
v -0.3000 2.4125 1.7000
v -0.3000 2.5500 1.7000
v -0.3000 2.6875 1.7000
v -0.3000 2.8250 1.7000
v -0.3000 2.9625 1.7000
v -0.3000 3.1000 1.7000
v -0.1500 0.9000 1.7000
v -0.1500 1.0375 1.7000
v -0.1500 1.1750 1.7000
v -0.1500 1.3125 1.7000
v -0.1500 1.4500 1.7000
v -0.1500 1.5875 1.7000
v -0.1500 1.7250 1.7000
v -0.1500 1.8625 1.7000
v -0.1500 2.0000 1.7000
v -0.1500 2.1375 1.7000
v -0.1500 2.2750 1.7000
v -0.1500 2.4125 1.7000
v -0.1500 2.5500 1.7000
v -0.1500 2.6875 1.7000
v -0.1500 2.8250 1.7000
v -0.1500 2.9625 1.7000
v -0.1500 3.1000 1.7000
v 0.0000 0.9000 1.7000
v 0.0000 1.0375 1.7000
v 0.0000 1.1750 1.7000
v 0.0000 1.3125 1.7000
v 0.0000 1.4500 1.7000
v 0.0000 1.5875 1.7000
v 0.0000 1.7250 1.7000
v 0.0000 1.8625 1.7000
v 0.0000 2.0000 1.7000
v 0.0000 2.1375 1.7000
v 0.0000 2.2750 1.7000
v 0.0000 2.4125 1.7000
v 0.0000 2.5500 1.7000
v 0.0000 2.6875 1.7000
v 0.0000 2.8250 1.7000
v 0.0000 2.9625 1.7000
v 0.0000 3.1000 1.7000
v 0.1500 0.9000 1.7000
v 0.1500 1.0375 1.7000
v 0.1500 1.1750 1.7000
v 0.1500 1.3125 1.7000
v 0.1500 1.4500 1.7000
v 0.1500 1.5875 1.7000
v 0.1500 1.7250 1.7000
v 0.1500 1.8625 1.7000
v 0.1500 2.0000 1.7000
v 0.1500 2.1375 1.7000
v 0.1500 2.2750 1.7000
v 0.1500 2.4125 1.7000
v 0.1500 2.5500 1.7000
v 0.1500 2.6875 1.7000
v 0.1500 2.8250 1.7000
v 0.1500 2.9625 1.7000
v 0.1500 3.1000 1.7000
v 0.3000 0.9000 1.7000
v 0.3000 1.0375 1.7000
v 0.3000 1.1750 1.7000
v 0.3000 1.3125 1.7000
v 0.3000 1.4500 1.7000
v 0.3000 1.5875 1.7000
v 0.3000 1.7250 1.7000
v 0.3000 1.8625 1.7000
v 0.3000 2.0000 1.7000
v 0.3000 2.1375 1.7000
v 0.3000 2.2750 1.7000
v 0.3000 2.4125 1.7000
v 0.3000 2.5500 1.7000
v 0.3000 2.6875 1.7000
v 0.3000 2.8250 1.7000
v 0.3000 2.9625 1.7000
v 0.3000 3.1000 1.7000
v 0.4500 0.9000 1.7000
v 0.4500 1.0375 1.7000
v 0.4500 1.1750 1.7000
v 0.4500 1.3125 1.7000
v 0.4500 1.4500 1.7000
v 0.4500 1.5875 1.7000
v 0.4500 1.7250 1.7000
v 0.4500 1.8625 1.7000
v 0.4500 2.0000 1.7000
v 0.4500 2.1375 1.7000
v 0.4500 2.2750 1.7000
v 0.4500 2.4125 1.7000
v 0.4500 2.5500 1.7000
v 0.4500 2.6875 1.7000
v 0.4500 2.8250 1.7000
v 0.4500 2.9625 1.7000
v 0.4500 3.1000 1.7000
v 0.6000 0.9000 1.7000
v 0.6000 1.0375 1.7000
v 0.6000 1.1750 1.7000
v 0.6000 1.3125 1.7000
v 0.6000 1.4500 1.7000
v 0.6000 1.5875 1.7000
v 0.6000 1.7250 1.7000
v 0.6000 1.8625 1.7000
v 0.6000 2.0000 1.7000
v 0.6000 2.1375 1.7000
v 0.6000 2.2750 1.7000
v 0.6000 2.4125 1.7000
v 0.6000 2.5500 1.7000
v 0.6000 2.6875 1.7000
v 0.6000 2.8250 1.7000
v 0.6000 2.9625 1.7000
v 0.6000 3.1000 1.7000
v 0.7500 0.9000 1.7000
v 0.7500 1.0375 1.7000
v 0.7500 1.1750 1.7000
v 0.7500 1.3125 1.7000
v 0.7500 1.4500 1.7000
v 0.7500 1.5875 1.7000
v 0.7500 1.7250 1.7000
v 0.7500 1.8625 1.7000
v 0.7500 2.0000 1.7000
v 0.7500 2.1375 1.7000
v 0.7500 2.2750 1.7000
v 0.7500 2.4125 1.7000
v 0.7500 2.5500 1.7000
v 0.7500 2.6875 1.7000
v 0.7500 2.8250 1.7000
v 0.7500 2.9625 1.7000
v 0.7500 3.1000 1.7000
v 0.9000 0.9000 1.7000
v 0.9000 1.0375 1.7000
v 0.9000 1.1750 1.7000
v 0.9000 1.3125 1.7000
v 0.9000 1.4500 1.7000
v 0.9000 1.5875 1.7000
v 0.9000 1.7250 1.7000
v 0.9000 1.8625 1.7000
v 0.9000 2.0000 1.7000
v 0.9000 2.1375 1.7000
v 0.9000 2.2750 1.7000
v 0.9000 2.4125 1.7000
v 0.9000 2.5500 1.7000
v 0.9000 2.6875 1.7000
v 0.9000 2.8250 1.7000
v 0.9000 2.9625 1.7000
v 0.9000 3.1000 1.7000
v 1.0500 0.9000 1.7000
v 1.0500 1.0375 1.7000
v 1.0500 1.1750 1.7000
v 1.0500 1.3125 1.7000
v 1.0500 1.4500 1.7000
v 1.0500 1.5875 1.7000
v 1.0500 1.7250 1.7000
v 1.0500 1.8625 1.7000
v 1.0500 2.0000 1.7000
v 1.0500 2.1375 1.7000
v 1.0500 2.2750 1.7000
v 1.0500 2.4125 1.7000
v 1.0500 2.5500 1.7000
v 1.0500 2.6875 1.7000
v 1.0500 2.8250 1.7000
v 1.0500 2.9625 1.7000
v 1.0500 3.1000 1.7000
v 1.2000 0.9000 1.7000
v 1.2000 1.0375 1.7000
v 1.2000 1.1750 1.7000
v 1.2000 1.3125 1.7000
v 1.2000 1.4500 1.7000
v 1.2000 1.5875 1.7000
v 1.2000 1.7250 1.7000
v 1.2000 1.8625 1.7000
v 1.2000 2.0000 1.7000
v 1.2000 2.1375 1.7000
v 1.2000 2.2750 1.7000
v 1.2000 2.4125 1.7000
v 1.2000 2.5500 1.7000
v 1.2000 2.6875 1.7000
v 1.2000 2.8250 1.7000
v 1.2000 2.9625 1.7000
v 1.2000 3.1000 1.7000
v 1.2000 0.9000 -2.9000
v 1.2000 1.0375 -2.9000
v 1.2000 1.1750 -2.9000
v 1.2000 1.3125 -2.9000
v 1.2000 1.4500 -2.9000
v 1.2000 1.5875 -2.9000
v 1.2000 1.7250 -2.9000
v 1.2000 1.8625 -2.9000
v 1.2000 2.0000 -2.9000
v 1.2000 2.1375 -2.9000
v 1.2000 2.2750 -2.9000
v 1.2000 2.4125 -2.9000
v 1.2000 2.5500 -2.9000
v 1.2000 2.6875 -2.9000
v 1.2000 2.8250 -2.9000
v 1.2000 2.9625 -2.9000
v 1.2000 3.1000 -2.9000
v 1.0500 0.9000 -2.9000
v 1.0500 1.0375 -2.9000
v 1.0500 1.1750 -2.9000
v 1.0500 1.3125 -2.9000
v 1.0500 1.4500 -2.9000
v 1.0500 1.5875 -2.9000
v 1.0500 1.7250 -2.9000
v 1.0500 1.8625 -2.9000
v 1.0500 2.0000 -2.9000
v 1.0500 2.1375 -2.9000
v 1.0500 2.2750 -2.9000
v 1.0500 2.4125 -2.9000
v 1.0500 2.5500 -2.9000
v 1.0500 2.6875 -2.9000
v 1.0500 2.8250 -2.9000
v 1.0500 2.9625 -2.9000
v 1.0500 3.1000 -2.9000
v 0.9000 0.9000 -2.9000
v 0.9000 1.0375 -2.9000
v 0.9000 1.1750 -2.9000
v 0.9000 1.3125 -2.9000
v 0.9000 1.4500 -2.9000
v 0.9000 1.5875 -2.9000
v 0.9000 1.7250 -2.9000
v 0.9000 1.8625 -2.9000
v 0.9000 2.0000 -2.9000
v 0.9000 2.1375 -2.9000
v 0.9000 2.2750 -2.9000
v 0.9000 2.4125 -2.9000
v 0.9000 2.5500 -2.9000
v 0.9000 2.6875 -2.9000
v 0.9000 2.8250 -2.9000
v 0.9000 2.9625 -2.9000
v 0.9000 3.1000 -2.9000
v 0.7500 0.9000 -2.9000
v 0.7500 1.0375 -2.9000
v 0.7500 1.1750 -2.9000
v 0.7500 1.3125 -2.9000
v 0.7500 1.4500 -2.9000
v 0.7500 1.5875 -2.9000
v 0.7500 1.7250 -2.9000
v 0.7500 1.8625 -2.9000
v 0.7500 2.0000 -2.9000
v 0.7500 2.1375 -2.9000
v 0.7500 2.2750 -2.9000
v 0.7500 2.4125 -2.9000
v 0.7500 2.5500 -2.9000
v 0.7500 2.6875 -2.9000
v 0.7500 2.8250 -2.9000
v 0.7500 2.9625 -2.9000
v 0.7500 3.1000 -2.9000
v 0.6000 0.9000 -2.9000
v 0.6000 1.0375 -2.9000
v 0.6000 1.1750 -2.9000
v 0.6000 1.3125 -2.9000
v 0.6000 1.4500 -2.9000
v 0.6000 1.5875 -2.9000
v 0.6000 1.7250 -2.9000
v 0.6000 1.8625 -2.9000
v 0.6000 2.0000 -2.9000
v 0.6000 2.1375 -2.9000
v 0.6000 2.2750 -2.9000
v 0.6000 2.4125 -2.9000
v 0.6000 2.5500 -2.9000
v 0.6000 2.6875 -2.9000
v 0.6000 2.8250 -2.9000
v 0.6000 2.9625 -2.9000
v 0.6000 3.1000 -2.9000
v 0.4500 0.9000 -2.9000
v 0.4500 1.0375 -2.9000
v 0.4500 1.1750 -2.9000
v 0.4500 1.3125 -2.9000
v 0.4500 1.4500 -2.9000
v 0.4500 1.5875 -2.9000
v 0.4500 1.7250 -2.9000
v 0.4500 1.8625 -2.9000
v 0.4500 2.0000 -2.9000
v 0.4500 2.1375 -2.9000
v 0.4500 2.2750 -2.9000
v 0.4500 2.4125 -2.9000
v 0.4500 2.5500 -2.9000
v 0.4500 2.6875 -2.9000
v 0.4500 2.8250 -2.9000
v 0.4500 2.9625 -2.9000
v 0.4500 3.1000 -2.9000
v 0.3000 0.9000 -2.9000
v 0.3000 1.0375 -2.9000
v 0.3000 1.1750 -2.9000
v 0.3000 1.3125 -2.9000
v 0.3000 1.4500 -2.9000
v 0.3000 1.5875 -2.9000
v 0.3000 1.7250 -2.9000
v 0.3000 1.8625 -2.9000
v 0.3000 2.0000 -2.9000
v 0.3000 2.1375 -2.9000
v 0.3000 2.2750 -2.9000
v 0.3000 2.4125 -2.9000
v 0.3000 2.5500 -2.9000
v 0.3000 2.6875 -2.9000
v 0.3000 2.8250 -2.9000
v 0.3000 2.9625 -2.9000
v 0.3000 3.1000 -2.9000
v 0.1500 0.9000 -2.9000
v 0.1500 1.0375 -2.9000
v 0.1500 1.1750 -2.9000
v 0.1500 1.3125 -2.9000
v 0.1500 1.4500 -2.9000
v 0.1500 1.5875 -2.9000
v 0.1500 1.7250 -2.9000
v 0.1500 1.8625 -2.9000
v 0.1500 2.0000 -2.9000
v 0.1500 2.1375 -2.9000
v 0.1500 2.2750 -2.9000
v 0.1500 2.4125 -2.9000
v 0.1500 2.5500 -2.9000
v 0.1500 2.6875 -2.9000
v 0.1500 2.8250 -2.9000
v 0.1500 2.9625 -2.9000
v 0.1500 3.1000 -2.9000
v 0.0000 0.9000 -2.9000
v 0.0000 1.0375 -2.9000
v 0.0000 1.1750 -2.9000
v 0.0000 1.3125 -2.9000
v 0.0000 1.4500 -2.9000
v 0.0000 1.5875 -2.9000
v 0.0000 1.7250 -2.9000
v 0.0000 1.8625 -2.9000
v 0.0000 2.0000 -2.9000
v 0.0000 2.1375 -2.9000
v 0.0000 2.2750 -2.9000
v 0.0000 2.4125 -2.9000
v 0.0000 2.5500 -2.9000
v 0.0000 2.6875 -2.9000
v 0.0000 2.8250 -2.9000
v 0.0000 2.9625 -2.9000
v 0.0000 3.1000 -2.9000
v -0.1500 0.9000 -2.9000
v -0.1500 1.0375 -2.9000
v -0.1500 1.1750 -2.9000
v -0.1500 1.3125 -2.9000
v -0.1500 1.4500 -2.9000
v -0.1500 1.5875 -2.9000
v -0.1500 1.7250 -2.9000
v -0.1500 1.8625 -2.9000
v -0.1500 2.0000 -2.9000
v -0.1500 2.1375 -2.9000
v -0.1500 2.2750 -2.9000
v -0.1500 2.4125 -2.9000
v -0.1500 2.5500 -2.9000
v -0.1500 2.6875 -2.9000
v -0.1500 2.8250 -2.9000
v -0.1500 2.9625 -2.9000
v -0.1500 3.1000 -2.9000
v -0.3000 0.9000 -2.9000
v -0.3000 1.0375 -2.9000
v -0.3000 1.1750 -2.9000
v -0.3000 1.3125 -2.9000
v -0.3000 1.4500 -2.9000
v -0.3000 1.5875 -2.9000
v -0.3000 1.7250 -2.9000
v -0.3000 1.8625 -2.9000
v -0.3000 2.0000 -2.9000
v -0.3000 2.1375 -2.9000
v -0.3000 2.2750 -2.9000
v -0.3000 2.4125 -2.9000
v -0.3000 2.5500 -2.9000
v -0.3000 2.6875 -2.9000
v -0.3000 2.8250 -2.9000
v -0.3000 2.9625 -2.9000
v -0.3000 3.1000 -2.9000
v -0.4500 0.9000 -2.9000
v -0.4500 1.0375 -2.9000
v -0.4500 1.1750 -2.9000
v -0.4500 1.3125 -2.9000
v -0.4500 1.4500 -2.9000
v -0.4500 1.5875 -2.9000
v -0.4500 1.7250 -2.9000
v -0.4500 1.8625 -2.9000
v -0.4500 2.0000 -2.9000
v -0.4500 2.1375 -2.9000
v -0.4500 2.2750 -2.9000
v -0.4500 2.4125 -2.9000
v -0.4500 2.5500 -2.9000
v -0.4500 2.6875 -2.9000
v -0.4500 2.8250 -2.9000
v -0.4500 2.9625 -2.9000
v -0.4500 3.1000 -2.9000
v -0.6000 0.9000 -2.9000
v -0.6000 1.0375 -2.9000
v -0.6000 1.1750 -2.9000
v -0.6000 1.3125 -2.9000
v -0.6000 1.4500 -2.9000
v -0.6000 1.5875 -2.9000
v -0.6000 1.7250 -2.9000
v -0.6000 1.8625 -2.9000
v -0.6000 2.0000 -2.9000
v -0.6000 2.1375 -2.9000
v -0.6000 2.2750 -2.9000
v -0.6000 2.4125 -2.9000
v -0.6000 2.5500 -2.9000
v -0.6000 2.6875 -2.9000
v -0.6000 2.8250 -2.9000
v -0.6000 2.9625 -2.9000
v -0.6000 3.1000 -2.9000
v -0.7500 0.9000 -2.9000
v -0.7500 1.0375 -2.9000
v -0.7500 1.1750 -2.9000
v -0.7500 1.3125 -2.9000
v -0.7500 1.4500 -2.9000
v -0.7500 1.5875 -2.9000
v -0.7500 1.7250 -2.9000
v -0.7500 1.8625 -2.9000
v -0.7500 2.0000 -2.9000
v -0.7500 2.1375 -2.9000
v -0.7500 2.2750 -2.9000
v -0.7500 2.4125 -2.9000
v -0.7500 2.5500 -2.9000
v -0.7500 2.6875 -2.9000
v -0.7500 2.8250 -2.9000
v -0.7500 2.9625 -2.9000
v -0.7500 3.1000 -2.9000
v -0.9000 0.9000 -2.9000
v -0.9000 1.0375 -2.9000
v -0.9000 1.1750 -2.9000
v -0.9000 1.3125 -2.9000
v -0.9000 1.4500 -2.9000
v -0.9000 1.5875 -2.9000
v -0.9000 1.7250 -2.9000
v -0.9000 1.8625 -2.9000
v -0.9000 2.0000 -2.9000
v -0.9000 2.1375 -2.9000
v -0.9000 2.2750 -2.9000
v -0.9000 2.4125 -2.9000
v -0.9000 2.5500 -2.9000
v -0.9000 2.6875 -2.9000
v -0.9000 2.8250 -2.9000
v -0.9000 2.9625 -2.9000
v -0.9000 3.1000 -2.9000
v -1.0500 0.9000 -2.9000
v -1.0500 1.0375 -2.9000
v -1.0500 1.1750 -2.9000
v -1.0500 1.3125 -2.9000
v -1.0500 1.4500 -2.9000
v -1.0500 1.5875 -2.9000
v -1.0500 1.7250 -2.9000
v -1.0500 1.8625 -2.9000
v -1.0500 2.0000 -2.9000
v -1.0500 2.1375 -2.9000
v -1.0500 2.2750 -2.9000
v -1.0500 2.4125 -2.9000
v -1.0500 2.5500 -2.9000
v -1.0500 2.6875 -2.9000
v -1.0500 2.8250 -2.9000
v -1.0500 2.9625 -2.9000
v -1.0500 3.1000 -2.9000
v -1.2000 0.9000 -2.9000
v -1.2000 1.0375 -2.9000
v -1.2000 1.1750 -2.9000
v -1.2000 1.3125 -2.9000
v -1.2000 1.4500 -2.9000
v -1.2000 1.5875 -2.9000
v -1.2000 1.7250 -2.9000
v -1.2000 1.8625 -2.9000
v -1.2000 2.0000 -2.9000
v -1.2000 2.1375 -2.9000
v -1.2000 2.2750 -2.9000
v -1.2000 2.4125 -2.9000
v -1.2000 2.5500 -2.9000
v -1.2000 2.6875 -2.9000
v -1.2000 2.8250 -2.9000
v -1.2000 2.9625 -2.9000
v -1.2000 3.1000 -2.9000
v -1.2000 0.9000 -2.9000
v -1.2000 1.0375 -2.9000
v -1.2000 1.1750 -2.9000
v -1.2000 1.3125 -2.9000
v -1.2000 1.4500 -2.9000
v -1.2000 1.5875 -2.9000
v -1.2000 1.7250 -2.9000
v -1.2000 1.8625 -2.9000
v -1.2000 2.0000 -2.9000
v -1.2000 2.1375 -2.9000
v -1.2000 2.2750 -2.9000
v -1.2000 2.4125 -2.9000
v -1.2000 2.5500 -2.9000
v -1.2000 2.6875 -2.9000
v -1.2000 2.8250 -2.9000
v -1.2000 2.9625 -2.9000
v -1.2000 3.1000 -2.9000
v -1.2000 0.9000 -2.6125
v -1.2000 1.0375 -2.6125
v -1.2000 1.1750 -2.6125
v -1.2000 1.3125 -2.6125
v -1.2000 1.4500 -2.6125
v -1.2000 1.5875 -2.6125
v -1.2000 1.7250 -2.6125
v -1.2000 1.8625 -2.6125
v -1.2000 2.0000 -2.6125
v -1.2000 2.1375 -2.6125
v -1.2000 2.2750 -2.6125
v -1.2000 2.4125 -2.6125
v -1.2000 2.5500 -2.6125
v -1.2000 2.6875 -2.6125
v -1.2000 2.8250 -2.6125
v -1.2000 2.9625 -2.6125
v -1.2000 3.1000 -2.6125
v -1.2000 0.9000 -2.3250
v -1.2000 1.0375 -2.3250
v -1.2000 1.1750 -2.3250
v -1.2000 1.3125 -2.3250
v -1.2000 1.4500 -2.3250
v -1.2000 1.5875 -2.3250
v -1.2000 1.7250 -2.3250
v -1.2000 1.8625 -2.3250
v -1.2000 2.0000 -2.3250
v -1.2000 2.1375 -2.3250
v -1.2000 2.2750 -2.3250
v -1.2000 2.4125 -2.3250
v -1.2000 2.5500 -2.3250
v -1.2000 2.6875 -2.3250
v -1.2000 2.8250 -2.3250
v -1.2000 2.9625 -2.3250
v -1.2000 3.1000 -2.3250
v -1.2000 0.9000 -2.0375
v -1.2000 1.0375 -2.0375
v -1.2000 1.1750 -2.0375
v -1.2000 1.3125 -2.0375
v -1.2000 1.4500 -2.0375
v -1.2000 1.5875 -2.0375
v -1.2000 1.7250 -2.0375
v -1.2000 1.8625 -2.0375
v -1.2000 2.0000 -2.0375
v -1.2000 2.1375 -2.0375
v -1.2000 2.2750 -2.0375
v -1.2000 2.4125 -2.0375
v -1.2000 2.5500 -2.0375
v -1.2000 2.6875 -2.0375
v -1.2000 2.8250 -2.0375
v -1.2000 2.9625 -2.0375
v -1.2000 3.1000 -2.0375
v -1.2000 0.9000 -1.7500
v -1.2000 1.0375 -1.7500
v -1.2000 1.1750 -1.7500
v -1.2000 1.3125 -1.7500
v -1.2000 1.4500 -1.7500
v -1.2000 1.5875 -1.7500
v -1.2000 1.7250 -1.7500
v -1.2000 1.8625 -1.7500
v -1.2000 2.0000 -1.7500
v -1.2000 2.1375 -1.7500
v -1.2000 2.2750 -1.7500
v -1.2000 2.4125 -1.7500
v -1.2000 2.5500 -1.7500
v -1.2000 2.6875 -1.7500
v -1.2000 2.8250 -1.7500
v -1.2000 2.9625 -1.7500
v -1.2000 3.1000 -1.7500
v -1.2000 0.9000 -1.4625
v -1.2000 1.0375 -1.4625
v -1.2000 1.1750 -1.4625
v -1.2000 1.3125 -1.4625
v -1.2000 1.4500 -1.4625
v -1.2000 1.5875 -1.4625
v -1.2000 1.7250 -1.4625
v -1.2000 1.8625 -1.4625
v -1.2000 2.0000 -1.4625
v -1.2000 2.1375 -1.4625
v -1.2000 2.2750 -1.4625
v -1.2000 2.4125 -1.4625
v -1.2000 2.5500 -1.4625
v -1.2000 2.6875 -1.4625
v -1.2000 2.8250 -1.4625
v -1.2000 2.9625 -1.4625
v -1.2000 3.1000 -1.4625
v -1.2000 0.9000 -1.1750
v -1.2000 1.0375 -1.1750
v -1.2000 1.1750 -1.1750
v -1.2000 1.3125 -1.1750
v -1.2000 1.4500 -1.1750
v -1.2000 1.5875 -1.1750
v -1.2000 1.7250 -1.1750
v -1.2000 1.8625 -1.1750
v -1.2000 2.0000 -1.1750
v -1.2000 2.1375 -1.1750
v -1.2000 2.2750 -1.1750
v -1.2000 2.4125 -1.1750
v -1.2000 2.5500 -1.1750
v -1.2000 2.6875 -1.1750
v -1.2000 2.8250 -1.1750
v -1.2000 2.9625 -1.1750
v -1.2000 3.1000 -1.1750
v -1.2000 0.9000 -0.8875
v -1.2000 1.0375 -0.8875
v -1.2000 1.1750 -0.8875
v -1.2000 1.3125 -0.8875
v -1.2000 1.4500 -0.8875
v -1.2000 1.5875 -0.8875
v -1.2000 1.7250 -0.8875
v -1.2000 1.8625 -0.8875
v -1.2000 2.0000 -0.8875
v -1.2000 2.1375 -0.8875
v -1.2000 2.2750 -0.8875
v -1.2000 2.4125 -0.8875
v -1.2000 2.5500 -0.8875
v -1.2000 2.6875 -0.8875
v -1.2000 2.8250 -0.8875
v -1.2000 2.9625 -0.8875
v -1.2000 3.1000 -0.8875
v -1.2000 0.9000 -0.6000
v -1.2000 1.0375 -0.6000
v -1.2000 1.1750 -0.6000
v -1.2000 1.3125 -0.6000
v -1.2000 1.4500 -0.6000
v -1.2000 1.5875 -0.6000
v -1.2000 1.7250 -0.6000
v -1.2000 1.8625 -0.6000
v -1.2000 2.0000 -0.6000
v -1.2000 2.1375 -0.6000
v -1.2000 2.2750 -0.6000
v -1.2000 2.4125 -0.6000
v -1.2000 2.5500 -0.6000
v -1.2000 2.6875 -0.6000
v -1.2000 2.8250 -0.6000
v -1.2000 2.9625 -0.6000
v -1.2000 3.1000 -0.6000
v -1.2000 0.9000 -0.3125
v -1.2000 1.0375 -0.3125
v -1.2000 1.1750 -0.3125
v -1.2000 1.3125 -0.3125
v -1.2000 1.4500 -0.3125
v -1.2000 1.5875 -0.3125
v -1.2000 1.7250 -0.3125
v -1.2000 1.8625 -0.3125
v -1.2000 2.0000 -0.3125
v -1.2000 2.1375 -0.3125
v -1.2000 2.2750 -0.3125
v -1.2000 2.4125 -0.3125
v -1.2000 2.5500 -0.3125
v -1.2000 2.6875 -0.3125
v -1.2000 2.8250 -0.3125
v -1.2000 2.9625 -0.3125
v -1.2000 3.1000 -0.3125
v -1.2000 0.9000 -0.0250
v -1.2000 1.0375 -0.0250
v -1.2000 1.1750 -0.0250
v -1.2000 1.3125 -0.0250
v -1.2000 1.4500 -0.0250
v -1.2000 1.5875 -0.0250
v -1.2000 1.7250 -0.0250
v -1.2000 1.8625 -0.0250
v -1.2000 2.0000 -0.0250
v -1.2000 2.1375 -0.0250
v -1.2000 2.2750 -0.0250
v -1.2000 2.4125 -0.0250
v -1.2000 2.5500 -0.0250
v -1.2000 2.6875 -0.0250
v -1.2000 2.8250 -0.0250
v -1.2000 2.9625 -0.0250
v -1.2000 3.1000 -0.0250
v -1.2000 0.9000 0.2625
v -1.2000 1.0375 0.2625
v -1.2000 1.1750 0.2625
v -1.2000 1.3125 0.2625
v -1.2000 1.4500 0.2625
v -1.2000 1.5875 0.2625
v -1.2000 1.7250 0.2625
v -1.2000 1.8625 0.2625
v -1.2000 2.0000 0.2625
v -1.2000 2.1375 0.2625
v -1.2000 2.2750 0.2625
v -1.2000 2.4125 0.2625
v -1.2000 2.5500 0.2625
v -1.2000 2.6875 0.2625
v -1.2000 2.8250 0.2625
v -1.2000 2.9625 0.2625
v -1.2000 3.1000 0.2625
v -1.2000 0.9000 0.5500
v -1.2000 1.0375 0.5500
v -1.2000 1.1750 0.5500
v -1.2000 1.3125 0.5500
v -1.2000 1.4500 0.5500
v -1.2000 1.5875 0.5500
v -1.2000 1.7250 0.5500
v -1.2000 1.8625 0.5500
v -1.2000 2.0000 0.5500
v -1.2000 2.1375 0.5500
v -1.2000 2.2750 0.5500
v -1.2000 2.4125 0.5500
v -1.2000 2.5500 0.5500
v -1.2000 2.6875 0.5500
v -1.2000 2.8250 0.5500
v -1.2000 2.9625 0.5500
v -1.2000 3.1000 0.5500
v -1.2000 0.9000 0.8375
v -1.2000 1.0375 0.8375
v -1.2000 1.1750 0.8375
v -1.2000 1.3125 0.8375
v -1.2000 1.4500 0.8375
v -1.2000 1.5875 0.8375
v -1.2000 1.7250 0.8375
v -1.2000 1.8625 0.8375
v -1.2000 2.0000 0.8375
v -1.2000 2.1375 0.8375
v -1.2000 2.2750 0.8375
v -1.2000 2.4125 0.8375
v -1.2000 2.5500 0.8375
v -1.2000 2.6875 0.8375
v -1.2000 2.8250 0.8375
v -1.2000 2.9625 0.8375
v -1.2000 3.1000 0.8375
v -1.2000 0.9000 1.1250
v -1.2000 1.0375 1.1250
v -1.2000 1.1750 1.1250
v -1.2000 1.3125 1.1250
v -1.2000 1.4500 1.1250
v -1.2000 1.5875 1.1250
v -1.2000 1.7250 1.1250
v -1.2000 1.8625 1.1250
v -1.2000 2.0000 1.1250
v -1.2000 2.1375 1.1250
v -1.2000 2.2750 1.1250
v -1.2000 2.4125 1.1250
v -1.2000 2.5500 1.1250
v -1.2000 2.6875 1.1250
v -1.2000 2.8250 1.1250
v -1.2000 2.9625 1.1250
v -1.2000 3.1000 1.1250
v -1.2000 0.9000 1.4125
v -1.2000 1.0375 1.4125
v -1.2000 1.1750 1.4125
v -1.2000 1.3125 1.4125
v -1.2000 1.4500 1.4125
v -1.2000 1.5875 1.4125
v -1.2000 1.7250 1.4125
v -1.2000 1.8625 1.4125
v -1.2000 2.0000 1.4125
v -1.2000 2.1375 1.4125
v -1.2000 2.2750 1.4125
v -1.2000 2.4125 1.4125
v -1.2000 2.5500 1.4125
v -1.2000 2.6875 1.4125
v -1.2000 2.8250 1.4125
v -1.2000 2.9625 1.4125
v -1.2000 3.1000 1.4125
v -1.2000 0.9000 1.7000
v -1.2000 1.0375 1.7000
v -1.2000 1.1750 1.7000
v -1.2000 1.3125 1.7000
v -1.2000 1.4500 1.7000
v -1.2000 1.5875 1.7000
v -1.2000 1.7250 1.7000
v -1.2000 1.8625 1.7000
v -1.2000 2.0000 1.7000
v -1.2000 2.1375 1.7000
v -1.2000 2.2750 1.7000
v -1.2000 2.4125 1.7000
v -1.2000 2.5500 1.7000
v -1.2000 2.6875 1.7000
v -1.2000 2.8250 1.7000
v -1.2000 2.9625 1.7000
v -1.2000 3.1000 1.7000
v 1.2000 0.9000 1.7000
v 1.2000 1.0375 1.7000
v 1.2000 1.1750 1.7000
v 1.2000 1.3125 1.7000
v 1.2000 1.4500 1.7000
v 1.2000 1.5875 1.7000
v 1.2000 1.7250 1.7000
v 1.2000 1.8625 1.7000
v 1.2000 2.0000 1.7000
v 1.2000 2.1375 1.7000
v 1.2000 2.2750 1.7000
v 1.2000 2.4125 1.7000
v 1.2000 2.5500 1.7000
v 1.2000 2.6875 1.7000
v 1.2000 2.8250 1.7000
v 1.2000 2.9625 1.7000
v 1.2000 3.1000 1.7000
v 1.2000 0.9000 1.4125
v 1.2000 1.0375 1.4125
v 1.2000 1.1750 1.4125
v 1.2000 1.3125 1.4125
v 1.2000 1.4500 1.4125
v 1.2000 1.5875 1.4125
v 1.2000 1.7250 1.4125
v 1.2000 1.8625 1.4125
v 1.2000 2.0000 1.4125
v 1.2000 2.1375 1.4125
v 1.2000 2.2750 1.4125
v 1.2000 2.4125 1.4125
v 1.2000 2.5500 1.4125
v 1.2000 2.6875 1.4125
v 1.2000 2.8250 1.4125
v 1.2000 2.9625 1.4125
v 1.2000 3.1000 1.4125
v 1.2000 0.9000 1.1250
v 1.2000 1.0375 1.1250
v 1.2000 1.1750 1.1250
v 1.2000 1.3125 1.1250
v 1.2000 1.4500 1.1250
v 1.2000 1.5875 1.1250
v 1.2000 1.7250 1.1250
v 1.2000 1.8625 1.1250
v 1.2000 2.0000 1.1250
v 1.2000 2.1375 1.1250
v 1.2000 2.2750 1.1250
v 1.2000 2.4125 1.1250
v 1.2000 2.5500 1.1250
v 1.2000 2.6875 1.1250
v 1.2000 2.8250 1.1250
v 1.2000 2.9625 1.1250
v 1.2000 3.1000 1.1250
v 1.2000 0.9000 0.8375
v 1.2000 1.0375 0.8375
v 1.2000 1.1750 0.8375
v 1.2000 1.3125 0.8375
v 1.2000 1.4500 0.8375
v 1.2000 1.5875 0.8375
v 1.2000 1.7250 0.8375
v 1.2000 1.8625 0.8375
v 1.2000 2.0000 0.8375
v 1.2000 2.1375 0.8375
v 1.2000 2.2750 0.8375
v 1.2000 2.4125 0.8375
v 1.2000 2.5500 0.8375
v 1.2000 2.6875 0.8375
v 1.2000 2.8250 0.8375
v 1.2000 2.9625 0.8375
v 1.2000 3.1000 0.8375
v 1.2000 0.9000 0.5500
v 1.2000 1.0375 0.5500
v 1.2000 1.1750 0.5500
v 1.2000 1.3125 0.5500
v 1.2000 1.4500 0.5500
v 1.2000 1.5875 0.5500
v 1.2000 1.7250 0.5500
v 1.2000 1.8625 0.5500
v 1.2000 2.0000 0.5500
v 1.2000 2.1375 0.5500
v 1.2000 2.2750 0.5500
v 1.2000 2.4125 0.5500
v 1.2000 2.5500 0.5500
v 1.2000 2.6875 0.5500
v 1.2000 2.8250 0.5500
v 1.2000 2.9625 0.5500
v 1.2000 3.1000 0.5500
v 1.2000 0.9000 0.2625
v 1.2000 1.0375 0.2625
v 1.2000 1.1750 0.2625
v 1.2000 1.3125 0.2625
v 1.2000 1.4500 0.2625
v 1.2000 1.5875 0.2625
v 1.2000 1.7250 0.2625
v 1.2000 1.8625 0.2625
v 1.2000 2.0000 0.2625
v 1.2000 2.1375 0.2625
v 1.2000 2.2750 0.2625
v 1.2000 2.4125 0.2625
v 1.2000 2.5500 0.2625
v 1.2000 2.6875 0.2625
v 1.2000 2.8250 0.2625
v 1.2000 2.9625 0.2625
v 1.2000 3.1000 0.2625
v 1.2000 0.9000 -0.0250
v 1.2000 1.0375 -0.0250
v 1.2000 1.1750 -0.0250
v 1.2000 1.3125 -0.0250
v 1.2000 1.4500 -0.0250
v 1.2000 1.5875 -0.0250
v 1.2000 1.7250 -0.0250
v 1.2000 1.8625 -0.0250
v 1.2000 2.0000 -0.0250
v 1.2000 2.1375 -0.0250
v 1.2000 2.2750 -0.0250
v 1.2000 2.4125 -0.0250
v 1.2000 2.5500 -0.0250
v 1.2000 2.6875 -0.0250
v 1.2000 2.8250 -0.0250
v 1.2000 2.9625 -0.0250
v 1.2000 3.1000 -0.0250
v 1.2000 0.9000 -0.3125
v 1.2000 1.0375 -0.3125
v 1.2000 1.1750 -0.3125
v 1.2000 1.3125 -0.3125
v 1.2000 1.4500 -0.3125
v 1.2000 1.5875 -0.3125
v 1.2000 1.7250 -0.3125
v 1.2000 1.8625 -0.3125
v 1.2000 2.0000 -0.3125
v 1.2000 2.1375 -0.3125
v 1.2000 2.2750 -0.3125
v 1.2000 2.4125 -0.3125
v 1.2000 2.5500 -0.3125
v 1.2000 2.6875 -0.3125
v 1.2000 2.8250 -0.3125
v 1.2000 2.9625 -0.3125
v 1.2000 3.1000 -0.3125
v 1.2000 0.9000 -0.6000
v 1.2000 1.0375 -0.6000
v 1.2000 1.1750 -0.6000
v 1.2000 1.3125 -0.6000
v 1.2000 1.4500 -0.6000
v 1.2000 1.5875 -0.6000
v 1.2000 1.7250 -0.6000
v 1.2000 1.8625 -0.6000
v 1.2000 2.0000 -0.6000
v 1.2000 2.1375 -0.6000
v 1.2000 2.2750 -0.6000
v 1.2000 2.4125 -0.6000
v 1.2000 2.5500 -0.6000
v 1.2000 2.6875 -0.6000
v 1.2000 2.8250 -0.6000
v 1.2000 2.9625 -0.6000
v 1.2000 3.1000 -0.6000
v 1.2000 0.9000 -0.8875
v 1.2000 1.0375 -0.8875
v 1.2000 1.1750 -0.8875
v 1.2000 1.3125 -0.8875
v 1.2000 1.4500 -0.8875
v 1.2000 1.5875 -0.8875
v 1.2000 1.7250 -0.8875
v 1.2000 1.8625 -0.8875
v 1.2000 2.0000 -0.8875
v 1.2000 2.1375 -0.8875
v 1.2000 2.2750 -0.8875
v 1.2000 2.4125 -0.8875
v 1.2000 2.5500 -0.8875
v 1.2000 2.6875 -0.8875
v 1.2000 2.8250 -0.8875
v 1.2000 2.9625 -0.8875
v 1.2000 3.1000 -0.8875
v 1.2000 0.9000 -1.1750
v 1.2000 1.0375 -1.1750
v 1.2000 1.1750 -1.1750
v 1.2000 1.3125 -1.1750
v 1.2000 1.4500 -1.1750
v 1.2000 1.5875 -1.1750
v 1.2000 1.7250 -1.1750
v 1.2000 1.8625 -1.1750
v 1.2000 2.0000 -1.1750
v 1.2000 2.1375 -1.1750
v 1.2000 2.2750 -1.1750
v 1.2000 2.4125 -1.1750
v 1.2000 2.5500 -1.1750
v 1.2000 2.6875 -1.1750
v 1.2000 2.8250 -1.1750
v 1.2000 2.9625 -1.1750
v 1.2000 3.1000 -1.1750
v 1.2000 0.9000 -1.4625
v 1.2000 1.0375 -1.4625
v 1.2000 1.1750 -1.4625
v 1.2000 1.3125 -1.4625
v 1.2000 1.4500 -1.4625
v 1.2000 1.5875 -1.4625
v 1.2000 1.7250 -1.4625
v 1.2000 1.8625 -1.4625
v 1.2000 2.0000 -1.4625
v 1.2000 2.1375 -1.4625
v 1.2000 2.2750 -1.4625
v 1.2000 2.4125 -1.4625
v 1.2000 2.5500 -1.4625
v 1.2000 2.6875 -1.4625
v 1.2000 2.8250 -1.4625
v 1.2000 2.9625 -1.4625
v 1.2000 3.1000 -1.4625
v 1.2000 0.9000 -1.7500
v 1.2000 1.0375 -1.7500
v 1.2000 1.1750 -1.7500
v 1.2000 1.3125 -1.7500
v 1.2000 1.4500 -1.7500
v 1.2000 1.5875 -1.7500
v 1.2000 1.7250 -1.7500
v 1.2000 1.8625 -1.7500
v 1.2000 2.0000 -1.7500
v 1.2000 2.1375 -1.7500
v 1.2000 2.2750 -1.7500
v 1.2000 2.4125 -1.7500
v 1.2000 2.5500 -1.7500
v 1.2000 2.6875 -1.7500
v 1.2000 2.8250 -1.7500
v 1.2000 2.9625 -1.7500
v 1.2000 3.1000 -1.7500
v 1.2000 0.9000 -2.0375
v 1.2000 1.0375 -2.0375
v 1.2000 1.1750 -2.0375
v 1.2000 1.3125 -2.0375
v 1.2000 1.4500 -2.0375
v 1.2000 1.5875 -2.0375
v 1.2000 1.7250 -2.0375
v 1.2000 1.8625 -2.0375
v 1.2000 2.0000 -2.0375
v 1.2000 2.1375 -2.0375
v 1.2000 2.2750 -2.0375
v 1.2000 2.4125 -2.0375
v 1.2000 2.5500 -2.0375
v 1.2000 2.6875 -2.0375
v 1.2000 2.8250 -2.0375
v 1.2000 2.9625 -2.0375
v 1.2000 3.1000 -2.0375
v 1.2000 0.9000 -2.3250
v 1.2000 1.0375 -2.3250
v 1.2000 1.1750 -2.3250
v 1.2000 1.3125 -2.3250
v 1.2000 1.4500 -2.3250
v 1.2000 1.5875 -2.3250
v 1.2000 1.7250 -2.3250
v 1.2000 1.8625 -2.3250
v 1.2000 2.0000 -2.3250
v 1.2000 2.1375 -2.3250
v 1.2000 2.2750 -2.3250
v 1.2000 2.4125 -2.3250
v 1.2000 2.5500 -2.3250
v 1.2000 2.6875 -2.3250
v 1.2000 2.8250 -2.3250
v 1.2000 2.9625 -2.3250
v 1.2000 3.1000 -2.3250
v 1.2000 0.9000 -2.6125
v 1.2000 1.0375 -2.6125
v 1.2000 1.1750 -2.6125
v 1.2000 1.3125 -2.6125
v 1.2000 1.4500 -2.6125
v 1.2000 1.5875 -2.6125
v 1.2000 1.7250 -2.6125
v 1.2000 1.8625 -2.6125
v 1.2000 2.0000 -2.6125
v 1.2000 2.1375 -2.6125
v 1.2000 2.2750 -2.6125
v 1.2000 2.4125 -2.6125
v 1.2000 2.5500 -2.6125
v 1.2000 2.6875 -2.6125
v 1.2000 2.8250 -2.6125
v 1.2000 2.9625 -2.6125
v 1.2000 3.1000 -2.6125
v 1.2000 0.9000 -2.9000
v 1.2000 1.0375 -2.9000
v 1.2000 1.1750 -2.9000
v 1.2000 1.3125 -2.9000
v 1.2000 1.4500 -2.9000
v 1.2000 1.5875 -2.9000
v 1.2000 1.7250 -2.9000
v 1.2000 1.8625 -2.9000
v 1.2000 2.0000 -2.9000
v 1.2000 2.1375 -2.9000
v 1.2000 2.2750 -2.9000
v 1.2000 2.4125 -2.9000
v 1.2000 2.5500 -2.9000
v 1.2000 2.6875 -2.9000
v 1.2000 2.8250 -2.9000
v 1.2000 2.9625 -2.9000
v 1.2000 3.1000 -2.9000
v -1.2000 3.1000 -2.9000
v -1.2000 3.1000 -2.6125
v -1.2000 3.1000 -2.3250
v -1.2000 3.1000 -2.0375
v -1.2000 3.1000 -1.7500
v -1.2000 3.1000 -1.4625
v -1.2000 3.1000 -1.1750
v -1.2000 3.1000 -0.8875
v -1.2000 3.1000 -0.6000
v -1.2000 3.1000 -0.3125
v -1.2000 3.1000 -0.0250
v -1.2000 3.1000 0.2625
v -1.2000 3.1000 0.5500
v -1.2000 3.1000 0.8375
v -1.2000 3.1000 1.1250
v -1.2000 3.1000 1.4125
v -1.2000 3.1000 1.7000
v -1.0500 3.1000 -2.9000
v -1.0500 3.1000 -2.6125
v -1.0500 3.1000 -2.3250
v -1.0500 3.1000 -2.0375
v -1.0500 3.1000 -1.7500
v -1.0500 3.1000 -1.4625
v -1.0500 3.1000 -1.1750
v -1.0500 3.1000 -0.8875
v -1.0500 3.1000 -0.6000
v -1.0500 3.1000 -0.3125
v -1.0500 3.1000 -0.0250
v -1.0500 3.1000 0.2625
v -1.0500 3.1000 0.5500
v -1.0500 3.1000 0.8375
v -1.0500 3.1000 1.1250
v -1.0500 3.1000 1.4125
v -1.0500 3.1000 1.7000
v -0.9000 3.1000 -2.9000
v -0.9000 3.1000 -2.6125
v -0.9000 3.1000 -2.3250
v -0.9000 3.1000 -2.0375
v -0.9000 3.1000 -1.7500
v -0.9000 3.1000 -1.4625
v -0.9000 3.1000 -1.1750
v -0.9000 3.1000 -0.8875
v -0.9000 3.1000 -0.6000
v -0.9000 3.1000 -0.3125
v -0.9000 3.1000 -0.0250
v -0.9000 3.1000 0.2625
v -0.9000 3.1000 0.5500
v -0.9000 3.1000 0.8375
v -0.9000 3.1000 1.1250
v -0.9000 3.1000 1.4125
v -0.9000 3.1000 1.7000
v -0.7500 3.1000 -2.9000
v -0.7500 3.1000 -2.6125
v -0.7500 3.1000 -2.3250
v -0.7500 3.1000 -2.0375
v -0.7500 3.1000 -1.7500
v -0.7500 3.1000 -1.4625
v -0.7500 3.1000 -1.1750
v -0.7500 3.1000 -0.8875
v -0.7500 3.1000 -0.6000
v -0.7500 3.1000 -0.3125
v -0.7500 3.1000 -0.0250
v -0.7500 3.1000 0.2625
v -0.7500 3.1000 0.5500
v -0.7500 3.1000 0.8375
v -0.7500 3.1000 1.1250
v -0.7500 3.1000 1.4125
v -0.7500 3.1000 1.7000
v -0.6000 3.1000 -2.9000
v -0.6000 3.1000 -2.6125
v -0.6000 3.1000 -2.3250
v -0.6000 3.1000 -2.0375
v -0.6000 3.1000 -1.7500
v -0.6000 3.1000 -1.4625
v -0.6000 3.1000 -1.1750
v -0.6000 3.1000 -0.8875
v -0.6000 3.1000 -0.6000
v -0.6000 3.1000 -0.3125
v -0.6000 3.1000 -0.0250
v -0.6000 3.1000 0.2625
v -0.6000 3.1000 0.5500
v -0.6000 3.1000 0.8375
v -0.6000 3.1000 1.1250
v -0.6000 3.1000 1.4125
v -0.6000 3.1000 1.7000
v -0.4500 3.1000 -2.9000
v -0.4500 3.1000 -2.6125
v -0.4500 3.1000 -2.3250
v -0.4500 3.1000 -2.0375
v -0.4500 3.1000 -1.7500
v -0.4500 3.1000 -1.4625
v -0.4500 3.1000 -1.1750
v -0.4500 3.1000 -0.8875
v -0.4500 3.1000 -0.6000
v -0.4500 3.1000 -0.3125
v -0.4500 3.1000 -0.0250
v -0.4500 3.1000 0.2625
v -0.4500 3.1000 0.5500
v -0.4500 3.1000 0.8375
v -0.4500 3.1000 1.1250
v -0.4500 3.1000 1.4125
v -0.4500 3.1000 1.7000
v -0.3000 3.1000 -2.9000
v -0.3000 3.1000 -2.6125
v -0.3000 3.1000 -2.3250
v -0.3000 3.1000 -2.0375
v -0.3000 3.1000 -1.7500
v -0.3000 3.1000 -1.4625
v -0.3000 3.1000 -1.1750
v -0.3000 3.1000 -0.8875
v -0.3000 3.1000 -0.6000
v -0.3000 3.1000 -0.3125
v -0.3000 3.1000 -0.0250
v -0.3000 3.1000 0.2625
v -0.3000 3.1000 0.5500
v -0.3000 3.1000 0.8375
v -0.3000 3.1000 1.1250
v -0.3000 3.1000 1.4125
v -0.3000 3.1000 1.7000
v -0.1500 3.1000 -2.9000
v -0.1500 3.1000 -2.6125
v -0.1500 3.1000 -2.3250
v -0.1500 3.1000 -2.0375
v -0.1500 3.1000 -1.7500
v -0.1500 3.1000 -1.4625
v -0.1500 3.1000 -1.1750
v -0.1500 3.1000 -0.8875
v -0.1500 3.1000 -0.6000
v -0.1500 3.1000 -0.3125
v -0.1500 3.1000 -0.0250
v -0.1500 3.1000 0.2625
v -0.1500 3.1000 0.5500
v -0.1500 3.1000 0.8375
v -0.1500 3.1000 1.1250
v -0.1500 3.1000 1.4125
v -0.1500 3.1000 1.7000
v 0.0000 3.1000 -2.9000
v 0.0000 3.1000 -2.6125
v 0.0000 3.1000 -2.3250
v 0.0000 3.1000 -2.0375
v 0.0000 3.1000 -1.7500
v 0.0000 3.1000 -1.4625
v 0.0000 3.1000 -1.1750
v 0.0000 3.1000 -0.8875
v 0.0000 3.1000 -0.6000
v 0.0000 3.1000 -0.3125
v 0.0000 3.1000 -0.0250
v 0.0000 3.1000 0.2625
v 0.0000 3.1000 0.5500
v 0.0000 3.1000 0.8375
v 0.0000 3.1000 1.1250
v 0.0000 3.1000 1.4125
v 0.0000 3.1000 1.7000
v 0.1500 3.1000 -2.9000
v 0.1500 3.1000 -2.6125
v 0.1500 3.1000 -2.3250
v 0.1500 3.1000 -2.0375
v 0.1500 3.1000 -1.7500
v 0.1500 3.1000 -1.4625
v 0.1500 3.1000 -1.1750
v 0.1500 3.1000 -0.8875
v 0.1500 3.1000 -0.6000
v 0.1500 3.1000 -0.3125
v 0.1500 3.1000 -0.0250
v 0.1500 3.1000 0.2625
v 0.1500 3.1000 0.5500
v 0.1500 3.1000 0.8375
v 0.1500 3.1000 1.1250
v 0.1500 3.1000 1.4125
v 0.1500 3.1000 1.7000
v 0.3000 3.1000 -2.9000
v 0.3000 3.1000 -2.6125
v 0.3000 3.1000 -2.3250
v 0.3000 3.1000 -2.0375
v 0.3000 3.1000 -1.7500
v 0.3000 3.1000 -1.4625
v 0.3000 3.1000 -1.1750
v 0.3000 3.1000 -0.8875
v 0.3000 3.1000 -0.6000
v 0.3000 3.1000 -0.3125
v 0.3000 3.1000 -0.0250
v 0.3000 3.1000 0.2625
v 0.3000 3.1000 0.5500
v 0.3000 3.1000 0.8375
v 0.3000 3.1000 1.1250
v 0.3000 3.1000 1.4125
v 0.3000 3.1000 1.7000
v 0.4500 3.1000 -2.9000
v 0.4500 3.1000 -2.6125
v 0.4500 3.1000 -2.3250
v 0.4500 3.1000 -2.0375
v 0.4500 3.1000 -1.7500
v 0.4500 3.1000 -1.4625
v 0.4500 3.1000 -1.1750
v 0.4500 3.1000 -0.8875
v 0.4500 3.1000 -0.6000
v 0.4500 3.1000 -0.3125
v 0.4500 3.1000 -0.0250
v 0.4500 3.1000 0.2625
v 0.4500 3.1000 0.5500
v 0.4500 3.1000 0.8375
v 0.4500 3.1000 1.1250
v 0.4500 3.1000 1.4125
v 0.4500 3.1000 1.7000
v 0.6000 3.1000 -2.9000
v 0.6000 3.1000 -2.6125
v 0.6000 3.1000 -2.3250
v 0.6000 3.1000 -2.0375
v 0.6000 3.1000 -1.7500
v 0.6000 3.1000 -1.4625
v 0.6000 3.1000 -1.1750
v 0.6000 3.1000 -0.8875
v 0.6000 3.1000 -0.6000
v 0.6000 3.1000 -0.3125
v 0.6000 3.1000 -0.0250
v 0.6000 3.1000 0.2625
v 0.6000 3.1000 0.5500
v 0.6000 3.1000 0.8375
v 0.6000 3.1000 1.1250
v 0.6000 3.1000 1.4125
v 0.6000 3.1000 1.7000
v 0.7500 3.1000 -2.9000
v 0.7500 3.1000 -2.6125
v 0.7500 3.1000 -2.3250
v 0.7500 3.1000 -2.0375
v 0.7500 3.1000 -1.7500
v 0.7500 3.1000 -1.4625
v 0.7500 3.1000 -1.1750
v 0.7500 3.1000 -0.8875
v 0.7500 3.1000 -0.6000
v 0.7500 3.1000 -0.3125
v 0.7500 3.1000 -0.0250
v 0.7500 3.1000 0.2625
v 0.7500 3.1000 0.5500
v 0.7500 3.1000 0.8375
v 0.7500 3.1000 1.1250
v 0.7500 3.1000 1.4125
v 0.7500 3.1000 1.7000
v 0.9000 3.1000 -2.9000
v 0.9000 3.1000 -2.6125
v 0.9000 3.1000 -2.3250
v 0.9000 3.1000 -2.0375
v 0.9000 3.1000 -1.7500
v 0.9000 3.1000 -1.4625
v 0.9000 3.1000 -1.1750
v 0.9000 3.1000 -0.8875
v 0.9000 3.1000 -0.6000
v 0.9000 3.1000 -0.3125
v 0.9000 3.1000 -0.0250
v 0.9000 3.1000 0.2625
v 0.9000 3.1000 0.5500
v 0.9000 3.1000 0.8375
v 0.9000 3.1000 1.1250
v 0.9000 3.1000 1.4125
v 0.9000 3.1000 1.7000
v 1.0500 3.1000 -2.9000
v 1.0500 3.1000 -2.6125
v 1.0500 3.1000 -2.3250
v 1.0500 3.1000 -2.0375
v 1.0500 3.1000 -1.7500
v 1.0500 3.1000 -1.4625
v 1.0500 3.1000 -1.1750
v 1.0500 3.1000 -0.8875
v 1.0500 3.1000 -0.6000
v 1.0500 3.1000 -0.3125
v 1.0500 3.1000 -0.0250
v 1.0500 3.1000 0.2625
v 1.0500 3.1000 0.5500
v 1.0500 3.1000 0.8375
v 1.0500 3.1000 1.1250
v 1.0500 3.1000 1.4125
v 1.0500 3.1000 1.7000
v 1.2000 3.1000 -2.9000
v 1.2000 3.1000 -2.6125
v 1.2000 3.1000 -2.3250
v 1.2000 3.1000 -2.0375
v 1.2000 3.1000 -1.7500
v 1.2000 3.1000 -1.4625
v 1.2000 3.1000 -1.1750
v 1.2000 3.1000 -0.8875
v 1.2000 3.1000 -0.6000
v 1.2000 3.1000 -0.3125
v 1.2000 3.1000 -0.0250
v 1.2000 3.1000 0.2625
v 1.2000 3.1000 0.5500
v 1.2000 3.1000 0.8375
v 1.2000 3.1000 1.1250
v 1.2000 3.1000 1.4125
v 1.2000 3.1000 1.7000
v -1.2000 0.9000 1.7000
v -1.2000 0.9000 1.4125
v -1.2000 0.9000 1.1250
v -1.2000 0.9000 0.8375
v -1.2000 0.9000 0.5500
v -1.2000 0.9000 0.2625
v -1.2000 0.9000 -0.0250
v -1.2000 0.9000 -0.3125
v -1.2000 0.9000 -0.6000
v -1.2000 0.9000 -0.8875
v -1.2000 0.9000 -1.1750
v -1.2000 0.9000 -1.4625
v -1.2000 0.9000 -1.7500
v -1.2000 0.9000 -2.0375
v -1.2000 0.9000 -2.3250
v -1.2000 0.9000 -2.6125
v -1.2000 0.9000 -2.9000
v -1.0500 0.9000 1.7000
v -1.0500 0.9000 1.4125
v -1.0500 0.9000 1.1250
v -1.0500 0.9000 0.8375
v -1.0500 0.9000 0.5500
v -1.0500 0.9000 0.2625
v -1.0500 0.9000 -0.0250
v -1.0500 0.9000 -0.3125
v -1.0500 0.9000 -0.6000
v -1.0500 0.9000 -0.8875
v -1.0500 0.9000 -1.1750
v -1.0500 0.9000 -1.4625
v -1.0500 0.9000 -1.7500
v -1.0500 0.9000 -2.0375
v -1.0500 0.9000 -2.3250
v -1.0500 0.9000 -2.6125
v -1.0500 0.9000 -2.9000
v -0.9000 0.9000 1.7000
v -0.9000 0.9000 1.4125
v -0.9000 0.9000 1.1250
v -0.9000 0.9000 0.8375
v -0.9000 0.9000 0.5500
v -0.9000 0.9000 0.2625
v -0.9000 0.9000 -0.0250
v -0.9000 0.9000 -0.3125
v -0.9000 0.9000 -0.6000
v -0.9000 0.9000 -0.8875
v -0.9000 0.9000 -1.1750
v -0.9000 0.9000 -1.4625
v -0.9000 0.9000 -1.7500
v -0.9000 0.9000 -2.0375
v -0.9000 0.9000 -2.3250
v -0.9000 0.9000 -2.6125
v -0.9000 0.9000 -2.9000
v -0.7500 0.9000 1.7000
v -0.7500 0.9000 1.4125
v -0.7500 0.9000 1.1250
v -0.7500 0.9000 0.8375
v -0.7500 0.9000 0.5500
v -0.7500 0.9000 0.2625
v -0.7500 0.9000 -0.0250
v -0.7500 0.9000 -0.3125
v -0.7500 0.9000 -0.6000
v -0.7500 0.9000 -0.8875
v -0.7500 0.9000 -1.1750
v -0.7500 0.9000 -1.4625
v -0.7500 0.9000 -1.7500
v -0.7500 0.9000 -2.0375
v -0.7500 0.9000 -2.3250
v -0.7500 0.9000 -2.6125
v -0.7500 0.9000 -2.9000
v -0.6000 0.9000 1.7000
v -0.6000 0.9000 1.4125
v -0.6000 0.9000 1.1250
v -0.6000 0.9000 0.8375
v -0.6000 0.9000 0.5500
v -0.6000 0.9000 0.2625
v -0.6000 0.9000 -0.0250
v -0.6000 0.9000 -0.3125
v -0.6000 0.9000 -0.6000
v -0.6000 0.9000 -0.8875
v -0.6000 0.9000 -1.1750
v -0.6000 0.9000 -1.4625
v -0.6000 0.9000 -1.7500
v -0.6000 0.9000 -2.0375
v -0.6000 0.9000 -2.3250
v -0.6000 0.9000 -2.6125
v -0.6000 0.9000 -2.9000
v -0.4500 0.9000 1.7000
v -0.4500 0.9000 1.4125
v -0.4500 0.9000 1.1250
v -0.4500 0.9000 0.8375
v -0.4500 0.9000 0.5500
v -0.4500 0.9000 0.2625
v -0.4500 0.9000 -0.0250
v -0.4500 0.9000 -0.3125
v -0.4500 0.9000 -0.6000
v -0.4500 0.9000 -0.8875
v -0.4500 0.9000 -1.1750
v -0.4500 0.9000 -1.4625
v -0.4500 0.9000 -1.7500
v -0.4500 0.9000 -2.0375
v -0.4500 0.9000 -2.3250
v -0.4500 0.9000 -2.6125
v -0.4500 0.9000 -2.9000
v -0.3000 0.9000 1.7000
v -0.3000 0.9000 1.4125
v -0.3000 0.9000 1.1250
v -0.3000 0.9000 0.8375
v -0.3000 0.9000 0.5500
v -0.3000 0.9000 0.2625
v -0.3000 0.9000 -0.0250
v -0.3000 0.9000 -0.3125
v -0.3000 0.9000 -0.6000
v -0.3000 0.9000 -0.8875
v -0.3000 0.9000 -1.1750
v -0.3000 0.9000 -1.4625
v -0.3000 0.9000 -1.7500
v -0.3000 0.9000 -2.0375
v -0.3000 0.9000 -2.3250
v -0.3000 0.9000 -2.6125
v -0.3000 0.9000 -2.9000
v -0.1500 0.9000 1.7000
v -0.1500 0.9000 1.4125
v -0.1500 0.9000 1.1250
v -0.1500 0.9000 0.8375
v -0.1500 0.9000 0.5500
v -0.1500 0.9000 0.2625
v -0.1500 0.9000 -0.0250
v -0.1500 0.9000 -0.3125
v -0.1500 0.9000 -0.6000
v -0.1500 0.9000 -0.8875
v -0.1500 0.9000 -1.1750
v -0.1500 0.9000 -1.4625
v -0.1500 0.9000 -1.7500
v -0.1500 0.9000 -2.0375
v -0.1500 0.9000 -2.3250
v -0.1500 0.9000 -2.6125
v -0.1500 0.9000 -2.9000
v 0.0000 0.9000 1.7000
v 0.0000 0.9000 1.4125
v 0.0000 0.9000 1.1250
v 0.0000 0.9000 0.8375
v 0.0000 0.9000 0.5500
v 0.0000 0.9000 0.2625
v 0.0000 0.9000 -0.0250
v 0.0000 0.9000 -0.3125
v 0.0000 0.9000 -0.6000
v 0.0000 0.9000 -0.8875
v 0.0000 0.9000 -1.1750
v 0.0000 0.9000 -1.4625
v 0.0000 0.9000 -1.7500
v 0.0000 0.9000 -2.0375
v 0.0000 0.9000 -2.3250
v 0.0000 0.9000 -2.6125
v 0.0000 0.9000 -2.9000
v 0.1500 0.9000 1.7000
v 0.1500 0.9000 1.4125
v 0.1500 0.9000 1.1250
v 0.1500 0.9000 0.8375
v 0.1500 0.9000 0.5500
v 0.1500 0.9000 0.2625
v 0.1500 0.9000 -0.0250
v 0.1500 0.9000 -0.3125
v 0.1500 0.9000 -0.6000
v 0.1500 0.9000 -0.8875
v 0.1500 0.9000 -1.1750
v 0.1500 0.9000 -1.4625
v 0.1500 0.9000 -1.7500
v 0.1500 0.9000 -2.0375
v 0.1500 0.9000 -2.3250
v 0.1500 0.9000 -2.6125
v 0.1500 0.9000 -2.9000
v 0.3000 0.9000 1.7000
v 0.3000 0.9000 1.4125
v 0.3000 0.9000 1.1250
v 0.3000 0.9000 0.8375
v 0.3000 0.9000 0.5500
v 0.3000 0.9000 0.2625
v 0.3000 0.9000 -0.0250
v 0.3000 0.9000 -0.3125
v 0.3000 0.9000 -0.6000
v 0.3000 0.9000 -0.8875
v 0.3000 0.9000 -1.1750
v 0.3000 0.9000 -1.4625
v 0.3000 0.9000 -1.7500
v 0.3000 0.9000 -2.0375
v 0.3000 0.9000 -2.3250
v 0.3000 0.9000 -2.6125
v 0.3000 0.9000 -2.9000
v 0.4500 0.9000 1.7000
v 0.4500 0.9000 1.4125
v 0.4500 0.9000 1.1250
v 0.4500 0.9000 0.8375
v 0.4500 0.9000 0.5500
v 0.4500 0.9000 0.2625
v 0.4500 0.9000 -0.0250
v 0.4500 0.9000 -0.3125
v 0.4500 0.9000 -0.6000
v 0.4500 0.9000 -0.8875
v 0.4500 0.9000 -1.1750
v 0.4500 0.9000 -1.4625
v 0.4500 0.9000 -1.7500
v 0.4500 0.9000 -2.0375
v 0.4500 0.9000 -2.3250
v 0.4500 0.9000 -2.6125
v 0.4500 0.9000 -2.9000
v 0.6000 0.9000 1.7000
v 0.6000 0.9000 1.4125
v 0.6000 0.9000 1.1250
v 0.6000 0.9000 0.8375
v 0.6000 0.9000 0.5500
v 0.6000 0.9000 0.2625
v 0.6000 0.9000 -0.0250
v 0.6000 0.9000 -0.3125
v 0.6000 0.9000 -0.6000
v 0.6000 0.9000 -0.8875
v 0.6000 0.9000 -1.1750
v 0.6000 0.9000 -1.4625
v 0.6000 0.9000 -1.7500
v 0.6000 0.9000 -2.0375
v 0.6000 0.9000 -2.3250
v 0.6000 0.9000 -2.6125
v 0.6000 0.9000 -2.9000
v 0.7500 0.9000 1.7000
v 0.7500 0.9000 1.4125
v 0.7500 0.9000 1.1250
v 0.7500 0.9000 0.8375
v 0.7500 0.9000 0.5500
v 0.7500 0.9000 0.2625
v 0.7500 0.9000 -0.0250
v 0.7500 0.9000 -0.3125
v 0.7500 0.9000 -0.6000
v 0.7500 0.9000 -0.8875
v 0.7500 0.9000 -1.1750
v 0.7500 0.9000 -1.4625
v 0.7500 0.9000 -1.7500
v 0.7500 0.9000 -2.0375
v 0.7500 0.9000 -2.3250
v 0.7500 0.9000 -2.6125
v 0.7500 0.9000 -2.9000
v 0.9000 0.9000 1.7000
v 0.9000 0.9000 1.4125
v 0.9000 0.9000 1.1250
v 0.9000 0.9000 0.8375
v 0.9000 0.9000 0.5500
v 0.9000 0.9000 0.2625
v 0.9000 0.9000 -0.0250
v 0.9000 0.9000 -0.3125
v 0.9000 0.9000 -0.6000
v 0.9000 0.9000 -0.8875
v 0.9000 0.9000 -1.1750
v 0.9000 0.9000 -1.4625
v 0.9000 0.9000 -1.7500
v 0.9000 0.9000 -2.0375
v 0.9000 0.9000 -2.3250
v 0.9000 0.9000 -2.6125
v 0.9000 0.9000 -2.9000
v 1.0500 0.9000 1.7000
v 1.0500 0.9000 1.4125
v 1.0500 0.9000 1.1250
v 1.0500 0.9000 0.8375
v 1.0500 0.9000 0.5500
v 1.0500 0.9000 0.2625
v 1.0500 0.9000 -0.0250
v 1.0500 0.9000 -0.3125
v 1.0500 0.9000 -0.6000
v 1.0500 0.9000 -0.8875
v 1.0500 0.9000 -1.1750
v 1.0500 0.9000 -1.4625
v 1.0500 0.9000 -1.7500
v 1.0500 0.9000 -2.0375
v 1.0500 0.9000 -2.3250
v 1.0500 0.9000 -2.6125
v 1.0500 0.9000 -2.9000
v 1.2000 0.9000 1.7000
v 1.2000 0.9000 1.4125
v 1.2000 0.9000 1.1250
v 1.2000 0.9000 0.8375
v 1.2000 0.9000 0.5500
v 1.2000 0.9000 0.2625
v 1.2000 0.9000 -0.0250
v 1.2000 0.9000 -0.3125
v 1.2000 0.9000 -0.6000
v 1.2000 0.9000 -0.8875
v 1.2000 0.9000 -1.1750
v 1.2000 0.9000 -1.4625
v 1.2000 0.9000 -1.7500
v 1.2000 0.9000 -2.0375
v 1.2000 0.9000 -2.3250
v 1.2000 0.9000 -2.6125
v 1.2000 0.9000 -2.9000
v -1.1000 0.8000 3.9500
v -1.1000 0.9167 3.9500
v -1.1000 1.0333 3.9500
v -1.1000 1.1500 3.9500
v -1.1000 1.2667 3.9500
v -1.1000 1.3833 3.9500
v -1.1000 1.5000 3.9500
v -1.1000 1.6167 3.9500
v -1.1000 1.7333 3.9500
v -1.1000 1.8500 3.9500
v -1.1000 1.9667 3.9500
v -1.1000 2.0833 3.9500
v -1.1000 2.2000 3.9500
v -0.9167 0.8000 3.9500
v -0.9167 0.9167 3.9500
v -0.9167 1.0333 3.9500
v -0.9167 1.1500 3.9500
v -0.9167 1.2667 3.9500
v -0.9167 1.3833 3.9500
v -0.9167 1.5000 3.9500
v -0.9167 1.6167 3.9500
v -0.9167 1.7333 3.9500
v -0.9167 1.8500 3.9500
v -0.9167 1.9667 3.9500
v -0.9167 2.0833 3.9500
v -0.9167 2.2000 3.9500
v -0.7333 0.8000 3.9500
v -0.7333 0.9167 3.9500
v -0.7333 1.0333 3.9500
v -0.7333 1.1500 3.9500
v -0.7333 1.2667 3.9500
v -0.7333 1.3833 3.9500
v -0.7333 1.5000 3.9500
v -0.7333 1.6167 3.9500
v -0.7333 1.7333 3.9500
v -0.7333 1.8500 3.9500
v -0.7333 1.9667 3.9500
v -0.7333 2.0833 3.9500
v -0.7333 2.2000 3.9500
v -0.5500 0.8000 3.9500
v -0.5500 0.9167 3.9500
v -0.5500 1.0333 3.9500
v -0.5500 1.1500 3.9500
v -0.5500 1.2667 3.9500
v -0.5500 1.3833 3.9500
v -0.5500 1.5000 3.9500
v -0.5500 1.6167 3.9500
v -0.5500 1.7333 3.9500
v -0.5500 1.8500 3.9500
v -0.5500 1.9667 3.9500
v -0.5500 2.0833 3.9500
v -0.5500 2.2000 3.9500
v -0.3667 0.8000 3.9500
v -0.3667 0.9167 3.9500
v -0.3667 1.0333 3.9500
v -0.3667 1.1500 3.9500
v -0.3667 1.2667 3.9500
v -0.3667 1.3833 3.9500
v -0.3667 1.5000 3.9500
v -0.3667 1.6167 3.9500
v -0.3667 1.7333 3.9500
v -0.3667 1.8500 3.9500
v -0.3667 1.9667 3.9500
v -0.3667 2.0833 3.9500
v -0.3667 2.2000 3.9500
v -0.1833 0.8000 3.9500
v -0.1833 0.9167 3.9500
v -0.1833 1.0333 3.9500
v -0.1833 1.1500 3.9500
v -0.1833 1.2667 3.9500
v -0.1833 1.3833 3.9500
v -0.1833 1.5000 3.9500
v -0.1833 1.6167 3.9500
v -0.1833 1.7333 3.9500
v -0.1833 1.8500 3.9500
v -0.1833 1.9667 3.9500
v -0.1833 2.0833 3.9500
v -0.1833 2.2000 3.9500
v 0.0000 0.8000 3.9500
v 0.0000 0.9167 3.9500
v 0.0000 1.0333 3.9500
v 0.0000 1.1500 3.9500
v 0.0000 1.2667 3.9500
v 0.0000 1.3833 3.9500
v 0.0000 1.5000 3.9500
v 0.0000 1.6167 3.9500
v 0.0000 1.7333 3.9500
v 0.0000 1.8500 3.9500
v 0.0000 1.9667 3.9500
v 0.0000 2.0833 3.9500
v 0.0000 2.2000 3.9500
v 0.1833 0.8000 3.9500
v 0.1833 0.9167 3.9500
v 0.1833 1.0333 3.9500
v 0.1833 1.1500 3.9500
v 0.1833 1.2667 3.9500
v 0.1833 1.3833 3.9500
v 0.1833 1.5000 3.9500
v 0.1833 1.6167 3.9500
v 0.1833 1.7333 3.9500
v 0.1833 1.8500 3.9500
v 0.1833 1.9667 3.9500
v 0.1833 2.0833 3.9500
v 0.1833 2.2000 3.9500
v 0.3667 0.8000 3.9500
v 0.3667 0.9167 3.9500
v 0.3667 1.0333 3.9500
v 0.3667 1.1500 3.9500
v 0.3667 1.2667 3.9500
v 0.3667 1.3833 3.9500
v 0.3667 1.5000 3.9500
v 0.3667 1.6167 3.9500
v 0.3667 1.7333 3.9500
v 0.3667 1.8500 3.9500
v 0.3667 1.9667 3.9500
v 0.3667 2.0833 3.9500
v 0.3667 2.2000 3.9500
v 0.5500 0.8000 3.9500
v 0.5500 0.9167 3.9500
v 0.5500 1.0333 3.9500
v 0.5500 1.1500 3.9500
v 0.5500 1.2667 3.9500
v 0.5500 1.3833 3.9500
v 0.5500 1.5000 3.9500
v 0.5500 1.6167 3.9500
v 0.5500 1.7333 3.9500
v 0.5500 1.8500 3.9500
v 0.5500 1.9667 3.9500
v 0.5500 2.0833 3.9500
v 0.5500 2.2000 3.9500
v 0.7333 0.8000 3.9500
v 0.7333 0.9167 3.9500
v 0.7333 1.0333 3.9500
v 0.7333 1.1500 3.9500
v 0.7333 1.2667 3.9500
v 0.7333 1.3833 3.9500
v 0.7333 1.5000 3.9500
v 0.7333 1.6167 3.9500
v 0.7333 1.7333 3.9500
v 0.7333 1.8500 3.9500
v 0.7333 1.9667 3.9500
v 0.7333 2.0833 3.9500
v 0.7333 2.2000 3.9500
v 0.9167 0.8000 3.9500
v 0.9167 0.9167 3.9500
v 0.9167 1.0333 3.9500
v 0.9167 1.1500 3.9500
v 0.9167 1.2667 3.9500
v 0.9167 1.3833 3.9500
v 0.9167 1.5000 3.9500
v 0.9167 1.6167 3.9500
v 0.9167 1.7333 3.9500
v 0.9167 1.8500 3.9500
v 0.9167 1.9667 3.9500
v 0.9167 2.0833 3.9500
v 0.9167 2.2000 3.9500
v 1.1000 0.8000 3.9500
v 1.1000 0.9167 3.9500
v 1.1000 1.0333 3.9500
v 1.1000 1.1500 3.9500
v 1.1000 1.2667 3.9500
v 1.1000 1.3833 3.9500
v 1.1000 1.5000 3.9500
v 1.1000 1.6167 3.9500
v 1.1000 1.7333 3.9500
v 1.1000 1.8500 3.9500
v 1.1000 1.9667 3.9500
v 1.1000 2.0833 3.9500
v 1.1000 2.2000 3.9500
v 1.1000 0.8000 2.0500
v 1.1000 0.9167 2.0500
v 1.1000 1.0333 2.0500
v 1.1000 1.1500 2.0500
v 1.1000 1.2667 2.0500
v 1.1000 1.3833 2.0500
v 1.1000 1.5000 2.0500
v 1.1000 1.6167 2.0500
v 1.1000 1.7333 2.0500
v 1.1000 1.8500 2.0500
v 1.1000 1.9667 2.0500
v 1.1000 2.0833 2.0500
v 1.1000 2.2000 2.0500
v 0.9167 0.8000 2.0500
v 0.9167 0.9167 2.0500
v 0.9167 1.0333 2.0500
v 0.9167 1.1500 2.0500
v 0.9167 1.2667 2.0500
v 0.9167 1.3833 2.0500
v 0.9167 1.5000 2.0500
v 0.9167 1.6167 2.0500
v 0.9167 1.7333 2.0500
v 0.9167 1.8500 2.0500
v 0.9167 1.9667 2.0500
v 0.9167 2.0833 2.0500
v 0.9167 2.2000 2.0500
v 0.7333 0.8000 2.0500
v 0.7333 0.9167 2.0500
v 0.7333 1.0333 2.0500
v 0.7333 1.1500 2.0500
v 0.7333 1.2667 2.0500
v 0.7333 1.3833 2.0500
v 0.7333 1.5000 2.0500
v 0.7333 1.6167 2.0500
v 0.7333 1.7333 2.0500
v 0.7333 1.8500 2.0500
v 0.7333 1.9667 2.0500
v 0.7333 2.0833 2.0500
v 0.7333 2.2000 2.0500
v 0.5500 0.8000 2.0500
v 0.5500 0.9167 2.0500
v 0.5500 1.0333 2.0500
v 0.5500 1.1500 2.0500
v 0.5500 1.2667 2.0500
v 0.5500 1.3833 2.0500
v 0.5500 1.5000 2.0500
v 0.5500 1.6167 2.0500
v 0.5500 1.7333 2.0500
v 0.5500 1.8500 2.0500
v 0.5500 1.9667 2.0500
v 0.5500 2.0833 2.0500
v 0.5500 2.2000 2.0500
v 0.3667 0.8000 2.0500
v 0.3667 0.9167 2.0500
v 0.3667 1.0333 2.0500
v 0.3667 1.1500 2.0500
v 0.3667 1.2667 2.0500
v 0.3667 1.3833 2.0500
v 0.3667 1.5000 2.0500
v 0.3667 1.6167 2.0500
v 0.3667 1.7333 2.0500
v 0.3667 1.8500 2.0500
v 0.3667 1.9667 2.0500
v 0.3667 2.0833 2.0500
v 0.3667 2.2000 2.0500
v 0.1833 0.8000 2.0500
v 0.1833 0.9167 2.0500
v 0.1833 1.0333 2.0500
v 0.1833 1.1500 2.0500
v 0.1833 1.2667 2.0500
v 0.1833 1.3833 2.0500
v 0.1833 1.5000 2.0500
v 0.1833 1.6167 2.0500
v 0.1833 1.7333 2.0500
v 0.1833 1.8500 2.0500
v 0.1833 1.9667 2.0500
v 0.1833 2.0833 2.0500
v 0.1833 2.2000 2.0500
v 0.0000 0.8000 2.0500
v 0.0000 0.9167 2.0500
v 0.0000 1.0333 2.0500
v 0.0000 1.1500 2.0500
v 0.0000 1.2667 2.0500
v 0.0000 1.3833 2.0500
v 0.0000 1.5000 2.0500
v 0.0000 1.6167 2.0500
v 0.0000 1.7333 2.0500
v 0.0000 1.8500 2.0500
v 0.0000 1.9667 2.0500
v 0.0000 2.0833 2.0500
v 0.0000 2.2000 2.0500
v -0.1833 0.8000 2.0500
v -0.1833 0.9167 2.0500
v -0.1833 1.0333 2.0500
v -0.1833 1.1500 2.0500
v -0.1833 1.2667 2.0500
v -0.1833 1.3833 2.0500
v -0.1833 1.5000 2.0500
v -0.1833 1.6167 2.0500
v -0.1833 1.7333 2.0500
v -0.1833 1.8500 2.0500
v -0.1833 1.9667 2.0500
v -0.1833 2.0833 2.0500
v -0.1833 2.2000 2.0500
v -0.3667 0.8000 2.0500
v -0.3667 0.9167 2.0500
v -0.3667 1.0333 2.0500
v -0.3667 1.1500 2.0500
v -0.3667 1.2667 2.0500
v -0.3667 1.3833 2.0500
v -0.3667 1.5000 2.0500
v -0.3667 1.6167 2.0500
v -0.3667 1.7333 2.0500
v -0.3667 1.8500 2.0500
v -0.3667 1.9667 2.0500
v -0.3667 2.0833 2.0500
v -0.3667 2.2000 2.0500
v -0.5500 0.8000 2.0500
v -0.5500 0.9167 2.0500
v -0.5500 1.0333 2.0500
v -0.5500 1.1500 2.0500
v -0.5500 1.2667 2.0500
v -0.5500 1.3833 2.0500
v -0.5500 1.5000 2.0500
v -0.5500 1.6167 2.0500
v -0.5500 1.7333 2.0500
v -0.5500 1.8500 2.0500
v -0.5500 1.9667 2.0500
v -0.5500 2.0833 2.0500
v -0.5500 2.2000 2.0500
v -0.7333 0.8000 2.0500
v -0.7333 0.9167 2.0500
v -0.7333 1.0333 2.0500
v -0.7333 1.1500 2.0500
v -0.7333 1.2667 2.0500
v -0.7333 1.3833 2.0500
v -0.7333 1.5000 2.0500
v -0.7333 1.6167 2.0500
v -0.7333 1.7333 2.0500
v -0.7333 1.8500 2.0500
v -0.7333 1.9667 2.0500
v -0.7333 2.0833 2.0500
v -0.7333 2.2000 2.0500
v -0.9167 0.8000 2.0500
v -0.9167 0.9167 2.0500
v -0.9167 1.0333 2.0500
v -0.9167 1.1500 2.0500
v -0.9167 1.2667 2.0500
v -0.9167 1.3833 2.0500
v -0.9167 1.5000 2.0500
v -0.9167 1.6167 2.0500
v -0.9167 1.7333 2.0500
v -0.9167 1.8500 2.0500
v -0.9167 1.9667 2.0500
v -0.9167 2.0833 2.0500
v -0.9167 2.2000 2.0500
v -1.1000 0.8000 2.0500
v -1.1000 0.9167 2.0500
v -1.1000 1.0333 2.0500
v -1.1000 1.1500 2.0500
v -1.1000 1.2667 2.0500
v -1.1000 1.3833 2.0500
v -1.1000 1.5000 2.0500
v -1.1000 1.6167 2.0500
v -1.1000 1.7333 2.0500
v -1.1000 1.8500 2.0500
v -1.1000 1.9667 2.0500
v -1.1000 2.0833 2.0500
v -1.1000 2.2000 2.0500
v -1.1000 0.8000 2.0500
v -1.1000 0.9167 2.0500
v -1.1000 1.0333 2.0500
v -1.1000 1.1500 2.0500
v -1.1000 1.2667 2.0500
v -1.1000 1.3833 2.0500
v -1.1000 1.5000 2.0500
v -1.1000 1.6167 2.0500
v -1.1000 1.7333 2.0500
v -1.1000 1.8500 2.0500
v -1.1000 1.9667 2.0500
v -1.1000 2.0833 2.0500
v -1.1000 2.2000 2.0500
v -1.1000 0.8000 2.2083
v -1.1000 0.9167 2.2083
v -1.1000 1.0333 2.2083
v -1.1000 1.1500 2.2083
v -1.1000 1.2667 2.2083
v -1.1000 1.3833 2.2083
v -1.1000 1.5000 2.2083
v -1.1000 1.6167 2.2083
v -1.1000 1.7333 2.2083
v -1.1000 1.8500 2.2083
v -1.1000 1.9667 2.2083
v -1.1000 2.0833 2.2083
v -1.1000 2.2000 2.2083
v -1.1000 0.8000 2.3667
v -1.1000 0.9167 2.3667
v -1.1000 1.0333 2.3667
v -1.1000 1.1500 2.3667
v -1.1000 1.2667 2.3667
v -1.1000 1.3833 2.3667
v -1.1000 1.5000 2.3667
v -1.1000 1.6167 2.3667
v -1.1000 1.7333 2.3667
v -1.1000 1.8500 2.3667
v -1.1000 1.9667 2.3667
v -1.1000 2.0833 2.3667
v -1.1000 2.2000 2.3667
v -1.1000 0.8000 2.5250
v -1.1000 0.9167 2.5250
v -1.1000 1.0333 2.5250
v -1.1000 1.1500 2.5250
v -1.1000 1.2667 2.5250
v -1.1000 1.3833 2.5250
v -1.1000 1.5000 2.5250
v -1.1000 1.6167 2.5250
v -1.1000 1.7333 2.5250
v -1.1000 1.8500 2.5250
v -1.1000 1.9667 2.5250
v -1.1000 2.0833 2.5250
v -1.1000 2.2000 2.5250
v -1.1000 0.8000 2.6833
v -1.1000 0.9167 2.6833
v -1.1000 1.0333 2.6833
v -1.1000 1.1500 2.6833
v -1.1000 1.2667 2.6833
v -1.1000 1.3833 2.6833
v -1.1000 1.5000 2.6833
v -1.1000 1.6167 2.6833
v -1.1000 1.7333 2.6833
v -1.1000 1.8500 2.6833
v -1.1000 1.9667 2.6833
v -1.1000 2.0833 2.6833
v -1.1000 2.2000 2.6833
v -1.1000 0.8000 2.8417
v -1.1000 0.9167 2.8417
v -1.1000 1.0333 2.8417
v -1.1000 1.1500 2.8417
v -1.1000 1.2667 2.8417
v -1.1000 1.3833 2.8417
v -1.1000 1.5000 2.8417
v -1.1000 1.6167 2.8417
v -1.1000 1.7333 2.8417
v -1.1000 1.8500 2.8417
v -1.1000 1.9667 2.8417
v -1.1000 2.0833 2.8417
v -1.1000 2.2000 2.8417
v -1.1000 0.8000 3.0000
v -1.1000 0.9167 3.0000
v -1.1000 1.0333 3.0000
v -1.1000 1.1500 3.0000
v -1.1000 1.2667 3.0000
v -1.1000 1.3833 3.0000
v -1.1000 1.5000 3.0000
v -1.1000 1.6167 3.0000
v -1.1000 1.7333 3.0000
v -1.1000 1.8500 3.0000
v -1.1000 1.9667 3.0000
v -1.1000 2.0833 3.0000
v -1.1000 2.2000 3.0000
v -1.1000 0.8000 3.1583
v -1.1000 0.9167 3.1583
v -1.1000 1.0333 3.1583
v -1.1000 1.1500 3.1583
v -1.1000 1.2667 3.1583
v -1.1000 1.3833 3.1583
v -1.1000 1.5000 3.1583
v -1.1000 1.6167 3.1583
v -1.1000 1.7333 3.1583
v -1.1000 1.8500 3.1583
v -1.1000 1.9667 3.1583
v -1.1000 2.0833 3.1583
v -1.1000 2.2000 3.1583
v -1.1000 0.8000 3.3167
v -1.1000 0.9167 3.3167
v -1.1000 1.0333 3.3167
v -1.1000 1.1500 3.3167
v -1.1000 1.2667 3.3167
v -1.1000 1.3833 3.3167
v -1.1000 1.5000 3.3167
v -1.1000 1.6167 3.3167
v -1.1000 1.7333 3.3167
v -1.1000 1.8500 3.3167
v -1.1000 1.9667 3.3167
v -1.1000 2.0833 3.3167
v -1.1000 2.2000 3.3167
v -1.1000 0.8000 3.4750
v -1.1000 0.9167 3.4750
v -1.1000 1.0333 3.4750
v -1.1000 1.1500 3.4750
v -1.1000 1.2667 3.4750
v -1.1000 1.3833 3.4750
v -1.1000 1.5000 3.4750
v -1.1000 1.6167 3.4750
v -1.1000 1.7333 3.4750
v -1.1000 1.8500 3.4750
v -1.1000 1.9667 3.4750
v -1.1000 2.0833 3.4750
v -1.1000 2.2000 3.4750
v -1.1000 0.8000 3.6333
v -1.1000 0.9167 3.6333
v -1.1000 1.0333 3.6333
v -1.1000 1.1500 3.6333
v -1.1000 1.2667 3.6333
v -1.1000 1.3833 3.6333
v -1.1000 1.5000 3.6333
v -1.1000 1.6167 3.6333
v -1.1000 1.7333 3.6333
v -1.1000 1.8500 3.6333
v -1.1000 1.9667 3.6333
v -1.1000 2.0833 3.6333
v -1.1000 2.2000 3.6333
v -1.1000 0.8000 3.7917
v -1.1000 0.9167 3.7917
v -1.1000 1.0333 3.7917
v -1.1000 1.1500 3.7917
v -1.1000 1.2667 3.7917
v -1.1000 1.3833 3.7917
v -1.1000 1.5000 3.7917
v -1.1000 1.6167 3.7917
v -1.1000 1.7333 3.7917
v -1.1000 1.8500 3.7917
v -1.1000 1.9667 3.7917
v -1.1000 2.0833 3.7917
v -1.1000 2.2000 3.7917
v -1.1000 0.8000 3.9500
v -1.1000 0.9167 3.9500
v -1.1000 1.0333 3.9500
v -1.1000 1.1500 3.9500
v -1.1000 1.2667 3.9500
v -1.1000 1.3833 3.9500
v -1.1000 1.5000 3.9500
v -1.1000 1.6167 3.9500
v -1.1000 1.7333 3.9500
v -1.1000 1.8500 3.9500
v -1.1000 1.9667 3.9500
v -1.1000 2.0833 3.9500
v -1.1000 2.2000 3.9500
v 1.1000 0.8000 3.9500
v 1.1000 0.9167 3.9500
v 1.1000 1.0333 3.9500
v 1.1000 1.1500 3.9500
v 1.1000 1.2667 3.9500
v 1.1000 1.3833 3.9500
v 1.1000 1.5000 3.9500
v 1.1000 1.6167 3.9500
v 1.1000 1.7333 3.9500
v 1.1000 1.8500 3.9500
v 1.1000 1.9667 3.9500
v 1.1000 2.0833 3.9500
v 1.1000 2.2000 3.9500
v 1.1000 0.8000 3.7917
v 1.1000 0.9167 3.7917
v 1.1000 1.0333 3.7917
v 1.1000 1.1500 3.7917
v 1.1000 1.2667 3.7917
v 1.1000 1.3833 3.7917
v 1.1000 1.5000 3.7917
v 1.1000 1.6167 3.7917
v 1.1000 1.7333 3.7917
v 1.1000 1.8500 3.7917
v 1.1000 1.9667 3.7917
v 1.1000 2.0833 3.7917
v 1.1000 2.2000 3.7917
v 1.1000 0.8000 3.6333
v 1.1000 0.9167 3.6333
v 1.1000 1.0333 3.6333
v 1.1000 1.1500 3.6333
v 1.1000 1.2667 3.6333
v 1.1000 1.3833 3.6333
v 1.1000 1.5000 3.6333
v 1.1000 1.6167 3.6333
v 1.1000 1.7333 3.6333
v 1.1000 1.8500 3.6333
v 1.1000 1.9667 3.6333
v 1.1000 2.0833 3.6333
v 1.1000 2.2000 3.6333
v 1.1000 0.8000 3.4750
v 1.1000 0.9167 3.4750
v 1.1000 1.0333 3.4750
v 1.1000 1.1500 3.4750
v 1.1000 1.2667 3.4750
v 1.1000 1.3833 3.4750
v 1.1000 1.5000 3.4750
v 1.1000 1.6167 3.4750
v 1.1000 1.7333 3.4750
v 1.1000 1.8500 3.4750
v 1.1000 1.9667 3.4750
v 1.1000 2.0833 3.4750
v 1.1000 2.2000 3.4750
v 1.1000 0.8000 3.3167
v 1.1000 0.9167 3.3167
v 1.1000 1.0333 3.3167
v 1.1000 1.1500 3.3167
v 1.1000 1.2667 3.3167
v 1.1000 1.3833 3.3167
v 1.1000 1.5000 3.3167
v 1.1000 1.6167 3.3167
v 1.1000 1.7333 3.3167
v 1.1000 1.8500 3.3167
v 1.1000 1.9667 3.3167
v 1.1000 2.0833 3.3167
v 1.1000 2.2000 3.3167
v 1.1000 0.8000 3.1583
v 1.1000 0.9167 3.1583
v 1.1000 1.0333 3.1583
v 1.1000 1.1500 3.1583
v 1.1000 1.2667 3.1583
v 1.1000 1.3833 3.1583
v 1.1000 1.5000 3.1583
v 1.1000 1.6167 3.1583
v 1.1000 1.7333 3.1583
v 1.1000 1.8500 3.1583
v 1.1000 1.9667 3.1583
v 1.1000 2.0833 3.1583
v 1.1000 2.2000 3.1583
v 1.1000 0.8000 3.0000
v 1.1000 0.9167 3.0000
v 1.1000 1.0333 3.0000
v 1.1000 1.1500 3.0000
v 1.1000 1.2667 3.0000
v 1.1000 1.3833 3.0000
v 1.1000 1.5000 3.0000
v 1.1000 1.6167 3.0000
v 1.1000 1.7333 3.0000
v 1.1000 1.8500 3.0000
v 1.1000 1.9667 3.0000
v 1.1000 2.0833 3.0000
v 1.1000 2.2000 3.0000
v 1.1000 0.8000 2.8417
v 1.1000 0.9167 2.8417
v 1.1000 1.0333 2.8417
v 1.1000 1.1500 2.8417
v 1.1000 1.2667 2.8417
v 1.1000 1.3833 2.8417
v 1.1000 1.5000 2.8417
v 1.1000 1.6167 2.8417
v 1.1000 1.7333 2.8417
v 1.1000 1.8500 2.8417
v 1.1000 1.9667 2.8417
v 1.1000 2.0833 2.8417
v 1.1000 2.2000 2.8417
v 1.1000 0.8000 2.6833
v 1.1000 0.9167 2.6833
v 1.1000 1.0333 2.6833
v 1.1000 1.1500 2.6833
v 1.1000 1.2667 2.6833
v 1.1000 1.3833 2.6833
v 1.1000 1.5000 2.6833
v 1.1000 1.6167 2.6833
v 1.1000 1.7333 2.6833
v 1.1000 1.8500 2.6833
v 1.1000 1.9667 2.6833
v 1.1000 2.0833 2.6833
v 1.1000 2.2000 2.6833
v 1.1000 0.8000 2.5250
v 1.1000 0.9167 2.5250
v 1.1000 1.0333 2.5250
v 1.1000 1.1500 2.5250
v 1.1000 1.2667 2.5250
v 1.1000 1.3833 2.5250
v 1.1000 1.5000 2.5250
v 1.1000 1.6167 2.5250
v 1.1000 1.7333 2.5250
v 1.1000 1.8500 2.5250
v 1.1000 1.9667 2.5250
v 1.1000 2.0833 2.5250
v 1.1000 2.2000 2.5250
v 1.1000 0.8000 2.3667
v 1.1000 0.9167 2.3667
v 1.1000 1.0333 2.3667
v 1.1000 1.1500 2.3667
v 1.1000 1.2667 2.3667
v 1.1000 1.3833 2.3667
v 1.1000 1.5000 2.3667
v 1.1000 1.6167 2.3667
v 1.1000 1.7333 2.3667
v 1.1000 1.8500 2.3667
v 1.1000 1.9667 2.3667
v 1.1000 2.0833 2.3667
v 1.1000 2.2000 2.3667
v 1.1000 0.8000 2.2083
v 1.1000 0.9167 2.2083
v 1.1000 1.0333 2.2083
v 1.1000 1.1500 2.2083
v 1.1000 1.2667 2.2083
v 1.1000 1.3833 2.2083
v 1.1000 1.5000 2.2083
v 1.1000 1.6167 2.2083
v 1.1000 1.7333 2.2083
v 1.1000 1.8500 2.2083
v 1.1000 1.9667 2.2083
v 1.1000 2.0833 2.2083
v 1.1000 2.2000 2.2083
v 1.1000 0.8000 2.0500
v 1.1000 0.9167 2.0500
v 1.1000 1.0333 2.0500
v 1.1000 1.1500 2.0500
v 1.1000 1.2667 2.0500
v 1.1000 1.3833 2.0500
v 1.1000 1.5000 2.0500
v 1.1000 1.6167 2.0500
v 1.1000 1.7333 2.0500
v 1.1000 1.8500 2.0500
v 1.1000 1.9667 2.0500
v 1.1000 2.0833 2.0500
v 1.1000 2.2000 2.0500
v -1.1000 2.2000 2.0500
v -1.1000 2.2000 2.2083
v -1.1000 2.2000 2.3667
v -1.1000 2.2000 2.5250
v -1.1000 2.2000 2.6833
v -1.1000 2.2000 2.8417
v -1.1000 2.2000 3.0000
v -1.1000 2.2000 3.1583
v -1.1000 2.2000 3.3167
v -1.1000 2.2000 3.4750
v -1.1000 2.2000 3.6333
v -1.1000 2.2000 3.7917
v -1.1000 2.2000 3.9500
v -0.9167 2.2000 2.0500
v -0.9167 2.2000 2.2083
v -0.9167 2.2000 2.3667
v -0.9167 2.2000 2.5250
v -0.9167 2.2000 2.6833
v -0.9167 2.2000 2.8417
v -0.9167 2.2000 3.0000
v -0.9167 2.2000 3.1583
v -0.9167 2.2000 3.3167
v -0.9167 2.2000 3.4750
v -0.9167 2.2000 3.6333
v -0.9167 2.2000 3.7917
v -0.9167 2.2000 3.9500
v -0.7333 2.2000 2.0500
v -0.7333 2.2000 2.2083
v -0.7333 2.2000 2.3667
v -0.7333 2.2000 2.5250
v -0.7333 2.2000 2.6833
v -0.7333 2.2000 2.8417
v -0.7333 2.2000 3.0000
v -0.7333 2.2000 3.1583
v -0.7333 2.2000 3.3167
v -0.7333 2.2000 3.4750
v -0.7333 2.2000 3.6333
v -0.7333 2.2000 3.7917
v -0.7333 2.2000 3.9500
v -0.5500 2.2000 2.0500
v -0.5500 2.2000 2.2083
v -0.5500 2.2000 2.3667
v -0.5500 2.2000 2.5250
v -0.5500 2.2000 2.6833
v -0.5500 2.2000 2.8417
v -0.5500 2.2000 3.0000
v -0.5500 2.2000 3.1583
v -0.5500 2.2000 3.3167
v -0.5500 2.2000 3.4750
v -0.5500 2.2000 3.6333
v -0.5500 2.2000 3.7917
v -0.5500 2.2000 3.9500
v -0.3667 2.2000 2.0500
v -0.3667 2.2000 2.2083
v -0.3667 2.2000 2.3667
v -0.3667 2.2000 2.5250
v -0.3667 2.2000 2.6833
v -0.3667 2.2000 2.8417
v -0.3667 2.2000 3.0000
v -0.3667 2.2000 3.1583
v -0.3667 2.2000 3.3167
v -0.3667 2.2000 3.4750
v -0.3667 2.2000 3.6333
v -0.3667 2.2000 3.7917
v -0.3667 2.2000 3.9500
v -0.1833 2.2000 2.0500
v -0.1833 2.2000 2.2083
v -0.1833 2.2000 2.3667
v -0.1833 2.2000 2.5250
v -0.1833 2.2000 2.6833
v -0.1833 2.2000 2.8417
v -0.1833 2.2000 3.0000
v -0.1833 2.2000 3.1583
v -0.1833 2.2000 3.3167
v -0.1833 2.2000 3.4750
v -0.1833 2.2000 3.6333
v -0.1833 2.2000 3.7917
v -0.1833 2.2000 3.9500
v 0.0000 2.2000 2.0500
v 0.0000 2.2000 2.2083
v 0.0000 2.2000 2.3667
v 0.0000 2.2000 2.5250
v 0.0000 2.2000 2.6833
v 0.0000 2.2000 2.8417
v 0.0000 2.2000 3.0000
v 0.0000 2.2000 3.1583
v 0.0000 2.2000 3.3167
v 0.0000 2.2000 3.4750
v 0.0000 2.2000 3.6333
v 0.0000 2.2000 3.7917
v 0.0000 2.2000 3.9500
v 0.1833 2.2000 2.0500
v 0.1833 2.2000 2.2083
v 0.1833 2.2000 2.3667
v 0.1833 2.2000 2.5250
v 0.1833 2.2000 2.6833
v 0.1833 2.2000 2.8417
v 0.1833 2.2000 3.0000
v 0.1833 2.2000 3.1583
v 0.1833 2.2000 3.3167
v 0.1833 2.2000 3.4750
v 0.1833 2.2000 3.6333
v 0.1833 2.2000 3.7917
v 0.1833 2.2000 3.9500
v 0.3667 2.2000 2.0500
v 0.3667 2.2000 2.2083
v 0.3667 2.2000 2.3667
v 0.3667 2.2000 2.5250
v 0.3667 2.2000 2.6833
v 0.3667 2.2000 2.8417
v 0.3667 2.2000 3.0000
v 0.3667 2.2000 3.1583
v 0.3667 2.2000 3.3167
v 0.3667 2.2000 3.4750
v 0.3667 2.2000 3.6333
v 0.3667 2.2000 3.7917
v 0.3667 2.2000 3.9500
v 0.5500 2.2000 2.0500
v 0.5500 2.2000 2.2083
v 0.5500 2.2000 2.3667
v 0.5500 2.2000 2.5250
v 0.5500 2.2000 2.6833
v 0.5500 2.2000 2.8417
v 0.5500 2.2000 3.0000
v 0.5500 2.2000 3.1583
v 0.5500 2.2000 3.3167
v 0.5500 2.2000 3.4750
v 0.5500 2.2000 3.6333
v 0.5500 2.2000 3.7917
v 0.5500 2.2000 3.9500
v 0.7333 2.2000 2.0500
v 0.7333 2.2000 2.2083
v 0.7333 2.2000 2.3667
v 0.7333 2.2000 2.5250
v 0.7333 2.2000 2.6833
v 0.7333 2.2000 2.8417
v 0.7333 2.2000 3.0000
v 0.7333 2.2000 3.1583
v 0.7333 2.2000 3.3167
v 0.7333 2.2000 3.4750
v 0.7333 2.2000 3.6333
v 0.7333 2.2000 3.7917
v 0.7333 2.2000 3.9500
v 0.9167 2.2000 2.0500
v 0.9167 2.2000 2.2083
v 0.9167 2.2000 2.3667
v 0.9167 2.2000 2.5250
v 0.9167 2.2000 2.6833
v 0.9167 2.2000 2.8417
v 0.9167 2.2000 3.0000
v 0.9167 2.2000 3.1583
v 0.9167 2.2000 3.3167
v 0.9167 2.2000 3.4750
v 0.9167 2.2000 3.6333
v 0.9167 2.2000 3.7917
v 0.9167 2.2000 3.9500
v 1.1000 2.2000 2.0500
v 1.1000 2.2000 2.2083
v 1.1000 2.2000 2.3667
v 1.1000 2.2000 2.5250
v 1.1000 2.2000 2.6833
v 1.1000 2.2000 2.8417
v 1.1000 2.2000 3.0000
v 1.1000 2.2000 3.1583
v 1.1000 2.2000 3.3167
v 1.1000 2.2000 3.4750
v 1.1000 2.2000 3.6333
v 1.1000 2.2000 3.7917
v 1.1000 2.2000 3.9500
v -1.1000 0.8000 3.9500
v -1.1000 0.8000 3.7917
v -1.1000 0.8000 3.6333
v -1.1000 0.8000 3.4750
v -1.1000 0.8000 3.3167
v -1.1000 0.8000 3.1583
v -1.1000 0.8000 3.0000
v -1.1000 0.8000 2.8417
v -1.1000 0.8000 2.6833
v -1.1000 0.8000 2.5250
v -1.1000 0.8000 2.3667
v -1.1000 0.8000 2.2083
v -1.1000 0.8000 2.0500
v -0.9167 0.8000 3.9500
v -0.9167 0.8000 3.7917
v -0.9167 0.8000 3.6333
v -0.9167 0.8000 3.4750
v -0.9167 0.8000 3.3167
v -0.9167 0.8000 3.1583
v -0.9167 0.8000 3.0000
v -0.9167 0.8000 2.8417
v -0.9167 0.8000 2.6833
v -0.9167 0.8000 2.5250
v -0.9167 0.8000 2.3667
v -0.9167 0.8000 2.2083
v -0.9167 0.8000 2.0500
v -0.7333 0.8000 3.9500
v -0.7333 0.8000 3.7917
v -0.7333 0.8000 3.6333
v -0.7333 0.8000 3.4750
v -0.7333 0.8000 3.3167
v -0.7333 0.8000 3.1583
v -0.7333 0.8000 3.0000
v -0.7333 0.8000 2.8417
v -0.7333 0.8000 2.6833
v -0.7333 0.8000 2.5250
v -0.7333 0.8000 2.3667
v -0.7333 0.8000 2.2083
v -0.7333 0.8000 2.0500
v -0.5500 0.8000 3.9500
v -0.5500 0.8000 3.7917
v -0.5500 0.8000 3.6333
v -0.5500 0.8000 3.4750
v -0.5500 0.8000 3.3167
v -0.5500 0.8000 3.1583
v -0.5500 0.8000 3.0000
v -0.5500 0.8000 2.8417
v -0.5500 0.8000 2.6833
v -0.5500 0.8000 2.5250
v -0.5500 0.8000 2.3667
v -0.5500 0.8000 2.2083
v -0.5500 0.8000 2.0500
v -0.3667 0.8000 3.9500
v -0.3667 0.8000 3.7917
v -0.3667 0.8000 3.6333
v -0.3667 0.8000 3.4750
v -0.3667 0.8000 3.3167
v -0.3667 0.8000 3.1583
v -0.3667 0.8000 3.0000
v -0.3667 0.8000 2.8417
v -0.3667 0.8000 2.6833
v -0.3667 0.8000 2.5250
v -0.3667 0.8000 2.3667
v -0.3667 0.8000 2.2083
v -0.3667 0.8000 2.0500
v -0.1833 0.8000 3.9500
v -0.1833 0.8000 3.7917
v -0.1833 0.8000 3.6333
v -0.1833 0.8000 3.4750
v -0.1833 0.8000 3.3167
v -0.1833 0.8000 3.1583
v -0.1833 0.8000 3.0000
v -0.1833 0.8000 2.8417
v -0.1833 0.8000 2.6833
v -0.1833 0.8000 2.5250
v -0.1833 0.8000 2.3667
v -0.1833 0.8000 2.2083
v -0.1833 0.8000 2.0500
v 0.0000 0.8000 3.9500
v 0.0000 0.8000 3.7917
v 0.0000 0.8000 3.6333
v 0.0000 0.8000 3.4750
v 0.0000 0.8000 3.3167
v 0.0000 0.8000 3.1583
v 0.0000 0.8000 3.0000
v 0.0000 0.8000 2.8417
v 0.0000 0.8000 2.6833
v 0.0000 0.8000 2.5250
v 0.0000 0.8000 2.3667
v 0.0000 0.8000 2.2083
v 0.0000 0.8000 2.0500
v 0.1833 0.8000 3.9500
v 0.1833 0.8000 3.7917
v 0.1833 0.8000 3.6333
v 0.1833 0.8000 3.4750
v 0.1833 0.8000 3.3167
v 0.1833 0.8000 3.1583
v 0.1833 0.8000 3.0000
v 0.1833 0.8000 2.8417
v 0.1833 0.8000 2.6833
v 0.1833 0.8000 2.5250
v 0.1833 0.8000 2.3667
v 0.1833 0.8000 2.2083
v 0.1833 0.8000 2.0500
v 0.3667 0.8000 3.9500
v 0.3667 0.8000 3.7917
v 0.3667 0.8000 3.6333
v 0.3667 0.8000 3.4750
v 0.3667 0.8000 3.3167
v 0.3667 0.8000 3.1583
v 0.3667 0.8000 3.0000
v 0.3667 0.8000 2.8417
v 0.3667 0.8000 2.6833
v 0.3667 0.8000 2.5250
v 0.3667 0.8000 2.3667
v 0.3667 0.8000 2.2083
v 0.3667 0.8000 2.0500
v 0.5500 0.8000 3.9500
v 0.5500 0.8000 3.7917
v 0.5500 0.8000 3.6333
v 0.5500 0.8000 3.4750
v 0.5500 0.8000 3.3167
v 0.5500 0.8000 3.1583
v 0.5500 0.8000 3.0000
v 0.5500 0.8000 2.8417
v 0.5500 0.8000 2.6833
v 0.5500 0.8000 2.5250
v 0.5500 0.8000 2.3667
v 0.5500 0.8000 2.2083
v 0.5500 0.8000 2.0500
v 0.7333 0.8000 3.9500
v 0.7333 0.8000 3.7917
v 0.7333 0.8000 3.6333
v 0.7333 0.8000 3.4750
v 0.7333 0.8000 3.3167
v 0.7333 0.8000 3.1583
v 0.7333 0.8000 3.0000
v 0.7333 0.8000 2.8417
v 0.7333 0.8000 2.6833
v 0.7333 0.8000 2.5250
v 0.7333 0.8000 2.3667
v 0.7333 0.8000 2.2083
v 0.7333 0.8000 2.0500
v 0.9167 0.8000 3.9500
v 0.9167 0.8000 3.7917
v 0.9167 0.8000 3.6333
v 0.9167 0.8000 3.4750
v 0.9167 0.8000 3.3167
v 0.9167 0.8000 3.1583
v 0.9167 0.8000 3.0000
v 0.9167 0.8000 2.8417
v 0.9167 0.8000 2.6833
v 0.9167 0.8000 2.5250
v 0.9167 0.8000 2.3667
v 0.9167 0.8000 2.2083
v 0.9167 0.8000 2.0500
v 1.1000 0.8000 3.9500
v 1.1000 0.8000 3.7917
v 1.1000 0.8000 3.6333
v 1.1000 0.8000 3.4750
v 1.1000 0.8000 3.3167
v 1.1000 0.8000 3.1583
v 1.1000 0.8000 3.0000
v 1.1000 0.8000 2.8417
v 1.1000 0.8000 2.6833
v 1.1000 0.8000 2.5250
v 1.1000 0.8000 2.3667
v 1.1000 0.8000 2.2083
v 1.1000 0.8000 2.0500
v -1.0500 0.6750 3.1000
v -1.0500 0.7063 3.1000
v -1.0500 0.7375 3.1000
v -1.0500 0.7688 3.1000
v -1.0500 0.8000 3.1000
v -1.0500 0.8313 3.1000
v -1.0500 0.8625 3.1000
v -1.0500 0.8938 3.1000
v -1.0500 0.9250 3.1000
v -0.7875 0.6750 3.1000
v -0.7875 0.7063 3.1000
v -0.7875 0.7375 3.1000
v -0.7875 0.7688 3.1000
v -0.7875 0.8000 3.1000
v -0.7875 0.8313 3.1000
v -0.7875 0.8625 3.1000
v -0.7875 0.8938 3.1000
v -0.7875 0.9250 3.1000
v -0.5250 0.6750 3.1000
v -0.5250 0.7063 3.1000
v -0.5250 0.7375 3.1000
v -0.5250 0.7688 3.1000
v -0.5250 0.8000 3.1000
v -0.5250 0.8313 3.1000
v -0.5250 0.8625 3.1000
v -0.5250 0.8938 3.1000
v -0.5250 0.9250 3.1000
v -0.2625 0.6750 3.1000
v -0.2625 0.7063 3.1000
v -0.2625 0.7375 3.1000
v -0.2625 0.7688 3.1000
v -0.2625 0.8000 3.1000
v -0.2625 0.8313 3.1000
v -0.2625 0.8625 3.1000
v -0.2625 0.8938 3.1000
v -0.2625 0.9250 3.1000
v 0.0000 0.6750 3.1000
v 0.0000 0.7063 3.1000
v 0.0000 0.7375 3.1000
v 0.0000 0.7688 3.1000
v 0.0000 0.8000 3.1000
v 0.0000 0.8313 3.1000
v 0.0000 0.8625 3.1000
v 0.0000 0.8938 3.1000
v 0.0000 0.9250 3.1000
v 0.2625 0.6750 3.1000
v 0.2625 0.7063 3.1000
v 0.2625 0.7375 3.1000
v 0.2625 0.7688 3.1000
v 0.2625 0.8000 3.1000
v 0.2625 0.8313 3.1000
v 0.2625 0.8625 3.1000
v 0.2625 0.8938 3.1000
v 0.2625 0.9250 3.1000
v 0.5250 0.6750 3.1000
v 0.5250 0.7063 3.1000
v 0.5250 0.7375 3.1000
v 0.5250 0.7688 3.1000
v 0.5250 0.8000 3.1000
v 0.5250 0.8313 3.1000
v 0.5250 0.8625 3.1000
v 0.5250 0.8938 3.1000
v 0.5250 0.9250 3.1000
v 0.7875 0.6750 3.1000
v 0.7875 0.7063 3.1000
v 0.7875 0.7375 3.1000
v 0.7875 0.7688 3.1000
v 0.7875 0.8000 3.1000
v 0.7875 0.8313 3.1000
v 0.7875 0.8625 3.1000
v 0.7875 0.8938 3.1000
v 0.7875 0.9250 3.1000
v 1.0500 0.6750 3.1000
v 1.0500 0.7063 3.1000
v 1.0500 0.7375 3.1000
v 1.0500 0.7688 3.1000
v 1.0500 0.8000 3.1000
v 1.0500 0.8313 3.1000
v 1.0500 0.8625 3.1000
v 1.0500 0.8938 3.1000
v 1.0500 0.9250 3.1000
v 1.0500 0.6750 -3.1000
v 1.0500 0.7063 -3.1000
v 1.0500 0.7375 -3.1000
v 1.0500 0.7688 -3.1000
v 1.0500 0.8000 -3.1000
v 1.0500 0.8313 -3.1000
v 1.0500 0.8625 -3.1000
v 1.0500 0.8938 -3.1000
v 1.0500 0.9250 -3.1000
v 0.7875 0.6750 -3.1000
v 0.7875 0.7063 -3.1000
v 0.7875 0.7375 -3.1000
v 0.7875 0.7688 -3.1000
v 0.7875 0.8000 -3.1000
v 0.7875 0.8313 -3.1000
v 0.7875 0.8625 -3.1000
v 0.7875 0.8938 -3.1000
v 0.7875 0.9250 -3.1000
v 0.5250 0.6750 -3.1000
v 0.5250 0.7063 -3.1000
v 0.5250 0.7375 -3.1000
v 0.5250 0.7688 -3.1000
v 0.5250 0.8000 -3.1000
v 0.5250 0.8313 -3.1000
v 0.5250 0.8625 -3.1000
v 0.5250 0.8938 -3.1000
v 0.5250 0.9250 -3.1000
v 0.2625 0.6750 -3.1000
v 0.2625 0.7063 -3.1000
v 0.2625 0.7375 -3.1000
v 0.2625 0.7688 -3.1000
v 0.2625 0.8000 -3.1000
v 0.2625 0.8313 -3.1000
v 0.2625 0.8625 -3.1000
v 0.2625 0.8938 -3.1000
v 0.2625 0.9250 -3.1000
v 0.0000 0.6750 -3.1000
v 0.0000 0.7063 -3.1000
v 0.0000 0.7375 -3.1000
v 0.0000 0.7688 -3.1000
v 0.0000 0.8000 -3.1000
v 0.0000 0.8313 -3.1000
v 0.0000 0.8625 -3.1000
v 0.0000 0.8938 -3.1000
v 0.0000 0.9250 -3.1000
v -0.2625 0.6750 -3.1000
v -0.2625 0.7063 -3.1000
v -0.2625 0.7375 -3.1000
v -0.2625 0.7688 -3.1000
v -0.2625 0.8000 -3.1000
v -0.2625 0.8313 -3.1000
v -0.2625 0.8625 -3.1000
v -0.2625 0.8938 -3.1000
v -0.2625 0.9250 -3.1000
v -0.5250 0.6750 -3.1000
v -0.5250 0.7063 -3.1000
v -0.5250 0.7375 -3.1000
v -0.5250 0.7688 -3.1000
v -0.5250 0.8000 -3.1000
v -0.5250 0.8313 -3.1000
v -0.5250 0.8625 -3.1000
v -0.5250 0.8938 -3.1000
v -0.5250 0.9250 -3.1000
v -0.7875 0.6750 -3.1000
v -0.7875 0.7063 -3.1000
v -0.7875 0.7375 -3.1000
v -0.7875 0.7688 -3.1000
v -0.7875 0.8000 -3.1000
v -0.7875 0.8313 -3.1000
v -0.7875 0.8625 -3.1000
v -0.7875 0.8938 -3.1000
v -0.7875 0.9250 -3.1000
v -1.0500 0.6750 -3.1000
v -1.0500 0.7063 -3.1000
v -1.0500 0.7375 -3.1000
v -1.0500 0.7688 -3.1000
v -1.0500 0.8000 -3.1000
v -1.0500 0.8313 -3.1000
v -1.0500 0.8625 -3.1000
v -1.0500 0.8938 -3.1000
v -1.0500 0.9250 -3.1000
v -1.0500 0.6750 -3.1000
v -1.0500 0.7063 -3.1000
v -1.0500 0.7375 -3.1000
v -1.0500 0.7688 -3.1000
v -1.0500 0.8000 -3.1000
v -1.0500 0.8313 -3.1000
v -1.0500 0.8625 -3.1000
v -1.0500 0.8938 -3.1000
v -1.0500 0.9250 -3.1000
v -1.0500 0.6750 -2.3250
v -1.0500 0.7063 -2.3250
v -1.0500 0.7375 -2.3250
v -1.0500 0.7688 -2.3250
v -1.0500 0.8000 -2.3250
v -1.0500 0.8313 -2.3250
v -1.0500 0.8625 -2.3250
v -1.0500 0.8938 -2.3250
v -1.0500 0.9250 -2.3250
v -1.0500 0.6750 -1.5500
v -1.0500 0.7063 -1.5500
v -1.0500 0.7375 -1.5500
v -1.0500 0.7688 -1.5500
v -1.0500 0.8000 -1.5500
v -1.0500 0.8313 -1.5500
v -1.0500 0.8625 -1.5500
v -1.0500 0.8938 -1.5500
v -1.0500 0.9250 -1.5500
v -1.0500 0.6750 -0.7750
v -1.0500 0.7063 -0.7750
v -1.0500 0.7375 -0.7750
v -1.0500 0.7688 -0.7750
v -1.0500 0.8000 -0.7750
v -1.0500 0.8313 -0.7750
v -1.0500 0.8625 -0.7750
v -1.0500 0.8938 -0.7750
v -1.0500 0.9250 -0.7750
v -1.0500 0.6750 0.0000
v -1.0500 0.7063 0.0000
v -1.0500 0.7375 0.0000
v -1.0500 0.7688 0.0000
v -1.0500 0.8000 0.0000
v -1.0500 0.8313 0.0000
v -1.0500 0.8625 0.0000
v -1.0500 0.8938 0.0000
v -1.0500 0.9250 0.0000
v -1.0500 0.6750 0.7750
v -1.0500 0.7063 0.7750
v -1.0500 0.7375 0.7750
v -1.0500 0.7688 0.7750
v -1.0500 0.8000 0.7750
v -1.0500 0.8313 0.7750
v -1.0500 0.8625 0.7750
v -1.0500 0.8938 0.7750
v -1.0500 0.9250 0.7750
v -1.0500 0.6750 1.5500
v -1.0500 0.7063 1.5500
v -1.0500 0.7375 1.5500
v -1.0500 0.7688 1.5500
v -1.0500 0.8000 1.5500
v -1.0500 0.8313 1.5500
v -1.0500 0.8625 1.5500
v -1.0500 0.8938 1.5500
v -1.0500 0.9250 1.5500
v -1.0500 0.6750 2.3250
v -1.0500 0.7063 2.3250
v -1.0500 0.7375 2.3250
v -1.0500 0.7688 2.3250
v -1.0500 0.8000 2.3250
v -1.0500 0.8313 2.3250
v -1.0500 0.8625 2.3250
v -1.0500 0.8938 2.3250
v -1.0500 0.9250 2.3250
v -1.0500 0.6750 3.1000
v -1.0500 0.7063 3.1000
v -1.0500 0.7375 3.1000
v -1.0500 0.7688 3.1000
v -1.0500 0.8000 3.1000
v -1.0500 0.8313 3.1000
v -1.0500 0.8625 3.1000
v -1.0500 0.8938 3.1000
v -1.0500 0.9250 3.1000
v 1.0500 0.6750 3.1000
v 1.0500 0.7063 3.1000
v 1.0500 0.7375 3.1000
v 1.0500 0.7688 3.1000
v 1.0500 0.8000 3.1000
v 1.0500 0.8313 3.1000
v 1.0500 0.8625 3.1000
v 1.0500 0.8938 3.1000
v 1.0500 0.9250 3.1000
v 1.0500 0.6750 2.3250
v 1.0500 0.7063 2.3250
v 1.0500 0.7375 2.3250
v 1.0500 0.7688 2.3250
v 1.0500 0.8000 2.3250
v 1.0500 0.8313 2.3250
v 1.0500 0.8625 2.3250
v 1.0500 0.8938 2.3250
v 1.0500 0.9250 2.3250
v 1.0500 0.6750 1.5500
v 1.0500 0.7063 1.5500
v 1.0500 0.7375 1.5500
v 1.0500 0.7688 1.5500
v 1.0500 0.8000 1.5500
v 1.0500 0.8313 1.5500
v 1.0500 0.8625 1.5500
v 1.0500 0.8938 1.5500
v 1.0500 0.9250 1.5500
v 1.0500 0.6750 0.7750
v 1.0500 0.7063 0.7750
v 1.0500 0.7375 0.7750
v 1.0500 0.7688 0.7750
v 1.0500 0.8000 0.7750
v 1.0500 0.8313 0.7750
v 1.0500 0.8625 0.7750
v 1.0500 0.8938 0.7750
v 1.0500 0.9250 0.7750
v 1.0500 0.6750 0.0000
v 1.0500 0.7063 0.0000
v 1.0500 0.7375 0.0000
v 1.0500 0.7688 0.0000
v 1.0500 0.8000 0.0000
v 1.0500 0.8313 0.0000
v 1.0500 0.8625 0.0000
v 1.0500 0.8938 0.0000
v 1.0500 0.9250 0.0000
v 1.0500 0.6750 -0.7750
v 1.0500 0.7063 -0.7750
v 1.0500 0.7375 -0.7750
v 1.0500 0.7688 -0.7750
v 1.0500 0.8000 -0.7750
v 1.0500 0.8313 -0.7750
v 1.0500 0.8625 -0.7750
v 1.0500 0.8938 -0.7750
v 1.0500 0.9250 -0.7750
v 1.0500 0.6750 -1.5500
v 1.0500 0.7063 -1.5500
v 1.0500 0.7375 -1.5500
v 1.0500 0.7688 -1.5500
v 1.0500 0.8000 -1.5500
v 1.0500 0.8313 -1.5500
v 1.0500 0.8625 -1.5500
v 1.0500 0.8938 -1.5500
v 1.0500 0.9250 -1.5500
v 1.0500 0.6750 -2.3250
v 1.0500 0.7063 -2.3250
v 1.0500 0.7375 -2.3250
v 1.0500 0.7688 -2.3250
v 1.0500 0.8000 -2.3250
v 1.0500 0.8313 -2.3250
v 1.0500 0.8625 -2.3250
v 1.0500 0.8938 -2.3250
v 1.0500 0.9250 -2.3250
v 1.0500 0.6750 -3.1000
v 1.0500 0.7063 -3.1000
v 1.0500 0.7375 -3.1000
v 1.0500 0.7688 -3.1000
v 1.0500 0.8000 -3.1000
v 1.0500 0.8313 -3.1000
v 1.0500 0.8625 -3.1000
v 1.0500 0.8938 -3.1000
v 1.0500 0.9250 -3.1000
v -1.0500 0.9250 -3.1000
v -1.0500 0.9250 -2.3250
v -1.0500 0.9250 -1.5500
v -1.0500 0.9250 -0.7750
v -1.0500 0.9250 0.0000
v -1.0500 0.9250 0.7750
v -1.0500 0.9250 1.5500
v -1.0500 0.9250 2.3250
v -1.0500 0.9250 3.1000
v -0.7875 0.9250 -3.1000
v -0.7875 0.9250 -2.3250
v -0.7875 0.9250 -1.5500
v -0.7875 0.9250 -0.7750
v -0.7875 0.9250 0.0000
v -0.7875 0.9250 0.7750
v -0.7875 0.9250 1.5500
v -0.7875 0.9250 2.3250
v -0.7875 0.9250 3.1000
v -0.5250 0.9250 -3.1000
v -0.5250 0.9250 -2.3250
v -0.5250 0.9250 -1.5500
v -0.5250 0.9250 -0.7750
v -0.5250 0.9250 0.0000
v -0.5250 0.9250 0.7750
v -0.5250 0.9250 1.5500
v -0.5250 0.9250 2.3250
v -0.5250 0.9250 3.1000
v -0.2625 0.9250 -3.1000
v -0.2625 0.9250 -2.3250
v -0.2625 0.9250 -1.5500
v -0.2625 0.9250 -0.7750
v -0.2625 0.9250 0.0000
v -0.2625 0.9250 0.7750
v -0.2625 0.9250 1.5500
v -0.2625 0.9250 2.3250
v -0.2625 0.9250 3.1000
v 0.0000 0.9250 -3.1000
v 0.0000 0.9250 -2.3250
v 0.0000 0.9250 -1.5500
v 0.0000 0.9250 -0.7750
v 0.0000 0.9250 0.0000
v 0.0000 0.9250 0.7750
v 0.0000 0.9250 1.5500
v 0.0000 0.9250 2.3250
v 0.0000 0.9250 3.1000
v 0.2625 0.9250 -3.1000
v 0.2625 0.9250 -2.3250
v 0.2625 0.9250 -1.5500
v 0.2625 0.9250 -0.7750
v 0.2625 0.9250 0.0000
v 0.2625 0.9250 0.7750
v 0.2625 0.9250 1.5500
v 0.2625 0.9250 2.3250
v 0.2625 0.9250 3.1000
v 0.5250 0.9250 -3.1000
v 0.5250 0.9250 -2.3250
v 0.5250 0.9250 -1.5500
v 0.5250 0.9250 -0.7750
v 0.5250 0.9250 0.0000
v 0.5250 0.9250 0.7750
v 0.5250 0.9250 1.5500
v 0.5250 0.9250 2.3250
v 0.5250 0.9250 3.1000
v 0.7875 0.9250 -3.1000
v 0.7875 0.9250 -2.3250
v 0.7875 0.9250 -1.5500
v 0.7875 0.9250 -0.7750
v 0.7875 0.9250 0.0000
v 0.7875 0.9250 0.7750
v 0.7875 0.9250 1.5500
v 0.7875 0.9250 2.3250
v 0.7875 0.9250 3.1000
v 1.0500 0.9250 -3.1000
v 1.0500 0.9250 -2.3250
v 1.0500 0.9250 -1.5500
v 1.0500 0.9250 -0.7750
v 1.0500 0.9250 0.0000
v 1.0500 0.9250 0.7750
v 1.0500 0.9250 1.5500
v 1.0500 0.9250 2.3250
v 1.0500 0.9250 3.1000
v -1.0500 0.6750 3.1000
v -1.0500 0.6750 2.3250
v -1.0500 0.6750 1.5500
v -1.0500 0.6750 0.7750
v -1.0500 0.6750 0.0000
v -1.0500 0.6750 -0.7750
v -1.0500 0.6750 -1.5500
v -1.0500 0.6750 -2.3250
v -1.0500 0.6750 -3.1000
v -0.7875 0.6750 3.1000
v -0.7875 0.6750 2.3250
v -0.7875 0.6750 1.5500
v -0.7875 0.6750 0.7750
v -0.7875 0.6750 0.0000
v -0.7875 0.6750 -0.7750
v -0.7875 0.6750 -1.5500
v -0.7875 0.6750 -2.3250
v -0.7875 0.6750 -3.1000
v -0.5250 0.6750 3.1000
v -0.5250 0.6750 2.3250
v -0.5250 0.6750 1.5500
v -0.5250 0.6750 0.7750
v -0.5250 0.6750 0.0000
v -0.5250 0.6750 -0.7750
v -0.5250 0.6750 -1.5500
v -0.5250 0.6750 -2.3250
v -0.5250 0.6750 -3.1000
v -0.2625 0.6750 3.1000
v -0.2625 0.6750 2.3250
v -0.2625 0.6750 1.5500
v -0.2625 0.6750 0.7750
v -0.2625 0.6750 0.0000
v -0.2625 0.6750 -0.7750
v -0.2625 0.6750 -1.5500
v -0.2625 0.6750 -2.3250
v -0.2625 0.6750 -3.1000
v 0.0000 0.6750 3.1000
v 0.0000 0.6750 2.3250
v 0.0000 0.6750 1.5500
v 0.0000 0.6750 0.7750
v 0.0000 0.6750 0.0000
v 0.0000 0.6750 -0.7750
v 0.0000 0.6750 -1.5500
v 0.0000 0.6750 -2.3250
v 0.0000 0.6750 -3.1000
v 0.2625 0.6750 3.1000
v 0.2625 0.6750 2.3250
v 0.2625 0.6750 1.5500
v 0.2625 0.6750 0.7750
v 0.2625 0.6750 0.0000
v 0.2625 0.6750 -0.7750
v 0.2625 0.6750 -1.5500
v 0.2625 0.6750 -2.3250
v 0.2625 0.6750 -3.1000
v 0.5250 0.6750 3.1000
v 0.5250 0.6750 2.3250
v 0.5250 0.6750 1.5500
v 0.5250 0.6750 0.7750
v 0.5250 0.6750 0.0000
v 0.5250 0.6750 -0.7750
v 0.5250 0.6750 -1.5500
v 0.5250 0.6750 -2.3250
v 0.5250 0.6750 -3.1000
v 0.7875 0.6750 3.1000
v 0.7875 0.6750 2.3250
v 0.7875 0.6750 1.5500
v 0.7875 0.6750 0.7750
v 0.7875 0.6750 0.0000
v 0.7875 0.6750 -0.7750
v 0.7875 0.6750 -1.5500
v 0.7875 0.6750 -2.3250
v 0.7875 0.6750 -3.1000
v 1.0500 0.6750 3.1000
v 1.0500 0.6750 2.3250
v 1.0500 0.6750 1.5500
v 1.0500 0.6750 0.7750
v 1.0500 0.6750 0.0000
v 1.0500 0.6750 -0.7750
v 1.0500 0.6750 -1.5500
v 1.0500 0.6750 -2.3250
v 1.0500 0.6750 -3.1000
v -1.3100 1.1000 2.1000
v -0.8900 1.1000 2.1000
v -1.3100 1.0813 2.2424
v -0.8900 1.0813 2.2424
v -1.3100 1.0263 2.3750
v -0.8900 1.0263 2.3750
v -1.3100 0.9389 2.4889
v -0.8900 0.9389 2.4889
v -1.3100 0.8250 2.5763
v -0.8900 0.8250 2.5763
v -1.3100 0.6924 2.6313
v -0.8900 0.6924 2.6313
v -1.3100 0.5500 2.6500
v -0.8900 0.5500 2.6500
v -1.3100 0.4076 2.6313
v -0.8900 0.4076 2.6313
v -1.3100 0.2750 2.5763
v -0.8900 0.2750 2.5763
v -1.3100 0.1611 2.4889
v -0.8900 0.1611 2.4889
v -1.3100 0.0737 2.3750
v -0.8900 0.0737 2.3750
v -1.3100 0.0187 2.2424
v -0.8900 0.0187 2.2424
v -1.3100 0.0000 2.1000
v -0.8900 0.0000 2.1000
v -1.3100 0.0187 1.9576
v -0.8900 0.0187 1.9576
v -1.3100 0.0737 1.8250
v -0.8900 0.0737 1.8250
v -1.3100 0.1611 1.7111
v -0.8900 0.1611 1.7111
v -1.3100 0.2750 1.6237
v -0.8900 0.2750 1.6237
v -1.3100 0.4076 1.5687
v -0.8900 0.4076 1.5687
v -1.3100 0.5500 1.5500
v -0.8900 0.5500 1.5500
v -1.3100 0.6924 1.5687
v -0.8900 0.6924 1.5687
v -1.3100 0.8250 1.6237
v -0.8900 0.8250 1.6237
v -1.3100 0.9389 1.7111
v -0.8900 0.9389 1.7111
v -1.3100 1.0263 1.8250
v -0.8900 1.0263 1.8250
v -1.3100 1.0813 1.9576
v -0.8900 1.0813 1.9576
v -0.8900 0.5500 2.1000
v -1.3100 0.5500 2.1000
v 0.8900 1.1000 2.1000
v 1.3100 1.1000 2.1000
v 0.8900 1.0813 2.2424
v 1.3100 1.0813 2.2424
v 0.8900 1.0263 2.3750
v 1.3100 1.0263 2.3750
v 0.8900 0.9389 2.4889
v 1.3100 0.9389 2.4889
v 0.8900 0.8250 2.5763
v 1.3100 0.8250 2.5763
v 0.8900 0.6924 2.6313
v 1.3100 0.6924 2.6313
v 0.8900 0.5500 2.6500
v 1.3100 0.5500 2.6500
v 0.8900 0.4076 2.6313
v 1.3100 0.4076 2.6313
v 0.8900 0.2750 2.5763
v 1.3100 0.2750 2.5763
v 0.8900 0.1611 2.4889
v 1.3100 0.1611 2.4889
v 0.8900 0.0737 2.3750
v 1.3100 0.0737 2.3750
v 0.8900 0.0187 2.2424
v 1.3100 0.0187 2.2424
v 0.8900 0.0000 2.1000
v 1.3100 0.0000 2.1000
v 0.8900 0.0187 1.9576
v 1.3100 0.0187 1.9576
v 0.8900 0.0737 1.8250
v 1.3100 0.0737 1.8250
v 0.8900 0.1611 1.7111
v 1.3100 0.1611 1.7111
v 0.8900 0.2750 1.6237
v 1.3100 0.2750 1.6237
v 0.8900 0.4076 1.5687
v 1.3100 0.4076 1.5687
v 0.8900 0.5500 1.5500
v 1.3100 0.5500 1.5500
v 0.8900 0.6924 1.5687
v 1.3100 0.6924 1.5687
v 0.8900 0.8250 1.6237
v 1.3100 0.8250 1.6237
v 0.8900 0.9389 1.7111
v 1.3100 0.9389 1.7111
v 0.8900 1.0263 1.8250
v 1.3100 1.0263 1.8250
v 0.8900 1.0813 1.9576
v 1.3100 1.0813 1.9576
v 1.3100 0.5500 2.1000
v 0.8900 0.5500 2.1000
v -1.3100 1.1000 -1.9000
v -0.8900 1.1000 -1.9000
v -1.3100 1.0813 -1.7576
v -0.8900 1.0813 -1.7576
v -1.3100 1.0263 -1.6250
v -0.8900 1.0263 -1.6250
v -1.3100 0.9389 -1.5111
v -0.8900 0.9389 -1.5111
v -1.3100 0.8250 -1.4237
v -0.8900 0.8250 -1.4237
v -1.3100 0.6924 -1.3687
v -0.8900 0.6924 -1.3687
v -1.3100 0.5500 -1.3500
v -0.8900 0.5500 -1.3500
v -1.3100 0.4076 -1.3687
v -0.8900 0.4076 -1.3687
v -1.3100 0.2750 -1.4237
v -0.8900 0.2750 -1.4237
v -1.3100 0.1611 -1.5111
v -0.8900 0.1611 -1.5111
v -1.3100 0.0737 -1.6250
v -0.8900 0.0737 -1.6250
v -1.3100 0.0187 -1.7576
v -0.8900 0.0187 -1.7576
v -1.3100 0.0000 -1.9000
v -0.8900 0.0000 -1.9000
v -1.3100 0.0187 -2.0424
v -0.8900 0.0187 -2.0424
v -1.3100 0.0737 -2.1750
v -0.8900 0.0737 -2.1750
v -1.3100 0.1611 -2.2889
v -0.8900 0.1611 -2.2889
v -1.3100 0.2750 -2.3763
v -0.8900 0.2750 -2.3763
v -1.3100 0.4076 -2.4313
v -0.8900 0.4076 -2.4313
v -1.3100 0.5500 -2.4500
v -0.8900 0.5500 -2.4500
v -1.3100 0.6924 -2.4313
v -0.8900 0.6924 -2.4313
v -1.3100 0.8250 -2.3763
v -0.8900 0.8250 -2.3763
v -1.3100 0.9389 -2.2889
v -0.8900 0.9389 -2.2889
v -1.3100 1.0263 -2.1750
v -0.8900 1.0263 -2.1750
v -1.3100 1.0813 -2.0424
v -0.8900 1.0813 -2.0424
v -0.8900 0.5500 -1.9000
v -1.3100 0.5500 -1.9000
v 0.8900 1.1000 -1.9000
v 1.3100 1.1000 -1.9000
v 0.8900 1.0813 -1.7576
v 1.3100 1.0813 -1.7576
v 0.8900 1.0263 -1.6250
v 1.3100 1.0263 -1.6250
v 0.8900 0.9389 -1.5111
v 1.3100 0.9389 -1.5111
v 0.8900 0.8250 -1.4237
v 1.3100 0.8250 -1.4237
v 0.8900 0.6924 -1.3687
v 1.3100 0.6924 -1.3687
v 0.8900 0.5500 -1.3500
v 1.3100 0.5500 -1.3500
v 0.8900 0.4076 -1.3687
v 1.3100 0.4076 -1.3687
v 0.8900 0.2750 -1.4237
v 1.3100 0.2750 -1.4237
v 0.8900 0.1611 -1.5111
v 1.3100 0.1611 -1.5111
v 0.8900 0.0737 -1.6250
v 1.3100 0.0737 -1.6250
v 0.8900 0.0187 -1.7576
v 1.3100 0.0187 -1.7576
v 0.8900 0.0000 -1.9000
v 1.3100 0.0000 -1.9000
v 0.8900 0.0187 -2.0424
v 1.3100 0.0187 -2.0424
v 0.8900 0.0737 -2.1750
v 1.3100 0.0737 -2.1750
v 0.8900 0.1611 -2.2889
v 1.3100 0.1611 -2.2889
v 0.8900 0.2750 -2.3763
v 1.3100 0.2750 -2.3763
v 0.8900 0.4076 -2.4313
v 1.3100 0.4076 -2.4313
v 0.8900 0.5500 -2.4500
v 1.3100 0.5500 -2.4500
v 0.8900 0.6924 -2.4313
v 1.3100 0.6924 -2.4313
v 0.8900 0.8250 -2.3763
v 1.3100 0.8250 -2.3763
v 0.8900 0.9389 -2.2889
v 1.3100 0.9389 -2.2889
v 0.8900 1.0263 -2.1750
v 1.3100 1.0263 -2.1750
v 0.8900 1.0813 -2.0424
v 1.3100 1.0813 -2.0424
v 1.3100 0.5500 -1.9000
v 0.8900 0.5500 -1.9000
f 1 2 19
f 1 19 18
f 2 3 20
f 2 20 19
f 3 4 21
f 3 21 20
f 4 5 22
f 4 22 21
f 5 6 23
f 5 23 22
f 6 7 24
f 6 24 23
f 7 8 25
f 7 25 24
f 8 9 26
f 8 26 25
f 9 10 27
f 9 27 26
f 10 11 28
f 10 28 27
f 11 12 29
f 11 29 28
f 12 13 30
f 12 30 29
f 13 14 31
f 13 31 30
f 14 15 32
f 14 32 31
f 15 16 33
f 15 33 32
f 16 17 34
f 16 34 33
f 18 19 36
f 18 36 35
f 19 20 37
f 19 37 36
f 20 21 38
f 20 38 37
f 21 22 39
f 21 39 38
f 22 23 40
f 22 40 39
f 23 24 41
f 23 41 40
f 24 25 42
f 24 42 41
f 25 26 43
f 25 43 42
f 26 27 44
f 26 44 43
f 27 28 45
f 27 45 44
f 28 29 46
f 28 46 45
f 29 30 47
f 29 47 46
f 30 31 48
f 30 48 47
f 31 32 49
f 31 49 48
f 32 33 50
f 32 50 49
f 33 34 51
f 33 51 50
f 35 36 53
f 35 53 52
f 36 37 54
f 36 54 53
f 37 38 55
f 37 55 54
f 38 39 56
f 38 56 55
f 39 40 57
f 39 57 56
f 40 41 58
f 40 58 57
f 41 42 59
f 41 59 58
f 42 43 60
f 42 60 59
f 43 44 61
f 43 61 60
f 44 45 62
f 44 62 61
f 45 46 63
f 45 63 62
f 46 47 64
f 46 64 63
f 47 48 65
f 47 65 64
f 48 49 66
f 48 66 65
f 49 50 67
f 49 67 66
f 50 51 68
f 50 68 67
f 52 53 70
f 52 70 69
f 53 54 71
f 53 71 70
f 54 55 72
f 54 72 71
f 55 56 73
f 55 73 72
f 56 57 74
f 56 74 73
f 57 58 75
f 57 75 74
f 58 59 76
f 58 76 75
f 59 60 77
f 59 77 76
f 60 61 78
f 60 78 77
f 61 62 79
f 61 79 78
f 62 63 80
f 62 80 79
f 63 64 81
f 63 81 80
f 64 65 82
f 64 82 81
f 65 66 83
f 65 83 82
f 66 67 84
f 66 84 83
f 67 68 85
f 67 85 84
f 69 70 87
f 69 87 86
f 70 71 88
f 70 88 87
f 71 72 89
f 71 89 88
f 72 73 90
f 72 90 89
f 73 74 91
f 73 91 90
f 74 75 92
f 74 92 91
f 75 76 93
f 75 93 92
f 76 77 94
f 76 94 93
f 77 78 95
f 77 95 94
f 78 79 96
f 78 96 95
f 79 80 97
f 79 97 96
f 80 81 98
f 80 98 97
f 81 82 99
f 81 99 98
f 82 83 100
f 82 100 99
f 83 84 101
f 83 101 100
f 84 85 102
f 84 102 101
f 86 87 104
f 86 104 103
f 87 88 105
f 87 105 104
f 88 89 106
f 88 106 105
f 89 90 107
f 89 107 106
f 90 91 108
f 90 108 107
f 91 92 109
f 91 109 108
f 92 93 110
f 92 110 109
f 93 94 111
f 93 111 110
f 94 95 112
f 94 112 111
f 95 96 113
f 95 113 112
f 96 97 114
f 96 114 113
f 97 98 115
f 97 115 114
f 98 99 116
f 98 116 115
f 99 100 117
f 99 117 116
f 100 101 118
f 100 118 117
f 101 102 119
f 101 119 118
f 103 104 121
f 103 121 120
f 104 105 122
f 104 122 121
f 105 106 123
f 105 123 122
f 106 107 124
f 106 124 123
f 107 108 125
f 107 125 124
f 108 109 126
f 108 126 125
f 109 110 127
f 109 127 126
f 110 111 128
f 110 128 127
f 111 112 129
f 111 129 128
f 112 113 130
f 112 130 129
f 113 114 131
f 113 131 130
f 114 115 132
f 114 132 131
f 115 116 133
f 115 133 132
f 116 117 134
f 116 134 133
f 117 118 135
f 117 135 134
f 118 119 136
f 118 136 135
f 120 121 138
f 120 138 137
f 121 122 139
f 121 139 138
f 122 123 140
f 122 140 139
f 123 124 141
f 123 141 140
f 124 125 142
f 124 142 141
f 125 126 143
f 125 143 142
f 126 127 144
f 126 144 143
f 127 128 145
f 127 145 144
f 128 129 146
f 128 146 145
f 129 130 147
f 129 147 146
f 130 131 148
f 130 148 147
f 131 132 149
f 131 149 148
f 132 133 150
f 132 150 149
f 133 134 151
f 133 151 150
f 134 135 152
f 134 152 151
f 135 136 153
f 135 153 152
f 137 138 155
f 137 155 154
f 138 139 156
f 138 156 155
f 139 140 157
f 139 157 156
f 140 141 158
f 140 158 157
f 141 142 159
f 141 159 158
f 142 143 160
f 142 160 159
f 143 144 161
f 143 161 160
f 144 145 162
f 144 162 161
f 145 146 163
f 145 163 162
f 146 147 164
f 146 164 163
f 147 148 165
f 147 165 164
f 148 149 166
f 148 166 165
f 149 150 167
f 149 167 166
f 150 151 168
f 150 168 167
f 151 152 169
f 151 169 168
f 152 153 170
f 152 170 169
f 154 155 172
f 154 172 171
f 155 156 173
f 155 173 172
f 156 157 174
f 156 174 173
f 157 158 175
f 157 175 174
f 158 159 176
f 158 176 175
f 159 160 177
f 159 177 176
f 160 161 178
f 160 178 177
f 161 162 179
f 161 179 178
f 162 163 180
f 162 180 179
f 163 164 181
f 163 181 180
f 164 165 182
f 164 182 181
f 165 166 183
f 165 183 182
f 166 167 184
f 166 184 183
f 167 168 185
f 167 185 184
f 168 169 186
f 168 186 185
f 169 170 187
f 169 187 186
f 171 172 189
f 171 189 188
f 172 173 190
f 172 190 189
f 173 174 191
f 173 191 190
f 174 175 192
f 174 192 191
f 175 176 193
f 175 193 192
f 176 177 194
f 176 194 193
f 177 178 195
f 177 195 194
f 178 179 196
f 178 196 195
f 179 180 197
f 179 197 196
f 180 181 198
f 180 198 197
f 181 182 199
f 181 199 198
f 182 183 200
f 182 200 199
f 183 184 201
f 183 201 200
f 184 185 202
f 184 202 201
f 185 186 203
f 185 203 202
f 186 187 204
f 186 204 203
f 188 189 206
f 188 206 205
f 189 190 207
f 189 207 206
f 190 191 208
f 190 208 207
f 191 192 209
f 191 209 208
f 192 193 210
f 192 210 209
f 193 194 211
f 193 211 210
f 194 195 212
f 194 212 211
f 195 196 213
f 195 213 212
f 196 197 214
f 196 214 213
f 197 198 215
f 197 215 214
f 198 199 216
f 198 216 215
f 199 200 217
f 199 217 216
f 200 201 218
f 200 218 217
f 201 202 219
f 201 219 218
f 202 203 220
f 202 220 219
f 203 204 221
f 203 221 220
f 205 206 223
f 205 223 222
f 206 207 224
f 206 224 223
f 207 208 225
f 207 225 224
f 208 209 226
f 208 226 225
f 209 210 227
f 209 227 226
f 210 211 228
f 210 228 227
f 211 212 229
f 211 229 228
f 212 213 230
f 212 230 229
f 213 214 231
f 213 231 230
f 214 215 232
f 214 232 231
f 215 216 233
f 215 233 232
f 216 217 234
f 216 234 233
f 217 218 235
f 217 235 234
f 218 219 236
f 218 236 235
f 219 220 237
f 219 237 236
f 220 221 238
f 220 238 237
f 222 223 240
f 222 240 239
f 223 224 241
f 223 241 240
f 224 225 242
f 224 242 241
f 225 226 243
f 225 243 242
f 226 227 244
f 226 244 243
f 227 228 245
f 227 245 244
f 228 229 246
f 228 246 245
f 229 230 247
f 229 247 246
f 230 231 248
f 230 248 247
f 231 232 249
f 231 249 248
f 232 233 250
f 232 250 249
f 233 234 251
f 233 251 250
f 234 235 252
f 234 252 251
f 235 236 253
f 235 253 252
f 236 237 254
f 236 254 253
f 237 238 255
f 237 255 254
f 239 240 257
f 239 257 256
f 240 241 258
f 240 258 257
f 241 242 259
f 241 259 258
f 242 243 260
f 242 260 259
f 243 244 261
f 243 261 260
f 244 245 262
f 244 262 261
f 245 246 263
f 245 263 262
f 246 247 264
f 246 264 263
f 247 248 265
f 247 265 264
f 248 249 266
f 248 266 265
f 249 250 267
f 249 267 266
f 250 251 268
f 250 268 267
f 251 252 269
f 251 269 268
f 252 253 270
f 252 270 269
f 253 254 271
f 253 271 270
f 254 255 272
f 254 272 271
f 256 257 274
f 256 274 273
f 257 258 275
f 257 275 274
f 258 259 276
f 258 276 275
f 259 260 277
f 259 277 276
f 260 261 278
f 260 278 277
f 261 262 279
f 261 279 278
f 262 263 280
f 262 280 279
f 263 264 281
f 263 281 280
f 264 265 282
f 264 282 281
f 265 266 283
f 265 283 282
f 266 267 284
f 266 284 283
f 267 268 285
f 267 285 284
f 268 269 286
f 268 286 285
f 269 270 287
f 269 287 286
f 270 271 288
f 270 288 287
f 271 272 289
f 271 289 288
f 290 291 308
f 290 308 307
f 291 292 309
f 291 309 308
f 292 293 310
f 292 310 309
f 293 294 311
f 293 311 310
f 294 295 312
f 294 312 311
f 295 296 313
f 295 313 312
f 296 297 314
f 296 314 313
f 297 298 315
f 297 315 314
f 298 299 316
f 298 316 315
f 299 300 317
f 299 317 316
f 300 301 318
f 300 318 317
f 301 302 319
f 301 319 318
f 302 303 320
f 302 320 319
f 303 304 321
f 303 321 320
f 304 305 322
f 304 322 321
f 305 306 323
f 305 323 322
f 307 308 325
f 307 325 324
f 308 309 326
f 308 326 325
f 309 310 327
f 309 327 326
f 310 311 328
f 310 328 327
f 311 312 329
f 311 329 328
f 312 313 330
f 312 330 329
f 313 314 331
f 313 331 330
f 314 315 332
f 314 332 331
f 315 316 333
f 315 333 332
f 316 317 334
f 316 334 333
f 317 318 335
f 317 335 334
f 318 319 336
f 318 336 335
f 319 320 337
f 319 337 336
f 320 321 338
f 320 338 337
f 321 322 339
f 321 339 338
f 322 323 340
f 322 340 339
f 324 325 342
f 324 342 341
f 325 326 343
f 325 343 342
f 326 327 344
f 326 344 343
f 327 328 345
f 327 345 344
f 328 329 346
f 328 346 345
f 329 330 347
f 329 347 346
f 330 331 348
f 330 348 347
f 331 332 349
f 331 349 348
f 332 333 350
f 332 350 349
f 333 334 351
f 333 351 350
f 334 335 352
f 334 352 351
f 335 336 353
f 335 353 352
f 336 337 354
f 336 354 353
f 337 338 355
f 337 355 354
f 338 339 356
f 338 356 355
f 339 340 357
f 339 357 356
f 341 342 359
f 341 359 358
f 342 343 360
f 342 360 359
f 343 344 361
f 343 361 360
f 344 345 362
f 344 362 361
f 345 346 363
f 345 363 362
f 346 347 364
f 346 364 363
f 347 348 365
f 347 365 364
f 348 349 366
f 348 366 365
f 349 350 367
f 349 367 366
f 350 351 368
f 350 368 367
f 351 352 369
f 351 369 368
f 352 353 370
f 352 370 369
f 353 354 371
f 353 371 370
f 354 355 372
f 354 372 371
f 355 356 373
f 355 373 372
f 356 357 374
f 356 374 373
f 358 359 376
f 358 376 375
f 359 360 377
f 359 377 376
f 360 361 378
f 360 378 377
f 361 362 379
f 361 379 378
f 362 363 380
f 362 380 379
f 363 364 381
f 363 381 380
f 364 365 382
f 364 382 381
f 365 366 383
f 365 383 382
f 366 367 384
f 366 384 383
f 367 368 385
f 367 385 384
f 368 369 386
f 368 386 385
f 369 370 387
f 369 387 386
f 370 371 388
f 370 388 387
f 371 372 389
f 371 389 388
f 372 373 390
f 372 390 389
f 373 374 391
f 373 391 390
f 375 376 393
f 375 393 392
f 376 377 394
f 376 394 393
f 377 378 395
f 377 395 394
f 378 379 396
f 378 396 395
f 379 380 397
f 379 397 396
f 380 381 398
f 380 398 397
f 381 382 399
f 381 399 398
f 382 383 400
f 382 400 399
f 383 384 401
f 383 401 400
f 384 385 402
f 384 402 401
f 385 386 403
f 385 403 402
f 386 387 404
f 386 404 403
f 387 388 405
f 387 405 404
f 388 389 406
f 388 406 405
f 389 390 407
f 389 407 406
f 390 391 408
f 390 408 407
f 392 393 410
f 392 410 409
f 393 394 411
f 393 411 410
f 394 395 412
f 394 412 411
f 395 396 413
f 395 413 412
f 396 397 414
f 396 414 413
f 397 398 415
f 397 415 414
f 398 399 416
f 398 416 415
f 399 400 417
f 399 417 416
f 400 401 418
f 400 418 417
f 401 402 419
f 401 419 418
f 402 403 420
f 402 420 419
f 403 404 421
f 403 421 420
f 404 405 422
f 404 422 421
f 405 406 423
f 405 423 422
f 406 407 424
f 406 424 423
f 407 408 425
f 407 425 424
f 409 410 427
f 409 427 426
f 410 411 428
f 410 428 427
f 411 412 429
f 411 429 428
f 412 413 430
f 412 430 429
f 413 414 431
f 413 431 430
f 414 415 432
f 414 432 431
f 415 416 433
f 415 433 432
f 416 417 434
f 416 434 433
f 417 418 435
f 417 435 434
f 418 419 436
f 418 436 435
f 419 420 437
f 419 437 436
f 420 421 438
f 420 438 437
f 421 422 439
f 421 439 438
f 422 423 440
f 422 440 439
f 423 424 441
f 423 441 440
f 424 425 442
f 424 442 441
f 426 427 444
f 426 444 443
f 427 428 445
f 427 445 444
f 428 429 446
f 428 446 445
f 429 430 447
f 429 447 446
f 430 431 448
f 430 448 447
f 431 432 449
f 431 449 448
f 432 433 450
f 432 450 449
f 433 434 451
f 433 451 450
f 434 435 452
f 434 452 451
f 435 436 453
f 435 453 452
f 436 437 454
f 436 454 453
f 437 438 455
f 437 455 454
f 438 439 456
f 438 456 455
f 439 440 457
f 439 457 456
f 440 441 458
f 440 458 457
f 441 442 459
f 441 459 458
f 443 444 461
f 443 461 460
f 444 445 462
f 444 462 461
f 445 446 463
f 445 463 462
f 446 447 464
f 446 464 463
f 447 448 465
f 447 465 464
f 448 449 466
f 448 466 465
f 449 450 467
f 449 467 466
f 450 451 468
f 450 468 467
f 451 452 469
f 451 469 468
f 452 453 470
f 452 470 469
f 453 454 471
f 453 471 470
f 454 455 472
f 454 472 471
f 455 456 473
f 455 473 472
f 456 457 474
f 456 474 473
f 457 458 475
f 457 475 474
f 458 459 476
f 458 476 475
f 460 461 478
f 460 478 477
f 461 462 479
f 461 479 478
f 462 463 480
f 462 480 479
f 463 464 481
f 463 481 480
f 464 465 482
f 464 482 481
f 465 466 483
f 465 483 482
f 466 467 484
f 466 484 483
f 467 468 485
f 467 485 484
f 468 469 486
f 468 486 485
f 469 470 487
f 469 487 486
f 470 471 488
f 470 488 487
f 471 472 489
f 471 489 488
f 472 473 490
f 472 490 489
f 473 474 491
f 473 491 490
f 474 475 492
f 474 492 491
f 475 476 493
f 475 493 492
f 477 478 495
f 477 495 494
f 478 479 496
f 478 496 495
f 479 480 497
f 479 497 496
f 480 481 498
f 480 498 497
f 481 482 499
f 481 499 498
f 482 483 500
f 482 500 499
f 483 484 501
f 483 501 500
f 484 485 502
f 484 502 501
f 485 486 503
f 485 503 502
f 486 487 504
f 486 504 503
f 487 488 505
f 487 505 504
f 488 489 506
f 488 506 505
f 489 490 507
f 489 507 506
f 490 491 508
f 490 508 507
f 491 492 509
f 491 509 508
f 492 493 510
f 492 510 509
f 494 495 512
f 494 512 511
f 495 496 513
f 495 513 512
f 496 497 514
f 496 514 513
f 497 498 515
f 497 515 514
f 498 499 516
f 498 516 515
f 499 500 517
f 499 517 516
f 500 501 518
f 500 518 517
f 501 502 519
f 501 519 518
f 502 503 520
f 502 520 519
f 503 504 521
f 503 521 520
f 504 505 522
f 504 522 521
f 505 506 523
f 505 523 522
f 506 507 524
f 506 524 523
f 507 508 525
f 507 525 524
f 508 509 526
f 508 526 525
f 509 510 527
f 509 527 526
f 511 512 529
f 511 529 528
f 512 513 530
f 512 530 529
f 513 514 531
f 513 531 530
f 514 515 532
f 514 532 531
f 515 516 533
f 515 533 532
f 516 517 534
f 516 534 533
f 517 518 535
f 517 535 534
f 518 519 536
f 518 536 535
f 519 520 537
f 519 537 536
f 520 521 538
f 520 538 537
f 521 522 539
f 521 539 538
f 522 523 540
f 522 540 539
f 523 524 541
f 523 541 540
f 524 525 542
f 524 542 541
f 525 526 543
f 525 543 542
f 526 527 544
f 526 544 543
f 528 529 546
f 528 546 545
f 529 530 547
f 529 547 546
f 530 531 548
f 530 548 547
f 531 532 549
f 531 549 548
f 532 533 550
f 532 550 549
f 533 534 551
f 533 551 550
f 534 535 552
f 534 552 551
f 535 536 553
f 535 553 552
f 536 537 554
f 536 554 553
f 537 538 555
f 537 555 554
f 538 539 556
f 538 556 555
f 539 540 557
f 539 557 556
f 540 541 558
f 540 558 557
f 541 542 559
f 541 559 558
f 542 543 560
f 542 560 559
f 543 544 561
f 543 561 560
f 545 546 563
f 545 563 562
f 546 547 564
f 546 564 563
f 547 548 565
f 547 565 564
f 548 549 566
f 548 566 565
f 549 550 567
f 549 567 566
f 550 551 568
f 550 568 567
f 551 552 569
f 551 569 568
f 552 553 570
f 552 570 569
f 553 554 571
f 553 571 570
f 554 555 572
f 554 572 571
f 555 556 573
f 555 573 572
f 556 557 574
f 556 574 573
f 557 558 575
f 557 575 574
f 558 559 576
f 558 576 575
f 559 560 577
f 559 577 576
f 560 561 578
f 560 578 577
f 579 580 597
f 579 597 596
f 580 581 598
f 580 598 597
f 581 582 599
f 581 599 598
f 582 583 600
f 582 600 599
f 583 584 601
f 583 601 600
f 584 585 602
f 584 602 601
f 585 586 603
f 585 603 602
f 586 587 604
f 586 604 603
f 587 588 605
f 587 605 604
f 588 589 606
f 588 606 605
f 589 590 607
f 589 607 606
f 590 591 608
f 590 608 607
f 591 592 609
f 591 609 608
f 592 593 610
f 592 610 609
f 593 594 611
f 593 611 610
f 594 595 612
f 594 612 611
f 596 597 614
f 596 614 613
f 597 598 615
f 597 615 614
f 598 599 616
f 598 616 615
f 599 600 617
f 599 617 616
f 600 601 618
f 600 618 617
f 601 602 619
f 601 619 618
f 602 603 620
f 602 620 619
f 603 604 621
f 603 621 620
f 604 605 622
f 604 622 621
f 605 606 623
f 605 623 622
f 606 607 624
f 606 624 623
f 607 608 625
f 607 625 624
f 608 609 626
f 608 626 625
f 609 610 627
f 609 627 626
f 610 611 628
f 610 628 627
f 611 612 629
f 611 629 628
f 613 614 631
f 613 631 630
f 614 615 632
f 614 632 631
f 615 616 633
f 615 633 632
f 616 617 634
f 616 634 633
f 617 618 635
f 617 635 634
f 618 619 636
f 618 636 635
f 619 620 637
f 619 637 636
f 620 621 638
f 620 638 637
f 621 622 639
f 621 639 638
f 622 623 640
f 622 640 639
f 623 624 641
f 623 641 640
f 624 625 642
f 624 642 641
f 625 626 643
f 625 643 642
f 626 627 644
f 626 644 643
f 627 628 645
f 627 645 644
f 628 629 646
f 628 646 645
f 630 631 648
f 630 648 647
f 631 632 649
f 631 649 648
f 632 633 650
f 632 650 649
f 633 634 651
f 633 651 650
f 634 635 652
f 634 652 651
f 635 636 653
f 635 653 652
f 636 637 654
f 636 654 653
f 637 638 655
f 637 655 654
f 638 639 656
f 638 656 655
f 639 640 657
f 639 657 656
f 640 641 658
f 640 658 657
f 641 642 659
f 641 659 658
f 642 643 660
f 642 660 659
f 643 644 661
f 643 661 660
f 644 645 662
f 644 662 661
f 645 646 663
f 645 663 662
f 647 648 665
f 647 665 664
f 648 649 666
f 648 666 665
f 649 650 667
f 649 667 666
f 650 651 668
f 650 668 667
f 651 652 669
f 651 669 668
f 652 653 670
f 652 670 669
f 653 654 671
f 653 671 670
f 654 655 672
f 654 672 671
f 655 656 673
f 655 673 672
f 656 657 674
f 656 674 673
f 657 658 675
f 657 675 674
f 658 659 676
f 658 676 675
f 659 660 677
f 659 677 676
f 660 661 678
f 660 678 677
f 661 662 679
f 661 679 678
f 662 663 680
f 662 680 679
f 664 665 682
f 664 682 681
f 665 666 683
f 665 683 682
f 666 667 684
f 666 684 683
f 667 668 685
f 667 685 684
f 668 669 686
f 668 686 685
f 669 670 687
f 669 687 686
f 670 671 688
f 670 688 687
f 671 672 689
f 671 689 688
f 672 673 690
f 672 690 689
f 673 674 691
f 673 691 690
f 674 675 692
f 674 692 691
f 675 676 693
f 675 693 692
f 676 677 694
f 676 694 693
f 677 678 695
f 677 695 694
f 678 679 696
f 678 696 695
f 679 680 697
f 679 697 696
f 681 682 699
f 681 699 698
f 682 683 700
f 682 700 699
f 683 684 701
f 683 701 700
f 684 685 702
f 684 702 701
f 685 686 703
f 685 703 702
f 686 687 704
f 686 704 703
f 687 688 705
f 687 705 704
f 688 689 706
f 688 706 705
f 689 690 707
f 689 707 706
f 690 691 708
f 690 708 707
f 691 692 709
f 691 709 708
f 692 693 710
f 692 710 709
f 693 694 711
f 693 711 710
f 694 695 712
f 694 712 711
f 695 696 713
f 695 713 712
f 696 697 714
f 696 714 713
f 698 699 716
f 698 716 715
f 699 700 717
f 699 717 716
f 700 701 718
f 700 718 717
f 701 702 719
f 701 719 718
f 702 703 720
f 702 720 719
f 703 704 721
f 703 721 720
f 704 705 722
f 704 722 721
f 705 706 723
f 705 723 722
f 706 707 724
f 706 724 723
f 707 708 725
f 707 725 724
f 708 709 726
f 708 726 725
f 709 710 727
f 709 727 726
f 710 711 728
f 710 728 727
f 711 712 729
f 711 729 728
f 712 713 730
f 712 730 729
f 713 714 731
f 713 731 730
f 715 716 733
f 715 733 732
f 716 717 734
f 716 734 733
f 717 718 735
f 717 735 734
f 718 719 736
f 718 736 735
f 719 720 737
f 719 737 736
f 720 721 738
f 720 738 737
f 721 722 739
f 721 739 738
f 722 723 740
f 722 740 739
f 723 724 741
f 723 741 740
f 724 725 742
f 724 742 741
f 725 726 743
f 725 743 742
f 726 727 744
f 726 744 743
f 727 728 745
f 727 745 744
f 728 729 746
f 728 746 745
f 729 730 747
f 729 747 746
f 730 731 748
f 730 748 747
f 732 733 750
f 732 750 749
f 733 734 751
f 733 751 750
f 734 735 752
f 734 752 751
f 735 736 753
f 735 753 752
f 736 737 754
f 736 754 753
f 737 738 755
f 737 755 754
f 738 739 756
f 738 756 755
f 739 740 757
f 739 757 756
f 740 741 758
f 740 758 757
f 741 742 759
f 741 759 758
f 742 743 760
f 742 760 759
f 743 744 761
f 743 761 760
f 744 745 762
f 744 762 761
f 745 746 763
f 745 763 762
f 746 747 764
f 746 764 763
f 747 748 765
f 747 765 764
f 749 750 767
f 749 767 766
f 750 751 768
f 750 768 767
f 751 752 769
f 751 769 768
f 752 753 770
f 752 770 769
f 753 754 771
f 753 771 770
f 754 755 772
f 754 772 771
f 755 756 773
f 755 773 772
f 756 757 774
f 756 774 773
f 757 758 775
f 757 775 774
f 758 759 776
f 758 776 775
f 759 760 777
f 759 777 776
f 760 761 778
f 760 778 777
f 761 762 779
f 761 779 778
f 762 763 780
f 762 780 779
f 763 764 781
f 763 781 780
f 764 765 782
f 764 782 781
f 766 767 784
f 766 784 783
f 767 768 785
f 767 785 784
f 768 769 786
f 768 786 785
f 769 770 787
f 769 787 786
f 770 771 788
f 770 788 787
f 771 772 789
f 771 789 788
f 772 773 790
f 772 790 789
f 773 774 791
f 773 791 790
f 774 775 792
f 774 792 791
f 775 776 793
f 775 793 792
f 776 777 794
f 776 794 793
f 777 778 795
f 777 795 794
f 778 779 796
f 778 796 795
f 779 780 797
f 779 797 796
f 780 781 798
f 780 798 797
f 781 782 799
f 781 799 798
f 783 784 801
f 783 801 800
f 784 785 802
f 784 802 801
f 785 786 803
f 785 803 802
f 786 787 804
f 786 804 803
f 787 788 805
f 787 805 804
f 788 789 806
f 788 806 805
f 789 790 807
f 789 807 806
f 790 791 808
f 790 808 807
f 791 792 809
f 791 809 808
f 792 793 810
f 792 810 809
f 793 794 811
f 793 811 810
f 794 795 812
f 794 812 811
f 795 796 813
f 795 813 812
f 796 797 814
f 796 814 813
f 797 798 815
f 797 815 814
f 798 799 816
f 798 816 815
f 800 801 818
f 800 818 817
f 801 802 819
f 801 819 818
f 802 803 820
f 802 820 819
f 803 804 821
f 803 821 820
f 804 805 822
f 804 822 821
f 805 806 823
f 805 823 822
f 806 807 824
f 806 824 823
f 807 808 825
f 807 825 824
f 808 809 826
f 808 826 825
f 809 810 827
f 809 827 826
f 810 811 828
f 810 828 827
f 811 812 829
f 811 829 828
f 812 813 830
f 812 830 829
f 813 814 831
f 813 831 830
f 814 815 832
f 814 832 831
f 815 816 833
f 815 833 832
f 817 818 835
f 817 835 834
f 818 819 836
f 818 836 835
f 819 820 837
f 819 837 836
f 820 821 838
f 820 838 837
f 821 822 839
f 821 839 838
f 822 823 840
f 822 840 839
f 823 824 841
f 823 841 840
f 824 825 842
f 824 842 841
f 825 826 843
f 825 843 842
f 826 827 844
f 826 844 843
f 827 828 845
f 827 845 844
f 828 829 846
f 828 846 845
f 829 830 847
f 829 847 846
f 830 831 848
f 830 848 847
f 831 832 849
f 831 849 848
f 832 833 850
f 832 850 849
f 834 835 852
f 834 852 851
f 835 836 853
f 835 853 852
f 836 837 854
f 836 854 853
f 837 838 855
f 837 855 854
f 838 839 856
f 838 856 855
f 839 840 857
f 839 857 856
f 840 841 858
f 840 858 857
f 841 842 859
f 841 859 858
f 842 843 860
f 842 860 859
f 843 844 861
f 843 861 860
f 844 845 862
f 844 862 861
f 845 846 863
f 845 863 862
f 846 847 864
f 846 864 863
f 847 848 865
f 847 865 864
f 848 849 866
f 848 866 865
f 849 850 867
f 849 867 866
f 868 869 886
f 868 886 885
f 869 870 887
f 869 887 886
f 870 871 888
f 870 888 887
f 871 872 889
f 871 889 888
f 872 873 890
f 872 890 889
f 873 874 891
f 873 891 890
f 874 875 892
f 874 892 891
f 875 876 893
f 875 893 892
f 876 877 894
f 876 894 893
f 877 878 895
f 877 895 894
f 878 879 896
f 878 896 895
f 879 880 897
f 879 897 896
f 880 881 898
f 880 898 897
f 881 882 899
f 881 899 898
f 882 883 900
f 882 900 899
f 883 884 901
f 883 901 900
f 885 886 903
f 885 903 902
f 886 887 904
f 886 904 903
f 887 888 905
f 887 905 904
f 888 889 906
f 888 906 905
f 889 890 907
f 889 907 906
f 890 891 908
f 890 908 907
f 891 892 909
f 891 909 908
f 892 893 910
f 892 910 909
f 893 894 911
f 893 911 910
f 894 895 912
f 894 912 911
f 895 896 913
f 895 913 912
f 896 897 914
f 896 914 913
f 897 898 915
f 897 915 914
f 898 899 916
f 898 916 915
f 899 900 917
f 899 917 916
f 900 901 918
f 900 918 917
f 902 903 920
f 902 920 919
f 903 904 921
f 903 921 920
f 904 905 922
f 904 922 921
f 905 906 923
f 905 923 922
f 906 907 924
f 906 924 923
f 907 908 925
f 907 925 924
f 908 909 926
f 908 926 925
f 909 910 927
f 909 927 926
f 910 911 928
f 910 928 927
f 911 912 929
f 911 929 928
f 912 913 930
f 912 930 929
f 913 914 931
f 913 931 930
f 914 915 932
f 914 932 931
f 915 916 933
f 915 933 932
f 916 917 934
f 916 934 933
f 917 918 935
f 917 935 934
f 919 920 937
f 919 937 936
f 920 921 938
f 920 938 937
f 921 922 939
f 921 939 938
f 922 923 940
f 922 940 939
f 923 924 941
f 923 941 940
f 924 925 942
f 924 942 941
f 925 926 943
f 925 943 942
f 926 927 944
f 926 944 943
f 927 928 945
f 927 945 944
f 928 929 946
f 928 946 945
f 929 930 947
f 929 947 946
f 930 931 948
f 930 948 947
f 931 932 949
f 931 949 948
f 932 933 950
f 932 950 949
f 933 934 951
f 933 951 950
f 934 935 952
f 934 952 951
f 936 937 954
f 936 954 953
f 937 938 955
f 937 955 954
f 938 939 956
f 938 956 955
f 939 940 957
f 939 957 956
f 940 941 958
f 940 958 957
f 941 942 959
f 941 959 958
f 942 943 960
f 942 960 959
f 943 944 961
f 943 961 960
f 944 945 962
f 944 962 961
f 945 946 963
f 945 963 962
f 946 947 964
f 946 964 963
f 947 948 965
f 947 965 964
f 948 949 966
f 948 966 965
f 949 950 967
f 949 967 966
f 950 951 968
f 950 968 967
f 951 952 969
f 951 969 968
f 953 954 971
f 953 971 970
f 954 955 972
f 954 972 971
f 955 956 973
f 955 973 972
f 956 957 974
f 956 974 973
f 957 958 975
f 957 975 974
f 958 959 976
f 958 976 975
f 959 960 977
f 959 977 976
f 960 961 978
f 960 978 977
f 961 962 979
f 961 979 978
f 962 963 980
f 962 980 979
f 963 964 981
f 963 981 980
f 964 965 982
f 964 982 981
f 965 966 983
f 965 983 982
f 966 967 984
f 966 984 983
f 967 968 985
f 967 985 984
f 968 969 986
f 968 986 985
f 970 971 988
f 970 988 987
f 971 972 989
f 971 989 988
f 972 973 990
f 972 990 989
f 973 974 991
f 973 991 990
f 974 975 992
f 974 992 991
f 975 976 993
f 975 993 992
f 976 977 994
f 976 994 993
f 977 978 995
f 977 995 994
f 978 979 996
f 978 996 995
f 979 980 997
f 979 997 996
f 980 981 998
f 980 998 997
f 981 982 999
f 981 999 998
f 982 983 1000
f 982 1000 999
f 983 984 1001
f 983 1001 1000
f 984 985 1002
f 984 1002 1001
f 985 986 1003
f 985 1003 1002
f 987 988 1005
f 987 1005 1004
f 988 989 1006
f 988 1006 1005
f 989 990 1007
f 989 1007 1006
f 990 991 1008
f 990 1008 1007
f 991 992 1009
f 991 1009 1008
f 992 993 1010
f 992 1010 1009
f 993 994 1011
f 993 1011 1010
f 994 995 1012
f 994 1012 1011
f 995 996 1013
f 995 1013 1012
f 996 997 1014
f 996 1014 1013
f 997 998 1015
f 997 1015 1014
f 998 999 1016
f 998 1016 1015
f 999 1000 1017
f 999 1017 1016
f 1000 1001 1018
f 1000 1018 1017
f 1001 1002 1019
f 1001 1019 1018
f 1002 1003 1020
f 1002 1020 1019
f 1004 1005 1022
f 1004 1022 1021
f 1005 1006 1023
f 1005 1023 1022
f 1006 1007 1024
f 1006 1024 1023
f 1007 1008 1025
f 1007 1025 1024
f 1008 1009 1026
f 1008 1026 1025
f 1009 1010 1027
f 1009 1027 1026
f 1010 1011 1028
f 1010 1028 1027
f 1011 1012 1029
f 1011 1029 1028
f 1012 1013 1030
f 1012 1030 1029
f 1013 1014 1031
f 1013 1031 1030
f 1014 1015 1032
f 1014 1032 1031
f 1015 1016 1033
f 1015 1033 1032
f 1016 1017 1034
f 1016 1034 1033
f 1017 1018 1035
f 1017 1035 1034
f 1018 1019 1036
f 1018 1036 1035
f 1019 1020 1037
f 1019 1037 1036
f 1021 1022 1039
f 1021 1039 1038
f 1022 1023 1040
f 1022 1040 1039
f 1023 1024 1041
f 1023 1041 1040
f 1024 1025 1042
f 1024 1042 1041
f 1025 1026 1043
f 1025 1043 1042
f 1026 1027 1044
f 1026 1044 1043
f 1027 1028 1045
f 1027 1045 1044
f 1028 1029 1046
f 1028 1046 1045
f 1029 1030 1047
f 1029 1047 1046
f 1030 1031 1048
f 1030 1048 1047
f 1031 1032 1049
f 1031 1049 1048
f 1032 1033 1050
f 1032 1050 1049
f 1033 1034 1051
f 1033 1051 1050
f 1034 1035 1052
f 1034 1052 1051
f 1035 1036 1053
f 1035 1053 1052
f 1036 1037 1054
f 1036 1054 1053
f 1038 1039 1056
f 1038 1056 1055
f 1039 1040 1057
f 1039 1057 1056
f 1040 1041 1058
f 1040 1058 1057
f 1041 1042 1059
f 1041 1059 1058
f 1042 1043 1060
f 1042 1060 1059
f 1043 1044 1061
f 1043 1061 1060
f 1044 1045 1062
f 1044 1062 1061
f 1045 1046 1063
f 1045 1063 1062
f 1046 1047 1064
f 1046 1064 1063
f 1047 1048 1065
f 1047 1065 1064
f 1048 1049 1066
f 1048 1066 1065
f 1049 1050 1067
f 1049 1067 1066
f 1050 1051 1068
f 1050 1068 1067
f 1051 1052 1069
f 1051 1069 1068
f 1052 1053 1070
f 1052 1070 1069
f 1053 1054 1071
f 1053 1071 1070
f 1055 1056 1073
f 1055 1073 1072
f 1056 1057 1074
f 1056 1074 1073
f 1057 1058 1075
f 1057 1075 1074
f 1058 1059 1076
f 1058 1076 1075
f 1059 1060 1077
f 1059 1077 1076
f 1060 1061 1078
f 1060 1078 1077
f 1061 1062 1079
f 1061 1079 1078
f 1062 1063 1080
f 1062 1080 1079
f 1063 1064 1081
f 1063 1081 1080
f 1064 1065 1082
f 1064 1082 1081
f 1065 1066 1083
f 1065 1083 1082
f 1066 1067 1084
f 1066 1084 1083
f 1067 1068 1085
f 1067 1085 1084
f 1068 1069 1086
f 1068 1086 1085
f 1069 1070 1087
f 1069 1087 1086
f 1070 1071 1088
f 1070 1088 1087
f 1072 1073 1090
f 1072 1090 1089
f 1073 1074 1091
f 1073 1091 1090
f 1074 1075 1092
f 1074 1092 1091
f 1075 1076 1093
f 1075 1093 1092
f 1076 1077 1094
f 1076 1094 1093
f 1077 1078 1095
f 1077 1095 1094
f 1078 1079 1096
f 1078 1096 1095
f 1079 1080 1097
f 1079 1097 1096
f 1080 1081 1098
f 1080 1098 1097
f 1081 1082 1099
f 1081 1099 1098
f 1082 1083 1100
f 1082 1100 1099
f 1083 1084 1101
f 1083 1101 1100
f 1084 1085 1102
f 1084 1102 1101
f 1085 1086 1103
f 1085 1103 1102
f 1086 1087 1104
f 1086 1104 1103
f 1087 1088 1105
f 1087 1105 1104
f 1089 1090 1107
f 1089 1107 1106
f 1090 1091 1108
f 1090 1108 1107
f 1091 1092 1109
f 1091 1109 1108
f 1092 1093 1110
f 1092 1110 1109
f 1093 1094 1111
f 1093 1111 1110
f 1094 1095 1112
f 1094 1112 1111
f 1095 1096 1113
f 1095 1113 1112
f 1096 1097 1114
f 1096 1114 1113
f 1097 1098 1115
f 1097 1115 1114
f 1098 1099 1116
f 1098 1116 1115
f 1099 1100 1117
f 1099 1117 1116
f 1100 1101 1118
f 1100 1118 1117
f 1101 1102 1119
f 1101 1119 1118
f 1102 1103 1120
f 1102 1120 1119
f 1103 1104 1121
f 1103 1121 1120
f 1104 1105 1122
f 1104 1122 1121
f 1106 1107 1124
f 1106 1124 1123
f 1107 1108 1125
f 1107 1125 1124
f 1108 1109 1126
f 1108 1126 1125
f 1109 1110 1127
f 1109 1127 1126
f 1110 1111 1128
f 1110 1128 1127
f 1111 1112 1129
f 1111 1129 1128
f 1112 1113 1130
f 1112 1130 1129
f 1113 1114 1131
f 1113 1131 1130
f 1114 1115 1132
f 1114 1132 1131
f 1115 1116 1133
f 1115 1133 1132
f 1116 1117 1134
f 1116 1134 1133
f 1117 1118 1135
f 1117 1135 1134
f 1118 1119 1136
f 1118 1136 1135
f 1119 1120 1137
f 1119 1137 1136
f 1120 1121 1138
f 1120 1138 1137
f 1121 1122 1139
f 1121 1139 1138
f 1123 1124 1141
f 1123 1141 1140
f 1124 1125 1142
f 1124 1142 1141
f 1125 1126 1143
f 1125 1143 1142
f 1126 1127 1144
f 1126 1144 1143
f 1127 1128 1145
f 1127 1145 1144
f 1128 1129 1146
f 1128 1146 1145
f 1129 1130 1147
f 1129 1147 1146
f 1130 1131 1148
f 1130 1148 1147
f 1131 1132 1149
f 1131 1149 1148
f 1132 1133 1150
f 1132 1150 1149
f 1133 1134 1151
f 1133 1151 1150
f 1134 1135 1152
f 1134 1152 1151
f 1135 1136 1153
f 1135 1153 1152
f 1136 1137 1154
f 1136 1154 1153
f 1137 1138 1155
f 1137 1155 1154
f 1138 1139 1156
f 1138 1156 1155
f 1157 1158 1175
f 1157 1175 1174
f 1158 1159 1176
f 1158 1176 1175
f 1159 1160 1177
f 1159 1177 1176
f 1160 1161 1178
f 1160 1178 1177
f 1161 1162 1179
f 1161 1179 1178
f 1162 1163 1180
f 1162 1180 1179
f 1163 1164 1181
f 1163 1181 1180
f 1164 1165 1182
f 1164 1182 1181
f 1165 1166 1183
f 1165 1183 1182
f 1166 1167 1184
f 1166 1184 1183
f 1167 1168 1185
f 1167 1185 1184
f 1168 1169 1186
f 1168 1186 1185
f 1169 1170 1187
f 1169 1187 1186
f 1170 1171 1188
f 1170 1188 1187
f 1171 1172 1189
f 1171 1189 1188
f 1172 1173 1190
f 1172 1190 1189
f 1174 1175 1192
f 1174 1192 1191
f 1175 1176 1193
f 1175 1193 1192
f 1176 1177 1194
f 1176 1194 1193
f 1177 1178 1195
f 1177 1195 1194
f 1178 1179 1196
f 1178 1196 1195
f 1179 1180 1197
f 1179 1197 1196
f 1180 1181 1198
f 1180 1198 1197
f 1181 1182 1199
f 1181 1199 1198
f 1182 1183 1200
f 1182 1200 1199
f 1183 1184 1201
f 1183 1201 1200
f 1184 1185 1202
f 1184 1202 1201
f 1185 1186 1203
f 1185 1203 1202
f 1186 1187 1204
f 1186 1204 1203
f 1187 1188 1205
f 1187 1205 1204
f 1188 1189 1206
f 1188 1206 1205
f 1189 1190 1207
f 1189 1207 1206
f 1191 1192 1209
f 1191 1209 1208
f 1192 1193 1210
f 1192 1210 1209
f 1193 1194 1211
f 1193 1211 1210
f 1194 1195 1212
f 1194 1212 1211
f 1195 1196 1213
f 1195 1213 1212
f 1196 1197 1214
f 1196 1214 1213
f 1197 1198 1215
f 1197 1215 1214
f 1198 1199 1216
f 1198 1216 1215
f 1199 1200 1217
f 1199 1217 1216
f 1200 1201 1218
f 1200 1218 1217
f 1201 1202 1219
f 1201 1219 1218
f 1202 1203 1220
f 1202 1220 1219
f 1203 1204 1221
f 1203 1221 1220
f 1204 1205 1222
f 1204 1222 1221
f 1205 1206 1223
f 1205 1223 1222
f 1206 1207 1224
f 1206 1224 1223
f 1208 1209 1226
f 1208 1226 1225
f 1209 1210 1227
f 1209 1227 1226
f 1210 1211 1228
f 1210 1228 1227
f 1211 1212 1229
f 1211 1229 1228
f 1212 1213 1230
f 1212 1230 1229
f 1213 1214 1231
f 1213 1231 1230
f 1214 1215 1232
f 1214 1232 1231
f 1215 1216 1233
f 1215 1233 1232
f 1216 1217 1234
f 1216 1234 1233
f 1217 1218 1235
f 1217 1235 1234
f 1218 1219 1236
f 1218 1236 1235
f 1219 1220 1237
f 1219 1237 1236
f 1220 1221 1238
f 1220 1238 1237
f 1221 1222 1239
f 1221 1239 1238
f 1222 1223 1240
f 1222 1240 1239
f 1223 1224 1241
f 1223 1241 1240
f 1225 1226 1243
f 1225 1243 1242
f 1226 1227 1244
f 1226 1244 1243
f 1227 1228 1245
f 1227 1245 1244
f 1228 1229 1246
f 1228 1246 1245
f 1229 1230 1247
f 1229 1247 1246
f 1230 1231 1248
f 1230 1248 1247
f 1231 1232 1249
f 1231 1249 1248
f 1232 1233 1250
f 1232 1250 1249
f 1233 1234 1251
f 1233 1251 1250
f 1234 1235 1252
f 1234 1252 1251
f 1235 1236 1253
f 1235 1253 1252
f 1236 1237 1254
f 1236 1254 1253
f 1237 1238 1255
f 1237 1255 1254
f 1238 1239 1256
f 1238 1256 1255
f 1239 1240 1257
f 1239 1257 1256
f 1240 1241 1258
f 1240 1258 1257
f 1242 1243 1260
f 1242 1260 1259
f 1243 1244 1261
f 1243 1261 1260
f 1244 1245 1262
f 1244 1262 1261
f 1245 1246 1263
f 1245 1263 1262
f 1246 1247 1264
f 1246 1264 1263
f 1247 1248 1265
f 1247 1265 1264
f 1248 1249 1266
f 1248 1266 1265
f 1249 1250 1267
f 1249 1267 1266
f 1250 1251 1268
f 1250 1268 1267
f 1251 1252 1269
f 1251 1269 1268
f 1252 1253 1270
f 1252 1270 1269
f 1253 1254 1271
f 1253 1271 1270
f 1254 1255 1272
f 1254 1272 1271
f 1255 1256 1273
f 1255 1273 1272
f 1256 1257 1274
f 1256 1274 1273
f 1257 1258 1275
f 1257 1275 1274
f 1259 1260 1277
f 1259 1277 1276
f 1260 1261 1278
f 1260 1278 1277
f 1261 1262 1279
f 1261 1279 1278
f 1262 1263 1280
f 1262 1280 1279
f 1263 1264 1281
f 1263 1281 1280
f 1264 1265 1282
f 1264 1282 1281
f 1265 1266 1283
f 1265 1283 1282
f 1266 1267 1284
f 1266 1284 1283
f 1267 1268 1285
f 1267 1285 1284
f 1268 1269 1286
f 1268 1286 1285
f 1269 1270 1287
f 1269 1287 1286
f 1270 1271 1288
f 1270 1288 1287
f 1271 1272 1289
f 1271 1289 1288
f 1272 1273 1290
f 1272 1290 1289
f 1273 1274 1291
f 1273 1291 1290
f 1274 1275 1292
f 1274 1292 1291
f 1276 1277 1294
f 1276 1294 1293
f 1277 1278 1295
f 1277 1295 1294
f 1278 1279 1296
f 1278 1296 1295
f 1279 1280 1297
f 1279 1297 1296
f 1280 1281 1298
f 1280 1298 1297
f 1281 1282 1299
f 1281 1299 1298
f 1282 1283 1300
f 1282 1300 1299
f 1283 1284 1301
f 1283 1301 1300
f 1284 1285 1302
f 1284 1302 1301
f 1285 1286 1303
f 1285 1303 1302
f 1286 1287 1304
f 1286 1304 1303
f 1287 1288 1305
f 1287 1305 1304
f 1288 1289 1306
f 1288 1306 1305
f 1289 1290 1307
f 1289 1307 1306
f 1290 1291 1308
f 1290 1308 1307
f 1291 1292 1309
f 1291 1309 1308
f 1293 1294 1311
f 1293 1311 1310
f 1294 1295 1312
f 1294 1312 1311
f 1295 1296 1313
f 1295 1313 1312
f 1296 1297 1314
f 1296 1314 1313
f 1297 1298 1315
f 1297 1315 1314
f 1298 1299 1316
f 1298 1316 1315
f 1299 1300 1317
f 1299 1317 1316
f 1300 1301 1318
f 1300 1318 1317
f 1301 1302 1319
f 1301 1319 1318
f 1302 1303 1320
f 1302 1320 1319
f 1303 1304 1321
f 1303 1321 1320
f 1304 1305 1322
f 1304 1322 1321
f 1305 1306 1323
f 1305 1323 1322
f 1306 1307 1324
f 1306 1324 1323
f 1307 1308 1325
f 1307 1325 1324
f 1308 1309 1326
f 1308 1326 1325
f 1310 1311 1328
f 1310 1328 1327
f 1311 1312 1329
f 1311 1329 1328
f 1312 1313 1330
f 1312 1330 1329
f 1313 1314 1331
f 1313 1331 1330
f 1314 1315 1332
f 1314 1332 1331
f 1315 1316 1333
f 1315 1333 1332
f 1316 1317 1334
f 1316 1334 1333
f 1317 1318 1335
f 1317 1335 1334
f 1318 1319 1336
f 1318 1336 1335
f 1319 1320 1337
f 1319 1337 1336
f 1320 1321 1338
f 1320 1338 1337
f 1321 1322 1339
f 1321 1339 1338
f 1322 1323 1340
f 1322 1340 1339
f 1323 1324 1341
f 1323 1341 1340
f 1324 1325 1342
f 1324 1342 1341
f 1325 1326 1343
f 1325 1343 1342
f 1327 1328 1345
f 1327 1345 1344
f 1328 1329 1346
f 1328 1346 1345
f 1329 1330 1347
f 1329 1347 1346
f 1330 1331 1348
f 1330 1348 1347
f 1331 1332 1349
f 1331 1349 1348
f 1332 1333 1350
f 1332 1350 1349
f 1333 1334 1351
f 1333 1351 1350
f 1334 1335 1352
f 1334 1352 1351
f 1335 1336 1353
f 1335 1353 1352
f 1336 1337 1354
f 1336 1354 1353
f 1337 1338 1355
f 1337 1355 1354
f 1338 1339 1356
f 1338 1356 1355
f 1339 1340 1357
f 1339 1357 1356
f 1340 1341 1358
f 1340 1358 1357
f 1341 1342 1359
f 1341 1359 1358
f 1342 1343 1360
f 1342 1360 1359
f 1344 1345 1362
f 1344 1362 1361
f 1345 1346 1363
f 1345 1363 1362
f 1346 1347 1364
f 1346 1364 1363
f 1347 1348 1365
f 1347 1365 1364
f 1348 1349 1366
f 1348 1366 1365
f 1349 1350 1367
f 1349 1367 1366
f 1350 1351 1368
f 1350 1368 1367
f 1351 1352 1369
f 1351 1369 1368
f 1352 1353 1370
f 1352 1370 1369
f 1353 1354 1371
f 1353 1371 1370
f 1354 1355 1372
f 1354 1372 1371
f 1355 1356 1373
f 1355 1373 1372
f 1356 1357 1374
f 1356 1374 1373
f 1357 1358 1375
f 1357 1375 1374
f 1358 1359 1376
f 1358 1376 1375
f 1359 1360 1377
f 1359 1377 1376
f 1361 1362 1379
f 1361 1379 1378
f 1362 1363 1380
f 1362 1380 1379
f 1363 1364 1381
f 1363 1381 1380
f 1364 1365 1382
f 1364 1382 1381
f 1365 1366 1383
f 1365 1383 1382
f 1366 1367 1384
f 1366 1384 1383
f 1367 1368 1385
f 1367 1385 1384
f 1368 1369 1386
f 1368 1386 1385
f 1369 1370 1387
f 1369 1387 1386
f 1370 1371 1388
f 1370 1388 1387
f 1371 1372 1389
f 1371 1389 1388
f 1372 1373 1390
f 1372 1390 1389
f 1373 1374 1391
f 1373 1391 1390
f 1374 1375 1392
f 1374 1392 1391
f 1375 1376 1393
f 1375 1393 1392
f 1376 1377 1394
f 1376 1394 1393
f 1378 1379 1396
f 1378 1396 1395
f 1379 1380 1397
f 1379 1397 1396
f 1380 1381 1398
f 1380 1398 1397
f 1381 1382 1399
f 1381 1399 1398
f 1382 1383 1400
f 1382 1400 1399
f 1383 1384 1401
f 1383 1401 1400
f 1384 1385 1402
f 1384 1402 1401
f 1385 1386 1403
f 1385 1403 1402
f 1386 1387 1404
f 1386 1404 1403
f 1387 1388 1405
f 1387 1405 1404
f 1388 1389 1406
f 1388 1406 1405
f 1389 1390 1407
f 1389 1407 1406
f 1390 1391 1408
f 1390 1408 1407
f 1391 1392 1409
f 1391 1409 1408
f 1392 1393 1410
f 1392 1410 1409
f 1393 1394 1411
f 1393 1411 1410
f 1395 1396 1413
f 1395 1413 1412
f 1396 1397 1414
f 1396 1414 1413
f 1397 1398 1415
f 1397 1415 1414
f 1398 1399 1416
f 1398 1416 1415
f 1399 1400 1417
f 1399 1417 1416
f 1400 1401 1418
f 1400 1418 1417
f 1401 1402 1419
f 1401 1419 1418
f 1402 1403 1420
f 1402 1420 1419
f 1403 1404 1421
f 1403 1421 1420
f 1404 1405 1422
f 1404 1422 1421
f 1405 1406 1423
f 1405 1423 1422
f 1406 1407 1424
f 1406 1424 1423
f 1407 1408 1425
f 1407 1425 1424
f 1408 1409 1426
f 1408 1426 1425
f 1409 1410 1427
f 1409 1427 1426
f 1410 1411 1428
f 1410 1428 1427
f 1412 1413 1430
f 1412 1430 1429
f 1413 1414 1431
f 1413 1431 1430
f 1414 1415 1432
f 1414 1432 1431
f 1415 1416 1433
f 1415 1433 1432
f 1416 1417 1434
f 1416 1434 1433
f 1417 1418 1435
f 1417 1435 1434
f 1418 1419 1436
f 1418 1436 1435
f 1419 1420 1437
f 1419 1437 1436
f 1420 1421 1438
f 1420 1438 1437
f 1421 1422 1439
f 1421 1439 1438
f 1422 1423 1440
f 1422 1440 1439
f 1423 1424 1441
f 1423 1441 1440
f 1424 1425 1442
f 1424 1442 1441
f 1425 1426 1443
f 1425 1443 1442
f 1426 1427 1444
f 1426 1444 1443
f 1427 1428 1445
f 1427 1445 1444
f 1446 1447 1464
f 1446 1464 1463
f 1447 1448 1465
f 1447 1465 1464
f 1448 1449 1466
f 1448 1466 1465
f 1449 1450 1467
f 1449 1467 1466
f 1450 1451 1468
f 1450 1468 1467
f 1451 1452 1469
f 1451 1469 1468
f 1452 1453 1470
f 1452 1470 1469
f 1453 1454 1471
f 1453 1471 1470
f 1454 1455 1472
f 1454 1472 1471
f 1455 1456 1473
f 1455 1473 1472
f 1456 1457 1474
f 1456 1474 1473
f 1457 1458 1475
f 1457 1475 1474
f 1458 1459 1476
f 1458 1476 1475
f 1459 1460 1477
f 1459 1477 1476
f 1460 1461 1478
f 1460 1478 1477
f 1461 1462 1479
f 1461 1479 1478
f 1463 1464 1481
f 1463 1481 1480
f 1464 1465 1482
f 1464 1482 1481
f 1465 1466 1483
f 1465 1483 1482
f 1466 1467 1484
f 1466 1484 1483
f 1467 1468 1485
f 1467 1485 1484
f 1468 1469 1486
f 1468 1486 1485
f 1469 1470 1487
f 1469 1487 1486
f 1470 1471 1488
f 1470 1488 1487
f 1471 1472 1489
f 1471 1489 1488
f 1472 1473 1490
f 1472 1490 1489
f 1473 1474 1491
f 1473 1491 1490
f 1474 1475 1492
f 1474 1492 1491
f 1475 1476 1493
f 1475 1493 1492
f 1476 1477 1494
f 1476 1494 1493
f 1477 1478 1495
f 1477 1495 1494
f 1478 1479 1496
f 1478 1496 1495
f 1480 1481 1498
f 1480 1498 1497
f 1481 1482 1499
f 1481 1499 1498
f 1482 1483 1500
f 1482 1500 1499
f 1483 1484 1501
f 1483 1501 1500
f 1484 1485 1502
f 1484 1502 1501
f 1485 1486 1503
f 1485 1503 1502
f 1486 1487 1504
f 1486 1504 1503
f 1487 1488 1505
f 1487 1505 1504
f 1488 1489 1506
f 1488 1506 1505
f 1489 1490 1507
f 1489 1507 1506
f 1490 1491 1508
f 1490 1508 1507
f 1491 1492 1509
f 1491 1509 1508
f 1492 1493 1510
f 1492 1510 1509
f 1493 1494 1511
f 1493 1511 1510
f 1494 1495 1512
f 1494 1512 1511
f 1495 1496 1513
f 1495 1513 1512
f 1497 1498 1515
f 1497 1515 1514
f 1498 1499 1516
f 1498 1516 1515
f 1499 1500 1517
f 1499 1517 1516
f 1500 1501 1518
f 1500 1518 1517
f 1501 1502 1519
f 1501 1519 1518
f 1502 1503 1520
f 1502 1520 1519
f 1503 1504 1521
f 1503 1521 1520
f 1504 1505 1522
f 1504 1522 1521
f 1505 1506 1523
f 1505 1523 1522
f 1506 1507 1524
f 1506 1524 1523
f 1507 1508 1525
f 1507 1525 1524
f 1508 1509 1526
f 1508 1526 1525
f 1509 1510 1527
f 1509 1527 1526
f 1510 1511 1528
f 1510 1528 1527
f 1511 1512 1529
f 1511 1529 1528
f 1512 1513 1530
f 1512 1530 1529
f 1514 1515 1532
f 1514 1532 1531
f 1515 1516 1533
f 1515 1533 1532
f 1516 1517 1534
f 1516 1534 1533
f 1517 1518 1535
f 1517 1535 1534
f 1518 1519 1536
f 1518 1536 1535
f 1519 1520 1537
f 1519 1537 1536
f 1520 1521 1538
f 1520 1538 1537
f 1521 1522 1539
f 1521 1539 1538
f 1522 1523 1540
f 1522 1540 1539
f 1523 1524 1541
f 1523 1541 1540
f 1524 1525 1542
f 1524 1542 1541
f 1525 1526 1543
f 1525 1543 1542
f 1526 1527 1544
f 1526 1544 1543
f 1527 1528 1545
f 1527 1545 1544
f 1528 1529 1546
f 1528 1546 1545
f 1529 1530 1547
f 1529 1547 1546
f 1531 1532 1549
f 1531 1549 1548
f 1532 1533 1550
f 1532 1550 1549
f 1533 1534 1551
f 1533 1551 1550
f 1534 1535 1552
f 1534 1552 1551
f 1535 1536 1553
f 1535 1553 1552
f 1536 1537 1554
f 1536 1554 1553
f 1537 1538 1555
f 1537 1555 1554
f 1538 1539 1556
f 1538 1556 1555
f 1539 1540 1557
f 1539 1557 1556
f 1540 1541 1558
f 1540 1558 1557
f 1541 1542 1559
f 1541 1559 1558
f 1542 1543 1560
f 1542 1560 1559
f 1543 1544 1561
f 1543 1561 1560
f 1544 1545 1562
f 1544 1562 1561
f 1545 1546 1563
f 1545 1563 1562
f 1546 1547 1564
f 1546 1564 1563
f 1548 1549 1566
f 1548 1566 1565
f 1549 1550 1567
f 1549 1567 1566
f 1550 1551 1568
f 1550 1568 1567
f 1551 1552 1569
f 1551 1569 1568
f 1552 1553 1570
f 1552 1570 1569
f 1553 1554 1571
f 1553 1571 1570
f 1554 1555 1572
f 1554 1572 1571
f 1555 1556 1573
f 1555 1573 1572
f 1556 1557 1574
f 1556 1574 1573
f 1557 1558 1575
f 1557 1575 1574
f 1558 1559 1576
f 1558 1576 1575
f 1559 1560 1577
f 1559 1577 1576
f 1560 1561 1578
f 1560 1578 1577
f 1561 1562 1579
f 1561 1579 1578
f 1562 1563 1580
f 1562 1580 1579
f 1563 1564 1581
f 1563 1581 1580
f 1565 1566 1583
f 1565 1583 1582
f 1566 1567 1584
f 1566 1584 1583
f 1567 1568 1585
f 1567 1585 1584
f 1568 1569 1586
f 1568 1586 1585
f 1569 1570 1587
f 1569 1587 1586
f 1570 1571 1588
f 1570 1588 1587
f 1571 1572 1589
f 1571 1589 1588
f 1572 1573 1590
f 1572 1590 1589
f 1573 1574 1591
f 1573 1591 1590
f 1574 1575 1592
f 1574 1592 1591
f 1575 1576 1593
f 1575 1593 1592
f 1576 1577 1594
f 1576 1594 1593
f 1577 1578 1595
f 1577 1595 1594
f 1578 1579 1596
f 1578 1596 1595
f 1579 1580 1597
f 1579 1597 1596
f 1580 1581 1598
f 1580 1598 1597
f 1582 1583 1600
f 1582 1600 1599
f 1583 1584 1601
f 1583 1601 1600
f 1584 1585 1602
f 1584 1602 1601
f 1585 1586 1603
f 1585 1603 1602
f 1586 1587 1604
f 1586 1604 1603
f 1587 1588 1605
f 1587 1605 1604
f 1588 1589 1606
f 1588 1606 1605
f 1589 1590 1607
f 1589 1607 1606
f 1590 1591 1608
f 1590 1608 1607
f 1591 1592 1609
f 1591 1609 1608
f 1592 1593 1610
f 1592 1610 1609
f 1593 1594 1611
f 1593 1611 1610
f 1594 1595 1612
f 1594 1612 1611
f 1595 1596 1613
f 1595 1613 1612
f 1596 1597 1614
f 1596 1614 1613
f 1597 1598 1615
f 1597 1615 1614
f 1599 1600 1617
f 1599 1617 1616
f 1600 1601 1618
f 1600 1618 1617
f 1601 1602 1619
f 1601 1619 1618
f 1602 1603 1620
f 1602 1620 1619
f 1603 1604 1621
f 1603 1621 1620
f 1604 1605 1622
f 1604 1622 1621
f 1605 1606 1623
f 1605 1623 1622
f 1606 1607 1624
f 1606 1624 1623
f 1607 1608 1625
f 1607 1625 1624
f 1608 1609 1626
f 1608 1626 1625
f 1609 1610 1627
f 1609 1627 1626
f 1610 1611 1628
f 1610 1628 1627
f 1611 1612 1629
f 1611 1629 1628
f 1612 1613 1630
f 1612 1630 1629
f 1613 1614 1631
f 1613 1631 1630
f 1614 1615 1632
f 1614 1632 1631
f 1616 1617 1634
f 1616 1634 1633
f 1617 1618 1635
f 1617 1635 1634
f 1618 1619 1636
f 1618 1636 1635
f 1619 1620 1637
f 1619 1637 1636
f 1620 1621 1638
f 1620 1638 1637
f 1621 1622 1639
f 1621 1639 1638
f 1622 1623 1640
f 1622 1640 1639
f 1623 1624 1641
f 1623 1641 1640
f 1624 1625 1642
f 1624 1642 1641
f 1625 1626 1643
f 1625 1643 1642
f 1626 1627 1644
f 1626 1644 1643
f 1627 1628 1645
f 1627 1645 1644
f 1628 1629 1646
f 1628 1646 1645
f 1629 1630 1647
f 1629 1647 1646
f 1630 1631 1648
f 1630 1648 1647
f 1631 1632 1649
f 1631 1649 1648
f 1633 1634 1651
f 1633 1651 1650
f 1634 1635 1652
f 1634 1652 1651
f 1635 1636 1653
f 1635 1653 1652
f 1636 1637 1654
f 1636 1654 1653
f 1637 1638 1655
f 1637 1655 1654
f 1638 1639 1656
f 1638 1656 1655
f 1639 1640 1657
f 1639 1657 1656
f 1640 1641 1658
f 1640 1658 1657
f 1641 1642 1659
f 1641 1659 1658
f 1642 1643 1660
f 1642 1660 1659
f 1643 1644 1661
f 1643 1661 1660
f 1644 1645 1662
f 1644 1662 1661
f 1645 1646 1663
f 1645 1663 1662
f 1646 1647 1664
f 1646 1664 1663
f 1647 1648 1665
f 1647 1665 1664
f 1648 1649 1666
f 1648 1666 1665
f 1650 1651 1668
f 1650 1668 1667
f 1651 1652 1669
f 1651 1669 1668
f 1652 1653 1670
f 1652 1670 1669
f 1653 1654 1671
f 1653 1671 1670
f 1654 1655 1672
f 1654 1672 1671
f 1655 1656 1673
f 1655 1673 1672
f 1656 1657 1674
f 1656 1674 1673
f 1657 1658 1675
f 1657 1675 1674
f 1658 1659 1676
f 1658 1676 1675
f 1659 1660 1677
f 1659 1677 1676
f 1660 1661 1678
f 1660 1678 1677
f 1661 1662 1679
f 1661 1679 1678
f 1662 1663 1680
f 1662 1680 1679
f 1663 1664 1681
f 1663 1681 1680
f 1664 1665 1682
f 1664 1682 1681
f 1665 1666 1683
f 1665 1683 1682
f 1667 1668 1685
f 1667 1685 1684
f 1668 1669 1686
f 1668 1686 1685
f 1669 1670 1687
f 1669 1687 1686
f 1670 1671 1688
f 1670 1688 1687
f 1671 1672 1689
f 1671 1689 1688
f 1672 1673 1690
f 1672 1690 1689
f 1673 1674 1691
f 1673 1691 1690
f 1674 1675 1692
f 1674 1692 1691
f 1675 1676 1693
f 1675 1693 1692
f 1676 1677 1694
f 1676 1694 1693
f 1677 1678 1695
f 1677 1695 1694
f 1678 1679 1696
f 1678 1696 1695
f 1679 1680 1697
f 1679 1697 1696
f 1680 1681 1698
f 1680 1698 1697
f 1681 1682 1699
f 1681 1699 1698
f 1682 1683 1700
f 1682 1700 1699
f 1684 1685 1702
f 1684 1702 1701
f 1685 1686 1703
f 1685 1703 1702
f 1686 1687 1704
f 1686 1704 1703
f 1687 1688 1705
f 1687 1705 1704
f 1688 1689 1706
f 1688 1706 1705
f 1689 1690 1707
f 1689 1707 1706
f 1690 1691 1708
f 1690 1708 1707
f 1691 1692 1709
f 1691 1709 1708
f 1692 1693 1710
f 1692 1710 1709
f 1693 1694 1711
f 1693 1711 1710
f 1694 1695 1712
f 1694 1712 1711
f 1695 1696 1713
f 1695 1713 1712
f 1696 1697 1714
f 1696 1714 1713
f 1697 1698 1715
f 1697 1715 1714
f 1698 1699 1716
f 1698 1716 1715
f 1699 1700 1717
f 1699 1717 1716
f 1701 1702 1719
f 1701 1719 1718
f 1702 1703 1720
f 1702 1720 1719
f 1703 1704 1721
f 1703 1721 1720
f 1704 1705 1722
f 1704 1722 1721
f 1705 1706 1723
f 1705 1723 1722
f 1706 1707 1724
f 1706 1724 1723
f 1707 1708 1725
f 1707 1725 1724
f 1708 1709 1726
f 1708 1726 1725
f 1709 1710 1727
f 1709 1727 1726
f 1710 1711 1728
f 1710 1728 1727
f 1711 1712 1729
f 1711 1729 1728
f 1712 1713 1730
f 1712 1730 1729
f 1713 1714 1731
f 1713 1731 1730
f 1714 1715 1732
f 1714 1732 1731
f 1715 1716 1733
f 1715 1733 1732
f 1716 1717 1734
f 1716 1734 1733
f 1735 1736 1749
f 1735 1749 1748
f 1736 1737 1750
f 1736 1750 1749
f 1737 1738 1751
f 1737 1751 1750
f 1738 1739 1752
f 1738 1752 1751
f 1739 1740 1753
f 1739 1753 1752
f 1740 1741 1754
f 1740 1754 1753
f 1741 1742 1755
f 1741 1755 1754
f 1742 1743 1756
f 1742 1756 1755
f 1743 1744 1757
f 1743 1757 1756
f 1744 1745 1758
f 1744 1758 1757
f 1745 1746 1759
f 1745 1759 1758
f 1746 1747 1760
f 1746 1760 1759
f 1748 1749 1762
f 1748 1762 1761
f 1749 1750 1763
f 1749 1763 1762
f 1750 1751 1764
f 1750 1764 1763
f 1751 1752 1765
f 1751 1765 1764
f 1752 1753 1766
f 1752 1766 1765
f 1753 1754 1767
f 1753 1767 1766
f 1754 1755 1768
f 1754 1768 1767
f 1755 1756 1769
f 1755 1769 1768
f 1756 1757 1770
f 1756 1770 1769
f 1757 1758 1771
f 1757 1771 1770
f 1758 1759 1772
f 1758 1772 1771
f 1759 1760 1773
f 1759 1773 1772
f 1761 1762 1775
f 1761 1775 1774
f 1762 1763 1776
f 1762 1776 1775
f 1763 1764 1777
f 1763 1777 1776
f 1764 1765 1778
f 1764 1778 1777
f 1765 1766 1779
f 1765 1779 1778
f 1766 1767 1780
f 1766 1780 1779
f 1767 1768 1781
f 1767 1781 1780
f 1768 1769 1782
f 1768 1782 1781
f 1769 1770 1783
f 1769 1783 1782
f 1770 1771 1784
f 1770 1784 1783
f 1771 1772 1785
f 1771 1785 1784
f 1772 1773 1786
f 1772 1786 1785
f 1774 1775 1788
f 1774 1788 1787
f 1775 1776 1789
f 1775 1789 1788
f 1776 1777 1790
f 1776 1790 1789
f 1777 1778 1791
f 1777 1791 1790
f 1778 1779 1792
f 1778 1792 1791
f 1779 1780 1793
f 1779 1793 1792
f 1780 1781 1794
f 1780 1794 1793
f 1781 1782 1795
f 1781 1795 1794
f 1782 1783 1796
f 1782 1796 1795
f 1783 1784 1797
f 1783 1797 1796
f 1784 1785 1798
f 1784 1798 1797
f 1785 1786 1799
f 1785 1799 1798
f 1787 1788 1801
f 1787 1801 1800
f 1788 1789 1802
f 1788 1802 1801
f 1789 1790 1803
f 1789 1803 1802
f 1790 1791 1804
f 1790 1804 1803
f 1791 1792 1805
f 1791 1805 1804
f 1792 1793 1806
f 1792 1806 1805
f 1793 1794 1807
f 1793 1807 1806
f 1794 1795 1808
f 1794 1808 1807
f 1795 1796 1809
f 1795 1809 1808
f 1796 1797 1810
f 1796 1810 1809
f 1797 1798 1811
f 1797 1811 1810
f 1798 1799 1812
f 1798 1812 1811
f 1800 1801 1814
f 1800 1814 1813
f 1801 1802 1815
f 1801 1815 1814
f 1802 1803 1816
f 1802 1816 1815
f 1803 1804 1817
f 1803 1817 1816
f 1804 1805 1818
f 1804 1818 1817
f 1805 1806 1819
f 1805 1819 1818
f 1806 1807 1820
f 1806 1820 1819
f 1807 1808 1821
f 1807 1821 1820
f 1808 1809 1822
f 1808 1822 1821
f 1809 1810 1823
f 1809 1823 1822
f 1810 1811 1824
f 1810 1824 1823
f 1811 1812 1825
f 1811 1825 1824
f 1813 1814 1827
f 1813 1827 1826
f 1814 1815 1828
f 1814 1828 1827
f 1815 1816 1829
f 1815 1829 1828
f 1816 1817 1830
f 1816 1830 1829
f 1817 1818 1831
f 1817 1831 1830
f 1818 1819 1832
f 1818 1832 1831
f 1819 1820 1833
f 1819 1833 1832
f 1820 1821 1834
f 1820 1834 1833
f 1821 1822 1835
f 1821 1835 1834
f 1822 1823 1836
f 1822 1836 1835
f 1823 1824 1837
f 1823 1837 1836
f 1824 1825 1838
f 1824 1838 1837
f 1826 1827 1840
f 1826 1840 1839
f 1827 1828 1841
f 1827 1841 1840
f 1828 1829 1842
f 1828 1842 1841
f 1829 1830 1843
f 1829 1843 1842
f 1830 1831 1844
f 1830 1844 1843
f 1831 1832 1845
f 1831 1845 1844
f 1832 1833 1846
f 1832 1846 1845
f 1833 1834 1847
f 1833 1847 1846
f 1834 1835 1848
f 1834 1848 1847
f 1835 1836 1849
f 1835 1849 1848
f 1836 1837 1850
f 1836 1850 1849
f 1837 1838 1851
f 1837 1851 1850
f 1839 1840 1853
f 1839 1853 1852
f 1840 1841 1854
f 1840 1854 1853
f 1841 1842 1855
f 1841 1855 1854
f 1842 1843 1856
f 1842 1856 1855
f 1843 1844 1857
f 1843 1857 1856
f 1844 1845 1858
f 1844 1858 1857
f 1845 1846 1859
f 1845 1859 1858
f 1846 1847 1860
f 1846 1860 1859
f 1847 1848 1861
f 1847 1861 1860
f 1848 1849 1862
f 1848 1862 1861
f 1849 1850 1863
f 1849 1863 1862
f 1850 1851 1864
f 1850 1864 1863
f 1852 1853 1866
f 1852 1866 1865
f 1853 1854 1867
f 1853 1867 1866
f 1854 1855 1868
f 1854 1868 1867
f 1855 1856 1869
f 1855 1869 1868
f 1856 1857 1870
f 1856 1870 1869
f 1857 1858 1871
f 1857 1871 1870
f 1858 1859 1872
f 1858 1872 1871
f 1859 1860 1873
f 1859 1873 1872
f 1860 1861 1874
f 1860 1874 1873
f 1861 1862 1875
f 1861 1875 1874
f 1862 1863 1876
f 1862 1876 1875
f 1863 1864 1877
f 1863 1877 1876
f 1865 1866 1879
f 1865 1879 1878
f 1866 1867 1880
f 1866 1880 1879
f 1867 1868 1881
f 1867 1881 1880
f 1868 1869 1882
f 1868 1882 1881
f 1869 1870 1883
f 1869 1883 1882
f 1870 1871 1884
f 1870 1884 1883
f 1871 1872 1885
f 1871 1885 1884
f 1872 1873 1886
f 1872 1886 1885
f 1873 1874 1887
f 1873 1887 1886
f 1874 1875 1888
f 1874 1888 1887
f 1875 1876 1889
f 1875 1889 1888
f 1876 1877 1890
f 1876 1890 1889
f 1878 1879 1892
f 1878 1892 1891
f 1879 1880 1893
f 1879 1893 1892
f 1880 1881 1894
f 1880 1894 1893
f 1881 1882 1895
f 1881 1895 1894
f 1882 1883 1896
f 1882 1896 1895
f 1883 1884 1897
f 1883 1897 1896
f 1884 1885 1898
f 1884 1898 1897
f 1885 1886 1899
f 1885 1899 1898
f 1886 1887 1900
f 1886 1900 1899
f 1887 1888 1901
f 1887 1901 1900
f 1888 1889 1902
f 1888 1902 1901
f 1889 1890 1903
f 1889 1903 1902
f 1904 1905 1918
f 1904 1918 1917
f 1905 1906 1919
f 1905 1919 1918
f 1906 1907 1920
f 1906 1920 1919
f 1907 1908 1921
f 1907 1921 1920
f 1908 1909 1922
f 1908 1922 1921
f 1909 1910 1923
f 1909 1923 1922
f 1910 1911 1924
f 1910 1924 1923
f 1911 1912 1925
f 1911 1925 1924
f 1912 1913 1926
f 1912 1926 1925
f 1913 1914 1927
f 1913 1927 1926
f 1914 1915 1928
f 1914 1928 1927
f 1915 1916 1929
f 1915 1929 1928
f 1917 1918 1931
f 1917 1931 1930
f 1918 1919 1932
f 1918 1932 1931
f 1919 1920 1933
f 1919 1933 1932
f 1920 1921 1934
f 1920 1934 1933
f 1921 1922 1935
f 1921 1935 1934
f 1922 1923 1936
f 1922 1936 1935
f 1923 1924 1937
f 1923 1937 1936
f 1924 1925 1938
f 1924 1938 1937
f 1925 1926 1939
f 1925 1939 1938
f 1926 1927 1940
f 1926 1940 1939
f 1927 1928 1941
f 1927 1941 1940
f 1928 1929 1942
f 1928 1942 1941
f 1930 1931 1944
f 1930 1944 1943
f 1931 1932 1945
f 1931 1945 1944
f 1932 1933 1946
f 1932 1946 1945
f 1933 1934 1947
f 1933 1947 1946
f 1934 1935 1948
f 1934 1948 1947
f 1935 1936 1949
f 1935 1949 1948
f 1936 1937 1950
f 1936 1950 1949
f 1937 1938 1951
f 1937 1951 1950
f 1938 1939 1952
f 1938 1952 1951
f 1939 1940 1953
f 1939 1953 1952
f 1940 1941 1954
f 1940 1954 1953
f 1941 1942 1955
f 1941 1955 1954
f 1943 1944 1957
f 1943 1957 1956
f 1944 1945 1958
f 1944 1958 1957
f 1945 1946 1959
f 1945 1959 1958
f 1946 1947 1960
f 1946 1960 1959
f 1947 1948 1961
f 1947 1961 1960
f 1948 1949 1962
f 1948 1962 1961
f 1949 1950 1963
f 1949 1963 1962
f 1950 1951 1964
f 1950 1964 1963
f 1951 1952 1965
f 1951 1965 1964
f 1952 1953 1966
f 1952 1966 1965
f 1953 1954 1967
f 1953 1967 1966
f 1954 1955 1968
f 1954 1968 1967
f 1956 1957 1970
f 1956 1970 1969
f 1957 1958 1971
f 1957 1971 1970
f 1958 1959 1972
f 1958 1972 1971
f 1959 1960 1973
f 1959 1973 1972
f 1960 1961 1974
f 1960 1974 1973
f 1961 1962 1975
f 1961 1975 1974
f 1962 1963 1976
f 1962 1976 1975
f 1963 1964 1977
f 1963 1977 1976
f 1964 1965 1978
f 1964 1978 1977
f 1965 1966 1979
f 1965 1979 1978
f 1966 1967 1980
f 1966 1980 1979
f 1967 1968 1981
f 1967 1981 1980
f 1969 1970 1983
f 1969 1983 1982
f 1970 1971 1984
f 1970 1984 1983
f 1971 1972 1985
f 1971 1985 1984
f 1972 1973 1986
f 1972 1986 1985
f 1973 1974 1987
f 1973 1987 1986
f 1974 1975 1988
f 1974 1988 1987
f 1975 1976 1989
f 1975 1989 1988
f 1976 1977 1990
f 1976 1990 1989
f 1977 1978 1991
f 1977 1991 1990
f 1978 1979 1992
f 1978 1992 1991
f 1979 1980 1993
f 1979 1993 1992
f 1980 1981 1994
f 1980 1994 1993
f 1982 1983 1996
f 1982 1996 1995
f 1983 1984 1997
f 1983 1997 1996
f 1984 1985 1998
f 1984 1998 1997
f 1985 1986 1999
f 1985 1999 1998
f 1986 1987 2000
f 1986 2000 1999
f 1987 1988 2001
f 1987 2001 2000
f 1988 1989 2002
f 1988 2002 2001
f 1989 1990 2003
f 1989 2003 2002
f 1990 1991 2004
f 1990 2004 2003
f 1991 1992 2005
f 1991 2005 2004
f 1992 1993 2006
f 1992 2006 2005
f 1993 1994 2007
f 1993 2007 2006
f 1995 1996 2009
f 1995 2009 2008
f 1996 1997 2010
f 1996 2010 2009
f 1997 1998 2011
f 1997 2011 2010
f 1998 1999 2012
f 1998 2012 2011
f 1999 2000 2013
f 1999 2013 2012
f 2000 2001 2014
f 2000 2014 2013
f 2001 2002 2015
f 2001 2015 2014
f 2002 2003 2016
f 2002 2016 2015
f 2003 2004 2017
f 2003 2017 2016
f 2004 2005 2018
f 2004 2018 2017
f 2005 2006 2019
f 2005 2019 2018
f 2006 2007 2020
f 2006 2020 2019
f 2008 2009 2022
f 2008 2022 2021
f 2009 2010 2023
f 2009 2023 2022
f 2010 2011 2024
f 2010 2024 2023
f 2011 2012 2025
f 2011 2025 2024
f 2012 2013 2026
f 2012 2026 2025
f 2013 2014 2027
f 2013 2027 2026
f 2014 2015 2028
f 2014 2028 2027
f 2015 2016 2029
f 2015 2029 2028
f 2016 2017 2030
f 2016 2030 2029
f 2017 2018 2031
f 2017 2031 2030
f 2018 2019 2032
f 2018 2032 2031
f 2019 2020 2033
f 2019 2033 2032
f 2021 2022 2035
f 2021 2035 2034
f 2022 2023 2036
f 2022 2036 2035
f 2023 2024 2037
f 2023 2037 2036
f 2024 2025 2038
f 2024 2038 2037
f 2025 2026 2039
f 2025 2039 2038
f 2026 2027 2040
f 2026 2040 2039
f 2027 2028 2041
f 2027 2041 2040
f 2028 2029 2042
f 2028 2042 2041
f 2029 2030 2043
f 2029 2043 2042
f 2030 2031 2044
f 2030 2044 2043
f 2031 2032 2045
f 2031 2045 2044
f 2032 2033 2046
f 2032 2046 2045
f 2034 2035 2048
f 2034 2048 2047
f 2035 2036 2049
f 2035 2049 2048
f 2036 2037 2050
f 2036 2050 2049
f 2037 2038 2051
f 2037 2051 2050
f 2038 2039 2052
f 2038 2052 2051
f 2039 2040 2053
f 2039 2053 2052
f 2040 2041 2054
f 2040 2054 2053
f 2041 2042 2055
f 2041 2055 2054
f 2042 2043 2056
f 2042 2056 2055
f 2043 2044 2057
f 2043 2057 2056
f 2044 2045 2058
f 2044 2058 2057
f 2045 2046 2059
f 2045 2059 2058
f 2047 2048 2061
f 2047 2061 2060
f 2048 2049 2062
f 2048 2062 2061
f 2049 2050 2063
f 2049 2063 2062
f 2050 2051 2064
f 2050 2064 2063
f 2051 2052 2065
f 2051 2065 2064
f 2052 2053 2066
f 2052 2066 2065
f 2053 2054 2067
f 2053 2067 2066
f 2054 2055 2068
f 2054 2068 2067
f 2055 2056 2069
f 2055 2069 2068
f 2056 2057 2070
f 2056 2070 2069
f 2057 2058 2071
f 2057 2071 2070
f 2058 2059 2072
f 2058 2072 2071
f 2073 2074 2087
f 2073 2087 2086
f 2074 2075 2088
f 2074 2088 2087
f 2075 2076 2089
f 2075 2089 2088
f 2076 2077 2090
f 2076 2090 2089
f 2077 2078 2091
f 2077 2091 2090
f 2078 2079 2092
f 2078 2092 2091
f 2079 2080 2093
f 2079 2093 2092
f 2080 2081 2094
f 2080 2094 2093
f 2081 2082 2095
f 2081 2095 2094
f 2082 2083 2096
f 2082 2096 2095
f 2083 2084 2097
f 2083 2097 2096
f 2084 2085 2098
f 2084 2098 2097
f 2086 2087 2100
f 2086 2100 2099
f 2087 2088 2101
f 2087 2101 2100
f 2088 2089 2102
f 2088 2102 2101
f 2089 2090 2103
f 2089 2103 2102
f 2090 2091 2104
f 2090 2104 2103
f 2091 2092 2105
f 2091 2105 2104
f 2092 2093 2106
f 2092 2106 2105
f 2093 2094 2107
f 2093 2107 2106
f 2094 2095 2108
f 2094 2108 2107
f 2095 2096 2109
f 2095 2109 2108
f 2096 2097 2110
f 2096 2110 2109
f 2097 2098 2111
f 2097 2111 2110
f 2099 2100 2113
f 2099 2113 2112
f 2100 2101 2114
f 2100 2114 2113
f 2101 2102 2115
f 2101 2115 2114
f 2102 2103 2116
f 2102 2116 2115
f 2103 2104 2117
f 2103 2117 2116
f 2104 2105 2118
f 2104 2118 2117
f 2105 2106 2119
f 2105 2119 2118
f 2106 2107 2120
f 2106 2120 2119
f 2107 2108 2121
f 2107 2121 2120
f 2108 2109 2122
f 2108 2122 2121
f 2109 2110 2123
f 2109 2123 2122
f 2110 2111 2124
f 2110 2124 2123
f 2112 2113 2126
f 2112 2126 2125
f 2113 2114 2127
f 2113 2127 2126
f 2114 2115 2128
f 2114 2128 2127
f 2115 2116 2129
f 2115 2129 2128
f 2116 2117 2130
f 2116 2130 2129
f 2117 2118 2131
f 2117 2131 2130
f 2118 2119 2132
f 2118 2132 2131
f 2119 2120 2133
f 2119 2133 2132
f 2120 2121 2134
f 2120 2134 2133
f 2121 2122 2135
f 2121 2135 2134
f 2122 2123 2136
f 2122 2136 2135
f 2123 2124 2137
f 2123 2137 2136
f 2125 2126 2139
f 2125 2139 2138
f 2126 2127 2140
f 2126 2140 2139
f 2127 2128 2141
f 2127 2141 2140
f 2128 2129 2142
f 2128 2142 2141
f 2129 2130 2143
f 2129 2143 2142
f 2130 2131 2144
f 2130 2144 2143
f 2131 2132 2145
f 2131 2145 2144
f 2132 2133 2146
f 2132 2146 2145
f 2133 2134 2147
f 2133 2147 2146
f 2134 2135 2148
f 2134 2148 2147
f 2135 2136 2149
f 2135 2149 2148
f 2136 2137 2150
f 2136 2150 2149
f 2138 2139 2152
f 2138 2152 2151
f 2139 2140 2153
f 2139 2153 2152
f 2140 2141 2154
f 2140 2154 2153
f 2141 2142 2155
f 2141 2155 2154
f 2142 2143 2156
f 2142 2156 2155
f 2143 2144 2157
f 2143 2157 2156
f 2144 2145 2158
f 2144 2158 2157
f 2145 2146 2159
f 2145 2159 2158
f 2146 2147 2160
f 2146 2160 2159
f 2147 2148 2161
f 2147 2161 2160
f 2148 2149 2162
f 2148 2162 2161
f 2149 2150 2163
f 2149 2163 2162
f 2151 2152 2165
f 2151 2165 2164
f 2152 2153 2166
f 2152 2166 2165
f 2153 2154 2167
f 2153 2167 2166
f 2154 2155 2168
f 2154 2168 2167
f 2155 2156 2169
f 2155 2169 2168
f 2156 2157 2170
f 2156 2170 2169
f 2157 2158 2171
f 2157 2171 2170
f 2158 2159 2172
f 2158 2172 2171
f 2159 2160 2173
f 2159 2173 2172
f 2160 2161 2174
f 2160 2174 2173
f 2161 2162 2175
f 2161 2175 2174
f 2162 2163 2176
f 2162 2176 2175
f 2164 2165 2178
f 2164 2178 2177
f 2165 2166 2179
f 2165 2179 2178
f 2166 2167 2180
f 2166 2180 2179
f 2167 2168 2181
f 2167 2181 2180
f 2168 2169 2182
f 2168 2182 2181
f 2169 2170 2183
f 2169 2183 2182
f 2170 2171 2184
f 2170 2184 2183
f 2171 2172 2185
f 2171 2185 2184
f 2172 2173 2186
f 2172 2186 2185
f 2173 2174 2187
f 2173 2187 2186
f 2174 2175 2188
f 2174 2188 2187
f 2175 2176 2189
f 2175 2189 2188
f 2177 2178 2191
f 2177 2191 2190
f 2178 2179 2192
f 2178 2192 2191
f 2179 2180 2193
f 2179 2193 2192
f 2180 2181 2194
f 2180 2194 2193
f 2181 2182 2195
f 2181 2195 2194
f 2182 2183 2196
f 2182 2196 2195
f 2183 2184 2197
f 2183 2197 2196
f 2184 2185 2198
f 2184 2198 2197
f 2185 2186 2199
f 2185 2199 2198
f 2186 2187 2200
f 2186 2200 2199
f 2187 2188 2201
f 2187 2201 2200
f 2188 2189 2202
f 2188 2202 2201
f 2190 2191 2204
f 2190 2204 2203
f 2191 2192 2205
f 2191 2205 2204
f 2192 2193 2206
f 2192 2206 2205
f 2193 2194 2207
f 2193 2207 2206
f 2194 2195 2208
f 2194 2208 2207
f 2195 2196 2209
f 2195 2209 2208
f 2196 2197 2210
f 2196 2210 2209
f 2197 2198 2211
f 2197 2211 2210
f 2198 2199 2212
f 2198 2212 2211
f 2199 2200 2213
f 2199 2213 2212
f 2200 2201 2214
f 2200 2214 2213
f 2201 2202 2215
f 2201 2215 2214
f 2203 2204 2217
f 2203 2217 2216
f 2204 2205 2218
f 2204 2218 2217
f 2205 2206 2219
f 2205 2219 2218
f 2206 2207 2220
f 2206 2220 2219
f 2207 2208 2221
f 2207 2221 2220
f 2208 2209 2222
f 2208 2222 2221
f 2209 2210 2223
f 2209 2223 2222
f 2210 2211 2224
f 2210 2224 2223
f 2211 2212 2225
f 2211 2225 2224
f 2212 2213 2226
f 2212 2226 2225
f 2213 2214 2227
f 2213 2227 2226
f 2214 2215 2228
f 2214 2228 2227
f 2216 2217 2230
f 2216 2230 2229
f 2217 2218 2231
f 2217 2231 2230
f 2218 2219 2232
f 2218 2232 2231
f 2219 2220 2233
f 2219 2233 2232
f 2220 2221 2234
f 2220 2234 2233
f 2221 2222 2235
f 2221 2235 2234
f 2222 2223 2236
f 2222 2236 2235
f 2223 2224 2237
f 2223 2237 2236
f 2224 2225 2238
f 2224 2238 2237
f 2225 2226 2239
f 2225 2239 2238
f 2226 2227 2240
f 2226 2240 2239
f 2227 2228 2241
f 2227 2241 2240
f 2242 2243 2256
f 2242 2256 2255
f 2243 2244 2257
f 2243 2257 2256
f 2244 2245 2258
f 2244 2258 2257
f 2245 2246 2259
f 2245 2259 2258
f 2246 2247 2260
f 2246 2260 2259
f 2247 2248 2261
f 2247 2261 2260
f 2248 2249 2262
f 2248 2262 2261
f 2249 2250 2263
f 2249 2263 2262
f 2250 2251 2264
f 2250 2264 2263
f 2251 2252 2265
f 2251 2265 2264
f 2252 2253 2266
f 2252 2266 2265
f 2253 2254 2267
f 2253 2267 2266
f 2255 2256 2269
f 2255 2269 2268
f 2256 2257 2270
f 2256 2270 2269
f 2257 2258 2271
f 2257 2271 2270
f 2258 2259 2272
f 2258 2272 2271
f 2259 2260 2273
f 2259 2273 2272
f 2260 2261 2274
f 2260 2274 2273
f 2261 2262 2275
f 2261 2275 2274
f 2262 2263 2276
f 2262 2276 2275
f 2263 2264 2277
f 2263 2277 2276
f 2264 2265 2278
f 2264 2278 2277
f 2265 2266 2279
f 2265 2279 2278
f 2266 2267 2280
f 2266 2280 2279
f 2268 2269 2282
f 2268 2282 2281
f 2269 2270 2283
f 2269 2283 2282
f 2270 2271 2284
f 2270 2284 2283
f 2271 2272 2285
f 2271 2285 2284
f 2272 2273 2286
f 2272 2286 2285
f 2273 2274 2287
f 2273 2287 2286
f 2274 2275 2288
f 2274 2288 2287
f 2275 2276 2289
f 2275 2289 2288
f 2276 2277 2290
f 2276 2290 2289
f 2277 2278 2291
f 2277 2291 2290
f 2278 2279 2292
f 2278 2292 2291
f 2279 2280 2293
f 2279 2293 2292
f 2281 2282 2295
f 2281 2295 2294
f 2282 2283 2296
f 2282 2296 2295
f 2283 2284 2297
f 2283 2297 2296
f 2284 2285 2298
f 2284 2298 2297
f 2285 2286 2299
f 2285 2299 2298
f 2286 2287 2300
f 2286 2300 2299
f 2287 2288 2301
f 2287 2301 2300
f 2288 2289 2302
f 2288 2302 2301
f 2289 2290 2303
f 2289 2303 2302
f 2290 2291 2304
f 2290 2304 2303
f 2291 2292 2305
f 2291 2305 2304
f 2292 2293 2306
f 2292 2306 2305
f 2294 2295 2308
f 2294 2308 2307
f 2295 2296 2309
f 2295 2309 2308
f 2296 2297 2310
f 2296 2310 2309
f 2297 2298 2311
f 2297 2311 2310
f 2298 2299 2312
f 2298 2312 2311
f 2299 2300 2313
f 2299 2313 2312
f 2300 2301 2314
f 2300 2314 2313
f 2301 2302 2315
f 2301 2315 2314
f 2302 2303 2316
f 2302 2316 2315
f 2303 2304 2317
f 2303 2317 2316
f 2304 2305 2318
f 2304 2318 2317
f 2305 2306 2319
f 2305 2319 2318
f 2307 2308 2321
f 2307 2321 2320
f 2308 2309 2322
f 2308 2322 2321
f 2309 2310 2323
f 2309 2323 2322
f 2310 2311 2324
f 2310 2324 2323
f 2311 2312 2325
f 2311 2325 2324
f 2312 2313 2326
f 2312 2326 2325
f 2313 2314 2327
f 2313 2327 2326
f 2314 2315 2328
f 2314 2328 2327
f 2315 2316 2329
f 2315 2329 2328
f 2316 2317 2330
f 2316 2330 2329
f 2317 2318 2331
f 2317 2331 2330
f 2318 2319 2332
f 2318 2332 2331
f 2320 2321 2334
f 2320 2334 2333
f 2321 2322 2335
f 2321 2335 2334
f 2322 2323 2336
f 2322 2336 2335
f 2323 2324 2337
f 2323 2337 2336
f 2324 2325 2338
f 2324 2338 2337
f 2325 2326 2339
f 2325 2339 2338
f 2326 2327 2340
f 2326 2340 2339
f 2327 2328 2341
f 2327 2341 2340
f 2328 2329 2342
f 2328 2342 2341
f 2329 2330 2343
f 2329 2343 2342
f 2330 2331 2344
f 2330 2344 2343
f 2331 2332 2345
f 2331 2345 2344
f 2333 2334 2347
f 2333 2347 2346
f 2334 2335 2348
f 2334 2348 2347
f 2335 2336 2349
f 2335 2349 2348
f 2336 2337 2350
f 2336 2350 2349
f 2337 2338 2351
f 2337 2351 2350
f 2338 2339 2352
f 2338 2352 2351
f 2339 2340 2353
f 2339 2353 2352
f 2340 2341 2354
f 2340 2354 2353
f 2341 2342 2355
f 2341 2355 2354
f 2342 2343 2356
f 2342 2356 2355
f 2343 2344 2357
f 2343 2357 2356
f 2344 2345 2358
f 2344 2358 2357
f 2346 2347 2360
f 2346 2360 2359
f 2347 2348 2361
f 2347 2361 2360
f 2348 2349 2362
f 2348 2362 2361
f 2349 2350 2363
f 2349 2363 2362
f 2350 2351 2364
f 2350 2364 2363
f 2351 2352 2365
f 2351 2365 2364
f 2352 2353 2366
f 2352 2366 2365
f 2353 2354 2367
f 2353 2367 2366
f 2354 2355 2368
f 2354 2368 2367
f 2355 2356 2369
f 2355 2369 2368
f 2356 2357 2370
f 2356 2370 2369
f 2357 2358 2371
f 2357 2371 2370
f 2359 2360 2373
f 2359 2373 2372
f 2360 2361 2374
f 2360 2374 2373
f 2361 2362 2375
f 2361 2375 2374
f 2362 2363 2376
f 2362 2376 2375
f 2363 2364 2377
f 2363 2377 2376
f 2364 2365 2378
f 2364 2378 2377
f 2365 2366 2379
f 2365 2379 2378
f 2366 2367 2380
f 2366 2380 2379
f 2367 2368 2381
f 2367 2381 2380
f 2368 2369 2382
f 2368 2382 2381
f 2369 2370 2383
f 2369 2383 2382
f 2370 2371 2384
f 2370 2384 2383
f 2372 2373 2386
f 2372 2386 2385
f 2373 2374 2387
f 2373 2387 2386
f 2374 2375 2388
f 2374 2388 2387
f 2375 2376 2389
f 2375 2389 2388
f 2376 2377 2390
f 2376 2390 2389
f 2377 2378 2391
f 2377 2391 2390
f 2378 2379 2392
f 2378 2392 2391
f 2379 2380 2393
f 2379 2393 2392
f 2380 2381 2394
f 2380 2394 2393
f 2381 2382 2395
f 2381 2395 2394
f 2382 2383 2396
f 2382 2396 2395
f 2383 2384 2397
f 2383 2397 2396
f 2385 2386 2399
f 2385 2399 2398
f 2386 2387 2400
f 2386 2400 2399
f 2387 2388 2401
f 2387 2401 2400
f 2388 2389 2402
f 2388 2402 2401
f 2389 2390 2403
f 2389 2403 2402
f 2390 2391 2404
f 2390 2404 2403
f 2391 2392 2405
f 2391 2405 2404
f 2392 2393 2406
f 2392 2406 2405
f 2393 2394 2407
f 2393 2407 2406
f 2394 2395 2408
f 2394 2408 2407
f 2395 2396 2409
f 2395 2409 2408
f 2396 2397 2410
f 2396 2410 2409
f 2411 2412 2425
f 2411 2425 2424
f 2412 2413 2426
f 2412 2426 2425
f 2413 2414 2427
f 2413 2427 2426
f 2414 2415 2428
f 2414 2428 2427
f 2415 2416 2429
f 2415 2429 2428
f 2416 2417 2430
f 2416 2430 2429
f 2417 2418 2431
f 2417 2431 2430
f 2418 2419 2432
f 2418 2432 2431
f 2419 2420 2433
f 2419 2433 2432
f 2420 2421 2434
f 2420 2434 2433
f 2421 2422 2435
f 2421 2435 2434
f 2422 2423 2436
f 2422 2436 2435
f 2424 2425 2438
f 2424 2438 2437
f 2425 2426 2439
f 2425 2439 2438
f 2426 2427 2440
f 2426 2440 2439
f 2427 2428 2441
f 2427 2441 2440
f 2428 2429 2442
f 2428 2442 2441
f 2429 2430 2443
f 2429 2443 2442
f 2430 2431 2444
f 2430 2444 2443
f 2431 2432 2445
f 2431 2445 2444
f 2432 2433 2446
f 2432 2446 2445
f 2433 2434 2447
f 2433 2447 2446
f 2434 2435 2448
f 2434 2448 2447
f 2435 2436 2449
f 2435 2449 2448
f 2437 2438 2451
f 2437 2451 2450
f 2438 2439 2452
f 2438 2452 2451
f 2439 2440 2453
f 2439 2453 2452
f 2440 2441 2454
f 2440 2454 2453
f 2441 2442 2455
f 2441 2455 2454
f 2442 2443 2456
f 2442 2456 2455
f 2443 2444 2457
f 2443 2457 2456
f 2444 2445 2458
f 2444 2458 2457
f 2445 2446 2459
f 2445 2459 2458
f 2446 2447 2460
f 2446 2460 2459
f 2447 2448 2461
f 2447 2461 2460
f 2448 2449 2462
f 2448 2462 2461
f 2450 2451 2464
f 2450 2464 2463
f 2451 2452 2465
f 2451 2465 2464
f 2452 2453 2466
f 2452 2466 2465
f 2453 2454 2467
f 2453 2467 2466
f 2454 2455 2468
f 2454 2468 2467
f 2455 2456 2469
f 2455 2469 2468
f 2456 2457 2470
f 2456 2470 2469
f 2457 2458 2471
f 2457 2471 2470
f 2458 2459 2472
f 2458 2472 2471
f 2459 2460 2473
f 2459 2473 2472
f 2460 2461 2474
f 2460 2474 2473
f 2461 2462 2475
f 2461 2475 2474
f 2463 2464 2477
f 2463 2477 2476
f 2464 2465 2478
f 2464 2478 2477
f 2465 2466 2479
f 2465 2479 2478
f 2466 2467 2480
f 2466 2480 2479
f 2467 2468 2481
f 2467 2481 2480
f 2468 2469 2482
f 2468 2482 2481
f 2469 2470 2483
f 2469 2483 2482
f 2470 2471 2484
f 2470 2484 2483
f 2471 2472 2485
f 2471 2485 2484
f 2472 2473 2486
f 2472 2486 2485
f 2473 2474 2487
f 2473 2487 2486
f 2474 2475 2488
f 2474 2488 2487
f 2476 2477 2490
f 2476 2490 2489
f 2477 2478 2491
f 2477 2491 2490
f 2478 2479 2492
f 2478 2492 2491
f 2479 2480 2493
f 2479 2493 2492
f 2480 2481 2494
f 2480 2494 2493
f 2481 2482 2495
f 2481 2495 2494
f 2482 2483 2496
f 2482 2496 2495
f 2483 2484 2497
f 2483 2497 2496
f 2484 2485 2498
f 2484 2498 2497
f 2485 2486 2499
f 2485 2499 2498
f 2486 2487 2500
f 2486 2500 2499
f 2487 2488 2501
f 2487 2501 2500
f 2489 2490 2503
f 2489 2503 2502
f 2490 2491 2504
f 2490 2504 2503
f 2491 2492 2505
f 2491 2505 2504
f 2492 2493 2506
f 2492 2506 2505
f 2493 2494 2507
f 2493 2507 2506
f 2494 2495 2508
f 2494 2508 2507
f 2495 2496 2509
f 2495 2509 2508
f 2496 2497 2510
f 2496 2510 2509
f 2497 2498 2511
f 2497 2511 2510
f 2498 2499 2512
f 2498 2512 2511
f 2499 2500 2513
f 2499 2513 2512
f 2500 2501 2514
f 2500 2514 2513
f 2502 2503 2516
f 2502 2516 2515
f 2503 2504 2517
f 2503 2517 2516
f 2504 2505 2518
f 2504 2518 2517
f 2505 2506 2519
f 2505 2519 2518
f 2506 2507 2520
f 2506 2520 2519
f 2507 2508 2521
f 2507 2521 2520
f 2508 2509 2522
f 2508 2522 2521
f 2509 2510 2523
f 2509 2523 2522
f 2510 2511 2524
f 2510 2524 2523
f 2511 2512 2525
f 2511 2525 2524
f 2512 2513 2526
f 2512 2526 2525
f 2513 2514 2527
f 2513 2527 2526
f 2515 2516 2529
f 2515 2529 2528
f 2516 2517 2530
f 2516 2530 2529
f 2517 2518 2531
f 2517 2531 2530
f 2518 2519 2532
f 2518 2532 2531
f 2519 2520 2533
f 2519 2533 2532
f 2520 2521 2534
f 2520 2534 2533
f 2521 2522 2535
f 2521 2535 2534
f 2522 2523 2536
f 2522 2536 2535
f 2523 2524 2537
f 2523 2537 2536
f 2524 2525 2538
f 2524 2538 2537
f 2525 2526 2539
f 2525 2539 2538
f 2526 2527 2540
f 2526 2540 2539
f 2528 2529 2542
f 2528 2542 2541
f 2529 2530 2543
f 2529 2543 2542
f 2530 2531 2544
f 2530 2544 2543
f 2531 2532 2545
f 2531 2545 2544
f 2532 2533 2546
f 2532 2546 2545
f 2533 2534 2547
f 2533 2547 2546
f 2534 2535 2548
f 2534 2548 2547
f 2535 2536 2549
f 2535 2549 2548
f 2536 2537 2550
f 2536 2550 2549
f 2537 2538 2551
f 2537 2551 2550
f 2538 2539 2552
f 2538 2552 2551
f 2539 2540 2553
f 2539 2553 2552
f 2541 2542 2555
f 2541 2555 2554
f 2542 2543 2556
f 2542 2556 2555
f 2543 2544 2557
f 2543 2557 2556
f 2544 2545 2558
f 2544 2558 2557
f 2545 2546 2559
f 2545 2559 2558
f 2546 2547 2560
f 2546 2560 2559
f 2547 2548 2561
f 2547 2561 2560
f 2548 2549 2562
f 2548 2562 2561
f 2549 2550 2563
f 2549 2563 2562
f 2550 2551 2564
f 2550 2564 2563
f 2551 2552 2565
f 2551 2565 2564
f 2552 2553 2566
f 2552 2566 2565
f 2554 2555 2568
f 2554 2568 2567
f 2555 2556 2569
f 2555 2569 2568
f 2556 2557 2570
f 2556 2570 2569
f 2557 2558 2571
f 2557 2571 2570
f 2558 2559 2572
f 2558 2572 2571
f 2559 2560 2573
f 2559 2573 2572
f 2560 2561 2574
f 2560 2574 2573
f 2561 2562 2575
f 2561 2575 2574
f 2562 2563 2576
f 2562 2576 2575
f 2563 2564 2577
f 2563 2577 2576
f 2564 2565 2578
f 2564 2578 2577
f 2565 2566 2579
f 2565 2579 2578
f 2580 2581 2594
f 2580 2594 2593
f 2581 2582 2595
f 2581 2595 2594
f 2582 2583 2596
f 2582 2596 2595
f 2583 2584 2597
f 2583 2597 2596
f 2584 2585 2598
f 2584 2598 2597
f 2585 2586 2599
f 2585 2599 2598
f 2586 2587 2600
f 2586 2600 2599
f 2587 2588 2601
f 2587 2601 2600
f 2588 2589 2602
f 2588 2602 2601
f 2589 2590 2603
f 2589 2603 2602
f 2590 2591 2604
f 2590 2604 2603
f 2591 2592 2605
f 2591 2605 2604
f 2593 2594 2607
f 2593 2607 2606
f 2594 2595 2608
f 2594 2608 2607
f 2595 2596 2609
f 2595 2609 2608
f 2596 2597 2610
f 2596 2610 2609
f 2597 2598 2611
f 2597 2611 2610
f 2598 2599 2612
f 2598 2612 2611
f 2599 2600 2613
f 2599 2613 2612
f 2600 2601 2614
f 2600 2614 2613
f 2601 2602 2615
f 2601 2615 2614
f 2602 2603 2616
f 2602 2616 2615
f 2603 2604 2617
f 2603 2617 2616
f 2604 2605 2618
f 2604 2618 2617
f 2606 2607 2620
f 2606 2620 2619
f 2607 2608 2621
f 2607 2621 2620
f 2608 2609 2622
f 2608 2622 2621
f 2609 2610 2623
f 2609 2623 2622
f 2610 2611 2624
f 2610 2624 2623
f 2611 2612 2625
f 2611 2625 2624
f 2612 2613 2626
f 2612 2626 2625
f 2613 2614 2627
f 2613 2627 2626
f 2614 2615 2628
f 2614 2628 2627
f 2615 2616 2629
f 2615 2629 2628
f 2616 2617 2630
f 2616 2630 2629
f 2617 2618 2631
f 2617 2631 2630
f 2619 2620 2633
f 2619 2633 2632
f 2620 2621 2634
f 2620 2634 2633
f 2621 2622 2635
f 2621 2635 2634
f 2622 2623 2636
f 2622 2636 2635
f 2623 2624 2637
f 2623 2637 2636
f 2624 2625 2638
f 2624 2638 2637
f 2625 2626 2639
f 2625 2639 2638
f 2626 2627 2640
f 2626 2640 2639
f 2627 2628 2641
f 2627 2641 2640
f 2628 2629 2642
f 2628 2642 2641
f 2629 2630 2643
f 2629 2643 2642
f 2630 2631 2644
f 2630 2644 2643
f 2632 2633 2646
f 2632 2646 2645
f 2633 2634 2647
f 2633 2647 2646
f 2634 2635 2648
f 2634 2648 2647
f 2635 2636 2649
f 2635 2649 2648
f 2636 2637 2650
f 2636 2650 2649
f 2637 2638 2651
f 2637 2651 2650
f 2638 2639 2652
f 2638 2652 2651
f 2639 2640 2653
f 2639 2653 2652
f 2640 2641 2654
f 2640 2654 2653
f 2641 2642 2655
f 2641 2655 2654
f 2642 2643 2656
f 2642 2656 2655
f 2643 2644 2657
f 2643 2657 2656
f 2645 2646 2659
f 2645 2659 2658
f 2646 2647 2660
f 2646 2660 2659
f 2647 2648 2661
f 2647 2661 2660
f 2648 2649 2662
f 2648 2662 2661
f 2649 2650 2663
f 2649 2663 2662
f 2650 2651 2664
f 2650 2664 2663
f 2651 2652 2665
f 2651 2665 2664
f 2652 2653 2666
f 2652 2666 2665
f 2653 2654 2667
f 2653 2667 2666
f 2654 2655 2668
f 2654 2668 2667
f 2655 2656 2669
f 2655 2669 2668
f 2656 2657 2670
f 2656 2670 2669
f 2658 2659 2672
f 2658 2672 2671
f 2659 2660 2673
f 2659 2673 2672
f 2660 2661 2674
f 2660 2674 2673
f 2661 2662 2675
f 2661 2675 2674
f 2662 2663 2676
f 2662 2676 2675
f 2663 2664 2677
f 2663 2677 2676
f 2664 2665 2678
f 2664 2678 2677
f 2665 2666 2679
f 2665 2679 2678
f 2666 2667 2680
f 2666 2680 2679
f 2667 2668 2681
f 2667 2681 2680
f 2668 2669 2682
f 2668 2682 2681
f 2669 2670 2683
f 2669 2683 2682
f 2671 2672 2685
f 2671 2685 2684
f 2672 2673 2686
f 2672 2686 2685
f 2673 2674 2687
f 2673 2687 2686
f 2674 2675 2688
f 2674 2688 2687
f 2675 2676 2689
f 2675 2689 2688
f 2676 2677 2690
f 2676 2690 2689
f 2677 2678 2691
f 2677 2691 2690
f 2678 2679 2692
f 2678 2692 2691
f 2679 2680 2693
f 2679 2693 2692
f 2680 2681 2694
f 2680 2694 2693
f 2681 2682 2695
f 2681 2695 2694
f 2682 2683 2696
f 2682 2696 2695
f 2684 2685 2698
f 2684 2698 2697
f 2685 2686 2699
f 2685 2699 2698
f 2686 2687 2700
f 2686 2700 2699
f 2687 2688 2701
f 2687 2701 2700
f 2688 2689 2702
f 2688 2702 2701
f 2689 2690 2703
f 2689 2703 2702
f 2690 2691 2704
f 2690 2704 2703
f 2691 2692 2705
f 2691 2705 2704
f 2692 2693 2706
f 2692 2706 2705
f 2693 2694 2707
f 2693 2707 2706
f 2694 2695 2708
f 2694 2708 2707
f 2695 2696 2709
f 2695 2709 2708
f 2697 2698 2711
f 2697 2711 2710
f 2698 2699 2712
f 2698 2712 2711
f 2699 2700 2713
f 2699 2713 2712
f 2700 2701 2714
f 2700 2714 2713
f 2701 2702 2715
f 2701 2715 2714
f 2702 2703 2716
f 2702 2716 2715
f 2703 2704 2717
f 2703 2717 2716
f 2704 2705 2718
f 2704 2718 2717
f 2705 2706 2719
f 2705 2719 2718
f 2706 2707 2720
f 2706 2720 2719
f 2707 2708 2721
f 2707 2721 2720
f 2708 2709 2722
f 2708 2722 2721
f 2710 2711 2724
f 2710 2724 2723
f 2711 2712 2725
f 2711 2725 2724
f 2712 2713 2726
f 2712 2726 2725
f 2713 2714 2727
f 2713 2727 2726
f 2714 2715 2728
f 2714 2728 2727
f 2715 2716 2729
f 2715 2729 2728
f 2716 2717 2730
f 2716 2730 2729
f 2717 2718 2731
f 2717 2731 2730
f 2718 2719 2732
f 2718 2732 2731
f 2719 2720 2733
f 2719 2733 2732
f 2720 2721 2734
f 2720 2734 2733
f 2721 2722 2735
f 2721 2735 2734
f 2723 2724 2737
f 2723 2737 2736
f 2724 2725 2738
f 2724 2738 2737
f 2725 2726 2739
f 2725 2739 2738
f 2726 2727 2740
f 2726 2740 2739
f 2727 2728 2741
f 2727 2741 2740
f 2728 2729 2742
f 2728 2742 2741
f 2729 2730 2743
f 2729 2743 2742
f 2730 2731 2744
f 2730 2744 2743
f 2731 2732 2745
f 2731 2745 2744
f 2732 2733 2746
f 2732 2746 2745
f 2733 2734 2747
f 2733 2747 2746
f 2734 2735 2748
f 2734 2748 2747
f 2749 2750 2759
f 2749 2759 2758
f 2750 2751 2760
f 2750 2760 2759
f 2751 2752 2761
f 2751 2761 2760
f 2752 2753 2762
f 2752 2762 2761
f 2753 2754 2763
f 2753 2763 2762
f 2754 2755 2764
f 2754 2764 2763
f 2755 2756 2765
f 2755 2765 2764
f 2756 2757 2766
f 2756 2766 2765
f 2758 2759 2768
f 2758 2768 2767
f 2759 2760 2769
f 2759 2769 2768
f 2760 2761 2770
f 2760 2770 2769
f 2761 2762 2771
f 2761 2771 2770
f 2762 2763 2772
f 2762 2772 2771
f 2763 2764 2773
f 2763 2773 2772
f 2764 2765 2774
f 2764 2774 2773
f 2765 2766 2775
f 2765 2775 2774
f 2767 2768 2777
f 2767 2777 2776
f 2768 2769 2778
f 2768 2778 2777
f 2769 2770 2779
f 2769 2779 2778
f 2770 2771 2780
f 2770 2780 2779
f 2771 2772 2781
f 2771 2781 2780
f 2772 2773 2782
f 2772 2782 2781
f 2773 2774 2783
f 2773 2783 2782
f 2774 2775 2784
f 2774 2784 2783
f 2776 2777 2786
f 2776 2786 2785
f 2777 2778 2787
f 2777 2787 2786
f 2778 2779 2788
f 2778 2788 2787
f 2779 2780 2789
f 2779 2789 2788
f 2780 2781 2790
f 2780 2790 2789
f 2781 2782 2791
f 2781 2791 2790
f 2782 2783 2792
f 2782 2792 2791
f 2783 2784 2793
f 2783 2793 2792
f 2785 2786 2795
f 2785 2795 2794
f 2786 2787 2796
f 2786 2796 2795
f 2787 2788 2797
f 2787 2797 2796
f 2788 2789 2798
f 2788 2798 2797
f 2789 2790 2799
f 2789 2799 2798
f 2790 2791 2800
f 2790 2800 2799
f 2791 2792 2801
f 2791 2801 2800
f 2792 2793 2802
f 2792 2802 2801
f 2794 2795 2804
f 2794 2804 2803
f 2795 2796 2805
f 2795 2805 2804
f 2796 2797 2806
f 2796 2806 2805
f 2797 2798 2807
f 2797 2807 2806
f 2798 2799 2808
f 2798 2808 2807
f 2799 2800 2809
f 2799 2809 2808
f 2800 2801 2810
f 2800 2810 2809
f 2801 2802 2811
f 2801 2811 2810
f 2803 2804 2813
f 2803 2813 2812
f 2804 2805 2814
f 2804 2814 2813
f 2805 2806 2815
f 2805 2815 2814
f 2806 2807 2816
f 2806 2816 2815
f 2807 2808 2817
f 2807 2817 2816
f 2808 2809 2818
f 2808 2818 2817
f 2809 2810 2819
f 2809 2819 2818
f 2810 2811 2820
f 2810 2820 2819
f 2812 2813 2822
f 2812 2822 2821
f 2813 2814 2823
f 2813 2823 2822
f 2814 2815 2824
f 2814 2824 2823
f 2815 2816 2825
f 2815 2825 2824
f 2816 2817 2826
f 2816 2826 2825
f 2817 2818 2827
f 2817 2827 2826
f 2818 2819 2828
f 2818 2828 2827
f 2819 2820 2829
f 2819 2829 2828
f 2830 2831 2840
f 2830 2840 2839
f 2831 2832 2841
f 2831 2841 2840
f 2832 2833 2842
f 2832 2842 2841
f 2833 2834 2843
f 2833 2843 2842
f 2834 2835 2844
f 2834 2844 2843
f 2835 2836 2845
f 2835 2845 2844
f 2836 2837 2846
f 2836 2846 2845
f 2837 2838 2847
f 2837 2847 2846
f 2839 2840 2849
f 2839 2849 2848
f 2840 2841 2850
f 2840 2850 2849
f 2841 2842 2851
f 2841 2851 2850
f 2842 2843 2852
f 2842 2852 2851
f 2843 2844 2853
f 2843 2853 2852
f 2844 2845 2854
f 2844 2854 2853
f 2845 2846 2855
f 2845 2855 2854
f 2846 2847 2856
f 2846 2856 2855
f 2848 2849 2858
f 2848 2858 2857
f 2849 2850 2859
f 2849 2859 2858
f 2850 2851 2860
f 2850 2860 2859
f 2851 2852 2861
f 2851 2861 2860
f 2852 2853 2862
f 2852 2862 2861
f 2853 2854 2863
f 2853 2863 2862
f 2854 2855 2864
f 2854 2864 2863
f 2855 2856 2865
f 2855 2865 2864
f 2857 2858 2867
f 2857 2867 2866
f 2858 2859 2868
f 2858 2868 2867
f 2859 2860 2869
f 2859 2869 2868
f 2860 2861 2870
f 2860 2870 2869
f 2861 2862 2871
f 2861 2871 2870
f 2862 2863 2872
f 2862 2872 2871
f 2863 2864 2873
f 2863 2873 2872
f 2864 2865 2874
f 2864 2874 2873
f 2866 2867 2876
f 2866 2876 2875
f 2867 2868 2877
f 2867 2877 2876
f 2868 2869 2878
f 2868 2878 2877
f 2869 2870 2879
f 2869 2879 2878
f 2870 2871 2880
f 2870 2880 2879
f 2871 2872 2881
f 2871 2881 2880
f 2872 2873 2882
f 2872 2882 2881
f 2873 2874 2883
f 2873 2883 2882
f 2875 2876 2885
f 2875 2885 2884
f 2876 2877 2886
f 2876 2886 2885
f 2877 2878 2887
f 2877 2887 2886
f 2878 2879 2888
f 2878 2888 2887
f 2879 2880 2889
f 2879 2889 2888
f 2880 2881 2890
f 2880 2890 2889
f 2881 2882 2891
f 2881 2891 2890
f 2882 2883 2892
f 2882 2892 2891
f 2884 2885 2894
f 2884 2894 2893
f 2885 2886 2895
f 2885 2895 2894
f 2886 2887 2896
f 2886 2896 2895
f 2887 2888 2897
f 2887 2897 2896
f 2888 2889 2898
f 2888 2898 2897
f 2889 2890 2899
f 2889 2899 2898
f 2890 2891 2900
f 2890 2900 2899
f 2891 2892 2901
f 2891 2901 2900
f 2893 2894 2903
f 2893 2903 2902
f 2894 2895 2904
f 2894 2904 2903
f 2895 2896 2905
f 2895 2905 2904
f 2896 2897 2906
f 2896 2906 2905
f 2897 2898 2907
f 2897 2907 2906
f 2898 2899 2908
f 2898 2908 2907
f 2899 2900 2909
f 2899 2909 2908
f 2900 2901 2910
f 2900 2910 2909
f 2911 2912 2921
f 2911 2921 2920
f 2912 2913 2922
f 2912 2922 2921
f 2913 2914 2923
f 2913 2923 2922
f 2914 2915 2924
f 2914 2924 2923
f 2915 2916 2925
f 2915 2925 2924
f 2916 2917 2926
f 2916 2926 2925
f 2917 2918 2927
f 2917 2927 2926
f 2918 2919 2928
f 2918 2928 2927
f 2920 2921 2930
f 2920 2930 2929
f 2921 2922 2931
f 2921 2931 2930
f 2922 2923 2932
f 2922 2932 2931
f 2923 2924 2933
f 2923 2933 2932
f 2924 2925 2934
f 2924 2934 2933
f 2925 2926 2935
f 2925 2935 2934
f 2926 2927 2936
f 2926 2936 2935
f 2927 2928 2937
f 2927 2937 2936
f 2929 2930 2939
f 2929 2939 2938
f 2930 2931 2940
f 2930 2940 2939
f 2931 2932 2941
f 2931 2941 2940
f 2932 2933 2942
f 2932 2942 2941
f 2933 2934 2943
f 2933 2943 2942
f 2934 2935 2944
f 2934 2944 2943
f 2935 2936 2945
f 2935 2945 2944
f 2936 2937 2946
f 2936 2946 2945
f 2938 2939 2948
f 2938 2948 2947
f 2939 2940 2949
f 2939 2949 2948
f 2940 2941 2950
f 2940 2950 2949
f 2941 2942 2951
f 2941 2951 2950
f 2942 2943 2952
f 2942 2952 2951
f 2943 2944 2953
f 2943 2953 2952
f 2944 2945 2954
f 2944 2954 2953
f 2945 2946 2955
f 2945 2955 2954
f 2947 2948 2957
f 2947 2957 2956
f 2948 2949 2958
f 2948 2958 2957
f 2949 2950 2959
f 2949 2959 2958
f 2950 2951 2960
f 2950 2960 2959
f 2951 2952 2961
f 2951 2961 2960
f 2952 2953 2962
f 2952 2962 2961
f 2953 2954 2963
f 2953 2963 2962
f 2954 2955 2964
f 2954 2964 2963
f 2956 2957 2966
f 2956 2966 2965
f 2957 2958 2967
f 2957 2967 2966
f 2958 2959 2968
f 2958 2968 2967
f 2959 2960 2969
f 2959 2969 2968
f 2960 2961 2970
f 2960 2970 2969
f 2961 2962 2971
f 2961 2971 2970
f 2962 2963 2972
f 2962 2972 2971
f 2963 2964 2973
f 2963 2973 2972
f 2965 2966 2975
f 2965 2975 2974
f 2966 2967 2976
f 2966 2976 2975
f 2967 2968 2977
f 2967 2977 2976
f 2968 2969 2978
f 2968 2978 2977
f 2969 2970 2979
f 2969 2979 2978
f 2970 2971 2980
f 2970 2980 2979
f 2971 2972 2981
f 2971 2981 2980
f 2972 2973 2982
f 2972 2982 2981
f 2974 2975 2984
f 2974 2984 2983
f 2975 2976 2985
f 2975 2985 2984
f 2976 2977 2986
f 2976 2986 2985
f 2977 2978 2987
f 2977 2987 2986
f 2978 2979 2988
f 2978 2988 2987
f 2979 2980 2989
f 2979 2989 2988
f 2980 2981 2990
f 2980 2990 2989
f 2981 2982 2991
f 2981 2991 2990
f 2992 2993 3002
f 2992 3002 3001
f 2993 2994 3003
f 2993 3003 3002
f 2994 2995 3004
f 2994 3004 3003
f 2995 2996 3005
f 2995 3005 3004
f 2996 2997 3006
f 2996 3006 3005
f 2997 2998 3007
f 2997 3007 3006
f 2998 2999 3008
f 2998 3008 3007
f 2999 3000 3009
f 2999 3009 3008
f 3001 3002 3011
f 3001 3011 3010
f 3002 3003 3012
f 3002 3012 3011
f 3003 3004 3013
f 3003 3013 3012
f 3004 3005 3014
f 3004 3014 3013
f 3005 3006 3015
f 3005 3015 3014
f 3006 3007 3016
f 3006 3016 3015
f 3007 3008 3017
f 3007 3017 3016
f 3008 3009 3018
f 3008 3018 3017
f 3010 3011 3020
f 3010 3020 3019
f 3011 3012 3021
f 3011 3021 3020
f 3012 3013 3022
f 3012 3022 3021
f 3013 3014 3023
f 3013 3023 3022
f 3014 3015 3024
f 3014 3024 3023
f 3015 3016 3025
f 3015 3025 3024
f 3016 3017 3026
f 3016 3026 3025
f 3017 3018 3027
f 3017 3027 3026
f 3019 3020 3029
f 3019 3029 3028
f 3020 3021 3030
f 3020 3030 3029
f 3021 3022 3031
f 3021 3031 3030
f 3022 3023 3032
f 3022 3032 3031
f 3023 3024 3033
f 3023 3033 3032
f 3024 3025 3034
f 3024 3034 3033
f 3025 3026 3035
f 3025 3035 3034
f 3026 3027 3036
f 3026 3036 3035
f 3028 3029 3038
f 3028 3038 3037
f 3029 3030 3039
f 3029 3039 3038
f 3030 3031 3040
f 3030 3040 3039
f 3031 3032 3041
f 3031 3041 3040
f 3032 3033 3042
f 3032 3042 3041
f 3033 3034 3043
f 3033 3043 3042
f 3034 3035 3044
f 3034 3044 3043
f 3035 3036 3045
f 3035 3045 3044
f 3037 3038 3047
f 3037 3047 3046
f 3038 3039 3048
f 3038 3048 3047
f 3039 3040 3049
f 3039 3049 3048
f 3040 3041 3050
f 3040 3050 3049
f 3041 3042 3051
f 3041 3051 3050
f 3042 3043 3052
f 3042 3052 3051
f 3043 3044 3053
f 3043 3053 3052
f 3044 3045 3054
f 3044 3054 3053
f 3046 3047 3056
f 3046 3056 3055
f 3047 3048 3057
f 3047 3057 3056
f 3048 3049 3058
f 3048 3058 3057
f 3049 3050 3059
f 3049 3059 3058
f 3050 3051 3060
f 3050 3060 3059
f 3051 3052 3061
f 3051 3061 3060
f 3052 3053 3062
f 3052 3062 3061
f 3053 3054 3063
f 3053 3063 3062
f 3055 3056 3065
f 3055 3065 3064
f 3056 3057 3066
f 3056 3066 3065
f 3057 3058 3067
f 3057 3067 3066
f 3058 3059 3068
f 3058 3068 3067
f 3059 3060 3069
f 3059 3069 3068
f 3060 3061 3070
f 3060 3070 3069
f 3061 3062 3071
f 3061 3071 3070
f 3062 3063 3072
f 3062 3072 3071
f 3073 3074 3083
f 3073 3083 3082
f 3074 3075 3084
f 3074 3084 3083
f 3075 3076 3085
f 3075 3085 3084
f 3076 3077 3086
f 3076 3086 3085
f 3077 3078 3087
f 3077 3087 3086
f 3078 3079 3088
f 3078 3088 3087
f 3079 3080 3089
f 3079 3089 3088
f 3080 3081 3090
f 3080 3090 3089
f 3082 3083 3092
f 3082 3092 3091
f 3083 3084 3093
f 3083 3093 3092
f 3084 3085 3094
f 3084 3094 3093
f 3085 3086 3095
f 3085 3095 3094
f 3086 3087 3096
f 3086 3096 3095
f 3087 3088 3097
f 3087 3097 3096
f 3088 3089 3098
f 3088 3098 3097
f 3089 3090 3099
f 3089 3099 3098
f 3091 3092 3101
f 3091 3101 3100
f 3092 3093 3102
f 3092 3102 3101
f 3093 3094 3103
f 3093 3103 3102
f 3094 3095 3104
f 3094 3104 3103
f 3095 3096 3105
f 3095 3105 3104
f 3096 3097 3106
f 3096 3106 3105
f 3097 3098 3107
f 3097 3107 3106
f 3098 3099 3108
f 3098 3108 3107
f 3100 3101 3110
f 3100 3110 3109
f 3101 3102 3111
f 3101 3111 3110
f 3102 3103 3112
f 3102 3112 3111
f 3103 3104 3113
f 3103 3113 3112
f 3104 3105 3114
f 3104 3114 3113
f 3105 3106 3115
f 3105 3115 3114
f 3106 3107 3116
f 3106 3116 3115
f 3107 3108 3117
f 3107 3117 3116
f 3109 3110 3119
f 3109 3119 3118
f 3110 3111 3120
f 3110 3120 3119
f 3111 3112 3121
f 3111 3121 3120
f 3112 3113 3122
f 3112 3122 3121
f 3113 3114 3123
f 3113 3123 3122
f 3114 3115 3124
f 3114 3124 3123
f 3115 3116 3125
f 3115 3125 3124
f 3116 3117 3126
f 3116 3126 3125
f 3118 3119 3128
f 3118 3128 3127
f 3119 3120 3129
f 3119 3129 3128
f 3120 3121 3130
f 3120 3130 3129
f 3121 3122 3131
f 3121 3131 3130
f 3122 3123 3132
f 3122 3132 3131
f 3123 3124 3133
f 3123 3133 3132
f 3124 3125 3134
f 3124 3134 3133
f 3125 3126 3135
f 3125 3135 3134
f 3127 3128 3137
f 3127 3137 3136
f 3128 3129 3138
f 3128 3138 3137
f 3129 3130 3139
f 3129 3139 3138
f 3130 3131 3140
f 3130 3140 3139
f 3131 3132 3141
f 3131 3141 3140
f 3132 3133 3142
f 3132 3142 3141
f 3133 3134 3143
f 3133 3143 3142
f 3134 3135 3144
f 3134 3144 3143
f 3136 3137 3146
f 3136 3146 3145
f 3137 3138 3147
f 3137 3147 3146
f 3138 3139 3148
f 3138 3148 3147
f 3139 3140 3149
f 3139 3149 3148
f 3140 3141 3150
f 3140 3150 3149
f 3141 3142 3151
f 3141 3151 3150
f 3142 3143 3152
f 3142 3152 3151
f 3143 3144 3153
f 3143 3153 3152
f 3154 3155 3164
f 3154 3164 3163
f 3155 3156 3165
f 3155 3165 3164
f 3156 3157 3166
f 3156 3166 3165
f 3157 3158 3167
f 3157 3167 3166
f 3158 3159 3168
f 3158 3168 3167
f 3159 3160 3169
f 3159 3169 3168
f 3160 3161 3170
f 3160 3170 3169
f 3161 3162 3171
f 3161 3171 3170
f 3163 3164 3173
f 3163 3173 3172
f 3164 3165 3174
f 3164 3174 3173
f 3165 3166 3175
f 3165 3175 3174
f 3166 3167 3176
f 3166 3176 3175
f 3167 3168 3177
f 3167 3177 3176
f 3168 3169 3178
f 3168 3178 3177
f 3169 3170 3179
f 3169 3179 3178
f 3170 3171 3180
f 3170 3180 3179
f 3172 3173 3182
f 3172 3182 3181
f 3173 3174 3183
f 3173 3183 3182
f 3174 3175 3184
f 3174 3184 3183
f 3175 3176 3185
f 3175 3185 3184
f 3176 3177 3186
f 3176 3186 3185
f 3177 3178 3187
f 3177 3187 3186
f 3178 3179 3188
f 3178 3188 3187
f 3179 3180 3189
f 3179 3189 3188
f 3181 3182 3191
f 3181 3191 3190
f 3182 3183 3192
f 3182 3192 3191
f 3183 3184 3193
f 3183 3193 3192
f 3184 3185 3194
f 3184 3194 3193
f 3185 3186 3195
f 3185 3195 3194
f 3186 3187 3196
f 3186 3196 3195
f 3187 3188 3197
f 3187 3197 3196
f 3188 3189 3198
f 3188 3198 3197
f 3190 3191 3200
f 3190 3200 3199
f 3191 3192 3201
f 3191 3201 3200
f 3192 3193 3202
f 3192 3202 3201
f 3193 3194 3203
f 3193 3203 3202
f 3194 3195 3204
f 3194 3204 3203
f 3195 3196 3205
f 3195 3205 3204
f 3196 3197 3206
f 3196 3206 3205
f 3197 3198 3207
f 3197 3207 3206
f 3199 3200 3209
f 3199 3209 3208
f 3200 3201 3210
f 3200 3210 3209
f 3201 3202 3211
f 3201 3211 3210
f 3202 3203 3212
f 3202 3212 3211
f 3203 3204 3213
f 3203 3213 3212
f 3204 3205 3214
f 3204 3214 3213
f 3205 3206 3215
f 3205 3215 3214
f 3206 3207 3216
f 3206 3216 3215
f 3208 3209 3218
f 3208 3218 3217
f 3209 3210 3219
f 3209 3219 3218
f 3210 3211 3220
f 3210 3220 3219
f 3211 3212 3221
f 3211 3221 3220
f 3212 3213 3222
f 3212 3222 3221
f 3213 3214 3223
f 3213 3223 3222
f 3214 3215 3224
f 3214 3224 3223
f 3215 3216 3225
f 3215 3225 3224
f 3217 3218 3227
f 3217 3227 3226
f 3218 3219 3228
f 3218 3228 3227
f 3219 3220 3229
f 3219 3229 3228
f 3220 3221 3230
f 3220 3230 3229
f 3221 3222 3231
f 3221 3231 3230
f 3222 3223 3232
f 3222 3232 3231
f 3223 3224 3233
f 3223 3233 3232
f 3224 3225 3234
f 3224 3234 3233
f 3235 3237 3238
f 3235 3238 3236
f 3237 3239 3240
f 3237 3240 3238
f 3239 3241 3242
f 3239 3242 3240
f 3241 3243 3244
f 3241 3244 3242
f 3243 3245 3246
f 3243 3246 3244
f 3245 3247 3248
f 3245 3248 3246
f 3247 3249 3250
f 3247 3250 3248
f 3249 3251 3252
f 3249 3252 3250
f 3251 3253 3254
f 3251 3254 3252
f 3253 3255 3256
f 3253 3256 3254
f 3255 3257 3258
f 3255 3258 3256
f 3257 3259 3260
f 3257 3260 3258
f 3259 3261 3262
f 3259 3262 3260
f 3261 3263 3264
f 3261 3264 3262
f 3263 3265 3266
f 3263 3266 3264
f 3265 3267 3268
f 3265 3268 3266
f 3267 3269 3270
f 3267 3270 3268
f 3269 3271 3272
f 3269 3272 3270
f 3271 3273 3274
f 3271 3274 3272
f 3273 3275 3276
f 3273 3276 3274
f 3275 3277 3278
f 3275 3278 3276
f 3277 3279 3280
f 3277 3280 3278
f 3279 3281 3282
f 3279 3282 3280
f 3281 3235 3236
f 3281 3236 3282
f 3283 3236 3238
f 3284 3237 3235
f 3283 3238 3240
f 3284 3239 3237
f 3283 3240 3242
f 3284 3241 3239
f 3283 3242 3244
f 3284 3243 3241
f 3283 3244 3246
f 3284 3245 3243
f 3283 3246 3248
f 3284 3247 3245
f 3283 3248 3250
f 3284 3249 3247
f 3283 3250 3252
f 3284 3251 3249
f 3283 3252 3254
f 3284 3253 3251
f 3283 3254 3256
f 3284 3255 3253
f 3283 3256 3258
f 3284 3257 3255
f 3283 3258 3260
f 3284 3259 3257
f 3283 3260 3262
f 3284 3261 3259
f 3283 3262 3264
f 3284 3263 3261
f 3283 3264 3266
f 3284 3265 3263
f 3283 3266 3268
f 3284 3267 3265
f 3283 3268 3270
f 3284 3269 3267
f 3283 3270 3272
f 3284 3271 3269
f 3283 3272 3274
f 3284 3273 3271
f 3283 3274 3276
f 3284 3275 3273
f 3283 3276 3278
f 3284 3277 3275
f 3283 3278 3280
f 3284 3279 3277
f 3283 3280 3282
f 3284 3281 3279
f 3283 3282 3236
f 3284 3235 3281
f 3285 3287 3288
f 3285 3288 3286
f 3287 3289 3290
f 3287 3290 3288
f 3289 3291 3292
f 3289 3292 3290
f 3291 3293 3294
f 3291 3294 3292
f 3293 3295 3296
f 3293 3296 3294
f 3295 3297 3298
f 3295 3298 3296
f 3297 3299 3300
f 3297 3300 3298
f 3299 3301 3302
f 3299 3302 3300
f 3301 3303 3304
f 3301 3304 3302
f 3303 3305 3306
f 3303 3306 3304
f 3305 3307 3308
f 3305 3308 3306
f 3307 3309 3310
f 3307 3310 3308
f 3309 3311 3312
f 3309 3312 3310
f 3311 3313 3314
f 3311 3314 3312
f 3313 3315 3316
f 3313 3316 3314
f 3315 3317 3318
f 3315 3318 3316
f 3317 3319 3320
f 3317 3320 3318
f 3319 3321 3322
f 3319 3322 3320
f 3321 3323 3324
f 3321 3324 3322
f 3323 3325 3326
f 3323 3326 3324
f 3325 3327 3328
f 3325 3328 3326
f 3327 3329 3330
f 3327 3330 3328
f 3329 3331 3332
f 3329 3332 3330
f 3331 3285 3286
f 3331 3286 3332
f 3333 3286 3288
f 3334 3287 3285
f 3333 3288 3290
f 3334 3289 3287
f 3333 3290 3292
f 3334 3291 3289
f 3333 3292 3294
f 3334 3293 3291
f 3333 3294 3296
f 3334 3295 3293
f 3333 3296 3298
f 3334 3297 3295
f 3333 3298 3300
f 3334 3299 3297
f 3333 3300 3302
f 3334 3301 3299
f 3333 3302 3304
f 3334 3303 3301
f 3333 3304 3306
f 3334 3305 3303
f 3333 3306 3308
f 3334 3307 3305
f 3333 3308 3310
f 3334 3309 3307
f 3333 3310 3312
f 3334 3311 3309
f 3333 3312 3314
f 3334 3313 3311
f 3333 3314 3316
f 3334 3315 3313
f 3333 3316 3318
f 3334 3317 3315
f 3333 3318 3320
f 3334 3319 3317
f 3333 3320 3322
f 3334 3321 3319
f 3333 3322 3324
f 3334 3323 3321
f 3333 3324 3326
f 3334 3325 3323
f 3333 3326 3328
f 3334 3327 3325
f 3333 3328 3330
f 3334 3329 3327
f 3333 3330 3332
f 3334 3331 3329
f 3333 3332 3286
f 3334 3285 3331
f 3335 3337 3338
f 3335 3338 3336
f 3337 3339 3340
f 3337 3340 3338
f 3339 3341 3342
f 3339 3342 3340
f 3341 3343 3344
f 3341 3344 3342
f 3343 3345 3346
f 3343 3346 3344
f 3345 3347 3348
f 3345 3348 3346
f 3347 3349 3350
f 3347 3350 3348
f 3349 3351 3352
f 3349 3352 3350
f 3351 3353 3354
f 3351 3354 3352
f 3353 3355 3356
f 3353 3356 3354
f 3355 3357 3358
f 3355 3358 3356
f 3357 3359 3360
f 3357 3360 3358
f 3359 3361 3362
f 3359 3362 3360
f 3361 3363 3364
f 3361 3364 3362
f 3363 3365 3366
f 3363 3366 3364
f 3365 3367 3368
f 3365 3368 3366
f 3367 3369 3370
f 3367 3370 3368
f 3369 3371 3372
f 3369 3372 3370
f 3371 3373 3374
f 3371 3374 3372
f 3373 3375 3376
f 3373 3376 3374
f 3375 3377 3378
f 3375 3378 3376
f 3377 3379 3380
f 3377 3380 3378
f 3379 3381 3382
f 3379 3382 3380
f 3381 3335 3336
f 3381 3336 3382
f 3383 3336 3338
f 3384 3337 3335
f 3383 3338 3340
f 3384 3339 3337
f 3383 3340 3342
f 3384 3341 3339
f 3383 3342 3344
f 3384 3343 3341
f 3383 3344 3346
f 3384 3345 3343
f 3383 3346 3348
f 3384 3347 3345
f 3383 3348 3350
f 3384 3349 3347
f 3383 3350 3352
f 3384 3351 3349
f 3383 3352 3354
f 3384 3353 3351
f 3383 3354 3356
f 3384 3355 3353
f 3383 3356 3358
f 3384 3357 3355
f 3383 3358 3360
f 3384 3359 3357
f 3383 3360 3362
f 3384 3361 3359
f 3383 3362 3364
f 3384 3363 3361
f 3383 3364 3366
f 3384 3365 3363
f 3383 3366 3368
f 3384 3367 3365
f 3383 3368 3370
f 3384 3369 3367
f 3383 3370 3372
f 3384 3371 3369
f 3383 3372 3374
f 3384 3373 3371
f 3383 3374 3376
f 3384 3375 3373
f 3383 3376 3378
f 3384 3377 3375
f 3383 3378 3380
f 3384 3379 3377
f 3383 3380 3382
f 3384 3381 3379
f 3383 3382 3336
f 3384 3335 3381
f 3385 3387 3388
f 3385 3388 3386
f 3387 3389 3390
f 3387 3390 3388
f 3389 3391 3392
f 3389 3392 3390
f 3391 3393 3394
f 3391 3394 3392
f 3393 3395 3396
f 3393 3396 3394
f 3395 3397 3398
f 3395 3398 3396
f 3397 3399 3400
f 3397 3400 3398
f 3399 3401 3402
f 3399 3402 3400
f 3401 3403 3404
f 3401 3404 3402
f 3403 3405 3406
f 3403 3406 3404
f 3405 3407 3408
f 3405 3408 3406
f 3407 3409 3410
f 3407 3410 3408
f 3409 3411 3412
f 3409 3412 3410
f 3411 3413 3414
f 3411 3414 3412
f 3413 3415 3416
f 3413 3416 3414
f 3415 3417 3418
f 3415 3418 3416
f 3417 3419 3420
f 3417 3420 3418
f 3419 3421 3422
f 3419 3422 3420
f 3421 3423 3424
f 3421 3424 3422
f 3423 3425 3426
f 3423 3426 3424
f 3425 3427 3428
f 3425 3428 3426
f 3427 3429 3430
f 3427 3430 3428
f 3429 3431 3432
f 3429 3432 3430
f 3431 3385 3386
f 3431 3386 3432
f 3433 3386 3388
f 3434 3387 3385
f 3433 3388 3390
f 3434 3389 3387
f 3433 3390 3392
f 3434 3391 3389
f 3433 3392 3394
f 3434 3393 3391
f 3433 3394 3396
f 3434 3395 3393
f 3433 3396 3398
f 3434 3397 3395
f 3433 3398 3400
f 3434 3399 3397
f 3433 3400 3402
f 3434 3401 3399
f 3433 3402 3404
f 3434 3403 3401
f 3433 3404 3406
f 3434 3405 3403
f 3433 3406 3408
f 3434 3407 3405
f 3433 3408 3410
f 3434 3409 3407
f 3433 3410 3412
f 3434 3411 3409
f 3433 3412 3414
f 3434 3413 3411
f 3433 3414 3416
f 3434 3415 3413
f 3433 3416 3418
f 3434 3417 3415
f 3433 3418 3420
f 3434 3419 3417
f 3433 3420 3422
f 3434 3421 3419
f 3433 3422 3424
f 3434 3423 3421
f 3433 3424 3426
f 3434 3425 3423
f 3433 3426 3428
f 3434 3427 3425
f 3433 3428 3430
f 3434 3429 3427
f 3433 3430 3432
f 3434 3431 3429
f 3433 3432 3386
f 3434 3385 3431
