# 식당 — 블록아웃 (예산 30,000 tris)
# 삼각형 18264 · 조각 170
# 생성: tools/blockout — 손으로 고치지 말 것, 생성기를 고칠 것
g 바닥 타일_0
v -9.0000 -0.0500 -5.0000
v -9.0000 -0.0167 -5.0000
v -9.0000 0.0167 -5.0000
v -9.0000 0.0500 -5.0000
v -8.3333 -0.0500 -5.0000
v -8.3333 -0.0167 -5.0000
v -8.3333 0.0167 -5.0000
v -8.3333 0.0500 -5.0000
v -7.6667 -0.0500 -5.0000
v -7.6667 -0.0167 -5.0000
v -7.6667 0.0167 -5.0000
v -7.6667 0.0500 -5.0000
v -7.0000 -0.0500 -5.0000
v -7.0000 -0.0167 -5.0000
v -7.0000 0.0167 -5.0000
v -7.0000 0.0500 -5.0000
v -7.0000 -0.0500 -7.0000
v -7.0000 -0.0167 -7.0000
v -7.0000 0.0167 -7.0000
v -7.0000 0.0500 -7.0000
v -7.6667 -0.0500 -7.0000
v -7.6667 -0.0167 -7.0000
v -7.6667 0.0167 -7.0000
v -7.6667 0.0500 -7.0000
v -8.3333 -0.0500 -7.0000
v -8.3333 -0.0167 -7.0000
v -8.3333 0.0167 -7.0000
v -8.3333 0.0500 -7.0000
v -9.0000 -0.0500 -7.0000
v -9.0000 -0.0167 -7.0000
v -9.0000 0.0167 -7.0000
v -9.0000 0.0500 -7.0000
v -9.0000 -0.0500 -7.0000
v -9.0000 -0.0167 -7.0000
v -9.0000 0.0167 -7.0000
v -9.0000 0.0500 -7.0000
v -9.0000 -0.0500 -6.3333
v -9.0000 -0.0167 -6.3333
v -9.0000 0.0167 -6.3333
v -9.0000 0.0500 -6.3333
v -9.0000 -0.0500 -5.6667
v -9.0000 -0.0167 -5.6667
v -9.0000 0.0167 -5.6667
v -9.0000 0.0500 -5.6667
v -9.0000 -0.0500 -5.0000
v -9.0000 -0.0167 -5.0000
v -9.0000 0.0167 -5.0000
v -9.0000 0.0500 -5.0000
v -7.0000 -0.0500 -5.0000
v -7.0000 -0.0167 -5.0000
v -7.0000 0.0167 -5.0000
v -7.0000 0.0500 -5.0000
v -7.0000 -0.0500 -5.6667
v -7.0000 -0.0167 -5.6667
v -7.0000 0.0167 -5.6667
v -7.0000 0.0500 -5.6667
v -7.0000 -0.0500 -6.3333
v -7.0000 -0.0167 -6.3333
v -7.0000 0.0167 -6.3333
v -7.0000 0.0500 -6.3333
v -7.0000 -0.0500 -7.0000
v -7.0000 -0.0167 -7.0000
v -7.0000 0.0167 -7.0000
v -7.0000 0.0500 -7.0000
v -9.0000 0.0500 -7.0000
v -9.0000 0.0500 -6.3333
v -9.0000 0.0500 -5.6667
v -9.0000 0.0500 -5.0000
v -8.3333 0.0500 -7.0000
v -8.3333 0.0500 -6.3333
v -8.3333 0.0500 -5.6667
v -8.3333 0.0500 -5.0000
v -7.6667 0.0500 -7.0000
v -7.6667 0.0500 -6.3333
v -7.6667 0.0500 -5.6667
v -7.6667 0.0500 -5.0000
v -7.0000 0.0500 -7.0000
v -7.0000 0.0500 -6.3333
v -7.0000 0.0500 -5.6667
v -7.0000 0.0500 -5.0000
v -9.0000 -0.0500 -5.0000
v -9.0000 -0.0500 -5.6667
v -9.0000 -0.0500 -6.3333
v -9.0000 -0.0500 -7.0000
v -8.3333 -0.0500 -5.0000
v -8.3333 -0.0500 -5.6667
v -8.3333 -0.0500 -6.3333
v -8.3333 -0.0500 -7.0000
v -7.6667 -0.0500 -5.0000
v -7.6667 -0.0500 -5.6667
v -7.6667 -0.0500 -6.3333
v -7.6667 -0.0500 -7.0000
v -7.0000 -0.0500 -5.0000
v -7.0000 -0.0500 -5.6667
v -7.0000 -0.0500 -6.3333
v -7.0000 -0.0500 -7.0000
f 1 2 6
f 1 6 5
f 2 3 7
f 2 7 6
f 3 4 8
f 3 8 7
f 5 6 10
f 5 10 9
f 6 7 11
f 6 11 10
f 7 8 12
f 7 12 11
f 9 10 14
f 9 14 13
f 10 11 15
f 10 15 14
f 11 12 16
f 11 16 15
f 17 18 22
f 17 22 21
f 18 19 23
f 18 23 22
f 19 20 24
f 19 24 23
f 21 22 26
f 21 26 25
f 22 23 27
f 22 27 26
f 23 24 28
f 23 28 27
f 25 26 30
f 25 30 29
f 26 27 31
f 26 31 30
f 27 28 32
f 27 32 31
f 33 34 38
f 33 38 37
f 34 35 39
f 34 39 38
f 35 36 40
f 35 40 39
f 37 38 42
f 37 42 41
f 38 39 43
f 38 43 42
f 39 40 44
f 39 44 43
f 41 42 46
f 41 46 45
f 42 43 47
f 42 47 46
f 43 44 48
f 43 48 47
f 49 50 54
f 49 54 53
f 50 51 55
f 50 55 54
f 51 52 56
f 51 56 55
f 53 54 58
f 53 58 57
f 54 55 59
f 54 59 58
f 55 56 60
f 55 60 59
f 57 58 62
f 57 62 61
f 58 59 63
f 58 63 62
f 59 60 64
f 59 64 63
f 65 66 70
f 65 70 69
f 66 67 71
f 66 71 70
f 67 68 72
f 67 72 71
f 69 70 74
f 69 74 73
f 70 71 75
f 70 75 74
f 71 72 76
f 71 76 75
f 73 74 78
f 73 78 77
f 74 75 79
f 74 79 78
f 75 76 80
f 75 80 79
f 81 82 86
f 81 86 85
f 82 83 87
f 82 87 86
f 83 84 88
f 83 88 87
f 85 86 90
f 85 90 89
f 86 87 91
f 86 91 90
f 87 88 92
f 87 92 91
f 89 90 94
f 89 94 93
f 90 91 95
f 90 95 94
f 91 92 96
f 91 96 95
g 바닥 타일_1
v -9.0000 -0.0500 -3.0000
v -9.0000 -0.0167 -3.0000
v -9.0000 0.0167 -3.0000
v -9.0000 0.0500 -3.0000
v -8.3333 -0.0500 -3.0000
v -8.3333 -0.0167 -3.0000
v -8.3333 0.0167 -3.0000
v -8.3333 0.0500 -3.0000
v -7.6667 -0.0500 -3.0000
v -7.6667 -0.0167 -3.0000
v -7.6667 0.0167 -3.0000
v -7.6667 0.0500 -3.0000
v -7.0000 -0.0500 -3.0000
v -7.0000 -0.0167 -3.0000
v -7.0000 0.0167 -3.0000
v -7.0000 0.0500 -3.0000
v -7.0000 -0.0500 -5.0000
v -7.0000 -0.0167 -5.0000
v -7.0000 0.0167 -5.0000
v -7.0000 0.0500 -5.0000
v -7.6667 -0.0500 -5.0000
v -7.6667 -0.0167 -5.0000
v -7.6667 0.0167 -5.0000
v -7.6667 0.0500 -5.0000
v -8.3333 -0.0500 -5.0000
v -8.3333 -0.0167 -5.0000
v -8.3333 0.0167 -5.0000
v -8.3333 0.0500 -5.0000
v -9.0000 -0.0500 -5.0000
v -9.0000 -0.0167 -5.0000
v -9.0000 0.0167 -5.0000
v -9.0000 0.0500 -5.0000
v -9.0000 -0.0500 -5.0000
v -9.0000 -0.0167 -5.0000
v -9.0000 0.0167 -5.0000
v -9.0000 0.0500 -5.0000
v -9.0000 -0.0500 -4.3333
v -9.0000 -0.0167 -4.3333
v -9.0000 0.0167 -4.3333
v -9.0000 0.0500 -4.3333
v -9.0000 -0.0500 -3.6667
v -9.0000 -0.0167 -3.6667
v -9.0000 0.0167 -3.6667
v -9.0000 0.0500 -3.6667
v -9.0000 -0.0500 -3.0000
v -9.0000 -0.0167 -3.0000
v -9.0000 0.0167 -3.0000
v -9.0000 0.0500 -3.0000
v -7.0000 -0.0500 -3.0000
v -7.0000 -0.0167 -3.0000
v -7.0000 0.0167 -3.0000
v -7.0000 0.0500 -3.0000
v -7.0000 -0.0500 -3.6667
v -7.0000 -0.0167 -3.6667
v -7.0000 0.0167 -3.6667
v -7.0000 0.0500 -3.6667
v -7.0000 -0.0500 -4.3333
v -7.0000 -0.0167 -4.3333
v -7.0000 0.0167 -4.3333
v -7.0000 0.0500 -4.3333
v -7.0000 -0.0500 -5.0000
v -7.0000 -0.0167 -5.0000
v -7.0000 0.0167 -5.0000
v -7.0000 0.0500 -5.0000
v -9.0000 0.0500 -5.0000
v -9.0000 0.0500 -4.3333
v -9.0000 0.0500 -3.6667
v -9.0000 0.0500 -3.0000
v -8.3333 0.0500 -5.0000
v -8.3333 0.0500 -4.3333
v -8.3333 0.0500 -3.6667
v -8.3333 0.0500 -3.0000
v -7.6667 0.0500 -5.0000
v -7.6667 0.0500 -4.3333
v -7.6667 0.0500 -3.6667
v -7.6667 0.0500 -3.0000
v -7.0000 0.0500 -5.0000
v -7.0000 0.0500 -4.3333
v -7.0000 0.0500 -3.6667
v -7.0000 0.0500 -3.0000
v -9.0000 -0.0500 -3.0000
v -9.0000 -0.0500 -3.6667
v -9.0000 -0.0500 -4.3333
v -9.0000 -0.0500 -5.0000
v -8.3333 -0.0500 -3.0000
v -8.3333 -0.0500 -3.6667
v -8.3333 -0.0500 -4.3333
v -8.3333 -0.0500 -5.0000
v -7.6667 -0.0500 -3.0000
v -7.6667 -0.0500 -3.6667
v -7.6667 -0.0500 -4.3333
v -7.6667 -0.0500 -5.0000
v -7.0000 -0.0500 -3.0000
v -7.0000 -0.0500 -3.6667
v -7.0000 -0.0500 -4.3333
v -7.0000 -0.0500 -5.0000
f 97 98 102
f 97 102 101
f 98 99 103
f 98 103 102
f 99 100 104
f 99 104 103
f 101 102 106
f 101 106 105
f 102 103 107
f 102 107 106
f 103 104 108
f 103 108 107
f 105 106 110
f 105 110 109
f 106 107 111
f 106 111 110
f 107 108 112
f 107 112 111
f 113 114 118
f 113 118 117
f 114 115 119
f 114 119 118
f 115 116 120
f 115 120 119
f 117 118 122
f 117 122 121
f 118 119 123
f 118 123 122
f 119 120 124
f 119 124 123
f 121 122 126
f 121 126 125
f 122 123 127
f 122 127 126
f 123 124 128
f 123 128 127
f 129 130 134
f 129 134 133
f 130 131 135
f 130 135 134
f 131 132 136
f 131 136 135
f 133 134 138
f 133 138 137
f 134 135 139
f 134 139 138
f 135 136 140
f 135 140 139
f 137 138 142
f 137 142 141
f 138 139 143
f 138 143 142
f 139 140 144
f 139 144 143
f 145 146 150
f 145 150 149
f 146 147 151
f 146 151 150
f 147 148 152
f 147 152 151
f 149 150 154
f 149 154 153
f 150 151 155
f 150 155 154
f 151 152 156
f 151 156 155
f 153 154 158
f 153 158 157
f 154 155 159
f 154 159 158
f 155 156 160
f 155 160 159
f 161 162 166
f 161 166 165
f 162 163 167
f 162 167 166
f 163 164 168
f 163 168 167
f 165 166 170
f 165 170 169
f 166 167 171
f 166 171 170
f 167 168 172
f 167 172 171
f 169 170 174
f 169 174 173
f 170 171 175
f 170 175 174
f 171 172 176
f 171 176 175
f 177 178 182
f 177 182 181
f 178 179 183
f 178 183 182
f 179 180 184
f 179 184 183
f 181 182 186
f 181 186 185
f 182 183 187
f 182 187 186
f 183 184 188
f 183 188 187
f 185 186 190
f 185 190 189
f 186 187 191
f 186 191 190
f 187 188 192
f 187 192 191
g 바닥 타일_2
v -9.0000 -0.0500 -1.0000
v -9.0000 -0.0167 -1.0000
v -9.0000 0.0167 -1.0000
v -9.0000 0.0500 -1.0000
v -8.3333 -0.0500 -1.0000
v -8.3333 -0.0167 -1.0000
v -8.3333 0.0167 -1.0000
v -8.3333 0.0500 -1.0000
v -7.6667 -0.0500 -1.0000
v -7.6667 -0.0167 -1.0000
v -7.6667 0.0167 -1.0000
v -7.6667 0.0500 -1.0000
v -7.0000 -0.0500 -1.0000
v -7.0000 -0.0167 -1.0000
v -7.0000 0.0167 -1.0000
v -7.0000 0.0500 -1.0000
v -7.0000 -0.0500 -3.0000
v -7.0000 -0.0167 -3.0000
v -7.0000 0.0167 -3.0000
v -7.0000 0.0500 -3.0000
v -7.6667 -0.0500 -3.0000
v -7.6667 -0.0167 -3.0000
v -7.6667 0.0167 -3.0000
v -7.6667 0.0500 -3.0000
v -8.3333 -0.0500 -3.0000
v -8.3333 -0.0167 -3.0000
v -8.3333 0.0167 -3.0000
v -8.3333 0.0500 -3.0000
v -9.0000 -0.0500 -3.0000
v -9.0000 -0.0167 -3.0000
v -9.0000 0.0167 -3.0000
v -9.0000 0.0500 -3.0000
v -9.0000 -0.0500 -3.0000
v -9.0000 -0.0167 -3.0000
v -9.0000 0.0167 -3.0000
v -9.0000 0.0500 -3.0000
v -9.0000 -0.0500 -2.3333
v -9.0000 -0.0167 -2.3333
v -9.0000 0.0167 -2.3333
v -9.0000 0.0500 -2.3333
v -9.0000 -0.0500 -1.6667
v -9.0000 -0.0167 -1.6667
v -9.0000 0.0167 -1.6667
v -9.0000 0.0500 -1.6667
v -9.0000 -0.0500 -1.0000
v -9.0000 -0.0167 -1.0000
v -9.0000 0.0167 -1.0000
v -9.0000 0.0500 -1.0000
v -7.0000 -0.0500 -1.0000
v -7.0000 -0.0167 -1.0000
v -7.0000 0.0167 -1.0000
v -7.0000 0.0500 -1.0000
v -7.0000 -0.0500 -1.6667
v -7.0000 -0.0167 -1.6667
v -7.0000 0.0167 -1.6667
v -7.0000 0.0500 -1.6667
v -7.0000 -0.0500 -2.3333
v -7.0000 -0.0167 -2.3333
v -7.0000 0.0167 -2.3333
v -7.0000 0.0500 -2.3333
v -7.0000 -0.0500 -3.0000
v -7.0000 -0.0167 -3.0000
v -7.0000 0.0167 -3.0000
v -7.0000 0.0500 -3.0000
v -9.0000 0.0500 -3.0000
v -9.0000 0.0500 -2.3333
v -9.0000 0.0500 -1.6667
v -9.0000 0.0500 -1.0000
v -8.3333 0.0500 -3.0000
v -8.3333 0.0500 -2.3333
v -8.3333 0.0500 -1.6667
v -8.3333 0.0500 -1.0000
v -7.6667 0.0500 -3.0000
v -7.6667 0.0500 -2.3333
v -7.6667 0.0500 -1.6667
v -7.6667 0.0500 -1.0000
v -7.0000 0.0500 -3.0000
v -7.0000 0.0500 -2.3333
v -7.0000 0.0500 -1.6667
v -7.0000 0.0500 -1.0000
v -9.0000 -0.0500 -1.0000
v -9.0000 -0.0500 -1.6667
v -9.0000 -0.0500 -2.3333
v -9.0000 -0.0500 -3.0000
v -8.3333 -0.0500 -1.0000
v -8.3333 -0.0500 -1.6667
v -8.3333 -0.0500 -2.3333
v -8.3333 -0.0500 -3.0000
v -7.6667 -0.0500 -1.0000
v -7.6667 -0.0500 -1.6667
v -7.6667 -0.0500 -2.3333
v -7.6667 -0.0500 -3.0000
v -7.0000 -0.0500 -1.0000
v -7.0000 -0.0500 -1.6667
v -7.0000 -0.0500 -2.3333
v -7.0000 -0.0500 -3.0000
f 193 194 198
f 193 198 197
f 194 195 199
f 194 199 198
f 195 196 200
f 195 200 199
f 197 198 202
f 197 202 201
f 198 199 203
f 198 203 202
f 199 200 204
f 199 204 203
f 201 202 206
f 201 206 205
f 202 203 207
f 202 207 206
f 203 204 208
f 203 208 207
f 209 210 214
f 209 214 213
f 210 211 215
f 210 215 214
f 211 212 216
f 211 216 215
f 213 214 218
f 213 218 217
f 214 215 219
f 214 219 218
f 215 216 220
f 215 220 219
f 217 218 222
f 217 222 221
f 218 219 223
f 218 223 222
f 219 220 224
f 219 224 223
f 225 226 230
f 225 230 229
f 226 227 231
f 226 231 230
f 227 228 232
f 227 232 231
f 229 230 234
f 229 234 233
f 230 231 235
f 230 235 234
f 231 232 236
f 231 236 235
f 233 234 238
f 233 238 237
f 234 235 239
f 234 239 238
f 235 236 240
f 235 240 239
f 241 242 246
f 241 246 245
f 242 243 247
f 242 247 246
f 243 244 248
f 243 248 247
f 245 246 250
f 245 250 249
f 246 247 251
f 246 251 250
f 247 248 252
f 247 252 251
f 249 250 254
f 249 254 253
f 250 251 255
f 250 255 254
f 251 252 256
f 251 256 255
f 257 258 262
f 257 262 261
f 258 259 263
f 258 263 262
f 259 260 264
f 259 264 263
f 261 262 266
f 261 266 265
f 262 263 267
f 262 267 266
f 263 264 268
f 263 268 267
f 265 266 270
f 265 270 269
f 266 267 271
f 266 271 270
f 267 268 272
f 267 272 271
f 273 274 278
f 273 278 277
f 274 275 279
f 274 279 278
f 275 276 280
f 275 280 279
f 277 278 282
f 277 282 281
f 278 279 283
f 278 283 282
f 279 280 284
f 279 284 283
f 281 282 286
f 281 286 285
f 282 283 287
f 282 287 286
f 283 284 288
f 283 288 287
g 바닥 타일_3
v -9.0000 -0.0500 1.0000
v -9.0000 -0.0167 1.0000
v -9.0000 0.0167 1.0000
v -9.0000 0.0500 1.0000
v -8.3333 -0.0500 1.0000
v -8.3333 -0.0167 1.0000
v -8.3333 0.0167 1.0000
v -8.3333 0.0500 1.0000
v -7.6667 -0.0500 1.0000
v -7.6667 -0.0167 1.0000
v -7.6667 0.0167 1.0000
v -7.6667 0.0500 1.0000
v -7.0000 -0.0500 1.0000
v -7.0000 -0.0167 1.0000
v -7.0000 0.0167 1.0000
v -7.0000 0.0500 1.0000
v -7.0000 -0.0500 -1.0000
v -7.0000 -0.0167 -1.0000
v -7.0000 0.0167 -1.0000
v -7.0000 0.0500 -1.0000
v -7.6667 -0.0500 -1.0000
v -7.6667 -0.0167 -1.0000
v -7.6667 0.0167 -1.0000
v -7.6667 0.0500 -1.0000
v -8.3333 -0.0500 -1.0000
v -8.3333 -0.0167 -1.0000
v -8.3333 0.0167 -1.0000
v -8.3333 0.0500 -1.0000
v -9.0000 -0.0500 -1.0000
v -9.0000 -0.0167 -1.0000
v -9.0000 0.0167 -1.0000
v -9.0000 0.0500 -1.0000
v -9.0000 -0.0500 -1.0000
v -9.0000 -0.0167 -1.0000
v -9.0000 0.0167 -1.0000
v -9.0000 0.0500 -1.0000
v -9.0000 -0.0500 -0.3333
v -9.0000 -0.0167 -0.3333
v -9.0000 0.0167 -0.3333
v -9.0000 0.0500 -0.3333
v -9.0000 -0.0500 0.3333
v -9.0000 -0.0167 0.3333
v -9.0000 0.0167 0.3333
v -9.0000 0.0500 0.3333
v -9.0000 -0.0500 1.0000
v -9.0000 -0.0167 1.0000
v -9.0000 0.0167 1.0000
v -9.0000 0.0500 1.0000
v -7.0000 -0.0500 1.0000
v -7.0000 -0.0167 1.0000
v -7.0000 0.0167 1.0000
v -7.0000 0.0500 1.0000
v -7.0000 -0.0500 0.3333
v -7.0000 -0.0167 0.3333
v -7.0000 0.0167 0.3333
v -7.0000 0.0500 0.3333
v -7.0000 -0.0500 -0.3333
v -7.0000 -0.0167 -0.3333
v -7.0000 0.0167 -0.3333
v -7.0000 0.0500 -0.3333
v -7.0000 -0.0500 -1.0000
v -7.0000 -0.0167 -1.0000
v -7.0000 0.0167 -1.0000
v -7.0000 0.0500 -1.0000
v -9.0000 0.0500 -1.0000
v -9.0000 0.0500 -0.3333
v -9.0000 0.0500 0.3333
v -9.0000 0.0500 1.0000
v -8.3333 0.0500 -1.0000
v -8.3333 0.0500 -0.3333
v -8.3333 0.0500 0.3333
v -8.3333 0.0500 1.0000
v -7.6667 0.0500 -1.0000
v -7.6667 0.0500 -0.3333
v -7.6667 0.0500 0.3333
v -7.6667 0.0500 1.0000
v -7.0000 0.0500 -1.0000
v -7.0000 0.0500 -0.3333
v -7.0000 0.0500 0.3333
v -7.0000 0.0500 1.0000
v -9.0000 -0.0500 1.0000
v -9.0000 -0.0500 0.3333
v -9.0000 -0.0500 -0.3333
v -9.0000 -0.0500 -1.0000
v -8.3333 -0.0500 1.0000
v -8.3333 -0.0500 0.3333
v -8.3333 -0.0500 -0.3333
v -8.3333 -0.0500 -1.0000
v -7.6667 -0.0500 1.0000
v -7.6667 -0.0500 0.3333
v -7.6667 -0.0500 -0.3333
v -7.6667 -0.0500 -1.0000
v -7.0000 -0.0500 1.0000
v -7.0000 -0.0500 0.3333
v -7.0000 -0.0500 -0.3333
v -7.0000 -0.0500 -1.0000
f 289 290 294
f 289 294 293
f 290 291 295
f 290 295 294
f 291 292 296
f 291 296 295
f 293 294 298
f 293 298 297
f 294 295 299
f 294 299 298
f 295 296 300
f 295 300 299
f 297 298 302
f 297 302 301
f 298 299 303
f 298 303 302
f 299 300 304
f 299 304 303
f 305 306 310
f 305 310 309
f 306 307 311
f 306 311 310
f 307 308 312
f 307 312 311
f 309 310 314
f 309 314 313
f 310 311 315
f 310 315 314
f 311 312 316
f 311 316 315
f 313 314 318
f 313 318 317
f 314 315 319
f 314 319 318
f 315 316 320
f 315 320 319
f 321 322 326
f 321 326 325
f 322 323 327
f 322 327 326
f 323 324 328
f 323 328 327
f 325 326 330
f 325 330 329
f 326 327 331
f 326 331 330
f 327 328 332
f 327 332 331
f 329 330 334
f 329 334 333
f 330 331 335
f 330 335 334
f 331 332 336
f 331 336 335
f 337 338 342
f 337 342 341
f 338 339 343
f 338 343 342
f 339 340 344
f 339 344 343
f 341 342 346
f 341 346 345
f 342 343 347
f 342 347 346
f 343 344 348
f 343 348 347
f 345 346 350
f 345 350 349
f 346 347 351
f 346 351 350
f 347 348 352
f 347 352 351
f 353 354 358
f 353 358 357
f 354 355 359
f 354 359 358
f 355 356 360
f 355 360 359
f 357 358 362
f 357 362 361
f 358 359 363
f 358 363 362
f 359 360 364
f 359 364 363
f 361 362 366
f 361 366 365
f 362 363 367
f 362 367 366
f 363 364 368
f 363 368 367
f 369 370 374
f 369 374 373
f 370 371 375
f 370 375 374
f 371 372 376
f 371 376 375
f 373 374 378
f 373 378 377
f 374 375 379
f 374 379 378
f 375 376 380
f 375 380 379
f 377 378 382
f 377 382 381
f 378 379 383
f 378 383 382
f 379 380 384
f 379 384 383
g 바닥 타일_4
v -9.0000 -0.0500 3.0000
v -9.0000 -0.0167 3.0000
v -9.0000 0.0167 3.0000
v -9.0000 0.0500 3.0000
v -8.3333 -0.0500 3.0000
v -8.3333 -0.0167 3.0000
v -8.3333 0.0167 3.0000
v -8.3333 0.0500 3.0000
v -7.6667 -0.0500 3.0000
v -7.6667 -0.0167 3.0000
v -7.6667 0.0167 3.0000
v -7.6667 0.0500 3.0000
v -7.0000 -0.0500 3.0000
v -7.0000 -0.0167 3.0000
v -7.0000 0.0167 3.0000
v -7.0000 0.0500 3.0000
v -7.0000 -0.0500 1.0000
v -7.0000 -0.0167 1.0000
v -7.0000 0.0167 1.0000
v -7.0000 0.0500 1.0000
v -7.6667 -0.0500 1.0000
v -7.6667 -0.0167 1.0000
v -7.6667 0.0167 1.0000
v -7.6667 0.0500 1.0000
v -8.3333 -0.0500 1.0000
v -8.3333 -0.0167 1.0000
v -8.3333 0.0167 1.0000
v -8.3333 0.0500 1.0000
v -9.0000 -0.0500 1.0000
v -9.0000 -0.0167 1.0000
v -9.0000 0.0167 1.0000
v -9.0000 0.0500 1.0000
v -9.0000 -0.0500 1.0000
v -9.0000 -0.0167 1.0000
v -9.0000 0.0167 1.0000
v -9.0000 0.0500 1.0000
v -9.0000 -0.0500 1.6667
v -9.0000 -0.0167 1.6667
v -9.0000 0.0167 1.6667
v -9.0000 0.0500 1.6667
v -9.0000 -0.0500 2.3333
v -9.0000 -0.0167 2.3333
v -9.0000 0.0167 2.3333
v -9.0000 0.0500 2.3333
v -9.0000 -0.0500 3.0000
v -9.0000 -0.0167 3.0000
v -9.0000 0.0167 3.0000
v -9.0000 0.0500 3.0000
v -7.0000 -0.0500 3.0000
v -7.0000 -0.0167 3.0000
v -7.0000 0.0167 3.0000
v -7.0000 0.0500 3.0000
v -7.0000 -0.0500 2.3333
v -7.0000 -0.0167 2.3333
v -7.0000 0.0167 2.3333
v -7.0000 0.0500 2.3333
v -7.0000 -0.0500 1.6667
v -7.0000 -0.0167 1.6667
v -7.0000 0.0167 1.6667
v -7.0000 0.0500 1.6667
v -7.0000 -0.0500 1.0000
v -7.0000 -0.0167 1.0000
v -7.0000 0.0167 1.0000
v -7.0000 0.0500 1.0000
v -9.0000 0.0500 1.0000
v -9.0000 0.0500 1.6667
v -9.0000 0.0500 2.3333
v -9.0000 0.0500 3.0000
v -8.3333 0.0500 1.0000
v -8.3333 0.0500 1.6667
v -8.3333 0.0500 2.3333
v -8.3333 0.0500 3.0000
v -7.6667 0.0500 1.0000
v -7.6667 0.0500 1.6667
v -7.6667 0.0500 2.3333
v -7.6667 0.0500 3.0000
v -7.0000 0.0500 1.0000
v -7.0000 0.0500 1.6667
v -7.0000 0.0500 2.3333
v -7.0000 0.0500 3.0000
v -9.0000 -0.0500 3.0000
v -9.0000 -0.0500 2.3333
v -9.0000 -0.0500 1.6667
v -9.0000 -0.0500 1.0000
v -8.3333 -0.0500 3.0000
v -8.3333 -0.0500 2.3333
v -8.3333 -0.0500 1.6667
v -8.3333 -0.0500 1.0000
v -7.6667 -0.0500 3.0000
v -7.6667 -0.0500 2.3333
v -7.6667 -0.0500 1.6667
v -7.6667 -0.0500 1.0000
v -7.0000 -0.0500 3.0000
v -7.0000 -0.0500 2.3333
v -7.0000 -0.0500 1.6667
v -7.0000 -0.0500 1.0000
f 385 386 390
f 385 390 389
f 386 387 391
f 386 391 390
f 387 388 392
f 387 392 391
f 389 390 394
f 389 394 393
f 390 391 395
f 390 395 394
f 391 392 396
f 391 396 395
f 393 394 398
f 393 398 397
f 394 395 399
f 394 399 398
f 395 396 400
f 395 400 399
f 401 402 406
f 401 406 405
f 402 403 407
f 402 407 406
f 403 404 408
f 403 408 407
f 405 406 410
f 405 410 409
f 406 407 411
f 406 411 410
f 407 408 412
f 407 412 411
f 409 410 414
f 409 414 413
f 410 411 415
f 410 415 414
f 411 412 416
f 411 416 415
f 417 418 422
f 417 422 421
f 418 419 423
f 418 423 422
f 419 420 424
f 419 424 423
f 421 422 426
f 421 426 425
f 422 423 427
f 422 427 426
f 423 424 428
f 423 428 427
f 425 426 430
f 425 430 429
f 426 427 431
f 426 431 430
f 427 428 432
f 427 432 431
f 433 434 438
f 433 438 437
f 434 435 439
f 434 439 438
f 435 436 440
f 435 440 439
f 437 438 442
f 437 442 441
f 438 439 443
f 438 443 442
f 439 440 444
f 439 444 443
f 441 442 446
f 441 446 445
f 442 443 447
f 442 447 446
f 443 444 448
f 443 448 447
f 449 450 454
f 449 454 453
f 450 451 455
f 450 455 454
f 451 452 456
f 451 456 455
f 453 454 458
f 453 458 457
f 454 455 459
f 454 459 458
f 455 456 460
f 455 460 459
f 457 458 462
f 457 462 461
f 458 459 463
f 458 463 462
f 459 460 464
f 459 464 463
f 465 466 470
f 465 470 469
f 466 467 471
f 466 471 470
f 467 468 472
f 467 472 471
f 469 470 474
f 469 474 473
f 470 471 475
f 470 475 474
f 471 472 476
f 471 476 475
f 473 474 478
f 473 478 477
f 474 475 479
f 474 479 478
f 475 476 480
f 475 480 479
g 바닥 타일_5
v -9.0000 -0.0500 5.0000
v -9.0000 -0.0167 5.0000
v -9.0000 0.0167 5.0000
v -9.0000 0.0500 5.0000
v -8.3333 -0.0500 5.0000
v -8.3333 -0.0167 5.0000
v -8.3333 0.0167 5.0000
v -8.3333 0.0500 5.0000
v -7.6667 -0.0500 5.0000
v -7.6667 -0.0167 5.0000
v -7.6667 0.0167 5.0000
v -7.6667 0.0500 5.0000
v -7.0000 -0.0500 5.0000
v -7.0000 -0.0167 5.0000
v -7.0000 0.0167 5.0000
v -7.0000 0.0500 5.0000
v -7.0000 -0.0500 3.0000
v -7.0000 -0.0167 3.0000
v -7.0000 0.0167 3.0000
v -7.0000 0.0500 3.0000
v -7.6667 -0.0500 3.0000
v -7.6667 -0.0167 3.0000
v -7.6667 0.0167 3.0000
v -7.6667 0.0500 3.0000
v -8.3333 -0.0500 3.0000
v -8.3333 -0.0167 3.0000
v -8.3333 0.0167 3.0000
v -8.3333 0.0500 3.0000
v -9.0000 -0.0500 3.0000
v -9.0000 -0.0167 3.0000
v -9.0000 0.0167 3.0000
v -9.0000 0.0500 3.0000
v -9.0000 -0.0500 3.0000
v -9.0000 -0.0167 3.0000
v -9.0000 0.0167 3.0000
v -9.0000 0.0500 3.0000
v -9.0000 -0.0500 3.6667
v -9.0000 -0.0167 3.6667
v -9.0000 0.0167 3.6667
v -9.0000 0.0500 3.6667
v -9.0000 -0.0500 4.3333
v -9.0000 -0.0167 4.3333
v -9.0000 0.0167 4.3333
v -9.0000 0.0500 4.3333
v -9.0000 -0.0500 5.0000
v -9.0000 -0.0167 5.0000
v -9.0000 0.0167 5.0000
v -9.0000 0.0500 5.0000
v -7.0000 -0.0500 5.0000
v -7.0000 -0.0167 5.0000
v -7.0000 0.0167 5.0000
v -7.0000 0.0500 5.0000
v -7.0000 -0.0500 4.3333
v -7.0000 -0.0167 4.3333
v -7.0000 0.0167 4.3333
v -7.0000 0.0500 4.3333
v -7.0000 -0.0500 3.6667
v -7.0000 -0.0167 3.6667
v -7.0000 0.0167 3.6667
v -7.0000 0.0500 3.6667
v -7.0000 -0.0500 3.0000
v -7.0000 -0.0167 3.0000
v -7.0000 0.0167 3.0000
v -7.0000 0.0500 3.0000
v -9.0000 0.0500 3.0000
v -9.0000 0.0500 3.6667
v -9.0000 0.0500 4.3333
v -9.0000 0.0500 5.0000
v -8.3333 0.0500 3.0000
v -8.3333 0.0500 3.6667
v -8.3333 0.0500 4.3333
v -8.3333 0.0500 5.0000
v -7.6667 0.0500 3.0000
v -7.6667 0.0500 3.6667
v -7.6667 0.0500 4.3333
v -7.6667 0.0500 5.0000
v -7.0000 0.0500 3.0000
v -7.0000 0.0500 3.6667
v -7.0000 0.0500 4.3333
v -7.0000 0.0500 5.0000
v -9.0000 -0.0500 5.0000
v -9.0000 -0.0500 4.3333
v -9.0000 -0.0500 3.6667
v -9.0000 -0.0500 3.0000
v -8.3333 -0.0500 5.0000
v -8.3333 -0.0500 4.3333
v -8.3333 -0.0500 3.6667
v -8.3333 -0.0500 3.0000
v -7.6667 -0.0500 5.0000
v -7.6667 -0.0500 4.3333
v -7.6667 -0.0500 3.6667
v -7.6667 -0.0500 3.0000
v -7.0000 -0.0500 5.0000
v -7.0000 -0.0500 4.3333
v -7.0000 -0.0500 3.6667
v -7.0000 -0.0500 3.0000
f 481 482 486
f 481 486 485
f 482 483 487
f 482 487 486
f 483 484 488
f 483 488 487
f 485 486 490
f 485 490 489
f 486 487 491
f 486 491 490
f 487 488 492
f 487 492 491
f 489 490 494
f 489 494 493
f 490 491 495
f 490 495 494
f 491 492 496
f 491 496 495
f 497 498 502
f 497 502 501
f 498 499 503
f 498 503 502
f 499 500 504
f 499 504 503
f 501 502 506
f 501 506 505
f 502 503 507
f 502 507 506
f 503 504 508
f 503 508 507
f 505 506 510
f 505 510 509
f 506 507 511
f 506 511 510
f 507 508 512
f 507 512 511
f 513 514 518
f 513 518 517
f 514 515 519
f 514 519 518
f 515 516 520
f 515 520 519
f 517 518 522
f 517 522 521
f 518 519 523
f 518 523 522
f 519 520 524
f 519 524 523
f 521 522 526
f 521 526 525
f 522 523 527
f 522 527 526
f 523 524 528
f 523 528 527
f 529 530 534
f 529 534 533
f 530 531 535
f 530 535 534
f 531 532 536
f 531 536 535
f 533 534 538
f 533 538 537
f 534 535 539
f 534 539 538
f 535 536 540
f 535 540 539
f 537 538 542
f 537 542 541
f 538 539 543
f 538 543 542
f 539 540 544
f 539 544 543
f 545 546 550
f 545 550 549
f 546 547 551
f 546 551 550
f 547 548 552
f 547 552 551
f 549 550 554
f 549 554 553
f 550 551 555
f 550 555 554
f 551 552 556
f 551 556 555
f 553 554 558
f 553 558 557
f 554 555 559
f 554 559 558
f 555 556 560
f 555 560 559
f 561 562 566
f 561 566 565
f 562 563 567
f 562 567 566
f 563 564 568
f 563 568 567
f 565 566 570
f 565 570 569
f 566 567 571
f 566 571 570
f 567 568 572
f 567 572 571
f 569 570 574
f 569 574 573
f 570 571 575
f 570 575 574
f 571 572 576
f 571 576 575
g 바닥 타일_6
v -9.0000 -0.0500 7.0000
v -9.0000 -0.0167 7.0000
v -9.0000 0.0167 7.0000
v -9.0000 0.0500 7.0000
v -8.3333 -0.0500 7.0000
v -8.3333 -0.0167 7.0000
v -8.3333 0.0167 7.0000
v -8.3333 0.0500 7.0000
v -7.6667 -0.0500 7.0000
v -7.6667 -0.0167 7.0000
v -7.6667 0.0167 7.0000
v -7.6667 0.0500 7.0000
v -7.0000 -0.0500 7.0000
v -7.0000 -0.0167 7.0000
v -7.0000 0.0167 7.0000
v -7.0000 0.0500 7.0000
v -7.0000 -0.0500 5.0000
v -7.0000 -0.0167 5.0000
v -7.0000 0.0167 5.0000
v -7.0000 0.0500 5.0000
v -7.6667 -0.0500 5.0000
v -7.6667 -0.0167 5.0000
v -7.6667 0.0167 5.0000
v -7.6667 0.0500 5.0000
v -8.3333 -0.0500 5.0000
v -8.3333 -0.0167 5.0000
v -8.3333 0.0167 5.0000
v -8.3333 0.0500 5.0000
v -9.0000 -0.0500 5.0000
v -9.0000 -0.0167 5.0000
v -9.0000 0.0167 5.0000
v -9.0000 0.0500 5.0000
v -9.0000 -0.0500 5.0000
v -9.0000 -0.0167 5.0000
v -9.0000 0.0167 5.0000
v -9.0000 0.0500 5.0000
v -9.0000 -0.0500 5.6667
v -9.0000 -0.0167 5.6667
v -9.0000 0.0167 5.6667
v -9.0000 0.0500 5.6667
v -9.0000 -0.0500 6.3333
v -9.0000 -0.0167 6.3333
v -9.0000 0.0167 6.3333
v -9.0000 0.0500 6.3333
v -9.0000 -0.0500 7.0000
v -9.0000 -0.0167 7.0000
v -9.0000 0.0167 7.0000
v -9.0000 0.0500 7.0000
v -7.0000 -0.0500 7.0000
v -7.0000 -0.0167 7.0000
v -7.0000 0.0167 7.0000
v -7.0000 0.0500 7.0000
v -7.0000 -0.0500 6.3333
v -7.0000 -0.0167 6.3333
v -7.0000 0.0167 6.3333
v -7.0000 0.0500 6.3333
v -7.0000 -0.0500 5.6667
v -7.0000 -0.0167 5.6667
v -7.0000 0.0167 5.6667
v -7.0000 0.0500 5.6667
v -7.0000 -0.0500 5.0000
v -7.0000 -0.0167 5.0000
v -7.0000 0.0167 5.0000
v -7.0000 0.0500 5.0000
v -9.0000 0.0500 5.0000
v -9.0000 0.0500 5.6667
v -9.0000 0.0500 6.3333
v -9.0000 0.0500 7.0000
v -8.3333 0.0500 5.0000
v -8.3333 0.0500 5.6667
v -8.3333 0.0500 6.3333
v -8.3333 0.0500 7.0000
v -7.6667 0.0500 5.0000
v -7.6667 0.0500 5.6667
v -7.6667 0.0500 6.3333
v -7.6667 0.0500 7.0000
v -7.0000 0.0500 5.0000
v -7.0000 0.0500 5.6667
v -7.0000 0.0500 6.3333
v -7.0000 0.0500 7.0000
v -9.0000 -0.0500 7.0000
v -9.0000 -0.0500 6.3333
v -9.0000 -0.0500 5.6667
v -9.0000 -0.0500 5.0000
v -8.3333 -0.0500 7.0000
v -8.3333 -0.0500 6.3333
v -8.3333 -0.0500 5.6667
v -8.3333 -0.0500 5.0000
v -7.6667 -0.0500 7.0000
v -7.6667 -0.0500 6.3333
v -7.6667 -0.0500 5.6667
v -7.6667 -0.0500 5.0000
v -7.0000 -0.0500 7.0000
v -7.0000 -0.0500 6.3333
v -7.0000 -0.0500 5.6667
v -7.0000 -0.0500 5.0000
f 577 578 582
f 577 582 581
f 578 579 583
f 578 583 582
f 579 580 584
f 579 584 583
f 581 582 586
f 581 586 585
f 582 583 587
f 582 587 586
f 583 584 588
f 583 588 587
f 585 586 590
f 585 590 589
f 586 587 591
f 586 591 590
f 587 588 592
f 587 592 591
f 593 594 598
f 593 598 597
f 594 595 599
f 594 599 598
f 595 596 600
f 595 600 599
f 597 598 602
f 597 602 601
f 598 599 603
f 598 603 602
f 599 600 604
f 599 604 603
f 601 602 606
f 601 606 605
f 602 603 607
f 602 607 606
f 603 604 608
f 603 608 607
f 609 610 614
f 609 614 613
f 610 611 615
f 610 615 614
f 611 612 616
f 611 616 615
f 613 614 618
f 613 618 617
f 614 615 619
f 614 619 618
f 615 616 620
f 615 620 619
f 617 618 622
f 617 622 621
f 618 619 623
f 618 623 622
f 619 620 624
f 619 624 623
f 625 626 630
f 625 630 629
f 626 627 631
f 626 631 630
f 627 628 632
f 627 632 631
f 629 630 634
f 629 634 633
f 630 631 635
f 630 635 634
f 631 632 636
f 631 636 635
f 633 634 638
f 633 638 637
f 634 635 639
f 634 639 638
f 635 636 640
f 635 640 639
f 641 642 646
f 641 646 645
f 642 643 647
f 642 647 646
f 643 644 648
f 643 648 647
f 645 646 650
f 645 650 649
f 646 647 651
f 646 651 650
f 647 648 652
f 647 652 651
f 649 650 654
f 649 654 653
f 650 651 655
f 650 655 654
f 651 652 656
f 651 656 655
f 657 658 662
f 657 662 661
f 658 659 663
f 658 663 662
f 659 660 664
f 659 664 663
f 661 662 666
f 661 666 665
f 662 663 667
f 662 667 666
f 663 664 668
f 663 668 667
f 665 666 670
f 665 670 669
f 666 667 671
f 666 671 670
f 667 668 672
f 667 672 671
g 바닥 타일_7
v -7.0000 -0.0500 -5.0000
v -7.0000 -0.0167 -5.0000
v -7.0000 0.0167 -5.0000
v -7.0000 0.0500 -5.0000
v -6.3333 -0.0500 -5.0000
v -6.3333 -0.0167 -5.0000
v -6.3333 0.0167 -5.0000
v -6.3333 0.0500 -5.0000
v -5.6667 -0.0500 -5.0000
v -5.6667 -0.0167 -5.0000
v -5.6667 0.0167 -5.0000
v -5.6667 0.0500 -5.0000
v -5.0000 -0.0500 -5.0000
v -5.0000 -0.0167 -5.0000
v -5.0000 0.0167 -5.0000
v -5.0000 0.0500 -5.0000
v -5.0000 -0.0500 -7.0000
v -5.0000 -0.0167 -7.0000
v -5.0000 0.0167 -7.0000
v -5.0000 0.0500 -7.0000
v -5.6667 -0.0500 -7.0000
v -5.6667 -0.0167 -7.0000
v -5.6667 0.0167 -7.0000
v -5.6667 0.0500 -7.0000
v -6.3333 -0.0500 -7.0000
v -6.3333 -0.0167 -7.0000
v -6.3333 0.0167 -7.0000
v -6.3333 0.0500 -7.0000
v -7.0000 -0.0500 -7.0000
v -7.0000 -0.0167 -7.0000
v -7.0000 0.0167 -7.0000
v -7.0000 0.0500 -7.0000
v -7.0000 -0.0500 -7.0000
v -7.0000 -0.0167 -7.0000
v -7.0000 0.0167 -7.0000
v -7.0000 0.0500 -7.0000
v -7.0000 -0.0500 -6.3333
v -7.0000 -0.0167 -6.3333
v -7.0000 0.0167 -6.3333
v -7.0000 0.0500 -6.3333
v -7.0000 -0.0500 -5.6667
v -7.0000 -0.0167 -5.6667
v -7.0000 0.0167 -5.6667
v -7.0000 0.0500 -5.6667
v -7.0000 -0.0500 -5.0000
v -7.0000 -0.0167 -5.0000
v -7.0000 0.0167 -5.0000
v -7.0000 0.0500 -5.0000
v -5.0000 -0.0500 -5.0000
v -5.0000 -0.0167 -5.0000
v -5.0000 0.0167 -5.0000
v -5.0000 0.0500 -5.0000
v -5.0000 -0.0500 -5.6667
v -5.0000 -0.0167 -5.6667
v -5.0000 0.0167 -5.6667
v -5.0000 0.0500 -5.6667
v -5.0000 -0.0500 -6.3333
v -5.0000 -0.0167 -6.3333
v -5.0000 0.0167 -6.3333
v -5.0000 0.0500 -6.3333
v -5.0000 -0.0500 -7.0000
v -5.0000 -0.0167 -7.0000
v -5.0000 0.0167 -7.0000
v -5.0000 0.0500 -7.0000
v -7.0000 0.0500 -7.0000
v -7.0000 0.0500 -6.3333
v -7.0000 0.0500 -5.6667
v -7.0000 0.0500 -5.0000
v -6.3333 0.0500 -7.0000
v -6.3333 0.0500 -6.3333
v -6.3333 0.0500 -5.6667
v -6.3333 0.0500 -5.0000
v -5.6667 0.0500 -7.0000
v -5.6667 0.0500 -6.3333
v -5.6667 0.0500 -5.6667
v -5.6667 0.0500 -5.0000
v -5.0000 0.0500 -7.0000
v -5.0000 0.0500 -6.3333
v -5.0000 0.0500 -5.6667
v -5.0000 0.0500 -5.0000
v -7.0000 -0.0500 -5.0000
v -7.0000 -0.0500 -5.6667
v -7.0000 -0.0500 -6.3333
v -7.0000 -0.0500 -7.0000
v -6.3333 -0.0500 -5.0000
v -6.3333 -0.0500 -5.6667
v -6.3333 -0.0500 -6.3333
v -6.3333 -0.0500 -7.0000
v -5.6667 -0.0500 -5.0000
v -5.6667 -0.0500 -5.6667
v -5.6667 -0.0500 -6.3333
v -5.6667 -0.0500 -7.0000
v -5.0000 -0.0500 -5.0000
v -5.0000 -0.0500 -5.6667
v -5.0000 -0.0500 -6.3333
v -5.0000 -0.0500 -7.0000
f 673 674 678
f 673 678 677
f 674 675 679
f 674 679 678
f 675 676 680
f 675 680 679
f 677 678 682
f 677 682 681
f 678 679 683
f 678 683 682
f 679 680 684
f 679 684 683
f 681 682 686
f 681 686 685
f 682 683 687
f 682 687 686
f 683 684 688
f 683 688 687
f 689 690 694
f 689 694 693
f 690 691 695
f 690 695 694
f 691 692 696
f 691 696 695
f 693 694 698
f 693 698 697
f 694 695 699
f 694 699 698
f 695 696 700
f 695 700 699
f 697 698 702
f 697 702 701
f 698 699 703
f 698 703 702
f 699 700 704
f 699 704 703
f 705 706 710
f 705 710 709
f 706 707 711
f 706 711 710
f 707 708 712
f 707 712 711
f 709 710 714
f 709 714 713
f 710 711 715
f 710 715 714
f 711 712 716
f 711 716 715
f 713 714 718
f 713 718 717
f 714 715 719
f 714 719 718
f 715 716 720
f 715 720 719
f 721 722 726
f 721 726 725
f 722 723 727
f 722 727 726
f 723 724 728
f 723 728 727
f 725 726 730
f 725 730 729
f 726 727 731
f 726 731 730
f 727 728 732
f 727 732 731
f 729 730 734
f 729 734 733
f 730 731 735
f 730 735 734
f 731 732 736
f 731 736 735
f 737 738 742
f 737 742 741
f 738 739 743
f 738 743 742
f 739 740 744
f 739 744 743
f 741 742 746
f 741 746 745
f 742 743 747
f 742 747 746
f 743 744 748
f 743 748 747
f 745 746 750
f 745 750 749
f 746 747 751
f 746 751 750
f 747 748 752
f 747 752 751
f 753 754 758
f 753 758 757
f 754 755 759
f 754 759 758
f 755 756 760
f 755 760 759
f 757 758 762
f 757 762 761
f 758 759 763
f 758 763 762
f 759 760 764
f 759 764 763
f 761 762 766
f 761 766 765
f 762 763 767
f 762 767 766
f 763 764 768
f 763 768 767
g 바닥 타일_8
v -7.0000 -0.0500 -3.0000
v -7.0000 -0.0167 -3.0000
v -7.0000 0.0167 -3.0000
v -7.0000 0.0500 -3.0000
v -6.3333 -0.0500 -3.0000
v -6.3333 -0.0167 -3.0000
v -6.3333 0.0167 -3.0000
v -6.3333 0.0500 -3.0000
v -5.6667 -0.0500 -3.0000
v -5.6667 -0.0167 -3.0000
v -5.6667 0.0167 -3.0000
v -5.6667 0.0500 -3.0000
v -5.0000 -0.0500 -3.0000
v -5.0000 -0.0167 -3.0000
v -5.0000 0.0167 -3.0000
v -5.0000 0.0500 -3.0000
v -5.0000 -0.0500 -5.0000
v -5.0000 -0.0167 -5.0000
v -5.0000 0.0167 -5.0000
v -5.0000 0.0500 -5.0000
v -5.6667 -0.0500 -5.0000
v -5.6667 -0.0167 -5.0000
v -5.6667 0.0167 -5.0000
v -5.6667 0.0500 -5.0000
v -6.3333 -0.0500 -5.0000
v -6.3333 -0.0167 -5.0000
v -6.3333 0.0167 -5.0000
v -6.3333 0.0500 -5.0000
v -7.0000 -0.0500 -5.0000
v -7.0000 -0.0167 -5.0000
v -7.0000 0.0167 -5.0000
v -7.0000 0.0500 -5.0000
v -7.0000 -0.0500 -5.0000
v -7.0000 -0.0167 -5.0000
v -7.0000 0.0167 -5.0000
v -7.0000 0.0500 -5.0000
v -7.0000 -0.0500 -4.3333
v -7.0000 -0.0167 -4.3333
v -7.0000 0.0167 -4.3333
v -7.0000 0.0500 -4.3333
v -7.0000 -0.0500 -3.6667
v -7.0000 -0.0167 -3.6667
v -7.0000 0.0167 -3.6667
v -7.0000 0.0500 -3.6667
v -7.0000 -0.0500 -3.0000
v -7.0000 -0.0167 -3.0000
v -7.0000 0.0167 -3.0000
v -7.0000 0.0500 -3.0000
v -5.0000 -0.0500 -3.0000
v -5.0000 -0.0167 -3.0000
v -5.0000 0.0167 -3.0000
v -5.0000 0.0500 -3.0000
v -5.0000 -0.0500 -3.6667
v -5.0000 -0.0167 -3.6667
v -5.0000 0.0167 -3.6667
v -5.0000 0.0500 -3.6667
v -5.0000 -0.0500 -4.3333
v -5.0000 -0.0167 -4.3333
v -5.0000 0.0167 -4.3333
v -5.0000 0.0500 -4.3333
v -5.0000 -0.0500 -5.0000
v -5.0000 -0.0167 -5.0000
v -5.0000 0.0167 -5.0000
v -5.0000 0.0500 -5.0000
v -7.0000 0.0500 -5.0000
v -7.0000 0.0500 -4.3333
v -7.0000 0.0500 -3.6667
v -7.0000 0.0500 -3.0000
v -6.3333 0.0500 -5.0000
v -6.3333 0.0500 -4.3333
v -6.3333 0.0500 -3.6667
v -6.3333 0.0500 -3.0000
v -5.6667 0.0500 -5.0000
v -5.6667 0.0500 -4.3333
v -5.6667 0.0500 -3.6667
v -5.6667 0.0500 -3.0000
v -5.0000 0.0500 -5.0000
v -5.0000 0.0500 -4.3333
v -5.0000 0.0500 -3.6667
v -5.0000 0.0500 -3.0000
v -7.0000 -0.0500 -3.0000
v -7.0000 -0.0500 -3.6667
v -7.0000 -0.0500 -4.3333
v -7.0000 -0.0500 -5.0000
v -6.3333 -0.0500 -3.0000
v -6.3333 -0.0500 -3.6667
v -6.3333 -0.0500 -4.3333
v -6.3333 -0.0500 -5.0000
v -5.6667 -0.0500 -3.0000
v -5.6667 -0.0500 -3.6667
v -5.6667 -0.0500 -4.3333
v -5.6667 -0.0500 -5.0000
v -5.0000 -0.0500 -3.0000
v -5.0000 -0.0500 -3.6667
v -5.0000 -0.0500 -4.3333
v -5.0000 -0.0500 -5.0000
f 769 770 774
f 769 774 773
f 770 771 775
f 770 775 774
f 771 772 776
f 771 776 775
f 773 774 778
f 773 778 777
f 774 775 779
f 774 779 778
f 775 776 780
f 775 780 779
f 777 778 782
f 777 782 781
f 778 779 783
f 778 783 782
f 779 780 784
f 779 784 783
f 785 786 790
f 785 790 789
f 786 787 791
f 786 791 790
f 787 788 792
f 787 792 791
f 789 790 794
f 789 794 793
f 790 791 795
f 790 795 794
f 791 792 796
f 791 796 795
f 793 794 798
f 793 798 797
f 794 795 799
f 794 799 798
f 795 796 800
f 795 800 799
f 801 802 806
f 801 806 805
f 802 803 807
f 802 807 806
f 803 804 808
f 803 808 807
f 805 806 810
f 805 810 809
f 806 807 811
f 806 811 810
f 807 808 812
f 807 812 811
f 809 810 814
f 809 814 813
f 810 811 815
f 810 815 814
f 811 812 816
f 811 816 815
f 817 818 822
f 817 822 821
f 818 819 823
f 818 823 822
f 819 820 824
f 819 824 823
f 821 822 826
f 821 826 825
f 822 823 827
f 822 827 826
f 823 824 828
f 823 828 827
f 825 826 830
f 825 830 829
f 826 827 831
f 826 831 830
f 827 828 832
f 827 832 831
f 833 834 838
f 833 838 837
f 834 835 839
f 834 839 838
f 835 836 840
f 835 840 839
f 837 838 842
f 837 842 841
f 838 839 843
f 838 843 842
f 839 840 844
f 839 844 843
f 841 842 846
f 841 846 845
f 842 843 847
f 842 847 846
f 843 844 848
f 843 848 847
f 849 850 854
f 849 854 853
f 850 851 855
f 850 855 854
f 851 852 856
f 851 856 855
f 853 854 858
f 853 858 857
f 854 855 859
f 854 859 858
f 855 856 860
f 855 860 859
f 857 858 862
f 857 862 861
f 858 859 863
f 858 863 862
f 859 860 864
f 859 864 863
g 바닥 타일_9
v -7.0000 -0.0500 -1.0000
v -7.0000 -0.0167 -1.0000
v -7.0000 0.0167 -1.0000
v -7.0000 0.0500 -1.0000
v -6.3333 -0.0500 -1.0000
v -6.3333 -0.0167 -1.0000
v -6.3333 0.0167 -1.0000
v -6.3333 0.0500 -1.0000
v -5.6667 -0.0500 -1.0000
v -5.6667 -0.0167 -1.0000
v -5.6667 0.0167 -1.0000
v -5.6667 0.0500 -1.0000
v -5.0000 -0.0500 -1.0000
v -5.0000 -0.0167 -1.0000
v -5.0000 0.0167 -1.0000
v -5.0000 0.0500 -1.0000
v -5.0000 -0.0500 -3.0000
v -5.0000 -0.0167 -3.0000
v -5.0000 0.0167 -3.0000
v -5.0000 0.0500 -3.0000
v -5.6667 -0.0500 -3.0000
v -5.6667 -0.0167 -3.0000
v -5.6667 0.0167 -3.0000
v -5.6667 0.0500 -3.0000
v -6.3333 -0.0500 -3.0000
v -6.3333 -0.0167 -3.0000
v -6.3333 0.0167 -3.0000
v -6.3333 0.0500 -3.0000
v -7.0000 -0.0500 -3.0000
v -7.0000 -0.0167 -3.0000
v -7.0000 0.0167 -3.0000
v -7.0000 0.0500 -3.0000
v -7.0000 -0.0500 -3.0000
v -7.0000 -0.0167 -3.0000
v -7.0000 0.0167 -3.0000
v -7.0000 0.0500 -3.0000
v -7.0000 -0.0500 -2.3333
v -7.0000 -0.0167 -2.3333
v -7.0000 0.0167 -2.3333
v -7.0000 0.0500 -2.3333
v -7.0000 -0.0500 -1.6667
v -7.0000 -0.0167 -1.6667
v -7.0000 0.0167 -1.6667
v -7.0000 0.0500 -1.6667
v -7.0000 -0.0500 -1.0000
v -7.0000 -0.0167 -1.0000
v -7.0000 0.0167 -1.0000
v -7.0000 0.0500 -1.0000
v -5.0000 -0.0500 -1.0000
v -5.0000 -0.0167 -1.0000
v -5.0000 0.0167 -1.0000
v -5.0000 0.0500 -1.0000
v -5.0000 -0.0500 -1.6667
v -5.0000 -0.0167 -1.6667
v -5.0000 0.0167 -1.6667
v -5.0000 0.0500 -1.6667
v -5.0000 -0.0500 -2.3333
v -5.0000 -0.0167 -2.3333
v -5.0000 0.0167 -2.3333
v -5.0000 0.0500 -2.3333
v -5.0000 -0.0500 -3.0000
v -5.0000 -0.0167 -3.0000
v -5.0000 0.0167 -3.0000
v -5.0000 0.0500 -3.0000
v -7.0000 0.0500 -3.0000
v -7.0000 0.0500 -2.3333
v -7.0000 0.0500 -1.6667
v -7.0000 0.0500 -1.0000
v -6.3333 0.0500 -3.0000
v -6.3333 0.0500 -2.3333
v -6.3333 0.0500 -1.6667
v -6.3333 0.0500 -1.0000
v -5.6667 0.0500 -3.0000
v -5.6667 0.0500 -2.3333
v -5.6667 0.0500 -1.6667
v -5.6667 0.0500 -1.0000
v -5.0000 0.0500 -3.0000
v -5.0000 0.0500 -2.3333
v -5.0000 0.0500 -1.6667
v -5.0000 0.0500 -1.0000
v -7.0000 -0.0500 -1.0000
v -7.0000 -0.0500 -1.6667
v -7.0000 -0.0500 -2.3333
v -7.0000 -0.0500 -3.0000
v -6.3333 -0.0500 -1.0000
v -6.3333 -0.0500 -1.6667
v -6.3333 -0.0500 -2.3333
v -6.3333 -0.0500 -3.0000
v -5.6667 -0.0500 -1.0000
v -5.6667 -0.0500 -1.6667
v -5.6667 -0.0500 -2.3333
v -5.6667 -0.0500 -3.0000
v -5.0000 -0.0500 -1.0000
v -5.0000 -0.0500 -1.6667
v -5.0000 -0.0500 -2.3333
v -5.0000 -0.0500 -3.0000
f 865 866 870
f 865 870 869
f 866 867 871
f 866 871 870
f 867 868 872
f 867 872 871
f 869 870 874
f 869 874 873
f 870 871 875
f 870 875 874
f 871 872 876
f 871 876 875
f 873 874 878
f 873 878 877
f 874 875 879
f 874 879 878
f 875 876 880
f 875 880 879
f 881 882 886
f 881 886 885
f 882 883 887
f 882 887 886
f 883 884 888
f 883 888 887
f 885 886 890
f 885 890 889
f 886 887 891
f 886 891 890
f 887 888 892
f 887 892 891
f 889 890 894
f 889 894 893
f 890 891 895
f 890 895 894
f 891 892 896
f 891 896 895
f 897 898 902
f 897 902 901
f 898 899 903
f 898 903 902
f 899 900 904
f 899 904 903
f 901 902 906
f 901 906 905
f 902 903 907
f 902 907 906
f 903 904 908
f 903 908 907
f 905 906 910
f 905 910 909
f 906 907 911
f 906 911 910
f 907 908 912
f 907 912 911
f 913 914 918
f 913 918 917
f 914 915 919
f 914 919 918
f 915 916 920
f 915 920 919
f 917 918 922
f 917 922 921
f 918 919 923
f 918 923 922
f 919 920 924
f 919 924 923
f 921 922 926
f 921 926 925
f 922 923 927
f 922 927 926
f 923 924 928
f 923 928 927
f 929 930 934
f 929 934 933
f 930 931 935
f 930 935 934
f 931 932 936
f 931 936 935
f 933 934 938
f 933 938 937
f 934 935 939
f 934 939 938
f 935 936 940
f 935 940 939
f 937 938 942
f 937 942 941
f 938 939 943
f 938 943 942
f 939 940 944
f 939 944 943
f 945 946 950
f 945 950 949
f 946 947 951
f 946 951 950
f 947 948 952
f 947 952 951
f 949 950 954
f 949 954 953
f 950 951 955
f 950 955 954
f 951 952 956
f 951 956 955
f 953 954 958
f 953 958 957
f 954 955 959
f 954 959 958
f 955 956 960
f 955 960 959
g 바닥 타일_10
v -7.0000 -0.0500 1.0000
v -7.0000 -0.0167 1.0000
v -7.0000 0.0167 1.0000
v -7.0000 0.0500 1.0000
v -6.3333 -0.0500 1.0000
v -6.3333 -0.0167 1.0000
v -6.3333 0.0167 1.0000
v -6.3333 0.0500 1.0000
v -5.6667 -0.0500 1.0000
v -5.6667 -0.0167 1.0000
v -5.6667 0.0167 1.0000
v -5.6667 0.0500 1.0000
v -5.0000 -0.0500 1.0000
v -5.0000 -0.0167 1.0000
v -5.0000 0.0167 1.0000
v -5.0000 0.0500 1.0000
v -5.0000 -0.0500 -1.0000
v -5.0000 -0.0167 -1.0000
v -5.0000 0.0167 -1.0000
v -5.0000 0.0500 -1.0000
v -5.6667 -0.0500 -1.0000
v -5.6667 -0.0167 -1.0000
v -5.6667 0.0167 -1.0000
v -5.6667 0.0500 -1.0000
v -6.3333 -0.0500 -1.0000
v -6.3333 -0.0167 -1.0000
v -6.3333 0.0167 -1.0000
v -6.3333 0.0500 -1.0000
v -7.0000 -0.0500 -1.0000
v -7.0000 -0.0167 -1.0000
v -7.0000 0.0167 -1.0000
v -7.0000 0.0500 -1.0000
v -7.0000 -0.0500 -1.0000
v -7.0000 -0.0167 -1.0000
v -7.0000 0.0167 -1.0000
v -7.0000 0.0500 -1.0000
v -7.0000 -0.0500 -0.3333
v -7.0000 -0.0167 -0.3333
v -7.0000 0.0167 -0.3333
v -7.0000 0.0500 -0.3333
v -7.0000 -0.0500 0.3333
v -7.0000 -0.0167 0.3333
v -7.0000 0.0167 0.3333
v -7.0000 0.0500 0.3333
v -7.0000 -0.0500 1.0000
v -7.0000 -0.0167 1.0000
v -7.0000 0.0167 1.0000
v -7.0000 0.0500 1.0000
v -5.0000 -0.0500 1.0000
v -5.0000 -0.0167 1.0000
v -5.0000 0.0167 1.0000
v -5.0000 0.0500 1.0000
v -5.0000 -0.0500 0.3333
v -5.0000 -0.0167 0.3333
v -5.0000 0.0167 0.3333
v -5.0000 0.0500 0.3333
v -5.0000 -0.0500 -0.3333
v -5.0000 -0.0167 -0.3333
v -5.0000 0.0167 -0.3333
v -5.0000 0.0500 -0.3333
v -5.0000 -0.0500 -1.0000
v -5.0000 -0.0167 -1.0000
v -5.0000 0.0167 -1.0000
v -5.0000 0.0500 -1.0000
v -7.0000 0.0500 -1.0000
v -7.0000 0.0500 -0.3333
v -7.0000 0.0500 0.3333
v -7.0000 0.0500 1.0000
v -6.3333 0.0500 -1.0000
v -6.3333 0.0500 -0.3333
v -6.3333 0.0500 0.3333
v -6.3333 0.0500 1.0000
v -5.6667 0.0500 -1.0000
v -5.6667 0.0500 -0.3333
v -5.6667 0.0500 0.3333
v -5.6667 0.0500 1.0000
v -5.0000 0.0500 -1.0000
v -5.0000 0.0500 -0.3333
v -5.0000 0.0500 0.3333
v -5.0000 0.0500 1.0000
v -7.0000 -0.0500 1.0000
v -7.0000 -0.0500 0.3333
v -7.0000 -0.0500 -0.3333
v -7.0000 -0.0500 -1.0000
v -6.3333 -0.0500 1.0000
v -6.3333 -0.0500 0.3333
v -6.3333 -0.0500 -0.3333
v -6.3333 -0.0500 -1.0000
v -5.6667 -0.0500 1.0000
v -5.6667 -0.0500 0.3333
v -5.6667 -0.0500 -0.3333
v -5.6667 -0.0500 -1.0000
v -5.0000 -0.0500 1.0000
v -5.0000 -0.0500 0.3333
v -5.0000 -0.0500 -0.3333
v -5.0000 -0.0500 -1.0000
f 961 962 966
f 961 966 965
f 962 963 967
f 962 967 966
f 963 964 968
f 963 968 967
f 965 966 970
f 965 970 969
f 966 967 971
f 966 971 970
f 967 968 972
f 967 972 971
f 969 970 974
f 969 974 973
f 970 971 975
f 970 975 974
f 971 972 976
f 971 976 975
f 977 978 982
f 977 982 981
f 978 979 983
f 978 983 982
f 979 980 984
f 979 984 983
f 981 982 986
f 981 986 985
f 982 983 987
f 982 987 986
f 983 984 988
f 983 988 987
f 985 986 990
f 985 990 989
f 986 987 991
f 986 991 990
f 987 988 992
f 987 992 991
f 993 994 998
f 993 998 997
f 994 995 999
f 994 999 998
f 995 996 1000
f 995 1000 999
f 997 998 1002
f 997 1002 1001
f 998 999 1003
f 998 1003 1002
f 999 1000 1004
f 999 1004 1003
f 1001 1002 1006
f 1001 1006 1005
f 1002 1003 1007
f 1002 1007 1006
f 1003 1004 1008
f 1003 1008 1007
f 1009 1010 1014
f 1009 1014 1013
f 1010 1011 1015
f 1010 1015 1014
f 1011 1012 1016
f 1011 1016 1015
f 1013 1014 1018
f 1013 1018 1017
f 1014 1015 1019
f 1014 1019 1018
f 1015 1016 1020
f 1015 1020 1019
f 1017 1018 1022
f 1017 1022 1021
f 1018 1019 1023
f 1018 1023 1022
f 1019 1020 1024
f 1019 1024 1023
f 1025 1026 1030
f 1025 1030 1029
f 1026 1027 1031
f 1026 1031 1030
f 1027 1028 1032
f 1027 1032 1031
f 1029 1030 1034
f 1029 1034 1033
f 1030 1031 1035
f 1030 1035 1034
f 1031 1032 1036
f 1031 1036 1035
f 1033 1034 1038
f 1033 1038 1037
f 1034 1035 1039
f 1034 1039 1038
f 1035 1036 1040
f 1035 1040 1039
f 1041 1042 1046
f 1041 1046 1045
f 1042 1043 1047
f 1042 1047 1046
f 1043 1044 1048
f 1043 1048 1047
f 1045 1046 1050
f 1045 1050 1049
f 1046 1047 1051
f 1046 1051 1050
f 1047 1048 1052
f 1047 1052 1051
f 1049 1050 1054
f 1049 1054 1053
f 1050 1051 1055
f 1050 1055 1054
f 1051 1052 1056
f 1051 1056 1055
g 바닥 타일_11
v -7.0000 -0.0500 3.0000
v -7.0000 -0.0167 3.0000
v -7.0000 0.0167 3.0000
v -7.0000 0.0500 3.0000
v -6.3333 -0.0500 3.0000
v -6.3333 -0.0167 3.0000
v -6.3333 0.0167 3.0000
v -6.3333 0.0500 3.0000
v -5.6667 -0.0500 3.0000
v -5.6667 -0.0167 3.0000
v -5.6667 0.0167 3.0000
v -5.6667 0.0500 3.0000
v -5.0000 -0.0500 3.0000
v -5.0000 -0.0167 3.0000
v -5.0000 0.0167 3.0000
v -5.0000 0.0500 3.0000
v -5.0000 -0.0500 1.0000
v -5.0000 -0.0167 1.0000
v -5.0000 0.0167 1.0000
v -5.0000 0.0500 1.0000
v -5.6667 -0.0500 1.0000
v -5.6667 -0.0167 1.0000
v -5.6667 0.0167 1.0000
v -5.6667 0.0500 1.0000
v -6.3333 -0.0500 1.0000
v -6.3333 -0.0167 1.0000
v -6.3333 0.0167 1.0000
v -6.3333 0.0500 1.0000
v -7.0000 -0.0500 1.0000
v -7.0000 -0.0167 1.0000
v -7.0000 0.0167 1.0000
v -7.0000 0.0500 1.0000
v -7.0000 -0.0500 1.0000
v -7.0000 -0.0167 1.0000
v -7.0000 0.0167 1.0000
v -7.0000 0.0500 1.0000
v -7.0000 -0.0500 1.6667
v -7.0000 -0.0167 1.6667
v -7.0000 0.0167 1.6667
v -7.0000 0.0500 1.6667
v -7.0000 -0.0500 2.3333
v -7.0000 -0.0167 2.3333
v -7.0000 0.0167 2.3333
v -7.0000 0.0500 2.3333
v -7.0000 -0.0500 3.0000
v -7.0000 -0.0167 3.0000
v -7.0000 0.0167 3.0000
v -7.0000 0.0500 3.0000
v -5.0000 -0.0500 3.0000
v -5.0000 -0.0167 3.0000
v -5.0000 0.0167 3.0000
v -5.0000 0.0500 3.0000
v -5.0000 -0.0500 2.3333
v -5.0000 -0.0167 2.3333
v -5.0000 0.0167 2.3333
v -5.0000 0.0500 2.3333
v -5.0000 -0.0500 1.6667
v -5.0000 -0.0167 1.6667
v -5.0000 0.0167 1.6667
v -5.0000 0.0500 1.6667
v -5.0000 -0.0500 1.0000
v -5.0000 -0.0167 1.0000
v -5.0000 0.0167 1.0000
v -5.0000 0.0500 1.0000
v -7.0000 0.0500 1.0000
v -7.0000 0.0500 1.6667
v -7.0000 0.0500 2.3333
v -7.0000 0.0500 3.0000
v -6.3333 0.0500 1.0000
v -6.3333 0.0500 1.6667
v -6.3333 0.0500 2.3333
v -6.3333 0.0500 3.0000
v -5.6667 0.0500 1.0000
v -5.6667 0.0500 1.6667
v -5.6667 0.0500 2.3333
v -5.6667 0.0500 3.0000
v -5.0000 0.0500 1.0000
v -5.0000 0.0500 1.6667
v -5.0000 0.0500 2.3333
v -5.0000 0.0500 3.0000
v -7.0000 -0.0500 3.0000
v -7.0000 -0.0500 2.3333
v -7.0000 -0.0500 1.6667
v -7.0000 -0.0500 1.0000
v -6.3333 -0.0500 3.0000
v -6.3333 -0.0500 2.3333
v -6.3333 -0.0500 1.6667
v -6.3333 -0.0500 1.0000
v -5.6667 -0.0500 3.0000
v -5.6667 -0.0500 2.3333
v -5.6667 -0.0500 1.6667
v -5.6667 -0.0500 1.0000
v -5.0000 -0.0500 3.0000
v -5.0000 -0.0500 2.3333
v -5.0000 -0.0500 1.6667
v -5.0000 -0.0500 1.0000
f 1057 1058 1062
f 1057 1062 1061
f 1058 1059 1063
f 1058 1063 1062
f 1059 1060 1064
f 1059 1064 1063
f 1061 1062 1066
f 1061 1066 1065
f 1062 1063 1067
f 1062 1067 1066
f 1063 1064 1068
f 1063 1068 1067
f 1065 1066 1070
f 1065 1070 1069
f 1066 1067 1071
f 1066 1071 1070
f 1067 1068 1072
f 1067 1072 1071
f 1073 1074 1078
f 1073 1078 1077
f 1074 1075 1079
f 1074 1079 1078
f 1075 1076 1080
f 1075 1080 1079
f 1077 1078 1082
f 1077 1082 1081
f 1078 1079 1083
f 1078 1083 1082
f 1079 1080 1084
f 1079 1084 1083
f 1081 1082 1086
f 1081 1086 1085
f 1082 1083 1087
f 1082 1087 1086
f 1083 1084 1088
f 1083 1088 1087
f 1089 1090 1094
f 1089 1094 1093
f 1090 1091 1095
f 1090 1095 1094
f 1091 1092 1096
f 1091 1096 1095
f 1093 1094 1098
f 1093 1098 1097
f 1094 1095 1099
f 1094 1099 1098
f 1095 1096 1100
f 1095 1100 1099
f 1097 1098 1102
f 1097 1102 1101
f 1098 1099 1103
f 1098 1103 1102
f 1099 1100 1104
f 1099 1104 1103
f 1105 1106 1110
f 1105 1110 1109
f 1106 1107 1111
f 1106 1111 1110
f 1107 1108 1112
f 1107 1112 1111
f 1109 1110 1114
f 1109 1114 1113
f 1110 1111 1115
f 1110 1115 1114
f 1111 1112 1116
f 1111 1116 1115
f 1113 1114 1118
f 1113 1118 1117
f 1114 1115 1119
f 1114 1119 1118
f 1115 1116 1120
f 1115 1120 1119
f 1121 1122 1126
f 1121 1126 1125
f 1122 1123 1127
f 1122 1127 1126
f 1123 1124 1128
f 1123 1128 1127
f 1125 1126 1130
f 1125 1130 1129
f 1126 1127 1131
f 1126 1131 1130
f 1127 1128 1132
f 1127 1132 1131
f 1129 1130 1134
f 1129 1134 1133
f 1130 1131 1135
f 1130 1135 1134
f 1131 1132 1136
f 1131 1136 1135
f 1137 1138 1142
f 1137 1142 1141
f 1138 1139 1143
f 1138 1143 1142
f 1139 1140 1144
f 1139 1144 1143
f 1141 1142 1146
f 1141 1146 1145
f 1142 1143 1147
f 1142 1147 1146
f 1143 1144 1148
f 1143 1148 1147
f 1145 1146 1150
f 1145 1150 1149
f 1146 1147 1151
f 1146 1151 1150
f 1147 1148 1152
f 1147 1152 1151
g 바닥 타일_12
v -7.0000 -0.0500 5.0000
v -7.0000 -0.0167 5.0000
v -7.0000 0.0167 5.0000
v -7.0000 0.0500 5.0000
v -6.3333 -0.0500 5.0000
v -6.3333 -0.0167 5.0000
v -6.3333 0.0167 5.0000
v -6.3333 0.0500 5.0000
v -5.6667 -0.0500 5.0000
v -5.6667 -0.0167 5.0000
v -5.6667 0.0167 5.0000
v -5.6667 0.0500 5.0000
v -5.0000 -0.0500 5.0000
v -5.0000 -0.0167 5.0000
v -5.0000 0.0167 5.0000
v -5.0000 0.0500 5.0000
v -5.0000 -0.0500 3.0000
v -5.0000 -0.0167 3.0000
v -5.0000 0.0167 3.0000
v -5.0000 0.0500 3.0000
v -5.6667 -0.0500 3.0000
v -5.6667 -0.0167 3.0000
v -5.6667 0.0167 3.0000
v -5.6667 0.0500 3.0000
v -6.3333 -0.0500 3.0000
v -6.3333 -0.0167 3.0000
v -6.3333 0.0167 3.0000
v -6.3333 0.0500 3.0000
v -7.0000 -0.0500 3.0000
v -7.0000 -0.0167 3.0000
v -7.0000 0.0167 3.0000
v -7.0000 0.0500 3.0000
v -7.0000 -0.0500 3.0000
v -7.0000 -0.0167 3.0000
v -7.0000 0.0167 3.0000
v -7.0000 0.0500 3.0000
v -7.0000 -0.0500 3.6667
v -7.0000 -0.0167 3.6667
v -7.0000 0.0167 3.6667
v -7.0000 0.0500 3.6667
v -7.0000 -0.0500 4.3333
v -7.0000 -0.0167 4.3333
v -7.0000 0.0167 4.3333
v -7.0000 0.0500 4.3333
v -7.0000 -0.0500 5.0000
v -7.0000 -0.0167 5.0000
v -7.0000 0.0167 5.0000
v -7.0000 0.0500 5.0000
v -5.0000 -0.0500 5.0000
v -5.0000 -0.0167 5.0000
v -5.0000 0.0167 5.0000
v -5.0000 0.0500 5.0000
v -5.0000 -0.0500 4.3333
v -5.0000 -0.0167 4.3333
v -5.0000 0.0167 4.3333
v -5.0000 0.0500 4.3333
v -5.0000 -0.0500 3.6667
v -5.0000 -0.0167 3.6667
v -5.0000 0.0167 3.6667
v -5.0000 0.0500 3.6667
v -5.0000 -0.0500 3.0000
v -5.0000 -0.0167 3.0000
v -5.0000 0.0167 3.0000
v -5.0000 0.0500 3.0000
v -7.0000 0.0500 3.0000
v -7.0000 0.0500 3.6667
v -7.0000 0.0500 4.3333
v -7.0000 0.0500 5.0000
v -6.3333 0.0500 3.0000
v -6.3333 0.0500 3.6667
v -6.3333 0.0500 4.3333
v -6.3333 0.0500 5.0000
v -5.6667 0.0500 3.0000
v -5.6667 0.0500 3.6667
v -5.6667 0.0500 4.3333
v -5.6667 0.0500 5.0000
v -5.0000 0.0500 3.0000
v -5.0000 0.0500 3.6667
v -5.0000 0.0500 4.3333
v -5.0000 0.0500 5.0000
v -7.0000 -0.0500 5.0000
v -7.0000 -0.0500 4.3333
v -7.0000 -0.0500 3.6667
v -7.0000 -0.0500 3.0000
v -6.3333 -0.0500 5.0000
v -6.3333 -0.0500 4.3333
v -6.3333 -0.0500 3.6667
v -6.3333 -0.0500 3.0000
v -5.6667 -0.0500 5.0000
v -5.6667 -0.0500 4.3333
v -5.6667 -0.0500 3.6667
v -5.6667 -0.0500 3.0000
v -5.0000 -0.0500 5.0000
v -5.0000 -0.0500 4.3333
v -5.0000 -0.0500 3.6667
v -5.0000 -0.0500 3.0000
f 1153 1154 1158
f 1153 1158 1157
f 1154 1155 1159
f 1154 1159 1158
f 1155 1156 1160
f 1155 1160 1159
f 1157 1158 1162
f 1157 1162 1161
f 1158 1159 1163
f 1158 1163 1162
f 1159 1160 1164
f 1159 1164 1163
f 1161 1162 1166
f 1161 1166 1165
f 1162 1163 1167
f 1162 1167 1166
f 1163 1164 1168
f 1163 1168 1167
f 1169 1170 1174
f 1169 1174 1173
f 1170 1171 1175
f 1170 1175 1174
f 1171 1172 1176
f 1171 1176 1175
f 1173 1174 1178
f 1173 1178 1177
f 1174 1175 1179
f 1174 1179 1178
f 1175 1176 1180
f 1175 1180 1179
f 1177 1178 1182
f 1177 1182 1181
f 1178 1179 1183
f 1178 1183 1182
f 1179 1180 1184
f 1179 1184 1183
f 1185 1186 1190
f 1185 1190 1189
f 1186 1187 1191
f 1186 1191 1190
f 1187 1188 1192
f 1187 1192 1191
f 1189 1190 1194
f 1189 1194 1193
f 1190 1191 1195
f 1190 1195 1194
f 1191 1192 1196
f 1191 1196 1195
f 1193 1194 1198
f 1193 1198 1197
f 1194 1195 1199
f 1194 1199 1198
f 1195 1196 1200
f 1195 1200 1199
f 1201 1202 1206
f 1201 1206 1205
f 1202 1203 1207
f 1202 1207 1206
f 1203 1204 1208
f 1203 1208 1207
f 1205 1206 1210
f 1205 1210 1209
f 1206 1207 1211
f 1206 1211 1210
f 1207 1208 1212
f 1207 1212 1211
f 1209 1210 1214
f 1209 1214 1213
f 1210 1211 1215
f 1210 1215 1214
f 1211 1212 1216
f 1211 1216 1215
f 1217 1218 1222
f 1217 1222 1221
f 1218 1219 1223
f 1218 1223 1222
f 1219 1220 1224
f 1219 1224 1223
f 1221 1222 1226
f 1221 1226 1225
f 1222 1223 1227
f 1222 1227 1226
f 1223 1224 1228
f 1223 1228 1227
f 1225 1226 1230
f 1225 1230 1229
f 1226 1227 1231
f 1226 1231 1230
f 1227 1228 1232
f 1227 1232 1231
f 1233 1234 1238
f 1233 1238 1237
f 1234 1235 1239
f 1234 1239 1238
f 1235 1236 1240
f 1235 1240 1239
f 1237 1238 1242
f 1237 1242 1241
f 1238 1239 1243
f 1238 1243 1242
f 1239 1240 1244
f 1239 1244 1243
f 1241 1242 1246
f 1241 1246 1245
f 1242 1243 1247
f 1242 1247 1246
f 1243 1244 1248
f 1243 1248 1247
g 바닥 타일_13
v -7.0000 -0.0500 7.0000
v -7.0000 -0.0167 7.0000
v -7.0000 0.0167 7.0000
v -7.0000 0.0500 7.0000
v -6.3333 -0.0500 7.0000
v -6.3333 -0.0167 7.0000
v -6.3333 0.0167 7.0000
v -6.3333 0.0500 7.0000
v -5.6667 -0.0500 7.0000
v -5.6667 -0.0167 7.0000
v -5.6667 0.0167 7.0000
v -5.6667 0.0500 7.0000
v -5.0000 -0.0500 7.0000
v -5.0000 -0.0167 7.0000
v -5.0000 0.0167 7.0000
v -5.0000 0.0500 7.0000
v -5.0000 -0.0500 5.0000
v -5.0000 -0.0167 5.0000
v -5.0000 0.0167 5.0000
v -5.0000 0.0500 5.0000
v -5.6667 -0.0500 5.0000
v -5.6667 -0.0167 5.0000
v -5.6667 0.0167 5.0000
v -5.6667 0.0500 5.0000
v -6.3333 -0.0500 5.0000
v -6.3333 -0.0167 5.0000
v -6.3333 0.0167 5.0000
v -6.3333 0.0500 5.0000
v -7.0000 -0.0500 5.0000
v -7.0000 -0.0167 5.0000
v -7.0000 0.0167 5.0000
v -7.0000 0.0500 5.0000
v -7.0000 -0.0500 5.0000
v -7.0000 -0.0167 5.0000
v -7.0000 0.0167 5.0000
v -7.0000 0.0500 5.0000
v -7.0000 -0.0500 5.6667
v -7.0000 -0.0167 5.6667
v -7.0000 0.0167 5.6667
v -7.0000 0.0500 5.6667
v -7.0000 -0.0500 6.3333
v -7.0000 -0.0167 6.3333
v -7.0000 0.0167 6.3333
v -7.0000 0.0500 6.3333
v -7.0000 -0.0500 7.0000
v -7.0000 -0.0167 7.0000
v -7.0000 0.0167 7.0000
v -7.0000 0.0500 7.0000
v -5.0000 -0.0500 7.0000
v -5.0000 -0.0167 7.0000
v -5.0000 0.0167 7.0000
v -5.0000 0.0500 7.0000
v -5.0000 -0.0500 6.3333
v -5.0000 -0.0167 6.3333
v -5.0000 0.0167 6.3333
v -5.0000 0.0500 6.3333
v -5.0000 -0.0500 5.6667
v -5.0000 -0.0167 5.6667
v -5.0000 0.0167 5.6667
v -5.0000 0.0500 5.6667
v -5.0000 -0.0500 5.0000
v -5.0000 -0.0167 5.0000
v -5.0000 0.0167 5.0000
v -5.0000 0.0500 5.0000
v -7.0000 0.0500 5.0000
v -7.0000 0.0500 5.6667
v -7.0000 0.0500 6.3333
v -7.0000 0.0500 7.0000
v -6.3333 0.0500 5.0000
v -6.3333 0.0500 5.6667
v -6.3333 0.0500 6.3333
v -6.3333 0.0500 7.0000
v -5.6667 0.0500 5.0000
v -5.6667 0.0500 5.6667
v -5.6667 0.0500 6.3333
v -5.6667 0.0500 7.0000
v -5.0000 0.0500 5.0000
v -5.0000 0.0500 5.6667
v -5.0000 0.0500 6.3333
v -5.0000 0.0500 7.0000
v -7.0000 -0.0500 7.0000
v -7.0000 -0.0500 6.3333
v -7.0000 -0.0500 5.6667
v -7.0000 -0.0500 5.0000
v -6.3333 -0.0500 7.0000
v -6.3333 -0.0500 6.3333
v -6.3333 -0.0500 5.6667
v -6.3333 -0.0500 5.0000
v -5.6667 -0.0500 7.0000
v -5.6667 -0.0500 6.3333
v -5.6667 -0.0500 5.6667
v -5.6667 -0.0500 5.0000
v -5.0000 -0.0500 7.0000
v -5.0000 -0.0500 6.3333
v -5.0000 -0.0500 5.6667
v -5.0000 -0.0500 5.0000
f 1249 1250 1254
f 1249 1254 1253
f 1250 1251 1255
f 1250 1255 1254
f 1251 1252 1256
f 1251 1256 1255
f 1253 1254 1258
f 1253 1258 1257
f 1254 1255 1259
f 1254 1259 1258
f 1255 1256 1260
f 1255 1260 1259
f 1257 1258 1262
f 1257 1262 1261
f 1258 1259 1263
f 1258 1263 1262
f 1259 1260 1264
f 1259 1264 1263
f 1265 1266 1270
f 1265 1270 1269
f 1266 1267 1271
f 1266 1271 1270
f 1267 1268 1272
f 1267 1272 1271
f 1269 1270 1274
f 1269 1274 1273
f 1270 1271 1275
f 1270 1275 1274
f 1271 1272 1276
f 1271 1276 1275
f 1273 1274 1278
f 1273 1278 1277
f 1274 1275 1279
f 1274 1279 1278
f 1275 1276 1280
f 1275 1280 1279
f 1281 1282 1286
f 1281 1286 1285
f 1282 1283 1287
f 1282 1287 1286
f 1283 1284 1288
f 1283 1288 1287
f 1285 1286 1290
f 1285 1290 1289
f 1286 1287 1291
f 1286 1291 1290
f 1287 1288 1292
f 1287 1292 1291
f 1289 1290 1294
f 1289 1294 1293
f 1290 1291 1295
f 1290 1295 1294
f 1291 1292 1296
f 1291 1296 1295
f 1297 1298 1302
f 1297 1302 1301
f 1298 1299 1303
f 1298 1303 1302
f 1299 1300 1304
f 1299 1304 1303
f 1301 1302 1306
f 1301 1306 1305
f 1302 1303 1307
f 1302 1307 1306
f 1303 1304 1308
f 1303 1308 1307
f 1305 1306 1310
f 1305 1310 1309
f 1306 1307 1311
f 1306 1311 1310
f 1307 1308 1312
f 1307 1312 1311
f 1313 1314 1318
f 1313 1318 1317
f 1314 1315 1319
f 1314 1319 1318
f 1315 1316 1320
f 1315 1320 1319
f 1317 1318 1322
f 1317 1322 1321
f 1318 1319 1323
f 1318 1323 1322
f 1319 1320 1324
f 1319 1324 1323
f 1321 1322 1326
f 1321 1326 1325
f 1322 1323 1327
f 1322 1327 1326
f 1323 1324 1328
f 1323 1328 1327
f 1329 1330 1334
f 1329 1334 1333
f 1330 1331 1335
f 1330 1335 1334
f 1331 1332 1336
f 1331 1336 1335
f 1333 1334 1338
f 1333 1338 1337
f 1334 1335 1339
f 1334 1339 1338
f 1335 1336 1340
f 1335 1340 1339
f 1337 1338 1342
f 1337 1342 1341
f 1338 1339 1343
f 1338 1343 1342
f 1339 1340 1344
f 1339 1344 1343
g 바닥 타일_14
v -5.0000 -0.0500 -5.0000
v -5.0000 -0.0167 -5.0000
v -5.0000 0.0167 -5.0000
v -5.0000 0.0500 -5.0000
v -4.3333 -0.0500 -5.0000
v -4.3333 -0.0167 -5.0000
v -4.3333 0.0167 -5.0000
v -4.3333 0.0500 -5.0000
v -3.6667 -0.0500 -5.0000
v -3.6667 -0.0167 -5.0000
v -3.6667 0.0167 -5.0000
v -3.6667 0.0500 -5.0000
v -3.0000 -0.0500 -5.0000
v -3.0000 -0.0167 -5.0000
v -3.0000 0.0167 -5.0000
v -3.0000 0.0500 -5.0000
v -3.0000 -0.0500 -7.0000
v -3.0000 -0.0167 -7.0000
v -3.0000 0.0167 -7.0000
v -3.0000 0.0500 -7.0000
v -3.6667 -0.0500 -7.0000
v -3.6667 -0.0167 -7.0000
v -3.6667 0.0167 -7.0000
v -3.6667 0.0500 -7.0000
v -4.3333 -0.0500 -7.0000
v -4.3333 -0.0167 -7.0000
v -4.3333 0.0167 -7.0000
v -4.3333 0.0500 -7.0000
v -5.0000 -0.0500 -7.0000
v -5.0000 -0.0167 -7.0000
v -5.0000 0.0167 -7.0000
v -5.0000 0.0500 -7.0000
v -5.0000 -0.0500 -7.0000
v -5.0000 -0.0167 -7.0000
v -5.0000 0.0167 -7.0000
v -5.0000 0.0500 -7.0000
v -5.0000 -0.0500 -6.3333
v -5.0000 -0.0167 -6.3333
v -5.0000 0.0167 -6.3333
v -5.0000 0.0500 -6.3333
v -5.0000 -0.0500 -5.6667
v -5.0000 -0.0167 -5.6667
v -5.0000 0.0167 -5.6667
v -5.0000 0.0500 -5.6667
v -5.0000 -0.0500 -5.0000
v -5.0000 -0.0167 -5.0000
v -5.0000 0.0167 -5.0000
v -5.0000 0.0500 -5.0000
v -3.0000 -0.0500 -5.0000
v -3.0000 -0.0167 -5.0000
v -3.0000 0.0167 -5.0000
v -3.0000 0.0500 -5.0000
v -3.0000 -0.0500 -5.6667
v -3.0000 -0.0167 -5.6667
v -3.0000 0.0167 -5.6667
v -3.0000 0.0500 -5.6667
v -3.0000 -0.0500 -6.3333
v -3.0000 -0.0167 -6.3333
v -3.0000 0.0167 -6.3333
v -3.0000 0.0500 -6.3333
v -3.0000 -0.0500 -7.0000
v -3.0000 -0.0167 -7.0000
v -3.0000 0.0167 -7.0000
v -3.0000 0.0500 -7.0000
v -5.0000 0.0500 -7.0000
v -5.0000 0.0500 -6.3333
v -5.0000 0.0500 -5.6667
v -5.0000 0.0500 -5.0000
v -4.3333 0.0500 -7.0000
v -4.3333 0.0500 -6.3333
v -4.3333 0.0500 -5.6667
v -4.3333 0.0500 -5.0000
v -3.6667 0.0500 -7.0000
v -3.6667 0.0500 -6.3333
v -3.6667 0.0500 -5.6667
v -3.6667 0.0500 -5.0000
v -3.0000 0.0500 -7.0000
v -3.0000 0.0500 -6.3333
v -3.0000 0.0500 -5.6667
v -3.0000 0.0500 -5.0000
v -5.0000 -0.0500 -5.0000
v -5.0000 -0.0500 -5.6667
v -5.0000 -0.0500 -6.3333
v -5.0000 -0.0500 -7.0000
v -4.3333 -0.0500 -5.0000
v -4.3333 -0.0500 -5.6667
v -4.3333 -0.0500 -6.3333
v -4.3333 -0.0500 -7.0000
v -3.6667 -0.0500 -5.0000
v -3.6667 -0.0500 -5.6667
v -3.6667 -0.0500 -6.3333
v -3.6667 -0.0500 -7.0000
v -3.0000 -0.0500 -5.0000
v -3.0000 -0.0500 -5.6667
v -3.0000 -0.0500 -6.3333
v -3.0000 -0.0500 -7.0000
f 1345 1346 1350
f 1345 1350 1349
f 1346 1347 1351
f 1346 1351 1350
f 1347 1348 1352
f 1347 1352 1351
f 1349 1350 1354
f 1349 1354 1353
f 1350 1351 1355
f 1350 1355 1354
f 1351 1352 1356
f 1351 1356 1355
f 1353 1354 1358
f 1353 1358 1357
f 1354 1355 1359
f 1354 1359 1358
f 1355 1356 1360
f 1355 1360 1359
f 1361 1362 1366
f 1361 1366 1365
f 1362 1363 1367
f 1362 1367 1366
f 1363 1364 1368
f 1363 1368 1367
f 1365 1366 1370
f 1365 1370 1369
f 1366 1367 1371
f 1366 1371 1370
f 1367 1368 1372
f 1367 1372 1371
f 1369 1370 1374
f 1369 1374 1373
f 1370 1371 1375
f 1370 1375 1374
f 1371 1372 1376
f 1371 1376 1375
f 1377 1378 1382
f 1377 1382 1381
f 1378 1379 1383
f 1378 1383 1382
f 1379 1380 1384
f 1379 1384 1383
f 1381 1382 1386
f 1381 1386 1385
f 1382 1383 1387
f 1382 1387 1386
f 1383 1384 1388
f 1383 1388 1387
f 1385 1386 1390
f 1385 1390 1389
f 1386 1387 1391
f 1386 1391 1390
f 1387 1388 1392
f 1387 1392 1391
f 1393 1394 1398
f 1393 1398 1397
f 1394 1395 1399
f 1394 1399 1398
f 1395 1396 1400
f 1395 1400 1399
f 1397 1398 1402
f 1397 1402 1401
f 1398 1399 1403
f 1398 1403 1402
f 1399 1400 1404
f 1399 1404 1403
f 1401 1402 1406
f 1401 1406 1405
f 1402 1403 1407
f 1402 1407 1406
f 1403 1404 1408
f 1403 1408 1407
f 1409 1410 1414
f 1409 1414 1413
f 1410 1411 1415
f 1410 1415 1414
f 1411 1412 1416
f 1411 1416 1415
f 1413 1414 1418
f 1413 1418 1417
f 1414 1415 1419
f 1414 1419 1418
f 1415 1416 1420
f 1415 1420 1419
f 1417 1418 1422
f 1417 1422 1421
f 1418 1419 1423
f 1418 1423 1422
f 1419 1420 1424
f 1419 1424 1423
f 1425 1426 1430
f 1425 1430 1429
f 1426 1427 1431
f 1426 1431 1430
f 1427 1428 1432
f 1427 1432 1431
f 1429 1430 1434
f 1429 1434 1433
f 1430 1431 1435
f 1430 1435 1434
f 1431 1432 1436
f 1431 1436 1435
f 1433 1434 1438
f 1433 1438 1437
f 1434 1435 1439
f 1434 1439 1438
f 1435 1436 1440
f 1435 1440 1439
g 바닥 타일_15
v -5.0000 -0.0500 -3.0000
v -5.0000 -0.0167 -3.0000
v -5.0000 0.0167 -3.0000
v -5.0000 0.0500 -3.0000
v -4.3333 -0.0500 -3.0000
v -4.3333 -0.0167 -3.0000
v -4.3333 0.0167 -3.0000
v -4.3333 0.0500 -3.0000
v -3.6667 -0.0500 -3.0000
v -3.6667 -0.0167 -3.0000
v -3.6667 0.0167 -3.0000
v -3.6667 0.0500 -3.0000
v -3.0000 -0.0500 -3.0000
v -3.0000 -0.0167 -3.0000
v -3.0000 0.0167 -3.0000
v -3.0000 0.0500 -3.0000
v -3.0000 -0.0500 -5.0000
v -3.0000 -0.0167 -5.0000
v -3.0000 0.0167 -5.0000
v -3.0000 0.0500 -5.0000
v -3.6667 -0.0500 -5.0000
v -3.6667 -0.0167 -5.0000
v -3.6667 0.0167 -5.0000
v -3.6667 0.0500 -5.0000
v -4.3333 -0.0500 -5.0000
v -4.3333 -0.0167 -5.0000
v -4.3333 0.0167 -5.0000
v -4.3333 0.0500 -5.0000
v -5.0000 -0.0500 -5.0000
v -5.0000 -0.0167 -5.0000
v -5.0000 0.0167 -5.0000
v -5.0000 0.0500 -5.0000
v -5.0000 -0.0500 -5.0000
v -5.0000 -0.0167 -5.0000
v -5.0000 0.0167 -5.0000
v -5.0000 0.0500 -5.0000
v -5.0000 -0.0500 -4.3333
v -5.0000 -0.0167 -4.3333
v -5.0000 0.0167 -4.3333
v -5.0000 0.0500 -4.3333
v -5.0000 -0.0500 -3.6667
v -5.0000 -0.0167 -3.6667
v -5.0000 0.0167 -3.6667
v -5.0000 0.0500 -3.6667
v -5.0000 -0.0500 -3.0000
v -5.0000 -0.0167 -3.0000
v -5.0000 0.0167 -3.0000
v -5.0000 0.0500 -3.0000
v -3.0000 -0.0500 -3.0000
v -3.0000 -0.0167 -3.0000
v -3.0000 0.0167 -3.0000
v -3.0000 0.0500 -3.0000
v -3.0000 -0.0500 -3.6667
v -3.0000 -0.0167 -3.6667
v -3.0000 0.0167 -3.6667
v -3.0000 0.0500 -3.6667
v -3.0000 -0.0500 -4.3333
v -3.0000 -0.0167 -4.3333
v -3.0000 0.0167 -4.3333
v -3.0000 0.0500 -4.3333
v -3.0000 -0.0500 -5.0000
v -3.0000 -0.0167 -5.0000
v -3.0000 0.0167 -5.0000
v -3.0000 0.0500 -5.0000
v -5.0000 0.0500 -5.0000
v -5.0000 0.0500 -4.3333
v -5.0000 0.0500 -3.6667
v -5.0000 0.0500 -3.0000
v -4.3333 0.0500 -5.0000
v -4.3333 0.0500 -4.3333
v -4.3333 0.0500 -3.6667
v -4.3333 0.0500 -3.0000
v -3.6667 0.0500 -5.0000
v -3.6667 0.0500 -4.3333
v -3.6667 0.0500 -3.6667
v -3.6667 0.0500 -3.0000
v -3.0000 0.0500 -5.0000
v -3.0000 0.0500 -4.3333
v -3.0000 0.0500 -3.6667
v -3.0000 0.0500 -3.0000
v -5.0000 -0.0500 -3.0000
v -5.0000 -0.0500 -3.6667
v -5.0000 -0.0500 -4.3333
v -5.0000 -0.0500 -5.0000
v -4.3333 -0.0500 -3.0000
v -4.3333 -0.0500 -3.6667
v -4.3333 -0.0500 -4.3333
v -4.3333 -0.0500 -5.0000
v -3.6667 -0.0500 -3.0000
v -3.6667 -0.0500 -3.6667
v -3.6667 -0.0500 -4.3333
v -3.6667 -0.0500 -5.0000
v -3.0000 -0.0500 -3.0000
v -3.0000 -0.0500 -3.6667
v -3.0000 -0.0500 -4.3333
v -3.0000 -0.0500 -5.0000
f 1441 1442 1446
f 1441 1446 1445
f 1442 1443 1447
f 1442 1447 1446
f 1443 1444 1448
f 1443 1448 1447
f 1445 1446 1450
f 1445 1450 1449
f 1446 1447 1451
f 1446 1451 1450
f 1447 1448 1452
f 1447 1452 1451
f 1449 1450 1454
f 1449 1454 1453
f 1450 1451 1455
f 1450 1455 1454
f 1451 1452 1456
f 1451 1456 1455
f 1457 1458 1462
f 1457 1462 1461
f 1458 1459 1463
f 1458 1463 1462
f 1459 1460 1464
f 1459 1464 1463
f 1461 1462 1466
f 1461 1466 1465
f 1462 1463 1467
f 1462 1467 1466
f 1463 1464 1468
f 1463 1468 1467
f 1465 1466 1470
f 1465 1470 1469
f 1466 1467 1471
f 1466 1471 1470
f 1467 1468 1472
f 1467 1472 1471
f 1473 1474 1478
f 1473 1478 1477
f 1474 1475 1479
f 1474 1479 1478
f 1475 1476 1480
f 1475 1480 1479
f 1477 1478 1482
f 1477 1482 1481
f 1478 1479 1483
f 1478 1483 1482
f 1479 1480 1484
f 1479 1484 1483
f 1481 1482 1486
f 1481 1486 1485
f 1482 1483 1487
f 1482 1487 1486
f 1483 1484 1488
f 1483 1488 1487
f 1489 1490 1494
f 1489 1494 1493
f 1490 1491 1495
f 1490 1495 1494
f 1491 1492 1496
f 1491 1496 1495
f 1493 1494 1498
f 1493 1498 1497
f 1494 1495 1499
f 1494 1499 1498
f 1495 1496 1500
f 1495 1500 1499
f 1497 1498 1502
f 1497 1502 1501
f 1498 1499 1503
f 1498 1503 1502
f 1499 1500 1504
f 1499 1504 1503
f 1505 1506 1510
f 1505 1510 1509
f 1506 1507 1511
f 1506 1511 1510
f 1507 1508 1512
f 1507 1512 1511
f 1509 1510 1514
f 1509 1514 1513
f 1510 1511 1515
f 1510 1515 1514
f 1511 1512 1516
f 1511 1516 1515
f 1513 1514 1518
f 1513 1518 1517
f 1514 1515 1519
f 1514 1519 1518
f 1515 1516 1520
f 1515 1520 1519
f 1521 1522 1526
f 1521 1526 1525
f 1522 1523 1527
f 1522 1527 1526
f 1523 1524 1528
f 1523 1528 1527
f 1525 1526 1530
f 1525 1530 1529
f 1526 1527 1531
f 1526 1531 1530
f 1527 1528 1532
f 1527 1532 1531
f 1529 1530 1534
f 1529 1534 1533
f 1530 1531 1535
f 1530 1535 1534
f 1531 1532 1536
f 1531 1536 1535
g 바닥 타일_16
v -5.0000 -0.0500 -1.0000
v -5.0000 -0.0167 -1.0000
v -5.0000 0.0167 -1.0000
v -5.0000 0.0500 -1.0000
v -4.3333 -0.0500 -1.0000
v -4.3333 -0.0167 -1.0000
v -4.3333 0.0167 -1.0000
v -4.3333 0.0500 -1.0000
v -3.6667 -0.0500 -1.0000
v -3.6667 -0.0167 -1.0000
v -3.6667 0.0167 -1.0000
v -3.6667 0.0500 -1.0000
v -3.0000 -0.0500 -1.0000
v -3.0000 -0.0167 -1.0000
v -3.0000 0.0167 -1.0000
v -3.0000 0.0500 -1.0000
v -3.0000 -0.0500 -3.0000
v -3.0000 -0.0167 -3.0000
v -3.0000 0.0167 -3.0000
v -3.0000 0.0500 -3.0000
v -3.6667 -0.0500 -3.0000
v -3.6667 -0.0167 -3.0000
v -3.6667 0.0167 -3.0000
v -3.6667 0.0500 -3.0000
v -4.3333 -0.0500 -3.0000
v -4.3333 -0.0167 -3.0000
v -4.3333 0.0167 -3.0000
v -4.3333 0.0500 -3.0000
v -5.0000 -0.0500 -3.0000
v -5.0000 -0.0167 -3.0000
v -5.0000 0.0167 -3.0000
v -5.0000 0.0500 -3.0000
v -5.0000 -0.0500 -3.0000
v -5.0000 -0.0167 -3.0000
v -5.0000 0.0167 -3.0000
v -5.0000 0.0500 -3.0000
v -5.0000 -0.0500 -2.3333
v -5.0000 -0.0167 -2.3333
v -5.0000 0.0167 -2.3333
v -5.0000 0.0500 -2.3333
v -5.0000 -0.0500 -1.6667
v -5.0000 -0.0167 -1.6667
v -5.0000 0.0167 -1.6667
v -5.0000 0.0500 -1.6667
v -5.0000 -0.0500 -1.0000
v -5.0000 -0.0167 -1.0000
v -5.0000 0.0167 -1.0000
v -5.0000 0.0500 -1.0000
v -3.0000 -0.0500 -1.0000
v -3.0000 -0.0167 -1.0000
v -3.0000 0.0167 -1.0000
v -3.0000 0.0500 -1.0000
v -3.0000 -0.0500 -1.6667
v -3.0000 -0.0167 -1.6667
v -3.0000 0.0167 -1.6667
v -3.0000 0.0500 -1.6667
v -3.0000 -0.0500 -2.3333
v -3.0000 -0.0167 -2.3333
v -3.0000 0.0167 -2.3333
v -3.0000 0.0500 -2.3333
v -3.0000 -0.0500 -3.0000
v -3.0000 -0.0167 -3.0000
v -3.0000 0.0167 -3.0000
v -3.0000 0.0500 -3.0000
v -5.0000 0.0500 -3.0000
v -5.0000 0.0500 -2.3333
v -5.0000 0.0500 -1.6667
v -5.0000 0.0500 -1.0000
v -4.3333 0.0500 -3.0000
v -4.3333 0.0500 -2.3333
v -4.3333 0.0500 -1.6667
v -4.3333 0.0500 -1.0000
v -3.6667 0.0500 -3.0000
v -3.6667 0.0500 -2.3333
v -3.6667 0.0500 -1.6667
v -3.6667 0.0500 -1.0000
v -3.0000 0.0500 -3.0000
v -3.0000 0.0500 -2.3333
v -3.0000 0.0500 -1.6667
v -3.0000 0.0500 -1.0000
v -5.0000 -0.0500 -1.0000
v -5.0000 -0.0500 -1.6667
v -5.0000 -0.0500 -2.3333
v -5.0000 -0.0500 -3.0000
v -4.3333 -0.0500 -1.0000
v -4.3333 -0.0500 -1.6667
v -4.3333 -0.0500 -2.3333
v -4.3333 -0.0500 -3.0000
v -3.6667 -0.0500 -1.0000
v -3.6667 -0.0500 -1.6667
v -3.6667 -0.0500 -2.3333
v -3.6667 -0.0500 -3.0000
v -3.0000 -0.0500 -1.0000
v -3.0000 -0.0500 -1.6667
v -3.0000 -0.0500 -2.3333
v -3.0000 -0.0500 -3.0000
f 1537 1538 1542
f 1537 1542 1541
f 1538 1539 1543
f 1538 1543 1542
f 1539 1540 1544
f 1539 1544 1543
f 1541 1542 1546
f 1541 1546 1545
f 1542 1543 1547
f 1542 1547 1546
f 1543 1544 1548
f 1543 1548 1547
f 1545 1546 1550
f 1545 1550 1549
f 1546 1547 1551
f 1546 1551 1550
f 1547 1548 1552
f 1547 1552 1551
f 1553 1554 1558
f 1553 1558 1557
f 1554 1555 1559
f 1554 1559 1558
f 1555 1556 1560
f 1555 1560 1559
f 1557 1558 1562
f 1557 1562 1561
f 1558 1559 1563
f 1558 1563 1562
f 1559 1560 1564
f 1559 1564 1563
f 1561 1562 1566
f 1561 1566 1565
f 1562 1563 1567
f 1562 1567 1566
f 1563 1564 1568
f 1563 1568 1567
f 1569 1570 1574
f 1569 1574 1573
f 1570 1571 1575
f 1570 1575 1574
f 1571 1572 1576
f 1571 1576 1575
f 1573 1574 1578
f 1573 1578 1577
f 1574 1575 1579
f 1574 1579 1578
f 1575 1576 1580
f 1575 1580 1579
f 1577 1578 1582
f 1577 1582 1581
f 1578 1579 1583
f 1578 1583 1582
f 1579 1580 1584
f 1579 1584 1583
f 1585 1586 1590
f 1585 1590 1589
f 1586 1587 1591
f 1586 1591 1590
f 1587 1588 1592
f 1587 1592 1591
f 1589 1590 1594
f 1589 1594 1593
f 1590 1591 1595
f 1590 1595 1594
f 1591 1592 1596
f 1591 1596 1595
f 1593 1594 1598
f 1593 1598 1597
f 1594 1595 1599
f 1594 1599 1598
f 1595 1596 1600
f 1595 1600 1599
f 1601 1602 1606
f 1601 1606 1605
f 1602 1603 1607
f 1602 1607 1606
f 1603 1604 1608
f 1603 1608 1607
f 1605 1606 1610
f 1605 1610 1609
f 1606 1607 1611
f 1606 1611 1610
f 1607 1608 1612
f 1607 1612 1611
f 1609 1610 1614
f 1609 1614 1613
f 1610 1611 1615
f 1610 1615 1614
f 1611 1612 1616
f 1611 1616 1615
f 1617 1618 1622
f 1617 1622 1621
f 1618 1619 1623
f 1618 1623 1622
f 1619 1620 1624
f 1619 1624 1623
f 1621 1622 1626
f 1621 1626 1625
f 1622 1623 1627
f 1622 1627 1626
f 1623 1624 1628
f 1623 1628 1627
f 1625 1626 1630
f 1625 1630 1629
f 1626 1627 1631
f 1626 1631 1630
f 1627 1628 1632
f 1627 1632 1631
g 바닥 타일_17
v -5.0000 -0.0500 1.0000
v -5.0000 -0.0167 1.0000
v -5.0000 0.0167 1.0000
v -5.0000 0.0500 1.0000
v -4.3333 -0.0500 1.0000
v -4.3333 -0.0167 1.0000
v -4.3333 0.0167 1.0000
v -4.3333 0.0500 1.0000
v -3.6667 -0.0500 1.0000
v -3.6667 -0.0167 1.0000
v -3.6667 0.0167 1.0000
v -3.6667 0.0500 1.0000
v -3.0000 -0.0500 1.0000
v -3.0000 -0.0167 1.0000
v -3.0000 0.0167 1.0000
v -3.0000 0.0500 1.0000
v -3.0000 -0.0500 -1.0000
v -3.0000 -0.0167 -1.0000
v -3.0000 0.0167 -1.0000
v -3.0000 0.0500 -1.0000
v -3.6667 -0.0500 -1.0000
v -3.6667 -0.0167 -1.0000
v -3.6667 0.0167 -1.0000
v -3.6667 0.0500 -1.0000
v -4.3333 -0.0500 -1.0000
v -4.3333 -0.0167 -1.0000
v -4.3333 0.0167 -1.0000
v -4.3333 0.0500 -1.0000
v -5.0000 -0.0500 -1.0000
v -5.0000 -0.0167 -1.0000
v -5.0000 0.0167 -1.0000
v -5.0000 0.0500 -1.0000
v -5.0000 -0.0500 -1.0000
v -5.0000 -0.0167 -1.0000
v -5.0000 0.0167 -1.0000
v -5.0000 0.0500 -1.0000
v -5.0000 -0.0500 -0.3333
v -5.0000 -0.0167 -0.3333
v -5.0000 0.0167 -0.3333
v -5.0000 0.0500 -0.3333
v -5.0000 -0.0500 0.3333
v -5.0000 -0.0167 0.3333
v -5.0000 0.0167 0.3333
v -5.0000 0.0500 0.3333
v -5.0000 -0.0500 1.0000
v -5.0000 -0.0167 1.0000
v -5.0000 0.0167 1.0000
v -5.0000 0.0500 1.0000
v -3.0000 -0.0500 1.0000
v -3.0000 -0.0167 1.0000
v -3.0000 0.0167 1.0000
v -3.0000 0.0500 1.0000
v -3.0000 -0.0500 0.3333
v -3.0000 -0.0167 0.3333
v -3.0000 0.0167 0.3333
v -3.0000 0.0500 0.3333
v -3.0000 -0.0500 -0.3333
v -3.0000 -0.0167 -0.3333
v -3.0000 0.0167 -0.3333
v -3.0000 0.0500 -0.3333
v -3.0000 -0.0500 -1.0000
v -3.0000 -0.0167 -1.0000
v -3.0000 0.0167 -1.0000
v -3.0000 0.0500 -1.0000
v -5.0000 0.0500 -1.0000
v -5.0000 0.0500 -0.3333
v -5.0000 0.0500 0.3333
v -5.0000 0.0500 1.0000
v -4.3333 0.0500 -1.0000
v -4.3333 0.0500 -0.3333
v -4.3333 0.0500 0.3333
v -4.3333 0.0500 1.0000
v -3.6667 0.0500 -1.0000
v -3.6667 0.0500 -0.3333
v -3.6667 0.0500 0.3333
v -3.6667 0.0500 1.0000
v -3.0000 0.0500 -1.0000
v -3.0000 0.0500 -0.3333
v -3.0000 0.0500 0.3333
v -3.0000 0.0500 1.0000
v -5.0000 -0.0500 1.0000
v -5.0000 -0.0500 0.3333
v -5.0000 -0.0500 -0.3333
v -5.0000 -0.0500 -1.0000
v -4.3333 -0.0500 1.0000
v -4.3333 -0.0500 0.3333
v -4.3333 -0.0500 -0.3333
v -4.3333 -0.0500 -1.0000
v -3.6667 -0.0500 1.0000
v -3.6667 -0.0500 0.3333
v -3.6667 -0.0500 -0.3333
v -3.6667 -0.0500 -1.0000
v -3.0000 -0.0500 1.0000
v -3.0000 -0.0500 0.3333
v -3.0000 -0.0500 -0.3333
v -3.0000 -0.0500 -1.0000
f 1633 1634 1638
f 1633 1638 1637
f 1634 1635 1639
f 1634 1639 1638
f 1635 1636 1640
f 1635 1640 1639
f 1637 1638 1642
f 1637 1642 1641
f 1638 1639 1643
f 1638 1643 1642
f 1639 1640 1644
f 1639 1644 1643
f 1641 1642 1646
f 1641 1646 1645
f 1642 1643 1647
f 1642 1647 1646
f 1643 1644 1648
f 1643 1648 1647
f 1649 1650 1654
f 1649 1654 1653
f 1650 1651 1655
f 1650 1655 1654
f 1651 1652 1656
f 1651 1656 1655
f 1653 1654 1658
f 1653 1658 1657
f 1654 1655 1659
f 1654 1659 1658
f 1655 1656 1660
f 1655 1660 1659
f 1657 1658 1662
f 1657 1662 1661
f 1658 1659 1663
f 1658 1663 1662
f 1659 1660 1664
f 1659 1664 1663
f 1665 1666 1670
f 1665 1670 1669
f 1666 1667 1671
f 1666 1671 1670
f 1667 1668 1672
f 1667 1672 1671
f 1669 1670 1674
f 1669 1674 1673
f 1670 1671 1675
f 1670 1675 1674
f 1671 1672 1676
f 1671 1676 1675
f 1673 1674 1678
f 1673 1678 1677
f 1674 1675 1679
f 1674 1679 1678
f 1675 1676 1680
f 1675 1680 1679
f 1681 1682 1686
f 1681 1686 1685
f 1682 1683 1687
f 1682 1687 1686
f 1683 1684 1688
f 1683 1688 1687
f 1685 1686 1690
f 1685 1690 1689
f 1686 1687 1691
f 1686 1691 1690
f 1687 1688 1692
f 1687 1692 1691
f 1689 1690 1694
f 1689 1694 1693
f 1690 1691 1695
f 1690 1695 1694
f 1691 1692 1696
f 1691 1696 1695
f 1697 1698 1702
f 1697 1702 1701
f 1698 1699 1703
f 1698 1703 1702
f 1699 1700 1704
f 1699 1704 1703
f 1701 1702 1706
f 1701 1706 1705
f 1702 1703 1707
f 1702 1707 1706
f 1703 1704 1708
f 1703 1708 1707
f 1705 1706 1710
f 1705 1710 1709
f 1706 1707 1711
f 1706 1711 1710
f 1707 1708 1712
f 1707 1712 1711
f 1713 1714 1718
f 1713 1718 1717
f 1714 1715 1719
f 1714 1719 1718
f 1715 1716 1720
f 1715 1720 1719
f 1717 1718 1722
f 1717 1722 1721
f 1718 1719 1723
f 1718 1723 1722
f 1719 1720 1724
f 1719 1724 1723
f 1721 1722 1726
f 1721 1726 1725
f 1722 1723 1727
f 1722 1727 1726
f 1723 1724 1728
f 1723 1728 1727
g 바닥 타일_18
v -5.0000 -0.0500 3.0000
v -5.0000 -0.0167 3.0000
v -5.0000 0.0167 3.0000
v -5.0000 0.0500 3.0000
v -4.3333 -0.0500 3.0000
v -4.3333 -0.0167 3.0000
v -4.3333 0.0167 3.0000
v -4.3333 0.0500 3.0000
v -3.6667 -0.0500 3.0000
v -3.6667 -0.0167 3.0000
v -3.6667 0.0167 3.0000
v -3.6667 0.0500 3.0000
v -3.0000 -0.0500 3.0000
v -3.0000 -0.0167 3.0000
v -3.0000 0.0167 3.0000
v -3.0000 0.0500 3.0000
v -3.0000 -0.0500 1.0000
v -3.0000 -0.0167 1.0000
v -3.0000 0.0167 1.0000
v -3.0000 0.0500 1.0000
v -3.6667 -0.0500 1.0000
v -3.6667 -0.0167 1.0000
v -3.6667 0.0167 1.0000
v -3.6667 0.0500 1.0000
v -4.3333 -0.0500 1.0000
v -4.3333 -0.0167 1.0000
v -4.3333 0.0167 1.0000
v -4.3333 0.0500 1.0000
v -5.0000 -0.0500 1.0000
v -5.0000 -0.0167 1.0000
v -5.0000 0.0167 1.0000
v -5.0000 0.0500 1.0000
v -5.0000 -0.0500 1.0000
v -5.0000 -0.0167 1.0000
v -5.0000 0.0167 1.0000
v -5.0000 0.0500 1.0000
v -5.0000 -0.0500 1.6667
v -5.0000 -0.0167 1.6667
v -5.0000 0.0167 1.6667
v -5.0000 0.0500 1.6667
v -5.0000 -0.0500 2.3333
v -5.0000 -0.0167 2.3333
v -5.0000 0.0167 2.3333
v -5.0000 0.0500 2.3333
v -5.0000 -0.0500 3.0000
v -5.0000 -0.0167 3.0000
v -5.0000 0.0167 3.0000
v -5.0000 0.0500 3.0000
v -3.0000 -0.0500 3.0000
v -3.0000 -0.0167 3.0000
v -3.0000 0.0167 3.0000
v -3.0000 0.0500 3.0000
v -3.0000 -0.0500 2.3333
v -3.0000 -0.0167 2.3333
v -3.0000 0.0167 2.3333
v -3.0000 0.0500 2.3333
v -3.0000 -0.0500 1.6667
v -3.0000 -0.0167 1.6667
v -3.0000 0.0167 1.6667
v -3.0000 0.0500 1.6667
v -3.0000 -0.0500 1.0000
v -3.0000 -0.0167 1.0000
v -3.0000 0.0167 1.0000
v -3.0000 0.0500 1.0000
v -5.0000 0.0500 1.0000
v -5.0000 0.0500 1.6667
v -5.0000 0.0500 2.3333
v -5.0000 0.0500 3.0000
v -4.3333 0.0500 1.0000
v -4.3333 0.0500 1.6667
v -4.3333 0.0500 2.3333
v -4.3333 0.0500 3.0000
v -3.6667 0.0500 1.0000
v -3.6667 0.0500 1.6667
v -3.6667 0.0500 2.3333
v -3.6667 0.0500 3.0000
v -3.0000 0.0500 1.0000
v -3.0000 0.0500 1.6667
v -3.0000 0.0500 2.3333
v -3.0000 0.0500 3.0000
v -5.0000 -0.0500 3.0000
v -5.0000 -0.0500 2.3333
v -5.0000 -0.0500 1.6667
v -5.0000 -0.0500 1.0000
v -4.3333 -0.0500 3.0000
v -4.3333 -0.0500 2.3333
v -4.3333 -0.0500 1.6667
v -4.3333 -0.0500 1.0000
v -3.6667 -0.0500 3.0000
v -3.6667 -0.0500 2.3333
v -3.6667 -0.0500 1.6667
v -3.6667 -0.0500 1.0000
v -3.0000 -0.0500 3.0000
v -3.0000 -0.0500 2.3333
v -3.0000 -0.0500 1.6667
v -3.0000 -0.0500 1.0000
f 1729 1730 1734
f 1729 1734 1733
f 1730 1731 1735
f 1730 1735 1734
f 1731 1732 1736
f 1731 1736 1735
f 1733 1734 1738
f 1733 1738 1737
f 1734 1735 1739
f 1734 1739 1738
f 1735 1736 1740
f 1735 1740 1739
f 1737 1738 1742
f 1737 1742 1741
f 1738 1739 1743
f 1738 1743 1742
f 1739 1740 1744
f 1739 1744 1743
f 1745 1746 1750
f 1745 1750 1749
f 1746 1747 1751
f 1746 1751 1750
f 1747 1748 1752
f 1747 1752 1751
f 1749 1750 1754
f 1749 1754 1753
f 1750 1751 1755
f 1750 1755 1754
f 1751 1752 1756
f 1751 1756 1755
f 1753 1754 1758
f 1753 1758 1757
f 1754 1755 1759
f 1754 1759 1758
f 1755 1756 1760
f 1755 1760 1759
f 1761 1762 1766
f 1761 1766 1765
f 1762 1763 1767
f 1762 1767 1766
f 1763 1764 1768
f 1763 1768 1767
f 1765 1766 1770
f 1765 1770 1769
f 1766 1767 1771
f 1766 1771 1770
f 1767 1768 1772
f 1767 1772 1771
f 1769 1770 1774
f 1769 1774 1773
f 1770 1771 1775
f 1770 1775 1774
f 1771 1772 1776
f 1771 1776 1775
f 1777 1778 1782
f 1777 1782 1781
f 1778 1779 1783
f 1778 1783 1782
f 1779 1780 1784
f 1779 1784 1783
f 1781 1782 1786
f 1781 1786 1785
f 1782 1783 1787
f 1782 1787 1786
f 1783 1784 1788
f 1783 1788 1787
f 1785 1786 1790
f 1785 1790 1789
f 1786 1787 1791
f 1786 1791 1790
f 1787 1788 1792
f 1787 1792 1791
f 1793 1794 1798
f 1793 1798 1797
f 1794 1795 1799
f 1794 1799 1798
f 1795 1796 1800
f 1795 1800 1799
f 1797 1798 1802
f 1797 1802 1801
f 1798 1799 1803
f 1798 1803 1802
f 1799 1800 1804
f 1799 1804 1803
f 1801 1802 1806
f 1801 1806 1805
f 1802 1803 1807
f 1802 1807 1806
f 1803 1804 1808
f 1803 1808 1807
f 1809 1810 1814
f 1809 1814 1813
f 1810 1811 1815
f 1810 1815 1814
f 1811 1812 1816
f 1811 1816 1815
f 1813 1814 1818
f 1813 1818 1817
f 1814 1815 1819
f 1814 1819 1818
f 1815 1816 1820
f 1815 1820 1819
f 1817 1818 1822
f 1817 1822 1821
f 1818 1819 1823
f 1818 1823 1822
f 1819 1820 1824
f 1819 1824 1823
g 바닥 타일_19
v -5.0000 -0.0500 5.0000
v -5.0000 -0.0167 5.0000
v -5.0000 0.0167 5.0000
v -5.0000 0.0500 5.0000
v -4.3333 -0.0500 5.0000
v -4.3333 -0.0167 5.0000
v -4.3333 0.0167 5.0000
v -4.3333 0.0500 5.0000
v -3.6667 -0.0500 5.0000
v -3.6667 -0.0167 5.0000
v -3.6667 0.0167 5.0000
v -3.6667 0.0500 5.0000
v -3.0000 -0.0500 5.0000
v -3.0000 -0.0167 5.0000
v -3.0000 0.0167 5.0000
v -3.0000 0.0500 5.0000
v -3.0000 -0.0500 3.0000
v -3.0000 -0.0167 3.0000
v -3.0000 0.0167 3.0000
v -3.0000 0.0500 3.0000
v -3.6667 -0.0500 3.0000
v -3.6667 -0.0167 3.0000
v -3.6667 0.0167 3.0000
v -3.6667 0.0500 3.0000
v -4.3333 -0.0500 3.0000
v -4.3333 -0.0167 3.0000
v -4.3333 0.0167 3.0000
v -4.3333 0.0500 3.0000
v -5.0000 -0.0500 3.0000
v -5.0000 -0.0167 3.0000
v -5.0000 0.0167 3.0000
v -5.0000 0.0500 3.0000
v -5.0000 -0.0500 3.0000
v -5.0000 -0.0167 3.0000
v -5.0000 0.0167 3.0000
v -5.0000 0.0500 3.0000
v -5.0000 -0.0500 3.6667
v -5.0000 -0.0167 3.6667
v -5.0000 0.0167 3.6667
v -5.0000 0.0500 3.6667
v -5.0000 -0.0500 4.3333
v -5.0000 -0.0167 4.3333
v -5.0000 0.0167 4.3333
v -5.0000 0.0500 4.3333
v -5.0000 -0.0500 5.0000
v -5.0000 -0.0167 5.0000
v -5.0000 0.0167 5.0000
v -5.0000 0.0500 5.0000
v -3.0000 -0.0500 5.0000
v -3.0000 -0.0167 5.0000
v -3.0000 0.0167 5.0000
v -3.0000 0.0500 5.0000
v -3.0000 -0.0500 4.3333
v -3.0000 -0.0167 4.3333
v -3.0000 0.0167 4.3333
v -3.0000 0.0500 4.3333
v -3.0000 -0.0500 3.6667
v -3.0000 -0.0167 3.6667
v -3.0000 0.0167 3.6667
v -3.0000 0.0500 3.6667
v -3.0000 -0.0500 3.0000
v -3.0000 -0.0167 3.0000
v -3.0000 0.0167 3.0000
v -3.0000 0.0500 3.0000
v -5.0000 0.0500 3.0000
v -5.0000 0.0500 3.6667
v -5.0000 0.0500 4.3333
v -5.0000 0.0500 5.0000
v -4.3333 0.0500 3.0000
v -4.3333 0.0500 3.6667
v -4.3333 0.0500 4.3333
v -4.3333 0.0500 5.0000
v -3.6667 0.0500 3.0000
v -3.6667 0.0500 3.6667
v -3.6667 0.0500 4.3333
v -3.6667 0.0500 5.0000
v -3.0000 0.0500 3.0000
v -3.0000 0.0500 3.6667
v -3.0000 0.0500 4.3333
v -3.0000 0.0500 5.0000
v -5.0000 -0.0500 5.0000
v -5.0000 -0.0500 4.3333
v -5.0000 -0.0500 3.6667
v -5.0000 -0.0500 3.0000
v -4.3333 -0.0500 5.0000
v -4.3333 -0.0500 4.3333
v -4.3333 -0.0500 3.6667
v -4.3333 -0.0500 3.0000
v -3.6667 -0.0500 5.0000
v -3.6667 -0.0500 4.3333
v -3.6667 -0.0500 3.6667
v -3.6667 -0.0500 3.0000
v -3.0000 -0.0500 5.0000
v -3.0000 -0.0500 4.3333
v -3.0000 -0.0500 3.6667
v -3.0000 -0.0500 3.0000
f 1825 1826 1830
f 1825 1830 1829
f 1826 1827 1831
f 1826 1831 1830
f 1827 1828 1832
f 1827 1832 1831
f 1829 1830 1834
f 1829 1834 1833
f 1830 1831 1835
f 1830 1835 1834
f 1831 1832 1836
f 1831 1836 1835
f 1833 1834 1838
f 1833 1838 1837
f 1834 1835 1839
f 1834 1839 1838
f 1835 1836 1840
f 1835 1840 1839
f 1841 1842 1846
f 1841 1846 1845
f 1842 1843 1847
f 1842 1847 1846
f 1843 1844 1848
f 1843 1848 1847
f 1845 1846 1850
f 1845 1850 1849
f 1846 1847 1851
f 1846 1851 1850
f 1847 1848 1852
f 1847 1852 1851
f 1849 1850 1854
f 1849 1854 1853
f 1850 1851 1855
f 1850 1855 1854
f 1851 1852 1856
f 1851 1856 1855
f 1857 1858 1862
f 1857 1862 1861
f 1858 1859 1863
f 1858 1863 1862
f 1859 1860 1864
f 1859 1864 1863
f 1861 1862 1866
f 1861 1866 1865
f 1862 1863 1867
f 1862 1867 1866
f 1863 1864 1868
f 1863 1868 1867
f 1865 1866 1870
f 1865 1870 1869
f 1866 1867 1871
f 1866 1871 1870
f 1867 1868 1872
f 1867 1872 1871
f 1873 1874 1878
f 1873 1878 1877
f 1874 1875 1879
f 1874 1879 1878
f 1875 1876 1880
f 1875 1880 1879
f 1877 1878 1882
f 1877 1882 1881
f 1878 1879 1883
f 1878 1883 1882
f 1879 1880 1884
f 1879 1884 1883
f 1881 1882 1886
f 1881 1886 1885
f 1882 1883 1887
f 1882 1887 1886
f 1883 1884 1888
f 1883 1888 1887
f 1889 1890 1894
f 1889 1894 1893
f 1890 1891 1895
f 1890 1895 1894
f 1891 1892 1896
f 1891 1896 1895
f 1893 1894 1898
f 1893 1898 1897
f 1894 1895 1899
f 1894 1899 1898
f 1895 1896 1900
f 1895 1900 1899
f 1897 1898 1902
f 1897 1902 1901
f 1898 1899 1903
f 1898 1903 1902
f 1899 1900 1904
f 1899 1904 1903
f 1905 1906 1910
f 1905 1910 1909
f 1906 1907 1911
f 1906 1911 1910
f 1907 1908 1912
f 1907 1912 1911
f 1909 1910 1914
f 1909 1914 1913
f 1910 1911 1915
f 1910 1915 1914
f 1911 1912 1916
f 1911 1916 1915
f 1913 1914 1918
f 1913 1918 1917
f 1914 1915 1919
f 1914 1919 1918
f 1915 1916 1920
f 1915 1920 1919
g 바닥 타일_20
v -5.0000 -0.0500 7.0000
v -5.0000 -0.0167 7.0000
v -5.0000 0.0167 7.0000
v -5.0000 0.0500 7.0000
v -4.3333 -0.0500 7.0000
v -4.3333 -0.0167 7.0000
v -4.3333 0.0167 7.0000
v -4.3333 0.0500 7.0000
v -3.6667 -0.0500 7.0000
v -3.6667 -0.0167 7.0000
v -3.6667 0.0167 7.0000
v -3.6667 0.0500 7.0000
v -3.0000 -0.0500 7.0000
v -3.0000 -0.0167 7.0000
v -3.0000 0.0167 7.0000
v -3.0000 0.0500 7.0000
v -3.0000 -0.0500 5.0000
v -3.0000 -0.0167 5.0000
v -3.0000 0.0167 5.0000
v -3.0000 0.0500 5.0000
v -3.6667 -0.0500 5.0000
v -3.6667 -0.0167 5.0000
v -3.6667 0.0167 5.0000
v -3.6667 0.0500 5.0000
v -4.3333 -0.0500 5.0000
v -4.3333 -0.0167 5.0000
v -4.3333 0.0167 5.0000
v -4.3333 0.0500 5.0000
v -5.0000 -0.0500 5.0000
v -5.0000 -0.0167 5.0000
v -5.0000 0.0167 5.0000
v -5.0000 0.0500 5.0000
v -5.0000 -0.0500 5.0000
v -5.0000 -0.0167 5.0000
v -5.0000 0.0167 5.0000
v -5.0000 0.0500 5.0000
v -5.0000 -0.0500 5.6667
v -5.0000 -0.0167 5.6667
v -5.0000 0.0167 5.6667
v -5.0000 0.0500 5.6667
v -5.0000 -0.0500 6.3333
v -5.0000 -0.0167 6.3333
v -5.0000 0.0167 6.3333
v -5.0000 0.0500 6.3333
v -5.0000 -0.0500 7.0000
v -5.0000 -0.0167 7.0000
v -5.0000 0.0167 7.0000
v -5.0000 0.0500 7.0000
v -3.0000 -0.0500 7.0000
v -3.0000 -0.0167 7.0000
v -3.0000 0.0167 7.0000
v -3.0000 0.0500 7.0000
v -3.0000 -0.0500 6.3333
v -3.0000 -0.0167 6.3333
v -3.0000 0.0167 6.3333
v -3.0000 0.0500 6.3333
v -3.0000 -0.0500 5.6667
v -3.0000 -0.0167 5.6667
v -3.0000 0.0167 5.6667
v -3.0000 0.0500 5.6667
v -3.0000 -0.0500 5.0000
v -3.0000 -0.0167 5.0000
v -3.0000 0.0167 5.0000
v -3.0000 0.0500 5.0000
v -5.0000 0.0500 5.0000
v -5.0000 0.0500 5.6667
v -5.0000 0.0500 6.3333
v -5.0000 0.0500 7.0000
v -4.3333 0.0500 5.0000
v -4.3333 0.0500 5.6667
v -4.3333 0.0500 6.3333
v -4.3333 0.0500 7.0000
v -3.6667 0.0500 5.0000
v -3.6667 0.0500 5.6667
v -3.6667 0.0500 6.3333
v -3.6667 0.0500 7.0000
v -3.0000 0.0500 5.0000
v -3.0000 0.0500 5.6667
v -3.0000 0.0500 6.3333
v -3.0000 0.0500 7.0000
v -5.0000 -0.0500 7.0000
v -5.0000 -0.0500 6.3333
v -5.0000 -0.0500 5.6667
v -5.0000 -0.0500 5.0000
v -4.3333 -0.0500 7.0000
v -4.3333 -0.0500 6.3333
v -4.3333 -0.0500 5.6667
v -4.3333 -0.0500 5.0000
v -3.6667 -0.0500 7.0000
v -3.6667 -0.0500 6.3333
v -3.6667 -0.0500 5.6667
v -3.6667 -0.0500 5.0000
v -3.0000 -0.0500 7.0000
v -3.0000 -0.0500 6.3333
v -3.0000 -0.0500 5.6667
v -3.0000 -0.0500 5.0000
f 1921 1922 1926
f 1921 1926 1925
f 1922 1923 1927
f 1922 1927 1926
f 1923 1924 1928
f 1923 1928 1927
f 1925 1926 1930
f 1925 1930 1929
f 1926 1927 1931
f 1926 1931 1930
f 1927 1928 1932
f 1927 1932 1931
f 1929 1930 1934
f 1929 1934 1933
f 1930 1931 1935
f 1930 1935 1934
f 1931 1932 1936
f 1931 1936 1935
f 1937 1938 1942
f 1937 1942 1941
f 1938 1939 1943
f 1938 1943 1942
f 1939 1940 1944
f 1939 1944 1943
f 1941 1942 1946
f 1941 1946 1945
f 1942 1943 1947
f 1942 1947 1946
f 1943 1944 1948
f 1943 1948 1947
f 1945 1946 1950
f 1945 1950 1949
f 1946 1947 1951
f 1946 1951 1950
f 1947 1948 1952
f 1947 1952 1951
f 1953 1954 1958
f 1953 1958 1957
f 1954 1955 1959
f 1954 1959 1958
f 1955 1956 1960
f 1955 1960 1959
f 1957 1958 1962
f 1957 1962 1961
f 1958 1959 1963
f 1958 1963 1962
f 1959 1960 1964
f 1959 1964 1963
f 1961 1962 1966
f 1961 1966 1965
f 1962 1963 1967
f 1962 1967 1966
f 1963 1964 1968
f 1963 1968 1967
f 1969 1970 1974
f 1969 1974 1973
f 1970 1971 1975
f 1970 1975 1974
f 1971 1972 1976
f 1971 1976 1975
f 1973 1974 1978
f 1973 1978 1977
f 1974 1975 1979
f 1974 1979 1978
f 1975 1976 1980
f 1975 1980 1979
f 1977 1978 1982
f 1977 1982 1981
f 1978 1979 1983
f 1978 1983 1982
f 1979 1980 1984
f 1979 1984 1983
f 1985 1986 1990
f 1985 1990 1989
f 1986 1987 1991
f 1986 1991 1990
f 1987 1988 1992
f 1987 1992 1991
f 1989 1990 1994
f 1989 1994 1993
f 1990 1991 1995
f 1990 1995 1994
f 1991 1992 1996
f 1991 1996 1995
f 1993 1994 1998
f 1993 1998 1997
f 1994 1995 1999
f 1994 1999 1998
f 1995 1996 2000
f 1995 2000 1999
f 2001 2002 2006
f 2001 2006 2005
f 2002 2003 2007
f 2002 2007 2006
f 2003 2004 2008
f 2003 2008 2007
f 2005 2006 2010
f 2005 2010 2009
f 2006 2007 2011
f 2006 2011 2010
f 2007 2008 2012
f 2007 2012 2011
f 2009 2010 2014
f 2009 2014 2013
f 2010 2011 2015
f 2010 2015 2014
f 2011 2012 2016
f 2011 2016 2015
g 바닥 타일_21
v -3.0000 -0.0500 -5.0000
v -3.0000 -0.0167 -5.0000
v -3.0000 0.0167 -5.0000
v -3.0000 0.0500 -5.0000
v -2.3333 -0.0500 -5.0000
v -2.3333 -0.0167 -5.0000
v -2.3333 0.0167 -5.0000
v -2.3333 0.0500 -5.0000
v -1.6667 -0.0500 -5.0000
v -1.6667 -0.0167 -5.0000
v -1.6667 0.0167 -5.0000
v -1.6667 0.0500 -5.0000
v -1.0000 -0.0500 -5.0000
v -1.0000 -0.0167 -5.0000
v -1.0000 0.0167 -5.0000
v -1.0000 0.0500 -5.0000
v -1.0000 -0.0500 -7.0000
v -1.0000 -0.0167 -7.0000
v -1.0000 0.0167 -7.0000
v -1.0000 0.0500 -7.0000
v -1.6667 -0.0500 -7.0000
v -1.6667 -0.0167 -7.0000
v -1.6667 0.0167 -7.0000
v -1.6667 0.0500 -7.0000
v -2.3333 -0.0500 -7.0000
v -2.3333 -0.0167 -7.0000
v -2.3333 0.0167 -7.0000
v -2.3333 0.0500 -7.0000
v -3.0000 -0.0500 -7.0000
v -3.0000 -0.0167 -7.0000
v -3.0000 0.0167 -7.0000
v -3.0000 0.0500 -7.0000
v -3.0000 -0.0500 -7.0000
v -3.0000 -0.0167 -7.0000
v -3.0000 0.0167 -7.0000
v -3.0000 0.0500 -7.0000
v -3.0000 -0.0500 -6.3333
v -3.0000 -0.0167 -6.3333
v -3.0000 0.0167 -6.3333
v -3.0000 0.0500 -6.3333
v -3.0000 -0.0500 -5.6667
v -3.0000 -0.0167 -5.6667
v -3.0000 0.0167 -5.6667
v -3.0000 0.0500 -5.6667
v -3.0000 -0.0500 -5.0000
v -3.0000 -0.0167 -5.0000
v -3.0000 0.0167 -5.0000
v -3.0000 0.0500 -5.0000
v -1.0000 -0.0500 -5.0000
v -1.0000 -0.0167 -5.0000
v -1.0000 0.0167 -5.0000
v -1.0000 0.0500 -5.0000
v -1.0000 -0.0500 -5.6667
v -1.0000 -0.0167 -5.6667
v -1.0000 0.0167 -5.6667
v -1.0000 0.0500 -5.6667
v -1.0000 -0.0500 -6.3333
v -1.0000 -0.0167 -6.3333
v -1.0000 0.0167 -6.3333
v -1.0000 0.0500 -6.3333
v -1.0000 -0.0500 -7.0000
v -1.0000 -0.0167 -7.0000
v -1.0000 0.0167 -7.0000
v -1.0000 0.0500 -7.0000
v -3.0000 0.0500 -7.0000
v -3.0000 0.0500 -6.3333
v -3.0000 0.0500 -5.6667
v -3.0000 0.0500 -5.0000
v -2.3333 0.0500 -7.0000
v -2.3333 0.0500 -6.3333
v -2.3333 0.0500 -5.6667
v -2.3333 0.0500 -5.0000
v -1.6667 0.0500 -7.0000
v -1.6667 0.0500 -6.3333
v -1.6667 0.0500 -5.6667
v -1.6667 0.0500 -5.0000
v -1.0000 0.0500 -7.0000
v -1.0000 0.0500 -6.3333
v -1.0000 0.0500 -5.6667
v -1.0000 0.0500 -5.0000
v -3.0000 -0.0500 -5.0000
v -3.0000 -0.0500 -5.6667
v -3.0000 -0.0500 -6.3333
v -3.0000 -0.0500 -7.0000
v -2.3333 -0.0500 -5.0000
v -2.3333 -0.0500 -5.6667
v -2.3333 -0.0500 -6.3333
v -2.3333 -0.0500 -7.0000
v -1.6667 -0.0500 -5.0000
v -1.6667 -0.0500 -5.6667
v -1.6667 -0.0500 -6.3333
v -1.6667 -0.0500 -7.0000
v -1.0000 -0.0500 -5.0000
v -1.0000 -0.0500 -5.6667
v -1.0000 -0.0500 -6.3333
v -1.0000 -0.0500 -7.0000
f 2017 2018 2022
f 2017 2022 2021
f 2018 2019 2023
f 2018 2023 2022
f 2019 2020 2024
f 2019 2024 2023
f 2021 2022 2026
f 2021 2026 2025
f 2022 2023 2027
f 2022 2027 2026
f 2023 2024 2028
f 2023 2028 2027
f 2025 2026 2030
f 2025 2030 2029
f 2026 2027 2031
f 2026 2031 2030
f 2027 2028 2032
f 2027 2032 2031
f 2033 2034 2038
f 2033 2038 2037
f 2034 2035 2039
f 2034 2039 2038
f 2035 2036 2040
f 2035 2040 2039
f 2037 2038 2042
f 2037 2042 2041
f 2038 2039 2043
f 2038 2043 2042
f 2039 2040 2044
f 2039 2044 2043
f 2041 2042 2046
f 2041 2046 2045
f 2042 2043 2047
f 2042 2047 2046
f 2043 2044 2048
f 2043 2048 2047
f 2049 2050 2054
f 2049 2054 2053
f 2050 2051 2055
f 2050 2055 2054
f 2051 2052 2056
f 2051 2056 2055
f 2053 2054 2058
f 2053 2058 2057
f 2054 2055 2059
f 2054 2059 2058
f 2055 2056 2060
f 2055 2060 2059
f 2057 2058 2062
f 2057 2062 2061
f 2058 2059 2063
f 2058 2063 2062
f 2059 2060 2064
f 2059 2064 2063
f 2065 2066 2070
f 2065 2070 2069
f 2066 2067 2071
f 2066 2071 2070
f 2067 2068 2072
f 2067 2072 2071
f 2069 2070 2074
f 2069 2074 2073
f 2070 2071 2075
f 2070 2075 2074
f 2071 2072 2076
f 2071 2076 2075
f 2073 2074 2078
f 2073 2078 2077
f 2074 2075 2079
f 2074 2079 2078
f 2075 2076 2080
f 2075 2080 2079
f 2081 2082 2086
f 2081 2086 2085
f 2082 2083 2087
f 2082 2087 2086
f 2083 2084 2088
f 2083 2088 2087
f 2085 2086 2090
f 2085 2090 2089
f 2086 2087 2091
f 2086 2091 2090
f 2087 2088 2092
f 2087 2092 2091
f 2089 2090 2094
f 2089 2094 2093
f 2090 2091 2095
f 2090 2095 2094
f 2091 2092 2096
f 2091 2096 2095
f 2097 2098 2102
f 2097 2102 2101
f 2098 2099 2103
f 2098 2103 2102
f 2099 2100 2104
f 2099 2104 2103
f 2101 2102 2106
f 2101 2106 2105
f 2102 2103 2107
f 2102 2107 2106
f 2103 2104 2108
f 2103 2108 2107
f 2105 2106 2110
f 2105 2110 2109
f 2106 2107 2111
f 2106 2111 2110
f 2107 2108 2112
f 2107 2112 2111
g 바닥 타일_22
v -3.0000 -0.0500 -3.0000
v -3.0000 -0.0167 -3.0000
v -3.0000 0.0167 -3.0000
v -3.0000 0.0500 -3.0000
v -2.3333 -0.0500 -3.0000
v -2.3333 -0.0167 -3.0000
v -2.3333 0.0167 -3.0000
v -2.3333 0.0500 -3.0000
v -1.6667 -0.0500 -3.0000
v -1.6667 -0.0167 -3.0000
v -1.6667 0.0167 -3.0000
v -1.6667 0.0500 -3.0000
v -1.0000 -0.0500 -3.0000
v -1.0000 -0.0167 -3.0000
v -1.0000 0.0167 -3.0000
v -1.0000 0.0500 -3.0000
v -1.0000 -0.0500 -5.0000
v -1.0000 -0.0167 -5.0000
v -1.0000 0.0167 -5.0000
v -1.0000 0.0500 -5.0000
v -1.6667 -0.0500 -5.0000
v -1.6667 -0.0167 -5.0000
v -1.6667 0.0167 -5.0000
v -1.6667 0.0500 -5.0000
v -2.3333 -0.0500 -5.0000
v -2.3333 -0.0167 -5.0000
v -2.3333 0.0167 -5.0000
v -2.3333 0.0500 -5.0000
v -3.0000 -0.0500 -5.0000
v -3.0000 -0.0167 -5.0000
v -3.0000 0.0167 -5.0000
v -3.0000 0.0500 -5.0000
v -3.0000 -0.0500 -5.0000
v -3.0000 -0.0167 -5.0000
v -3.0000 0.0167 -5.0000
v -3.0000 0.0500 -5.0000
v -3.0000 -0.0500 -4.3333
v -3.0000 -0.0167 -4.3333
v -3.0000 0.0167 -4.3333
v -3.0000 0.0500 -4.3333
v -3.0000 -0.0500 -3.6667
v -3.0000 -0.0167 -3.6667
v -3.0000 0.0167 -3.6667
v -3.0000 0.0500 -3.6667
v -3.0000 -0.0500 -3.0000
v -3.0000 -0.0167 -3.0000
v -3.0000 0.0167 -3.0000
v -3.0000 0.0500 -3.0000
v -1.0000 -0.0500 -3.0000
v -1.0000 -0.0167 -3.0000
v -1.0000 0.0167 -3.0000
v -1.0000 0.0500 -3.0000
v -1.0000 -0.0500 -3.6667
v -1.0000 -0.0167 -3.6667
v -1.0000 0.0167 -3.6667
v -1.0000 0.0500 -3.6667
v -1.0000 -0.0500 -4.3333
v -1.0000 -0.0167 -4.3333
v -1.0000 0.0167 -4.3333
v -1.0000 0.0500 -4.3333
v -1.0000 -0.0500 -5.0000
v -1.0000 -0.0167 -5.0000
v -1.0000 0.0167 -5.0000
v -1.0000 0.0500 -5.0000
v -3.0000 0.0500 -5.0000
v -3.0000 0.0500 -4.3333
v -3.0000 0.0500 -3.6667
v -3.0000 0.0500 -3.0000
v -2.3333 0.0500 -5.0000
v -2.3333 0.0500 -4.3333
v -2.3333 0.0500 -3.6667
v -2.3333 0.0500 -3.0000
v -1.6667 0.0500 -5.0000
v -1.6667 0.0500 -4.3333
v -1.6667 0.0500 -3.6667
v -1.6667 0.0500 -3.0000
v -1.0000 0.0500 -5.0000
v -1.0000 0.0500 -4.3333
v -1.0000 0.0500 -3.6667
v -1.0000 0.0500 -3.0000
v -3.0000 -0.0500 -3.0000
v -3.0000 -0.0500 -3.6667
v -3.0000 -0.0500 -4.3333
v -3.0000 -0.0500 -5.0000
v -2.3333 -0.0500 -3.0000
v -2.3333 -0.0500 -3.6667
v -2.3333 -0.0500 -4.3333
v -2.3333 -0.0500 -5.0000
v -1.6667 -0.0500 -3.0000
v -1.6667 -0.0500 -3.6667
v -1.6667 -0.0500 -4.3333
v -1.6667 -0.0500 -5.0000
v -1.0000 -0.0500 -3.0000
v -1.0000 -0.0500 -3.6667
v -1.0000 -0.0500 -4.3333
v -1.0000 -0.0500 -5.0000
f 2113 2114 2118
f 2113 2118 2117
f 2114 2115 2119
f 2114 2119 2118
f 2115 2116 2120
f 2115 2120 2119
f 2117 2118 2122
f 2117 2122 2121
f 2118 2119 2123
f 2118 2123 2122
f 2119 2120 2124
f 2119 2124 2123
f 2121 2122 2126
f 2121 2126 2125
f 2122 2123 2127
f 2122 2127 2126
f 2123 2124 2128
f 2123 2128 2127
f 2129 2130 2134
f 2129 2134 2133
f 2130 2131 2135
f 2130 2135 2134
f 2131 2132 2136
f 2131 2136 2135
f 2133 2134 2138
f 2133 2138 2137
f 2134 2135 2139
f 2134 2139 2138
f 2135 2136 2140
f 2135 2140 2139
f 2137 2138 2142
f 2137 2142 2141
f 2138 2139 2143
f 2138 2143 2142
f 2139 2140 2144
f 2139 2144 2143
f 2145 2146 2150
f 2145 2150 2149
f 2146 2147 2151
f 2146 2151 2150
f 2147 2148 2152
f 2147 2152 2151
f 2149 2150 2154
f 2149 2154 2153
f 2150 2151 2155
f 2150 2155 2154
f 2151 2152 2156
f 2151 2156 2155
f 2153 2154 2158
f 2153 2158 2157
f 2154 2155 2159
f 2154 2159 2158
f 2155 2156 2160
f 2155 2160 2159
f 2161 2162 2166
f 2161 2166 2165
f 2162 2163 2167
f 2162 2167 2166
f 2163 2164 2168
f 2163 2168 2167
f 2165 2166 2170
f 2165 2170 2169
f 2166 2167 2171
f 2166 2171 2170
f 2167 2168 2172
f 2167 2172 2171
f 2169 2170 2174
f 2169 2174 2173
f 2170 2171 2175
f 2170 2175 2174
f 2171 2172 2176
f 2171 2176 2175
f 2177 2178 2182
f 2177 2182 2181
f 2178 2179 2183
f 2178 2183 2182
f 2179 2180 2184
f 2179 2184 2183
f 2181 2182 2186
f 2181 2186 2185
f 2182 2183 2187
f 2182 2187 2186
f 2183 2184 2188
f 2183 2188 2187
f 2185 2186 2190
f 2185 2190 2189
f 2186 2187 2191
f 2186 2191 2190
f 2187 2188 2192
f 2187 2192 2191
f 2193 2194 2198
f 2193 2198 2197
f 2194 2195 2199
f 2194 2199 2198
f 2195 2196 2200
f 2195 2200 2199
f 2197 2198 2202
f 2197 2202 2201
f 2198 2199 2203
f 2198 2203 2202
f 2199 2200 2204
f 2199 2204 2203
f 2201 2202 2206
f 2201 2206 2205
f 2202 2203 2207
f 2202 2207 2206
f 2203 2204 2208
f 2203 2208 2207
g 바닥 타일_23
v -3.0000 -0.0500 -1.0000
v -3.0000 -0.0167 -1.0000
v -3.0000 0.0167 -1.0000
v -3.0000 0.0500 -1.0000
v -2.3333 -0.0500 -1.0000
v -2.3333 -0.0167 -1.0000
v -2.3333 0.0167 -1.0000
v -2.3333 0.0500 -1.0000
v -1.6667 -0.0500 -1.0000
v -1.6667 -0.0167 -1.0000
v -1.6667 0.0167 -1.0000
v -1.6667 0.0500 -1.0000
v -1.0000 -0.0500 -1.0000
v -1.0000 -0.0167 -1.0000
v -1.0000 0.0167 -1.0000
v -1.0000 0.0500 -1.0000
v -1.0000 -0.0500 -3.0000
v -1.0000 -0.0167 -3.0000
v -1.0000 0.0167 -3.0000
v -1.0000 0.0500 -3.0000
v -1.6667 -0.0500 -3.0000
v -1.6667 -0.0167 -3.0000
v -1.6667 0.0167 -3.0000
v -1.6667 0.0500 -3.0000
v -2.3333 -0.0500 -3.0000
v -2.3333 -0.0167 -3.0000
v -2.3333 0.0167 -3.0000
v -2.3333 0.0500 -3.0000
v -3.0000 -0.0500 -3.0000
v -3.0000 -0.0167 -3.0000
v -3.0000 0.0167 -3.0000
v -3.0000 0.0500 -3.0000
v -3.0000 -0.0500 -3.0000
v -3.0000 -0.0167 -3.0000
v -3.0000 0.0167 -3.0000
v -3.0000 0.0500 -3.0000
v -3.0000 -0.0500 -2.3333
v -3.0000 -0.0167 -2.3333
v -3.0000 0.0167 -2.3333
v -3.0000 0.0500 -2.3333
v -3.0000 -0.0500 -1.6667
v -3.0000 -0.0167 -1.6667
v -3.0000 0.0167 -1.6667
v -3.0000 0.0500 -1.6667
v -3.0000 -0.0500 -1.0000
v -3.0000 -0.0167 -1.0000
v -3.0000 0.0167 -1.0000
v -3.0000 0.0500 -1.0000
v -1.0000 -0.0500 -1.0000
v -1.0000 -0.0167 -1.0000
v -1.0000 0.0167 -1.0000
v -1.0000 0.0500 -1.0000
v -1.0000 -0.0500 -1.6667
v -1.0000 -0.0167 -1.6667
v -1.0000 0.0167 -1.6667
v -1.0000 0.0500 -1.6667
v -1.0000 -0.0500 -2.3333
v -1.0000 -0.0167 -2.3333
v -1.0000 0.0167 -2.3333
v -1.0000 0.0500 -2.3333
v -1.0000 -0.0500 -3.0000
v -1.0000 -0.0167 -3.0000
v -1.0000 0.0167 -3.0000
v -1.0000 0.0500 -3.0000
v -3.0000 0.0500 -3.0000
v -3.0000 0.0500 -2.3333
v -3.0000 0.0500 -1.6667
v -3.0000 0.0500 -1.0000
v -2.3333 0.0500 -3.0000
v -2.3333 0.0500 -2.3333
v -2.3333 0.0500 -1.6667
v -2.3333 0.0500 -1.0000
v -1.6667 0.0500 -3.0000
v -1.6667 0.0500 -2.3333
v -1.6667 0.0500 -1.6667
v -1.6667 0.0500 -1.0000
v -1.0000 0.0500 -3.0000
v -1.0000 0.0500 -2.3333
v -1.0000 0.0500 -1.6667
v -1.0000 0.0500 -1.0000
v -3.0000 -0.0500 -1.0000
v -3.0000 -0.0500 -1.6667
v -3.0000 -0.0500 -2.3333
v -3.0000 -0.0500 -3.0000
v -2.3333 -0.0500 -1.0000
v -2.3333 -0.0500 -1.6667
v -2.3333 -0.0500 -2.3333
v -2.3333 -0.0500 -3.0000
v -1.6667 -0.0500 -1.0000
v -1.6667 -0.0500 -1.6667
v -1.6667 -0.0500 -2.3333
v -1.6667 -0.0500 -3.0000
v -1.0000 -0.0500 -1.0000
v -1.0000 -0.0500 -1.6667
v -1.0000 -0.0500 -2.3333
v -1.0000 -0.0500 -3.0000
f 2209 2210 2214
f 2209 2214 2213
f 2210 2211 2215
f 2210 2215 2214
f 2211 2212 2216
f 2211 2216 2215
f 2213 2214 2218
f 2213 2218 2217
f 2214 2215 2219
f 2214 2219 2218
f 2215 2216 2220
f 2215 2220 2219
f 2217 2218 2222
f 2217 2222 2221
f 2218 2219 2223
f 2218 2223 2222
f 2219 2220 2224
f 2219 2224 2223
f 2225 2226 2230
f 2225 2230 2229
f 2226 2227 2231
f 2226 2231 2230
f 2227 2228 2232
f 2227 2232 2231
f 2229 2230 2234
f 2229 2234 2233
f 2230 2231 2235
f 2230 2235 2234
f 2231 2232 2236
f 2231 2236 2235
f 2233 2234 2238
f 2233 2238 2237
f 2234 2235 2239
f 2234 2239 2238
f 2235 2236 2240
f 2235 2240 2239
f 2241 2242 2246
f 2241 2246 2245
f 2242 2243 2247
f 2242 2247 2246
f 2243 2244 2248
f 2243 2248 2247
f 2245 2246 2250
f 2245 2250 2249
f 2246 2247 2251
f 2246 2251 2250
f 2247 2248 2252
f 2247 2252 2251
f 2249 2250 2254
f 2249 2254 2253
f 2250 2251 2255
f 2250 2255 2254
f 2251 2252 2256
f 2251 2256 2255
f 2257 2258 2262
f 2257 2262 2261
f 2258 2259 2263
f 2258 2263 2262
f 2259 2260 2264
f 2259 2264 2263
f 2261 2262 2266
f 2261 2266 2265
f 2262 2263 2267
f 2262 2267 2266
f 2263 2264 2268
f 2263 2268 2267
f 2265 2266 2270
f 2265 2270 2269
f 2266 2267 2271
f 2266 2271 2270
f 2267 2268 2272
f 2267 2272 2271
f 2273 2274 2278
f 2273 2278 2277
f 2274 2275 2279
f 2274 2279 2278
f 2275 2276 2280
f 2275 2280 2279
f 2277 2278 2282
f 2277 2282 2281
f 2278 2279 2283
f 2278 2283 2282
f 2279 2280 2284
f 2279 2284 2283
f 2281 2282 2286
f 2281 2286 2285
f 2282 2283 2287
f 2282 2287 2286
f 2283 2284 2288
f 2283 2288 2287
f 2289 2290 2294
f 2289 2294 2293
f 2290 2291 2295
f 2290 2295 2294
f 2291 2292 2296
f 2291 2296 2295
f 2293 2294 2298
f 2293 2298 2297
f 2294 2295 2299
f 2294 2299 2298
f 2295 2296 2300
f 2295 2300 2299
f 2297 2298 2302
f 2297 2302 2301
f 2298 2299 2303
f 2298 2303 2302
f 2299 2300 2304
f 2299 2304 2303
g 바닥 타일_24
v -3.0000 -0.0500 1.0000
v -3.0000 -0.0167 1.0000
v -3.0000 0.0167 1.0000
v -3.0000 0.0500 1.0000
v -2.3333 -0.0500 1.0000
v -2.3333 -0.0167 1.0000
v -2.3333 0.0167 1.0000
v -2.3333 0.0500 1.0000
v -1.6667 -0.0500 1.0000
v -1.6667 -0.0167 1.0000
v -1.6667 0.0167 1.0000
v -1.6667 0.0500 1.0000
v -1.0000 -0.0500 1.0000
v -1.0000 -0.0167 1.0000
v -1.0000 0.0167 1.0000
v -1.0000 0.0500 1.0000
v -1.0000 -0.0500 -1.0000
v -1.0000 -0.0167 -1.0000
v -1.0000 0.0167 -1.0000
v -1.0000 0.0500 -1.0000
v -1.6667 -0.0500 -1.0000
v -1.6667 -0.0167 -1.0000
v -1.6667 0.0167 -1.0000
v -1.6667 0.0500 -1.0000
v -2.3333 -0.0500 -1.0000
v -2.3333 -0.0167 -1.0000
v -2.3333 0.0167 -1.0000
v -2.3333 0.0500 -1.0000
v -3.0000 -0.0500 -1.0000
v -3.0000 -0.0167 -1.0000
v -3.0000 0.0167 -1.0000
v -3.0000 0.0500 -1.0000
v -3.0000 -0.0500 -1.0000
v -3.0000 -0.0167 -1.0000
v -3.0000 0.0167 -1.0000
v -3.0000 0.0500 -1.0000
v -3.0000 -0.0500 -0.3333
v -3.0000 -0.0167 -0.3333
v -3.0000 0.0167 -0.3333
v -3.0000 0.0500 -0.3333
v -3.0000 -0.0500 0.3333
v -3.0000 -0.0167 0.3333
v -3.0000 0.0167 0.3333
v -3.0000 0.0500 0.3333
v -3.0000 -0.0500 1.0000
v -3.0000 -0.0167 1.0000
v -3.0000 0.0167 1.0000
v -3.0000 0.0500 1.0000
v -1.0000 -0.0500 1.0000
v -1.0000 -0.0167 1.0000
v -1.0000 0.0167 1.0000
v -1.0000 0.0500 1.0000
v -1.0000 -0.0500 0.3333
v -1.0000 -0.0167 0.3333
v -1.0000 0.0167 0.3333
v -1.0000 0.0500 0.3333
v -1.0000 -0.0500 -0.3333
v -1.0000 -0.0167 -0.3333
v -1.0000 0.0167 -0.3333
v -1.0000 0.0500 -0.3333
v -1.0000 -0.0500 -1.0000
v -1.0000 -0.0167 -1.0000
v -1.0000 0.0167 -1.0000
v -1.0000 0.0500 -1.0000
v -3.0000 0.0500 -1.0000
v -3.0000 0.0500 -0.3333
v -3.0000 0.0500 0.3333
v -3.0000 0.0500 1.0000
v -2.3333 0.0500 -1.0000
v -2.3333 0.0500 -0.3333
v -2.3333 0.0500 0.3333
v -2.3333 0.0500 1.0000
v -1.6667 0.0500 -1.0000
v -1.6667 0.0500 -0.3333
v -1.6667 0.0500 0.3333
v -1.6667 0.0500 1.0000
v -1.0000 0.0500 -1.0000
v -1.0000 0.0500 -0.3333
v -1.0000 0.0500 0.3333
v -1.0000 0.0500 1.0000
v -3.0000 -0.0500 1.0000
v -3.0000 -0.0500 0.3333
v -3.0000 -0.0500 -0.3333
v -3.0000 -0.0500 -1.0000
v -2.3333 -0.0500 1.0000
v -2.3333 -0.0500 0.3333
v -2.3333 -0.0500 -0.3333
v -2.3333 -0.0500 -1.0000
v -1.6667 -0.0500 1.0000
v -1.6667 -0.0500 0.3333
v -1.6667 -0.0500 -0.3333
v -1.6667 -0.0500 -1.0000
v -1.0000 -0.0500 1.0000
v -1.0000 -0.0500 0.3333
v -1.0000 -0.0500 -0.3333
v -1.0000 -0.0500 -1.0000
f 2305 2306 2310
f 2305 2310 2309
f 2306 2307 2311
f 2306 2311 2310
f 2307 2308 2312
f 2307 2312 2311
f 2309 2310 2314
f 2309 2314 2313
f 2310 2311 2315
f 2310 2315 2314
f 2311 2312 2316
f 2311 2316 2315
f 2313 2314 2318
f 2313 2318 2317
f 2314 2315 2319
f 2314 2319 2318
f 2315 2316 2320
f 2315 2320 2319
f 2321 2322 2326
f 2321 2326 2325
f 2322 2323 2327
f 2322 2327 2326
f 2323 2324 2328
f 2323 2328 2327
f 2325 2326 2330
f 2325 2330 2329
f 2326 2327 2331
f 2326 2331 2330
f 2327 2328 2332
f 2327 2332 2331
f 2329 2330 2334
f 2329 2334 2333
f 2330 2331 2335
f 2330 2335 2334
f 2331 2332 2336
f 2331 2336 2335
f 2337 2338 2342
f 2337 2342 2341
f 2338 2339 2343
f 2338 2343 2342
f 2339 2340 2344
f 2339 2344 2343
f 2341 2342 2346
f 2341 2346 2345
f 2342 2343 2347
f 2342 2347 2346
f 2343 2344 2348
f 2343 2348 2347
f 2345 2346 2350
f 2345 2350 2349
f 2346 2347 2351
f 2346 2351 2350
f 2347 2348 2352
f 2347 2352 2351
f 2353 2354 2358
f 2353 2358 2357
f 2354 2355 2359
f 2354 2359 2358
f 2355 2356 2360
f 2355 2360 2359
f 2357 2358 2362
f 2357 2362 2361
f 2358 2359 2363
f 2358 2363 2362
f 2359 2360 2364
f 2359 2364 2363
f 2361 2362 2366
f 2361 2366 2365
f 2362 2363 2367
f 2362 2367 2366
f 2363 2364 2368
f 2363 2368 2367
f 2369 2370 2374
f 2369 2374 2373
f 2370 2371 2375
f 2370 2375 2374
f 2371 2372 2376
f 2371 2376 2375
f 2373 2374 2378
f 2373 2378 2377
f 2374 2375 2379
f 2374 2379 2378
f 2375 2376 2380
f 2375 2380 2379
f 2377 2378 2382
f 2377 2382 2381
f 2378 2379 2383
f 2378 2383 2382
f 2379 2380 2384
f 2379 2384 2383
f 2385 2386 2390
f 2385 2390 2389
f 2386 2387 2391
f 2386 2391 2390
f 2387 2388 2392
f 2387 2392 2391
f 2389 2390 2394
f 2389 2394 2393
f 2390 2391 2395
f 2390 2395 2394
f 2391 2392 2396
f 2391 2396 2395
f 2393 2394 2398
f 2393 2398 2397
f 2394 2395 2399
f 2394 2399 2398
f 2395 2396 2400
f 2395 2400 2399
g 바닥 타일_25
v -3.0000 -0.0500 3.0000
v -3.0000 -0.0167 3.0000
v -3.0000 0.0167 3.0000
v -3.0000 0.0500 3.0000
v -2.3333 -0.0500 3.0000
v -2.3333 -0.0167 3.0000
v -2.3333 0.0167 3.0000
v -2.3333 0.0500 3.0000
v -1.6667 -0.0500 3.0000
v -1.6667 -0.0167 3.0000
v -1.6667 0.0167 3.0000
v -1.6667 0.0500 3.0000
v -1.0000 -0.0500 3.0000
v -1.0000 -0.0167 3.0000
v -1.0000 0.0167 3.0000
v -1.0000 0.0500 3.0000
v -1.0000 -0.0500 1.0000
v -1.0000 -0.0167 1.0000
v -1.0000 0.0167 1.0000
v -1.0000 0.0500 1.0000
v -1.6667 -0.0500 1.0000
v -1.6667 -0.0167 1.0000
v -1.6667 0.0167 1.0000
v -1.6667 0.0500 1.0000
v -2.3333 -0.0500 1.0000
v -2.3333 -0.0167 1.0000
v -2.3333 0.0167 1.0000
v -2.3333 0.0500 1.0000
v -3.0000 -0.0500 1.0000
v -3.0000 -0.0167 1.0000
v -3.0000 0.0167 1.0000
v -3.0000 0.0500 1.0000
v -3.0000 -0.0500 1.0000
v -3.0000 -0.0167 1.0000
v -3.0000 0.0167 1.0000
v -3.0000 0.0500 1.0000
v -3.0000 -0.0500 1.6667
v -3.0000 -0.0167 1.6667
v -3.0000 0.0167 1.6667
v -3.0000 0.0500 1.6667
v -3.0000 -0.0500 2.3333
v -3.0000 -0.0167 2.3333
v -3.0000 0.0167 2.3333
v -3.0000 0.0500 2.3333
v -3.0000 -0.0500 3.0000
v -3.0000 -0.0167 3.0000
v -3.0000 0.0167 3.0000
v -3.0000 0.0500 3.0000
v -1.0000 -0.0500 3.0000
v -1.0000 -0.0167 3.0000
v -1.0000 0.0167 3.0000
v -1.0000 0.0500 3.0000
v -1.0000 -0.0500 2.3333
v -1.0000 -0.0167 2.3333
v -1.0000 0.0167 2.3333
v -1.0000 0.0500 2.3333
v -1.0000 -0.0500 1.6667
v -1.0000 -0.0167 1.6667
v -1.0000 0.0167 1.6667
v -1.0000 0.0500 1.6667
v -1.0000 -0.0500 1.0000
v -1.0000 -0.0167 1.0000
v -1.0000 0.0167 1.0000
v -1.0000 0.0500 1.0000
v -3.0000 0.0500 1.0000
v -3.0000 0.0500 1.6667
v -3.0000 0.0500 2.3333
v -3.0000 0.0500 3.0000
v -2.3333 0.0500 1.0000
v -2.3333 0.0500 1.6667
v -2.3333 0.0500 2.3333
v -2.3333 0.0500 3.0000
v -1.6667 0.0500 1.0000
v -1.6667 0.0500 1.6667
v -1.6667 0.0500 2.3333
v -1.6667 0.0500 3.0000
v -1.0000 0.0500 1.0000
v -1.0000 0.0500 1.6667
v -1.0000 0.0500 2.3333
v -1.0000 0.0500 3.0000
v -3.0000 -0.0500 3.0000
v -3.0000 -0.0500 2.3333
v -3.0000 -0.0500 1.6667
v -3.0000 -0.0500 1.0000
v -2.3333 -0.0500 3.0000
v -2.3333 -0.0500 2.3333
v -2.3333 -0.0500 1.6667
v -2.3333 -0.0500 1.0000
v -1.6667 -0.0500 3.0000
v -1.6667 -0.0500 2.3333
v -1.6667 -0.0500 1.6667
v -1.6667 -0.0500 1.0000
v -1.0000 -0.0500 3.0000
v -1.0000 -0.0500 2.3333
v -1.0000 -0.0500 1.6667
v -1.0000 -0.0500 1.0000
f 2401 2402 2406
f 2401 2406 2405
f 2402 2403 2407
f 2402 2407 2406
f 2403 2404 2408
f 2403 2408 2407
f 2405 2406 2410
f 2405 2410 2409
f 2406 2407 2411
f 2406 2411 2410
f 2407 2408 2412
f 2407 2412 2411
f 2409 2410 2414
f 2409 2414 2413
f 2410 2411 2415
f 2410 2415 2414
f 2411 2412 2416
f 2411 2416 2415
f 2417 2418 2422
f 2417 2422 2421
f 2418 2419 2423
f 2418 2423 2422
f 2419 2420 2424
f 2419 2424 2423
f 2421 2422 2426
f 2421 2426 2425
f 2422 2423 2427
f 2422 2427 2426
f 2423 2424 2428
f 2423 2428 2427
f 2425 2426 2430
f 2425 2430 2429
f 2426 2427 2431
f 2426 2431 2430
f 2427 2428 2432
f 2427 2432 2431
f 2433 2434 2438
f 2433 2438 2437
f 2434 2435 2439
f 2434 2439 2438
f 2435 2436 2440
f 2435 2440 2439
f 2437 2438 2442
f 2437 2442 2441
f 2438 2439 2443
f 2438 2443 2442
f 2439 2440 2444
f 2439 2444 2443
f 2441 2442 2446
f 2441 2446 2445
f 2442 2443 2447
f 2442 2447 2446
f 2443 2444 2448
f 2443 2448 2447
f 2449 2450 2454
f 2449 2454 2453
f 2450 2451 2455
f 2450 2455 2454
f 2451 2452 2456
f 2451 2456 2455
f 2453 2454 2458
f 2453 2458 2457
f 2454 2455 2459
f 2454 2459 2458
f 2455 2456 2460
f 2455 2460 2459
f 2457 2458 2462
f 2457 2462 2461
f 2458 2459 2463
f 2458 2463 2462
f 2459 2460 2464
f 2459 2464 2463
f 2465 2466 2470
f 2465 2470 2469
f 2466 2467 2471
f 2466 2471 2470
f 2467 2468 2472
f 2467 2472 2471
f 2469 2470 2474
f 2469 2474 2473
f 2470 2471 2475
f 2470 2475 2474
f 2471 2472 2476
f 2471 2476 2475
f 2473 2474 2478
f 2473 2478 2477
f 2474 2475 2479
f 2474 2479 2478
f 2475 2476 2480
f 2475 2480 2479
f 2481 2482 2486
f 2481 2486 2485
f 2482 2483 2487
f 2482 2487 2486
f 2483 2484 2488
f 2483 2488 2487
f 2485 2486 2490
f 2485 2490 2489
f 2486 2487 2491
f 2486 2491 2490
f 2487 2488 2492
f 2487 2492 2491
f 2489 2490 2494
f 2489 2494 2493
f 2490 2491 2495
f 2490 2495 2494
f 2491 2492 2496
f 2491 2496 2495
g 바닥 타일_26
v -3.0000 -0.0500 5.0000
v -3.0000 -0.0167 5.0000
v -3.0000 0.0167 5.0000
v -3.0000 0.0500 5.0000
v -2.3333 -0.0500 5.0000
v -2.3333 -0.0167 5.0000
v -2.3333 0.0167 5.0000
v -2.3333 0.0500 5.0000
v -1.6667 -0.0500 5.0000
v -1.6667 -0.0167 5.0000
v -1.6667 0.0167 5.0000
v -1.6667 0.0500 5.0000
v -1.0000 -0.0500 5.0000
v -1.0000 -0.0167 5.0000
v -1.0000 0.0167 5.0000
v -1.0000 0.0500 5.0000
v -1.0000 -0.0500 3.0000
v -1.0000 -0.0167 3.0000
v -1.0000 0.0167 3.0000
v -1.0000 0.0500 3.0000
v -1.6667 -0.0500 3.0000
v -1.6667 -0.0167 3.0000
v -1.6667 0.0167 3.0000
v -1.6667 0.0500 3.0000
v -2.3333 -0.0500 3.0000
v -2.3333 -0.0167 3.0000
v -2.3333 0.0167 3.0000
v -2.3333 0.0500 3.0000
v -3.0000 -0.0500 3.0000
v -3.0000 -0.0167 3.0000
v -3.0000 0.0167 3.0000
v -3.0000 0.0500 3.0000
v -3.0000 -0.0500 3.0000
v -3.0000 -0.0167 3.0000
v -3.0000 0.0167 3.0000
v -3.0000 0.0500 3.0000
v -3.0000 -0.0500 3.6667
v -3.0000 -0.0167 3.6667
v -3.0000 0.0167 3.6667
v -3.0000 0.0500 3.6667
v -3.0000 -0.0500 4.3333
v -3.0000 -0.0167 4.3333
v -3.0000 0.0167 4.3333
v -3.0000 0.0500 4.3333
v -3.0000 -0.0500 5.0000
v -3.0000 -0.0167 5.0000
v -3.0000 0.0167 5.0000
v -3.0000 0.0500 5.0000
v -1.0000 -0.0500 5.0000
v -1.0000 -0.0167 5.0000
v -1.0000 0.0167 5.0000
v -1.0000 0.0500 5.0000
v -1.0000 -0.0500 4.3333
v -1.0000 -0.0167 4.3333
v -1.0000 0.0167 4.3333
v -1.0000 0.0500 4.3333
v -1.0000 -0.0500 3.6667
v -1.0000 -0.0167 3.6667
v -1.0000 0.0167 3.6667
v -1.0000 0.0500 3.6667
v -1.0000 -0.0500 3.0000
v -1.0000 -0.0167 3.0000
v -1.0000 0.0167 3.0000
v -1.0000 0.0500 3.0000
v -3.0000 0.0500 3.0000
v -3.0000 0.0500 3.6667
v -3.0000 0.0500 4.3333
v -3.0000 0.0500 5.0000
v -2.3333 0.0500 3.0000
v -2.3333 0.0500 3.6667
v -2.3333 0.0500 4.3333
v -2.3333 0.0500 5.0000
v -1.6667 0.0500 3.0000
v -1.6667 0.0500 3.6667
v -1.6667 0.0500 4.3333
v -1.6667 0.0500 5.0000
v -1.0000 0.0500 3.0000
v -1.0000 0.0500 3.6667
v -1.0000 0.0500 4.3333
v -1.0000 0.0500 5.0000
v -3.0000 -0.0500 5.0000
v -3.0000 -0.0500 4.3333
v -3.0000 -0.0500 3.6667
v -3.0000 -0.0500 3.0000
v -2.3333 -0.0500 5.0000
v -2.3333 -0.0500 4.3333
v -2.3333 -0.0500 3.6667
v -2.3333 -0.0500 3.0000
v -1.6667 -0.0500 5.0000
v -1.6667 -0.0500 4.3333
v -1.6667 -0.0500 3.6667
v -1.6667 -0.0500 3.0000
v -1.0000 -0.0500 5.0000
v -1.0000 -0.0500 4.3333
v -1.0000 -0.0500 3.6667
v -1.0000 -0.0500 3.0000
f 2497 2498 2502
f 2497 2502 2501
f 2498 2499 2503
f 2498 2503 2502
f 2499 2500 2504
f 2499 2504 2503
f 2501 2502 2506
f 2501 2506 2505
f 2502 2503 2507
f 2502 2507 2506
f 2503 2504 2508
f 2503 2508 2507
f 2505 2506 2510
f 2505 2510 2509
f 2506 2507 2511
f 2506 2511 2510
f 2507 2508 2512
f 2507 2512 2511
f 2513 2514 2518
f 2513 2518 2517
f 2514 2515 2519
f 2514 2519 2518
f 2515 2516 2520
f 2515 2520 2519
f 2517 2518 2522
f 2517 2522 2521
f 2518 2519 2523
f 2518 2523 2522
f 2519 2520 2524
f 2519 2524 2523
f 2521 2522 2526
f 2521 2526 2525
f 2522 2523 2527
f 2522 2527 2526
f 2523 2524 2528
f 2523 2528 2527
f 2529 2530 2534
f 2529 2534 2533
f 2530 2531 2535
f 2530 2535 2534
f 2531 2532 2536
f 2531 2536 2535
f 2533 2534 2538
f 2533 2538 2537
f 2534 2535 2539
f 2534 2539 2538
f 2535 2536 2540
f 2535 2540 2539
f 2537 2538 2542
f 2537 2542 2541
f 2538 2539 2543
f 2538 2543 2542
f 2539 2540 2544
f 2539 2544 2543
f 2545 2546 2550
f 2545 2550 2549
f 2546 2547 2551
f 2546 2551 2550
f 2547 2548 2552
f 2547 2552 2551
f 2549 2550 2554
f 2549 2554 2553
f 2550 2551 2555
f 2550 2555 2554
f 2551 2552 2556
f 2551 2556 2555
f 2553 2554 2558
f 2553 2558 2557
f 2554 2555 2559
f 2554 2559 2558
f 2555 2556 2560
f 2555 2560 2559
f 2561 2562 2566
f 2561 2566 2565
f 2562 2563 2567
f 2562 2567 2566
f 2563 2564 2568
f 2563 2568 2567
f 2565 2566 2570
f 2565 2570 2569
f 2566 2567 2571
f 2566 2571 2570
f 2567 2568 2572
f 2567 2572 2571
f 2569 2570 2574
f 2569 2574 2573
f 2570 2571 2575
f 2570 2575 2574
f 2571 2572 2576
f 2571 2576 2575
f 2577 2578 2582
f 2577 2582 2581
f 2578 2579 2583
f 2578 2583 2582
f 2579 2580 2584
f 2579 2584 2583
f 2581 2582 2586
f 2581 2586 2585
f 2582 2583 2587
f 2582 2587 2586
f 2583 2584 2588
f 2583 2588 2587
f 2585 2586 2590
f 2585 2590 2589
f 2586 2587 2591
f 2586 2591 2590
f 2587 2588 2592
f 2587 2592 2591
g 바닥 타일_27
v -3.0000 -0.0500 7.0000
v -3.0000 -0.0167 7.0000
v -3.0000 0.0167 7.0000
v -3.0000 0.0500 7.0000
v -2.3333 -0.0500 7.0000
v -2.3333 -0.0167 7.0000
v -2.3333 0.0167 7.0000
v -2.3333 0.0500 7.0000
v -1.6667 -0.0500 7.0000
v -1.6667 -0.0167 7.0000
v -1.6667 0.0167 7.0000
v -1.6667 0.0500 7.0000
v -1.0000 -0.0500 7.0000
v -1.0000 -0.0167 7.0000
v -1.0000 0.0167 7.0000
v -1.0000 0.0500 7.0000
v -1.0000 -0.0500 5.0000
v -1.0000 -0.0167 5.0000
v -1.0000 0.0167 5.0000
v -1.0000 0.0500 5.0000
v -1.6667 -0.0500 5.0000
v -1.6667 -0.0167 5.0000
v -1.6667 0.0167 5.0000
v -1.6667 0.0500 5.0000
v -2.3333 -0.0500 5.0000
v -2.3333 -0.0167 5.0000
v -2.3333 0.0167 5.0000
v -2.3333 0.0500 5.0000
v -3.0000 -0.0500 5.0000
v -3.0000 -0.0167 5.0000
v -3.0000 0.0167 5.0000
v -3.0000 0.0500 5.0000
v -3.0000 -0.0500 5.0000
v -3.0000 -0.0167 5.0000
v -3.0000 0.0167 5.0000
v -3.0000 0.0500 5.0000
v -3.0000 -0.0500 5.6667
v -3.0000 -0.0167 5.6667
v -3.0000 0.0167 5.6667
v -3.0000 0.0500 5.6667
v -3.0000 -0.0500 6.3333
v -3.0000 -0.0167 6.3333
v -3.0000 0.0167 6.3333
v -3.0000 0.0500 6.3333
v -3.0000 -0.0500 7.0000
v -3.0000 -0.0167 7.0000
v -3.0000 0.0167 7.0000
v -3.0000 0.0500 7.0000
v -1.0000 -0.0500 7.0000
v -1.0000 -0.0167 7.0000
v -1.0000 0.0167 7.0000
v -1.0000 0.0500 7.0000
v -1.0000 -0.0500 6.3333
v -1.0000 -0.0167 6.3333
v -1.0000 0.0167 6.3333
v -1.0000 0.0500 6.3333
v -1.0000 -0.0500 5.6667
v -1.0000 -0.0167 5.6667
v -1.0000 0.0167 5.6667
v -1.0000 0.0500 5.6667
v -1.0000 -0.0500 5.0000
v -1.0000 -0.0167 5.0000
v -1.0000 0.0167 5.0000
v -1.0000 0.0500 5.0000
v -3.0000 0.0500 5.0000
v -3.0000 0.0500 5.6667
v -3.0000 0.0500 6.3333
v -3.0000 0.0500 7.0000
v -2.3333 0.0500 5.0000
v -2.3333 0.0500 5.6667
v -2.3333 0.0500 6.3333
v -2.3333 0.0500 7.0000
v -1.6667 0.0500 5.0000
v -1.6667 0.0500 5.6667
v -1.6667 0.0500 6.3333
v -1.6667 0.0500 7.0000
v -1.0000 0.0500 5.0000
v -1.0000 0.0500 5.6667
v -1.0000 0.0500 6.3333
v -1.0000 0.0500 7.0000
v -3.0000 -0.0500 7.0000
v -3.0000 -0.0500 6.3333
v -3.0000 -0.0500 5.6667
v -3.0000 -0.0500 5.0000
v -2.3333 -0.0500 7.0000
v -2.3333 -0.0500 6.3333
v -2.3333 -0.0500 5.6667
v -2.3333 -0.0500 5.0000
v -1.6667 -0.0500 7.0000
v -1.6667 -0.0500 6.3333
v -1.6667 -0.0500 5.6667
v -1.6667 -0.0500 5.0000
v -1.0000 -0.0500 7.0000
v -1.0000 -0.0500 6.3333
v -1.0000 -0.0500 5.6667
v -1.0000 -0.0500 5.0000
f 2593 2594 2598
f 2593 2598 2597
f 2594 2595 2599
f 2594 2599 2598
f 2595 2596 2600
f 2595 2600 2599
f 2597 2598 2602
f 2597 2602 2601
f 2598 2599 2603
f 2598 2603 2602
f 2599 2600 2604
f 2599 2604 2603
f 2601 2602 2606
f 2601 2606 2605
f 2602 2603 2607
f 2602 2607 2606
f 2603 2604 2608
f 2603 2608 2607
f 2609 2610 2614
f 2609 2614 2613
f 2610 2611 2615
f 2610 2615 2614
f 2611 2612 2616
f 2611 2616 2615
f 2613 2614 2618
f 2613 2618 2617
f 2614 2615 2619
f 2614 2619 2618
f 2615 2616 2620
f 2615 2620 2619
f 2617 2618 2622
f 2617 2622 2621
f 2618 2619 2623
f 2618 2623 2622
f 2619 2620 2624
f 2619 2624 2623
f 2625 2626 2630
f 2625 2630 2629
f 2626 2627 2631
f 2626 2631 2630
f 2627 2628 2632
f 2627 2632 2631
f 2629 2630 2634
f 2629 2634 2633
f 2630 2631 2635
f 2630 2635 2634
f 2631 2632 2636
f 2631 2636 2635
f 2633 2634 2638
f 2633 2638 2637
f 2634 2635 2639
f 2634 2639 2638
f 2635 2636 2640
f 2635 2640 2639
f 2641 2642 2646
f 2641 2646 2645
f 2642 2643 2647
f 2642 2647 2646
f 2643 2644 2648
f 2643 2648 2647
f 2645 2646 2650
f 2645 2650 2649
f 2646 2647 2651
f 2646 2651 2650
f 2647 2648 2652
f 2647 2652 2651
f 2649 2650 2654
f 2649 2654 2653
f 2650 2651 2655
f 2650 2655 2654
f 2651 2652 2656
f 2651 2656 2655
f 2657 2658 2662
f 2657 2662 2661
f 2658 2659 2663
f 2658 2663 2662
f 2659 2660 2664
f 2659 2664 2663
f 2661 2662 2666
f 2661 2666 2665
f 2662 2663 2667
f 2662 2667 2666
f 2663 2664 2668
f 2663 2668 2667
f 2665 2666 2670
f 2665 2670 2669
f 2666 2667 2671
f 2666 2671 2670
f 2667 2668 2672
f 2667 2672 2671
f 2673 2674 2678
f 2673 2678 2677
f 2674 2675 2679
f 2674 2679 2678
f 2675 2676 2680
f 2675 2680 2679
f 2677 2678 2682
f 2677 2682 2681
f 2678 2679 2683
f 2678 2683 2682
f 2679 2680 2684
f 2679 2684 2683
f 2681 2682 2686
f 2681 2686 2685
f 2682 2683 2687
f 2682 2687 2686
f 2683 2684 2688
f 2683 2688 2687
g 바닥 타일_28
v -1.0000 -0.0500 -5.0000
v -1.0000 -0.0167 -5.0000
v -1.0000 0.0167 -5.0000
v -1.0000 0.0500 -5.0000
v -0.3333 -0.0500 -5.0000
v -0.3333 -0.0167 -5.0000
v -0.3333 0.0167 -5.0000
v -0.3333 0.0500 -5.0000
v 0.3333 -0.0500 -5.0000
v 0.3333 -0.0167 -5.0000
v 0.3333 0.0167 -5.0000
v 0.3333 0.0500 -5.0000
v 1.0000 -0.0500 -5.0000
v 1.0000 -0.0167 -5.0000
v 1.0000 0.0167 -5.0000
v 1.0000 0.0500 -5.0000
v 1.0000 -0.0500 -7.0000
v 1.0000 -0.0167 -7.0000
v 1.0000 0.0167 -7.0000
v 1.0000 0.0500 -7.0000
v 0.3333 -0.0500 -7.0000
v 0.3333 -0.0167 -7.0000
v 0.3333 0.0167 -7.0000
v 0.3333 0.0500 -7.0000
v -0.3333 -0.0500 -7.0000
v -0.3333 -0.0167 -7.0000
v -0.3333 0.0167 -7.0000
v -0.3333 0.0500 -7.0000
v -1.0000 -0.0500 -7.0000
v -1.0000 -0.0167 -7.0000
v -1.0000 0.0167 -7.0000
v -1.0000 0.0500 -7.0000
v -1.0000 -0.0500 -7.0000
v -1.0000 -0.0167 -7.0000
v -1.0000 0.0167 -7.0000
v -1.0000 0.0500 -7.0000
v -1.0000 -0.0500 -6.3333
v -1.0000 -0.0167 -6.3333
v -1.0000 0.0167 -6.3333
v -1.0000 0.0500 -6.3333
v -1.0000 -0.0500 -5.6667
v -1.0000 -0.0167 -5.6667
v -1.0000 0.0167 -5.6667
v -1.0000 0.0500 -5.6667
v -1.0000 -0.0500 -5.0000
v -1.0000 -0.0167 -5.0000
v -1.0000 0.0167 -5.0000
v -1.0000 0.0500 -5.0000
v 1.0000 -0.0500 -5.0000
v 1.0000 -0.0167 -5.0000
v 1.0000 0.0167 -5.0000
v 1.0000 0.0500 -5.0000
v 1.0000 -0.0500 -5.6667
v 1.0000 -0.0167 -5.6667
v 1.0000 0.0167 -5.6667
v 1.0000 0.0500 -5.6667
v 1.0000 -0.0500 -6.3333
v 1.0000 -0.0167 -6.3333
v 1.0000 0.0167 -6.3333
v 1.0000 0.0500 -6.3333
v 1.0000 -0.0500 -7.0000
v 1.0000 -0.0167 -7.0000
v 1.0000 0.0167 -7.0000
v 1.0000 0.0500 -7.0000
v -1.0000 0.0500 -7.0000
v -1.0000 0.0500 -6.3333
v -1.0000 0.0500 -5.6667
v -1.0000 0.0500 -5.0000
v -0.3333 0.0500 -7.0000
v -0.3333 0.0500 -6.3333
v -0.3333 0.0500 -5.6667
v -0.3333 0.0500 -5.0000
v 0.3333 0.0500 -7.0000
v 0.3333 0.0500 -6.3333
v 0.3333 0.0500 -5.6667
v 0.3333 0.0500 -5.0000
v 1.0000 0.0500 -7.0000
v 1.0000 0.0500 -6.3333
v 1.0000 0.0500 -5.6667
v 1.0000 0.0500 -5.0000
v -1.0000 -0.0500 -5.0000
v -1.0000 -0.0500 -5.6667
v -1.0000 -0.0500 -6.3333
v -1.0000 -0.0500 -7.0000
v -0.3333 -0.0500 -5.0000
v -0.3333 -0.0500 -5.6667
v -0.3333 -0.0500 -6.3333
v -0.3333 -0.0500 -7.0000
v 0.3333 -0.0500 -5.0000
v 0.3333 -0.0500 -5.6667
v 0.3333 -0.0500 -6.3333
v 0.3333 -0.0500 -7.0000
v 1.0000 -0.0500 -5.0000
v 1.0000 -0.0500 -5.6667
v 1.0000 -0.0500 -6.3333
v 1.0000 -0.0500 -7.0000
f 2689 2690 2694
f 2689 2694 2693
f 2690 2691 2695
f 2690 2695 2694
f 2691 2692 2696
f 2691 2696 2695
f 2693 2694 2698
f 2693 2698 2697
f 2694 2695 2699
f 2694 2699 2698
f 2695 2696 2700
f 2695 2700 2699
f 2697 2698 2702
f 2697 2702 2701
f 2698 2699 2703
f 2698 2703 2702
f 2699 2700 2704
f 2699 2704 2703
f 2705 2706 2710
f 2705 2710 2709
f 2706 2707 2711
f 2706 2711 2710
f 2707 2708 2712
f 2707 2712 2711
f 2709 2710 2714
f 2709 2714 2713
f 2710 2711 2715
f 2710 2715 2714
f 2711 2712 2716
f 2711 2716 2715
f 2713 2714 2718
f 2713 2718 2717
f 2714 2715 2719
f 2714 2719 2718
f 2715 2716 2720
f 2715 2720 2719
f 2721 2722 2726
f 2721 2726 2725
f 2722 2723 2727
f 2722 2727 2726
f 2723 2724 2728
f 2723 2728 2727
f 2725 2726 2730
f 2725 2730 2729
f 2726 2727 2731
f 2726 2731 2730
f 2727 2728 2732
f 2727 2732 2731
f 2729 2730 2734
f 2729 2734 2733
f 2730 2731 2735
f 2730 2735 2734
f 2731 2732 2736
f 2731 2736 2735
f 2737 2738 2742
f 2737 2742 2741
f 2738 2739 2743
f 2738 2743 2742
f 2739 2740 2744
f 2739 2744 2743
f 2741 2742 2746
f 2741 2746 2745
f 2742 2743 2747
f 2742 2747 2746
f 2743 2744 2748
f 2743 2748 2747
f 2745 2746 2750
f 2745 2750 2749
f 2746 2747 2751
f 2746 2751 2750
f 2747 2748 2752
f 2747 2752 2751
f 2753 2754 2758
f 2753 2758 2757
f 2754 2755 2759
f 2754 2759 2758
f 2755 2756 2760
f 2755 2760 2759
f 2757 2758 2762
f 2757 2762 2761
f 2758 2759 2763
f 2758 2763 2762
f 2759 2760 2764
f 2759 2764 2763
f 2761 2762 2766
f 2761 2766 2765
f 2762 2763 2767
f 2762 2767 2766
f 2763 2764 2768
f 2763 2768 2767
f 2769 2770 2774
f 2769 2774 2773
f 2770 2771 2775
f 2770 2775 2774
f 2771 2772 2776
f 2771 2776 2775
f 2773 2774 2778
f 2773 2778 2777
f 2774 2775 2779
f 2774 2779 2778
f 2775 2776 2780
f 2775 2780 2779
f 2777 2778 2782
f 2777 2782 2781
f 2778 2779 2783
f 2778 2783 2782
f 2779 2780 2784
f 2779 2784 2783
g 바닥 타일_29
v -1.0000 -0.0500 -3.0000
v -1.0000 -0.0167 -3.0000
v -1.0000 0.0167 -3.0000
v -1.0000 0.0500 -3.0000
v -0.3333 -0.0500 -3.0000
v -0.3333 -0.0167 -3.0000
v -0.3333 0.0167 -3.0000
v -0.3333 0.0500 -3.0000
v 0.3333 -0.0500 -3.0000
v 0.3333 -0.0167 -3.0000
v 0.3333 0.0167 -3.0000
v 0.3333 0.0500 -3.0000
v 1.0000 -0.0500 -3.0000
v 1.0000 -0.0167 -3.0000
v 1.0000 0.0167 -3.0000
v 1.0000 0.0500 -3.0000
v 1.0000 -0.0500 -5.0000
v 1.0000 -0.0167 -5.0000
v 1.0000 0.0167 -5.0000
v 1.0000 0.0500 -5.0000
v 0.3333 -0.0500 -5.0000
v 0.3333 -0.0167 -5.0000
v 0.3333 0.0167 -5.0000
v 0.3333 0.0500 -5.0000
v -0.3333 -0.0500 -5.0000
v -0.3333 -0.0167 -5.0000
v -0.3333 0.0167 -5.0000
v -0.3333 0.0500 -5.0000
v -1.0000 -0.0500 -5.0000
v -1.0000 -0.0167 -5.0000
v -1.0000 0.0167 -5.0000
v -1.0000 0.0500 -5.0000
v -1.0000 -0.0500 -5.0000
v -1.0000 -0.0167 -5.0000
v -1.0000 0.0167 -5.0000
v -1.0000 0.0500 -5.0000
v -1.0000 -0.0500 -4.3333
v -1.0000 -0.0167 -4.3333
v -1.0000 0.0167 -4.3333
v -1.0000 0.0500 -4.3333
v -1.0000 -0.0500 -3.6667
v -1.0000 -0.0167 -3.6667
v -1.0000 0.0167 -3.6667
v -1.0000 0.0500 -3.6667
v -1.0000 -0.0500 -3.0000
v -1.0000 -0.0167 -3.0000
v -1.0000 0.0167 -3.0000
v -1.0000 0.0500 -3.0000
v 1.0000 -0.0500 -3.0000
v 1.0000 -0.0167 -3.0000
v 1.0000 0.0167 -3.0000
v 1.0000 0.0500 -3.0000
v 1.0000 -0.0500 -3.6667
v 1.0000 -0.0167 -3.6667
v 1.0000 0.0167 -3.6667
v 1.0000 0.0500 -3.6667
v 1.0000 -0.0500 -4.3333
v 1.0000 -0.0167 -4.3333
v 1.0000 0.0167 -4.3333
v 1.0000 0.0500 -4.3333
v 1.0000 -0.0500 -5.0000
v 1.0000 -0.0167 -5.0000
v 1.0000 0.0167 -5.0000
v 1.0000 0.0500 -5.0000
v -1.0000 0.0500 -5.0000
v -1.0000 0.0500 -4.3333
v -1.0000 0.0500 -3.6667
v -1.0000 0.0500 -3.0000
v -0.3333 0.0500 -5.0000
v -0.3333 0.0500 -4.3333
v -0.3333 0.0500 -3.6667
v -0.3333 0.0500 -3.0000
v 0.3333 0.0500 -5.0000
v 0.3333 0.0500 -4.3333
v 0.3333 0.0500 -3.6667
v 0.3333 0.0500 -3.0000
v 1.0000 0.0500 -5.0000
v 1.0000 0.0500 -4.3333
v 1.0000 0.0500 -3.6667
v 1.0000 0.0500 -3.0000
v -1.0000 -0.0500 -3.0000
v -1.0000 -0.0500 -3.6667
v -1.0000 -0.0500 -4.3333
v -1.0000 -0.0500 -5.0000
v -0.3333 -0.0500 -3.0000
v -0.3333 -0.0500 -3.6667
v -0.3333 -0.0500 -4.3333
v -0.3333 -0.0500 -5.0000
v 0.3333 -0.0500 -3.0000
v 0.3333 -0.0500 -3.6667
v 0.3333 -0.0500 -4.3333
v 0.3333 -0.0500 -5.0000
v 1.0000 -0.0500 -3.0000
v 1.0000 -0.0500 -3.6667
v 1.0000 -0.0500 -4.3333
v 1.0000 -0.0500 -5.0000
f 2785 2786 2790
f 2785 2790 2789
f 2786 2787 2791
f 2786 2791 2790
f 2787 2788 2792
f 2787 2792 2791
f 2789 2790 2794
f 2789 2794 2793
f 2790 2791 2795
f 2790 2795 2794
f 2791 2792 2796
f 2791 2796 2795
f 2793 2794 2798
f 2793 2798 2797
f 2794 2795 2799
f 2794 2799 2798
f 2795 2796 2800
f 2795 2800 2799
f 2801 2802 2806
f 2801 2806 2805
f 2802 2803 2807
f 2802 2807 2806
f 2803 2804 2808
f 2803 2808 2807
f 2805 2806 2810
f 2805 2810 2809
f 2806 2807 2811
f 2806 2811 2810
f 2807 2808 2812
f 2807 2812 2811
f 2809 2810 2814
f 2809 2814 2813
f 2810 2811 2815
f 2810 2815 2814
f 2811 2812 2816
f 2811 2816 2815
f 2817 2818 2822
f 2817 2822 2821
f 2818 2819 2823
f 2818 2823 2822
f 2819 2820 2824
f 2819 2824 2823
f 2821 2822 2826
f 2821 2826 2825
f 2822 2823 2827
f 2822 2827 2826
f 2823 2824 2828
f 2823 2828 2827
f 2825 2826 2830
f 2825 2830 2829
f 2826 2827 2831
f 2826 2831 2830
f 2827 2828 2832
f 2827 2832 2831
f 2833 2834 2838
f 2833 2838 2837
f 2834 2835 2839
f 2834 2839 2838
f 2835 2836 2840
f 2835 2840 2839
f 2837 2838 2842
f 2837 2842 2841
f 2838 2839 2843
f 2838 2843 2842
f 2839 2840 2844
f 2839 2844 2843
f 2841 2842 2846
f 2841 2846 2845
f 2842 2843 2847
f 2842 2847 2846
f 2843 2844 2848
f 2843 2848 2847
f 2849 2850 2854
f 2849 2854 2853
f 2850 2851 2855
f 2850 2855 2854
f 2851 2852 2856
f 2851 2856 2855
f 2853 2854 2858
f 2853 2858 2857
f 2854 2855 2859
f 2854 2859 2858
f 2855 2856 2860
f 2855 2860 2859
f 2857 2858 2862
f 2857 2862 2861
f 2858 2859 2863
f 2858 2863 2862
f 2859 2860 2864
f 2859 2864 2863
f 2865 2866 2870
f 2865 2870 2869
f 2866 2867 2871
f 2866 2871 2870
f 2867 2868 2872
f 2867 2872 2871
f 2869 2870 2874
f 2869 2874 2873
f 2870 2871 2875
f 2870 2875 2874
f 2871 2872 2876
f 2871 2876 2875
f 2873 2874 2878
f 2873 2878 2877
f 2874 2875 2879
f 2874 2879 2878
f 2875 2876 2880
f 2875 2880 2879
g 바닥 타일_30
v -1.0000 -0.0500 -1.0000
v -1.0000 -0.0167 -1.0000
v -1.0000 0.0167 -1.0000
v -1.0000 0.0500 -1.0000
v -0.3333 -0.0500 -1.0000
v -0.3333 -0.0167 -1.0000
v -0.3333 0.0167 -1.0000
v -0.3333 0.0500 -1.0000
v 0.3333 -0.0500 -1.0000
v 0.3333 -0.0167 -1.0000
v 0.3333 0.0167 -1.0000
v 0.3333 0.0500 -1.0000
v 1.0000 -0.0500 -1.0000
v 1.0000 -0.0167 -1.0000
v 1.0000 0.0167 -1.0000
v 1.0000 0.0500 -1.0000
v 1.0000 -0.0500 -3.0000
v 1.0000 -0.0167 -3.0000
v 1.0000 0.0167 -3.0000
v 1.0000 0.0500 -3.0000
v 0.3333 -0.0500 -3.0000
v 0.3333 -0.0167 -3.0000
v 0.3333 0.0167 -3.0000
v 0.3333 0.0500 -3.0000
v -0.3333 -0.0500 -3.0000
v -0.3333 -0.0167 -3.0000
v -0.3333 0.0167 -3.0000
v -0.3333 0.0500 -3.0000
v -1.0000 -0.0500 -3.0000
v -1.0000 -0.0167 -3.0000
v -1.0000 0.0167 -3.0000
v -1.0000 0.0500 -3.0000
v -1.0000 -0.0500 -3.0000
v -1.0000 -0.0167 -3.0000
v -1.0000 0.0167 -3.0000
v -1.0000 0.0500 -3.0000
v -1.0000 -0.0500 -2.3333
v -1.0000 -0.0167 -2.3333
v -1.0000 0.0167 -2.3333
v -1.0000 0.0500 -2.3333
v -1.0000 -0.0500 -1.6667
v -1.0000 -0.0167 -1.6667
v -1.0000 0.0167 -1.6667
v -1.0000 0.0500 -1.6667
v -1.0000 -0.0500 -1.0000
v -1.0000 -0.0167 -1.0000
v -1.0000 0.0167 -1.0000
v -1.0000 0.0500 -1.0000
v 1.0000 -0.0500 -1.0000
v 1.0000 -0.0167 -1.0000
v 1.0000 0.0167 -1.0000
v 1.0000 0.0500 -1.0000
v 1.0000 -0.0500 -1.6667
v 1.0000 -0.0167 -1.6667
v 1.0000 0.0167 -1.6667
v 1.0000 0.0500 -1.6667
v 1.0000 -0.0500 -2.3333
v 1.0000 -0.0167 -2.3333
v 1.0000 0.0167 -2.3333
v 1.0000 0.0500 -2.3333
v 1.0000 -0.0500 -3.0000
v 1.0000 -0.0167 -3.0000
v 1.0000 0.0167 -3.0000
v 1.0000 0.0500 -3.0000
v -1.0000 0.0500 -3.0000
v -1.0000 0.0500 -2.3333
v -1.0000 0.0500 -1.6667
v -1.0000 0.0500 -1.0000
v -0.3333 0.0500 -3.0000
v -0.3333 0.0500 -2.3333
v -0.3333 0.0500 -1.6667
v -0.3333 0.0500 -1.0000
v 0.3333 0.0500 -3.0000
v 0.3333 0.0500 -2.3333
v 0.3333 0.0500 -1.6667
v 0.3333 0.0500 -1.0000
v 1.0000 0.0500 -3.0000
v 1.0000 0.0500 -2.3333
v 1.0000 0.0500 -1.6667
v 1.0000 0.0500 -1.0000
v -1.0000 -0.0500 -1.0000
v -1.0000 -0.0500 -1.6667
v -1.0000 -0.0500 -2.3333
v -1.0000 -0.0500 -3.0000
v -0.3333 -0.0500 -1.0000
v -0.3333 -0.0500 -1.6667
v -0.3333 -0.0500 -2.3333
v -0.3333 -0.0500 -3.0000
v 0.3333 -0.0500 -1.0000
v 0.3333 -0.0500 -1.6667
v 0.3333 -0.0500 -2.3333
v 0.3333 -0.0500 -3.0000
v 1.0000 -0.0500 -1.0000
v 1.0000 -0.0500 -1.6667
v 1.0000 -0.0500 -2.3333
v 1.0000 -0.0500 -3.0000
f 2881 2882 2886
f 2881 2886 2885
f 2882 2883 2887
f 2882 2887 2886
f 2883 2884 2888
f 2883 2888 2887
f 2885 2886 2890
f 2885 2890 2889
f 2886 2887 2891
f 2886 2891 2890
f 2887 2888 2892
f 2887 2892 2891
f 2889 2890 2894
f 2889 2894 2893
f 2890 2891 2895
f 2890 2895 2894
f 2891 2892 2896
f 2891 2896 2895
f 2897 2898 2902
f 2897 2902 2901
f 2898 2899 2903
f 2898 2903 2902
f 2899 2900 2904
f 2899 2904 2903
f 2901 2902 2906
f 2901 2906 2905
f 2902 2903 2907
f 2902 2907 2906
f 2903 2904 2908
f 2903 2908 2907
f 2905 2906 2910
f 2905 2910 2909
f 2906 2907 2911
f 2906 2911 2910
f 2907 2908 2912
f 2907 2912 2911
f 2913 2914 2918
f 2913 2918 2917
f 2914 2915 2919
f 2914 2919 2918
f 2915 2916 2920
f 2915 2920 2919
f 2917 2918 2922
f 2917 2922 2921
f 2918 2919 2923
f 2918 2923 2922
f 2919 2920 2924
f 2919 2924 2923
f 2921 2922 2926
f 2921 2926 2925
f 2922 2923 2927
f 2922 2927 2926
f 2923 2924 2928
f 2923 2928 2927
f 2929 2930 2934
f 2929 2934 2933
f 2930 2931 2935
f 2930 2935 2934
f 2931 2932 2936
f 2931 2936 2935
f 2933 2934 2938
f 2933 2938 2937
f 2934 2935 2939
f 2934 2939 2938
f 2935 2936 2940
f 2935 2940 2939
f 2937 2938 2942
f 2937 2942 2941
f 2938 2939 2943
f 2938 2943 2942
f 2939 2940 2944
f 2939 2944 2943
f 2945 2946 2950
f 2945 2950 2949
f 2946 2947 2951
f 2946 2951 2950
f 2947 2948 2952
f 2947 2952 2951
f 2949 2950 2954
f 2949 2954 2953
f 2950 2951 2955
f 2950 2955 2954
f 2951 2952 2956
f 2951 2956 2955
f 2953 2954 2958
f 2953 2958 2957
f 2954 2955 2959
f 2954 2959 2958
f 2955 2956 2960
f 2955 2960 2959
f 2961 2962 2966
f 2961 2966 2965
f 2962 2963 2967
f 2962 2967 2966
f 2963 2964 2968
f 2963 2968 2967
f 2965 2966 2970
f 2965 2970 2969
f 2966 2967 2971
f 2966 2971 2970
f 2967 2968 2972
f 2967 2972 2971
f 2969 2970 2974
f 2969 2974 2973
f 2970 2971 2975
f 2970 2975 2974
f 2971 2972 2976
f 2971 2976 2975
g 바닥 타일_31
v -1.0000 -0.0500 1.0000
v -1.0000 -0.0167 1.0000
v -1.0000 0.0167 1.0000
v -1.0000 0.0500 1.0000
v -0.3333 -0.0500 1.0000
v -0.3333 -0.0167 1.0000
v -0.3333 0.0167 1.0000
v -0.3333 0.0500 1.0000
v 0.3333 -0.0500 1.0000
v 0.3333 -0.0167 1.0000
v 0.3333 0.0167 1.0000
v 0.3333 0.0500 1.0000
v 1.0000 -0.0500 1.0000
v 1.0000 -0.0167 1.0000
v 1.0000 0.0167 1.0000
v 1.0000 0.0500 1.0000
v 1.0000 -0.0500 -1.0000
v 1.0000 -0.0167 -1.0000
v 1.0000 0.0167 -1.0000
v 1.0000 0.0500 -1.0000
v 0.3333 -0.0500 -1.0000
v 0.3333 -0.0167 -1.0000
v 0.3333 0.0167 -1.0000
v 0.3333 0.0500 -1.0000
v -0.3333 -0.0500 -1.0000
v -0.3333 -0.0167 -1.0000
v -0.3333 0.0167 -1.0000
v -0.3333 0.0500 -1.0000
v -1.0000 -0.0500 -1.0000
v -1.0000 -0.0167 -1.0000
v -1.0000 0.0167 -1.0000
v -1.0000 0.0500 -1.0000
v -1.0000 -0.0500 -1.0000
v -1.0000 -0.0167 -1.0000
v -1.0000 0.0167 -1.0000
v -1.0000 0.0500 -1.0000
v -1.0000 -0.0500 -0.3333
v -1.0000 -0.0167 -0.3333
v -1.0000 0.0167 -0.3333
v -1.0000 0.0500 -0.3333
v -1.0000 -0.0500 0.3333
v -1.0000 -0.0167 0.3333
v -1.0000 0.0167 0.3333
v -1.0000 0.0500 0.3333
v -1.0000 -0.0500 1.0000
v -1.0000 -0.0167 1.0000
v -1.0000 0.0167 1.0000
v -1.0000 0.0500 1.0000
v 1.0000 -0.0500 1.0000
v 1.0000 -0.0167 1.0000
v 1.0000 0.0167 1.0000
v 1.0000 0.0500 1.0000
v 1.0000 -0.0500 0.3333
v 1.0000 -0.0167 0.3333
v 1.0000 0.0167 0.3333
v 1.0000 0.0500 0.3333
v 1.0000 -0.0500 -0.3333
v 1.0000 -0.0167 -0.3333
v 1.0000 0.0167 -0.3333
v 1.0000 0.0500 -0.3333
v 1.0000 -0.0500 -1.0000
v 1.0000 -0.0167 -1.0000
v 1.0000 0.0167 -1.0000
v 1.0000 0.0500 -1.0000
v -1.0000 0.0500 -1.0000
v -1.0000 0.0500 -0.3333
v -1.0000 0.0500 0.3333
v -1.0000 0.0500 1.0000
v -0.3333 0.0500 -1.0000
v -0.3333 0.0500 -0.3333
v -0.3333 0.0500 0.3333
v -0.3333 0.0500 1.0000
v 0.3333 0.0500 -1.0000
v 0.3333 0.0500 -0.3333
v 0.3333 0.0500 0.3333
v 0.3333 0.0500 1.0000
v 1.0000 0.0500 -1.0000
v 1.0000 0.0500 -0.3333
v 1.0000 0.0500 0.3333
v 1.0000 0.0500 1.0000
v -1.0000 -0.0500 1.0000
v -1.0000 -0.0500 0.3333
v -1.0000 -0.0500 -0.3333
v -1.0000 -0.0500 -1.0000
v -0.3333 -0.0500 1.0000
v -0.3333 -0.0500 0.3333
v -0.3333 -0.0500 -0.3333
v -0.3333 -0.0500 -1.0000
v 0.3333 -0.0500 1.0000
v 0.3333 -0.0500 0.3333
v 0.3333 -0.0500 -0.3333
v 0.3333 -0.0500 -1.0000
v 1.0000 -0.0500 1.0000
v 1.0000 -0.0500 0.3333
v 1.0000 -0.0500 -0.3333
v 1.0000 -0.0500 -1.0000
f 2977 2978 2982
f 2977 2982 2981
f 2978 2979 2983
f 2978 2983 2982
f 2979 2980 2984
f 2979 2984 2983
f 2981 2982 2986
f 2981 2986 2985
f 2982 2983 2987
f 2982 2987 2986
f 2983 2984 2988
f 2983 2988 2987
f 2985 2986 2990
f 2985 2990 2989
f 2986 2987 2991
f 2986 2991 2990
f 2987 2988 2992
f 2987 2992 2991
f 2993 2994 2998
f 2993 2998 2997
f 2994 2995 2999
f 2994 2999 2998
f 2995 2996 3000
f 2995 3000 2999
f 2997 2998 3002
f 2997 3002 3001
f 2998 2999 3003
f 2998 3003 3002
f 2999 3000 3004
f 2999 3004 3003
f 3001 3002 3006
f 3001 3006 3005
f 3002 3003 3007
f 3002 3007 3006
f 3003 3004 3008
f 3003 3008 3007
f 3009 3010 3014
f 3009 3014 3013
f 3010 3011 3015
f 3010 3015 3014
f 3011 3012 3016
f 3011 3016 3015
f 3013 3014 3018
f 3013 3018 3017
f 3014 3015 3019
f 3014 3019 3018
f 3015 3016 3020
f 3015 3020 3019
f 3017 3018 3022
f 3017 3022 3021
f 3018 3019 3023
f 3018 3023 3022
f 3019 3020 3024
f 3019 3024 3023
f 3025 3026 3030
f 3025 3030 3029
f 3026 3027 3031
f 3026 3031 3030
f 3027 3028 3032
f 3027 3032 3031
f 3029 3030 3034
f 3029 3034 3033
f 3030 3031 3035
f 3030 3035 3034
f 3031 3032 3036
f 3031 3036 3035
f 3033 3034 3038
f 3033 3038 3037
f 3034 3035 3039
f 3034 3039 3038
f 3035 3036 3040
f 3035 3040 3039
f 3041 3042 3046
f 3041 3046 3045
f 3042 3043 3047
f 3042 3047 3046
f 3043 3044 3048
f 3043 3048 3047
f 3045 3046 3050
f 3045 3050 3049
f 3046 3047 3051
f 3046 3051 3050
f 3047 3048 3052
f 3047 3052 3051
f 3049 3050 3054
f 3049 3054 3053
f 3050 3051 3055
f 3050 3055 3054
f 3051 3052 3056
f 3051 3056 3055
f 3057 3058 3062
f 3057 3062 3061
f 3058 3059 3063
f 3058 3063 3062
f 3059 3060 3064
f 3059 3064 3063
f 3061 3062 3066
f 3061 3066 3065
f 3062 3063 3067
f 3062 3067 3066
f 3063 3064 3068
f 3063 3068 3067
f 3065 3066 3070
f 3065 3070 3069
f 3066 3067 3071
f 3066 3071 3070
f 3067 3068 3072
f 3067 3072 3071
g 바닥 타일_32
v -1.0000 -0.0500 3.0000
v -1.0000 -0.0167 3.0000
v -1.0000 0.0167 3.0000
v -1.0000 0.0500 3.0000
v -0.3333 -0.0500 3.0000
v -0.3333 -0.0167 3.0000
v -0.3333 0.0167 3.0000
v -0.3333 0.0500 3.0000
v 0.3333 -0.0500 3.0000
v 0.3333 -0.0167 3.0000
v 0.3333 0.0167 3.0000
v 0.3333 0.0500 3.0000
v 1.0000 -0.0500 3.0000
v 1.0000 -0.0167 3.0000
v 1.0000 0.0167 3.0000
v 1.0000 0.0500 3.0000
v 1.0000 -0.0500 1.0000
v 1.0000 -0.0167 1.0000
v 1.0000 0.0167 1.0000
v 1.0000 0.0500 1.0000
v 0.3333 -0.0500 1.0000
v 0.3333 -0.0167 1.0000
v 0.3333 0.0167 1.0000
v 0.3333 0.0500 1.0000
v -0.3333 -0.0500 1.0000
v -0.3333 -0.0167 1.0000
v -0.3333 0.0167 1.0000
v -0.3333 0.0500 1.0000
v -1.0000 -0.0500 1.0000
v -1.0000 -0.0167 1.0000
v -1.0000 0.0167 1.0000
v -1.0000 0.0500 1.0000
v -1.0000 -0.0500 1.0000
v -1.0000 -0.0167 1.0000
v -1.0000 0.0167 1.0000
v -1.0000 0.0500 1.0000
v -1.0000 -0.0500 1.6667
v -1.0000 -0.0167 1.6667
v -1.0000 0.0167 1.6667
v -1.0000 0.0500 1.6667
v -1.0000 -0.0500 2.3333
v -1.0000 -0.0167 2.3333
v -1.0000 0.0167 2.3333
v -1.0000 0.0500 2.3333
v -1.0000 -0.0500 3.0000
v -1.0000 -0.0167 3.0000
v -1.0000 0.0167 3.0000
v -1.0000 0.0500 3.0000
v 1.0000 -0.0500 3.0000
v 1.0000 -0.0167 3.0000
v 1.0000 0.0167 3.0000
v 1.0000 0.0500 3.0000
v 1.0000 -0.0500 2.3333
v 1.0000 -0.0167 2.3333
v 1.0000 0.0167 2.3333
v 1.0000 0.0500 2.3333
v 1.0000 -0.0500 1.6667
v 1.0000 -0.0167 1.6667
v 1.0000 0.0167 1.6667
v 1.0000 0.0500 1.6667
v 1.0000 -0.0500 1.0000
v 1.0000 -0.0167 1.0000
v 1.0000 0.0167 1.0000
v 1.0000 0.0500 1.0000
v -1.0000 0.0500 1.0000
v -1.0000 0.0500 1.6667
v -1.0000 0.0500 2.3333
v -1.0000 0.0500 3.0000
v -0.3333 0.0500 1.0000
v -0.3333 0.0500 1.6667
v -0.3333 0.0500 2.3333
v -0.3333 0.0500 3.0000
v 0.3333 0.0500 1.0000
v 0.3333 0.0500 1.6667
v 0.3333 0.0500 2.3333
v 0.3333 0.0500 3.0000
v 1.0000 0.0500 1.0000
v 1.0000 0.0500 1.6667
v 1.0000 0.0500 2.3333
v 1.0000 0.0500 3.0000
v -1.0000 -0.0500 3.0000
v -1.0000 -0.0500 2.3333
v -1.0000 -0.0500 1.6667
v -1.0000 -0.0500 1.0000
v -0.3333 -0.0500 3.0000
v -0.3333 -0.0500 2.3333
v -0.3333 -0.0500 1.6667
v -0.3333 -0.0500 1.0000
v 0.3333 -0.0500 3.0000
v 0.3333 -0.0500 2.3333
v 0.3333 -0.0500 1.6667
v 0.3333 -0.0500 1.0000
v 1.0000 -0.0500 3.0000
v 1.0000 -0.0500 2.3333
v 1.0000 -0.0500 1.6667
v 1.0000 -0.0500 1.0000
f 3073 3074 3078
f 3073 3078 3077
f 3074 3075 3079
f 3074 3079 3078
f 3075 3076 3080
f 3075 3080 3079
f 3077 3078 3082
f 3077 3082 3081
f 3078 3079 3083
f 3078 3083 3082
f 3079 3080 3084
f 3079 3084 3083
f 3081 3082 3086
f 3081 3086 3085
f 3082 3083 3087
f 3082 3087 3086
f 3083 3084 3088
f 3083 3088 3087
f 3089 3090 3094
f 3089 3094 3093
f 3090 3091 3095
f 3090 3095 3094
f 3091 3092 3096
f 3091 3096 3095
f 3093 3094 3098
f 3093 3098 3097
f 3094 3095 3099
f 3094 3099 3098
f 3095 3096 3100
f 3095 3100 3099
f 3097 3098 3102
f 3097 3102 3101
f 3098 3099 3103
f 3098 3103 3102
f 3099 3100 3104
f 3099 3104 3103
f 3105 3106 3110
f 3105 3110 3109
f 3106 3107 3111
f 3106 3111 3110
f 3107 3108 3112
f 3107 3112 3111
f 3109 3110 3114
f 3109 3114 3113
f 3110 3111 3115
f 3110 3115 3114
f 3111 3112 3116
f 3111 3116 3115
f 3113 3114 3118
f 3113 3118 3117
f 3114 3115 3119
f 3114 3119 3118
f 3115 3116 3120
f 3115 3120 3119
f 3121 3122 3126
f 3121 3126 3125
f 3122 3123 3127
f 3122 3127 3126
f 3123 3124 3128
f 3123 3128 3127
f 3125 3126 3130
f 3125 3130 3129
f 3126 3127 3131
f 3126 3131 3130
f 3127 3128 3132
f 3127 3132 3131
f 3129 3130 3134
f 3129 3134 3133
f 3130 3131 3135
f 3130 3135 3134
f 3131 3132 3136
f 3131 3136 3135
f 3137 3138 3142
f 3137 3142 3141
f 3138 3139 3143
f 3138 3143 3142
f 3139 3140 3144
f 3139 3144 3143
f 3141 3142 3146
f 3141 3146 3145
f 3142 3143 3147
f 3142 3147 3146
f 3143 3144 3148
f 3143 3148 3147
f 3145 3146 3150
f 3145 3150 3149
f 3146 3147 3151
f 3146 3151 3150
f 3147 3148 3152
f 3147 3152 3151
f 3153 3154 3158
f 3153 3158 3157
f 3154 3155 3159
f 3154 3159 3158
f 3155 3156 3160
f 3155 3160 3159
f 3157 3158 3162
f 3157 3162 3161
f 3158 3159 3163
f 3158 3163 3162
f 3159 3160 3164
f 3159 3164 3163
f 3161 3162 3166
f 3161 3166 3165
f 3162 3163 3167
f 3162 3167 3166
f 3163 3164 3168
f 3163 3168 3167
g 바닥 타일_33
v -1.0000 -0.0500 5.0000
v -1.0000 -0.0167 5.0000
v -1.0000 0.0167 5.0000
v -1.0000 0.0500 5.0000
v -0.3333 -0.0500 5.0000
v -0.3333 -0.0167 5.0000
v -0.3333 0.0167 5.0000
v -0.3333 0.0500 5.0000
v 0.3333 -0.0500 5.0000
v 0.3333 -0.0167 5.0000
v 0.3333 0.0167 5.0000
v 0.3333 0.0500 5.0000
v 1.0000 -0.0500 5.0000
v 1.0000 -0.0167 5.0000
v 1.0000 0.0167 5.0000
v 1.0000 0.0500 5.0000
v 1.0000 -0.0500 3.0000
v 1.0000 -0.0167 3.0000
v 1.0000 0.0167 3.0000
v 1.0000 0.0500 3.0000
v 0.3333 -0.0500 3.0000
v 0.3333 -0.0167 3.0000
v 0.3333 0.0167 3.0000
v 0.3333 0.0500 3.0000
v -0.3333 -0.0500 3.0000
v -0.3333 -0.0167 3.0000
v -0.3333 0.0167 3.0000
v -0.3333 0.0500 3.0000
v -1.0000 -0.0500 3.0000
v -1.0000 -0.0167 3.0000
v -1.0000 0.0167 3.0000
v -1.0000 0.0500 3.0000
v -1.0000 -0.0500 3.0000
v -1.0000 -0.0167 3.0000
v -1.0000 0.0167 3.0000
v -1.0000 0.0500 3.0000
v -1.0000 -0.0500 3.6667
v -1.0000 -0.0167 3.6667
v -1.0000 0.0167 3.6667
v -1.0000 0.0500 3.6667
v -1.0000 -0.0500 4.3333
v -1.0000 -0.0167 4.3333
v -1.0000 0.0167 4.3333
v -1.0000 0.0500 4.3333
v -1.0000 -0.0500 5.0000
v -1.0000 -0.0167 5.0000
v -1.0000 0.0167 5.0000
v -1.0000 0.0500 5.0000
v 1.0000 -0.0500 5.0000
v 1.0000 -0.0167 5.0000
v 1.0000 0.0167 5.0000
v 1.0000 0.0500 5.0000
v 1.0000 -0.0500 4.3333
v 1.0000 -0.0167 4.3333
v 1.0000 0.0167 4.3333
v 1.0000 0.0500 4.3333
v 1.0000 -0.0500 3.6667
v 1.0000 -0.0167 3.6667
v 1.0000 0.0167 3.6667
v 1.0000 0.0500 3.6667
v 1.0000 -0.0500 3.0000
v 1.0000 -0.0167 3.0000
v 1.0000 0.0167 3.0000
v 1.0000 0.0500 3.0000
v -1.0000 0.0500 3.0000
v -1.0000 0.0500 3.6667
v -1.0000 0.0500 4.3333
v -1.0000 0.0500 5.0000
v -0.3333 0.0500 3.0000
v -0.3333 0.0500 3.6667
v -0.3333 0.0500 4.3333
v -0.3333 0.0500 5.0000
v 0.3333 0.0500 3.0000
v 0.3333 0.0500 3.6667
v 0.3333 0.0500 4.3333
v 0.3333 0.0500 5.0000
v 1.0000 0.0500 3.0000
v 1.0000 0.0500 3.6667
v 1.0000 0.0500 4.3333
v 1.0000 0.0500 5.0000
v -1.0000 -0.0500 5.0000
v -1.0000 -0.0500 4.3333
v -1.0000 -0.0500 3.6667
v -1.0000 -0.0500 3.0000
v -0.3333 -0.0500 5.0000
v -0.3333 -0.0500 4.3333
v -0.3333 -0.0500 3.6667
v -0.3333 -0.0500 3.0000
v 0.3333 -0.0500 5.0000
v 0.3333 -0.0500 4.3333
v 0.3333 -0.0500 3.6667
v 0.3333 -0.0500 3.0000
v 1.0000 -0.0500 5.0000
v 1.0000 -0.0500 4.3333
v 1.0000 -0.0500 3.6667
v 1.0000 -0.0500 3.0000
f 3169 3170 3174
f 3169 3174 3173
f 3170 3171 3175
f 3170 3175 3174
f 3171 3172 3176
f 3171 3176 3175
f 3173 3174 3178
f 3173 3178 3177
f 3174 3175 3179
f 3174 3179 3178
f 3175 3176 3180
f 3175 3180 3179
f 3177 3178 3182
f 3177 3182 3181
f 3178 3179 3183
f 3178 3183 3182
f 3179 3180 3184
f 3179 3184 3183
f 3185 3186 3190
f 3185 3190 3189
f 3186 3187 3191
f 3186 3191 3190
f 3187 3188 3192
f 3187 3192 3191
f 3189 3190 3194
f 3189 3194 3193
f 3190 3191 3195
f 3190 3195 3194
f 3191 3192 3196
f 3191 3196 3195
f 3193 3194 3198
f 3193 3198 3197
f 3194 3195 3199
f 3194 3199 3198
f 3195 3196 3200
f 3195 3200 3199
f 3201 3202 3206
f 3201 3206 3205
f 3202 3203 3207
f 3202 3207 3206
f 3203 3204 3208
f 3203 3208 3207
f 3205 3206 3210
f 3205 3210 3209
f 3206 3207 3211
f 3206 3211 3210
f 3207 3208 3212
f 3207 3212 3211
f 3209 3210 3214
f 3209 3214 3213
f 3210 3211 3215
f 3210 3215 3214
f 3211 3212 3216
f 3211 3216 3215
f 3217 3218 3222
f 3217 3222 3221
f 3218 3219 3223
f 3218 3223 3222
f 3219 3220 3224
f 3219 3224 3223
f 3221 3222 3226
f 3221 3226 3225
f 3222 3223 3227
f 3222 3227 3226
f 3223 3224 3228
f 3223 3228 3227
f 3225 3226 3230
f 3225 3230 3229
f 3226 3227 3231
f 3226 3231 3230
f 3227 3228 3232
f 3227 3232 3231
f 3233 3234 3238
f 3233 3238 3237
f 3234 3235 3239
f 3234 3239 3238
f 3235 3236 3240
f 3235 3240 3239
f 3237 3238 3242
f 3237 3242 3241
f 3238 3239 3243
f 3238 3243 3242
f 3239 3240 3244
f 3239 3244 3243
f 3241 3242 3246
f 3241 3246 3245
f 3242 3243 3247
f 3242 3247 3246
f 3243 3244 3248
f 3243 3248 3247
f 3249 3250 3254
f 3249 3254 3253
f 3250 3251 3255
f 3250 3255 3254
f 3251 3252 3256
f 3251 3256 3255
f 3253 3254 3258
f 3253 3258 3257
f 3254 3255 3259
f 3254 3259 3258
f 3255 3256 3260
f 3255 3260 3259
f 3257 3258 3262
f 3257 3262 3261
f 3258 3259 3263
f 3258 3263 3262
f 3259 3260 3264
f 3259 3264 3263
g 바닥 타일_34
v -1.0000 -0.0500 7.0000
v -1.0000 -0.0167 7.0000
v -1.0000 0.0167 7.0000
v -1.0000 0.0500 7.0000
v -0.3333 -0.0500 7.0000
v -0.3333 -0.0167 7.0000
v -0.3333 0.0167 7.0000
v -0.3333 0.0500 7.0000
v 0.3333 -0.0500 7.0000
v 0.3333 -0.0167 7.0000
v 0.3333 0.0167 7.0000
v 0.3333 0.0500 7.0000
v 1.0000 -0.0500 7.0000
v 1.0000 -0.0167 7.0000
v 1.0000 0.0167 7.0000
v 1.0000 0.0500 7.0000
v 1.0000 -0.0500 5.0000
v 1.0000 -0.0167 5.0000
v 1.0000 0.0167 5.0000
v 1.0000 0.0500 5.0000
v 0.3333 -0.0500 5.0000
v 0.3333 -0.0167 5.0000
v 0.3333 0.0167 5.0000
v 0.3333 0.0500 5.0000
v -0.3333 -0.0500 5.0000
v -0.3333 -0.0167 5.0000
v -0.3333 0.0167 5.0000
v -0.3333 0.0500 5.0000
v -1.0000 -0.0500 5.0000
v -1.0000 -0.0167 5.0000
v -1.0000 0.0167 5.0000
v -1.0000 0.0500 5.0000
v -1.0000 -0.0500 5.0000
v -1.0000 -0.0167 5.0000
v -1.0000 0.0167 5.0000
v -1.0000 0.0500 5.0000
v -1.0000 -0.0500 5.6667
v -1.0000 -0.0167 5.6667
v -1.0000 0.0167 5.6667
v -1.0000 0.0500 5.6667
v -1.0000 -0.0500 6.3333
v -1.0000 -0.0167 6.3333
v -1.0000 0.0167 6.3333
v -1.0000 0.0500 6.3333
v -1.0000 -0.0500 7.0000
v -1.0000 -0.0167 7.0000
v -1.0000 0.0167 7.0000
v -1.0000 0.0500 7.0000
v 1.0000 -0.0500 7.0000
v 1.0000 -0.0167 7.0000
v 1.0000 0.0167 7.0000
v 1.0000 0.0500 7.0000
v 1.0000 -0.0500 6.3333
v 1.0000 -0.0167 6.3333
v 1.0000 0.0167 6.3333
v 1.0000 0.0500 6.3333
v 1.0000 -0.0500 5.6667
v 1.0000 -0.0167 5.6667
v 1.0000 0.0167 5.6667
v 1.0000 0.0500 5.6667
v 1.0000 -0.0500 5.0000
v 1.0000 -0.0167 5.0000
v 1.0000 0.0167 5.0000
v 1.0000 0.0500 5.0000
v -1.0000 0.0500 5.0000
v -1.0000 0.0500 5.6667
v -1.0000 0.0500 6.3333
v -1.0000 0.0500 7.0000
v -0.3333 0.0500 5.0000
v -0.3333 0.0500 5.6667
v -0.3333 0.0500 6.3333
v -0.3333 0.0500 7.0000
v 0.3333 0.0500 5.0000
v 0.3333 0.0500 5.6667
v 0.3333 0.0500 6.3333
v 0.3333 0.0500 7.0000
v 1.0000 0.0500 5.0000
v 1.0000 0.0500 5.6667
v 1.0000 0.0500 6.3333
v 1.0000 0.0500 7.0000
v -1.0000 -0.0500 7.0000
v -1.0000 -0.0500 6.3333
v -1.0000 -0.0500 5.6667
v -1.0000 -0.0500 5.0000
v -0.3333 -0.0500 7.0000
v -0.3333 -0.0500 6.3333
v -0.3333 -0.0500 5.6667
v -0.3333 -0.0500 5.0000
v 0.3333 -0.0500 7.0000
v 0.3333 -0.0500 6.3333
v 0.3333 -0.0500 5.6667
v 0.3333 -0.0500 5.0000
v 1.0000 -0.0500 7.0000
v 1.0000 -0.0500 6.3333
v 1.0000 -0.0500 5.6667
v 1.0000 -0.0500 5.0000
f 3265 3266 3270
f 3265 3270 3269
f 3266 3267 3271
f 3266 3271 3270
f 3267 3268 3272
f 3267 3272 3271
f 3269 3270 3274
f 3269 3274 3273
f 3270 3271 3275
f 3270 3275 3274
f 3271 3272 3276
f 3271 3276 3275
f 3273 3274 3278
f 3273 3278 3277
f 3274 3275 3279
f 3274 3279 3278
f 3275 3276 3280
f 3275 3280 3279
f 3281 3282 3286
f 3281 3286 3285
f 3282 3283 3287
f 3282 3287 3286
f 3283 3284 3288
f 3283 3288 3287
f 3285 3286 3290
f 3285 3290 3289
f 3286 3287 3291
f 3286 3291 3290
f 3287 3288 3292
f 3287 3292 3291
f 3289 3290 3294
f 3289 3294 3293
f 3290 3291 3295
f 3290 3295 3294
f 3291 3292 3296
f 3291 3296 3295
f 3297 3298 3302
f 3297 3302 3301
f 3298 3299 3303
f 3298 3303 3302
f 3299 3300 3304
f 3299 3304 3303
f 3301 3302 3306
f 3301 3306 3305
f 3302 3303 3307
f 3302 3307 3306
f 3303 3304 3308
f 3303 3308 3307
f 3305 3306 3310
f 3305 3310 3309
f 3306 3307 3311
f 3306 3311 3310
f 3307 3308 3312
f 3307 3312 3311
f 3313 3314 3318
f 3313 3318 3317
f 3314 3315 3319
f 3314 3319 3318
f 3315 3316 3320
f 3315 3320 3319
f 3317 3318 3322
f 3317 3322 3321
f 3318 3319 3323
f 3318 3323 3322
f 3319 3320 3324
f 3319 3324 3323
f 3321 3322 3326
f 3321 3326 3325
f 3322 3323 3327
f 3322 3327 3326
f 3323 3324 3328
f 3323 3328 3327
f 3329 3330 3334
f 3329 3334 3333
f 3330 3331 3335
f 3330 3335 3334
f 3331 3332 3336
f 3331 3336 3335
f 3333 3334 3338
f 3333 3338 3337
f 3334 3335 3339
f 3334 3339 3338
f 3335 3336 3340
f 3335 3340 3339
f 3337 3338 3342
f 3337 3342 3341
f 3338 3339 3343
f 3338 3343 3342
f 3339 3340 3344
f 3339 3344 3343
f 3345 3346 3350
f 3345 3350 3349
f 3346 3347 3351
f 3346 3351 3350
f 3347 3348 3352
f 3347 3352 3351
f 3349 3350 3354
f 3349 3354 3353
f 3350 3351 3355
f 3350 3355 3354
f 3351 3352 3356
f 3351 3356 3355
f 3353 3354 3358
f 3353 3358 3357
f 3354 3355 3359
f 3354 3359 3358
f 3355 3356 3360
f 3355 3360 3359
g 바닥 타일_35
v 1.0000 -0.0500 -5.0000
v 1.0000 -0.0167 -5.0000
v 1.0000 0.0167 -5.0000
v 1.0000 0.0500 -5.0000
v 1.6667 -0.0500 -5.0000
v 1.6667 -0.0167 -5.0000
v 1.6667 0.0167 -5.0000
v 1.6667 0.0500 -5.0000
v 2.3333 -0.0500 -5.0000
v 2.3333 -0.0167 -5.0000
v 2.3333 0.0167 -5.0000
v 2.3333 0.0500 -5.0000
v 3.0000 -0.0500 -5.0000
v 3.0000 -0.0167 -5.0000
v 3.0000 0.0167 -5.0000
v 3.0000 0.0500 -5.0000
v 3.0000 -0.0500 -7.0000
v 3.0000 -0.0167 -7.0000
v 3.0000 0.0167 -7.0000
v 3.0000 0.0500 -7.0000
v 2.3333 -0.0500 -7.0000
v 2.3333 -0.0167 -7.0000
v 2.3333 0.0167 -7.0000
v 2.3333 0.0500 -7.0000
v 1.6667 -0.0500 -7.0000
v 1.6667 -0.0167 -7.0000
v 1.6667 0.0167 -7.0000
v 1.6667 0.0500 -7.0000
v 1.0000 -0.0500 -7.0000
v 1.0000 -0.0167 -7.0000
v 1.0000 0.0167 -7.0000
v 1.0000 0.0500 -7.0000
v 1.0000 -0.0500 -7.0000
v 1.0000 -0.0167 -7.0000
v 1.0000 0.0167 -7.0000
v 1.0000 0.0500 -7.0000
v 1.0000 -0.0500 -6.3333
v 1.0000 -0.0167 -6.3333
v 1.0000 0.0167 -6.3333
v 1.0000 0.0500 -6.3333
v 1.0000 -0.0500 -5.6667
v 1.0000 -0.0167 -5.6667
v 1.0000 0.0167 -5.6667
v 1.0000 0.0500 -5.6667
v 1.0000 -0.0500 -5.0000
v 1.0000 -0.0167 -5.0000
v 1.0000 0.0167 -5.0000
v 1.0000 0.0500 -5.0000
v 3.0000 -0.0500 -5.0000
v 3.0000 -0.0167 -5.0000
v 3.0000 0.0167 -5.0000
v 3.0000 0.0500 -5.0000
v 3.0000 -0.0500 -5.6667
v 3.0000 -0.0167 -5.6667
v 3.0000 0.0167 -5.6667
v 3.0000 0.0500 -5.6667
v 3.0000 -0.0500 -6.3333
v 3.0000 -0.0167 -6.3333
v 3.0000 0.0167 -6.3333
v 3.0000 0.0500 -6.3333
v 3.0000 -0.0500 -7.0000
v 3.0000 -0.0167 -7.0000
v 3.0000 0.0167 -7.0000
v 3.0000 0.0500 -7.0000
v 1.0000 0.0500 -7.0000
v 1.0000 0.0500 -6.3333
v 1.0000 0.0500 -5.6667
v 1.0000 0.0500 -5.0000
v 1.6667 0.0500 -7.0000
v 1.6667 0.0500 -6.3333
v 1.6667 0.0500 -5.6667
v 1.6667 0.0500 -5.0000
v 2.3333 0.0500 -7.0000
v 2.3333 0.0500 -6.3333
v 2.3333 0.0500 -5.6667
v 2.3333 0.0500 -5.0000
v 3.0000 0.0500 -7.0000
v 3.0000 0.0500 -6.3333
v 3.0000 0.0500 -5.6667
v 3.0000 0.0500 -5.0000
v 1.0000 -0.0500 -5.0000
v 1.0000 -0.0500 -5.6667
v 1.0000 -0.0500 -6.3333
v 1.0000 -0.0500 -7.0000
v 1.6667 -0.0500 -5.0000
v 1.6667 -0.0500 -5.6667
v 1.6667 -0.0500 -6.3333
v 1.6667 -0.0500 -7.0000
v 2.3333 -0.0500 -5.0000
v 2.3333 -0.0500 -5.6667
v 2.3333 -0.0500 -6.3333
v 2.3333 -0.0500 -7.0000
v 3.0000 -0.0500 -5.0000
v 3.0000 -0.0500 -5.6667
v 3.0000 -0.0500 -6.3333
v 3.0000 -0.0500 -7.0000
f 3361 3362 3366
f 3361 3366 3365
f 3362 3363 3367
f 3362 3367 3366
f 3363 3364 3368
f 3363 3368 3367
f 3365 3366 3370
f 3365 3370 3369
f 3366 3367 3371
f 3366 3371 3370
f 3367 3368 3372
f 3367 3372 3371
f 3369 3370 3374
f 3369 3374 3373
f 3370 3371 3375
f 3370 3375 3374
f 3371 3372 3376
f 3371 3376 3375
f 3377 3378 3382
f 3377 3382 3381
f 3378 3379 3383
f 3378 3383 3382
f 3379 3380 3384
f 3379 3384 3383
f 3381 3382 3386
f 3381 3386 3385
f 3382 3383 3387
f 3382 3387 3386
f 3383 3384 3388
f 3383 3388 3387
f 3385 3386 3390
f 3385 3390 3389
f 3386 3387 3391
f 3386 3391 3390
f 3387 3388 3392
f 3387 3392 3391
f 3393 3394 3398
f 3393 3398 3397
f 3394 3395 3399
f 3394 3399 3398
f 3395 3396 3400
f 3395 3400 3399
f 3397 3398 3402
f 3397 3402 3401
f 3398 3399 3403
f 3398 3403 3402
f 3399 3400 3404
f 3399 3404 3403
f 3401 3402 3406
f 3401 3406 3405
f 3402 3403 3407
f 3402 3407 3406
f 3403 3404 3408
f 3403 3408 3407
f 3409 3410 3414
f 3409 3414 3413
f 3410 3411 3415
f 3410 3415 3414
f 3411 3412 3416
f 3411 3416 3415
f 3413 3414 3418
f 3413 3418 3417
f 3414 3415 3419
f 3414 3419 3418
f 3415 3416 3420
f 3415 3420 3419
f 3417 3418 3422
f 3417 3422 3421
f 3418 3419 3423
f 3418 3423 3422
f 3419 3420 3424
f 3419 3424 3423
f 3425 3426 3430
f 3425 3430 3429
f 3426 3427 3431
f 3426 3431 3430
f 3427 3428 3432
f 3427 3432 3431
f 3429 3430 3434
f 3429 3434 3433
f 3430 3431 3435
f 3430 3435 3434
f 3431 3432 3436
f 3431 3436 3435
f 3433 3434 3438
f 3433 3438 3437
f 3434 3435 3439
f 3434 3439 3438
f 3435 3436 3440
f 3435 3440 3439
f 3441 3442 3446
f 3441 3446 3445
f 3442 3443 3447
f 3442 3447 3446
f 3443 3444 3448
f 3443 3448 3447
f 3445 3446 3450
f 3445 3450 3449
f 3446 3447 3451
f 3446 3451 3450
f 3447 3448 3452
f 3447 3452 3451
f 3449 3450 3454
f 3449 3454 3453
f 3450 3451 3455
f 3450 3455 3454
f 3451 3452 3456
f 3451 3456 3455
g 바닥 타일_36
v 1.0000 -0.0500 -3.0000
v 1.0000 -0.0167 -3.0000
v 1.0000 0.0167 -3.0000
v 1.0000 0.0500 -3.0000
v 1.6667 -0.0500 -3.0000
v 1.6667 -0.0167 -3.0000
v 1.6667 0.0167 -3.0000
v 1.6667 0.0500 -3.0000
v 2.3333 -0.0500 -3.0000
v 2.3333 -0.0167 -3.0000
v 2.3333 0.0167 -3.0000
v 2.3333 0.0500 -3.0000
v 3.0000 -0.0500 -3.0000
v 3.0000 -0.0167 -3.0000
v 3.0000 0.0167 -3.0000
v 3.0000 0.0500 -3.0000
v 3.0000 -0.0500 -5.0000
v 3.0000 -0.0167 -5.0000
v 3.0000 0.0167 -5.0000
v 3.0000 0.0500 -5.0000
v 2.3333 -0.0500 -5.0000
v 2.3333 -0.0167 -5.0000
v 2.3333 0.0167 -5.0000
v 2.3333 0.0500 -5.0000
v 1.6667 -0.0500 -5.0000
v 1.6667 -0.0167 -5.0000
v 1.6667 0.0167 -5.0000
v 1.6667 0.0500 -5.0000
v 1.0000 -0.0500 -5.0000
v 1.0000 -0.0167 -5.0000
v 1.0000 0.0167 -5.0000
v 1.0000 0.0500 -5.0000
v 1.0000 -0.0500 -5.0000
v 1.0000 -0.0167 -5.0000
v 1.0000 0.0167 -5.0000
v 1.0000 0.0500 -5.0000
v 1.0000 -0.0500 -4.3333
v 1.0000 -0.0167 -4.3333
v 1.0000 0.0167 -4.3333
v 1.0000 0.0500 -4.3333
v 1.0000 -0.0500 -3.6667
v 1.0000 -0.0167 -3.6667
v 1.0000 0.0167 -3.6667
v 1.0000 0.0500 -3.6667
v 1.0000 -0.0500 -3.0000
v 1.0000 -0.0167 -3.0000
v 1.0000 0.0167 -3.0000
v 1.0000 0.0500 -3.0000
v 3.0000 -0.0500 -3.0000
v 3.0000 -0.0167 -3.0000
v 3.0000 0.0167 -3.0000
v 3.0000 0.0500 -3.0000
v 3.0000 -0.0500 -3.6667
v 3.0000 -0.0167 -3.6667
v 3.0000 0.0167 -3.6667
v 3.0000 0.0500 -3.6667
v 3.0000 -0.0500 -4.3333
v 3.0000 -0.0167 -4.3333
v 3.0000 0.0167 -4.3333
v 3.0000 0.0500 -4.3333
v 3.0000 -0.0500 -5.0000
v 3.0000 -0.0167 -5.0000
v 3.0000 0.0167 -5.0000
v 3.0000 0.0500 -5.0000
v 1.0000 0.0500 -5.0000
v 1.0000 0.0500 -4.3333
v 1.0000 0.0500 -3.6667
v 1.0000 0.0500 -3.0000
v 1.6667 0.0500 -5.0000
v 1.6667 0.0500 -4.3333
v 1.6667 0.0500 -3.6667
v 1.6667 0.0500 -3.0000
v 2.3333 0.0500 -5.0000
v 2.3333 0.0500 -4.3333
v 2.3333 0.0500 -3.6667
v 2.3333 0.0500 -3.0000
v 3.0000 0.0500 -5.0000
v 3.0000 0.0500 -4.3333
v 3.0000 0.0500 -3.6667
v 3.0000 0.0500 -3.0000
v 1.0000 -0.0500 -3.0000
v 1.0000 -0.0500 -3.6667
v 1.0000 -0.0500 -4.3333
v 1.0000 -0.0500 -5.0000
v 1.6667 -0.0500 -3.0000
v 1.6667 -0.0500 -3.6667
v 1.6667 -0.0500 -4.3333
v 1.6667 -0.0500 -5.0000
v 2.3333 -0.0500 -3.0000
v 2.3333 -0.0500 -3.6667
v 2.3333 -0.0500 -4.3333
v 2.3333 -0.0500 -5.0000
v 3.0000 -0.0500 -3.0000
v 3.0000 -0.0500 -3.6667
v 3.0000 -0.0500 -4.3333
v 3.0000 -0.0500 -5.0000
f 3457 3458 3462
f 3457 3462 3461
f 3458 3459 3463
f 3458 3463 3462
f 3459 3460 3464
f 3459 3464 3463
f 3461 3462 3466
f 3461 3466 3465
f 3462 3463 3467
f 3462 3467 3466
f 3463 3464 3468
f 3463 3468 3467
f 3465 3466 3470
f 3465 3470 3469
f 3466 3467 3471
f 3466 3471 3470
f 3467 3468 3472
f 3467 3472 3471
f 3473 3474 3478
f 3473 3478 3477
f 3474 3475 3479
f 3474 3479 3478
f 3475 3476 3480
f 3475 3480 3479
f 3477 3478 3482
f 3477 3482 3481
f 3478 3479 3483
f 3478 3483 3482
f 3479 3480 3484
f 3479 3484 3483
f 3481 3482 3486
f 3481 3486 3485
f 3482 3483 3487
f 3482 3487 3486
f 3483 3484 3488
f 3483 3488 3487
f 3489 3490 3494
f 3489 3494 3493
f 3490 3491 3495
f 3490 3495 3494
f 3491 3492 3496
f 3491 3496 3495
f 3493 3494 3498
f 3493 3498 3497
f 3494 3495 3499
f 3494 3499 3498
f 3495 3496 3500
f 3495 3500 3499
f 3497 3498 3502
f 3497 3502 3501
f 3498 3499 3503
f 3498 3503 3502
f 3499 3500 3504
f 3499 3504 3503
f 3505 3506 3510
f 3505 3510 3509
f 3506 3507 3511
f 3506 3511 3510
f 3507 3508 3512
f 3507 3512 3511
f 3509 3510 3514
f 3509 3514 3513
f 3510 3511 3515
f 3510 3515 3514
f 3511 3512 3516
f 3511 3516 3515
f 3513 3514 3518
f 3513 3518 3517
f 3514 3515 3519
f 3514 3519 3518
f 3515 3516 3520
f 3515 3520 3519
f 3521 3522 3526
f 3521 3526 3525
f 3522 3523 3527
f 3522 3527 3526
f 3523 3524 3528
f 3523 3528 3527
f 3525 3526 3530
f 3525 3530 3529
f 3526 3527 3531
f 3526 3531 3530
f 3527 3528 3532
f 3527 3532 3531
f 3529 3530 3534
f 3529 3534 3533
f 3530 3531 3535
f 3530 3535 3534
f 3531 3532 3536
f 3531 3536 3535
f 3537 3538 3542
f 3537 3542 3541
f 3538 3539 3543
f 3538 3543 3542
f 3539 3540 3544
f 3539 3544 3543
f 3541 3542 3546
f 3541 3546 3545
f 3542 3543 3547
f 3542 3547 3546
f 3543 3544 3548
f 3543 3548 3547
f 3545 3546 3550
f 3545 3550 3549
f 3546 3547 3551
f 3546 3551 3550
f 3547 3548 3552
f 3547 3552 3551
g 바닥 타일_37
v 1.0000 -0.0500 -1.0000
v 1.0000 -0.0167 -1.0000
v 1.0000 0.0167 -1.0000
v 1.0000 0.0500 -1.0000
v 1.6667 -0.0500 -1.0000
v 1.6667 -0.0167 -1.0000
v 1.6667 0.0167 -1.0000
v 1.6667 0.0500 -1.0000
v 2.3333 -0.0500 -1.0000
v 2.3333 -0.0167 -1.0000
v 2.3333 0.0167 -1.0000
v 2.3333 0.0500 -1.0000
v 3.0000 -0.0500 -1.0000
v 3.0000 -0.0167 -1.0000
v 3.0000 0.0167 -1.0000
v 3.0000 0.0500 -1.0000
v 3.0000 -0.0500 -3.0000
v 3.0000 -0.0167 -3.0000
v 3.0000 0.0167 -3.0000
v 3.0000 0.0500 -3.0000
v 2.3333 -0.0500 -3.0000
v 2.3333 -0.0167 -3.0000
v 2.3333 0.0167 -3.0000
v 2.3333 0.0500 -3.0000
v 1.6667 -0.0500 -3.0000
v 1.6667 -0.0167 -3.0000
v 1.6667 0.0167 -3.0000
v 1.6667 0.0500 -3.0000
v 1.0000 -0.0500 -3.0000
v 1.0000 -0.0167 -3.0000
v 1.0000 0.0167 -3.0000
v 1.0000 0.0500 -3.0000
v 1.0000 -0.0500 -3.0000
v 1.0000 -0.0167 -3.0000
v 1.0000 0.0167 -3.0000
v 1.0000 0.0500 -3.0000
v 1.0000 -0.0500 -2.3333
v 1.0000 -0.0167 -2.3333
v 1.0000 0.0167 -2.3333
v 1.0000 0.0500 -2.3333
v 1.0000 -0.0500 -1.6667
v 1.0000 -0.0167 -1.6667
v 1.0000 0.0167 -1.6667
v 1.0000 0.0500 -1.6667
v 1.0000 -0.0500 -1.0000
v 1.0000 -0.0167 -1.0000
v 1.0000 0.0167 -1.0000
v 1.0000 0.0500 -1.0000
v 3.0000 -0.0500 -1.0000
v 3.0000 -0.0167 -1.0000
v 3.0000 0.0167 -1.0000
v 3.0000 0.0500 -1.0000
v 3.0000 -0.0500 -1.6667
v 3.0000 -0.0167 -1.6667
v 3.0000 0.0167 -1.6667
v 3.0000 0.0500 -1.6667
v 3.0000 -0.0500 -2.3333
v 3.0000 -0.0167 -2.3333
v 3.0000 0.0167 -2.3333
v 3.0000 0.0500 -2.3333
v 3.0000 -0.0500 -3.0000
v 3.0000 -0.0167 -3.0000
v 3.0000 0.0167 -3.0000
v 3.0000 0.0500 -3.0000
v 1.0000 0.0500 -3.0000
v 1.0000 0.0500 -2.3333
v 1.0000 0.0500 -1.6667
v 1.0000 0.0500 -1.0000
v 1.6667 0.0500 -3.0000
v 1.6667 0.0500 -2.3333
v 1.6667 0.0500 -1.6667
v 1.6667 0.0500 -1.0000
v 2.3333 0.0500 -3.0000
v 2.3333 0.0500 -2.3333
v 2.3333 0.0500 -1.6667
v 2.3333 0.0500 -1.0000
v 3.0000 0.0500 -3.0000
v 3.0000 0.0500 -2.3333
v 3.0000 0.0500 -1.6667
v 3.0000 0.0500 -1.0000
v 1.0000 -0.0500 -1.0000
v 1.0000 -0.0500 -1.6667
v 1.0000 -0.0500 -2.3333
v 1.0000 -0.0500 -3.0000
v 1.6667 -0.0500 -1.0000
v 1.6667 -0.0500 -1.6667
v 1.6667 -0.0500 -2.3333
v 1.6667 -0.0500 -3.0000
v 2.3333 -0.0500 -1.0000
v 2.3333 -0.0500 -1.6667
v 2.3333 -0.0500 -2.3333
v 2.3333 -0.0500 -3.0000
v 3.0000 -0.0500 -1.0000
v 3.0000 -0.0500 -1.6667
v 3.0000 -0.0500 -2.3333
v 3.0000 -0.0500 -3.0000
f 3553 3554 3558
f 3553 3558 3557
f 3554 3555 3559
f 3554 3559 3558
f 3555 3556 3560
f 3555 3560 3559
f 3557 3558 3562
f 3557 3562 3561
f 3558 3559 3563
f 3558 3563 3562
f 3559 3560 3564
f 3559 3564 3563
f 3561 3562 3566
f 3561 3566 3565
f 3562 3563 3567
f 3562 3567 3566
f 3563 3564 3568
f 3563 3568 3567
f 3569 3570 3574
f 3569 3574 3573
f 3570 3571 3575
f 3570 3575 3574
f 3571 3572 3576
f 3571 3576 3575
f 3573 3574 3578
f 3573 3578 3577
f 3574 3575 3579
f 3574 3579 3578
f 3575 3576 3580
f 3575 3580 3579
f 3577 3578 3582
f 3577 3582 3581
f 3578 3579 3583
f 3578 3583 3582
f 3579 3580 3584
f 3579 3584 3583
f 3585 3586 3590
f 3585 3590 3589
f 3586 3587 3591
f 3586 3591 3590
f 3587 3588 3592
f 3587 3592 3591
f 3589 3590 3594
f 3589 3594 3593
f 3590 3591 3595
f 3590 3595 3594
f 3591 3592 3596
f 3591 3596 3595
f 3593 3594 3598
f 3593 3598 3597
f 3594 3595 3599
f 3594 3599 3598
f 3595 3596 3600
f 3595 3600 3599
f 3601 3602 3606
f 3601 3606 3605
f 3602 3603 3607
f 3602 3607 3606
f 3603 3604 3608
f 3603 3608 3607
f 3605 3606 3610
f 3605 3610 3609
f 3606 3607 3611
f 3606 3611 3610
f 3607 3608 3612
f 3607 3612 3611
f 3609 3610 3614
f 3609 3614 3613
f 3610 3611 3615
f 3610 3615 3614
f 3611 3612 3616
f 3611 3616 3615
f 3617 3618 3622
f 3617 3622 3621
f 3618 3619 3623
f 3618 3623 3622
f 3619 3620 3624
f 3619 3624 3623
f 3621 3622 3626
f 3621 3626 3625
f 3622 3623 3627
f 3622 3627 3626
f 3623 3624 3628
f 3623 3628 3627
f 3625 3626 3630
f 3625 3630 3629
f 3626 3627 3631
f 3626 3631 3630
f 3627 3628 3632
f 3627 3632 3631
f 3633 3634 3638
f 3633 3638 3637
f 3634 3635 3639
f 3634 3639 3638
f 3635 3636 3640
f 3635 3640 3639
f 3637 3638 3642
f 3637 3642 3641
f 3638 3639 3643
f 3638 3643 3642
f 3639 3640 3644
f 3639 3644 3643
f 3641 3642 3646
f 3641 3646 3645
f 3642 3643 3647
f 3642 3647 3646
f 3643 3644 3648
f 3643 3648 3647
g 바닥 타일_38
v 1.0000 -0.0500 1.0000
v 1.0000 -0.0167 1.0000
v 1.0000 0.0167 1.0000
v 1.0000 0.0500 1.0000
v 1.6667 -0.0500 1.0000
v 1.6667 -0.0167 1.0000
v 1.6667 0.0167 1.0000
v 1.6667 0.0500 1.0000
v 2.3333 -0.0500 1.0000
v 2.3333 -0.0167 1.0000
v 2.3333 0.0167 1.0000
v 2.3333 0.0500 1.0000
v 3.0000 -0.0500 1.0000
v 3.0000 -0.0167 1.0000
v 3.0000 0.0167 1.0000
v 3.0000 0.0500 1.0000
v 3.0000 -0.0500 -1.0000
v 3.0000 -0.0167 -1.0000
v 3.0000 0.0167 -1.0000
v 3.0000 0.0500 -1.0000
v 2.3333 -0.0500 -1.0000
v 2.3333 -0.0167 -1.0000
v 2.3333 0.0167 -1.0000
v 2.3333 0.0500 -1.0000
v 1.6667 -0.0500 -1.0000
v 1.6667 -0.0167 -1.0000
v 1.6667 0.0167 -1.0000
v 1.6667 0.0500 -1.0000
v 1.0000 -0.0500 -1.0000
v 1.0000 -0.0167 -1.0000
v 1.0000 0.0167 -1.0000
v 1.0000 0.0500 -1.0000
v 1.0000 -0.0500 -1.0000
v 1.0000 -0.0167 -1.0000
v 1.0000 0.0167 -1.0000
v 1.0000 0.0500 -1.0000
v 1.0000 -0.0500 -0.3333
v 1.0000 -0.0167 -0.3333
v 1.0000 0.0167 -0.3333
v 1.0000 0.0500 -0.3333
v 1.0000 -0.0500 0.3333
v 1.0000 -0.0167 0.3333
v 1.0000 0.0167 0.3333
v 1.0000 0.0500 0.3333
v 1.0000 -0.0500 1.0000
v 1.0000 -0.0167 1.0000
v 1.0000 0.0167 1.0000
v 1.0000 0.0500 1.0000
v 3.0000 -0.0500 1.0000
v 3.0000 -0.0167 1.0000
v 3.0000 0.0167 1.0000
v 3.0000 0.0500 1.0000
v 3.0000 -0.0500 0.3333
v 3.0000 -0.0167 0.3333
v 3.0000 0.0167 0.3333
v 3.0000 0.0500 0.3333
v 3.0000 -0.0500 -0.3333
v 3.0000 -0.0167 -0.3333
v 3.0000 0.0167 -0.3333
v 3.0000 0.0500 -0.3333
v 3.0000 -0.0500 -1.0000
v 3.0000 -0.0167 -1.0000
v 3.0000 0.0167 -1.0000
v 3.0000 0.0500 -1.0000
v 1.0000 0.0500 -1.0000
v 1.0000 0.0500 -0.3333
v 1.0000 0.0500 0.3333
v 1.0000 0.0500 1.0000
v 1.6667 0.0500 -1.0000
v 1.6667 0.0500 -0.3333
v 1.6667 0.0500 0.3333
v 1.6667 0.0500 1.0000
v 2.3333 0.0500 -1.0000
v 2.3333 0.0500 -0.3333
v 2.3333 0.0500 0.3333
v 2.3333 0.0500 1.0000
v 3.0000 0.0500 -1.0000
v 3.0000 0.0500 -0.3333
v 3.0000 0.0500 0.3333
v 3.0000 0.0500 1.0000
v 1.0000 -0.0500 1.0000
v 1.0000 -0.0500 0.3333
v 1.0000 -0.0500 -0.3333
v 1.0000 -0.0500 -1.0000
v 1.6667 -0.0500 1.0000
v 1.6667 -0.0500 0.3333
v 1.6667 -0.0500 -0.3333
v 1.6667 -0.0500 -1.0000
v 2.3333 -0.0500 1.0000
v 2.3333 -0.0500 0.3333
v 2.3333 -0.0500 -0.3333
v 2.3333 -0.0500 -1.0000
v 3.0000 -0.0500 1.0000
v 3.0000 -0.0500 0.3333
v 3.0000 -0.0500 -0.3333
v 3.0000 -0.0500 -1.0000
f 3649 3650 3654
f 3649 3654 3653
f 3650 3651 3655
f 3650 3655 3654
f 3651 3652 3656
f 3651 3656 3655
f 3653 3654 3658
f 3653 3658 3657
f 3654 3655 3659
f 3654 3659 3658
f 3655 3656 3660
f 3655 3660 3659
f 3657 3658 3662
f 3657 3662 3661
f 3658 3659 3663
f 3658 3663 3662
f 3659 3660 3664
f 3659 3664 3663
f 3665 3666 3670
f 3665 3670 3669
f 3666 3667 3671
f 3666 3671 3670
f 3667 3668 3672
f 3667 3672 3671
f 3669 3670 3674
f 3669 3674 3673
f 3670 3671 3675
f 3670 3675 3674
f 3671 3672 3676
f 3671 3676 3675
f 3673 3674 3678
f 3673 3678 3677
f 3674 3675 3679
f 3674 3679 3678
f 3675 3676 3680
f 3675 3680 3679
f 3681 3682 3686
f 3681 3686 3685
f 3682 3683 3687
f 3682 3687 3686
f 3683 3684 3688
f 3683 3688 3687
f 3685 3686 3690
f 3685 3690 3689
f 3686 3687 3691
f 3686 3691 3690
f 3687 3688 3692
f 3687 3692 3691
f 3689 3690 3694
f 3689 3694 3693
f 3690 3691 3695
f 3690 3695 3694
f 3691 3692 3696
f 3691 3696 3695
f 3697 3698 3702
f 3697 3702 3701
f 3698 3699 3703
f 3698 3703 3702
f 3699 3700 3704
f 3699 3704 3703
f 3701 3702 3706
f 3701 3706 3705
f 3702 3703 3707
f 3702 3707 3706
f 3703 3704 3708
f 3703 3708 3707
f 3705 3706 3710
f 3705 3710 3709
f 3706 3707 3711
f 3706 3711 3710
f 3707 3708 3712
f 3707 3712 3711
f 3713 3714 3718
f 3713 3718 3717
f 3714 3715 3719
f 3714 3719 3718
f 3715 3716 3720
f 3715 3720 3719
f 3717 3718 3722
f 3717 3722 3721
f 3718 3719 3723
f 3718 3723 3722
f 3719 3720 3724
f 3719 3724 3723
f 3721 3722 3726
f 3721 3726 3725
f 3722 3723 3727
f 3722 3727 3726
f 3723 3724 3728
f 3723 3728 3727
f 3729 3730 3734
f 3729 3734 3733
f 3730 3731 3735
f 3730 3735 3734
f 3731 3732 3736
f 3731 3736 3735
f 3733 3734 3738
f 3733 3738 3737
f 3734 3735 3739
f 3734 3739 3738
f 3735 3736 3740
f 3735 3740 3739
f 3737 3738 3742
f 3737 3742 3741
f 3738 3739 3743
f 3738 3743 3742
f 3739 3740 3744
f 3739 3744 3743
g 바닥 타일_39
v 1.0000 -0.0500 3.0000
v 1.0000 -0.0167 3.0000
v 1.0000 0.0167 3.0000
v 1.0000 0.0500 3.0000
v 1.6667 -0.0500 3.0000
v 1.6667 -0.0167 3.0000
v 1.6667 0.0167 3.0000
v 1.6667 0.0500 3.0000
v 2.3333 -0.0500 3.0000
v 2.3333 -0.0167 3.0000
v 2.3333 0.0167 3.0000
v 2.3333 0.0500 3.0000
v 3.0000 -0.0500 3.0000
v 3.0000 -0.0167 3.0000
v 3.0000 0.0167 3.0000
v 3.0000 0.0500 3.0000
v 3.0000 -0.0500 1.0000
v 3.0000 -0.0167 1.0000
v 3.0000 0.0167 1.0000
v 3.0000 0.0500 1.0000
v 2.3333 -0.0500 1.0000
v 2.3333 -0.0167 1.0000
v 2.3333 0.0167 1.0000
v 2.3333 0.0500 1.0000
v 1.6667 -0.0500 1.0000
v 1.6667 -0.0167 1.0000
v 1.6667 0.0167 1.0000
v 1.6667 0.0500 1.0000
v 1.0000 -0.0500 1.0000
v 1.0000 -0.0167 1.0000
v 1.0000 0.0167 1.0000
v 1.0000 0.0500 1.0000
v 1.0000 -0.0500 1.0000
v 1.0000 -0.0167 1.0000
v 1.0000 0.0167 1.0000
v 1.0000 0.0500 1.0000
v 1.0000 -0.0500 1.6667
v 1.0000 -0.0167 1.6667
v 1.0000 0.0167 1.6667
v 1.0000 0.0500 1.6667
v 1.0000 -0.0500 2.3333
v 1.0000 -0.0167 2.3333
v 1.0000 0.0167 2.3333
v 1.0000 0.0500 2.3333
v 1.0000 -0.0500 3.0000
v 1.0000 -0.0167 3.0000
v 1.0000 0.0167 3.0000
v 1.0000 0.0500 3.0000
v 3.0000 -0.0500 3.0000
v 3.0000 -0.0167 3.0000
v 3.0000 0.0167 3.0000
v 3.0000 0.0500 3.0000
v 3.0000 -0.0500 2.3333
v 3.0000 -0.0167 2.3333
v 3.0000 0.0167 2.3333
v 3.0000 0.0500 2.3333
v 3.0000 -0.0500 1.6667
v 3.0000 -0.0167 1.6667
v 3.0000 0.0167 1.6667
v 3.0000 0.0500 1.6667
v 3.0000 -0.0500 1.0000
v 3.0000 -0.0167 1.0000
v 3.0000 0.0167 1.0000
v 3.0000 0.0500 1.0000
v 1.0000 0.0500 1.0000
v 1.0000 0.0500 1.6667
v 1.0000 0.0500 2.3333
v 1.0000 0.0500 3.0000
v 1.6667 0.0500 1.0000
v 1.6667 0.0500 1.6667
v 1.6667 0.0500 2.3333
v 1.6667 0.0500 3.0000
v 2.3333 0.0500 1.0000
v 2.3333 0.0500 1.6667
v 2.3333 0.0500 2.3333
v 2.3333 0.0500 3.0000
v 3.0000 0.0500 1.0000
v 3.0000 0.0500 1.6667
v 3.0000 0.0500 2.3333
v 3.0000 0.0500 3.0000
v 1.0000 -0.0500 3.0000
v 1.0000 -0.0500 2.3333
v 1.0000 -0.0500 1.6667
v 1.0000 -0.0500 1.0000
v 1.6667 -0.0500 3.0000
v 1.6667 -0.0500 2.3333
v 1.6667 -0.0500 1.6667
v 1.6667 -0.0500 1.0000
v 2.3333 -0.0500 3.0000
v 2.3333 -0.0500 2.3333
v 2.3333 -0.0500 1.6667
v 2.3333 -0.0500 1.0000
v 3.0000 -0.0500 3.0000
v 3.0000 -0.0500 2.3333
v 3.0000 -0.0500 1.6667
v 3.0000 -0.0500 1.0000
f 3745 3746 3750
f 3745 3750 3749
f 3746 3747 3751
f 3746 3751 3750
f 3747 3748 3752
f 3747 3752 3751
f 3749 3750 3754
f 3749 3754 3753
f 3750 3751 3755
f 3750 3755 3754
f 3751 3752 3756
f 3751 3756 3755
f 3753 3754 3758
f 3753 3758 3757
f 3754 3755 3759
f 3754 3759 3758
f 3755 3756 3760
f 3755 3760 3759
f 3761 3762 3766
f 3761 3766 3765
f 3762 3763 3767
f 3762 3767 3766
f 3763 3764 3768
f 3763 3768 3767
f 3765 3766 3770
f 3765 3770 3769
f 3766 3767 3771
f 3766 3771 3770
f 3767 3768 3772
f 3767 3772 3771
f 3769 3770 3774
f 3769 3774 3773
f 3770 3771 3775
f 3770 3775 3774
f 3771 3772 3776
f 3771 3776 3775
f 3777 3778 3782
f 3777 3782 3781
f 3778 3779 3783
f 3778 3783 3782
f 3779 3780 3784
f 3779 3784 3783
f 3781 3782 3786
f 3781 3786 3785
f 3782 3783 3787
f 3782 3787 3786
f 3783 3784 3788
f 3783 3788 3787
f 3785 3786 3790
f 3785 3790 3789
f 3786 3787 3791
f 3786 3791 3790
f 3787 3788 3792
f 3787 3792 3791
f 3793 3794 3798
f 3793 3798 3797
f 3794 3795 3799
f 3794 3799 3798
f 3795 3796 3800
f 3795 3800 3799
f 3797 3798 3802
f 3797 3802 3801
f 3798 3799 3803
f 3798 3803 3802
f 3799 3800 3804
f 3799 3804 3803
f 3801 3802 3806
f 3801 3806 3805
f 3802 3803 3807
f 3802 3807 3806
f 3803 3804 3808
f 3803 3808 3807
f 3809 3810 3814
f 3809 3814 3813
f 3810 3811 3815
f 3810 3815 3814
f 3811 3812 3816
f 3811 3816 3815
f 3813 3814 3818
f 3813 3818 3817
f 3814 3815 3819
f 3814 3819 3818
f 3815 3816 3820
f 3815 3820 3819
f 3817 3818 3822
f 3817 3822 3821
f 3818 3819 3823
f 3818 3823 3822
f 3819 3820 3824
f 3819 3824 3823
f 3825 3826 3830
f 3825 3830 3829
f 3826 3827 3831
f 3826 3831 3830
f 3827 3828 3832
f 3827 3832 3831
f 3829 3830 3834
f 3829 3834 3833
f 3830 3831 3835
f 3830 3835 3834
f 3831 3832 3836
f 3831 3836 3835
f 3833 3834 3838
f 3833 3838 3837
f 3834 3835 3839
f 3834 3839 3838
f 3835 3836 3840
f 3835 3840 3839
g 바닥 타일_40
v 1.0000 -0.0500 5.0000
v 1.0000 -0.0167 5.0000
v 1.0000 0.0167 5.0000
v 1.0000 0.0500 5.0000
v 1.6667 -0.0500 5.0000
v 1.6667 -0.0167 5.0000
v 1.6667 0.0167 5.0000
v 1.6667 0.0500 5.0000
v 2.3333 -0.0500 5.0000
v 2.3333 -0.0167 5.0000
v 2.3333 0.0167 5.0000
v 2.3333 0.0500 5.0000
v 3.0000 -0.0500 5.0000
v 3.0000 -0.0167 5.0000
v 3.0000 0.0167 5.0000
v 3.0000 0.0500 5.0000
v 3.0000 -0.0500 3.0000
v 3.0000 -0.0167 3.0000
v 3.0000 0.0167 3.0000
v 3.0000 0.0500 3.0000
v 2.3333 -0.0500 3.0000
v 2.3333 -0.0167 3.0000
v 2.3333 0.0167 3.0000
v 2.3333 0.0500 3.0000
v 1.6667 -0.0500 3.0000
v 1.6667 -0.0167 3.0000
v 1.6667 0.0167 3.0000
v 1.6667 0.0500 3.0000
v 1.0000 -0.0500 3.0000
v 1.0000 -0.0167 3.0000
v 1.0000 0.0167 3.0000
v 1.0000 0.0500 3.0000
v 1.0000 -0.0500 3.0000
v 1.0000 -0.0167 3.0000
v 1.0000 0.0167 3.0000
v 1.0000 0.0500 3.0000
v 1.0000 -0.0500 3.6667
v 1.0000 -0.0167 3.6667
v 1.0000 0.0167 3.6667
v 1.0000 0.0500 3.6667
v 1.0000 -0.0500 4.3333
v 1.0000 -0.0167 4.3333
v 1.0000 0.0167 4.3333
v 1.0000 0.0500 4.3333
v 1.0000 -0.0500 5.0000
v 1.0000 -0.0167 5.0000
v 1.0000 0.0167 5.0000
v 1.0000 0.0500 5.0000
v 3.0000 -0.0500 5.0000
v 3.0000 -0.0167 5.0000
v 3.0000 0.0167 5.0000
v 3.0000 0.0500 5.0000
v 3.0000 -0.0500 4.3333
v 3.0000 -0.0167 4.3333
v 3.0000 0.0167 4.3333
v 3.0000 0.0500 4.3333
v 3.0000 -0.0500 3.6667
v 3.0000 -0.0167 3.6667
v 3.0000 0.0167 3.6667
v 3.0000 0.0500 3.6667
v 3.0000 -0.0500 3.0000
v 3.0000 -0.0167 3.0000
v 3.0000 0.0167 3.0000
v 3.0000 0.0500 3.0000
v 1.0000 0.0500 3.0000
v 1.0000 0.0500 3.6667
v 1.0000 0.0500 4.3333
v 1.0000 0.0500 5.0000
v 1.6667 0.0500 3.0000
v 1.6667 0.0500 3.6667
v 1.6667 0.0500 4.3333
v 1.6667 0.0500 5.0000
v 2.3333 0.0500 3.0000
v 2.3333 0.0500 3.6667
v 2.3333 0.0500 4.3333
v 2.3333 0.0500 5.0000
v 3.0000 0.0500 3.0000
v 3.0000 0.0500 3.6667
v 3.0000 0.0500 4.3333
v 3.0000 0.0500 5.0000
v 1.0000 -0.0500 5.0000
v 1.0000 -0.0500 4.3333
v 1.0000 -0.0500 3.6667
v 1.0000 -0.0500 3.0000
v 1.6667 -0.0500 5.0000
v 1.6667 -0.0500 4.3333
v 1.6667 -0.0500 3.6667
v 1.6667 -0.0500 3.0000
v 2.3333 -0.0500 5.0000
v 2.3333 -0.0500 4.3333
v 2.3333 -0.0500 3.6667
v 2.3333 -0.0500 3.0000
v 3.0000 -0.0500 5.0000
v 3.0000 -0.0500 4.3333
v 3.0000 -0.0500 3.6667
v 3.0000 -0.0500 3.0000
f 3841 3842 3846
f 3841 3846 3845
f 3842 3843 3847
f 3842 3847 3846
f 3843 3844 3848
f 3843 3848 3847
f 3845 3846 3850
f 3845 3850 3849
f 3846 3847 3851
f 3846 3851 3850
f 3847 3848 3852
f 3847 3852 3851
f 3849 3850 3854
f 3849 3854 3853
f 3850 3851 3855
f 3850 3855 3854
f 3851 3852 3856
f 3851 3856 3855
f 3857 3858 3862
f 3857 3862 3861
f 3858 3859 3863
f 3858 3863 3862
f 3859 3860 3864
f 3859 3864 3863
f 3861 3862 3866
f 3861 3866 3865
f 3862 3863 3867
f 3862 3867 3866
f 3863 3864 3868
f 3863 3868 3867
f 3865 3866 3870
f 3865 3870 3869
f 3866 3867 3871
f 3866 3871 3870
f 3867 3868 3872
f 3867 3872 3871
f 3873 3874 3878
f 3873 3878 3877
f 3874 3875 3879
f 3874 3879 3878
f 3875 3876 3880
f 3875 3880 3879
f 3877 3878 3882
f 3877 3882 3881
f 3878 3879 3883
f 3878 3883 3882
f 3879 3880 3884
f 3879 3884 3883
f 3881 3882 3886
f 3881 3886 3885
f 3882 3883 3887
f 3882 3887 3886
f 3883 3884 3888
f 3883 3888 3887
f 3889 3890 3894
f 3889 3894 3893
f 3890 3891 3895
f 3890 3895 3894
f 3891 3892 3896
f 3891 3896 3895
f 3893 3894 3898
f 3893 3898 3897
f 3894 3895 3899
f 3894 3899 3898
f 3895 3896 3900
f 3895 3900 3899
f 3897 3898 3902
f 3897 3902 3901
f 3898 3899 3903
f 3898 3903 3902
f 3899 3900 3904
f 3899 3904 3903
f 3905 3906 3910
f 3905 3910 3909
f 3906 3907 3911
f 3906 3911 3910
f 3907 3908 3912
f 3907 3912 3911
f 3909 3910 3914
f 3909 3914 3913
f 3910 3911 3915
f 3910 3915 3914
f 3911 3912 3916
f 3911 3916 3915
f 3913 3914 3918
f 3913 3918 3917
f 3914 3915 3919
f 3914 3919 3918
f 3915 3916 3920
f 3915 3920 3919
f 3921 3922 3926
f 3921 3926 3925
f 3922 3923 3927
f 3922 3927 3926
f 3923 3924 3928
f 3923 3928 3927
f 3925 3926 3930
f 3925 3930 3929
f 3926 3927 3931
f 3926 3931 3930
f 3927 3928 3932
f 3927 3932 3931
f 3929 3930 3934
f 3929 3934 3933
f 3930 3931 3935
f 3930 3935 3934
f 3931 3932 3936
f 3931 3936 3935
g 바닥 타일_41
v 1.0000 -0.0500 7.0000
v 1.0000 -0.0167 7.0000
v 1.0000 0.0167 7.0000
v 1.0000 0.0500 7.0000
v 1.6667 -0.0500 7.0000
v 1.6667 -0.0167 7.0000
v 1.6667 0.0167 7.0000
v 1.6667 0.0500 7.0000
v 2.3333 -0.0500 7.0000
v 2.3333 -0.0167 7.0000
v 2.3333 0.0167 7.0000
v 2.3333 0.0500 7.0000
v 3.0000 -0.0500 7.0000
v 3.0000 -0.0167 7.0000
v 3.0000 0.0167 7.0000
v 3.0000 0.0500 7.0000
v 3.0000 -0.0500 5.0000
v 3.0000 -0.0167 5.0000
v 3.0000 0.0167 5.0000
v 3.0000 0.0500 5.0000
v 2.3333 -0.0500 5.0000
v 2.3333 -0.0167 5.0000
v 2.3333 0.0167 5.0000
v 2.3333 0.0500 5.0000
v 1.6667 -0.0500 5.0000
v 1.6667 -0.0167 5.0000
v 1.6667 0.0167 5.0000
v 1.6667 0.0500 5.0000
v 1.0000 -0.0500 5.0000
v 1.0000 -0.0167 5.0000
v 1.0000 0.0167 5.0000
v 1.0000 0.0500 5.0000
v 1.0000 -0.0500 5.0000
v 1.0000 -0.0167 5.0000
v 1.0000 0.0167 5.0000
v 1.0000 0.0500 5.0000
v 1.0000 -0.0500 5.6667
v 1.0000 -0.0167 5.6667
v 1.0000 0.0167 5.6667
v 1.0000 0.0500 5.6667
v 1.0000 -0.0500 6.3333
v 1.0000 -0.0167 6.3333
v 1.0000 0.0167 6.3333
v 1.0000 0.0500 6.3333
v 1.0000 -0.0500 7.0000
v 1.0000 -0.0167 7.0000
v 1.0000 0.0167 7.0000
v 1.0000 0.0500 7.0000
v 3.0000 -0.0500 7.0000
v 3.0000 -0.0167 7.0000
v 3.0000 0.0167 7.0000
v 3.0000 0.0500 7.0000
v 3.0000 -0.0500 6.3333
v 3.0000 -0.0167 6.3333
v 3.0000 0.0167 6.3333
v 3.0000 0.0500 6.3333
v 3.0000 -0.0500 5.6667
v 3.0000 -0.0167 5.6667
v 3.0000 0.0167 5.6667
v 3.0000 0.0500 5.6667
v 3.0000 -0.0500 5.0000
v 3.0000 -0.0167 5.0000
v 3.0000 0.0167 5.0000
v 3.0000 0.0500 5.0000
v 1.0000 0.0500 5.0000
v 1.0000 0.0500 5.6667
v 1.0000 0.0500 6.3333
v 1.0000 0.0500 7.0000
v 1.6667 0.0500 5.0000
v 1.6667 0.0500 5.6667
v 1.6667 0.0500 6.3333
v 1.6667 0.0500 7.0000
v 2.3333 0.0500 5.0000
v 2.3333 0.0500 5.6667
v 2.3333 0.0500 6.3333
v 2.3333 0.0500 7.0000
v 3.0000 0.0500 5.0000
v 3.0000 0.0500 5.6667
v 3.0000 0.0500 6.3333
v 3.0000 0.0500 7.0000
v 1.0000 -0.0500 7.0000
v 1.0000 -0.0500 6.3333
v 1.0000 -0.0500 5.6667
v 1.0000 -0.0500 5.0000
v 1.6667 -0.0500 7.0000
v 1.6667 -0.0500 6.3333
v 1.6667 -0.0500 5.6667
v 1.6667 -0.0500 5.0000
v 2.3333 -0.0500 7.0000
v 2.3333 -0.0500 6.3333
v 2.3333 -0.0500 5.6667
v 2.3333 -0.0500 5.0000
v 3.0000 -0.0500 7.0000
v 3.0000 -0.0500 6.3333
v 3.0000 -0.0500 5.6667
v 3.0000 -0.0500 5.0000
f 3937 3938 3942
f 3937 3942 3941
f 3938 3939 3943
f 3938 3943 3942
f 3939 3940 3944
f 3939 3944 3943
f 3941 3942 3946
f 3941 3946 3945
f 3942 3943 3947
f 3942 3947 3946
f 3943 3944 3948
f 3943 3948 3947
f 3945 3946 3950
f 3945 3950 3949
f 3946 3947 3951
f 3946 3951 3950
f 3947 3948 3952
f 3947 3952 3951
f 3953 3954 3958
f 3953 3958 3957
f 3954 3955 3959
f 3954 3959 3958
f 3955 3956 3960
f 3955 3960 3959
f 3957 3958 3962
f 3957 3962 3961
f 3958 3959 3963
f 3958 3963 3962
f 3959 3960 3964
f 3959 3964 3963
f 3961 3962 3966
f 3961 3966 3965
f 3962 3963 3967
f 3962 3967 3966
f 3963 3964 3968
f 3963 3968 3967
f 3969 3970 3974
f 3969 3974 3973
f 3970 3971 3975
f 3970 3975 3974
f 3971 3972 3976
f 3971 3976 3975
f 3973 3974 3978
f 3973 3978 3977
f 3974 3975 3979
f 3974 3979 3978
f 3975 3976 3980
f 3975 3980 3979
f 3977 3978 3982
f 3977 3982 3981
f 3978 3979 3983
f 3978 3983 3982
f 3979 3980 3984
f 3979 3984 3983
f 3985 3986 3990
f 3985 3990 3989
f 3986 3987 3991
f 3986 3991 3990
f 3987 3988 3992
f 3987 3992 3991
f 3989 3990 3994
f 3989 3994 3993
f 3990 3991 3995
f 3990 3995 3994
f 3991 3992 3996
f 3991 3996 3995
f 3993 3994 3998
f 3993 3998 3997
f 3994 3995 3999
f 3994 3999 3998
f 3995 3996 4000
f 3995 4000 3999
f 4001 4002 4006
f 4001 4006 4005
f 4002 4003 4007
f 4002 4007 4006
f 4003 4004 4008
f 4003 4008 4007
f 4005 4006 4010
f 4005 4010 4009
f 4006 4007 4011
f 4006 4011 4010
f 4007 4008 4012
f 4007 4012 4011
f 4009 4010 4014
f 4009 4014 4013
f 4010 4011 4015
f 4010 4015 4014
f 4011 4012 4016
f 4011 4016 4015
f 4017 4018 4022
f 4017 4022 4021
f 4018 4019 4023
f 4018 4023 4022
f 4019 4020 4024
f 4019 4024 4023
f 4021 4022 4026
f 4021 4026 4025
f 4022 4023 4027
f 4022 4027 4026
f 4023 4024 4028
f 4023 4028 4027
f 4025 4026 4030
f 4025 4030 4029
f 4026 4027 4031
f 4026 4031 4030
f 4027 4028 4032
f 4027 4032 4031
g 바닥 타일_42
v 3.0000 -0.0500 -5.0000
v 3.0000 -0.0167 -5.0000
v 3.0000 0.0167 -5.0000
v 3.0000 0.0500 -5.0000
v 3.6667 -0.0500 -5.0000
v 3.6667 -0.0167 -5.0000
v 3.6667 0.0167 -5.0000
v 3.6667 0.0500 -5.0000
v 4.3333 -0.0500 -5.0000
v 4.3333 -0.0167 -5.0000
v 4.3333 0.0167 -5.0000
v 4.3333 0.0500 -5.0000
v 5.0000 -0.0500 -5.0000
v 5.0000 -0.0167 -5.0000
v 5.0000 0.0167 -5.0000
v 5.0000 0.0500 -5.0000
v 5.0000 -0.0500 -7.0000
v 5.0000 -0.0167 -7.0000
v 5.0000 0.0167 -7.0000
v 5.0000 0.0500 -7.0000
v 4.3333 -0.0500 -7.0000
v 4.3333 -0.0167 -7.0000
v 4.3333 0.0167 -7.0000
v 4.3333 0.0500 -7.0000
v 3.6667 -0.0500 -7.0000
v 3.6667 -0.0167 -7.0000
v 3.6667 0.0167 -7.0000
v 3.6667 0.0500 -7.0000
v 3.0000 -0.0500 -7.0000
v 3.0000 -0.0167 -7.0000
v 3.0000 0.0167 -7.0000
v 3.0000 0.0500 -7.0000
v 3.0000 -0.0500 -7.0000
v 3.0000 -0.0167 -7.0000
v 3.0000 0.0167 -7.0000
v 3.0000 0.0500 -7.0000
v 3.0000 -0.0500 -6.3333
v 3.0000 -0.0167 -6.3333
v 3.0000 0.0167 -6.3333
v 3.0000 0.0500 -6.3333
v 3.0000 -0.0500 -5.6667
v 3.0000 -0.0167 -5.6667
v 3.0000 0.0167 -5.6667
v 3.0000 0.0500 -5.6667
v 3.0000 -0.0500 -5.0000
v 3.0000 -0.0167 -5.0000
v 3.0000 0.0167 -5.0000
v 3.0000 0.0500 -5.0000
v 5.0000 -0.0500 -5.0000
v 5.0000 -0.0167 -5.0000
v 5.0000 0.0167 -5.0000
v 5.0000 0.0500 -5.0000
v 5.0000 -0.0500 -5.6667
v 5.0000 -0.0167 -5.6667
v 5.0000 0.0167 -5.6667
v 5.0000 0.0500 -5.6667
v 5.0000 -0.0500 -6.3333
v 5.0000 -0.0167 -6.3333
v 5.0000 0.0167 -6.3333
v 5.0000 0.0500 -6.3333
v 5.0000 -0.0500 -7.0000
v 5.0000 -0.0167 -7.0000
v 5.0000 0.0167 -7.0000
v 5.0000 0.0500 -7.0000
v 3.0000 0.0500 -7.0000
v 3.0000 0.0500 -6.3333
v 3.0000 0.0500 -5.6667
v 3.0000 0.0500 -5.0000
v 3.6667 0.0500 -7.0000
v 3.6667 0.0500 -6.3333
v 3.6667 0.0500 -5.6667
v 3.6667 0.0500 -5.0000
v 4.3333 0.0500 -7.0000
v 4.3333 0.0500 -6.3333
v 4.3333 0.0500 -5.6667
v 4.3333 0.0500 -5.0000
v 5.0000 0.0500 -7.0000
v 5.0000 0.0500 -6.3333
v 5.0000 0.0500 -5.6667
v 5.0000 0.0500 -5.0000
v 3.0000 -0.0500 -5.0000
v 3.0000 -0.0500 -5.6667
v 3.0000 -0.0500 -6.3333
v 3.0000 -0.0500 -7.0000
v 3.6667 -0.0500 -5.0000
v 3.6667 -0.0500 -5.6667
v 3.6667 -0.0500 -6.3333
v 3.6667 -0.0500 -7.0000
v 4.3333 -0.0500 -5.0000
v 4.3333 -0.0500 -5.6667
v 4.3333 -0.0500 -6.3333
v 4.3333 -0.0500 -7.0000
v 5.0000 -0.0500 -5.0000
v 5.0000 -0.0500 -5.6667
v 5.0000 -0.0500 -6.3333
v 5.0000 -0.0500 -7.0000
f 4033 4034 4038
f 4033 4038 4037
f 4034 4035 4039
f 4034 4039 4038
f 4035 4036 4040
f 4035 4040 4039
f 4037 4038 4042
f 4037 4042 4041
f 4038 4039 4043
f 4038 4043 4042
f 4039 4040 4044
f 4039 4044 4043
f 4041 4042 4046
f 4041 4046 4045
f 4042 4043 4047
f 4042 4047 4046
f 4043 4044 4048
f 4043 4048 4047
f 4049 4050 4054
f 4049 4054 4053
f 4050 4051 4055
f 4050 4055 4054
f 4051 4052 4056
f 4051 4056 4055
f 4053 4054 4058
f 4053 4058 4057
f 4054 4055 4059
f 4054 4059 4058
f 4055 4056 4060
f 4055 4060 4059
f 4057 4058 4062
f 4057 4062 4061
f 4058 4059 4063
f 4058 4063 4062
f 4059 4060 4064
f 4059 4064 4063
f 4065 4066 4070
f 4065 4070 4069
f 4066 4067 4071
f 4066 4071 4070
f 4067 4068 4072
f 4067 4072 4071
f 4069 4070 4074
f 4069 4074 4073
f 4070 4071 4075
f 4070 4075 4074
f 4071 4072 4076
f 4071 4076 4075
f 4073 4074 4078
f 4073 4078 4077
f 4074 4075 4079
f 4074 4079 4078
f 4075 4076 4080
f 4075 4080 4079
f 4081 4082 4086
f 4081 4086 4085
f 4082 4083 4087
f 4082 4087 4086
f 4083 4084 4088
f 4083 4088 4087
f 4085 4086 4090
f 4085 4090 4089
f 4086 4087 4091
f 4086 4091 4090
f 4087 4088 4092
f 4087 4092 4091
f 4089 4090 4094
f 4089 4094 4093
f 4090 4091 4095
f 4090 4095 4094
f 4091 4092 4096
f 4091 4096 4095
f 4097 4098 4102
f 4097 4102 4101
f 4098 4099 4103
f 4098 4103 4102
f 4099 4100 4104
f 4099 4104 4103
f 4101 4102 4106
f 4101 4106 4105
f 4102 4103 4107
f 4102 4107 4106
f 4103 4104 4108
f 4103 4108 4107
f 4105 4106 4110
f 4105 4110 4109
f 4106 4107 4111
f 4106 4111 4110
f 4107 4108 4112
f 4107 4112 4111
f 4113 4114 4118
f 4113 4118 4117
f 4114 4115 4119
f 4114 4119 4118
f 4115 4116 4120
f 4115 4120 4119
f 4117 4118 4122
f 4117 4122 4121
f 4118 4119 4123
f 4118 4123 4122
f 4119 4120 4124
f 4119 4124 4123
f 4121 4122 4126
f 4121 4126 4125
f 4122 4123 4127
f 4122 4127 4126
f 4123 4124 4128
f 4123 4128 4127
g 바닥 타일_43
v 3.0000 -0.0500 -3.0000
v 3.0000 -0.0167 -3.0000
v 3.0000 0.0167 -3.0000
v 3.0000 0.0500 -3.0000
v 3.6667 -0.0500 -3.0000
v 3.6667 -0.0167 -3.0000
v 3.6667 0.0167 -3.0000
v 3.6667 0.0500 -3.0000
v 4.3333 -0.0500 -3.0000
v 4.3333 -0.0167 -3.0000
v 4.3333 0.0167 -3.0000
v 4.3333 0.0500 -3.0000
v 5.0000 -0.0500 -3.0000
v 5.0000 -0.0167 -3.0000
v 5.0000 0.0167 -3.0000
v 5.0000 0.0500 -3.0000
v 5.0000 -0.0500 -5.0000
v 5.0000 -0.0167 -5.0000
v 5.0000 0.0167 -5.0000
v 5.0000 0.0500 -5.0000
v 4.3333 -0.0500 -5.0000
v 4.3333 -0.0167 -5.0000
v 4.3333 0.0167 -5.0000
v 4.3333 0.0500 -5.0000
v 3.6667 -0.0500 -5.0000
v 3.6667 -0.0167 -5.0000
v 3.6667 0.0167 -5.0000
v 3.6667 0.0500 -5.0000
v 3.0000 -0.0500 -5.0000
v 3.0000 -0.0167 -5.0000
v 3.0000 0.0167 -5.0000
v 3.0000 0.0500 -5.0000
v 3.0000 -0.0500 -5.0000
v 3.0000 -0.0167 -5.0000
v 3.0000 0.0167 -5.0000
v 3.0000 0.0500 -5.0000
v 3.0000 -0.0500 -4.3333
v 3.0000 -0.0167 -4.3333
v 3.0000 0.0167 -4.3333
v 3.0000 0.0500 -4.3333
v 3.0000 -0.0500 -3.6667
v 3.0000 -0.0167 -3.6667
v 3.0000 0.0167 -3.6667
v 3.0000 0.0500 -3.6667
v 3.0000 -0.0500 -3.0000
v 3.0000 -0.0167 -3.0000
v 3.0000 0.0167 -3.0000
v 3.0000 0.0500 -3.0000
v 5.0000 -0.0500 -3.0000
v 5.0000 -0.0167 -3.0000
v 5.0000 0.0167 -3.0000
v 5.0000 0.0500 -3.0000
v 5.0000 -0.0500 -3.6667
v 5.0000 -0.0167 -3.6667
v 5.0000 0.0167 -3.6667
v 5.0000 0.0500 -3.6667
v 5.0000 -0.0500 -4.3333
v 5.0000 -0.0167 -4.3333
v 5.0000 0.0167 -4.3333
v 5.0000 0.0500 -4.3333
v 5.0000 -0.0500 -5.0000
v 5.0000 -0.0167 -5.0000
v 5.0000 0.0167 -5.0000
v 5.0000 0.0500 -5.0000
v 3.0000 0.0500 -5.0000
v 3.0000 0.0500 -4.3333
v 3.0000 0.0500 -3.6667
v 3.0000 0.0500 -3.0000
v 3.6667 0.0500 -5.0000
v 3.6667 0.0500 -4.3333
v 3.6667 0.0500 -3.6667
v 3.6667 0.0500 -3.0000
v 4.3333 0.0500 -5.0000
v 4.3333 0.0500 -4.3333
v 4.3333 0.0500 -3.6667
v 4.3333 0.0500 -3.0000
v 5.0000 0.0500 -5.0000
v 5.0000 0.0500 -4.3333
v 5.0000 0.0500 -3.6667
v 5.0000 0.0500 -3.0000
v 3.0000 -0.0500 -3.0000
v 3.0000 -0.0500 -3.6667
v 3.0000 -0.0500 -4.3333
v 3.0000 -0.0500 -5.0000
v 3.6667 -0.0500 -3.0000
v 3.6667 -0.0500 -3.6667
v 3.6667 -0.0500 -4.3333
v 3.6667 -0.0500 -5.0000
v 4.3333 -0.0500 -3.0000
v 4.3333 -0.0500 -3.6667
v 4.3333 -0.0500 -4.3333
v 4.3333 -0.0500 -5.0000
v 5.0000 -0.0500 -3.0000
v 5.0000 -0.0500 -3.6667
v 5.0000 -0.0500 -4.3333
v 5.0000 -0.0500 -5.0000
f 4129 4130 4134
f 4129 4134 4133
f 4130 4131 4135
f 4130 4135 4134
f 4131 4132 4136
f 4131 4136 4135
f 4133 4134 4138
f 4133 4138 4137
f 4134 4135 4139
f 4134 4139 4138
f 4135 4136 4140
f 4135 4140 4139
f 4137 4138 4142
f 4137 4142 4141
f 4138 4139 4143
f 4138 4143 4142
f 4139 4140 4144
f 4139 4144 4143
f 4145 4146 4150
f 4145 4150 4149
f 4146 4147 4151
f 4146 4151 4150
f 4147 4148 4152
f 4147 4152 4151
f 4149 4150 4154
f 4149 4154 4153
f 4150 4151 4155
f 4150 4155 4154
f 4151 4152 4156
f 4151 4156 4155
f 4153 4154 4158
f 4153 4158 4157
f 4154 4155 4159
f 4154 4159 4158
f 4155 4156 4160
f 4155 4160 4159
f 4161 4162 4166
f 4161 4166 4165
f 4162 4163 4167
f 4162 4167 4166
f 4163 4164 4168
f 4163 4168 4167
f 4165 4166 4170
f 4165 4170 4169
f 4166 4167 4171
f 4166 4171 4170
f 4167 4168 4172
f 4167 4172 4171
f 4169 4170 4174
f 4169 4174 4173
f 4170 4171 4175
f 4170 4175 4174
f 4171 4172 4176
f 4171 4176 4175
f 4177 4178 4182
f 4177 4182 4181
f 4178 4179 4183
f 4178 4183 4182
f 4179 4180 4184
f 4179 4184 4183
f 4181 4182 4186
f 4181 4186 4185
f 4182 4183 4187
f 4182 4187 4186
f 4183 4184 4188
f 4183 4188 4187
f 4185 4186 4190
f 4185 4190 4189
f 4186 4187 4191
f 4186 4191 4190
f 4187 4188 4192
f 4187 4192 4191
f 4193 4194 4198
f 4193 4198 4197
f 4194 4195 4199
f 4194 4199 4198
f 4195 4196 4200
f 4195 4200 4199
f 4197 4198 4202
f 4197 4202 4201
f 4198 4199 4203
f 4198 4203 4202
f 4199 4200 4204
f 4199 4204 4203
f 4201 4202 4206
f 4201 4206 4205
f 4202 4203 4207
f 4202 4207 4206
f 4203 4204 4208
f 4203 4208 4207
f 4209 4210 4214
f 4209 4214 4213
f 4210 4211 4215
f 4210 4215 4214
f 4211 4212 4216
f 4211 4216 4215
f 4213 4214 4218
f 4213 4218 4217
f 4214 4215 4219
f 4214 4219 4218
f 4215 4216 4220
f 4215 4220 4219
f 4217 4218 4222
f 4217 4222 4221
f 4218 4219 4223
f 4218 4223 4222
f 4219 4220 4224
f 4219 4224 4223
g 바닥 타일_44
v 3.0000 -0.0500 -1.0000
v 3.0000 -0.0167 -1.0000
v 3.0000 0.0167 -1.0000
v 3.0000 0.0500 -1.0000
v 3.6667 -0.0500 -1.0000
v 3.6667 -0.0167 -1.0000
v 3.6667 0.0167 -1.0000
v 3.6667 0.0500 -1.0000
v 4.3333 -0.0500 -1.0000
v 4.3333 -0.0167 -1.0000
v 4.3333 0.0167 -1.0000
v 4.3333 0.0500 -1.0000
v 5.0000 -0.0500 -1.0000
v 5.0000 -0.0167 -1.0000
v 5.0000 0.0167 -1.0000
v 5.0000 0.0500 -1.0000
v 5.0000 -0.0500 -3.0000
v 5.0000 -0.0167 -3.0000
v 5.0000 0.0167 -3.0000
v 5.0000 0.0500 -3.0000
v 4.3333 -0.0500 -3.0000
v 4.3333 -0.0167 -3.0000
v 4.3333 0.0167 -3.0000
v 4.3333 0.0500 -3.0000
v 3.6667 -0.0500 -3.0000
v 3.6667 -0.0167 -3.0000
v 3.6667 0.0167 -3.0000
v 3.6667 0.0500 -3.0000
v 3.0000 -0.0500 -3.0000
v 3.0000 -0.0167 -3.0000
v 3.0000 0.0167 -3.0000
v 3.0000 0.0500 -3.0000
v 3.0000 -0.0500 -3.0000
v 3.0000 -0.0167 -3.0000
v 3.0000 0.0167 -3.0000
v 3.0000 0.0500 -3.0000
v 3.0000 -0.0500 -2.3333
v 3.0000 -0.0167 -2.3333
v 3.0000 0.0167 -2.3333
v 3.0000 0.0500 -2.3333
v 3.0000 -0.0500 -1.6667
v 3.0000 -0.0167 -1.6667
v 3.0000 0.0167 -1.6667
v 3.0000 0.0500 -1.6667
v 3.0000 -0.0500 -1.0000
v 3.0000 -0.0167 -1.0000
v 3.0000 0.0167 -1.0000
v 3.0000 0.0500 -1.0000
v 5.0000 -0.0500 -1.0000
v 5.0000 -0.0167 -1.0000
v 5.0000 0.0167 -1.0000
v 5.0000 0.0500 -1.0000
v 5.0000 -0.0500 -1.6667
v 5.0000 -0.0167 -1.6667
v 5.0000 0.0167 -1.6667
v 5.0000 0.0500 -1.6667
v 5.0000 -0.0500 -2.3333
v 5.0000 -0.0167 -2.3333
v 5.0000 0.0167 -2.3333
v 5.0000 0.0500 -2.3333
v 5.0000 -0.0500 -3.0000
v 5.0000 -0.0167 -3.0000
v 5.0000 0.0167 -3.0000
v 5.0000 0.0500 -3.0000
v 3.0000 0.0500 -3.0000
v 3.0000 0.0500 -2.3333
v 3.0000 0.0500 -1.6667
v 3.0000 0.0500 -1.0000
v 3.6667 0.0500 -3.0000
v 3.6667 0.0500 -2.3333
v 3.6667 0.0500 -1.6667
v 3.6667 0.0500 -1.0000
v 4.3333 0.0500 -3.0000
v 4.3333 0.0500 -2.3333
v 4.3333 0.0500 -1.6667
v 4.3333 0.0500 -1.0000
v 5.0000 0.0500 -3.0000
v 5.0000 0.0500 -2.3333
v 5.0000 0.0500 -1.6667
v 5.0000 0.0500 -1.0000
v 3.0000 -0.0500 -1.0000
v 3.0000 -0.0500 -1.6667
v 3.0000 -0.0500 -2.3333
v 3.0000 -0.0500 -3.0000
v 3.6667 -0.0500 -1.0000
v 3.6667 -0.0500 -1.6667
v 3.6667 -0.0500 -2.3333
v 3.6667 -0.0500 -3.0000
v 4.3333 -0.0500 -1.0000
v 4.3333 -0.0500 -1.6667
v 4.3333 -0.0500 -2.3333
v 4.3333 -0.0500 -3.0000
v 5.0000 -0.0500 -1.0000
v 5.0000 -0.0500 -1.6667
v 5.0000 -0.0500 -2.3333
v 5.0000 -0.0500 -3.0000
f 4225 4226 4230
f 4225 4230 4229
f 4226 4227 4231
f 4226 4231 4230
f 4227 4228 4232
f 4227 4232 4231
f 4229 4230 4234
f 4229 4234 4233
f 4230 4231 4235
f 4230 4235 4234
f 4231 4232 4236
f 4231 4236 4235
f 4233 4234 4238
f 4233 4238 4237
f 4234 4235 4239
f 4234 4239 4238
f 4235 4236 4240
f 4235 4240 4239
f 4241 4242 4246
f 4241 4246 4245
f 4242 4243 4247
f 4242 4247 4246
f 4243 4244 4248
f 4243 4248 4247
f 4245 4246 4250
f 4245 4250 4249
f 4246 4247 4251
f 4246 4251 4250
f 4247 4248 4252
f 4247 4252 4251
f 4249 4250 4254
f 4249 4254 4253
f 4250 4251 4255
f 4250 4255 4254
f 4251 4252 4256
f 4251 4256 4255
f 4257 4258 4262
f 4257 4262 4261
f 4258 4259 4263
f 4258 4263 4262
f 4259 4260 4264
f 4259 4264 4263
f 4261 4262 4266
f 4261 4266 4265
f 4262 4263 4267
f 4262 4267 4266
f 4263 4264 4268
f 4263 4268 4267
f 4265 4266 4270
f 4265 4270 4269
f 4266 4267 4271
f 4266 4271 4270
f 4267 4268 4272
f 4267 4272 4271
f 4273 4274 4278
f 4273 4278 4277
f 4274 4275 4279
f 4274 4279 4278
f 4275 4276 4280
f 4275 4280 4279
f 4277 4278 4282
f 4277 4282 4281
f 4278 4279 4283
f 4278 4283 4282
f 4279 4280 4284
f 4279 4284 4283
f 4281 4282 4286
f 4281 4286 4285
f 4282 4283 4287
f 4282 4287 4286
f 4283 4284 4288
f 4283 4288 4287
f 4289 4290 4294
f 4289 4294 4293
f 4290 4291 4295
f 4290 4295 4294
f 4291 4292 4296
f 4291 4296 4295
f 4293 4294 4298
f 4293 4298 4297
f 4294 4295 4299
f 4294 4299 4298
f 4295 4296 4300
f 4295 4300 4299
f 4297 4298 4302
f 4297 4302 4301
f 4298 4299 4303
f 4298 4303 4302
f 4299 4300 4304
f 4299 4304 4303
f 4305 4306 4310
f 4305 4310 4309
f 4306 4307 4311
f 4306 4311 4310
f 4307 4308 4312
f 4307 4312 4311
f 4309 4310 4314
f 4309 4314 4313
f 4310 4311 4315
f 4310 4315 4314
f 4311 4312 4316
f 4311 4316 4315
f 4313 4314 4318
f 4313 4318 4317
f 4314 4315 4319
f 4314 4319 4318
f 4315 4316 4320
f 4315 4320 4319
g 바닥 타일_45
v 3.0000 -0.0500 1.0000
v 3.0000 -0.0167 1.0000
v 3.0000 0.0167 1.0000
v 3.0000 0.0500 1.0000
v 3.6667 -0.0500 1.0000
v 3.6667 -0.0167 1.0000
v 3.6667 0.0167 1.0000
v 3.6667 0.0500 1.0000
v 4.3333 -0.0500 1.0000
v 4.3333 -0.0167 1.0000
v 4.3333 0.0167 1.0000
v 4.3333 0.0500 1.0000
v 5.0000 -0.0500 1.0000
v 5.0000 -0.0167 1.0000
v 5.0000 0.0167 1.0000
v 5.0000 0.0500 1.0000
v 5.0000 -0.0500 -1.0000
v 5.0000 -0.0167 -1.0000
v 5.0000 0.0167 -1.0000
v 5.0000 0.0500 -1.0000
v 4.3333 -0.0500 -1.0000
v 4.3333 -0.0167 -1.0000
v 4.3333 0.0167 -1.0000
v 4.3333 0.0500 -1.0000
v 3.6667 -0.0500 -1.0000
v 3.6667 -0.0167 -1.0000
v 3.6667 0.0167 -1.0000
v 3.6667 0.0500 -1.0000
v 3.0000 -0.0500 -1.0000
v 3.0000 -0.0167 -1.0000
v 3.0000 0.0167 -1.0000
v 3.0000 0.0500 -1.0000
v 3.0000 -0.0500 -1.0000
v 3.0000 -0.0167 -1.0000
v 3.0000 0.0167 -1.0000
v 3.0000 0.0500 -1.0000
v 3.0000 -0.0500 -0.3333
v 3.0000 -0.0167 -0.3333
v 3.0000 0.0167 -0.3333
v 3.0000 0.0500 -0.3333
v 3.0000 -0.0500 0.3333
v 3.0000 -0.0167 0.3333
v 3.0000 0.0167 0.3333
v 3.0000 0.0500 0.3333
v 3.0000 -0.0500 1.0000
v 3.0000 -0.0167 1.0000
v 3.0000 0.0167 1.0000
v 3.0000 0.0500 1.0000
v 5.0000 -0.0500 1.0000
v 5.0000 -0.0167 1.0000
v 5.0000 0.0167 1.0000
v 5.0000 0.0500 1.0000
v 5.0000 -0.0500 0.3333
v 5.0000 -0.0167 0.3333
v 5.0000 0.0167 0.3333
v 5.0000 0.0500 0.3333
v 5.0000 -0.0500 -0.3333
v 5.0000 -0.0167 -0.3333
v 5.0000 0.0167 -0.3333
v 5.0000 0.0500 -0.3333
v 5.0000 -0.0500 -1.0000
v 5.0000 -0.0167 -1.0000
v 5.0000 0.0167 -1.0000
v 5.0000 0.0500 -1.0000
v 3.0000 0.0500 -1.0000
v 3.0000 0.0500 -0.3333
v 3.0000 0.0500 0.3333
v 3.0000 0.0500 1.0000
v 3.6667 0.0500 -1.0000
v 3.6667 0.0500 -0.3333
v 3.6667 0.0500 0.3333
v 3.6667 0.0500 1.0000
v 4.3333 0.0500 -1.0000
v 4.3333 0.0500 -0.3333
v 4.3333 0.0500 0.3333
v 4.3333 0.0500 1.0000
v 5.0000 0.0500 -1.0000
v 5.0000 0.0500 -0.3333
v 5.0000 0.0500 0.3333
v 5.0000 0.0500 1.0000
v 3.0000 -0.0500 1.0000
v 3.0000 -0.0500 0.3333
v 3.0000 -0.0500 -0.3333
v 3.0000 -0.0500 -1.0000
v 3.6667 -0.0500 1.0000
v 3.6667 -0.0500 0.3333
v 3.6667 -0.0500 -0.3333
v 3.6667 -0.0500 -1.0000
v 4.3333 -0.0500 1.0000
v 4.3333 -0.0500 0.3333
v 4.3333 -0.0500 -0.3333
v 4.3333 -0.0500 -1.0000
v 5.0000 -0.0500 1.0000
v 5.0000 -0.0500 0.3333
v 5.0000 -0.0500 -0.3333
v 5.0000 -0.0500 -1.0000
f 4321 4322 4326
f 4321 4326 4325
f 4322 4323 4327
f 4322 4327 4326
f 4323 4324 4328
f 4323 4328 4327
f 4325 4326 4330
f 4325 4330 4329
f 4326 4327 4331
f 4326 4331 4330
f 4327 4328 4332
f 4327 4332 4331
f 4329 4330 4334
f 4329 4334 4333
f 4330 4331 4335
f 4330 4335 4334
f 4331 4332 4336
f 4331 4336 4335
f 4337 4338 4342
f 4337 4342 4341
f 4338 4339 4343
f 4338 4343 4342
f 4339 4340 4344
f 4339 4344 4343
f 4341 4342 4346
f 4341 4346 4345
f 4342 4343 4347
f 4342 4347 4346
f 4343 4344 4348
f 4343 4348 4347
f 4345 4346 4350
f 4345 4350 4349
f 4346 4347 4351
f 4346 4351 4350
f 4347 4348 4352
f 4347 4352 4351
f 4353 4354 4358
f 4353 4358 4357
f 4354 4355 4359
f 4354 4359 4358
f 4355 4356 4360
f 4355 4360 4359
f 4357 4358 4362
f 4357 4362 4361
f 4358 4359 4363
f 4358 4363 4362
f 4359 4360 4364
f 4359 4364 4363
f 4361 4362 4366
f 4361 4366 4365
f 4362 4363 4367
f 4362 4367 4366
f 4363 4364 4368
f 4363 4368 4367
f 4369 4370 4374
f 4369 4374 4373
f 4370 4371 4375
f 4370 4375 4374
f 4371 4372 4376
f 4371 4376 4375
f 4373 4374 4378
f 4373 4378 4377
f 4374 4375 4379
f 4374 4379 4378
f 4375 4376 4380
f 4375 4380 4379
f 4377 4378 4382
f 4377 4382 4381
f 4378 4379 4383
f 4378 4383 4382
f 4379 4380 4384
f 4379 4384 4383
f 4385 4386 4390
f 4385 4390 4389
f 4386 4387 4391
f 4386 4391 4390
f 4387 4388 4392
f 4387 4392 4391
f 4389 4390 4394
f 4389 4394 4393
f 4390 4391 4395
f 4390 4395 4394
f 4391 4392 4396
f 4391 4396 4395
f 4393 4394 4398
f 4393 4398 4397
f 4394 4395 4399
f 4394 4399 4398
f 4395 4396 4400
f 4395 4400 4399
f 4401 4402 4406
f 4401 4406 4405
f 4402 4403 4407
f 4402 4407 4406
f 4403 4404 4408
f 4403 4408 4407
f 4405 4406 4410
f 4405 4410 4409
f 4406 4407 4411
f 4406 4411 4410
f 4407 4408 4412
f 4407 4412 4411
f 4409 4410 4414
f 4409 4414 4413
f 4410 4411 4415
f 4410 4415 4414
f 4411 4412 4416
f 4411 4416 4415
g 바닥 타일_46
v 3.0000 -0.0500 3.0000
v 3.0000 -0.0167 3.0000
v 3.0000 0.0167 3.0000
v 3.0000 0.0500 3.0000
v 3.6667 -0.0500 3.0000
v 3.6667 -0.0167 3.0000
v 3.6667 0.0167 3.0000
v 3.6667 0.0500 3.0000
v 4.3333 -0.0500 3.0000
v 4.3333 -0.0167 3.0000
v 4.3333 0.0167 3.0000
v 4.3333 0.0500 3.0000
v 5.0000 -0.0500 3.0000
v 5.0000 -0.0167 3.0000
v 5.0000 0.0167 3.0000
v 5.0000 0.0500 3.0000
v 5.0000 -0.0500 1.0000
v 5.0000 -0.0167 1.0000
v 5.0000 0.0167 1.0000
v 5.0000 0.0500 1.0000
v 4.3333 -0.0500 1.0000
v 4.3333 -0.0167 1.0000
v 4.3333 0.0167 1.0000
v 4.3333 0.0500 1.0000
v 3.6667 -0.0500 1.0000
v 3.6667 -0.0167 1.0000
v 3.6667 0.0167 1.0000
v 3.6667 0.0500 1.0000
v 3.0000 -0.0500 1.0000
v 3.0000 -0.0167 1.0000
v 3.0000 0.0167 1.0000
v 3.0000 0.0500 1.0000
v 3.0000 -0.0500 1.0000
v 3.0000 -0.0167 1.0000
v 3.0000 0.0167 1.0000
v 3.0000 0.0500 1.0000
v 3.0000 -0.0500 1.6667
v 3.0000 -0.0167 1.6667
v 3.0000 0.0167 1.6667
v 3.0000 0.0500 1.6667
v 3.0000 -0.0500 2.3333
v 3.0000 -0.0167 2.3333
v 3.0000 0.0167 2.3333
v 3.0000 0.0500 2.3333
v 3.0000 -0.0500 3.0000
v 3.0000 -0.0167 3.0000
v 3.0000 0.0167 3.0000
v 3.0000 0.0500 3.0000
v 5.0000 -0.0500 3.0000
v 5.0000 -0.0167 3.0000
v 5.0000 0.0167 3.0000
v 5.0000 0.0500 3.0000
v 5.0000 -0.0500 2.3333
v 5.0000 -0.0167 2.3333
v 5.0000 0.0167 2.3333
v 5.0000 0.0500 2.3333
v 5.0000 -0.0500 1.6667
v 5.0000 -0.0167 1.6667
v 5.0000 0.0167 1.6667
v 5.0000 0.0500 1.6667
v 5.0000 -0.0500 1.0000
v 5.0000 -0.0167 1.0000
v 5.0000 0.0167 1.0000
v 5.0000 0.0500 1.0000
v 3.0000 0.0500 1.0000
v 3.0000 0.0500 1.6667
v 3.0000 0.0500 2.3333
v 3.0000 0.0500 3.0000
v 3.6667 0.0500 1.0000
v 3.6667 0.0500 1.6667
v 3.6667 0.0500 2.3333
v 3.6667 0.0500 3.0000
v 4.3333 0.0500 1.0000
v 4.3333 0.0500 1.6667
v 4.3333 0.0500 2.3333
v 4.3333 0.0500 3.0000
v 5.0000 0.0500 1.0000
v 5.0000 0.0500 1.6667
v 5.0000 0.0500 2.3333
v 5.0000 0.0500 3.0000
v 3.0000 -0.0500 3.0000
v 3.0000 -0.0500 2.3333
v 3.0000 -0.0500 1.6667
v 3.0000 -0.0500 1.0000
v 3.6667 -0.0500 3.0000
v 3.6667 -0.0500 2.3333
v 3.6667 -0.0500 1.6667
v 3.6667 -0.0500 1.0000
v 4.3333 -0.0500 3.0000
v 4.3333 -0.0500 2.3333
v 4.3333 -0.0500 1.6667
v 4.3333 -0.0500 1.0000
v 5.0000 -0.0500 3.0000
v 5.0000 -0.0500 2.3333
v 5.0000 -0.0500 1.6667
v 5.0000 -0.0500 1.0000
f 4417 4418 4422
f 4417 4422 4421
f 4418 4419 4423
f 4418 4423 4422
f 4419 4420 4424
f 4419 4424 4423
f 4421 4422 4426
f 4421 4426 4425
f 4422 4423 4427
f 4422 4427 4426
f 4423 4424 4428
f 4423 4428 4427
f 4425 4426 4430
f 4425 4430 4429
f 4426 4427 4431
f 4426 4431 4430
f 4427 4428 4432
f 4427 4432 4431
f 4433 4434 4438
f 4433 4438 4437
f 4434 4435 4439
f 4434 4439 4438
f 4435 4436 4440
f 4435 4440 4439
f 4437 4438 4442
f 4437 4442 4441
f 4438 4439 4443
f 4438 4443 4442
f 4439 4440 4444
f 4439 4444 4443
f 4441 4442 4446
f 4441 4446 4445
f 4442 4443 4447
f 4442 4447 4446
f 4443 4444 4448
f 4443 4448 4447
f 4449 4450 4454
f 4449 4454 4453
f 4450 4451 4455
f 4450 4455 4454
f 4451 4452 4456
f 4451 4456 4455
f 4453 4454 4458
f 4453 4458 4457
f 4454 4455 4459
f 4454 4459 4458
f 4455 4456 4460
f 4455 4460 4459
f 4457 4458 4462
f 4457 4462 4461
f 4458 4459 4463
f 4458 4463 4462
f 4459 4460 4464
f 4459 4464 4463
f 4465 4466 4470
f 4465 4470 4469
f 4466 4467 4471
f 4466 4471 4470
f 4467 4468 4472
f 4467 4472 4471
f 4469 4470 4474
f 4469 4474 4473
f 4470 4471 4475
f 4470 4475 4474
f 4471 4472 4476
f 4471 4476 4475
f 4473 4474 4478
f 4473 4478 4477
f 4474 4475 4479
f 4474 4479 4478
f 4475 4476 4480
f 4475 4480 4479
f 4481 4482 4486
f 4481 4486 4485
f 4482 4483 4487
f 4482 4487 4486
f 4483 4484 4488
f 4483 4488 4487
f 4485 4486 4490
f 4485 4490 4489
f 4486 4487 4491
f 4486 4491 4490
f 4487 4488 4492
f 4487 4492 4491
f 4489 4490 4494
f 4489 4494 4493
f 4490 4491 4495
f 4490 4495 4494
f 4491 4492 4496
f 4491 4496 4495
f 4497 4498 4502
f 4497 4502 4501
f 4498 4499 4503
f 4498 4503 4502
f 4499 4500 4504
f 4499 4504 4503
f 4501 4502 4506
f 4501 4506 4505
f 4502 4503 4507
f 4502 4507 4506
f 4503 4504 4508
f 4503 4508 4507
f 4505 4506 4510
f 4505 4510 4509
f 4506 4507 4511
f 4506 4511 4510
f 4507 4508 4512
f 4507 4512 4511
g 바닥 타일_47
v 3.0000 -0.0500 5.0000
v 3.0000 -0.0167 5.0000
v 3.0000 0.0167 5.0000
v 3.0000 0.0500 5.0000
v 3.6667 -0.0500 5.0000
v 3.6667 -0.0167 5.0000
v 3.6667 0.0167 5.0000
v 3.6667 0.0500 5.0000
v 4.3333 -0.0500 5.0000
v 4.3333 -0.0167 5.0000
v 4.3333 0.0167 5.0000
v 4.3333 0.0500 5.0000
v 5.0000 -0.0500 5.0000
v 5.0000 -0.0167 5.0000
v 5.0000 0.0167 5.0000
v 5.0000 0.0500 5.0000
v 5.0000 -0.0500 3.0000
v 5.0000 -0.0167 3.0000
v 5.0000 0.0167 3.0000
v 5.0000 0.0500 3.0000
v 4.3333 -0.0500 3.0000
v 4.3333 -0.0167 3.0000
v 4.3333 0.0167 3.0000
v 4.3333 0.0500 3.0000
v 3.6667 -0.0500 3.0000
v 3.6667 -0.0167 3.0000
v 3.6667 0.0167 3.0000
v 3.6667 0.0500 3.0000
v 3.0000 -0.0500 3.0000
v 3.0000 -0.0167 3.0000
v 3.0000 0.0167 3.0000
v 3.0000 0.0500 3.0000
v 3.0000 -0.0500 3.0000
v 3.0000 -0.0167 3.0000
v 3.0000 0.0167 3.0000
v 3.0000 0.0500 3.0000
v 3.0000 -0.0500 3.6667
v 3.0000 -0.0167 3.6667
v 3.0000 0.0167 3.6667
v 3.0000 0.0500 3.6667
v 3.0000 -0.0500 4.3333
v 3.0000 -0.0167 4.3333
v 3.0000 0.0167 4.3333
v 3.0000 0.0500 4.3333
v 3.0000 -0.0500 5.0000
v 3.0000 -0.0167 5.0000
v 3.0000 0.0167 5.0000
v 3.0000 0.0500 5.0000
v 5.0000 -0.0500 5.0000
v 5.0000 -0.0167 5.0000
v 5.0000 0.0167 5.0000
v 5.0000 0.0500 5.0000
v 5.0000 -0.0500 4.3333
v 5.0000 -0.0167 4.3333
v 5.0000 0.0167 4.3333
v 5.0000 0.0500 4.3333
v 5.0000 -0.0500 3.6667
v 5.0000 -0.0167 3.6667
v 5.0000 0.0167 3.6667
v 5.0000 0.0500 3.6667
v 5.0000 -0.0500 3.0000
v 5.0000 -0.0167 3.0000
v 5.0000 0.0167 3.0000
v 5.0000 0.0500 3.0000
v 3.0000 0.0500 3.0000
v 3.0000 0.0500 3.6667
v 3.0000 0.0500 4.3333
v 3.0000 0.0500 5.0000
v 3.6667 0.0500 3.0000
v 3.6667 0.0500 3.6667
v 3.6667 0.0500 4.3333
v 3.6667 0.0500 5.0000
v 4.3333 0.0500 3.0000
v 4.3333 0.0500 3.6667
v 4.3333 0.0500 4.3333
v 4.3333 0.0500 5.0000
v 5.0000 0.0500 3.0000
v 5.0000 0.0500 3.6667
v 5.0000 0.0500 4.3333
v 5.0000 0.0500 5.0000
v 3.0000 -0.0500 5.0000
v 3.0000 -0.0500 4.3333
v 3.0000 -0.0500 3.6667
v 3.0000 -0.0500 3.0000
v 3.6667 -0.0500 5.0000
v 3.6667 -0.0500 4.3333
v 3.6667 -0.0500 3.6667
v 3.6667 -0.0500 3.0000
v 4.3333 -0.0500 5.0000
v 4.3333 -0.0500 4.3333
v 4.3333 -0.0500 3.6667
v 4.3333 -0.0500 3.0000
v 5.0000 -0.0500 5.0000
v 5.0000 -0.0500 4.3333
v 5.0000 -0.0500 3.6667
v 5.0000 -0.0500 3.0000
f 4513 4514 4518
f 4513 4518 4517
f 4514 4515 4519
f 4514 4519 4518
f 4515 4516 4520
f 4515 4520 4519
f 4517 4518 4522
f 4517 4522 4521
f 4518 4519 4523
f 4518 4523 4522
f 4519 4520 4524
f 4519 4524 4523
f 4521 4522 4526
f 4521 4526 4525
f 4522 4523 4527
f 4522 4527 4526
f 4523 4524 4528
f 4523 4528 4527
f 4529 4530 4534
f 4529 4534 4533
f 4530 4531 4535
f 4530 4535 4534
f 4531 4532 4536
f 4531 4536 4535
f 4533 4534 4538
f 4533 4538 4537
f 4534 4535 4539
f 4534 4539 4538
f 4535 4536 4540
f 4535 4540 4539
f 4537 4538 4542
f 4537 4542 4541
f 4538 4539 4543
f 4538 4543 4542
f 4539 4540 4544
f 4539 4544 4543
f 4545 4546 4550
f 4545 4550 4549
f 4546 4547 4551
f 4546 4551 4550
f 4547 4548 4552
f 4547 4552 4551
f 4549 4550 4554
f 4549 4554 4553
f 4550 4551 4555
f 4550 4555 4554
f 4551 4552 4556
f 4551 4556 4555
f 4553 4554 4558
f 4553 4558 4557
f 4554 4555 4559
f 4554 4559 4558
f 4555 4556 4560
f 4555 4560 4559
f 4561 4562 4566
f 4561 4566 4565
f 4562 4563 4567
f 4562 4567 4566
f 4563 4564 4568
f 4563 4568 4567
f 4565 4566 4570
f 4565 4570 4569
f 4566 4567 4571
f 4566 4571 4570
f 4567 4568 4572
f 4567 4572 4571
f 4569 4570 4574
f 4569 4574 4573
f 4570 4571 4575
f 4570 4575 4574
f 4571 4572 4576
f 4571 4576 4575
f 4577 4578 4582
f 4577 4582 4581
f 4578 4579 4583
f 4578 4583 4582
f 4579 4580 4584
f 4579 4584 4583
f 4581 4582 4586
f 4581 4586 4585
f 4582 4583 4587
f 4582 4587 4586
f 4583 4584 4588
f 4583 4588 4587
f 4585 4586 4590
f 4585 4590 4589
f 4586 4587 4591
f 4586 4591 4590
f 4587 4588 4592
f 4587 4592 4591
f 4593 4594 4598
f 4593 4598 4597
f 4594 4595 4599
f 4594 4599 4598
f 4595 4596 4600
f 4595 4600 4599
f 4597 4598 4602
f 4597 4602 4601
f 4598 4599 4603
f 4598 4603 4602
f 4599 4600 4604
f 4599 4604 4603
f 4601 4602 4606
f 4601 4606 4605
f 4602 4603 4607
f 4602 4607 4606
f 4603 4604 4608
f 4603 4608 4607
g 바닥 타일_48
v 3.0000 -0.0500 7.0000
v 3.0000 -0.0167 7.0000
v 3.0000 0.0167 7.0000
v 3.0000 0.0500 7.0000
v 3.6667 -0.0500 7.0000
v 3.6667 -0.0167 7.0000
v 3.6667 0.0167 7.0000
v 3.6667 0.0500 7.0000
v 4.3333 -0.0500 7.0000
v 4.3333 -0.0167 7.0000
v 4.3333 0.0167 7.0000
v 4.3333 0.0500 7.0000
v 5.0000 -0.0500 7.0000
v 5.0000 -0.0167 7.0000
v 5.0000 0.0167 7.0000
v 5.0000 0.0500 7.0000
v 5.0000 -0.0500 5.0000
v 5.0000 -0.0167 5.0000
v 5.0000 0.0167 5.0000
v 5.0000 0.0500 5.0000
v 4.3333 -0.0500 5.0000
v 4.3333 -0.0167 5.0000
v 4.3333 0.0167 5.0000
v 4.3333 0.0500 5.0000
v 3.6667 -0.0500 5.0000
v 3.6667 -0.0167 5.0000
v 3.6667 0.0167 5.0000
v 3.6667 0.0500 5.0000
v 3.0000 -0.0500 5.0000
v 3.0000 -0.0167 5.0000
v 3.0000 0.0167 5.0000
v 3.0000 0.0500 5.0000
v 3.0000 -0.0500 5.0000
v 3.0000 -0.0167 5.0000
v 3.0000 0.0167 5.0000
v 3.0000 0.0500 5.0000
v 3.0000 -0.0500 5.6667
v 3.0000 -0.0167 5.6667
v 3.0000 0.0167 5.6667
v 3.0000 0.0500 5.6667
v 3.0000 -0.0500 6.3333
v 3.0000 -0.0167 6.3333
v 3.0000 0.0167 6.3333
v 3.0000 0.0500 6.3333
v 3.0000 -0.0500 7.0000
v 3.0000 -0.0167 7.0000
v 3.0000 0.0167 7.0000
v 3.0000 0.0500 7.0000
v 5.0000 -0.0500 7.0000
v 5.0000 -0.0167 7.0000
v 5.0000 0.0167 7.0000
v 5.0000 0.0500 7.0000
v 5.0000 -0.0500 6.3333
v 5.0000 -0.0167 6.3333
v 5.0000 0.0167 6.3333
v 5.0000 0.0500 6.3333
v 5.0000 -0.0500 5.6667
v 5.0000 -0.0167 5.6667
v 5.0000 0.0167 5.6667
v 5.0000 0.0500 5.6667
v 5.0000 -0.0500 5.0000
v 5.0000 -0.0167 5.0000
v 5.0000 0.0167 5.0000
v 5.0000 0.0500 5.0000
v 3.0000 0.0500 5.0000
v 3.0000 0.0500 5.6667
v 3.0000 0.0500 6.3333
v 3.0000 0.0500 7.0000
v 3.6667 0.0500 5.0000
v 3.6667 0.0500 5.6667
v 3.6667 0.0500 6.3333
v 3.6667 0.0500 7.0000
v 4.3333 0.0500 5.0000
v 4.3333 0.0500 5.6667
v 4.3333 0.0500 6.3333
v 4.3333 0.0500 7.0000
v 5.0000 0.0500 5.0000
v 5.0000 0.0500 5.6667
v 5.0000 0.0500 6.3333
v 5.0000 0.0500 7.0000
v 3.0000 -0.0500 7.0000
v 3.0000 -0.0500 6.3333
v 3.0000 -0.0500 5.6667
v 3.0000 -0.0500 5.0000
v 3.6667 -0.0500 7.0000
v 3.6667 -0.0500 6.3333
v 3.6667 -0.0500 5.6667
v 3.6667 -0.0500 5.0000
v 4.3333 -0.0500 7.0000
v 4.3333 -0.0500 6.3333
v 4.3333 -0.0500 5.6667
v 4.3333 -0.0500 5.0000
v 5.0000 -0.0500 7.0000
v 5.0000 -0.0500 6.3333
v 5.0000 -0.0500 5.6667
v 5.0000 -0.0500 5.0000
f 4609 4610 4614
f 4609 4614 4613
f 4610 4611 4615
f 4610 4615 4614
f 4611 4612 4616
f 4611 4616 4615
f 4613 4614 4618
f 4613 4618 4617
f 4614 4615 4619
f 4614 4619 4618
f 4615 4616 4620
f 4615 4620 4619
f 4617 4618 4622
f 4617 4622 4621
f 4618 4619 4623
f 4618 4623 4622
f 4619 4620 4624
f 4619 4624 4623
f 4625 4626 4630
f 4625 4630 4629
f 4626 4627 4631
f 4626 4631 4630
f 4627 4628 4632
f 4627 4632 4631
f 4629 4630 4634
f 4629 4634 4633
f 4630 4631 4635
f 4630 4635 4634
f 4631 4632 4636
f 4631 4636 4635
f 4633 4634 4638
f 4633 4638 4637
f 4634 4635 4639
f 4634 4639 4638
f 4635 4636 4640
f 4635 4640 4639
f 4641 4642 4646
f 4641 4646 4645
f 4642 4643 4647
f 4642 4647 4646
f 4643 4644 4648
f 4643 4648 4647
f 4645 4646 4650
f 4645 4650 4649
f 4646 4647 4651
f 4646 4651 4650
f 4647 4648 4652
f 4647 4652 4651
f 4649 4650 4654
f 4649 4654 4653
f 4650 4651 4655
f 4650 4655 4654
f 4651 4652 4656
f 4651 4656 4655
f 4657 4658 4662
f 4657 4662 4661
f 4658 4659 4663
f 4658 4663 4662
f 4659 4660 4664
f 4659 4664 4663
f 4661 4662 4666
f 4661 4666 4665
f 4662 4663 4667
f 4662 4667 4666
f 4663 4664 4668
f 4663 4668 4667
f 4665 4666 4670
f 4665 4670 4669
f 4666 4667 4671
f 4666 4671 4670
f 4667 4668 4672
f 4667 4672 4671
f 4673 4674 4678
f 4673 4678 4677
f 4674 4675 4679
f 4674 4679 4678
f 4675 4676 4680
f 4675 4680 4679
f 4677 4678 4682
f 4677 4682 4681
f 4678 4679 4683
f 4678 4683 4682
f 4679 4680 4684
f 4679 4684 4683
f 4681 4682 4686
f 4681 4686 4685
f 4682 4683 4687
f 4682 4687 4686
f 4683 4684 4688
f 4683 4688 4687
f 4689 4690 4694
f 4689 4694 4693
f 4690 4691 4695
f 4690 4695 4694
f 4691 4692 4696
f 4691 4696 4695
f 4693 4694 4698
f 4693 4698 4697
f 4694 4695 4699
f 4694 4699 4698
f 4695 4696 4700
f 4695 4700 4699
f 4697 4698 4702
f 4697 4702 4701
f 4698 4699 4703
f 4698 4703 4702
f 4699 4700 4704
f 4699 4704 4703
g 바닥 타일_49
v 5.0000 -0.0500 -5.0000
v 5.0000 -0.0167 -5.0000
v 5.0000 0.0167 -5.0000
v 5.0000 0.0500 -5.0000
v 5.6667 -0.0500 -5.0000
v 5.6667 -0.0167 -5.0000
v 5.6667 0.0167 -5.0000
v 5.6667 0.0500 -5.0000
v 6.3333 -0.0500 -5.0000
v 6.3333 -0.0167 -5.0000
v 6.3333 0.0167 -5.0000
v 6.3333 0.0500 -5.0000
v 7.0000 -0.0500 -5.0000
v 7.0000 -0.0167 -5.0000
v 7.0000 0.0167 -5.0000
v 7.0000 0.0500 -5.0000
v 7.0000 -0.0500 -7.0000
v 7.0000 -0.0167 -7.0000
v 7.0000 0.0167 -7.0000
v 7.0000 0.0500 -7.0000
v 6.3333 -0.0500 -7.0000
v 6.3333 -0.0167 -7.0000
v 6.3333 0.0167 -7.0000
v 6.3333 0.0500 -7.0000
v 5.6667 -0.0500 -7.0000
v 5.6667 -0.0167 -7.0000
v 5.6667 0.0167 -7.0000
v 5.6667 0.0500 -7.0000
v 5.0000 -0.0500 -7.0000
v 5.0000 -0.0167 -7.0000
v 5.0000 0.0167 -7.0000
v 5.0000 0.0500 -7.0000
v 5.0000 -0.0500 -7.0000
v 5.0000 -0.0167 -7.0000
v 5.0000 0.0167 -7.0000
v 5.0000 0.0500 -7.0000
v 5.0000 -0.0500 -6.3333
v 5.0000 -0.0167 -6.3333
v 5.0000 0.0167 -6.3333
v 5.0000 0.0500 -6.3333
v 5.0000 -0.0500 -5.6667
v 5.0000 -0.0167 -5.6667
v 5.0000 0.0167 -5.6667
v 5.0000 0.0500 -5.6667
v 5.0000 -0.0500 -5.0000
v 5.0000 -0.0167 -5.0000
v 5.0000 0.0167 -5.0000
v 5.0000 0.0500 -5.0000
v 7.0000 -0.0500 -5.0000
v 7.0000 -0.0167 -5.0000
v 7.0000 0.0167 -5.0000
v 7.0000 0.0500 -5.0000
v 7.0000 -0.0500 -5.6667
v 7.0000 -0.0167 -5.6667
v 7.0000 0.0167 -5.6667
v 7.0000 0.0500 -5.6667
v 7.0000 -0.0500 -6.3333
v 7.0000 -0.0167 -6.3333
v 7.0000 0.0167 -6.3333
v 7.0000 0.0500 -6.3333
v 7.0000 -0.0500 -7.0000
v 7.0000 -0.0167 -7.0000
v 7.0000 0.0167 -7.0000
v 7.0000 0.0500 -7.0000
v 5.0000 0.0500 -7.0000
v 5.0000 0.0500 -6.3333
v 5.0000 0.0500 -5.6667
v 5.0000 0.0500 -5.0000
v 5.6667 0.0500 -7.0000
v 5.6667 0.0500 -6.3333
v 5.6667 0.0500 -5.6667
v 5.6667 0.0500 -5.0000
v 6.3333 0.0500 -7.0000
v 6.3333 0.0500 -6.3333
v 6.3333 0.0500 -5.6667
v 6.3333 0.0500 -5.0000
v 7.0000 0.0500 -7.0000
v 7.0000 0.0500 -6.3333
v 7.0000 0.0500 -5.6667
v 7.0000 0.0500 -5.0000
v 5.0000 -0.0500 -5.0000
v 5.0000 -0.0500 -5.6667
v 5.0000 -0.0500 -6.3333
v 5.0000 -0.0500 -7.0000
v 5.6667 -0.0500 -5.0000
v 5.6667 -0.0500 -5.6667
v 5.6667 -0.0500 -6.3333
v 5.6667 -0.0500 -7.0000
v 6.3333 -0.0500 -5.0000
v 6.3333 -0.0500 -5.6667
v 6.3333 -0.0500 -6.3333
v 6.3333 -0.0500 -7.0000
v 7.0000 -0.0500 -5.0000
v 7.0000 -0.0500 -5.6667
v 7.0000 -0.0500 -6.3333
v 7.0000 -0.0500 -7.0000
f 4705 4706 4710
f 4705 4710 4709
f 4706 4707 4711
f 4706 4711 4710
f 4707 4708 4712
f 4707 4712 4711
f 4709 4710 4714
f 4709 4714 4713
f 4710 4711 4715
f 4710 4715 4714
f 4711 4712 4716
f 4711 4716 4715
f 4713 4714 4718
f 4713 4718 4717
f 4714 4715 4719
f 4714 4719 4718
f 4715 4716 4720
f 4715 4720 4719
f 4721 4722 4726
f 4721 4726 4725
f 4722 4723 4727
f 4722 4727 4726
f 4723 4724 4728
f 4723 4728 4727
f 4725 4726 4730
f 4725 4730 4729
f 4726 4727 4731
f 4726 4731 4730
f 4727 4728 4732
f 4727 4732 4731
f 4729 4730 4734
f 4729 4734 4733
f 4730 4731 4735
f 4730 4735 4734
f 4731 4732 4736
f 4731 4736 4735
f 4737 4738 4742
f 4737 4742 4741
f 4738 4739 4743
f 4738 4743 4742
f 4739 4740 4744
f 4739 4744 4743
f 4741 4742 4746
f 4741 4746 4745
f 4742 4743 4747
f 4742 4747 4746
f 4743 4744 4748
f 4743 4748 4747
f 4745 4746 4750
f 4745 4750 4749
f 4746 4747 4751
f 4746 4751 4750
f 4747 4748 4752
f 4747 4752 4751
f 4753 4754 4758
f 4753 4758 4757
f 4754 4755 4759
f 4754 4759 4758
f 4755 4756 4760
f 4755 4760 4759
f 4757 4758 4762
f 4757 4762 4761
f 4758 4759 4763
f 4758 4763 4762
f 4759 4760 4764
f 4759 4764 4763
f 4761 4762 4766
f 4761 4766 4765
f 4762 4763 4767
f 4762 4767 4766
f 4763 4764 4768
f 4763 4768 4767
f 4769 4770 4774
f 4769 4774 4773
f 4770 4771 4775
f 4770 4775 4774
f 4771 4772 4776
f 4771 4776 4775
f 4773 4774 4778
f 4773 4778 4777
f 4774 4775 4779
f 4774 4779 4778
f 4775 4776 4780
f 4775 4780 4779
f 4777 4778 4782
f 4777 4782 4781
f 4778 4779 4783
f 4778 4783 4782
f 4779 4780 4784
f 4779 4784 4783
f 4785 4786 4790
f 4785 4790 4789
f 4786 4787 4791
f 4786 4791 4790
f 4787 4788 4792
f 4787 4792 4791
f 4789 4790 4794
f 4789 4794 4793
f 4790 4791 4795
f 4790 4795 4794
f 4791 4792 4796
f 4791 4796 4795
f 4793 4794 4798
f 4793 4798 4797
f 4794 4795 4799
f 4794 4799 4798
f 4795 4796 4800
f 4795 4800 4799
g 바닥 타일_50
v 5.0000 -0.0500 -3.0000
v 5.0000 -0.0167 -3.0000
v 5.0000 0.0167 -3.0000
v 5.0000 0.0500 -3.0000
v 5.6667 -0.0500 -3.0000
v 5.6667 -0.0167 -3.0000
v 5.6667 0.0167 -3.0000
v 5.6667 0.0500 -3.0000
v 6.3333 -0.0500 -3.0000
v 6.3333 -0.0167 -3.0000
v 6.3333 0.0167 -3.0000
v 6.3333 0.0500 -3.0000
v 7.0000 -0.0500 -3.0000
v 7.0000 -0.0167 -3.0000
v 7.0000 0.0167 -3.0000
v 7.0000 0.0500 -3.0000
v 7.0000 -0.0500 -5.0000
v 7.0000 -0.0167 -5.0000
v 7.0000 0.0167 -5.0000
v 7.0000 0.0500 -5.0000
v 6.3333 -0.0500 -5.0000
v 6.3333 -0.0167 -5.0000
v 6.3333 0.0167 -5.0000
v 6.3333 0.0500 -5.0000
v 5.6667 -0.0500 -5.0000
v 5.6667 -0.0167 -5.0000
v 5.6667 0.0167 -5.0000
v 5.6667 0.0500 -5.0000
v 5.0000 -0.0500 -5.0000
v 5.0000 -0.0167 -5.0000
v 5.0000 0.0167 -5.0000
v 5.0000 0.0500 -5.0000
v 5.0000 -0.0500 -5.0000
v 5.0000 -0.0167 -5.0000
v 5.0000 0.0167 -5.0000
v 5.0000 0.0500 -5.0000
v 5.0000 -0.0500 -4.3333
v 5.0000 -0.0167 -4.3333
v 5.0000 0.0167 -4.3333
v 5.0000 0.0500 -4.3333
v 5.0000 -0.0500 -3.6667
v 5.0000 -0.0167 -3.6667
v 5.0000 0.0167 -3.6667
v 5.0000 0.0500 -3.6667
v 5.0000 -0.0500 -3.0000
v 5.0000 -0.0167 -3.0000
v 5.0000 0.0167 -3.0000
v 5.0000 0.0500 -3.0000
v 7.0000 -0.0500 -3.0000
v 7.0000 -0.0167 -3.0000
v 7.0000 0.0167 -3.0000
v 7.0000 0.0500 -3.0000
v 7.0000 -0.0500 -3.6667
v 7.0000 -0.0167 -3.6667
v 7.0000 0.0167 -3.6667
v 7.0000 0.0500 -3.6667
v 7.0000 -0.0500 -4.3333
v 7.0000 -0.0167 -4.3333
v 7.0000 0.0167 -4.3333
v 7.0000 0.0500 -4.3333
v 7.0000 -0.0500 -5.0000
v 7.0000 -0.0167 -5.0000
v 7.0000 0.0167 -5.0000
v 7.0000 0.0500 -5.0000
v 5.0000 0.0500 -5.0000
v 5.0000 0.0500 -4.3333
v 5.0000 0.0500 -3.6667
v 5.0000 0.0500 -3.0000
v 5.6667 0.0500 -5.0000
v 5.6667 0.0500 -4.3333
v 5.6667 0.0500 -3.6667
v 5.6667 0.0500 -3.0000
v 6.3333 0.0500 -5.0000
v 6.3333 0.0500 -4.3333
v 6.3333 0.0500 -3.6667
v 6.3333 0.0500 -3.0000
v 7.0000 0.0500 -5.0000
v 7.0000 0.0500 -4.3333
v 7.0000 0.0500 -3.6667
v 7.0000 0.0500 -3.0000
v 5.0000 -0.0500 -3.0000
v 5.0000 -0.0500 -3.6667
v 5.0000 -0.0500 -4.3333
v 5.0000 -0.0500 -5.0000
v 5.6667 -0.0500 -3.0000
v 5.6667 -0.0500 -3.6667
v 5.6667 -0.0500 -4.3333
v 5.6667 -0.0500 -5.0000
v 6.3333 -0.0500 -3.0000
v 6.3333 -0.0500 -3.6667
v 6.3333 -0.0500 -4.3333
v 6.3333 -0.0500 -5.0000
v 7.0000 -0.0500 -3.0000
v 7.0000 -0.0500 -3.6667
v 7.0000 -0.0500 -4.3333
v 7.0000 -0.0500 -5.0000
f 4801 4802 4806
f 4801 4806 4805
f 4802 4803 4807
f 4802 4807 4806
f 4803 4804 4808
f 4803 4808 4807
f 4805 4806 4810
f 4805 4810 4809
f 4806 4807 4811
f 4806 4811 4810
f 4807 4808 4812
f 4807 4812 4811
f 4809 4810 4814
f 4809 4814 4813
f 4810 4811 4815
f 4810 4815 4814
f 4811 4812 4816
f 4811 4816 4815
f 4817 4818 4822
f 4817 4822 4821
f 4818 4819 4823
f 4818 4823 4822
f 4819 4820 4824
f 4819 4824 4823
f 4821 4822 4826
f 4821 4826 4825
f 4822 4823 4827
f 4822 4827 4826
f 4823 4824 4828
f 4823 4828 4827
f 4825 4826 4830
f 4825 4830 4829
f 4826 4827 4831
f 4826 4831 4830
f 4827 4828 4832
f 4827 4832 4831
f 4833 4834 4838
f 4833 4838 4837
f 4834 4835 4839
f 4834 4839 4838
f 4835 4836 4840
f 4835 4840 4839
f 4837 4838 4842
f 4837 4842 4841
f 4838 4839 4843
f 4838 4843 4842
f 4839 4840 4844
f 4839 4844 4843
f 4841 4842 4846
f 4841 4846 4845
f 4842 4843 4847
f 4842 4847 4846
f 4843 4844 4848
f 4843 4848 4847
f 4849 4850 4854
f 4849 4854 4853
f 4850 4851 4855
f 4850 4855 4854
f 4851 4852 4856
f 4851 4856 4855
f 4853 4854 4858
f 4853 4858 4857
f 4854 4855 4859
f 4854 4859 4858
f 4855 4856 4860
f 4855 4860 4859
f 4857 4858 4862
f 4857 4862 4861
f 4858 4859 4863
f 4858 4863 4862
f 4859 4860 4864
f 4859 4864 4863
f 4865 4866 4870
f 4865 4870 4869
f 4866 4867 4871
f 4866 4871 4870
f 4867 4868 4872
f 4867 4872 4871
f 4869 4870 4874
f 4869 4874 4873
f 4870 4871 4875
f 4870 4875 4874
f 4871 4872 4876
f 4871 4876 4875
f 4873 4874 4878
f 4873 4878 4877
f 4874 4875 4879
f 4874 4879 4878
f 4875 4876 4880
f 4875 4880 4879
f 4881 4882 4886
f 4881 4886 4885
f 4882 4883 4887
f 4882 4887 4886
f 4883 4884 4888
f 4883 4888 4887
f 4885 4886 4890
f 4885 4890 4889
f 4886 4887 4891
f 4886 4891 4890
f 4887 4888 4892
f 4887 4892 4891
f 4889 4890 4894
f 4889 4894 4893
f 4890 4891 4895
f 4890 4895 4894
f 4891 4892 4896
f 4891 4896 4895
g 바닥 타일_51
v 5.0000 -0.0500 -1.0000
v 5.0000 -0.0167 -1.0000
v 5.0000 0.0167 -1.0000
v 5.0000 0.0500 -1.0000
v 5.6667 -0.0500 -1.0000
v 5.6667 -0.0167 -1.0000
v 5.6667 0.0167 -1.0000
v 5.6667 0.0500 -1.0000
v 6.3333 -0.0500 -1.0000
v 6.3333 -0.0167 -1.0000
v 6.3333 0.0167 -1.0000
v 6.3333 0.0500 -1.0000
v 7.0000 -0.0500 -1.0000
v 7.0000 -0.0167 -1.0000
v 7.0000 0.0167 -1.0000
v 7.0000 0.0500 -1.0000
v 7.0000 -0.0500 -3.0000
v 7.0000 -0.0167 -3.0000
v 7.0000 0.0167 -3.0000
v 7.0000 0.0500 -3.0000
v 6.3333 -0.0500 -3.0000
v 6.3333 -0.0167 -3.0000
v 6.3333 0.0167 -3.0000
v 6.3333 0.0500 -3.0000
v 5.6667 -0.0500 -3.0000
v 5.6667 -0.0167 -3.0000
v 5.6667 0.0167 -3.0000
v 5.6667 0.0500 -3.0000
v 5.0000 -0.0500 -3.0000
v 5.0000 -0.0167 -3.0000
v 5.0000 0.0167 -3.0000
v 5.0000 0.0500 -3.0000
v 5.0000 -0.0500 -3.0000
v 5.0000 -0.0167 -3.0000
v 5.0000 0.0167 -3.0000
v 5.0000 0.0500 -3.0000
v 5.0000 -0.0500 -2.3333
v 5.0000 -0.0167 -2.3333
v 5.0000 0.0167 -2.3333
v 5.0000 0.0500 -2.3333
v 5.0000 -0.0500 -1.6667
v 5.0000 -0.0167 -1.6667
v 5.0000 0.0167 -1.6667
v 5.0000 0.0500 -1.6667
v 5.0000 -0.0500 -1.0000
v 5.0000 -0.0167 -1.0000
v 5.0000 0.0167 -1.0000
v 5.0000 0.0500 -1.0000
v 7.0000 -0.0500 -1.0000
v 7.0000 -0.0167 -1.0000
v 7.0000 0.0167 -1.0000
v 7.0000 0.0500 -1.0000
v 7.0000 -0.0500 -1.6667
v 7.0000 -0.0167 -1.6667
v 7.0000 0.0167 -1.6667
v 7.0000 0.0500 -1.6667
v 7.0000 -0.0500 -2.3333
v 7.0000 -0.0167 -2.3333
v 7.0000 0.0167 -2.3333
v 7.0000 0.0500 -2.3333
v 7.0000 -0.0500 -3.0000
v 7.0000 -0.0167 -3.0000
v 7.0000 0.0167 -3.0000
v 7.0000 0.0500 -3.0000
v 5.0000 0.0500 -3.0000
v 5.0000 0.0500 -2.3333
v 5.0000 0.0500 -1.6667
v 5.0000 0.0500 -1.0000
v 5.6667 0.0500 -3.0000
v 5.6667 0.0500 -2.3333
v 5.6667 0.0500 -1.6667
v 5.6667 0.0500 -1.0000
v 6.3333 0.0500 -3.0000
v 6.3333 0.0500 -2.3333
v 6.3333 0.0500 -1.6667
v 6.3333 0.0500 -1.0000
v 7.0000 0.0500 -3.0000
v 7.0000 0.0500 -2.3333
v 7.0000 0.0500 -1.6667
v 7.0000 0.0500 -1.0000
v 5.0000 -0.0500 -1.0000
v 5.0000 -0.0500 -1.6667
v 5.0000 -0.0500 -2.3333
v 5.0000 -0.0500 -3.0000
v 5.6667 -0.0500 -1.0000
v 5.6667 -0.0500 -1.6667
v 5.6667 -0.0500 -2.3333
v 5.6667 -0.0500 -3.0000
v 6.3333 -0.0500 -1.0000
v 6.3333 -0.0500 -1.6667
v 6.3333 -0.0500 -2.3333
v 6.3333 -0.0500 -3.0000
v 7.0000 -0.0500 -1.0000
v 7.0000 -0.0500 -1.6667
v 7.0000 -0.0500 -2.3333
v 7.0000 -0.0500 -3.0000
f 4897 4898 4902
f 4897 4902 4901
f 4898 4899 4903
f 4898 4903 4902
f 4899 4900 4904
f 4899 4904 4903
f 4901 4902 4906
f 4901 4906 4905
f 4902 4903 4907
f 4902 4907 4906
f 4903 4904 4908
f 4903 4908 4907
f 4905 4906 4910
f 4905 4910 4909
f 4906 4907 4911
f 4906 4911 4910
f 4907 4908 4912
f 4907 4912 4911
f 4913 4914 4918
f 4913 4918 4917
f 4914 4915 4919
f 4914 4919 4918
f 4915 4916 4920
f 4915 4920 4919
f 4917 4918 4922
f 4917 4922 4921
f 4918 4919 4923
f 4918 4923 4922
f 4919 4920 4924
f 4919 4924 4923
f 4921 4922 4926
f 4921 4926 4925
f 4922 4923 4927
f 4922 4927 4926
f 4923 4924 4928
f 4923 4928 4927
f 4929 4930 4934
f 4929 4934 4933
f 4930 4931 4935
f 4930 4935 4934
f 4931 4932 4936
f 4931 4936 4935
f 4933 4934 4938
f 4933 4938 4937
f 4934 4935 4939
f 4934 4939 4938
f 4935 4936 4940
f 4935 4940 4939
f 4937 4938 4942
f 4937 4942 4941
f 4938 4939 4943
f 4938 4943 4942
f 4939 4940 4944
f 4939 4944 4943
f 4945 4946 4950
f 4945 4950 4949
f 4946 4947 4951
f 4946 4951 4950
f 4947 4948 4952
f 4947 4952 4951
f 4949 4950 4954
f 4949 4954 4953
f 4950 4951 4955
f 4950 4955 4954
f 4951 4952 4956
f 4951 4956 4955
f 4953 4954 4958
f 4953 4958 4957
f 4954 4955 4959
f 4954 4959 4958
f 4955 4956 4960
f 4955 4960 4959
f 4961 4962 4966
f 4961 4966 4965
f 4962 4963 4967
f 4962 4967 4966
f 4963 4964 4968
f 4963 4968 4967
f 4965 4966 4970
f 4965 4970 4969
f 4966 4967 4971
f 4966 4971 4970
f 4967 4968 4972
f 4967 4972 4971
f 4969 4970 4974
f 4969 4974 4973
f 4970 4971 4975
f 4970 4975 4974
f 4971 4972 4976
f 4971 4976 4975
f 4977 4978 4982
f 4977 4982 4981
f 4978 4979 4983
f 4978 4983 4982
f 4979 4980 4984
f 4979 4984 4983
f 4981 4982 4986
f 4981 4986 4985
f 4982 4983 4987
f 4982 4987 4986
f 4983 4984 4988
f 4983 4988 4987
f 4985 4986 4990
f 4985 4990 4989
f 4986 4987 4991
f 4986 4991 4990
f 4987 4988 4992
f 4987 4992 4991
g 바닥 타일_52
v 5.0000 -0.0500 1.0000
v 5.0000 -0.0167 1.0000
v 5.0000 0.0167 1.0000
v 5.0000 0.0500 1.0000
v 5.6667 -0.0500 1.0000
v 5.6667 -0.0167 1.0000
v 5.6667 0.0167 1.0000
v 5.6667 0.0500 1.0000
v 6.3333 -0.0500 1.0000
v 6.3333 -0.0167 1.0000
v 6.3333 0.0167 1.0000
v 6.3333 0.0500 1.0000
v 7.0000 -0.0500 1.0000
v 7.0000 -0.0167 1.0000
v 7.0000 0.0167 1.0000
v 7.0000 0.0500 1.0000
v 7.0000 -0.0500 -1.0000
v 7.0000 -0.0167 -1.0000
v 7.0000 0.0167 -1.0000
v 7.0000 0.0500 -1.0000
v 6.3333 -0.0500 -1.0000
v 6.3333 -0.0167 -1.0000
v 6.3333 0.0167 -1.0000
v 6.3333 0.0500 -1.0000
v 5.6667 -0.0500 -1.0000
v 5.6667 -0.0167 -1.0000
v 5.6667 0.0167 -1.0000
v 5.6667 0.0500 -1.0000
v 5.0000 -0.0500 -1.0000
v 5.0000 -0.0167 -1.0000
v 5.0000 0.0167 -1.0000
v 5.0000 0.0500 -1.0000
v 5.0000 -0.0500 -1.0000
v 5.0000 -0.0167 -1.0000
v 5.0000 0.0167 -1.0000
v 5.0000 0.0500 -1.0000
v 5.0000 -0.0500 -0.3333
v 5.0000 -0.0167 -0.3333
v 5.0000 0.0167 -0.3333
v 5.0000 0.0500 -0.3333
v 5.0000 -0.0500 0.3333
v 5.0000 -0.0167 0.3333
v 5.0000 0.0167 0.3333
v 5.0000 0.0500 0.3333
v 5.0000 -0.0500 1.0000
v 5.0000 -0.0167 1.0000
v 5.0000 0.0167 1.0000
v 5.0000 0.0500 1.0000
v 7.0000 -0.0500 1.0000
v 7.0000 -0.0167 1.0000
v 7.0000 0.0167 1.0000
v 7.0000 0.0500 1.0000
v 7.0000 -0.0500 0.3333
v 7.0000 -0.0167 0.3333
v 7.0000 0.0167 0.3333
v 7.0000 0.0500 0.3333
v 7.0000 -0.0500 -0.3333
v 7.0000 -0.0167 -0.3333
v 7.0000 0.0167 -0.3333
v 7.0000 0.0500 -0.3333
v 7.0000 -0.0500 -1.0000
v 7.0000 -0.0167 -1.0000
v 7.0000 0.0167 -1.0000
v 7.0000 0.0500 -1.0000
v 5.0000 0.0500 -1.0000
v 5.0000 0.0500 -0.3333
v 5.0000 0.0500 0.3333
v 5.0000 0.0500 1.0000
v 5.6667 0.0500 -1.0000
v 5.6667 0.0500 -0.3333
v 5.6667 0.0500 0.3333
v 5.6667 0.0500 1.0000
v 6.3333 0.0500 -1.0000
v 6.3333 0.0500 -0.3333
v 6.3333 0.0500 0.3333
v 6.3333 0.0500 1.0000
v 7.0000 0.0500 -1.0000
v 7.0000 0.0500 -0.3333
v 7.0000 0.0500 0.3333
v 7.0000 0.0500 1.0000
v 5.0000 -0.0500 1.0000
v 5.0000 -0.0500 0.3333
v 5.0000 -0.0500 -0.3333
v 5.0000 -0.0500 -1.0000
v 5.6667 -0.0500 1.0000
v 5.6667 -0.0500 0.3333
v 5.6667 -0.0500 -0.3333
v 5.6667 -0.0500 -1.0000
v 6.3333 -0.0500 1.0000
v 6.3333 -0.0500 0.3333
v 6.3333 -0.0500 -0.3333
v 6.3333 -0.0500 -1.0000
v 7.0000 -0.0500 1.0000
v 7.0000 -0.0500 0.3333
v 7.0000 -0.0500 -0.3333
v 7.0000 -0.0500 -1.0000
f 4993 4994 4998
f 4993 4998 4997
f 4994 4995 4999
f 4994 4999 4998
f 4995 4996 5000
f 4995 5000 4999
f 4997 4998 5002
f 4997 5002 5001
f 4998 4999 5003
f 4998 5003 5002
f 4999 5000 5004
f 4999 5004 5003
f 5001 5002 5006
f 5001 5006 5005
f 5002 5003 5007
f 5002 5007 5006
f 5003 5004 5008
f 5003 5008 5007
f 5009 5010 5014
f 5009 5014 5013
f 5010 5011 5015
f 5010 5015 5014
f 5011 5012 5016
f 5011 5016 5015
f 5013 5014 5018
f 5013 5018 5017
f 5014 5015 5019
f 5014 5019 5018
f 5015 5016 5020
f 5015 5020 5019
f 5017 5018 5022
f 5017 5022 5021
f 5018 5019 5023
f 5018 5023 5022
f 5019 5020 5024
f 5019 5024 5023
f 5025 5026 5030
f 5025 5030 5029
f 5026 5027 5031
f 5026 5031 5030
f 5027 5028 5032
f 5027 5032 5031
f 5029 5030 5034
f 5029 5034 5033
f 5030 5031 5035
f 5030 5035 5034
f 5031 5032 5036
f 5031 5036 5035
f 5033 5034 5038
f 5033 5038 5037
f 5034 5035 5039
f 5034 5039 5038
f 5035 5036 5040
f 5035 5040 5039
f 5041 5042 5046
f 5041 5046 5045
f 5042 5043 5047
f 5042 5047 5046
f 5043 5044 5048
f 5043 5048 5047
f 5045 5046 5050
f 5045 5050 5049
f 5046 5047 5051
f 5046 5051 5050
f 5047 5048 5052
f 5047 5052 5051
f 5049 5050 5054
f 5049 5054 5053
f 5050 5051 5055
f 5050 5055 5054
f 5051 5052 5056
f 5051 5056 5055
f 5057 5058 5062
f 5057 5062 5061
f 5058 5059 5063
f 5058 5063 5062
f 5059 5060 5064
f 5059 5064 5063
f 5061 5062 5066
f 5061 5066 5065
f 5062 5063 5067
f 5062 5067 5066
f 5063 5064 5068
f 5063 5068 5067
f 5065 5066 5070
f 5065 5070 5069
f 5066 5067 5071
f 5066 5071 5070
f 5067 5068 5072
f 5067 5072 5071
f 5073 5074 5078
f 5073 5078 5077
f 5074 5075 5079
f 5074 5079 5078
f 5075 5076 5080
f 5075 5080 5079
f 5077 5078 5082
f 5077 5082 5081
f 5078 5079 5083
f 5078 5083 5082
f 5079 5080 5084
f 5079 5084 5083
f 5081 5082 5086
f 5081 5086 5085
f 5082 5083 5087
f 5082 5087 5086
f 5083 5084 5088
f 5083 5088 5087
g 바닥 타일_53
v 5.0000 -0.0500 3.0000
v 5.0000 -0.0167 3.0000
v 5.0000 0.0167 3.0000
v 5.0000 0.0500 3.0000
v 5.6667 -0.0500 3.0000
v 5.6667 -0.0167 3.0000
v 5.6667 0.0167 3.0000
v 5.6667 0.0500 3.0000
v 6.3333 -0.0500 3.0000
v 6.3333 -0.0167 3.0000
v 6.3333 0.0167 3.0000
v 6.3333 0.0500 3.0000
v 7.0000 -0.0500 3.0000
v 7.0000 -0.0167 3.0000
v 7.0000 0.0167 3.0000
v 7.0000 0.0500 3.0000
v 7.0000 -0.0500 1.0000
v 7.0000 -0.0167 1.0000
v 7.0000 0.0167 1.0000
v 7.0000 0.0500 1.0000
v 6.3333 -0.0500 1.0000
v 6.3333 -0.0167 1.0000
v 6.3333 0.0167 1.0000
v 6.3333 0.0500 1.0000
v 5.6667 -0.0500 1.0000
v 5.6667 -0.0167 1.0000
v 5.6667 0.0167 1.0000
v 5.6667 0.0500 1.0000
v 5.0000 -0.0500 1.0000
v 5.0000 -0.0167 1.0000
v 5.0000 0.0167 1.0000
v 5.0000 0.0500 1.0000
v 5.0000 -0.0500 1.0000
v 5.0000 -0.0167 1.0000
v 5.0000 0.0167 1.0000
v 5.0000 0.0500 1.0000
v 5.0000 -0.0500 1.6667
v 5.0000 -0.0167 1.6667
v 5.0000 0.0167 1.6667
v 5.0000 0.0500 1.6667
v 5.0000 -0.0500 2.3333
v 5.0000 -0.0167 2.3333
v 5.0000 0.0167 2.3333
v 5.0000 0.0500 2.3333
v 5.0000 -0.0500 3.0000
v 5.0000 -0.0167 3.0000
v 5.0000 0.0167 3.0000
v 5.0000 0.0500 3.0000
v 7.0000 -0.0500 3.0000
v 7.0000 -0.0167 3.0000
v 7.0000 0.0167 3.0000
v 7.0000 0.0500 3.0000
v 7.0000 -0.0500 2.3333
v 7.0000 -0.0167 2.3333
v 7.0000 0.0167 2.3333
v 7.0000 0.0500 2.3333
v 7.0000 -0.0500 1.6667
v 7.0000 -0.0167 1.6667
v 7.0000 0.0167 1.6667
v 7.0000 0.0500 1.6667
v 7.0000 -0.0500 1.0000
v 7.0000 -0.0167 1.0000
v 7.0000 0.0167 1.0000
v 7.0000 0.0500 1.0000
v 5.0000 0.0500 1.0000
v 5.0000 0.0500 1.6667
v 5.0000 0.0500 2.3333
v 5.0000 0.0500 3.0000
v 5.6667 0.0500 1.0000
v 5.6667 0.0500 1.6667
v 5.6667 0.0500 2.3333
v 5.6667 0.0500 3.0000
v 6.3333 0.0500 1.0000
v 6.3333 0.0500 1.6667
v 6.3333 0.0500 2.3333
v 6.3333 0.0500 3.0000
v 7.0000 0.0500 1.0000
v 7.0000 0.0500 1.6667
v 7.0000 0.0500 2.3333
v 7.0000 0.0500 3.0000
v 5.0000 -0.0500 3.0000
v 5.0000 -0.0500 2.3333
v 5.0000 -0.0500 1.6667
v 5.0000 -0.0500 1.0000
v 5.6667 -0.0500 3.0000
v 5.6667 -0.0500 2.3333
v 5.6667 -0.0500 1.6667
v 5.6667 -0.0500 1.0000
v 6.3333 -0.0500 3.0000
v 6.3333 -0.0500 2.3333
v 6.3333 -0.0500 1.6667
v 6.3333 -0.0500 1.0000
v 7.0000 -0.0500 3.0000
v 7.0000 -0.0500 2.3333
v 7.0000 -0.0500 1.6667
v 7.0000 -0.0500 1.0000
f 5089 5090 5094
f 5089 5094 5093
f 5090 5091 5095
f 5090 5095 5094
f 5091 5092 5096
f 5091 5096 5095
f 5093 5094 5098
f 5093 5098 5097
f 5094 5095 5099
f 5094 5099 5098
f 5095 5096 5100
f 5095 5100 5099
f 5097 5098 5102
f 5097 5102 5101
f 5098 5099 5103
f 5098 5103 5102
f 5099 5100 5104
f 5099 5104 5103
f 5105 5106 5110
f 5105 5110 5109
f 5106 5107 5111
f 5106 5111 5110
f 5107 5108 5112
f 5107 5112 5111
f 5109 5110 5114
f 5109 5114 5113
f 5110 5111 5115
f 5110 5115 5114
f 5111 5112 5116
f 5111 5116 5115
f 5113 5114 5118
f 5113 5118 5117
f 5114 5115 5119
f 5114 5119 5118
f 5115 5116 5120
f 5115 5120 5119
f 5121 5122 5126
f 5121 5126 5125
f 5122 5123 5127
f 5122 5127 5126
f 5123 5124 5128
f 5123 5128 5127
f 5125 5126 5130
f 5125 5130 5129
f 5126 5127 5131
f 5126 5131 5130
f 5127 5128 5132
f 5127 5132 5131
f 5129 5130 5134
f 5129 5134 5133
f 5130 5131 5135
f 5130 5135 5134
f 5131 5132 5136
f 5131 5136 5135
f 5137 5138 5142
f 5137 5142 5141
f 5138 5139 5143
f 5138 5143 5142
f 5139 5140 5144
f 5139 5144 5143
f 5141 5142 5146
f 5141 5146 5145
f 5142 5143 5147
f 5142 5147 5146
f 5143 5144 5148
f 5143 5148 5147
f 5145 5146 5150
f 5145 5150 5149
f 5146 5147 5151
f 5146 5151 5150
f 5147 5148 5152
f 5147 5152 5151
f 5153 5154 5158
f 5153 5158 5157
f 5154 5155 5159
f 5154 5159 5158
f 5155 5156 5160
f 5155 5160 5159
f 5157 5158 5162
f 5157 5162 5161
f 5158 5159 5163
f 5158 5163 5162
f 5159 5160 5164
f 5159 5164 5163
f 5161 5162 5166
f 5161 5166 5165
f 5162 5163 5167
f 5162 5167 5166
f 5163 5164 5168
f 5163 5168 5167
f 5169 5170 5174
f 5169 5174 5173
f 5170 5171 5175
f 5170 5175 5174
f 5171 5172 5176
f 5171 5176 5175
f 5173 5174 5178
f 5173 5178 5177
f 5174 5175 5179
f 5174 5179 5178
f 5175 5176 5180
f 5175 5180 5179
f 5177 5178 5182
f 5177 5182 5181
f 5178 5179 5183
f 5178 5183 5182
f 5179 5180 5184
f 5179 5184 5183
g 바닥 타일_54
v 5.0000 -0.0500 5.0000
v 5.0000 -0.0167 5.0000
v 5.0000 0.0167 5.0000
v 5.0000 0.0500 5.0000
v 5.6667 -0.0500 5.0000
v 5.6667 -0.0167 5.0000
v 5.6667 0.0167 5.0000
v 5.6667 0.0500 5.0000
v 6.3333 -0.0500 5.0000
v 6.3333 -0.0167 5.0000
v 6.3333 0.0167 5.0000
v 6.3333 0.0500 5.0000
v 7.0000 -0.0500 5.0000
v 7.0000 -0.0167 5.0000
v 7.0000 0.0167 5.0000
v 7.0000 0.0500 5.0000
v 7.0000 -0.0500 3.0000
v 7.0000 -0.0167 3.0000
v 7.0000 0.0167 3.0000
v 7.0000 0.0500 3.0000
v 6.3333 -0.0500 3.0000
v 6.3333 -0.0167 3.0000
v 6.3333 0.0167 3.0000
v 6.3333 0.0500 3.0000
v 5.6667 -0.0500 3.0000
v 5.6667 -0.0167 3.0000
v 5.6667 0.0167 3.0000
v 5.6667 0.0500 3.0000
v 5.0000 -0.0500 3.0000
v 5.0000 -0.0167 3.0000
v 5.0000 0.0167 3.0000
v 5.0000 0.0500 3.0000
v 5.0000 -0.0500 3.0000
v 5.0000 -0.0167 3.0000
v 5.0000 0.0167 3.0000
v 5.0000 0.0500 3.0000
v 5.0000 -0.0500 3.6667
v 5.0000 -0.0167 3.6667
v 5.0000 0.0167 3.6667
v 5.0000 0.0500 3.6667
v 5.0000 -0.0500 4.3333
v 5.0000 -0.0167 4.3333
v 5.0000 0.0167 4.3333
v 5.0000 0.0500 4.3333
v 5.0000 -0.0500 5.0000
v 5.0000 -0.0167 5.0000
v 5.0000 0.0167 5.0000
v 5.0000 0.0500 5.0000
v 7.0000 -0.0500 5.0000
v 7.0000 -0.0167 5.0000
v 7.0000 0.0167 5.0000
v 7.0000 0.0500 5.0000
v 7.0000 -0.0500 4.3333
v 7.0000 -0.0167 4.3333
v 7.0000 0.0167 4.3333
v 7.0000 0.0500 4.3333
v 7.0000 -0.0500 3.6667
v 7.0000 -0.0167 3.6667
v 7.0000 0.0167 3.6667
v 7.0000 0.0500 3.6667
v 7.0000 -0.0500 3.0000
v 7.0000 -0.0167 3.0000
v 7.0000 0.0167 3.0000
v 7.0000 0.0500 3.0000
v 5.0000 0.0500 3.0000
v 5.0000 0.0500 3.6667
v 5.0000 0.0500 4.3333
v 5.0000 0.0500 5.0000
v 5.6667 0.0500 3.0000
v 5.6667 0.0500 3.6667
v 5.6667 0.0500 4.3333
v 5.6667 0.0500 5.0000
v 6.3333 0.0500 3.0000
v 6.3333 0.0500 3.6667
v 6.3333 0.0500 4.3333
v 6.3333 0.0500 5.0000
v 7.0000 0.0500 3.0000
v 7.0000 0.0500 3.6667
v 7.0000 0.0500 4.3333
v 7.0000 0.0500 5.0000
v 5.0000 -0.0500 5.0000
v 5.0000 -0.0500 4.3333
v 5.0000 -0.0500 3.6667
v 5.0000 -0.0500 3.0000
v 5.6667 -0.0500 5.0000
v 5.6667 -0.0500 4.3333
v 5.6667 -0.0500 3.6667
v 5.6667 -0.0500 3.0000
v 6.3333 -0.0500 5.0000
v 6.3333 -0.0500 4.3333
v 6.3333 -0.0500 3.6667
v 6.3333 -0.0500 3.0000
v 7.0000 -0.0500 5.0000
v 7.0000 -0.0500 4.3333
v 7.0000 -0.0500 3.6667
v 7.0000 -0.0500 3.0000
f 5185 5186 5190
f 5185 5190 5189
f 5186 5187 5191
f 5186 5191 5190
f 5187 5188 5192
f 5187 5192 5191
f 5189 5190 5194
f 5189 5194 5193
f 5190 5191 5195
f 5190 5195 5194
f 5191 5192 5196
f 5191 5196 5195
f 5193 5194 5198
f 5193 5198 5197
f 5194 5195 5199
f 5194 5199 5198
f 5195 5196 5200
f 5195 5200 5199
f 5201 5202 5206
f 5201 5206 5205
f 5202 5203 5207
f 5202 5207 5206
f 5203 5204 5208
f 5203 5208 5207
f 5205 5206 5210
f 5205 5210 5209
f 5206 5207 5211
f 5206 5211 5210
f 5207 5208 5212
f 5207 5212 5211
f 5209 5210 5214
f 5209 5214 5213
f 5210 5211 5215
f 5210 5215 5214
f 5211 5212 5216
f 5211 5216 5215
f 5217 5218 5222
f 5217 5222 5221
f 5218 5219 5223
f 5218 5223 5222
f 5219 5220 5224
f 5219 5224 5223
f 5221 5222 5226
f 5221 5226 5225
f 5222 5223 5227
f 5222 5227 5226
f 5223 5224 5228
f 5223 5228 5227
f 5225 5226 5230
f 5225 5230 5229
f 5226 5227 5231
f 5226 5231 5230
f 5227 5228 5232
f 5227 5232 5231
f 5233 5234 5238
f 5233 5238 5237
f 5234 5235 5239
f 5234 5239 5238
f 5235 5236 5240
f 5235 5240 5239
f 5237 5238 5242
f 5237 5242 5241
f 5238 5239 5243
f 5238 5243 5242
f 5239 5240 5244
f 5239 5244 5243
f 5241 5242 5246
f 5241 5246 5245
f 5242 5243 5247
f 5242 5247 5246
f 5243 5244 5248
f 5243 5248 5247
f 5249 5250 5254
f 5249 5254 5253
f 5250 5251 5255
f 5250 5255 5254
f 5251 5252 5256
f 5251 5256 5255
f 5253 5254 5258
f 5253 5258 5257
f 5254 5255 5259
f 5254 5259 5258
f 5255 5256 5260
f 5255 5260 5259
f 5257 5258 5262
f 5257 5262 5261
f 5258 5259 5263
f 5258 5263 5262
f 5259 5260 5264
f 5259 5264 5263
f 5265 5266 5270
f 5265 5270 5269
f 5266 5267 5271
f 5266 5271 5270
f 5267 5268 5272
f 5267 5272 5271
f 5269 5270 5274
f 5269 5274 5273
f 5270 5271 5275
f 5270 5275 5274
f 5271 5272 5276
f 5271 5276 5275
f 5273 5274 5278
f 5273 5278 5277
f 5274 5275 5279
f 5274 5279 5278
f 5275 5276 5280
f 5275 5280 5279
g 바닥 타일_55
v 5.0000 -0.0500 7.0000
v 5.0000 -0.0167 7.0000
v 5.0000 0.0167 7.0000
v 5.0000 0.0500 7.0000
v 5.6667 -0.0500 7.0000
v 5.6667 -0.0167 7.0000
v 5.6667 0.0167 7.0000
v 5.6667 0.0500 7.0000
v 6.3333 -0.0500 7.0000
v 6.3333 -0.0167 7.0000
v 6.3333 0.0167 7.0000
v 6.3333 0.0500 7.0000
v 7.0000 -0.0500 7.0000
v 7.0000 -0.0167 7.0000
v 7.0000 0.0167 7.0000
v 7.0000 0.0500 7.0000
v 7.0000 -0.0500 5.0000
v 7.0000 -0.0167 5.0000
v 7.0000 0.0167 5.0000
v 7.0000 0.0500 5.0000
v 6.3333 -0.0500 5.0000
v 6.3333 -0.0167 5.0000
v 6.3333 0.0167 5.0000
v 6.3333 0.0500 5.0000
v 5.6667 -0.0500 5.0000
v 5.6667 -0.0167 5.0000
v 5.6667 0.0167 5.0000
v 5.6667 0.0500 5.0000
v 5.0000 -0.0500 5.0000
v 5.0000 -0.0167 5.0000
v 5.0000 0.0167 5.0000
v 5.0000 0.0500 5.0000
v 5.0000 -0.0500 5.0000
v 5.0000 -0.0167 5.0000
v 5.0000 0.0167 5.0000
v 5.0000 0.0500 5.0000
v 5.0000 -0.0500 5.6667
v 5.0000 -0.0167 5.6667
v 5.0000 0.0167 5.6667
v 5.0000 0.0500 5.6667
v 5.0000 -0.0500 6.3333
v 5.0000 -0.0167 6.3333
v 5.0000 0.0167 6.3333
v 5.0000 0.0500 6.3333
v 5.0000 -0.0500 7.0000
v 5.0000 -0.0167 7.0000
v 5.0000 0.0167 7.0000
v 5.0000 0.0500 7.0000
v 7.0000 -0.0500 7.0000
v 7.0000 -0.0167 7.0000
v 7.0000 0.0167 7.0000
v 7.0000 0.0500 7.0000
v 7.0000 -0.0500 6.3333
v 7.0000 -0.0167 6.3333
v 7.0000 0.0167 6.3333
v 7.0000 0.0500 6.3333
v 7.0000 -0.0500 5.6667
v 7.0000 -0.0167 5.6667
v 7.0000 0.0167 5.6667
v 7.0000 0.0500 5.6667
v 7.0000 -0.0500 5.0000
v 7.0000 -0.0167 5.0000
v 7.0000 0.0167 5.0000
v 7.0000 0.0500 5.0000
v 5.0000 0.0500 5.0000
v 5.0000 0.0500 5.6667
v 5.0000 0.0500 6.3333
v 5.0000 0.0500 7.0000
v 5.6667 0.0500 5.0000
v 5.6667 0.0500 5.6667
v 5.6667 0.0500 6.3333
v 5.6667 0.0500 7.0000
v 6.3333 0.0500 5.0000
v 6.3333 0.0500 5.6667
v 6.3333 0.0500 6.3333
v 6.3333 0.0500 7.0000
v 7.0000 0.0500 5.0000
v 7.0000 0.0500 5.6667
v 7.0000 0.0500 6.3333
v 7.0000 0.0500 7.0000
v 5.0000 -0.0500 7.0000
v 5.0000 -0.0500 6.3333
v 5.0000 -0.0500 5.6667
v 5.0000 -0.0500 5.0000
v 5.6667 -0.0500 7.0000
v 5.6667 -0.0500 6.3333
v 5.6667 -0.0500 5.6667
v 5.6667 -0.0500 5.0000
v 6.3333 -0.0500 7.0000
v 6.3333 -0.0500 6.3333
v 6.3333 -0.0500 5.6667
v 6.3333 -0.0500 5.0000
v 7.0000 -0.0500 7.0000
v 7.0000 -0.0500 6.3333
v 7.0000 -0.0500 5.6667
v 7.0000 -0.0500 5.0000
f 5281 5282 5286
f 5281 5286 5285
f 5282 5283 5287
f 5282 5287 5286
f 5283 5284 5288
f 5283 5288 5287
f 5285 5286 5290
f 5285 5290 5289
f 5286 5287 5291
f 5286 5291 5290
f 5287 5288 5292
f 5287 5292 5291
f 5289 5290 5294
f 5289 5294 5293
f 5290 5291 5295
f 5290 5295 5294
f 5291 5292 5296
f 5291 5296 5295
f 5297 5298 5302
f 5297 5302 5301
f 5298 5299 5303
f 5298 5303 5302
f 5299 5300 5304
f 5299 5304 5303
f 5301 5302 5306
f 5301 5306 5305
f 5302 5303 5307
f 5302 5307 5306
f 5303 5304 5308
f 5303 5308 5307
f 5305 5306 5310
f 5305 5310 5309
f 5306 5307 5311
f 5306 5311 5310
f 5307 5308 5312
f 5307 5312 5311
f 5313 5314 5318
f 5313 5318 5317
f 5314 5315 5319
f 5314 5319 5318
f 5315 5316 5320
f 5315 5320 5319
f 5317 5318 5322
f 5317 5322 5321
f 5318 5319 5323
f 5318 5323 5322
f 5319 5320 5324
f 5319 5324 5323
f 5321 5322 5326
f 5321 5326 5325
f 5322 5323 5327
f 5322 5327 5326
f 5323 5324 5328
f 5323 5328 5327
f 5329 5330 5334
f 5329 5334 5333
f 5330 5331 5335
f 5330 5335 5334
f 5331 5332 5336
f 5331 5336 5335
f 5333 5334 5338
f 5333 5338 5337
f 5334 5335 5339
f 5334 5339 5338
f 5335 5336 5340
f 5335 5340 5339
f 5337 5338 5342
f 5337 5342 5341
f 5338 5339 5343
f 5338 5343 5342
f 5339 5340 5344
f 5339 5344 5343
f 5345 5346 5350
f 5345 5350 5349
f 5346 5347 5351
f 5346 5351 5350
f 5347 5348 5352
f 5347 5352 5351
f 5349 5350 5354
f 5349 5354 5353
f 5350 5351 5355
f 5350 5355 5354
f 5351 5352 5356
f 5351 5356 5355
f 5353 5354 5358
f 5353 5358 5357
f 5354 5355 5359
f 5354 5359 5358
f 5355 5356 5360
f 5355 5360 5359
f 5361 5362 5366
f 5361 5366 5365
f 5362 5363 5367
f 5362 5367 5366
f 5363 5364 5368
f 5363 5368 5367
f 5365 5366 5370
f 5365 5370 5369
f 5366 5367 5371
f 5366 5371 5370
f 5367 5368 5372
f 5367 5372 5371
f 5369 5370 5374
f 5369 5374 5373
f 5370 5371 5375
f 5370 5375 5374
f 5371 5372 5376
f 5371 5376 5375
g 바닥 타일_56
v 7.0000 -0.0500 -5.0000
v 7.0000 -0.0167 -5.0000
v 7.0000 0.0167 -5.0000
v 7.0000 0.0500 -5.0000
v 7.6667 -0.0500 -5.0000
v 7.6667 -0.0167 -5.0000
v 7.6667 0.0167 -5.0000
v 7.6667 0.0500 -5.0000
v 8.3333 -0.0500 -5.0000
v 8.3333 -0.0167 -5.0000
v 8.3333 0.0167 -5.0000
v 8.3333 0.0500 -5.0000
v 9.0000 -0.0500 -5.0000
v 9.0000 -0.0167 -5.0000
v 9.0000 0.0167 -5.0000
v 9.0000 0.0500 -5.0000
v 9.0000 -0.0500 -7.0000
v 9.0000 -0.0167 -7.0000
v 9.0000 0.0167 -7.0000
v 9.0000 0.0500 -7.0000
v 8.3333 -0.0500 -7.0000
v 8.3333 -0.0167 -7.0000
v 8.3333 0.0167 -7.0000
v 8.3333 0.0500 -7.0000
v 7.6667 -0.0500 -7.0000
v 7.6667 -0.0167 -7.0000
v 7.6667 0.0167 -7.0000
v 7.6667 0.0500 -7.0000
v 7.0000 -0.0500 -7.0000
v 7.0000 -0.0167 -7.0000
v 7.0000 0.0167 -7.0000
v 7.0000 0.0500 -7.0000
v 7.0000 -0.0500 -7.0000
v 7.0000 -0.0167 -7.0000
v 7.0000 0.0167 -7.0000
v 7.0000 0.0500 -7.0000
v 7.0000 -0.0500 -6.3333
v 7.0000 -0.0167 -6.3333
v 7.0000 0.0167 -6.3333
v 7.0000 0.0500 -6.3333
v 7.0000 -0.0500 -5.6667
v 7.0000 -0.0167 -5.6667
v 7.0000 0.0167 -5.6667
v 7.0000 0.0500 -5.6667
v 7.0000 -0.0500 -5.0000
v 7.0000 -0.0167 -5.0000
v 7.0000 0.0167 -5.0000
v 7.0000 0.0500 -5.0000
v 9.0000 -0.0500 -5.0000
v 9.0000 -0.0167 -5.0000
v 9.0000 0.0167 -5.0000
v 9.0000 0.0500 -5.0000
v 9.0000 -0.0500 -5.6667
v 9.0000 -0.0167 -5.6667
v 9.0000 0.0167 -5.6667
v 9.0000 0.0500 -5.6667
v 9.0000 -0.0500 -6.3333
v 9.0000 -0.0167 -6.3333
v 9.0000 0.0167 -6.3333
v 9.0000 0.0500 -6.3333
v 9.0000 -0.0500 -7.0000
v 9.0000 -0.0167 -7.0000
v 9.0000 0.0167 -7.0000
v 9.0000 0.0500 -7.0000
v 7.0000 0.0500 -7.0000
v 7.0000 0.0500 -6.3333
v 7.0000 0.0500 -5.6667
v 7.0000 0.0500 -5.0000
v 7.6667 0.0500 -7.0000
v 7.6667 0.0500 -6.3333
v 7.6667 0.0500 -5.6667
v 7.6667 0.0500 -5.0000
v 8.3333 0.0500 -7.0000
v 8.3333 0.0500 -6.3333
v 8.3333 0.0500 -5.6667
v 8.3333 0.0500 -5.0000
v 9.0000 0.0500 -7.0000
v 9.0000 0.0500 -6.3333
v 9.0000 0.0500 -5.6667
v 9.0000 0.0500 -5.0000
v 7.0000 -0.0500 -5.0000
v 7.0000 -0.0500 -5.6667
v 7.0000 -0.0500 -6.3333
v 7.0000 -0.0500 -7.0000
v 7.6667 -0.0500 -5.0000
v 7.6667 -0.0500 -5.6667
v 7.6667 -0.0500 -6.3333
v 7.6667 -0.0500 -7.0000
v 8.3333 -0.0500 -5.0000
v 8.3333 -0.0500 -5.6667
v 8.3333 -0.0500 -6.3333
v 8.3333 -0.0500 -7.0000
v 9.0000 -0.0500 -5.0000
v 9.0000 -0.0500 -5.6667
v 9.0000 -0.0500 -6.3333
v 9.0000 -0.0500 -7.0000
f 5377 5378 5382
f 5377 5382 5381
f 5378 5379 5383
f 5378 5383 5382
f 5379 5380 5384
f 5379 5384 5383
f 5381 5382 5386
f 5381 5386 5385
f 5382 5383 5387
f 5382 5387 5386
f 5383 5384 5388
f 5383 5388 5387
f 5385 5386 5390
f 5385 5390 5389
f 5386 5387 5391
f 5386 5391 5390
f 5387 5388 5392
f 5387 5392 5391
f 5393 5394 5398
f 5393 5398 5397
f 5394 5395 5399
f 5394 5399 5398
f 5395 5396 5400
f 5395 5400 5399
f 5397 5398 5402
f 5397 5402 5401
f 5398 5399 5403
f 5398 5403 5402
f 5399 5400 5404
f 5399 5404 5403
f 5401 5402 5406
f 5401 5406 5405
f 5402 5403 5407
f 5402 5407 5406
f 5403 5404 5408
f 5403 5408 5407
f 5409 5410 5414
f 5409 5414 5413
f 5410 5411 5415
f 5410 5415 5414
f 5411 5412 5416
f 5411 5416 5415
f 5413 5414 5418
f 5413 5418 5417
f 5414 5415 5419
f 5414 5419 5418
f 5415 5416 5420
f 5415 5420 5419
f 5417 5418 5422
f 5417 5422 5421
f 5418 5419 5423
f 5418 5423 5422
f 5419 5420 5424
f 5419 5424 5423
f 5425 5426 5430
f 5425 5430 5429
f 5426 5427 5431
f 5426 5431 5430
f 5427 5428 5432
f 5427 5432 5431
f 5429 5430 5434
f 5429 5434 5433
f 5430 5431 5435
f 5430 5435 5434
f 5431 5432 5436
f 5431 5436 5435
f 5433 5434 5438
f 5433 5438 5437
f 5434 5435 5439
f 5434 5439 5438
f 5435 5436 5440
f 5435 5440 5439
f 5441 5442 5446
f 5441 5446 5445
f 5442 5443 5447
f 5442 5447 5446
f 5443 5444 5448
f 5443 5448 5447
f 5445 5446 5450
f 5445 5450 5449
f 5446 5447 5451
f 5446 5451 5450
f 5447 5448 5452
f 5447 5452 5451
f 5449 5450 5454
f 5449 5454 5453
f 5450 5451 5455
f 5450 5455 5454
f 5451 5452 5456
f 5451 5456 5455
f 5457 5458 5462
f 5457 5462 5461
f 5458 5459 5463
f 5458 5463 5462
f 5459 5460 5464
f 5459 5464 5463
f 5461 5462 5466
f 5461 5466 5465
f 5462 5463 5467
f 5462 5467 5466
f 5463 5464 5468
f 5463 5468 5467
f 5465 5466 5470
f 5465 5470 5469
f 5466 5467 5471
f 5466 5471 5470
f 5467 5468 5472
f 5467 5472 5471
g 바닥 타일_57
v 7.0000 -0.0500 -3.0000
v 7.0000 -0.0167 -3.0000
v 7.0000 0.0167 -3.0000
v 7.0000 0.0500 -3.0000
v 7.6667 -0.0500 -3.0000
v 7.6667 -0.0167 -3.0000
v 7.6667 0.0167 -3.0000
v 7.6667 0.0500 -3.0000
v 8.3333 -0.0500 -3.0000
v 8.3333 -0.0167 -3.0000
v 8.3333 0.0167 -3.0000
v 8.3333 0.0500 -3.0000
v 9.0000 -0.0500 -3.0000
v 9.0000 -0.0167 -3.0000
v 9.0000 0.0167 -3.0000
v 9.0000 0.0500 -3.0000
v 9.0000 -0.0500 -5.0000
v 9.0000 -0.0167 -5.0000
v 9.0000 0.0167 -5.0000
v 9.0000 0.0500 -5.0000
v 8.3333 -0.0500 -5.0000
v 8.3333 -0.0167 -5.0000
v 8.3333 0.0167 -5.0000
v 8.3333 0.0500 -5.0000
v 7.6667 -0.0500 -5.0000
v 7.6667 -0.0167 -5.0000
v 7.6667 0.0167 -5.0000
v 7.6667 0.0500 -5.0000
v 7.0000 -0.0500 -5.0000
v 7.0000 -0.0167 -5.0000
v 7.0000 0.0167 -5.0000
v 7.0000 0.0500 -5.0000
v 7.0000 -0.0500 -5.0000
v 7.0000 -0.0167 -5.0000
v 7.0000 0.0167 -5.0000
v 7.0000 0.0500 -5.0000
v 7.0000 -0.0500 -4.3333
v 7.0000 -0.0167 -4.3333
v 7.0000 0.0167 -4.3333
v 7.0000 0.0500 -4.3333
v 7.0000 -0.0500 -3.6667
v 7.0000 -0.0167 -3.6667
v 7.0000 0.0167 -3.6667
v 7.0000 0.0500 -3.6667
v 7.0000 -0.0500 -3.0000
v 7.0000 -0.0167 -3.0000
v 7.0000 0.0167 -3.0000
v 7.0000 0.0500 -3.0000
v 9.0000 -0.0500 -3.0000
v 9.0000 -0.0167 -3.0000
v 9.0000 0.0167 -3.0000
v 9.0000 0.0500 -3.0000
v 9.0000 -0.0500 -3.6667
v 9.0000 -0.0167 -3.6667
v 9.0000 0.0167 -3.6667
v 9.0000 0.0500 -3.6667
v 9.0000 -0.0500 -4.3333
v 9.0000 -0.0167 -4.3333
v 9.0000 0.0167 -4.3333
v 9.0000 0.0500 -4.3333
v 9.0000 -0.0500 -5.0000
v 9.0000 -0.0167 -5.0000
v 9.0000 0.0167 -5.0000
v 9.0000 0.0500 -5.0000
v 7.0000 0.0500 -5.0000
v 7.0000 0.0500 -4.3333
v 7.0000 0.0500 -3.6667
v 7.0000 0.0500 -3.0000
v 7.6667 0.0500 -5.0000
v 7.6667 0.0500 -4.3333
v 7.6667 0.0500 -3.6667
v 7.6667 0.0500 -3.0000
v 8.3333 0.0500 -5.0000
v 8.3333 0.0500 -4.3333
v 8.3333 0.0500 -3.6667
v 8.3333 0.0500 -3.0000
v 9.0000 0.0500 -5.0000
v 9.0000 0.0500 -4.3333
v 9.0000 0.0500 -3.6667
v 9.0000 0.0500 -3.0000
v 7.0000 -0.0500 -3.0000
v 7.0000 -0.0500 -3.6667
v 7.0000 -0.0500 -4.3333
v 7.0000 -0.0500 -5.0000
v 7.6667 -0.0500 -3.0000
v 7.6667 -0.0500 -3.6667
v 7.6667 -0.0500 -4.3333
v 7.6667 -0.0500 -5.0000
v 8.3333 -0.0500 -3.0000
v 8.3333 -0.0500 -3.6667
v 8.3333 -0.0500 -4.3333
v 8.3333 -0.0500 -5.0000
v 9.0000 -0.0500 -3.0000
v 9.0000 -0.0500 -3.6667
v 9.0000 -0.0500 -4.3333
v 9.0000 -0.0500 -5.0000
f 5473 5474 5478
f 5473 5478 5477
f 5474 5475 5479
f 5474 5479 5478
f 5475 5476 5480
f 5475 5480 5479
f 5477 5478 5482
f 5477 5482 5481
f 5478 5479 5483
f 5478 5483 5482
f 5479 5480 5484
f 5479 5484 5483
f 5481 5482 5486
f 5481 5486 5485
f 5482 5483 5487
f 5482 5487 5486
f 5483 5484 5488
f 5483 5488 5487
f 5489 5490 5494
f 5489 5494 5493
f 5490 5491 5495
f 5490 5495 5494
f 5491 5492 5496
f 5491 5496 5495
f 5493 5494 5498
f 5493 5498 5497
f 5494 5495 5499
f 5494 5499 5498
f 5495 5496 5500
f 5495 5500 5499
f 5497 5498 5502
f 5497 5502 5501
f 5498 5499 5503
f 5498 5503 5502
f 5499 5500 5504
f 5499 5504 5503
f 5505 5506 5510
f 5505 5510 5509
f 5506 5507 5511
f 5506 5511 5510
f 5507 5508 5512
f 5507 5512 5511
f 5509 5510 5514
f 5509 5514 5513
f 5510 5511 5515
f 5510 5515 5514
f 5511 5512 5516
f 5511 5516 5515
f 5513 5514 5518
f 5513 5518 5517
f 5514 5515 5519
f 5514 5519 5518
f 5515 5516 5520
f 5515 5520 5519
f 5521 5522 5526
f 5521 5526 5525
f 5522 5523 5527
f 5522 5527 5526
f 5523 5524 5528
f 5523 5528 5527
f 5525 5526 5530
f 5525 5530 5529
f 5526 5527 5531
f 5526 5531 5530
f 5527 5528 5532
f 5527 5532 5531
f 5529 5530 5534
f 5529 5534 5533
f 5530 5531 5535
f 5530 5535 5534
f 5531 5532 5536
f 5531 5536 5535
f 5537 5538 5542
f 5537 5542 5541
f 5538 5539 5543
f 5538 5543 5542
f 5539 5540 5544
f 5539 5544 5543
f 5541 5542 5546
f 5541 5546 5545
f 5542 5543 5547
f 5542 5547 5546
f 5543 5544 5548
f 5543 5548 5547
f 5545 5546 5550
f 5545 5550 5549
f 5546 5547 5551
f 5546 5551 5550
f 5547 5548 5552
f 5547 5552 5551
f 5553 5554 5558
f 5553 5558 5557
f 5554 5555 5559
f 5554 5559 5558
f 5555 5556 5560
f 5555 5560 5559
f 5557 5558 5562
f 5557 5562 5561
f 5558 5559 5563
f 5558 5563 5562
f 5559 5560 5564
f 5559 5564 5563
f 5561 5562 5566
f 5561 5566 5565
f 5562 5563 5567
f 5562 5567 5566
f 5563 5564 5568
f 5563 5568 5567
g 바닥 타일_58
v 7.0000 -0.0500 -1.0000
v 7.0000 -0.0167 -1.0000
v 7.0000 0.0167 -1.0000
v 7.0000 0.0500 -1.0000
v 7.6667 -0.0500 -1.0000
v 7.6667 -0.0167 -1.0000
v 7.6667 0.0167 -1.0000
v 7.6667 0.0500 -1.0000
v 8.3333 -0.0500 -1.0000
v 8.3333 -0.0167 -1.0000
v 8.3333 0.0167 -1.0000
v 8.3333 0.0500 -1.0000
v 9.0000 -0.0500 -1.0000
v 9.0000 -0.0167 -1.0000
v 9.0000 0.0167 -1.0000
v 9.0000 0.0500 -1.0000
v 9.0000 -0.0500 -3.0000
v 9.0000 -0.0167 -3.0000
v 9.0000 0.0167 -3.0000
v 9.0000 0.0500 -3.0000
v 8.3333 -0.0500 -3.0000
v 8.3333 -0.0167 -3.0000
v 8.3333 0.0167 -3.0000
v 8.3333 0.0500 -3.0000
v 7.6667 -0.0500 -3.0000
v 7.6667 -0.0167 -3.0000
v 7.6667 0.0167 -3.0000
v 7.6667 0.0500 -3.0000
v 7.0000 -0.0500 -3.0000
v 7.0000 -0.0167 -3.0000
v 7.0000 0.0167 -3.0000
v 7.0000 0.0500 -3.0000
v 7.0000 -0.0500 -3.0000
v 7.0000 -0.0167 -3.0000
v 7.0000 0.0167 -3.0000
v 7.0000 0.0500 -3.0000
v 7.0000 -0.0500 -2.3333
v 7.0000 -0.0167 -2.3333
v 7.0000 0.0167 -2.3333
v 7.0000 0.0500 -2.3333
v 7.0000 -0.0500 -1.6667
v 7.0000 -0.0167 -1.6667
v 7.0000 0.0167 -1.6667
v 7.0000 0.0500 -1.6667
v 7.0000 -0.0500 -1.0000
v 7.0000 -0.0167 -1.0000
v 7.0000 0.0167 -1.0000
v 7.0000 0.0500 -1.0000
v 9.0000 -0.0500 -1.0000
v 9.0000 -0.0167 -1.0000
v 9.0000 0.0167 -1.0000
v 9.0000 0.0500 -1.0000
v 9.0000 -0.0500 -1.6667
v 9.0000 -0.0167 -1.6667
v 9.0000 0.0167 -1.6667
v 9.0000 0.0500 -1.6667
v 9.0000 -0.0500 -2.3333
v 9.0000 -0.0167 -2.3333
v 9.0000 0.0167 -2.3333
v 9.0000 0.0500 -2.3333
v 9.0000 -0.0500 -3.0000
v 9.0000 -0.0167 -3.0000
v 9.0000 0.0167 -3.0000
v 9.0000 0.0500 -3.0000
v 7.0000 0.0500 -3.0000
v 7.0000 0.0500 -2.3333
v 7.0000 0.0500 -1.6667
v 7.0000 0.0500 -1.0000
v 7.6667 0.0500 -3.0000
v 7.6667 0.0500 -2.3333
v 7.6667 0.0500 -1.6667
v 7.6667 0.0500 -1.0000
v 8.3333 0.0500 -3.0000
v 8.3333 0.0500 -2.3333
v 8.3333 0.0500 -1.6667
v 8.3333 0.0500 -1.0000
v 9.0000 0.0500 -3.0000
v 9.0000 0.0500 -2.3333
v 9.0000 0.0500 -1.6667
v 9.0000 0.0500 -1.0000
v 7.0000 -0.0500 -1.0000
v 7.0000 -0.0500 -1.6667
v 7.0000 -0.0500 -2.3333
v 7.0000 -0.0500 -3.0000
v 7.6667 -0.0500 -1.0000
v 7.6667 -0.0500 -1.6667
v 7.6667 -0.0500 -2.3333
v 7.6667 -0.0500 -3.0000
v 8.3333 -0.0500 -1.0000
v 8.3333 -0.0500 -1.6667
v 8.3333 -0.0500 -2.3333
v 8.3333 -0.0500 -3.0000
v 9.0000 -0.0500 -1.0000
v 9.0000 -0.0500 -1.6667
v 9.0000 -0.0500 -2.3333
v 9.0000 -0.0500 -3.0000
f 5569 5570 5574
f 5569 5574 5573
f 5570 5571 5575
f 5570 5575 5574
f 5571 5572 5576
f 5571 5576 5575
f 5573 5574 5578
f 5573 5578 5577
f 5574 5575 5579
f 5574 5579 5578
f 5575 5576 5580
f 5575 5580 5579
f 5577 5578 5582
f 5577 5582 5581
f 5578 5579 5583
f 5578 5583 5582
f 5579 5580 5584
f 5579 5584 5583
f 5585 5586 5590
f 5585 5590 5589
f 5586 5587 5591
f 5586 5591 5590
f 5587 5588 5592
f 5587 5592 5591
f 5589 5590 5594
f 5589 5594 5593
f 5590 5591 5595
f 5590 5595 5594
f 5591 5592 5596
f 5591 5596 5595
f 5593 5594 5598
f 5593 5598 5597
f 5594 5595 5599
f 5594 5599 5598
f 5595 5596 5600
f 5595 5600 5599
f 5601 5602 5606
f 5601 5606 5605
f 5602 5603 5607
f 5602 5607 5606
f 5603 5604 5608
f 5603 5608 5607
f 5605 5606 5610
f 5605 5610 5609
f 5606 5607 5611
f 5606 5611 5610
f 5607 5608 5612
f 5607 5612 5611
f 5609 5610 5614
f 5609 5614 5613
f 5610 5611 5615
f 5610 5615 5614
f 5611 5612 5616
f 5611 5616 5615
f 5617 5618 5622
f 5617 5622 5621
f 5618 5619 5623
f 5618 5623 5622
f 5619 5620 5624
f 5619 5624 5623
f 5621 5622 5626
f 5621 5626 5625
f 5622 5623 5627
f 5622 5627 5626
f 5623 5624 5628
f 5623 5628 5627
f 5625 5626 5630
f 5625 5630 5629
f 5626 5627 5631
f 5626 5631 5630
f 5627 5628 5632
f 5627 5632 5631
f 5633 5634 5638
f 5633 5638 5637
f 5634 5635 5639
f 5634 5639 5638
f 5635 5636 5640
f 5635 5640 5639
f 5637 5638 5642
f 5637 5642 5641
f 5638 5639 5643
f 5638 5643 5642
f 5639 5640 5644
f 5639 5644 5643
f 5641 5642 5646
f 5641 5646 5645
f 5642 5643 5647
f 5642 5647 5646
f 5643 5644 5648
f 5643 5648 5647
f 5649 5650 5654
f 5649 5654 5653
f 5650 5651 5655
f 5650 5655 5654
f 5651 5652 5656
f 5651 5656 5655
f 5653 5654 5658
f 5653 5658 5657
f 5654 5655 5659
f 5654 5659 5658
f 5655 5656 5660
f 5655 5660 5659
f 5657 5658 5662
f 5657 5662 5661
f 5658 5659 5663
f 5658 5663 5662
f 5659 5660 5664
f 5659 5664 5663
g 바닥 타일_59
v 7.0000 -0.0500 1.0000
v 7.0000 -0.0167 1.0000
v 7.0000 0.0167 1.0000
v 7.0000 0.0500 1.0000
v 7.6667 -0.0500 1.0000
v 7.6667 -0.0167 1.0000
v 7.6667 0.0167 1.0000
v 7.6667 0.0500 1.0000
v 8.3333 -0.0500 1.0000
v 8.3333 -0.0167 1.0000
v 8.3333 0.0167 1.0000
v 8.3333 0.0500 1.0000
v 9.0000 -0.0500 1.0000
v 9.0000 -0.0167 1.0000
v 9.0000 0.0167 1.0000
v 9.0000 0.0500 1.0000
v 9.0000 -0.0500 -1.0000
v 9.0000 -0.0167 -1.0000
v 9.0000 0.0167 -1.0000
v 9.0000 0.0500 -1.0000
v 8.3333 -0.0500 -1.0000
v 8.3333 -0.0167 -1.0000
v 8.3333 0.0167 -1.0000
v 8.3333 0.0500 -1.0000
v 7.6667 -0.0500 -1.0000
v 7.6667 -0.0167 -1.0000
v 7.6667 0.0167 -1.0000
v 7.6667 0.0500 -1.0000
v 7.0000 -0.0500 -1.0000
v 7.0000 -0.0167 -1.0000
v 7.0000 0.0167 -1.0000
v 7.0000 0.0500 -1.0000
v 7.0000 -0.0500 -1.0000
v 7.0000 -0.0167 -1.0000
v 7.0000 0.0167 -1.0000
v 7.0000 0.0500 -1.0000
v 7.0000 -0.0500 -0.3333
v 7.0000 -0.0167 -0.3333
v 7.0000 0.0167 -0.3333
v 7.0000 0.0500 -0.3333
v 7.0000 -0.0500 0.3333
v 7.0000 -0.0167 0.3333
v 7.0000 0.0167 0.3333
v 7.0000 0.0500 0.3333
v 7.0000 -0.0500 1.0000
v 7.0000 -0.0167 1.0000
v 7.0000 0.0167 1.0000
v 7.0000 0.0500 1.0000
v 9.0000 -0.0500 1.0000
v 9.0000 -0.0167 1.0000
v 9.0000 0.0167 1.0000
v 9.0000 0.0500 1.0000
v 9.0000 -0.0500 0.3333
v 9.0000 -0.0167 0.3333
v 9.0000 0.0167 0.3333
v 9.0000 0.0500 0.3333
v 9.0000 -0.0500 -0.3333
v 9.0000 -0.0167 -0.3333
v 9.0000 0.0167 -0.3333
v 9.0000 0.0500 -0.3333
v 9.0000 -0.0500 -1.0000
v 9.0000 -0.0167 -1.0000
v 9.0000 0.0167 -1.0000
v 9.0000 0.0500 -1.0000
v 7.0000 0.0500 -1.0000
v 7.0000 0.0500 -0.3333
v 7.0000 0.0500 0.3333
v 7.0000 0.0500 1.0000
v 7.6667 0.0500 -1.0000
v 7.6667 0.0500 -0.3333
v 7.6667 0.0500 0.3333
v 7.6667 0.0500 1.0000
v 8.3333 0.0500 -1.0000
v 8.3333 0.0500 -0.3333
v 8.3333 0.0500 0.3333
v 8.3333 0.0500 1.0000
v 9.0000 0.0500 -1.0000
v 9.0000 0.0500 -0.3333
v 9.0000 0.0500 0.3333
v 9.0000 0.0500 1.0000
v 7.0000 -0.0500 1.0000
v 7.0000 -0.0500 0.3333
v 7.0000 -0.0500 -0.3333
v 7.0000 -0.0500 -1.0000
v 7.6667 -0.0500 1.0000
v 7.6667 -0.0500 0.3333
v 7.6667 -0.0500 -0.3333
v 7.6667 -0.0500 -1.0000
v 8.3333 -0.0500 1.0000
v 8.3333 -0.0500 0.3333
v 8.3333 -0.0500 -0.3333
v 8.3333 -0.0500 -1.0000
v 9.0000 -0.0500 1.0000
v 9.0000 -0.0500 0.3333
v 9.0000 -0.0500 -0.3333
v 9.0000 -0.0500 -1.0000
f 5665 5666 5670
f 5665 5670 5669
f 5666 5667 5671
f 5666 5671 5670
f 5667 5668 5672
f 5667 5672 5671
f 5669 5670 5674
f 5669 5674 5673
f 5670 5671 5675
f 5670 5675 5674
f 5671 5672 5676
f 5671 5676 5675
f 5673 5674 5678
f 5673 5678 5677
f 5674 5675 5679
f 5674 5679 5678
f 5675 5676 5680
f 5675 5680 5679
f 5681 5682 5686
f 5681 5686 5685
f 5682 5683 5687
f 5682 5687 5686
f 5683 5684 5688
f 5683 5688 5687
f 5685 5686 5690
f 5685 5690 5689
f 5686 5687 5691
f 5686 5691 5690
f 5687 5688 5692
f 5687 5692 5691
f 5689 5690 5694
f 5689 5694 5693
f 5690 5691 5695
f 5690 5695 5694
f 5691 5692 5696
f 5691 5696 5695
f 5697 5698 5702
f 5697 5702 5701
f 5698 5699 5703
f 5698 5703 5702
f 5699 5700 5704
f 5699 5704 5703
f 5701 5702 5706
f 5701 5706 5705
f 5702 5703 5707
f 5702 5707 5706
f 5703 5704 5708
f 5703 5708 5707
f 5705 5706 5710
f 5705 5710 5709
f 5706 5707 5711
f 5706 5711 5710
f 5707 5708 5712
f 5707 5712 5711
f 5713 5714 5718
f 5713 5718 5717
f 5714 5715 5719
f 5714 5719 5718
f 5715 5716 5720
f 5715 5720 5719
f 5717 5718 5722
f 5717 5722 5721
f 5718 5719 5723
f 5718 5723 5722
f 5719 5720 5724
f 5719 5724 5723
f 5721 5722 5726
f 5721 5726 5725
f 5722 5723 5727
f 5722 5727 5726
f 5723 5724 5728
f 5723 5728 5727
f 5729 5730 5734
f 5729 5734 5733
f 5730 5731 5735
f 5730 5735 5734
f 5731 5732 5736
f 5731 5736 5735
f 5733 5734 5738
f 5733 5738 5737
f 5734 5735 5739
f 5734 5739 5738
f 5735 5736 5740
f 5735 5740 5739
f 5737 5738 5742
f 5737 5742 5741
f 5738 5739 5743
f 5738 5743 5742
f 5739 5740 5744
f 5739 5744 5743
f 5745 5746 5750
f 5745 5750 5749
f 5746 5747 5751
f 5746 5751 5750
f 5747 5748 5752
f 5747 5752 5751
f 5749 5750 5754
f 5749 5754 5753
f 5750 5751 5755
f 5750 5755 5754
f 5751 5752 5756
f 5751 5756 5755
f 5753 5754 5758
f 5753 5758 5757
f 5754 5755 5759
f 5754 5759 5758
f 5755 5756 5760
f 5755 5760 5759
g 바닥 타일_60
v 7.0000 -0.0500 3.0000
v 7.0000 -0.0167 3.0000
v 7.0000 0.0167 3.0000
v 7.0000 0.0500 3.0000
v 7.6667 -0.0500 3.0000
v 7.6667 -0.0167 3.0000
v 7.6667 0.0167 3.0000
v 7.6667 0.0500 3.0000
v 8.3333 -0.0500 3.0000
v 8.3333 -0.0167 3.0000
v 8.3333 0.0167 3.0000
v 8.3333 0.0500 3.0000
v 9.0000 -0.0500 3.0000
v 9.0000 -0.0167 3.0000
v 9.0000 0.0167 3.0000
v 9.0000 0.0500 3.0000
v 9.0000 -0.0500 1.0000
v 9.0000 -0.0167 1.0000
v 9.0000 0.0167 1.0000
v 9.0000 0.0500 1.0000
v 8.3333 -0.0500 1.0000
v 8.3333 -0.0167 1.0000
v 8.3333 0.0167 1.0000
v 8.3333 0.0500 1.0000
v 7.6667 -0.0500 1.0000
v 7.6667 -0.0167 1.0000
v 7.6667 0.0167 1.0000
v 7.6667 0.0500 1.0000
v 7.0000 -0.0500 1.0000
v 7.0000 -0.0167 1.0000
v 7.0000 0.0167 1.0000
v 7.0000 0.0500 1.0000
v 7.0000 -0.0500 1.0000
v 7.0000 -0.0167 1.0000
v 7.0000 0.0167 1.0000
v 7.0000 0.0500 1.0000
v 7.0000 -0.0500 1.6667
v 7.0000 -0.0167 1.6667
v 7.0000 0.0167 1.6667
v 7.0000 0.0500 1.6667
v 7.0000 -0.0500 2.3333
v 7.0000 -0.0167 2.3333
v 7.0000 0.0167 2.3333
v 7.0000 0.0500 2.3333
v 7.0000 -0.0500 3.0000
v 7.0000 -0.0167 3.0000
v 7.0000 0.0167 3.0000
v 7.0000 0.0500 3.0000
v 9.0000 -0.0500 3.0000
v 9.0000 -0.0167 3.0000
v 9.0000 0.0167 3.0000
v 9.0000 0.0500 3.0000
v 9.0000 -0.0500 2.3333
v 9.0000 -0.0167 2.3333
v 9.0000 0.0167 2.3333
v 9.0000 0.0500 2.3333
v 9.0000 -0.0500 1.6667
v 9.0000 -0.0167 1.6667
v 9.0000 0.0167 1.6667
v 9.0000 0.0500 1.6667
v 9.0000 -0.0500 1.0000
v 9.0000 -0.0167 1.0000
v 9.0000 0.0167 1.0000
v 9.0000 0.0500 1.0000
v 7.0000 0.0500 1.0000
v 7.0000 0.0500 1.6667
v 7.0000 0.0500 2.3333
v 7.0000 0.0500 3.0000
v 7.6667 0.0500 1.0000
v 7.6667 0.0500 1.6667
v 7.6667 0.0500 2.3333
v 7.6667 0.0500 3.0000
v 8.3333 0.0500 1.0000
v 8.3333 0.0500 1.6667
v 8.3333 0.0500 2.3333
v 8.3333 0.0500 3.0000
v 9.0000 0.0500 1.0000
v 9.0000 0.0500 1.6667
v 9.0000 0.0500 2.3333
v 9.0000 0.0500 3.0000
v 7.0000 -0.0500 3.0000
v 7.0000 -0.0500 2.3333
v 7.0000 -0.0500 1.6667
v 7.0000 -0.0500 1.0000
v 7.6667 -0.0500 3.0000
v 7.6667 -0.0500 2.3333
v 7.6667 -0.0500 1.6667
v 7.6667 -0.0500 1.0000
v 8.3333 -0.0500 3.0000
v 8.3333 -0.0500 2.3333
v 8.3333 -0.0500 1.6667
v 8.3333 -0.0500 1.0000
v 9.0000 -0.0500 3.0000
v 9.0000 -0.0500 2.3333
v 9.0000 -0.0500 1.6667
v 9.0000 -0.0500 1.0000
f 5761 5762 5766
f 5761 5766 5765
f 5762 5763 5767
f 5762 5767 5766
f 5763 5764 5768
f 5763 5768 5767
f 5765 5766 5770
f 5765 5770 5769
f 5766 5767 5771
f 5766 5771 5770
f 5767 5768 5772
f 5767 5772 5771
f 5769 5770 5774
f 5769 5774 5773
f 5770 5771 5775
f 5770 5775 5774
f 5771 5772 5776
f 5771 5776 5775
f 5777 5778 5782
f 5777 5782 5781
f 5778 5779 5783
f 5778 5783 5782
f 5779 5780 5784
f 5779 5784 5783
f 5781 5782 5786
f 5781 5786 5785
f 5782 5783 5787
f 5782 5787 5786
f 5783 5784 5788
f 5783 5788 5787
f 5785 5786 5790
f 5785 5790 5789
f 5786 5787 5791
f 5786 5791 5790
f 5787 5788 5792
f 5787 5792 5791
f 5793 5794 5798
f 5793 5798 5797
f 5794 5795 5799
f 5794 5799 5798
f 5795 5796 5800
f 5795 5800 5799
f 5797 5798 5802
f 5797 5802 5801
f 5798 5799 5803
f 5798 5803 5802
f 5799 5800 5804
f 5799 5804 5803
f 5801 5802 5806
f 5801 5806 5805
f 5802 5803 5807
f 5802 5807 5806
f 5803 5804 5808
f 5803 5808 5807
f 5809 5810 5814
f 5809 5814 5813
f 5810 5811 5815
f 5810 5815 5814
f 5811 5812 5816
f 5811 5816 5815
f 5813 5814 5818
f 5813 5818 5817
f 5814 5815 5819
f 5814 5819 5818
f 5815 5816 5820
f 5815 5820 5819
f 5817 5818 5822
f 5817 5822 5821
f 5818 5819 5823
f 5818 5823 5822
f 5819 5820 5824
f 5819 5824 5823
f 5825 5826 5830
f 5825 5830 5829
f 5826 5827 5831
f 5826 5831 5830
f 5827 5828 5832
f 5827 5832 5831
f 5829 5830 5834
f 5829 5834 5833
f 5830 5831 5835
f 5830 5835 5834
f 5831 5832 5836
f 5831 5836 5835
f 5833 5834 5838
f 5833 5838 5837
f 5834 5835 5839
f 5834 5839 5838
f 5835 5836 5840
f 5835 5840 5839
f 5841 5842 5846
f 5841 5846 5845
f 5842 5843 5847
f 5842 5847 5846
f 5843 5844 5848
f 5843 5848 5847
f 5845 5846 5850
f 5845 5850 5849
f 5846 5847 5851
f 5846 5851 5850
f 5847 5848 5852
f 5847 5852 5851
f 5849 5850 5854
f 5849 5854 5853
f 5850 5851 5855
f 5850 5855 5854
f 5851 5852 5856
f 5851 5856 5855
g 바닥 타일_61
v 7.0000 -0.0500 5.0000
v 7.0000 -0.0167 5.0000
v 7.0000 0.0167 5.0000
v 7.0000 0.0500 5.0000
v 7.6667 -0.0500 5.0000
v 7.6667 -0.0167 5.0000
v 7.6667 0.0167 5.0000
v 7.6667 0.0500 5.0000
v 8.3333 -0.0500 5.0000
v 8.3333 -0.0167 5.0000
v 8.3333 0.0167 5.0000
v 8.3333 0.0500 5.0000
v 9.0000 -0.0500 5.0000
v 9.0000 -0.0167 5.0000
v 9.0000 0.0167 5.0000
v 9.0000 0.0500 5.0000
v 9.0000 -0.0500 3.0000
v 9.0000 -0.0167 3.0000
v 9.0000 0.0167 3.0000
v 9.0000 0.0500 3.0000
v 8.3333 -0.0500 3.0000
v 8.3333 -0.0167 3.0000
v 8.3333 0.0167 3.0000
v 8.3333 0.0500 3.0000
v 7.6667 -0.0500 3.0000
v 7.6667 -0.0167 3.0000
v 7.6667 0.0167 3.0000
v 7.6667 0.0500 3.0000
v 7.0000 -0.0500 3.0000
v 7.0000 -0.0167 3.0000
v 7.0000 0.0167 3.0000
v 7.0000 0.0500 3.0000
v 7.0000 -0.0500 3.0000
v 7.0000 -0.0167 3.0000
v 7.0000 0.0167 3.0000
v 7.0000 0.0500 3.0000
v 7.0000 -0.0500 3.6667
v 7.0000 -0.0167 3.6667
v 7.0000 0.0167 3.6667
v 7.0000 0.0500 3.6667
v 7.0000 -0.0500 4.3333
v 7.0000 -0.0167 4.3333
v 7.0000 0.0167 4.3333
v 7.0000 0.0500 4.3333
v 7.0000 -0.0500 5.0000
v 7.0000 -0.0167 5.0000
v 7.0000 0.0167 5.0000
v 7.0000 0.0500 5.0000
v 9.0000 -0.0500 5.0000
v 9.0000 -0.0167 5.0000
v 9.0000 0.0167 5.0000
v 9.0000 0.0500 5.0000
v 9.0000 -0.0500 4.3333
v 9.0000 -0.0167 4.3333
v 9.0000 0.0167 4.3333
v 9.0000 0.0500 4.3333
v 9.0000 -0.0500 3.6667
v 9.0000 -0.0167 3.6667
v 9.0000 0.0167 3.6667
v 9.0000 0.0500 3.6667
v 9.0000 -0.0500 3.0000
v 9.0000 -0.0167 3.0000
v 9.0000 0.0167 3.0000
v 9.0000 0.0500 3.0000
v 7.0000 0.0500 3.0000
v 7.0000 0.0500 3.6667
v 7.0000 0.0500 4.3333
v 7.0000 0.0500 5.0000
v 7.6667 0.0500 3.0000
v 7.6667 0.0500 3.6667
v 7.6667 0.0500 4.3333
v 7.6667 0.0500 5.0000
v 8.3333 0.0500 3.0000
v 8.3333 0.0500 3.6667
v 8.3333 0.0500 4.3333
v 8.3333 0.0500 5.0000
v 9.0000 0.0500 3.0000
v 9.0000 0.0500 3.6667
v 9.0000 0.0500 4.3333
v 9.0000 0.0500 5.0000
v 7.0000 -0.0500 5.0000
v 7.0000 -0.0500 4.3333
v 7.0000 -0.0500 3.6667
v 7.0000 -0.0500 3.0000
v 7.6667 -0.0500 5.0000
v 7.6667 -0.0500 4.3333
v 7.6667 -0.0500 3.6667
v 7.6667 -0.0500 3.0000
v 8.3333 -0.0500 5.0000
v 8.3333 -0.0500 4.3333
v 8.3333 -0.0500 3.6667
v 8.3333 -0.0500 3.0000
v 9.0000 -0.0500 5.0000
v 9.0000 -0.0500 4.3333
v 9.0000 -0.0500 3.6667
v 9.0000 -0.0500 3.0000
f 5857 5858 5862
f 5857 5862 5861
f 5858 5859 5863
f 5858 5863 5862
f 5859 5860 5864
f 5859 5864 5863
f 5861 5862 5866
f 5861 5866 5865
f 5862 5863 5867
f 5862 5867 5866
f 5863 5864 5868
f 5863 5868 5867
f 5865 5866 5870
f 5865 5870 5869
f 5866 5867 5871
f 5866 5871 5870
f 5867 5868 5872
f 5867 5872 5871
f 5873 5874 5878
f 5873 5878 5877
f 5874 5875 5879
f 5874 5879 5878
f 5875 5876 5880
f 5875 5880 5879
f 5877 5878 5882
f 5877 5882 5881
f 5878 5879 5883
f 5878 5883 5882
f 5879 5880 5884
f 5879 5884 5883
f 5881 5882 5886
f 5881 5886 5885
f 5882 5883 5887
f 5882 5887 5886
f 5883 5884 5888
f 5883 5888 5887
f 5889 5890 5894
f 5889 5894 5893
f 5890 5891 5895
f 5890 5895 5894
f 5891 5892 5896
f 5891 5896 5895
f 5893 5894 5898
f 5893 5898 5897
f 5894 5895 5899
f 5894 5899 5898
f 5895 5896 5900
f 5895 5900 5899
f 5897 5898 5902
f 5897 5902 5901
f 5898 5899 5903
f 5898 5903 5902
f 5899 5900 5904
f 5899 5904 5903
f 5905 5906 5910
f 5905 5910 5909
f 5906 5907 5911
f 5906 5911 5910
f 5907 5908 5912
f 5907 5912 5911
f 5909 5910 5914
f 5909 5914 5913
f 5910 5911 5915
f 5910 5915 5914
f 5911 5912 5916
f 5911 5916 5915
f 5913 5914 5918
f 5913 5918 5917
f 5914 5915 5919
f 5914 5919 5918
f 5915 5916 5920
f 5915 5920 5919
f 5921 5922 5926
f 5921 5926 5925
f 5922 5923 5927
f 5922 5927 5926
f 5923 5924 5928
f 5923 5928 5927
f 5925 5926 5930
f 5925 5930 5929
f 5926 5927 5931
f 5926 5931 5930
f 5927 5928 5932
f 5927 5932 5931
f 5929 5930 5934
f 5929 5934 5933
f 5930 5931 5935
f 5930 5935 5934
f 5931 5932 5936
f 5931 5936 5935
f 5937 5938 5942
f 5937 5942 5941
f 5938 5939 5943
f 5938 5943 5942
f 5939 5940 5944
f 5939 5944 5943
f 5941 5942 5946
f 5941 5946 5945
f 5942 5943 5947
f 5942 5947 5946
f 5943 5944 5948
f 5943 5948 5947
f 5945 5946 5950
f 5945 5950 5949
f 5946 5947 5951
f 5946 5951 5950
f 5947 5948 5952
f 5947 5952 5951
g 바닥 타일_62
v 7.0000 -0.0500 7.0000
v 7.0000 -0.0167 7.0000
v 7.0000 0.0167 7.0000
v 7.0000 0.0500 7.0000
v 7.6667 -0.0500 7.0000
v 7.6667 -0.0167 7.0000
v 7.6667 0.0167 7.0000
v 7.6667 0.0500 7.0000
v 8.3333 -0.0500 7.0000
v 8.3333 -0.0167 7.0000
v 8.3333 0.0167 7.0000
v 8.3333 0.0500 7.0000
v 9.0000 -0.0500 7.0000
v 9.0000 -0.0167 7.0000
v 9.0000 0.0167 7.0000
v 9.0000 0.0500 7.0000
v 9.0000 -0.0500 5.0000
v 9.0000 -0.0167 5.0000
v 9.0000 0.0167 5.0000
v 9.0000 0.0500 5.0000
v 8.3333 -0.0500 5.0000
v 8.3333 -0.0167 5.0000
v 8.3333 0.0167 5.0000
v 8.3333 0.0500 5.0000
v 7.6667 -0.0500 5.0000
v 7.6667 -0.0167 5.0000
v 7.6667 0.0167 5.0000
v 7.6667 0.0500 5.0000
v 7.0000 -0.0500 5.0000
v 7.0000 -0.0167 5.0000
v 7.0000 0.0167 5.0000
v 7.0000 0.0500 5.0000
v 7.0000 -0.0500 5.0000
v 7.0000 -0.0167 5.0000
v 7.0000 0.0167 5.0000
v 7.0000 0.0500 5.0000
v 7.0000 -0.0500 5.6667
v 7.0000 -0.0167 5.6667
v 7.0000 0.0167 5.6667
v 7.0000 0.0500 5.6667
v 7.0000 -0.0500 6.3333
v 7.0000 -0.0167 6.3333
v 7.0000 0.0167 6.3333
v 7.0000 0.0500 6.3333
v 7.0000 -0.0500 7.0000
v 7.0000 -0.0167 7.0000
v 7.0000 0.0167 7.0000
v 7.0000 0.0500 7.0000
v 9.0000 -0.0500 7.0000
v 9.0000 -0.0167 7.0000
v 9.0000 0.0167 7.0000
v 9.0000 0.0500 7.0000
v 9.0000 -0.0500 6.3333
v 9.0000 -0.0167 6.3333
v 9.0000 0.0167 6.3333
v 9.0000 0.0500 6.3333
v 9.0000 -0.0500 5.6667
v 9.0000 -0.0167 5.6667
v 9.0000 0.0167 5.6667
v 9.0000 0.0500 5.6667
v 9.0000 -0.0500 5.0000
v 9.0000 -0.0167 5.0000
v 9.0000 0.0167 5.0000
v 9.0000 0.0500 5.0000
v 7.0000 0.0500 5.0000
v 7.0000 0.0500 5.6667
v 7.0000 0.0500 6.3333
v 7.0000 0.0500 7.0000
v 7.6667 0.0500 5.0000
v 7.6667 0.0500 5.6667
v 7.6667 0.0500 6.3333
v 7.6667 0.0500 7.0000
v 8.3333 0.0500 5.0000
v 8.3333 0.0500 5.6667
v 8.3333 0.0500 6.3333
v 8.3333 0.0500 7.0000
v 9.0000 0.0500 5.0000
v 9.0000 0.0500 5.6667
v 9.0000 0.0500 6.3333
v 9.0000 0.0500 7.0000
v 7.0000 -0.0500 7.0000
v 7.0000 -0.0500 6.3333
v 7.0000 -0.0500 5.6667
v 7.0000 -0.0500 5.0000
v 7.6667 -0.0500 7.0000
v 7.6667 -0.0500 6.3333
v 7.6667 -0.0500 5.6667
v 7.6667 -0.0500 5.0000
v 8.3333 -0.0500 7.0000
v 8.3333 -0.0500 6.3333
v 8.3333 -0.0500 5.6667
v 8.3333 -0.0500 5.0000
v 9.0000 -0.0500 7.0000
v 9.0000 -0.0500 6.3333
v 9.0000 -0.0500 5.6667
v 9.0000 -0.0500 5.0000
f 5953 5954 5958
f 5953 5958 5957
f 5954 5955 5959
f 5954 5959 5958
f 5955 5956 5960
f 5955 5960 5959
f 5957 5958 5962
f 5957 5962 5961
f 5958 5959 5963
f 5958 5963 5962
f 5959 5960 5964
f 5959 5964 5963
f 5961 5962 5966
f 5961 5966 5965
f 5962 5963 5967
f 5962 5967 5966
f 5963 5964 5968
f 5963 5968 5967
f 5969 5970 5974
f 5969 5974 5973
f 5970 5971 5975
f 5970 5975 5974
f 5971 5972 5976
f 5971 5976 5975
f 5973 5974 5978
f 5973 5978 5977
f 5974 5975 5979
f 5974 5979 5978
f 5975 5976 5980
f 5975 5980 5979
f 5977 5978 5982
f 5977 5982 5981
f 5978 5979 5983
f 5978 5983 5982
f 5979 5980 5984
f 5979 5984 5983
f 5985 5986 5990
f 5985 5990 5989
f 5986 5987 5991
f 5986 5991 5990
f 5987 5988 5992
f 5987 5992 5991
f 5989 5990 5994
f 5989 5994 5993
f 5990 5991 5995
f 5990 5995 5994
f 5991 5992 5996
f 5991 5996 5995
f 5993 5994 5998
f 5993 5998 5997
f 5994 5995 5999
f 5994 5999 5998
f 5995 5996 6000
f 5995 6000 5999
f 6001 6002 6006
f 6001 6006 6005
f 6002 6003 6007
f 6002 6007 6006
f 6003 6004 6008
f 6003 6008 6007
f 6005 6006 6010
f 6005 6010 6009
f 6006 6007 6011
f 6006 6011 6010
f 6007 6008 6012
f 6007 6012 6011
f 6009 6010 6014
f 6009 6014 6013
f 6010 6011 6015
f 6010 6015 6014
f 6011 6012 6016
f 6011 6016 6015
f 6017 6018 6022
f 6017 6022 6021
f 6018 6019 6023
f 6018 6023 6022
f 6019 6020 6024
f 6019 6024 6023
f 6021 6022 6026
f 6021 6026 6025
f 6022 6023 6027
f 6022 6027 6026
f 6023 6024 6028
f 6023 6028 6027
f 6025 6026 6030
f 6025 6030 6029
f 6026 6027 6031
f 6026 6031 6030
f 6027 6028 6032
f 6027 6032 6031
f 6033 6034 6038
f 6033 6038 6037
f 6034 6035 6039
f 6034 6039 6038
f 6035 6036 6040
f 6035 6040 6039
f 6037 6038 6042
f 6037 6042 6041
f 6038 6039 6043
f 6038 6043 6042
f 6039 6040 6044
f 6039 6044 6043
f 6041 6042 6046
f 6041 6046 6045
f 6042 6043 6047
f 6042 6047 6046
f 6043 6044 6048
f 6043 6048 6047
g 벽_0
v -9.0000 0.0000 -7.0000
v -9.0000 0.6800 -7.0000
v -9.0000 1.3600 -7.0000
v -9.0000 2.0400 -7.0000
v -9.0000 2.7200 -7.0000
v -9.0000 3.4000 -7.0000
v -5.4000 0.0000 -7.0000
v -5.4000 0.6800 -7.0000
v -5.4000 1.3600 -7.0000
v -5.4000 2.0400 -7.0000
v -5.4000 2.7200 -7.0000
v -5.4000 3.4000 -7.0000
v -1.8000 0.0000 -7.0000
v -1.8000 0.6800 -7.0000
v -1.8000 1.3600 -7.0000
v -1.8000 2.0400 -7.0000
v -1.8000 2.7200 -7.0000
v -1.8000 3.4000 -7.0000
v 1.8000 0.0000 -7.0000
v 1.8000 0.6800 -7.0000
v 1.8000 1.3600 -7.0000
v 1.8000 2.0400 -7.0000
v 1.8000 2.7200 -7.0000
v 1.8000 3.4000 -7.0000
v 5.4000 0.0000 -7.0000
v 5.4000 0.6800 -7.0000
v 5.4000 1.3600 -7.0000
v 5.4000 2.0400 -7.0000
v 5.4000 2.7200 -7.0000
v 5.4000 3.4000 -7.0000
v 9.0000 0.0000 -7.0000
v 9.0000 0.6800 -7.0000
v 9.0000 1.3600 -7.0000
v 9.0000 2.0400 -7.0000
v 9.0000 2.7200 -7.0000
v 9.0000 3.4000 -7.0000
v 9.0000 0.0000 -7.3000
v 9.0000 0.6800 -7.3000
v 9.0000 1.3600 -7.3000
v 9.0000 2.0400 -7.3000
v 9.0000 2.7200 -7.3000
v 9.0000 3.4000 -7.3000
v 5.4000 0.0000 -7.3000
v 5.4000 0.6800 -7.3000
v 5.4000 1.3600 -7.3000
v 5.4000 2.0400 -7.3000
v 5.4000 2.7200 -7.3000
v 5.4000 3.4000 -7.3000
v 1.8000 0.0000 -7.3000
v 1.8000 0.6800 -7.3000
v 1.8000 1.3600 -7.3000
v 1.8000 2.0400 -7.3000
v 1.8000 2.7200 -7.3000
v 1.8000 3.4000 -7.3000
v -1.8000 0.0000 -7.3000
v -1.8000 0.6800 -7.3000
v -1.8000 1.3600 -7.3000
v -1.8000 2.0400 -7.3000
v -1.8000 2.7200 -7.3000
v -1.8000 3.4000 -7.3000
v -5.4000 0.0000 -7.3000
v -5.4000 0.6800 -7.3000
v -5.4000 1.3600 -7.3000
v -5.4000 2.0400 -7.3000
v -5.4000 2.7200 -7.3000
v -5.4000 3.4000 -7.3000
v -9.0000 0.0000 -7.3000
v -9.0000 0.6800 -7.3000
v -9.0000 1.3600 -7.3000
v -9.0000 2.0400 -7.3000
v -9.0000 2.7200 -7.3000
v -9.0000 3.4000 -7.3000
v -9.0000 0.0000 -7.3000
v -9.0000 0.6800 -7.3000
v -9.0000 1.3600 -7.3000
v -9.0000 2.0400 -7.3000
v -9.0000 2.7200 -7.3000
v -9.0000 3.4000 -7.3000
v -9.0000 0.0000 -7.2400
v -9.0000 0.6800 -7.2400
v -9.0000 1.3600 -7.2400
v -9.0000 2.0400 -7.2400
v -9.0000 2.7200 -7.2400
v -9.0000 3.4000 -7.2400
v -9.0000 0.0000 -7.1800
v -9.0000 0.6800 -7.1800
v -9.0000 1.3600 -7.1800
v -9.0000 2.0400 -7.1800
v -9.0000 2.7200 -7.1800
v -9.0000 3.4000 -7.1800
v -9.0000 0.0000 -7.1200
v -9.0000 0.6800 -7.1200
v -9.0000 1.3600 -7.1200
v -9.0000 2.0400 -7.1200
v -9.0000 2.7200 -7.1200
v -9.0000 3.4000 -7.1200
v -9.0000 0.0000 -7.0600
v -9.0000 0.6800 -7.0600
v -9.0000 1.3600 -7.0600
v -9.0000 2.0400 -7.0600
v -9.0000 2.7200 -7.0600
v -9.0000 3.4000 -7.0600
v -9.0000 0.0000 -7.0000
v -9.0000 0.6800 -7.0000
v -9.0000 1.3600 -7.0000
v -9.0000 2.0400 -7.0000
v -9.0000 2.7200 -7.0000
v -9.0000 3.4000 -7.0000
v 9.0000 0.0000 -7.0000
v 9.0000 0.6800 -7.0000
v 9.0000 1.3600 -7.0000
v 9.0000 2.0400 -7.0000
v 9.0000 2.7200 -7.0000
v 9.0000 3.4000 -7.0000
v 9.0000 0.0000 -7.0600
v 9.0000 0.6800 -7.0600
v 9.0000 1.3600 -7.0600
v 9.0000 2.0400 -7.0600
v 9.0000 2.7200 -7.0600
v 9.0000 3.4000 -7.0600
v 9.0000 0.0000 -7.1200
v 9.0000 0.6800 -7.1200
v 9.0000 1.3600 -7.1200
v 9.0000 2.0400 -7.1200
v 9.0000 2.7200 -7.1200
v 9.0000 3.4000 -7.1200
v 9.0000 0.0000 -7.1800
v 9.0000 0.6800 -7.1800
v 9.0000 1.3600 -7.1800
v 9.0000 2.0400 -7.1800
v 9.0000 2.7200 -7.1800
v 9.0000 3.4000 -7.1800
v 9.0000 0.0000 -7.2400
v 9.0000 0.6800 -7.2400
v 9.0000 1.3600 -7.2400
v 9.0000 2.0400 -7.2400
v 9.0000 2.7200 -7.2400
v 9.0000 3.4000 -7.2400
v 9.0000 0.0000 -7.3000
v 9.0000 0.6800 -7.3000
v 9.0000 1.3600 -7.3000
v 9.0000 2.0400 -7.3000
v 9.0000 2.7200 -7.3000
v 9.0000 3.4000 -7.3000
v -9.0000 3.4000 -7.3000
v -9.0000 3.4000 -7.2400
v -9.0000 3.4000 -7.1800
v -9.0000 3.4000 -7.1200
v -9.0000 3.4000 -7.0600
v -9.0000 3.4000 -7.0000
v -5.4000 3.4000 -7.3000
v -5.4000 3.4000 -7.2400
v -5.4000 3.4000 -7.1800
v -5.4000 3.4000 -7.1200
v -5.4000 3.4000 -7.0600
v -5.4000 3.4000 -7.0000
v -1.8000 3.4000 -7.3000
v -1.8000 3.4000 -7.2400
v -1.8000 3.4000 -7.1800
v -1.8000 3.4000 -7.1200
v -1.8000 3.4000 -7.0600
v -1.8000 3.4000 -7.0000
v 1.8000 3.4000 -7.3000
v 1.8000 3.4000 -7.2400
v 1.8000 3.4000 -7.1800
v 1.8000 3.4000 -7.1200
v 1.8000 3.4000 -7.0600
v 1.8000 3.4000 -7.0000
v 5.4000 3.4000 -7.3000
v 5.4000 3.4000 -7.2400
v 5.4000 3.4000 -7.1800
v 5.4000 3.4000 -7.1200
v 5.4000 3.4000 -7.0600
v 5.4000 3.4000 -7.0000
v 9.0000 3.4000 -7.3000
v 9.0000 3.4000 -7.2400
v 9.0000 3.4000 -7.1800
v 9.0000 3.4000 -7.1200
v 9.0000 3.4000 -7.0600
v 9.0000 3.4000 -7.0000
v -9.0000 0.0000 -7.0000
v -9.0000 0.0000 -7.0600
v -9.0000 0.0000 -7.1200
v -9.0000 0.0000 -7.1800
v -9.0000 0.0000 -7.2400
v -9.0000 0.0000 -7.3000
v -5.4000 0.0000 -7.0000
v -5.4000 0.0000 -7.0600
v -5.4000 0.0000 -7.1200
v -5.4000 0.0000 -7.1800
v -5.4000 0.0000 -7.2400
v -5.4000 0.0000 -7.3000
v -1.8000 0.0000 -7.0000
v -1.8000 0.0000 -7.0600
v -1.8000 0.0000 -7.1200
v -1.8000 0.0000 -7.1800
v -1.8000 0.0000 -7.2400
v -1.8000 0.0000 -7.3000
v 1.8000 0.0000 -7.0000
v 1.8000 0.0000 -7.0600
v 1.8000 0.0000 -7.1200
v 1.8000 0.0000 -7.1800
v 1.8000 0.0000 -7.2400
v 1.8000 0.0000 -7.3000
v 5.4000 0.0000 -7.0000
v 5.4000 0.0000 -7.0600
v 5.4000 0.0000 -7.1200
v 5.4000 0.0000 -7.1800
v 5.4000 0.0000 -7.2400
v 5.4000 0.0000 -7.3000
v 9.0000 0.0000 -7.0000
v 9.0000 0.0000 -7.0600
v 9.0000 0.0000 -7.1200
v 9.0000 0.0000 -7.1800
v 9.0000 0.0000 -7.2400
v 9.0000 0.0000 -7.3000
f 6049 6050 6056
f 6049 6056 6055
f 6050 6051 6057
f 6050 6057 6056
f 6051 6052 6058
f 6051 6058 6057
f 6052 6053 6059
f 6052 6059 6058
f 6053 6054 6060
f 6053 6060 6059
f 6055 6056 6062
f 6055 6062 6061
f 6056 6057 6063
f 6056 6063 6062
f 6057 6058 6064
f 6057 6064 6063
f 6058 6059 6065
f 6058 6065 6064
f 6059 6060 6066
f 6059 6066 6065
f 6061 6062 6068
f 6061 6068 6067
f 6062 6063 6069
f 6062 6069 6068
f 6063 6064 6070
f 6063 6070 6069
f 6064 6065 6071
f 6064 6071 6070
f 6065 6066 6072
f 6065 6072 6071
f 6067 6068 6074
f 6067 6074 6073
f 6068 6069 6075
f 6068 6075 6074
f 6069 6070 6076
f 6069 6076 6075
f 6070 6071 6077
f 6070 6077 6076
f 6071 6072 6078
f 6071 6078 6077
f 6073 6074 6080
f 6073 6080 6079
f 6074 6075 6081
f 6074 6081 6080
f 6075 6076 6082
f 6075 6082 6081
f 6076 6077 6083
f 6076 6083 6082
f 6077 6078 6084
f 6077 6084 6083
f 6085 6086 6092
f 6085 6092 6091
f 6086 6087 6093
f 6086 6093 6092
f 6087 6088 6094
f 6087 6094 6093
f 6088 6089 6095
f 6088 6095 6094
f 6089 6090 6096
f 6089 6096 6095
f 6091 6092 6098
f 6091 6098 6097
f 6092 6093 6099
f 6092 6099 6098
f 6093 6094 6100
f 6093 6100 6099
f 6094 6095 6101
f 6094 6101 6100
f 6095 6096 6102
f 6095 6102 6101
f 6097 6098 6104
f 6097 6104 6103
f 6098 6099 6105
f 6098 6105 6104
f 6099 6100 6106
f 6099 6106 6105
f 6100 6101 6107
f 6100 6107 6106
f 6101 6102 6108
f 6101 6108 6107
f 6103 6104 6110
f 6103 6110 6109
f 6104 6105 6111
f 6104 6111 6110
f 6105 6106 6112
f 6105 6112 6111
f 6106 6107 6113
f 6106 6113 6112
f 6107 6108 6114
f 6107 6114 6113
f 6109 6110 6116
f 6109 6116 6115
f 6110 6111 6117
f 6110 6117 6116
f 6111 6112 6118
f 6111 6118 6117
f 6112 6113 6119
f 6112 6119 6118
f 6113 6114 6120
f 6113 6120 6119
f 6121 6122 6128
f 6121 6128 6127
f 6122 6123 6129
f 6122 6129 6128
f 6123 6124 6130
f 6123 6130 6129
f 6124 6125 6131
f 6124 6131 6130
f 6125 6126 6132
f 6125 6132 6131
f 6127 6128 6134
f 6127 6134 6133
f 6128 6129 6135
f 6128 6135 6134
f 6129 6130 6136
f 6129 6136 6135
f 6130 6131 6137
f 6130 6137 6136
f 6131 6132 6138
f 6131 6138 6137
f 6133 6134 6140
f 6133 6140 6139
f 6134 6135 6141
f 6134 6141 6140
f 6135 6136 6142
f 6135 6142 6141
f 6136 6137 6143
f 6136 6143 6142
f 6137 6138 6144
f 6137 6144 6143
f 6139 6140 6146
f 6139 6146 6145
f 6140 6141 6147
f 6140 6147 6146
f 6141 6142 6148
f 6141 6148 6147
f 6142 6143 6149
f 6142 6149 6148
f 6143 6144 6150
f 6143 6150 6149
f 6145 6146 6152
f 6145 6152 6151
f 6146 6147 6153
f 6146 6153 6152
f 6147 6148 6154
f 6147 6154 6153
f 6148 6149 6155
f 6148 6155 6154
f 6149 6150 6156
f 6149 6156 6155
f 6157 6158 6164
f 6157 6164 6163
f 6158 6159 6165
f 6158 6165 6164
f 6159 6160 6166
f 6159 6166 6165
f 6160 6161 6167
f 6160 6167 6166
f 6161 6162 6168
f 6161 6168 6167
f 6163 6164 6170
f 6163 6170 6169
f 6164 6165 6171
f 6164 6171 6170
f 6165 6166 6172
f 6165 6172 6171
f 6166 6167 6173
f 6166 6173 6172
f 6167 6168 6174
f 6167 6174 6173
f 6169 6170 6176
f 6169 6176 6175
f 6170 6171 6177
f 6170 6177 6176
f 6171 6172 6178
f 6171 6178 6177
f 6172 6173 6179
f 6172 6179 6178
f 6173 6174 6180
f 6173 6180 6179
f 6175 6176 6182
f 6175 6182 6181
f 6176 6177 6183
f 6176 6183 6182
f 6177 6178 6184
f 6177 6184 6183
f 6178 6179 6185
f 6178 6185 6184
f 6179 6180 6186
f 6179 6186 6185
f 6181 6182 6188
f 6181 6188 6187
f 6182 6183 6189
f 6182 6189 6188
f 6183 6184 6190
f 6183 6190 6189
f 6184 6185 6191
f 6184 6191 6190
f 6185 6186 6192
f 6185 6192 6191
f 6193 6194 6200
f 6193 6200 6199
f 6194 6195 6201
f 6194 6201 6200
f 6195 6196 6202
f 6195 6202 6201
f 6196 6197 6203
f 6196 6203 6202
f 6197 6198 6204
f 6197 6204 6203
f 6199 6200 6206
f 6199 6206 6205
f 6200 6201 6207
f 6200 6207 6206
f 6201 6202 6208
f 6201 6208 6207
f 6202 6203 6209
f 6202 6209 6208
f 6203 6204 6210
f 6203 6210 6209
f 6205 6206 6212
f 6205 6212 6211
f 6206 6207 6213
f 6206 6213 6212
f 6207 6208 6214
f 6207 6214 6213
f 6208 6209 6215
f 6208 6215 6214
f 6209 6210 6216
f 6209 6216 6215
f 6211 6212 6218
f 6211 6218 6217
f 6212 6213 6219
f 6212 6219 6218
f 6213 6214 6220
f 6213 6220 6219
f 6214 6215 6221
f 6214 6221 6220
f 6215 6216 6222
f 6215 6222 6221
f 6217 6218 6224
f 6217 6224 6223
f 6218 6219 6225
f 6218 6225 6224
f 6219 6220 6226
f 6219 6226 6225
f 6220 6221 6227
f 6220 6227 6226
f 6221 6222 6228
f 6221 6228 6227
f 6229 6230 6236
f 6229 6236 6235
f 6230 6231 6237
f 6230 6237 6236
f 6231 6232 6238
f 6231 6238 6237
f 6232 6233 6239
f 6232 6239 6238
f 6233 6234 6240
f 6233 6240 6239
f 6235 6236 6242
f 6235 6242 6241
f 6236 6237 6243
f 6236 6243 6242
f 6237 6238 6244
f 6237 6244 6243
f 6238 6239 6245
f 6238 6245 6244
f 6239 6240 6246
f 6239 6246 6245
f 6241 6242 6248
f 6241 6248 6247
f 6242 6243 6249
f 6242 6249 6248
f 6243 6244 6250
f 6243 6250 6249
f 6244 6245 6251
f 6244 6251 6250
f 6245 6246 6252
f 6245 6252 6251
f 6247 6248 6254
f 6247 6254 6253
f 6248 6249 6255
f 6248 6255 6254
f 6249 6250 6256
f 6249 6256 6255
f 6250 6251 6257
f 6250 6257 6256
f 6251 6252 6258
f 6251 6258 6257
f 6253 6254 6260
f 6253 6260 6259
f 6254 6255 6261
f 6254 6261 6260
f 6255 6256 6262
f 6255 6262 6261
f 6256 6257 6263
f 6256 6263 6262
f 6257 6258 6264
f 6257 6264 6263
g 벽_1
v -9.0000 0.0000 7.3000
v -9.0000 0.6800 7.3000
v -9.0000 1.3600 7.3000
v -9.0000 2.0400 7.3000
v -9.0000 2.7200 7.3000
v -9.0000 3.4000 7.3000
v -5.4000 0.0000 7.3000
v -5.4000 0.6800 7.3000
v -5.4000 1.3600 7.3000
v -5.4000 2.0400 7.3000
v -5.4000 2.7200 7.3000
v -5.4000 3.4000 7.3000
v -1.8000 0.0000 7.3000
v -1.8000 0.6800 7.3000
v -1.8000 1.3600 7.3000
v -1.8000 2.0400 7.3000
v -1.8000 2.7200 7.3000
v -1.8000 3.4000 7.3000
v 1.8000 0.0000 7.3000
v 1.8000 0.6800 7.3000
v 1.8000 1.3600 7.3000
v 1.8000 2.0400 7.3000
v 1.8000 2.7200 7.3000
v 1.8000 3.4000 7.3000
v 5.4000 0.0000 7.3000
v 5.4000 0.6800 7.3000
v 5.4000 1.3600 7.3000
v 5.4000 2.0400 7.3000
v 5.4000 2.7200 7.3000
v 5.4000 3.4000 7.3000
v 9.0000 0.0000 7.3000
v 9.0000 0.6800 7.3000
v 9.0000 1.3600 7.3000
v 9.0000 2.0400 7.3000
v 9.0000 2.7200 7.3000
v 9.0000 3.4000 7.3000
v 9.0000 0.0000 7.0000
v 9.0000 0.6800 7.0000
v 9.0000 1.3600 7.0000
v 9.0000 2.0400 7.0000
v 9.0000 2.7200 7.0000
v 9.0000 3.4000 7.0000
v 5.4000 0.0000 7.0000
v 5.4000 0.6800 7.0000
v 5.4000 1.3600 7.0000
v 5.4000 2.0400 7.0000
v 5.4000 2.7200 7.0000
v 5.4000 3.4000 7.0000
v 1.8000 0.0000 7.0000
v 1.8000 0.6800 7.0000
v 1.8000 1.3600 7.0000
v 1.8000 2.0400 7.0000
v 1.8000 2.7200 7.0000
v 1.8000 3.4000 7.0000
v -1.8000 0.0000 7.0000
v -1.8000 0.6800 7.0000
v -1.8000 1.3600 7.0000
v -1.8000 2.0400 7.0000
v -1.8000 2.7200 7.0000
v -1.8000 3.4000 7.0000
v -5.4000 0.0000 7.0000
v -5.4000 0.6800 7.0000
v -5.4000 1.3600 7.0000
v -5.4000 2.0400 7.0000
v -5.4000 2.7200 7.0000
v -5.4000 3.4000 7.0000
v -9.0000 0.0000 7.0000
v -9.0000 0.6800 7.0000
v -9.0000 1.3600 7.0000
v -9.0000 2.0400 7.0000
v -9.0000 2.7200 7.0000
v -9.0000 3.4000 7.0000
v -9.0000 0.0000 7.0000
v -9.0000 0.6800 7.0000
v -9.0000 1.3600 7.0000
v -9.0000 2.0400 7.0000
v -9.0000 2.7200 7.0000
v -9.0000 3.4000 7.0000
v -9.0000 0.0000 7.0600
v -9.0000 0.6800 7.0600
v -9.0000 1.3600 7.0600
v -9.0000 2.0400 7.0600
v -9.0000 2.7200 7.0600
v -9.0000 3.4000 7.0600
v -9.0000 0.0000 7.1200
v -9.0000 0.6800 7.1200
v -9.0000 1.3600 7.1200
v -9.0000 2.0400 7.1200
v -9.0000 2.7200 7.1200
v -9.0000 3.4000 7.1200
v -9.0000 0.0000 7.1800
v -9.0000 0.6800 7.1800
v -9.0000 1.3600 7.1800
v -9.0000 2.0400 7.1800
v -9.0000 2.7200 7.1800
v -9.0000 3.4000 7.1800
v -9.0000 0.0000 7.2400
v -9.0000 0.6800 7.2400
v -9.0000 1.3600 7.2400
v -9.0000 2.0400 7.2400
v -9.0000 2.7200 7.2400
v -9.0000 3.4000 7.2400
v -9.0000 0.0000 7.3000
v -9.0000 0.6800 7.3000
v -9.0000 1.3600 7.3000
v -9.0000 2.0400 7.3000
v -9.0000 2.7200 7.3000
v -9.0000 3.4000 7.3000
v 9.0000 0.0000 7.3000
v 9.0000 0.6800 7.3000
v 9.0000 1.3600 7.3000
v 9.0000 2.0400 7.3000
v 9.0000 2.7200 7.3000
v 9.0000 3.4000 7.3000
v 9.0000 0.0000 7.2400
v 9.0000 0.6800 7.2400
v 9.0000 1.3600 7.2400
v 9.0000 2.0400 7.2400
v 9.0000 2.7200 7.2400
v 9.0000 3.4000 7.2400
v 9.0000 0.0000 7.1800
v 9.0000 0.6800 7.1800
v 9.0000 1.3600 7.1800
v 9.0000 2.0400 7.1800
v 9.0000 2.7200 7.1800
v 9.0000 3.4000 7.1800
v 9.0000 0.0000 7.1200
v 9.0000 0.6800 7.1200
v 9.0000 1.3600 7.1200
v 9.0000 2.0400 7.1200
v 9.0000 2.7200 7.1200
v 9.0000 3.4000 7.1200
v 9.0000 0.0000 7.0600
v 9.0000 0.6800 7.0600
v 9.0000 1.3600 7.0600
v 9.0000 2.0400 7.0600
v 9.0000 2.7200 7.0600
v 9.0000 3.4000 7.0600
v 9.0000 0.0000 7.0000
v 9.0000 0.6800 7.0000
v 9.0000 1.3600 7.0000
v 9.0000 2.0400 7.0000
v 9.0000 2.7200 7.0000
v 9.0000 3.4000 7.0000
v -9.0000 3.4000 7.0000
v -9.0000 3.4000 7.0600
v -9.0000 3.4000 7.1200
v -9.0000 3.4000 7.1800
v -9.0000 3.4000 7.2400
v -9.0000 3.4000 7.3000
v -5.4000 3.4000 7.0000
v -5.4000 3.4000 7.0600
v -5.4000 3.4000 7.1200
v -5.4000 3.4000 7.1800
v -5.4000 3.4000 7.2400
v -5.4000 3.4000 7.3000
v -1.8000 3.4000 7.0000
v -1.8000 3.4000 7.0600
v -1.8000 3.4000 7.1200
v -1.8000 3.4000 7.1800
v -1.8000 3.4000 7.2400
v -1.8000 3.4000 7.3000
v 1.8000 3.4000 7.0000
v 1.8000 3.4000 7.0600
v 1.8000 3.4000 7.1200
v 1.8000 3.4000 7.1800
v 1.8000 3.4000 7.2400
v 1.8000 3.4000 7.3000
v 5.4000 3.4000 7.0000
v 5.4000 3.4000 7.0600
v 5.4000 3.4000 7.1200
v 5.4000 3.4000 7.1800
v 5.4000 3.4000 7.2400
v 5.4000 3.4000 7.3000
v 9.0000 3.4000 7.0000
v 9.0000 3.4000 7.0600
v 9.0000 3.4000 7.1200
v 9.0000 3.4000 7.1800
v 9.0000 3.4000 7.2400
v 9.0000 3.4000 7.3000
v -9.0000 0.0000 7.3000
v -9.0000 0.0000 7.2400
v -9.0000 0.0000 7.1800
v -9.0000 0.0000 7.1200
v -9.0000 0.0000 7.0600
v -9.0000 0.0000 7.0000
v -5.4000 0.0000 7.3000
v -5.4000 0.0000 7.2400
v -5.4000 0.0000 7.1800
v -5.4000 0.0000 7.1200
v -5.4000 0.0000 7.0600
v -5.4000 0.0000 7.0000
v -1.8000 0.0000 7.3000
v -1.8000 0.0000 7.2400
v -1.8000 0.0000 7.1800
v -1.8000 0.0000 7.1200
v -1.8000 0.0000 7.0600
v -1.8000 0.0000 7.0000
v 1.8000 0.0000 7.3000
v 1.8000 0.0000 7.2400
v 1.8000 0.0000 7.1800
v 1.8000 0.0000 7.1200
v 1.8000 0.0000 7.0600
v 1.8000 0.0000 7.0000
v 5.4000 0.0000 7.3000
v 5.4000 0.0000 7.2400
v 5.4000 0.0000 7.1800
v 5.4000 0.0000 7.1200
v 5.4000 0.0000 7.0600
v 5.4000 0.0000 7.0000
v 9.0000 0.0000 7.3000
v 9.0000 0.0000 7.2400
v 9.0000 0.0000 7.1800
v 9.0000 0.0000 7.1200
v 9.0000 0.0000 7.0600
v 9.0000 0.0000 7.0000
f 6265 6266 6272
f 6265 6272 6271
f 6266 6267 6273
f 6266 6273 6272
f 6267 6268 6274
f 6267 6274 6273
f 6268 6269 6275
f 6268 6275 6274
f 6269 6270 6276
f 6269 6276 6275
f 6271 6272 6278
f 6271 6278 6277
f 6272 6273 6279
f 6272 6279 6278
f 6273 6274 6280
f 6273 6280 6279
f 6274 6275 6281
f 6274 6281 6280
f 6275 6276 6282
f 6275 6282 6281
f 6277 6278 6284
f 6277 6284 6283
f 6278 6279 6285
f 6278 6285 6284
f 6279 6280 6286
f 6279 6286 6285
f 6280 6281 6287
f 6280 6287 6286
f 6281 6282 6288
f 6281 6288 6287
f 6283 6284 6290
f 6283 6290 6289
f 6284 6285 6291
f 6284 6291 6290
f 6285 6286 6292
f 6285 6292 6291
f 6286 6287 6293
f 6286 6293 6292
f 6287 6288 6294
f 6287 6294 6293
f 6289 6290 6296
f 6289 6296 6295
f 6290 6291 6297
f 6290 6297 6296
f 6291 6292 6298
f 6291 6298 6297
f 6292 6293 6299
f 6292 6299 6298
f 6293 6294 6300
f 6293 6300 6299
f 6301 6302 6308
f 6301 6308 6307
f 6302 6303 6309
f 6302 6309 6308
f 6303 6304 6310
f 6303 6310 6309
f 6304 6305 6311
f 6304 6311 6310
f 6305 6306 6312
f 6305 6312 6311
f 6307 6308 6314
f 6307 6314 6313
f 6308 6309 6315
f 6308 6315 6314
f 6309 6310 6316
f 6309 6316 6315
f 6310 6311 6317
f 6310 6317 6316
f 6311 6312 6318
f 6311 6318 6317
f 6313 6314 6320
f 6313 6320 6319
f 6314 6315 6321
f 6314 6321 6320
f 6315 6316 6322
f 6315 6322 6321
f 6316 6317 6323
f 6316 6323 6322
f 6317 6318 6324
f 6317 6324 6323
f 6319 6320 6326
f 6319 6326 6325
f 6320 6321 6327
f 6320 6327 6326
f 6321 6322 6328
f 6321 6328 6327
f 6322 6323 6329
f 6322 6329 6328
f 6323 6324 6330
f 6323 6330 6329
f 6325 6326 6332
f 6325 6332 6331
f 6326 6327 6333
f 6326 6333 6332
f 6327 6328 6334
f 6327 6334 6333
f 6328 6329 6335
f 6328 6335 6334
f 6329 6330 6336
f 6329 6336 6335
f 6337 6338 6344
f 6337 6344 6343
f 6338 6339 6345
f 6338 6345 6344
f 6339 6340 6346
f 6339 6346 6345
f 6340 6341 6347
f 6340 6347 6346
f 6341 6342 6348
f 6341 6348 6347
f 6343 6344 6350
f 6343 6350 6349
f 6344 6345 6351
f 6344 6351 6350
f 6345 6346 6352
f 6345 6352 6351
f 6346 6347 6353
f 6346 6353 6352
f 6347 6348 6354
f 6347 6354 6353
f 6349 6350 6356
f 6349 6356 6355
f 6350 6351 6357
f 6350 6357 6356
f 6351 6352 6358
f 6351 6358 6357
f 6352 6353 6359
f 6352 6359 6358
f 6353 6354 6360
f 6353 6360 6359
f 6355 6356 6362
f 6355 6362 6361
f 6356 6357 6363
f 6356 6363 6362
f 6357 6358 6364
f 6357 6364 6363
f 6358 6359 6365
f 6358 6365 6364
f 6359 6360 6366
f 6359 6366 6365
f 6361 6362 6368
f 6361 6368 6367
f 6362 6363 6369
f 6362 6369 6368
f 6363 6364 6370
f 6363 6370 6369
f 6364 6365 6371
f 6364 6371 6370
f 6365 6366 6372
f 6365 6372 6371
f 6373 6374 6380
f 6373 6380 6379
f 6374 6375 6381
f 6374 6381 6380
f 6375 6376 6382
f 6375 6382 6381
f 6376 6377 6383
f 6376 6383 6382
f 6377 6378 6384
f 6377 6384 6383
f 6379 6380 6386
f 6379 6386 6385
f 6380 6381 6387
f 6380 6387 6386
f 6381 6382 6388
f 6381 6388 6387
f 6382 6383 6389
f 6382 6389 6388
f 6383 6384 6390
f 6383 6390 6389
f 6385 6386 6392
f 6385 6392 6391
f 6386 6387 6393
f 6386 6393 6392
f 6387 6388 6394
f 6387 6394 6393
f 6388 6389 6395
f 6388 6395 6394
f 6389 6390 6396
f 6389 6396 6395
f 6391 6392 6398
f 6391 6398 6397
f 6392 6393 6399
f 6392 6399 6398
f 6393 6394 6400
f 6393 6400 6399
f 6394 6395 6401
f 6394 6401 6400
f 6395 6396 6402
f 6395 6402 6401
f 6397 6398 6404
f 6397 6404 6403
f 6398 6399 6405
f 6398 6405 6404
f 6399 6400 6406
f 6399 6406 6405
f 6400 6401 6407
f 6400 6407 6406
f 6401 6402 6408
f 6401 6408 6407
f 6409 6410 6416
f 6409 6416 6415
f 6410 6411 6417
f 6410 6417 6416
f 6411 6412 6418
f 6411 6418 6417
f 6412 6413 6419
f 6412 6419 6418
f 6413 6414 6420
f 6413 6420 6419
f 6415 6416 6422
f 6415 6422 6421
f 6416 6417 6423
f 6416 6423 6422
f 6417 6418 6424
f 6417 6424 6423
f 6418 6419 6425
f 6418 6425 6424
f 6419 6420 6426
f 6419 6426 6425
f 6421 6422 6428
f 6421 6428 6427
f 6422 6423 6429
f 6422 6429 6428
f 6423 6424 6430
f 6423 6430 6429
f 6424 6425 6431
f 6424 6431 6430
f 6425 6426 6432
f 6425 6432 6431
f 6427 6428 6434
f 6427 6434 6433
f 6428 6429 6435
f 6428 6435 6434
f 6429 6430 6436
f 6429 6436 6435
f 6430 6431 6437
f 6430 6437 6436
f 6431 6432 6438
f 6431 6438 6437
f 6433 6434 6440
f 6433 6440 6439
f 6434 6435 6441
f 6434 6441 6440
f 6435 6436 6442
f 6435 6442 6441
f 6436 6437 6443
f 6436 6443 6442
f 6437 6438 6444
f 6437 6444 6443
f 6445 6446 6452
f 6445 6452 6451
f 6446 6447 6453
f 6446 6453 6452
f 6447 6448 6454
f 6447 6454 6453
f 6448 6449 6455
f 6448 6455 6454
f 6449 6450 6456
f 6449 6456 6455
f 6451 6452 6458
f 6451 6458 6457
f 6452 6453 6459
f 6452 6459 6458
f 6453 6454 6460
f 6453 6460 6459
f 6454 6455 6461
f 6454 6461 6460
f 6455 6456 6462
f 6455 6462 6461
f 6457 6458 6464
f 6457 6464 6463
f 6458 6459 6465
f 6458 6465 6464
f 6459 6460 6466
f 6459 6466 6465
f 6460 6461 6467
f 6460 6467 6466
f 6461 6462 6468
f 6461 6468 6467
f 6463 6464 6470
f 6463 6470 6469
f 6464 6465 6471
f 6464 6471 6470
f 6465 6466 6472
f 6465 6472 6471
f 6466 6467 6473
f 6466 6473 6472
f 6467 6468 6474
f 6467 6474 6473
f 6469 6470 6476
f 6469 6476 6475
f 6470 6471 6477
f 6470 6477 6476
f 6471 6472 6478
f 6471 6478 6477
f 6472 6473 6479
f 6472 6479 6478
f 6473 6474 6480
f 6473 6480 6479
g 측벽_0
v -9.1500 0.0000 7.1500
v -9.1500 0.6800 7.1500
v -9.1500 1.3600 7.1500
v -9.1500 2.0400 7.1500
v -9.1500 2.7200 7.1500
v -9.1500 3.4000 7.1500
v -9.0900 0.0000 7.1500
v -9.0900 0.6800 7.1500
v -9.0900 1.3600 7.1500
v -9.0900 2.0400 7.1500
v -9.0900 2.7200 7.1500
v -9.0900 3.4000 7.1500
v -9.0300 0.0000 7.1500
v -9.0300 0.6800 7.1500
v -9.0300 1.3600 7.1500
v -9.0300 2.0400 7.1500
v -9.0300 2.7200 7.1500
v -9.0300 3.4000 7.1500
v -8.9700 0.0000 7.1500
v -8.9700 0.6800 7.1500
v -8.9700 1.3600 7.1500
v -8.9700 2.0400 7.1500
v -8.9700 2.7200 7.1500
v -8.9700 3.4000 7.1500
v -8.9100 0.0000 7.1500
v -8.9100 0.6800 7.1500
v -8.9100 1.3600 7.1500
v -8.9100 2.0400 7.1500
v -8.9100 2.7200 7.1500
v -8.9100 3.4000 7.1500
v -8.8500 0.0000 7.1500
v -8.8500 0.6800 7.1500
v -8.8500 1.3600 7.1500
v -8.8500 2.0400 7.1500
v -8.8500 2.7200 7.1500
v -8.8500 3.4000 7.1500
v -8.8500 0.0000 -7.1500
v -8.8500 0.6800 -7.1500
v -8.8500 1.3600 -7.1500
v -8.8500 2.0400 -7.1500
v -8.8500 2.7200 -7.1500
v -8.8500 3.4000 -7.1500
v -8.9100 0.0000 -7.1500
v -8.9100 0.6800 -7.1500
v -8.9100 1.3600 -7.1500
v -8.9100 2.0400 -7.1500
v -8.9100 2.7200 -7.1500
v -8.9100 3.4000 -7.1500
v -8.9700 0.0000 -7.1500
v -8.9700 0.6800 -7.1500
v -8.9700 1.3600 -7.1500
v -8.9700 2.0400 -7.1500
v -8.9700 2.7200 -7.1500
v -8.9700 3.4000 -7.1500
v -9.0300 0.0000 -7.1500
v -9.0300 0.6800 -7.1500
v -9.0300 1.3600 -7.1500
v -9.0300 2.0400 -7.1500
v -9.0300 2.7200 -7.1500
v -9.0300 3.4000 -7.1500
v -9.0900 0.0000 -7.1500
v -9.0900 0.6800 -7.1500
v -9.0900 1.3600 -7.1500
v -9.0900 2.0400 -7.1500
v -9.0900 2.7200 -7.1500
v -9.0900 3.4000 -7.1500
v -9.1500 0.0000 -7.1500
v -9.1500 0.6800 -7.1500
v -9.1500 1.3600 -7.1500
v -9.1500 2.0400 -7.1500
v -9.1500 2.7200 -7.1500
v -9.1500 3.4000 -7.1500
v -9.1500 0.0000 -7.1500
v -9.1500 0.6800 -7.1500
v -9.1500 1.3600 -7.1500
v -9.1500 2.0400 -7.1500
v -9.1500 2.7200 -7.1500
v -9.1500 3.4000 -7.1500
v -9.1500 0.0000 -4.2900
v -9.1500 0.6800 -4.2900
v -9.1500 1.3600 -4.2900
v -9.1500 2.0400 -4.2900
v -9.1500 2.7200 -4.2900
v -9.1500 3.4000 -4.2900
v -9.1500 0.0000 -1.4300
v -9.1500 0.6800 -1.4300
v -9.1500 1.3600 -1.4300
v -9.1500 2.0400 -1.4300
v -9.1500 2.7200 -1.4300
v -9.1500 3.4000 -1.4300
v -9.1500 0.0000 1.4300
v -9.1500 0.6800 1.4300
v -9.1500 1.3600 1.4300
v -9.1500 2.0400 1.4300
v -9.1500 2.7200 1.4300
v -9.1500 3.4000 1.4300
v -9.1500 0.0000 4.2900
v -9.1500 0.6800 4.2900
v -9.1500 1.3600 4.2900
v -9.1500 2.0400 4.2900
v -9.1500 2.7200 4.2900
v -9.1500 3.4000 4.2900
v -9.1500 0.0000 7.1500
v -9.1500 0.6800 7.1500
v -9.1500 1.3600 7.1500
v -9.1500 2.0400 7.1500
v -9.1500 2.7200 7.1500
v -9.1500 3.4000 7.1500
v -8.8500 0.0000 7.1500
v -8.8500 0.6800 7.1500
v -8.8500 1.3600 7.1500
v -8.8500 2.0400 7.1500
v -8.8500 2.7200 7.1500
v -8.8500 3.4000 7.1500
v -8.8500 0.0000 4.2900
v -8.8500 0.6800 4.2900
v -8.8500 1.3600 4.2900
v -8.8500 2.0400 4.2900
v -8.8500 2.7200 4.2900
v -8.8500 3.4000 4.2900
v -8.8500 0.0000 1.4300
v -8.8500 0.6800 1.4300
v -8.8500 1.3600 1.4300
v -8.8500 2.0400 1.4300
v -8.8500 2.7200 1.4300
v -8.8500 3.4000 1.4300
v -8.8500 0.0000 -1.4300
v -8.8500 0.6800 -1.4300
v -8.8500 1.3600 -1.4300
v -8.8500 2.0400 -1.4300
v -8.8500 2.7200 -1.4300
v -8.8500 3.4000 -1.4300
v -8.8500 0.0000 -4.2900
v -8.8500 0.6800 -4.2900
v -8.8500 1.3600 -4.2900
v -8.8500 2.0400 -4.2900
v -8.8500 2.7200 -4.2900
v -8.8500 3.4000 -4.2900
v -8.8500 0.0000 -7.1500
v -8.8500 0.6800 -7.1500
v -8.8500 1.3600 -7.1500
v -8.8500 2.0400 -7.1500
v -8.8500 2.7200 -7.1500
v -8.8500 3.4000 -7.1500
v -9.1500 3.4000 -7.1500
v -9.1500 3.4000 -4.2900
v -9.1500 3.4000 -1.4300
v -9.1500 3.4000 1.4300
v -9.1500 3.4000 4.2900
v -9.1500 3.4000 7.1500
v -9.0900 3.4000 -7.1500
v -9.0900 3.4000 -4.2900
v -9.0900 3.4000 -1.4300
v -9.0900 3.4000 1.4300
v -9.0900 3.4000 4.2900
v -9.0900 3.4000 7.1500
v -9.0300 3.4000 -7.1500
v -9.0300 3.4000 -4.2900
v -9.0300 3.4000 -1.4300
v -9.0300 3.4000 1.4300
v -9.0300 3.4000 4.2900
v -9.0300 3.4000 7.1500
v -8.9700 3.4000 -7.1500
v -8.9700 3.4000 -4.2900
v -8.9700 3.4000 -1.4300
v -8.9700 3.4000 1.4300
v -8.9700 3.4000 4.2900
v -8.9700 3.4000 7.1500
v -8.9100 3.4000 -7.1500
v -8.9100 3.4000 -4.2900
v -8.9100 3.4000 -1.4300
v -8.9100 3.4000 1.4300
v -8.9100 3.4000 4.2900
v -8.9100 3.4000 7.1500
v -8.8500 3.4000 -7.1500
v -8.8500 3.4000 -4.2900
v -8.8500 3.4000 -1.4300
v -8.8500 3.4000 1.4300
v -8.8500 3.4000 4.2900
v -8.8500 3.4000 7.1500
v -9.1500 0.0000 7.1500
v -9.1500 0.0000 4.2900
v -9.1500 0.0000 1.4300
v -9.1500 0.0000 -1.4300
v -9.1500 0.0000 -4.2900
v -9.1500 0.0000 -7.1500
v -9.0900 0.0000 7.1500
v -9.0900 0.0000 4.2900
v -9.0900 0.0000 1.4300
v -9.0900 0.0000 -1.4300
v -9.0900 0.0000 -4.2900
v -9.0900 0.0000 -7.1500
v -9.0300 0.0000 7.1500
v -9.0300 0.0000 4.2900
v -9.0300 0.0000 1.4300
v -9.0300 0.0000 -1.4300
v -9.0300 0.0000 -4.2900
v -9.0300 0.0000 -7.1500
v -8.9700 0.0000 7.1500
v -8.9700 0.0000 4.2900
v -8.9700 0.0000 1.4300
v -8.9700 0.0000 -1.4300
v -8.9700 0.0000 -4.2900
v -8.9700 0.0000 -7.1500
v -8.9100 0.0000 7.1500
v -8.9100 0.0000 4.2900
v -8.9100 0.0000 1.4300
v -8.9100 0.0000 -1.4300
v -8.9100 0.0000 -4.2900
v -8.9100 0.0000 -7.1500
v -8.8500 0.0000 7.1500
v -8.8500 0.0000 4.2900
v -8.8500 0.0000 1.4300
v -8.8500 0.0000 -1.4300
v -8.8500 0.0000 -4.2900
v -8.8500 0.0000 -7.1500
f 6481 6482 6488
f 6481 6488 6487
f 6482 6483 6489
f 6482 6489 6488
f 6483 6484 6490
f 6483 6490 6489
f 6484 6485 6491
f 6484 6491 6490
f 6485 6486 6492
f 6485 6492 6491
f 6487 6488 6494
f 6487 6494 6493
f 6488 6489 6495
f 6488 6495 6494
f 6489 6490 6496
f 6489 6496 6495
f 6490 6491 6497
f 6490 6497 6496
f 6491 6492 6498
f 6491 6498 6497
f 6493 6494 6500
f 6493 6500 6499
f 6494 6495 6501
f 6494 6501 6500
f 6495 6496 6502
f 6495 6502 6501
f 6496 6497 6503
f 6496 6503 6502
f 6497 6498 6504
f 6497 6504 6503
f 6499 6500 6506
f 6499 6506 6505
f 6500 6501 6507
f 6500 6507 6506
f 6501 6502 6508
f 6501 6508 6507
f 6502 6503 6509
f 6502 6509 6508
f 6503 6504 6510
f 6503 6510 6509
f 6505 6506 6512
f 6505 6512 6511
f 6506 6507 6513
f 6506 6513 6512
f 6507 6508 6514
f 6507 6514 6513
f 6508 6509 6515
f 6508 6515 6514
f 6509 6510 6516
f 6509 6516 6515
f 6517 6518 6524
f 6517 6524 6523
f 6518 6519 6525
f 6518 6525 6524
f 6519 6520 6526
f 6519 6526 6525
f 6520 6521 6527
f 6520 6527 6526
f 6521 6522 6528
f 6521 6528 6527
f 6523 6524 6530
f 6523 6530 6529
f 6524 6525 6531
f 6524 6531 6530
f 6525 6526 6532
f 6525 6532 6531
f 6526 6527 6533
f 6526 6533 6532
f 6527 6528 6534
f 6527 6534 6533
f 6529 6530 6536
f 6529 6536 6535
f 6530 6531 6537
f 6530 6537 6536
f 6531 6532 6538
f 6531 6538 6537
f 6532 6533 6539
f 6532 6539 6538
f 6533 6534 6540
f 6533 6540 6539
f 6535 6536 6542
f 6535 6542 6541
f 6536 6537 6543
f 6536 6543 6542
f 6537 6538 6544
f 6537 6544 6543
f 6538 6539 6545
f 6538 6545 6544
f 6539 6540 6546
f 6539 6546 6545
f 6541 6542 6548
f 6541 6548 6547
f 6542 6543 6549
f 6542 6549 6548
f 6543 6544 6550
f 6543 6550 6549
f 6544 6545 6551
f 6544 6551 6550
f 6545 6546 6552
f 6545 6552 6551
f 6553 6554 6560
f 6553 6560 6559
f 6554 6555 6561
f 6554 6561 6560
f 6555 6556 6562
f 6555 6562 6561
f 6556 6557 6563
f 6556 6563 6562
f 6557 6558 6564
f 6557 6564 6563
f 6559 6560 6566
f 6559 6566 6565
f 6560 6561 6567
f 6560 6567 6566
f 6561 6562 6568
f 6561 6568 6567
f 6562 6563 6569
f 6562 6569 6568
f 6563 6564 6570
f 6563 6570 6569
f 6565 6566 6572
f 6565 6572 6571
f 6566 6567 6573
f 6566 6573 6572
f 6567 6568 6574
f 6567 6574 6573
f 6568 6569 6575
f 6568 6575 6574
f 6569 6570 6576
f 6569 6576 6575
f 6571 6572 6578
f 6571 6578 6577
f 6572 6573 6579
f 6572 6579 6578
f 6573 6574 6580
f 6573 6580 6579
f 6574 6575 6581
f 6574 6581 6580
f 6575 6576 6582
f 6575 6582 6581
f 6577 6578 6584
f 6577 6584 6583
f 6578 6579 6585
f 6578 6585 6584
f 6579 6580 6586
f 6579 6586 6585
f 6580 6581 6587
f 6580 6587 6586
f 6581 6582 6588
f 6581 6588 6587
f 6589 6590 6596
f 6589 6596 6595
f 6590 6591 6597
f 6590 6597 6596
f 6591 6592 6598
f 6591 6598 6597
f 6592 6593 6599
f 6592 6599 6598
f 6593 6594 6600
f 6593 6600 6599
f 6595 6596 6602
f 6595 6602 6601
f 6596 6597 6603
f 6596 6603 6602
f 6597 6598 6604
f 6597 6604 6603
f 6598 6599 6605
f 6598 6605 6604
f 6599 6600 6606
f 6599 6606 6605
f 6601 6602 6608
f 6601 6608 6607
f 6602 6603 6609
f 6602 6609 6608
f 6603 6604 6610
f 6603 6610 6609
f 6604 6605 6611
f 6604 6611 6610
f 6605 6606 6612
f 6605 6612 6611
f 6607 6608 6614
f 6607 6614 6613
f 6608 6609 6615
f 6608 6615 6614
f 6609 6610 6616
f 6609 6616 6615
f 6610 6611 6617
f 6610 6617 6616
f 6611 6612 6618
f 6611 6618 6617
f 6613 6614 6620
f 6613 6620 6619
f 6614 6615 6621
f 6614 6621 6620
f 6615 6616 6622
f 6615 6622 6621
f 6616 6617 6623
f 6616 6623 6622
f 6617 6618 6624
f 6617 6624 6623
f 6625 6626 6632
f 6625 6632 6631
f 6626 6627 6633
f 6626 6633 6632
f 6627 6628 6634
f 6627 6634 6633
f 6628 6629 6635
f 6628 6635 6634
f 6629 6630 6636
f 6629 6636 6635
f 6631 6632 6638
f 6631 6638 6637
f 6632 6633 6639
f 6632 6639 6638
f 6633 6634 6640
f 6633 6640 6639
f 6634 6635 6641
f 6634 6641 6640
f 6635 6636 6642
f 6635 6642 6641
f 6637 6638 6644
f 6637 6644 6643
f 6638 6639 6645
f 6638 6645 6644
f 6639 6640 6646
f 6639 6646 6645
f 6640 6641 6647
f 6640 6647 6646
f 6641 6642 6648
f 6641 6648 6647
f 6643 6644 6650
f 6643 6650 6649
f 6644 6645 6651
f 6644 6651 6650
f 6645 6646 6652
f 6645 6652 6651
f 6646 6647 6653
f 6646 6653 6652
f 6647 6648 6654
f 6647 6654 6653
f 6649 6650 6656
f 6649 6656 6655
f 6650 6651 6657
f 6650 6657 6656
f 6651 6652 6658
f 6651 6658 6657
f 6652 6653 6659
f 6652 6659 6658
f 6653 6654 6660
f 6653 6660 6659
f 6661 6662 6668
f 6661 6668 6667
f 6662 6663 6669
f 6662 6669 6668
f 6663 6664 6670
f 6663 6670 6669
f 6664 6665 6671
f 6664 6671 6670
f 6665 6666 6672
f 6665 6672 6671
f 6667 6668 6674
f 6667 6674 6673
f 6668 6669 6675
f 6668 6675 6674
f 6669 6670 6676
f 6669 6676 6675
f 6670 6671 6677
f 6670 6677 6676
f 6671 6672 6678
f 6671 6678 6677
f 6673 6674 6680
f 6673 6680 6679
f 6674 6675 6681
f 6674 6681 6680
f 6675 6676 6682
f 6675 6682 6681
f 6676 6677 6683
f 6676 6683 6682
f 6677 6678 6684
f 6677 6684 6683
f 6679 6680 6686
f 6679 6686 6685
f 6680 6681 6687
f 6680 6687 6686
f 6681 6682 6688
f 6681 6688 6687
f 6682 6683 6689
f 6682 6689 6688
f 6683 6684 6690
f 6683 6690 6689
f 6685 6686 6692
f 6685 6692 6691
f 6686 6687 6693
f 6686 6693 6692
f 6687 6688 6694
f 6687 6694 6693
f 6688 6689 6695
f 6688 6695 6694
f 6689 6690 6696
f 6689 6696 6695
g 측벽_1
v 8.8500 0.0000 7.1500
v 8.8500 0.6800 7.1500
v 8.8500 1.3600 7.1500
v 8.8500 2.0400 7.1500
v 8.8500 2.7200 7.1500
v 8.8500 3.4000 7.1500
v 8.9100 0.0000 7.1500
v 8.9100 0.6800 7.1500
v 8.9100 1.3600 7.1500
v 8.9100 2.0400 7.1500
v 8.9100 2.7200 7.1500
v 8.9100 3.4000 7.1500
v 8.9700 0.0000 7.1500
v 8.9700 0.6800 7.1500
v 8.9700 1.3600 7.1500
v 8.9700 2.0400 7.1500
v 8.9700 2.7200 7.1500
v 8.9700 3.4000 7.1500
v 9.0300 0.0000 7.1500
v 9.0300 0.6800 7.1500
v 9.0300 1.3600 7.1500
v 9.0300 2.0400 7.1500
v 9.0300 2.7200 7.1500
v 9.0300 3.4000 7.1500
v 9.0900 0.0000 7.1500
v 9.0900 0.6800 7.1500
v 9.0900 1.3600 7.1500
v 9.0900 2.0400 7.1500
v 9.0900 2.7200 7.1500
v 9.0900 3.4000 7.1500
v 9.1500 0.0000 7.1500
v 9.1500 0.6800 7.1500
v 9.1500 1.3600 7.1500
v 9.1500 2.0400 7.1500
v 9.1500 2.7200 7.1500
v 9.1500 3.4000 7.1500
v 9.1500 0.0000 -7.1500
v 9.1500 0.6800 -7.1500
v 9.1500 1.3600 -7.1500
v 9.1500 2.0400 -7.1500
v 9.1500 2.7200 -7.1500
v 9.1500 3.4000 -7.1500
v 9.0900 0.0000 -7.1500
v 9.0900 0.6800 -7.1500
v 9.0900 1.3600 -7.1500
v 9.0900 2.0400 -7.1500
v 9.0900 2.7200 -7.1500
v 9.0900 3.4000 -7.1500
v 9.0300 0.0000 -7.1500
v 9.0300 0.6800 -7.1500
v 9.0300 1.3600 -7.1500
v 9.0300 2.0400 -7.1500
v 9.0300 2.7200 -7.1500
v 9.0300 3.4000 -7.1500
v 8.9700 0.0000 -7.1500
v 8.9700 0.6800 -7.1500
v 8.9700 1.3600 -7.1500
v 8.9700 2.0400 -7.1500
v 8.9700 2.7200 -7.1500
v 8.9700 3.4000 -7.1500
v 8.9100 0.0000 -7.1500
v 8.9100 0.6800 -7.1500
v 8.9100 1.3600 -7.1500
v 8.9100 2.0400 -7.1500
v 8.9100 2.7200 -7.1500
v 8.9100 3.4000 -7.1500
v 8.8500 0.0000 -7.1500
v 8.8500 0.6800 -7.1500
v 8.8500 1.3600 -7.1500
v 8.8500 2.0400 -7.1500
v 8.8500 2.7200 -7.1500
v 8.8500 3.4000 -7.1500
v 8.8500 0.0000 -7.1500
v 8.8500 0.6800 -7.1500
v 8.8500 1.3600 -7.1500
v 8.8500 2.0400 -7.1500
v 8.8500 2.7200 -7.1500
v 8.8500 3.4000 -7.1500
v 8.8500 0.0000 -4.2900
v 8.8500 0.6800 -4.2900
v 8.8500 1.3600 -4.2900
v 8.8500 2.0400 -4.2900
v 8.8500 2.7200 -4.2900
v 8.8500 3.4000 -4.2900
v 8.8500 0.0000 -1.4300
v 8.8500 0.6800 -1.4300
v 8.8500 1.3600 -1.4300
v 8.8500 2.0400 -1.4300
v 8.8500 2.7200 -1.4300
v 8.8500 3.4000 -1.4300
v 8.8500 0.0000 1.4300
v 8.8500 0.6800 1.4300
v 8.8500 1.3600 1.4300
v 8.8500 2.0400 1.4300
v 8.8500 2.7200 1.4300
v 8.8500 3.4000 1.4300
v 8.8500 0.0000 4.2900
v 8.8500 0.6800 4.2900
v 8.8500 1.3600 4.2900
v 8.8500 2.0400 4.2900
v 8.8500 2.7200 4.2900
v 8.8500 3.4000 4.2900
v 8.8500 0.0000 7.1500
v 8.8500 0.6800 7.1500
v 8.8500 1.3600 7.1500
v 8.8500 2.0400 7.1500
v 8.8500 2.7200 7.1500
v 8.8500 3.4000 7.1500
v 9.1500 0.0000 7.1500
v 9.1500 0.6800 7.1500
v 9.1500 1.3600 7.1500
v 9.1500 2.0400 7.1500
v 9.1500 2.7200 7.1500
v 9.1500 3.4000 7.1500
v 9.1500 0.0000 4.2900
v 9.1500 0.6800 4.2900
v 9.1500 1.3600 4.2900
v 9.1500 2.0400 4.2900
v 9.1500 2.7200 4.2900
v 9.1500 3.4000 4.2900
v 9.1500 0.0000 1.4300
v 9.1500 0.6800 1.4300
v 9.1500 1.3600 1.4300
v 9.1500 2.0400 1.4300
v 9.1500 2.7200 1.4300
v 9.1500 3.4000 1.4300
v 9.1500 0.0000 -1.4300
v 9.1500 0.6800 -1.4300
v 9.1500 1.3600 -1.4300
v 9.1500 2.0400 -1.4300
v 9.1500 2.7200 -1.4300
v 9.1500 3.4000 -1.4300
v 9.1500 0.0000 -4.2900
v 9.1500 0.6800 -4.2900
v 9.1500 1.3600 -4.2900
v 9.1500 2.0400 -4.2900
v 9.1500 2.7200 -4.2900
v 9.1500 3.4000 -4.2900
v 9.1500 0.0000 -7.1500
v 9.1500 0.6800 -7.1500
v 9.1500 1.3600 -7.1500
v 9.1500 2.0400 -7.1500
v 9.1500 2.7200 -7.1500
v 9.1500 3.4000 -7.1500
v 8.8500 3.4000 -7.1500
v 8.8500 3.4000 -4.2900
v 8.8500 3.4000 -1.4300
v 8.8500 3.4000 1.4300
v 8.8500 3.4000 4.2900
v 8.8500 3.4000 7.1500
v 8.9100 3.4000 -7.1500
v 8.9100 3.4000 -4.2900
v 8.9100 3.4000 -1.4300
v 8.9100 3.4000 1.4300
v 8.9100 3.4000 4.2900
v 8.9100 3.4000 7.1500
v 8.9700 3.4000 -7.1500
v 8.9700 3.4000 -4.2900
v 8.9700 3.4000 -1.4300
v 8.9700 3.4000 1.4300
v 8.9700 3.4000 4.2900
v 8.9700 3.4000 7.1500
v 9.0300 3.4000 -7.1500
v 9.0300 3.4000 -4.2900
v 9.0300 3.4000 -1.4300
v 9.0300 3.4000 1.4300
v 9.0300 3.4000 4.2900
v 9.0300 3.4000 7.1500
v 9.0900 3.4000 -7.1500
v 9.0900 3.4000 -4.2900
v 9.0900 3.4000 -1.4300
v 9.0900 3.4000 1.4300
v 9.0900 3.4000 4.2900
v 9.0900 3.4000 7.1500
v 9.1500 3.4000 -7.1500
v 9.1500 3.4000 -4.2900
v 9.1500 3.4000 -1.4300
v 9.1500 3.4000 1.4300
v 9.1500 3.4000 4.2900
v 9.1500 3.4000 7.1500
v 8.8500 0.0000 7.1500
v 8.8500 0.0000 4.2900
v 8.8500 0.0000 1.4300
v 8.8500 0.0000 -1.4300
v 8.8500 0.0000 -4.2900
v 8.8500 0.0000 -7.1500
v 8.9100 0.0000 7.1500
v 8.9100 0.0000 4.2900
v 8.9100 0.0000 1.4300
v 8.9100 0.0000 -1.4300
v 8.9100 0.0000 -4.2900
v 8.9100 0.0000 -7.1500
v 8.9700 0.0000 7.1500
v 8.9700 0.0000 4.2900
v 8.9700 0.0000 1.4300
v 8.9700 0.0000 -1.4300
v 8.9700 0.0000 -4.2900
v 8.9700 0.0000 -7.1500
v 9.0300 0.0000 7.1500
v 9.0300 0.0000 4.2900
v 9.0300 0.0000 1.4300
v 9.0300 0.0000 -1.4300
v 9.0300 0.0000 -4.2900
v 9.0300 0.0000 -7.1500
v 9.0900 0.0000 7.1500
v 9.0900 0.0000 4.2900
v 9.0900 0.0000 1.4300
v 9.0900 0.0000 -1.4300
v 9.0900 0.0000 -4.2900
v 9.0900 0.0000 -7.1500
v 9.1500 0.0000 7.1500
v 9.1500 0.0000 4.2900
v 9.1500 0.0000 1.4300
v 9.1500 0.0000 -1.4300
v 9.1500 0.0000 -4.2900
v 9.1500 0.0000 -7.1500
f 6697 6698 6704
f 6697 6704 6703
f 6698 6699 6705
f 6698 6705 6704
f 6699 6700 6706
f 6699 6706 6705
f 6700 6701 6707
f 6700 6707 6706
f 6701 6702 6708
f 6701 6708 6707
f 6703 6704 6710
f 6703 6710 6709
f 6704 6705 6711
f 6704 6711 6710
f 6705 6706 6712
f 6705 6712 6711
f 6706 6707 6713
f 6706 6713 6712
f 6707 6708 6714
f 6707 6714 6713
f 6709 6710 6716
f 6709 6716 6715
f 6710 6711 6717
f 6710 6717 6716
f 6711 6712 6718
f 6711 6718 6717
f 6712 6713 6719
f 6712 6719 6718
f 6713 6714 6720
f 6713 6720 6719
f 6715 6716 6722
f 6715 6722 6721
f 6716 6717 6723
f 6716 6723 6722
f 6717 6718 6724
f 6717 6724 6723
f 6718 6719 6725
f 6718 6725 6724
f 6719 6720 6726
f 6719 6726 6725
f 6721 6722 6728
f 6721 6728 6727
f 6722 6723 6729
f 6722 6729 6728
f 6723 6724 6730
f 6723 6730 6729
f 6724 6725 6731
f 6724 6731 6730
f 6725 6726 6732
f 6725 6732 6731
f 6733 6734 6740
f 6733 6740 6739
f 6734 6735 6741
f 6734 6741 6740
f 6735 6736 6742
f 6735 6742 6741
f 6736 6737 6743
f 6736 6743 6742
f 6737 6738 6744
f 6737 6744 6743
f 6739 6740 6746
f 6739 6746 6745
f 6740 6741 6747
f 6740 6747 6746
f 6741 6742 6748
f 6741 6748 6747
f 6742 6743 6749
f 6742 6749 6748
f 6743 6744 6750
f 6743 6750 6749
f 6745 6746 6752
f 6745 6752 6751
f 6746 6747 6753
f 6746 6753 6752
f 6747 6748 6754
f 6747 6754 6753
f 6748 6749 6755
f 6748 6755 6754
f 6749 6750 6756
f 6749 6756 6755
f 6751 6752 6758
f 6751 6758 6757
f 6752 6753 6759
f 6752 6759 6758
f 6753 6754 6760
f 6753 6760 6759
f 6754 6755 6761
f 6754 6761 6760
f 6755 6756 6762
f 6755 6762 6761
f 6757 6758 6764
f 6757 6764 6763
f 6758 6759 6765
f 6758 6765 6764
f 6759 6760 6766
f 6759 6766 6765
f 6760 6761 6767
f 6760 6767 6766
f 6761 6762 6768
f 6761 6768 6767
f 6769 6770 6776
f 6769 6776 6775
f 6770 6771 6777
f 6770 6777 6776
f 6771 6772 6778
f 6771 6778 6777
f 6772 6773 6779
f 6772 6779 6778
f 6773 6774 6780
f 6773 6780 6779
f 6775 6776 6782
f 6775 6782 6781
f 6776 6777 6783
f 6776 6783 6782
f 6777 6778 6784
f 6777 6784 6783
f 6778 6779 6785
f 6778 6785 6784
f 6779 6780 6786
f 6779 6786 6785
f 6781 6782 6788
f 6781 6788 6787
f 6782 6783 6789
f 6782 6789 6788
f 6783 6784 6790
f 6783 6790 6789
f 6784 6785 6791
f 6784 6791 6790
f 6785 6786 6792
f 6785 6792 6791
f 6787 6788 6794
f 6787 6794 6793
f 6788 6789 6795
f 6788 6795 6794
f 6789 6790 6796
f 6789 6796 6795
f 6790 6791 6797
f 6790 6797 6796
f 6791 6792 6798
f 6791 6798 6797
f 6793 6794 6800
f 6793 6800 6799
f 6794 6795 6801
f 6794 6801 6800
f 6795 6796 6802
f 6795 6802 6801
f 6796 6797 6803
f 6796 6803 6802
f 6797 6798 6804
f 6797 6804 6803
f 6805 6806 6812
f 6805 6812 6811
f 6806 6807 6813
f 6806 6813 6812
f 6807 6808 6814
f 6807 6814 6813
f 6808 6809 6815
f 6808 6815 6814
f 6809 6810 6816
f 6809 6816 6815
f 6811 6812 6818
f 6811 6818 6817
f 6812 6813 6819
f 6812 6819 6818
f 6813 6814 6820
f 6813 6820 6819
f 6814 6815 6821
f 6814 6821 6820
f 6815 6816 6822
f 6815 6822 6821
f 6817 6818 6824
f 6817 6824 6823
f 6818 6819 6825
f 6818 6825 6824
f 6819 6820 6826
f 6819 6826 6825
f 6820 6821 6827
f 6820 6827 6826
f 6821 6822 6828
f 6821 6828 6827
f 6823 6824 6830
f 6823 6830 6829
f 6824 6825 6831
f 6824 6831 6830
f 6825 6826 6832
f 6825 6832 6831
f 6826 6827 6833
f 6826 6833 6832
f 6827 6828 6834
f 6827 6834 6833
f 6829 6830 6836
f 6829 6836 6835
f 6830 6831 6837
f 6830 6837 6836
f 6831 6832 6838
f 6831 6838 6837
f 6832 6833 6839
f 6832 6839 6838
f 6833 6834 6840
f 6833 6840 6839
f 6841 6842 6848
f 6841 6848 6847
f 6842 6843 6849
f 6842 6849 6848
f 6843 6844 6850
f 6843 6850 6849
f 6844 6845 6851
f 6844 6851 6850
f 6845 6846 6852
f 6845 6852 6851
f 6847 6848 6854
f 6847 6854 6853
f 6848 6849 6855
f 6848 6855 6854
f 6849 6850 6856
f 6849 6856 6855
f 6850 6851 6857
f 6850 6857 6856
f 6851 6852 6858
f 6851 6858 6857
f 6853 6854 6860
f 6853 6860 6859
f 6854 6855 6861
f 6854 6861 6860
f 6855 6856 6862
f 6855 6862 6861
f 6856 6857 6863
f 6856 6863 6862
f 6857 6858 6864
f 6857 6864 6863
f 6859 6860 6866
f 6859 6866 6865
f 6860 6861 6867
f 6860 6867 6866
f 6861 6862 6868
f 6861 6868 6867
f 6862 6863 6869
f 6862 6869 6868
f 6863 6864 6870
f 6863 6870 6869
f 6865 6866 6872
f 6865 6872 6871
f 6866 6867 6873
f 6866 6873 6872
f 6867 6868 6874
f 6867 6874 6873
f 6868 6869 6875
f 6868 6875 6874
f 6869 6870 6876
f 6869 6876 6875
f 6877 6878 6884
f 6877 6884 6883
f 6878 6879 6885
f 6878 6885 6884
f 6879 6880 6886
f 6879 6886 6885
f 6880 6881 6887
f 6880 6887 6886
f 6881 6882 6888
f 6881 6888 6887
f 6883 6884 6890
f 6883 6890 6889
f 6884 6885 6891
f 6884 6891 6890
f 6885 6886 6892
f 6885 6892 6891
f 6886 6887 6893
f 6886 6893 6892
f 6887 6888 6894
f 6887 6894 6893
f 6889 6890 6896
f 6889 6896 6895
f 6890 6891 6897
f 6890 6897 6896
f 6891 6892 6898
f 6891 6898 6897
f 6892 6893 6899
f 6892 6899 6898
f 6893 6894 6900
f 6893 6900 6899
f 6895 6896 6902
f 6895 6902 6901
f 6896 6897 6903
f 6896 6903 6902
f 6897 6898 6904
f 6897 6904 6903
f 6898 6899 6905
f 6898 6905 6904
f 6899 6900 6906
f 6899 6906 6905
f 6901 6902 6908
f 6901 6908 6907
f 6902 6903 6909
f 6902 6909 6908
f 6903 6904 6910
f 6903 6910 6909
f 6904 6905 6911
f 6904 6911 6910
f 6905 6906 6912
f 6905 6912 6911
g 천장_0
v -9.1500 3.4000 7.3000
v -9.1500 3.4667 7.3000
v -9.1500 3.5333 7.3000
v -9.1500 3.6000 7.3000
v -3.0500 3.4000 7.3000
v -3.0500 3.4667 7.3000
v -3.0500 3.5333 7.3000
v -3.0500 3.6000 7.3000
v 3.0500 3.4000 7.3000
v 3.0500 3.4667 7.3000
v 3.0500 3.5333 7.3000
v 3.0500 3.6000 7.3000
v 9.1500 3.4000 7.3000
v 9.1500 3.4667 7.3000
v 9.1500 3.5333 7.3000
v 9.1500 3.6000 7.3000
v 9.1500 3.4000 -7.3000
v 9.1500 3.4667 -7.3000
v 9.1500 3.5333 -7.3000
v 9.1500 3.6000 -7.3000
v 3.0500 3.4000 -7.3000
v 3.0500 3.4667 -7.3000
v 3.0500 3.5333 -7.3000
v 3.0500 3.6000 -7.3000
v -3.0500 3.4000 -7.3000
v -3.0500 3.4667 -7.3000
v -3.0500 3.5333 -7.3000
v -3.0500 3.6000 -7.3000
v -9.1500 3.4000 -7.3000
v -9.1500 3.4667 -7.3000
v -9.1500 3.5333 -7.3000
v -9.1500 3.6000 -7.3000
v -9.1500 3.4000 -7.3000
v -9.1500 3.4667 -7.3000
v -9.1500 3.5333 -7.3000
v -9.1500 3.6000 -7.3000
v -9.1500 3.4000 -2.4333
v -9.1500 3.4667 -2.4333
v -9.1500 3.5333 -2.4333
v -9.1500 3.6000 -2.4333
v -9.1500 3.4000 2.4333
v -9.1500 3.4667 2.4333
v -9.1500 3.5333 2.4333
v -9.1500 3.6000 2.4333
v -9.1500 3.4000 7.3000
v -9.1500 3.4667 7.3000
v -9.1500 3.5333 7.3000
v -9.1500 3.6000 7.3000
v 9.1500 3.4000 7.3000
v 9.1500 3.4667 7.3000
v 9.1500 3.5333 7.3000
v 9.1500 3.6000 7.3000
v 9.1500 3.4000 2.4333
v 9.1500 3.4667 2.4333
v 9.1500 3.5333 2.4333
v 9.1500 3.6000 2.4333
v 9.1500 3.4000 -2.4333
v 9.1500 3.4667 -2.4333
v 9.1500 3.5333 -2.4333
v 9.1500 3.6000 -2.4333
v 9.1500 3.4000 -7.3000
v 9.1500 3.4667 -7.3000
v 9.1500 3.5333 -7.3000
v 9.1500 3.6000 -7.3000
v -9.1500 3.6000 -7.3000
v -9.1500 3.6000 -2.4333
v -9.1500 3.6000 2.4333
v -9.1500 3.6000 7.3000
v -3.0500 3.6000 -7.3000
v -3.0500 3.6000 -2.4333
v -3.0500 3.6000 2.4333
v -3.0500 3.6000 7.3000
v 3.0500 3.6000 -7.3000
v 3.0500 3.6000 -2.4333
v 3.0500 3.6000 2.4333
v 3.0500 3.6000 7.3000
v 9.1500 3.6000 -7.3000
v 9.1500 3.6000 -2.4333
v 9.1500 3.6000 2.4333
v 9.1500 3.6000 7.3000
v -9.1500 3.4000 7.3000
v -9.1500 3.4000 2.4333
v -9.1500 3.4000 -2.4333
v -9.1500 3.4000 -7.3000
v -3.0500 3.4000 7.3000
v -3.0500 3.4000 2.4333
v -3.0500 3.4000 -2.4333
v -3.0500 3.4000 -7.3000
v 3.0500 3.4000 7.3000
v 3.0500 3.4000 2.4333
v 3.0500 3.4000 -2.4333
v 3.0500 3.4000 -7.3000
v 9.1500 3.4000 7.3000
v 9.1500 3.4000 2.4333
v 9.1500 3.4000 -2.4333
v 9.1500 3.4000 -7.3000
f 6913 6914 6918
f 6913 6918 6917
f 6914 6915 6919
f 6914 6919 6918
f 6915 6916 6920
f 6915 6920 6919
f 6917 6918 6922
f 6917 6922 6921
f 6918 6919 6923
f 6918 6923 6922
f 6919 6920 6924
f 6919 6924 6923
f 6921 6922 6926
f 6921 6926 6925
f 6922 6923 6927
f 6922 6927 6926
f 6923 6924 6928
f 6923 6928 6927
f 6929 6930 6934
f 6929 6934 6933
f 6930 6931 6935
f 6930 6935 6934
f 6931 6932 6936
f 6931 6936 6935
f 6933 6934 6938
f 6933 6938 6937
f 6934 6935 6939
f 6934 6939 6938
f 6935 6936 6940
f 6935 6940 6939
f 6937 6938 6942
f 6937 6942 6941
f 6938 6939 6943
f 6938 6943 6942
f 6939 6940 6944
f 6939 6944 6943
f 6945 6946 6950
f 6945 6950 6949
f 6946 6947 6951
f 6946 6951 6950
f 6947 6948 6952
f 6947 6952 6951
f 6949 6950 6954
f 6949 6954 6953
f 6950 6951 6955
f 6950 6955 6954
f 6951 6952 6956
f 6951 6956 6955
f 6953 6954 6958
f 6953 6958 6957
f 6954 6955 6959
f 6954 6959 6958
f 6955 6956 6960
f 6955 6960 6959
f 6961 6962 6966
f 6961 6966 6965
f 6962 6963 6967
f 6962 6967 6966
f 6963 6964 6968
f 6963 6968 6967
f 6965 6966 6970
f 6965 6970 6969
f 6966 6967 6971
f 6966 6971 6970
f 6967 6968 6972
f 6967 6972 6971
f 6969 6970 6974
f 6969 6974 6973
f 6970 6971 6975
f 6970 6975 6974
f 6971 6972 6976
f 6971 6976 6975
f 6977 6978 6982
f 6977 6982 6981
f 6978 6979 6983
f 6978 6983 6982
f 6979 6980 6984
f 6979 6984 6983
f 6981 6982 6986
f 6981 6986 6985
f 6982 6983 6987
f 6982 6987 6986
f 6983 6984 6988
f 6983 6988 6987
f 6985 6986 6990
f 6985 6990 6989
f 6986 6987 6991
f 6986 6991 6990
f 6987 6988 6992
f 6987 6992 6991
f 6993 6994 6998
f 6993 6998 6997
f 6994 6995 6999
f 6994 6999 6998
f 6995 6996 7000
f 6995 7000 6999
f 6997 6998 7002
f 6997 7002 7001
f 6998 6999 7003
f 6998 7003 7002
f 6999 7000 7004
f 6999 7004 7003
f 7001 7002 7006
f 7001 7006 7005
f 7002 7003 7007
f 7002 7007 7006
f 7003 7004 7008
f 7003 7008 7007
g 출입문_0
v -4.8000 0.0000 -7.0750
v -4.8000 0.7333 -7.0750
v -4.8000 1.4667 -7.0750
v -4.8000 2.2000 -7.0750
v -4.2667 0.0000 -7.0750
v -4.2667 0.7333 -7.0750
v -4.2667 1.4667 -7.0750
v -4.2667 2.2000 -7.0750
v -3.7333 0.0000 -7.0750
v -3.7333 0.7333 -7.0750
v -3.7333 1.4667 -7.0750
v -3.7333 2.2000 -7.0750
v -3.2000 0.0000 -7.0750
v -3.2000 0.7333 -7.0750
v -3.2000 1.4667 -7.0750
v -3.2000 2.2000 -7.0750
v -3.2000 0.0000 -7.2250
v -3.2000 0.7333 -7.2250
v -3.2000 1.4667 -7.2250
v -3.2000 2.2000 -7.2250
v -3.7333 0.0000 -7.2250
v -3.7333 0.7333 -7.2250
v -3.7333 1.4667 -7.2250
v -3.7333 2.2000 -7.2250
v -4.2667 0.0000 -7.2250
v -4.2667 0.7333 -7.2250
v -4.2667 1.4667 -7.2250
v -4.2667 2.2000 -7.2250
v -4.8000 0.0000 -7.2250
v -4.8000 0.7333 -7.2250
v -4.8000 1.4667 -7.2250
v -4.8000 2.2000 -7.2250
v -4.8000 0.0000 -7.2250
v -4.8000 0.7333 -7.2250
v -4.8000 1.4667 -7.2250
v -4.8000 2.2000 -7.2250
v -4.8000 0.0000 -7.1750
v -4.8000 0.7333 -7.1750
v -4.8000 1.4667 -7.1750
v -4.8000 2.2000 -7.1750
v -4.8000 0.0000 -7.1250
v -4.8000 0.7333 -7.1250
v -4.8000 1.4667 -7.1250
v -4.8000 2.2000 -7.1250
v -4.8000 0.0000 -7.0750
v -4.8000 0.7333 -7.0750
v -4.8000 1.4667 -7.0750
v -4.8000 2.2000 -7.0750
v -3.2000 0.0000 -7.0750
v -3.2000 0.7333 -7.0750
v -3.2000 1.4667 -7.0750
v -3.2000 2.2000 -7.0750
v -3.2000 0.0000 -7.1250
v -3.2000 0.7333 -7.1250
v -3.2000 1.4667 -7.1250
v -3.2000 2.2000 -7.1250
v -3.2000 0.0000 -7.1750
v -3.2000 0.7333 -7.1750
v -3.2000 1.4667 -7.1750
v -3.2000 2.2000 -7.1750
v -3.2000 0.0000 -7.2250
v -3.2000 0.7333 -7.2250
v -3.2000 1.4667 -7.2250
v -3.2000 2.2000 -7.2250
v -4.8000 2.2000 -7.2250
v -4.8000 2.2000 -7.1750
v -4.8000 2.2000 -7.1250
v -4.8000 2.2000 -7.0750
v -4.2667 2.2000 -7.2250
v -4.2667 2.2000 -7.1750
v -4.2667 2.2000 -7.1250
v -4.2667 2.2000 -7.0750
v -3.7333 2.2000 -7.2250
v -3.7333 2.2000 -7.1750
v -3.7333 2.2000 -7.1250
v -3.7333 2.2000 -7.0750
v -3.2000 2.2000 -7.2250
v -3.2000 2.2000 -7.1750
v -3.2000 2.2000 -7.1250
v -3.2000 2.2000 -7.0750
v -4.8000 0.0000 -7.0750
v -4.8000 0.0000 -7.1250
v -4.8000 0.0000 -7.1750
v -4.8000 0.0000 -7.2250
v -4.2667 0.0000 -7.0750
v -4.2667 0.0000 -7.1250
v -4.2667 0.0000 -7.1750
v -4.2667 0.0000 -7.2250
v -3.7333 0.0000 -7.0750
v -3.7333 0.0000 -7.1250
v -3.7333 0.0000 -7.1750
v -3.7333 0.0000 -7.2250
v -3.2000 0.0000 -7.0750
v -3.2000 0.0000 -7.1250
v -3.2000 0.0000 -7.1750
v -3.2000 0.0000 -7.2250
f 7009 7010 7014
f 7009 7014 7013
f 7010 7011 7015
f 7010 7015 7014
f 7011 7012 7016
f 7011 7016 7015
f 7013 7014 7018
f 7013 7018 7017
f 7014 7015 7019
f 7014 7019 7018
f 7015 7016 7020
f 7015 7020 7019
f 7017 7018 7022
f 7017 7022 7021
f 7018 7019 7023
f 7018 7023 7022
f 7019 7020 7024
f 7019 7024 7023
f 7025 7026 7030
f 7025 7030 7029
f 7026 7027 7031
f 7026 7031 7030
f 7027 7028 7032
f 7027 7032 7031
f 7029 7030 7034
f 7029 7034 7033
f 7030 7031 7035
f 7030 7035 7034
f 7031 7032 7036
f 7031 7036 7035
f 7033 7034 7038
f 7033 7038 7037
f 7034 7035 7039
f 7034 7039 7038
f 7035 7036 7040
f 7035 7040 7039
f 7041 7042 7046
f 7041 7046 7045
f 7042 7043 7047
f 7042 7047 7046
f 7043 7044 7048
f 7043 7048 7047
f 7045 7046 7050
f 7045 7050 7049
f 7046 7047 7051
f 7046 7051 7050
f 7047 7048 7052
f 7047 7052 7051
f 7049 7050 7054
f 7049 7054 7053
f 7050 7051 7055
f 7050 7055 7054
f 7051 7052 7056
f 7051 7056 7055
f 7057 7058 7062
f 7057 7062 7061
f 7058 7059 7063
f 7058 7063 7062
f 7059 7060 7064
f 7059 7064 7063
f 7061 7062 7066
f 7061 7066 7065
f 7062 7063 7067
f 7062 7067 7066
f 7063 7064 7068
f 7063 7068 7067
f 7065 7066 7070
f 7065 7070 7069
f 7066 7067 7071
f 7066 7071 7070
f 7067 7068 7072
f 7067 7072 7071
f 7073 7074 7078
f 7073 7078 7077
f 7074 7075 7079
f 7074 7079 7078
f 7075 7076 7080
f 7075 7080 7079
f 7077 7078 7082
f 7077 7082 7081
f 7078 7079 7083
f 7078 7083 7082
f 7079 7080 7084
f 7079 7084 7083
f 7081 7082 7086
f 7081 7086 7085
f 7082 7083 7087
f 7082 7087 7086
f 7083 7084 7088
f 7083 7088 7087
f 7089 7090 7094
f 7089 7094 7093
f 7090 7091 7095
f 7090 7095 7094
f 7091 7092 7096
f 7091 7096 7095
f 7093 7094 7098
f 7093 7098 7097
f 7094 7095 7099
f 7094 7099 7098
f 7095 7096 7100
f 7095 7100 7099
f 7097 7098 7102
f 7097 7102 7101
f 7098 7099 7103
f 7098 7103 7102
f 7099 7100 7104
f 7099 7104 7103
g 배식대_0
v -3.0000 0.0000 5.9000
v -3.0000 0.1800 5.9000
v -3.0000 0.3600 5.9000
v -3.0000 0.5400 5.9000
v -3.0000 0.7200 5.9000
v -3.0000 0.9000 5.9000
v -1.8000 0.0000 5.9000
v -1.8000 0.1800 5.9000
v -1.8000 0.3600 5.9000
v -1.8000 0.5400 5.9000
v -1.8000 0.7200 5.9000
v -1.8000 0.9000 5.9000
v -0.6000 0.0000 5.9000
v -0.6000 0.1800 5.9000
v -0.6000 0.3600 5.9000
v -0.6000 0.5400 5.9000
v -0.6000 0.7200 5.9000
v -0.6000 0.9000 5.9000
v 0.6000 0.0000 5.9000
v 0.6000 0.1800 5.9000
v 0.6000 0.3600 5.9000
v 0.6000 0.5400 5.9000
v 0.6000 0.7200 5.9000
v 0.6000 0.9000 5.9000
v 1.8000 0.0000 5.9000
v 1.8000 0.1800 5.9000
v 1.8000 0.3600 5.9000
v 1.8000 0.5400 5.9000
v 1.8000 0.7200 5.9000
v 1.8000 0.9000 5.9000
v 3.0000 0.0000 5.9000
v 3.0000 0.1800 5.9000
v 3.0000 0.3600 5.9000
v 3.0000 0.5400 5.9000
v 3.0000 0.7200 5.9000
v 3.0000 0.9000 5.9000
v 3.0000 0.0000 5.1000
v 3.0000 0.1800 5.1000
v 3.0000 0.3600 5.1000
v 3.0000 0.5400 5.1000
v 3.0000 0.7200 5.1000
v 3.0000 0.9000 5.1000
v 1.8000 0.0000 5.1000
v 1.8000 0.1800 5.1000
v 1.8000 0.3600 5.1000
v 1.8000 0.5400 5.1000
v 1.8000 0.7200 5.1000
v 1.8000 0.9000 5.1000
v 0.6000 0.0000 5.1000
v 0.6000 0.1800 5.1000
v 0.6000 0.3600 5.1000
v 0.6000 0.5400 5.1000
v 0.6000 0.7200 5.1000
v 0.6000 0.9000 5.1000
v -0.6000 0.0000 5.1000
v -0.6000 0.1800 5.1000
v -0.6000 0.3600 5.1000
v -0.6000 0.5400 5.1000
v -0.6000 0.7200 5.1000
v -0.6000 0.9000 5.1000
v -1.8000 0.0000 5.1000
v -1.8000 0.1800 5.1000
v -1.8000 0.3600 5.1000
v -1.8000 0.5400 5.1000
v -1.8000 0.7200 5.1000
v -1.8000 0.9000 5.1000
v -3.0000 0.0000 5.1000
v -3.0000 0.1800 5.1000
v -3.0000 0.3600 5.1000
v -3.0000 0.5400 5.1000
v -3.0000 0.7200 5.1000
v -3.0000 0.9000 5.1000
v -3.0000 0.0000 5.1000
v -3.0000 0.1800 5.1000
v -3.0000 0.3600 5.1000
v -3.0000 0.5400 5.1000
v -3.0000 0.7200 5.1000
v -3.0000 0.9000 5.1000
v -3.0000 0.0000 5.2600
v -3.0000 0.1800 5.2600
v -3.0000 0.3600 5.2600
v -3.0000 0.5400 5.2600
v -3.0000 0.7200 5.2600
v -3.0000 0.9000 5.2600
v -3.0000 0.0000 5.4200
v -3.0000 0.1800 5.4200
v -3.0000 0.3600 5.4200
v -3.0000 0.5400 5.4200
v -3.0000 0.7200 5.4200
v -3.0000 0.9000 5.4200
v -3.0000 0.0000 5.5800
v -3.0000 0.1800 5.5800
v -3.0000 0.3600 5.5800
v -3.0000 0.5400 5.5800
v -3.0000 0.7200 5.5800
v -3.0000 0.9000 5.5800
v -3.0000 0.0000 5.7400
v -3.0000 0.1800 5.7400
v -3.0000 0.3600 5.7400
v -3.0000 0.5400 5.7400
v -3.0000 0.7200 5.7400
v -3.0000 0.9000 5.7400
v -3.0000 0.0000 5.9000
v -3.0000 0.1800 5.9000
v -3.0000 0.3600 5.9000
v -3.0000 0.5400 5.9000
v -3.0000 0.7200 5.9000
v -3.0000 0.9000 5.9000
v 3.0000 0.0000 5.9000
v 3.0000 0.1800 5.9000
v 3.0000 0.3600 5.9000
v 3.0000 0.5400 5.9000
v 3.0000 0.7200 5.9000
v 3.0000 0.9000 5.9000
v 3.0000 0.0000 5.7400
v 3.0000 0.1800 5.7400
v 3.0000 0.3600 5.7400
v 3.0000 0.5400 5.7400
v 3.0000 0.7200 5.7400
v 3.0000 0.9000 5.7400
v 3.0000 0.0000 5.5800
v 3.0000 0.1800 5.5800
v 3.0000 0.3600 5.5800
v 3.0000 0.5400 5.5800
v 3.0000 0.7200 5.5800
v 3.0000 0.9000 5.5800
v 3.0000 0.0000 5.4200
v 3.0000 0.1800 5.4200
v 3.0000 0.3600 5.4200
v 3.0000 0.5400 5.4200
v 3.0000 0.7200 5.4200
v 3.0000 0.9000 5.4200
v 3.0000 0.0000 5.2600
v 3.0000 0.1800 5.2600
v 3.0000 0.3600 5.2600
v 3.0000 0.5400 5.2600
v 3.0000 0.7200 5.2600
v 3.0000 0.9000 5.2600
v 3.0000 0.0000 5.1000
v 3.0000 0.1800 5.1000
v 3.0000 0.3600 5.1000
v 3.0000 0.5400 5.1000
v 3.0000 0.7200 5.1000
v 3.0000 0.9000 5.1000
v -3.0000 0.9000 5.1000
v -3.0000 0.9000 5.2600
v -3.0000 0.9000 5.4200
v -3.0000 0.9000 5.5800
v -3.0000 0.9000 5.7400
v -3.0000 0.9000 5.9000
v -1.8000 0.9000 5.1000
v -1.8000 0.9000 5.2600
v -1.8000 0.9000 5.4200
v -1.8000 0.9000 5.5800
v -1.8000 0.9000 5.7400
v -1.8000 0.9000 5.9000
v -0.6000 0.9000 5.1000
v -0.6000 0.9000 5.2600
v -0.6000 0.9000 5.4200
v -0.6000 0.9000 5.5800
v -0.6000 0.9000 5.7400
v -0.6000 0.9000 5.9000
v 0.6000 0.9000 5.1000
v 0.6000 0.9000 5.2600
v 0.6000 0.9000 5.4200
v 0.6000 0.9000 5.5800
v 0.6000 0.9000 5.7400
v 0.6000 0.9000 5.9000
v 1.8000 0.9000 5.1000
v 1.8000 0.9000 5.2600
v 1.8000 0.9000 5.4200
v 1.8000 0.9000 5.5800
v 1.8000 0.9000 5.7400
v 1.8000 0.9000 5.9000
v 3.0000 0.9000 5.1000
v 3.0000 0.9000 5.2600
v 3.0000 0.9000 5.4200
v 3.0000 0.9000 5.5800
v 3.0000 0.9000 5.7400
v 3.0000 0.9000 5.9000
v -3.0000 0.0000 5.9000
v -3.0000 0.0000 5.7400
v -3.0000 0.0000 5.5800
v -3.0000 0.0000 5.4200
v -3.0000 0.0000 5.2600
v -3.0000 0.0000 5.1000
v -1.8000 0.0000 5.9000
v -1.8000 0.0000 5.7400
v -1.8000 0.0000 5.5800
v -1.8000 0.0000 5.4200
v -1.8000 0.0000 5.2600
v -1.8000 0.0000 5.1000
v -0.6000 0.0000 5.9000
v -0.6000 0.0000 5.7400
v -0.6000 0.0000 5.5800
v -0.6000 0.0000 5.4200
v -0.6000 0.0000 5.2600
v -0.6000 0.0000 5.1000
v 0.6000 0.0000 5.9000
v 0.6000 0.0000 5.7400
v 0.6000 0.0000 5.5800
v 0.6000 0.0000 5.4200
v 0.6000 0.0000 5.2600
v 0.6000 0.0000 5.1000
v 1.8000 0.0000 5.9000
v 1.8000 0.0000 5.7400
v 1.8000 0.0000 5.5800
v 1.8000 0.0000 5.4200
v 1.8000 0.0000 5.2600
v 1.8000 0.0000 5.1000
v 3.0000 0.0000 5.9000
v 3.0000 0.0000 5.7400
v 3.0000 0.0000 5.5800
v 3.0000 0.0000 5.4200
v 3.0000 0.0000 5.2600
v 3.0000 0.0000 5.1000
f 7105 7106 7112
f 7105 7112 7111
f 7106 7107 7113
f 7106 7113 7112
f 7107 7108 7114
f 7107 7114 7113
f 7108 7109 7115
f 7108 7115 7114
f 7109 7110 7116
f 7109 7116 7115
f 7111 7112 7118
f 7111 7118 7117
f 7112 7113 7119
f 7112 7119 7118
f 7113 7114 7120
f 7113 7120 7119
f 7114 7115 7121
f 7114 7121 7120
f 7115 7116 7122
f 7115 7122 7121
f 7117 7118 7124
f 7117 7124 7123
f 7118 7119 7125
f 7118 7125 7124
f 7119 7120 7126
f 7119 7126 7125
f 7120 7121 7127
f 7120 7127 7126
f 7121 7122 7128
f 7121 7128 7127
f 7123 7124 7130
f 7123 7130 7129
f 7124 7125 7131
f 7124 7131 7130
f 7125 7126 7132
f 7125 7132 7131
f 7126 7127 7133
f 7126 7133 7132
f 7127 7128 7134
f 7127 7134 7133
f 7129 7130 7136
f 7129 7136 7135
f 7130 7131 7137
f 7130 7137 7136
f 7131 7132 7138
f 7131 7138 7137
f 7132 7133 7139
f 7132 7139 7138
f 7133 7134 7140
f 7133 7140 7139
f 7141 7142 7148
f 7141 7148 7147
f 7142 7143 7149
f 7142 7149 7148
f 7143 7144 7150
f 7143 7150 7149
f 7144 7145 7151
f 7144 7151 7150
f 7145 7146 7152
f 7145 7152 7151
f 7147 7148 7154
f 7147 7154 7153
f 7148 7149 7155
f 7148 7155 7154
f 7149 7150 7156
f 7149 7156 7155
f 7150 7151 7157
f 7150 7157 7156
f 7151 7152 7158
f 7151 7158 7157
f 7153 7154 7160
f 7153 7160 7159
f 7154 7155 7161
f 7154 7161 7160
f 7155 7156 7162
f 7155 7162 7161
f 7156 7157 7163
f 7156 7163 7162
f 7157 7158 7164
f 7157 7164 7163
f 7159 7160 7166
f 7159 7166 7165
f 7160 7161 7167
f 7160 7167 7166
f 7161 7162 7168
f 7161 7168 7167
f 7162 7163 7169
f 7162 7169 7168
f 7163 7164 7170
f 7163 7170 7169
f 7165 7166 7172
f 7165 7172 7171
f 7166 7167 7173
f 7166 7173 7172
f 7167 7168 7174
f 7167 7174 7173
f 7168 7169 7175
f 7168 7175 7174
f 7169 7170 7176
f 7169 7176 7175
f 7177 7178 7184
f 7177 7184 7183
f 7178 7179 7185
f 7178 7185 7184
f 7179 7180 7186
f 7179 7186 7185
f 7180 7181 7187
f 7180 7187 7186
f 7181 7182 7188
f 7181 7188 7187
f 7183 7184 7190
f 7183 7190 7189
f 7184 7185 7191
f 7184 7191 7190
f 7185 7186 7192
f 7185 7192 7191
f 7186 7187 7193
f 7186 7193 7192
f 7187 7188 7194
f 7187 7194 7193
f 7189 7190 7196
f 7189 7196 7195
f 7190 7191 7197
f 7190 7197 7196
f 7191 7192 7198
f 7191 7198 7197
f 7192 7193 7199
f 7192 7199 7198
f 7193 7194 7200
f 7193 7200 7199
f 7195 7196 7202
f 7195 7202 7201
f 7196 7197 7203
f 7196 7203 7202
f 7197 7198 7204
f 7197 7204 7203
f 7198 7199 7205
f 7198 7205 7204
f 7199 7200 7206
f 7199 7206 7205
f 7201 7202 7208
f 7201 7208 7207
f 7202 7203 7209
f 7202 7209 7208
f 7203 7204 7210
f 7203 7210 7209
f 7204 7205 7211
f 7204 7211 7210
f 7205 7206 7212
f 7205 7212 7211
f 7213 7214 7220
f 7213 7220 7219
f 7214 7215 7221
f 7214 7221 7220
f 7215 7216 7222
f 7215 7222 7221
f 7216 7217 7223
f 7216 7223 7222
f 7217 7218 7224
f 7217 7224 7223
f 7219 7220 7226
f 7219 7226 7225
f 7220 7221 7227
f 7220 7227 7226
f 7221 7222 7228
f 7221 7228 7227
f 7222 7223 7229
f 7222 7229 7228
f 7223 7224 7230
f 7223 7230 7229
f 7225 7226 7232
f 7225 7232 7231
f 7226 7227 7233
f 7226 7233 7232
f 7227 7228 7234
f 7227 7234 7233
f 7228 7229 7235
f 7228 7235 7234
f 7229 7230 7236
f 7229 7236 7235
f 7231 7232 7238
f 7231 7238 7237
f 7232 7233 7239
f 7232 7239 7238
f 7233 7234 7240
f 7233 7240 7239
f 7234 7235 7241
f 7234 7241 7240
f 7235 7236 7242
f 7235 7242 7241
f 7237 7238 7244
f 7237 7244 7243
f 7238 7239 7245
f 7238 7245 7244
f 7239 7240 7246
f 7239 7246 7245
f 7240 7241 7247
f 7240 7247 7246
f 7241 7242 7248
f 7241 7248 7247
f 7249 7250 7256
f 7249 7256 7255
f 7250 7251 7257
f 7250 7257 7256
f 7251 7252 7258
f 7251 7258 7257
f 7252 7253 7259
f 7252 7259 7258
f 7253 7254 7260
f 7253 7260 7259
f 7255 7256 7262
f 7255 7262 7261
f 7256 7257 7263
f 7256 7263 7262
f 7257 7258 7264
f 7257 7264 7263
f 7258 7259 7265
f 7258 7265 7264
f 7259 7260 7266
f 7259 7266 7265
f 7261 7262 7268
f 7261 7268 7267
f 7262 7263 7269
f 7262 7269 7268
f 7263 7264 7270
f 7263 7270 7269
f 7264 7265 7271
f 7264 7271 7270
f 7265 7266 7272
f 7265 7272 7271
f 7267 7268 7274
f 7267 7274 7273
f 7268 7269 7275
f 7268 7275 7274
f 7269 7270 7276
f 7269 7276 7275
f 7270 7271 7277
f 7270 7277 7276
f 7271 7272 7278
f 7271 7278 7277
f 7273 7274 7280
f 7273 7280 7279
f 7274 7275 7281
f 7274 7281 7280
f 7275 7276 7282
f 7275 7282 7281
f 7276 7277 7283
f 7276 7283 7282
f 7277 7278 7284
f 7277 7284 7283
f 7285 7286 7292
f 7285 7292 7291
f 7286 7287 7293
f 7286 7293 7292
f 7287 7288 7294
f 7287 7294 7293
f 7288 7289 7295
f 7288 7295 7294
f 7289 7290 7296
f 7289 7296 7295
f 7291 7292 7298
f 7291 7298 7297
f 7292 7293 7299
f 7292 7299 7298
f 7293 7294 7300
f 7293 7300 7299
f 7294 7295 7301
f 7294 7301 7300
f 7295 7296 7302
f 7295 7302 7301
f 7297 7298 7304
f 7297 7304 7303
f 7298 7299 7305
f 7298 7305 7304
f 7299 7300 7306
f 7299 7306 7305
f 7300 7301 7307
f 7300 7307 7306
f 7301 7302 7308
f 7301 7308 7307
f 7303 7304 7310
f 7303 7310 7309
f 7304 7305 7311
f 7304 7311 7310
f 7305 7306 7312
f 7305 7312 7311
f 7306 7307 7313
f 7306 7313 7312
f 7307 7308 7314
f 7307 7314 7313
f 7309 7310 7316
f 7309 7316 7315
f 7310 7311 7317
f 7310 7317 7316
f 7311 7312 7318
f 7311 7318 7317
f 7312 7313 7319
f 7312 7319 7318
f 7313 7314 7320
f 7313 7320 7319
g 배식 레일_0
v -3.0000 0.9200 5.0500
v -3.0000 0.9400 5.0500
v -3.0000 0.9600 5.0500
v -3.0000 0.9800 5.0500
v -1.0000 0.9200 5.0500
v -1.0000 0.9400 5.0500
v -1.0000 0.9600 5.0500
v -1.0000 0.9800 5.0500
v 1.0000 0.9200 5.0500
v 1.0000 0.9400 5.0500
v 1.0000 0.9600 5.0500
v 1.0000 0.9800 5.0500
v 3.0000 0.9200 5.0500
v 3.0000 0.9400 5.0500
v 3.0000 0.9600 5.0500
v 3.0000 0.9800 5.0500
v 3.0000 0.9200 4.7500
v 3.0000 0.9400 4.7500
v 3.0000 0.9600 4.7500
v 3.0000 0.9800 4.7500
v 1.0000 0.9200 4.7500
v 1.0000 0.9400 4.7500
v 1.0000 0.9600 4.7500
v 1.0000 0.9800 4.7500
v -1.0000 0.9200 4.7500
v -1.0000 0.9400 4.7500
v -1.0000 0.9600 4.7500
v -1.0000 0.9800 4.7500
v -3.0000 0.9200 4.7500
v -3.0000 0.9400 4.7500
v -3.0000 0.9600 4.7500
v -3.0000 0.9800 4.7500
v -3.0000 0.9200 4.7500
v -3.0000 0.9400 4.7500
v -3.0000 0.9600 4.7500
v -3.0000 0.9800 4.7500
v -3.0000 0.9200 4.8500
v -3.0000 0.9400 4.8500
v -3.0000 0.9600 4.8500
v -3.0000 0.9800 4.8500
v -3.0000 0.9200 4.9500
v -3.0000 0.9400 4.9500
v -3.0000 0.9600 4.9500
v -3.0000 0.9800 4.9500
v -3.0000 0.9200 5.0500
v -3.0000 0.9400 5.0500
v -3.0000 0.9600 5.0500
v -3.0000 0.9800 5.0500
v 3.0000 0.9200 5.0500
v 3.0000 0.9400 5.0500
v 3.0000 0.9600 5.0500
v 3.0000 0.9800 5.0500
v 3.0000 0.9200 4.9500
v 3.0000 0.9400 4.9500
v 3.0000 0.9600 4.9500
v 3.0000 0.9800 4.9500
v 3.0000 0.9200 4.8500
v 3.0000 0.9400 4.8500
v 3.0000 0.9600 4.8500
v 3.0000 0.9800 4.8500
v 3.0000 0.9200 4.7500
v 3.0000 0.9400 4.7500
v 3.0000 0.9600 4.7500
v 3.0000 0.9800 4.7500
v -3.0000 0.9800 4.7500
v -3.0000 0.9800 4.8500
v -3.0000 0.9800 4.9500
v -3.0000 0.9800 5.0500
v -1.0000 0.9800 4.7500
v -1.0000 0.9800 4.8500
v -1.0000 0.9800 4.9500
v -1.0000 0.9800 5.0500
v 1.0000 0.9800 4.7500
v 1.0000 0.9800 4.8500
v 1.0000 0.9800 4.9500
v 1.0000 0.9800 5.0500
v 3.0000 0.9800 4.7500
v 3.0000 0.9800 4.8500
v 3.0000 0.9800 4.9500
v 3.0000 0.9800 5.0500
v -3.0000 0.9200 5.0500
v -3.0000 0.9200 4.9500
v -3.0000 0.9200 4.8500
v -3.0000 0.9200 4.7500
v -1.0000 0.9200 5.0500
v -1.0000 0.9200 4.9500
v -1.0000 0.9200 4.8500
v -1.0000 0.9200 4.7500
v 1.0000 0.9200 5.0500
v 1.0000 0.9200 4.9500
v 1.0000 0.9200 4.8500
v 1.0000 0.9200 4.7500
v 3.0000 0.9200 5.0500
v 3.0000 0.9200 4.9500
v 3.0000 0.9200 4.8500
v 3.0000 0.9200 4.7500
f 7321 7322 7326
f 7321 7326 7325
f 7322 7323 7327
f 7322 7327 7326
f 7323 7324 7328
f 7323 7328 7327
f 7325 7326 7330
f 7325 7330 7329
f 7326 7327 7331
f 7326 7331 7330
f 7327 7328 7332
f 7327 7332 7331
f 7329 7330 7334
f 7329 7334 7333
f 7330 7331 7335
f 7330 7335 7334
f 7331 7332 7336
f 7331 7336 7335
f 7337 7338 7342
f 7337 7342 7341
f 7338 7339 7343
f 7338 7343 7342
f 7339 7340 7344
f 7339 7344 7343
f 7341 7342 7346
f 7341 7346 7345
f 7342 7343 7347
f 7342 7347 7346
f 7343 7344 7348
f 7343 7348 7347
f 7345 7346 7350
f 7345 7350 7349
f 7346 7347 7351
f 7346 7351 7350
f 7347 7348 7352
f 7347 7352 7351
f 7353 7354 7358
f 7353 7358 7357
f 7354 7355 7359
f 7354 7359 7358
f 7355 7356 7360
f 7355 7360 7359
f 7357 7358 7362
f 7357 7362 7361
f 7358 7359 7363
f 7358 7363 7362
f 7359 7360 7364
f 7359 7364 7363
f 7361 7362 7366
f 7361 7366 7365
f 7362 7363 7367
f 7362 7367 7366
f 7363 7364 7368
f 7363 7368 7367
f 7369 7370 7374
f 7369 7374 7373
f 7370 7371 7375
f 7370 7375 7374
f 7371 7372 7376
f 7371 7376 7375
f 7373 7374 7378
f 7373 7378 7377
f 7374 7375 7379
f 7374 7379 7378
f 7375 7376 7380
f 7375 7380 7379
f 7377 7378 7382
f 7377 7382 7381
f 7378 7379 7383
f 7378 7383 7382
f 7379 7380 7384
f 7379 7384 7383
f 7385 7386 7390
f 7385 7390 7389
f 7386 7387 7391
f 7386 7391 7390
f 7387 7388 7392
f 7387 7392 7391
f 7389 7390 7394
f 7389 7394 7393
f 7390 7391 7395
f 7390 7395 7394
f 7391 7392 7396
f 7391 7396 7395
f 7393 7394 7398
f 7393 7398 7397
f 7394 7395 7399
f 7394 7399 7398
f 7395 7396 7400
f 7395 7400 7399
f 7401 7402 7406
f 7401 7406 7405
f 7402 7403 7407
f 7402 7407 7406
f 7403 7404 7408
f 7403 7408 7407
f 7405 7406 7410
f 7405 7410 7409
f 7406 7407 7411
f 7406 7411 7410
f 7407 7408 7412
f 7407 7412 7411
f 7409 7410 7414
f 7409 7414 7413
f 7410 7411 7415
f 7410 7415 7414
f 7411 7412 7416
f 7411 7416 7415
g 식탁_0
v -7.3000 0.7100 -3.5500
v -7.3000 0.7367 -3.5500
v -7.3000 0.7633 -3.5500
v -7.3000 0.7900 -3.5500
v -6.2333 0.7100 -3.5500
v -6.2333 0.7367 -3.5500
v -6.2333 0.7633 -3.5500
v -6.2333 0.7900 -3.5500
v -5.1667 0.7100 -3.5500
v -5.1667 0.7367 -3.5500
v -5.1667 0.7633 -3.5500
v -5.1667 0.7900 -3.5500
v -4.1000 0.7100 -3.5500
v -4.1000 0.7367 -3.5500
v -4.1000 0.7633 -3.5500
v -4.1000 0.7900 -3.5500
v -4.1000 0.7100 -4.4500
v -4.1000 0.7367 -4.4500
v -4.1000 0.7633 -4.4500
v -4.1000 0.7900 -4.4500
v -5.1667 0.7100 -4.4500
v -5.1667 0.7367 -4.4500
v -5.1667 0.7633 -4.4500
v -5.1667 0.7900 -4.4500
v -6.2333 0.7100 -4.4500
v -6.2333 0.7367 -4.4500
v -6.2333 0.7633 -4.4500
v -6.2333 0.7900 -4.4500
v -7.3000 0.7100 -4.4500
v -7.3000 0.7367 -4.4500
v -7.3000 0.7633 -4.4500
v -7.3000 0.7900 -4.4500
v -7.3000 0.7100 -4.4500
v -7.3000 0.7367 -4.4500
v -7.3000 0.7633 -4.4500
v -7.3000 0.7900 -4.4500
v -7.3000 0.7100 -4.1500
v -7.3000 0.7367 -4.1500
v -7.3000 0.7633 -4.1500
v -7.3000 0.7900 -4.1500
v -7.3000 0.7100 -3.8500
v -7.3000 0.7367 -3.8500
v -7.3000 0.7633 -3.8500
v -7.3000 0.7900 -3.8500
v -7.3000 0.7100 -3.5500
v -7.3000 0.7367 -3.5500
v -7.3000 0.7633 -3.5500
v -7.3000 0.7900 -3.5500
v -4.1000 0.7100 -3.5500
v -4.1000 0.7367 -3.5500
v -4.1000 0.7633 -3.5500
v -4.1000 0.7900 -3.5500
v -4.1000 0.7100 -3.8500
v -4.1000 0.7367 -3.8500
v -4.1000 0.7633 -3.8500
v -4.1000 0.7900 -3.8500
v -4.1000 0.7100 -4.1500
v -4.1000 0.7367 -4.1500
v -4.1000 0.7633 -4.1500
v -4.1000 0.7900 -4.1500
v -4.1000 0.7100 -4.4500
v -4.1000 0.7367 -4.4500
v -4.1000 0.7633 -4.4500
v -4.1000 0.7900 -4.4500
v -7.3000 0.7900 -4.4500
v -7.3000 0.7900 -4.1500
v -7.3000 0.7900 -3.8500
v -7.3000 0.7900 -3.5500
v -6.2333 0.7900 -4.4500
v -6.2333 0.7900 -4.1500
v -6.2333 0.7900 -3.8500
v -6.2333 0.7900 -3.5500
v -5.1667 0.7900 -4.4500
v -5.1667 0.7900 -4.1500
v -5.1667 0.7900 -3.8500
v -5.1667 0.7900 -3.5500
v -4.1000 0.7900 -4.4500
v -4.1000 0.7900 -4.1500
v -4.1000 0.7900 -3.8500
v -4.1000 0.7900 -3.5500
v -7.3000 0.7100 -3.5500
v -7.3000 0.7100 -3.8500
v -7.3000 0.7100 -4.1500
v -7.3000 0.7100 -4.4500
v -6.2333 0.7100 -3.5500
v -6.2333 0.7100 -3.8500
v -6.2333 0.7100 -4.1500
v -6.2333 0.7100 -4.4500
v -5.1667 0.7100 -3.5500
v -5.1667 0.7100 -3.8500
v -5.1667 0.7100 -4.1500
v -5.1667 0.7100 -4.4500
v -4.1000 0.7100 -3.5500
v -4.1000 0.7100 -3.8500
v -4.1000 0.7100 -4.1500
v -4.1000 0.7100 -4.4500
f 7417 7418 7422
f 7417 7422 7421
f 7418 7419 7423
f 7418 7423 7422
f 7419 7420 7424
f 7419 7424 7423
f 7421 7422 7426
f 7421 7426 7425
f 7422 7423 7427
f 7422 7427 7426
f 7423 7424 7428
f 7423 7428 7427
f 7425 7426 7430
f 7425 7430 7429
f 7426 7427 7431
f 7426 7431 7430
f 7427 7428 7432
f 7427 7432 7431
f 7433 7434 7438
f 7433 7438 7437
f 7434 7435 7439
f 7434 7439 7438
f 7435 7436 7440
f 7435 7440 7439
f 7437 7438 7442
f 7437 7442 7441
f 7438 7439 7443
f 7438 7443 7442
f 7439 7440 7444
f 7439 7444 7443
f 7441 7442 7446
f 7441 7446 7445
f 7442 7443 7447
f 7442 7447 7446
f 7443 7444 7448
f 7443 7448 7447
f 7449 7450 7454
f 7449 7454 7453
f 7450 7451 7455
f 7450 7455 7454
f 7451 7452 7456
f 7451 7456 7455
f 7453 7454 7458
f 7453 7458 7457
f 7454 7455 7459
f 7454 7459 7458
f 7455 7456 7460
f 7455 7460 7459
f 7457 7458 7462
f 7457 7462 7461
f 7458 7459 7463
f 7458 7463 7462
f 7459 7460 7464
f 7459 7464 7463
f 7465 7466 7470
f 7465 7470 7469
f 7466 7467 7471
f 7466 7471 7470
f 7467 7468 7472
f 7467 7472 7471
f 7469 7470 7474
f 7469 7474 7473
f 7470 7471 7475
f 7470 7475 7474
f 7471 7472 7476
f 7471 7476 7475
f 7473 7474 7478
f 7473 7478 7477
f 7474 7475 7479
f 7474 7479 7478
f 7475 7476 7480
f 7475 7480 7479
f 7481 7482 7486
f 7481 7486 7485
f 7482 7483 7487
f 7482 7487 7486
f 7483 7484 7488
f 7483 7488 7487
f 7485 7486 7490
f 7485 7490 7489
f 7486 7487 7491
f 7486 7491 7490
f 7487 7488 7492
f 7487 7492 7491
f 7489 7490 7494
f 7489 7494 7493
f 7490 7491 7495
f 7490 7495 7494
f 7491 7492 7496
f 7491 7496 7495
f 7497 7498 7502
f 7497 7502 7501
f 7498 7499 7503
f 7498 7503 7502
f 7499 7500 7504
f 7499 7504 7503
f 7501 7502 7506
f 7501 7506 7505
f 7502 7503 7507
f 7502 7507 7506
f 7503 7504 7508
f 7503 7508 7507
f 7505 7506 7510
f 7505 7510 7509
f 7506 7507 7511
f 7506 7511 7510
f 7507 7508 7512
f 7507 7512 7511
g 식탁_1
v -7.3000 0.7100 0.2500
v -7.3000 0.7367 0.2500
v -7.3000 0.7633 0.2500
v -7.3000 0.7900 0.2500
v -6.2333 0.7100 0.2500
v -6.2333 0.7367 0.2500
v -6.2333 0.7633 0.2500
v -6.2333 0.7900 0.2500
v -5.1667 0.7100 0.2500
v -5.1667 0.7367 0.2500
v -5.1667 0.7633 0.2500
v -5.1667 0.7900 0.2500
v -4.1000 0.7100 0.2500
v -4.1000 0.7367 0.2500
v -4.1000 0.7633 0.2500
v -4.1000 0.7900 0.2500
v -4.1000 0.7100 -0.6500
v -4.1000 0.7367 -0.6500
v -4.1000 0.7633 -0.6500
v -4.1000 0.7900 -0.6500
v -5.1667 0.7100 -0.6500
v -5.1667 0.7367 -0.6500
v -5.1667 0.7633 -0.6500
v -5.1667 0.7900 -0.6500
v -6.2333 0.7100 -0.6500
v -6.2333 0.7367 -0.6500
v -6.2333 0.7633 -0.6500
v -6.2333 0.7900 -0.6500
v -7.3000 0.7100 -0.6500
v -7.3000 0.7367 -0.6500
v -7.3000 0.7633 -0.6500
v -7.3000 0.7900 -0.6500
v -7.3000 0.7100 -0.6500
v -7.3000 0.7367 -0.6500
v -7.3000 0.7633 -0.6500
v -7.3000 0.7900 -0.6500
v -7.3000 0.7100 -0.3500
v -7.3000 0.7367 -0.3500
v -7.3000 0.7633 -0.3500
v -7.3000 0.7900 -0.3500
v -7.3000 0.7100 -0.0500
v -7.3000 0.7367 -0.0500
v -7.3000 0.7633 -0.0500
v -7.3000 0.7900 -0.0500
v -7.3000 0.7100 0.2500
v -7.3000 0.7367 0.2500
v -7.3000 0.7633 0.2500
v -7.3000 0.7900 0.2500
v -4.1000 0.7100 0.2500
v -4.1000 0.7367 0.2500
v -4.1000 0.7633 0.2500
v -4.1000 0.7900 0.2500
v -4.1000 0.7100 -0.0500
v -4.1000 0.7367 -0.0500
v -4.1000 0.7633 -0.0500
v -4.1000 0.7900 -0.0500
v -4.1000 0.7100 -0.3500
v -4.1000 0.7367 -0.3500
v -4.1000 0.7633 -0.3500
v -4.1000 0.7900 -0.3500
v -4.1000 0.7100 -0.6500
v -4.1000 0.7367 -0.6500
v -4.1000 0.7633 -0.6500
v -4.1000 0.7900 -0.6500
v -7.3000 0.7900 -0.6500
v -7.3000 0.7900 -0.3500
v -7.3000 0.7900 -0.0500
v -7.3000 0.7900 0.2500
v -6.2333 0.7900 -0.6500
v -6.2333 0.7900 -0.3500
v -6.2333 0.7900 -0.0500
v -6.2333 0.7900 0.2500
v -5.1667 0.7900 -0.6500
v -5.1667 0.7900 -0.3500
v -5.1667 0.7900 -0.0500
v -5.1667 0.7900 0.2500
v -4.1000 0.7900 -0.6500
v -4.1000 0.7900 -0.3500
v -4.1000 0.7900 -0.0500
v -4.1000 0.7900 0.2500
v -7.3000 0.7100 0.2500
v -7.3000 0.7100 -0.0500
v -7.3000 0.7100 -0.3500
v -7.3000 0.7100 -0.6500
v -6.2333 0.7100 0.2500
v -6.2333 0.7100 -0.0500
v -6.2333 0.7100 -0.3500
v -6.2333 0.7100 -0.6500
v -5.1667 0.7100 0.2500
v -5.1667 0.7100 -0.0500
v -5.1667 0.7100 -0.3500
v -5.1667 0.7100 -0.6500
v -4.1000 0.7100 0.2500
v -4.1000 0.7100 -0.0500
v -4.1000 0.7100 -0.3500
v -4.1000 0.7100 -0.6500
f 7513 7514 7518
f 7513 7518 7517
f 7514 7515 7519
f 7514 7519 7518
f 7515 7516 7520
f 7515 7520 7519
f 7517 7518 7522
f 7517 7522 7521
f 7518 7519 7523
f 7518 7523 7522
f 7519 7520 7524
f 7519 7524 7523
f 7521 7522 7526
f 7521 7526 7525
f 7522 7523 7527
f 7522 7527 7526
f 7523 7524 7528
f 7523 7528 7527
f 7529 7530 7534
f 7529 7534 7533
f 7530 7531 7535
f 7530 7535 7534
f 7531 7532 7536
f 7531 7536 7535
f 7533 7534 7538
f 7533 7538 7537
f 7534 7535 7539
f 7534 7539 7538
f 7535 7536 7540
f 7535 7540 7539
f 7537 7538 7542
f 7537 7542 7541
f 7538 7539 7543
f 7538 7543 7542
f 7539 7540 7544
f 7539 7544 7543
f 7545 7546 7550
f 7545 7550 7549
f 7546 7547 7551
f 7546 7551 7550
f 7547 7548 7552
f 7547 7552 7551
f 7549 7550 7554
f 7549 7554 7553
f 7550 7551 7555
f 7550 7555 7554
f 7551 7552 7556
f 7551 7556 7555
f 7553 7554 7558
f 7553 7558 7557
f 7554 7555 7559
f 7554 7559 7558
f 7555 7556 7560
f 7555 7560 7559
f 7561 7562 7566
f 7561 7566 7565
f 7562 7563 7567
f 7562 7567 7566
f 7563 7564 7568
f 7563 7568 7567
f 7565 7566 7570
f 7565 7570 7569
f 7566 7567 7571
f 7566 7571 7570
f 7567 7568 7572
f 7567 7572 7571
f 7569 7570 7574
f 7569 7574 7573
f 7570 7571 7575
f 7570 7575 7574
f 7571 7572 7576
f 7571 7576 7575
f 7577 7578 7582
f 7577 7582 7581
f 7578 7579 7583
f 7578 7583 7582
f 7579 7580 7584
f 7579 7584 7583
f 7581 7582 7586
f 7581 7586 7585
f 7582 7583 7587
f 7582 7587 7586
f 7583 7584 7588
f 7583 7588 7587
f 7585 7586 7590
f 7585 7590 7589
f 7586 7587 7591
f 7586 7591 7590
f 7587 7588 7592
f 7587 7592 7591
f 7593 7594 7598
f 7593 7598 7597
f 7594 7595 7599
f 7594 7599 7598
f 7595 7596 7600
f 7595 7600 7599
f 7597 7598 7602
f 7597 7602 7601
f 7598 7599 7603
f 7598 7603 7602
f 7599 7600 7604
f 7599 7604 7603
f 7601 7602 7606
f 7601 7606 7605
f 7602 7603 7607
f 7602 7607 7606
f 7603 7604 7608
f 7603 7608 7607
g 식탁_2
v -7.3000 0.7100 4.0500
v -7.3000 0.7367 4.0500
v -7.3000 0.7633 4.0500
v -7.3000 0.7900 4.0500
v -6.2333 0.7100 4.0500
v -6.2333 0.7367 4.0500
v -6.2333 0.7633 4.0500
v -6.2333 0.7900 4.0500
v -5.1667 0.7100 4.0500
v -5.1667 0.7367 4.0500
v -5.1667 0.7633 4.0500
v -5.1667 0.7900 4.0500
v -4.1000 0.7100 4.0500
v -4.1000 0.7367 4.0500
v -4.1000 0.7633 4.0500
v -4.1000 0.7900 4.0500
v -4.1000 0.7100 3.1500
v -4.1000 0.7367 3.1500
v -4.1000 0.7633 3.1500
v -4.1000 0.7900 3.1500
v -5.1667 0.7100 3.1500
v -5.1667 0.7367 3.1500
v -5.1667 0.7633 3.1500
v -5.1667 0.7900 3.1500
v -6.2333 0.7100 3.1500
v -6.2333 0.7367 3.1500
v -6.2333 0.7633 3.1500
v -6.2333 0.7900 3.1500
v -7.3000 0.7100 3.1500
v -7.3000 0.7367 3.1500
v -7.3000 0.7633 3.1500
v -7.3000 0.7900 3.1500
v -7.3000 0.7100 3.1500
v -7.3000 0.7367 3.1500
v -7.3000 0.7633 3.1500
v -7.3000 0.7900 3.1500
v -7.3000 0.7100 3.4500
v -7.3000 0.7367 3.4500
v -7.3000 0.7633 3.4500
v -7.3000 0.7900 3.4500
v -7.3000 0.7100 3.7500
v -7.3000 0.7367 3.7500
v -7.3000 0.7633 3.7500
v -7.3000 0.7900 3.7500
v -7.3000 0.7100 4.0500
v -7.3000 0.7367 4.0500
v -7.3000 0.7633 4.0500
v -7.3000 0.7900 4.0500
v -4.1000 0.7100 4.0500
v -4.1000 0.7367 4.0500
v -4.1000 0.7633 4.0500
v -4.1000 0.7900 4.0500
v -4.1000 0.7100 3.7500
v -4.1000 0.7367 3.7500
v -4.1000 0.7633 3.7500
v -4.1000 0.7900 3.7500
v -4.1000 0.7100 3.4500
v -4.1000 0.7367 3.4500
v -4.1000 0.7633 3.4500
v -4.1000 0.7900 3.4500
v -4.1000 0.7100 3.1500
v -4.1000 0.7367 3.1500
v -4.1000 0.7633 3.1500
v -4.1000 0.7900 3.1500
v -7.3000 0.7900 3.1500
v -7.3000 0.7900 3.4500
v -7.3000 0.7900 3.7500
v -7.3000 0.7900 4.0500
v -6.2333 0.7900 3.1500
v -6.2333 0.7900 3.4500
v -6.2333 0.7900 3.7500
v -6.2333 0.7900 4.0500
v -5.1667 0.7900 3.1500
v -5.1667 0.7900 3.4500
v -5.1667 0.7900 3.7500
v -5.1667 0.7900 4.0500
v -4.1000 0.7900 3.1500
v -4.1000 0.7900 3.4500
v -4.1000 0.7900 3.7500
v -4.1000 0.7900 4.0500
v -7.3000 0.7100 4.0500
v -7.3000 0.7100 3.7500
v -7.3000 0.7100 3.4500
v -7.3000 0.7100 3.1500
v -6.2333 0.7100 4.0500
v -6.2333 0.7100 3.7500
v -6.2333 0.7100 3.4500
v -6.2333 0.7100 3.1500
v -5.1667 0.7100 4.0500
v -5.1667 0.7100 3.7500
v -5.1667 0.7100 3.4500
v -5.1667 0.7100 3.1500
v -4.1000 0.7100 4.0500
v -4.1000 0.7100 3.7500
v -4.1000 0.7100 3.4500
v -4.1000 0.7100 3.1500
f 7609 7610 7614
f 7609 7614 7613
f 7610 7611 7615
f 7610 7615 7614
f 7611 7612 7616
f 7611 7616 7615
f 7613 7614 7618
f 7613 7618 7617
f 7614 7615 7619
f 7614 7619 7618
f 7615 7616 7620
f 7615 7620 7619
f 7617 7618 7622
f 7617 7622 7621
f 7618 7619 7623
f 7618 7623 7622
f 7619 7620 7624
f 7619 7624 7623
f 7625 7626 7630
f 7625 7630 7629
f 7626 7627 7631
f 7626 7631 7630
f 7627 7628 7632
f 7627 7632 7631
f 7629 7630 7634
f 7629 7634 7633
f 7630 7631 7635
f 7630 7635 7634
f 7631 7632 7636
f 7631 7636 7635
f 7633 7634 7638
f 7633 7638 7637
f 7634 7635 7639
f 7634 7639 7638
f 7635 7636 7640
f 7635 7640 7639
f 7641 7642 7646
f 7641 7646 7645
f 7642 7643 7647
f 7642 7647 7646
f 7643 7644 7648
f 7643 7648 7647
f 7645 7646 7650
f 7645 7650 7649
f 7646 7647 7651
f 7646 7651 7650
f 7647 7648 7652
f 7647 7652 7651
f 7649 7650 7654
f 7649 7654 7653
f 7650 7651 7655
f 7650 7655 7654
f 7651 7652 7656
f 7651 7656 7655
f 7657 7658 7662
f 7657 7662 7661
f 7658 7659 7663
f 7658 7663 7662
f 7659 7660 7664
f 7659 7664 7663
f 7661 7662 7666
f 7661 7666 7665
f 7662 7663 7667
f 7662 7667 7666
f 7663 7664 7668
f 7663 7668 7667
f 7665 7666 7670
f 7665 7670 7669
f 7666 7667 7671
f 7666 7671 7670
f 7667 7668 7672
f 7667 7672 7671
f 7673 7674 7678
f 7673 7678 7677
f 7674 7675 7679
f 7674 7679 7678
f 7675 7676 7680
f 7675 7680 7679
f 7677 7678 7682
f 7677 7682 7681
f 7678 7679 7683
f 7678 7683 7682
f 7679 7680 7684
f 7679 7684 7683
f 7681 7682 7686
f 7681 7686 7685
f 7682 7683 7687
f 7682 7687 7686
f 7683 7684 7688
f 7683 7688 7687
f 7689 7690 7694
f 7689 7694 7693
f 7690 7691 7695
f 7690 7695 7694
f 7691 7692 7696
f 7691 7696 7695
f 7693 7694 7698
f 7693 7698 7697
f 7694 7695 7699
f 7694 7699 7698
f 7695 7696 7700
f 7695 7700 7699
f 7697 7698 7702
f 7697 7702 7701
f 7698 7699 7703
f 7698 7703 7702
f 7699 7700 7704
f 7699 7704 7703
g 식탁_3
v -3.5000 0.7100 -3.5500
v -3.5000 0.7367 -3.5500
v -3.5000 0.7633 -3.5500
v -3.5000 0.7900 -3.5500
v -2.4333 0.7100 -3.5500
v -2.4333 0.7367 -3.5500
v -2.4333 0.7633 -3.5500
v -2.4333 0.7900 -3.5500
v -1.3667 0.7100 -3.5500
v -1.3667 0.7367 -3.5500
v -1.3667 0.7633 -3.5500
v -1.3667 0.7900 -3.5500
v -0.3000 0.7100 -3.5500
v -0.3000 0.7367 -3.5500
v -0.3000 0.7633 -3.5500
v -0.3000 0.7900 -3.5500
v -0.3000 0.7100 -4.4500
v -0.3000 0.7367 -4.4500
v -0.3000 0.7633 -4.4500
v -0.3000 0.7900 -4.4500
v -1.3667 0.7100 -4.4500
v -1.3667 0.7367 -4.4500
v -1.3667 0.7633 -4.4500
v -1.3667 0.7900 -4.4500
v -2.4333 0.7100 -4.4500
v -2.4333 0.7367 -4.4500
v -2.4333 0.7633 -4.4500
v -2.4333 0.7900 -4.4500
v -3.5000 0.7100 -4.4500
v -3.5000 0.7367 -4.4500
v -3.5000 0.7633 -4.4500
v -3.5000 0.7900 -4.4500
v -3.5000 0.7100 -4.4500
v -3.5000 0.7367 -4.4500
v -3.5000 0.7633 -4.4500
v -3.5000 0.7900 -4.4500
v -3.5000 0.7100 -4.1500
v -3.5000 0.7367 -4.1500
v -3.5000 0.7633 -4.1500
v -3.5000 0.7900 -4.1500
v -3.5000 0.7100 -3.8500
v -3.5000 0.7367 -3.8500
v -3.5000 0.7633 -3.8500
v -3.5000 0.7900 -3.8500
v -3.5000 0.7100 -3.5500
v -3.5000 0.7367 -3.5500
v -3.5000 0.7633 -3.5500
v -3.5000 0.7900 -3.5500
v -0.3000 0.7100 -3.5500
v -0.3000 0.7367 -3.5500
v -0.3000 0.7633 -3.5500
v -0.3000 0.7900 -3.5500
v -0.3000 0.7100 -3.8500
v -0.3000 0.7367 -3.8500
v -0.3000 0.7633 -3.8500
v -0.3000 0.7900 -3.8500
v -0.3000 0.7100 -4.1500
v -0.3000 0.7367 -4.1500
v -0.3000 0.7633 -4.1500
v -0.3000 0.7900 -4.1500
v -0.3000 0.7100 -4.4500
v -0.3000 0.7367 -4.4500
v -0.3000 0.7633 -4.4500
v -0.3000 0.7900 -4.4500
v -3.5000 0.7900 -4.4500
v -3.5000 0.7900 -4.1500
v -3.5000 0.7900 -3.8500
v -3.5000 0.7900 -3.5500
v -2.4333 0.7900 -4.4500
v -2.4333 0.7900 -4.1500
v -2.4333 0.7900 -3.8500
v -2.4333 0.7900 -3.5500
v -1.3667 0.7900 -4.4500
v -1.3667 0.7900 -4.1500
v -1.3667 0.7900 -3.8500
v -1.3667 0.7900 -3.5500
v -0.3000 0.7900 -4.4500
v -0.3000 0.7900 -4.1500
v -0.3000 0.7900 -3.8500
v -0.3000 0.7900 -3.5500
v -3.5000 0.7100 -3.5500
v -3.5000 0.7100 -3.8500
v -3.5000 0.7100 -4.1500
v -3.5000 0.7100 -4.4500
v -2.4333 0.7100 -3.5500
v -2.4333 0.7100 -3.8500
v -2.4333 0.7100 -4.1500
v -2.4333 0.7100 -4.4500
v -1.3667 0.7100 -3.5500
v -1.3667 0.7100 -3.8500
v -1.3667 0.7100 -4.1500
v -1.3667 0.7100 -4.4500
v -0.3000 0.7100 -3.5500
v -0.3000 0.7100 -3.8500
v -0.3000 0.7100 -4.1500
v -0.3000 0.7100 -4.4500
f 7705 7706 7710
f 7705 7710 7709
f 7706 7707 7711
f 7706 7711 7710
f 7707 7708 7712
f 7707 7712 7711
f 7709 7710 7714
f 7709 7714 7713
f 7710 7711 7715
f 7710 7715 7714
f 7711 7712 7716
f 7711 7716 7715
f 7713 7714 7718
f 7713 7718 7717
f 7714 7715 7719
f 7714 7719 7718
f 7715 7716 7720
f 7715 7720 7719
f 7721 7722 7726
f 7721 7726 7725
f 7722 7723 7727
f 7722 7727 7726
f 7723 7724 7728
f 7723 7728 7727
f 7725 7726 7730
f 7725 7730 7729
f 7726 7727 7731
f 7726 7731 7730
f 7727 7728 7732
f 7727 7732 7731
f 7729 7730 7734
f 7729 7734 7733
f 7730 7731 7735
f 7730 7735 7734
f 7731 7732 7736
f 7731 7736 7735
f 7737 7738 7742
f 7737 7742 7741
f 7738 7739 7743
f 7738 7743 7742
f 7739 7740 7744
f 7739 7744 7743
f 7741 7742 7746
f 7741 7746 7745
f 7742 7743 7747
f 7742 7747 7746
f 7743 7744 7748
f 7743 7748 7747
f 7745 7746 7750
f 7745 7750 7749
f 7746 7747 7751
f 7746 7751 7750
f 7747 7748 7752
f 7747 7752 7751
f 7753 7754 7758
f 7753 7758 7757
f 7754 7755 7759
f 7754 7759 7758
f 7755 7756 7760
f 7755 7760 7759
f 7757 7758 7762
f 7757 7762 7761
f 7758 7759 7763
f 7758 7763 7762
f 7759 7760 7764
f 7759 7764 7763
f 7761 7762 7766
f 7761 7766 7765
f 7762 7763 7767
f 7762 7767 7766
f 7763 7764 7768
f 7763 7768 7767
f 7769 7770 7774
f 7769 7774 7773
f 7770 7771 7775
f 7770 7775 7774
f 7771 7772 7776
f 7771 7776 7775
f 7773 7774 7778
f 7773 7778 7777
f 7774 7775 7779
f 7774 7779 7778
f 7775 7776 7780
f 7775 7780 7779
f 7777 7778 7782
f 7777 7782 7781
f 7778 7779 7783
f 7778 7783 7782
f 7779 7780 7784
f 7779 7784 7783
f 7785 7786 7790
f 7785 7790 7789
f 7786 7787 7791
f 7786 7791 7790
f 7787 7788 7792
f 7787 7792 7791
f 7789 7790 7794
f 7789 7794 7793
f 7790 7791 7795
f 7790 7795 7794
f 7791 7792 7796
f 7791 7796 7795
f 7793 7794 7798
f 7793 7798 7797
f 7794 7795 7799
f 7794 7799 7798
f 7795 7796 7800
f 7795 7800 7799
g 식탁_4
v -3.5000 0.7100 0.2500
v -3.5000 0.7367 0.2500
v -3.5000 0.7633 0.2500
v -3.5000 0.7900 0.2500
v -2.4333 0.7100 0.2500
v -2.4333 0.7367 0.2500
v -2.4333 0.7633 0.2500
v -2.4333 0.7900 0.2500
v -1.3667 0.7100 0.2500
v -1.3667 0.7367 0.2500
v -1.3667 0.7633 0.2500
v -1.3667 0.7900 0.2500
v -0.3000 0.7100 0.2500
v -0.3000 0.7367 0.2500
v -0.3000 0.7633 0.2500
v -0.3000 0.7900 0.2500
v -0.3000 0.7100 -0.6500
v -0.3000 0.7367 -0.6500
v -0.3000 0.7633 -0.6500
v -0.3000 0.7900 -0.6500
v -1.3667 0.7100 -0.6500
v -1.3667 0.7367 -0.6500
v -1.3667 0.7633 -0.6500
v -1.3667 0.7900 -0.6500
v -2.4333 0.7100 -0.6500
v -2.4333 0.7367 -0.6500
v -2.4333 0.7633 -0.6500
v -2.4333 0.7900 -0.6500
v -3.5000 0.7100 -0.6500
v -3.5000 0.7367 -0.6500
v -3.5000 0.7633 -0.6500
v -3.5000 0.7900 -0.6500
v -3.5000 0.7100 -0.6500
v -3.5000 0.7367 -0.6500
v -3.5000 0.7633 -0.6500
v -3.5000 0.7900 -0.6500
v -3.5000 0.7100 -0.3500
v -3.5000 0.7367 -0.3500
v -3.5000 0.7633 -0.3500
v -3.5000 0.7900 -0.3500
v -3.5000 0.7100 -0.0500
v -3.5000 0.7367 -0.0500
v -3.5000 0.7633 -0.0500
v -3.5000 0.7900 -0.0500
v -3.5000 0.7100 0.2500
v -3.5000 0.7367 0.2500
v -3.5000 0.7633 0.2500
v -3.5000 0.7900 0.2500
v -0.3000 0.7100 0.2500
v -0.3000 0.7367 0.2500
v -0.3000 0.7633 0.2500
v -0.3000 0.7900 0.2500
v -0.3000 0.7100 -0.0500
v -0.3000 0.7367 -0.0500
v -0.3000 0.7633 -0.0500
v -0.3000 0.7900 -0.0500
v -0.3000 0.7100 -0.3500
v -0.3000 0.7367 -0.3500
v -0.3000 0.7633 -0.3500
v -0.3000 0.7900 -0.3500
v -0.3000 0.7100 -0.6500
v -0.3000 0.7367 -0.6500
v -0.3000 0.7633 -0.6500
v -0.3000 0.7900 -0.6500
v -3.5000 0.7900 -0.6500
v -3.5000 0.7900 -0.3500
v -3.5000 0.7900 -0.0500
v -3.5000 0.7900 0.2500
v -2.4333 0.7900 -0.6500
v -2.4333 0.7900 -0.3500
v -2.4333 0.7900 -0.0500
v -2.4333 0.7900 0.2500
v -1.3667 0.7900 -0.6500
v -1.3667 0.7900 -0.3500
v -1.3667 0.7900 -0.0500
v -1.3667 0.7900 0.2500
v -0.3000 0.7900 -0.6500
v -0.3000 0.7900 -0.3500
v -0.3000 0.7900 -0.0500
v -0.3000 0.7900 0.2500
v -3.5000 0.7100 0.2500
v -3.5000 0.7100 -0.0500
v -3.5000 0.7100 -0.3500
v -3.5000 0.7100 -0.6500
v -2.4333 0.7100 0.2500
v -2.4333 0.7100 -0.0500
v -2.4333 0.7100 -0.3500
v -2.4333 0.7100 -0.6500
v -1.3667 0.7100 0.2500
v -1.3667 0.7100 -0.0500
v -1.3667 0.7100 -0.3500
v -1.3667 0.7100 -0.6500
v -0.3000 0.7100 0.2500
v -0.3000 0.7100 -0.0500
v -0.3000 0.7100 -0.3500
v -0.3000 0.7100 -0.6500
f 7801 7802 7806
f 7801 7806 7805
f 7802 7803 7807
f 7802 7807 7806
f 7803 7804 7808
f 7803 7808 7807
f 7805 7806 7810
f 7805 7810 7809
f 7806 7807 7811
f 7806 7811 7810
f 7807 7808 7812
f 7807 7812 7811
f 7809 7810 7814
f 7809 7814 7813
f 7810 7811 7815
f 7810 7815 7814
f 7811 7812 7816
f 7811 7816 7815
f 7817 7818 7822
f 7817 7822 7821
f 7818 7819 7823
f 7818 7823 7822
f 7819 7820 7824
f 7819 7824 7823
f 7821 7822 7826
f 7821 7826 7825
f 7822 7823 7827
f 7822 7827 7826
f 7823 7824 7828
f 7823 7828 7827
f 7825 7826 7830
f 7825 7830 7829
f 7826 7827 7831
f 7826 7831 7830
f 7827 7828 7832
f 7827 7832 7831
f 7833 7834 7838
f 7833 7838 7837
f 7834 7835 7839
f 7834 7839 7838
f 7835 7836 7840
f 7835 7840 7839
f 7837 7838 7842
f 7837 7842 7841
f 7838 7839 7843
f 7838 7843 7842
f 7839 7840 7844
f 7839 7844 7843
f 7841 7842 7846
f 7841 7846 7845
f 7842 7843 7847
f 7842 7847 7846
f 7843 7844 7848
f 7843 7848 7847
f 7849 7850 7854
f 7849 7854 7853
f 7850 7851 7855
f 7850 7855 7854
f 7851 7852 7856
f 7851 7856 7855
f 7853 7854 7858
f 7853 7858 7857
f 7854 7855 7859
f 7854 7859 7858
f 7855 7856 7860
f 7855 7860 7859
f 7857 7858 7862
f 7857 7862 7861
f 7858 7859 7863
f 7858 7863 7862
f 7859 7860 7864
f 7859 7864 7863
f 7865 7866 7870
f 7865 7870 7869
f 7866 7867 7871
f 7866 7871 7870
f 7867 7868 7872
f 7867 7872 7871
f 7869 7870 7874
f 7869 7874 7873
f 7870 7871 7875
f 7870 7875 7874
f 7871 7872 7876
f 7871 7876 7875
f 7873 7874 7878
f 7873 7878 7877
f 7874 7875 7879
f 7874 7879 7878
f 7875 7876 7880
f 7875 7880 7879
f 7881 7882 7886
f 7881 7886 7885
f 7882 7883 7887
f 7882 7887 7886
f 7883 7884 7888
f 7883 7888 7887
f 7885 7886 7890
f 7885 7890 7889
f 7886 7887 7891
f 7886 7891 7890
f 7887 7888 7892
f 7887 7892 7891
f 7889 7890 7894
f 7889 7894 7893
f 7890 7891 7895
f 7890 7895 7894
f 7891 7892 7896
f 7891 7896 7895
g 식탁_5
v -3.5000 0.7100 4.0500
v -3.5000 0.7367 4.0500
v -3.5000 0.7633 4.0500
v -3.5000 0.7900 4.0500
v -2.4333 0.7100 4.0500
v -2.4333 0.7367 4.0500
v -2.4333 0.7633 4.0500
v -2.4333 0.7900 4.0500
v -1.3667 0.7100 4.0500
v -1.3667 0.7367 4.0500
v -1.3667 0.7633 4.0500
v -1.3667 0.7900 4.0500
v -0.3000 0.7100 4.0500
v -0.3000 0.7367 4.0500
v -0.3000 0.7633 4.0500
v -0.3000 0.7900 4.0500
v -0.3000 0.7100 3.1500
v -0.3000 0.7367 3.1500
v -0.3000 0.7633 3.1500
v -0.3000 0.7900 3.1500
v -1.3667 0.7100 3.1500
v -1.3667 0.7367 3.1500
v -1.3667 0.7633 3.1500
v -1.3667 0.7900 3.1500
v -2.4333 0.7100 3.1500
v -2.4333 0.7367 3.1500
v -2.4333 0.7633 3.1500
v -2.4333 0.7900 3.1500
v -3.5000 0.7100 3.1500
v -3.5000 0.7367 3.1500
v -3.5000 0.7633 3.1500
v -3.5000 0.7900 3.1500
v -3.5000 0.7100 3.1500
v -3.5000 0.7367 3.1500
v -3.5000 0.7633 3.1500
v -3.5000 0.7900 3.1500
v -3.5000 0.7100 3.4500
v -3.5000 0.7367 3.4500
v -3.5000 0.7633 3.4500
v -3.5000 0.7900 3.4500
v -3.5000 0.7100 3.7500
v -3.5000 0.7367 3.7500
v -3.5000 0.7633 3.7500
v -3.5000 0.7900 3.7500
v -3.5000 0.7100 4.0500
v -3.5000 0.7367 4.0500
v -3.5000 0.7633 4.0500
v -3.5000 0.7900 4.0500
v -0.3000 0.7100 4.0500
v -0.3000 0.7367 4.0500
v -0.3000 0.7633 4.0500
v -0.3000 0.7900 4.0500
v -0.3000 0.7100 3.7500
v -0.3000 0.7367 3.7500
v -0.3000 0.7633 3.7500
v -0.3000 0.7900 3.7500
v -0.3000 0.7100 3.4500
v -0.3000 0.7367 3.4500
v -0.3000 0.7633 3.4500
v -0.3000 0.7900 3.4500
v -0.3000 0.7100 3.1500
v -0.3000 0.7367 3.1500
v -0.3000 0.7633 3.1500
v -0.3000 0.7900 3.1500
v -3.5000 0.7900 3.1500
v -3.5000 0.7900 3.4500
v -3.5000 0.7900 3.7500
v -3.5000 0.7900 4.0500
v -2.4333 0.7900 3.1500
v -2.4333 0.7900 3.4500
v -2.4333 0.7900 3.7500
v -2.4333 0.7900 4.0500
v -1.3667 0.7900 3.1500
v -1.3667 0.7900 3.4500
v -1.3667 0.7900 3.7500
v -1.3667 0.7900 4.0500
v -0.3000 0.7900 3.1500
v -0.3000 0.7900 3.4500
v -0.3000 0.7900 3.7500
v -0.3000 0.7900 4.0500
v -3.5000 0.7100 4.0500
v -3.5000 0.7100 3.7500
v -3.5000 0.7100 3.4500
v -3.5000 0.7100 3.1500
v -2.4333 0.7100 4.0500
v -2.4333 0.7100 3.7500
v -2.4333 0.7100 3.4500
v -2.4333 0.7100 3.1500
v -1.3667 0.7100 4.0500
v -1.3667 0.7100 3.7500
v -1.3667 0.7100 3.4500
v -1.3667 0.7100 3.1500
v -0.3000 0.7100 4.0500
v -0.3000 0.7100 3.7500
v -0.3000 0.7100 3.4500
v -0.3000 0.7100 3.1500
f 7897 7898 7902
f 7897 7902 7901
f 7898 7899 7903
f 7898 7903 7902
f 7899 7900 7904
f 7899 7904 7903
f 7901 7902 7906
f 7901 7906 7905
f 7902 7903 7907
f 7902 7907 7906
f 7903 7904 7908
f 7903 7908 7907
f 7905 7906 7910
f 7905 7910 7909
f 7906 7907 7911
f 7906 7911 7910
f 7907 7908 7912
f 7907 7912 7911
f 7913 7914 7918
f 7913 7918 7917
f 7914 7915 7919
f 7914 7919 7918
f 7915 7916 7920
f 7915 7920 7919
f 7917 7918 7922
f 7917 7922 7921
f 7918 7919 7923
f 7918 7923 7922
f 7919 7920 7924
f 7919 7924 7923
f 7921 7922 7926
f 7921 7926 7925
f 7922 7923 7927
f 7922 7927 7926
f 7923 7924 7928
f 7923 7928 7927
f 7929 7930 7934
f 7929 7934 7933
f 7930 7931 7935
f 7930 7935 7934
f 7931 7932 7936
f 7931 7936 7935
f 7933 7934 7938
f 7933 7938 7937
f 7934 7935 7939
f 7934 7939 7938
f 7935 7936 7940
f 7935 7940 7939
f 7937 7938 7942
f 7937 7942 7941
f 7938 7939 7943
f 7938 7943 7942
f 7939 7940 7944
f 7939 7944 7943
f 7945 7946 7950
f 7945 7950 7949
f 7946 7947 7951
f 7946 7951 7950
f 7947 7948 7952
f 7947 7952 7951
f 7949 7950 7954
f 7949 7954 7953
f 7950 7951 7955
f 7950 7955 7954
f 7951 7952 7956
f 7951 7956 7955
f 7953 7954 7958
f 7953 7958 7957
f 7954 7955 7959
f 7954 7959 7958
f 7955 7956 7960
f 7955 7960 7959
f 7961 7962 7966
f 7961 7966 7965
f 7962 7963 7967
f 7962 7967 7966
f 7963 7964 7968
f 7963 7968 7967
f 7965 7966 7970
f 7965 7970 7969
f 7966 7967 7971
f 7966 7971 7970
f 7967 7968 7972
f 7967 7972 7971
f 7969 7970 7974
f 7969 7974 7973
f 7970 7971 7975
f 7970 7975 7974
f 7971 7972 7976
f 7971 7976 7975
f 7977 7978 7982
f 7977 7982 7981
f 7978 7979 7983
f 7978 7983 7982
f 7979 7980 7984
f 7979 7984 7983
f 7981 7982 7986
f 7981 7986 7985
f 7982 7983 7987
f 7982 7987 7986
f 7983 7984 7988
f 7983 7988 7987
f 7985 7986 7990
f 7985 7990 7989
f 7986 7987 7991
f 7986 7991 7990
f 7987 7988 7992
f 7987 7992 7991
g 식탁_6
v 0.3000 0.7100 -3.5500
v 0.3000 0.7367 -3.5500
v 0.3000 0.7633 -3.5500
v 0.3000 0.7900 -3.5500
v 1.3667 0.7100 -3.5500
v 1.3667 0.7367 -3.5500
v 1.3667 0.7633 -3.5500
v 1.3667 0.7900 -3.5500
v 2.4333 0.7100 -3.5500
v 2.4333 0.7367 -3.5500
v 2.4333 0.7633 -3.5500
v 2.4333 0.7900 -3.5500
v 3.5000 0.7100 -3.5500
v 3.5000 0.7367 -3.5500
v 3.5000 0.7633 -3.5500
v 3.5000 0.7900 -3.5500
v 3.5000 0.7100 -4.4500
v 3.5000 0.7367 -4.4500
v 3.5000 0.7633 -4.4500
v 3.5000 0.7900 -4.4500
v 2.4333 0.7100 -4.4500
v 2.4333 0.7367 -4.4500
v 2.4333 0.7633 -4.4500
v 2.4333 0.7900 -4.4500
v 1.3667 0.7100 -4.4500
v 1.3667 0.7367 -4.4500
v 1.3667 0.7633 -4.4500
v 1.3667 0.7900 -4.4500
v 0.3000 0.7100 -4.4500
v 0.3000 0.7367 -4.4500
v 0.3000 0.7633 -4.4500
v 0.3000 0.7900 -4.4500
v 0.3000 0.7100 -4.4500
v 0.3000 0.7367 -4.4500
v 0.3000 0.7633 -4.4500
v 0.3000 0.7900 -4.4500
v 0.3000 0.7100 -4.1500
v 0.3000 0.7367 -4.1500
v 0.3000 0.7633 -4.1500
v 0.3000 0.7900 -4.1500
v 0.3000 0.7100 -3.8500
v 0.3000 0.7367 -3.8500
v 0.3000 0.7633 -3.8500
v 0.3000 0.7900 -3.8500
v 0.3000 0.7100 -3.5500
v 0.3000 0.7367 -3.5500
v 0.3000 0.7633 -3.5500
v 0.3000 0.7900 -3.5500
v 3.5000 0.7100 -3.5500
v 3.5000 0.7367 -3.5500
v 3.5000 0.7633 -3.5500
v 3.5000 0.7900 -3.5500
v 3.5000 0.7100 -3.8500
v 3.5000 0.7367 -3.8500
v 3.5000 0.7633 -3.8500
v 3.5000 0.7900 -3.8500
v 3.5000 0.7100 -4.1500
v 3.5000 0.7367 -4.1500
v 3.5000 0.7633 -4.1500
v 3.5000 0.7900 -4.1500
v 3.5000 0.7100 -4.4500
v 3.5000 0.7367 -4.4500
v 3.5000 0.7633 -4.4500
v 3.5000 0.7900 -4.4500
v 0.3000 0.7900 -4.4500
v 0.3000 0.7900 -4.1500
v 0.3000 0.7900 -3.8500
v 0.3000 0.7900 -3.5500
v 1.3667 0.7900 -4.4500
v 1.3667 0.7900 -4.1500
v 1.3667 0.7900 -3.8500
v 1.3667 0.7900 -3.5500
v 2.4333 0.7900 -4.4500
v 2.4333 0.7900 -4.1500
v 2.4333 0.7900 -3.8500
v 2.4333 0.7900 -3.5500
v 3.5000 0.7900 -4.4500
v 3.5000 0.7900 -4.1500
v 3.5000 0.7900 -3.8500
v 3.5000 0.7900 -3.5500
v 0.3000 0.7100 -3.5500
v 0.3000 0.7100 -3.8500
v 0.3000 0.7100 -4.1500
v 0.3000 0.7100 -4.4500
v 1.3667 0.7100 -3.5500
v 1.3667 0.7100 -3.8500
v 1.3667 0.7100 -4.1500
v 1.3667 0.7100 -4.4500
v 2.4333 0.7100 -3.5500
v 2.4333 0.7100 -3.8500
v 2.4333 0.7100 -4.1500
v 2.4333 0.7100 -4.4500
v 3.5000 0.7100 -3.5500
v 3.5000 0.7100 -3.8500
v 3.5000 0.7100 -4.1500
v 3.5000 0.7100 -4.4500
f 7993 7994 7998
f 7993 7998 7997
f 7994 7995 7999
f 7994 7999 7998
f 7995 7996 8000
f 7995 8000 7999
f 7997 7998 8002
f 7997 8002 8001
f 7998 7999 8003
f 7998 8003 8002
f 7999 8000 8004
f 7999 8004 8003
f 8001 8002 8006
f 8001 8006 8005
f 8002 8003 8007
f 8002 8007 8006
f 8003 8004 8008
f 8003 8008 8007
f 8009 8010 8014
f 8009 8014 8013
f 8010 8011 8015
f 8010 8015 8014
f 8011 8012 8016
f 8011 8016 8015
f 8013 8014 8018
f 8013 8018 8017
f 8014 8015 8019
f 8014 8019 8018
f 8015 8016 8020
f 8015 8020 8019
f 8017 8018 8022
f 8017 8022 8021
f 8018 8019 8023
f 8018 8023 8022
f 8019 8020 8024
f 8019 8024 8023
f 8025 8026 8030
f 8025 8030 8029
f 8026 8027 8031
f 8026 8031 8030
f 8027 8028 8032
f 8027 8032 8031
f 8029 8030 8034
f 8029 8034 8033
f 8030 8031 8035
f 8030 8035 8034
f 8031 8032 8036
f 8031 8036 8035
f 8033 8034 8038
f 8033 8038 8037
f 8034 8035 8039
f 8034 8039 8038
f 8035 8036 8040
f 8035 8040 8039
f 8041 8042 8046
f 8041 8046 8045
f 8042 8043 8047
f 8042 8047 8046
f 8043 8044 8048
f 8043 8048 8047
f 8045 8046 8050
f 8045 8050 8049
f 8046 8047 8051
f 8046 8051 8050
f 8047 8048 8052
f 8047 8052 8051
f 8049 8050 8054
f 8049 8054 8053
f 8050 8051 8055
f 8050 8055 8054
f 8051 8052 8056
f 8051 8056 8055
f 8057 8058 8062
f 8057 8062 8061
f 8058 8059 8063
f 8058 8063 8062
f 8059 8060 8064
f 8059 8064 8063
f 8061 8062 8066
f 8061 8066 8065
f 8062 8063 8067
f 8062 8067 8066
f 8063 8064 8068
f 8063 8068 8067
f 8065 8066 8070
f 8065 8070 8069
f 8066 8067 8071
f 8066 8071 8070
f 8067 8068 8072
f 8067 8072 8071
f 8073 8074 8078
f 8073 8078 8077
f 8074 8075 8079
f 8074 8079 8078
f 8075 8076 8080
f 8075 8080 8079
f 8077 8078 8082
f 8077 8082 8081
f 8078 8079 8083
f 8078 8083 8082
f 8079 8080 8084
f 8079 8084 8083
f 8081 8082 8086
f 8081 8086 8085
f 8082 8083 8087
f 8082 8087 8086
f 8083 8084 8088
f 8083 8088 8087
g 식탁_7
v 0.3000 0.7100 0.2500
v 0.3000 0.7367 0.2500
v 0.3000 0.7633 0.2500
v 0.3000 0.7900 0.2500
v 1.3667 0.7100 0.2500
v 1.3667 0.7367 0.2500
v 1.3667 0.7633 0.2500
v 1.3667 0.7900 0.2500
v 2.4333 0.7100 0.2500
v 2.4333 0.7367 0.2500
v 2.4333 0.7633 0.2500
v 2.4333 0.7900 0.2500
v 3.5000 0.7100 0.2500
v 3.5000 0.7367 0.2500
v 3.5000 0.7633 0.2500
v 3.5000 0.7900 0.2500
v 3.5000 0.7100 -0.6500
v 3.5000 0.7367 -0.6500
v 3.5000 0.7633 -0.6500
v 3.5000 0.7900 -0.6500
v 2.4333 0.7100 -0.6500
v 2.4333 0.7367 -0.6500
v 2.4333 0.7633 -0.6500
v 2.4333 0.7900 -0.6500
v 1.3667 0.7100 -0.6500
v 1.3667 0.7367 -0.6500
v 1.3667 0.7633 -0.6500
v 1.3667 0.7900 -0.6500
v 0.3000 0.7100 -0.6500
v 0.3000 0.7367 -0.6500
v 0.3000 0.7633 -0.6500
v 0.3000 0.7900 -0.6500
v 0.3000 0.7100 -0.6500
v 0.3000 0.7367 -0.6500
v 0.3000 0.7633 -0.6500
v 0.3000 0.7900 -0.6500
v 0.3000 0.7100 -0.3500
v 0.3000 0.7367 -0.3500
v 0.3000 0.7633 -0.3500
v 0.3000 0.7900 -0.3500
v 0.3000 0.7100 -0.0500
v 0.3000 0.7367 -0.0500
v 0.3000 0.7633 -0.0500
v 0.3000 0.7900 -0.0500
v 0.3000 0.7100 0.2500
v 0.3000 0.7367 0.2500
v 0.3000 0.7633 0.2500
v 0.3000 0.7900 0.2500
v 3.5000 0.7100 0.2500
v 3.5000 0.7367 0.2500
v 3.5000 0.7633 0.2500
v 3.5000 0.7900 0.2500
v 3.5000 0.7100 -0.0500
v 3.5000 0.7367 -0.0500
v 3.5000 0.7633 -0.0500
v 3.5000 0.7900 -0.0500
v 3.5000 0.7100 -0.3500
v 3.5000 0.7367 -0.3500
v 3.5000 0.7633 -0.3500
v 3.5000 0.7900 -0.3500
v 3.5000 0.7100 -0.6500
v 3.5000 0.7367 -0.6500
v 3.5000 0.7633 -0.6500
v 3.5000 0.7900 -0.6500
v 0.3000 0.7900 -0.6500
v 0.3000 0.7900 -0.3500
v 0.3000 0.7900 -0.0500
v 0.3000 0.7900 0.2500
v 1.3667 0.7900 -0.6500
v 1.3667 0.7900 -0.3500
v 1.3667 0.7900 -0.0500
v 1.3667 0.7900 0.2500
v 2.4333 0.7900 -0.6500
v 2.4333 0.7900 -0.3500
v 2.4333 0.7900 -0.0500
v 2.4333 0.7900 0.2500
v 3.5000 0.7900 -0.6500
v 3.5000 0.7900 -0.3500
v 3.5000 0.7900 -0.0500
v 3.5000 0.7900 0.2500
v 0.3000 0.7100 0.2500
v 0.3000 0.7100 -0.0500
v 0.3000 0.7100 -0.3500
v 0.3000 0.7100 -0.6500
v 1.3667 0.7100 0.2500
v 1.3667 0.7100 -0.0500
v 1.3667 0.7100 -0.3500
v 1.3667 0.7100 -0.6500
v 2.4333 0.7100 0.2500
v 2.4333 0.7100 -0.0500
v 2.4333 0.7100 -0.3500
v 2.4333 0.7100 -0.6500
v 3.5000 0.7100 0.2500
v 3.5000 0.7100 -0.0500
v 3.5000 0.7100 -0.3500
v 3.5000 0.7100 -0.6500
f 8089 8090 8094
f 8089 8094 8093
f 8090 8091 8095
f 8090 8095 8094
f 8091 8092 8096
f 8091 8096 8095
f 8093 8094 8098
f 8093 8098 8097
f 8094 8095 8099
f 8094 8099 8098
f 8095 8096 8100
f 8095 8100 8099
f 8097 8098 8102
f 8097 8102 8101
f 8098 8099 8103
f 8098 8103 8102
f 8099 8100 8104
f 8099 8104 8103
f 8105 8106 8110
f 8105 8110 8109
f 8106 8107 8111
f 8106 8111 8110
f 8107 8108 8112
f 8107 8112 8111
f 8109 8110 8114
f 8109 8114 8113
f 8110 8111 8115
f 8110 8115 8114
f 8111 8112 8116
f 8111 8116 8115
f 8113 8114 8118
f 8113 8118 8117
f 8114 8115 8119
f 8114 8119 8118
f 8115 8116 8120
f 8115 8120 8119
f 8121 8122 8126
f 8121 8126 8125
f 8122 8123 8127
f 8122 8127 8126
f 8123 8124 8128
f 8123 8128 8127
f 8125 8126 8130
f 8125 8130 8129
f 8126 8127 8131
f 8126 8131 8130
f 8127 8128 8132
f 8127 8132 8131
f 8129 8130 8134
f 8129 8134 8133
f 8130 8131 8135
f 8130 8135 8134
f 8131 8132 8136
f 8131 8136 8135
f 8137 8138 8142
f 8137 8142 8141
f 8138 8139 8143
f 8138 8143 8142
f 8139 8140 8144
f 8139 8144 8143
f 8141 8142 8146
f 8141 8146 8145
f 8142 8143 8147
f 8142 8147 8146
f 8143 8144 8148
f 8143 8148 8147
f 8145 8146 8150
f 8145 8150 8149
f 8146 8147 8151
f 8146 8151 8150
f 8147 8148 8152
f 8147 8152 8151
f 8153 8154 8158
f 8153 8158 8157
f 8154 8155 8159
f 8154 8159 8158
f 8155 8156 8160
f 8155 8160 8159
f 8157 8158 8162
f 8157 8162 8161
f 8158 8159 8163
f 8158 8163 8162
f 8159 8160 8164
f 8159 8164 8163
f 8161 8162 8166
f 8161 8166 8165
f 8162 8163 8167
f 8162 8167 8166
f 8163 8164 8168
f 8163 8168 8167
f 8169 8170 8174
f 8169 8174 8173
f 8170 8171 8175
f 8170 8175 8174
f 8171 8172 8176
f 8171 8176 8175
f 8173 8174 8178
f 8173 8178 8177
f 8174 8175 8179
f 8174 8179 8178
f 8175 8176 8180
f 8175 8180 8179
f 8177 8178 8182
f 8177 8182 8181
f 8178 8179 8183
f 8178 8183 8182
f 8179 8180 8184
f 8179 8184 8183
g 식탁_8
v 0.3000 0.7100 4.0500
v 0.3000 0.7367 4.0500
v 0.3000 0.7633 4.0500
v 0.3000 0.7900 4.0500
v 1.3667 0.7100 4.0500
v 1.3667 0.7367 4.0500
v 1.3667 0.7633 4.0500
v 1.3667 0.7900 4.0500
v 2.4333 0.7100 4.0500
v 2.4333 0.7367 4.0500
v 2.4333 0.7633 4.0500
v 2.4333 0.7900 4.0500
v 3.5000 0.7100 4.0500
v 3.5000 0.7367 4.0500
v 3.5000 0.7633 4.0500
v 3.5000 0.7900 4.0500
v 3.5000 0.7100 3.1500
v 3.5000 0.7367 3.1500
v 3.5000 0.7633 3.1500
v 3.5000 0.7900 3.1500
v 2.4333 0.7100 3.1500
v 2.4333 0.7367 3.1500
v 2.4333 0.7633 3.1500
v 2.4333 0.7900 3.1500
v 1.3667 0.7100 3.1500
v 1.3667 0.7367 3.1500
v 1.3667 0.7633 3.1500
v 1.3667 0.7900 3.1500
v 0.3000 0.7100 3.1500
v 0.3000 0.7367 3.1500
v 0.3000 0.7633 3.1500
v 0.3000 0.7900 3.1500
v 0.3000 0.7100 3.1500
v 0.3000 0.7367 3.1500
v 0.3000 0.7633 3.1500
v 0.3000 0.7900 3.1500
v 0.3000 0.7100 3.4500
v 0.3000 0.7367 3.4500
v 0.3000 0.7633 3.4500
v 0.3000 0.7900 3.4500
v 0.3000 0.7100 3.7500
v 0.3000 0.7367 3.7500
v 0.3000 0.7633 3.7500
v 0.3000 0.7900 3.7500
v 0.3000 0.7100 4.0500
v 0.3000 0.7367 4.0500
v 0.3000 0.7633 4.0500
v 0.3000 0.7900 4.0500
v 3.5000 0.7100 4.0500
v 3.5000 0.7367 4.0500
v 3.5000 0.7633 4.0500
v 3.5000 0.7900 4.0500
v 3.5000 0.7100 3.7500
v 3.5000 0.7367 3.7500
v 3.5000 0.7633 3.7500
v 3.5000 0.7900 3.7500
v 3.5000 0.7100 3.4500
v 3.5000 0.7367 3.4500
v 3.5000 0.7633 3.4500
v 3.5000 0.7900 3.4500
v 3.5000 0.7100 3.1500
v 3.5000 0.7367 3.1500
v 3.5000 0.7633 3.1500
v 3.5000 0.7900 3.1500
v 0.3000 0.7900 3.1500
v 0.3000 0.7900 3.4500
v 0.3000 0.7900 3.7500
v 0.3000 0.7900 4.0500
v 1.3667 0.7900 3.1500
v 1.3667 0.7900 3.4500
v 1.3667 0.7900 3.7500
v 1.3667 0.7900 4.0500
v 2.4333 0.7900 3.1500
v 2.4333 0.7900 3.4500
v 2.4333 0.7900 3.7500
v 2.4333 0.7900 4.0500
v 3.5000 0.7900 3.1500
v 3.5000 0.7900 3.4500
v 3.5000 0.7900 3.7500
v 3.5000 0.7900 4.0500
v 0.3000 0.7100 4.0500
v 0.3000 0.7100 3.7500
v 0.3000 0.7100 3.4500
v 0.3000 0.7100 3.1500
v 1.3667 0.7100 4.0500
v 1.3667 0.7100 3.7500
v 1.3667 0.7100 3.4500
v 1.3667 0.7100 3.1500
v 2.4333 0.7100 4.0500
v 2.4333 0.7100 3.7500
v 2.4333 0.7100 3.4500
v 2.4333 0.7100 3.1500
v 3.5000 0.7100 4.0500
v 3.5000 0.7100 3.7500
v 3.5000 0.7100 3.4500
v 3.5000 0.7100 3.1500
f 8185 8186 8190
f 8185 8190 8189
f 8186 8187 8191
f 8186 8191 8190
f 8187 8188 8192
f 8187 8192 8191
f 8189 8190 8194
f 8189 8194 8193
f 8190 8191 8195
f 8190 8195 8194
f 8191 8192 8196
f 8191 8196 8195
f 8193 8194 8198
f 8193 8198 8197
f 8194 8195 8199
f 8194 8199 8198
f 8195 8196 8200
f 8195 8200 8199
f 8201 8202 8206
f 8201 8206 8205
f 8202 8203 8207
f 8202 8207 8206
f 8203 8204 8208
f 8203 8208 8207
f 8205 8206 8210
f 8205 8210 8209
f 8206 8207 8211
f 8206 8211 8210
f 8207 8208 8212
f 8207 8212 8211
f 8209 8210 8214
f 8209 8214 8213
f 8210 8211 8215
f 8210 8215 8214
f 8211 8212 8216
f 8211 8216 8215
f 8217 8218 8222
f 8217 8222 8221
f 8218 8219 8223
f 8218 8223 8222
f 8219 8220 8224
f 8219 8224 8223
f 8221 8222 8226
f 8221 8226 8225
f 8222 8223 8227
f 8222 8227 8226
f 8223 8224 8228
f 8223 8228 8227
f 8225 8226 8230
f 8225 8230 8229
f 8226 8227 8231
f 8226 8231 8230
f 8227 8228 8232
f 8227 8232 8231
f 8233 8234 8238
f 8233 8238 8237
f 8234 8235 8239
f 8234 8239 8238
f 8235 8236 8240
f 8235 8240 8239
f 8237 8238 8242
f 8237 8242 8241
f 8238 8239 8243
f 8238 8243 8242
f 8239 8240 8244
f 8239 8244 8243
f 8241 8242 8246
f 8241 8246 8245
f 8242 8243 8247
f 8242 8247 8246
f 8243 8244 8248
f 8243 8248 8247
f 8249 8250 8254
f 8249 8254 8253
f 8250 8251 8255
f 8250 8255 8254
f 8251 8252 8256
f 8251 8256 8255
f 8253 8254 8258
f 8253 8258 8257
f 8254 8255 8259
f 8254 8259 8258
f 8255 8256 8260
f 8255 8260 8259
f 8257 8258 8262
f 8257 8262 8261
f 8258 8259 8263
f 8258 8263 8262
f 8259 8260 8264
f 8259 8264 8263
f 8265 8266 8270
f 8265 8270 8269
f 8266 8267 8271
f 8266 8271 8270
f 8267 8268 8272
f 8267 8272 8271
f 8269 8270 8274
f 8269 8274 8273
f 8270 8271 8275
f 8270 8275 8274
f 8271 8272 8276
f 8271 8276 8275
f 8273 8274 8278
f 8273 8278 8277
f 8274 8275 8279
f 8274 8279 8278
f 8275 8276 8280
f 8275 8280 8279
g 식탁_9
v 4.1000 0.7100 -3.5500
v 4.1000 0.7367 -3.5500
v 4.1000 0.7633 -3.5500
v 4.1000 0.7900 -3.5500
v 5.1667 0.7100 -3.5500
v 5.1667 0.7367 -3.5500
v 5.1667 0.7633 -3.5500
v 5.1667 0.7900 -3.5500
v 6.2333 0.7100 -3.5500
v 6.2333 0.7367 -3.5500
v 6.2333 0.7633 -3.5500
v 6.2333 0.7900 -3.5500
v 7.3000 0.7100 -3.5500
v 7.3000 0.7367 -3.5500
v 7.3000 0.7633 -3.5500
v 7.3000 0.7900 -3.5500
v 7.3000 0.7100 -4.4500
v 7.3000 0.7367 -4.4500
v 7.3000 0.7633 -4.4500
v 7.3000 0.7900 -4.4500
v 6.2333 0.7100 -4.4500
v 6.2333 0.7367 -4.4500
v 6.2333 0.7633 -4.4500
v 6.2333 0.7900 -4.4500
v 5.1667 0.7100 -4.4500
v 5.1667 0.7367 -4.4500
v 5.1667 0.7633 -4.4500
v 5.1667 0.7900 -4.4500
v 4.1000 0.7100 -4.4500
v 4.1000 0.7367 -4.4500
v 4.1000 0.7633 -4.4500
v 4.1000 0.7900 -4.4500
v 4.1000 0.7100 -4.4500
v 4.1000 0.7367 -4.4500
v 4.1000 0.7633 -4.4500
v 4.1000 0.7900 -4.4500
v 4.1000 0.7100 -4.1500
v 4.1000 0.7367 -4.1500
v 4.1000 0.7633 -4.1500
v 4.1000 0.7900 -4.1500
v 4.1000 0.7100 -3.8500
v 4.1000 0.7367 -3.8500
v 4.1000 0.7633 -3.8500
v 4.1000 0.7900 -3.8500
v 4.1000 0.7100 -3.5500
v 4.1000 0.7367 -3.5500
v 4.1000 0.7633 -3.5500
v 4.1000 0.7900 -3.5500
v 7.3000 0.7100 -3.5500
v 7.3000 0.7367 -3.5500
v 7.3000 0.7633 -3.5500
v 7.3000 0.7900 -3.5500
v 7.3000 0.7100 -3.8500
v 7.3000 0.7367 -3.8500
v 7.3000 0.7633 -3.8500
v 7.3000 0.7900 -3.8500
v 7.3000 0.7100 -4.1500
v 7.3000 0.7367 -4.1500
v 7.3000 0.7633 -4.1500
v 7.3000 0.7900 -4.1500
v 7.3000 0.7100 -4.4500
v 7.3000 0.7367 -4.4500
v 7.3000 0.7633 -4.4500
v 7.3000 0.7900 -4.4500
v 4.1000 0.7900 -4.4500
v 4.1000 0.7900 -4.1500
v 4.1000 0.7900 -3.8500
v 4.1000 0.7900 -3.5500
v 5.1667 0.7900 -4.4500
v 5.1667 0.7900 -4.1500
v 5.1667 0.7900 -3.8500
v 5.1667 0.7900 -3.5500
v 6.2333 0.7900 -4.4500
v 6.2333 0.7900 -4.1500
v 6.2333 0.7900 -3.8500
v 6.2333 0.7900 -3.5500
v 7.3000 0.7900 -4.4500
v 7.3000 0.7900 -4.1500
v 7.3000 0.7900 -3.8500
v 7.3000 0.7900 -3.5500
v 4.1000 0.7100 -3.5500
v 4.1000 0.7100 -3.8500
v 4.1000 0.7100 -4.1500
v 4.1000 0.7100 -4.4500
v 5.1667 0.7100 -3.5500
v 5.1667 0.7100 -3.8500
v 5.1667 0.7100 -4.1500
v 5.1667 0.7100 -4.4500
v 6.2333 0.7100 -3.5500
v 6.2333 0.7100 -3.8500
v 6.2333 0.7100 -4.1500
v 6.2333 0.7100 -4.4500
v 7.3000 0.7100 -3.5500
v 7.3000 0.7100 -3.8500
v 7.3000 0.7100 -4.1500
v 7.3000 0.7100 -4.4500
f 8281 8282 8286
f 8281 8286 8285
f 8282 8283 8287
f 8282 8287 8286
f 8283 8284 8288
f 8283 8288 8287
f 8285 8286 8290
f 8285 8290 8289
f 8286 8287 8291
f 8286 8291 8290
f 8287 8288 8292
f 8287 8292 8291
f 8289 8290 8294
f 8289 8294 8293
f 8290 8291 8295
f 8290 8295 8294
f 8291 8292 8296
f 8291 8296 8295
f 8297 8298 8302
f 8297 8302 8301
f 8298 8299 8303
f 8298 8303 8302
f 8299 8300 8304
f 8299 8304 8303
f 8301 8302 8306
f 8301 8306 8305
f 8302 8303 8307
f 8302 8307 8306
f 8303 8304 8308
f 8303 8308 8307
f 8305 8306 8310
f 8305 8310 8309
f 8306 8307 8311
f 8306 8311 8310
f 8307 8308 8312
f 8307 8312 8311
f 8313 8314 8318
f 8313 8318 8317
f 8314 8315 8319
f 8314 8319 8318
f 8315 8316 8320
f 8315 8320 8319
f 8317 8318 8322
f 8317 8322 8321
f 8318 8319 8323
f 8318 8323 8322
f 8319 8320 8324
f 8319 8324 8323
f 8321 8322 8326
f 8321 8326 8325
f 8322 8323 8327
f 8322 8327 8326
f 8323 8324 8328
f 8323 8328 8327
f 8329 8330 8334
f 8329 8334 8333
f 8330 8331 8335
f 8330 8335 8334
f 8331 8332 8336
f 8331 8336 8335
f 8333 8334 8338
f 8333 8338 8337
f 8334 8335 8339
f 8334 8339 8338
f 8335 8336 8340
f 8335 8340 8339
f 8337 8338 8342
f 8337 8342 8341
f 8338 8339 8343
f 8338 8343 8342
f 8339 8340 8344
f 8339 8344 8343
f 8345 8346 8350
f 8345 8350 8349
f 8346 8347 8351
f 8346 8351 8350
f 8347 8348 8352
f 8347 8352 8351
f 8349 8350 8354
f 8349 8354 8353
f 8350 8351 8355
f 8350 8355 8354
f 8351 8352 8356
f 8351 8356 8355
f 8353 8354 8358
f 8353 8358 8357
f 8354 8355 8359
f 8354 8359 8358
f 8355 8356 8360
f 8355 8360 8359
f 8361 8362 8366
f 8361 8366 8365
f 8362 8363 8367
f 8362 8367 8366
f 8363 8364 8368
f 8363 8368 8367
f 8365 8366 8370
f 8365 8370 8369
f 8366 8367 8371
f 8366 8371 8370
f 8367 8368 8372
f 8367 8372 8371
f 8369 8370 8374
f 8369 8374 8373
f 8370 8371 8375
f 8370 8375 8374
f 8371 8372 8376
f 8371 8376 8375
g 식탁_10
v 4.1000 0.7100 0.2500
v 4.1000 0.7367 0.2500
v 4.1000 0.7633 0.2500
v 4.1000 0.7900 0.2500
v 5.1667 0.7100 0.2500
v 5.1667 0.7367 0.2500
v 5.1667 0.7633 0.2500
v 5.1667 0.7900 0.2500
v 6.2333 0.7100 0.2500
v 6.2333 0.7367 0.2500
v 6.2333 0.7633 0.2500
v 6.2333 0.7900 0.2500
v 7.3000 0.7100 0.2500
v 7.3000 0.7367 0.2500
v 7.3000 0.7633 0.2500
v 7.3000 0.7900 0.2500
v 7.3000 0.7100 -0.6500
v 7.3000 0.7367 -0.6500
v 7.3000 0.7633 -0.6500
v 7.3000 0.7900 -0.6500
v 6.2333 0.7100 -0.6500
v 6.2333 0.7367 -0.6500
v 6.2333 0.7633 -0.6500
v 6.2333 0.7900 -0.6500
v 5.1667 0.7100 -0.6500
v 5.1667 0.7367 -0.6500
v 5.1667 0.7633 -0.6500
v 5.1667 0.7900 -0.6500
v 4.1000 0.7100 -0.6500
v 4.1000 0.7367 -0.6500
v 4.1000 0.7633 -0.6500
v 4.1000 0.7900 -0.6500
v 4.1000 0.7100 -0.6500
v 4.1000 0.7367 -0.6500
v 4.1000 0.7633 -0.6500
v 4.1000 0.7900 -0.6500
v 4.1000 0.7100 -0.3500
v 4.1000 0.7367 -0.3500
v 4.1000 0.7633 -0.3500
v 4.1000 0.7900 -0.3500
v 4.1000 0.7100 -0.0500
v 4.1000 0.7367 -0.0500
v 4.1000 0.7633 -0.0500
v 4.1000 0.7900 -0.0500
v 4.1000 0.7100 0.2500
v 4.1000 0.7367 0.2500
v 4.1000 0.7633 0.2500
v 4.1000 0.7900 0.2500
v 7.3000 0.7100 0.2500
v 7.3000 0.7367 0.2500
v 7.3000 0.7633 0.2500
v 7.3000 0.7900 0.2500
v 7.3000 0.7100 -0.0500
v 7.3000 0.7367 -0.0500
v 7.3000 0.7633 -0.0500
v 7.3000 0.7900 -0.0500
v 7.3000 0.7100 -0.3500
v 7.3000 0.7367 -0.3500
v 7.3000 0.7633 -0.3500
v 7.3000 0.7900 -0.3500
v 7.3000 0.7100 -0.6500
v 7.3000 0.7367 -0.6500
v 7.3000 0.7633 -0.6500
v 7.3000 0.7900 -0.6500
v 4.1000 0.7900 -0.6500
v 4.1000 0.7900 -0.3500
v 4.1000 0.7900 -0.0500
v 4.1000 0.7900 0.2500
v 5.1667 0.7900 -0.6500
v 5.1667 0.7900 -0.3500
v 5.1667 0.7900 -0.0500
v 5.1667 0.7900 0.2500
v 6.2333 0.7900 -0.6500
v 6.2333 0.7900 -0.3500
v 6.2333 0.7900 -0.0500
v 6.2333 0.7900 0.2500
v 7.3000 0.7900 -0.6500
v 7.3000 0.7900 -0.3500
v 7.3000 0.7900 -0.0500
v 7.3000 0.7900 0.2500
v 4.1000 0.7100 0.2500
v 4.1000 0.7100 -0.0500
v 4.1000 0.7100 -0.3500
v 4.1000 0.7100 -0.6500
v 5.1667 0.7100 0.2500
v 5.1667 0.7100 -0.0500
v 5.1667 0.7100 -0.3500
v 5.1667 0.7100 -0.6500
v 6.2333 0.7100 0.2500
v 6.2333 0.7100 -0.0500
v 6.2333 0.7100 -0.3500
v 6.2333 0.7100 -0.6500
v 7.3000 0.7100 0.2500
v 7.3000 0.7100 -0.0500
v 7.3000 0.7100 -0.3500
v 7.3000 0.7100 -0.6500
f 8377 8378 8382
f 8377 8382 8381
f 8378 8379 8383
f 8378 8383 8382
f 8379 8380 8384
f 8379 8384 8383
f 8381 8382 8386
f 8381 8386 8385
f 8382 8383 8387
f 8382 8387 8386
f 8383 8384 8388
f 8383 8388 8387
f 8385 8386 8390
f 8385 8390 8389
f 8386 8387 8391
f 8386 8391 8390
f 8387 8388 8392
f 8387 8392 8391
f 8393 8394 8398
f 8393 8398 8397
f 8394 8395 8399
f 8394 8399 8398
f 8395 8396 8400
f 8395 8400 8399
f 8397 8398 8402
f 8397 8402 8401
f 8398 8399 8403
f 8398 8403 8402
f 8399 8400 8404
f 8399 8404 8403
f 8401 8402 8406
f 8401 8406 8405
f 8402 8403 8407
f 8402 8407 8406
f 8403 8404 8408
f 8403 8408 8407
f 8409 8410 8414
f 8409 8414 8413
f 8410 8411 8415
f 8410 8415 8414
f 8411 8412 8416
f 8411 8416 8415
f 8413 8414 8418
f 8413 8418 8417
f 8414 8415 8419
f 8414 8419 8418
f 8415 8416 8420
f 8415 8420 8419
f 8417 8418 8422
f 8417 8422 8421
f 8418 8419 8423
f 8418 8423 8422
f 8419 8420 8424
f 8419 8424 8423
f 8425 8426 8430
f 8425 8430 8429
f 8426 8427 8431
f 8426 8431 8430
f 8427 8428 8432
f 8427 8432 8431
f 8429 8430 8434
f 8429 8434 8433
f 8430 8431 8435
f 8430 8435 8434
f 8431 8432 8436
f 8431 8436 8435
f 8433 8434 8438
f 8433 8438 8437
f 8434 8435 8439
f 8434 8439 8438
f 8435 8436 8440
f 8435 8440 8439
f 8441 8442 8446
f 8441 8446 8445
f 8442 8443 8447
f 8442 8447 8446
f 8443 8444 8448
f 8443 8448 8447
f 8445 8446 8450
f 8445 8450 8449
f 8446 8447 8451
f 8446 8451 8450
f 8447 8448 8452
f 8447 8452 8451
f 8449 8450 8454
f 8449 8454 8453
f 8450 8451 8455
f 8450 8455 8454
f 8451 8452 8456
f 8451 8456 8455
f 8457 8458 8462
f 8457 8462 8461
f 8458 8459 8463
f 8458 8463 8462
f 8459 8460 8464
f 8459 8464 8463
f 8461 8462 8466
f 8461 8466 8465
f 8462 8463 8467
f 8462 8467 8466
f 8463 8464 8468
f 8463 8468 8467
f 8465 8466 8470
f 8465 8470 8469
f 8466 8467 8471
f 8466 8471 8470
f 8467 8468 8472
f 8467 8472 8471
g 식탁_11
v 4.1000 0.7100 4.0500
v 4.1000 0.7367 4.0500
v 4.1000 0.7633 4.0500
v 4.1000 0.7900 4.0500
v 5.1667 0.7100 4.0500
v 5.1667 0.7367 4.0500
v 5.1667 0.7633 4.0500
v 5.1667 0.7900 4.0500
v 6.2333 0.7100 4.0500
v 6.2333 0.7367 4.0500
v 6.2333 0.7633 4.0500
v 6.2333 0.7900 4.0500
v 7.3000 0.7100 4.0500
v 7.3000 0.7367 4.0500
v 7.3000 0.7633 4.0500
v 7.3000 0.7900 4.0500
v 7.3000 0.7100 3.1500
v 7.3000 0.7367 3.1500
v 7.3000 0.7633 3.1500
v 7.3000 0.7900 3.1500
v 6.2333 0.7100 3.1500
v 6.2333 0.7367 3.1500
v 6.2333 0.7633 3.1500
v 6.2333 0.7900 3.1500
v 5.1667 0.7100 3.1500
v 5.1667 0.7367 3.1500
v 5.1667 0.7633 3.1500
v 5.1667 0.7900 3.1500
v 4.1000 0.7100 3.1500
v 4.1000 0.7367 3.1500
v 4.1000 0.7633 3.1500
v 4.1000 0.7900 3.1500
v 4.1000 0.7100 3.1500
v 4.1000 0.7367 3.1500
v 4.1000 0.7633 3.1500
v 4.1000 0.7900 3.1500
v 4.1000 0.7100 3.4500
v 4.1000 0.7367 3.4500
v 4.1000 0.7633 3.4500
v 4.1000 0.7900 3.4500
v 4.1000 0.7100 3.7500
v 4.1000 0.7367 3.7500
v 4.1000 0.7633 3.7500
v 4.1000 0.7900 3.7500
v 4.1000 0.7100 4.0500
v 4.1000 0.7367 4.0500
v 4.1000 0.7633 4.0500
v 4.1000 0.7900 4.0500
v 7.3000 0.7100 4.0500
v 7.3000 0.7367 4.0500
v 7.3000 0.7633 4.0500
v 7.3000 0.7900 4.0500
v 7.3000 0.7100 3.7500
v 7.3000 0.7367 3.7500
v 7.3000 0.7633 3.7500
v 7.3000 0.7900 3.7500
v 7.3000 0.7100 3.4500
v 7.3000 0.7367 3.4500
v 7.3000 0.7633 3.4500
v 7.3000 0.7900 3.4500
v 7.3000 0.7100 3.1500
v 7.3000 0.7367 3.1500
v 7.3000 0.7633 3.1500
v 7.3000 0.7900 3.1500
v 4.1000 0.7900 3.1500
v 4.1000 0.7900 3.4500
v 4.1000 0.7900 3.7500
v 4.1000 0.7900 4.0500
v 5.1667 0.7900 3.1500
v 5.1667 0.7900 3.4500
v 5.1667 0.7900 3.7500
v 5.1667 0.7900 4.0500
v 6.2333 0.7900 3.1500
v 6.2333 0.7900 3.4500
v 6.2333 0.7900 3.7500
v 6.2333 0.7900 4.0500
v 7.3000 0.7900 3.1500
v 7.3000 0.7900 3.4500
v 7.3000 0.7900 3.7500
v 7.3000 0.7900 4.0500
v 4.1000 0.7100 4.0500
v 4.1000 0.7100 3.7500
v 4.1000 0.7100 3.4500
v 4.1000 0.7100 3.1500
v 5.1667 0.7100 4.0500
v 5.1667 0.7100 3.7500
v 5.1667 0.7100 3.4500
v 5.1667 0.7100 3.1500
v 6.2333 0.7100 4.0500
v 6.2333 0.7100 3.7500
v 6.2333 0.7100 3.4500
v 6.2333 0.7100 3.1500
v 7.3000 0.7100 4.0500
v 7.3000 0.7100 3.7500
v 7.3000 0.7100 3.4500
v 7.3000 0.7100 3.1500
f 8473 8474 8478
f 8473 8478 8477
f 8474 8475 8479
f 8474 8479 8478
f 8475 8476 8480
f 8475 8480 8479
f 8477 8478 8482
f 8477 8482 8481
f 8478 8479 8483
f 8478 8483 8482
f 8479 8480 8484
f 8479 8484 8483
f 8481 8482 8486
f 8481 8486 8485
f 8482 8483 8487
f 8482 8487 8486
f 8483 8484 8488
f 8483 8488 8487
f 8489 8490 8494
f 8489 8494 8493
f 8490 8491 8495
f 8490 8495 8494
f 8491 8492 8496
f 8491 8496 8495
f 8493 8494 8498
f 8493 8498 8497
f 8494 8495 8499
f 8494 8499 8498
f 8495 8496 8500
f 8495 8500 8499
f 8497 8498 8502
f 8497 8502 8501
f 8498 8499 8503
f 8498 8503 8502
f 8499 8500 8504
f 8499 8504 8503
f 8505 8506 8510
f 8505 8510 8509
f 8506 8507 8511
f 8506 8511 8510
f 8507 8508 8512
f 8507 8512 8511
f 8509 8510 8514
f 8509 8514 8513
f 8510 8511 8515
f 8510 8515 8514
f 8511 8512 8516
f 8511 8516 8515
f 8513 8514 8518
f 8513 8518 8517
f 8514 8515 8519
f 8514 8519 8518
f 8515 8516 8520
f 8515 8520 8519
f 8521 8522 8526
f 8521 8526 8525
f 8522 8523 8527
f 8522 8527 8526
f 8523 8524 8528
f 8523 8528 8527
f 8525 8526 8530
f 8525 8530 8529
f 8526 8527 8531
f 8526 8531 8530
f 8527 8528 8532
f 8527 8532 8531
f 8529 8530 8534
f 8529 8534 8533
f 8530 8531 8535
f 8530 8535 8534
f 8531 8532 8536
f 8531 8536 8535
f 8537 8538 8542
f 8537 8542 8541
f 8538 8539 8543
f 8538 8543 8542
f 8539 8540 8544
f 8539 8544 8543
f 8541 8542 8546
f 8541 8546 8545
f 8542 8543 8547
f 8542 8547 8546
f 8543 8544 8548
f 8543 8548 8547
f 8545 8546 8550
f 8545 8550 8549
f 8546 8547 8551
f 8546 8551 8550
f 8547 8548 8552
f 8547 8552 8551
f 8553 8554 8558
f 8553 8558 8557
f 8554 8555 8559
f 8554 8559 8558
f 8555 8556 8560
f 8555 8560 8559
f 8557 8558 8562
f 8557 8562 8561
f 8558 8559 8563
f 8558 8563 8562
f 8559 8560 8564
f 8559 8564 8563
f 8561 8562 8566
f 8561 8566 8565
f 8562 8563 8567
f 8562 8567 8566
f 8563 8564 8568
f 8563 8568 8567
g 식탁 다리_0
v -7.1400 -0.0050 -3.9600
v -7.1400 0.2450 -3.9600
v -7.1400 0.4950 -3.9600
v -7.1400 0.7450 -3.9600
v -7.1133 -0.0050 -3.9600
v -7.1133 0.2450 -3.9600
v -7.1133 0.4950 -3.9600
v -7.1133 0.7450 -3.9600
v -7.0867 -0.0050 -3.9600
v -7.0867 0.2450 -3.9600
v -7.0867 0.4950 -3.9600
v -7.0867 0.7450 -3.9600
v -7.0600 -0.0050 -3.9600
v -7.0600 0.2450 -3.9600
v -7.0600 0.4950 -3.9600
v -7.0600 0.7450 -3.9600
v -7.0600 -0.0050 -4.0400
v -7.0600 0.2450 -4.0400
v -7.0600 0.4950 -4.0400
v -7.0600 0.7450 -4.0400
v -7.0867 -0.0050 -4.0400
v -7.0867 0.2450 -4.0400
v -7.0867 0.4950 -4.0400
v -7.0867 0.7450 -4.0400
v -7.1133 -0.0050 -4.0400
v -7.1133 0.2450 -4.0400
v -7.1133 0.4950 -4.0400
v -7.1133 0.7450 -4.0400
v -7.1400 -0.0050 -4.0400
v -7.1400 0.2450 -4.0400
v -7.1400 0.4950 -4.0400
v -7.1400 0.7450 -4.0400
v -7.1400 -0.0050 -4.0400
v -7.1400 0.2450 -4.0400
v -7.1400 0.4950 -4.0400
v -7.1400 0.7450 -4.0400
v -7.1400 -0.0050 -4.0133
v -7.1400 0.2450 -4.0133
v -7.1400 0.4950 -4.0133
v -7.1400 0.7450 -4.0133
v -7.1400 -0.0050 -3.9867
v -7.1400 0.2450 -3.9867
v -7.1400 0.4950 -3.9867
v -7.1400 0.7450 -3.9867
v -7.1400 -0.0050 -3.9600
v -7.1400 0.2450 -3.9600
v -7.1400 0.4950 -3.9600
v -7.1400 0.7450 -3.9600
v -7.0600 -0.0050 -3.9600
v -7.0600 0.2450 -3.9600
v -7.0600 0.4950 -3.9600
v -7.0600 0.7450 -3.9600
v -7.0600 -0.0050 -3.9867
v -7.0600 0.2450 -3.9867
v -7.0600 0.4950 -3.9867
v -7.0600 0.7450 -3.9867
v -7.0600 -0.0050 -4.0133
v -7.0600 0.2450 -4.0133
v -7.0600 0.4950 -4.0133
v -7.0600 0.7450 -4.0133
v -7.0600 -0.0050 -4.0400
v -7.0600 0.2450 -4.0400
v -7.0600 0.4950 -4.0400
v -7.0600 0.7450 -4.0400
v -7.1400 0.7450 -4.0400
v -7.1400 0.7450 -4.0133
v -7.1400 0.7450 -3.9867
v -7.1400 0.7450 -3.9600
v -7.1133 0.7450 -4.0400
v -7.1133 0.7450 -4.0133
v -7.1133 0.7450 -3.9867
v -7.1133 0.7450 -3.9600
v -7.0867 0.7450 -4.0400
v -7.0867 0.7450 -4.0133
v -7.0867 0.7450 -3.9867
v -7.0867 0.7450 -3.9600
v -7.0600 0.7450 -4.0400
v -7.0600 0.7450 -4.0133
v -7.0600 0.7450 -3.9867
v -7.0600 0.7450 -3.9600
v -7.1400 -0.0050 -3.9600
v -7.1400 -0.0050 -3.9867
v -7.1400 -0.0050 -4.0133
v -7.1400 -0.0050 -4.0400
v -7.1133 -0.0050 -3.9600
v -7.1133 -0.0050 -3.9867
v -7.1133 -0.0050 -4.0133
v -7.1133 -0.0050 -4.0400
v -7.0867 -0.0050 -3.9600
v -7.0867 -0.0050 -3.9867
v -7.0867 -0.0050 -4.0133
v -7.0867 -0.0050 -4.0400
v -7.0600 -0.0050 -3.9600
v -7.0600 -0.0050 -3.9867
v -7.0600 -0.0050 -4.0133
v -7.0600 -0.0050 -4.0400
f 8569 8570 8574
f 8569 8574 8573
f 8570 8571 8575
f 8570 8575 8574
f 8571 8572 8576
f 8571 8576 8575
f 8573 8574 8578
f 8573 8578 8577
f 8574 8575 8579
f 8574 8579 8578
f 8575 8576 8580
f 8575 8580 8579
f 8577 8578 8582
f 8577 8582 8581
f 8578 8579 8583
f 8578 8583 8582
f 8579 8580 8584
f 8579 8584 8583
f 8585 8586 8590
f 8585 8590 8589
f 8586 8587 8591
f 8586 8591 8590
f 8587 8588 8592
f 8587 8592 8591
f 8589 8590 8594
f 8589 8594 8593
f 8590 8591 8595
f 8590 8595 8594
f 8591 8592 8596
f 8591 8596 8595
f 8593 8594 8598
f 8593 8598 8597
f 8594 8595 8599
f 8594 8599 8598
f 8595 8596 8600
f 8595 8600 8599
f 8601 8602 8606
f 8601 8606 8605
f 8602 8603 8607
f 8602 8607 8606
f 8603 8604 8608
f 8603 8608 8607
f 8605 8606 8610
f 8605 8610 8609
f 8606 8607 8611
f 8606 8611 8610
f 8607 8608 8612
f 8607 8612 8611
f 8609 8610 8614
f 8609 8614 8613
f 8610 8611 8615
f 8610 8615 8614
f 8611 8612 8616
f 8611 8616 8615
f 8617 8618 8622
f 8617 8622 8621
f 8618 8619 8623
f 8618 8623 8622
f 8619 8620 8624
f 8619 8624 8623
f 8621 8622 8626
f 8621 8626 8625
f 8622 8623 8627
f 8622 8627 8626
f 8623 8624 8628
f 8623 8628 8627
f 8625 8626 8630
f 8625 8630 8629
f 8626 8627 8631
f 8626 8631 8630
f 8627 8628 8632
f 8627 8632 8631
f 8633 8634 8638
f 8633 8638 8637
f 8634 8635 8639
f 8634 8639 8638
f 8635 8636 8640
f 8635 8640 8639
f 8637 8638 8642
f 8637 8642 8641
f 8638 8639 8643
f 8638 8643 8642
f 8639 8640 8644
f 8639 8644 8643
f 8641 8642 8646
f 8641 8646 8645
f 8642 8643 8647
f 8642 8647 8646
f 8643 8644 8648
f 8643 8648 8647
f 8649 8650 8654
f 8649 8654 8653
f 8650 8651 8655
f 8650 8655 8654
f 8651 8652 8656
f 8651 8656 8655
f 8653 8654 8658
f 8653 8658 8657
f 8654 8655 8659
f 8654 8659 8658
f 8655 8656 8660
f 8655 8660 8659
f 8657 8658 8662
f 8657 8662 8661
f 8658 8659 8663
f 8658 8663 8662
f 8659 8660 8664
f 8659 8664 8663
g 식탁 다리_1
v -7.1400 -0.0050 -0.1600
v -7.1400 0.2450 -0.1600
v -7.1400 0.4950 -0.1600
v -7.1400 0.7450 -0.1600
v -7.1133 -0.0050 -0.1600
v -7.1133 0.2450 -0.1600
v -7.1133 0.4950 -0.1600
v -7.1133 0.7450 -0.1600
v -7.0867 -0.0050 -0.1600
v -7.0867 0.2450 -0.1600
v -7.0867 0.4950 -0.1600
v -7.0867 0.7450 -0.1600
v -7.0600 -0.0050 -0.1600
v -7.0600 0.2450 -0.1600
v -7.0600 0.4950 -0.1600
v -7.0600 0.7450 -0.1600
v -7.0600 -0.0050 -0.2400
v -7.0600 0.2450 -0.2400
v -7.0600 0.4950 -0.2400
v -7.0600 0.7450 -0.2400
v -7.0867 -0.0050 -0.2400
v -7.0867 0.2450 -0.2400
v -7.0867 0.4950 -0.2400
v -7.0867 0.7450 -0.2400
v -7.1133 -0.0050 -0.2400
v -7.1133 0.2450 -0.2400
v -7.1133 0.4950 -0.2400
v -7.1133 0.7450 -0.2400
v -7.1400 -0.0050 -0.2400
v -7.1400 0.2450 -0.2400
v -7.1400 0.4950 -0.2400
v -7.1400 0.7450 -0.2400
v -7.1400 -0.0050 -0.2400
v -7.1400 0.2450 -0.2400
v -7.1400 0.4950 -0.2400
v -7.1400 0.7450 -0.2400
v -7.1400 -0.0050 -0.2133
v -7.1400 0.2450 -0.2133
v -7.1400 0.4950 -0.2133
v -7.1400 0.7450 -0.2133
v -7.1400 -0.0050 -0.1867
v -7.1400 0.2450 -0.1867
v -7.1400 0.4950 -0.1867
v -7.1400 0.7450 -0.1867
v -7.1400 -0.0050 -0.1600
v -7.1400 0.2450 -0.1600
v -7.1400 0.4950 -0.1600
v -7.1400 0.7450 -0.1600
v -7.0600 -0.0050 -0.1600
v -7.0600 0.2450 -0.1600
v -7.0600 0.4950 -0.1600
v -7.0600 0.7450 -0.1600
v -7.0600 -0.0050 -0.1867
v -7.0600 0.2450 -0.1867
v -7.0600 0.4950 -0.1867
v -7.0600 0.7450 -0.1867
v -7.0600 -0.0050 -0.2133
v -7.0600 0.2450 -0.2133
v -7.0600 0.4950 -0.2133
v -7.0600 0.7450 -0.2133
v -7.0600 -0.0050 -0.2400
v -7.0600 0.2450 -0.2400
v -7.0600 0.4950 -0.2400
v -7.0600 0.7450 -0.2400
v -7.1400 0.7450 -0.2400
v -7.1400 0.7450 -0.2133
v -7.1400 0.7450 -0.1867
v -7.1400 0.7450 -0.1600
v -7.1133 0.7450 -0.2400
v -7.1133 0.7450 -0.2133
v -7.1133 0.7450 -0.1867
v -7.1133 0.7450 -0.1600
v -7.0867 0.7450 -0.2400
v -7.0867 0.7450 -0.2133
v -7.0867 0.7450 -0.1867
v -7.0867 0.7450 -0.1600
v -7.0600 0.7450 -0.2400
v -7.0600 0.7450 -0.2133
v -7.0600 0.7450 -0.1867
v -7.0600 0.7450 -0.1600
v -7.1400 -0.0050 -0.1600
v -7.1400 -0.0050 -0.1867
v -7.1400 -0.0050 -0.2133
v -7.1400 -0.0050 -0.2400
v -7.1133 -0.0050 -0.1600
v -7.1133 -0.0050 -0.1867
v -7.1133 -0.0050 -0.2133
v -7.1133 -0.0050 -0.2400
v -7.0867 -0.0050 -0.1600
v -7.0867 -0.0050 -0.1867
v -7.0867 -0.0050 -0.2133
v -7.0867 -0.0050 -0.2400
v -7.0600 -0.0050 -0.1600
v -7.0600 -0.0050 -0.1867
v -7.0600 -0.0050 -0.2133
v -7.0600 -0.0050 -0.2400
f 8665 8666 8670
f 8665 8670 8669
f 8666 8667 8671
f 8666 8671 8670
f 8667 8668 8672
f 8667 8672 8671
f 8669 8670 8674
f 8669 8674 8673
f 8670 8671 8675
f 8670 8675 8674
f 8671 8672 8676
f 8671 8676 8675
f 8673 8674 8678
f 8673 8678 8677
f 8674 8675 8679
f 8674 8679 8678
f 8675 8676 8680
f 8675 8680 8679
f 8681 8682 8686
f 8681 8686 8685
f 8682 8683 8687
f 8682 8687 8686
f 8683 8684 8688
f 8683 8688 8687
f 8685 8686 8690
f 8685 8690 8689
f 8686 8687 8691
f 8686 8691 8690
f 8687 8688 8692
f 8687 8692 8691
f 8689 8690 8694
f 8689 8694 8693
f 8690 8691 8695
f 8690 8695 8694
f 8691 8692 8696
f 8691 8696 8695
f 8697 8698 8702
f 8697 8702 8701
f 8698 8699 8703
f 8698 8703 8702
f 8699 8700 8704
f 8699 8704 8703
f 8701 8702 8706
f 8701 8706 8705
f 8702 8703 8707
f 8702 8707 8706
f 8703 8704 8708
f 8703 8708 8707
f 8705 8706 8710
f 8705 8710 8709
f 8706 8707 8711
f 8706 8711 8710
f 8707 8708 8712
f 8707 8712 8711
f 8713 8714 8718
f 8713 8718 8717
f 8714 8715 8719
f 8714 8719 8718
f 8715 8716 8720
f 8715 8720 8719
f 8717 8718 8722
f 8717 8722 8721
f 8718 8719 8723
f 8718 8723 8722
f 8719 8720 8724
f 8719 8724 8723
f 8721 8722 8726
f 8721 8726 8725
f 8722 8723 8727
f 8722 8727 8726
f 8723 8724 8728
f 8723 8728 8727
f 8729 8730 8734
f 8729 8734 8733
f 8730 8731 8735
f 8730 8735 8734
f 8731 8732 8736
f 8731 8736 8735
f 8733 8734 8738
f 8733 8738 8737
f 8734 8735 8739
f 8734 8739 8738
f 8735 8736 8740
f 8735 8740 8739
f 8737 8738 8742
f 8737 8742 8741
f 8738 8739 8743
f 8738 8743 8742
f 8739 8740 8744
f 8739 8744 8743
f 8745 8746 8750
f 8745 8750 8749
f 8746 8747 8751
f 8746 8751 8750
f 8747 8748 8752
f 8747 8752 8751
f 8749 8750 8754
f 8749 8754 8753
f 8750 8751 8755
f 8750 8755 8754
f 8751 8752 8756
f 8751 8756 8755
f 8753 8754 8758
f 8753 8758 8757
f 8754 8755 8759
f 8754 8759 8758
f 8755 8756 8760
f 8755 8760 8759
g 식탁 다리_2
v -7.1400 -0.0050 3.6400
v -7.1400 0.2450 3.6400
v -7.1400 0.4950 3.6400
v -7.1400 0.7450 3.6400
v -7.1133 -0.0050 3.6400
v -7.1133 0.2450 3.6400
v -7.1133 0.4950 3.6400
v -7.1133 0.7450 3.6400
v -7.0867 -0.0050 3.6400
v -7.0867 0.2450 3.6400
v -7.0867 0.4950 3.6400
v -7.0867 0.7450 3.6400
v -7.0600 -0.0050 3.6400
v -7.0600 0.2450 3.6400
v -7.0600 0.4950 3.6400
v -7.0600 0.7450 3.6400
v -7.0600 -0.0050 3.5600
v -7.0600 0.2450 3.5600
v -7.0600 0.4950 3.5600
v -7.0600 0.7450 3.5600
v -7.0867 -0.0050 3.5600
v -7.0867 0.2450 3.5600
v -7.0867 0.4950 3.5600
v -7.0867 0.7450 3.5600
v -7.1133 -0.0050 3.5600
v -7.1133 0.2450 3.5600
v -7.1133 0.4950 3.5600
v -7.1133 0.7450 3.5600
v -7.1400 -0.0050 3.5600
v -7.1400 0.2450 3.5600
v -7.1400 0.4950 3.5600
v -7.1400 0.7450 3.5600
v -7.1400 -0.0050 3.5600
v -7.1400 0.2450 3.5600
v -7.1400 0.4950 3.5600
v -7.1400 0.7450 3.5600
v -7.1400 -0.0050 3.5867
v -7.1400 0.2450 3.5867
v -7.1400 0.4950 3.5867
v -7.1400 0.7450 3.5867
v -7.1400 -0.0050 3.6133
v -7.1400 0.2450 3.6133
v -7.1400 0.4950 3.6133
v -7.1400 0.7450 3.6133
v -7.1400 -0.0050 3.6400
v -7.1400 0.2450 3.6400
v -7.1400 0.4950 3.6400
v -7.1400 0.7450 3.6400
v -7.0600 -0.0050 3.6400
v -7.0600 0.2450 3.6400
v -7.0600 0.4950 3.6400
v -7.0600 0.7450 3.6400
v -7.0600 -0.0050 3.6133
v -7.0600 0.2450 3.6133
v -7.0600 0.4950 3.6133
v -7.0600 0.7450 3.6133
v -7.0600 -0.0050 3.5867
v -7.0600 0.2450 3.5867
v -7.0600 0.4950 3.5867
v -7.0600 0.7450 3.5867
v -7.0600 -0.0050 3.5600
v -7.0600 0.2450 3.5600
v -7.0600 0.4950 3.5600
v -7.0600 0.7450 3.5600
v -7.1400 0.7450 3.5600
v -7.1400 0.7450 3.5867
v -7.1400 0.7450 3.6133
v -7.1400 0.7450 3.6400
v -7.1133 0.7450 3.5600
v -7.1133 0.7450 3.5867
v -7.1133 0.7450 3.6133
v -7.1133 0.7450 3.6400
v -7.0867 0.7450 3.5600
v -7.0867 0.7450 3.5867
v -7.0867 0.7450 3.6133
v -7.0867 0.7450 3.6400
v -7.0600 0.7450 3.5600
v -7.0600 0.7450 3.5867
v -7.0600 0.7450 3.6133
v -7.0600 0.7450 3.6400
v -7.1400 -0.0050 3.6400
v -7.1400 -0.0050 3.6133
v -7.1400 -0.0050 3.5867
v -7.1400 -0.0050 3.5600
v -7.1133 -0.0050 3.6400
v -7.1133 -0.0050 3.6133
v -7.1133 -0.0050 3.5867
v -7.1133 -0.0050 3.5600
v -7.0867 -0.0050 3.6400
v -7.0867 -0.0050 3.6133
v -7.0867 -0.0050 3.5867
v -7.0867 -0.0050 3.5600
v -7.0600 -0.0050 3.6400
v -7.0600 -0.0050 3.6133
v -7.0600 -0.0050 3.5867
v -7.0600 -0.0050 3.5600
f 8761 8762 8766
f 8761 8766 8765
f 8762 8763 8767
f 8762 8767 8766
f 8763 8764 8768
f 8763 8768 8767
f 8765 8766 8770
f 8765 8770 8769
f 8766 8767 8771
f 8766 8771 8770
f 8767 8768 8772
f 8767 8772 8771
f 8769 8770 8774
f 8769 8774 8773
f 8770 8771 8775
f 8770 8775 8774
f 8771 8772 8776
f 8771 8776 8775
f 8777 8778 8782
f 8777 8782 8781
f 8778 8779 8783
f 8778 8783 8782
f 8779 8780 8784
f 8779 8784 8783
f 8781 8782 8786
f 8781 8786 8785
f 8782 8783 8787
f 8782 8787 8786
f 8783 8784 8788
f 8783 8788 8787
f 8785 8786 8790
f 8785 8790 8789
f 8786 8787 8791
f 8786 8791 8790
f 8787 8788 8792
f 8787 8792 8791
f 8793 8794 8798
f 8793 8798 8797
f 8794 8795 8799
f 8794 8799 8798
f 8795 8796 8800
f 8795 8800 8799
f 8797 8798 8802
f 8797 8802 8801
f 8798 8799 8803
f 8798 8803 8802
f 8799 8800 8804
f 8799 8804 8803
f 8801 8802 8806
f 8801 8806 8805
f 8802 8803 8807
f 8802 8807 8806
f 8803 8804 8808
f 8803 8808 8807
f 8809 8810 8814
f 8809 8814 8813
f 8810 8811 8815
f 8810 8815 8814
f 8811 8812 8816
f 8811 8816 8815
f 8813 8814 8818
f 8813 8818 8817
f 8814 8815 8819
f 8814 8819 8818
f 8815 8816 8820
f 8815 8820 8819
f 8817 8818 8822
f 8817 8822 8821
f 8818 8819 8823
f 8818 8823 8822
f 8819 8820 8824
f 8819 8824 8823
f 8825 8826 8830
f 8825 8830 8829
f 8826 8827 8831
f 8826 8831 8830
f 8827 8828 8832
f 8827 8832 8831
f 8829 8830 8834
f 8829 8834 8833
f 8830 8831 8835
f 8830 8835 8834
f 8831 8832 8836
f 8831 8836 8835
f 8833 8834 8838
f 8833 8838 8837
f 8834 8835 8839
f 8834 8839 8838
f 8835 8836 8840
f 8835 8840 8839
f 8841 8842 8846
f 8841 8846 8845
f 8842 8843 8847
f 8842 8847 8846
f 8843 8844 8848
f 8843 8848 8847
f 8845 8846 8850
f 8845 8850 8849
f 8846 8847 8851
f 8846 8851 8850
f 8847 8848 8852
f 8847 8852 8851
f 8849 8850 8854
f 8849 8854 8853
f 8850 8851 8855
f 8850 8855 8854
f 8851 8852 8856
f 8851 8856 8855
g 식탁 다리_3
v -3.3400 -0.0050 -3.9600
v -3.3400 0.2450 -3.9600
v -3.3400 0.4950 -3.9600
v -3.3400 0.7450 -3.9600
v -3.3133 -0.0050 -3.9600
v -3.3133 0.2450 -3.9600
v -3.3133 0.4950 -3.9600
v -3.3133 0.7450 -3.9600
v -3.2867 -0.0050 -3.9600
v -3.2867 0.2450 -3.9600
v -3.2867 0.4950 -3.9600
v -3.2867 0.7450 -3.9600
v -3.2600 -0.0050 -3.9600
v -3.2600 0.2450 -3.9600
v -3.2600 0.4950 -3.9600
v -3.2600 0.7450 -3.9600
v -3.2600 -0.0050 -4.0400
v -3.2600 0.2450 -4.0400
v -3.2600 0.4950 -4.0400
v -3.2600 0.7450 -4.0400
v -3.2867 -0.0050 -4.0400
v -3.2867 0.2450 -4.0400
v -3.2867 0.4950 -4.0400
v -3.2867 0.7450 -4.0400
v -3.3133 -0.0050 -4.0400
v -3.3133 0.2450 -4.0400
v -3.3133 0.4950 -4.0400
v -3.3133 0.7450 -4.0400
v -3.3400 -0.0050 -4.0400
v -3.3400 0.2450 -4.0400
v -3.3400 0.4950 -4.0400
v -3.3400 0.7450 -4.0400
v -3.3400 -0.0050 -4.0400
v -3.3400 0.2450 -4.0400
v -3.3400 0.4950 -4.0400
v -3.3400 0.7450 -4.0400
v -3.3400 -0.0050 -4.0133
v -3.3400 0.2450 -4.0133
v -3.3400 0.4950 -4.0133
v -3.3400 0.7450 -4.0133
v -3.3400 -0.0050 -3.9867
v -3.3400 0.2450 -3.9867
v -3.3400 0.4950 -3.9867
v -3.3400 0.7450 -3.9867
v -3.3400 -0.0050 -3.9600
v -3.3400 0.2450 -3.9600
v -3.3400 0.4950 -3.9600
v -3.3400 0.7450 -3.9600
v -3.2600 -0.0050 -3.9600
v -3.2600 0.2450 -3.9600
v -3.2600 0.4950 -3.9600
v -3.2600 0.7450 -3.9600
v -3.2600 -0.0050 -3.9867
v -3.2600 0.2450 -3.9867
v -3.2600 0.4950 -3.9867
v -3.2600 0.7450 -3.9867
v -3.2600 -0.0050 -4.0133
v -3.2600 0.2450 -4.0133
v -3.2600 0.4950 -4.0133
v -3.2600 0.7450 -4.0133
v -3.2600 -0.0050 -4.0400
v -3.2600 0.2450 -4.0400
v -3.2600 0.4950 -4.0400
v -3.2600 0.7450 -4.0400
v -3.3400 0.7450 -4.0400
v -3.3400 0.7450 -4.0133
v -3.3400 0.7450 -3.9867
v -3.3400 0.7450 -3.9600
v -3.3133 0.7450 -4.0400
v -3.3133 0.7450 -4.0133
v -3.3133 0.7450 -3.9867
v -3.3133 0.7450 -3.9600
v -3.2867 0.7450 -4.0400
v -3.2867 0.7450 -4.0133
v -3.2867 0.7450 -3.9867
v -3.2867 0.7450 -3.9600
v -3.2600 0.7450 -4.0400
v -3.2600 0.7450 -4.0133
v -3.2600 0.7450 -3.9867
v -3.2600 0.7450 -3.9600
v -3.3400 -0.0050 -3.9600
v -3.3400 -0.0050 -3.9867
v -3.3400 -0.0050 -4.0133
v -3.3400 -0.0050 -4.0400
v -3.3133 -0.0050 -3.9600
v -3.3133 -0.0050 -3.9867
v -3.3133 -0.0050 -4.0133
v -3.3133 -0.0050 -4.0400
v -3.2867 -0.0050 -3.9600
v -3.2867 -0.0050 -3.9867
v -3.2867 -0.0050 -4.0133
v -3.2867 -0.0050 -4.0400
v -3.2600 -0.0050 -3.9600
v -3.2600 -0.0050 -3.9867
v -3.2600 -0.0050 -4.0133
v -3.2600 -0.0050 -4.0400
f 8857 8858 8862
f 8857 8862 8861
f 8858 8859 8863
f 8858 8863 8862
f 8859 8860 8864
f 8859 8864 8863
f 8861 8862 8866
f 8861 8866 8865
f 8862 8863 8867
f 8862 8867 8866
f 8863 8864 8868
f 8863 8868 8867
f 8865 8866 8870
f 8865 8870 8869
f 8866 8867 8871
f 8866 8871 8870
f 8867 8868 8872
f 8867 8872 8871
f 8873 8874 8878
f 8873 8878 8877
f 8874 8875 8879
f 8874 8879 8878
f 8875 8876 8880
f 8875 8880 8879
f 8877 8878 8882
f 8877 8882 8881
f 8878 8879 8883
f 8878 8883 8882
f 8879 8880 8884
f 8879 8884 8883
f 8881 8882 8886
f 8881 8886 8885
f 8882 8883 8887
f 8882 8887 8886
f 8883 8884 8888
f 8883 8888 8887
f 8889 8890 8894
f 8889 8894 8893
f 8890 8891 8895
f 8890 8895 8894
f 8891 8892 8896
f 8891 8896 8895
f 8893 8894 8898
f 8893 8898 8897
f 8894 8895 8899
f 8894 8899 8898
f 8895 8896 8900
f 8895 8900 8899
f 8897 8898 8902
f 8897 8902 8901
f 8898 8899 8903
f 8898 8903 8902
f 8899 8900 8904
f 8899 8904 8903
f 8905 8906 8910
f 8905 8910 8909
f 8906 8907 8911
f 8906 8911 8910
f 8907 8908 8912
f 8907 8912 8911
f 8909 8910 8914
f 8909 8914 8913
f 8910 8911 8915
f 8910 8915 8914
f 8911 8912 8916
f 8911 8916 8915
f 8913 8914 8918
f 8913 8918 8917
f 8914 8915 8919
f 8914 8919 8918
f 8915 8916 8920
f 8915 8920 8919
f 8921 8922 8926
f 8921 8926 8925
f 8922 8923 8927
f 8922 8927 8926
f 8923 8924 8928
f 8923 8928 8927
f 8925 8926 8930
f 8925 8930 8929
f 8926 8927 8931
f 8926 8931 8930
f 8927 8928 8932
f 8927 8932 8931
f 8929 8930 8934
f 8929 8934 8933
f 8930 8931 8935
f 8930 8935 8934
f 8931 8932 8936
f 8931 8936 8935
f 8937 8938 8942
f 8937 8942 8941
f 8938 8939 8943
f 8938 8943 8942
f 8939 8940 8944
f 8939 8944 8943
f 8941 8942 8946
f 8941 8946 8945
f 8942 8943 8947
f 8942 8947 8946
f 8943 8944 8948
f 8943 8948 8947
f 8945 8946 8950
f 8945 8950 8949
f 8946 8947 8951
f 8946 8951 8950
f 8947 8948 8952
f 8947 8952 8951
g 식탁 다리_4
v -3.3400 -0.0050 -0.1600
v -3.3400 0.2450 -0.1600
v -3.3400 0.4950 -0.1600
v -3.3400 0.7450 -0.1600
v -3.3133 -0.0050 -0.1600
v -3.3133 0.2450 -0.1600
v -3.3133 0.4950 -0.1600
v -3.3133 0.7450 -0.1600
v -3.2867 -0.0050 -0.1600
v -3.2867 0.2450 -0.1600
v -3.2867 0.4950 -0.1600
v -3.2867 0.7450 -0.1600
v -3.2600 -0.0050 -0.1600
v -3.2600 0.2450 -0.1600
v -3.2600 0.4950 -0.1600
v -3.2600 0.7450 -0.1600
v -3.2600 -0.0050 -0.2400
v -3.2600 0.2450 -0.2400
v -3.2600 0.4950 -0.2400
v -3.2600 0.7450 -0.2400
v -3.2867 -0.0050 -0.2400
v -3.2867 0.2450 -0.2400
v -3.2867 0.4950 -0.2400
v -3.2867 0.7450 -0.2400
v -3.3133 -0.0050 -0.2400
v -3.3133 0.2450 -0.2400
v -3.3133 0.4950 -0.2400
v -3.3133 0.7450 -0.2400
v -3.3400 -0.0050 -0.2400
v -3.3400 0.2450 -0.2400
v -3.3400 0.4950 -0.2400
v -3.3400 0.7450 -0.2400
v -3.3400 -0.0050 -0.2400
v -3.3400 0.2450 -0.2400
v -3.3400 0.4950 -0.2400
v -3.3400 0.7450 -0.2400
v -3.3400 -0.0050 -0.2133
v -3.3400 0.2450 -0.2133
v -3.3400 0.4950 -0.2133
v -3.3400 0.7450 -0.2133
v -3.3400 -0.0050 -0.1867
v -3.3400 0.2450 -0.1867
v -3.3400 0.4950 -0.1867
v -3.3400 0.7450 -0.1867
v -3.3400 -0.0050 -0.1600
v -3.3400 0.2450 -0.1600
v -3.3400 0.4950 -0.1600
v -3.3400 0.7450 -0.1600
v -3.2600 -0.0050 -0.1600
v -3.2600 0.2450 -0.1600
v -3.2600 0.4950 -0.1600
v -3.2600 0.7450 -0.1600
v -3.2600 -0.0050 -0.1867
v -3.2600 0.2450 -0.1867
v -3.2600 0.4950 -0.1867
v -3.2600 0.7450 -0.1867
v -3.2600 -0.0050 -0.2133
v -3.2600 0.2450 -0.2133
v -3.2600 0.4950 -0.2133
v -3.2600 0.7450 -0.2133
v -3.2600 -0.0050 -0.2400
v -3.2600 0.2450 -0.2400
v -3.2600 0.4950 -0.2400
v -3.2600 0.7450 -0.2400
v -3.3400 0.7450 -0.2400
v -3.3400 0.7450 -0.2133
v -3.3400 0.7450 -0.1867
v -3.3400 0.7450 -0.1600
v -3.3133 0.7450 -0.2400
v -3.3133 0.7450 -0.2133
v -3.3133 0.7450 -0.1867
v -3.3133 0.7450 -0.1600
v -3.2867 0.7450 -0.2400
v -3.2867 0.7450 -0.2133
v -3.2867 0.7450 -0.1867
v -3.2867 0.7450 -0.1600
v -3.2600 0.7450 -0.2400
v -3.2600 0.7450 -0.2133
v -3.2600 0.7450 -0.1867
v -3.2600 0.7450 -0.1600
v -3.3400 -0.0050 -0.1600
v -3.3400 -0.0050 -0.1867
v -3.3400 -0.0050 -0.2133
v -3.3400 -0.0050 -0.2400
v -3.3133 -0.0050 -0.1600
v -3.3133 -0.0050 -0.1867
v -3.3133 -0.0050 -0.2133
v -3.3133 -0.0050 -0.2400
v -3.2867 -0.0050 -0.1600
v -3.2867 -0.0050 -0.1867
v -3.2867 -0.0050 -0.2133
v -3.2867 -0.0050 -0.2400
v -3.2600 -0.0050 -0.1600
v -3.2600 -0.0050 -0.1867
v -3.2600 -0.0050 -0.2133
v -3.2600 -0.0050 -0.2400
f 8953 8954 8958
f 8953 8958 8957
f 8954 8955 8959
f 8954 8959 8958
f 8955 8956 8960
f 8955 8960 8959
f 8957 8958 8962
f 8957 8962 8961
f 8958 8959 8963
f 8958 8963 8962
f 8959 8960 8964
f 8959 8964 8963
f 8961 8962 8966
f 8961 8966 8965
f 8962 8963 8967
f 8962 8967 8966
f 8963 8964 8968
f 8963 8968 8967
f 8969 8970 8974
f 8969 8974 8973
f 8970 8971 8975
f 8970 8975 8974
f 8971 8972 8976
f 8971 8976 8975
f 8973 8974 8978
f 8973 8978 8977
f 8974 8975 8979
f 8974 8979 8978
f 8975 8976 8980
f 8975 8980 8979
f 8977 8978 8982
f 8977 8982 8981
f 8978 8979 8983
f 8978 8983 8982
f 8979 8980 8984
f 8979 8984 8983
f 8985 8986 8990
f 8985 8990 8989
f 8986 8987 8991
f 8986 8991 8990
f 8987 8988 8992
f 8987 8992 8991
f 8989 8990 8994
f 8989 8994 8993
f 8990 8991 8995
f 8990 8995 8994
f 8991 8992 8996
f 8991 8996 8995
f 8993 8994 8998
f 8993 8998 8997
f 8994 8995 8999
f 8994 8999 8998
f 8995 8996 9000
f 8995 9000 8999
f 9001 9002 9006
f 9001 9006 9005
f 9002 9003 9007
f 9002 9007 9006
f 9003 9004 9008
f 9003 9008 9007
f 9005 9006 9010
f 9005 9010 9009
f 9006 9007 9011
f 9006 9011 9010
f 9007 9008 9012
f 9007 9012 9011
f 9009 9010 9014
f 9009 9014 9013
f 9010 9011 9015
f 9010 9015 9014
f 9011 9012 9016
f 9011 9016 9015
f 9017 9018 9022
f 9017 9022 9021
f 9018 9019 9023
f 9018 9023 9022
f 9019 9020 9024
f 9019 9024 9023
f 9021 9022 9026
f 9021 9026 9025
f 9022 9023 9027
f 9022 9027 9026
f 9023 9024 9028
f 9023 9028 9027
f 9025 9026 9030
f 9025 9030 9029
f 9026 9027 9031
f 9026 9031 9030
f 9027 9028 9032
f 9027 9032 9031
f 9033 9034 9038
f 9033 9038 9037
f 9034 9035 9039
f 9034 9039 9038
f 9035 9036 9040
f 9035 9040 9039
f 9037 9038 9042
f 9037 9042 9041
f 9038 9039 9043
f 9038 9043 9042
f 9039 9040 9044
f 9039 9044 9043
f 9041 9042 9046
f 9041 9046 9045
f 9042 9043 9047
f 9042 9047 9046
f 9043 9044 9048
f 9043 9048 9047
g 식탁 다리_5
v -3.3400 -0.0050 3.6400
v -3.3400 0.2450 3.6400
v -3.3400 0.4950 3.6400
v -3.3400 0.7450 3.6400
v -3.3133 -0.0050 3.6400
v -3.3133 0.2450 3.6400
v -3.3133 0.4950 3.6400
v -3.3133 0.7450 3.6400
v -3.2867 -0.0050 3.6400
v -3.2867 0.2450 3.6400
v -3.2867 0.4950 3.6400
v -3.2867 0.7450 3.6400
v -3.2600 -0.0050 3.6400
v -3.2600 0.2450 3.6400
v -3.2600 0.4950 3.6400
v -3.2600 0.7450 3.6400
v -3.2600 -0.0050 3.5600
v -3.2600 0.2450 3.5600
v -3.2600 0.4950 3.5600
v -3.2600 0.7450 3.5600
v -3.2867 -0.0050 3.5600
v -3.2867 0.2450 3.5600
v -3.2867 0.4950 3.5600
v -3.2867 0.7450 3.5600
v -3.3133 -0.0050 3.5600
v -3.3133 0.2450 3.5600
v -3.3133 0.4950 3.5600
v -3.3133 0.7450 3.5600
v -3.3400 -0.0050 3.5600
v -3.3400 0.2450 3.5600
v -3.3400 0.4950 3.5600
v -3.3400 0.7450 3.5600
v -3.3400 -0.0050 3.5600
v -3.3400 0.2450 3.5600
v -3.3400 0.4950 3.5600
v -3.3400 0.7450 3.5600
v -3.3400 -0.0050 3.5867
v -3.3400 0.2450 3.5867
v -3.3400 0.4950 3.5867
v -3.3400 0.7450 3.5867
v -3.3400 -0.0050 3.6133
v -3.3400 0.2450 3.6133
v -3.3400 0.4950 3.6133
v -3.3400 0.7450 3.6133
v -3.3400 -0.0050 3.6400
v -3.3400 0.2450 3.6400
v -3.3400 0.4950 3.6400
v -3.3400 0.7450 3.6400
v -3.2600 -0.0050 3.6400
v -3.2600 0.2450 3.6400
v -3.2600 0.4950 3.6400
v -3.2600 0.7450 3.6400
v -3.2600 -0.0050 3.6133
v -3.2600 0.2450 3.6133
v -3.2600 0.4950 3.6133
v -3.2600 0.7450 3.6133
v -3.2600 -0.0050 3.5867
v -3.2600 0.2450 3.5867
v -3.2600 0.4950 3.5867
v -3.2600 0.7450 3.5867
v -3.2600 -0.0050 3.5600
v -3.2600 0.2450 3.5600
v -3.2600 0.4950 3.5600
v -3.2600 0.7450 3.5600
v -3.3400 0.7450 3.5600
v -3.3400 0.7450 3.5867
v -3.3400 0.7450 3.6133
v -3.3400 0.7450 3.6400
v -3.3133 0.7450 3.5600
v -3.3133 0.7450 3.5867
v -3.3133 0.7450 3.6133
v -3.3133 0.7450 3.6400
v -3.2867 0.7450 3.5600
v -3.2867 0.7450 3.5867
v -3.2867 0.7450 3.6133
v -3.2867 0.7450 3.6400
v -3.2600 0.7450 3.5600
v -3.2600 0.7450 3.5867
v -3.2600 0.7450 3.6133
v -3.2600 0.7450 3.6400
v -3.3400 -0.0050 3.6400
v -3.3400 -0.0050 3.6133
v -3.3400 -0.0050 3.5867
v -3.3400 -0.0050 3.5600
v -3.3133 -0.0050 3.6400
v -3.3133 -0.0050 3.6133
v -3.3133 -0.0050 3.5867
v -3.3133 -0.0050 3.5600
v -3.2867 -0.0050 3.6400
v -3.2867 -0.0050 3.6133
v -3.2867 -0.0050 3.5867
v -3.2867 -0.0050 3.5600
v -3.2600 -0.0050 3.6400
v -3.2600 -0.0050 3.6133
v -3.2600 -0.0050 3.5867
v -3.2600 -0.0050 3.5600
f 9049 9050 9054
f 9049 9054 9053
f 9050 9051 9055
f 9050 9055 9054
f 9051 9052 9056
f 9051 9056 9055
f 9053 9054 9058
f 9053 9058 9057
f 9054 9055 9059
f 9054 9059 9058
f 9055 9056 9060
f 9055 9060 9059
f 9057 9058 9062
f 9057 9062 9061
f 9058 9059 9063
f 9058 9063 9062
f 9059 9060 9064
f 9059 9064 9063
f 9065 9066 9070
f 9065 9070 9069
f 9066 9067 9071
f 9066 9071 9070
f 9067 9068 9072
f 9067 9072 9071
f 9069 9070 9074
f 9069 9074 9073
f 9070 9071 9075
f 9070 9075 9074
f 9071 9072 9076
f 9071 9076 9075
f 9073 9074 9078
f 9073 9078 9077
f 9074 9075 9079
f 9074 9079 9078
f 9075 9076 9080
f 9075 9080 9079
f 9081 9082 9086
f 9081 9086 9085
f 9082 9083 9087
f 9082 9087 9086
f 9083 9084 9088
f 9083 9088 9087
f 9085 9086 9090
f 9085 9090 9089
f 9086 9087 9091
f 9086 9091 9090
f 9087 9088 9092
f 9087 9092 9091
f 9089 9090 9094
f 9089 9094 9093
f 9090 9091 9095
f 9090 9095 9094
f 9091 9092 9096
f 9091 9096 9095
f 9097 9098 9102
f 9097 9102 9101
f 9098 9099 9103
f 9098 9103 9102
f 9099 9100 9104
f 9099 9104 9103
f 9101 9102 9106
f 9101 9106 9105
f 9102 9103 9107
f 9102 9107 9106
f 9103 9104 9108
f 9103 9108 9107
f 9105 9106 9110
f 9105 9110 9109
f 9106 9107 9111
f 9106 9111 9110
f 9107 9108 9112
f 9107 9112 9111
f 9113 9114 9118
f 9113 9118 9117
f 9114 9115 9119
f 9114 9119 9118
f 9115 9116 9120
f 9115 9120 9119
f 9117 9118 9122
f 9117 9122 9121
f 9118 9119 9123
f 9118 9123 9122
f 9119 9120 9124
f 9119 9124 9123
f 9121 9122 9126
f 9121 9126 9125
f 9122 9123 9127
f 9122 9127 9126
f 9123 9124 9128
f 9123 9128 9127
f 9129 9130 9134
f 9129 9134 9133
f 9130 9131 9135
f 9130 9135 9134
f 9131 9132 9136
f 9131 9136 9135
f 9133 9134 9138
f 9133 9138 9137
f 9134 9135 9139
f 9134 9139 9138
f 9135 9136 9140
f 9135 9140 9139
f 9137 9138 9142
f 9137 9142 9141
f 9138 9139 9143
f 9138 9143 9142
f 9139 9140 9144
f 9139 9144 9143
g 식탁 다리_6
v 0.4600 -0.0050 -3.9600
v 0.4600 0.2450 -3.9600
v 0.4600 0.4950 -3.9600
v 0.4600 0.7450 -3.9600
v 0.4867 -0.0050 -3.9600
v 0.4867 0.2450 -3.9600
v 0.4867 0.4950 -3.9600
v 0.4867 0.7450 -3.9600
v 0.5133 -0.0050 -3.9600
v 0.5133 0.2450 -3.9600
v 0.5133 0.4950 -3.9600
v 0.5133 0.7450 -3.9600
v 0.5400 -0.0050 -3.9600
v 0.5400 0.2450 -3.9600
v 0.5400 0.4950 -3.9600
v 0.5400 0.7450 -3.9600
v 0.5400 -0.0050 -4.0400
v 0.5400 0.2450 -4.0400
v 0.5400 0.4950 -4.0400
v 0.5400 0.7450 -4.0400
v 0.5133 -0.0050 -4.0400
v 0.5133 0.2450 -4.0400
v 0.5133 0.4950 -4.0400
v 0.5133 0.7450 -4.0400
v 0.4867 -0.0050 -4.0400
v 0.4867 0.2450 -4.0400
v 0.4867 0.4950 -4.0400
v 0.4867 0.7450 -4.0400
v 0.4600 -0.0050 -4.0400
v 0.4600 0.2450 -4.0400
v 0.4600 0.4950 -4.0400
v 0.4600 0.7450 -4.0400
v 0.4600 -0.0050 -4.0400
v 0.4600 0.2450 -4.0400
v 0.4600 0.4950 -4.0400
v 0.4600 0.7450 -4.0400
v 0.4600 -0.0050 -4.0133
v 0.4600 0.2450 -4.0133
v 0.4600 0.4950 -4.0133
v 0.4600 0.7450 -4.0133
v 0.4600 -0.0050 -3.9867
v 0.4600 0.2450 -3.9867
v 0.4600 0.4950 -3.9867
v 0.4600 0.7450 -3.9867
v 0.4600 -0.0050 -3.9600
v 0.4600 0.2450 -3.9600
v 0.4600 0.4950 -3.9600
v 0.4600 0.7450 -3.9600
v 0.5400 -0.0050 -3.9600
v 0.5400 0.2450 -3.9600
v 0.5400 0.4950 -3.9600
v 0.5400 0.7450 -3.9600
v 0.5400 -0.0050 -3.9867
v 0.5400 0.2450 -3.9867
v 0.5400 0.4950 -3.9867
v 0.5400 0.7450 -3.9867
v 0.5400 -0.0050 -4.0133
v 0.5400 0.2450 -4.0133
v 0.5400 0.4950 -4.0133
v 0.5400 0.7450 -4.0133
v 0.5400 -0.0050 -4.0400
v 0.5400 0.2450 -4.0400
v 0.5400 0.4950 -4.0400
v 0.5400 0.7450 -4.0400
v 0.4600 0.7450 -4.0400
v 0.4600 0.7450 -4.0133
v 0.4600 0.7450 -3.9867
v 0.4600 0.7450 -3.9600
v 0.4867 0.7450 -4.0400
v 0.4867 0.7450 -4.0133
v 0.4867 0.7450 -3.9867
v 0.4867 0.7450 -3.9600
v 0.5133 0.7450 -4.0400
v 0.5133 0.7450 -4.0133
v 0.5133 0.7450 -3.9867
v 0.5133 0.7450 -3.9600
v 0.5400 0.7450 -4.0400
v 0.5400 0.7450 -4.0133
v 0.5400 0.7450 -3.9867
v 0.5400 0.7450 -3.9600
v 0.4600 -0.0050 -3.9600
v 0.4600 -0.0050 -3.9867
v 0.4600 -0.0050 -4.0133
v 0.4600 -0.0050 -4.0400
v 0.4867 -0.0050 -3.9600
v 0.4867 -0.0050 -3.9867
v 0.4867 -0.0050 -4.0133
v 0.4867 -0.0050 -4.0400
v 0.5133 -0.0050 -3.9600
v 0.5133 -0.0050 -3.9867
v 0.5133 -0.0050 -4.0133
v 0.5133 -0.0050 -4.0400
v 0.5400 -0.0050 -3.9600
v 0.5400 -0.0050 -3.9867
v 0.5400 -0.0050 -4.0133
v 0.5400 -0.0050 -4.0400
f 9145 9146 9150
f 9145 9150 9149
f 9146 9147 9151
f 9146 9151 9150
f 9147 9148 9152
f 9147 9152 9151
f 9149 9150 9154
f 9149 9154 9153
f 9150 9151 9155
f 9150 9155 9154
f 9151 9152 9156
f 9151 9156 9155
f 9153 9154 9158
f 9153 9158 9157
f 9154 9155 9159
f 9154 9159 9158
f 9155 9156 9160
f 9155 9160 9159
f 9161 9162 9166
f 9161 9166 9165
f 9162 9163 9167
f 9162 9167 9166
f 9163 9164 9168
f 9163 9168 9167
f 9165 9166 9170
f 9165 9170 9169
f 9166 9167 9171
f 9166 9171 9170
f 9167 9168 9172
f 9167 9172 9171
f 9169 9170 9174
f 9169 9174 9173
f 9170 9171 9175
f 9170 9175 9174
f 9171 9172 9176
f 9171 9176 9175
f 9177 9178 9182
f 9177 9182 9181
f 9178 9179 9183
f 9178 9183 9182
f 9179 9180 9184
f 9179 9184 9183
f 9181 9182 9186
f 9181 9186 9185
f 9182 9183 9187
f 9182 9187 9186
f 9183 9184 9188
f 9183 9188 9187
f 9185 9186 9190
f 9185 9190 9189
f 9186 9187 9191
f 9186 9191 9190
f 9187 9188 9192
f 9187 9192 9191
f 9193 9194 9198
f 9193 9198 9197
f 9194 9195 9199
f 9194 9199 9198
f 9195 9196 9200
f 9195 9200 9199
f 9197 9198 9202
f 9197 9202 9201
f 9198 9199 9203
f 9198 9203 9202
f 9199 9200 9204
f 9199 9204 9203
f 9201 9202 9206
f 9201 9206 9205
f 9202 9203 9207
f 9202 9207 9206
f 9203 9204 9208
f 9203 9208 9207
f 9209 9210 9214
f 9209 9214 9213
f 9210 9211 9215
f 9210 9215 9214
f 9211 9212 9216
f 9211 9216 9215
f 9213 9214 9218
f 9213 9218 9217
f 9214 9215 9219
f 9214 9219 9218
f 9215 9216 9220
f 9215 9220 9219
f 9217 9218 9222
f 9217 9222 9221
f 9218 9219 9223
f 9218 9223 9222
f 9219 9220 9224
f 9219 9224 9223
f 9225 9226 9230
f 9225 9230 9229
f 9226 9227 9231
f 9226 9231 9230
f 9227 9228 9232
f 9227 9232 9231
f 9229 9230 9234
f 9229 9234 9233
f 9230 9231 9235
f 9230 9235 9234
f 9231 9232 9236
f 9231 9236 9235
f 9233 9234 9238
f 9233 9238 9237
f 9234 9235 9239
f 9234 9239 9238
f 9235 9236 9240
f 9235 9240 9239
g 식탁 다리_7
v 0.4600 -0.0050 -0.1600
v 0.4600 0.2450 -0.1600
v 0.4600 0.4950 -0.1600
v 0.4600 0.7450 -0.1600
v 0.4867 -0.0050 -0.1600
v 0.4867 0.2450 -0.1600
v 0.4867 0.4950 -0.1600
v 0.4867 0.7450 -0.1600
v 0.5133 -0.0050 -0.1600
v 0.5133 0.2450 -0.1600
v 0.5133 0.4950 -0.1600
v 0.5133 0.7450 -0.1600
v 0.5400 -0.0050 -0.1600
v 0.5400 0.2450 -0.1600
v 0.5400 0.4950 -0.1600
v 0.5400 0.7450 -0.1600
v 0.5400 -0.0050 -0.2400
v 0.5400 0.2450 -0.2400
v 0.5400 0.4950 -0.2400
v 0.5400 0.7450 -0.2400
v 0.5133 -0.0050 -0.2400
v 0.5133 0.2450 -0.2400
v 0.5133 0.4950 -0.2400
v 0.5133 0.7450 -0.2400
v 0.4867 -0.0050 -0.2400
v 0.4867 0.2450 -0.2400
v 0.4867 0.4950 -0.2400
v 0.4867 0.7450 -0.2400
v 0.4600 -0.0050 -0.2400
v 0.4600 0.2450 -0.2400
v 0.4600 0.4950 -0.2400
v 0.4600 0.7450 -0.2400
v 0.4600 -0.0050 -0.2400
v 0.4600 0.2450 -0.2400
v 0.4600 0.4950 -0.2400
v 0.4600 0.7450 -0.2400
v 0.4600 -0.0050 -0.2133
v 0.4600 0.2450 -0.2133
v 0.4600 0.4950 -0.2133
v 0.4600 0.7450 -0.2133
v 0.4600 -0.0050 -0.1867
v 0.4600 0.2450 -0.1867
v 0.4600 0.4950 -0.1867
v 0.4600 0.7450 -0.1867
v 0.4600 -0.0050 -0.1600
v 0.4600 0.2450 -0.1600
v 0.4600 0.4950 -0.1600
v 0.4600 0.7450 -0.1600
v 0.5400 -0.0050 -0.1600
v 0.5400 0.2450 -0.1600
v 0.5400 0.4950 -0.1600
v 0.5400 0.7450 -0.1600
v 0.5400 -0.0050 -0.1867
v 0.5400 0.2450 -0.1867
v 0.5400 0.4950 -0.1867
v 0.5400 0.7450 -0.1867
v 0.5400 -0.0050 -0.2133
v 0.5400 0.2450 -0.2133
v 0.5400 0.4950 -0.2133
v 0.5400 0.7450 -0.2133
v 0.5400 -0.0050 -0.2400
v 0.5400 0.2450 -0.2400
v 0.5400 0.4950 -0.2400
v 0.5400 0.7450 -0.2400
v 0.4600 0.7450 -0.2400
v 0.4600 0.7450 -0.2133
v 0.4600 0.7450 -0.1867
v 0.4600 0.7450 -0.1600
v 0.4867 0.7450 -0.2400
v 0.4867 0.7450 -0.2133
v 0.4867 0.7450 -0.1867
v 0.4867 0.7450 -0.1600
v 0.5133 0.7450 -0.2400
v 0.5133 0.7450 -0.2133
v 0.5133 0.7450 -0.1867
v 0.5133 0.7450 -0.1600
v 0.5400 0.7450 -0.2400
v 0.5400 0.7450 -0.2133
v 0.5400 0.7450 -0.1867
v 0.5400 0.7450 -0.1600
v 0.4600 -0.0050 -0.1600
v 0.4600 -0.0050 -0.1867
v 0.4600 -0.0050 -0.2133
v 0.4600 -0.0050 -0.2400
v 0.4867 -0.0050 -0.1600
v 0.4867 -0.0050 -0.1867
v 0.4867 -0.0050 -0.2133
v 0.4867 -0.0050 -0.2400
v 0.5133 -0.0050 -0.1600
v 0.5133 -0.0050 -0.1867
v 0.5133 -0.0050 -0.2133
v 0.5133 -0.0050 -0.2400
v 0.5400 -0.0050 -0.1600
v 0.5400 -0.0050 -0.1867
v 0.5400 -0.0050 -0.2133
v 0.5400 -0.0050 -0.2400
f 9241 9242 9246
f 9241 9246 9245
f 9242 9243 9247
f 9242 9247 9246
f 9243 9244 9248
f 9243 9248 9247
f 9245 9246 9250
f 9245 9250 9249
f 9246 9247 9251
f 9246 9251 9250
f 9247 9248 9252
f 9247 9252 9251
f 9249 9250 9254
f 9249 9254 9253
f 9250 9251 9255
f 9250 9255 9254
f 9251 9252 9256
f 9251 9256 9255
f 9257 9258 9262
f 9257 9262 9261
f 9258 9259 9263
f 9258 9263 9262
f 9259 9260 9264
f 9259 9264 9263
f 9261 9262 9266
f 9261 9266 9265
f 9262 9263 9267
f 9262 9267 9266
f 9263 9264 9268
f 9263 9268 9267
f 9265 9266 9270
f 9265 9270 9269
f 9266 9267 9271
f 9266 9271 9270
f 9267 9268 9272
f 9267 9272 9271
f 9273 9274 9278
f 9273 9278 9277
f 9274 9275 9279
f 9274 9279 9278
f 9275 9276 9280
f 9275 9280 9279
f 9277 9278 9282
f 9277 9282 9281
f 9278 9279 9283
f 9278 9283 9282
f 9279 9280 9284
f 9279 9284 9283
f 9281 9282 9286
f 9281 9286 9285
f 9282 9283 9287
f 9282 9287 9286
f 9283 9284 9288
f 9283 9288 9287
f 9289 9290 9294
f 9289 9294 9293
f 9290 9291 9295
f 9290 9295 9294
f 9291 9292 9296
f 9291 9296 9295
f 9293 9294 9298
f 9293 9298 9297
f 9294 9295 9299
f 9294 9299 9298
f 9295 9296 9300
f 9295 9300 9299
f 9297 9298 9302
f 9297 9302 9301
f 9298 9299 9303
f 9298 9303 9302
f 9299 9300 9304
f 9299 9304 9303
f 9305 9306 9310
f 9305 9310 9309
f 9306 9307 9311
f 9306 9311 9310
f 9307 9308 9312
f 9307 9312 9311
f 9309 9310 9314
f 9309 9314 9313
f 9310 9311 9315
f 9310 9315 9314
f 9311 9312 9316
f 9311 9316 9315
f 9313 9314 9318
f 9313 9318 9317
f 9314 9315 9319
f 9314 9319 9318
f 9315 9316 9320
f 9315 9320 9319
f 9321 9322 9326
f 9321 9326 9325
f 9322 9323 9327
f 9322 9327 9326
f 9323 9324 9328
f 9323 9328 9327
f 9325 9326 9330
f 9325 9330 9329
f 9326 9327 9331
f 9326 9331 9330
f 9327 9328 9332
f 9327 9332 9331
f 9329 9330 9334
f 9329 9334 9333
f 9330 9331 9335
f 9330 9335 9334
f 9331 9332 9336
f 9331 9336 9335
g 식탁 다리_8
v 0.4600 -0.0050 3.6400
v 0.4600 0.2450 3.6400
v 0.4600 0.4950 3.6400
v 0.4600 0.7450 3.6400
v 0.4867 -0.0050 3.6400
v 0.4867 0.2450 3.6400
v 0.4867 0.4950 3.6400
v 0.4867 0.7450 3.6400
v 0.5133 -0.0050 3.6400
v 0.5133 0.2450 3.6400
v 0.5133 0.4950 3.6400
v 0.5133 0.7450 3.6400
v 0.5400 -0.0050 3.6400
v 0.5400 0.2450 3.6400
v 0.5400 0.4950 3.6400
v 0.5400 0.7450 3.6400
v 0.5400 -0.0050 3.5600
v 0.5400 0.2450 3.5600
v 0.5400 0.4950 3.5600
v 0.5400 0.7450 3.5600
v 0.5133 -0.0050 3.5600
v 0.5133 0.2450 3.5600
v 0.5133 0.4950 3.5600
v 0.5133 0.7450 3.5600
v 0.4867 -0.0050 3.5600
v 0.4867 0.2450 3.5600
v 0.4867 0.4950 3.5600
v 0.4867 0.7450 3.5600
v 0.4600 -0.0050 3.5600
v 0.4600 0.2450 3.5600
v 0.4600 0.4950 3.5600
v 0.4600 0.7450 3.5600
v 0.4600 -0.0050 3.5600
v 0.4600 0.2450 3.5600
v 0.4600 0.4950 3.5600
v 0.4600 0.7450 3.5600
v 0.4600 -0.0050 3.5867
v 0.4600 0.2450 3.5867
v 0.4600 0.4950 3.5867
v 0.4600 0.7450 3.5867
v 0.4600 -0.0050 3.6133
v 0.4600 0.2450 3.6133
v 0.4600 0.4950 3.6133
v 0.4600 0.7450 3.6133
v 0.4600 -0.0050 3.6400
v 0.4600 0.2450 3.6400
v 0.4600 0.4950 3.6400
v 0.4600 0.7450 3.6400
v 0.5400 -0.0050 3.6400
v 0.5400 0.2450 3.6400
v 0.5400 0.4950 3.6400
v 0.5400 0.7450 3.6400
v 0.5400 -0.0050 3.6133
v 0.5400 0.2450 3.6133
v 0.5400 0.4950 3.6133
v 0.5400 0.7450 3.6133
v 0.5400 -0.0050 3.5867
v 0.5400 0.2450 3.5867
v 0.5400 0.4950 3.5867
v 0.5400 0.7450 3.5867
v 0.5400 -0.0050 3.5600
v 0.5400 0.2450 3.5600
v 0.5400 0.4950 3.5600
v 0.5400 0.7450 3.5600
v 0.4600 0.7450 3.5600
v 0.4600 0.7450 3.5867
v 0.4600 0.7450 3.6133
v 0.4600 0.7450 3.6400
v 0.4867 0.7450 3.5600
v 0.4867 0.7450 3.5867
v 0.4867 0.7450 3.6133
v 0.4867 0.7450 3.6400
v 0.5133 0.7450 3.5600
v 0.5133 0.7450 3.5867
v 0.5133 0.7450 3.6133
v 0.5133 0.7450 3.6400
v 0.5400 0.7450 3.5600
v 0.5400 0.7450 3.5867
v 0.5400 0.7450 3.6133
v 0.5400 0.7450 3.6400
v 0.4600 -0.0050 3.6400
v 0.4600 -0.0050 3.6133
v 0.4600 -0.0050 3.5867
v 0.4600 -0.0050 3.5600
v 0.4867 -0.0050 3.6400
v 0.4867 -0.0050 3.6133
v 0.4867 -0.0050 3.5867
v 0.4867 -0.0050 3.5600
v 0.5133 -0.0050 3.6400
v 0.5133 -0.0050 3.6133
v 0.5133 -0.0050 3.5867
v 0.5133 -0.0050 3.5600
v 0.5400 -0.0050 3.6400
v 0.5400 -0.0050 3.6133
v 0.5400 -0.0050 3.5867
v 0.5400 -0.0050 3.5600
f 9337 9338 9342
f 9337 9342 9341
f 9338 9339 9343
f 9338 9343 9342
f 9339 9340 9344
f 9339 9344 9343
f 9341 9342 9346
f 9341 9346 9345
f 9342 9343 9347
f 9342 9347 9346
f 9343 9344 9348
f 9343 9348 9347
f 9345 9346 9350
f 9345 9350 9349
f 9346 9347 9351
f 9346 9351 9350
f 9347 9348 9352
f 9347 9352 9351
f 9353 9354 9358
f 9353 9358 9357
f 9354 9355 9359
f 9354 9359 9358
f 9355 9356 9360
f 9355 9360 9359
f 9357 9358 9362
f 9357 9362 9361
f 9358 9359 9363
f 9358 9363 9362
f 9359 9360 9364
f 9359 9364 9363
f 9361 9362 9366
f 9361 9366 9365
f 9362 9363 9367
f 9362 9367 9366
f 9363 9364 9368
f 9363 9368 9367
f 9369 9370 9374
f 9369 9374 9373
f 9370 9371 9375
f 9370 9375 9374
f 9371 9372 9376
f 9371 9376 9375
f 9373 9374 9378
f 9373 9378 9377
f 9374 9375 9379
f 9374 9379 9378
f 9375 9376 9380
f 9375 9380 9379
f 9377 9378 9382
f 9377 9382 9381
f 9378 9379 9383
f 9378 9383 9382
f 9379 9380 9384
f 9379 9384 9383
f 9385 9386 9390
f 9385 9390 9389
f 9386 9387 9391
f 9386 9391 9390
f 9387 9388 9392
f 9387 9392 9391
f 9389 9390 9394
f 9389 9394 9393
f 9390 9391 9395
f 9390 9395 9394
f 9391 9392 9396
f 9391 9396 9395
f 9393 9394 9398
f 9393 9398 9397
f 9394 9395 9399
f 9394 9399 9398
f 9395 9396 9400
f 9395 9400 9399
f 9401 9402 9406
f 9401 9406 9405
f 9402 9403 9407
f 9402 9407 9406
f 9403 9404 9408
f 9403 9408 9407
f 9405 9406 9410
f 9405 9410 9409
f 9406 9407 9411
f 9406 9411 9410
f 9407 9408 9412
f 9407 9412 9411
f 9409 9410 9414
f 9409 9414 9413
f 9410 9411 9415
f 9410 9415 9414
f 9411 9412 9416
f 9411 9416 9415
f 9417 9418 9422
f 9417 9422 9421
f 9418 9419 9423
f 9418 9423 9422
f 9419 9420 9424
f 9419 9424 9423
f 9421 9422 9426
f 9421 9426 9425
f 9422 9423 9427
f 9422 9427 9426
f 9423 9424 9428
f 9423 9428 9427
f 9425 9426 9430
f 9425 9430 9429
f 9426 9427 9431
f 9426 9431 9430
f 9427 9428 9432
f 9427 9432 9431
g 식탁 다리_9
v 4.2600 -0.0050 -3.9600
v 4.2600 0.2450 -3.9600
v 4.2600 0.4950 -3.9600
v 4.2600 0.7450 -3.9600
v 4.2867 -0.0050 -3.9600
v 4.2867 0.2450 -3.9600
v 4.2867 0.4950 -3.9600
v 4.2867 0.7450 -3.9600
v 4.3133 -0.0050 -3.9600
v 4.3133 0.2450 -3.9600
v 4.3133 0.4950 -3.9600
v 4.3133 0.7450 -3.9600
v 4.3400 -0.0050 -3.9600
v 4.3400 0.2450 -3.9600
v 4.3400 0.4950 -3.9600
v 4.3400 0.7450 -3.9600
v 4.3400 -0.0050 -4.0400
v 4.3400 0.2450 -4.0400
v 4.3400 0.4950 -4.0400
v 4.3400 0.7450 -4.0400
v 4.3133 -0.0050 -4.0400
v 4.3133 0.2450 -4.0400
v 4.3133 0.4950 -4.0400
v 4.3133 0.7450 -4.0400
v 4.2867 -0.0050 -4.0400
v 4.2867 0.2450 -4.0400
v 4.2867 0.4950 -4.0400
v 4.2867 0.7450 -4.0400
v 4.2600 -0.0050 -4.0400
v 4.2600 0.2450 -4.0400
v 4.2600 0.4950 -4.0400
v 4.2600 0.7450 -4.0400
v 4.2600 -0.0050 -4.0400
v 4.2600 0.2450 -4.0400
v 4.2600 0.4950 -4.0400
v 4.2600 0.7450 -4.0400
v 4.2600 -0.0050 -4.0133
v 4.2600 0.2450 -4.0133
v 4.2600 0.4950 -4.0133
v 4.2600 0.7450 -4.0133
v 4.2600 -0.0050 -3.9867
v 4.2600 0.2450 -3.9867
v 4.2600 0.4950 -3.9867
v 4.2600 0.7450 -3.9867
v 4.2600 -0.0050 -3.9600
v 4.2600 0.2450 -3.9600
v 4.2600 0.4950 -3.9600
v 4.2600 0.7450 -3.9600
v 4.3400 -0.0050 -3.9600
v 4.3400 0.2450 -3.9600
v 4.3400 0.4950 -3.9600
v 4.3400 0.7450 -3.9600
v 4.3400 -0.0050 -3.9867
v 4.3400 0.2450 -3.9867
v 4.3400 0.4950 -3.9867
v 4.3400 0.7450 -3.9867
v 4.3400 -0.0050 -4.0133
v 4.3400 0.2450 -4.0133
v 4.3400 0.4950 -4.0133
v 4.3400 0.7450 -4.0133
v 4.3400 -0.0050 -4.0400
v 4.3400 0.2450 -4.0400
v 4.3400 0.4950 -4.0400
v 4.3400 0.7450 -4.0400
v 4.2600 0.7450 -4.0400
v 4.2600 0.7450 -4.0133
v 4.2600 0.7450 -3.9867
v 4.2600 0.7450 -3.9600
v 4.2867 0.7450 -4.0400
v 4.2867 0.7450 -4.0133
v 4.2867 0.7450 -3.9867
v 4.2867 0.7450 -3.9600
v 4.3133 0.7450 -4.0400
v 4.3133 0.7450 -4.0133
v 4.3133 0.7450 -3.9867
v 4.3133 0.7450 -3.9600
v 4.3400 0.7450 -4.0400
v 4.3400 0.7450 -4.0133
v 4.3400 0.7450 -3.9867
v 4.3400 0.7450 -3.9600
v 4.2600 -0.0050 -3.9600
v 4.2600 -0.0050 -3.9867
v 4.2600 -0.0050 -4.0133
v 4.2600 -0.0050 -4.0400
v 4.2867 -0.0050 -3.9600
v 4.2867 -0.0050 -3.9867
v 4.2867 -0.0050 -4.0133
v 4.2867 -0.0050 -4.0400
v 4.3133 -0.0050 -3.9600
v 4.3133 -0.0050 -3.9867
v 4.3133 -0.0050 -4.0133
v 4.3133 -0.0050 -4.0400
v 4.3400 -0.0050 -3.9600
v 4.3400 -0.0050 -3.9867
v 4.3400 -0.0050 -4.0133
v 4.3400 -0.0050 -4.0400
f 9433 9434 9438
f 9433 9438 9437
f 9434 9435 9439
f 9434 9439 9438
f 9435 9436 9440
f 9435 9440 9439
f 9437 9438 9442
f 9437 9442 9441
f 9438 9439 9443
f 9438 9443 9442
f 9439 9440 9444
f 9439 9444 9443
f 9441 9442 9446
f 9441 9446 9445
f 9442 9443 9447
f 9442 9447 9446
f 9443 9444 9448
f 9443 9448 9447
f 9449 9450 9454
f 9449 9454 9453
f 9450 9451 9455
f 9450 9455 9454
f 9451 9452 9456
f 9451 9456 9455
f 9453 9454 9458
f 9453 9458 9457
f 9454 9455 9459
f 9454 9459 9458
f 9455 9456 9460
f 9455 9460 9459
f 9457 9458 9462
f 9457 9462 9461
f 9458 9459 9463
f 9458 9463 9462
f 9459 9460 9464
f 9459 9464 9463
f 9465 9466 9470
f 9465 9470 9469
f 9466 9467 9471
f 9466 9471 9470
f 9467 9468 9472
f 9467 9472 9471
f 9469 9470 9474
f 9469 9474 9473
f 9470 9471 9475
f 9470 9475 9474
f 9471 9472 9476
f 9471 9476 9475
f 9473 9474 9478
f 9473 9478 9477
f 9474 9475 9479
f 9474 9479 9478
f 9475 9476 9480
f 9475 9480 9479
f 9481 9482 9486
f 9481 9486 9485
f 9482 9483 9487
f 9482 9487 9486
f 9483 9484 9488
f 9483 9488 9487
f 9485 9486 9490
f 9485 9490 9489
f 9486 9487 9491
f 9486 9491 9490
f 9487 9488 9492
f 9487 9492 9491
f 9489 9490 9494
f 9489 9494 9493
f 9490 9491 9495
f 9490 9495 9494
f 9491 9492 9496
f 9491 9496 9495
f 9497 9498 9502
f 9497 9502 9501
f 9498 9499 9503
f 9498 9503 9502
f 9499 9500 9504
f 9499 9504 9503
f 9501 9502 9506
f 9501 9506 9505
f 9502 9503 9507
f 9502 9507 9506
f 9503 9504 9508
f 9503 9508 9507
f 9505 9506 9510
f 9505 9510 9509
f 9506 9507 9511
f 9506 9511 9510
f 9507 9508 9512
f 9507 9512 9511
f 9513 9514 9518
f 9513 9518 9517
f 9514 9515 9519
f 9514 9519 9518
f 9515 9516 9520
f 9515 9520 9519
f 9517 9518 9522
f 9517 9522 9521
f 9518 9519 9523
f 9518 9523 9522
f 9519 9520 9524
f 9519 9524 9523
f 9521 9522 9526
f 9521 9526 9525
f 9522 9523 9527
f 9522 9527 9526
f 9523 9524 9528
f 9523 9528 9527
g 식탁 다리_10
v 4.2600 -0.0050 -0.1600
v 4.2600 0.2450 -0.1600
v 4.2600 0.4950 -0.1600
v 4.2600 0.7450 -0.1600
v 4.2867 -0.0050 -0.1600
v 4.2867 0.2450 -0.1600
v 4.2867 0.4950 -0.1600
v 4.2867 0.7450 -0.1600
v 4.3133 -0.0050 -0.1600
v 4.3133 0.2450 -0.1600
v 4.3133 0.4950 -0.1600
v 4.3133 0.7450 -0.1600
v 4.3400 -0.0050 -0.1600
v 4.3400 0.2450 -0.1600
v 4.3400 0.4950 -0.1600
v 4.3400 0.7450 -0.1600
v 4.3400 -0.0050 -0.2400
v 4.3400 0.2450 -0.2400
v 4.3400 0.4950 -0.2400
v 4.3400 0.7450 -0.2400
v 4.3133 -0.0050 -0.2400
v 4.3133 0.2450 -0.2400
v 4.3133 0.4950 -0.2400
v 4.3133 0.7450 -0.2400
v 4.2867 -0.0050 -0.2400
v 4.2867 0.2450 -0.2400
v 4.2867 0.4950 -0.2400
v 4.2867 0.7450 -0.2400
v 4.2600 -0.0050 -0.2400
v 4.2600 0.2450 -0.2400
v 4.2600 0.4950 -0.2400
v 4.2600 0.7450 -0.2400
v 4.2600 -0.0050 -0.2400
v 4.2600 0.2450 -0.2400
v 4.2600 0.4950 -0.2400
v 4.2600 0.7450 -0.2400
v 4.2600 -0.0050 -0.2133
v 4.2600 0.2450 -0.2133
v 4.2600 0.4950 -0.2133
v 4.2600 0.7450 -0.2133
v 4.2600 -0.0050 -0.1867
v 4.2600 0.2450 -0.1867
v 4.2600 0.4950 -0.1867
v 4.2600 0.7450 -0.1867
v 4.2600 -0.0050 -0.1600
v 4.2600 0.2450 -0.1600
v 4.2600 0.4950 -0.1600
v 4.2600 0.7450 -0.1600
v 4.3400 -0.0050 -0.1600
v 4.3400 0.2450 -0.1600
v 4.3400 0.4950 -0.1600
v 4.3400 0.7450 -0.1600
v 4.3400 -0.0050 -0.1867
v 4.3400 0.2450 -0.1867
v 4.3400 0.4950 -0.1867
v 4.3400 0.7450 -0.1867
v 4.3400 -0.0050 -0.2133
v 4.3400 0.2450 -0.2133
v 4.3400 0.4950 -0.2133
v 4.3400 0.7450 -0.2133
v 4.3400 -0.0050 -0.2400
v 4.3400 0.2450 -0.2400
v 4.3400 0.4950 -0.2400
v 4.3400 0.7450 -0.2400
v 4.2600 0.7450 -0.2400
v 4.2600 0.7450 -0.2133
v 4.2600 0.7450 -0.1867
v 4.2600 0.7450 -0.1600
v 4.2867 0.7450 -0.2400
v 4.2867 0.7450 -0.2133
v 4.2867 0.7450 -0.1867
v 4.2867 0.7450 -0.1600
v 4.3133 0.7450 -0.2400
v 4.3133 0.7450 -0.2133
v 4.3133 0.7450 -0.1867
v 4.3133 0.7450 -0.1600
v 4.3400 0.7450 -0.2400
v 4.3400 0.7450 -0.2133
v 4.3400 0.7450 -0.1867
v 4.3400 0.7450 -0.1600
v 4.2600 -0.0050 -0.1600
v 4.2600 -0.0050 -0.1867
v 4.2600 -0.0050 -0.2133
v 4.2600 -0.0050 -0.2400
v 4.2867 -0.0050 -0.1600
v 4.2867 -0.0050 -0.1867
v 4.2867 -0.0050 -0.2133
v 4.2867 -0.0050 -0.2400
v 4.3133 -0.0050 -0.1600
v 4.3133 -0.0050 -0.1867
v 4.3133 -0.0050 -0.2133
v 4.3133 -0.0050 -0.2400
v 4.3400 -0.0050 -0.1600
v 4.3400 -0.0050 -0.1867
v 4.3400 -0.0050 -0.2133
v 4.3400 -0.0050 -0.2400
f 9529 9530 9534
f 9529 9534 9533
f 9530 9531 9535
f 9530 9535 9534
f 9531 9532 9536
f 9531 9536 9535
f 9533 9534 9538
f 9533 9538 9537
f 9534 9535 9539
f 9534 9539 9538
f 9535 9536 9540
f 9535 9540 9539
f 9537 9538 9542
f 9537 9542 9541
f 9538 9539 9543
f 9538 9543 9542
f 9539 9540 9544
f 9539 9544 9543
f 9545 9546 9550
f 9545 9550 9549
f 9546 9547 9551
f 9546 9551 9550
f 9547 9548 9552
f 9547 9552 9551
f 9549 9550 9554
f 9549 9554 9553
f 9550 9551 9555
f 9550 9555 9554
f 9551 9552 9556
f 9551 9556 9555
f 9553 9554 9558
f 9553 9558 9557
f 9554 9555 9559
f 9554 9559 9558
f 9555 9556 9560
f 9555 9560 9559
f 9561 9562 9566
f 9561 9566 9565
f 9562 9563 9567
f 9562 9567 9566
f 9563 9564 9568
f 9563 9568 9567
f 9565 9566 9570
f 9565 9570 9569
f 9566 9567 9571
f 9566 9571 9570
f 9567 9568 9572
f 9567 9572 9571
f 9569 9570 9574
f 9569 9574 9573
f 9570 9571 9575
f 9570 9575 9574
f 9571 9572 9576
f 9571 9576 9575
f 9577 9578 9582
f 9577 9582 9581
f 9578 9579 9583
f 9578 9583 9582
f 9579 9580 9584
f 9579 9584 9583
f 9581 9582 9586
f 9581 9586 9585
f 9582 9583 9587
f 9582 9587 9586
f 9583 9584 9588
f 9583 9588 9587
f 9585 9586 9590
f 9585 9590 9589
f 9586 9587 9591
f 9586 9591 9590
f 9587 9588 9592
f 9587 9592 9591
f 9593 9594 9598
f 9593 9598 9597
f 9594 9595 9599
f 9594 9599 9598
f 9595 9596 9600
f 9595 9600 9599
f 9597 9598 9602
f 9597 9602 9601
f 9598 9599 9603
f 9598 9603 9602
f 9599 9600 9604
f 9599 9604 9603
f 9601 9602 9606
f 9601 9606 9605
f 9602 9603 9607
f 9602 9607 9606
f 9603 9604 9608
f 9603 9608 9607
f 9609 9610 9614
f 9609 9614 9613
f 9610 9611 9615
f 9610 9615 9614
f 9611 9612 9616
f 9611 9616 9615
f 9613 9614 9618
f 9613 9618 9617
f 9614 9615 9619
f 9614 9619 9618
f 9615 9616 9620
f 9615 9620 9619
f 9617 9618 9622
f 9617 9622 9621
f 9618 9619 9623
f 9618 9623 9622
f 9619 9620 9624
f 9619 9624 9623
g 식탁 다리_11
v 4.2600 -0.0050 3.6400
v 4.2600 0.2450 3.6400
v 4.2600 0.4950 3.6400
v 4.2600 0.7450 3.6400
v 4.2867 -0.0050 3.6400
v 4.2867 0.2450 3.6400
v 4.2867 0.4950 3.6400
v 4.2867 0.7450 3.6400
v 4.3133 -0.0050 3.6400
v 4.3133 0.2450 3.6400
v 4.3133 0.4950 3.6400
v 4.3133 0.7450 3.6400
v 4.3400 -0.0050 3.6400
v 4.3400 0.2450 3.6400
v 4.3400 0.4950 3.6400
v 4.3400 0.7450 3.6400
v 4.3400 -0.0050 3.5600
v 4.3400 0.2450 3.5600
v 4.3400 0.4950 3.5600
v 4.3400 0.7450 3.5600
v 4.3133 -0.0050 3.5600
v 4.3133 0.2450 3.5600
v 4.3133 0.4950 3.5600
v 4.3133 0.7450 3.5600
v 4.2867 -0.0050 3.5600
v 4.2867 0.2450 3.5600
v 4.2867 0.4950 3.5600
v 4.2867 0.7450 3.5600
v 4.2600 -0.0050 3.5600
v 4.2600 0.2450 3.5600
v 4.2600 0.4950 3.5600
v 4.2600 0.7450 3.5600
v 4.2600 -0.0050 3.5600
v 4.2600 0.2450 3.5600
v 4.2600 0.4950 3.5600
v 4.2600 0.7450 3.5600
v 4.2600 -0.0050 3.5867
v 4.2600 0.2450 3.5867
v 4.2600 0.4950 3.5867
v 4.2600 0.7450 3.5867
v 4.2600 -0.0050 3.6133
v 4.2600 0.2450 3.6133
v 4.2600 0.4950 3.6133
v 4.2600 0.7450 3.6133
v 4.2600 -0.0050 3.6400
v 4.2600 0.2450 3.6400
v 4.2600 0.4950 3.6400
v 4.2600 0.7450 3.6400
v 4.3400 -0.0050 3.6400
v 4.3400 0.2450 3.6400
v 4.3400 0.4950 3.6400
v 4.3400 0.7450 3.6400
v 4.3400 -0.0050 3.6133
v 4.3400 0.2450 3.6133
v 4.3400 0.4950 3.6133
v 4.3400 0.7450 3.6133
v 4.3400 -0.0050 3.5867
v 4.3400 0.2450 3.5867
v 4.3400 0.4950 3.5867
v 4.3400 0.7450 3.5867
v 4.3400 -0.0050 3.5600
v 4.3400 0.2450 3.5600
v 4.3400 0.4950 3.5600
v 4.3400 0.7450 3.5600
v 4.2600 0.7450 3.5600
v 4.2600 0.7450 3.5867
v 4.2600 0.7450 3.6133
v 4.2600 0.7450 3.6400
v 4.2867 0.7450 3.5600
v 4.2867 0.7450 3.5867
v 4.2867 0.7450 3.6133
v 4.2867 0.7450 3.6400
v 4.3133 0.7450 3.5600
v 4.3133 0.7450 3.5867
v 4.3133 0.7450 3.6133
v 4.3133 0.7450 3.6400
v 4.3400 0.7450 3.5600
v 4.3400 0.7450 3.5867
v 4.3400 0.7450 3.6133
v 4.3400 0.7450 3.6400
v 4.2600 -0.0050 3.6400
v 4.2600 -0.0050 3.6133
v 4.2600 -0.0050 3.5867
v 4.2600 -0.0050 3.5600
v 4.2867 -0.0050 3.6400
v 4.2867 -0.0050 3.6133
v 4.2867 -0.0050 3.5867
v 4.2867 -0.0050 3.5600
v 4.3133 -0.0050 3.6400
v 4.3133 -0.0050 3.6133
v 4.3133 -0.0050 3.5867
v 4.3133 -0.0050 3.5600
v 4.3400 -0.0050 3.6400
v 4.3400 -0.0050 3.6133
v 4.3400 -0.0050 3.5867
v 4.3400 -0.0050 3.5600
f 9625 9626 9630
f 9625 9630 9629
f 9626 9627 9631
f 9626 9631 9630
f 9627 9628 9632
f 9627 9632 9631
f 9629 9630 9634
f 9629 9634 9633
f 9630 9631 9635
f 9630 9635 9634
f 9631 9632 9636
f 9631 9636 9635
f 9633 9634 9638
f 9633 9638 9637
f 9634 9635 9639
f 9634 9639 9638
f 9635 9636 9640
f 9635 9640 9639
f 9641 9642 9646
f 9641 9646 9645
f 9642 9643 9647
f 9642 9647 9646
f 9643 9644 9648
f 9643 9648 9647
f 9645 9646 9650
f 9645 9650 9649
f 9646 9647 9651
f 9646 9651 9650
f 9647 9648 9652
f 9647 9652 9651
f 9649 9650 9654
f 9649 9654 9653
f 9650 9651 9655
f 9650 9655 9654
f 9651 9652 9656
f 9651 9656 9655
f 9657 9658 9662
f 9657 9662 9661
f 9658 9659 9663
f 9658 9663 9662
f 9659 9660 9664
f 9659 9664 9663
f 9661 9662 9666
f 9661 9666 9665
f 9662 9663 9667
f 9662 9667 9666
f 9663 9664 9668
f 9663 9668 9667
f 9665 9666 9670
f 9665 9670 9669
f 9666 9667 9671
f 9666 9671 9670
f 9667 9668 9672
f 9667 9672 9671
f 9673 9674 9678
f 9673 9678 9677
f 9674 9675 9679
f 9674 9679 9678
f 9675 9676 9680
f 9675 9680 9679
f 9677 9678 9682
f 9677 9682 9681
f 9678 9679 9683
f 9678 9683 9682
f 9679 9680 9684
f 9679 9684 9683
f 9681 9682 9686
f 9681 9686 9685
f 9682 9683 9687
f 9682 9687 9686
f 9683 9684 9688
f 9683 9688 9687
f 9689 9690 9694
f 9689 9694 9693
f 9690 9691 9695
f 9690 9695 9694
f 9691 9692 9696
f 9691 9696 9695
f 9693 9694 9698
f 9693 9698 9697
f 9694 9695 9699
f 9694 9699 9698
f 9695 9696 9700
f 9695 9700 9699
f 9697 9698 9702
f 9697 9702 9701
f 9698 9699 9703
f 9698 9703 9702
f 9699 9700 9704
f 9699 9704 9703
f 9705 9706 9710
f 9705 9710 9709
f 9706 9707 9711
f 9706 9711 9710
f 9707 9708 9712
f 9707 9712 9711
f 9709 9710 9714
f 9709 9714 9713
f 9710 9711 9715
f 9710 9715 9714
f 9711 9712 9716
f 9711 9716 9715
f 9713 9714 9718
f 9713 9718 9717
f 9714 9715 9719
f 9714 9719 9718
f 9715 9716 9720
f 9715 9720 9719
g 식탁 다리_12
v -4.3400 -0.0050 -3.9600
v -4.3400 0.2450 -3.9600
v -4.3400 0.4950 -3.9600
v -4.3400 0.7450 -3.9600
v -4.3133 -0.0050 -3.9600
v -4.3133 0.2450 -3.9600
v -4.3133 0.4950 -3.9600
v -4.3133 0.7450 -3.9600
v -4.2867 -0.0050 -3.9600
v -4.2867 0.2450 -3.9600
v -4.2867 0.4950 -3.9600
v -4.2867 0.7450 -3.9600
v -4.2600 -0.0050 -3.9600
v -4.2600 0.2450 -3.9600
v -4.2600 0.4950 -3.9600
v -4.2600 0.7450 -3.9600
v -4.2600 -0.0050 -4.0400
v -4.2600 0.2450 -4.0400
v -4.2600 0.4950 -4.0400
v -4.2600 0.7450 -4.0400
v -4.2867 -0.0050 -4.0400
v -4.2867 0.2450 -4.0400
v -4.2867 0.4950 -4.0400
v -4.2867 0.7450 -4.0400
v -4.3133 -0.0050 -4.0400
v -4.3133 0.2450 -4.0400
v -4.3133 0.4950 -4.0400
v -4.3133 0.7450 -4.0400
v -4.3400 -0.0050 -4.0400
v -4.3400 0.2450 -4.0400
v -4.3400 0.4950 -4.0400
v -4.3400 0.7450 -4.0400
v -4.3400 -0.0050 -4.0400
v -4.3400 0.2450 -4.0400
v -4.3400 0.4950 -4.0400
v -4.3400 0.7450 -4.0400
v -4.3400 -0.0050 -4.0133
v -4.3400 0.2450 -4.0133
v -4.3400 0.4950 -4.0133
v -4.3400 0.7450 -4.0133
v -4.3400 -0.0050 -3.9867
v -4.3400 0.2450 -3.9867
v -4.3400 0.4950 -3.9867
v -4.3400 0.7450 -3.9867
v -4.3400 -0.0050 -3.9600
v -4.3400 0.2450 -3.9600
v -4.3400 0.4950 -3.9600
v -4.3400 0.7450 -3.9600
v -4.2600 -0.0050 -3.9600
v -4.2600 0.2450 -3.9600
v -4.2600 0.4950 -3.9600
v -4.2600 0.7450 -3.9600
v -4.2600 -0.0050 -3.9867
v -4.2600 0.2450 -3.9867
v -4.2600 0.4950 -3.9867
v -4.2600 0.7450 -3.9867
v -4.2600 -0.0050 -4.0133
v -4.2600 0.2450 -4.0133
v -4.2600 0.4950 -4.0133
v -4.2600 0.7450 -4.0133
v -4.2600 -0.0050 -4.0400
v -4.2600 0.2450 -4.0400
v -4.2600 0.4950 -4.0400
v -4.2600 0.7450 -4.0400
v -4.3400 0.7450 -4.0400
v -4.3400 0.7450 -4.0133
v -4.3400 0.7450 -3.9867
v -4.3400 0.7450 -3.9600
v -4.3133 0.7450 -4.0400
v -4.3133 0.7450 -4.0133
v -4.3133 0.7450 -3.9867
v -4.3133 0.7450 -3.9600
v -4.2867 0.7450 -4.0400
v -4.2867 0.7450 -4.0133
v -4.2867 0.7450 -3.9867
v -4.2867 0.7450 -3.9600
v -4.2600 0.7450 -4.0400
v -4.2600 0.7450 -4.0133
v -4.2600 0.7450 -3.9867
v -4.2600 0.7450 -3.9600
v -4.3400 -0.0050 -3.9600
v -4.3400 -0.0050 -3.9867
v -4.3400 -0.0050 -4.0133
v -4.3400 -0.0050 -4.0400
v -4.3133 -0.0050 -3.9600
v -4.3133 -0.0050 -3.9867
v -4.3133 -0.0050 -4.0133
v -4.3133 -0.0050 -4.0400
v -4.2867 -0.0050 -3.9600
v -4.2867 -0.0050 -3.9867
v -4.2867 -0.0050 -4.0133
v -4.2867 -0.0050 -4.0400
v -4.2600 -0.0050 -3.9600
v -4.2600 -0.0050 -3.9867
v -4.2600 -0.0050 -4.0133
v -4.2600 -0.0050 -4.0400
f 9721 9722 9726
f 9721 9726 9725
f 9722 9723 9727
f 9722 9727 9726
f 9723 9724 9728
f 9723 9728 9727
f 9725 9726 9730
f 9725 9730 9729
f 9726 9727 9731
f 9726 9731 9730
f 9727 9728 9732
f 9727 9732 9731
f 9729 9730 9734
f 9729 9734 9733
f 9730 9731 9735
f 9730 9735 9734
f 9731 9732 9736
f 9731 9736 9735
f 9737 9738 9742
f 9737 9742 9741
f 9738 9739 9743
f 9738 9743 9742
f 9739 9740 9744
f 9739 9744 9743
f 9741 9742 9746
f 9741 9746 9745
f 9742 9743 9747
f 9742 9747 9746
f 9743 9744 9748
f 9743 9748 9747
f 9745 9746 9750
f 9745 9750 9749
f 9746 9747 9751
f 9746 9751 9750
f 9747 9748 9752
f 9747 9752 9751
f 9753 9754 9758
f 9753 9758 9757
f 9754 9755 9759
f 9754 9759 9758
f 9755 9756 9760
f 9755 9760 9759
f 9757 9758 9762
f 9757 9762 9761
f 9758 9759 9763
f 9758 9763 9762
f 9759 9760 9764
f 9759 9764 9763
f 9761 9762 9766
f 9761 9766 9765
f 9762 9763 9767
f 9762 9767 9766
f 9763 9764 9768
f 9763 9768 9767
f 9769 9770 9774
f 9769 9774 9773
f 9770 9771 9775
f 9770 9775 9774
f 9771 9772 9776
f 9771 9776 9775
f 9773 9774 9778
f 9773 9778 9777
f 9774 9775 9779
f 9774 9779 9778
f 9775 9776 9780
f 9775 9780 9779
f 9777 9778 9782
f 9777 9782 9781
f 9778 9779 9783
f 9778 9783 9782
f 9779 9780 9784
f 9779 9784 9783
f 9785 9786 9790
f 9785 9790 9789
f 9786 9787 9791
f 9786 9791 9790
f 9787 9788 9792
f 9787 9792 9791
f 9789 9790 9794
f 9789 9794 9793
f 9790 9791 9795
f 9790 9795 9794
f 9791 9792 9796
f 9791 9796 9795
f 9793 9794 9798
f 9793 9798 9797
f 9794 9795 9799
f 9794 9799 9798
f 9795 9796 9800
f 9795 9800 9799
f 9801 9802 9806
f 9801 9806 9805
f 9802 9803 9807
f 9802 9807 9806
f 9803 9804 9808
f 9803 9808 9807
f 9805 9806 9810
f 9805 9810 9809
f 9806 9807 9811
f 9806 9811 9810
f 9807 9808 9812
f 9807 9812 9811
f 9809 9810 9814
f 9809 9814 9813
f 9810 9811 9815
f 9810 9815 9814
f 9811 9812 9816
f 9811 9816 9815
g 식탁 다리_13
v -4.3400 -0.0050 -0.1600
v -4.3400 0.2450 -0.1600
v -4.3400 0.4950 -0.1600
v -4.3400 0.7450 -0.1600
v -4.3133 -0.0050 -0.1600
v -4.3133 0.2450 -0.1600
v -4.3133 0.4950 -0.1600
v -4.3133 0.7450 -0.1600
v -4.2867 -0.0050 -0.1600
v -4.2867 0.2450 -0.1600
v -4.2867 0.4950 -0.1600
v -4.2867 0.7450 -0.1600
v -4.2600 -0.0050 -0.1600
v -4.2600 0.2450 -0.1600
v -4.2600 0.4950 -0.1600
v -4.2600 0.7450 -0.1600
v -4.2600 -0.0050 -0.2400
v -4.2600 0.2450 -0.2400
v -4.2600 0.4950 -0.2400
v -4.2600 0.7450 -0.2400
v -4.2867 -0.0050 -0.2400
v -4.2867 0.2450 -0.2400
v -4.2867 0.4950 -0.2400
v -4.2867 0.7450 -0.2400
v -4.3133 -0.0050 -0.2400
v -4.3133 0.2450 -0.2400
v -4.3133 0.4950 -0.2400
v -4.3133 0.7450 -0.2400
v -4.3400 -0.0050 -0.2400
v -4.3400 0.2450 -0.2400
v -4.3400 0.4950 -0.2400
v -4.3400 0.7450 -0.2400
v -4.3400 -0.0050 -0.2400
v -4.3400 0.2450 -0.2400
v -4.3400 0.4950 -0.2400
v -4.3400 0.7450 -0.2400
v -4.3400 -0.0050 -0.2133
v -4.3400 0.2450 -0.2133
v -4.3400 0.4950 -0.2133
v -4.3400 0.7450 -0.2133
v -4.3400 -0.0050 -0.1867
v -4.3400 0.2450 -0.1867
v -4.3400 0.4950 -0.1867
v -4.3400 0.7450 -0.1867
v -4.3400 -0.0050 -0.1600
v -4.3400 0.2450 -0.1600
v -4.3400 0.4950 -0.1600
v -4.3400 0.7450 -0.1600
v -4.2600 -0.0050 -0.1600
v -4.2600 0.2450 -0.1600
v -4.2600 0.4950 -0.1600
v -4.2600 0.7450 -0.1600
v -4.2600 -0.0050 -0.1867
v -4.2600 0.2450 -0.1867
v -4.2600 0.4950 -0.1867
v -4.2600 0.7450 -0.1867
v -4.2600 -0.0050 -0.2133
v -4.2600 0.2450 -0.2133
v -4.2600 0.4950 -0.2133
v -4.2600 0.7450 -0.2133
v -4.2600 -0.0050 -0.2400
v -4.2600 0.2450 -0.2400
v -4.2600 0.4950 -0.2400
v -4.2600 0.7450 -0.2400
v -4.3400 0.7450 -0.2400
v -4.3400 0.7450 -0.2133
v -4.3400 0.7450 -0.1867
v -4.3400 0.7450 -0.1600
v -4.3133 0.7450 -0.2400
v -4.3133 0.7450 -0.2133
v -4.3133 0.7450 -0.1867
v -4.3133 0.7450 -0.1600
v -4.2867 0.7450 -0.2400
v -4.2867 0.7450 -0.2133
v -4.2867 0.7450 -0.1867
v -4.2867 0.7450 -0.1600
v -4.2600 0.7450 -0.2400
v -4.2600 0.7450 -0.2133
v -4.2600 0.7450 -0.1867
v -4.2600 0.7450 -0.1600
v -4.3400 -0.0050 -0.1600
v -4.3400 -0.0050 -0.1867
v -4.3400 -0.0050 -0.2133
v -4.3400 -0.0050 -0.2400
v -4.3133 -0.0050 -0.1600
v -4.3133 -0.0050 -0.1867
v -4.3133 -0.0050 -0.2133
v -4.3133 -0.0050 -0.2400
v -4.2867 -0.0050 -0.1600
v -4.2867 -0.0050 -0.1867
v -4.2867 -0.0050 -0.2133
v -4.2867 -0.0050 -0.2400
v -4.2600 -0.0050 -0.1600
v -4.2600 -0.0050 -0.1867
v -4.2600 -0.0050 -0.2133
v -4.2600 -0.0050 -0.2400
f 9817 9818 9822
f 9817 9822 9821
f 9818 9819 9823
f 9818 9823 9822
f 9819 9820 9824
f 9819 9824 9823
f 9821 9822 9826
f 9821 9826 9825
f 9822 9823 9827
f 9822 9827 9826
f 9823 9824 9828
f 9823 9828 9827
f 9825 9826 9830
f 9825 9830 9829
f 9826 9827 9831
f 9826 9831 9830
f 9827 9828 9832
f 9827 9832 9831
f 9833 9834 9838
f 9833 9838 9837
f 9834 9835 9839
f 9834 9839 9838
f 9835 9836 9840
f 9835 9840 9839
f 9837 9838 9842
f 9837 9842 9841
f 9838 9839 9843
f 9838 9843 9842
f 9839 9840 9844
f 9839 9844 9843
f 9841 9842 9846
f 9841 9846 9845
f 9842 9843 9847
f 9842 9847 9846
f 9843 9844 9848
f 9843 9848 9847
f 9849 9850 9854
f 9849 9854 9853
f 9850 9851 9855
f 9850 9855 9854
f 9851 9852 9856
f 9851 9856 9855
f 9853 9854 9858
f 9853 9858 9857
f 9854 9855 9859
f 9854 9859 9858
f 9855 9856 9860
f 9855 9860 9859
f 9857 9858 9862
f 9857 9862 9861
f 9858 9859 9863
f 9858 9863 9862
f 9859 9860 9864
f 9859 9864 9863
f 9865 9866 9870
f 9865 9870 9869
f 9866 9867 9871
f 9866 9871 9870
f 9867 9868 9872
f 9867 9872 9871
f 9869 9870 9874
f 9869 9874 9873
f 9870 9871 9875
f 9870 9875 9874
f 9871 9872 9876
f 9871 9876 9875
f 9873 9874 9878
f 9873 9878 9877
f 9874 9875 9879
f 9874 9879 9878
f 9875 9876 9880
f 9875 9880 9879
f 9881 9882 9886
f 9881 9886 9885
f 9882 9883 9887
f 9882 9887 9886
f 9883 9884 9888
f 9883 9888 9887
f 9885 9886 9890
f 9885 9890 9889
f 9886 9887 9891
f 9886 9891 9890
f 9887 9888 9892
f 9887 9892 9891
f 9889 9890 9894
f 9889 9894 9893
f 9890 9891 9895
f 9890 9895 9894
f 9891 9892 9896
f 9891 9896 9895
f 9897 9898 9902
f 9897 9902 9901
f 9898 9899 9903
f 9898 9903 9902
f 9899 9900 9904
f 9899 9904 9903
f 9901 9902 9906
f 9901 9906 9905
f 9902 9903 9907
f 9902 9907 9906
f 9903 9904 9908
f 9903 9908 9907
f 9905 9906 9910
f 9905 9910 9909
f 9906 9907 9911
f 9906 9911 9910
f 9907 9908 9912
f 9907 9912 9911
g 식탁 다리_14
v -4.3400 -0.0050 3.6400
v -4.3400 0.2450 3.6400
v -4.3400 0.4950 3.6400
v -4.3400 0.7450 3.6400
v -4.3133 -0.0050 3.6400
v -4.3133 0.2450 3.6400
v -4.3133 0.4950 3.6400
v -4.3133 0.7450 3.6400
v -4.2867 -0.0050 3.6400
v -4.2867 0.2450 3.6400
v -4.2867 0.4950 3.6400
v -4.2867 0.7450 3.6400
v -4.2600 -0.0050 3.6400
v -4.2600 0.2450 3.6400
v -4.2600 0.4950 3.6400
v -4.2600 0.7450 3.6400
v -4.2600 -0.0050 3.5600
v -4.2600 0.2450 3.5600
v -4.2600 0.4950 3.5600
v -4.2600 0.7450 3.5600
v -4.2867 -0.0050 3.5600
v -4.2867 0.2450 3.5600
v -4.2867 0.4950 3.5600
v -4.2867 0.7450 3.5600
v -4.3133 -0.0050 3.5600
v -4.3133 0.2450 3.5600
v -4.3133 0.4950 3.5600
v -4.3133 0.7450 3.5600
v -4.3400 -0.0050 3.5600
v -4.3400 0.2450 3.5600
v -4.3400 0.4950 3.5600
v -4.3400 0.7450 3.5600
v -4.3400 -0.0050 3.5600
v -4.3400 0.2450 3.5600
v -4.3400 0.4950 3.5600
v -4.3400 0.7450 3.5600
v -4.3400 -0.0050 3.5867
v -4.3400 0.2450 3.5867
v -4.3400 0.4950 3.5867
v -4.3400 0.7450 3.5867
v -4.3400 -0.0050 3.6133
v -4.3400 0.2450 3.6133
v -4.3400 0.4950 3.6133
v -4.3400 0.7450 3.6133
v -4.3400 -0.0050 3.6400
v -4.3400 0.2450 3.6400
v -4.3400 0.4950 3.6400
v -4.3400 0.7450 3.6400
v -4.2600 -0.0050 3.6400
v -4.2600 0.2450 3.6400
v -4.2600 0.4950 3.6400
v -4.2600 0.7450 3.6400
v -4.2600 -0.0050 3.6133
v -4.2600 0.2450 3.6133
v -4.2600 0.4950 3.6133
v -4.2600 0.7450 3.6133
v -4.2600 -0.0050 3.5867
v -4.2600 0.2450 3.5867
v -4.2600 0.4950 3.5867
v -4.2600 0.7450 3.5867
v -4.2600 -0.0050 3.5600
v -4.2600 0.2450 3.5600
v -4.2600 0.4950 3.5600
v -4.2600 0.7450 3.5600
v -4.3400 0.7450 3.5600
v -4.3400 0.7450 3.5867
v -4.3400 0.7450 3.6133
v -4.3400 0.7450 3.6400
v -4.3133 0.7450 3.5600
v -4.3133 0.7450 3.5867
v -4.3133 0.7450 3.6133
v -4.3133 0.7450 3.6400
v -4.2867 0.7450 3.5600
v -4.2867 0.7450 3.5867
v -4.2867 0.7450 3.6133
v -4.2867 0.7450 3.6400
v -4.2600 0.7450 3.5600
v -4.2600 0.7450 3.5867
v -4.2600 0.7450 3.6133
v -4.2600 0.7450 3.6400
v -4.3400 -0.0050 3.6400
v -4.3400 -0.0050 3.6133
v -4.3400 -0.0050 3.5867
v -4.3400 -0.0050 3.5600
v -4.3133 -0.0050 3.6400
v -4.3133 -0.0050 3.6133
v -4.3133 -0.0050 3.5867
v -4.3133 -0.0050 3.5600
v -4.2867 -0.0050 3.6400
v -4.2867 -0.0050 3.6133
v -4.2867 -0.0050 3.5867
v -4.2867 -0.0050 3.5600
v -4.2600 -0.0050 3.6400
v -4.2600 -0.0050 3.6133
v -4.2600 -0.0050 3.5867
v -4.2600 -0.0050 3.5600
f 9913 9914 9918
f 9913 9918 9917
f 9914 9915 9919
f 9914 9919 9918
f 9915 9916 9920
f 9915 9920 9919
f 9917 9918 9922
f 9917 9922 9921
f 9918 9919 9923
f 9918 9923 9922
f 9919 9920 9924
f 9919 9924 9923
f 9921 9922 9926
f 9921 9926 9925
f 9922 9923 9927
f 9922 9927 9926
f 9923 9924 9928
f 9923 9928 9927
f 9929 9930 9934
f 9929 9934 9933
f 9930 9931 9935
f 9930 9935 9934
f 9931 9932 9936
f 9931 9936 9935
f 9933 9934 9938
f 9933 9938 9937
f 9934 9935 9939
f 9934 9939 9938
f 9935 9936 9940
f 9935 9940 9939
f 9937 9938 9942
f 9937 9942 9941
f 9938 9939 9943
f 9938 9943 9942
f 9939 9940 9944
f 9939 9944 9943
f 9945 9946 9950
f 9945 9950 9949
f 9946 9947 9951
f 9946 9951 9950
f 9947 9948 9952
f 9947 9952 9951
f 9949 9950 9954
f 9949 9954 9953
f 9950 9951 9955
f 9950 9955 9954
f 9951 9952 9956
f 9951 9956 9955
f 9953 9954 9958
f 9953 9958 9957
f 9954 9955 9959
f 9954 9959 9958
f 9955 9956 9960
f 9955 9960 9959
f 9961 9962 9966
f 9961 9966 9965
f 9962 9963 9967
f 9962 9967 9966
f 9963 9964 9968
f 9963 9968 9967
f 9965 9966 9970
f 9965 9970 9969
f 9966 9967 9971
f 9966 9971 9970
f 9967 9968 9972
f 9967 9972 9971
f 9969 9970 9974
f 9969 9974 9973
f 9970 9971 9975
f 9970 9975 9974
f 9971 9972 9976
f 9971 9976 9975
f 9977 9978 9982
f 9977 9982 9981
f 9978 9979 9983
f 9978 9983 9982
f 9979 9980 9984
f 9979 9984 9983
f 9981 9982 9986
f 9981 9986 9985
f 9982 9983 9987
f 9982 9987 9986
f 9983 9984 9988
f 9983 9988 9987
f 9985 9986 9990
f 9985 9990 9989
f 9986 9987 9991
f 9986 9991 9990
f 9987 9988 9992
f 9987 9992 9991
f 9993 9994 9998
f 9993 9998 9997
f 9994 9995 9999
f 9994 9999 9998
f 9995 9996 10000
f 9995 10000 9999
f 9997 9998 10002
f 9997 10002 10001
f 9998 9999 10003
f 9998 10003 10002
f 9999 10000 10004
f 9999 10004 10003
f 10001 10002 10006
f 10001 10006 10005
f 10002 10003 10007
f 10002 10007 10006
f 10003 10004 10008
f 10003 10008 10007
g 식탁 다리_15
v -0.5400 -0.0050 -3.9600
v -0.5400 0.2450 -3.9600
v -0.5400 0.4950 -3.9600
v -0.5400 0.7450 -3.9600
v -0.5133 -0.0050 -3.9600
v -0.5133 0.2450 -3.9600
v -0.5133 0.4950 -3.9600
v -0.5133 0.7450 -3.9600
v -0.4867 -0.0050 -3.9600
v -0.4867 0.2450 -3.9600
v -0.4867 0.4950 -3.9600
v -0.4867 0.7450 -3.9600
v -0.4600 -0.0050 -3.9600
v -0.4600 0.2450 -3.9600
v -0.4600 0.4950 -3.9600
v -0.4600 0.7450 -3.9600
v -0.4600 -0.0050 -4.0400
v -0.4600 0.2450 -4.0400
v -0.4600 0.4950 -4.0400
v -0.4600 0.7450 -4.0400
v -0.4867 -0.0050 -4.0400
v -0.4867 0.2450 -4.0400
v -0.4867 0.4950 -4.0400
v -0.4867 0.7450 -4.0400
v -0.5133 -0.0050 -4.0400
v -0.5133 0.2450 -4.0400
v -0.5133 0.4950 -4.0400
v -0.5133 0.7450 -4.0400
v -0.5400 -0.0050 -4.0400
v -0.5400 0.2450 -4.0400
v -0.5400 0.4950 -4.0400
v -0.5400 0.7450 -4.0400
v -0.5400 -0.0050 -4.0400
v -0.5400 0.2450 -4.0400
v -0.5400 0.4950 -4.0400
v -0.5400 0.7450 -4.0400
v -0.5400 -0.0050 -4.0133
v -0.5400 0.2450 -4.0133
v -0.5400 0.4950 -4.0133
v -0.5400 0.7450 -4.0133
v -0.5400 -0.0050 -3.9867
v -0.5400 0.2450 -3.9867
v -0.5400 0.4950 -3.9867
v -0.5400 0.7450 -3.9867
v -0.5400 -0.0050 -3.9600
v -0.5400 0.2450 -3.9600
v -0.5400 0.4950 -3.9600
v -0.5400 0.7450 -3.9600
v -0.4600 -0.0050 -3.9600
v -0.4600 0.2450 -3.9600
v -0.4600 0.4950 -3.9600
v -0.4600 0.7450 -3.9600
v -0.4600 -0.0050 -3.9867
v -0.4600 0.2450 -3.9867
v -0.4600 0.4950 -3.9867
v -0.4600 0.7450 -3.9867
v -0.4600 -0.0050 -4.0133
v -0.4600 0.2450 -4.0133
v -0.4600 0.4950 -4.0133
v -0.4600 0.7450 -4.0133
v -0.4600 -0.0050 -4.0400
v -0.4600 0.2450 -4.0400
v -0.4600 0.4950 -4.0400
v -0.4600 0.7450 -4.0400
v -0.5400 0.7450 -4.0400
v -0.5400 0.7450 -4.0133
v -0.5400 0.7450 -3.9867
v -0.5400 0.7450 -3.9600
v -0.5133 0.7450 -4.0400
v -0.5133 0.7450 -4.0133
v -0.5133 0.7450 -3.9867
v -0.5133 0.7450 -3.9600
v -0.4867 0.7450 -4.0400
v -0.4867 0.7450 -4.0133
v -0.4867 0.7450 -3.9867
v -0.4867 0.7450 -3.9600
v -0.4600 0.7450 -4.0400
v -0.4600 0.7450 -4.0133
v -0.4600 0.7450 -3.9867
v -0.4600 0.7450 -3.9600
v -0.5400 -0.0050 -3.9600
v -0.5400 -0.0050 -3.9867
v -0.5400 -0.0050 -4.0133
v -0.5400 -0.0050 -4.0400
v -0.5133 -0.0050 -3.9600
v -0.5133 -0.0050 -3.9867
v -0.5133 -0.0050 -4.0133
v -0.5133 -0.0050 -4.0400
v -0.4867 -0.0050 -3.9600
v -0.4867 -0.0050 -3.9867
v -0.4867 -0.0050 -4.0133
v -0.4867 -0.0050 -4.0400
v -0.4600 -0.0050 -3.9600
v -0.4600 -0.0050 -3.9867
v -0.4600 -0.0050 -4.0133
v -0.4600 -0.0050 -4.0400
f 10009 10010 10014
f 10009 10014 10013
f 10010 10011 10015
f 10010 10015 10014
f 10011 10012 10016
f 10011 10016 10015
f 10013 10014 10018
f 10013 10018 10017
f 10014 10015 10019
f 10014 10019 10018
f 10015 10016 10020
f 10015 10020 10019
f 10017 10018 10022
f 10017 10022 10021
f 10018 10019 10023
f 10018 10023 10022
f 10019 10020 10024
f 10019 10024 10023
f 10025 10026 10030
f 10025 10030 10029
f 10026 10027 10031
f 10026 10031 10030
f 10027 10028 10032
f 10027 10032 10031
f 10029 10030 10034
f 10029 10034 10033
f 10030 10031 10035
f 10030 10035 10034
f 10031 10032 10036
f 10031 10036 10035
f 10033 10034 10038
f 10033 10038 10037
f 10034 10035 10039
f 10034 10039 10038
f 10035 10036 10040
f 10035 10040 10039
f 10041 10042 10046
f 10041 10046 10045
f 10042 10043 10047
f 10042 10047 10046
f 10043 10044 10048
f 10043 10048 10047
f 10045 10046 10050
f 10045 10050 10049
f 10046 10047 10051
f 10046 10051 10050
f 10047 10048 10052
f 10047 10052 10051
f 10049 10050 10054
f 10049 10054 10053
f 10050 10051 10055
f 10050 10055 10054
f 10051 10052 10056
f 10051 10056 10055
f 10057 10058 10062
f 10057 10062 10061
f 10058 10059 10063
f 10058 10063 10062
f 10059 10060 10064
f 10059 10064 10063
f 10061 10062 10066
f 10061 10066 10065
f 10062 10063 10067
f 10062 10067 10066
f 10063 10064 10068
f 10063 10068 10067
f 10065 10066 10070
f 10065 10070 10069
f 10066 10067 10071
f 10066 10071 10070
f 10067 10068 10072
f 10067 10072 10071
f 10073 10074 10078
f 10073 10078 10077
f 10074 10075 10079
f 10074 10079 10078
f 10075 10076 10080
f 10075 10080 10079
f 10077 10078 10082
f 10077 10082 10081
f 10078 10079 10083
f 10078 10083 10082
f 10079 10080 10084
f 10079 10084 10083
f 10081 10082 10086
f 10081 10086 10085
f 10082 10083 10087
f 10082 10087 10086
f 10083 10084 10088
f 10083 10088 10087
f 10089 10090 10094
f 10089 10094 10093
f 10090 10091 10095
f 10090 10095 10094
f 10091 10092 10096
f 10091 10096 10095
f 10093 10094 10098
f 10093 10098 10097
f 10094 10095 10099
f 10094 10099 10098
f 10095 10096 10100
f 10095 10100 10099
f 10097 10098 10102
f 10097 10102 10101
f 10098 10099 10103
f 10098 10103 10102
f 10099 10100 10104
f 10099 10104 10103
g 식탁 다리_16
v -0.5400 -0.0050 -0.1600
v -0.5400 0.2450 -0.1600
v -0.5400 0.4950 -0.1600
v -0.5400 0.7450 -0.1600
v -0.5133 -0.0050 -0.1600
v -0.5133 0.2450 -0.1600
v -0.5133 0.4950 -0.1600
v -0.5133 0.7450 -0.1600
v -0.4867 -0.0050 -0.1600
v -0.4867 0.2450 -0.1600
v -0.4867 0.4950 -0.1600
v -0.4867 0.7450 -0.1600
v -0.4600 -0.0050 -0.1600
v -0.4600 0.2450 -0.1600
v -0.4600 0.4950 -0.1600
v -0.4600 0.7450 -0.1600
v -0.4600 -0.0050 -0.2400
v -0.4600 0.2450 -0.2400
v -0.4600 0.4950 -0.2400
v -0.4600 0.7450 -0.2400
v -0.4867 -0.0050 -0.2400
v -0.4867 0.2450 -0.2400
v -0.4867 0.4950 -0.2400
v -0.4867 0.7450 -0.2400
v -0.5133 -0.0050 -0.2400
v -0.5133 0.2450 -0.2400
v -0.5133 0.4950 -0.2400
v -0.5133 0.7450 -0.2400
v -0.5400 -0.0050 -0.2400
v -0.5400 0.2450 -0.2400
v -0.5400 0.4950 -0.2400
v -0.5400 0.7450 -0.2400
v -0.5400 -0.0050 -0.2400
v -0.5400 0.2450 -0.2400
v -0.5400 0.4950 -0.2400
v -0.5400 0.7450 -0.2400
v -0.5400 -0.0050 -0.2133
v -0.5400 0.2450 -0.2133
v -0.5400 0.4950 -0.2133
v -0.5400 0.7450 -0.2133
v -0.5400 -0.0050 -0.1867
v -0.5400 0.2450 -0.1867
v -0.5400 0.4950 -0.1867
v -0.5400 0.7450 -0.1867
v -0.5400 -0.0050 -0.1600
v -0.5400 0.2450 -0.1600
v -0.5400 0.4950 -0.1600
v -0.5400 0.7450 -0.1600
v -0.4600 -0.0050 -0.1600
v -0.4600 0.2450 -0.1600
v -0.4600 0.4950 -0.1600
v -0.4600 0.7450 -0.1600
v -0.4600 -0.0050 -0.1867
v -0.4600 0.2450 -0.1867
v -0.4600 0.4950 -0.1867
v -0.4600 0.7450 -0.1867
v -0.4600 -0.0050 -0.2133
v -0.4600 0.2450 -0.2133
v -0.4600 0.4950 -0.2133
v -0.4600 0.7450 -0.2133
v -0.4600 -0.0050 -0.2400
v -0.4600 0.2450 -0.2400
v -0.4600 0.4950 -0.2400
v -0.4600 0.7450 -0.2400
v -0.5400 0.7450 -0.2400
v -0.5400 0.7450 -0.2133
v -0.5400 0.7450 -0.1867
v -0.5400 0.7450 -0.1600
v -0.5133 0.7450 -0.2400
v -0.5133 0.7450 -0.2133
v -0.5133 0.7450 -0.1867
v -0.5133 0.7450 -0.1600
v -0.4867 0.7450 -0.2400
v -0.4867 0.7450 -0.2133
v -0.4867 0.7450 -0.1867
v -0.4867 0.7450 -0.1600
v -0.4600 0.7450 -0.2400
v -0.4600 0.7450 -0.2133
v -0.4600 0.7450 -0.1867
v -0.4600 0.7450 -0.1600
v -0.5400 -0.0050 -0.1600
v -0.5400 -0.0050 -0.1867
v -0.5400 -0.0050 -0.2133
v -0.5400 -0.0050 -0.2400
v -0.5133 -0.0050 -0.1600
v -0.5133 -0.0050 -0.1867
v -0.5133 -0.0050 -0.2133
v -0.5133 -0.0050 -0.2400
v -0.4867 -0.0050 -0.1600
v -0.4867 -0.0050 -0.1867
v -0.4867 -0.0050 -0.2133
v -0.4867 -0.0050 -0.2400
v -0.4600 -0.0050 -0.1600
v -0.4600 -0.0050 -0.1867
v -0.4600 -0.0050 -0.2133
v -0.4600 -0.0050 -0.2400
f 10105 10106 10110
f 10105 10110 10109
f 10106 10107 10111
f 10106 10111 10110
f 10107 10108 10112
f 10107 10112 10111
f 10109 10110 10114
f 10109 10114 10113
f 10110 10111 10115
f 10110 10115 10114
f 10111 10112 10116
f 10111 10116 10115
f 10113 10114 10118
f 10113 10118 10117
f 10114 10115 10119
f 10114 10119 10118
f 10115 10116 10120
f 10115 10120 10119
f 10121 10122 10126
f 10121 10126 10125
f 10122 10123 10127
f 10122 10127 10126
f 10123 10124 10128
f 10123 10128 10127
f 10125 10126 10130
f 10125 10130 10129
f 10126 10127 10131
f 10126 10131 10130
f 10127 10128 10132
f 10127 10132 10131
f 10129 10130 10134
f 10129 10134 10133
f 10130 10131 10135
f 10130 10135 10134
f 10131 10132 10136
f 10131 10136 10135
f 10137 10138 10142
f 10137 10142 10141
f 10138 10139 10143
f 10138 10143 10142
f 10139 10140 10144
f 10139 10144 10143
f 10141 10142 10146
f 10141 10146 10145
f 10142 10143 10147
f 10142 10147 10146
f 10143 10144 10148
f 10143 10148 10147
f 10145 10146 10150
f 10145 10150 10149
f 10146 10147 10151
f 10146 10151 10150
f 10147 10148 10152
f 10147 10152 10151
f 10153 10154 10158
f 10153 10158 10157
f 10154 10155 10159
f 10154 10159 10158
f 10155 10156 10160
f 10155 10160 10159
f 10157 10158 10162
f 10157 10162 10161
f 10158 10159 10163
f 10158 10163 10162
f 10159 10160 10164
f 10159 10164 10163
f 10161 10162 10166
f 10161 10166 10165
f 10162 10163 10167
f 10162 10167 10166
f 10163 10164 10168
f 10163 10168 10167
f 10169 10170 10174
f 10169 10174 10173
f 10170 10171 10175
f 10170 10175 10174
f 10171 10172 10176
f 10171 10176 10175
f 10173 10174 10178
f 10173 10178 10177
f 10174 10175 10179
f 10174 10179 10178
f 10175 10176 10180
f 10175 10180 10179
f 10177 10178 10182
f 10177 10182 10181
f 10178 10179 10183
f 10178 10183 10182
f 10179 10180 10184
f 10179 10184 10183
f 10185 10186 10190
f 10185 10190 10189
f 10186 10187 10191
f 10186 10191 10190
f 10187 10188 10192
f 10187 10192 10191
f 10189 10190 10194
f 10189 10194 10193
f 10190 10191 10195
f 10190 10195 10194
f 10191 10192 10196
f 10191 10196 10195
f 10193 10194 10198
f 10193 10198 10197
f 10194 10195 10199
f 10194 10199 10198
f 10195 10196 10200
f 10195 10200 10199
g 식탁 다리_17
v -0.5400 -0.0050 3.6400
v -0.5400 0.2450 3.6400
v -0.5400 0.4950 3.6400
v -0.5400 0.7450 3.6400
v -0.5133 -0.0050 3.6400
v -0.5133 0.2450 3.6400
v -0.5133 0.4950 3.6400
v -0.5133 0.7450 3.6400
v -0.4867 -0.0050 3.6400
v -0.4867 0.2450 3.6400
v -0.4867 0.4950 3.6400
v -0.4867 0.7450 3.6400
v -0.4600 -0.0050 3.6400
v -0.4600 0.2450 3.6400
v -0.4600 0.4950 3.6400
v -0.4600 0.7450 3.6400
v -0.4600 -0.0050 3.5600
v -0.4600 0.2450 3.5600
v -0.4600 0.4950 3.5600
v -0.4600 0.7450 3.5600
v -0.4867 -0.0050 3.5600
v -0.4867 0.2450 3.5600
v -0.4867 0.4950 3.5600
v -0.4867 0.7450 3.5600
v -0.5133 -0.0050 3.5600
v -0.5133 0.2450 3.5600
v -0.5133 0.4950 3.5600
v -0.5133 0.7450 3.5600
v -0.5400 -0.0050 3.5600
v -0.5400 0.2450 3.5600
v -0.5400 0.4950 3.5600
v -0.5400 0.7450 3.5600
v -0.5400 -0.0050 3.5600
v -0.5400 0.2450 3.5600
v -0.5400 0.4950 3.5600
v -0.5400 0.7450 3.5600
v -0.5400 -0.0050 3.5867
v -0.5400 0.2450 3.5867
v -0.5400 0.4950 3.5867
v -0.5400 0.7450 3.5867
v -0.5400 -0.0050 3.6133
v -0.5400 0.2450 3.6133
v -0.5400 0.4950 3.6133
v -0.5400 0.7450 3.6133
v -0.5400 -0.0050 3.6400
v -0.5400 0.2450 3.6400
v -0.5400 0.4950 3.6400
v -0.5400 0.7450 3.6400
v -0.4600 -0.0050 3.6400
v -0.4600 0.2450 3.6400
v -0.4600 0.4950 3.6400
v -0.4600 0.7450 3.6400
v -0.4600 -0.0050 3.6133
v -0.4600 0.2450 3.6133
v -0.4600 0.4950 3.6133
v -0.4600 0.7450 3.6133
v -0.4600 -0.0050 3.5867
v -0.4600 0.2450 3.5867
v -0.4600 0.4950 3.5867
v -0.4600 0.7450 3.5867
v -0.4600 -0.0050 3.5600
v -0.4600 0.2450 3.5600
v -0.4600 0.4950 3.5600
v -0.4600 0.7450 3.5600
v -0.5400 0.7450 3.5600
v -0.5400 0.7450 3.5867
v -0.5400 0.7450 3.6133
v -0.5400 0.7450 3.6400
v -0.5133 0.7450 3.5600
v -0.5133 0.7450 3.5867
v -0.5133 0.7450 3.6133
v -0.5133 0.7450 3.6400
v -0.4867 0.7450 3.5600
v -0.4867 0.7450 3.5867
v -0.4867 0.7450 3.6133
v -0.4867 0.7450 3.6400
v -0.4600 0.7450 3.5600
v -0.4600 0.7450 3.5867
v -0.4600 0.7450 3.6133
v -0.4600 0.7450 3.6400
v -0.5400 -0.0050 3.6400
v -0.5400 -0.0050 3.6133
v -0.5400 -0.0050 3.5867
v -0.5400 -0.0050 3.5600
v -0.5133 -0.0050 3.6400
v -0.5133 -0.0050 3.6133
v -0.5133 -0.0050 3.5867
v -0.5133 -0.0050 3.5600
v -0.4867 -0.0050 3.6400
v -0.4867 -0.0050 3.6133
v -0.4867 -0.0050 3.5867
v -0.4867 -0.0050 3.5600
v -0.4600 -0.0050 3.6400
v -0.4600 -0.0050 3.6133
v -0.4600 -0.0050 3.5867
v -0.4600 -0.0050 3.5600
f 10201 10202 10206
f 10201 10206 10205
f 10202 10203 10207
f 10202 10207 10206
f 10203 10204 10208
f 10203 10208 10207
f 10205 10206 10210
f 10205 10210 10209
f 10206 10207 10211
f 10206 10211 10210
f 10207 10208 10212
f 10207 10212 10211
f 10209 10210 10214
f 10209 10214 10213
f 10210 10211 10215
f 10210 10215 10214
f 10211 10212 10216
f 10211 10216 10215
f 10217 10218 10222
f 10217 10222 10221
f 10218 10219 10223
f 10218 10223 10222
f 10219 10220 10224
f 10219 10224 10223
f 10221 10222 10226
f 10221 10226 10225
f 10222 10223 10227
f 10222 10227 10226
f 10223 10224 10228
f 10223 10228 10227
f 10225 10226 10230
f 10225 10230 10229
f 10226 10227 10231
f 10226 10231 10230
f 10227 10228 10232
f 10227 10232 10231
f 10233 10234 10238
f 10233 10238 10237
f 10234 10235 10239
f 10234 10239 10238
f 10235 10236 10240
f 10235 10240 10239
f 10237 10238 10242
f 10237 10242 10241
f 10238 10239 10243
f 10238 10243 10242
f 10239 10240 10244
f 10239 10244 10243
f 10241 10242 10246
f 10241 10246 10245
f 10242 10243 10247
f 10242 10247 10246
f 10243 10244 10248
f 10243 10248 10247
f 10249 10250 10254
f 10249 10254 10253
f 10250 10251 10255
f 10250 10255 10254
f 10251 10252 10256
f 10251 10256 10255
f 10253 10254 10258
f 10253 10258 10257
f 10254 10255 10259
f 10254 10259 10258
f 10255 10256 10260
f 10255 10260 10259
f 10257 10258 10262
f 10257 10262 10261
f 10258 10259 10263
f 10258 10263 10262
f 10259 10260 10264
f 10259 10264 10263
f 10265 10266 10270
f 10265 10270 10269
f 10266 10267 10271
f 10266 10271 10270
f 10267 10268 10272
f 10267 10272 10271
f 10269 10270 10274
f 10269 10274 10273
f 10270 10271 10275
f 10270 10275 10274
f 10271 10272 10276
f 10271 10276 10275
f 10273 10274 10278
f 10273 10278 10277
f 10274 10275 10279
f 10274 10279 10278
f 10275 10276 10280
f 10275 10280 10279
f 10281 10282 10286
f 10281 10286 10285
f 10282 10283 10287
f 10282 10287 10286
f 10283 10284 10288
f 10283 10288 10287
f 10285 10286 10290
f 10285 10290 10289
f 10286 10287 10291
f 10286 10291 10290
f 10287 10288 10292
f 10287 10292 10291
f 10289 10290 10294
f 10289 10294 10293
f 10290 10291 10295
f 10290 10295 10294
f 10291 10292 10296
f 10291 10296 10295
g 식탁 다리_18
v 3.2600 -0.0050 -3.9600
v 3.2600 0.2450 -3.9600
v 3.2600 0.4950 -3.9600
v 3.2600 0.7450 -3.9600
v 3.2867 -0.0050 -3.9600
v 3.2867 0.2450 -3.9600
v 3.2867 0.4950 -3.9600
v 3.2867 0.7450 -3.9600
v 3.3133 -0.0050 -3.9600
v 3.3133 0.2450 -3.9600
v 3.3133 0.4950 -3.9600
v 3.3133 0.7450 -3.9600
v 3.3400 -0.0050 -3.9600
v 3.3400 0.2450 -3.9600
v 3.3400 0.4950 -3.9600
v 3.3400 0.7450 -3.9600
v 3.3400 -0.0050 -4.0400
v 3.3400 0.2450 -4.0400
v 3.3400 0.4950 -4.0400
v 3.3400 0.7450 -4.0400
v 3.3133 -0.0050 -4.0400
v 3.3133 0.2450 -4.0400
v 3.3133 0.4950 -4.0400
v 3.3133 0.7450 -4.0400
v 3.2867 -0.0050 -4.0400
v 3.2867 0.2450 -4.0400
v 3.2867 0.4950 -4.0400
v 3.2867 0.7450 -4.0400
v 3.2600 -0.0050 -4.0400
v 3.2600 0.2450 -4.0400
v 3.2600 0.4950 -4.0400
v 3.2600 0.7450 -4.0400
v 3.2600 -0.0050 -4.0400
v 3.2600 0.2450 -4.0400
v 3.2600 0.4950 -4.0400
v 3.2600 0.7450 -4.0400
v 3.2600 -0.0050 -4.0133
v 3.2600 0.2450 -4.0133
v 3.2600 0.4950 -4.0133
v 3.2600 0.7450 -4.0133
v 3.2600 -0.0050 -3.9867
v 3.2600 0.2450 -3.9867
v 3.2600 0.4950 -3.9867
v 3.2600 0.7450 -3.9867
v 3.2600 -0.0050 -3.9600
v 3.2600 0.2450 -3.9600
v 3.2600 0.4950 -3.9600
v 3.2600 0.7450 -3.9600
v 3.3400 -0.0050 -3.9600
v 3.3400 0.2450 -3.9600
v 3.3400 0.4950 -3.9600
v 3.3400 0.7450 -3.9600
v 3.3400 -0.0050 -3.9867
v 3.3400 0.2450 -3.9867
v 3.3400 0.4950 -3.9867
v 3.3400 0.7450 -3.9867
v 3.3400 -0.0050 -4.0133
v 3.3400 0.2450 -4.0133
v 3.3400 0.4950 -4.0133
v 3.3400 0.7450 -4.0133
v 3.3400 -0.0050 -4.0400
v 3.3400 0.2450 -4.0400
v 3.3400 0.4950 -4.0400
v 3.3400 0.7450 -4.0400
v 3.2600 0.7450 -4.0400
v 3.2600 0.7450 -4.0133
v 3.2600 0.7450 -3.9867
v 3.2600 0.7450 -3.9600
v 3.2867 0.7450 -4.0400
v 3.2867 0.7450 -4.0133
v 3.2867 0.7450 -3.9867
v 3.2867 0.7450 -3.9600
v 3.3133 0.7450 -4.0400
v 3.3133 0.7450 -4.0133
v 3.3133 0.7450 -3.9867
v 3.3133 0.7450 -3.9600
v 3.3400 0.7450 -4.0400
v 3.3400 0.7450 -4.0133
v 3.3400 0.7450 -3.9867
v 3.3400 0.7450 -3.9600
v 3.2600 -0.0050 -3.9600
v 3.2600 -0.0050 -3.9867
v 3.2600 -0.0050 -4.0133
v 3.2600 -0.0050 -4.0400
v 3.2867 -0.0050 -3.9600
v 3.2867 -0.0050 -3.9867
v 3.2867 -0.0050 -4.0133
v 3.2867 -0.0050 -4.0400
v 3.3133 -0.0050 -3.9600
v 3.3133 -0.0050 -3.9867
v 3.3133 -0.0050 -4.0133
v 3.3133 -0.0050 -4.0400
v 3.3400 -0.0050 -3.9600
v 3.3400 -0.0050 -3.9867
v 3.3400 -0.0050 -4.0133
v 3.3400 -0.0050 -4.0400
f 10297 10298 10302
f 10297 10302 10301
f 10298 10299 10303
f 10298 10303 10302
f 10299 10300 10304
f 10299 10304 10303
f 10301 10302 10306
f 10301 10306 10305
f 10302 10303 10307
f 10302 10307 10306
f 10303 10304 10308
f 10303 10308 10307
f 10305 10306 10310
f 10305 10310 10309
f 10306 10307 10311
f 10306 10311 10310
f 10307 10308 10312
f 10307 10312 10311
f 10313 10314 10318
f 10313 10318 10317
f 10314 10315 10319
f 10314 10319 10318
f 10315 10316 10320
f 10315 10320 10319
f 10317 10318 10322
f 10317 10322 10321
f 10318 10319 10323
f 10318 10323 10322
f 10319 10320 10324
f 10319 10324 10323
f 10321 10322 10326
f 10321 10326 10325
f 10322 10323 10327
f 10322 10327 10326
f 10323 10324 10328
f 10323 10328 10327
f 10329 10330 10334
f 10329 10334 10333
f 10330 10331 10335
f 10330 10335 10334
f 10331 10332 10336
f 10331 10336 10335
f 10333 10334 10338
f 10333 10338 10337
f 10334 10335 10339
f 10334 10339 10338
f 10335 10336 10340
f 10335 10340 10339
f 10337 10338 10342
f 10337 10342 10341
f 10338 10339 10343
f 10338 10343 10342
f 10339 10340 10344
f 10339 10344 10343
f 10345 10346 10350
f 10345 10350 10349
f 10346 10347 10351
f 10346 10351 10350
f 10347 10348 10352
f 10347 10352 10351
f 10349 10350 10354
f 10349 10354 10353
f 10350 10351 10355
f 10350 10355 10354
f 10351 10352 10356
f 10351 10356 10355
f 10353 10354 10358
f 10353 10358 10357
f 10354 10355 10359
f 10354 10359 10358
f 10355 10356 10360
f 10355 10360 10359
f 10361 10362 10366
f 10361 10366 10365
f 10362 10363 10367
f 10362 10367 10366
f 10363 10364 10368
f 10363 10368 10367
f 10365 10366 10370
f 10365 10370 10369
f 10366 10367 10371
f 10366 10371 10370
f 10367 10368 10372
f 10367 10372 10371
f 10369 10370 10374
f 10369 10374 10373
f 10370 10371 10375
f 10370 10375 10374
f 10371 10372 10376
f 10371 10376 10375
f 10377 10378 10382
f 10377 10382 10381
f 10378 10379 10383
f 10378 10383 10382
f 10379 10380 10384
f 10379 10384 10383
f 10381 10382 10386
f 10381 10386 10385
f 10382 10383 10387
f 10382 10387 10386
f 10383 10384 10388
f 10383 10388 10387
f 10385 10386 10390
f 10385 10390 10389
f 10386 10387 10391
f 10386 10391 10390
f 10387 10388 10392
f 10387 10392 10391
g 식탁 다리_19
v 3.2600 -0.0050 -0.1600
v 3.2600 0.2450 -0.1600
v 3.2600 0.4950 -0.1600
v 3.2600 0.7450 -0.1600
v 3.2867 -0.0050 -0.1600
v 3.2867 0.2450 -0.1600
v 3.2867 0.4950 -0.1600
v 3.2867 0.7450 -0.1600
v 3.3133 -0.0050 -0.1600
v 3.3133 0.2450 -0.1600
v 3.3133 0.4950 -0.1600
v 3.3133 0.7450 -0.1600
v 3.3400 -0.0050 -0.1600
v 3.3400 0.2450 -0.1600
v 3.3400 0.4950 -0.1600
v 3.3400 0.7450 -0.1600
v 3.3400 -0.0050 -0.2400
v 3.3400 0.2450 -0.2400
v 3.3400 0.4950 -0.2400
v 3.3400 0.7450 -0.2400
v 3.3133 -0.0050 -0.2400
v 3.3133 0.2450 -0.2400
v 3.3133 0.4950 -0.2400
v 3.3133 0.7450 -0.2400
v 3.2867 -0.0050 -0.2400
v 3.2867 0.2450 -0.2400
v 3.2867 0.4950 -0.2400
v 3.2867 0.7450 -0.2400
v 3.2600 -0.0050 -0.2400
v 3.2600 0.2450 -0.2400
v 3.2600 0.4950 -0.2400
v 3.2600 0.7450 -0.2400
v 3.2600 -0.0050 -0.2400
v 3.2600 0.2450 -0.2400
v 3.2600 0.4950 -0.2400
v 3.2600 0.7450 -0.2400
v 3.2600 -0.0050 -0.2133
v 3.2600 0.2450 -0.2133
v 3.2600 0.4950 -0.2133
v 3.2600 0.7450 -0.2133
v 3.2600 -0.0050 -0.1867
v 3.2600 0.2450 -0.1867
v 3.2600 0.4950 -0.1867
v 3.2600 0.7450 -0.1867
v 3.2600 -0.0050 -0.1600
v 3.2600 0.2450 -0.1600
v 3.2600 0.4950 -0.1600
v 3.2600 0.7450 -0.1600
v 3.3400 -0.0050 -0.1600
v 3.3400 0.2450 -0.1600
v 3.3400 0.4950 -0.1600
v 3.3400 0.7450 -0.1600
v 3.3400 -0.0050 -0.1867
v 3.3400 0.2450 -0.1867
v 3.3400 0.4950 -0.1867
v 3.3400 0.7450 -0.1867
v 3.3400 -0.0050 -0.2133
v 3.3400 0.2450 -0.2133
v 3.3400 0.4950 -0.2133
v 3.3400 0.7450 -0.2133
v 3.3400 -0.0050 -0.2400
v 3.3400 0.2450 -0.2400
v 3.3400 0.4950 -0.2400
v 3.3400 0.7450 -0.2400
v 3.2600 0.7450 -0.2400
v 3.2600 0.7450 -0.2133
v 3.2600 0.7450 -0.1867
v 3.2600 0.7450 -0.1600
v 3.2867 0.7450 -0.2400
v 3.2867 0.7450 -0.2133
v 3.2867 0.7450 -0.1867
v 3.2867 0.7450 -0.1600
v 3.3133 0.7450 -0.2400
v 3.3133 0.7450 -0.2133
v 3.3133 0.7450 -0.1867
v 3.3133 0.7450 -0.1600
v 3.3400 0.7450 -0.2400
v 3.3400 0.7450 -0.2133
v 3.3400 0.7450 -0.1867
v 3.3400 0.7450 -0.1600
v 3.2600 -0.0050 -0.1600
v 3.2600 -0.0050 -0.1867
v 3.2600 -0.0050 -0.2133
v 3.2600 -0.0050 -0.2400
v 3.2867 -0.0050 -0.1600
v 3.2867 -0.0050 -0.1867
v 3.2867 -0.0050 -0.2133
v 3.2867 -0.0050 -0.2400
v 3.3133 -0.0050 -0.1600
v 3.3133 -0.0050 -0.1867
v 3.3133 -0.0050 -0.2133
v 3.3133 -0.0050 -0.2400
v 3.3400 -0.0050 -0.1600
v 3.3400 -0.0050 -0.1867
v 3.3400 -0.0050 -0.2133
v 3.3400 -0.0050 -0.2400
f 10393 10394 10398
f 10393 10398 10397
f 10394 10395 10399
f 10394 10399 10398
f 10395 10396 10400
f 10395 10400 10399
f 10397 10398 10402
f 10397 10402 10401
f 10398 10399 10403
f 10398 10403 10402
f 10399 10400 10404
f 10399 10404 10403
f 10401 10402 10406
f 10401 10406 10405
f 10402 10403 10407
f 10402 10407 10406
f 10403 10404 10408
f 10403 10408 10407
f 10409 10410 10414
f 10409 10414 10413
f 10410 10411 10415
f 10410 10415 10414
f 10411 10412 10416
f 10411 10416 10415
f 10413 10414 10418
f 10413 10418 10417
f 10414 10415 10419
f 10414 10419 10418
f 10415 10416 10420
f 10415 10420 10419
f 10417 10418 10422
f 10417 10422 10421
f 10418 10419 10423
f 10418 10423 10422
f 10419 10420 10424
f 10419 10424 10423
f 10425 10426 10430
f 10425 10430 10429
f 10426 10427 10431
f 10426 10431 10430
f 10427 10428 10432
f 10427 10432 10431
f 10429 10430 10434
f 10429 10434 10433
f 10430 10431 10435
f 10430 10435 10434
f 10431 10432 10436
f 10431 10436 10435
f 10433 10434 10438
f 10433 10438 10437
f 10434 10435 10439
f 10434 10439 10438
f 10435 10436 10440
f 10435 10440 10439
f 10441 10442 10446
f 10441 10446 10445
f 10442 10443 10447
f 10442 10447 10446
f 10443 10444 10448
f 10443 10448 10447
f 10445 10446 10450
f 10445 10450 10449
f 10446 10447 10451
f 10446 10451 10450
f 10447 10448 10452
f 10447 10452 10451
f 10449 10450 10454
f 10449 10454 10453
f 10450 10451 10455
f 10450 10455 10454
f 10451 10452 10456
f 10451 10456 10455
f 10457 10458 10462
f 10457 10462 10461
f 10458 10459 10463
f 10458 10463 10462
f 10459 10460 10464
f 10459 10464 10463
f 10461 10462 10466
f 10461 10466 10465
f 10462 10463 10467
f 10462 10467 10466
f 10463 10464 10468
f 10463 10468 10467
f 10465 10466 10470
f 10465 10470 10469
f 10466 10467 10471
f 10466 10471 10470
f 10467 10468 10472
f 10467 10472 10471
f 10473 10474 10478
f 10473 10478 10477
f 10474 10475 10479
f 10474 10479 10478
f 10475 10476 10480
f 10475 10480 10479
f 10477 10478 10482
f 10477 10482 10481
f 10478 10479 10483
f 10478 10483 10482
f 10479 10480 10484
f 10479 10484 10483
f 10481 10482 10486
f 10481 10486 10485
f 10482 10483 10487
f 10482 10487 10486
f 10483 10484 10488
f 10483 10488 10487
g 식탁 다리_20
v 3.2600 -0.0050 3.6400
v 3.2600 0.2450 3.6400
v 3.2600 0.4950 3.6400
v 3.2600 0.7450 3.6400
v 3.2867 -0.0050 3.6400
v 3.2867 0.2450 3.6400
v 3.2867 0.4950 3.6400
v 3.2867 0.7450 3.6400
v 3.3133 -0.0050 3.6400
v 3.3133 0.2450 3.6400
v 3.3133 0.4950 3.6400
v 3.3133 0.7450 3.6400
v 3.3400 -0.0050 3.6400
v 3.3400 0.2450 3.6400
v 3.3400 0.4950 3.6400
v 3.3400 0.7450 3.6400
v 3.3400 -0.0050 3.5600
v 3.3400 0.2450 3.5600
v 3.3400 0.4950 3.5600
v 3.3400 0.7450 3.5600
v 3.3133 -0.0050 3.5600
v 3.3133 0.2450 3.5600
v 3.3133 0.4950 3.5600
v 3.3133 0.7450 3.5600
v 3.2867 -0.0050 3.5600
v 3.2867 0.2450 3.5600
v 3.2867 0.4950 3.5600
v 3.2867 0.7450 3.5600
v 3.2600 -0.0050 3.5600
v 3.2600 0.2450 3.5600
v 3.2600 0.4950 3.5600
v 3.2600 0.7450 3.5600
v 3.2600 -0.0050 3.5600
v 3.2600 0.2450 3.5600
v 3.2600 0.4950 3.5600
v 3.2600 0.7450 3.5600
v 3.2600 -0.0050 3.5867
v 3.2600 0.2450 3.5867
v 3.2600 0.4950 3.5867
v 3.2600 0.7450 3.5867
v 3.2600 -0.0050 3.6133
v 3.2600 0.2450 3.6133
v 3.2600 0.4950 3.6133
v 3.2600 0.7450 3.6133
v 3.2600 -0.0050 3.6400
v 3.2600 0.2450 3.6400
v 3.2600 0.4950 3.6400
v 3.2600 0.7450 3.6400
v 3.3400 -0.0050 3.6400
v 3.3400 0.2450 3.6400
v 3.3400 0.4950 3.6400
v 3.3400 0.7450 3.6400
v 3.3400 -0.0050 3.6133
v 3.3400 0.2450 3.6133
v 3.3400 0.4950 3.6133
v 3.3400 0.7450 3.6133
v 3.3400 -0.0050 3.5867
v 3.3400 0.2450 3.5867
v 3.3400 0.4950 3.5867
v 3.3400 0.7450 3.5867
v 3.3400 -0.0050 3.5600
v 3.3400 0.2450 3.5600
v 3.3400 0.4950 3.5600
v 3.3400 0.7450 3.5600
v 3.2600 0.7450 3.5600
v 3.2600 0.7450 3.5867
v 3.2600 0.7450 3.6133
v 3.2600 0.7450 3.6400
v 3.2867 0.7450 3.5600
v 3.2867 0.7450 3.5867
v 3.2867 0.7450 3.6133
v 3.2867 0.7450 3.6400
v 3.3133 0.7450 3.5600
v 3.3133 0.7450 3.5867
v 3.3133 0.7450 3.6133
v 3.3133 0.7450 3.6400
v 3.3400 0.7450 3.5600
v 3.3400 0.7450 3.5867
v 3.3400 0.7450 3.6133
v 3.3400 0.7450 3.6400
v 3.2600 -0.0050 3.6400
v 3.2600 -0.0050 3.6133
v 3.2600 -0.0050 3.5867
v 3.2600 -0.0050 3.5600
v 3.2867 -0.0050 3.6400
v 3.2867 -0.0050 3.6133
v 3.2867 -0.0050 3.5867
v 3.2867 -0.0050 3.5600
v 3.3133 -0.0050 3.6400
v 3.3133 -0.0050 3.6133
v 3.3133 -0.0050 3.5867
v 3.3133 -0.0050 3.5600
v 3.3400 -0.0050 3.6400
v 3.3400 -0.0050 3.6133
v 3.3400 -0.0050 3.5867
v 3.3400 -0.0050 3.5600
f 10489 10490 10494
f 10489 10494 10493
f 10490 10491 10495
f 10490 10495 10494
f 10491 10492 10496
f 10491 10496 10495
f 10493 10494 10498
f 10493 10498 10497
f 10494 10495 10499
f 10494 10499 10498
f 10495 10496 10500
f 10495 10500 10499
f 10497 10498 10502
f 10497 10502 10501
f 10498 10499 10503
f 10498 10503 10502
f 10499 10500 10504
f 10499 10504 10503
f 10505 10506 10510
f 10505 10510 10509
f 10506 10507 10511
f 10506 10511 10510
f 10507 10508 10512
f 10507 10512 10511
f 10509 10510 10514
f 10509 10514 10513
f 10510 10511 10515
f 10510 10515 10514
f 10511 10512 10516
f 10511 10516 10515
f 10513 10514 10518
f 10513 10518 10517
f 10514 10515 10519
f 10514 10519 10518
f 10515 10516 10520
f 10515 10520 10519
f 10521 10522 10526
f 10521 10526 10525
f 10522 10523 10527
f 10522 10527 10526
f 10523 10524 10528
f 10523 10528 10527
f 10525 10526 10530
f 10525 10530 10529
f 10526 10527 10531
f 10526 10531 10530
f 10527 10528 10532
f 10527 10532 10531
f 10529 10530 10534
f 10529 10534 10533
f 10530 10531 10535
f 10530 10535 10534
f 10531 10532 10536
f 10531 10536 10535
f 10537 10538 10542
f 10537 10542 10541
f 10538 10539 10543
f 10538 10543 10542
f 10539 10540 10544
f 10539 10544 10543
f 10541 10542 10546
f 10541 10546 10545
f 10542 10543 10547
f 10542 10547 10546
f 10543 10544 10548
f 10543 10548 10547
f 10545 10546 10550
f 10545 10550 10549
f 10546 10547 10551
f 10546 10551 10550
f 10547 10548 10552
f 10547 10552 10551
f 10553 10554 10558
f 10553 10558 10557
f 10554 10555 10559
f 10554 10559 10558
f 10555 10556 10560
f 10555 10560 10559
f 10557 10558 10562
f 10557 10562 10561
f 10558 10559 10563
f 10558 10563 10562
f 10559 10560 10564
f 10559 10564 10563
f 10561 10562 10566
f 10561 10566 10565
f 10562 10563 10567
f 10562 10567 10566
f 10563 10564 10568
f 10563 10568 10567
f 10569 10570 10574
f 10569 10574 10573
f 10570 10571 10575
f 10570 10575 10574
f 10571 10572 10576
f 10571 10576 10575
f 10573 10574 10578
f 10573 10578 10577
f 10574 10575 10579
f 10574 10579 10578
f 10575 10576 10580
f 10575 10580 10579
f 10577 10578 10582
f 10577 10582 10581
f 10578 10579 10583
f 10578 10583 10582
f 10579 10580 10584
f 10579 10584 10583
g 식탁 다리_21
v 7.0600 -0.0050 -3.9600
v 7.0600 0.2450 -3.9600
v 7.0600 0.4950 -3.9600
v 7.0600 0.7450 -3.9600
v 7.0867 -0.0050 -3.9600
v 7.0867 0.2450 -3.9600
v 7.0867 0.4950 -3.9600
v 7.0867 0.7450 -3.9600
v 7.1133 -0.0050 -3.9600
v 7.1133 0.2450 -3.9600
v 7.1133 0.4950 -3.9600
v 7.1133 0.7450 -3.9600
v 7.1400 -0.0050 -3.9600
v 7.1400 0.2450 -3.9600
v 7.1400 0.4950 -3.9600
v 7.1400 0.7450 -3.9600
v 7.1400 -0.0050 -4.0400
v 7.1400 0.2450 -4.0400
v 7.1400 0.4950 -4.0400
v 7.1400 0.7450 -4.0400
v 7.1133 -0.0050 -4.0400
v 7.1133 0.2450 -4.0400
v 7.1133 0.4950 -4.0400
v 7.1133 0.7450 -4.0400
v 7.0867 -0.0050 -4.0400
v 7.0867 0.2450 -4.0400
v 7.0867 0.4950 -4.0400
v 7.0867 0.7450 -4.0400
v 7.0600 -0.0050 -4.0400
v 7.0600 0.2450 -4.0400
v 7.0600 0.4950 -4.0400
v 7.0600 0.7450 -4.0400
v 7.0600 -0.0050 -4.0400
v 7.0600 0.2450 -4.0400
v 7.0600 0.4950 -4.0400
v 7.0600 0.7450 -4.0400
v 7.0600 -0.0050 -4.0133
v 7.0600 0.2450 -4.0133
v 7.0600 0.4950 -4.0133
v 7.0600 0.7450 -4.0133
v 7.0600 -0.0050 -3.9867
v 7.0600 0.2450 -3.9867
v 7.0600 0.4950 -3.9867
v 7.0600 0.7450 -3.9867
v 7.0600 -0.0050 -3.9600
v 7.0600 0.2450 -3.9600
v 7.0600 0.4950 -3.9600
v 7.0600 0.7450 -3.9600
v 7.1400 -0.0050 -3.9600
v 7.1400 0.2450 -3.9600
v 7.1400 0.4950 -3.9600
v 7.1400 0.7450 -3.9600
v 7.1400 -0.0050 -3.9867
v 7.1400 0.2450 -3.9867
v 7.1400 0.4950 -3.9867
v 7.1400 0.7450 -3.9867
v 7.1400 -0.0050 -4.0133
v 7.1400 0.2450 -4.0133
v 7.1400 0.4950 -4.0133
v 7.1400 0.7450 -4.0133
v 7.1400 -0.0050 -4.0400
v 7.1400 0.2450 -4.0400
v 7.1400 0.4950 -4.0400
v 7.1400 0.7450 -4.0400
v 7.0600 0.7450 -4.0400
v 7.0600 0.7450 -4.0133
v 7.0600 0.7450 -3.9867
v 7.0600 0.7450 -3.9600
v 7.0867 0.7450 -4.0400
v 7.0867 0.7450 -4.0133
v 7.0867 0.7450 -3.9867
v 7.0867 0.7450 -3.9600
v 7.1133 0.7450 -4.0400
v 7.1133 0.7450 -4.0133
v 7.1133 0.7450 -3.9867
v 7.1133 0.7450 -3.9600
v 7.1400 0.7450 -4.0400
v 7.1400 0.7450 -4.0133
v 7.1400 0.7450 -3.9867
v 7.1400 0.7450 -3.9600
v 7.0600 -0.0050 -3.9600
v 7.0600 -0.0050 -3.9867
v 7.0600 -0.0050 -4.0133
v 7.0600 -0.0050 -4.0400
v 7.0867 -0.0050 -3.9600
v 7.0867 -0.0050 -3.9867
v 7.0867 -0.0050 -4.0133
v 7.0867 -0.0050 -4.0400
v 7.1133 -0.0050 -3.9600
v 7.1133 -0.0050 -3.9867
v 7.1133 -0.0050 -4.0133
v 7.1133 -0.0050 -4.0400
v 7.1400 -0.0050 -3.9600
v 7.1400 -0.0050 -3.9867
v 7.1400 -0.0050 -4.0133
v 7.1400 -0.0050 -4.0400
f 10585 10586 10590
f 10585 10590 10589
f 10586 10587 10591
f 10586 10591 10590
f 10587 10588 10592
f 10587 10592 10591
f 10589 10590 10594
f 10589 10594 10593
f 10590 10591 10595
f 10590 10595 10594
f 10591 10592 10596
f 10591 10596 10595
f 10593 10594 10598
f 10593 10598 10597
f 10594 10595 10599
f 10594 10599 10598
f 10595 10596 10600
f 10595 10600 10599
f 10601 10602 10606
f 10601 10606 10605
f 10602 10603 10607
f 10602 10607 10606
f 10603 10604 10608
f 10603 10608 10607
f 10605 10606 10610
f 10605 10610 10609
f 10606 10607 10611
f 10606 10611 10610
f 10607 10608 10612
f 10607 10612 10611
f 10609 10610 10614
f 10609 10614 10613
f 10610 10611 10615
f 10610 10615 10614
f 10611 10612 10616
f 10611 10616 10615
f 10617 10618 10622
f 10617 10622 10621
f 10618 10619 10623
f 10618 10623 10622
f 10619 10620 10624
f 10619 10624 10623
f 10621 10622 10626
f 10621 10626 10625
f 10622 10623 10627
f 10622 10627 10626
f 10623 10624 10628
f 10623 10628 10627
f 10625 10626 10630
f 10625 10630 10629
f 10626 10627 10631
f 10626 10631 10630
f 10627 10628 10632
f 10627 10632 10631
f 10633 10634 10638
f 10633 10638 10637
f 10634 10635 10639
f 10634 10639 10638
f 10635 10636 10640
f 10635 10640 10639
f 10637 10638 10642
f 10637 10642 10641
f 10638 10639 10643
f 10638 10643 10642
f 10639 10640 10644
f 10639 10644 10643
f 10641 10642 10646
f 10641 10646 10645
f 10642 10643 10647
f 10642 10647 10646
f 10643 10644 10648
f 10643 10648 10647
f 10649 10650 10654
f 10649 10654 10653
f 10650 10651 10655
f 10650 10655 10654
f 10651 10652 10656
f 10651 10656 10655
f 10653 10654 10658
f 10653 10658 10657
f 10654 10655 10659
f 10654 10659 10658
f 10655 10656 10660
f 10655 10660 10659
f 10657 10658 10662
f 10657 10662 10661
f 10658 10659 10663
f 10658 10663 10662
f 10659 10660 10664
f 10659 10664 10663
f 10665 10666 10670
f 10665 10670 10669
f 10666 10667 10671
f 10666 10671 10670
f 10667 10668 10672
f 10667 10672 10671
f 10669 10670 10674
f 10669 10674 10673
f 10670 10671 10675
f 10670 10675 10674
f 10671 10672 10676
f 10671 10676 10675
f 10673 10674 10678
f 10673 10678 10677
f 10674 10675 10679
f 10674 10679 10678
f 10675 10676 10680
f 10675 10680 10679
g 식탁 다리_22
v 7.0600 -0.0050 -0.1600
v 7.0600 0.2450 -0.1600
v 7.0600 0.4950 -0.1600
v 7.0600 0.7450 -0.1600
v 7.0867 -0.0050 -0.1600
v 7.0867 0.2450 -0.1600
v 7.0867 0.4950 -0.1600
v 7.0867 0.7450 -0.1600
v 7.1133 -0.0050 -0.1600
v 7.1133 0.2450 -0.1600
v 7.1133 0.4950 -0.1600
v 7.1133 0.7450 -0.1600
v 7.1400 -0.0050 -0.1600
v 7.1400 0.2450 -0.1600
v 7.1400 0.4950 -0.1600
v 7.1400 0.7450 -0.1600
v 7.1400 -0.0050 -0.2400
v 7.1400 0.2450 -0.2400
v 7.1400 0.4950 -0.2400
v 7.1400 0.7450 -0.2400
v 7.1133 -0.0050 -0.2400
v 7.1133 0.2450 -0.2400
v 7.1133 0.4950 -0.2400
v 7.1133 0.7450 -0.2400
v 7.0867 -0.0050 -0.2400
v 7.0867 0.2450 -0.2400
v 7.0867 0.4950 -0.2400
v 7.0867 0.7450 -0.2400
v 7.0600 -0.0050 -0.2400
v 7.0600 0.2450 -0.2400
v 7.0600 0.4950 -0.2400
v 7.0600 0.7450 -0.2400
v 7.0600 -0.0050 -0.2400
v 7.0600 0.2450 -0.2400
v 7.0600 0.4950 -0.2400
v 7.0600 0.7450 -0.2400
v 7.0600 -0.0050 -0.2133
v 7.0600 0.2450 -0.2133
v 7.0600 0.4950 -0.2133
v 7.0600 0.7450 -0.2133
v 7.0600 -0.0050 -0.1867
v 7.0600 0.2450 -0.1867
v 7.0600 0.4950 -0.1867
v 7.0600 0.7450 -0.1867
v 7.0600 -0.0050 -0.1600
v 7.0600 0.2450 -0.1600
v 7.0600 0.4950 -0.1600
v 7.0600 0.7450 -0.1600
v 7.1400 -0.0050 -0.1600
v 7.1400 0.2450 -0.1600
v 7.1400 0.4950 -0.1600
v 7.1400 0.7450 -0.1600
v 7.1400 -0.0050 -0.1867
v 7.1400 0.2450 -0.1867
v 7.1400 0.4950 -0.1867
v 7.1400 0.7450 -0.1867
v 7.1400 -0.0050 -0.2133
v 7.1400 0.2450 -0.2133
v 7.1400 0.4950 -0.2133
v 7.1400 0.7450 -0.2133
v 7.1400 -0.0050 -0.2400
v 7.1400 0.2450 -0.2400
v 7.1400 0.4950 -0.2400
v 7.1400 0.7450 -0.2400
v 7.0600 0.7450 -0.2400
v 7.0600 0.7450 -0.2133
v 7.0600 0.7450 -0.1867
v 7.0600 0.7450 -0.1600
v 7.0867 0.7450 -0.2400
v 7.0867 0.7450 -0.2133
v 7.0867 0.7450 -0.1867
v 7.0867 0.7450 -0.1600
v 7.1133 0.7450 -0.2400
v 7.1133 0.7450 -0.2133
v 7.1133 0.7450 -0.1867
v 7.1133 0.7450 -0.1600
v 7.1400 0.7450 -0.2400
v 7.1400 0.7450 -0.2133
v 7.1400 0.7450 -0.1867
v 7.1400 0.7450 -0.1600
v 7.0600 -0.0050 -0.1600
v 7.0600 -0.0050 -0.1867
v 7.0600 -0.0050 -0.2133
v 7.0600 -0.0050 -0.2400
v 7.0867 -0.0050 -0.1600
v 7.0867 -0.0050 -0.1867
v 7.0867 -0.0050 -0.2133
v 7.0867 -0.0050 -0.2400
v 7.1133 -0.0050 -0.1600
v 7.1133 -0.0050 -0.1867
v 7.1133 -0.0050 -0.2133
v 7.1133 -0.0050 -0.2400
v 7.1400 -0.0050 -0.1600
v 7.1400 -0.0050 -0.1867
v 7.1400 -0.0050 -0.2133
v 7.1400 -0.0050 -0.2400
f 10681 10682 10686
f 10681 10686 10685
f 10682 10683 10687
f 10682 10687 10686
f 10683 10684 10688
f 10683 10688 10687
f 10685 10686 10690
f 10685 10690 10689
f 10686 10687 10691
f 10686 10691 10690
f 10687 10688 10692
f 10687 10692 10691
f 10689 10690 10694
f 10689 10694 10693
f 10690 10691 10695
f 10690 10695 10694
f 10691 10692 10696
f 10691 10696 10695
f 10697 10698 10702
f 10697 10702 10701
f 10698 10699 10703
f 10698 10703 10702
f 10699 10700 10704
f 10699 10704 10703
f 10701 10702 10706
f 10701 10706 10705
f 10702 10703 10707
f 10702 10707 10706
f 10703 10704 10708
f 10703 10708 10707
f 10705 10706 10710
f 10705 10710 10709
f 10706 10707 10711
f 10706 10711 10710
f 10707 10708 10712
f 10707 10712 10711
f 10713 10714 10718
f 10713 10718 10717
f 10714 10715 10719
f 10714 10719 10718
f 10715 10716 10720
f 10715 10720 10719
f 10717 10718 10722
f 10717 10722 10721
f 10718 10719 10723
f 10718 10723 10722
f 10719 10720 10724
f 10719 10724 10723
f 10721 10722 10726
f 10721 10726 10725
f 10722 10723 10727
f 10722 10727 10726
f 10723 10724 10728
f 10723 10728 10727
f 10729 10730 10734
f 10729 10734 10733
f 10730 10731 10735
f 10730 10735 10734
f 10731 10732 10736
f 10731 10736 10735
f 10733 10734 10738
f 10733 10738 10737
f 10734 10735 10739
f 10734 10739 10738
f 10735 10736 10740
f 10735 10740 10739
f 10737 10738 10742
f 10737 10742 10741
f 10738 10739 10743
f 10738 10743 10742
f 10739 10740 10744
f 10739 10744 10743
f 10745 10746 10750
f 10745 10750 10749
f 10746 10747 10751
f 10746 10751 10750
f 10747 10748 10752
f 10747 10752 10751
f 10749 10750 10754
f 10749 10754 10753
f 10750 10751 10755
f 10750 10755 10754
f 10751 10752 10756
f 10751 10756 10755
f 10753 10754 10758
f 10753 10758 10757
f 10754 10755 10759
f 10754 10759 10758
f 10755 10756 10760
f 10755 10760 10759
f 10761 10762 10766
f 10761 10766 10765
f 10762 10763 10767
f 10762 10767 10766
f 10763 10764 10768
f 10763 10768 10767
f 10765 10766 10770
f 10765 10770 10769
f 10766 10767 10771
f 10766 10771 10770
f 10767 10768 10772
f 10767 10772 10771
f 10769 10770 10774
f 10769 10774 10773
f 10770 10771 10775
f 10770 10775 10774
f 10771 10772 10776
f 10771 10776 10775
g 식탁 다리_23
v 7.0600 -0.0050 3.6400
v 7.0600 0.2450 3.6400
v 7.0600 0.4950 3.6400
v 7.0600 0.7450 3.6400
v 7.0867 -0.0050 3.6400
v 7.0867 0.2450 3.6400
v 7.0867 0.4950 3.6400
v 7.0867 0.7450 3.6400
v 7.1133 -0.0050 3.6400
v 7.1133 0.2450 3.6400
v 7.1133 0.4950 3.6400
v 7.1133 0.7450 3.6400
v 7.1400 -0.0050 3.6400
v 7.1400 0.2450 3.6400
v 7.1400 0.4950 3.6400
v 7.1400 0.7450 3.6400
v 7.1400 -0.0050 3.5600
v 7.1400 0.2450 3.5600
v 7.1400 0.4950 3.5600
v 7.1400 0.7450 3.5600
v 7.1133 -0.0050 3.5600
v 7.1133 0.2450 3.5600
v 7.1133 0.4950 3.5600
v 7.1133 0.7450 3.5600
v 7.0867 -0.0050 3.5600
v 7.0867 0.2450 3.5600
v 7.0867 0.4950 3.5600
v 7.0867 0.7450 3.5600
v 7.0600 -0.0050 3.5600
v 7.0600 0.2450 3.5600
v 7.0600 0.4950 3.5600
v 7.0600 0.7450 3.5600
v 7.0600 -0.0050 3.5600
v 7.0600 0.2450 3.5600
v 7.0600 0.4950 3.5600
v 7.0600 0.7450 3.5600
v 7.0600 -0.0050 3.5867
v 7.0600 0.2450 3.5867
v 7.0600 0.4950 3.5867
v 7.0600 0.7450 3.5867
v 7.0600 -0.0050 3.6133
v 7.0600 0.2450 3.6133
v 7.0600 0.4950 3.6133
v 7.0600 0.7450 3.6133
v 7.0600 -0.0050 3.6400
v 7.0600 0.2450 3.6400
v 7.0600 0.4950 3.6400
v 7.0600 0.7450 3.6400
v 7.1400 -0.0050 3.6400
v 7.1400 0.2450 3.6400
v 7.1400 0.4950 3.6400
v 7.1400 0.7450 3.6400
v 7.1400 -0.0050 3.6133
v 7.1400 0.2450 3.6133
v 7.1400 0.4950 3.6133
v 7.1400 0.7450 3.6133
v 7.1400 -0.0050 3.5867
v 7.1400 0.2450 3.5867
v 7.1400 0.4950 3.5867
v 7.1400 0.7450 3.5867
v 7.1400 -0.0050 3.5600
v 7.1400 0.2450 3.5600
v 7.1400 0.4950 3.5600
v 7.1400 0.7450 3.5600
v 7.0600 0.7450 3.5600
v 7.0600 0.7450 3.5867
v 7.0600 0.7450 3.6133
v 7.0600 0.7450 3.6400
v 7.0867 0.7450 3.5600
v 7.0867 0.7450 3.5867
v 7.0867 0.7450 3.6133
v 7.0867 0.7450 3.6400
v 7.1133 0.7450 3.5600
v 7.1133 0.7450 3.5867
v 7.1133 0.7450 3.6133
v 7.1133 0.7450 3.6400
v 7.1400 0.7450 3.5600
v 7.1400 0.7450 3.5867
v 7.1400 0.7450 3.6133
v 7.1400 0.7450 3.6400
v 7.0600 -0.0050 3.6400
v 7.0600 -0.0050 3.6133
v 7.0600 -0.0050 3.5867
v 7.0600 -0.0050 3.5600
v 7.0867 -0.0050 3.6400
v 7.0867 -0.0050 3.6133
v 7.0867 -0.0050 3.5867
v 7.0867 -0.0050 3.5600
v 7.1133 -0.0050 3.6400
v 7.1133 -0.0050 3.6133
v 7.1133 -0.0050 3.5867
v 7.1133 -0.0050 3.5600
v 7.1400 -0.0050 3.6400
v 7.1400 -0.0050 3.6133
v 7.1400 -0.0050 3.5867
v 7.1400 -0.0050 3.5600
f 10777 10778 10782
f 10777 10782 10781
f 10778 10779 10783
f 10778 10783 10782
f 10779 10780 10784
f 10779 10784 10783
f 10781 10782 10786
f 10781 10786 10785
f 10782 10783 10787
f 10782 10787 10786
f 10783 10784 10788
f 10783 10788 10787
f 10785 10786 10790
f 10785 10790 10789
f 10786 10787 10791
f 10786 10791 10790
f 10787 10788 10792
f 10787 10792 10791
f 10793 10794 10798
f 10793 10798 10797
f 10794 10795 10799
f 10794 10799 10798
f 10795 10796 10800
f 10795 10800 10799
f 10797 10798 10802
f 10797 10802 10801
f 10798 10799 10803
f 10798 10803 10802
f 10799 10800 10804
f 10799 10804 10803
f 10801 10802 10806
f 10801 10806 10805
f 10802 10803 10807
f 10802 10807 10806
f 10803 10804 10808
f 10803 10808 10807
f 10809 10810 10814
f 10809 10814 10813
f 10810 10811 10815
f 10810 10815 10814
f 10811 10812 10816
f 10811 10816 10815
f 10813 10814 10818
f 10813 10818 10817
f 10814 10815 10819
f 10814 10819 10818
f 10815 10816 10820
f 10815 10820 10819
f 10817 10818 10822
f 10817 10822 10821
f 10818 10819 10823
f 10818 10823 10822
f 10819 10820 10824
f 10819 10824 10823
f 10825 10826 10830
f 10825 10830 10829
f 10826 10827 10831
f 10826 10831 10830
f 10827 10828 10832
f 10827 10832 10831
f 10829 10830 10834
f 10829 10834 10833
f 10830 10831 10835
f 10830 10835 10834
f 10831 10832 10836
f 10831 10836 10835
f 10833 10834 10838
f 10833 10838 10837
f 10834 10835 10839
f 10834 10839 10838
f 10835 10836 10840
f 10835 10840 10839
f 10841 10842 10846
f 10841 10846 10845
f 10842 10843 10847
f 10842 10847 10846
f 10843 10844 10848
f 10843 10848 10847
f 10845 10846 10850
f 10845 10850 10849
f 10846 10847 10851
f 10846 10851 10850
f 10847 10848 10852
f 10847 10852 10851
f 10849 10850 10854
f 10849 10854 10853
f 10850 10851 10855
f 10850 10855 10854
f 10851 10852 10856
f 10851 10856 10855
f 10857 10858 10862
f 10857 10862 10861
f 10858 10859 10863
f 10858 10863 10862
f 10859 10860 10864
f 10859 10864 10863
f 10861 10862 10866
f 10861 10866 10865
f 10862 10863 10867
f 10862 10867 10866
f 10863 10864 10868
f 10863 10868 10867
f 10865 10866 10870
f 10865 10870 10869
f 10866 10867 10871
f 10866 10871 10870
f 10867 10868 10872
f 10867 10872 10871
g 의자_0
v -6.8100 0.4200 -4.6000
v -6.8100 0.4400 -4.6000
v -6.8100 0.4600 -4.6000
v -6.8100 0.4800 -4.6000
v -6.6700 0.4200 -4.6000
v -6.6700 0.4400 -4.6000
v -6.6700 0.4600 -4.6000
v -6.6700 0.4800 -4.6000
v -6.5300 0.4200 -4.6000
v -6.5300 0.4400 -4.6000
v -6.5300 0.4600 -4.6000
v -6.5300 0.4800 -4.6000
v -6.3900 0.4200 -4.6000
v -6.3900 0.4400 -4.6000
v -6.3900 0.4600 -4.6000
v -6.3900 0.4800 -4.6000
v -6.3900 0.4200 -5.0000
v -6.3900 0.4400 -5.0000
v -6.3900 0.4600 -5.0000
v -6.3900 0.4800 -5.0000
v -6.5300 0.4200 -5.0000
v -6.5300 0.4400 -5.0000
v -6.5300 0.4600 -5.0000
v -6.5300 0.4800 -5.0000
v -6.6700 0.4200 -5.0000
v -6.6700 0.4400 -5.0000
v -6.6700 0.4600 -5.0000
v -6.6700 0.4800 -5.0000
v -6.8100 0.4200 -5.0000
v -6.8100 0.4400 -5.0000
v -6.8100 0.4600 -5.0000
v -6.8100 0.4800 -5.0000
v -6.8100 0.4200 -5.0000
v -6.8100 0.4400 -5.0000
v -6.8100 0.4600 -5.0000
v -6.8100 0.4800 -5.0000
v -6.8100 0.4200 -4.8667
v -6.8100 0.4400 -4.8667
v -6.8100 0.4600 -4.8667
v -6.8100 0.4800 -4.8667
v -6.8100 0.4200 -4.7333
v -6.8100 0.4400 -4.7333
v -6.8100 0.4600 -4.7333
v -6.8100 0.4800 -4.7333
v -6.8100 0.4200 -4.6000
v -6.8100 0.4400 -4.6000
v -6.8100 0.4600 -4.6000
v -6.8100 0.4800 -4.6000
v -6.3900 0.4200 -4.6000
v -6.3900 0.4400 -4.6000
v -6.3900 0.4600 -4.6000
v -6.3900 0.4800 -4.6000
v -6.3900 0.4200 -4.7333
v -6.3900 0.4400 -4.7333
v -6.3900 0.4600 -4.7333
v -6.3900 0.4800 -4.7333
v -6.3900 0.4200 -4.8667
v -6.3900 0.4400 -4.8667
v -6.3900 0.4600 -4.8667
v -6.3900 0.4800 -4.8667
v -6.3900 0.4200 -5.0000
v -6.3900 0.4400 -5.0000
v -6.3900 0.4600 -5.0000
v -6.3900 0.4800 -5.0000
v -6.8100 0.4800 -5.0000
v -6.8100 0.4800 -4.8667
v -6.8100 0.4800 -4.7333
v -6.8100 0.4800 -4.6000
v -6.6700 0.4800 -5.0000
v -6.6700 0.4800 -4.8667
v -6.6700 0.4800 -4.7333
v -6.6700 0.4800 -4.6000
v -6.5300 0.4800 -5.0000
v -6.5300 0.4800 -4.8667
v -6.5300 0.4800 -4.7333
v -6.5300 0.4800 -4.6000
v -6.3900 0.4800 -5.0000
v -6.3900 0.4800 -4.8667
v -6.3900 0.4800 -4.7333
v -6.3900 0.4800 -4.6000
v -6.8100 0.4200 -4.6000
v -6.8100 0.4200 -4.7333
v -6.8100 0.4200 -4.8667
v -6.8100 0.4200 -5.0000
v -6.6700 0.4200 -4.6000
v -6.6700 0.4200 -4.7333
v -6.6700 0.4200 -4.8667
v -6.6700 0.4200 -5.0000
v -6.5300 0.4200 -4.6000
v -6.5300 0.4200 -4.7333
v -6.5300 0.4200 -4.8667
v -6.5300 0.4200 -5.0000
v -6.3900 0.4200 -4.6000
v -6.3900 0.4200 -4.7333
v -6.3900 0.4200 -4.8667
v -6.3900 0.4200 -5.0000
f 10873 10874 10878
f 10873 10878 10877
f 10874 10875 10879
f 10874 10879 10878
f 10875 10876 10880
f 10875 10880 10879
f 10877 10878 10882
f 10877 10882 10881
f 10878 10879 10883
f 10878 10883 10882
f 10879 10880 10884
f 10879 10884 10883
f 10881 10882 10886
f 10881 10886 10885
f 10882 10883 10887
f 10882 10887 10886
f 10883 10884 10888
f 10883 10888 10887
f 10889 10890 10894
f 10889 10894 10893
f 10890 10891 10895
f 10890 10895 10894
f 10891 10892 10896
f 10891 10896 10895
f 10893 10894 10898
f 10893 10898 10897
f 10894 10895 10899
f 10894 10899 10898
f 10895 10896 10900
f 10895 10900 10899
f 10897 10898 10902
f 10897 10902 10901
f 10898 10899 10903
f 10898 10903 10902
f 10899 10900 10904
f 10899 10904 10903
f 10905 10906 10910
f 10905 10910 10909
f 10906 10907 10911
f 10906 10911 10910
f 10907 10908 10912
f 10907 10912 10911
f 10909 10910 10914
f 10909 10914 10913
f 10910 10911 10915
f 10910 10915 10914
f 10911 10912 10916
f 10911 10916 10915
f 10913 10914 10918
f 10913 10918 10917
f 10914 10915 10919
f 10914 10919 10918
f 10915 10916 10920
f 10915 10920 10919
f 10921 10922 10926
f 10921 10926 10925
f 10922 10923 10927
f 10922 10927 10926
f 10923 10924 10928
f 10923 10928 10927
f 10925 10926 10930
f 10925 10930 10929
f 10926 10927 10931
f 10926 10931 10930
f 10927 10928 10932
f 10927 10932 10931
f 10929 10930 10934
f 10929 10934 10933
f 10930 10931 10935
f 10930 10935 10934
f 10931 10932 10936
f 10931 10936 10935
f 10937 10938 10942
f 10937 10942 10941
f 10938 10939 10943
f 10938 10943 10942
f 10939 10940 10944
f 10939 10944 10943
f 10941 10942 10946
f 10941 10946 10945
f 10942 10943 10947
f 10942 10947 10946
f 10943 10944 10948
f 10943 10948 10947
f 10945 10946 10950
f 10945 10950 10949
f 10946 10947 10951
f 10946 10951 10950
f 10947 10948 10952
f 10947 10952 10951
f 10953 10954 10958
f 10953 10958 10957
f 10954 10955 10959
f 10954 10959 10958
f 10955 10956 10960
f 10955 10960 10959
f 10957 10958 10962
f 10957 10962 10961
f 10958 10959 10963
f 10958 10963 10962
f 10959 10960 10964
f 10959 10964 10963
f 10961 10962 10966
f 10961 10966 10965
f 10962 10963 10967
f 10962 10967 10966
f 10963 10964 10968
f 10963 10968 10967
g 의자_1
v -6.8100 0.4200 -2.7000
v -6.8100 0.4400 -2.7000
v -6.8100 0.4600 -2.7000
v -6.8100 0.4800 -2.7000
v -6.6700 0.4200 -2.7000
v -6.6700 0.4400 -2.7000
v -6.6700 0.4600 -2.7000
v -6.6700 0.4800 -2.7000
v -6.5300 0.4200 -2.7000
v -6.5300 0.4400 -2.7000
v -6.5300 0.4600 -2.7000
v -6.5300 0.4800 -2.7000
v -6.3900 0.4200 -2.7000
v -6.3900 0.4400 -2.7000
v -6.3900 0.4600 -2.7000
v -6.3900 0.4800 -2.7000
v -6.3900 0.4200 -3.1000
v -6.3900 0.4400 -3.1000
v -6.3900 0.4600 -3.1000
v -6.3900 0.4800 -3.1000
v -6.5300 0.4200 -3.1000
v -6.5300 0.4400 -3.1000
v -6.5300 0.4600 -3.1000
v -6.5300 0.4800 -3.1000
v -6.6700 0.4200 -3.1000
v -6.6700 0.4400 -3.1000
v -6.6700 0.4600 -3.1000
v -6.6700 0.4800 -3.1000
v -6.8100 0.4200 -3.1000
v -6.8100 0.4400 -3.1000
v -6.8100 0.4600 -3.1000
v -6.8100 0.4800 -3.1000
v -6.8100 0.4200 -3.1000
v -6.8100 0.4400 -3.1000
v -6.8100 0.4600 -3.1000
v -6.8100 0.4800 -3.1000
v -6.8100 0.4200 -2.9667
v -6.8100 0.4400 -2.9667
v -6.8100 0.4600 -2.9667
v -6.8100 0.4800 -2.9667
v -6.8100 0.4200 -2.8333
v -6.8100 0.4400 -2.8333
v -6.8100 0.4600 -2.8333
v -6.8100 0.4800 -2.8333
v -6.8100 0.4200 -2.7000
v -6.8100 0.4400 -2.7000
v -6.8100 0.4600 -2.7000
v -6.8100 0.4800 -2.7000
v -6.3900 0.4200 -2.7000
v -6.3900 0.4400 -2.7000
v -6.3900 0.4600 -2.7000
v -6.3900 0.4800 -2.7000
v -6.3900 0.4200 -2.8333
v -6.3900 0.4400 -2.8333
v -6.3900 0.4600 -2.8333
v -6.3900 0.4800 -2.8333
v -6.3900 0.4200 -2.9667
v -6.3900 0.4400 -2.9667
v -6.3900 0.4600 -2.9667
v -6.3900 0.4800 -2.9667
v -6.3900 0.4200 -3.1000
v -6.3900 0.4400 -3.1000
v -6.3900 0.4600 -3.1000
v -6.3900 0.4800 -3.1000
v -6.8100 0.4800 -3.1000
v -6.8100 0.4800 -2.9667
v -6.8100 0.4800 -2.8333
v -6.8100 0.4800 -2.7000
v -6.6700 0.4800 -3.1000
v -6.6700 0.4800 -2.9667
v -6.6700 0.4800 -2.8333
v -6.6700 0.4800 -2.7000
v -6.5300 0.4800 -3.1000
v -6.5300 0.4800 -2.9667
v -6.5300 0.4800 -2.8333
v -6.5300 0.4800 -2.7000
v -6.3900 0.4800 -3.1000
v -6.3900 0.4800 -2.9667
v -6.3900 0.4800 -2.8333
v -6.3900 0.4800 -2.7000
v -6.8100 0.4200 -2.7000
v -6.8100 0.4200 -2.8333
v -6.8100 0.4200 -2.9667
v -6.8100 0.4200 -3.1000
v -6.6700 0.4200 -2.7000
v -6.6700 0.4200 -2.8333
v -6.6700 0.4200 -2.9667
v -6.6700 0.4200 -3.1000
v -6.5300 0.4200 -2.7000
v -6.5300 0.4200 -2.8333
v -6.5300 0.4200 -2.9667
v -6.5300 0.4200 -3.1000
v -6.3900 0.4200 -2.7000
v -6.3900 0.4200 -2.8333
v -6.3900 0.4200 -2.9667
v -6.3900 0.4200 -3.1000
f 10969 10970 10974
f 10969 10974 10973
f 10970 10971 10975
f 10970 10975 10974
f 10971 10972 10976
f 10971 10976 10975
f 10973 10974 10978
f 10973 10978 10977
f 10974 10975 10979
f 10974 10979 10978
f 10975 10976 10980
f 10975 10980 10979
f 10977 10978 10982
f 10977 10982 10981
f 10978 10979 10983
f 10978 10983 10982
f 10979 10980 10984
f 10979 10984 10983
f 10985 10986 10990
f 10985 10990 10989
f 10986 10987 10991
f 10986 10991 10990
f 10987 10988 10992
f 10987 10992 10991
f 10989 10990 10994
f 10989 10994 10993
f 10990 10991 10995
f 10990 10995 10994
f 10991 10992 10996
f 10991 10996 10995
f 10993 10994 10998
f 10993 10998 10997
f 10994 10995 10999
f 10994 10999 10998
f 10995 10996 11000
f 10995 11000 10999
f 11001 11002 11006
f 11001 11006 11005
f 11002 11003 11007
f 11002 11007 11006
f 11003 11004 11008
f 11003 11008 11007
f 11005 11006 11010
f 11005 11010 11009
f 11006 11007 11011
f 11006 11011 11010
f 11007 11008 11012
f 11007 11012 11011
f 11009 11010 11014
f 11009 11014 11013
f 11010 11011 11015
f 11010 11015 11014
f 11011 11012 11016
f 11011 11016 11015
f 11017 11018 11022
f 11017 11022 11021
f 11018 11019 11023
f 11018 11023 11022
f 11019 11020 11024
f 11019 11024 11023
f 11021 11022 11026
f 11021 11026 11025
f 11022 11023 11027
f 11022 11027 11026
f 11023 11024 11028
f 11023 11028 11027
f 11025 11026 11030
f 11025 11030 11029
f 11026 11027 11031
f 11026 11031 11030
f 11027 11028 11032
f 11027 11032 11031
f 11033 11034 11038
f 11033 11038 11037
f 11034 11035 11039
f 11034 11039 11038
f 11035 11036 11040
f 11035 11040 11039
f 11037 11038 11042
f 11037 11042 11041
f 11038 11039 11043
f 11038 11043 11042
f 11039 11040 11044
f 11039 11044 11043
f 11041 11042 11046
f 11041 11046 11045
f 11042 11043 11047
f 11042 11047 11046
f 11043 11044 11048
f 11043 11048 11047
f 11049 11050 11054
f 11049 11054 11053
f 11050 11051 11055
f 11050 11055 11054
f 11051 11052 11056
f 11051 11056 11055
f 11053 11054 11058
f 11053 11058 11057
f 11054 11055 11059
f 11054 11059 11058
f 11055 11056 11060
f 11055 11060 11059
f 11057 11058 11062
f 11057 11062 11061
f 11058 11059 11063
f 11058 11063 11062
f 11059 11060 11064
f 11059 11064 11063
g 의자_2
v -6.8100 0.4200 -0.8000
v -6.8100 0.4400 -0.8000
v -6.8100 0.4600 -0.8000
v -6.8100 0.4800 -0.8000
v -6.6700 0.4200 -0.8000
v -6.6700 0.4400 -0.8000
v -6.6700 0.4600 -0.8000
v -6.6700 0.4800 -0.8000
v -6.5300 0.4200 -0.8000
v -6.5300 0.4400 -0.8000
v -6.5300 0.4600 -0.8000
v -6.5300 0.4800 -0.8000
v -6.3900 0.4200 -0.8000
v -6.3900 0.4400 -0.8000
v -6.3900 0.4600 -0.8000
v -6.3900 0.4800 -0.8000
v -6.3900 0.4200 -1.2000
v -6.3900 0.4400 -1.2000
v -6.3900 0.4600 -1.2000
v -6.3900 0.4800 -1.2000
v -6.5300 0.4200 -1.2000
v -6.5300 0.4400 -1.2000
v -6.5300 0.4600 -1.2000
v -6.5300 0.4800 -1.2000
v -6.6700 0.4200 -1.2000
v -6.6700 0.4400 -1.2000
v -6.6700 0.4600 -1.2000
v -6.6700 0.4800 -1.2000
v -6.8100 0.4200 -1.2000
v -6.8100 0.4400 -1.2000
v -6.8100 0.4600 -1.2000
v -6.8100 0.4800 -1.2000
v -6.8100 0.4200 -1.2000
v -6.8100 0.4400 -1.2000
v -6.8100 0.4600 -1.2000
v -6.8100 0.4800 -1.2000
v -6.8100 0.4200 -1.0667
v -6.8100 0.4400 -1.0667
v -6.8100 0.4600 -1.0667
v -6.8100 0.4800 -1.0667
v -6.8100 0.4200 -0.9333
v -6.8100 0.4400 -0.9333
v -6.8100 0.4600 -0.9333
v -6.8100 0.4800 -0.9333
v -6.8100 0.4200 -0.8000
v -6.8100 0.4400 -0.8000
v -6.8100 0.4600 -0.8000
v -6.8100 0.4800 -0.8000
v -6.3900 0.4200 -0.8000
v -6.3900 0.4400 -0.8000
v -6.3900 0.4600 -0.8000
v -6.3900 0.4800 -0.8000
v -6.3900 0.4200 -0.9333
v -6.3900 0.4400 -0.9333
v -6.3900 0.4600 -0.9333
v -6.3900 0.4800 -0.9333
v -6.3900 0.4200 -1.0667
v -6.3900 0.4400 -1.0667
v -6.3900 0.4600 -1.0667
v -6.3900 0.4800 -1.0667
v -6.3900 0.4200 -1.2000
v -6.3900 0.4400 -1.2000
v -6.3900 0.4600 -1.2000
v -6.3900 0.4800 -1.2000
v -6.8100 0.4800 -1.2000
v -6.8100 0.4800 -1.0667
v -6.8100 0.4800 -0.9333
v -6.8100 0.4800 -0.8000
v -6.6700 0.4800 -1.2000
v -6.6700 0.4800 -1.0667
v -6.6700 0.4800 -0.9333
v -6.6700 0.4800 -0.8000
v -6.5300 0.4800 -1.2000
v -6.5300 0.4800 -1.0667
v -6.5300 0.4800 -0.9333
v -6.5300 0.4800 -0.8000
v -6.3900 0.4800 -1.2000
v -6.3900 0.4800 -1.0667
v -6.3900 0.4800 -0.9333
v -6.3900 0.4800 -0.8000
v -6.8100 0.4200 -0.8000
v -6.8100 0.4200 -0.9333
v -6.8100 0.4200 -1.0667
v -6.8100 0.4200 -1.2000
v -6.6700 0.4200 -0.8000
v -6.6700 0.4200 -0.9333
v -6.6700 0.4200 -1.0667
v -6.6700 0.4200 -1.2000
v -6.5300 0.4200 -0.8000
v -6.5300 0.4200 -0.9333
v -6.5300 0.4200 -1.0667
v -6.5300 0.4200 -1.2000
v -6.3900 0.4200 -0.8000
v -6.3900 0.4200 -0.9333
v -6.3900 0.4200 -1.0667
v -6.3900 0.4200 -1.2000
f 11065 11066 11070
f 11065 11070 11069
f 11066 11067 11071
f 11066 11071 11070
f 11067 11068 11072
f 11067 11072 11071
f 11069 11070 11074
f 11069 11074 11073
f 11070 11071 11075
f 11070 11075 11074
f 11071 11072 11076
f 11071 11076 11075
f 11073 11074 11078
f 11073 11078 11077
f 11074 11075 11079
f 11074 11079 11078
f 11075 11076 11080
f 11075 11080 11079
f 11081 11082 11086
f 11081 11086 11085
f 11082 11083 11087
f 11082 11087 11086
f 11083 11084 11088
f 11083 11088 11087
f 11085 11086 11090
f 11085 11090 11089
f 11086 11087 11091
f 11086 11091 11090
f 11087 11088 11092
f 11087 11092 11091
f 11089 11090 11094
f 11089 11094 11093
f 11090 11091 11095
f 11090 11095 11094
f 11091 11092 11096
f 11091 11096 11095
f 11097 11098 11102
f 11097 11102 11101
f 11098 11099 11103
f 11098 11103 11102
f 11099 11100 11104
f 11099 11104 11103
f 11101 11102 11106
f 11101 11106 11105
f 11102 11103 11107
f 11102 11107 11106
f 11103 11104 11108
f 11103 11108 11107
f 11105 11106 11110
f 11105 11110 11109
f 11106 11107 11111
f 11106 11111 11110
f 11107 11108 11112
f 11107 11112 11111
f 11113 11114 11118
f 11113 11118 11117
f 11114 11115 11119
f 11114 11119 11118
f 11115 11116 11120
f 11115 11120 11119
f 11117 11118 11122
f 11117 11122 11121
f 11118 11119 11123
f 11118 11123 11122
f 11119 11120 11124
f 11119 11124 11123
f 11121 11122 11126
f 11121 11126 11125
f 11122 11123 11127
f 11122 11127 11126
f 11123 11124 11128
f 11123 11128 11127
f 11129 11130 11134
f 11129 11134 11133
f 11130 11131 11135
f 11130 11135 11134
f 11131 11132 11136
f 11131 11136 11135
f 11133 11134 11138
f 11133 11138 11137
f 11134 11135 11139
f 11134 11139 11138
f 11135 11136 11140
f 11135 11140 11139
f 11137 11138 11142
f 11137 11142 11141
f 11138 11139 11143
f 11138 11143 11142
f 11139 11140 11144
f 11139 11144 11143
f 11145 11146 11150
f 11145 11150 11149
f 11146 11147 11151
f 11146 11151 11150
f 11147 11148 11152
f 11147 11152 11151
f 11149 11150 11154
f 11149 11154 11153
f 11150 11151 11155
f 11150 11155 11154
f 11151 11152 11156
f 11151 11156 11155
f 11153 11154 11158
f 11153 11158 11157
f 11154 11155 11159
f 11154 11159 11158
f 11155 11156 11160
f 11155 11160 11159
g 의자_3
v -4.9100 0.4200 -4.6000
v -4.9100 0.4400 -4.6000
v -4.9100 0.4600 -4.6000
v -4.9100 0.4800 -4.6000
v -4.7700 0.4200 -4.6000
v -4.7700 0.4400 -4.6000
v -4.7700 0.4600 -4.6000
v -4.7700 0.4800 -4.6000
v -4.6300 0.4200 -4.6000
v -4.6300 0.4400 -4.6000
v -4.6300 0.4600 -4.6000
v -4.6300 0.4800 -4.6000
v -4.4900 0.4200 -4.6000
v -4.4900 0.4400 -4.6000
v -4.4900 0.4600 -4.6000
v -4.4900 0.4800 -4.6000
v -4.4900 0.4200 -5.0000
v -4.4900 0.4400 -5.0000
v -4.4900 0.4600 -5.0000
v -4.4900 0.4800 -5.0000
v -4.6300 0.4200 -5.0000
v -4.6300 0.4400 -5.0000
v -4.6300 0.4600 -5.0000
v -4.6300 0.4800 -5.0000
v -4.7700 0.4200 -5.0000
v -4.7700 0.4400 -5.0000
v -4.7700 0.4600 -5.0000
v -4.7700 0.4800 -5.0000
v -4.9100 0.4200 -5.0000
v -4.9100 0.4400 -5.0000
v -4.9100 0.4600 -5.0000
v -4.9100 0.4800 -5.0000
v -4.9100 0.4200 -5.0000
v -4.9100 0.4400 -5.0000
v -4.9100 0.4600 -5.0000
v -4.9100 0.4800 -5.0000
v -4.9100 0.4200 -4.8667
v -4.9100 0.4400 -4.8667
v -4.9100 0.4600 -4.8667
v -4.9100 0.4800 -4.8667
v -4.9100 0.4200 -4.7333
v -4.9100 0.4400 -4.7333
v -4.9100 0.4600 -4.7333
v -4.9100 0.4800 -4.7333
v -4.9100 0.4200 -4.6000
v -4.9100 0.4400 -4.6000
v -4.9100 0.4600 -4.6000
v -4.9100 0.4800 -4.6000
v -4.4900 0.4200 -4.6000
v -4.4900 0.4400 -4.6000
v -4.4900 0.4600 -4.6000
v -4.4900 0.4800 -4.6000
v -4.4900 0.4200 -4.7333
v -4.4900 0.4400 -4.7333
v -4.4900 0.4600 -4.7333
v -4.4900 0.4800 -4.7333
v -4.4900 0.4200 -4.8667
v -4.4900 0.4400 -4.8667
v -4.4900 0.4600 -4.8667
v -4.4900 0.4800 -4.8667
v -4.4900 0.4200 -5.0000
v -4.4900 0.4400 -5.0000
v -4.4900 0.4600 -5.0000
v -4.4900 0.4800 -5.0000
v -4.9100 0.4800 -5.0000
v -4.9100 0.4800 -4.8667
v -4.9100 0.4800 -4.7333
v -4.9100 0.4800 -4.6000
v -4.7700 0.4800 -5.0000
v -4.7700 0.4800 -4.8667
v -4.7700 0.4800 -4.7333
v -4.7700 0.4800 -4.6000
v -4.6300 0.4800 -5.0000
v -4.6300 0.4800 -4.8667
v -4.6300 0.4800 -4.7333
v -4.6300 0.4800 -4.6000
v -4.4900 0.4800 -5.0000
v -4.4900 0.4800 -4.8667
v -4.4900 0.4800 -4.7333
v -4.4900 0.4800 -4.6000
v -4.9100 0.4200 -4.6000
v -4.9100 0.4200 -4.7333
v -4.9100 0.4200 -4.8667
v -4.9100 0.4200 -5.0000
v -4.7700 0.4200 -4.6000
v -4.7700 0.4200 -4.7333
v -4.7700 0.4200 -4.8667
v -4.7700 0.4200 -5.0000
v -4.6300 0.4200 -4.6000
v -4.6300 0.4200 -4.7333
v -4.6300 0.4200 -4.8667
v -4.6300 0.4200 -5.0000
v -4.4900 0.4200 -4.6000
v -4.4900 0.4200 -4.7333
v -4.4900 0.4200 -4.8667
v -4.4900 0.4200 -5.0000
f 11161 11162 11166
f 11161 11166 11165
f 11162 11163 11167
f 11162 11167 11166
f 11163 11164 11168
f 11163 11168 11167
f 11165 11166 11170
f 11165 11170 11169
f 11166 11167 11171
f 11166 11171 11170
f 11167 11168 11172
f 11167 11172 11171
f 11169 11170 11174
f 11169 11174 11173
f 11170 11171 11175
f 11170 11175 11174
f 11171 11172 11176
f 11171 11176 11175
f 11177 11178 11182
f 11177 11182 11181
f 11178 11179 11183
f 11178 11183 11182
f 11179 11180 11184
f 11179 11184 11183
f 11181 11182 11186
f 11181 11186 11185
f 11182 11183 11187
f 11182 11187 11186
f 11183 11184 11188
f 11183 11188 11187
f 11185 11186 11190
f 11185 11190 11189
f 11186 11187 11191
f 11186 11191 11190
f 11187 11188 11192
f 11187 11192 11191
f 11193 11194 11198
f 11193 11198 11197
f 11194 11195 11199
f 11194 11199 11198
f 11195 11196 11200
f 11195 11200 11199
f 11197 11198 11202
f 11197 11202 11201
f 11198 11199 11203
f 11198 11203 11202
f 11199 11200 11204
f 11199 11204 11203
f 11201 11202 11206
f 11201 11206 11205
f 11202 11203 11207
f 11202 11207 11206
f 11203 11204 11208
f 11203 11208 11207
f 11209 11210 11214
f 11209 11214 11213
f 11210 11211 11215
f 11210 11215 11214
f 11211 11212 11216
f 11211 11216 11215
f 11213 11214 11218
f 11213 11218 11217
f 11214 11215 11219
f 11214 11219 11218
f 11215 11216 11220
f 11215 11220 11219
f 11217 11218 11222
f 11217 11222 11221
f 11218 11219 11223
f 11218 11223 11222
f 11219 11220 11224
f 11219 11224 11223
f 11225 11226 11230
f 11225 11230 11229
f 11226 11227 11231
f 11226 11231 11230
f 11227 11228 11232
f 11227 11232 11231
f 11229 11230 11234
f 11229 11234 11233
f 11230 11231 11235
f 11230 11235 11234
f 11231 11232 11236
f 11231 11236 11235
f 11233 11234 11238
f 11233 11238 11237
f 11234 11235 11239
f 11234 11239 11238
f 11235 11236 11240
f 11235 11240 11239
f 11241 11242 11246
f 11241 11246 11245
f 11242 11243 11247
f 11242 11247 11246
f 11243 11244 11248
f 11243 11248 11247
f 11245 11246 11250
f 11245 11250 11249
f 11246 11247 11251
f 11246 11251 11250
f 11247 11248 11252
f 11247 11252 11251
f 11249 11250 11254
f 11249 11254 11253
f 11250 11251 11255
f 11250 11255 11254
f 11251 11252 11256
f 11251 11256 11255
g 의자_4
v -4.9100 0.4200 -2.7000
v -4.9100 0.4400 -2.7000
v -4.9100 0.4600 -2.7000
v -4.9100 0.4800 -2.7000
v -4.7700 0.4200 -2.7000
v -4.7700 0.4400 -2.7000
v -4.7700 0.4600 -2.7000
v -4.7700 0.4800 -2.7000
v -4.6300 0.4200 -2.7000
v -4.6300 0.4400 -2.7000
v -4.6300 0.4600 -2.7000
v -4.6300 0.4800 -2.7000
v -4.4900 0.4200 -2.7000
v -4.4900 0.4400 -2.7000
v -4.4900 0.4600 -2.7000
v -4.4900 0.4800 -2.7000
v -4.4900 0.4200 -3.1000
v -4.4900 0.4400 -3.1000
v -4.4900 0.4600 -3.1000
v -4.4900 0.4800 -3.1000
v -4.6300 0.4200 -3.1000
v -4.6300 0.4400 -3.1000
v -4.6300 0.4600 -3.1000
v -4.6300 0.4800 -3.1000
v -4.7700 0.4200 -3.1000
v -4.7700 0.4400 -3.1000
v -4.7700 0.4600 -3.1000
v -4.7700 0.4800 -3.1000
v -4.9100 0.4200 -3.1000
v -4.9100 0.4400 -3.1000
v -4.9100 0.4600 -3.1000
v -4.9100 0.4800 -3.1000
v -4.9100 0.4200 -3.1000
v -4.9100 0.4400 -3.1000
v -4.9100 0.4600 -3.1000
v -4.9100 0.4800 -3.1000
v -4.9100 0.4200 -2.9667
v -4.9100 0.4400 -2.9667
v -4.9100 0.4600 -2.9667
v -4.9100 0.4800 -2.9667
v -4.9100 0.4200 -2.8333
v -4.9100 0.4400 -2.8333
v -4.9100 0.4600 -2.8333
v -4.9100 0.4800 -2.8333
v -4.9100 0.4200 -2.7000
v -4.9100 0.4400 -2.7000
v -4.9100 0.4600 -2.7000
v -4.9100 0.4800 -2.7000
v -4.4900 0.4200 -2.7000
v -4.4900 0.4400 -2.7000
v -4.4900 0.4600 -2.7000
v -4.4900 0.4800 -2.7000
v -4.4900 0.4200 -2.8333
v -4.4900 0.4400 -2.8333
v -4.4900 0.4600 -2.8333
v -4.4900 0.4800 -2.8333
v -4.4900 0.4200 -2.9667
v -4.4900 0.4400 -2.9667
v -4.4900 0.4600 -2.9667
v -4.4900 0.4800 -2.9667
v -4.4900 0.4200 -3.1000
v -4.4900 0.4400 -3.1000
v -4.4900 0.4600 -3.1000
v -4.4900 0.4800 -3.1000
v -4.9100 0.4800 -3.1000
v -4.9100 0.4800 -2.9667
v -4.9100 0.4800 -2.8333
v -4.9100 0.4800 -2.7000
v -4.7700 0.4800 -3.1000
v -4.7700 0.4800 -2.9667
v -4.7700 0.4800 -2.8333
v -4.7700 0.4800 -2.7000
v -4.6300 0.4800 -3.1000
v -4.6300 0.4800 -2.9667
v -4.6300 0.4800 -2.8333
v -4.6300 0.4800 -2.7000
v -4.4900 0.4800 -3.1000
v -4.4900 0.4800 -2.9667
v -4.4900 0.4800 -2.8333
v -4.4900 0.4800 -2.7000
v -4.9100 0.4200 -2.7000
v -4.9100 0.4200 -2.8333
v -4.9100 0.4200 -2.9667
v -4.9100 0.4200 -3.1000
v -4.7700 0.4200 -2.7000
v -4.7700 0.4200 -2.8333
v -4.7700 0.4200 -2.9667
v -4.7700 0.4200 -3.1000
v -4.6300 0.4200 -2.7000
v -4.6300 0.4200 -2.8333
v -4.6300 0.4200 -2.9667
v -4.6300 0.4200 -3.1000
v -4.4900 0.4200 -2.7000
v -4.4900 0.4200 -2.8333
v -4.4900 0.4200 -2.9667
v -4.4900 0.4200 -3.1000
f 11257 11258 11262
f 11257 11262 11261
f 11258 11259 11263
f 11258 11263 11262
f 11259 11260 11264
f 11259 11264 11263
f 11261 11262 11266
f 11261 11266 11265
f 11262 11263 11267
f 11262 11267 11266
f 11263 11264 11268
f 11263 11268 11267
f 11265 11266 11270
f 11265 11270 11269
f 11266 11267 11271
f 11266 11271 11270
f 11267 11268 11272
f 11267 11272 11271
f 11273 11274 11278
f 11273 11278 11277
f 11274 11275 11279
f 11274 11279 11278
f 11275 11276 11280
f 11275 11280 11279
f 11277 11278 11282
f 11277 11282 11281
f 11278 11279 11283
f 11278 11283 11282
f 11279 11280 11284
f 11279 11284 11283
f 11281 11282 11286
f 11281 11286 11285
f 11282 11283 11287
f 11282 11287 11286
f 11283 11284 11288
f 11283 11288 11287
f 11289 11290 11294
f 11289 11294 11293
f 11290 11291 11295
f 11290 11295 11294
f 11291 11292 11296
f 11291 11296 11295
f 11293 11294 11298
f 11293 11298 11297
f 11294 11295 11299
f 11294 11299 11298
f 11295 11296 11300
f 11295 11300 11299
f 11297 11298 11302
f 11297 11302 11301
f 11298 11299 11303
f 11298 11303 11302
f 11299 11300 11304
f 11299 11304 11303
f 11305 11306 11310
f 11305 11310 11309
f 11306 11307 11311
f 11306 11311 11310
f 11307 11308 11312
f 11307 11312 11311
f 11309 11310 11314
f 11309 11314 11313
f 11310 11311 11315
f 11310 11315 11314
f 11311 11312 11316
f 11311 11316 11315
f 11313 11314 11318
f 11313 11318 11317
f 11314 11315 11319
f 11314 11319 11318
f 11315 11316 11320
f 11315 11320 11319
f 11321 11322 11326
f 11321 11326 11325
f 11322 11323 11327
f 11322 11327 11326
f 11323 11324 11328
f 11323 11328 11327
f 11325 11326 11330
f 11325 11330 11329
f 11326 11327 11331
f 11326 11331 11330
f 11327 11328 11332
f 11327 11332 11331
f 11329 11330 11334
f 11329 11334 11333
f 11330 11331 11335
f 11330 11335 11334
f 11331 11332 11336
f 11331 11336 11335
f 11337 11338 11342
f 11337 11342 11341
f 11338 11339 11343
f 11338 11343 11342
f 11339 11340 11344
f 11339 11344 11343
f 11341 11342 11346
f 11341 11346 11345
f 11342 11343 11347
f 11342 11347 11346
f 11343 11344 11348
f 11343 11348 11347
f 11345 11346 11350
f 11345 11350 11349
f 11346 11347 11351
f 11346 11351 11350
f 11347 11348 11352
f 11347 11352 11351
g 의자_5
v -4.9100 0.4200 -0.8000
v -4.9100 0.4400 -0.8000
v -4.9100 0.4600 -0.8000
v -4.9100 0.4800 -0.8000
v -4.7700 0.4200 -0.8000
v -4.7700 0.4400 -0.8000
v -4.7700 0.4600 -0.8000
v -4.7700 0.4800 -0.8000
v -4.6300 0.4200 -0.8000
v -4.6300 0.4400 -0.8000
v -4.6300 0.4600 -0.8000
v -4.6300 0.4800 -0.8000
v -4.4900 0.4200 -0.8000
v -4.4900 0.4400 -0.8000
v -4.4900 0.4600 -0.8000
v -4.4900 0.4800 -0.8000
v -4.4900 0.4200 -1.2000
v -4.4900 0.4400 -1.2000
v -4.4900 0.4600 -1.2000
v -4.4900 0.4800 -1.2000
v -4.6300 0.4200 -1.2000
v -4.6300 0.4400 -1.2000
v -4.6300 0.4600 -1.2000
v -4.6300 0.4800 -1.2000
v -4.7700 0.4200 -1.2000
v -4.7700 0.4400 -1.2000
v -4.7700 0.4600 -1.2000
v -4.7700 0.4800 -1.2000
v -4.9100 0.4200 -1.2000
v -4.9100 0.4400 -1.2000
v -4.9100 0.4600 -1.2000
v -4.9100 0.4800 -1.2000
v -4.9100 0.4200 -1.2000
v -4.9100 0.4400 -1.2000
v -4.9100 0.4600 -1.2000
v -4.9100 0.4800 -1.2000
v -4.9100 0.4200 -1.0667
v -4.9100 0.4400 -1.0667
v -4.9100 0.4600 -1.0667
v -4.9100 0.4800 -1.0667
v -4.9100 0.4200 -0.9333
v -4.9100 0.4400 -0.9333
v -4.9100 0.4600 -0.9333
v -4.9100 0.4800 -0.9333
v -4.9100 0.4200 -0.8000
v -4.9100 0.4400 -0.8000
v -4.9100 0.4600 -0.8000
v -4.9100 0.4800 -0.8000
v -4.4900 0.4200 -0.8000
v -4.4900 0.4400 -0.8000
v -4.4900 0.4600 -0.8000
v -4.4900 0.4800 -0.8000
v -4.4900 0.4200 -0.9333
v -4.4900 0.4400 -0.9333
v -4.4900 0.4600 -0.9333
v -4.4900 0.4800 -0.9333
v -4.4900 0.4200 -1.0667
v -4.4900 0.4400 -1.0667
v -4.4900 0.4600 -1.0667
v -4.4900 0.4800 -1.0667
v -4.4900 0.4200 -1.2000
v -4.4900 0.4400 -1.2000
v -4.4900 0.4600 -1.2000
v -4.4900 0.4800 -1.2000
v -4.9100 0.4800 -1.2000
v -4.9100 0.4800 -1.0667
v -4.9100 0.4800 -0.9333
v -4.9100 0.4800 -0.8000
v -4.7700 0.4800 -1.2000
v -4.7700 0.4800 -1.0667
v -4.7700 0.4800 -0.9333
v -4.7700 0.4800 -0.8000
v -4.6300 0.4800 -1.2000
v -4.6300 0.4800 -1.0667
v -4.6300 0.4800 -0.9333
v -4.6300 0.4800 -0.8000
v -4.4900 0.4800 -1.2000
v -4.4900 0.4800 -1.0667
v -4.4900 0.4800 -0.9333
v -4.4900 0.4800 -0.8000
v -4.9100 0.4200 -0.8000
v -4.9100 0.4200 -0.9333
v -4.9100 0.4200 -1.0667
v -4.9100 0.4200 -1.2000
v -4.7700 0.4200 -0.8000
v -4.7700 0.4200 -0.9333
v -4.7700 0.4200 -1.0667
v -4.7700 0.4200 -1.2000
v -4.6300 0.4200 -0.8000
v -4.6300 0.4200 -0.9333
v -4.6300 0.4200 -1.0667
v -4.6300 0.4200 -1.2000
v -4.4900 0.4200 -0.8000
v -4.4900 0.4200 -0.9333
v -4.4900 0.4200 -1.0667
v -4.4900 0.4200 -1.2000
f 11353 11354 11358
f 11353 11358 11357
f 11354 11355 11359
f 11354 11359 11358
f 11355 11356 11360
f 11355 11360 11359
f 11357 11358 11362
f 11357 11362 11361
f 11358 11359 11363
f 11358 11363 11362
f 11359 11360 11364
f 11359 11364 11363
f 11361 11362 11366
f 11361 11366 11365
f 11362 11363 11367
f 11362 11367 11366
f 11363 11364 11368
f 11363 11368 11367
f 11369 11370 11374
f 11369 11374 11373
f 11370 11371 11375
f 11370 11375 11374
f 11371 11372 11376
f 11371 11376 11375
f 11373 11374 11378
f 11373 11378 11377
f 11374 11375 11379
f 11374 11379 11378
f 11375 11376 11380
f 11375 11380 11379
f 11377 11378 11382
f 11377 11382 11381
f 11378 11379 11383
f 11378 11383 11382
f 11379 11380 11384
f 11379 11384 11383
f 11385 11386 11390
f 11385 11390 11389
f 11386 11387 11391
f 11386 11391 11390
f 11387 11388 11392
f 11387 11392 11391
f 11389 11390 11394
f 11389 11394 11393
f 11390 11391 11395
f 11390 11395 11394
f 11391 11392 11396
f 11391 11396 11395
f 11393 11394 11398
f 11393 11398 11397
f 11394 11395 11399
f 11394 11399 11398
f 11395 11396 11400
f 11395 11400 11399
f 11401 11402 11406
f 11401 11406 11405
f 11402 11403 11407
f 11402 11407 11406
f 11403 11404 11408
f 11403 11408 11407
f 11405 11406 11410
f 11405 11410 11409
f 11406 11407 11411
f 11406 11411 11410
f 11407 11408 11412
f 11407 11412 11411
f 11409 11410 11414
f 11409 11414 11413
f 11410 11411 11415
f 11410 11415 11414
f 11411 11412 11416
f 11411 11416 11415
f 11417 11418 11422
f 11417 11422 11421
f 11418 11419 11423
f 11418 11423 11422
f 11419 11420 11424
f 11419 11424 11423
f 11421 11422 11426
f 11421 11426 11425
f 11422 11423 11427
f 11422 11427 11426
f 11423 11424 11428
f 11423 11428 11427
f 11425 11426 11430
f 11425 11430 11429
f 11426 11427 11431
f 11426 11431 11430
f 11427 11428 11432
f 11427 11432 11431
f 11433 11434 11438
f 11433 11438 11437
f 11434 11435 11439
f 11434 11439 11438
f 11435 11436 11440
f 11435 11440 11439
f 11437 11438 11442
f 11437 11442 11441
f 11438 11439 11443
f 11438 11443 11442
f 11439 11440 11444
f 11439 11444 11443
f 11441 11442 11446
f 11441 11446 11445
f 11442 11443 11447
f 11442 11447 11446
f 11443 11444 11448
f 11443 11448 11447
g 의자_6
v -3.0100 0.4200 -4.6000
v -3.0100 0.4400 -4.6000
v -3.0100 0.4600 -4.6000
v -3.0100 0.4800 -4.6000
v -2.8700 0.4200 -4.6000
v -2.8700 0.4400 -4.6000
v -2.8700 0.4600 -4.6000
v -2.8700 0.4800 -4.6000
v -2.7300 0.4200 -4.6000
v -2.7300 0.4400 -4.6000
v -2.7300 0.4600 -4.6000
v -2.7300 0.4800 -4.6000
v -2.5900 0.4200 -4.6000
v -2.5900 0.4400 -4.6000
v -2.5900 0.4600 -4.6000
v -2.5900 0.4800 -4.6000
v -2.5900 0.4200 -5.0000
v -2.5900 0.4400 -5.0000
v -2.5900 0.4600 -5.0000
v -2.5900 0.4800 -5.0000
v -2.7300 0.4200 -5.0000
v -2.7300 0.4400 -5.0000
v -2.7300 0.4600 -5.0000
v -2.7300 0.4800 -5.0000
v -2.8700 0.4200 -5.0000
v -2.8700 0.4400 -5.0000
v -2.8700 0.4600 -5.0000
v -2.8700 0.4800 -5.0000
v -3.0100 0.4200 -5.0000
v -3.0100 0.4400 -5.0000
v -3.0100 0.4600 -5.0000
v -3.0100 0.4800 -5.0000
v -3.0100 0.4200 -5.0000
v -3.0100 0.4400 -5.0000
v -3.0100 0.4600 -5.0000
v -3.0100 0.4800 -5.0000
v -3.0100 0.4200 -4.8667
v -3.0100 0.4400 -4.8667
v -3.0100 0.4600 -4.8667
v -3.0100 0.4800 -4.8667
v -3.0100 0.4200 -4.7333
v -3.0100 0.4400 -4.7333
v -3.0100 0.4600 -4.7333
v -3.0100 0.4800 -4.7333
v -3.0100 0.4200 -4.6000
v -3.0100 0.4400 -4.6000
v -3.0100 0.4600 -4.6000
v -3.0100 0.4800 -4.6000
v -2.5900 0.4200 -4.6000
v -2.5900 0.4400 -4.6000
v -2.5900 0.4600 -4.6000
v -2.5900 0.4800 -4.6000
v -2.5900 0.4200 -4.7333
v -2.5900 0.4400 -4.7333
v -2.5900 0.4600 -4.7333
v -2.5900 0.4800 -4.7333
v -2.5900 0.4200 -4.8667
v -2.5900 0.4400 -4.8667
v -2.5900 0.4600 -4.8667
v -2.5900 0.4800 -4.8667
v -2.5900 0.4200 -5.0000
v -2.5900 0.4400 -5.0000
v -2.5900 0.4600 -5.0000
v -2.5900 0.4800 -5.0000
v -3.0100 0.4800 -5.0000
v -3.0100 0.4800 -4.8667
v -3.0100 0.4800 -4.7333
v -3.0100 0.4800 -4.6000
v -2.8700 0.4800 -5.0000
v -2.8700 0.4800 -4.8667
v -2.8700 0.4800 -4.7333
v -2.8700 0.4800 -4.6000
v -2.7300 0.4800 -5.0000
v -2.7300 0.4800 -4.8667
v -2.7300 0.4800 -4.7333
v -2.7300 0.4800 -4.6000
v -2.5900 0.4800 -5.0000
v -2.5900 0.4800 -4.8667
v -2.5900 0.4800 -4.7333
v -2.5900 0.4800 -4.6000
v -3.0100 0.4200 -4.6000
v -3.0100 0.4200 -4.7333
v -3.0100 0.4200 -4.8667
v -3.0100 0.4200 -5.0000
v -2.8700 0.4200 -4.6000
v -2.8700 0.4200 -4.7333
v -2.8700 0.4200 -4.8667
v -2.8700 0.4200 -5.0000
v -2.7300 0.4200 -4.6000
v -2.7300 0.4200 -4.7333
v -2.7300 0.4200 -4.8667
v -2.7300 0.4200 -5.0000
v -2.5900 0.4200 -4.6000
v -2.5900 0.4200 -4.7333
v -2.5900 0.4200 -4.8667
v -2.5900 0.4200 -5.0000
f 11449 11450 11454
f 11449 11454 11453
f 11450 11451 11455
f 11450 11455 11454
f 11451 11452 11456
f 11451 11456 11455
f 11453 11454 11458
f 11453 11458 11457
f 11454 11455 11459
f 11454 11459 11458
f 11455 11456 11460
f 11455 11460 11459
f 11457 11458 11462
f 11457 11462 11461
f 11458 11459 11463
f 11458 11463 11462
f 11459 11460 11464
f 11459 11464 11463
f 11465 11466 11470
f 11465 11470 11469
f 11466 11467 11471
f 11466 11471 11470
f 11467 11468 11472
f 11467 11472 11471
f 11469 11470 11474
f 11469 11474 11473
f 11470 11471 11475
f 11470 11475 11474
f 11471 11472 11476
f 11471 11476 11475
f 11473 11474 11478
f 11473 11478 11477
f 11474 11475 11479
f 11474 11479 11478
f 11475 11476 11480
f 11475 11480 11479
f 11481 11482 11486
f 11481 11486 11485
f 11482 11483 11487
f 11482 11487 11486
f 11483 11484 11488
f 11483 11488 11487
f 11485 11486 11490
f 11485 11490 11489
f 11486 11487 11491
f 11486 11491 11490
f 11487 11488 11492
f 11487 11492 11491
f 11489 11490 11494
f 11489 11494 11493
f 11490 11491 11495
f 11490 11495 11494
f 11491 11492 11496
f 11491 11496 11495
f 11497 11498 11502
f 11497 11502 11501
f 11498 11499 11503
f 11498 11503 11502
f 11499 11500 11504
f 11499 11504 11503
f 11501 11502 11506
f 11501 11506 11505
f 11502 11503 11507
f 11502 11507 11506
f 11503 11504 11508
f 11503 11508 11507
f 11505 11506 11510
f 11505 11510 11509
f 11506 11507 11511
f 11506 11511 11510
f 11507 11508 11512
f 11507 11512 11511
f 11513 11514 11518
f 11513 11518 11517
f 11514 11515 11519
f 11514 11519 11518
f 11515 11516 11520
f 11515 11520 11519
f 11517 11518 11522
f 11517 11522 11521
f 11518 11519 11523
f 11518 11523 11522
f 11519 11520 11524
f 11519 11524 11523
f 11521 11522 11526
f 11521 11526 11525
f 11522 11523 11527
f 11522 11527 11526
f 11523 11524 11528
f 11523 11528 11527
f 11529 11530 11534
f 11529 11534 11533
f 11530 11531 11535
f 11530 11535 11534
f 11531 11532 11536
f 11531 11536 11535
f 11533 11534 11538
f 11533 11538 11537
f 11534 11535 11539
f 11534 11539 11538
f 11535 11536 11540
f 11535 11540 11539
f 11537 11538 11542
f 11537 11542 11541
f 11538 11539 11543
f 11538 11543 11542
f 11539 11540 11544
f 11539 11544 11543
g 의자_7
v -3.0100 0.4200 -2.7000
v -3.0100 0.4400 -2.7000
v -3.0100 0.4600 -2.7000
v -3.0100 0.4800 -2.7000
v -2.8700 0.4200 -2.7000
v -2.8700 0.4400 -2.7000
v -2.8700 0.4600 -2.7000
v -2.8700 0.4800 -2.7000
v -2.7300 0.4200 -2.7000
v -2.7300 0.4400 -2.7000
v -2.7300 0.4600 -2.7000
v -2.7300 0.4800 -2.7000
v -2.5900 0.4200 -2.7000
v -2.5900 0.4400 -2.7000
v -2.5900 0.4600 -2.7000
v -2.5900 0.4800 -2.7000
v -2.5900 0.4200 -3.1000
v -2.5900 0.4400 -3.1000
v -2.5900 0.4600 -3.1000
v -2.5900 0.4800 -3.1000
v -2.7300 0.4200 -3.1000
v -2.7300 0.4400 -3.1000
v -2.7300 0.4600 -3.1000
v -2.7300 0.4800 -3.1000
v -2.8700 0.4200 -3.1000
v -2.8700 0.4400 -3.1000
v -2.8700 0.4600 -3.1000
v -2.8700 0.4800 -3.1000
v -3.0100 0.4200 -3.1000
v -3.0100 0.4400 -3.1000
v -3.0100 0.4600 -3.1000
v -3.0100 0.4800 -3.1000
v -3.0100 0.4200 -3.1000
v -3.0100 0.4400 -3.1000
v -3.0100 0.4600 -3.1000
v -3.0100 0.4800 -3.1000
v -3.0100 0.4200 -2.9667
v -3.0100 0.4400 -2.9667
v -3.0100 0.4600 -2.9667
v -3.0100 0.4800 -2.9667
v -3.0100 0.4200 -2.8333
v -3.0100 0.4400 -2.8333
v -3.0100 0.4600 -2.8333
v -3.0100 0.4800 -2.8333
v -3.0100 0.4200 -2.7000
v -3.0100 0.4400 -2.7000
v -3.0100 0.4600 -2.7000
v -3.0100 0.4800 -2.7000
v -2.5900 0.4200 -2.7000
v -2.5900 0.4400 -2.7000
v -2.5900 0.4600 -2.7000
v -2.5900 0.4800 -2.7000
v -2.5900 0.4200 -2.8333
v -2.5900 0.4400 -2.8333
v -2.5900 0.4600 -2.8333
v -2.5900 0.4800 -2.8333
v -2.5900 0.4200 -2.9667
v -2.5900 0.4400 -2.9667
v -2.5900 0.4600 -2.9667
v -2.5900 0.4800 -2.9667
v -2.5900 0.4200 -3.1000
v -2.5900 0.4400 -3.1000
v -2.5900 0.4600 -3.1000
v -2.5900 0.4800 -3.1000
v -3.0100 0.4800 -3.1000
v -3.0100 0.4800 -2.9667
v -3.0100 0.4800 -2.8333
v -3.0100 0.4800 -2.7000
v -2.8700 0.4800 -3.1000
v -2.8700 0.4800 -2.9667
v -2.8700 0.4800 -2.8333
v -2.8700 0.4800 -2.7000
v -2.7300 0.4800 -3.1000
v -2.7300 0.4800 -2.9667
v -2.7300 0.4800 -2.8333
v -2.7300 0.4800 -2.7000
v -2.5900 0.4800 -3.1000
v -2.5900 0.4800 -2.9667
v -2.5900 0.4800 -2.8333
v -2.5900 0.4800 -2.7000
v -3.0100 0.4200 -2.7000
v -3.0100 0.4200 -2.8333
v -3.0100 0.4200 -2.9667
v -3.0100 0.4200 -3.1000
v -2.8700 0.4200 -2.7000
v -2.8700 0.4200 -2.8333
v -2.8700 0.4200 -2.9667
v -2.8700 0.4200 -3.1000
v -2.7300 0.4200 -2.7000
v -2.7300 0.4200 -2.8333
v -2.7300 0.4200 -2.9667
v -2.7300 0.4200 -3.1000
v -2.5900 0.4200 -2.7000
v -2.5900 0.4200 -2.8333
v -2.5900 0.4200 -2.9667
v -2.5900 0.4200 -3.1000
f 11545 11546 11550
f 11545 11550 11549
f 11546 11547 11551
f 11546 11551 11550
f 11547 11548 11552
f 11547 11552 11551
f 11549 11550 11554
f 11549 11554 11553
f 11550 11551 11555
f 11550 11555 11554
f 11551 11552 11556
f 11551 11556 11555
f 11553 11554 11558
f 11553 11558 11557
f 11554 11555 11559
f 11554 11559 11558
f 11555 11556 11560
f 11555 11560 11559
f 11561 11562 11566
f 11561 11566 11565
f 11562 11563 11567
f 11562 11567 11566
f 11563 11564 11568
f 11563 11568 11567
f 11565 11566 11570
f 11565 11570 11569
f 11566 11567 11571
f 11566 11571 11570
f 11567 11568 11572
f 11567 11572 11571
f 11569 11570 11574
f 11569 11574 11573
f 11570 11571 11575
f 11570 11575 11574
f 11571 11572 11576
f 11571 11576 11575
f 11577 11578 11582
f 11577 11582 11581
f 11578 11579 11583
f 11578 11583 11582
f 11579 11580 11584
f 11579 11584 11583
f 11581 11582 11586
f 11581 11586 11585
f 11582 11583 11587
f 11582 11587 11586
f 11583 11584 11588
f 11583 11588 11587
f 11585 11586 11590
f 11585 11590 11589
f 11586 11587 11591
f 11586 11591 11590
f 11587 11588 11592
f 11587 11592 11591
f 11593 11594 11598
f 11593 11598 11597
f 11594 11595 11599
f 11594 11599 11598
f 11595 11596 11600
f 11595 11600 11599
f 11597 11598 11602
f 11597 11602 11601
f 11598 11599 11603
f 11598 11603 11602
f 11599 11600 11604
f 11599 11604 11603
f 11601 11602 11606
f 11601 11606 11605
f 11602 11603 11607
f 11602 11607 11606
f 11603 11604 11608
f 11603 11608 11607
f 11609 11610 11614
f 11609 11614 11613
f 11610 11611 11615
f 11610 11615 11614
f 11611 11612 11616
f 11611 11616 11615
f 11613 11614 11618
f 11613 11618 11617
f 11614 11615 11619
f 11614 11619 11618
f 11615 11616 11620
f 11615 11620 11619
f 11617 11618 11622
f 11617 11622 11621
f 11618 11619 11623
f 11618 11623 11622
f 11619 11620 11624
f 11619 11624 11623
f 11625 11626 11630
f 11625 11630 11629
f 11626 11627 11631
f 11626 11631 11630
f 11627 11628 11632
f 11627 11632 11631
f 11629 11630 11634
f 11629 11634 11633
f 11630 11631 11635
f 11630 11635 11634
f 11631 11632 11636
f 11631 11636 11635
f 11633 11634 11638
f 11633 11638 11637
f 11634 11635 11639
f 11634 11639 11638
f 11635 11636 11640
f 11635 11640 11639
g 의자_8
v -3.0100 0.4200 -0.8000
v -3.0100 0.4400 -0.8000
v -3.0100 0.4600 -0.8000
v -3.0100 0.4800 -0.8000
v -2.8700 0.4200 -0.8000
v -2.8700 0.4400 -0.8000
v -2.8700 0.4600 -0.8000
v -2.8700 0.4800 -0.8000
v -2.7300 0.4200 -0.8000
v -2.7300 0.4400 -0.8000
v -2.7300 0.4600 -0.8000
v -2.7300 0.4800 -0.8000
v -2.5900 0.4200 -0.8000
v -2.5900 0.4400 -0.8000
v -2.5900 0.4600 -0.8000
v -2.5900 0.4800 -0.8000
v -2.5900 0.4200 -1.2000
v -2.5900 0.4400 -1.2000
v -2.5900 0.4600 -1.2000
v -2.5900 0.4800 -1.2000
v -2.7300 0.4200 -1.2000
v -2.7300 0.4400 -1.2000
v -2.7300 0.4600 -1.2000
v -2.7300 0.4800 -1.2000
v -2.8700 0.4200 -1.2000
v -2.8700 0.4400 -1.2000
v -2.8700 0.4600 -1.2000
v -2.8700 0.4800 -1.2000
v -3.0100 0.4200 -1.2000
v -3.0100 0.4400 -1.2000
v -3.0100 0.4600 -1.2000
v -3.0100 0.4800 -1.2000
v -3.0100 0.4200 -1.2000
v -3.0100 0.4400 -1.2000
v -3.0100 0.4600 -1.2000
v -3.0100 0.4800 -1.2000
v -3.0100 0.4200 -1.0667
v -3.0100 0.4400 -1.0667
v -3.0100 0.4600 -1.0667
v -3.0100 0.4800 -1.0667
v -3.0100 0.4200 -0.9333
v -3.0100 0.4400 -0.9333
v -3.0100 0.4600 -0.9333
v -3.0100 0.4800 -0.9333
v -3.0100 0.4200 -0.8000
v -3.0100 0.4400 -0.8000
v -3.0100 0.4600 -0.8000
v -3.0100 0.4800 -0.8000
v -2.5900 0.4200 -0.8000
v -2.5900 0.4400 -0.8000
v -2.5900 0.4600 -0.8000
v -2.5900 0.4800 -0.8000
v -2.5900 0.4200 -0.9333
v -2.5900 0.4400 -0.9333
v -2.5900 0.4600 -0.9333
v -2.5900 0.4800 -0.9333
v -2.5900 0.4200 -1.0667
v -2.5900 0.4400 -1.0667
v -2.5900 0.4600 -1.0667
v -2.5900 0.4800 -1.0667
v -2.5900 0.4200 -1.2000
v -2.5900 0.4400 -1.2000
v -2.5900 0.4600 -1.2000
v -2.5900 0.4800 -1.2000
v -3.0100 0.4800 -1.2000
v -3.0100 0.4800 -1.0667
v -3.0100 0.4800 -0.9333
v -3.0100 0.4800 -0.8000
v -2.8700 0.4800 -1.2000
v -2.8700 0.4800 -1.0667
v -2.8700 0.4800 -0.9333
v -2.8700 0.4800 -0.8000
v -2.7300 0.4800 -1.2000
v -2.7300 0.4800 -1.0667
v -2.7300 0.4800 -0.9333
v -2.7300 0.4800 -0.8000
v -2.5900 0.4800 -1.2000
v -2.5900 0.4800 -1.0667
v -2.5900 0.4800 -0.9333
v -2.5900 0.4800 -0.8000
v -3.0100 0.4200 -0.8000
v -3.0100 0.4200 -0.9333
v -3.0100 0.4200 -1.0667
v -3.0100 0.4200 -1.2000
v -2.8700 0.4200 -0.8000
v -2.8700 0.4200 -0.9333
v -2.8700 0.4200 -1.0667
v -2.8700 0.4200 -1.2000
v -2.7300 0.4200 -0.8000
v -2.7300 0.4200 -0.9333
v -2.7300 0.4200 -1.0667
v -2.7300 0.4200 -1.2000
v -2.5900 0.4200 -0.8000
v -2.5900 0.4200 -0.9333
v -2.5900 0.4200 -1.0667
v -2.5900 0.4200 -1.2000
f 11641 11642 11646
f 11641 11646 11645
f 11642 11643 11647
f 11642 11647 11646
f 11643 11644 11648
f 11643 11648 11647
f 11645 11646 11650
f 11645 11650 11649
f 11646 11647 11651
f 11646 11651 11650
f 11647 11648 11652
f 11647 11652 11651
f 11649 11650 11654
f 11649 11654 11653
f 11650 11651 11655
f 11650 11655 11654
f 11651 11652 11656
f 11651 11656 11655
f 11657 11658 11662
f 11657 11662 11661
f 11658 11659 11663
f 11658 11663 11662
f 11659 11660 11664
f 11659 11664 11663
f 11661 11662 11666
f 11661 11666 11665
f 11662 11663 11667
f 11662 11667 11666
f 11663 11664 11668
f 11663 11668 11667
f 11665 11666 11670
f 11665 11670 11669
f 11666 11667 11671
f 11666 11671 11670
f 11667 11668 11672
f 11667 11672 11671
f 11673 11674 11678
f 11673 11678 11677
f 11674 11675 11679
f 11674 11679 11678
f 11675 11676 11680
f 11675 11680 11679
f 11677 11678 11682
f 11677 11682 11681
f 11678 11679 11683
f 11678 11683 11682
f 11679 11680 11684
f 11679 11684 11683
f 11681 11682 11686
f 11681 11686 11685
f 11682 11683 11687
f 11682 11687 11686
f 11683 11684 11688
f 11683 11688 11687
f 11689 11690 11694
f 11689 11694 11693
f 11690 11691 11695
f 11690 11695 11694
f 11691 11692 11696
f 11691 11696 11695
f 11693 11694 11698
f 11693 11698 11697
f 11694 11695 11699
f 11694 11699 11698
f 11695 11696 11700
f 11695 11700 11699
f 11697 11698 11702
f 11697 11702 11701
f 11698 11699 11703
f 11698 11703 11702
f 11699 11700 11704
f 11699 11704 11703
f 11705 11706 11710
f 11705 11710 11709
f 11706 11707 11711
f 11706 11711 11710
f 11707 11708 11712
f 11707 11712 11711
f 11709 11710 11714
f 11709 11714 11713
f 11710 11711 11715
f 11710 11715 11714
f 11711 11712 11716
f 11711 11716 11715
f 11713 11714 11718
f 11713 11718 11717
f 11714 11715 11719
f 11714 11719 11718
f 11715 11716 11720
f 11715 11720 11719
f 11721 11722 11726
f 11721 11726 11725
f 11722 11723 11727
f 11722 11727 11726
f 11723 11724 11728
f 11723 11728 11727
f 11725 11726 11730
f 11725 11730 11729
f 11726 11727 11731
f 11726 11731 11730
f 11727 11728 11732
f 11727 11732 11731
f 11729 11730 11734
f 11729 11734 11733
f 11730 11731 11735
f 11730 11735 11734
f 11731 11732 11736
f 11731 11736 11735
g 의자_9
v -1.1100 0.4200 -4.6000
v -1.1100 0.4400 -4.6000
v -1.1100 0.4600 -4.6000
v -1.1100 0.4800 -4.6000
v -0.9700 0.4200 -4.6000
v -0.9700 0.4400 -4.6000
v -0.9700 0.4600 -4.6000
v -0.9700 0.4800 -4.6000
v -0.8300 0.4200 -4.6000
v -0.8300 0.4400 -4.6000
v -0.8300 0.4600 -4.6000
v -0.8300 0.4800 -4.6000
v -0.6900 0.4200 -4.6000
v -0.6900 0.4400 -4.6000
v -0.6900 0.4600 -4.6000
v -0.6900 0.4800 -4.6000
v -0.6900 0.4200 -5.0000
v -0.6900 0.4400 -5.0000
v -0.6900 0.4600 -5.0000
v -0.6900 0.4800 -5.0000
v -0.8300 0.4200 -5.0000
v -0.8300 0.4400 -5.0000
v -0.8300 0.4600 -5.0000
v -0.8300 0.4800 -5.0000
v -0.9700 0.4200 -5.0000
v -0.9700 0.4400 -5.0000
v -0.9700 0.4600 -5.0000
v -0.9700 0.4800 -5.0000
v -1.1100 0.4200 -5.0000
v -1.1100 0.4400 -5.0000
v -1.1100 0.4600 -5.0000
v -1.1100 0.4800 -5.0000
v -1.1100 0.4200 -5.0000
v -1.1100 0.4400 -5.0000
v -1.1100 0.4600 -5.0000
v -1.1100 0.4800 -5.0000
v -1.1100 0.4200 -4.8667
v -1.1100 0.4400 -4.8667
v -1.1100 0.4600 -4.8667
v -1.1100 0.4800 -4.8667
v -1.1100 0.4200 -4.7333
v -1.1100 0.4400 -4.7333
v -1.1100 0.4600 -4.7333
v -1.1100 0.4800 -4.7333
v -1.1100 0.4200 -4.6000
v -1.1100 0.4400 -4.6000
v -1.1100 0.4600 -4.6000
v -1.1100 0.4800 -4.6000
v -0.6900 0.4200 -4.6000
v -0.6900 0.4400 -4.6000
v -0.6900 0.4600 -4.6000
v -0.6900 0.4800 -4.6000
v -0.6900 0.4200 -4.7333
v -0.6900 0.4400 -4.7333
v -0.6900 0.4600 -4.7333
v -0.6900 0.4800 -4.7333
v -0.6900 0.4200 -4.8667
v -0.6900 0.4400 -4.8667
v -0.6900 0.4600 -4.8667
v -0.6900 0.4800 -4.8667
v -0.6900 0.4200 -5.0000
v -0.6900 0.4400 -5.0000
v -0.6900 0.4600 -5.0000
v -0.6900 0.4800 -5.0000
v -1.1100 0.4800 -5.0000
v -1.1100 0.4800 -4.8667
v -1.1100 0.4800 -4.7333
v -1.1100 0.4800 -4.6000
v -0.9700 0.4800 -5.0000
v -0.9700 0.4800 -4.8667
v -0.9700 0.4800 -4.7333
v -0.9700 0.4800 -4.6000
v -0.8300 0.4800 -5.0000
v -0.8300 0.4800 -4.8667
v -0.8300 0.4800 -4.7333
v -0.8300 0.4800 -4.6000
v -0.6900 0.4800 -5.0000
v -0.6900 0.4800 -4.8667
v -0.6900 0.4800 -4.7333
v -0.6900 0.4800 -4.6000
v -1.1100 0.4200 -4.6000
v -1.1100 0.4200 -4.7333
v -1.1100 0.4200 -4.8667
v -1.1100 0.4200 -5.0000
v -0.9700 0.4200 -4.6000
v -0.9700 0.4200 -4.7333
v -0.9700 0.4200 -4.8667
v -0.9700 0.4200 -5.0000
v -0.8300 0.4200 -4.6000
v -0.8300 0.4200 -4.7333
v -0.8300 0.4200 -4.8667
v -0.8300 0.4200 -5.0000
v -0.6900 0.4200 -4.6000
v -0.6900 0.4200 -4.7333
v -0.6900 0.4200 -4.8667
v -0.6900 0.4200 -5.0000
f 11737 11738 11742
f 11737 11742 11741
f 11738 11739 11743
f 11738 11743 11742
f 11739 11740 11744
f 11739 11744 11743
f 11741 11742 11746
f 11741 11746 11745
f 11742 11743 11747
f 11742 11747 11746
f 11743 11744 11748
f 11743 11748 11747
f 11745 11746 11750
f 11745 11750 11749
f 11746 11747 11751
f 11746 11751 11750
f 11747 11748 11752
f 11747 11752 11751
f 11753 11754 11758
f 11753 11758 11757
f 11754 11755 11759
f 11754 11759 11758
f 11755 11756 11760
f 11755 11760 11759
f 11757 11758 11762
f 11757 11762 11761
f 11758 11759 11763
f 11758 11763 11762
f 11759 11760 11764
f 11759 11764 11763
f 11761 11762 11766
f 11761 11766 11765
f 11762 11763 11767
f 11762 11767 11766
f 11763 11764 11768
f 11763 11768 11767
f 11769 11770 11774
f 11769 11774 11773
f 11770 11771 11775
f 11770 11775 11774
f 11771 11772 11776
f 11771 11776 11775
f 11773 11774 11778
f 11773 11778 11777
f 11774 11775 11779
f 11774 11779 11778
f 11775 11776 11780
f 11775 11780 11779
f 11777 11778 11782
f 11777 11782 11781
f 11778 11779 11783
f 11778 11783 11782
f 11779 11780 11784
f 11779 11784 11783
f 11785 11786 11790
f 11785 11790 11789
f 11786 11787 11791
f 11786 11791 11790
f 11787 11788 11792
f 11787 11792 11791
f 11789 11790 11794
f 11789 11794 11793
f 11790 11791 11795
f 11790 11795 11794
f 11791 11792 11796
f 11791 11796 11795
f 11793 11794 11798
f 11793 11798 11797
f 11794 11795 11799
f 11794 11799 11798
f 11795 11796 11800
f 11795 11800 11799
f 11801 11802 11806
f 11801 11806 11805
f 11802 11803 11807
f 11802 11807 11806
f 11803 11804 11808
f 11803 11808 11807
f 11805 11806 11810
f 11805 11810 11809
f 11806 11807 11811
f 11806 11811 11810
f 11807 11808 11812
f 11807 11812 11811
f 11809 11810 11814
f 11809 11814 11813
f 11810 11811 11815
f 11810 11815 11814
f 11811 11812 11816
f 11811 11816 11815
f 11817 11818 11822
f 11817 11822 11821
f 11818 11819 11823
f 11818 11823 11822
f 11819 11820 11824
f 11819 11824 11823
f 11821 11822 11826
f 11821 11826 11825
f 11822 11823 11827
f 11822 11827 11826
f 11823 11824 11828
f 11823 11828 11827
f 11825 11826 11830
f 11825 11830 11829
f 11826 11827 11831
f 11826 11831 11830
f 11827 11828 11832
f 11827 11832 11831
g 의자_10
v -1.1100 0.4200 -2.7000
v -1.1100 0.4400 -2.7000
v -1.1100 0.4600 -2.7000
v -1.1100 0.4800 -2.7000
v -0.9700 0.4200 -2.7000
v -0.9700 0.4400 -2.7000
v -0.9700 0.4600 -2.7000
v -0.9700 0.4800 -2.7000
v -0.8300 0.4200 -2.7000
v -0.8300 0.4400 -2.7000
v -0.8300 0.4600 -2.7000
v -0.8300 0.4800 -2.7000
v -0.6900 0.4200 -2.7000
v -0.6900 0.4400 -2.7000
v -0.6900 0.4600 -2.7000
v -0.6900 0.4800 -2.7000
v -0.6900 0.4200 -3.1000
v -0.6900 0.4400 -3.1000
v -0.6900 0.4600 -3.1000
v -0.6900 0.4800 -3.1000
v -0.8300 0.4200 -3.1000
v -0.8300 0.4400 -3.1000
v -0.8300 0.4600 -3.1000
v -0.8300 0.4800 -3.1000
v -0.9700 0.4200 -3.1000
v -0.9700 0.4400 -3.1000
v -0.9700 0.4600 -3.1000
v -0.9700 0.4800 -3.1000
v -1.1100 0.4200 -3.1000
v -1.1100 0.4400 -3.1000
v -1.1100 0.4600 -3.1000
v -1.1100 0.4800 -3.1000
v -1.1100 0.4200 -3.1000
v -1.1100 0.4400 -3.1000
v -1.1100 0.4600 -3.1000
v -1.1100 0.4800 -3.1000
v -1.1100 0.4200 -2.9667
v -1.1100 0.4400 -2.9667
v -1.1100 0.4600 -2.9667
v -1.1100 0.4800 -2.9667
v -1.1100 0.4200 -2.8333
v -1.1100 0.4400 -2.8333
v -1.1100 0.4600 -2.8333
v -1.1100 0.4800 -2.8333
v -1.1100 0.4200 -2.7000
v -1.1100 0.4400 -2.7000
v -1.1100 0.4600 -2.7000
v -1.1100 0.4800 -2.7000
v -0.6900 0.4200 -2.7000
v -0.6900 0.4400 -2.7000
v -0.6900 0.4600 -2.7000
v -0.6900 0.4800 -2.7000
v -0.6900 0.4200 -2.8333
v -0.6900 0.4400 -2.8333
v -0.6900 0.4600 -2.8333
v -0.6900 0.4800 -2.8333
v -0.6900 0.4200 -2.9667
v -0.6900 0.4400 -2.9667
v -0.6900 0.4600 -2.9667
v -0.6900 0.4800 -2.9667
v -0.6900 0.4200 -3.1000
v -0.6900 0.4400 -3.1000
v -0.6900 0.4600 -3.1000
v -0.6900 0.4800 -3.1000
v -1.1100 0.4800 -3.1000
v -1.1100 0.4800 -2.9667
v -1.1100 0.4800 -2.8333
v -1.1100 0.4800 -2.7000
v -0.9700 0.4800 -3.1000
v -0.9700 0.4800 -2.9667
v -0.9700 0.4800 -2.8333
v -0.9700 0.4800 -2.7000
v -0.8300 0.4800 -3.1000
v -0.8300 0.4800 -2.9667
v -0.8300 0.4800 -2.8333
v -0.8300 0.4800 -2.7000
v -0.6900 0.4800 -3.1000
v -0.6900 0.4800 -2.9667
v -0.6900 0.4800 -2.8333
v -0.6900 0.4800 -2.7000
v -1.1100 0.4200 -2.7000
v -1.1100 0.4200 -2.8333
v -1.1100 0.4200 -2.9667
v -1.1100 0.4200 -3.1000
v -0.9700 0.4200 -2.7000
v -0.9700 0.4200 -2.8333
v -0.9700 0.4200 -2.9667
v -0.9700 0.4200 -3.1000
v -0.8300 0.4200 -2.7000
v -0.8300 0.4200 -2.8333
v -0.8300 0.4200 -2.9667
v -0.8300 0.4200 -3.1000
v -0.6900 0.4200 -2.7000
v -0.6900 0.4200 -2.8333
v -0.6900 0.4200 -2.9667
v -0.6900 0.4200 -3.1000
f 11833 11834 11838
f 11833 11838 11837
f 11834 11835 11839
f 11834 11839 11838
f 11835 11836 11840
f 11835 11840 11839
f 11837 11838 11842
f 11837 11842 11841
f 11838 11839 11843
f 11838 11843 11842
f 11839 11840 11844
f 11839 11844 11843
f 11841 11842 11846
f 11841 11846 11845
f 11842 11843 11847
f 11842 11847 11846
f 11843 11844 11848
f 11843 11848 11847
f 11849 11850 11854
f 11849 11854 11853
f 11850 11851 11855
f 11850 11855 11854
f 11851 11852 11856
f 11851 11856 11855
f 11853 11854 11858
f 11853 11858 11857
f 11854 11855 11859
f 11854 11859 11858
f 11855 11856 11860
f 11855 11860 11859
f 11857 11858 11862
f 11857 11862 11861
f 11858 11859 11863
f 11858 11863 11862
f 11859 11860 11864
f 11859 11864 11863
f 11865 11866 11870
f 11865 11870 11869
f 11866 11867 11871
f 11866 11871 11870
f 11867 11868 11872
f 11867 11872 11871
f 11869 11870 11874
f 11869 11874 11873
f 11870 11871 11875
f 11870 11875 11874
f 11871 11872 11876
f 11871 11876 11875
f 11873 11874 11878
f 11873 11878 11877
f 11874 11875 11879
f 11874 11879 11878
f 11875 11876 11880
f 11875 11880 11879
f 11881 11882 11886
f 11881 11886 11885
f 11882 11883 11887
f 11882 11887 11886
f 11883 11884 11888
f 11883 11888 11887
f 11885 11886 11890
f 11885 11890 11889
f 11886 11887 11891
f 11886 11891 11890
f 11887 11888 11892
f 11887 11892 11891
f 11889 11890 11894
f 11889 11894 11893
f 11890 11891 11895
f 11890 11895 11894
f 11891 11892 11896
f 11891 11896 11895
f 11897 11898 11902
f 11897 11902 11901
f 11898 11899 11903
f 11898 11903 11902
f 11899 11900 11904
f 11899 11904 11903
f 11901 11902 11906
f 11901 11906 11905
f 11902 11903 11907
f 11902 11907 11906
f 11903 11904 11908
f 11903 11908 11907
f 11905 11906 11910
f 11905 11910 11909
f 11906 11907 11911
f 11906 11911 11910
f 11907 11908 11912
f 11907 11912 11911
f 11913 11914 11918
f 11913 11918 11917
f 11914 11915 11919
f 11914 11919 11918
f 11915 11916 11920
f 11915 11920 11919
f 11917 11918 11922
f 11917 11922 11921
f 11918 11919 11923
f 11918 11923 11922
f 11919 11920 11924
f 11919 11924 11923
f 11921 11922 11926
f 11921 11926 11925
f 11922 11923 11927
f 11922 11927 11926
f 11923 11924 11928
f 11923 11928 11927
g 의자_11
v -1.1100 0.4200 -0.8000
v -1.1100 0.4400 -0.8000
v -1.1100 0.4600 -0.8000
v -1.1100 0.4800 -0.8000
v -0.9700 0.4200 -0.8000
v -0.9700 0.4400 -0.8000
v -0.9700 0.4600 -0.8000
v -0.9700 0.4800 -0.8000
v -0.8300 0.4200 -0.8000
v -0.8300 0.4400 -0.8000
v -0.8300 0.4600 -0.8000
v -0.8300 0.4800 -0.8000
v -0.6900 0.4200 -0.8000
v -0.6900 0.4400 -0.8000
v -0.6900 0.4600 -0.8000
v -0.6900 0.4800 -0.8000
v -0.6900 0.4200 -1.2000
v -0.6900 0.4400 -1.2000
v -0.6900 0.4600 -1.2000
v -0.6900 0.4800 -1.2000
v -0.8300 0.4200 -1.2000
v -0.8300 0.4400 -1.2000
v -0.8300 0.4600 -1.2000
v -0.8300 0.4800 -1.2000
v -0.9700 0.4200 -1.2000
v -0.9700 0.4400 -1.2000
v -0.9700 0.4600 -1.2000
v -0.9700 0.4800 -1.2000
v -1.1100 0.4200 -1.2000
v -1.1100 0.4400 -1.2000
v -1.1100 0.4600 -1.2000
v -1.1100 0.4800 -1.2000
v -1.1100 0.4200 -1.2000
v -1.1100 0.4400 -1.2000
v -1.1100 0.4600 -1.2000
v -1.1100 0.4800 -1.2000
v -1.1100 0.4200 -1.0667
v -1.1100 0.4400 -1.0667
v -1.1100 0.4600 -1.0667
v -1.1100 0.4800 -1.0667
v -1.1100 0.4200 -0.9333
v -1.1100 0.4400 -0.9333
v -1.1100 0.4600 -0.9333
v -1.1100 0.4800 -0.9333
v -1.1100 0.4200 -0.8000
v -1.1100 0.4400 -0.8000
v -1.1100 0.4600 -0.8000
v -1.1100 0.4800 -0.8000
v -0.6900 0.4200 -0.8000
v -0.6900 0.4400 -0.8000
v -0.6900 0.4600 -0.8000
v -0.6900 0.4800 -0.8000
v -0.6900 0.4200 -0.9333
v -0.6900 0.4400 -0.9333
v -0.6900 0.4600 -0.9333
v -0.6900 0.4800 -0.9333
v -0.6900 0.4200 -1.0667
v -0.6900 0.4400 -1.0667
v -0.6900 0.4600 -1.0667
v -0.6900 0.4800 -1.0667
v -0.6900 0.4200 -1.2000
v -0.6900 0.4400 -1.2000
v -0.6900 0.4600 -1.2000
v -0.6900 0.4800 -1.2000
v -1.1100 0.4800 -1.2000
v -1.1100 0.4800 -1.0667
v -1.1100 0.4800 -0.9333
v -1.1100 0.4800 -0.8000
v -0.9700 0.4800 -1.2000
v -0.9700 0.4800 -1.0667
v -0.9700 0.4800 -0.9333
v -0.9700 0.4800 -0.8000
v -0.8300 0.4800 -1.2000
v -0.8300 0.4800 -1.0667
v -0.8300 0.4800 -0.9333
v -0.8300 0.4800 -0.8000
v -0.6900 0.4800 -1.2000
v -0.6900 0.4800 -1.0667
v -0.6900 0.4800 -0.9333
v -0.6900 0.4800 -0.8000
v -1.1100 0.4200 -0.8000
v -1.1100 0.4200 -0.9333
v -1.1100 0.4200 -1.0667
v -1.1100 0.4200 -1.2000
v -0.9700 0.4200 -0.8000
v -0.9700 0.4200 -0.9333
v -0.9700 0.4200 -1.0667
v -0.9700 0.4200 -1.2000
v -0.8300 0.4200 -0.8000
v -0.8300 0.4200 -0.9333
v -0.8300 0.4200 -1.0667
v -0.8300 0.4200 -1.2000
v -0.6900 0.4200 -0.8000
v -0.6900 0.4200 -0.9333
v -0.6900 0.4200 -1.0667
v -0.6900 0.4200 -1.2000
f 11929 11930 11934
f 11929 11934 11933
f 11930 11931 11935
f 11930 11935 11934
f 11931 11932 11936
f 11931 11936 11935
f 11933 11934 11938
f 11933 11938 11937
f 11934 11935 11939
f 11934 11939 11938
f 11935 11936 11940
f 11935 11940 11939
f 11937 11938 11942
f 11937 11942 11941
f 11938 11939 11943
f 11938 11943 11942
f 11939 11940 11944
f 11939 11944 11943
f 11945 11946 11950
f 11945 11950 11949
f 11946 11947 11951
f 11946 11951 11950
f 11947 11948 11952
f 11947 11952 11951
f 11949 11950 11954
f 11949 11954 11953
f 11950 11951 11955
f 11950 11955 11954
f 11951 11952 11956
f 11951 11956 11955
f 11953 11954 11958
f 11953 11958 11957
f 11954 11955 11959
f 11954 11959 11958
f 11955 11956 11960
f 11955 11960 11959
f 11961 11962 11966
f 11961 11966 11965
f 11962 11963 11967
f 11962 11967 11966
f 11963 11964 11968
f 11963 11968 11967
f 11965 11966 11970
f 11965 11970 11969
f 11966 11967 11971
f 11966 11971 11970
f 11967 11968 11972
f 11967 11972 11971
f 11969 11970 11974
f 11969 11974 11973
f 11970 11971 11975
f 11970 11975 11974
f 11971 11972 11976
f 11971 11976 11975
f 11977 11978 11982
f 11977 11982 11981
f 11978 11979 11983
f 11978 11983 11982
f 11979 11980 11984
f 11979 11984 11983
f 11981 11982 11986
f 11981 11986 11985
f 11982 11983 11987
f 11982 11987 11986
f 11983 11984 11988
f 11983 11988 11987
f 11985 11986 11990
f 11985 11990 11989
f 11986 11987 11991
f 11986 11991 11990
f 11987 11988 11992
f 11987 11992 11991
f 11993 11994 11998
f 11993 11998 11997
f 11994 11995 11999
f 11994 11999 11998
f 11995 11996 12000
f 11995 12000 11999
f 11997 11998 12002
f 11997 12002 12001
f 11998 11999 12003
f 11998 12003 12002
f 11999 12000 12004
f 11999 12004 12003
f 12001 12002 12006
f 12001 12006 12005
f 12002 12003 12007
f 12002 12007 12006
f 12003 12004 12008
f 12003 12008 12007
f 12009 12010 12014
f 12009 12014 12013
f 12010 12011 12015
f 12010 12015 12014
f 12011 12012 12016
f 12011 12016 12015
f 12013 12014 12018
f 12013 12018 12017
f 12014 12015 12019
f 12014 12019 12018
f 12015 12016 12020
f 12015 12020 12019
f 12017 12018 12022
f 12017 12022 12021
f 12018 12019 12023
f 12018 12023 12022
f 12019 12020 12024
f 12019 12024 12023
g 의자_12
v 0.7900 0.4200 -4.6000
v 0.7900 0.4400 -4.6000
v 0.7900 0.4600 -4.6000
v 0.7900 0.4800 -4.6000
v 0.9300 0.4200 -4.6000
v 0.9300 0.4400 -4.6000
v 0.9300 0.4600 -4.6000
v 0.9300 0.4800 -4.6000
v 1.0700 0.4200 -4.6000
v 1.0700 0.4400 -4.6000
v 1.0700 0.4600 -4.6000
v 1.0700 0.4800 -4.6000
v 1.2100 0.4200 -4.6000
v 1.2100 0.4400 -4.6000
v 1.2100 0.4600 -4.6000
v 1.2100 0.4800 -4.6000
v 1.2100 0.4200 -5.0000
v 1.2100 0.4400 -5.0000
v 1.2100 0.4600 -5.0000
v 1.2100 0.4800 -5.0000
v 1.0700 0.4200 -5.0000
v 1.0700 0.4400 -5.0000
v 1.0700 0.4600 -5.0000
v 1.0700 0.4800 -5.0000
v 0.9300 0.4200 -5.0000
v 0.9300 0.4400 -5.0000
v 0.9300 0.4600 -5.0000
v 0.9300 0.4800 -5.0000
v 0.7900 0.4200 -5.0000
v 0.7900 0.4400 -5.0000
v 0.7900 0.4600 -5.0000
v 0.7900 0.4800 -5.0000
v 0.7900 0.4200 -5.0000
v 0.7900 0.4400 -5.0000
v 0.7900 0.4600 -5.0000
v 0.7900 0.4800 -5.0000
v 0.7900 0.4200 -4.8667
v 0.7900 0.4400 -4.8667
v 0.7900 0.4600 -4.8667
v 0.7900 0.4800 -4.8667
v 0.7900 0.4200 -4.7333
v 0.7900 0.4400 -4.7333
v 0.7900 0.4600 -4.7333
v 0.7900 0.4800 -4.7333
v 0.7900 0.4200 -4.6000
v 0.7900 0.4400 -4.6000
v 0.7900 0.4600 -4.6000
v 0.7900 0.4800 -4.6000
v 1.2100 0.4200 -4.6000
v 1.2100 0.4400 -4.6000
v 1.2100 0.4600 -4.6000
v 1.2100 0.4800 -4.6000
v 1.2100 0.4200 -4.7333
v 1.2100 0.4400 -4.7333
v 1.2100 0.4600 -4.7333
v 1.2100 0.4800 -4.7333
v 1.2100 0.4200 -4.8667
v 1.2100 0.4400 -4.8667
v 1.2100 0.4600 -4.8667
v 1.2100 0.4800 -4.8667
v 1.2100 0.4200 -5.0000
v 1.2100 0.4400 -5.0000
v 1.2100 0.4600 -5.0000
v 1.2100 0.4800 -5.0000
v 0.7900 0.4800 -5.0000
v 0.7900 0.4800 -4.8667
v 0.7900 0.4800 -4.7333
v 0.7900 0.4800 -4.6000
v 0.9300 0.4800 -5.0000
v 0.9300 0.4800 -4.8667
v 0.9300 0.4800 -4.7333
v 0.9300 0.4800 -4.6000
v 1.0700 0.4800 -5.0000
v 1.0700 0.4800 -4.8667
v 1.0700 0.4800 -4.7333
v 1.0700 0.4800 -4.6000
v 1.2100 0.4800 -5.0000
v 1.2100 0.4800 -4.8667
v 1.2100 0.4800 -4.7333
v 1.2100 0.4800 -4.6000
v 0.7900 0.4200 -4.6000
v 0.7900 0.4200 -4.7333
v 0.7900 0.4200 -4.8667
v 0.7900 0.4200 -5.0000
v 0.9300 0.4200 -4.6000
v 0.9300 0.4200 -4.7333
v 0.9300 0.4200 -4.8667
v 0.9300 0.4200 -5.0000
v 1.0700 0.4200 -4.6000
v 1.0700 0.4200 -4.7333
v 1.0700 0.4200 -4.8667
v 1.0700 0.4200 -5.0000
v 1.2100 0.4200 -4.6000
v 1.2100 0.4200 -4.7333
v 1.2100 0.4200 -4.8667
v 1.2100 0.4200 -5.0000
f 12025 12026 12030
f 12025 12030 12029
f 12026 12027 12031
f 12026 12031 12030
f 12027 12028 12032
f 12027 12032 12031
f 12029 12030 12034
f 12029 12034 12033
f 12030 12031 12035
f 12030 12035 12034
f 12031 12032 12036
f 12031 12036 12035
f 12033 12034 12038
f 12033 12038 12037
f 12034 12035 12039
f 12034 12039 12038
f 12035 12036 12040
f 12035 12040 12039
f 12041 12042 12046
f 12041 12046 12045
f 12042 12043 12047
f 12042 12047 12046
f 12043 12044 12048
f 12043 12048 12047
f 12045 12046 12050
f 12045 12050 12049
f 12046 12047 12051
f 12046 12051 12050
f 12047 12048 12052
f 12047 12052 12051
f 12049 12050 12054
f 12049 12054 12053
f 12050 12051 12055
f 12050 12055 12054
f 12051 12052 12056
f 12051 12056 12055
f 12057 12058 12062
f 12057 12062 12061
f 12058 12059 12063
f 12058 12063 12062
f 12059 12060 12064
f 12059 12064 12063
f 12061 12062 12066
f 12061 12066 12065
f 12062 12063 12067
f 12062 12067 12066
f 12063 12064 12068
f 12063 12068 12067
f 12065 12066 12070
f 12065 12070 12069
f 12066 12067 12071
f 12066 12071 12070
f 12067 12068 12072
f 12067 12072 12071
f 12073 12074 12078
f 12073 12078 12077
f 12074 12075 12079
f 12074 12079 12078
f 12075 12076 12080
f 12075 12080 12079
f 12077 12078 12082
f 12077 12082 12081
f 12078 12079 12083
f 12078 12083 12082
f 12079 12080 12084
f 12079 12084 12083
f 12081 12082 12086
f 12081 12086 12085
f 12082 12083 12087
f 12082 12087 12086
f 12083 12084 12088
f 12083 12088 12087
f 12089 12090 12094
f 12089 12094 12093
f 12090 12091 12095
f 12090 12095 12094
f 12091 12092 12096
f 12091 12096 12095
f 12093 12094 12098
f 12093 12098 12097
f 12094 12095 12099
f 12094 12099 12098
f 12095 12096 12100
f 12095 12100 12099
f 12097 12098 12102
f 12097 12102 12101
f 12098 12099 12103
f 12098 12103 12102
f 12099 12100 12104
f 12099 12104 12103
f 12105 12106 12110
f 12105 12110 12109
f 12106 12107 12111
f 12106 12111 12110
f 12107 12108 12112
f 12107 12112 12111
f 12109 12110 12114
f 12109 12114 12113
f 12110 12111 12115
f 12110 12115 12114
f 12111 12112 12116
f 12111 12116 12115
f 12113 12114 12118
f 12113 12118 12117
f 12114 12115 12119
f 12114 12119 12118
f 12115 12116 12120
f 12115 12120 12119
g 의자_13
v 0.7900 0.4200 -2.7000
v 0.7900 0.4400 -2.7000
v 0.7900 0.4600 -2.7000
v 0.7900 0.4800 -2.7000
v 0.9300 0.4200 -2.7000
v 0.9300 0.4400 -2.7000
v 0.9300 0.4600 -2.7000
v 0.9300 0.4800 -2.7000
v 1.0700 0.4200 -2.7000
v 1.0700 0.4400 -2.7000
v 1.0700 0.4600 -2.7000
v 1.0700 0.4800 -2.7000
v 1.2100 0.4200 -2.7000
v 1.2100 0.4400 -2.7000
v 1.2100 0.4600 -2.7000
v 1.2100 0.4800 -2.7000
v 1.2100 0.4200 -3.1000
v 1.2100 0.4400 -3.1000
v 1.2100 0.4600 -3.1000
v 1.2100 0.4800 -3.1000
v 1.0700 0.4200 -3.1000
v 1.0700 0.4400 -3.1000
v 1.0700 0.4600 -3.1000
v 1.0700 0.4800 -3.1000
v 0.9300 0.4200 -3.1000
v 0.9300 0.4400 -3.1000
v 0.9300 0.4600 -3.1000
v 0.9300 0.4800 -3.1000
v 0.7900 0.4200 -3.1000
v 0.7900 0.4400 -3.1000
v 0.7900 0.4600 -3.1000
v 0.7900 0.4800 -3.1000
v 0.7900 0.4200 -3.1000
v 0.7900 0.4400 -3.1000
v 0.7900 0.4600 -3.1000
v 0.7900 0.4800 -3.1000
v 0.7900 0.4200 -2.9667
v 0.7900 0.4400 -2.9667
v 0.7900 0.4600 -2.9667
v 0.7900 0.4800 -2.9667
v 0.7900 0.4200 -2.8333
v 0.7900 0.4400 -2.8333
v 0.7900 0.4600 -2.8333
v 0.7900 0.4800 -2.8333
v 0.7900 0.4200 -2.7000
v 0.7900 0.4400 -2.7000
v 0.7900 0.4600 -2.7000
v 0.7900 0.4800 -2.7000
v 1.2100 0.4200 -2.7000
v 1.2100 0.4400 -2.7000
v 1.2100 0.4600 -2.7000
v 1.2100 0.4800 -2.7000
v 1.2100 0.4200 -2.8333
v 1.2100 0.4400 -2.8333
v 1.2100 0.4600 -2.8333
v 1.2100 0.4800 -2.8333
v 1.2100 0.4200 -2.9667
v 1.2100 0.4400 -2.9667
v 1.2100 0.4600 -2.9667
v 1.2100 0.4800 -2.9667
v 1.2100 0.4200 -3.1000
v 1.2100 0.4400 -3.1000
v 1.2100 0.4600 -3.1000
v 1.2100 0.4800 -3.1000
v 0.7900 0.4800 -3.1000
v 0.7900 0.4800 -2.9667
v 0.7900 0.4800 -2.8333
v 0.7900 0.4800 -2.7000
v 0.9300 0.4800 -3.1000
v 0.9300 0.4800 -2.9667
v 0.9300 0.4800 -2.8333
v 0.9300 0.4800 -2.7000
v 1.0700 0.4800 -3.1000
v 1.0700 0.4800 -2.9667
v 1.0700 0.4800 -2.8333
v 1.0700 0.4800 -2.7000
v 1.2100 0.4800 -3.1000
v 1.2100 0.4800 -2.9667
v 1.2100 0.4800 -2.8333
v 1.2100 0.4800 -2.7000
v 0.7900 0.4200 -2.7000
v 0.7900 0.4200 -2.8333
v 0.7900 0.4200 -2.9667
v 0.7900 0.4200 -3.1000
v 0.9300 0.4200 -2.7000
v 0.9300 0.4200 -2.8333
v 0.9300 0.4200 -2.9667
v 0.9300 0.4200 -3.1000
v 1.0700 0.4200 -2.7000
v 1.0700 0.4200 -2.8333
v 1.0700 0.4200 -2.9667
v 1.0700 0.4200 -3.1000
v 1.2100 0.4200 -2.7000
v 1.2100 0.4200 -2.8333
v 1.2100 0.4200 -2.9667
v 1.2100 0.4200 -3.1000
f 12121 12122 12126
f 12121 12126 12125
f 12122 12123 12127
f 12122 12127 12126
f 12123 12124 12128
f 12123 12128 12127
f 12125 12126 12130
f 12125 12130 12129
f 12126 12127 12131
f 12126 12131 12130
f 12127 12128 12132
f 12127 12132 12131
f 12129 12130 12134
f 12129 12134 12133
f 12130 12131 12135
f 12130 12135 12134
f 12131 12132 12136
f 12131 12136 12135
f 12137 12138 12142
f 12137 12142 12141
f 12138 12139 12143
f 12138 12143 12142
f 12139 12140 12144
f 12139 12144 12143
f 12141 12142 12146
f 12141 12146 12145
f 12142 12143 12147
f 12142 12147 12146
f 12143 12144 12148
f 12143 12148 12147
f 12145 12146 12150
f 12145 12150 12149
f 12146 12147 12151
f 12146 12151 12150
f 12147 12148 12152
f 12147 12152 12151
f 12153 12154 12158
f 12153 12158 12157
f 12154 12155 12159
f 12154 12159 12158
f 12155 12156 12160
f 12155 12160 12159
f 12157 12158 12162
f 12157 12162 12161
f 12158 12159 12163
f 12158 12163 12162
f 12159 12160 12164
f 12159 12164 12163
f 12161 12162 12166
f 12161 12166 12165
f 12162 12163 12167
f 12162 12167 12166
f 12163 12164 12168
f 12163 12168 12167
f 12169 12170 12174
f 12169 12174 12173
f 12170 12171 12175
f 12170 12175 12174
f 12171 12172 12176
f 12171 12176 12175
f 12173 12174 12178
f 12173 12178 12177
f 12174 12175 12179
f 12174 12179 12178
f 12175 12176 12180
f 12175 12180 12179
f 12177 12178 12182
f 12177 12182 12181
f 12178 12179 12183
f 12178 12183 12182
f 12179 12180 12184
f 12179 12184 12183
f 12185 12186 12190
f 12185 12190 12189
f 12186 12187 12191
f 12186 12191 12190
f 12187 12188 12192
f 12187 12192 12191
f 12189 12190 12194
f 12189 12194 12193
f 12190 12191 12195
f 12190 12195 12194
f 12191 12192 12196
f 12191 12196 12195
f 12193 12194 12198
f 12193 12198 12197
f 12194 12195 12199
f 12194 12199 12198
f 12195 12196 12200
f 12195 12200 12199
f 12201 12202 12206
f 12201 12206 12205
f 12202 12203 12207
f 12202 12207 12206
f 12203 12204 12208
f 12203 12208 12207
f 12205 12206 12210
f 12205 12210 12209
f 12206 12207 12211
f 12206 12211 12210
f 12207 12208 12212
f 12207 12212 12211
f 12209 12210 12214
f 12209 12214 12213
f 12210 12211 12215
f 12210 12215 12214
f 12211 12212 12216
f 12211 12216 12215
g 의자_14
v 0.7900 0.4200 -0.8000
v 0.7900 0.4400 -0.8000
v 0.7900 0.4600 -0.8000
v 0.7900 0.4800 -0.8000
v 0.9300 0.4200 -0.8000
v 0.9300 0.4400 -0.8000
v 0.9300 0.4600 -0.8000
v 0.9300 0.4800 -0.8000
v 1.0700 0.4200 -0.8000
v 1.0700 0.4400 -0.8000
v 1.0700 0.4600 -0.8000
v 1.0700 0.4800 -0.8000
v 1.2100 0.4200 -0.8000
v 1.2100 0.4400 -0.8000
v 1.2100 0.4600 -0.8000
v 1.2100 0.4800 -0.8000
v 1.2100 0.4200 -1.2000
v 1.2100 0.4400 -1.2000
v 1.2100 0.4600 -1.2000
v 1.2100 0.4800 -1.2000
v 1.0700 0.4200 -1.2000
v 1.0700 0.4400 -1.2000
v 1.0700 0.4600 -1.2000
v 1.0700 0.4800 -1.2000
v 0.9300 0.4200 -1.2000
v 0.9300 0.4400 -1.2000
v 0.9300 0.4600 -1.2000
v 0.9300 0.4800 -1.2000
v 0.7900 0.4200 -1.2000
v 0.7900 0.4400 -1.2000
v 0.7900 0.4600 -1.2000
v 0.7900 0.4800 -1.2000
v 0.7900 0.4200 -1.2000
v 0.7900 0.4400 -1.2000
v 0.7900 0.4600 -1.2000
v 0.7900 0.4800 -1.2000
v 0.7900 0.4200 -1.0667
v 0.7900 0.4400 -1.0667
v 0.7900 0.4600 -1.0667
v 0.7900 0.4800 -1.0667
v 0.7900 0.4200 -0.9333
v 0.7900 0.4400 -0.9333
v 0.7900 0.4600 -0.9333
v 0.7900 0.4800 -0.9333
v 0.7900 0.4200 -0.8000
v 0.7900 0.4400 -0.8000
v 0.7900 0.4600 -0.8000
v 0.7900 0.4800 -0.8000
v 1.2100 0.4200 -0.8000
v 1.2100 0.4400 -0.8000
v 1.2100 0.4600 -0.8000
v 1.2100 0.4800 -0.8000
v 1.2100 0.4200 -0.9333
v 1.2100 0.4400 -0.9333
v 1.2100 0.4600 -0.9333
v 1.2100 0.4800 -0.9333
v 1.2100 0.4200 -1.0667
v 1.2100 0.4400 -1.0667
v 1.2100 0.4600 -1.0667
v 1.2100 0.4800 -1.0667
v 1.2100 0.4200 -1.2000
v 1.2100 0.4400 -1.2000
v 1.2100 0.4600 -1.2000
v 1.2100 0.4800 -1.2000
v 0.7900 0.4800 -1.2000
v 0.7900 0.4800 -1.0667
v 0.7900 0.4800 -0.9333
v 0.7900 0.4800 -0.8000
v 0.9300 0.4800 -1.2000
v 0.9300 0.4800 -1.0667
v 0.9300 0.4800 -0.9333
v 0.9300 0.4800 -0.8000
v 1.0700 0.4800 -1.2000
v 1.0700 0.4800 -1.0667
v 1.0700 0.4800 -0.9333
v 1.0700 0.4800 -0.8000
v 1.2100 0.4800 -1.2000
v 1.2100 0.4800 -1.0667
v 1.2100 0.4800 -0.9333
v 1.2100 0.4800 -0.8000
v 0.7900 0.4200 -0.8000
v 0.7900 0.4200 -0.9333
v 0.7900 0.4200 -1.0667
v 0.7900 0.4200 -1.2000
v 0.9300 0.4200 -0.8000
v 0.9300 0.4200 -0.9333
v 0.9300 0.4200 -1.0667
v 0.9300 0.4200 -1.2000
v 1.0700 0.4200 -0.8000
v 1.0700 0.4200 -0.9333
v 1.0700 0.4200 -1.0667
v 1.0700 0.4200 -1.2000
v 1.2100 0.4200 -0.8000
v 1.2100 0.4200 -0.9333
v 1.2100 0.4200 -1.0667
v 1.2100 0.4200 -1.2000
f 12217 12218 12222
f 12217 12222 12221
f 12218 12219 12223
f 12218 12223 12222
f 12219 12220 12224
f 12219 12224 12223
f 12221 12222 12226
f 12221 12226 12225
f 12222 12223 12227
f 12222 12227 12226
f 12223 12224 12228
f 12223 12228 12227
f 12225 12226 12230
f 12225 12230 12229
f 12226 12227 12231
f 12226 12231 12230
f 12227 12228 12232
f 12227 12232 12231
f 12233 12234 12238
f 12233 12238 12237
f 12234 12235 12239
f 12234 12239 12238
f 12235 12236 12240
f 12235 12240 12239
f 12237 12238 12242
f 12237 12242 12241
f 12238 12239 12243
f 12238 12243 12242
f 12239 12240 12244
f 12239 12244 12243
f 12241 12242 12246
f 12241 12246 12245
f 12242 12243 12247
f 12242 12247 12246
f 12243 12244 12248
f 12243 12248 12247
f 12249 12250 12254
f 12249 12254 12253
f 12250 12251 12255
f 12250 12255 12254
f 12251 12252 12256
f 12251 12256 12255
f 12253 12254 12258
f 12253 12258 12257
f 12254 12255 12259
f 12254 12259 12258
f 12255 12256 12260
f 12255 12260 12259
f 12257 12258 12262
f 12257 12262 12261
f 12258 12259 12263
f 12258 12263 12262
f 12259 12260 12264
f 12259 12264 12263
f 12265 12266 12270
f 12265 12270 12269
f 12266 12267 12271
f 12266 12271 12270
f 12267 12268 12272
f 12267 12272 12271
f 12269 12270 12274
f 12269 12274 12273
f 12270 12271 12275
f 12270 12275 12274
f 12271 12272 12276
f 12271 12276 12275
f 12273 12274 12278
f 12273 12278 12277
f 12274 12275 12279
f 12274 12279 12278
f 12275 12276 12280
f 12275 12280 12279
f 12281 12282 12286
f 12281 12286 12285
f 12282 12283 12287
f 12282 12287 12286
f 12283 12284 12288
f 12283 12288 12287
f 12285 12286 12290
f 12285 12290 12289
f 12286 12287 12291
f 12286 12291 12290
f 12287 12288 12292
f 12287 12292 12291
f 12289 12290 12294
f 12289 12294 12293
f 12290 12291 12295
f 12290 12295 12294
f 12291 12292 12296
f 12291 12296 12295
f 12297 12298 12302
f 12297 12302 12301
f 12298 12299 12303
f 12298 12303 12302
f 12299 12300 12304
f 12299 12304 12303
f 12301 12302 12306
f 12301 12306 12305
f 12302 12303 12307
f 12302 12307 12306
f 12303 12304 12308
f 12303 12308 12307
f 12305 12306 12310
f 12305 12310 12309
f 12306 12307 12311
f 12306 12311 12310
f 12307 12308 12312
f 12307 12312 12311
g 의자_15
v 2.6900 0.4200 -4.6000
v 2.6900 0.4400 -4.6000
v 2.6900 0.4600 -4.6000
v 2.6900 0.4800 -4.6000
v 2.8300 0.4200 -4.6000
v 2.8300 0.4400 -4.6000
v 2.8300 0.4600 -4.6000
v 2.8300 0.4800 -4.6000
v 2.9700 0.4200 -4.6000
v 2.9700 0.4400 -4.6000
v 2.9700 0.4600 -4.6000
v 2.9700 0.4800 -4.6000
v 3.1100 0.4200 -4.6000
v 3.1100 0.4400 -4.6000
v 3.1100 0.4600 -4.6000
v 3.1100 0.4800 -4.6000
v 3.1100 0.4200 -5.0000
v 3.1100 0.4400 -5.0000
v 3.1100 0.4600 -5.0000
v 3.1100 0.4800 -5.0000
v 2.9700 0.4200 -5.0000
v 2.9700 0.4400 -5.0000
v 2.9700 0.4600 -5.0000
v 2.9700 0.4800 -5.0000
v 2.8300 0.4200 -5.0000
v 2.8300 0.4400 -5.0000
v 2.8300 0.4600 -5.0000
v 2.8300 0.4800 -5.0000
v 2.6900 0.4200 -5.0000
v 2.6900 0.4400 -5.0000
v 2.6900 0.4600 -5.0000
v 2.6900 0.4800 -5.0000
v 2.6900 0.4200 -5.0000
v 2.6900 0.4400 -5.0000
v 2.6900 0.4600 -5.0000
v 2.6900 0.4800 -5.0000
v 2.6900 0.4200 -4.8667
v 2.6900 0.4400 -4.8667
v 2.6900 0.4600 -4.8667
v 2.6900 0.4800 -4.8667
v 2.6900 0.4200 -4.7333
v 2.6900 0.4400 -4.7333
v 2.6900 0.4600 -4.7333
v 2.6900 0.4800 -4.7333
v 2.6900 0.4200 -4.6000
v 2.6900 0.4400 -4.6000
v 2.6900 0.4600 -4.6000
v 2.6900 0.4800 -4.6000
v 3.1100 0.4200 -4.6000
v 3.1100 0.4400 -4.6000
v 3.1100 0.4600 -4.6000
v 3.1100 0.4800 -4.6000
v 3.1100 0.4200 -4.7333
v 3.1100 0.4400 -4.7333
v 3.1100 0.4600 -4.7333
v 3.1100 0.4800 -4.7333
v 3.1100 0.4200 -4.8667
v 3.1100 0.4400 -4.8667
v 3.1100 0.4600 -4.8667
v 3.1100 0.4800 -4.8667
v 3.1100 0.4200 -5.0000
v 3.1100 0.4400 -5.0000
v 3.1100 0.4600 -5.0000
v 3.1100 0.4800 -5.0000
v 2.6900 0.4800 -5.0000
v 2.6900 0.4800 -4.8667
v 2.6900 0.4800 -4.7333
v 2.6900 0.4800 -4.6000
v 2.8300 0.4800 -5.0000
v 2.8300 0.4800 -4.8667
v 2.8300 0.4800 -4.7333
v 2.8300 0.4800 -4.6000
v 2.9700 0.4800 -5.0000
v 2.9700 0.4800 -4.8667
v 2.9700 0.4800 -4.7333
v 2.9700 0.4800 -4.6000
v 3.1100 0.4800 -5.0000
v 3.1100 0.4800 -4.8667
v 3.1100 0.4800 -4.7333
v 3.1100 0.4800 -4.6000
v 2.6900 0.4200 -4.6000
v 2.6900 0.4200 -4.7333
v 2.6900 0.4200 -4.8667
v 2.6900 0.4200 -5.0000
v 2.8300 0.4200 -4.6000
v 2.8300 0.4200 -4.7333
v 2.8300 0.4200 -4.8667
v 2.8300 0.4200 -5.0000
v 2.9700 0.4200 -4.6000
v 2.9700 0.4200 -4.7333
v 2.9700 0.4200 -4.8667
v 2.9700 0.4200 -5.0000
v 3.1100 0.4200 -4.6000
v 3.1100 0.4200 -4.7333
v 3.1100 0.4200 -4.8667
v 3.1100 0.4200 -5.0000
f 12313 12314 12318
f 12313 12318 12317
f 12314 12315 12319
f 12314 12319 12318
f 12315 12316 12320
f 12315 12320 12319
f 12317 12318 12322
f 12317 12322 12321
f 12318 12319 12323
f 12318 12323 12322
f 12319 12320 12324
f 12319 12324 12323
f 12321 12322 12326
f 12321 12326 12325
f 12322 12323 12327
f 12322 12327 12326
f 12323 12324 12328
f 12323 12328 12327
f 12329 12330 12334
f 12329 12334 12333
f 12330 12331 12335
f 12330 12335 12334
f 12331 12332 12336
f 12331 12336 12335
f 12333 12334 12338
f 12333 12338 12337
f 12334 12335 12339
f 12334 12339 12338
f 12335 12336 12340
f 12335 12340 12339
f 12337 12338 12342
f 12337 12342 12341
f 12338 12339 12343
f 12338 12343 12342
f 12339 12340 12344
f 12339 12344 12343
f 12345 12346 12350
f 12345 12350 12349
f 12346 12347 12351
f 12346 12351 12350
f 12347 12348 12352
f 12347 12352 12351
f 12349 12350 12354
f 12349 12354 12353
f 12350 12351 12355
f 12350 12355 12354
f 12351 12352 12356
f 12351 12356 12355
f 12353 12354 12358
f 12353 12358 12357
f 12354 12355 12359
f 12354 12359 12358
f 12355 12356 12360
f 12355 12360 12359
f 12361 12362 12366
f 12361 12366 12365
f 12362 12363 12367
f 12362 12367 12366
f 12363 12364 12368
f 12363 12368 12367
f 12365 12366 12370
f 12365 12370 12369
f 12366 12367 12371
f 12366 12371 12370
f 12367 12368 12372
f 12367 12372 12371
f 12369 12370 12374
f 12369 12374 12373
f 12370 12371 12375
f 12370 12375 12374
f 12371 12372 12376
f 12371 12376 12375
f 12377 12378 12382
f 12377 12382 12381
f 12378 12379 12383
f 12378 12383 12382
f 12379 12380 12384
f 12379 12384 12383
f 12381 12382 12386
f 12381 12386 12385
f 12382 12383 12387
f 12382 12387 12386
f 12383 12384 12388
f 12383 12388 12387
f 12385 12386 12390
f 12385 12390 12389
f 12386 12387 12391
f 12386 12391 12390
f 12387 12388 12392
f 12387 12392 12391
f 12393 12394 12398
f 12393 12398 12397
f 12394 12395 12399
f 12394 12399 12398
f 12395 12396 12400
f 12395 12400 12399
f 12397 12398 12402
f 12397 12402 12401
f 12398 12399 12403
f 12398 12403 12402
f 12399 12400 12404
f 12399 12404 12403
f 12401 12402 12406
f 12401 12406 12405
f 12402 12403 12407
f 12402 12407 12406
f 12403 12404 12408
f 12403 12408 12407
g 의자_16
v 2.6900 0.4200 -2.7000
v 2.6900 0.4400 -2.7000
v 2.6900 0.4600 -2.7000
v 2.6900 0.4800 -2.7000
v 2.8300 0.4200 -2.7000
v 2.8300 0.4400 -2.7000
v 2.8300 0.4600 -2.7000
v 2.8300 0.4800 -2.7000
v 2.9700 0.4200 -2.7000
v 2.9700 0.4400 -2.7000
v 2.9700 0.4600 -2.7000
v 2.9700 0.4800 -2.7000
v 3.1100 0.4200 -2.7000
v 3.1100 0.4400 -2.7000
v 3.1100 0.4600 -2.7000
v 3.1100 0.4800 -2.7000
v 3.1100 0.4200 -3.1000
v 3.1100 0.4400 -3.1000
v 3.1100 0.4600 -3.1000
v 3.1100 0.4800 -3.1000
v 2.9700 0.4200 -3.1000
v 2.9700 0.4400 -3.1000
v 2.9700 0.4600 -3.1000
v 2.9700 0.4800 -3.1000
v 2.8300 0.4200 -3.1000
v 2.8300 0.4400 -3.1000
v 2.8300 0.4600 -3.1000
v 2.8300 0.4800 -3.1000
v 2.6900 0.4200 -3.1000
v 2.6900 0.4400 -3.1000
v 2.6900 0.4600 -3.1000
v 2.6900 0.4800 -3.1000
v 2.6900 0.4200 -3.1000
v 2.6900 0.4400 -3.1000
v 2.6900 0.4600 -3.1000
v 2.6900 0.4800 -3.1000
v 2.6900 0.4200 -2.9667
v 2.6900 0.4400 -2.9667
v 2.6900 0.4600 -2.9667
v 2.6900 0.4800 -2.9667
v 2.6900 0.4200 -2.8333
v 2.6900 0.4400 -2.8333
v 2.6900 0.4600 -2.8333
v 2.6900 0.4800 -2.8333
v 2.6900 0.4200 -2.7000
v 2.6900 0.4400 -2.7000
v 2.6900 0.4600 -2.7000
v 2.6900 0.4800 -2.7000
v 3.1100 0.4200 -2.7000
v 3.1100 0.4400 -2.7000
v 3.1100 0.4600 -2.7000
v 3.1100 0.4800 -2.7000
v 3.1100 0.4200 -2.8333
v 3.1100 0.4400 -2.8333
v 3.1100 0.4600 -2.8333
v 3.1100 0.4800 -2.8333
v 3.1100 0.4200 -2.9667
v 3.1100 0.4400 -2.9667
v 3.1100 0.4600 -2.9667
v 3.1100 0.4800 -2.9667
v 3.1100 0.4200 -3.1000
v 3.1100 0.4400 -3.1000
v 3.1100 0.4600 -3.1000
v 3.1100 0.4800 -3.1000
v 2.6900 0.4800 -3.1000
v 2.6900 0.4800 -2.9667
v 2.6900 0.4800 -2.8333
v 2.6900 0.4800 -2.7000
v 2.8300 0.4800 -3.1000
v 2.8300 0.4800 -2.9667
v 2.8300 0.4800 -2.8333
v 2.8300 0.4800 -2.7000
v 2.9700 0.4800 -3.1000
v 2.9700 0.4800 -2.9667
v 2.9700 0.4800 -2.8333
v 2.9700 0.4800 -2.7000
v 3.1100 0.4800 -3.1000
v 3.1100 0.4800 -2.9667
v 3.1100 0.4800 -2.8333
v 3.1100 0.4800 -2.7000
v 2.6900 0.4200 -2.7000
v 2.6900 0.4200 -2.8333
v 2.6900 0.4200 -2.9667
v 2.6900 0.4200 -3.1000
v 2.8300 0.4200 -2.7000
v 2.8300 0.4200 -2.8333
v 2.8300 0.4200 -2.9667
v 2.8300 0.4200 -3.1000
v 2.9700 0.4200 -2.7000
v 2.9700 0.4200 -2.8333
v 2.9700 0.4200 -2.9667
v 2.9700 0.4200 -3.1000
v 3.1100 0.4200 -2.7000
v 3.1100 0.4200 -2.8333
v 3.1100 0.4200 -2.9667
v 3.1100 0.4200 -3.1000
f 12409 12410 12414
f 12409 12414 12413
f 12410 12411 12415
f 12410 12415 12414
f 12411 12412 12416
f 12411 12416 12415
f 12413 12414 12418
f 12413 12418 12417
f 12414 12415 12419
f 12414 12419 12418
f 12415 12416 12420
f 12415 12420 12419
f 12417 12418 12422
f 12417 12422 12421
f 12418 12419 12423
f 12418 12423 12422
f 12419 12420 12424
f 12419 12424 12423
f 12425 12426 12430
f 12425 12430 12429
f 12426 12427 12431
f 12426 12431 12430
f 12427 12428 12432
f 12427 12432 12431
f 12429 12430 12434
f 12429 12434 12433
f 12430 12431 12435
f 12430 12435 12434
f 12431 12432 12436
f 12431 12436 12435
f 12433 12434 12438
f 12433 12438 12437
f 12434 12435 12439
f 12434 12439 12438
f 12435 12436 12440
f 12435 12440 12439
f 12441 12442 12446
f 12441 12446 12445
f 12442 12443 12447
f 12442 12447 12446
f 12443 12444 12448
f 12443 12448 12447
f 12445 12446 12450
f 12445 12450 12449
f 12446 12447 12451
f 12446 12451 12450
f 12447 12448 12452
f 12447 12452 12451
f 12449 12450 12454
f 12449 12454 12453
f 12450 12451 12455
f 12450 12455 12454
f 12451 12452 12456
f 12451 12456 12455
f 12457 12458 12462
f 12457 12462 12461
f 12458 12459 12463
f 12458 12463 12462
f 12459 12460 12464
f 12459 12464 12463
f 12461 12462 12466
f 12461 12466 12465
f 12462 12463 12467
f 12462 12467 12466
f 12463 12464 12468
f 12463 12468 12467
f 12465 12466 12470
f 12465 12470 12469
f 12466 12467 12471
f 12466 12471 12470
f 12467 12468 12472
f 12467 12472 12471
f 12473 12474 12478
f 12473 12478 12477
f 12474 12475 12479
f 12474 12479 12478
f 12475 12476 12480
f 12475 12480 12479
f 12477 12478 12482
f 12477 12482 12481
f 12478 12479 12483
f 12478 12483 12482
f 12479 12480 12484
f 12479 12484 12483
f 12481 12482 12486
f 12481 12486 12485
f 12482 12483 12487
f 12482 12487 12486
f 12483 12484 12488
f 12483 12488 12487
f 12489 12490 12494
f 12489 12494 12493
f 12490 12491 12495
f 12490 12495 12494
f 12491 12492 12496
f 12491 12496 12495
f 12493 12494 12498
f 12493 12498 12497
f 12494 12495 12499
f 12494 12499 12498
f 12495 12496 12500
f 12495 12500 12499
f 12497 12498 12502
f 12497 12502 12501
f 12498 12499 12503
f 12498 12503 12502
f 12499 12500 12504
f 12499 12504 12503
g 의자_17
v 2.6900 0.4200 -0.8000
v 2.6900 0.4400 -0.8000
v 2.6900 0.4600 -0.8000
v 2.6900 0.4800 -0.8000
v 2.8300 0.4200 -0.8000
v 2.8300 0.4400 -0.8000
v 2.8300 0.4600 -0.8000
v 2.8300 0.4800 -0.8000
v 2.9700 0.4200 -0.8000
v 2.9700 0.4400 -0.8000
v 2.9700 0.4600 -0.8000
v 2.9700 0.4800 -0.8000
v 3.1100 0.4200 -0.8000
v 3.1100 0.4400 -0.8000
v 3.1100 0.4600 -0.8000
v 3.1100 0.4800 -0.8000
v 3.1100 0.4200 -1.2000
v 3.1100 0.4400 -1.2000
v 3.1100 0.4600 -1.2000
v 3.1100 0.4800 -1.2000
v 2.9700 0.4200 -1.2000
v 2.9700 0.4400 -1.2000
v 2.9700 0.4600 -1.2000
v 2.9700 0.4800 -1.2000
v 2.8300 0.4200 -1.2000
v 2.8300 0.4400 -1.2000
v 2.8300 0.4600 -1.2000
v 2.8300 0.4800 -1.2000
v 2.6900 0.4200 -1.2000
v 2.6900 0.4400 -1.2000
v 2.6900 0.4600 -1.2000
v 2.6900 0.4800 -1.2000
v 2.6900 0.4200 -1.2000
v 2.6900 0.4400 -1.2000
v 2.6900 0.4600 -1.2000
v 2.6900 0.4800 -1.2000
v 2.6900 0.4200 -1.0667
v 2.6900 0.4400 -1.0667
v 2.6900 0.4600 -1.0667
v 2.6900 0.4800 -1.0667
v 2.6900 0.4200 -0.9333
v 2.6900 0.4400 -0.9333
v 2.6900 0.4600 -0.9333
v 2.6900 0.4800 -0.9333
v 2.6900 0.4200 -0.8000
v 2.6900 0.4400 -0.8000
v 2.6900 0.4600 -0.8000
v 2.6900 0.4800 -0.8000
v 3.1100 0.4200 -0.8000
v 3.1100 0.4400 -0.8000
v 3.1100 0.4600 -0.8000
v 3.1100 0.4800 -0.8000
v 3.1100 0.4200 -0.9333
v 3.1100 0.4400 -0.9333
v 3.1100 0.4600 -0.9333
v 3.1100 0.4800 -0.9333
v 3.1100 0.4200 -1.0667
v 3.1100 0.4400 -1.0667
v 3.1100 0.4600 -1.0667
v 3.1100 0.4800 -1.0667
v 3.1100 0.4200 -1.2000
v 3.1100 0.4400 -1.2000
v 3.1100 0.4600 -1.2000
v 3.1100 0.4800 -1.2000
v 2.6900 0.4800 -1.2000
v 2.6900 0.4800 -1.0667
v 2.6900 0.4800 -0.9333
v 2.6900 0.4800 -0.8000
v 2.8300 0.4800 -1.2000
v 2.8300 0.4800 -1.0667
v 2.8300 0.4800 -0.9333
v 2.8300 0.4800 -0.8000
v 2.9700 0.4800 -1.2000
v 2.9700 0.4800 -1.0667
v 2.9700 0.4800 -0.9333
v 2.9700 0.4800 -0.8000
v 3.1100 0.4800 -1.2000
v 3.1100 0.4800 -1.0667
v 3.1100 0.4800 -0.9333
v 3.1100 0.4800 -0.8000
v 2.6900 0.4200 -0.8000
v 2.6900 0.4200 -0.9333
v 2.6900 0.4200 -1.0667
v 2.6900 0.4200 -1.2000
v 2.8300 0.4200 -0.8000
v 2.8300 0.4200 -0.9333
v 2.8300 0.4200 -1.0667
v 2.8300 0.4200 -1.2000
v 2.9700 0.4200 -0.8000
v 2.9700 0.4200 -0.9333
v 2.9700 0.4200 -1.0667
v 2.9700 0.4200 -1.2000
v 3.1100 0.4200 -0.8000
v 3.1100 0.4200 -0.9333
v 3.1100 0.4200 -1.0667
v 3.1100 0.4200 -1.2000
f 12505 12506 12510
f 12505 12510 12509
f 12506 12507 12511
f 12506 12511 12510
f 12507 12508 12512
f 12507 12512 12511
f 12509 12510 12514
f 12509 12514 12513
f 12510 12511 12515
f 12510 12515 12514
f 12511 12512 12516
f 12511 12516 12515
f 12513 12514 12518
f 12513 12518 12517
f 12514 12515 12519
f 12514 12519 12518
f 12515 12516 12520
f 12515 12520 12519
f 12521 12522 12526
f 12521 12526 12525
f 12522 12523 12527
f 12522 12527 12526
f 12523 12524 12528
f 12523 12528 12527
f 12525 12526 12530
f 12525 12530 12529
f 12526 12527 12531
f 12526 12531 12530
f 12527 12528 12532
f 12527 12532 12531
f 12529 12530 12534
f 12529 12534 12533
f 12530 12531 12535
f 12530 12535 12534
f 12531 12532 12536
f 12531 12536 12535
f 12537 12538 12542
f 12537 12542 12541
f 12538 12539 12543
f 12538 12543 12542
f 12539 12540 12544
f 12539 12544 12543
f 12541 12542 12546
f 12541 12546 12545
f 12542 12543 12547
f 12542 12547 12546
f 12543 12544 12548
f 12543 12548 12547
f 12545 12546 12550
f 12545 12550 12549
f 12546 12547 12551
f 12546 12551 12550
f 12547 12548 12552
f 12547 12552 12551
f 12553 12554 12558
f 12553 12558 12557
f 12554 12555 12559
f 12554 12559 12558
f 12555 12556 12560
f 12555 12560 12559
f 12557 12558 12562
f 12557 12562 12561
f 12558 12559 12563
f 12558 12563 12562
f 12559 12560 12564
f 12559 12564 12563
f 12561 12562 12566
f 12561 12566 12565
f 12562 12563 12567
f 12562 12567 12566
f 12563 12564 12568
f 12563 12568 12567
f 12569 12570 12574
f 12569 12574 12573
f 12570 12571 12575
f 12570 12575 12574
f 12571 12572 12576
f 12571 12576 12575
f 12573 12574 12578
f 12573 12578 12577
f 12574 12575 12579
f 12574 12579 12578
f 12575 12576 12580
f 12575 12580 12579
f 12577 12578 12582
f 12577 12582 12581
f 12578 12579 12583
f 12578 12583 12582
f 12579 12580 12584
f 12579 12584 12583
f 12585 12586 12590
f 12585 12590 12589
f 12586 12587 12591
f 12586 12591 12590
f 12587 12588 12592
f 12587 12592 12591
f 12589 12590 12594
f 12589 12594 12593
f 12590 12591 12595
f 12590 12595 12594
f 12591 12592 12596
f 12591 12596 12595
f 12593 12594 12598
f 12593 12598 12597
f 12594 12595 12599
f 12594 12599 12598
f 12595 12596 12600
f 12595 12600 12599
g 의자_18
v 4.5900 0.4200 -4.6000
v 4.5900 0.4400 -4.6000
v 4.5900 0.4600 -4.6000
v 4.5900 0.4800 -4.6000
v 4.7300 0.4200 -4.6000
v 4.7300 0.4400 -4.6000
v 4.7300 0.4600 -4.6000
v 4.7300 0.4800 -4.6000
v 4.8700 0.4200 -4.6000
v 4.8700 0.4400 -4.6000
v 4.8700 0.4600 -4.6000
v 4.8700 0.4800 -4.6000
v 5.0100 0.4200 -4.6000
v 5.0100 0.4400 -4.6000
v 5.0100 0.4600 -4.6000
v 5.0100 0.4800 -4.6000
v 5.0100 0.4200 -5.0000
v 5.0100 0.4400 -5.0000
v 5.0100 0.4600 -5.0000
v 5.0100 0.4800 -5.0000
v 4.8700 0.4200 -5.0000
v 4.8700 0.4400 -5.0000
v 4.8700 0.4600 -5.0000
v 4.8700 0.4800 -5.0000
v 4.7300 0.4200 -5.0000
v 4.7300 0.4400 -5.0000
v 4.7300 0.4600 -5.0000
v 4.7300 0.4800 -5.0000
v 4.5900 0.4200 -5.0000
v 4.5900 0.4400 -5.0000
v 4.5900 0.4600 -5.0000
v 4.5900 0.4800 -5.0000
v 4.5900 0.4200 -5.0000
v 4.5900 0.4400 -5.0000
v 4.5900 0.4600 -5.0000
v 4.5900 0.4800 -5.0000
v 4.5900 0.4200 -4.8667
v 4.5900 0.4400 -4.8667
v 4.5900 0.4600 -4.8667
v 4.5900 0.4800 -4.8667
v 4.5900 0.4200 -4.7333
v 4.5900 0.4400 -4.7333
v 4.5900 0.4600 -4.7333
v 4.5900 0.4800 -4.7333
v 4.5900 0.4200 -4.6000
v 4.5900 0.4400 -4.6000
v 4.5900 0.4600 -4.6000
v 4.5900 0.4800 -4.6000
v 5.0100 0.4200 -4.6000
v 5.0100 0.4400 -4.6000
v 5.0100 0.4600 -4.6000
v 5.0100 0.4800 -4.6000
v 5.0100 0.4200 -4.7333
v 5.0100 0.4400 -4.7333
v 5.0100 0.4600 -4.7333
v 5.0100 0.4800 -4.7333
v 5.0100 0.4200 -4.8667
v 5.0100 0.4400 -4.8667
v 5.0100 0.4600 -4.8667
v 5.0100 0.4800 -4.8667
v 5.0100 0.4200 -5.0000
v 5.0100 0.4400 -5.0000
v 5.0100 0.4600 -5.0000
v 5.0100 0.4800 -5.0000
v 4.5900 0.4800 -5.0000
v 4.5900 0.4800 -4.8667
v 4.5900 0.4800 -4.7333
v 4.5900 0.4800 -4.6000
v 4.7300 0.4800 -5.0000
v 4.7300 0.4800 -4.8667
v 4.7300 0.4800 -4.7333
v 4.7300 0.4800 -4.6000
v 4.8700 0.4800 -5.0000
v 4.8700 0.4800 -4.8667
v 4.8700 0.4800 -4.7333
v 4.8700 0.4800 -4.6000
v 5.0100 0.4800 -5.0000
v 5.0100 0.4800 -4.8667
v 5.0100 0.4800 -4.7333
v 5.0100 0.4800 -4.6000
v 4.5900 0.4200 -4.6000
v 4.5900 0.4200 -4.7333
v 4.5900 0.4200 -4.8667
v 4.5900 0.4200 -5.0000
v 4.7300 0.4200 -4.6000
v 4.7300 0.4200 -4.7333
v 4.7300 0.4200 -4.8667
v 4.7300 0.4200 -5.0000
v 4.8700 0.4200 -4.6000
v 4.8700 0.4200 -4.7333
v 4.8700 0.4200 -4.8667
v 4.8700 0.4200 -5.0000
v 5.0100 0.4200 -4.6000
v 5.0100 0.4200 -4.7333
v 5.0100 0.4200 -4.8667
v 5.0100 0.4200 -5.0000
f 12601 12602 12606
f 12601 12606 12605
f 12602 12603 12607
f 12602 12607 12606
f 12603 12604 12608
f 12603 12608 12607
f 12605 12606 12610
f 12605 12610 12609
f 12606 12607 12611
f 12606 12611 12610
f 12607 12608 12612
f 12607 12612 12611
f 12609 12610 12614
f 12609 12614 12613
f 12610 12611 12615
f 12610 12615 12614
f 12611 12612 12616
f 12611 12616 12615
f 12617 12618 12622
f 12617 12622 12621
f 12618 12619 12623
f 12618 12623 12622
f 12619 12620 12624
f 12619 12624 12623
f 12621 12622 12626
f 12621 12626 12625
f 12622 12623 12627
f 12622 12627 12626
f 12623 12624 12628
f 12623 12628 12627
f 12625 12626 12630
f 12625 12630 12629
f 12626 12627 12631
f 12626 12631 12630
f 12627 12628 12632
f 12627 12632 12631
f 12633 12634 12638
f 12633 12638 12637
f 12634 12635 12639
f 12634 12639 12638
f 12635 12636 12640
f 12635 12640 12639
f 12637 12638 12642
f 12637 12642 12641
f 12638 12639 12643
f 12638 12643 12642
f 12639 12640 12644
f 12639 12644 12643
f 12641 12642 12646
f 12641 12646 12645
f 12642 12643 12647
f 12642 12647 12646
f 12643 12644 12648
f 12643 12648 12647
f 12649 12650 12654
f 12649 12654 12653
f 12650 12651 12655
f 12650 12655 12654
f 12651 12652 12656
f 12651 12656 12655
f 12653 12654 12658
f 12653 12658 12657
f 12654 12655 12659
f 12654 12659 12658
f 12655 12656 12660
f 12655 12660 12659
f 12657 12658 12662
f 12657 12662 12661
f 12658 12659 12663
f 12658 12663 12662
f 12659 12660 12664
f 12659 12664 12663
f 12665 12666 12670
f 12665 12670 12669
f 12666 12667 12671
f 12666 12671 12670
f 12667 12668 12672
f 12667 12672 12671
f 12669 12670 12674
f 12669 12674 12673
f 12670 12671 12675
f 12670 12675 12674
f 12671 12672 12676
f 12671 12676 12675
f 12673 12674 12678
f 12673 12678 12677
f 12674 12675 12679
f 12674 12679 12678
f 12675 12676 12680
f 12675 12680 12679
f 12681 12682 12686
f 12681 12686 12685
f 12682 12683 12687
f 12682 12687 12686
f 12683 12684 12688
f 12683 12688 12687
f 12685 12686 12690
f 12685 12690 12689
f 12686 12687 12691
f 12686 12691 12690
f 12687 12688 12692
f 12687 12692 12691
f 12689 12690 12694
f 12689 12694 12693
f 12690 12691 12695
f 12690 12695 12694
f 12691 12692 12696
f 12691 12696 12695
g 의자_19
v 4.5900 0.4200 -2.7000
v 4.5900 0.4400 -2.7000
v 4.5900 0.4600 -2.7000
v 4.5900 0.4800 -2.7000
v 4.7300 0.4200 -2.7000
v 4.7300 0.4400 -2.7000
v 4.7300 0.4600 -2.7000
v 4.7300 0.4800 -2.7000
v 4.8700 0.4200 -2.7000
v 4.8700 0.4400 -2.7000
v 4.8700 0.4600 -2.7000
v 4.8700 0.4800 -2.7000
v 5.0100 0.4200 -2.7000
v 5.0100 0.4400 -2.7000
v 5.0100 0.4600 -2.7000
v 5.0100 0.4800 -2.7000
v 5.0100 0.4200 -3.1000
v 5.0100 0.4400 -3.1000
v 5.0100 0.4600 -3.1000
v 5.0100 0.4800 -3.1000
v 4.8700 0.4200 -3.1000
v 4.8700 0.4400 -3.1000
v 4.8700 0.4600 -3.1000
v 4.8700 0.4800 -3.1000
v 4.7300 0.4200 -3.1000
v 4.7300 0.4400 -3.1000
v 4.7300 0.4600 -3.1000
v 4.7300 0.4800 -3.1000
v 4.5900 0.4200 -3.1000
v 4.5900 0.4400 -3.1000
v 4.5900 0.4600 -3.1000
v 4.5900 0.4800 -3.1000
v 4.5900 0.4200 -3.1000
v 4.5900 0.4400 -3.1000
v 4.5900 0.4600 -3.1000
v 4.5900 0.4800 -3.1000
v 4.5900 0.4200 -2.9667
v 4.5900 0.4400 -2.9667
v 4.5900 0.4600 -2.9667
v 4.5900 0.4800 -2.9667
v 4.5900 0.4200 -2.8333
v 4.5900 0.4400 -2.8333
v 4.5900 0.4600 -2.8333
v 4.5900 0.4800 -2.8333
v 4.5900 0.4200 -2.7000
v 4.5900 0.4400 -2.7000
v 4.5900 0.4600 -2.7000
v 4.5900 0.4800 -2.7000
v 5.0100 0.4200 -2.7000
v 5.0100 0.4400 -2.7000
v 5.0100 0.4600 -2.7000
v 5.0100 0.4800 -2.7000
v 5.0100 0.4200 -2.8333
v 5.0100 0.4400 -2.8333
v 5.0100 0.4600 -2.8333
v 5.0100 0.4800 -2.8333
v 5.0100 0.4200 -2.9667
v 5.0100 0.4400 -2.9667
v 5.0100 0.4600 -2.9667
v 5.0100 0.4800 -2.9667
v 5.0100 0.4200 -3.1000
v 5.0100 0.4400 -3.1000
v 5.0100 0.4600 -3.1000
v 5.0100 0.4800 -3.1000
v 4.5900 0.4800 -3.1000
v 4.5900 0.4800 -2.9667
v 4.5900 0.4800 -2.8333
v 4.5900 0.4800 -2.7000
v 4.7300 0.4800 -3.1000
v 4.7300 0.4800 -2.9667
v 4.7300 0.4800 -2.8333
v 4.7300 0.4800 -2.7000
v 4.8700 0.4800 -3.1000
v 4.8700 0.4800 -2.9667
v 4.8700 0.4800 -2.8333
v 4.8700 0.4800 -2.7000
v 5.0100 0.4800 -3.1000
v 5.0100 0.4800 -2.9667
v 5.0100 0.4800 -2.8333
v 5.0100 0.4800 -2.7000
v 4.5900 0.4200 -2.7000
v 4.5900 0.4200 -2.8333
v 4.5900 0.4200 -2.9667
v 4.5900 0.4200 -3.1000
v 4.7300 0.4200 -2.7000
v 4.7300 0.4200 -2.8333
v 4.7300 0.4200 -2.9667
v 4.7300 0.4200 -3.1000
v 4.8700 0.4200 -2.7000
v 4.8700 0.4200 -2.8333
v 4.8700 0.4200 -2.9667
v 4.8700 0.4200 -3.1000
v 5.0100 0.4200 -2.7000
v 5.0100 0.4200 -2.8333
v 5.0100 0.4200 -2.9667
v 5.0100 0.4200 -3.1000
f 12697 12698 12702
f 12697 12702 12701
f 12698 12699 12703
f 12698 12703 12702
f 12699 12700 12704
f 12699 12704 12703
f 12701 12702 12706
f 12701 12706 12705
f 12702 12703 12707
f 12702 12707 12706
f 12703 12704 12708
f 12703 12708 12707
f 12705 12706 12710
f 12705 12710 12709
f 12706 12707 12711
f 12706 12711 12710
f 12707 12708 12712
f 12707 12712 12711
f 12713 12714 12718
f 12713 12718 12717
f 12714 12715 12719
f 12714 12719 12718
f 12715 12716 12720
f 12715 12720 12719
f 12717 12718 12722
f 12717 12722 12721
f 12718 12719 12723
f 12718 12723 12722
f 12719 12720 12724
f 12719 12724 12723
f 12721 12722 12726
f 12721 12726 12725
f 12722 12723 12727
f 12722 12727 12726
f 12723 12724 12728
f 12723 12728 12727
f 12729 12730 12734
f 12729 12734 12733
f 12730 12731 12735
f 12730 12735 12734
f 12731 12732 12736
f 12731 12736 12735
f 12733 12734 12738
f 12733 12738 12737
f 12734 12735 12739
f 12734 12739 12738
f 12735 12736 12740
f 12735 12740 12739
f 12737 12738 12742
f 12737 12742 12741
f 12738 12739 12743
f 12738 12743 12742
f 12739 12740 12744
f 12739 12744 12743
f 12745 12746 12750
f 12745 12750 12749
f 12746 12747 12751
f 12746 12751 12750
f 12747 12748 12752
f 12747 12752 12751
f 12749 12750 12754
f 12749 12754 12753
f 12750 12751 12755
f 12750 12755 12754
f 12751 12752 12756
f 12751 12756 12755
f 12753 12754 12758
f 12753 12758 12757
f 12754 12755 12759
f 12754 12759 12758
f 12755 12756 12760
f 12755 12760 12759
f 12761 12762 12766
f 12761 12766 12765
f 12762 12763 12767
f 12762 12767 12766
f 12763 12764 12768
f 12763 12768 12767
f 12765 12766 12770
f 12765 12770 12769
f 12766 12767 12771
f 12766 12771 12770
f 12767 12768 12772
f 12767 12772 12771
f 12769 12770 12774
f 12769 12774 12773
f 12770 12771 12775
f 12770 12775 12774
f 12771 12772 12776
f 12771 12776 12775
f 12777 12778 12782
f 12777 12782 12781
f 12778 12779 12783
f 12778 12783 12782
f 12779 12780 12784
f 12779 12784 12783
f 12781 12782 12786
f 12781 12786 12785
f 12782 12783 12787
f 12782 12787 12786
f 12783 12784 12788
f 12783 12788 12787
f 12785 12786 12790
f 12785 12790 12789
f 12786 12787 12791
f 12786 12791 12790
f 12787 12788 12792
f 12787 12792 12791
g 의자_20
v 4.5900 0.4200 -0.8000
v 4.5900 0.4400 -0.8000
v 4.5900 0.4600 -0.8000
v 4.5900 0.4800 -0.8000
v 4.7300 0.4200 -0.8000
v 4.7300 0.4400 -0.8000
v 4.7300 0.4600 -0.8000
v 4.7300 0.4800 -0.8000
v 4.8700 0.4200 -0.8000
v 4.8700 0.4400 -0.8000
v 4.8700 0.4600 -0.8000
v 4.8700 0.4800 -0.8000
v 5.0100 0.4200 -0.8000
v 5.0100 0.4400 -0.8000
v 5.0100 0.4600 -0.8000
v 5.0100 0.4800 -0.8000
v 5.0100 0.4200 -1.2000
v 5.0100 0.4400 -1.2000
v 5.0100 0.4600 -1.2000
v 5.0100 0.4800 -1.2000
v 4.8700 0.4200 -1.2000
v 4.8700 0.4400 -1.2000
v 4.8700 0.4600 -1.2000
v 4.8700 0.4800 -1.2000
v 4.7300 0.4200 -1.2000
v 4.7300 0.4400 -1.2000
v 4.7300 0.4600 -1.2000
v 4.7300 0.4800 -1.2000
v 4.5900 0.4200 -1.2000
v 4.5900 0.4400 -1.2000
v 4.5900 0.4600 -1.2000
v 4.5900 0.4800 -1.2000
v 4.5900 0.4200 -1.2000
v 4.5900 0.4400 -1.2000
v 4.5900 0.4600 -1.2000
v 4.5900 0.4800 -1.2000
v 4.5900 0.4200 -1.0667
v 4.5900 0.4400 -1.0667
v 4.5900 0.4600 -1.0667
v 4.5900 0.4800 -1.0667
v 4.5900 0.4200 -0.9333
v 4.5900 0.4400 -0.9333
v 4.5900 0.4600 -0.9333
v 4.5900 0.4800 -0.9333
v 4.5900 0.4200 -0.8000
v 4.5900 0.4400 -0.8000
v 4.5900 0.4600 -0.8000
v 4.5900 0.4800 -0.8000
v 5.0100 0.4200 -0.8000
v 5.0100 0.4400 -0.8000
v 5.0100 0.4600 -0.8000
v 5.0100 0.4800 -0.8000
v 5.0100 0.4200 -0.9333
v 5.0100 0.4400 -0.9333
v 5.0100 0.4600 -0.9333
v 5.0100 0.4800 -0.9333
v 5.0100 0.4200 -1.0667
v 5.0100 0.4400 -1.0667
v 5.0100 0.4600 -1.0667
v 5.0100 0.4800 -1.0667
v 5.0100 0.4200 -1.2000
v 5.0100 0.4400 -1.2000
v 5.0100 0.4600 -1.2000
v 5.0100 0.4800 -1.2000
v 4.5900 0.4800 -1.2000
v 4.5900 0.4800 -1.0667
v 4.5900 0.4800 -0.9333
v 4.5900 0.4800 -0.8000
v 4.7300 0.4800 -1.2000
v 4.7300 0.4800 -1.0667
v 4.7300 0.4800 -0.9333
v 4.7300 0.4800 -0.8000
v 4.8700 0.4800 -1.2000
v 4.8700 0.4800 -1.0667
v 4.8700 0.4800 -0.9333
v 4.8700 0.4800 -0.8000
v 5.0100 0.4800 -1.2000
v 5.0100 0.4800 -1.0667
v 5.0100 0.4800 -0.9333
v 5.0100 0.4800 -0.8000
v 4.5900 0.4200 -0.8000
v 4.5900 0.4200 -0.9333
v 4.5900 0.4200 -1.0667
v 4.5900 0.4200 -1.2000
v 4.7300 0.4200 -0.8000
v 4.7300 0.4200 -0.9333
v 4.7300 0.4200 -1.0667
v 4.7300 0.4200 -1.2000
v 4.8700 0.4200 -0.8000
v 4.8700 0.4200 -0.9333
v 4.8700 0.4200 -1.0667
v 4.8700 0.4200 -1.2000
v 5.0100 0.4200 -0.8000
v 5.0100 0.4200 -0.9333
v 5.0100 0.4200 -1.0667
v 5.0100 0.4200 -1.2000
f 12793 12794 12798
f 12793 12798 12797
f 12794 12795 12799
f 12794 12799 12798
f 12795 12796 12800
f 12795 12800 12799
f 12797 12798 12802
f 12797 12802 12801
f 12798 12799 12803
f 12798 12803 12802
f 12799 12800 12804
f 12799 12804 12803
f 12801 12802 12806
f 12801 12806 12805
f 12802 12803 12807
f 12802 12807 12806
f 12803 12804 12808
f 12803 12808 12807
f 12809 12810 12814
f 12809 12814 12813
f 12810 12811 12815
f 12810 12815 12814
f 12811 12812 12816
f 12811 12816 12815
f 12813 12814 12818
f 12813 12818 12817
f 12814 12815 12819
f 12814 12819 12818
f 12815 12816 12820
f 12815 12820 12819
f 12817 12818 12822
f 12817 12822 12821
f 12818 12819 12823
f 12818 12823 12822
f 12819 12820 12824
f 12819 12824 12823
f 12825 12826 12830
f 12825 12830 12829
f 12826 12827 12831
f 12826 12831 12830
f 12827 12828 12832
f 12827 12832 12831
f 12829 12830 12834
f 12829 12834 12833
f 12830 12831 12835
f 12830 12835 12834
f 12831 12832 12836
f 12831 12836 12835
f 12833 12834 12838
f 12833 12838 12837
f 12834 12835 12839
f 12834 12839 12838
f 12835 12836 12840
f 12835 12840 12839
f 12841 12842 12846
f 12841 12846 12845
f 12842 12843 12847
f 12842 12847 12846
f 12843 12844 12848
f 12843 12848 12847
f 12845 12846 12850
f 12845 12850 12849
f 12846 12847 12851
f 12846 12851 12850
f 12847 12848 12852
f 12847 12852 12851
f 12849 12850 12854
f 12849 12854 12853
f 12850 12851 12855
f 12850 12855 12854
f 12851 12852 12856
f 12851 12856 12855
f 12857 12858 12862
f 12857 12862 12861
f 12858 12859 12863
f 12858 12863 12862
f 12859 12860 12864
f 12859 12864 12863
f 12861 12862 12866
f 12861 12866 12865
f 12862 12863 12867
f 12862 12867 12866
f 12863 12864 12868
f 12863 12868 12867
f 12865 12866 12870
f 12865 12870 12869
f 12866 12867 12871
f 12866 12871 12870
f 12867 12868 12872
f 12867 12872 12871
f 12873 12874 12878
f 12873 12878 12877
f 12874 12875 12879
f 12874 12879 12878
f 12875 12876 12880
f 12875 12880 12879
f 12877 12878 12882
f 12877 12882 12881
f 12878 12879 12883
f 12878 12883 12882
f 12879 12880 12884
f 12879 12884 12883
f 12881 12882 12886
f 12881 12886 12885
f 12882 12883 12887
f 12882 12887 12886
f 12883 12884 12888
f 12883 12888 12887
g 의자_21
v 6.4900 0.4200 -4.6000
v 6.4900 0.4400 -4.6000
v 6.4900 0.4600 -4.6000
v 6.4900 0.4800 -4.6000
v 6.6300 0.4200 -4.6000
v 6.6300 0.4400 -4.6000
v 6.6300 0.4600 -4.6000
v 6.6300 0.4800 -4.6000
v 6.7700 0.4200 -4.6000
v 6.7700 0.4400 -4.6000
v 6.7700 0.4600 -4.6000
v 6.7700 0.4800 -4.6000
v 6.9100 0.4200 -4.6000
v 6.9100 0.4400 -4.6000
v 6.9100 0.4600 -4.6000
v 6.9100 0.4800 -4.6000
v 6.9100 0.4200 -5.0000
v 6.9100 0.4400 -5.0000
v 6.9100 0.4600 -5.0000
v 6.9100 0.4800 -5.0000
v 6.7700 0.4200 -5.0000
v 6.7700 0.4400 -5.0000
v 6.7700 0.4600 -5.0000
v 6.7700 0.4800 -5.0000
v 6.6300 0.4200 -5.0000
v 6.6300 0.4400 -5.0000
v 6.6300 0.4600 -5.0000
v 6.6300 0.4800 -5.0000
v 6.4900 0.4200 -5.0000
v 6.4900 0.4400 -5.0000
v 6.4900 0.4600 -5.0000
v 6.4900 0.4800 -5.0000
v 6.4900 0.4200 -5.0000
v 6.4900 0.4400 -5.0000
v 6.4900 0.4600 -5.0000
v 6.4900 0.4800 -5.0000
v 6.4900 0.4200 -4.8667
v 6.4900 0.4400 -4.8667
v 6.4900 0.4600 -4.8667
v 6.4900 0.4800 -4.8667
v 6.4900 0.4200 -4.7333
v 6.4900 0.4400 -4.7333
v 6.4900 0.4600 -4.7333
v 6.4900 0.4800 -4.7333
v 6.4900 0.4200 -4.6000
v 6.4900 0.4400 -4.6000
v 6.4900 0.4600 -4.6000
v 6.4900 0.4800 -4.6000
v 6.9100 0.4200 -4.6000
v 6.9100 0.4400 -4.6000
v 6.9100 0.4600 -4.6000
v 6.9100 0.4800 -4.6000
v 6.9100 0.4200 -4.7333
v 6.9100 0.4400 -4.7333
v 6.9100 0.4600 -4.7333
v 6.9100 0.4800 -4.7333
v 6.9100 0.4200 -4.8667
v 6.9100 0.4400 -4.8667
v 6.9100 0.4600 -4.8667
v 6.9100 0.4800 -4.8667
v 6.9100 0.4200 -5.0000
v 6.9100 0.4400 -5.0000
v 6.9100 0.4600 -5.0000
v 6.9100 0.4800 -5.0000
v 6.4900 0.4800 -5.0000
v 6.4900 0.4800 -4.8667
v 6.4900 0.4800 -4.7333
v 6.4900 0.4800 -4.6000
v 6.6300 0.4800 -5.0000
v 6.6300 0.4800 -4.8667
v 6.6300 0.4800 -4.7333
v 6.6300 0.4800 -4.6000
v 6.7700 0.4800 -5.0000
v 6.7700 0.4800 -4.8667
v 6.7700 0.4800 -4.7333
v 6.7700 0.4800 -4.6000
v 6.9100 0.4800 -5.0000
v 6.9100 0.4800 -4.8667
v 6.9100 0.4800 -4.7333
v 6.9100 0.4800 -4.6000
v 6.4900 0.4200 -4.6000
v 6.4900 0.4200 -4.7333
v 6.4900 0.4200 -4.8667
v 6.4900 0.4200 -5.0000
v 6.6300 0.4200 -4.6000
v 6.6300 0.4200 -4.7333
v 6.6300 0.4200 -4.8667
v 6.6300 0.4200 -5.0000
v 6.7700 0.4200 -4.6000
v 6.7700 0.4200 -4.7333
v 6.7700 0.4200 -4.8667
v 6.7700 0.4200 -5.0000
v 6.9100 0.4200 -4.6000
v 6.9100 0.4200 -4.7333
v 6.9100 0.4200 -4.8667
v 6.9100 0.4200 -5.0000
f 12889 12890 12894
f 12889 12894 12893
f 12890 12891 12895
f 12890 12895 12894
f 12891 12892 12896
f 12891 12896 12895
f 12893 12894 12898
f 12893 12898 12897
f 12894 12895 12899
f 12894 12899 12898
f 12895 12896 12900
f 12895 12900 12899
f 12897 12898 12902
f 12897 12902 12901
f 12898 12899 12903
f 12898 12903 12902
f 12899 12900 12904
f 12899 12904 12903
f 12905 12906 12910
f 12905 12910 12909
f 12906 12907 12911
f 12906 12911 12910
f 12907 12908 12912
f 12907 12912 12911
f 12909 12910 12914
f 12909 12914 12913
f 12910 12911 12915
f 12910 12915 12914
f 12911 12912 12916
f 12911 12916 12915
f 12913 12914 12918
f 12913 12918 12917
f 12914 12915 12919
f 12914 12919 12918
f 12915 12916 12920
f 12915 12920 12919
f 12921 12922 12926
f 12921 12926 12925
f 12922 12923 12927
f 12922 12927 12926
f 12923 12924 12928
f 12923 12928 12927
f 12925 12926 12930
f 12925 12930 12929
f 12926 12927 12931
f 12926 12931 12930
f 12927 12928 12932
f 12927 12932 12931
f 12929 12930 12934
f 12929 12934 12933
f 12930 12931 12935
f 12930 12935 12934
f 12931 12932 12936
f 12931 12936 12935
f 12937 12938 12942
f 12937 12942 12941
f 12938 12939 12943
f 12938 12943 12942
f 12939 12940 12944
f 12939 12944 12943
f 12941 12942 12946
f 12941 12946 12945
f 12942 12943 12947
f 12942 12947 12946
f 12943 12944 12948
f 12943 12948 12947
f 12945 12946 12950
f 12945 12950 12949
f 12946 12947 12951
f 12946 12951 12950
f 12947 12948 12952
f 12947 12952 12951
f 12953 12954 12958
f 12953 12958 12957
f 12954 12955 12959
f 12954 12959 12958
f 12955 12956 12960
f 12955 12960 12959
f 12957 12958 12962
f 12957 12962 12961
f 12958 12959 12963
f 12958 12963 12962
f 12959 12960 12964
f 12959 12964 12963
f 12961 12962 12966
f 12961 12966 12965
f 12962 12963 12967
f 12962 12967 12966
f 12963 12964 12968
f 12963 12968 12967
f 12969 12970 12974
f 12969 12974 12973
f 12970 12971 12975
f 12970 12975 12974
f 12971 12972 12976
f 12971 12976 12975
f 12973 12974 12978
f 12973 12978 12977
f 12974 12975 12979
f 12974 12979 12978
f 12975 12976 12980
f 12975 12980 12979
f 12977 12978 12982
f 12977 12982 12981
f 12978 12979 12983
f 12978 12983 12982
f 12979 12980 12984
f 12979 12984 12983
g 의자_22
v 6.4900 0.4200 -2.7000
v 6.4900 0.4400 -2.7000
v 6.4900 0.4600 -2.7000
v 6.4900 0.4800 -2.7000
v 6.6300 0.4200 -2.7000
v 6.6300 0.4400 -2.7000
v 6.6300 0.4600 -2.7000
v 6.6300 0.4800 -2.7000
v 6.7700 0.4200 -2.7000
v 6.7700 0.4400 -2.7000
v 6.7700 0.4600 -2.7000
v 6.7700 0.4800 -2.7000
v 6.9100 0.4200 -2.7000
v 6.9100 0.4400 -2.7000
v 6.9100 0.4600 -2.7000
v 6.9100 0.4800 -2.7000
v 6.9100 0.4200 -3.1000
v 6.9100 0.4400 -3.1000
v 6.9100 0.4600 -3.1000
v 6.9100 0.4800 -3.1000
v 6.7700 0.4200 -3.1000
v 6.7700 0.4400 -3.1000
v 6.7700 0.4600 -3.1000
v 6.7700 0.4800 -3.1000
v 6.6300 0.4200 -3.1000
v 6.6300 0.4400 -3.1000
v 6.6300 0.4600 -3.1000
v 6.6300 0.4800 -3.1000
v 6.4900 0.4200 -3.1000
v 6.4900 0.4400 -3.1000
v 6.4900 0.4600 -3.1000
v 6.4900 0.4800 -3.1000
v 6.4900 0.4200 -3.1000
v 6.4900 0.4400 -3.1000
v 6.4900 0.4600 -3.1000
v 6.4900 0.4800 -3.1000
v 6.4900 0.4200 -2.9667
v 6.4900 0.4400 -2.9667
v 6.4900 0.4600 -2.9667
v 6.4900 0.4800 -2.9667
v 6.4900 0.4200 -2.8333
v 6.4900 0.4400 -2.8333
v 6.4900 0.4600 -2.8333
v 6.4900 0.4800 -2.8333
v 6.4900 0.4200 -2.7000
v 6.4900 0.4400 -2.7000
v 6.4900 0.4600 -2.7000
v 6.4900 0.4800 -2.7000
v 6.9100 0.4200 -2.7000
v 6.9100 0.4400 -2.7000
v 6.9100 0.4600 -2.7000
v 6.9100 0.4800 -2.7000
v 6.9100 0.4200 -2.8333
v 6.9100 0.4400 -2.8333
v 6.9100 0.4600 -2.8333
v 6.9100 0.4800 -2.8333
v 6.9100 0.4200 -2.9667
v 6.9100 0.4400 -2.9667
v 6.9100 0.4600 -2.9667
v 6.9100 0.4800 -2.9667
v 6.9100 0.4200 -3.1000
v 6.9100 0.4400 -3.1000
v 6.9100 0.4600 -3.1000
v 6.9100 0.4800 -3.1000
v 6.4900 0.4800 -3.1000
v 6.4900 0.4800 -2.9667
v 6.4900 0.4800 -2.8333
v 6.4900 0.4800 -2.7000
v 6.6300 0.4800 -3.1000
v 6.6300 0.4800 -2.9667
v 6.6300 0.4800 -2.8333
v 6.6300 0.4800 -2.7000
v 6.7700 0.4800 -3.1000
v 6.7700 0.4800 -2.9667
v 6.7700 0.4800 -2.8333
v 6.7700 0.4800 -2.7000
v 6.9100 0.4800 -3.1000
v 6.9100 0.4800 -2.9667
v 6.9100 0.4800 -2.8333
v 6.9100 0.4800 -2.7000
v 6.4900 0.4200 -2.7000
v 6.4900 0.4200 -2.8333
v 6.4900 0.4200 -2.9667
v 6.4900 0.4200 -3.1000
v 6.6300 0.4200 -2.7000
v 6.6300 0.4200 -2.8333
v 6.6300 0.4200 -2.9667
v 6.6300 0.4200 -3.1000
v 6.7700 0.4200 -2.7000
v 6.7700 0.4200 -2.8333
v 6.7700 0.4200 -2.9667
v 6.7700 0.4200 -3.1000
v 6.9100 0.4200 -2.7000
v 6.9100 0.4200 -2.8333
v 6.9100 0.4200 -2.9667
v 6.9100 0.4200 -3.1000
f 12985 12986 12990
f 12985 12990 12989
f 12986 12987 12991
f 12986 12991 12990
f 12987 12988 12992
f 12987 12992 12991
f 12989 12990 12994
f 12989 12994 12993
f 12990 12991 12995
f 12990 12995 12994
f 12991 12992 12996
f 12991 12996 12995
f 12993 12994 12998
f 12993 12998 12997
f 12994 12995 12999
f 12994 12999 12998
f 12995 12996 13000
f 12995 13000 12999
f 13001 13002 13006
f 13001 13006 13005
f 13002 13003 13007
f 13002 13007 13006
f 13003 13004 13008
f 13003 13008 13007
f 13005 13006 13010
f 13005 13010 13009
f 13006 13007 13011
f 13006 13011 13010
f 13007 13008 13012
f 13007 13012 13011
f 13009 13010 13014
f 13009 13014 13013
f 13010 13011 13015
f 13010 13015 13014
f 13011 13012 13016
f 13011 13016 13015
f 13017 13018 13022
f 13017 13022 13021
f 13018 13019 13023
f 13018 13023 13022
f 13019 13020 13024
f 13019 13024 13023
f 13021 13022 13026
f 13021 13026 13025
f 13022 13023 13027
f 13022 13027 13026
f 13023 13024 13028
f 13023 13028 13027
f 13025 13026 13030
f 13025 13030 13029
f 13026 13027 13031
f 13026 13031 13030
f 13027 13028 13032
f 13027 13032 13031
f 13033 13034 13038
f 13033 13038 13037
f 13034 13035 13039
f 13034 13039 13038
f 13035 13036 13040
f 13035 13040 13039
f 13037 13038 13042
f 13037 13042 13041
f 13038 13039 13043
f 13038 13043 13042
f 13039 13040 13044
f 13039 13044 13043
f 13041 13042 13046
f 13041 13046 13045
f 13042 13043 13047
f 13042 13047 13046
f 13043 13044 13048
f 13043 13048 13047
f 13049 13050 13054
f 13049 13054 13053
f 13050 13051 13055
f 13050 13055 13054
f 13051 13052 13056
f 13051 13056 13055
f 13053 13054 13058
f 13053 13058 13057
f 13054 13055 13059
f 13054 13059 13058
f 13055 13056 13060
f 13055 13060 13059
f 13057 13058 13062
f 13057 13062 13061
f 13058 13059 13063
f 13058 13063 13062
f 13059 13060 13064
f 13059 13064 13063
f 13065 13066 13070
f 13065 13070 13069
f 13066 13067 13071
f 13066 13071 13070
f 13067 13068 13072
f 13067 13072 13071
f 13069 13070 13074
f 13069 13074 13073
f 13070 13071 13075
f 13070 13075 13074
f 13071 13072 13076
f 13071 13076 13075
f 13073 13074 13078
f 13073 13078 13077
f 13074 13075 13079
f 13074 13079 13078
f 13075 13076 13080
f 13075 13080 13079
g 의자_23
v 6.4900 0.4200 -0.8000
v 6.4900 0.4400 -0.8000
v 6.4900 0.4600 -0.8000
v 6.4900 0.4800 -0.8000
v 6.6300 0.4200 -0.8000
v 6.6300 0.4400 -0.8000
v 6.6300 0.4600 -0.8000
v 6.6300 0.4800 -0.8000
v 6.7700 0.4200 -0.8000
v 6.7700 0.4400 -0.8000
v 6.7700 0.4600 -0.8000
v 6.7700 0.4800 -0.8000
v 6.9100 0.4200 -0.8000
v 6.9100 0.4400 -0.8000
v 6.9100 0.4600 -0.8000
v 6.9100 0.4800 -0.8000
v 6.9100 0.4200 -1.2000
v 6.9100 0.4400 -1.2000
v 6.9100 0.4600 -1.2000
v 6.9100 0.4800 -1.2000
v 6.7700 0.4200 -1.2000
v 6.7700 0.4400 -1.2000
v 6.7700 0.4600 -1.2000
v 6.7700 0.4800 -1.2000
v 6.6300 0.4200 -1.2000
v 6.6300 0.4400 -1.2000
v 6.6300 0.4600 -1.2000
v 6.6300 0.4800 -1.2000
v 6.4900 0.4200 -1.2000
v 6.4900 0.4400 -1.2000
v 6.4900 0.4600 -1.2000
v 6.4900 0.4800 -1.2000
v 6.4900 0.4200 -1.2000
v 6.4900 0.4400 -1.2000
v 6.4900 0.4600 -1.2000
v 6.4900 0.4800 -1.2000
v 6.4900 0.4200 -1.0667
v 6.4900 0.4400 -1.0667
v 6.4900 0.4600 -1.0667
v 6.4900 0.4800 -1.0667
v 6.4900 0.4200 -0.9333
v 6.4900 0.4400 -0.9333
v 6.4900 0.4600 -0.9333
v 6.4900 0.4800 -0.9333
v 6.4900 0.4200 -0.8000
v 6.4900 0.4400 -0.8000
v 6.4900 0.4600 -0.8000
v 6.4900 0.4800 -0.8000
v 6.9100 0.4200 -0.8000
v 6.9100 0.4400 -0.8000
v 6.9100 0.4600 -0.8000
v 6.9100 0.4800 -0.8000
v 6.9100 0.4200 -0.9333
v 6.9100 0.4400 -0.9333
v 6.9100 0.4600 -0.9333
v 6.9100 0.4800 -0.9333
v 6.9100 0.4200 -1.0667
v 6.9100 0.4400 -1.0667
v 6.9100 0.4600 -1.0667
v 6.9100 0.4800 -1.0667
v 6.9100 0.4200 -1.2000
v 6.9100 0.4400 -1.2000
v 6.9100 0.4600 -1.2000
v 6.9100 0.4800 -1.2000
v 6.4900 0.4800 -1.2000
v 6.4900 0.4800 -1.0667
v 6.4900 0.4800 -0.9333
v 6.4900 0.4800 -0.8000
v 6.6300 0.4800 -1.2000
v 6.6300 0.4800 -1.0667
v 6.6300 0.4800 -0.9333
v 6.6300 0.4800 -0.8000
v 6.7700 0.4800 -1.2000
v 6.7700 0.4800 -1.0667
v 6.7700 0.4800 -0.9333
v 6.7700 0.4800 -0.8000
v 6.9100 0.4800 -1.2000
v 6.9100 0.4800 -1.0667
v 6.9100 0.4800 -0.9333
v 6.9100 0.4800 -0.8000
v 6.4900 0.4200 -0.8000
v 6.4900 0.4200 -0.9333
v 6.4900 0.4200 -1.0667
v 6.4900 0.4200 -1.2000
v 6.6300 0.4200 -0.8000
v 6.6300 0.4200 -0.9333
v 6.6300 0.4200 -1.0667
v 6.6300 0.4200 -1.2000
v 6.7700 0.4200 -0.8000
v 6.7700 0.4200 -0.9333
v 6.7700 0.4200 -1.0667
v 6.7700 0.4200 -1.2000
v 6.9100 0.4200 -0.8000
v 6.9100 0.4200 -0.9333
v 6.9100 0.4200 -1.0667
v 6.9100 0.4200 -1.2000
f 13081 13082 13086
f 13081 13086 13085
f 13082 13083 13087
f 13082 13087 13086
f 13083 13084 13088
f 13083 13088 13087
f 13085 13086 13090
f 13085 13090 13089
f 13086 13087 13091
f 13086 13091 13090
f 13087 13088 13092
f 13087 13092 13091
f 13089 13090 13094
f 13089 13094 13093
f 13090 13091 13095
f 13090 13095 13094
f 13091 13092 13096
f 13091 13096 13095
f 13097 13098 13102
f 13097 13102 13101
f 13098 13099 13103
f 13098 13103 13102
f 13099 13100 13104
f 13099 13104 13103
f 13101 13102 13106
f 13101 13106 13105
f 13102 13103 13107
f 13102 13107 13106
f 13103 13104 13108
f 13103 13108 13107
f 13105 13106 13110
f 13105 13110 13109
f 13106 13107 13111
f 13106 13111 13110
f 13107 13108 13112
f 13107 13112 13111
f 13113 13114 13118
f 13113 13118 13117
f 13114 13115 13119
f 13114 13119 13118
f 13115 13116 13120
f 13115 13120 13119
f 13117 13118 13122
f 13117 13122 13121
f 13118 13119 13123
f 13118 13123 13122
f 13119 13120 13124
f 13119 13124 13123
f 13121 13122 13126
f 13121 13126 13125
f 13122 13123 13127
f 13122 13127 13126
f 13123 13124 13128
f 13123 13128 13127
f 13129 13130 13134
f 13129 13134 13133
f 13130 13131 13135
f 13130 13135 13134
f 13131 13132 13136
f 13131 13136 13135
f 13133 13134 13138
f 13133 13138 13137
f 13134 13135 13139
f 13134 13139 13138
f 13135 13136 13140
f 13135 13140 13139
f 13137 13138 13142
f 13137 13142 13141
f 13138 13139 13143
f 13138 13143 13142
f 13139 13140 13144
f 13139 13144 13143
f 13145 13146 13150
f 13145 13150 13149
f 13146 13147 13151
f 13146 13151 13150
f 13147 13148 13152
f 13147 13152 13151
f 13149 13150 13154
f 13149 13154 13153
f 13150 13151 13155
f 13150 13155 13154
f 13151 13152 13156
f 13151 13156 13155
f 13153 13154 13158
f 13153 13158 13157
f 13154 13155 13159
f 13154 13159 13158
f 13155 13156 13160
f 13155 13160 13159
f 13161 13162 13166
f 13161 13166 13165
f 13162 13163 13167
f 13162 13167 13166
f 13163 13164 13168
f 13163 13168 13167
f 13165 13166 13170
f 13165 13170 13169
f 13166 13167 13171
f 13166 13171 13170
f 13167 13168 13172
f 13167 13172 13171
f 13169 13170 13174
f 13169 13174 13173
f 13170 13171 13175
f 13170 13175 13174
f 13171 13172 13176
f 13171 13176 13175
g 의자_24
v -6.8100 0.4200 -3.0000
v -6.8100 0.4400 -3.0000
v -6.8100 0.4600 -3.0000
v -6.8100 0.4800 -3.0000
v -6.6700 0.4200 -3.0000
v -6.6700 0.4400 -3.0000
v -6.6700 0.4600 -3.0000
v -6.6700 0.4800 -3.0000
v -6.5300 0.4200 -3.0000
v -6.5300 0.4400 -3.0000
v -6.5300 0.4600 -3.0000
v -6.5300 0.4800 -3.0000
v -6.3900 0.4200 -3.0000
v -6.3900 0.4400 -3.0000
v -6.3900 0.4600 -3.0000
v -6.3900 0.4800 -3.0000
v -6.3900 0.4200 -3.4000
v -6.3900 0.4400 -3.4000
v -6.3900 0.4600 -3.4000
v -6.3900 0.4800 -3.4000
v -6.5300 0.4200 -3.4000
v -6.5300 0.4400 -3.4000
v -6.5300 0.4600 -3.4000
v -6.5300 0.4800 -3.4000
v -6.6700 0.4200 -3.4000
v -6.6700 0.4400 -3.4000
v -6.6700 0.4600 -3.4000
v -6.6700 0.4800 -3.4000
v -6.8100 0.4200 -3.4000
v -6.8100 0.4400 -3.4000
v -6.8100 0.4600 -3.4000
v -6.8100 0.4800 -3.4000
v -6.8100 0.4200 -3.4000
v -6.8100 0.4400 -3.4000
v -6.8100 0.4600 -3.4000
v -6.8100 0.4800 -3.4000
v -6.8100 0.4200 -3.2667
v -6.8100 0.4400 -3.2667
v -6.8100 0.4600 -3.2667
v -6.8100 0.4800 -3.2667
v -6.8100 0.4200 -3.1333
v -6.8100 0.4400 -3.1333
v -6.8100 0.4600 -3.1333
v -6.8100 0.4800 -3.1333
v -6.8100 0.4200 -3.0000
v -6.8100 0.4400 -3.0000
v -6.8100 0.4600 -3.0000
v -6.8100 0.4800 -3.0000
v -6.3900 0.4200 -3.0000
v -6.3900 0.4400 -3.0000
v -6.3900 0.4600 -3.0000
v -6.3900 0.4800 -3.0000
v -6.3900 0.4200 -3.1333
v -6.3900 0.4400 -3.1333
v -6.3900 0.4600 -3.1333
v -6.3900 0.4800 -3.1333
v -6.3900 0.4200 -3.2667
v -6.3900 0.4400 -3.2667
v -6.3900 0.4600 -3.2667
v -6.3900 0.4800 -3.2667
v -6.3900 0.4200 -3.4000
v -6.3900 0.4400 -3.4000
v -6.3900 0.4600 -3.4000
v -6.3900 0.4800 -3.4000
v -6.8100 0.4800 -3.4000
v -6.8100 0.4800 -3.2667
v -6.8100 0.4800 -3.1333
v -6.8100 0.4800 -3.0000
v -6.6700 0.4800 -3.4000
v -6.6700 0.4800 -3.2667
v -6.6700 0.4800 -3.1333
v -6.6700 0.4800 -3.0000
v -6.5300 0.4800 -3.4000
v -6.5300 0.4800 -3.2667
v -6.5300 0.4800 -3.1333
v -6.5300 0.4800 -3.0000
v -6.3900 0.4800 -3.4000
v -6.3900 0.4800 -3.2667
v -6.3900 0.4800 -3.1333
v -6.3900 0.4800 -3.0000
v -6.8100 0.4200 -3.0000
v -6.8100 0.4200 -3.1333
v -6.8100 0.4200 -3.2667
v -6.8100 0.4200 -3.4000
v -6.6700 0.4200 -3.0000
v -6.6700 0.4200 -3.1333
v -6.6700 0.4200 -3.2667
v -6.6700 0.4200 -3.4000
v -6.5300 0.4200 -3.0000
v -6.5300 0.4200 -3.1333
v -6.5300 0.4200 -3.2667
v -6.5300 0.4200 -3.4000
v -6.3900 0.4200 -3.0000
v -6.3900 0.4200 -3.1333
v -6.3900 0.4200 -3.2667
v -6.3900 0.4200 -3.4000
f 13177 13178 13182
f 13177 13182 13181
f 13178 13179 13183
f 13178 13183 13182
f 13179 13180 13184
f 13179 13184 13183
f 13181 13182 13186
f 13181 13186 13185
f 13182 13183 13187
f 13182 13187 13186
f 13183 13184 13188
f 13183 13188 13187
f 13185 13186 13190
f 13185 13190 13189
f 13186 13187 13191
f 13186 13191 13190
f 13187 13188 13192
f 13187 13192 13191
f 13193 13194 13198
f 13193 13198 13197
f 13194 13195 13199
f 13194 13199 13198
f 13195 13196 13200
f 13195 13200 13199
f 13197 13198 13202
f 13197 13202 13201
f 13198 13199 13203
f 13198 13203 13202
f 13199 13200 13204
f 13199 13204 13203
f 13201 13202 13206
f 13201 13206 13205
f 13202 13203 13207
f 13202 13207 13206
f 13203 13204 13208
f 13203 13208 13207
f 13209 13210 13214
f 13209 13214 13213
f 13210 13211 13215
f 13210 13215 13214
f 13211 13212 13216
f 13211 13216 13215
f 13213 13214 13218
f 13213 13218 13217
f 13214 13215 13219
f 13214 13219 13218
f 13215 13216 13220
f 13215 13220 13219
f 13217 13218 13222
f 13217 13222 13221
f 13218 13219 13223
f 13218 13223 13222
f 13219 13220 13224
f 13219 13224 13223
f 13225 13226 13230
f 13225 13230 13229
f 13226 13227 13231
f 13226 13231 13230
f 13227 13228 13232
f 13227 13232 13231
f 13229 13230 13234
f 13229 13234 13233
f 13230 13231 13235
f 13230 13235 13234
f 13231 13232 13236
f 13231 13236 13235
f 13233 13234 13238
f 13233 13238 13237
f 13234 13235 13239
f 13234 13239 13238
f 13235 13236 13240
f 13235 13240 13239
f 13241 13242 13246
f 13241 13246 13245
f 13242 13243 13247
f 13242 13247 13246
f 13243 13244 13248
f 13243 13248 13247
f 13245 13246 13250
f 13245 13250 13249
f 13246 13247 13251
f 13246 13251 13250
f 13247 13248 13252
f 13247 13252 13251
f 13249 13250 13254
f 13249 13254 13253
f 13250 13251 13255
f 13250 13255 13254
f 13251 13252 13256
f 13251 13256 13255
f 13257 13258 13262
f 13257 13262 13261
f 13258 13259 13263
f 13258 13263 13262
f 13259 13260 13264
f 13259 13264 13263
f 13261 13262 13266
f 13261 13266 13265
f 13262 13263 13267
f 13262 13267 13266
f 13263 13264 13268
f 13263 13268 13267
f 13265 13266 13270
f 13265 13270 13269
f 13266 13267 13271
f 13266 13271 13270
f 13267 13268 13272
f 13267 13272 13271
g 의자_25
v -6.8100 0.4200 -1.1000
v -6.8100 0.4400 -1.1000
v -6.8100 0.4600 -1.1000
v -6.8100 0.4800 -1.1000
v -6.6700 0.4200 -1.1000
v -6.6700 0.4400 -1.1000
v -6.6700 0.4600 -1.1000
v -6.6700 0.4800 -1.1000
v -6.5300 0.4200 -1.1000
v -6.5300 0.4400 -1.1000
v -6.5300 0.4600 -1.1000
v -6.5300 0.4800 -1.1000
v -6.3900 0.4200 -1.1000
v -6.3900 0.4400 -1.1000
v -6.3900 0.4600 -1.1000
v -6.3900 0.4800 -1.1000
v -6.3900 0.4200 -1.5000
v -6.3900 0.4400 -1.5000
v -6.3900 0.4600 -1.5000
v -6.3900 0.4800 -1.5000
v -6.5300 0.4200 -1.5000
v -6.5300 0.4400 -1.5000
v -6.5300 0.4600 -1.5000
v -6.5300 0.4800 -1.5000
v -6.6700 0.4200 -1.5000
v -6.6700 0.4400 -1.5000
v -6.6700 0.4600 -1.5000
v -6.6700 0.4800 -1.5000
v -6.8100 0.4200 -1.5000
v -6.8100 0.4400 -1.5000
v -6.8100 0.4600 -1.5000
v -6.8100 0.4800 -1.5000
v -6.8100 0.4200 -1.5000
v -6.8100 0.4400 -1.5000
v -6.8100 0.4600 -1.5000
v -6.8100 0.4800 -1.5000
v -6.8100 0.4200 -1.3667
v -6.8100 0.4400 -1.3667
v -6.8100 0.4600 -1.3667
v -6.8100 0.4800 -1.3667
v -6.8100 0.4200 -1.2333
v -6.8100 0.4400 -1.2333
v -6.8100 0.4600 -1.2333
v -6.8100 0.4800 -1.2333
v -6.8100 0.4200 -1.1000
v -6.8100 0.4400 -1.1000
v -6.8100 0.4600 -1.1000
v -6.8100 0.4800 -1.1000
v -6.3900 0.4200 -1.1000
v -6.3900 0.4400 -1.1000
v -6.3900 0.4600 -1.1000
v -6.3900 0.4800 -1.1000
v -6.3900 0.4200 -1.2333
v -6.3900 0.4400 -1.2333
v -6.3900 0.4600 -1.2333
v -6.3900 0.4800 -1.2333
v -6.3900 0.4200 -1.3667
v -6.3900 0.4400 -1.3667
v -6.3900 0.4600 -1.3667
v -6.3900 0.4800 -1.3667
v -6.3900 0.4200 -1.5000
v -6.3900 0.4400 -1.5000
v -6.3900 0.4600 -1.5000
v -6.3900 0.4800 -1.5000
v -6.8100 0.4800 -1.5000
v -6.8100 0.4800 -1.3667
v -6.8100 0.4800 -1.2333
v -6.8100 0.4800 -1.1000
v -6.6700 0.4800 -1.5000
v -6.6700 0.4800 -1.3667
v -6.6700 0.4800 -1.2333
v -6.6700 0.4800 -1.1000
v -6.5300 0.4800 -1.5000
v -6.5300 0.4800 -1.3667
v -6.5300 0.4800 -1.2333
v -6.5300 0.4800 -1.1000
v -6.3900 0.4800 -1.5000
v -6.3900 0.4800 -1.3667
v -6.3900 0.4800 -1.2333
v -6.3900 0.4800 -1.1000
v -6.8100 0.4200 -1.1000
v -6.8100 0.4200 -1.2333
v -6.8100 0.4200 -1.3667
v -6.8100 0.4200 -1.5000
v -6.6700 0.4200 -1.1000
v -6.6700 0.4200 -1.2333
v -6.6700 0.4200 -1.3667
v -6.6700 0.4200 -1.5000
v -6.5300 0.4200 -1.1000
v -6.5300 0.4200 -1.2333
v -6.5300 0.4200 -1.3667
v -6.5300 0.4200 -1.5000
v -6.3900 0.4200 -1.1000
v -6.3900 0.4200 -1.2333
v -6.3900 0.4200 -1.3667
v -6.3900 0.4200 -1.5000
f 13273 13274 13278
f 13273 13278 13277
f 13274 13275 13279
f 13274 13279 13278
f 13275 13276 13280
f 13275 13280 13279
f 13277 13278 13282
f 13277 13282 13281
f 13278 13279 13283
f 13278 13283 13282
f 13279 13280 13284
f 13279 13284 13283
f 13281 13282 13286
f 13281 13286 13285
f 13282 13283 13287
f 13282 13287 13286
f 13283 13284 13288
f 13283 13288 13287
f 13289 13290 13294
f 13289 13294 13293
f 13290 13291 13295
f 13290 13295 13294
f 13291 13292 13296
f 13291 13296 13295
f 13293 13294 13298
f 13293 13298 13297
f 13294 13295 13299
f 13294 13299 13298
f 13295 13296 13300
f 13295 13300 13299
f 13297 13298 13302
f 13297 13302 13301
f 13298 13299 13303
f 13298 13303 13302
f 13299 13300 13304
f 13299 13304 13303
f 13305 13306 13310
f 13305 13310 13309
f 13306 13307 13311
f 13306 13311 13310
f 13307 13308 13312
f 13307 13312 13311
f 13309 13310 13314
f 13309 13314 13313
f 13310 13311 13315
f 13310 13315 13314
f 13311 13312 13316
f 13311 13316 13315
f 13313 13314 13318
f 13313 13318 13317
f 13314 13315 13319
f 13314 13319 13318
f 13315 13316 13320
f 13315 13320 13319
f 13321 13322 13326
f 13321 13326 13325
f 13322 13323 13327
f 13322 13327 13326
f 13323 13324 13328
f 13323 13328 13327
f 13325 13326 13330
f 13325 13330 13329
f 13326 13327 13331
f 13326 13331 13330
f 13327 13328 13332
f 13327 13332 13331
f 13329 13330 13334
f 13329 13334 13333
f 13330 13331 13335
f 13330 13335 13334
f 13331 13332 13336
f 13331 13336 13335
f 13337 13338 13342
f 13337 13342 13341
f 13338 13339 13343
f 13338 13343 13342
f 13339 13340 13344
f 13339 13344 13343
f 13341 13342 13346
f 13341 13346 13345
f 13342 13343 13347
f 13342 13347 13346
f 13343 13344 13348
f 13343 13348 13347
f 13345 13346 13350
f 13345 13350 13349
f 13346 13347 13351
f 13346 13351 13350
f 13347 13348 13352
f 13347 13352 13351
f 13353 13354 13358
f 13353 13358 13357
f 13354 13355 13359
f 13354 13359 13358
f 13355 13356 13360
f 13355 13360 13359
f 13357 13358 13362
f 13357 13362 13361
f 13358 13359 13363
f 13358 13363 13362
f 13359 13360 13364
f 13359 13364 13363
f 13361 13362 13366
f 13361 13366 13365
f 13362 13363 13367
f 13362 13367 13366
f 13363 13364 13368
f 13363 13368 13367
g 의자_26
v -6.8100 0.4200 0.8000
v -6.8100 0.4400 0.8000
v -6.8100 0.4600 0.8000
v -6.8100 0.4800 0.8000
v -6.6700 0.4200 0.8000
v -6.6700 0.4400 0.8000
v -6.6700 0.4600 0.8000
v -6.6700 0.4800 0.8000
v -6.5300 0.4200 0.8000
v -6.5300 0.4400 0.8000
v -6.5300 0.4600 0.8000
v -6.5300 0.4800 0.8000
v -6.3900 0.4200 0.8000
v -6.3900 0.4400 0.8000
v -6.3900 0.4600 0.8000
v -6.3900 0.4800 0.8000
v -6.3900 0.4200 0.4000
v -6.3900 0.4400 0.4000
v -6.3900 0.4600 0.4000
v -6.3900 0.4800 0.4000
v -6.5300 0.4200 0.4000
v -6.5300 0.4400 0.4000
v -6.5300 0.4600 0.4000
v -6.5300 0.4800 0.4000
v -6.6700 0.4200 0.4000
v -6.6700 0.4400 0.4000
v -6.6700 0.4600 0.4000
v -6.6700 0.4800 0.4000
v -6.8100 0.4200 0.4000
v -6.8100 0.4400 0.4000
v -6.8100 0.4600 0.4000
v -6.8100 0.4800 0.4000
v -6.8100 0.4200 0.4000
v -6.8100 0.4400 0.4000
v -6.8100 0.4600 0.4000
v -6.8100 0.4800 0.4000
v -6.8100 0.4200 0.5333
v -6.8100 0.4400 0.5333
v -6.8100 0.4600 0.5333
v -6.8100 0.4800 0.5333
v -6.8100 0.4200 0.6667
v -6.8100 0.4400 0.6667
v -6.8100 0.4600 0.6667
v -6.8100 0.4800 0.6667
v -6.8100 0.4200 0.8000
v -6.8100 0.4400 0.8000
v -6.8100 0.4600 0.8000
v -6.8100 0.4800 0.8000
v -6.3900 0.4200 0.8000
v -6.3900 0.4400 0.8000
v -6.3900 0.4600 0.8000
v -6.3900 0.4800 0.8000
v -6.3900 0.4200 0.6667
v -6.3900 0.4400 0.6667
v -6.3900 0.4600 0.6667
v -6.3900 0.4800 0.6667
v -6.3900 0.4200 0.5333
v -6.3900 0.4400 0.5333
v -6.3900 0.4600 0.5333
v -6.3900 0.4800 0.5333
v -6.3900 0.4200 0.4000
v -6.3900 0.4400 0.4000
v -6.3900 0.4600 0.4000
v -6.3900 0.4800 0.4000
v -6.8100 0.4800 0.4000
v -6.8100 0.4800 0.5333
v -6.8100 0.4800 0.6667
v -6.8100 0.4800 0.8000
v -6.6700 0.4800 0.4000
v -6.6700 0.4800 0.5333
v -6.6700 0.4800 0.6667
v -6.6700 0.4800 0.8000
v -6.5300 0.4800 0.4000
v -6.5300 0.4800 0.5333
v -6.5300 0.4800 0.6667
v -6.5300 0.4800 0.8000
v -6.3900 0.4800 0.4000
v -6.3900 0.4800 0.5333
v -6.3900 0.4800 0.6667
v -6.3900 0.4800 0.8000
v -6.8100 0.4200 0.8000
v -6.8100 0.4200 0.6667
v -6.8100 0.4200 0.5333
v -6.8100 0.4200 0.4000
v -6.6700 0.4200 0.8000
v -6.6700 0.4200 0.6667
v -6.6700 0.4200 0.5333
v -6.6700 0.4200 0.4000
v -6.5300 0.4200 0.8000
v -6.5300 0.4200 0.6667
v -6.5300 0.4200 0.5333
v -6.5300 0.4200 0.4000
v -6.3900 0.4200 0.8000
v -6.3900 0.4200 0.6667
v -6.3900 0.4200 0.5333
v -6.3900 0.4200 0.4000
f 13369 13370 13374
f 13369 13374 13373
f 13370 13371 13375
f 13370 13375 13374
f 13371 13372 13376
f 13371 13376 13375
f 13373 13374 13378
f 13373 13378 13377
f 13374 13375 13379
f 13374 13379 13378
f 13375 13376 13380
f 13375 13380 13379
f 13377 13378 13382
f 13377 13382 13381
f 13378 13379 13383
f 13378 13383 13382
f 13379 13380 13384
f 13379 13384 13383
f 13385 13386 13390
f 13385 13390 13389
f 13386 13387 13391
f 13386 13391 13390
f 13387 13388 13392
f 13387 13392 13391
f 13389 13390 13394
f 13389 13394 13393
f 13390 13391 13395
f 13390 13395 13394
f 13391 13392 13396
f 13391 13396 13395
f 13393 13394 13398
f 13393 13398 13397
f 13394 13395 13399
f 13394 13399 13398
f 13395 13396 13400
f 13395 13400 13399
f 13401 13402 13406
f 13401 13406 13405
f 13402 13403 13407
f 13402 13407 13406
f 13403 13404 13408
f 13403 13408 13407
f 13405 13406 13410
f 13405 13410 13409
f 13406 13407 13411
f 13406 13411 13410
f 13407 13408 13412
f 13407 13412 13411
f 13409 13410 13414
f 13409 13414 13413
f 13410 13411 13415
f 13410 13415 13414
f 13411 13412 13416
f 13411 13416 13415
f 13417 13418 13422
f 13417 13422 13421
f 13418 13419 13423
f 13418 13423 13422
f 13419 13420 13424
f 13419 13424 13423
f 13421 13422 13426
f 13421 13426 13425
f 13422 13423 13427
f 13422 13427 13426
f 13423 13424 13428
f 13423 13428 13427
f 13425 13426 13430
f 13425 13430 13429
f 13426 13427 13431
f 13426 13431 13430
f 13427 13428 13432
f 13427 13432 13431
f 13433 13434 13438
f 13433 13438 13437
f 13434 13435 13439
f 13434 13439 13438
f 13435 13436 13440
f 13435 13440 13439
f 13437 13438 13442
f 13437 13442 13441
f 13438 13439 13443
f 13438 13443 13442
f 13439 13440 13444
f 13439 13444 13443
f 13441 13442 13446
f 13441 13446 13445
f 13442 13443 13447
f 13442 13447 13446
f 13443 13444 13448
f 13443 13448 13447
f 13449 13450 13454
f 13449 13454 13453
f 13450 13451 13455
f 13450 13455 13454
f 13451 13452 13456
f 13451 13456 13455
f 13453 13454 13458
f 13453 13458 13457
f 13454 13455 13459
f 13454 13459 13458
f 13455 13456 13460
f 13455 13460 13459
f 13457 13458 13462
f 13457 13462 13461
f 13458 13459 13463
f 13458 13463 13462
f 13459 13460 13464
f 13459 13464 13463
g 의자_27
v -4.9100 0.4200 -3.0000
v -4.9100 0.4400 -3.0000
v -4.9100 0.4600 -3.0000
v -4.9100 0.4800 -3.0000
v -4.7700 0.4200 -3.0000
v -4.7700 0.4400 -3.0000
v -4.7700 0.4600 -3.0000
v -4.7700 0.4800 -3.0000
v -4.6300 0.4200 -3.0000
v -4.6300 0.4400 -3.0000
v -4.6300 0.4600 -3.0000
v -4.6300 0.4800 -3.0000
v -4.4900 0.4200 -3.0000
v -4.4900 0.4400 -3.0000
v -4.4900 0.4600 -3.0000
v -4.4900 0.4800 -3.0000
v -4.4900 0.4200 -3.4000
v -4.4900 0.4400 -3.4000
v -4.4900 0.4600 -3.4000
v -4.4900 0.4800 -3.4000
v -4.6300 0.4200 -3.4000
v -4.6300 0.4400 -3.4000
v -4.6300 0.4600 -3.4000
v -4.6300 0.4800 -3.4000
v -4.7700 0.4200 -3.4000
v -4.7700 0.4400 -3.4000
v -4.7700 0.4600 -3.4000
v -4.7700 0.4800 -3.4000
v -4.9100 0.4200 -3.4000
v -4.9100 0.4400 -3.4000
v -4.9100 0.4600 -3.4000
v -4.9100 0.4800 -3.4000
v -4.9100 0.4200 -3.4000
v -4.9100 0.4400 -3.4000
v -4.9100 0.4600 -3.4000
v -4.9100 0.4800 -3.4000
v -4.9100 0.4200 -3.2667
v -4.9100 0.4400 -3.2667
v -4.9100 0.4600 -3.2667
v -4.9100 0.4800 -3.2667
v -4.9100 0.4200 -3.1333
v -4.9100 0.4400 -3.1333
v -4.9100 0.4600 -3.1333
v -4.9100 0.4800 -3.1333
v -4.9100 0.4200 -3.0000
v -4.9100 0.4400 -3.0000
v -4.9100 0.4600 -3.0000
v -4.9100 0.4800 -3.0000
v -4.4900 0.4200 -3.0000
v -4.4900 0.4400 -3.0000
v -4.4900 0.4600 -3.0000
v -4.4900 0.4800 -3.0000
v -4.4900 0.4200 -3.1333
v -4.4900 0.4400 -3.1333
v -4.4900 0.4600 -3.1333
v -4.4900 0.4800 -3.1333
v -4.4900 0.4200 -3.2667
v -4.4900 0.4400 -3.2667
v -4.4900 0.4600 -3.2667
v -4.4900 0.4800 -3.2667
v -4.4900 0.4200 -3.4000
v -4.4900 0.4400 -3.4000
v -4.4900 0.4600 -3.4000
v -4.4900 0.4800 -3.4000
v -4.9100 0.4800 -3.4000
v -4.9100 0.4800 -3.2667
v -4.9100 0.4800 -3.1333
v -4.9100 0.4800 -3.0000
v -4.7700 0.4800 -3.4000
v -4.7700 0.4800 -3.2667
v -4.7700 0.4800 -3.1333
v -4.7700 0.4800 -3.0000
v -4.6300 0.4800 -3.4000
v -4.6300 0.4800 -3.2667
v -4.6300 0.4800 -3.1333
v -4.6300 0.4800 -3.0000
v -4.4900 0.4800 -3.4000
v -4.4900 0.4800 -3.2667
v -4.4900 0.4800 -3.1333
v -4.4900 0.4800 -3.0000
v -4.9100 0.4200 -3.0000
v -4.9100 0.4200 -3.1333
v -4.9100 0.4200 -3.2667
v -4.9100 0.4200 -3.4000
v -4.7700 0.4200 -3.0000
v -4.7700 0.4200 -3.1333
v -4.7700 0.4200 -3.2667
v -4.7700 0.4200 -3.4000
v -4.6300 0.4200 -3.0000
v -4.6300 0.4200 -3.1333
v -4.6300 0.4200 -3.2667
v -4.6300 0.4200 -3.4000
v -4.4900 0.4200 -3.0000
v -4.4900 0.4200 -3.1333
v -4.4900 0.4200 -3.2667
v -4.4900 0.4200 -3.4000
f 13465 13466 13470
f 13465 13470 13469
f 13466 13467 13471
f 13466 13471 13470
f 13467 13468 13472
f 13467 13472 13471
f 13469 13470 13474
f 13469 13474 13473
f 13470 13471 13475
f 13470 13475 13474
f 13471 13472 13476
f 13471 13476 13475
f 13473 13474 13478
f 13473 13478 13477
f 13474 13475 13479
f 13474 13479 13478
f 13475 13476 13480
f 13475 13480 13479
f 13481 13482 13486
f 13481 13486 13485
f 13482 13483 13487
f 13482 13487 13486
f 13483 13484 13488
f 13483 13488 13487
f 13485 13486 13490
f 13485 13490 13489
f 13486 13487 13491
f 13486 13491 13490
f 13487 13488 13492
f 13487 13492 13491
f 13489 13490 13494
f 13489 13494 13493
f 13490 13491 13495
f 13490 13495 13494
f 13491 13492 13496
f 13491 13496 13495
f 13497 13498 13502
f 13497 13502 13501
f 13498 13499 13503
f 13498 13503 13502
f 13499 13500 13504
f 13499 13504 13503
f 13501 13502 13506
f 13501 13506 13505
f 13502 13503 13507
f 13502 13507 13506
f 13503 13504 13508
f 13503 13508 13507
f 13505 13506 13510
f 13505 13510 13509
f 13506 13507 13511
f 13506 13511 13510
f 13507 13508 13512
f 13507 13512 13511
f 13513 13514 13518
f 13513 13518 13517
f 13514 13515 13519
f 13514 13519 13518
f 13515 13516 13520
f 13515 13520 13519
f 13517 13518 13522
f 13517 13522 13521
f 13518 13519 13523
f 13518 13523 13522
f 13519 13520 13524
f 13519 13524 13523
f 13521 13522 13526
f 13521 13526 13525
f 13522 13523 13527
f 13522 13527 13526
f 13523 13524 13528
f 13523 13528 13527
f 13529 13530 13534
f 13529 13534 13533
f 13530 13531 13535
f 13530 13535 13534
f 13531 13532 13536
f 13531 13536 13535
f 13533 13534 13538
f 13533 13538 13537
f 13534 13535 13539
f 13534 13539 13538
f 13535 13536 13540
f 13535 13540 13539
f 13537 13538 13542
f 13537 13542 13541
f 13538 13539 13543
f 13538 13543 13542
f 13539 13540 13544
f 13539 13544 13543
f 13545 13546 13550
f 13545 13550 13549
f 13546 13547 13551
f 13546 13551 13550
f 13547 13548 13552
f 13547 13552 13551
f 13549 13550 13554
f 13549 13554 13553
f 13550 13551 13555
f 13550 13555 13554
f 13551 13552 13556
f 13551 13556 13555
f 13553 13554 13558
f 13553 13558 13557
f 13554 13555 13559
f 13554 13559 13558
f 13555 13556 13560
f 13555 13560 13559
g 의자_28
v -4.9100 0.4200 -1.1000
v -4.9100 0.4400 -1.1000
v -4.9100 0.4600 -1.1000
v -4.9100 0.4800 -1.1000
v -4.7700 0.4200 -1.1000
v -4.7700 0.4400 -1.1000
v -4.7700 0.4600 -1.1000
v -4.7700 0.4800 -1.1000
v -4.6300 0.4200 -1.1000
v -4.6300 0.4400 -1.1000
v -4.6300 0.4600 -1.1000
v -4.6300 0.4800 -1.1000
v -4.4900 0.4200 -1.1000
v -4.4900 0.4400 -1.1000
v -4.4900 0.4600 -1.1000
v -4.4900 0.4800 -1.1000
v -4.4900 0.4200 -1.5000
v -4.4900 0.4400 -1.5000
v -4.4900 0.4600 -1.5000
v -4.4900 0.4800 -1.5000
v -4.6300 0.4200 -1.5000
v -4.6300 0.4400 -1.5000
v -4.6300 0.4600 -1.5000
v -4.6300 0.4800 -1.5000
v -4.7700 0.4200 -1.5000
v -4.7700 0.4400 -1.5000
v -4.7700 0.4600 -1.5000
v -4.7700 0.4800 -1.5000
v -4.9100 0.4200 -1.5000
v -4.9100 0.4400 -1.5000
v -4.9100 0.4600 -1.5000
v -4.9100 0.4800 -1.5000
v -4.9100 0.4200 -1.5000
v -4.9100 0.4400 -1.5000
v -4.9100 0.4600 -1.5000
v -4.9100 0.4800 -1.5000
v -4.9100 0.4200 -1.3667
v -4.9100 0.4400 -1.3667
v -4.9100 0.4600 -1.3667
v -4.9100 0.4800 -1.3667
v -4.9100 0.4200 -1.2333
v -4.9100 0.4400 -1.2333
v -4.9100 0.4600 -1.2333
v -4.9100 0.4800 -1.2333
v -4.9100 0.4200 -1.1000
v -4.9100 0.4400 -1.1000
v -4.9100 0.4600 -1.1000
v -4.9100 0.4800 -1.1000
v -4.4900 0.4200 -1.1000
v -4.4900 0.4400 -1.1000
v -4.4900 0.4600 -1.1000
v -4.4900 0.4800 -1.1000
v -4.4900 0.4200 -1.2333
v -4.4900 0.4400 -1.2333
v -4.4900 0.4600 -1.2333
v -4.4900 0.4800 -1.2333
v -4.4900 0.4200 -1.3667
v -4.4900 0.4400 -1.3667
v -4.4900 0.4600 -1.3667
v -4.4900 0.4800 -1.3667
v -4.4900 0.4200 -1.5000
v -4.4900 0.4400 -1.5000
v -4.4900 0.4600 -1.5000
v -4.4900 0.4800 -1.5000
v -4.9100 0.4800 -1.5000
v -4.9100 0.4800 -1.3667
v -4.9100 0.4800 -1.2333
v -4.9100 0.4800 -1.1000
v -4.7700 0.4800 -1.5000
v -4.7700 0.4800 -1.3667
v -4.7700 0.4800 -1.2333
v -4.7700 0.4800 -1.1000
v -4.6300 0.4800 -1.5000
v -4.6300 0.4800 -1.3667
v -4.6300 0.4800 -1.2333
v -4.6300 0.4800 -1.1000
v -4.4900 0.4800 -1.5000
v -4.4900 0.4800 -1.3667
v -4.4900 0.4800 -1.2333
v -4.4900 0.4800 -1.1000
v -4.9100 0.4200 -1.1000
v -4.9100 0.4200 -1.2333
v -4.9100 0.4200 -1.3667
v -4.9100 0.4200 -1.5000
v -4.7700 0.4200 -1.1000
v -4.7700 0.4200 -1.2333
v -4.7700 0.4200 -1.3667
v -4.7700 0.4200 -1.5000
v -4.6300 0.4200 -1.1000
v -4.6300 0.4200 -1.2333
v -4.6300 0.4200 -1.3667
v -4.6300 0.4200 -1.5000
v -4.4900 0.4200 -1.1000
v -4.4900 0.4200 -1.2333
v -4.4900 0.4200 -1.3667
v -4.4900 0.4200 -1.5000
f 13561 13562 13566
f 13561 13566 13565
f 13562 13563 13567
f 13562 13567 13566
f 13563 13564 13568
f 13563 13568 13567
f 13565 13566 13570
f 13565 13570 13569
f 13566 13567 13571
f 13566 13571 13570
f 13567 13568 13572
f 13567 13572 13571
f 13569 13570 13574
f 13569 13574 13573
f 13570 13571 13575
f 13570 13575 13574
f 13571 13572 13576
f 13571 13576 13575
f 13577 13578 13582
f 13577 13582 13581
f 13578 13579 13583
f 13578 13583 13582
f 13579 13580 13584
f 13579 13584 13583
f 13581 13582 13586
f 13581 13586 13585
f 13582 13583 13587
f 13582 13587 13586
f 13583 13584 13588
f 13583 13588 13587
f 13585 13586 13590
f 13585 13590 13589
f 13586 13587 13591
f 13586 13591 13590
f 13587 13588 13592
f 13587 13592 13591
f 13593 13594 13598
f 13593 13598 13597
f 13594 13595 13599
f 13594 13599 13598
f 13595 13596 13600
f 13595 13600 13599
f 13597 13598 13602
f 13597 13602 13601
f 13598 13599 13603
f 13598 13603 13602
f 13599 13600 13604
f 13599 13604 13603
f 13601 13602 13606
f 13601 13606 13605
f 13602 13603 13607
f 13602 13607 13606
f 13603 13604 13608
f 13603 13608 13607
f 13609 13610 13614
f 13609 13614 13613
f 13610 13611 13615
f 13610 13615 13614
f 13611 13612 13616
f 13611 13616 13615
f 13613 13614 13618
f 13613 13618 13617
f 13614 13615 13619
f 13614 13619 13618
f 13615 13616 13620
f 13615 13620 13619
f 13617 13618 13622
f 13617 13622 13621
f 13618 13619 13623
f 13618 13623 13622
f 13619 13620 13624
f 13619 13624 13623
f 13625 13626 13630
f 13625 13630 13629
f 13626 13627 13631
f 13626 13631 13630
f 13627 13628 13632
f 13627 13632 13631
f 13629 13630 13634
f 13629 13634 13633
f 13630 13631 13635
f 13630 13635 13634
f 13631 13632 13636
f 13631 13636 13635
f 13633 13634 13638
f 13633 13638 13637
f 13634 13635 13639
f 13634 13639 13638
f 13635 13636 13640
f 13635 13640 13639
f 13641 13642 13646
f 13641 13646 13645
f 13642 13643 13647
f 13642 13647 13646
f 13643 13644 13648
f 13643 13648 13647
f 13645 13646 13650
f 13645 13650 13649
f 13646 13647 13651
f 13646 13651 13650
f 13647 13648 13652
f 13647 13652 13651
f 13649 13650 13654
f 13649 13654 13653
f 13650 13651 13655
f 13650 13655 13654
f 13651 13652 13656
f 13651 13656 13655
g 의자_29
v -4.9100 0.4200 0.8000
v -4.9100 0.4400 0.8000
v -4.9100 0.4600 0.8000
v -4.9100 0.4800 0.8000
v -4.7700 0.4200 0.8000
v -4.7700 0.4400 0.8000
v -4.7700 0.4600 0.8000
v -4.7700 0.4800 0.8000
v -4.6300 0.4200 0.8000
v -4.6300 0.4400 0.8000
v -4.6300 0.4600 0.8000
v -4.6300 0.4800 0.8000
v -4.4900 0.4200 0.8000
v -4.4900 0.4400 0.8000
v -4.4900 0.4600 0.8000
v -4.4900 0.4800 0.8000
v -4.4900 0.4200 0.4000
v -4.4900 0.4400 0.4000
v -4.4900 0.4600 0.4000
v -4.4900 0.4800 0.4000
v -4.6300 0.4200 0.4000
v -4.6300 0.4400 0.4000
v -4.6300 0.4600 0.4000
v -4.6300 0.4800 0.4000
v -4.7700 0.4200 0.4000
v -4.7700 0.4400 0.4000
v -4.7700 0.4600 0.4000
v -4.7700 0.4800 0.4000
v -4.9100 0.4200 0.4000
v -4.9100 0.4400 0.4000
v -4.9100 0.4600 0.4000
v -4.9100 0.4800 0.4000
v -4.9100 0.4200 0.4000
v -4.9100 0.4400 0.4000
v -4.9100 0.4600 0.4000
v -4.9100 0.4800 0.4000
v -4.9100 0.4200 0.5333
v -4.9100 0.4400 0.5333
v -4.9100 0.4600 0.5333
v -4.9100 0.4800 0.5333
v -4.9100 0.4200 0.6667
v -4.9100 0.4400 0.6667
v -4.9100 0.4600 0.6667
v -4.9100 0.4800 0.6667
v -4.9100 0.4200 0.8000
v -4.9100 0.4400 0.8000
v -4.9100 0.4600 0.8000
v -4.9100 0.4800 0.8000
v -4.4900 0.4200 0.8000
v -4.4900 0.4400 0.8000
v -4.4900 0.4600 0.8000
v -4.4900 0.4800 0.8000
v -4.4900 0.4200 0.6667
v -4.4900 0.4400 0.6667
v -4.4900 0.4600 0.6667
v -4.4900 0.4800 0.6667
v -4.4900 0.4200 0.5333
v -4.4900 0.4400 0.5333
v -4.4900 0.4600 0.5333
v -4.4900 0.4800 0.5333
v -4.4900 0.4200 0.4000
v -4.4900 0.4400 0.4000
v -4.4900 0.4600 0.4000
v -4.4900 0.4800 0.4000
v -4.9100 0.4800 0.4000
v -4.9100 0.4800 0.5333
v -4.9100 0.4800 0.6667
v -4.9100 0.4800 0.8000
v -4.7700 0.4800 0.4000
v -4.7700 0.4800 0.5333
v -4.7700 0.4800 0.6667
v -4.7700 0.4800 0.8000
v -4.6300 0.4800 0.4000
v -4.6300 0.4800 0.5333
v -4.6300 0.4800 0.6667
v -4.6300 0.4800 0.8000
v -4.4900 0.4800 0.4000
v -4.4900 0.4800 0.5333
v -4.4900 0.4800 0.6667
v -4.4900 0.4800 0.8000
v -4.9100 0.4200 0.8000
v -4.9100 0.4200 0.6667
v -4.9100 0.4200 0.5333
v -4.9100 0.4200 0.4000
v -4.7700 0.4200 0.8000
v -4.7700 0.4200 0.6667
v -4.7700 0.4200 0.5333
v -4.7700 0.4200 0.4000
v -4.6300 0.4200 0.8000
v -4.6300 0.4200 0.6667
v -4.6300 0.4200 0.5333
v -4.6300 0.4200 0.4000
v -4.4900 0.4200 0.8000
v -4.4900 0.4200 0.6667
v -4.4900 0.4200 0.5333
v -4.4900 0.4200 0.4000
f 13657 13658 13662
f 13657 13662 13661
f 13658 13659 13663
f 13658 13663 13662
f 13659 13660 13664
f 13659 13664 13663
f 13661 13662 13666
f 13661 13666 13665
f 13662 13663 13667
f 13662 13667 13666
f 13663 13664 13668
f 13663 13668 13667
f 13665 13666 13670
f 13665 13670 13669
f 13666 13667 13671
f 13666 13671 13670
f 13667 13668 13672
f 13667 13672 13671
f 13673 13674 13678
f 13673 13678 13677
f 13674 13675 13679
f 13674 13679 13678
f 13675 13676 13680
f 13675 13680 13679
f 13677 13678 13682
f 13677 13682 13681
f 13678 13679 13683
f 13678 13683 13682
f 13679 13680 13684
f 13679 13684 13683
f 13681 13682 13686
f 13681 13686 13685
f 13682 13683 13687
f 13682 13687 13686
f 13683 13684 13688
f 13683 13688 13687
f 13689 13690 13694
f 13689 13694 13693
f 13690 13691 13695
f 13690 13695 13694
f 13691 13692 13696
f 13691 13696 13695
f 13693 13694 13698
f 13693 13698 13697
f 13694 13695 13699
f 13694 13699 13698
f 13695 13696 13700
f 13695 13700 13699
f 13697 13698 13702
f 13697 13702 13701
f 13698 13699 13703
f 13698 13703 13702
f 13699 13700 13704
f 13699 13704 13703
f 13705 13706 13710
f 13705 13710 13709
f 13706 13707 13711
f 13706 13711 13710
f 13707 13708 13712
f 13707 13712 13711
f 13709 13710 13714
f 13709 13714 13713
f 13710 13711 13715
f 13710 13715 13714
f 13711 13712 13716
f 13711 13716 13715
f 13713 13714 13718
f 13713 13718 13717
f 13714 13715 13719
f 13714 13719 13718
f 13715 13716 13720
f 13715 13720 13719
f 13721 13722 13726
f 13721 13726 13725
f 13722 13723 13727
f 13722 13727 13726
f 13723 13724 13728
f 13723 13728 13727
f 13725 13726 13730
f 13725 13730 13729
f 13726 13727 13731
f 13726 13731 13730
f 13727 13728 13732
f 13727 13732 13731
f 13729 13730 13734
f 13729 13734 13733
f 13730 13731 13735
f 13730 13735 13734
f 13731 13732 13736
f 13731 13736 13735
f 13737 13738 13742
f 13737 13742 13741
f 13738 13739 13743
f 13738 13743 13742
f 13739 13740 13744
f 13739 13744 13743
f 13741 13742 13746
f 13741 13746 13745
f 13742 13743 13747
f 13742 13747 13746
f 13743 13744 13748
f 13743 13748 13747
f 13745 13746 13750
f 13745 13750 13749
f 13746 13747 13751
f 13746 13751 13750
f 13747 13748 13752
f 13747 13752 13751
g 의자_30
v -3.0100 0.4200 -3.0000
v -3.0100 0.4400 -3.0000
v -3.0100 0.4600 -3.0000
v -3.0100 0.4800 -3.0000
v -2.8700 0.4200 -3.0000
v -2.8700 0.4400 -3.0000
v -2.8700 0.4600 -3.0000
v -2.8700 0.4800 -3.0000
v -2.7300 0.4200 -3.0000
v -2.7300 0.4400 -3.0000
v -2.7300 0.4600 -3.0000
v -2.7300 0.4800 -3.0000
v -2.5900 0.4200 -3.0000
v -2.5900 0.4400 -3.0000
v -2.5900 0.4600 -3.0000
v -2.5900 0.4800 -3.0000
v -2.5900 0.4200 -3.4000
v -2.5900 0.4400 -3.4000
v -2.5900 0.4600 -3.4000
v -2.5900 0.4800 -3.4000
v -2.7300 0.4200 -3.4000
v -2.7300 0.4400 -3.4000
v -2.7300 0.4600 -3.4000
v -2.7300 0.4800 -3.4000
v -2.8700 0.4200 -3.4000
v -2.8700 0.4400 -3.4000
v -2.8700 0.4600 -3.4000
v -2.8700 0.4800 -3.4000
v -3.0100 0.4200 -3.4000
v -3.0100 0.4400 -3.4000
v -3.0100 0.4600 -3.4000
v -3.0100 0.4800 -3.4000
v -3.0100 0.4200 -3.4000
v -3.0100 0.4400 -3.4000
v -3.0100 0.4600 -3.4000
v -3.0100 0.4800 -3.4000
v -3.0100 0.4200 -3.2667
v -3.0100 0.4400 -3.2667
v -3.0100 0.4600 -3.2667
v -3.0100 0.4800 -3.2667
v -3.0100 0.4200 -3.1333
v -3.0100 0.4400 -3.1333
v -3.0100 0.4600 -3.1333
v -3.0100 0.4800 -3.1333
v -3.0100 0.4200 -3.0000
v -3.0100 0.4400 -3.0000
v -3.0100 0.4600 -3.0000
v -3.0100 0.4800 -3.0000
v -2.5900 0.4200 -3.0000
v -2.5900 0.4400 -3.0000
v -2.5900 0.4600 -3.0000
v -2.5900 0.4800 -3.0000
v -2.5900 0.4200 -3.1333
v -2.5900 0.4400 -3.1333
v -2.5900 0.4600 -3.1333
v -2.5900 0.4800 -3.1333
v -2.5900 0.4200 -3.2667
v -2.5900 0.4400 -3.2667
v -2.5900 0.4600 -3.2667
v -2.5900 0.4800 -3.2667
v -2.5900 0.4200 -3.4000
v -2.5900 0.4400 -3.4000
v -2.5900 0.4600 -3.4000
v -2.5900 0.4800 -3.4000
v -3.0100 0.4800 -3.4000
v -3.0100 0.4800 -3.2667
v -3.0100 0.4800 -3.1333
v -3.0100 0.4800 -3.0000
v -2.8700 0.4800 -3.4000
v -2.8700 0.4800 -3.2667
v -2.8700 0.4800 -3.1333
v -2.8700 0.4800 -3.0000
v -2.7300 0.4800 -3.4000
v -2.7300 0.4800 -3.2667
v -2.7300 0.4800 -3.1333
v -2.7300 0.4800 -3.0000
v -2.5900 0.4800 -3.4000
v -2.5900 0.4800 -3.2667
v -2.5900 0.4800 -3.1333
v -2.5900 0.4800 -3.0000
v -3.0100 0.4200 -3.0000
v -3.0100 0.4200 -3.1333
v -3.0100 0.4200 -3.2667
v -3.0100 0.4200 -3.4000
v -2.8700 0.4200 -3.0000
v -2.8700 0.4200 -3.1333
v -2.8700 0.4200 -3.2667
v -2.8700 0.4200 -3.4000
v -2.7300 0.4200 -3.0000
v -2.7300 0.4200 -3.1333
v -2.7300 0.4200 -3.2667
v -2.7300 0.4200 -3.4000
v -2.5900 0.4200 -3.0000
v -2.5900 0.4200 -3.1333
v -2.5900 0.4200 -3.2667
v -2.5900 0.4200 -3.4000
f 13753 13754 13758
f 13753 13758 13757
f 13754 13755 13759
f 13754 13759 13758
f 13755 13756 13760
f 13755 13760 13759
f 13757 13758 13762
f 13757 13762 13761
f 13758 13759 13763
f 13758 13763 13762
f 13759 13760 13764
f 13759 13764 13763
f 13761 13762 13766
f 13761 13766 13765
f 13762 13763 13767
f 13762 13767 13766
f 13763 13764 13768
f 13763 13768 13767
f 13769 13770 13774
f 13769 13774 13773
f 13770 13771 13775
f 13770 13775 13774
f 13771 13772 13776
f 13771 13776 13775
f 13773 13774 13778
f 13773 13778 13777
f 13774 13775 13779
f 13774 13779 13778
f 13775 13776 13780
f 13775 13780 13779
f 13777 13778 13782
f 13777 13782 13781
f 13778 13779 13783
f 13778 13783 13782
f 13779 13780 13784
f 13779 13784 13783
f 13785 13786 13790
f 13785 13790 13789
f 13786 13787 13791
f 13786 13791 13790
f 13787 13788 13792
f 13787 13792 13791
f 13789 13790 13794
f 13789 13794 13793
f 13790 13791 13795
f 13790 13795 13794
f 13791 13792 13796
f 13791 13796 13795
f 13793 13794 13798
f 13793 13798 13797
f 13794 13795 13799
f 13794 13799 13798
f 13795 13796 13800
f 13795 13800 13799
f 13801 13802 13806
f 13801 13806 13805
f 13802 13803 13807
f 13802 13807 13806
f 13803 13804 13808
f 13803 13808 13807
f 13805 13806 13810
f 13805 13810 13809
f 13806 13807 13811
f 13806 13811 13810
f 13807 13808 13812
f 13807 13812 13811
f 13809 13810 13814
f 13809 13814 13813
f 13810 13811 13815
f 13810 13815 13814
f 13811 13812 13816
f 13811 13816 13815
f 13817 13818 13822
f 13817 13822 13821
f 13818 13819 13823
f 13818 13823 13822
f 13819 13820 13824
f 13819 13824 13823
f 13821 13822 13826
f 13821 13826 13825
f 13822 13823 13827
f 13822 13827 13826
f 13823 13824 13828
f 13823 13828 13827
f 13825 13826 13830
f 13825 13830 13829
f 13826 13827 13831
f 13826 13831 13830
f 13827 13828 13832
f 13827 13832 13831
f 13833 13834 13838
f 13833 13838 13837
f 13834 13835 13839
f 13834 13839 13838
f 13835 13836 13840
f 13835 13840 13839
f 13837 13838 13842
f 13837 13842 13841
f 13838 13839 13843
f 13838 13843 13842
f 13839 13840 13844
f 13839 13844 13843
f 13841 13842 13846
f 13841 13846 13845
f 13842 13843 13847
f 13842 13847 13846
f 13843 13844 13848
f 13843 13848 13847
g 의자_31
v -3.0100 0.4200 -1.1000
v -3.0100 0.4400 -1.1000
v -3.0100 0.4600 -1.1000
v -3.0100 0.4800 -1.1000
v -2.8700 0.4200 -1.1000
v -2.8700 0.4400 -1.1000
v -2.8700 0.4600 -1.1000
v -2.8700 0.4800 -1.1000
v -2.7300 0.4200 -1.1000
v -2.7300 0.4400 -1.1000
v -2.7300 0.4600 -1.1000
v -2.7300 0.4800 -1.1000
v -2.5900 0.4200 -1.1000
v -2.5900 0.4400 -1.1000
v -2.5900 0.4600 -1.1000
v -2.5900 0.4800 -1.1000
v -2.5900 0.4200 -1.5000
v -2.5900 0.4400 -1.5000
v -2.5900 0.4600 -1.5000
v -2.5900 0.4800 -1.5000
v -2.7300 0.4200 -1.5000
v -2.7300 0.4400 -1.5000
v -2.7300 0.4600 -1.5000
v -2.7300 0.4800 -1.5000
v -2.8700 0.4200 -1.5000
v -2.8700 0.4400 -1.5000
v -2.8700 0.4600 -1.5000
v -2.8700 0.4800 -1.5000
v -3.0100 0.4200 -1.5000
v -3.0100 0.4400 -1.5000
v -3.0100 0.4600 -1.5000
v -3.0100 0.4800 -1.5000
v -3.0100 0.4200 -1.5000
v -3.0100 0.4400 -1.5000
v -3.0100 0.4600 -1.5000
v -3.0100 0.4800 -1.5000
v -3.0100 0.4200 -1.3667
v -3.0100 0.4400 -1.3667
v -3.0100 0.4600 -1.3667
v -3.0100 0.4800 -1.3667
v -3.0100 0.4200 -1.2333
v -3.0100 0.4400 -1.2333
v -3.0100 0.4600 -1.2333
v -3.0100 0.4800 -1.2333
v -3.0100 0.4200 -1.1000
v -3.0100 0.4400 -1.1000
v -3.0100 0.4600 -1.1000
v -3.0100 0.4800 -1.1000
v -2.5900 0.4200 -1.1000
v -2.5900 0.4400 -1.1000
v -2.5900 0.4600 -1.1000
v -2.5900 0.4800 -1.1000
v -2.5900 0.4200 -1.2333
v -2.5900 0.4400 -1.2333
v -2.5900 0.4600 -1.2333
v -2.5900 0.4800 -1.2333
v -2.5900 0.4200 -1.3667
v -2.5900 0.4400 -1.3667
v -2.5900 0.4600 -1.3667
v -2.5900 0.4800 -1.3667
v -2.5900 0.4200 -1.5000
v -2.5900 0.4400 -1.5000
v -2.5900 0.4600 -1.5000
v -2.5900 0.4800 -1.5000
v -3.0100 0.4800 -1.5000
v -3.0100 0.4800 -1.3667
v -3.0100 0.4800 -1.2333
v -3.0100 0.4800 -1.1000
v -2.8700 0.4800 -1.5000
v -2.8700 0.4800 -1.3667
v -2.8700 0.4800 -1.2333
v -2.8700 0.4800 -1.1000
v -2.7300 0.4800 -1.5000
v -2.7300 0.4800 -1.3667
v -2.7300 0.4800 -1.2333
v -2.7300 0.4800 -1.1000
v -2.5900 0.4800 -1.5000
v -2.5900 0.4800 -1.3667
v -2.5900 0.4800 -1.2333
v -2.5900 0.4800 -1.1000
v -3.0100 0.4200 -1.1000
v -3.0100 0.4200 -1.2333
v -3.0100 0.4200 -1.3667
v -3.0100 0.4200 -1.5000
v -2.8700 0.4200 -1.1000
v -2.8700 0.4200 -1.2333
v -2.8700 0.4200 -1.3667
v -2.8700 0.4200 -1.5000
v -2.7300 0.4200 -1.1000
v -2.7300 0.4200 -1.2333
v -2.7300 0.4200 -1.3667
v -2.7300 0.4200 -1.5000
v -2.5900 0.4200 -1.1000
v -2.5900 0.4200 -1.2333
v -2.5900 0.4200 -1.3667
v -2.5900 0.4200 -1.5000
f 13849 13850 13854
f 13849 13854 13853
f 13850 13851 13855
f 13850 13855 13854
f 13851 13852 13856
f 13851 13856 13855
f 13853 13854 13858
f 13853 13858 13857
f 13854 13855 13859
f 13854 13859 13858
f 13855 13856 13860
f 13855 13860 13859
f 13857 13858 13862
f 13857 13862 13861
f 13858 13859 13863
f 13858 13863 13862
f 13859 13860 13864
f 13859 13864 13863
f 13865 13866 13870
f 13865 13870 13869
f 13866 13867 13871
f 13866 13871 13870
f 13867 13868 13872
f 13867 13872 13871
f 13869 13870 13874
f 13869 13874 13873
f 13870 13871 13875
f 13870 13875 13874
f 13871 13872 13876
f 13871 13876 13875
f 13873 13874 13878
f 13873 13878 13877
f 13874 13875 13879
f 13874 13879 13878
f 13875 13876 13880
f 13875 13880 13879
f 13881 13882 13886
f 13881 13886 13885
f 13882 13883 13887
f 13882 13887 13886
f 13883 13884 13888
f 13883 13888 13887
f 13885 13886 13890
f 13885 13890 13889
f 13886 13887 13891
f 13886 13891 13890
f 13887 13888 13892
f 13887 13892 13891
f 13889 13890 13894
f 13889 13894 13893
f 13890 13891 13895
f 13890 13895 13894
f 13891 13892 13896
f 13891 13896 13895
f 13897 13898 13902
f 13897 13902 13901
f 13898 13899 13903
f 13898 13903 13902
f 13899 13900 13904
f 13899 13904 13903
f 13901 13902 13906
f 13901 13906 13905
f 13902 13903 13907
f 13902 13907 13906
f 13903 13904 13908
f 13903 13908 13907
f 13905 13906 13910
f 13905 13910 13909
f 13906 13907 13911
f 13906 13911 13910
f 13907 13908 13912
f 13907 13912 13911
f 13913 13914 13918
f 13913 13918 13917
f 13914 13915 13919
f 13914 13919 13918
f 13915 13916 13920
f 13915 13920 13919
f 13917 13918 13922
f 13917 13922 13921
f 13918 13919 13923
f 13918 13923 13922
f 13919 13920 13924
f 13919 13924 13923
f 13921 13922 13926
f 13921 13926 13925
f 13922 13923 13927
f 13922 13927 13926
f 13923 13924 13928
f 13923 13928 13927
f 13929 13930 13934
f 13929 13934 13933
f 13930 13931 13935
f 13930 13935 13934
f 13931 13932 13936
f 13931 13936 13935
f 13933 13934 13938
f 13933 13938 13937
f 13934 13935 13939
f 13934 13939 13938
f 13935 13936 13940
f 13935 13940 13939
f 13937 13938 13942
f 13937 13942 13941
f 13938 13939 13943
f 13938 13943 13942
f 13939 13940 13944
f 13939 13944 13943
g 의자_32
v -3.0100 0.4200 0.8000
v -3.0100 0.4400 0.8000
v -3.0100 0.4600 0.8000
v -3.0100 0.4800 0.8000
v -2.8700 0.4200 0.8000
v -2.8700 0.4400 0.8000
v -2.8700 0.4600 0.8000
v -2.8700 0.4800 0.8000
v -2.7300 0.4200 0.8000
v -2.7300 0.4400 0.8000
v -2.7300 0.4600 0.8000
v -2.7300 0.4800 0.8000
v -2.5900 0.4200 0.8000
v -2.5900 0.4400 0.8000
v -2.5900 0.4600 0.8000
v -2.5900 0.4800 0.8000
v -2.5900 0.4200 0.4000
v -2.5900 0.4400 0.4000
v -2.5900 0.4600 0.4000
v -2.5900 0.4800 0.4000
v -2.7300 0.4200 0.4000
v -2.7300 0.4400 0.4000
v -2.7300 0.4600 0.4000
v -2.7300 0.4800 0.4000
v -2.8700 0.4200 0.4000
v -2.8700 0.4400 0.4000
v -2.8700 0.4600 0.4000
v -2.8700 0.4800 0.4000
v -3.0100 0.4200 0.4000
v -3.0100 0.4400 0.4000
v -3.0100 0.4600 0.4000
v -3.0100 0.4800 0.4000
v -3.0100 0.4200 0.4000
v -3.0100 0.4400 0.4000
v -3.0100 0.4600 0.4000
v -3.0100 0.4800 0.4000
v -3.0100 0.4200 0.5333
v -3.0100 0.4400 0.5333
v -3.0100 0.4600 0.5333
v -3.0100 0.4800 0.5333
v -3.0100 0.4200 0.6667
v -3.0100 0.4400 0.6667
v -3.0100 0.4600 0.6667
v -3.0100 0.4800 0.6667
v -3.0100 0.4200 0.8000
v -3.0100 0.4400 0.8000
v -3.0100 0.4600 0.8000
v -3.0100 0.4800 0.8000
v -2.5900 0.4200 0.8000
v -2.5900 0.4400 0.8000
v -2.5900 0.4600 0.8000
v -2.5900 0.4800 0.8000
v -2.5900 0.4200 0.6667
v -2.5900 0.4400 0.6667
v -2.5900 0.4600 0.6667
v -2.5900 0.4800 0.6667
v -2.5900 0.4200 0.5333
v -2.5900 0.4400 0.5333
v -2.5900 0.4600 0.5333
v -2.5900 0.4800 0.5333
v -2.5900 0.4200 0.4000
v -2.5900 0.4400 0.4000
v -2.5900 0.4600 0.4000
v -2.5900 0.4800 0.4000
v -3.0100 0.4800 0.4000
v -3.0100 0.4800 0.5333
v -3.0100 0.4800 0.6667
v -3.0100 0.4800 0.8000
v -2.8700 0.4800 0.4000
v -2.8700 0.4800 0.5333
v -2.8700 0.4800 0.6667
v -2.8700 0.4800 0.8000
v -2.7300 0.4800 0.4000
v -2.7300 0.4800 0.5333
v -2.7300 0.4800 0.6667
v -2.7300 0.4800 0.8000
v -2.5900 0.4800 0.4000
v -2.5900 0.4800 0.5333
v -2.5900 0.4800 0.6667
v -2.5900 0.4800 0.8000
v -3.0100 0.4200 0.8000
v -3.0100 0.4200 0.6667
v -3.0100 0.4200 0.5333
v -3.0100 0.4200 0.4000
v -2.8700 0.4200 0.8000
v -2.8700 0.4200 0.6667
v -2.8700 0.4200 0.5333
v -2.8700 0.4200 0.4000
v -2.7300 0.4200 0.8000
v -2.7300 0.4200 0.6667
v -2.7300 0.4200 0.5333
v -2.7300 0.4200 0.4000
v -2.5900 0.4200 0.8000
v -2.5900 0.4200 0.6667
v -2.5900 0.4200 0.5333
v -2.5900 0.4200 0.4000
f 13945 13946 13950
f 13945 13950 13949
f 13946 13947 13951
f 13946 13951 13950
f 13947 13948 13952
f 13947 13952 13951
f 13949 13950 13954
f 13949 13954 13953
f 13950 13951 13955
f 13950 13955 13954
f 13951 13952 13956
f 13951 13956 13955
f 13953 13954 13958
f 13953 13958 13957
f 13954 13955 13959
f 13954 13959 13958
f 13955 13956 13960
f 13955 13960 13959
f 13961 13962 13966
f 13961 13966 13965
f 13962 13963 13967
f 13962 13967 13966
f 13963 13964 13968
f 13963 13968 13967
f 13965 13966 13970
f 13965 13970 13969
f 13966 13967 13971
f 13966 13971 13970
f 13967 13968 13972
f 13967 13972 13971
f 13969 13970 13974
f 13969 13974 13973
f 13970 13971 13975
f 13970 13975 13974
f 13971 13972 13976
f 13971 13976 13975
f 13977 13978 13982
f 13977 13982 13981
f 13978 13979 13983
f 13978 13983 13982
f 13979 13980 13984
f 13979 13984 13983
f 13981 13982 13986
f 13981 13986 13985
f 13982 13983 13987
f 13982 13987 13986
f 13983 13984 13988
f 13983 13988 13987
f 13985 13986 13990
f 13985 13990 13989
f 13986 13987 13991
f 13986 13991 13990
f 13987 13988 13992
f 13987 13992 13991
f 13993 13994 13998
f 13993 13998 13997
f 13994 13995 13999
f 13994 13999 13998
f 13995 13996 14000
f 13995 14000 13999
f 13997 13998 14002
f 13997 14002 14001
f 13998 13999 14003
f 13998 14003 14002
f 13999 14000 14004
f 13999 14004 14003
f 14001 14002 14006
f 14001 14006 14005
f 14002 14003 14007
f 14002 14007 14006
f 14003 14004 14008
f 14003 14008 14007
f 14009 14010 14014
f 14009 14014 14013
f 14010 14011 14015
f 14010 14015 14014
f 14011 14012 14016
f 14011 14016 14015
f 14013 14014 14018
f 14013 14018 14017
f 14014 14015 14019
f 14014 14019 14018
f 14015 14016 14020
f 14015 14020 14019
f 14017 14018 14022
f 14017 14022 14021
f 14018 14019 14023
f 14018 14023 14022
f 14019 14020 14024
f 14019 14024 14023
f 14025 14026 14030
f 14025 14030 14029
f 14026 14027 14031
f 14026 14031 14030
f 14027 14028 14032
f 14027 14032 14031
f 14029 14030 14034
f 14029 14034 14033
f 14030 14031 14035
f 14030 14035 14034
f 14031 14032 14036
f 14031 14036 14035
f 14033 14034 14038
f 14033 14038 14037
f 14034 14035 14039
f 14034 14039 14038
f 14035 14036 14040
f 14035 14040 14039
g 의자_33
v -1.1100 0.4200 -3.0000
v -1.1100 0.4400 -3.0000
v -1.1100 0.4600 -3.0000
v -1.1100 0.4800 -3.0000
v -0.9700 0.4200 -3.0000
v -0.9700 0.4400 -3.0000
v -0.9700 0.4600 -3.0000
v -0.9700 0.4800 -3.0000
v -0.8300 0.4200 -3.0000
v -0.8300 0.4400 -3.0000
v -0.8300 0.4600 -3.0000
v -0.8300 0.4800 -3.0000
v -0.6900 0.4200 -3.0000
v -0.6900 0.4400 -3.0000
v -0.6900 0.4600 -3.0000
v -0.6900 0.4800 -3.0000
v -0.6900 0.4200 -3.4000
v -0.6900 0.4400 -3.4000
v -0.6900 0.4600 -3.4000
v -0.6900 0.4800 -3.4000
v -0.8300 0.4200 -3.4000
v -0.8300 0.4400 -3.4000
v -0.8300 0.4600 -3.4000
v -0.8300 0.4800 -3.4000
v -0.9700 0.4200 -3.4000
v -0.9700 0.4400 -3.4000
v -0.9700 0.4600 -3.4000
v -0.9700 0.4800 -3.4000
v -1.1100 0.4200 -3.4000
v -1.1100 0.4400 -3.4000
v -1.1100 0.4600 -3.4000
v -1.1100 0.4800 -3.4000
v -1.1100 0.4200 -3.4000
v -1.1100 0.4400 -3.4000
v -1.1100 0.4600 -3.4000
v -1.1100 0.4800 -3.4000
v -1.1100 0.4200 -3.2667
v -1.1100 0.4400 -3.2667
v -1.1100 0.4600 -3.2667
v -1.1100 0.4800 -3.2667
v -1.1100 0.4200 -3.1333
v -1.1100 0.4400 -3.1333
v -1.1100 0.4600 -3.1333
v -1.1100 0.4800 -3.1333
v -1.1100 0.4200 -3.0000
v -1.1100 0.4400 -3.0000
v -1.1100 0.4600 -3.0000
v -1.1100 0.4800 -3.0000
v -0.6900 0.4200 -3.0000
v -0.6900 0.4400 -3.0000
v -0.6900 0.4600 -3.0000
v -0.6900 0.4800 -3.0000
v -0.6900 0.4200 -3.1333
v -0.6900 0.4400 -3.1333
v -0.6900 0.4600 -3.1333
v -0.6900 0.4800 -3.1333
v -0.6900 0.4200 -3.2667
v -0.6900 0.4400 -3.2667
v -0.6900 0.4600 -3.2667
v -0.6900 0.4800 -3.2667
v -0.6900 0.4200 -3.4000
v -0.6900 0.4400 -3.4000
v -0.6900 0.4600 -3.4000
v -0.6900 0.4800 -3.4000
v -1.1100 0.4800 -3.4000
v -1.1100 0.4800 -3.2667
v -1.1100 0.4800 -3.1333
v -1.1100 0.4800 -3.0000
v -0.9700 0.4800 -3.4000
v -0.9700 0.4800 -3.2667
v -0.9700 0.4800 -3.1333
v -0.9700 0.4800 -3.0000
v -0.8300 0.4800 -3.4000
v -0.8300 0.4800 -3.2667
v -0.8300 0.4800 -3.1333
v -0.8300 0.4800 -3.0000
v -0.6900 0.4800 -3.4000
v -0.6900 0.4800 -3.2667
v -0.6900 0.4800 -3.1333
v -0.6900 0.4800 -3.0000
v -1.1100 0.4200 -3.0000
v -1.1100 0.4200 -3.1333
v -1.1100 0.4200 -3.2667
v -1.1100 0.4200 -3.4000
v -0.9700 0.4200 -3.0000
v -0.9700 0.4200 -3.1333
v -0.9700 0.4200 -3.2667
v -0.9700 0.4200 -3.4000
v -0.8300 0.4200 -3.0000
v -0.8300 0.4200 -3.1333
v -0.8300 0.4200 -3.2667
v -0.8300 0.4200 -3.4000
v -0.6900 0.4200 -3.0000
v -0.6900 0.4200 -3.1333
v -0.6900 0.4200 -3.2667
v -0.6900 0.4200 -3.4000
f 14041 14042 14046
f 14041 14046 14045
f 14042 14043 14047
f 14042 14047 14046
f 14043 14044 14048
f 14043 14048 14047
f 14045 14046 14050
f 14045 14050 14049
f 14046 14047 14051
f 14046 14051 14050
f 14047 14048 14052
f 14047 14052 14051
f 14049 14050 14054
f 14049 14054 14053
f 14050 14051 14055
f 14050 14055 14054
f 14051 14052 14056
f 14051 14056 14055
f 14057 14058 14062
f 14057 14062 14061
f 14058 14059 14063
f 14058 14063 14062
f 14059 14060 14064
f 14059 14064 14063
f 14061 14062 14066
f 14061 14066 14065
f 14062 14063 14067
f 14062 14067 14066
f 14063 14064 14068
f 14063 14068 14067
f 14065 14066 14070
f 14065 14070 14069
f 14066 14067 14071
f 14066 14071 14070
f 14067 14068 14072
f 14067 14072 14071
f 14073 14074 14078
f 14073 14078 14077
f 14074 14075 14079
f 14074 14079 14078
f 14075 14076 14080
f 14075 14080 14079
f 14077 14078 14082
f 14077 14082 14081
f 14078 14079 14083
f 14078 14083 14082
f 14079 14080 14084
f 14079 14084 14083
f 14081 14082 14086
f 14081 14086 14085
f 14082 14083 14087
f 14082 14087 14086
f 14083 14084 14088
f 14083 14088 14087
f 14089 14090 14094
f 14089 14094 14093
f 14090 14091 14095
f 14090 14095 14094
f 14091 14092 14096
f 14091 14096 14095
f 14093 14094 14098
f 14093 14098 14097
f 14094 14095 14099
f 14094 14099 14098
f 14095 14096 14100
f 14095 14100 14099
f 14097 14098 14102
f 14097 14102 14101
f 14098 14099 14103
f 14098 14103 14102
f 14099 14100 14104
f 14099 14104 14103
f 14105 14106 14110
f 14105 14110 14109
f 14106 14107 14111
f 14106 14111 14110
f 14107 14108 14112
f 14107 14112 14111
f 14109 14110 14114
f 14109 14114 14113
f 14110 14111 14115
f 14110 14115 14114
f 14111 14112 14116
f 14111 14116 14115
f 14113 14114 14118
f 14113 14118 14117
f 14114 14115 14119
f 14114 14119 14118
f 14115 14116 14120
f 14115 14120 14119
f 14121 14122 14126
f 14121 14126 14125
f 14122 14123 14127
f 14122 14127 14126
f 14123 14124 14128
f 14123 14128 14127
f 14125 14126 14130
f 14125 14130 14129
f 14126 14127 14131
f 14126 14131 14130
f 14127 14128 14132
f 14127 14132 14131
f 14129 14130 14134
f 14129 14134 14133
f 14130 14131 14135
f 14130 14135 14134
f 14131 14132 14136
f 14131 14136 14135
g 의자_34
v -1.1100 0.4200 -1.1000
v -1.1100 0.4400 -1.1000
v -1.1100 0.4600 -1.1000
v -1.1100 0.4800 -1.1000
v -0.9700 0.4200 -1.1000
v -0.9700 0.4400 -1.1000
v -0.9700 0.4600 -1.1000
v -0.9700 0.4800 -1.1000
v -0.8300 0.4200 -1.1000
v -0.8300 0.4400 -1.1000
v -0.8300 0.4600 -1.1000
v -0.8300 0.4800 -1.1000
v -0.6900 0.4200 -1.1000
v -0.6900 0.4400 -1.1000
v -0.6900 0.4600 -1.1000
v -0.6900 0.4800 -1.1000
v -0.6900 0.4200 -1.5000
v -0.6900 0.4400 -1.5000
v -0.6900 0.4600 -1.5000
v -0.6900 0.4800 -1.5000
v -0.8300 0.4200 -1.5000
v -0.8300 0.4400 -1.5000
v -0.8300 0.4600 -1.5000
v -0.8300 0.4800 -1.5000
v -0.9700 0.4200 -1.5000
v -0.9700 0.4400 -1.5000
v -0.9700 0.4600 -1.5000
v -0.9700 0.4800 -1.5000
v -1.1100 0.4200 -1.5000
v -1.1100 0.4400 -1.5000
v -1.1100 0.4600 -1.5000
v -1.1100 0.4800 -1.5000
v -1.1100 0.4200 -1.5000
v -1.1100 0.4400 -1.5000
v -1.1100 0.4600 -1.5000
v -1.1100 0.4800 -1.5000
v -1.1100 0.4200 -1.3667
v -1.1100 0.4400 -1.3667
v -1.1100 0.4600 -1.3667
v -1.1100 0.4800 -1.3667
v -1.1100 0.4200 -1.2333
v -1.1100 0.4400 -1.2333
v -1.1100 0.4600 -1.2333
v -1.1100 0.4800 -1.2333
v -1.1100 0.4200 -1.1000
v -1.1100 0.4400 -1.1000
v -1.1100 0.4600 -1.1000
v -1.1100 0.4800 -1.1000
v -0.6900 0.4200 -1.1000
v -0.6900 0.4400 -1.1000
v -0.6900 0.4600 -1.1000
v -0.6900 0.4800 -1.1000
v -0.6900 0.4200 -1.2333
v -0.6900 0.4400 -1.2333
v -0.6900 0.4600 -1.2333
v -0.6900 0.4800 -1.2333
v -0.6900 0.4200 -1.3667
v -0.6900 0.4400 -1.3667
v -0.6900 0.4600 -1.3667
v -0.6900 0.4800 -1.3667
v -0.6900 0.4200 -1.5000
v -0.6900 0.4400 -1.5000
v -0.6900 0.4600 -1.5000
v -0.6900 0.4800 -1.5000
v -1.1100 0.4800 -1.5000
v -1.1100 0.4800 -1.3667
v -1.1100 0.4800 -1.2333
v -1.1100 0.4800 -1.1000
v -0.9700 0.4800 -1.5000
v -0.9700 0.4800 -1.3667
v -0.9700 0.4800 -1.2333
v -0.9700 0.4800 -1.1000
v -0.8300 0.4800 -1.5000
v -0.8300 0.4800 -1.3667
v -0.8300 0.4800 -1.2333
v -0.8300 0.4800 -1.1000
v -0.6900 0.4800 -1.5000
v -0.6900 0.4800 -1.3667
v -0.6900 0.4800 -1.2333
v -0.6900 0.4800 -1.1000
v -1.1100 0.4200 -1.1000
v -1.1100 0.4200 -1.2333
v -1.1100 0.4200 -1.3667
v -1.1100 0.4200 -1.5000
v -0.9700 0.4200 -1.1000
v -0.9700 0.4200 -1.2333
v -0.9700 0.4200 -1.3667
v -0.9700 0.4200 -1.5000
v -0.8300 0.4200 -1.1000
v -0.8300 0.4200 -1.2333
v -0.8300 0.4200 -1.3667
v -0.8300 0.4200 -1.5000
v -0.6900 0.4200 -1.1000
v -0.6900 0.4200 -1.2333
v -0.6900 0.4200 -1.3667
v -0.6900 0.4200 -1.5000
f 14137 14138 14142
f 14137 14142 14141
f 14138 14139 14143
f 14138 14143 14142
f 14139 14140 14144
f 14139 14144 14143
f 14141 14142 14146
f 14141 14146 14145
f 14142 14143 14147
f 14142 14147 14146
f 14143 14144 14148
f 14143 14148 14147
f 14145 14146 14150
f 14145 14150 14149
f 14146 14147 14151
f 14146 14151 14150
f 14147 14148 14152
f 14147 14152 14151
f 14153 14154 14158
f 14153 14158 14157
f 14154 14155 14159
f 14154 14159 14158
f 14155 14156 14160
f 14155 14160 14159
f 14157 14158 14162
f 14157 14162 14161
f 14158 14159 14163
f 14158 14163 14162
f 14159 14160 14164
f 14159 14164 14163
f 14161 14162 14166
f 14161 14166 14165
f 14162 14163 14167
f 14162 14167 14166
f 14163 14164 14168
f 14163 14168 14167
f 14169 14170 14174
f 14169 14174 14173
f 14170 14171 14175
f 14170 14175 14174
f 14171 14172 14176
f 14171 14176 14175
f 14173 14174 14178
f 14173 14178 14177
f 14174 14175 14179
f 14174 14179 14178
f 14175 14176 14180
f 14175 14180 14179
f 14177 14178 14182
f 14177 14182 14181
f 14178 14179 14183
f 14178 14183 14182
f 14179 14180 14184
f 14179 14184 14183
f 14185 14186 14190
f 14185 14190 14189
f 14186 14187 14191
f 14186 14191 14190
f 14187 14188 14192
f 14187 14192 14191
f 14189 14190 14194
f 14189 14194 14193
f 14190 14191 14195
f 14190 14195 14194
f 14191 14192 14196
f 14191 14196 14195
f 14193 14194 14198
f 14193 14198 14197
f 14194 14195 14199
f 14194 14199 14198
f 14195 14196 14200
f 14195 14200 14199
f 14201 14202 14206
f 14201 14206 14205
f 14202 14203 14207
f 14202 14207 14206
f 14203 14204 14208
f 14203 14208 14207
f 14205 14206 14210
f 14205 14210 14209
f 14206 14207 14211
f 14206 14211 14210
f 14207 14208 14212
f 14207 14212 14211
f 14209 14210 14214
f 14209 14214 14213
f 14210 14211 14215
f 14210 14215 14214
f 14211 14212 14216
f 14211 14216 14215
f 14217 14218 14222
f 14217 14222 14221
f 14218 14219 14223
f 14218 14223 14222
f 14219 14220 14224
f 14219 14224 14223
f 14221 14222 14226
f 14221 14226 14225
f 14222 14223 14227
f 14222 14227 14226
f 14223 14224 14228
f 14223 14228 14227
f 14225 14226 14230
f 14225 14230 14229
f 14226 14227 14231
f 14226 14231 14230
f 14227 14228 14232
f 14227 14232 14231
g 의자_35
v -1.1100 0.4200 0.8000
v -1.1100 0.4400 0.8000
v -1.1100 0.4600 0.8000
v -1.1100 0.4800 0.8000
v -0.9700 0.4200 0.8000
v -0.9700 0.4400 0.8000
v -0.9700 0.4600 0.8000
v -0.9700 0.4800 0.8000
v -0.8300 0.4200 0.8000
v -0.8300 0.4400 0.8000
v -0.8300 0.4600 0.8000
v -0.8300 0.4800 0.8000
v -0.6900 0.4200 0.8000
v -0.6900 0.4400 0.8000
v -0.6900 0.4600 0.8000
v -0.6900 0.4800 0.8000
v -0.6900 0.4200 0.4000
v -0.6900 0.4400 0.4000
v -0.6900 0.4600 0.4000
v -0.6900 0.4800 0.4000
v -0.8300 0.4200 0.4000
v -0.8300 0.4400 0.4000
v -0.8300 0.4600 0.4000
v -0.8300 0.4800 0.4000
v -0.9700 0.4200 0.4000
v -0.9700 0.4400 0.4000
v -0.9700 0.4600 0.4000
v -0.9700 0.4800 0.4000
v -1.1100 0.4200 0.4000
v -1.1100 0.4400 0.4000
v -1.1100 0.4600 0.4000
v -1.1100 0.4800 0.4000
v -1.1100 0.4200 0.4000
v -1.1100 0.4400 0.4000
v -1.1100 0.4600 0.4000
v -1.1100 0.4800 0.4000
v -1.1100 0.4200 0.5333
v -1.1100 0.4400 0.5333
v -1.1100 0.4600 0.5333
v -1.1100 0.4800 0.5333
v -1.1100 0.4200 0.6667
v -1.1100 0.4400 0.6667
v -1.1100 0.4600 0.6667
v -1.1100 0.4800 0.6667
v -1.1100 0.4200 0.8000
v -1.1100 0.4400 0.8000
v -1.1100 0.4600 0.8000
v -1.1100 0.4800 0.8000
v -0.6900 0.4200 0.8000
v -0.6900 0.4400 0.8000
v -0.6900 0.4600 0.8000
v -0.6900 0.4800 0.8000
v -0.6900 0.4200 0.6667
v -0.6900 0.4400 0.6667
v -0.6900 0.4600 0.6667
v -0.6900 0.4800 0.6667
v -0.6900 0.4200 0.5333
v -0.6900 0.4400 0.5333
v -0.6900 0.4600 0.5333
v -0.6900 0.4800 0.5333
v -0.6900 0.4200 0.4000
v -0.6900 0.4400 0.4000
v -0.6900 0.4600 0.4000
v -0.6900 0.4800 0.4000
v -1.1100 0.4800 0.4000
v -1.1100 0.4800 0.5333
v -1.1100 0.4800 0.6667
v -1.1100 0.4800 0.8000
v -0.9700 0.4800 0.4000
v -0.9700 0.4800 0.5333
v -0.9700 0.4800 0.6667
v -0.9700 0.4800 0.8000
v -0.8300 0.4800 0.4000
v -0.8300 0.4800 0.5333
v -0.8300 0.4800 0.6667
v -0.8300 0.4800 0.8000
v -0.6900 0.4800 0.4000
v -0.6900 0.4800 0.5333
v -0.6900 0.4800 0.6667
v -0.6900 0.4800 0.8000
v -1.1100 0.4200 0.8000
v -1.1100 0.4200 0.6667
v -1.1100 0.4200 0.5333
v -1.1100 0.4200 0.4000
v -0.9700 0.4200 0.8000
v -0.9700 0.4200 0.6667
v -0.9700 0.4200 0.5333
v -0.9700 0.4200 0.4000
v -0.8300 0.4200 0.8000
v -0.8300 0.4200 0.6667
v -0.8300 0.4200 0.5333
v -0.8300 0.4200 0.4000
v -0.6900 0.4200 0.8000
v -0.6900 0.4200 0.6667
v -0.6900 0.4200 0.5333
v -0.6900 0.4200 0.4000
f 14233 14234 14238
f 14233 14238 14237
f 14234 14235 14239
f 14234 14239 14238
f 14235 14236 14240
f 14235 14240 14239
f 14237 14238 14242
f 14237 14242 14241
f 14238 14239 14243
f 14238 14243 14242
f 14239 14240 14244
f 14239 14244 14243
f 14241 14242 14246
f 14241 14246 14245
f 14242 14243 14247
f 14242 14247 14246
f 14243 14244 14248
f 14243 14248 14247
f 14249 14250 14254
f 14249 14254 14253
f 14250 14251 14255
f 14250 14255 14254
f 14251 14252 14256
f 14251 14256 14255
f 14253 14254 14258
f 14253 14258 14257
f 14254 14255 14259
f 14254 14259 14258
f 14255 14256 14260
f 14255 14260 14259
f 14257 14258 14262
f 14257 14262 14261
f 14258 14259 14263
f 14258 14263 14262
f 14259 14260 14264
f 14259 14264 14263
f 14265 14266 14270
f 14265 14270 14269
f 14266 14267 14271
f 14266 14271 14270
f 14267 14268 14272
f 14267 14272 14271
f 14269 14270 14274
f 14269 14274 14273
f 14270 14271 14275
f 14270 14275 14274
f 14271 14272 14276
f 14271 14276 14275
f 14273 14274 14278
f 14273 14278 14277
f 14274 14275 14279
f 14274 14279 14278
f 14275 14276 14280
f 14275 14280 14279
f 14281 14282 14286
f 14281 14286 14285
f 14282 14283 14287
f 14282 14287 14286
f 14283 14284 14288
f 14283 14288 14287
f 14285 14286 14290
f 14285 14290 14289
f 14286 14287 14291
f 14286 14291 14290
f 14287 14288 14292
f 14287 14292 14291
f 14289 14290 14294
f 14289 14294 14293
f 14290 14291 14295
f 14290 14295 14294
f 14291 14292 14296
f 14291 14296 14295
f 14297 14298 14302
f 14297 14302 14301
f 14298 14299 14303
f 14298 14303 14302
f 14299 14300 14304
f 14299 14304 14303
f 14301 14302 14306
f 14301 14306 14305
f 14302 14303 14307
f 14302 14307 14306
f 14303 14304 14308
f 14303 14308 14307
f 14305 14306 14310
f 14305 14310 14309
f 14306 14307 14311
f 14306 14311 14310
f 14307 14308 14312
f 14307 14312 14311
f 14313 14314 14318
f 14313 14318 14317
f 14314 14315 14319
f 14314 14319 14318
f 14315 14316 14320
f 14315 14320 14319
f 14317 14318 14322
f 14317 14322 14321
f 14318 14319 14323
f 14318 14323 14322
f 14319 14320 14324
f 14319 14324 14323
f 14321 14322 14326
f 14321 14326 14325
f 14322 14323 14327
f 14322 14327 14326
f 14323 14324 14328
f 14323 14328 14327
g 의자_36
v 0.7900 0.4200 -3.0000
v 0.7900 0.4400 -3.0000
v 0.7900 0.4600 -3.0000
v 0.7900 0.4800 -3.0000
v 0.9300 0.4200 -3.0000
v 0.9300 0.4400 -3.0000
v 0.9300 0.4600 -3.0000
v 0.9300 0.4800 -3.0000
v 1.0700 0.4200 -3.0000
v 1.0700 0.4400 -3.0000
v 1.0700 0.4600 -3.0000
v 1.0700 0.4800 -3.0000
v 1.2100 0.4200 -3.0000
v 1.2100 0.4400 -3.0000
v 1.2100 0.4600 -3.0000
v 1.2100 0.4800 -3.0000
v 1.2100 0.4200 -3.4000
v 1.2100 0.4400 -3.4000
v 1.2100 0.4600 -3.4000
v 1.2100 0.4800 -3.4000
v 1.0700 0.4200 -3.4000
v 1.0700 0.4400 -3.4000
v 1.0700 0.4600 -3.4000
v 1.0700 0.4800 -3.4000
v 0.9300 0.4200 -3.4000
v 0.9300 0.4400 -3.4000
v 0.9300 0.4600 -3.4000
v 0.9300 0.4800 -3.4000
v 0.7900 0.4200 -3.4000
v 0.7900 0.4400 -3.4000
v 0.7900 0.4600 -3.4000
v 0.7900 0.4800 -3.4000
v 0.7900 0.4200 -3.4000
v 0.7900 0.4400 -3.4000
v 0.7900 0.4600 -3.4000
v 0.7900 0.4800 -3.4000
v 0.7900 0.4200 -3.2667
v 0.7900 0.4400 -3.2667
v 0.7900 0.4600 -3.2667
v 0.7900 0.4800 -3.2667
v 0.7900 0.4200 -3.1333
v 0.7900 0.4400 -3.1333
v 0.7900 0.4600 -3.1333
v 0.7900 0.4800 -3.1333
v 0.7900 0.4200 -3.0000
v 0.7900 0.4400 -3.0000
v 0.7900 0.4600 -3.0000
v 0.7900 0.4800 -3.0000
v 1.2100 0.4200 -3.0000
v 1.2100 0.4400 -3.0000
v 1.2100 0.4600 -3.0000
v 1.2100 0.4800 -3.0000
v 1.2100 0.4200 -3.1333
v 1.2100 0.4400 -3.1333
v 1.2100 0.4600 -3.1333
v 1.2100 0.4800 -3.1333
v 1.2100 0.4200 -3.2667
v 1.2100 0.4400 -3.2667
v 1.2100 0.4600 -3.2667
v 1.2100 0.4800 -3.2667
v 1.2100 0.4200 -3.4000
v 1.2100 0.4400 -3.4000
v 1.2100 0.4600 -3.4000
v 1.2100 0.4800 -3.4000
v 0.7900 0.4800 -3.4000
v 0.7900 0.4800 -3.2667
v 0.7900 0.4800 -3.1333
v 0.7900 0.4800 -3.0000
v 0.9300 0.4800 -3.4000
v 0.9300 0.4800 -3.2667
v 0.9300 0.4800 -3.1333
v 0.9300 0.4800 -3.0000
v 1.0700 0.4800 -3.4000
v 1.0700 0.4800 -3.2667
v 1.0700 0.4800 -3.1333
v 1.0700 0.4800 -3.0000
v 1.2100 0.4800 -3.4000
v 1.2100 0.4800 -3.2667
v 1.2100 0.4800 -3.1333
v 1.2100 0.4800 -3.0000
v 0.7900 0.4200 -3.0000
v 0.7900 0.4200 -3.1333
v 0.7900 0.4200 -3.2667
v 0.7900 0.4200 -3.4000
v 0.9300 0.4200 -3.0000
v 0.9300 0.4200 -3.1333
v 0.9300 0.4200 -3.2667
v 0.9300 0.4200 -3.4000
v 1.0700 0.4200 -3.0000
v 1.0700 0.4200 -3.1333
v 1.0700 0.4200 -3.2667
v 1.0700 0.4200 -3.4000
v 1.2100 0.4200 -3.0000
v 1.2100 0.4200 -3.1333
v 1.2100 0.4200 -3.2667
v 1.2100 0.4200 -3.4000
f 14329 14330 14334
f 14329 14334 14333
f 14330 14331 14335
f 14330 14335 14334
f 14331 14332 14336
f 14331 14336 14335
f 14333 14334 14338
f 14333 14338 14337
f 14334 14335 14339
f 14334 14339 14338
f 14335 14336 14340
f 14335 14340 14339
f 14337 14338 14342
f 14337 14342 14341
f 14338 14339 14343
f 14338 14343 14342
f 14339 14340 14344
f 14339 14344 14343
f 14345 14346 14350
f 14345 14350 14349
f 14346 14347 14351
f 14346 14351 14350
f 14347 14348 14352
f 14347 14352 14351
f 14349 14350 14354
f 14349 14354 14353
f 14350 14351 14355
f 14350 14355 14354
f 14351 14352 14356
f 14351 14356 14355
f 14353 14354 14358
f 14353 14358 14357
f 14354 14355 14359
f 14354 14359 14358
f 14355 14356 14360
f 14355 14360 14359
f 14361 14362 14366
f 14361 14366 14365
f 14362 14363 14367
f 14362 14367 14366
f 14363 14364 14368
f 14363 14368 14367
f 14365 14366 14370
f 14365 14370 14369
f 14366 14367 14371
f 14366 14371 14370
f 14367 14368 14372
f 14367 14372 14371
f 14369 14370 14374
f 14369 14374 14373
f 14370 14371 14375
f 14370 14375 14374
f 14371 14372 14376
f 14371 14376 14375
f 14377 14378 14382
f 14377 14382 14381
f 14378 14379 14383
f 14378 14383 14382
f 14379 14380 14384
f 14379 14384 14383
f 14381 14382 14386
f 14381 14386 14385
f 14382 14383 14387
f 14382 14387 14386
f 14383 14384 14388
f 14383 14388 14387
f 14385 14386 14390
f 14385 14390 14389
f 14386 14387 14391
f 14386 14391 14390
f 14387 14388 14392
f 14387 14392 14391
f 14393 14394 14398
f 14393 14398 14397
f 14394 14395 14399
f 14394 14399 14398
f 14395 14396 14400
f 14395 14400 14399
f 14397 14398 14402
f 14397 14402 14401
f 14398 14399 14403
f 14398 14403 14402
f 14399 14400 14404
f 14399 14404 14403
f 14401 14402 14406
f 14401 14406 14405
f 14402 14403 14407
f 14402 14407 14406
f 14403 14404 14408
f 14403 14408 14407
f 14409 14410 14414
f 14409 14414 14413
f 14410 14411 14415
f 14410 14415 14414
f 14411 14412 14416
f 14411 14416 14415
f 14413 14414 14418
f 14413 14418 14417
f 14414 14415 14419
f 14414 14419 14418
f 14415 14416 14420
f 14415 14420 14419
f 14417 14418 14422
f 14417 14422 14421
f 14418 14419 14423
f 14418 14423 14422
f 14419 14420 14424
f 14419 14424 14423
g 의자_37
v 0.7900 0.4200 -1.1000
v 0.7900 0.4400 -1.1000
v 0.7900 0.4600 -1.1000
v 0.7900 0.4800 -1.1000
v 0.9300 0.4200 -1.1000
v 0.9300 0.4400 -1.1000
v 0.9300 0.4600 -1.1000
v 0.9300 0.4800 -1.1000
v 1.0700 0.4200 -1.1000
v 1.0700 0.4400 -1.1000
v 1.0700 0.4600 -1.1000
v 1.0700 0.4800 -1.1000
v 1.2100 0.4200 -1.1000
v 1.2100 0.4400 -1.1000
v 1.2100 0.4600 -1.1000
v 1.2100 0.4800 -1.1000
v 1.2100 0.4200 -1.5000
v 1.2100 0.4400 -1.5000
v 1.2100 0.4600 -1.5000
v 1.2100 0.4800 -1.5000
v 1.0700 0.4200 -1.5000
v 1.0700 0.4400 -1.5000
v 1.0700 0.4600 -1.5000
v 1.0700 0.4800 -1.5000
v 0.9300 0.4200 -1.5000
v 0.9300 0.4400 -1.5000
v 0.9300 0.4600 -1.5000
v 0.9300 0.4800 -1.5000
v 0.7900 0.4200 -1.5000
v 0.7900 0.4400 -1.5000
v 0.7900 0.4600 -1.5000
v 0.7900 0.4800 -1.5000
v 0.7900 0.4200 -1.5000
v 0.7900 0.4400 -1.5000
v 0.7900 0.4600 -1.5000
v 0.7900 0.4800 -1.5000
v 0.7900 0.4200 -1.3667
v 0.7900 0.4400 -1.3667
v 0.7900 0.4600 -1.3667
v 0.7900 0.4800 -1.3667
v 0.7900 0.4200 -1.2333
v 0.7900 0.4400 -1.2333
v 0.7900 0.4600 -1.2333
v 0.7900 0.4800 -1.2333
v 0.7900 0.4200 -1.1000
v 0.7900 0.4400 -1.1000
v 0.7900 0.4600 -1.1000
v 0.7900 0.4800 -1.1000
v 1.2100 0.4200 -1.1000
v 1.2100 0.4400 -1.1000
v 1.2100 0.4600 -1.1000
v 1.2100 0.4800 -1.1000
v 1.2100 0.4200 -1.2333
v 1.2100 0.4400 -1.2333
v 1.2100 0.4600 -1.2333
v 1.2100 0.4800 -1.2333
v 1.2100 0.4200 -1.3667
v 1.2100 0.4400 -1.3667
v 1.2100 0.4600 -1.3667
v 1.2100 0.4800 -1.3667
v 1.2100 0.4200 -1.5000
v 1.2100 0.4400 -1.5000
v 1.2100 0.4600 -1.5000
v 1.2100 0.4800 -1.5000
v 0.7900 0.4800 -1.5000
v 0.7900 0.4800 -1.3667
v 0.7900 0.4800 -1.2333
v 0.7900 0.4800 -1.1000
v 0.9300 0.4800 -1.5000
v 0.9300 0.4800 -1.3667
v 0.9300 0.4800 -1.2333
v 0.9300 0.4800 -1.1000
v 1.0700 0.4800 -1.5000
v 1.0700 0.4800 -1.3667
v 1.0700 0.4800 -1.2333
v 1.0700 0.4800 -1.1000
v 1.2100 0.4800 -1.5000
v 1.2100 0.4800 -1.3667
v 1.2100 0.4800 -1.2333
v 1.2100 0.4800 -1.1000
v 0.7900 0.4200 -1.1000
v 0.7900 0.4200 -1.2333
v 0.7900 0.4200 -1.3667
v 0.7900 0.4200 -1.5000
v 0.9300 0.4200 -1.1000
v 0.9300 0.4200 -1.2333
v 0.9300 0.4200 -1.3667
v 0.9300 0.4200 -1.5000
v 1.0700 0.4200 -1.1000
v 1.0700 0.4200 -1.2333
v 1.0700 0.4200 -1.3667
v 1.0700 0.4200 -1.5000
v 1.2100 0.4200 -1.1000
v 1.2100 0.4200 -1.2333
v 1.2100 0.4200 -1.3667
v 1.2100 0.4200 -1.5000
f 14425 14426 14430
f 14425 14430 14429
f 14426 14427 14431
f 14426 14431 14430
f 14427 14428 14432
f 14427 14432 14431
f 14429 14430 14434
f 14429 14434 14433
f 14430 14431 14435
f 14430 14435 14434
f 14431 14432 14436
f 14431 14436 14435
f 14433 14434 14438
f 14433 14438 14437
f 14434 14435 14439
f 14434 14439 14438
f 14435 14436 14440
f 14435 14440 14439
f 14441 14442 14446
f 14441 14446 14445
f 14442 14443 14447
f 14442 14447 14446
f 14443 14444 14448
f 14443 14448 14447
f 14445 14446 14450
f 14445 14450 14449
f 14446 14447 14451
f 14446 14451 14450
f 14447 14448 14452
f 14447 14452 14451
f 14449 14450 14454
f 14449 14454 14453
f 14450 14451 14455
f 14450 14455 14454
f 14451 14452 14456
f 14451 14456 14455
f 14457 14458 14462
f 14457 14462 14461
f 14458 14459 14463
f 14458 14463 14462
f 14459 14460 14464
f 14459 14464 14463
f 14461 14462 14466
f 14461 14466 14465
f 14462 14463 14467
f 14462 14467 14466
f 14463 14464 14468
f 14463 14468 14467
f 14465 14466 14470
f 14465 14470 14469
f 14466 14467 14471
f 14466 14471 14470
f 14467 14468 14472
f 14467 14472 14471
f 14473 14474 14478
f 14473 14478 14477
f 14474 14475 14479
f 14474 14479 14478
f 14475 14476 14480
f 14475 14480 14479
f 14477 14478 14482
f 14477 14482 14481
f 14478 14479 14483
f 14478 14483 14482
f 14479 14480 14484
f 14479 14484 14483
f 14481 14482 14486
f 14481 14486 14485
f 14482 14483 14487
f 14482 14487 14486
f 14483 14484 14488
f 14483 14488 14487
f 14489 14490 14494
f 14489 14494 14493
f 14490 14491 14495
f 14490 14495 14494
f 14491 14492 14496
f 14491 14496 14495
f 14493 14494 14498
f 14493 14498 14497
f 14494 14495 14499
f 14494 14499 14498
f 14495 14496 14500
f 14495 14500 14499
f 14497 14498 14502
f 14497 14502 14501
f 14498 14499 14503
f 14498 14503 14502
f 14499 14500 14504
f 14499 14504 14503
f 14505 14506 14510
f 14505 14510 14509
f 14506 14507 14511
f 14506 14511 14510
f 14507 14508 14512
f 14507 14512 14511
f 14509 14510 14514
f 14509 14514 14513
f 14510 14511 14515
f 14510 14515 14514
f 14511 14512 14516
f 14511 14516 14515
f 14513 14514 14518
f 14513 14518 14517
f 14514 14515 14519
f 14514 14519 14518
f 14515 14516 14520
f 14515 14520 14519
g 의자_38
v 0.7900 0.4200 0.8000
v 0.7900 0.4400 0.8000
v 0.7900 0.4600 0.8000
v 0.7900 0.4800 0.8000
v 0.9300 0.4200 0.8000
v 0.9300 0.4400 0.8000
v 0.9300 0.4600 0.8000
v 0.9300 0.4800 0.8000
v 1.0700 0.4200 0.8000
v 1.0700 0.4400 0.8000
v 1.0700 0.4600 0.8000
v 1.0700 0.4800 0.8000
v 1.2100 0.4200 0.8000
v 1.2100 0.4400 0.8000
v 1.2100 0.4600 0.8000
v 1.2100 0.4800 0.8000
v 1.2100 0.4200 0.4000
v 1.2100 0.4400 0.4000
v 1.2100 0.4600 0.4000
v 1.2100 0.4800 0.4000
v 1.0700 0.4200 0.4000
v 1.0700 0.4400 0.4000
v 1.0700 0.4600 0.4000
v 1.0700 0.4800 0.4000
v 0.9300 0.4200 0.4000
v 0.9300 0.4400 0.4000
v 0.9300 0.4600 0.4000
v 0.9300 0.4800 0.4000
v 0.7900 0.4200 0.4000
v 0.7900 0.4400 0.4000
v 0.7900 0.4600 0.4000
v 0.7900 0.4800 0.4000
v 0.7900 0.4200 0.4000
v 0.7900 0.4400 0.4000
v 0.7900 0.4600 0.4000
v 0.7900 0.4800 0.4000
v 0.7900 0.4200 0.5333
v 0.7900 0.4400 0.5333
v 0.7900 0.4600 0.5333
v 0.7900 0.4800 0.5333
v 0.7900 0.4200 0.6667
v 0.7900 0.4400 0.6667
v 0.7900 0.4600 0.6667
v 0.7900 0.4800 0.6667
v 0.7900 0.4200 0.8000
v 0.7900 0.4400 0.8000
v 0.7900 0.4600 0.8000
v 0.7900 0.4800 0.8000
v 1.2100 0.4200 0.8000
v 1.2100 0.4400 0.8000
v 1.2100 0.4600 0.8000
v 1.2100 0.4800 0.8000
v 1.2100 0.4200 0.6667
v 1.2100 0.4400 0.6667
v 1.2100 0.4600 0.6667
v 1.2100 0.4800 0.6667
v 1.2100 0.4200 0.5333
v 1.2100 0.4400 0.5333
v 1.2100 0.4600 0.5333
v 1.2100 0.4800 0.5333
v 1.2100 0.4200 0.4000
v 1.2100 0.4400 0.4000
v 1.2100 0.4600 0.4000
v 1.2100 0.4800 0.4000
v 0.7900 0.4800 0.4000
v 0.7900 0.4800 0.5333
v 0.7900 0.4800 0.6667
v 0.7900 0.4800 0.8000
v 0.9300 0.4800 0.4000
v 0.9300 0.4800 0.5333
v 0.9300 0.4800 0.6667
v 0.9300 0.4800 0.8000
v 1.0700 0.4800 0.4000
v 1.0700 0.4800 0.5333
v 1.0700 0.4800 0.6667
v 1.0700 0.4800 0.8000
v 1.2100 0.4800 0.4000
v 1.2100 0.4800 0.5333
v 1.2100 0.4800 0.6667
v 1.2100 0.4800 0.8000
v 0.7900 0.4200 0.8000
v 0.7900 0.4200 0.6667
v 0.7900 0.4200 0.5333
v 0.7900 0.4200 0.4000
v 0.9300 0.4200 0.8000
v 0.9300 0.4200 0.6667
v 0.9300 0.4200 0.5333
v 0.9300 0.4200 0.4000
v 1.0700 0.4200 0.8000
v 1.0700 0.4200 0.6667
v 1.0700 0.4200 0.5333
v 1.0700 0.4200 0.4000
v 1.2100 0.4200 0.8000
v 1.2100 0.4200 0.6667
v 1.2100 0.4200 0.5333
v 1.2100 0.4200 0.4000
f 14521 14522 14526
f 14521 14526 14525
f 14522 14523 14527
f 14522 14527 14526
f 14523 14524 14528
f 14523 14528 14527
f 14525 14526 14530
f 14525 14530 14529
f 14526 14527 14531
f 14526 14531 14530
f 14527 14528 14532
f 14527 14532 14531
f 14529 14530 14534
f 14529 14534 14533
f 14530 14531 14535
f 14530 14535 14534
f 14531 14532 14536
f 14531 14536 14535
f 14537 14538 14542
f 14537 14542 14541
f 14538 14539 14543
f 14538 14543 14542
f 14539 14540 14544
f 14539 14544 14543
f 14541 14542 14546
f 14541 14546 14545
f 14542 14543 14547
f 14542 14547 14546
f 14543 14544 14548
f 14543 14548 14547
f 14545 14546 14550
f 14545 14550 14549
f 14546 14547 14551
f 14546 14551 14550
f 14547 14548 14552
f 14547 14552 14551
f 14553 14554 14558
f 14553 14558 14557
f 14554 14555 14559
f 14554 14559 14558
f 14555 14556 14560
f 14555 14560 14559
f 14557 14558 14562
f 14557 14562 14561
f 14558 14559 14563
f 14558 14563 14562
f 14559 14560 14564
f 14559 14564 14563
f 14561 14562 14566
f 14561 14566 14565
f 14562 14563 14567
f 14562 14567 14566
f 14563 14564 14568
f 14563 14568 14567
f 14569 14570 14574
f 14569 14574 14573
f 14570 14571 14575
f 14570 14575 14574
f 14571 14572 14576
f 14571 14576 14575
f 14573 14574 14578
f 14573 14578 14577
f 14574 14575 14579
f 14574 14579 14578
f 14575 14576 14580
f 14575 14580 14579
f 14577 14578 14582
f 14577 14582 14581
f 14578 14579 14583
f 14578 14583 14582
f 14579 14580 14584
f 14579 14584 14583
f 14585 14586 14590
f 14585 14590 14589
f 14586 14587 14591
f 14586 14591 14590
f 14587 14588 14592
f 14587 14592 14591
f 14589 14590 14594
f 14589 14594 14593
f 14590 14591 14595
f 14590 14595 14594
f 14591 14592 14596
f 14591 14596 14595
f 14593 14594 14598
f 14593 14598 14597
f 14594 14595 14599
f 14594 14599 14598
f 14595 14596 14600
f 14595 14600 14599
f 14601 14602 14606
f 14601 14606 14605
f 14602 14603 14607
f 14602 14607 14606
f 14603 14604 14608
f 14603 14608 14607
f 14605 14606 14610
f 14605 14610 14609
f 14606 14607 14611
f 14606 14611 14610
f 14607 14608 14612
f 14607 14612 14611
f 14609 14610 14614
f 14609 14614 14613
f 14610 14611 14615
f 14610 14615 14614
f 14611 14612 14616
f 14611 14616 14615
g 의자_39
v 2.6900 0.4200 -3.0000
v 2.6900 0.4400 -3.0000
v 2.6900 0.4600 -3.0000
v 2.6900 0.4800 -3.0000
v 2.8300 0.4200 -3.0000
v 2.8300 0.4400 -3.0000
v 2.8300 0.4600 -3.0000
v 2.8300 0.4800 -3.0000
v 2.9700 0.4200 -3.0000
v 2.9700 0.4400 -3.0000
v 2.9700 0.4600 -3.0000
v 2.9700 0.4800 -3.0000
v 3.1100 0.4200 -3.0000
v 3.1100 0.4400 -3.0000
v 3.1100 0.4600 -3.0000
v 3.1100 0.4800 -3.0000
v 3.1100 0.4200 -3.4000
v 3.1100 0.4400 -3.4000
v 3.1100 0.4600 -3.4000
v 3.1100 0.4800 -3.4000
v 2.9700 0.4200 -3.4000
v 2.9700 0.4400 -3.4000
v 2.9700 0.4600 -3.4000
v 2.9700 0.4800 -3.4000
v 2.8300 0.4200 -3.4000
v 2.8300 0.4400 -3.4000
v 2.8300 0.4600 -3.4000
v 2.8300 0.4800 -3.4000
v 2.6900 0.4200 -3.4000
v 2.6900 0.4400 -3.4000
v 2.6900 0.4600 -3.4000
v 2.6900 0.4800 -3.4000
v 2.6900 0.4200 -3.4000
v 2.6900 0.4400 -3.4000
v 2.6900 0.4600 -3.4000
v 2.6900 0.4800 -3.4000
v 2.6900 0.4200 -3.2667
v 2.6900 0.4400 -3.2667
v 2.6900 0.4600 -3.2667
v 2.6900 0.4800 -3.2667
v 2.6900 0.4200 -3.1333
v 2.6900 0.4400 -3.1333
v 2.6900 0.4600 -3.1333
v 2.6900 0.4800 -3.1333
v 2.6900 0.4200 -3.0000
v 2.6900 0.4400 -3.0000
v 2.6900 0.4600 -3.0000
v 2.6900 0.4800 -3.0000
v 3.1100 0.4200 -3.0000
v 3.1100 0.4400 -3.0000
v 3.1100 0.4600 -3.0000
v 3.1100 0.4800 -3.0000
v 3.1100 0.4200 -3.1333
v 3.1100 0.4400 -3.1333
v 3.1100 0.4600 -3.1333
v 3.1100 0.4800 -3.1333
v 3.1100 0.4200 -3.2667
v 3.1100 0.4400 -3.2667
v 3.1100 0.4600 -3.2667
v 3.1100 0.4800 -3.2667
v 3.1100 0.4200 -3.4000
v 3.1100 0.4400 -3.4000
v 3.1100 0.4600 -3.4000
v 3.1100 0.4800 -3.4000
v 2.6900 0.4800 -3.4000
v 2.6900 0.4800 -3.2667
v 2.6900 0.4800 -3.1333
v 2.6900 0.4800 -3.0000
v 2.8300 0.4800 -3.4000
v 2.8300 0.4800 -3.2667
v 2.8300 0.4800 -3.1333
v 2.8300 0.4800 -3.0000
v 2.9700 0.4800 -3.4000
v 2.9700 0.4800 -3.2667
v 2.9700 0.4800 -3.1333
v 2.9700 0.4800 -3.0000
v 3.1100 0.4800 -3.4000
v 3.1100 0.4800 -3.2667
v 3.1100 0.4800 -3.1333
v 3.1100 0.4800 -3.0000
v 2.6900 0.4200 -3.0000
v 2.6900 0.4200 -3.1333
v 2.6900 0.4200 -3.2667
v 2.6900 0.4200 -3.4000
v 2.8300 0.4200 -3.0000
v 2.8300 0.4200 -3.1333
v 2.8300 0.4200 -3.2667
v 2.8300 0.4200 -3.4000
v 2.9700 0.4200 -3.0000
v 2.9700 0.4200 -3.1333
v 2.9700 0.4200 -3.2667
v 2.9700 0.4200 -3.4000
v 3.1100 0.4200 -3.0000
v 3.1100 0.4200 -3.1333
v 3.1100 0.4200 -3.2667
v 3.1100 0.4200 -3.4000
f 14617 14618 14622
f 14617 14622 14621
f 14618 14619 14623
f 14618 14623 14622
f 14619 14620 14624
f 14619 14624 14623
f 14621 14622 14626
f 14621 14626 14625
f 14622 14623 14627
f 14622 14627 14626
f 14623 14624 14628
f 14623 14628 14627
f 14625 14626 14630
f 14625 14630 14629
f 14626 14627 14631
f 14626 14631 14630
f 14627 14628 14632
f 14627 14632 14631
f 14633 14634 14638
f 14633 14638 14637
f 14634 14635 14639
f 14634 14639 14638
f 14635 14636 14640
f 14635 14640 14639
f 14637 14638 14642
f 14637 14642 14641
f 14638 14639 14643
f 14638 14643 14642
f 14639 14640 14644
f 14639 14644 14643
f 14641 14642 14646
f 14641 14646 14645
f 14642 14643 14647
f 14642 14647 14646
f 14643 14644 14648
f 14643 14648 14647
f 14649 14650 14654
f 14649 14654 14653
f 14650 14651 14655
f 14650 14655 14654
f 14651 14652 14656
f 14651 14656 14655
f 14653 14654 14658
f 14653 14658 14657
f 14654 14655 14659
f 14654 14659 14658
f 14655 14656 14660
f 14655 14660 14659
f 14657 14658 14662
f 14657 14662 14661
f 14658 14659 14663
f 14658 14663 14662
f 14659 14660 14664
f 14659 14664 14663
f 14665 14666 14670
f 14665 14670 14669
f 14666 14667 14671
f 14666 14671 14670
f 14667 14668 14672
f 14667 14672 14671
f 14669 14670 14674
f 14669 14674 14673
f 14670 14671 14675
f 14670 14675 14674
f 14671 14672 14676
f 14671 14676 14675
f 14673 14674 14678
f 14673 14678 14677
f 14674 14675 14679
f 14674 14679 14678
f 14675 14676 14680
f 14675 14680 14679
f 14681 14682 14686
f 14681 14686 14685
f 14682 14683 14687
f 14682 14687 14686
f 14683 14684 14688
f 14683 14688 14687
f 14685 14686 14690
f 14685 14690 14689
f 14686 14687 14691
f 14686 14691 14690
f 14687 14688 14692
f 14687 14692 14691
f 14689 14690 14694
f 14689 14694 14693
f 14690 14691 14695
f 14690 14695 14694
f 14691 14692 14696
f 14691 14696 14695
f 14697 14698 14702
f 14697 14702 14701
f 14698 14699 14703
f 14698 14703 14702
f 14699 14700 14704
f 14699 14704 14703
f 14701 14702 14706
f 14701 14706 14705
f 14702 14703 14707
f 14702 14707 14706
f 14703 14704 14708
f 14703 14708 14707
f 14705 14706 14710
f 14705 14710 14709
f 14706 14707 14711
f 14706 14711 14710
f 14707 14708 14712
f 14707 14712 14711
g 의자_40
v 2.6900 0.4200 -1.1000
v 2.6900 0.4400 -1.1000
v 2.6900 0.4600 -1.1000
v 2.6900 0.4800 -1.1000
v 2.8300 0.4200 -1.1000
v 2.8300 0.4400 -1.1000
v 2.8300 0.4600 -1.1000
v 2.8300 0.4800 -1.1000
v 2.9700 0.4200 -1.1000
v 2.9700 0.4400 -1.1000
v 2.9700 0.4600 -1.1000
v 2.9700 0.4800 -1.1000
v 3.1100 0.4200 -1.1000
v 3.1100 0.4400 -1.1000
v 3.1100 0.4600 -1.1000
v 3.1100 0.4800 -1.1000
v 3.1100 0.4200 -1.5000
v 3.1100 0.4400 -1.5000
v 3.1100 0.4600 -1.5000
v 3.1100 0.4800 -1.5000
v 2.9700 0.4200 -1.5000
v 2.9700 0.4400 -1.5000
v 2.9700 0.4600 -1.5000
v 2.9700 0.4800 -1.5000
v 2.8300 0.4200 -1.5000
v 2.8300 0.4400 -1.5000
v 2.8300 0.4600 -1.5000
v 2.8300 0.4800 -1.5000
v 2.6900 0.4200 -1.5000
v 2.6900 0.4400 -1.5000
v 2.6900 0.4600 -1.5000
v 2.6900 0.4800 -1.5000
v 2.6900 0.4200 -1.5000
v 2.6900 0.4400 -1.5000
v 2.6900 0.4600 -1.5000
v 2.6900 0.4800 -1.5000
v 2.6900 0.4200 -1.3667
v 2.6900 0.4400 -1.3667
v 2.6900 0.4600 -1.3667
v 2.6900 0.4800 -1.3667
v 2.6900 0.4200 -1.2333
v 2.6900 0.4400 -1.2333
v 2.6900 0.4600 -1.2333
v 2.6900 0.4800 -1.2333
v 2.6900 0.4200 -1.1000
v 2.6900 0.4400 -1.1000
v 2.6900 0.4600 -1.1000
v 2.6900 0.4800 -1.1000
v 3.1100 0.4200 -1.1000
v 3.1100 0.4400 -1.1000
v 3.1100 0.4600 -1.1000
v 3.1100 0.4800 -1.1000
v 3.1100 0.4200 -1.2333
v 3.1100 0.4400 -1.2333
v 3.1100 0.4600 -1.2333
v 3.1100 0.4800 -1.2333
v 3.1100 0.4200 -1.3667
v 3.1100 0.4400 -1.3667
v 3.1100 0.4600 -1.3667
v 3.1100 0.4800 -1.3667
v 3.1100 0.4200 -1.5000
v 3.1100 0.4400 -1.5000
v 3.1100 0.4600 -1.5000
v 3.1100 0.4800 -1.5000
v 2.6900 0.4800 -1.5000
v 2.6900 0.4800 -1.3667
v 2.6900 0.4800 -1.2333
v 2.6900 0.4800 -1.1000
v 2.8300 0.4800 -1.5000
v 2.8300 0.4800 -1.3667
v 2.8300 0.4800 -1.2333
v 2.8300 0.4800 -1.1000
v 2.9700 0.4800 -1.5000
v 2.9700 0.4800 -1.3667
v 2.9700 0.4800 -1.2333
v 2.9700 0.4800 -1.1000
v 3.1100 0.4800 -1.5000
v 3.1100 0.4800 -1.3667
v 3.1100 0.4800 -1.2333
v 3.1100 0.4800 -1.1000
v 2.6900 0.4200 -1.1000
v 2.6900 0.4200 -1.2333
v 2.6900 0.4200 -1.3667
v 2.6900 0.4200 -1.5000
v 2.8300 0.4200 -1.1000
v 2.8300 0.4200 -1.2333
v 2.8300 0.4200 -1.3667
v 2.8300 0.4200 -1.5000
v 2.9700 0.4200 -1.1000
v 2.9700 0.4200 -1.2333
v 2.9700 0.4200 -1.3667
v 2.9700 0.4200 -1.5000
v 3.1100 0.4200 -1.1000
v 3.1100 0.4200 -1.2333
v 3.1100 0.4200 -1.3667
v 3.1100 0.4200 -1.5000
f 14713 14714 14718
f 14713 14718 14717
f 14714 14715 14719
f 14714 14719 14718
f 14715 14716 14720
f 14715 14720 14719
f 14717 14718 14722
f 14717 14722 14721
f 14718 14719 14723
f 14718 14723 14722
f 14719 14720 14724
f 14719 14724 14723
f 14721 14722 14726
f 14721 14726 14725
f 14722 14723 14727
f 14722 14727 14726
f 14723 14724 14728
f 14723 14728 14727
f 14729 14730 14734
f 14729 14734 14733
f 14730 14731 14735
f 14730 14735 14734
f 14731 14732 14736
f 14731 14736 14735
f 14733 14734 14738
f 14733 14738 14737
f 14734 14735 14739
f 14734 14739 14738
f 14735 14736 14740
f 14735 14740 14739
f 14737 14738 14742
f 14737 14742 14741
f 14738 14739 14743
f 14738 14743 14742
f 14739 14740 14744
f 14739 14744 14743
f 14745 14746 14750
f 14745 14750 14749
f 14746 14747 14751
f 14746 14751 14750
f 14747 14748 14752
f 14747 14752 14751
f 14749 14750 14754
f 14749 14754 14753
f 14750 14751 14755
f 14750 14755 14754
f 14751 14752 14756
f 14751 14756 14755
f 14753 14754 14758
f 14753 14758 14757
f 14754 14755 14759
f 14754 14759 14758
f 14755 14756 14760
f 14755 14760 14759
f 14761 14762 14766
f 14761 14766 14765
f 14762 14763 14767
f 14762 14767 14766
f 14763 14764 14768
f 14763 14768 14767
f 14765 14766 14770
f 14765 14770 14769
f 14766 14767 14771
f 14766 14771 14770
f 14767 14768 14772
f 14767 14772 14771
f 14769 14770 14774
f 14769 14774 14773
f 14770 14771 14775
f 14770 14775 14774
f 14771 14772 14776
f 14771 14776 14775
f 14777 14778 14782
f 14777 14782 14781
f 14778 14779 14783
f 14778 14783 14782
f 14779 14780 14784
f 14779 14784 14783
f 14781 14782 14786
f 14781 14786 14785
f 14782 14783 14787
f 14782 14787 14786
f 14783 14784 14788
f 14783 14788 14787
f 14785 14786 14790
f 14785 14790 14789
f 14786 14787 14791
f 14786 14791 14790
f 14787 14788 14792
f 14787 14792 14791
f 14793 14794 14798
f 14793 14798 14797
f 14794 14795 14799
f 14794 14799 14798
f 14795 14796 14800
f 14795 14800 14799
f 14797 14798 14802
f 14797 14802 14801
f 14798 14799 14803
f 14798 14803 14802
f 14799 14800 14804
f 14799 14804 14803
f 14801 14802 14806
f 14801 14806 14805
f 14802 14803 14807
f 14802 14807 14806
f 14803 14804 14808
f 14803 14808 14807
g 의자_41
v 2.6900 0.4200 0.8000
v 2.6900 0.4400 0.8000
v 2.6900 0.4600 0.8000
v 2.6900 0.4800 0.8000
v 2.8300 0.4200 0.8000
v 2.8300 0.4400 0.8000
v 2.8300 0.4600 0.8000
v 2.8300 0.4800 0.8000
v 2.9700 0.4200 0.8000
v 2.9700 0.4400 0.8000
v 2.9700 0.4600 0.8000
v 2.9700 0.4800 0.8000
v 3.1100 0.4200 0.8000
v 3.1100 0.4400 0.8000
v 3.1100 0.4600 0.8000
v 3.1100 0.4800 0.8000
v 3.1100 0.4200 0.4000
v 3.1100 0.4400 0.4000
v 3.1100 0.4600 0.4000
v 3.1100 0.4800 0.4000
v 2.9700 0.4200 0.4000
v 2.9700 0.4400 0.4000
v 2.9700 0.4600 0.4000
v 2.9700 0.4800 0.4000
v 2.8300 0.4200 0.4000
v 2.8300 0.4400 0.4000
v 2.8300 0.4600 0.4000
v 2.8300 0.4800 0.4000
v 2.6900 0.4200 0.4000
v 2.6900 0.4400 0.4000
v 2.6900 0.4600 0.4000
v 2.6900 0.4800 0.4000
v 2.6900 0.4200 0.4000
v 2.6900 0.4400 0.4000
v 2.6900 0.4600 0.4000
v 2.6900 0.4800 0.4000
v 2.6900 0.4200 0.5333
v 2.6900 0.4400 0.5333
v 2.6900 0.4600 0.5333
v 2.6900 0.4800 0.5333
v 2.6900 0.4200 0.6667
v 2.6900 0.4400 0.6667
v 2.6900 0.4600 0.6667
v 2.6900 0.4800 0.6667
v 2.6900 0.4200 0.8000
v 2.6900 0.4400 0.8000
v 2.6900 0.4600 0.8000
v 2.6900 0.4800 0.8000
v 3.1100 0.4200 0.8000
v 3.1100 0.4400 0.8000
v 3.1100 0.4600 0.8000
v 3.1100 0.4800 0.8000
v 3.1100 0.4200 0.6667
v 3.1100 0.4400 0.6667
v 3.1100 0.4600 0.6667
v 3.1100 0.4800 0.6667
v 3.1100 0.4200 0.5333
v 3.1100 0.4400 0.5333
v 3.1100 0.4600 0.5333
v 3.1100 0.4800 0.5333
v 3.1100 0.4200 0.4000
v 3.1100 0.4400 0.4000
v 3.1100 0.4600 0.4000
v 3.1100 0.4800 0.4000
v 2.6900 0.4800 0.4000
v 2.6900 0.4800 0.5333
v 2.6900 0.4800 0.6667
v 2.6900 0.4800 0.8000
v 2.8300 0.4800 0.4000
v 2.8300 0.4800 0.5333
v 2.8300 0.4800 0.6667
v 2.8300 0.4800 0.8000
v 2.9700 0.4800 0.4000
v 2.9700 0.4800 0.5333
v 2.9700 0.4800 0.6667
v 2.9700 0.4800 0.8000
v 3.1100 0.4800 0.4000
v 3.1100 0.4800 0.5333
v 3.1100 0.4800 0.6667
v 3.1100 0.4800 0.8000
v 2.6900 0.4200 0.8000
v 2.6900 0.4200 0.6667
v 2.6900 0.4200 0.5333
v 2.6900 0.4200 0.4000
v 2.8300 0.4200 0.8000
v 2.8300 0.4200 0.6667
v 2.8300 0.4200 0.5333
v 2.8300 0.4200 0.4000
v 2.9700 0.4200 0.8000
v 2.9700 0.4200 0.6667
v 2.9700 0.4200 0.5333
v 2.9700 0.4200 0.4000
v 3.1100 0.4200 0.8000
v 3.1100 0.4200 0.6667
v 3.1100 0.4200 0.5333
v 3.1100 0.4200 0.4000
f 14809 14810 14814
f 14809 14814 14813
f 14810 14811 14815
f 14810 14815 14814
f 14811 14812 14816
f 14811 14816 14815
f 14813 14814 14818
f 14813 14818 14817
f 14814 14815 14819
f 14814 14819 14818
f 14815 14816 14820
f 14815 14820 14819
f 14817 14818 14822
f 14817 14822 14821
f 14818 14819 14823
f 14818 14823 14822
f 14819 14820 14824
f 14819 14824 14823
f 14825 14826 14830
f 14825 14830 14829
f 14826 14827 14831
f 14826 14831 14830
f 14827 14828 14832
f 14827 14832 14831
f 14829 14830 14834
f 14829 14834 14833
f 14830 14831 14835
f 14830 14835 14834
f 14831 14832 14836
f 14831 14836 14835
f 14833 14834 14838
f 14833 14838 14837
f 14834 14835 14839
f 14834 14839 14838
f 14835 14836 14840
f 14835 14840 14839
f 14841 14842 14846
f 14841 14846 14845
f 14842 14843 14847
f 14842 14847 14846
f 14843 14844 14848
f 14843 14848 14847
f 14845 14846 14850
f 14845 14850 14849
f 14846 14847 14851
f 14846 14851 14850
f 14847 14848 14852
f 14847 14852 14851
f 14849 14850 14854
f 14849 14854 14853
f 14850 14851 14855
f 14850 14855 14854
f 14851 14852 14856
f 14851 14856 14855
f 14857 14858 14862
f 14857 14862 14861
f 14858 14859 14863
f 14858 14863 14862
f 14859 14860 14864
f 14859 14864 14863
f 14861 14862 14866
f 14861 14866 14865
f 14862 14863 14867
f 14862 14867 14866
f 14863 14864 14868
f 14863 14868 14867
f 14865 14866 14870
f 14865 14870 14869
f 14866 14867 14871
f 14866 14871 14870
f 14867 14868 14872
f 14867 14872 14871
f 14873 14874 14878
f 14873 14878 14877
f 14874 14875 14879
f 14874 14879 14878
f 14875 14876 14880
f 14875 14880 14879
f 14877 14878 14882
f 14877 14882 14881
f 14878 14879 14883
f 14878 14883 14882
f 14879 14880 14884
f 14879 14884 14883
f 14881 14882 14886
f 14881 14886 14885
f 14882 14883 14887
f 14882 14887 14886
f 14883 14884 14888
f 14883 14888 14887
f 14889 14890 14894
f 14889 14894 14893
f 14890 14891 14895
f 14890 14895 14894
f 14891 14892 14896
f 14891 14896 14895
f 14893 14894 14898
f 14893 14898 14897
f 14894 14895 14899
f 14894 14899 14898
f 14895 14896 14900
f 14895 14900 14899
f 14897 14898 14902
f 14897 14902 14901
f 14898 14899 14903
f 14898 14903 14902
f 14899 14900 14904
f 14899 14904 14903
g 의자_42
v 4.5900 0.4200 -3.0000
v 4.5900 0.4400 -3.0000
v 4.5900 0.4600 -3.0000
v 4.5900 0.4800 -3.0000
v 4.7300 0.4200 -3.0000
v 4.7300 0.4400 -3.0000
v 4.7300 0.4600 -3.0000
v 4.7300 0.4800 -3.0000
v 4.8700 0.4200 -3.0000
v 4.8700 0.4400 -3.0000
v 4.8700 0.4600 -3.0000
v 4.8700 0.4800 -3.0000
v 5.0100 0.4200 -3.0000
v 5.0100 0.4400 -3.0000
v 5.0100 0.4600 -3.0000
v 5.0100 0.4800 -3.0000
v 5.0100 0.4200 -3.4000
v 5.0100 0.4400 -3.4000
v 5.0100 0.4600 -3.4000
v 5.0100 0.4800 -3.4000
v 4.8700 0.4200 -3.4000
v 4.8700 0.4400 -3.4000
v 4.8700 0.4600 -3.4000
v 4.8700 0.4800 -3.4000
v 4.7300 0.4200 -3.4000
v 4.7300 0.4400 -3.4000
v 4.7300 0.4600 -3.4000
v 4.7300 0.4800 -3.4000
v 4.5900 0.4200 -3.4000
v 4.5900 0.4400 -3.4000
v 4.5900 0.4600 -3.4000
v 4.5900 0.4800 -3.4000
v 4.5900 0.4200 -3.4000
v 4.5900 0.4400 -3.4000
v 4.5900 0.4600 -3.4000
v 4.5900 0.4800 -3.4000
v 4.5900 0.4200 -3.2667
v 4.5900 0.4400 -3.2667
v 4.5900 0.4600 -3.2667
v 4.5900 0.4800 -3.2667
v 4.5900 0.4200 -3.1333
v 4.5900 0.4400 -3.1333
v 4.5900 0.4600 -3.1333
v 4.5900 0.4800 -3.1333
v 4.5900 0.4200 -3.0000
v 4.5900 0.4400 -3.0000
v 4.5900 0.4600 -3.0000
v 4.5900 0.4800 -3.0000
v 5.0100 0.4200 -3.0000
v 5.0100 0.4400 -3.0000
v 5.0100 0.4600 -3.0000
v 5.0100 0.4800 -3.0000
v 5.0100 0.4200 -3.1333
v 5.0100 0.4400 -3.1333
v 5.0100 0.4600 -3.1333
v 5.0100 0.4800 -3.1333
v 5.0100 0.4200 -3.2667
v 5.0100 0.4400 -3.2667
v 5.0100 0.4600 -3.2667
v 5.0100 0.4800 -3.2667
v 5.0100 0.4200 -3.4000
v 5.0100 0.4400 -3.4000
v 5.0100 0.4600 -3.4000
v 5.0100 0.4800 -3.4000
v 4.5900 0.4800 -3.4000
v 4.5900 0.4800 -3.2667
v 4.5900 0.4800 -3.1333
v 4.5900 0.4800 -3.0000
v 4.7300 0.4800 -3.4000
v 4.7300 0.4800 -3.2667
v 4.7300 0.4800 -3.1333
v 4.7300 0.4800 -3.0000
v 4.8700 0.4800 -3.4000
v 4.8700 0.4800 -3.2667
v 4.8700 0.4800 -3.1333
v 4.8700 0.4800 -3.0000
v 5.0100 0.4800 -3.4000
v 5.0100 0.4800 -3.2667
v 5.0100 0.4800 -3.1333
v 5.0100 0.4800 -3.0000
v 4.5900 0.4200 -3.0000
v 4.5900 0.4200 -3.1333
v 4.5900 0.4200 -3.2667
v 4.5900 0.4200 -3.4000
v 4.7300 0.4200 -3.0000
v 4.7300 0.4200 -3.1333
v 4.7300 0.4200 -3.2667
v 4.7300 0.4200 -3.4000
v 4.8700 0.4200 -3.0000
v 4.8700 0.4200 -3.1333
v 4.8700 0.4200 -3.2667
v 4.8700 0.4200 -3.4000
v 5.0100 0.4200 -3.0000
v 5.0100 0.4200 -3.1333
v 5.0100 0.4200 -3.2667
v 5.0100 0.4200 -3.4000
f 14905 14906 14910
f 14905 14910 14909
f 14906 14907 14911
f 14906 14911 14910
f 14907 14908 14912
f 14907 14912 14911
f 14909 14910 14914
f 14909 14914 14913
f 14910 14911 14915
f 14910 14915 14914
f 14911 14912 14916
f 14911 14916 14915
f 14913 14914 14918
f 14913 14918 14917
f 14914 14915 14919
f 14914 14919 14918
f 14915 14916 14920
f 14915 14920 14919
f 14921 14922 14926
f 14921 14926 14925
f 14922 14923 14927
f 14922 14927 14926
f 14923 14924 14928
f 14923 14928 14927
f 14925 14926 14930
f 14925 14930 14929
f 14926 14927 14931
f 14926 14931 14930
f 14927 14928 14932
f 14927 14932 14931
f 14929 14930 14934
f 14929 14934 14933
f 14930 14931 14935
f 14930 14935 14934
f 14931 14932 14936
f 14931 14936 14935
f 14937 14938 14942
f 14937 14942 14941
f 14938 14939 14943
f 14938 14943 14942
f 14939 14940 14944
f 14939 14944 14943
f 14941 14942 14946
f 14941 14946 14945
f 14942 14943 14947
f 14942 14947 14946
f 14943 14944 14948
f 14943 14948 14947
f 14945 14946 14950
f 14945 14950 14949
f 14946 14947 14951
f 14946 14951 14950
f 14947 14948 14952
f 14947 14952 14951
f 14953 14954 14958
f 14953 14958 14957
f 14954 14955 14959
f 14954 14959 14958
f 14955 14956 14960
f 14955 14960 14959
f 14957 14958 14962
f 14957 14962 14961
f 14958 14959 14963
f 14958 14963 14962
f 14959 14960 14964
f 14959 14964 14963
f 14961 14962 14966
f 14961 14966 14965
f 14962 14963 14967
f 14962 14967 14966
f 14963 14964 14968
f 14963 14968 14967
f 14969 14970 14974
f 14969 14974 14973
f 14970 14971 14975
f 14970 14975 14974
f 14971 14972 14976
f 14971 14976 14975
f 14973 14974 14978
f 14973 14978 14977
f 14974 14975 14979
f 14974 14979 14978
f 14975 14976 14980
f 14975 14980 14979
f 14977 14978 14982
f 14977 14982 14981
f 14978 14979 14983
f 14978 14983 14982
f 14979 14980 14984
f 14979 14984 14983
f 14985 14986 14990
f 14985 14990 14989
f 14986 14987 14991
f 14986 14991 14990
f 14987 14988 14992
f 14987 14992 14991
f 14989 14990 14994
f 14989 14994 14993
f 14990 14991 14995
f 14990 14995 14994
f 14991 14992 14996
f 14991 14996 14995
f 14993 14994 14998
f 14993 14998 14997
f 14994 14995 14999
f 14994 14999 14998
f 14995 14996 15000
f 14995 15000 14999
g 의자_43
v 4.5900 0.4200 -1.1000
v 4.5900 0.4400 -1.1000
v 4.5900 0.4600 -1.1000
v 4.5900 0.4800 -1.1000
v 4.7300 0.4200 -1.1000
v 4.7300 0.4400 -1.1000
v 4.7300 0.4600 -1.1000
v 4.7300 0.4800 -1.1000
v 4.8700 0.4200 -1.1000
v 4.8700 0.4400 -1.1000
v 4.8700 0.4600 -1.1000
v 4.8700 0.4800 -1.1000
v 5.0100 0.4200 -1.1000
v 5.0100 0.4400 -1.1000
v 5.0100 0.4600 -1.1000
v 5.0100 0.4800 -1.1000
v 5.0100 0.4200 -1.5000
v 5.0100 0.4400 -1.5000
v 5.0100 0.4600 -1.5000
v 5.0100 0.4800 -1.5000
v 4.8700 0.4200 -1.5000
v 4.8700 0.4400 -1.5000
v 4.8700 0.4600 -1.5000
v 4.8700 0.4800 -1.5000
v 4.7300 0.4200 -1.5000
v 4.7300 0.4400 -1.5000
v 4.7300 0.4600 -1.5000
v 4.7300 0.4800 -1.5000
v 4.5900 0.4200 -1.5000
v 4.5900 0.4400 -1.5000
v 4.5900 0.4600 -1.5000
v 4.5900 0.4800 -1.5000
v 4.5900 0.4200 -1.5000
v 4.5900 0.4400 -1.5000
v 4.5900 0.4600 -1.5000
v 4.5900 0.4800 -1.5000
v 4.5900 0.4200 -1.3667
v 4.5900 0.4400 -1.3667
v 4.5900 0.4600 -1.3667
v 4.5900 0.4800 -1.3667
v 4.5900 0.4200 -1.2333
v 4.5900 0.4400 -1.2333
v 4.5900 0.4600 -1.2333
v 4.5900 0.4800 -1.2333
v 4.5900 0.4200 -1.1000
v 4.5900 0.4400 -1.1000
v 4.5900 0.4600 -1.1000
v 4.5900 0.4800 -1.1000
v 5.0100 0.4200 -1.1000
v 5.0100 0.4400 -1.1000
v 5.0100 0.4600 -1.1000
v 5.0100 0.4800 -1.1000
v 5.0100 0.4200 -1.2333
v 5.0100 0.4400 -1.2333
v 5.0100 0.4600 -1.2333
v 5.0100 0.4800 -1.2333
v 5.0100 0.4200 -1.3667
v 5.0100 0.4400 -1.3667
v 5.0100 0.4600 -1.3667
v 5.0100 0.4800 -1.3667
v 5.0100 0.4200 -1.5000
v 5.0100 0.4400 -1.5000
v 5.0100 0.4600 -1.5000
v 5.0100 0.4800 -1.5000
v 4.5900 0.4800 -1.5000
v 4.5900 0.4800 -1.3667
v 4.5900 0.4800 -1.2333
v 4.5900 0.4800 -1.1000
v 4.7300 0.4800 -1.5000
v 4.7300 0.4800 -1.3667
v 4.7300 0.4800 -1.2333
v 4.7300 0.4800 -1.1000
v 4.8700 0.4800 -1.5000
v 4.8700 0.4800 -1.3667
v 4.8700 0.4800 -1.2333
v 4.8700 0.4800 -1.1000
v 5.0100 0.4800 -1.5000
v 5.0100 0.4800 -1.3667
v 5.0100 0.4800 -1.2333
v 5.0100 0.4800 -1.1000
v 4.5900 0.4200 -1.1000
v 4.5900 0.4200 -1.2333
v 4.5900 0.4200 -1.3667
v 4.5900 0.4200 -1.5000
v 4.7300 0.4200 -1.1000
v 4.7300 0.4200 -1.2333
v 4.7300 0.4200 -1.3667
v 4.7300 0.4200 -1.5000
v 4.8700 0.4200 -1.1000
v 4.8700 0.4200 -1.2333
v 4.8700 0.4200 -1.3667
v 4.8700 0.4200 -1.5000
v 5.0100 0.4200 -1.1000
v 5.0100 0.4200 -1.2333
v 5.0100 0.4200 -1.3667
v 5.0100 0.4200 -1.5000
f 15001 15002 15006
f 15001 15006 15005
f 15002 15003 15007
f 15002 15007 15006
f 15003 15004 15008
f 15003 15008 15007
f 15005 15006 15010
f 15005 15010 15009
f 15006 15007 15011
f 15006 15011 15010
f 15007 15008 15012
f 15007 15012 15011
f 15009 15010 15014
f 15009 15014 15013
f 15010 15011 15015
f 15010 15015 15014
f 15011 15012 15016
f 15011 15016 15015
f 15017 15018 15022
f 15017 15022 15021
f 15018 15019 15023
f 15018 15023 15022
f 15019 15020 15024
f 15019 15024 15023
f 15021 15022 15026
f 15021 15026 15025
f 15022 15023 15027
f 15022 15027 15026
f 15023 15024 15028
f 15023 15028 15027
f 15025 15026 15030
f 15025 15030 15029
f 15026 15027 15031
f 15026 15031 15030
f 15027 15028 15032
f 15027 15032 15031
f 15033 15034 15038
f 15033 15038 15037
f 15034 15035 15039
f 15034 15039 15038
f 15035 15036 15040
f 15035 15040 15039
f 15037 15038 15042
f 15037 15042 15041
f 15038 15039 15043
f 15038 15043 15042
f 15039 15040 15044
f 15039 15044 15043
f 15041 15042 15046
f 15041 15046 15045
f 15042 15043 15047
f 15042 15047 15046
f 15043 15044 15048
f 15043 15048 15047
f 15049 15050 15054
f 15049 15054 15053
f 15050 15051 15055
f 15050 15055 15054
f 15051 15052 15056
f 15051 15056 15055
f 15053 15054 15058
f 15053 15058 15057
f 15054 15055 15059
f 15054 15059 15058
f 15055 15056 15060
f 15055 15060 15059
f 15057 15058 15062
f 15057 15062 15061
f 15058 15059 15063
f 15058 15063 15062
f 15059 15060 15064
f 15059 15064 15063
f 15065 15066 15070
f 15065 15070 15069
f 15066 15067 15071
f 15066 15071 15070
f 15067 15068 15072
f 15067 15072 15071
f 15069 15070 15074
f 15069 15074 15073
f 15070 15071 15075
f 15070 15075 15074
f 15071 15072 15076
f 15071 15076 15075
f 15073 15074 15078
f 15073 15078 15077
f 15074 15075 15079
f 15074 15079 15078
f 15075 15076 15080
f 15075 15080 15079
f 15081 15082 15086
f 15081 15086 15085
f 15082 15083 15087
f 15082 15087 15086
f 15083 15084 15088
f 15083 15088 15087
f 15085 15086 15090
f 15085 15090 15089
f 15086 15087 15091
f 15086 15091 15090
f 15087 15088 15092
f 15087 15092 15091
f 15089 15090 15094
f 15089 15094 15093
f 15090 15091 15095
f 15090 15095 15094
f 15091 15092 15096
f 15091 15096 15095
g 의자_44
v 4.5900 0.4200 0.8000
v 4.5900 0.4400 0.8000
v 4.5900 0.4600 0.8000
v 4.5900 0.4800 0.8000
v 4.7300 0.4200 0.8000
v 4.7300 0.4400 0.8000
v 4.7300 0.4600 0.8000
v 4.7300 0.4800 0.8000
v 4.8700 0.4200 0.8000
v 4.8700 0.4400 0.8000
v 4.8700 0.4600 0.8000
v 4.8700 0.4800 0.8000
v 5.0100 0.4200 0.8000
v 5.0100 0.4400 0.8000
v 5.0100 0.4600 0.8000
v 5.0100 0.4800 0.8000
v 5.0100 0.4200 0.4000
v 5.0100 0.4400 0.4000
v 5.0100 0.4600 0.4000
v 5.0100 0.4800 0.4000
v 4.8700 0.4200 0.4000
v 4.8700 0.4400 0.4000
v 4.8700 0.4600 0.4000
v 4.8700 0.4800 0.4000
v 4.7300 0.4200 0.4000
v 4.7300 0.4400 0.4000
v 4.7300 0.4600 0.4000
v 4.7300 0.4800 0.4000
v 4.5900 0.4200 0.4000
v 4.5900 0.4400 0.4000
v 4.5900 0.4600 0.4000
v 4.5900 0.4800 0.4000
v 4.5900 0.4200 0.4000
v 4.5900 0.4400 0.4000
v 4.5900 0.4600 0.4000
v 4.5900 0.4800 0.4000
v 4.5900 0.4200 0.5333
v 4.5900 0.4400 0.5333
v 4.5900 0.4600 0.5333
v 4.5900 0.4800 0.5333
v 4.5900 0.4200 0.6667
v 4.5900 0.4400 0.6667
v 4.5900 0.4600 0.6667
v 4.5900 0.4800 0.6667
v 4.5900 0.4200 0.8000
v 4.5900 0.4400 0.8000
v 4.5900 0.4600 0.8000
v 4.5900 0.4800 0.8000
v 5.0100 0.4200 0.8000
v 5.0100 0.4400 0.8000
v 5.0100 0.4600 0.8000
v 5.0100 0.4800 0.8000
v 5.0100 0.4200 0.6667
v 5.0100 0.4400 0.6667
v 5.0100 0.4600 0.6667
v 5.0100 0.4800 0.6667
v 5.0100 0.4200 0.5333
v 5.0100 0.4400 0.5333
v 5.0100 0.4600 0.5333
v 5.0100 0.4800 0.5333
v 5.0100 0.4200 0.4000
v 5.0100 0.4400 0.4000
v 5.0100 0.4600 0.4000
v 5.0100 0.4800 0.4000
v 4.5900 0.4800 0.4000
v 4.5900 0.4800 0.5333
v 4.5900 0.4800 0.6667
v 4.5900 0.4800 0.8000
v 4.7300 0.4800 0.4000
v 4.7300 0.4800 0.5333
v 4.7300 0.4800 0.6667
v 4.7300 0.4800 0.8000
v 4.8700 0.4800 0.4000
v 4.8700 0.4800 0.5333
v 4.8700 0.4800 0.6667
v 4.8700 0.4800 0.8000
v 5.0100 0.4800 0.4000
v 5.0100 0.4800 0.5333
v 5.0100 0.4800 0.6667
v 5.0100 0.4800 0.8000
v 4.5900 0.4200 0.8000
v 4.5900 0.4200 0.6667
v 4.5900 0.4200 0.5333
v 4.5900 0.4200 0.4000
v 4.7300 0.4200 0.8000
v 4.7300 0.4200 0.6667
v 4.7300 0.4200 0.5333
v 4.7300 0.4200 0.4000
v 4.8700 0.4200 0.8000
v 4.8700 0.4200 0.6667
v 4.8700 0.4200 0.5333
v 4.8700 0.4200 0.4000
v 5.0100 0.4200 0.8000
v 5.0100 0.4200 0.6667
v 5.0100 0.4200 0.5333
v 5.0100 0.4200 0.4000
f 15097 15098 15102
f 15097 15102 15101
f 15098 15099 15103
f 15098 15103 15102
f 15099 15100 15104
f 15099 15104 15103
f 15101 15102 15106
f 15101 15106 15105
f 15102 15103 15107
f 15102 15107 15106
f 15103 15104 15108
f 15103 15108 15107
f 15105 15106 15110
f 15105 15110 15109
f 15106 15107 15111
f 15106 15111 15110
f 15107 15108 15112
f 15107 15112 15111
f 15113 15114 15118
f 15113 15118 15117
f 15114 15115 15119
f 15114 15119 15118
f 15115 15116 15120
f 15115 15120 15119
f 15117 15118 15122
f 15117 15122 15121
f 15118 15119 15123
f 15118 15123 15122
f 15119 15120 15124
f 15119 15124 15123
f 15121 15122 15126
f 15121 15126 15125
f 15122 15123 15127
f 15122 15127 15126
f 15123 15124 15128
f 15123 15128 15127
f 15129 15130 15134
f 15129 15134 15133
f 15130 15131 15135
f 15130 15135 15134
f 15131 15132 15136
f 15131 15136 15135
f 15133 15134 15138
f 15133 15138 15137
f 15134 15135 15139
f 15134 15139 15138
f 15135 15136 15140
f 15135 15140 15139
f 15137 15138 15142
f 15137 15142 15141
f 15138 15139 15143
f 15138 15143 15142
f 15139 15140 15144
f 15139 15144 15143
f 15145 15146 15150
f 15145 15150 15149
f 15146 15147 15151
f 15146 15151 15150
f 15147 15148 15152
f 15147 15152 15151
f 15149 15150 15154
f 15149 15154 15153
f 15150 15151 15155
f 15150 15155 15154
f 15151 15152 15156
f 15151 15156 15155
f 15153 15154 15158
f 15153 15158 15157
f 15154 15155 15159
f 15154 15159 15158
f 15155 15156 15160
f 15155 15160 15159
f 15161 15162 15166
f 15161 15166 15165
f 15162 15163 15167
f 15162 15167 15166
f 15163 15164 15168
f 15163 15168 15167
f 15165 15166 15170
f 15165 15170 15169
f 15166 15167 15171
f 15166 15171 15170
f 15167 15168 15172
f 15167 15172 15171
f 15169 15170 15174
f 15169 15174 15173
f 15170 15171 15175
f 15170 15175 15174
f 15171 15172 15176
f 15171 15176 15175
f 15177 15178 15182
f 15177 15182 15181
f 15178 15179 15183
f 15178 15183 15182
f 15179 15180 15184
f 15179 15184 15183
f 15181 15182 15186
f 15181 15186 15185
f 15182 15183 15187
f 15182 15187 15186
f 15183 15184 15188
f 15183 15188 15187
f 15185 15186 15190
f 15185 15190 15189
f 15186 15187 15191
f 15186 15191 15190
f 15187 15188 15192
f 15187 15192 15191
g 의자_45
v 6.4900 0.4200 -3.0000
v 6.4900 0.4400 -3.0000
v 6.4900 0.4600 -3.0000
v 6.4900 0.4800 -3.0000
v 6.6300 0.4200 -3.0000
v 6.6300 0.4400 -3.0000
v 6.6300 0.4600 -3.0000
v 6.6300 0.4800 -3.0000
v 6.7700 0.4200 -3.0000
v 6.7700 0.4400 -3.0000
v 6.7700 0.4600 -3.0000
v 6.7700 0.4800 -3.0000
v 6.9100 0.4200 -3.0000
v 6.9100 0.4400 -3.0000
v 6.9100 0.4600 -3.0000
v 6.9100 0.4800 -3.0000
v 6.9100 0.4200 -3.4000
v 6.9100 0.4400 -3.4000
v 6.9100 0.4600 -3.4000
v 6.9100 0.4800 -3.4000
v 6.7700 0.4200 -3.4000
v 6.7700 0.4400 -3.4000
v 6.7700 0.4600 -3.4000
v 6.7700 0.4800 -3.4000
v 6.6300 0.4200 -3.4000
v 6.6300 0.4400 -3.4000
v 6.6300 0.4600 -3.4000
v 6.6300 0.4800 -3.4000
v 6.4900 0.4200 -3.4000
v 6.4900 0.4400 -3.4000
v 6.4900 0.4600 -3.4000
v 6.4900 0.4800 -3.4000
v 6.4900 0.4200 -3.4000
v 6.4900 0.4400 -3.4000
v 6.4900 0.4600 -3.4000
v 6.4900 0.4800 -3.4000
v 6.4900 0.4200 -3.2667
v 6.4900 0.4400 -3.2667
v 6.4900 0.4600 -3.2667
v 6.4900 0.4800 -3.2667
v 6.4900 0.4200 -3.1333
v 6.4900 0.4400 -3.1333
v 6.4900 0.4600 -3.1333
v 6.4900 0.4800 -3.1333
v 6.4900 0.4200 -3.0000
v 6.4900 0.4400 -3.0000
v 6.4900 0.4600 -3.0000
v 6.4900 0.4800 -3.0000
v 6.9100 0.4200 -3.0000
v 6.9100 0.4400 -3.0000
v 6.9100 0.4600 -3.0000
v 6.9100 0.4800 -3.0000
v 6.9100 0.4200 -3.1333
v 6.9100 0.4400 -3.1333
v 6.9100 0.4600 -3.1333
v 6.9100 0.4800 -3.1333
v 6.9100 0.4200 -3.2667
v 6.9100 0.4400 -3.2667
v 6.9100 0.4600 -3.2667
v 6.9100 0.4800 -3.2667
v 6.9100 0.4200 -3.4000
v 6.9100 0.4400 -3.4000
v 6.9100 0.4600 -3.4000
v 6.9100 0.4800 -3.4000
v 6.4900 0.4800 -3.4000
v 6.4900 0.4800 -3.2667
v 6.4900 0.4800 -3.1333
v 6.4900 0.4800 -3.0000
v 6.6300 0.4800 -3.4000
v 6.6300 0.4800 -3.2667
v 6.6300 0.4800 -3.1333
v 6.6300 0.4800 -3.0000
v 6.7700 0.4800 -3.4000
v 6.7700 0.4800 -3.2667
v 6.7700 0.4800 -3.1333
v 6.7700 0.4800 -3.0000
v 6.9100 0.4800 -3.4000
v 6.9100 0.4800 -3.2667
v 6.9100 0.4800 -3.1333
v 6.9100 0.4800 -3.0000
v 6.4900 0.4200 -3.0000
v 6.4900 0.4200 -3.1333
v 6.4900 0.4200 -3.2667
v 6.4900 0.4200 -3.4000
v 6.6300 0.4200 -3.0000
v 6.6300 0.4200 -3.1333
v 6.6300 0.4200 -3.2667
v 6.6300 0.4200 -3.4000
v 6.7700 0.4200 -3.0000
v 6.7700 0.4200 -3.1333
v 6.7700 0.4200 -3.2667
v 6.7700 0.4200 -3.4000
v 6.9100 0.4200 -3.0000
v 6.9100 0.4200 -3.1333
v 6.9100 0.4200 -3.2667
v 6.9100 0.4200 -3.4000
f 15193 15194 15198
f 15193 15198 15197
f 15194 15195 15199
f 15194 15199 15198
f 15195 15196 15200
f 15195 15200 15199
f 15197 15198 15202
f 15197 15202 15201
f 15198 15199 15203
f 15198 15203 15202
f 15199 15200 15204
f 15199 15204 15203
f 15201 15202 15206
f 15201 15206 15205
f 15202 15203 15207
f 15202 15207 15206
f 15203 15204 15208
f 15203 15208 15207
f 15209 15210 15214
f 15209 15214 15213
f 15210 15211 15215
f 15210 15215 15214
f 15211 15212 15216
f 15211 15216 15215
f 15213 15214 15218
f 15213 15218 15217
f 15214 15215 15219
f 15214 15219 15218
f 15215 15216 15220
f 15215 15220 15219
f 15217 15218 15222
f 15217 15222 15221
f 15218 15219 15223
f 15218 15223 15222
f 15219 15220 15224
f 15219 15224 15223
f 15225 15226 15230
f 15225 15230 15229
f 15226 15227 15231
f 15226 15231 15230
f 15227 15228 15232
f 15227 15232 15231
f 15229 15230 15234
f 15229 15234 15233
f 15230 15231 15235
f 15230 15235 15234
f 15231 15232 15236
f 15231 15236 15235
f 15233 15234 15238
f 15233 15238 15237
f 15234 15235 15239
f 15234 15239 15238
f 15235 15236 15240
f 15235 15240 15239
f 15241 15242 15246
f 15241 15246 15245
f 15242 15243 15247
f 15242 15247 15246
f 15243 15244 15248
f 15243 15248 15247
f 15245 15246 15250
f 15245 15250 15249
f 15246 15247 15251
f 15246 15251 15250
f 15247 15248 15252
f 15247 15252 15251
f 15249 15250 15254
f 15249 15254 15253
f 15250 15251 15255
f 15250 15255 15254
f 15251 15252 15256
f 15251 15256 15255
f 15257 15258 15262
f 15257 15262 15261
f 15258 15259 15263
f 15258 15263 15262
f 15259 15260 15264
f 15259 15264 15263
f 15261 15262 15266
f 15261 15266 15265
f 15262 15263 15267
f 15262 15267 15266
f 15263 15264 15268
f 15263 15268 15267
f 15265 15266 15270
f 15265 15270 15269
f 15266 15267 15271
f 15266 15271 15270
f 15267 15268 15272
f 15267 15272 15271
f 15273 15274 15278
f 15273 15278 15277
f 15274 15275 15279
f 15274 15279 15278
f 15275 15276 15280
f 15275 15280 15279
f 15277 15278 15282
f 15277 15282 15281
f 15278 15279 15283
f 15278 15283 15282
f 15279 15280 15284
f 15279 15284 15283
f 15281 15282 15286
f 15281 15286 15285
f 15282 15283 15287
f 15282 15287 15286
f 15283 15284 15288
f 15283 15288 15287
g 의자_46
v 6.4900 0.4200 -1.1000
v 6.4900 0.4400 -1.1000
v 6.4900 0.4600 -1.1000
v 6.4900 0.4800 -1.1000
v 6.6300 0.4200 -1.1000
v 6.6300 0.4400 -1.1000
v 6.6300 0.4600 -1.1000
v 6.6300 0.4800 -1.1000
v 6.7700 0.4200 -1.1000
v 6.7700 0.4400 -1.1000
v 6.7700 0.4600 -1.1000
v 6.7700 0.4800 -1.1000
v 6.9100 0.4200 -1.1000
v 6.9100 0.4400 -1.1000
v 6.9100 0.4600 -1.1000
v 6.9100 0.4800 -1.1000
v 6.9100 0.4200 -1.5000
v 6.9100 0.4400 -1.5000
v 6.9100 0.4600 -1.5000
v 6.9100 0.4800 -1.5000
v 6.7700 0.4200 -1.5000
v 6.7700 0.4400 -1.5000
v 6.7700 0.4600 -1.5000
v 6.7700 0.4800 -1.5000
v 6.6300 0.4200 -1.5000
v 6.6300 0.4400 -1.5000
v 6.6300 0.4600 -1.5000
v 6.6300 0.4800 -1.5000
v 6.4900 0.4200 -1.5000
v 6.4900 0.4400 -1.5000
v 6.4900 0.4600 -1.5000
v 6.4900 0.4800 -1.5000
v 6.4900 0.4200 -1.5000
v 6.4900 0.4400 -1.5000
v 6.4900 0.4600 -1.5000
v 6.4900 0.4800 -1.5000
v 6.4900 0.4200 -1.3667
v 6.4900 0.4400 -1.3667
v 6.4900 0.4600 -1.3667
v 6.4900 0.4800 -1.3667
v 6.4900 0.4200 -1.2333
v 6.4900 0.4400 -1.2333
v 6.4900 0.4600 -1.2333
v 6.4900 0.4800 -1.2333
v 6.4900 0.4200 -1.1000
v 6.4900 0.4400 -1.1000
v 6.4900 0.4600 -1.1000
v 6.4900 0.4800 -1.1000
v 6.9100 0.4200 -1.1000
v 6.9100 0.4400 -1.1000
v 6.9100 0.4600 -1.1000
v 6.9100 0.4800 -1.1000
v 6.9100 0.4200 -1.2333
v 6.9100 0.4400 -1.2333
v 6.9100 0.4600 -1.2333
v 6.9100 0.4800 -1.2333
v 6.9100 0.4200 -1.3667
v 6.9100 0.4400 -1.3667
v 6.9100 0.4600 -1.3667
v 6.9100 0.4800 -1.3667
v 6.9100 0.4200 -1.5000
v 6.9100 0.4400 -1.5000
v 6.9100 0.4600 -1.5000
v 6.9100 0.4800 -1.5000
v 6.4900 0.4800 -1.5000
v 6.4900 0.4800 -1.3667
v 6.4900 0.4800 -1.2333
v 6.4900 0.4800 -1.1000
v 6.6300 0.4800 -1.5000
v 6.6300 0.4800 -1.3667
v 6.6300 0.4800 -1.2333
v 6.6300 0.4800 -1.1000
v 6.7700 0.4800 -1.5000
v 6.7700 0.4800 -1.3667
v 6.7700 0.4800 -1.2333
v 6.7700 0.4800 -1.1000
v 6.9100 0.4800 -1.5000
v 6.9100 0.4800 -1.3667
v 6.9100 0.4800 -1.2333
v 6.9100 0.4800 -1.1000
v 6.4900 0.4200 -1.1000
v 6.4900 0.4200 -1.2333
v 6.4900 0.4200 -1.3667
v 6.4900 0.4200 -1.5000
v 6.6300 0.4200 -1.1000
v 6.6300 0.4200 -1.2333
v 6.6300 0.4200 -1.3667
v 6.6300 0.4200 -1.5000
v 6.7700 0.4200 -1.1000
v 6.7700 0.4200 -1.2333
v 6.7700 0.4200 -1.3667
v 6.7700 0.4200 -1.5000
v 6.9100 0.4200 -1.1000
v 6.9100 0.4200 -1.2333
v 6.9100 0.4200 -1.3667
v 6.9100 0.4200 -1.5000
f 15289 15290 15294
f 15289 15294 15293
f 15290 15291 15295
f 15290 15295 15294
f 15291 15292 15296
f 15291 15296 15295
f 15293 15294 15298
f 15293 15298 15297
f 15294 15295 15299
f 15294 15299 15298
f 15295 15296 15300
f 15295 15300 15299
f 15297 15298 15302
f 15297 15302 15301
f 15298 15299 15303
f 15298 15303 15302
f 15299 15300 15304
f 15299 15304 15303
f 15305 15306 15310
f 15305 15310 15309
f 15306 15307 15311
f 15306 15311 15310
f 15307 15308 15312
f 15307 15312 15311
f 15309 15310 15314
f 15309 15314 15313
f 15310 15311 15315
f 15310 15315 15314
f 15311 15312 15316
f 15311 15316 15315
f 15313 15314 15318
f 15313 15318 15317
f 15314 15315 15319
f 15314 15319 15318
f 15315 15316 15320
f 15315 15320 15319
f 15321 15322 15326
f 15321 15326 15325
f 15322 15323 15327
f 15322 15327 15326
f 15323 15324 15328
f 15323 15328 15327
f 15325 15326 15330
f 15325 15330 15329
f 15326 15327 15331
f 15326 15331 15330
f 15327 15328 15332
f 15327 15332 15331
f 15329 15330 15334
f 15329 15334 15333
f 15330 15331 15335
f 15330 15335 15334
f 15331 15332 15336
f 15331 15336 15335
f 15337 15338 15342
f 15337 15342 15341
f 15338 15339 15343
f 15338 15343 15342
f 15339 15340 15344
f 15339 15344 15343
f 15341 15342 15346
f 15341 15346 15345
f 15342 15343 15347
f 15342 15347 15346
f 15343 15344 15348
f 15343 15348 15347
f 15345 15346 15350
f 15345 15350 15349
f 15346 15347 15351
f 15346 15351 15350
f 15347 15348 15352
f 15347 15352 15351
f 15353 15354 15358
f 15353 15358 15357
f 15354 15355 15359
f 15354 15359 15358
f 15355 15356 15360
f 15355 15360 15359
f 15357 15358 15362
f 15357 15362 15361
f 15358 15359 15363
f 15358 15363 15362
f 15359 15360 15364
f 15359 15364 15363
f 15361 15362 15366
f 15361 15366 15365
f 15362 15363 15367
f 15362 15367 15366
f 15363 15364 15368
f 15363 15368 15367
f 15369 15370 15374
f 15369 15374 15373
f 15370 15371 15375
f 15370 15375 15374
f 15371 15372 15376
f 15371 15376 15375
f 15373 15374 15378
f 15373 15378 15377
f 15374 15375 15379
f 15374 15379 15378
f 15375 15376 15380
f 15375 15380 15379
f 15377 15378 15382
f 15377 15382 15381
f 15378 15379 15383
f 15378 15383 15382
f 15379 15380 15384
f 15379 15384 15383
g 의자_47
v 6.4900 0.4200 0.8000
v 6.4900 0.4400 0.8000
v 6.4900 0.4600 0.8000
v 6.4900 0.4800 0.8000
v 6.6300 0.4200 0.8000
v 6.6300 0.4400 0.8000
v 6.6300 0.4600 0.8000
v 6.6300 0.4800 0.8000
v 6.7700 0.4200 0.8000
v 6.7700 0.4400 0.8000
v 6.7700 0.4600 0.8000
v 6.7700 0.4800 0.8000
v 6.9100 0.4200 0.8000
v 6.9100 0.4400 0.8000
v 6.9100 0.4600 0.8000
v 6.9100 0.4800 0.8000
v 6.9100 0.4200 0.4000
v 6.9100 0.4400 0.4000
v 6.9100 0.4600 0.4000
v 6.9100 0.4800 0.4000
v 6.7700 0.4200 0.4000
v 6.7700 0.4400 0.4000
v 6.7700 0.4600 0.4000
v 6.7700 0.4800 0.4000
v 6.6300 0.4200 0.4000
v 6.6300 0.4400 0.4000
v 6.6300 0.4600 0.4000
v 6.6300 0.4800 0.4000
v 6.4900 0.4200 0.4000
v 6.4900 0.4400 0.4000
v 6.4900 0.4600 0.4000
v 6.4900 0.4800 0.4000
v 6.4900 0.4200 0.4000
v 6.4900 0.4400 0.4000
v 6.4900 0.4600 0.4000
v 6.4900 0.4800 0.4000
v 6.4900 0.4200 0.5333
v 6.4900 0.4400 0.5333
v 6.4900 0.4600 0.5333
v 6.4900 0.4800 0.5333
v 6.4900 0.4200 0.6667
v 6.4900 0.4400 0.6667
v 6.4900 0.4600 0.6667
v 6.4900 0.4800 0.6667
v 6.4900 0.4200 0.8000
v 6.4900 0.4400 0.8000
v 6.4900 0.4600 0.8000
v 6.4900 0.4800 0.8000
v 6.9100 0.4200 0.8000
v 6.9100 0.4400 0.8000
v 6.9100 0.4600 0.8000
v 6.9100 0.4800 0.8000
v 6.9100 0.4200 0.6667
v 6.9100 0.4400 0.6667
v 6.9100 0.4600 0.6667
v 6.9100 0.4800 0.6667
v 6.9100 0.4200 0.5333
v 6.9100 0.4400 0.5333
v 6.9100 0.4600 0.5333
v 6.9100 0.4800 0.5333
v 6.9100 0.4200 0.4000
v 6.9100 0.4400 0.4000
v 6.9100 0.4600 0.4000
v 6.9100 0.4800 0.4000
v 6.4900 0.4800 0.4000
v 6.4900 0.4800 0.5333
v 6.4900 0.4800 0.6667
v 6.4900 0.4800 0.8000
v 6.6300 0.4800 0.4000
v 6.6300 0.4800 0.5333
v 6.6300 0.4800 0.6667
v 6.6300 0.4800 0.8000
v 6.7700 0.4800 0.4000
v 6.7700 0.4800 0.5333
v 6.7700 0.4800 0.6667
v 6.7700 0.4800 0.8000
v 6.9100 0.4800 0.4000
v 6.9100 0.4800 0.5333
v 6.9100 0.4800 0.6667
v 6.9100 0.4800 0.8000
v 6.4900 0.4200 0.8000
v 6.4900 0.4200 0.6667
v 6.4900 0.4200 0.5333
v 6.4900 0.4200 0.4000
v 6.6300 0.4200 0.8000
v 6.6300 0.4200 0.6667
v 6.6300 0.4200 0.5333
v 6.6300 0.4200 0.4000
v 6.7700 0.4200 0.8000
v 6.7700 0.4200 0.6667
v 6.7700 0.4200 0.5333
v 6.7700 0.4200 0.4000
v 6.9100 0.4200 0.8000
v 6.9100 0.4200 0.6667
v 6.9100 0.4200 0.5333
v 6.9100 0.4200 0.4000
f 15385 15386 15390
f 15385 15390 15389
f 15386 15387 15391
f 15386 15391 15390
f 15387 15388 15392
f 15387 15392 15391
f 15389 15390 15394
f 15389 15394 15393
f 15390 15391 15395
f 15390 15395 15394
f 15391 15392 15396
f 15391 15396 15395
f 15393 15394 15398
f 15393 15398 15397
f 15394 15395 15399
f 15394 15399 15398
f 15395 15396 15400
f 15395 15400 15399
f 15401 15402 15406
f 15401 15406 15405
f 15402 15403 15407
f 15402 15407 15406
f 15403 15404 15408
f 15403 15408 15407
f 15405 15406 15410
f 15405 15410 15409
f 15406 15407 15411
f 15406 15411 15410
f 15407 15408 15412
f 15407 15412 15411
f 15409 15410 15414
f 15409 15414 15413
f 15410 15411 15415
f 15410 15415 15414
f 15411 15412 15416
f 15411 15416 15415
f 15417 15418 15422
f 15417 15422 15421
f 15418 15419 15423
f 15418 15423 15422
f 15419 15420 15424
f 15419 15424 15423
f 15421 15422 15426
f 15421 15426 15425
f 15422 15423 15427
f 15422 15427 15426
f 15423 15424 15428
f 15423 15428 15427
f 15425 15426 15430
f 15425 15430 15429
f 15426 15427 15431
f 15426 15431 15430
f 15427 15428 15432
f 15427 15432 15431
f 15433 15434 15438
f 15433 15438 15437
f 15434 15435 15439
f 15434 15439 15438
f 15435 15436 15440
f 15435 15440 15439
f 15437 15438 15442
f 15437 15442 15441
f 15438 15439 15443
f 15438 15443 15442
f 15439 15440 15444
f 15439 15444 15443
f 15441 15442 15446
f 15441 15446 15445
f 15442 15443 15447
f 15442 15447 15446
f 15443 15444 15448
f 15443 15448 15447
f 15449 15450 15454
f 15449 15454 15453
f 15450 15451 15455
f 15450 15455 15454
f 15451 15452 15456
f 15451 15456 15455
f 15453 15454 15458
f 15453 15458 15457
f 15454 15455 15459
f 15454 15459 15458
f 15455 15456 15460
f 15455 15460 15459
f 15457 15458 15462
f 15457 15462 15461
f 15458 15459 15463
f 15458 15463 15462
f 15459 15460 15464
f 15459 15464 15463
f 15465 15466 15470
f 15465 15470 15469
f 15466 15467 15471
f 15466 15471 15470
f 15467 15468 15472
f 15467 15472 15471
f 15469 15470 15474
f 15469 15474 15473
f 15470 15471 15475
f 15470 15475 15474
f 15471 15472 15476
f 15471 15476 15475
f 15473 15474 15478
f 15473 15478 15477
f 15474 15475 15479
f 15474 15479 15478
f 15475 15476 15480
f 15475 15480 15479
g 식기 반납대_0
v 6.2000 0.0000 -4.6500
v 6.2000 0.3000 -4.6500
v 6.2000 0.6000 -4.6500
v 6.2000 0.9000 -4.6500
v 6.7333 0.0000 -4.6500
v 6.7333 0.3000 -4.6500
v 6.7333 0.6000 -4.6500
v 6.7333 0.9000 -4.6500
v 7.2667 0.0000 -4.6500
v 7.2667 0.3000 -4.6500
v 7.2667 0.6000 -4.6500
v 7.2667 0.9000 -4.6500
v 7.8000 0.0000 -4.6500
v 7.8000 0.3000 -4.6500
v 7.8000 0.6000 -4.6500
v 7.8000 0.9000 -4.6500
v 7.8000 0.0000 -5.3500
v 7.8000 0.3000 -5.3500
v 7.8000 0.6000 -5.3500
v 7.8000 0.9000 -5.3500
v 7.2667 0.0000 -5.3500
v 7.2667 0.3000 -5.3500
v 7.2667 0.6000 -5.3500
v 7.2667 0.9000 -5.3500
v 6.7333 0.0000 -5.3500
v 6.7333 0.3000 -5.3500
v 6.7333 0.6000 -5.3500
v 6.7333 0.9000 -5.3500
v 6.2000 0.0000 -5.3500
v 6.2000 0.3000 -5.3500
v 6.2000 0.6000 -5.3500
v 6.2000 0.9000 -5.3500
v 6.2000 0.0000 -5.3500
v 6.2000 0.3000 -5.3500
v 6.2000 0.6000 -5.3500
v 6.2000 0.9000 -5.3500
v 6.2000 0.0000 -5.1167
v 6.2000 0.3000 -5.1167
v 6.2000 0.6000 -5.1167
v 6.2000 0.9000 -5.1167
v 6.2000 0.0000 -4.8833
v 6.2000 0.3000 -4.8833
v 6.2000 0.6000 -4.8833
v 6.2000 0.9000 -4.8833
v 6.2000 0.0000 -4.6500
v 6.2000 0.3000 -4.6500
v 6.2000 0.6000 -4.6500
v 6.2000 0.9000 -4.6500
v 7.8000 0.0000 -4.6500
v 7.8000 0.3000 -4.6500
v 7.8000 0.6000 -4.6500
v 7.8000 0.9000 -4.6500
v 7.8000 0.0000 -4.8833
v 7.8000 0.3000 -4.8833
v 7.8000 0.6000 -4.8833
v 7.8000 0.9000 -4.8833
v 7.8000 0.0000 -5.1167
v 7.8000 0.3000 -5.1167
v 7.8000 0.6000 -5.1167
v 7.8000 0.9000 -5.1167
v 7.8000 0.0000 -5.3500
v 7.8000 0.3000 -5.3500
v 7.8000 0.6000 -5.3500
v 7.8000 0.9000 -5.3500
v 6.2000 0.9000 -5.3500
v 6.2000 0.9000 -5.1167
v 6.2000 0.9000 -4.8833
v 6.2000 0.9000 -4.6500
v 6.7333 0.9000 -5.3500
v 6.7333 0.9000 -5.1167
v 6.7333 0.9000 -4.8833
v 6.7333 0.9000 -4.6500
v 7.2667 0.9000 -5.3500
v 7.2667 0.9000 -5.1167
v 7.2667 0.9000 -4.8833
v 7.2667 0.9000 -4.6500
v 7.8000 0.9000 -5.3500
v 7.8000 0.9000 -5.1167
v 7.8000 0.9000 -4.8833
v 7.8000 0.9000 -4.6500
v 6.2000 0.0000 -4.6500
v 6.2000 0.0000 -4.8833
v 6.2000 0.0000 -5.1167
v 6.2000 0.0000 -5.3500
v 6.7333 0.0000 -4.6500
v 6.7333 0.0000 -4.8833
v 6.7333 0.0000 -5.1167
v 6.7333 0.0000 -5.3500
v 7.2667 0.0000 -4.6500
v 7.2667 0.0000 -4.8833
v 7.2667 0.0000 -5.1167
v 7.2667 0.0000 -5.3500
v 7.8000 0.0000 -4.6500
v 7.8000 0.0000 -4.8833
v 7.8000 0.0000 -5.1167
v 7.8000 0.0000 -5.3500
f 15481 15482 15486
f 15481 15486 15485
f 15482 15483 15487
f 15482 15487 15486
f 15483 15484 15488
f 15483 15488 15487
f 15485 15486 15490
f 15485 15490 15489
f 15486 15487 15491
f 15486 15491 15490
f 15487 15488 15492
f 15487 15492 15491
f 15489 15490 15494
f 15489 15494 15493
f 15490 15491 15495
f 15490 15495 15494
f 15491 15492 15496
f 15491 15496 15495
f 15497 15498 15502
f 15497 15502 15501
f 15498 15499 15503
f 15498 15503 15502
f 15499 15500 15504
f 15499 15504 15503
f 15501 15502 15506
f 15501 15506 15505
f 15502 15503 15507
f 15502 15507 15506
f 15503 15504 15508
f 15503 15508 15507
f 15505 15506 15510
f 15505 15510 15509
f 15506 15507 15511
f 15506 15511 15510
f 15507 15508 15512
f 15507 15512 15511
f 15513 15514 15518
f 15513 15518 15517
f 15514 15515 15519
f 15514 15519 15518
f 15515 15516 15520
f 15515 15520 15519
f 15517 15518 15522
f 15517 15522 15521
f 15518 15519 15523
f 15518 15523 15522
f 15519 15520 15524
f 15519 15524 15523
f 15521 15522 15526
f 15521 15526 15525
f 15522 15523 15527
f 15522 15527 15526
f 15523 15524 15528
f 15523 15528 15527
f 15529 15530 15534
f 15529 15534 15533
f 15530 15531 15535
f 15530 15535 15534
f 15531 15532 15536
f 15531 15536 15535
f 15533 15534 15538
f 15533 15538 15537
f 15534 15535 15539
f 15534 15539 15538
f 15535 15536 15540
f 15535 15540 15539
f 15537 15538 15542
f 15537 15542 15541
f 15538 15539 15543
f 15538 15543 15542
f 15539 15540 15544
f 15539 15544 15543
f 15545 15546 15550
f 15545 15550 15549
f 15546 15547 15551
f 15546 15551 15550
f 15547 15548 15552
f 15547 15552 15551
f 15549 15550 15554
f 15549 15554 15553
f 15550 15551 15555
f 15550 15555 15554
f 15551 15552 15556
f 15551 15556 15555
f 15553 15554 15558
f 15553 15558 15557
f 15554 15555 15559
f 15554 15559 15558
f 15555 15556 15560
f 15555 15560 15559
f 15561 15562 15566
f 15561 15566 15565
f 15562 15563 15567
f 15562 15567 15566
f 15563 15564 15568
f 15563 15568 15567
f 15565 15566 15570
f 15565 15570 15569
f 15566 15567 15571
f 15566 15571 15570
f 15567 15568 15572
f 15567 15572 15571
f 15569 15570 15574
f 15569 15574 15573
f 15570 15571 15575
f 15570 15575 15574
f 15571 15572 15576
f 15571 15576 15575
g 세척대_0
v -8.7000 0.0000 5.9000
v -8.7000 0.3000 5.9000
v -8.7000 0.6000 5.9000
v -8.7000 0.9000 5.9000
v -7.9000 0.0000 5.9000
v -7.9000 0.3000 5.9000
v -7.9000 0.6000 5.9000
v -7.9000 0.9000 5.9000
v -7.1000 0.0000 5.9000
v -7.1000 0.3000 5.9000
v -7.1000 0.6000 5.9000
v -7.1000 0.9000 5.9000
v -6.3000 0.0000 5.9000
v -6.3000 0.3000 5.9000
v -6.3000 0.6000 5.9000
v -6.3000 0.9000 5.9000
v -6.3000 0.0000 5.1000
v -6.3000 0.3000 5.1000
v -6.3000 0.6000 5.1000
v -6.3000 0.9000 5.1000
v -7.1000 0.0000 5.1000
v -7.1000 0.3000 5.1000
v -7.1000 0.6000 5.1000
v -7.1000 0.9000 5.1000
v -7.9000 0.0000 5.1000
v -7.9000 0.3000 5.1000
v -7.9000 0.6000 5.1000
v -7.9000 0.9000 5.1000
v -8.7000 0.0000 5.1000
v -8.7000 0.3000 5.1000
v -8.7000 0.6000 5.1000
v -8.7000 0.9000 5.1000
v -8.7000 0.0000 5.1000
v -8.7000 0.3000 5.1000
v -8.7000 0.6000 5.1000
v -8.7000 0.9000 5.1000
v -8.7000 0.0000 5.3667
v -8.7000 0.3000 5.3667
v -8.7000 0.6000 5.3667
v -8.7000 0.9000 5.3667
v -8.7000 0.0000 5.6333
v -8.7000 0.3000 5.6333
v -8.7000 0.6000 5.6333
v -8.7000 0.9000 5.6333
v -8.7000 0.0000 5.9000
v -8.7000 0.3000 5.9000
v -8.7000 0.6000 5.9000
v -8.7000 0.9000 5.9000
v -6.3000 0.0000 5.9000
v -6.3000 0.3000 5.9000
v -6.3000 0.6000 5.9000
v -6.3000 0.9000 5.9000
v -6.3000 0.0000 5.6333
v -6.3000 0.3000 5.6333
v -6.3000 0.6000 5.6333
v -6.3000 0.9000 5.6333
v -6.3000 0.0000 5.3667
v -6.3000 0.3000 5.3667
v -6.3000 0.6000 5.3667
v -6.3000 0.9000 5.3667
v -6.3000 0.0000 5.1000
v -6.3000 0.3000 5.1000
v -6.3000 0.6000 5.1000
v -6.3000 0.9000 5.1000
v -8.7000 0.9000 5.1000
v -8.7000 0.9000 5.3667
v -8.7000 0.9000 5.6333
v -8.7000 0.9000 5.9000
v -7.9000 0.9000 5.1000
v -7.9000 0.9000 5.3667
v -7.9000 0.9000 5.6333
v -7.9000 0.9000 5.9000
v -7.1000 0.9000 5.1000
v -7.1000 0.9000 5.3667
v -7.1000 0.9000 5.6333
v -7.1000 0.9000 5.9000
v -6.3000 0.9000 5.1000
v -6.3000 0.9000 5.3667
v -6.3000 0.9000 5.6333
v -6.3000 0.9000 5.9000
v -8.7000 0.0000 5.9000
v -8.7000 0.0000 5.6333
v -8.7000 0.0000 5.3667
v -8.7000 0.0000 5.1000
v -7.9000 0.0000 5.9000
v -7.9000 0.0000 5.6333
v -7.9000 0.0000 5.3667
v -7.9000 0.0000 5.1000
v -7.1000 0.0000 5.9000
v -7.1000 0.0000 5.6333
v -7.1000 0.0000 5.3667
v -7.1000 0.0000 5.1000
v -6.3000 0.0000 5.9000
v -6.3000 0.0000 5.6333
v -6.3000 0.0000 5.3667
v -6.3000 0.0000 5.1000
f 15577 15578 15582
f 15577 15582 15581
f 15578 15579 15583
f 15578 15583 15582
f 15579 15580 15584
f 15579 15584 15583
f 15581 15582 15586
f 15581 15586 15585
f 15582 15583 15587
f 15582 15587 15586
f 15583 15584 15588
f 15583 15588 15587
f 15585 15586 15590
f 15585 15590 15589
f 15586 15587 15591
f 15586 15591 15590
f 15587 15588 15592
f 15587 15592 15591
f 15593 15594 15598
f 15593 15598 15597
f 15594 15595 15599
f 15594 15599 15598
f 15595 15596 15600
f 15595 15600 15599
f 15597 15598 15602
f 15597 15602 15601
f 15598 15599 15603
f 15598 15603 15602
f 15599 15600 15604
f 15599 15604 15603
f 15601 15602 15606
f 15601 15606 15605
f 15602 15603 15607
f 15602 15607 15606
f 15603 15604 15608
f 15603 15608 15607
f 15609 15610 15614
f 15609 15614 15613
f 15610 15611 15615
f 15610 15615 15614
f 15611 15612 15616
f 15611 15616 15615
f 15613 15614 15618
f 15613 15618 15617
f 15614 15615 15619
f 15614 15619 15618
f 15615 15616 15620
f 15615 15620 15619
f 15617 15618 15622
f 15617 15622 15621
f 15618 15619 15623
f 15618 15623 15622
f 15619 15620 15624
f 15619 15624 15623
f 15625 15626 15630
f 15625 15630 15629
f 15626 15627 15631
f 15626 15631 15630
f 15627 15628 15632
f 15627 15632 15631
f 15629 15630 15634
f 15629 15634 15633
f 15630 15631 15635
f 15630 15635 15634
f 15631 15632 15636
f 15631 15636 15635
f 15633 15634 15638
f 15633 15638 15637
f 15634 15635 15639
f 15634 15639 15638
f 15635 15636 15640
f 15635 15640 15639
f 15641 15642 15646
f 15641 15646 15645
f 15642 15643 15647
f 15642 15647 15646
f 15643 15644 15648
f 15643 15648 15647
f 15645 15646 15650
f 15645 15650 15649
f 15646 15647 15651
f 15646 15651 15650
f 15647 15648 15652
f 15647 15652 15651
f 15649 15650 15654
f 15649 15654 15653
f 15650 15651 15655
f 15650 15655 15654
f 15651 15652 15656
f 15651 15656 15655
f 15657 15658 15662
f 15657 15662 15661
f 15658 15659 15663
f 15658 15663 15662
f 15659 15660 15664
f 15659 15664 15663
f 15661 15662 15666
f 15661 15666 15665
f 15662 15663 15667
f 15662 15667 15666
f 15663 15664 15668
f 15663 15668 15667
f 15665 15666 15670
f 15665 15670 15669
f 15666 15667 15671
f 15666 15671 15670
f 15667 15668 15672
f 15667 15672 15671
g 급수대_0
v 6.9000 0.0000 5.7500
v 6.9000 0.4667 5.7500
v 6.9000 0.9333 5.7500
v 6.9000 1.4000 5.7500
v 7.3000 0.0000 5.7500
v 7.3000 0.4667 5.7500
v 7.3000 0.9333 5.7500
v 7.3000 1.4000 5.7500
v 7.7000 0.0000 5.7500
v 7.7000 0.4667 5.7500
v 7.7000 0.9333 5.7500
v 7.7000 1.4000 5.7500
v 8.1000 0.0000 5.7500
v 8.1000 0.4667 5.7500
v 8.1000 0.9333 5.7500
v 8.1000 1.4000 5.7500
v 8.1000 0.0000 5.2500
v 8.1000 0.4667 5.2500
v 8.1000 0.9333 5.2500
v 8.1000 1.4000 5.2500
v 7.7000 0.0000 5.2500
v 7.7000 0.4667 5.2500
v 7.7000 0.9333 5.2500
v 7.7000 1.4000 5.2500
v 7.3000 0.0000 5.2500
v 7.3000 0.4667 5.2500
v 7.3000 0.9333 5.2500
v 7.3000 1.4000 5.2500
v 6.9000 0.0000 5.2500
v 6.9000 0.4667 5.2500
v 6.9000 0.9333 5.2500
v 6.9000 1.4000 5.2500
v 6.9000 0.0000 5.2500
v 6.9000 0.4667 5.2500
v 6.9000 0.9333 5.2500
v 6.9000 1.4000 5.2500
v 6.9000 0.0000 5.4167
v 6.9000 0.4667 5.4167
v 6.9000 0.9333 5.4167
v 6.9000 1.4000 5.4167
v 6.9000 0.0000 5.5833
v 6.9000 0.4667 5.5833
v 6.9000 0.9333 5.5833
v 6.9000 1.4000 5.5833
v 6.9000 0.0000 5.7500
v 6.9000 0.4667 5.7500
v 6.9000 0.9333 5.7500
v 6.9000 1.4000 5.7500
v 8.1000 0.0000 5.7500
v 8.1000 0.4667 5.7500
v 8.1000 0.9333 5.7500
v 8.1000 1.4000 5.7500
v 8.1000 0.0000 5.5833
v 8.1000 0.4667 5.5833
v 8.1000 0.9333 5.5833
v 8.1000 1.4000 5.5833
v 8.1000 0.0000 5.4167
v 8.1000 0.4667 5.4167
v 8.1000 0.9333 5.4167
v 8.1000 1.4000 5.4167
v 8.1000 0.0000 5.2500
v 8.1000 0.4667 5.2500
v 8.1000 0.9333 5.2500
v 8.1000 1.4000 5.2500
v 6.9000 1.4000 5.2500
v 6.9000 1.4000 5.4167
v 6.9000 1.4000 5.5833
v 6.9000 1.4000 5.7500
v 7.3000 1.4000 5.2500
v 7.3000 1.4000 5.4167
v 7.3000 1.4000 5.5833
v 7.3000 1.4000 5.7500
v 7.7000 1.4000 5.2500
v 7.7000 1.4000 5.4167
v 7.7000 1.4000 5.5833
v 7.7000 1.4000 5.7500
v 8.1000 1.4000 5.2500
v 8.1000 1.4000 5.4167
v 8.1000 1.4000 5.5833
v 8.1000 1.4000 5.7500
v 6.9000 0.0000 5.7500
v 6.9000 0.0000 5.5833
v 6.9000 0.0000 5.4167
v 6.9000 0.0000 5.2500
v 7.3000 0.0000 5.7500
v 7.3000 0.0000 5.5833
v 7.3000 0.0000 5.4167
v 7.3000 0.0000 5.2500
v 7.7000 0.0000 5.7500
v 7.7000 0.0000 5.5833
v 7.7000 0.0000 5.4167
v 7.7000 0.0000 5.2500
v 8.1000 0.0000 5.7500
v 8.1000 0.0000 5.5833
v 8.1000 0.0000 5.4167
v 8.1000 0.0000 5.2500
f 15673 15674 15678
f 15673 15678 15677
f 15674 15675 15679
f 15674 15679 15678
f 15675 15676 15680
f 15675 15680 15679
f 15677 15678 15682
f 15677 15682 15681
f 15678 15679 15683
f 15678 15683 15682
f 15679 15680 15684
f 15679 15684 15683
f 15681 15682 15686
f 15681 15686 15685
f 15682 15683 15687
f 15682 15687 15686
f 15683 15684 15688
f 15683 15688 15687
f 15689 15690 15694
f 15689 15694 15693
f 15690 15691 15695
f 15690 15695 15694
f 15691 15692 15696
f 15691 15696 15695
f 15693 15694 15698
f 15693 15698 15697
f 15694 15695 15699
f 15694 15699 15698
f 15695 15696 15700
f 15695 15700 15699
f 15697 15698 15702
f 15697 15702 15701
f 15698 15699 15703
f 15698 15703 15702
f 15699 15700 15704
f 15699 15704 15703
f 15705 15706 15710
f 15705 15710 15709
f 15706 15707 15711
f 15706 15711 15710
f 15707 15708 15712
f 15707 15712 15711
f 15709 15710 15714
f 15709 15714 15713
f 15710 15711 15715
f 15710 15715 15714
f 15711 15712 15716
f 15711 15716 15715
f 15713 15714 15718
f 15713 15718 15717
f 15714 15715 15719
f 15714 15719 15718
f 15715 15716 15720
f 15715 15720 15719
f 15721 15722 15726
f 15721 15726 15725
f 15722 15723 15727
f 15722 15727 15726
f 15723 15724 15728
f 15723 15728 15727
f 15725 15726 15730
f 15725 15730 15729
f 15726 15727 15731
f 15726 15731 15730
f 15727 15728 15732
f 15727 15732 15731
f 15729 15730 15734
f 15729 15734 15733
f 15730 15731 15735
f 15730 15735 15734
f 15731 15732 15736
f 15731 15736 15735
f 15737 15738 15742
f 15737 15742 15741
f 15738 15739 15743
f 15738 15743 15742
f 15739 15740 15744
f 15739 15744 15743
f 15741 15742 15746
f 15741 15746 15745
f 15742 15743 15747
f 15742 15747 15746
f 15743 15744 15748
f 15743 15748 15747
f 15745 15746 15750
f 15745 15750 15749
f 15746 15747 15751
f 15746 15751 15750
f 15747 15748 15752
f 15747 15752 15751
f 15753 15754 15758
f 15753 15758 15757
f 15754 15755 15759
f 15754 15759 15758
f 15755 15756 15760
f 15755 15760 15759
f 15757 15758 15762
f 15757 15762 15761
f 15758 15759 15763
f 15758 15763 15762
f 15759 15760 15764
f 15759 15764 15763
f 15761 15762 15766
f 15761 15766 15765
f 15762 15763 15767
f 15762 15767 15766
f 15763 15764 15768
f 15763 15768 15767
g 천장등_0
v -5.7000 3.3400 -4.0000
v -5.7000 3.4600 -4.0000
v -5.9073 3.3400 -3.7147
v -5.9073 3.4600 -3.7147
v -6.2427 3.3400 -3.8237
v -6.2427 3.4600 -3.8237
v -6.2427 3.3400 -4.1763
v -6.2427 3.4600 -4.1763
v -5.9073 3.3400 -4.2853
v -5.9073 3.4600 -4.2853
v -6.0000 3.4600 -4.0000
v -6.0000 3.3400 -4.0000
f 15769 15771 15772
f 15769 15772 15770
f 15771 15773 15774
f 15771 15774 15772
f 15773 15775 15776
f 15773 15776 15774
f 15775 15777 15778
f 15775 15778 15776
f 15777 15769 15770
f 15777 15770 15778
f 15779 15770 15772
f 15780 15771 15769
f 15779 15772 15774
f 15780 15773 15771
f 15779 15774 15776
f 15780 15775 15773
f 15779 15776 15778
f 15780 15777 15775
f 15779 15778 15770
f 15780 15769 15777
g 천장등_1
v -5.7000 3.3400 0.0000
v -5.7000 3.4600 0.0000
v -5.9073 3.3400 0.2853
v -5.9073 3.4600 0.2853
v -6.2427 3.3400 0.1763
v -6.2427 3.4600 0.1763
v -6.2427 3.3400 -0.1763
v -6.2427 3.4600 -0.1763
v -5.9073 3.3400 -0.2853
v -5.9073 3.4600 -0.2853
v -6.0000 3.4600 0.0000
v -6.0000 3.3400 0.0000
f 15781 15783 15784
f 15781 15784 15782
f 15783 15785 15786
f 15783 15786 15784
f 15785 15787 15788
f 15785 15788 15786
f 15787 15789 15790
f 15787 15790 15788
f 15789 15781 15782
f 15789 15782 15790
f 15791 15782 15784
f 15792 15783 15781
f 15791 15784 15786
f 15792 15785 15783
f 15791 15786 15788
f 15792 15787 15785
f 15791 15788 15790
f 15792 15789 15787
f 15791 15790 15782
f 15792 15781 15789
g 천장등_2
v -5.7000 3.3400 4.0000
v -5.7000 3.4600 4.0000
v -5.9073 3.3400 4.2853
v -5.9073 3.4600 4.2853
v -6.2427 3.3400 4.1763
v -6.2427 3.4600 4.1763
v -6.2427 3.3400 3.8237
v -6.2427 3.4600 3.8237
v -5.9073 3.3400 3.7147
v -5.9073 3.4600 3.7147
v -6.0000 3.4600 4.0000
v -6.0000 3.3400 4.0000
f 15793 15795 15796
f 15793 15796 15794
f 15795 15797 15798
f 15795 15798 15796
f 15797 15799 15800
f 15797 15800 15798
f 15799 15801 15802
f 15799 15802 15800
f 15801 15793 15794
f 15801 15794 15802
f 15803 15794 15796
f 15804 15795 15793
f 15803 15796 15798
f 15804 15797 15795
f 15803 15798 15800
f 15804 15799 15797
f 15803 15800 15802
f 15804 15801 15799
f 15803 15802 15794
f 15804 15793 15801
g 천장등_3
v -1.7000 3.3400 -4.0000
v -1.7000 3.4600 -4.0000
v -1.9073 3.3400 -3.7147
v -1.9073 3.4600 -3.7147
v -2.2427 3.3400 -3.8237
v -2.2427 3.4600 -3.8237
v -2.2427 3.3400 -4.1763
v -2.2427 3.4600 -4.1763
v -1.9073 3.3400 -4.2853
v -1.9073 3.4600 -4.2853
v -2.0000 3.4600 -4.0000
v -2.0000 3.3400 -4.0000
f 15805 15807 15808
f 15805 15808 15806
f 15807 15809 15810
f 15807 15810 15808
f 15809 15811 15812
f 15809 15812 15810
f 15811 15813 15814
f 15811 15814 15812
f 15813 15805 15806
f 15813 15806 15814
f 15815 15806 15808
f 15816 15807 15805
f 15815 15808 15810
f 15816 15809 15807
f 15815 15810 15812
f 15816 15811 15809
f 15815 15812 15814
f 15816 15813 15811
f 15815 15814 15806
f 15816 15805 15813
g 천장등_4
v -1.7000 3.3400 0.0000
v -1.7000 3.4600 0.0000
v -1.9073 3.3400 0.2853
v -1.9073 3.4600 0.2853
v -2.2427 3.3400 0.1763
v -2.2427 3.4600 0.1763
v -2.2427 3.3400 -0.1763
v -2.2427 3.4600 -0.1763
v -1.9073 3.3400 -0.2853
v -1.9073 3.4600 -0.2853
v -2.0000 3.4600 0.0000
v -2.0000 3.3400 0.0000
f 15817 15819 15820
f 15817 15820 15818
f 15819 15821 15822
f 15819 15822 15820
f 15821 15823 15824
f 15821 15824 15822
f 15823 15825 15826
f 15823 15826 15824
f 15825 15817 15818
f 15825 15818 15826
f 15827 15818 15820
f 15828 15819 15817
f 15827 15820 15822
f 15828 15821 15819
f 15827 15822 15824
f 15828 15823 15821
f 15827 15824 15826
f 15828 15825 15823
f 15827 15826 15818
f 15828 15817 15825
g 천장등_5
v -1.7000 3.3400 4.0000
v -1.7000 3.4600 4.0000
v -1.9073 3.3400 4.2853
v -1.9073 3.4600 4.2853
v -2.2427 3.3400 4.1763
v -2.2427 3.4600 4.1763
v -2.2427 3.3400 3.8237
v -2.2427 3.4600 3.8237
v -1.9073 3.3400 3.7147
v -1.9073 3.4600 3.7147
v -2.0000 3.4600 4.0000
v -2.0000 3.3400 4.0000
f 15829 15831 15832
f 15829 15832 15830
f 15831 15833 15834
f 15831 15834 15832
f 15833 15835 15836
f 15833 15836 15834
f 15835 15837 15838
f 15835 15838 15836
f 15837 15829 15830
f 15837 15830 15838
f 15839 15830 15832
f 15840 15831 15829
f 15839 15832 15834
f 15840 15833 15831
f 15839 15834 15836
f 15840 15835 15833
f 15839 15836 15838
f 15840 15837 15835
f 15839 15838 15830
f 15840 15829 15837
g 천장등_6
v 2.3000 3.3400 -4.0000
v 2.3000 3.4600 -4.0000
v 2.0927 3.3400 -3.7147
v 2.0927 3.4600 -3.7147
v 1.7573 3.3400 -3.8237
v 1.7573 3.4600 -3.8237
v 1.7573 3.3400 -4.1763
v 1.7573 3.4600 -4.1763
v 2.0927 3.3400 -4.2853
v 2.0927 3.4600 -4.2853
v 2.0000 3.4600 -4.0000
v 2.0000 3.3400 -4.0000
f 15841 15843 15844
f 15841 15844 15842
f 15843 15845 15846
f 15843 15846 15844
f 15845 15847 15848
f 15845 15848 15846
f 15847 15849 15850
f 15847 15850 15848
f 15849 15841 15842
f 15849 15842 15850
f 15851 15842 15844
f 15852 15843 15841
f 15851 15844 15846
f 15852 15845 15843
f 15851 15846 15848
f 15852 15847 15845
f 15851 15848 15850
f 15852 15849 15847
f 15851 15850 15842
f 15852 15841 15849
g 천장등_7
v 2.3000 3.3400 0.0000
v 2.3000 3.4600 0.0000
v 2.0927 3.3400 0.2853
v 2.0927 3.4600 0.2853
v 1.7573 3.3400 0.1763
v 1.7573 3.4600 0.1763
v 1.7573 3.3400 -0.1763
v 1.7573 3.4600 -0.1763
v 2.0927 3.3400 -0.2853
v 2.0927 3.4600 -0.2853
v 2.0000 3.4600 0.0000
v 2.0000 3.3400 0.0000
f 15853 15855 15856
f 15853 15856 15854
f 15855 15857 15858
f 15855 15858 15856
f 15857 15859 15860
f 15857 15860 15858
f 15859 15861 15862
f 15859 15862 15860
f 15861 15853 15854
f 15861 15854 15862
f 15863 15854 15856
f 15864 15855 15853
f 15863 15856 15858
f 15864 15857 15855
f 15863 15858 15860
f 15864 15859 15857
f 15863 15860 15862
f 15864 15861 15859
f 15863 15862 15854
f 15864 15853 15861
g 천장등_8
v 2.3000 3.3400 4.0000
v 2.3000 3.4600 4.0000
v 2.0927 3.3400 4.2853
v 2.0927 3.4600 4.2853
v 1.7573 3.3400 4.1763
v 1.7573 3.4600 4.1763
v 1.7573 3.3400 3.8237
v 1.7573 3.4600 3.8237
v 2.0927 3.3400 3.7147
v 2.0927 3.4600 3.7147
v 2.0000 3.4600 4.0000
v 2.0000 3.3400 4.0000
f 15865 15867 15868
f 15865 15868 15866
f 15867 15869 15870
f 15867 15870 15868
f 15869 15871 15872
f 15869 15872 15870
f 15871 15873 15874
f 15871 15874 15872
f 15873 15865 15866
f 15873 15866 15874
f 15875 15866 15868
f 15876 15867 15865
f 15875 15868 15870
f 15876 15869 15867
f 15875 15870 15872
f 15876 15871 15869
f 15875 15872 15874
f 15876 15873 15871
f 15875 15874 15866
f 15876 15865 15873
g 천장등_9
v 6.3000 3.3400 -4.0000
v 6.3000 3.4600 -4.0000
v 6.0927 3.3400 -3.7147
v 6.0927 3.4600 -3.7147
v 5.7573 3.3400 -3.8237
v 5.7573 3.4600 -3.8237
v 5.7573 3.3400 -4.1763
v 5.7573 3.4600 -4.1763
v 6.0927 3.3400 -4.2853
v 6.0927 3.4600 -4.2853
v 6.0000 3.4600 -4.0000
v 6.0000 3.3400 -4.0000
f 15877 15879 15880
f 15877 15880 15878
f 15879 15881 15882
f 15879 15882 15880
f 15881 15883 15884
f 15881 15884 15882
f 15883 15885 15886
f 15883 15886 15884
f 15885 15877 15878
f 15885 15878 15886
f 15887 15878 15880
f 15888 15879 15877
f 15887 15880 15882
f 15888 15881 15879
f 15887 15882 15884
f 15888 15883 15881
f 15887 15884 15886
f 15888 15885 15883
f 15887 15886 15878
f 15888 15877 15885
g 천장등_10
v 6.3000 3.3400 0.0000
v 6.3000 3.4600 0.0000
v 6.0927 3.3400 0.2853
v 6.0927 3.4600 0.2853
v 5.7573 3.3400 0.1763
v 5.7573 3.4600 0.1763
v 5.7573 3.3400 -0.1763
v 5.7573 3.4600 -0.1763
v 6.0927 3.3400 -0.2853
v 6.0927 3.4600 -0.2853
v 6.0000 3.4600 0.0000
v 6.0000 3.3400 0.0000
f 15889 15891 15892
f 15889 15892 15890
f 15891 15893 15894
f 15891 15894 15892
f 15893 15895 15896
f 15893 15896 15894
f 15895 15897 15898
f 15895 15898 15896
f 15897 15889 15890
f 15897 15890 15898
f 15899 15890 15892
f 15900 15891 15889
f 15899 15892 15894
f 15900 15893 15891
f 15899 15894 15896
f 15900 15895 15893
f 15899 15896 15898
f 15900 15897 15895
f 15899 15898 15890
f 15900 15889 15897
g 천장등_11
v 6.3000 3.3400 4.0000
v 6.3000 3.4600 4.0000
v 6.0927 3.3400 4.2853
v 6.0927 3.4600 4.2853
v 5.7573 3.3400 4.1763
v 5.7573 3.4600 4.1763
v 5.7573 3.3400 3.8237
v 5.7573 3.4600 3.8237
v 6.0927 3.3400 3.7147
v 6.0927 3.4600 3.7147
v 6.0000 3.4600 4.0000
v 6.0000 3.3400 4.0000
f 15901 15903 15904
f 15901 15904 15902
f 15903 15905 15906
f 15903 15906 15904
f 15905 15907 15908
f 15905 15908 15906
f 15907 15909 15910
f 15907 15910 15908
f 15909 15901 15902
f 15909 15902 15910
f 15911 15902 15904
f 15912 15903 15901
f 15911 15904 15906
f 15912 15905 15903
f 15911 15906 15908
f 15912 15907 15905
f 15911 15908 15910
f 15912 15909 15907
f 15911 15910 15902
f 15912 15901 15909
